date,temperature_2m,relative_humidity_2m,surface_pressure,wind_speed_10m,wind_direction_10m,precipitation,cloud_cover,weather_code
2023-01-01 00:00:00+00:00,20.7,90.28034,1013.7286,5.6233797,50.194473,0.0,0.0,0.0
2023-01-01 01:00:00+00:00,21.9,85.194016,1014.63007,3.6,53.13002,0.0,0.0,0.0
2023-01-01 02:00:00+00:00,22.85,81.671844,1015.43097,5.495161,58.392544,0.0,0.0,0.0
2023-01-01 03:00:00+00:00,25.65,71.00372,1016.23505,4.1046314,37.875053,0.0,0.0,0.0
2023-01-01 04:00:00+00:00,28.25,56.383957,1016.639,3.7064266,29.054508,0.0,40.0,1.0
2023-01-01 05:00:00+00:00,30.15,43.69959,1016.0422,2.968636,345.9637,0.0,80.0,3.0
2023-01-01 06:00:00+00:00,31.35,38.648735,1015.24445,5.1919937,303.6901,0.0,79.0,2.0
2023-01-01 07:00:00+00:00,31.45,42.280445,1013.8451,9.422101,276.58185,0.0,89.0,3.0
2023-01-01 08:00:00+00:00,31.2,48.778904,1012.5453,11.631956,248.19853,0.0,93.0,3.0
2023-01-01 09:00:00+00:00,30.85,47.63287,1011.3452,13.397612,239.30035,0.0,97.0,3.0
2023-01-01 10:00:00+00:00,29.7,50.245895,1011.14374,12.864649,252.07199,0.0,87.0,3.0
2023-01-01 11:00:00+00:00,29.05,54.332897,1011.14276,9.9571085,257.4712,0.0,84.0,3.0
2023-01-01 12:00:00+00:00,27.65,64.693924,1011.84033,6.151683,290.55612,0.0,83.0,3.0
2023-01-01 13:00:00+00:00,27.0,69.94987,1012.4391,4.6938252,274.39862,0.0,100.0,3.0
2023-01-01 14:00:00+00:00,26.7,74.0874,1013.33795,7.4128532,240.94548,0.0,86.0,3.0
2023-01-01 15:00:00+00:00,25.7,78.35745,1014.4363,4.072935,135.0001,0.0,100.0,3.0
2023-01-01 16:00:00+00:00,25.15,82.96254,1014.8351,5.991594,122.73522,0.0,100.0,3.0
2023-01-01 17:00:00+00:00,24.5,86.77229,1014.9341,3.219938,116.56499,0.0,73.0,2.0
2023-01-01 18:00:00+00:00,24.0,88.0605,1014.63324,3.6179552,95.7105,0.0,9.0,0.0
2023-01-01 19:00:00+00:00,22.8,90.42619,1014.03156,5.3517847,70.346085,0.0,88.0,3.0
2023-01-01 20:00:00+00:00,22.3,86.835106,1013.3313,5.1165614,39.289394,0.0,53.0,2.0
2023-01-01 21:00:00+00:00,22.1,84.1613,1012.4315,5.00128,30.256361,0.0,99.0,3.0
2023-01-01 22:00:00+00:00,21.9,83.61623,1012.2312,6.9527545,21.25058,0.0,93.0,3.0
2023-01-01 23:00:00+00:00,21.0,86.442894,1012.0297,4.3349743,4.763556,0.0,100.0,3.0
2023-01-02 00:00:00+00:00,21.9,85.992676,1012.2312,7.4128532,29.054508,0.0,80.0,3.0
2023-01-02 01:00:00+00:00,22.4,83.41322,1012.83154,7.10031,30.465475,0.0,100.0,3.0
2023-01-02 02:00:00+00:00,23.7,77.82615,1013.8334,7.2,53.13002,0.0,100.0,3.0
2023-01-02 03:00:00+00:00,26.5,64.45013,1014.73706,5.2416787,105.945465,0.0,100.0,3.0
2023-01-02 04:00:00+00:00,28.0,55.100594,1015.1394,6.9527545,158.74942,0.0,100.0,3.0
2023-01-02 05:00:00+00:00,29.0,51.82773,1015.1406,5.2416787,164.05453,0.0,100.0,3.0
2023-01-02 06:00:00+00:00,30.05,48.022263,1014.5425,3.671294,191.30989,0.0,100.0,3.0
2023-01-02 07:00:00+00:00,30.65,45.818176,1013.74384,4.6102495,218.65984,0.0,100.0,3.0
2023-01-02 08:00:00+00:00,30.9,41.86332,1012.84454,5.1165614,230.71062,0.0,100.0,3.0
2023-01-02 09:00:00+00:00,30.45,44.62169,1011.8444,6.4096174,231.84273,0.0,100.0,3.0
2023-01-02 10:00:00+00:00,29.6,54.300144,1011.24335,8.942214,229.89915,0.0,99.0,3.0
2023-01-02 11:00:00+00:00,28.9,58.68601,1010.94257,9.686609,228.01286,0.0,15.0,0.0
2023-01-02 12:00:00+00:00,27.9,60.299587,1011.6406,7.5685663,244.65387,0.0,10.0,0.0
2023-01-02 13:00:00+00:00,26.75,65.309425,1012.5387,9.531505,280.88547,0.0,14.0,0.0
2023-01-02 14:00:00+00:00,26.2,67.25338,1013.53723,5.6920996,288.43503,0.0,12.0,0.0
2023-01-02 15:00:00+00:00,25.65,70.34702,1014.7357,2.2768397,161.56496,0.0,10.0,0.0
2023-01-02 16:00:00+00:00,25.0,74.26067,1015.1346,3.396233,237.99466,0.0,0.0,0.0
2023-01-02 17:00:00+00:00,25.2,73.608345,1015.13495,5.506941,281.3099,0.0,0.0,0.0
2023-01-02 18:00:00+00:00,24.8,78.95321,1014.73456,6.9153743,321.34018,0.0,0.0,0.0
2023-01-02 19:00:00+00:00,23.75,85.64619,1014.533,8.225035,336.8014,0.0,4.0,0.0
2023-01-02 20:00:00+00:00,22.7,88.2217,1013.93164,5.8048253,352.87506,0.0,0.0,0.0
2023-01-02 21:00:00+00:00,21.75,81.27838,1013.2304,6.6185193,22.380184,0.0,0.0,0.0
2023-01-02 22:00:00+00:00,21.25,76.24389,1012.7297,7.628263,19.290138,0.0,0.0,0.0
2023-01-02 23:00:00+00:00,21.05,75.2499,1012.72943,6.28713,13.240531,0.0,0.0,0.0
2023-01-03 00:00:00+00:00,22.15,71.02748,1012.9313,10.514218,51.952908,0.0,0.0,0.0
2023-01-03 01:00:00+00:00,22.5,69.31074,1013.8314,11.631956,68.19853,0.0,2.0,0.0
2023-01-03 02:00:00+00:00,23.95,63.90147,1014.7332,13.202726,64.133705,0.0,8.0,0.0
2023-01-03 03:00:00+00:00,27.15,51.025723,1015.6378,11.113451,65.09527,0.0,0.0,0.0
2023-01-03 04:00:00+00:00,28.85,42.79112,1015.74036,9.220499,51.34017,0.0,0.0,0.0
2023-01-03 05:00:00+00:00,30.35,36.672867,1015.34283,5.1919937,33.6901,0.0,0.0,0.0
2023-01-03 06:00:00+00:00,31.45,33.996586,1014.5448,2.3051248,308.65982,0.0,19.0,0.0
2023-01-03 07:00:00+00:00,32.05,33.073055,1013.24634,4.5536795,251.56496,0.0,42.0,1.0
2023-01-03 08:00:00+00:00,31.75,36.003773,1012.04614,8.404285,226.73567,0.0,91.0,3.0
2023-01-03 09:00:00+00:00,31.25,39.87621,1011.2459,9.0,216.86998,0.0,92.0,3.0
2023-01-03 10:00:00+00:00,30.65,41.265076,1010.8451,8.854829,243.43501,0.0,69.0,2.0
2023-01-03 11:00:00+00:00,29.65,43.5635,1010.9439,12.864649,252.07199,0.0,6.0,0.0
2023-01-03 12:00:00+00:00,28.0,52.062965,1011.3411,12.224107,256.373,0.0,6.0,0.0
2023-01-03 13:00:00+00:00,27.1,59.928326,1012.2392,8.707238,262.8751,0.0,0.0,0.0
2023-01-03 14:00:00+00:00,26.55,62.28699,1013.0381,3.319036,229.39879,0.0,0.0,0.0
2023-01-03 15:00:00+00:00,26.4,62.253666,1014.03735,3.0758414,249.44386,0.0,11.0,0.0
2023-01-03 16:00:00+00:00,26.2,63.19055,1014.7367,3.096837,324.46225,0.0,9.0,0.0
2023-01-03 17:00:00+00:00,24.25,72.31044,1014.7336,5.3517847,19.653913,0.0,6.0,0.0
2023-01-03 18:00:00+00:00,24.35,70.76454,1014.63385,5.1919937,33.6901,0.0,5.0,0.0
2023-01-03 19:00:00+00:00,23.85,72.69288,1014.2332,4.1046314,37.875053,0.0,9.0,0.0
2023-01-03 20:00:00+00:00,22.95,76.990105,1013.83203,5.937272,75.96373,0.0,13.0,0.0
2023-01-03 21:00:00+00:00,23.4,74.69036,1013.033,6.130579,93.366394,0.0,0.0,0.0
2023-01-03 22:00:00+00:00,22.7,76.7112,1012.7322,6.151683,69.44387,0.0,0.0,0.0
2023-01-03 23:00:00+00:00,21.25,83.280624,1012.6297,6.696387,36.253937,0.0,3.0,0.0
2023-01-04 00:00:00+00:00,22.45,82.901924,1012.83154,7.127636,44.999897,0.0,0.0,0.0
2023-01-04 01:00:00+00:00,22.45,80.61005,1013.3313,10.691453,44.999897,0.0,43.0,1.0
2023-01-04 02:00:00+00:00,23.7,74.97334,1013.8334,11.090103,54.246033,0.0,10.0,0.0
2023-01-04 03:00:00+00:00,26.5,63.05892,1014.3372,8.39657,59.03632,0.0,12.0,0.0
2023-01-04 04:00:00+00:00,28.05,52.737682,1014.43976,3.8939953,33.6901,0.0,22.0,1.0
2023-01-04 05:00:00+00:00,29.35,49.527515,1013.8419,2.0364676,44.999897,0.0,31.0,1.0
2023-01-04 06:00:00+00:00,30.85,45.15494,1012.9445,0.5091169,224.9999,0.0,47.0,1.0
2023-01-04 07:00:00+00:00,31.3,42.64277,1011.74567,4.5820518,224.9999,0.0,60.0,2.0
2023-01-04 08:00:00+00:00,30.45,51.712322,1010.64496,10.883676,214.21576,0.0,84.0,3.0
2023-01-04 09:00:00+00:00,29.75,55.358322,1009.5445,11.681987,213.6901,0.0,93.0,3.0
2023-01-04 10:00:00+00:00,29.65,54.991566,1009.2446,10.703569,222.27362,0.0,95.0,3.0
2023-01-04 11:00:00+00:00,28.9,56.717293,1009.1433,10.739832,230.44037,0.0,94.0,3.0
2023-01-04 12:00:00+00:00,27.55,62.89694,1009.34106,11.27553,253.30067,0.0,96.0,3.0
2023-01-04 13:00:00+00:00,26.95,66.370346,1010.1401,7.8625183,254.05453,0.0,4.0,0.0
2023-01-04 14:00:00+00:00,26.55,70.29722,1010.73914,8.311245,252.3498,0.0,0.0,0.0
2023-01-04 15:00:00+00:00,25.95,73.962265,1011.9376,2.5959969,303.6901,0.0,7.0,0.0
2023-01-04 16:00:00+00:00,25.15,77.32241,1012.4362,3.5455887,336.0375,0.0,6.0,0.0
2023-01-04 17:00:00+00:00,24.85,77.994774,1012.63544,3.0758414,20.556128,0.0,9.0,0.0
2023-01-04 18:00:00+00:00,23.75,81.03015,1012.53394,4.3349743,41.63345,0.0,9.0,0.0
2023-01-04 19:00:00+00:00,23.8,79.056694,1012.33405,4.829907,26.564985,0.0,11.0,0.0
2023-01-04 20:00:00+00:00,25.1,73.13716,1011.93646,3.319036,49.398785,0.0,25.0,1.0
2023-01-04 21:00:00+00:00,24.9,74.24404,1011.1364,0.71999997,180.0,0.0,19.0,0.0
2023-01-04 22:00:00+00:00,24.55,75.812874,1010.736,1.2979984,56.309914,0.0,7.0,0.0
2023-01-04 23:00:00+00:00,22.8,82.17453,1010.7331,3.8939953,33.6901,0.0,2.0,0.0
2023-01-05 00:00:00+00:00,21.2,86.1924,1011.23035,6.28713,66.37061,0.0,2.0,0.0
2023-01-05 01:00:00+00:00,21.8,83.08431,1012.13086,5.3999996,53.13002,0.0,3.0,0.0
2023-01-05 02:00:00+00:00,23.55,75.1832,1012.83344,3.396233,32.005356,0.0,12.0,0.0
2023-01-05 03:00:00+00:00,26.2,63.38846,1014.03705,2.6208394,15.945477,0.0,23.0,1.0
2023-01-05 04:00:00+00:00,27.95,52.71226,1014.2395,2.2768397,288.43503,0.0,39.0,1.0
2023-01-05 05:00:00+00:00,29.05,49.605446,1014.2414,2.0364676,315.0001,0.0,67.0,2.0
2023-01-05 06:00:00+00:00,30.25,46.000736,1013.5433,2.4149535,296.56497,0.0,15.0,0.0
2023-01-05 07:00:00+00:00,31.25,42.899834,1012.4454,3.6,270.0,0.0,25.0,1.0
2023-01-05 08:00:00+00:00,31.5,42.160458,1011.3462,6.151683,249.44386,0.0,47.0,1.0
2023-01-05 09:00:00+00:00,30.4,52.02214,1010.545,10.44,223.60289,0.0,47.0,1.0
2023-01-05 10:00:00+00:00,29.9,55.052956,1010.24445,8.707237,240.2552,0.0,42.0,1.0
2023-01-05 11:00:00+00:00,29.05,61.123447,1010.4431,11.013882,258.6901,0.0,55.0,2.0
2023-01-05 12:00:00+00:00,28.25,66.43059,1010.44183,8.759178,260.53775,0.0,6.0,0.0
2023-01-05 13:00:00+00:00,26.85,73.436386,1011.23926,11.609651,277.1249,0.0,0.0,0.0
2023-01-05 14:00:00+00:00,26.45,75.18693,1012.13824,9.227524,290.55612,0.0,0.0,0.0
2023-01-05 15:00:00+00:00,25.95,76.26618,1013.43695,6.130579,356.6336,0.0,0.0,0.0
2023-01-05 16:00:00+00:00,25.3,75.697754,1014.13574,6.4096174,38.157276,0.0,7.0,0.0
2023-01-05 17:00:00+00:00,24.9,74.01453,1014.235,4.6938257,32.471172,0.0,8.0,0.0
2023-01-05 18:00:00+00:00,24.6,74.65561,1013.9346,5.506941,11.3098955,0.0,9.0,0.0
2023-01-05 19:00:00+00:00,24.05,76.44242,1013.2339,4.3349743,4.763556,0.0,5.0,0.0
2023-01-05 20:00:00+00:00,23.05,80.18898,1012.63257,5.154415,24.775122,0.0,5.0,0.0
2023-01-05 21:00:00+00:00,22.75,81.40583,1012.03253,4.5536795,341.56494,0.0,14.0,0.0
2023-01-05 22:00:00+00:00,22.0,84.41274,1011.9314,6.489992,3.179772,0.0,78.0,2.0
2023-01-05 23:00:00+00:00,22.4,81.108055,1011.832,5.506941,11.3098955,0.0,53.0,2.0
2023-01-06 00:00:00+00:00,22.55,82.65643,1012.2322,7.42159,50.906155,0.0,85.0,3.0
2023-01-06 01:00:00+00:00,23.2,78.23826,1012.93286,9.449572,49.635548,0.0,99.0,3.0
2023-01-06 02:00:00+00:00,24.45,70.78303,1013.6343,8.913181,46.636536,0.0,98.0,3.0
2023-01-06 03:00:00+00:00,27.2,57.198204,1014.7383,5.634891,26.564985,0.0,83.0,3.0
2023-01-06 04:00:00+00:00,28.6,50.91618,1015.24036,4.0249224,333.43503,0.0,17.0,0.0
2023-01-06 05:00:00+00:00,29.75,48.246235,1015.042,3.4152596,341.56494,0.0,28.0,1.0
2023-01-06 06:00:00+00:00,31.15,45.52091,1014.24457,1.1384199,198.43504,0.0,8.0,0.0
2023-01-06 07:00:00+00:00,32.0,43.648727,1013.14636,4.2136917,199.9832,0.0,89.0,3.0
2023-01-06 08:00:00+00:00,32.0,44.61767,1011.747,6.28713,203.6294,0.0,35.0,1.0
2023-01-06 09:00:00+00:00,31.2,51.105846,1010.6461,7.7043357,232.59457,0.1,92.0,51.0
2023-01-06 10:00:00+00:00,30.4,55.86026,1010.14514,8.825508,258.23172,0.2,92.0,51.0
2023-01-06 11:00:00+00:00,29.45,61.401173,1010.4437,8.311245,252.3498,0.0,100.0,3.0
2023-01-06 12:00:00+00:00,28.7,62.953587,1010.9423,8.217153,241.1893,0.0,94.0,3.0
2023-01-06 13:00:00+00:00,27.2,70.417656,1011.4398,11.620809,253.81071,0.0,43.0,1.0
2023-01-06 14:00:00+00:00,26.65,72.95434,1012.23846,9.47012,261.2539,0.0,54.0,2.0
2023-01-06 15:00:00+00:00,26.75,74.095726,1013.13837,6.28713,246.3706,0.0,28.0,1.0
2023-01-06 16:00:00+00:00,26.8,74.55782,1013.6381,7.145796,229.08571,0.0,31.0,1.0
2023-01-06 17:00:00+00:00,26.75,74.77747,1013.6381,6.638072,229.39879,0.0,16.0,0.0
2023-01-06 18:00:00+00:00,26.8,73.42791,1013.3383,4.6800003,202.6199,0.0,25.0,1.0
2023-01-06 19:00:00+00:00,26.55,69.00896,1013.0381,5.6002855,135.0001,0.0,42.0,1.0
2023-01-06 20:00:00+00:00,26.65,61.342937,1012.23846,10.703569,109.653915,0.0,14.0,0.0
2023-01-06 21:00:00+00:00,25.85,63.510876,1011.23773,8.311245,107.650215,0.0,19.0,0.0
2023-01-06 22:00:00+00:00,24.3,70.09417,1010.5357,5.0911684,98.13002,0.0,25.0,1.0
2023-01-06 23:00:00+00:00,24.0,71.59106,1010.5351,4.73506,81.25392,0.0,20.0,1.0
2023-01-07 00:00:00+00:00,24.45,71.00446,1011.43536,5.1544156,77.90526,0.0,14.0,0.0
2023-01-07 01:00:00+00:00,23.5,76.834206,1012.1338,5.8048253,7.12493,0.0,20.0,1.0
2023-01-07 02:00:00+00:00,24.95,73.338264,1012.9356,4.198285,300.96368,0.0,43.0,1.0
2023-01-07 03:00:00+00:00,27.15,64.3884,1013.8387,0.5091169,224.9999,0.0,99.0,3.0
2023-01-07 04:00:00+00:00,28.9,54.978104,1014.14105,2.968636,165.96373,0.0,82.0,3.0
2023-01-07 05:00:00+00:00,30.1,49.722996,1013.84314,3.0758414,159.44388,0.0,77.0,2.0
2023-01-07 06:00:00+00:00,31.15,46.97159,1013.44495,2.5455842,188.13002,0.0,85.0,3.0
2023-01-07 07:00:00+00:00,31.75,46.111927,1012.6458,4.3498964,204.44394,0.0,93.0,3.0
2023-01-07 08:00:00+00:00,31.5,50.70979,1011.54614,7.386582,223.02507,0.0,42.0,1.0
2023-01-07 09:00:00+00:00,30.1,59.328197,1010.5446,8.287822,235.6196,0.8,54.0,53.0
2023-01-07 10:00:00+00:00,30.1,59.510303,1009.845,8.78872,235.0079,0.4,36.0,51.0
2023-01-07 11:00:00+00:00,29.8,61.104183,1009.84436,8.12197,257.19574,0.0,26.0,1.0
2023-01-07 12:00:00+00:00,28.1,66.196815,1010.5415,8.707238,277.1249,0.0,23.0,1.0
2023-01-07 13:00:00+00:00,26.85,71.00388,1011.1393,7.928177,309.47244,0.0,9.0,0.0
2023-01-07 14:00:00+00:00,26.3,71.122284,1012.0379,8.0899935,327.72437,0.0,10.0,0.0
2023-01-07 15:00:00+00:00,26.45,71.808945,1013.03784,7.8954163,335.77228,0.0,7.0,0.0
2023-01-07 16:00:00+00:00,26.15,74.2231,1013.7372,5.154415,24.775122,0.0,9.0,0.0
2023-01-07 17:00:00+00:00,26.2,73.10092,1013.6372,0.8049845,153.43501,0.0,10.0,0.0
2023-01-07 18:00:00+00:00,25.05,82.19493,1013.3354,3.671294,191.30989,0.0,30.0,1.0
2023-01-07 19:00:00+00:00,24.95,84.72811,1012.7357,5.495161,121.60746,0.0,30.0,1.0
2023-01-07 20:00:00+00:00,25.4,73.86994,1012.23663,10.464798,86.05489,0.0,31.0,1.0
2023-01-07 21:00:00+00:00,25.4,68.5731,1011.5369,10.446206,88.025116,0.0,25.0,1.0
2023-01-07 22:00:00+00:00,25.1,68.30091,1010.9369,8.4042845,80.13426,0.0,17.0,0.0
2023-01-07 23:00:00+00:00,24.1,72.73668,1010.7354,3.8773184,68.19853,0.0,9.0,0.0
2023-01-08 00:00:00+00:00,23.9,73.84596,1011.0349,6.6185193,67.61982,0.0,11.0,0.0
2023-01-08 01:00:00+00:00,24.05,72.27499,1011.73456,3.5455887,66.037506,0.0,17.0,0.0
2023-01-08 02:00:00+00:00,24.9,68.47537,1012.1359,3.319036,40.601215,0.0,14.0,0.0
2023-01-08 03:00:00+00:00,27.5,55.150448,1013.0394,0.8049845,243.43501,0.0,13.0,0.0
2023-01-08 04:00:00+00:00,28.75,51.43888,1013.44116,4.1046314,254.74483,0.0,4.0,0.0
2023-01-08 05:00:00+00:00,29.95,47.54428,1013.14307,2.9024127,277.1249,0.0,5.0,0.0
2023-01-08 06:00:00+00:00,31.2,43.707443,1012.5453,2.9024127,262.8751,0.0,5.0,0.0
2023-01-08 07:00:00+00:00,31.8,42.778694,1011.3468,5.4833565,246.80138,0.0,6.0,0.0
2023-01-08 08:00:00+00:00,31.45,47.345825,1010.5466,9.686609,228.01286,0.0,5.0,0.0
2023-01-08 09:00:00+00:00,30.85,50.542854,1009.646,11.720751,227.4896,0.0,6.0,0.0
2023-01-08 10:00:00+00:00,30.25,52.79846,1009.14526,12.313894,232.12495,0.0,8.0,0.0
2023-01-08 11:00:00+00:00,29.6,54.300144,1009.24426,11.090103,256.86597,0.0,17.0,0.0
2023-01-08 12:00:00+00:00,28.5,60.436527,1009.6425,9.605998,282.99463,0.0,15.0,0.0
2023-01-08 13:00:00+00:00,27.3,66.44172,1010.64014,10.308831,282.09473,0.0,5.0,0.0
2023-01-08 14:00:00+00:00,26.75,70.33433,1011.63904,8.12197,282.80426,0.0,1.0,0.0
2023-01-08 15:00:00+00:00,26.7,71.63334,1012.5383,5.506941,281.3099,0.0,7.0,0.0
2023-01-08 16:00:00+00:00,26.25,74.239655,1013.33734,3.6179552,264.2895,0.0,14.0,0.0
2023-01-08 17:00:00+00:00,27.0,70.59693,1013.43866,0.8049845,63.435013,0.0,13.0,0.0
2023-01-08 18:00:00+00:00,25.6,76.916565,1013.0365,4.6938257,57.528828,0.0,18.0,0.0
2023-01-08 19:00:00+00:00,26.05,72.18096,1012.53735,5.4833565,66.801384,0.0,22.0,1.0
2023-01-08 20:00:00+00:00,25.75,70.36562,1012.03735,6.638072,77.4712,0.0,16.0,0.0
2023-01-08 21:00:00+00:00,25.2,72.70289,1011.5366,7.172949,72.47434,0.0,20.0,1.0
2023-01-08 22:00:00+00:00,24.85,74.0061,1011.33606,5.634891,63.435013,0.0,22.0,1.0
2023-01-08 23:00:00+00:00,24.55,74.64741,1011.4357,5.00128,59.743652,0.0,24.0,1.0
2023-01-09 00:00:00+00:00,24.5,72.35468,1011.9355,5.8603754,42.510403,0.0,16.0,0.0
2023-01-09 01:00:00+00:00,24.55,72.36354,1012.835,3.7064266,60.94549,0.0,3.0,0.0
2023-01-09 02:00:00+00:00,25.3,70.71972,1013.536,4.2136917,109.98319,0.0,1.0,0.0
2023-01-09 03:00:00+00:00,27.25,61.096157,1014.4384,6.28713,103.24053,0.0,2.0,0.0
2023-01-09 04:00:00+00:00,28.5,56.268715,1014.74023,6.924738,81.02746,0.0,10.0,0.0
2023-01-09 05:00:00+00:00,29.9,51.572037,1014.2426,4.829907,63.435013,0.0,7.0,0.0
2023-01-09 06:00:00+00:00,31.4,46.30785,1013.64514,2.1897945,279.46225,0.0,5.0,0.0
2023-01-09 07:00:00+00:00,32.1,43.402363,1012.54663,8.373386,244.5367,0.0,64.0,2.0
2023-01-09 08:00:00+00:00,30.2,56.50445,1011.94403,14.618837,232.0012,0.0,42.0,1.0
2023-01-09 09:00:00+00:00,29.35,57.71167,1011.7429,13.246826,222.79738,0.1,36.0,51.0
2023-01-09 10:00:00+00:00,29.45,56.498466,1011.24335,8.404285,223.26433,0.0,28.0,1.0
2023-01-09 11:00:00+00:00,29.35,58.06954,1011.1431,6.792466,237.99466,0.0,22.0,1.0
2023-01-09 12:00:00+00:00,28.5,65.07188,1011.2418,5.771239,266.42374,0.0,15.0,0.0
2023-01-09 13:00:00+00:00,27.2,72.16239,1011.9396,10.308831,282.09473,0.0,2.0,0.0
2023-01-09 14:00:00+00:00,26.4,75.63982,1012.738,7.10031,300.46545,0.0,0.0,0.0
2023-01-09 15:00:00+00:00,26.1,76.75727,1013.7368,4.8965297,323.97253,0.0,11.0,0.0
2023-01-09 16:00:00+00:00,25.7,78.837845,1014.2363,3.7064266,330.9455,0.0,100.0,3.0
2023-01-09 17:00:00+00:00,24.9,83.4413,1014.235,4.3349743,41.63345,0.0,100.0,3.0
2023-01-09 18:00:00+00:00,24.6,82.645065,1013.83453,5.4477882,82.40546,0.0,100.0,3.0
2023-01-09 19:00:00+00:00,24.1,82.83986,1013.33417,7.9932976,82.234924,0.0,100.0,3.0
2023-01-09 20:00:00+00:00,23.65,83.81324,1012.43365,9.449572,72.25524,0.0,94.0,3.0
2023-01-09 21:00:00+00:00,23.3,81.72808,1011.83356,10.495713,67.83361,0.0,78.0,2.0
2023-01-09 22:00:00+00:00,22.85,75.30512,1011.4328,11.384199,71.564964,0.0,93.0,3.0
2023-01-09 23:00:00+00:00,22.25,74.03065,1011.43195,10.594036,80.21766,0.0,100.0,3.0
2023-01-10 00:00:00+00:00,22.1,79.31215,1011.8317,10.966713,66.801384,0.0,93.0,3.0
2023-01-10 01:00:00+00:00,22.75,72.7279,1012.4324,11.659777,81.11942,0.0,100.0,3.0
2023-01-10 02:00:00+00:00,23.45,66.06366,1013.5328,9.746631,85.76369,0.0,98.0,3.0
2023-01-10 03:00:00+00:00,25.3,56.91909,1014.33563,8.350138,82.56869,0.0,93.0,3.0
2023-01-10 04:00:00+00:00,27.7,49.09435,1014.53906,8.350138,82.56869,0.0,16.0,0.0
2023-01-10 05:00:00+00:00,30.25,39.473213,1014.143,7.5685663,92.72626,0.0,42.0,1.0
2023-01-10 06:00:00+00:00,31.6,36.31162,1013.6454,6.162207,173.29025,0.0,98.0,3.0
2023-01-10 07:00:00+00:00,30.9,45.453888,1012.7446,10.805998,209.98155,0.0,100.0,3.0
2023-01-10 08:00:00+00:00,29.9,50.613647,1011.7438,13.746156,224.9999,0.0,100.0,3.0
2023-01-10 09:00:00+00:00,29.65,48.985577,1010.9439,14.186923,215.70677,0.0,100.0,3.0
2023-01-10 10:00:00+00:00,29.05,57.462116,1010.5431,12.287555,211.82741,0.0,100.0,3.0
2023-01-10 11:00:00+00:00,28.5,63.29835,1010.5421,10.703569,222.27362,0.0,99.0,3.0
2023-01-10 12:00:00+00:00,27.4,68.748604,1010.7405,8.4963045,233.61555,0.0,97.0,3.0
2023-01-10 13:00:00+00:00,26.3,75.16285,1011.2383,7.7879906,236.3099,0.0,100.0,3.0
2023-01-10 14:00:00+00:00,25.8,78.13271,1012.03735,7.145796,229.08571,0.0,100.0,3.0
2023-01-10 15:00:00+00:00,25.8,78.8519,1013.2368,6.792466,237.99466,0.0,100.0,3.0
2023-01-10 16:00:00+00:00,25.95,78.632774,1014.0367,2.5959969,326.3099,0.0,100.0,3.0
2023-01-10 17:00:00+00:00,24.3,85.963165,1014.0341,5.0142193,68.96242,0.0,100.0,3.0
2023-01-10 18:00:00+00:00,23.75,84.600945,1013.6334,6.6087217,60.64234,0.0,99.0,3.0
2023-01-10 19:00:00+00:00,23.3,83.7741,1012.73315,5.3999996,36.86998,0.0,84.0,3.0
2023-01-10 20:00:00+00:00,22.65,83.1833,1011.83234,6.297428,30.963696,0.0,5.0,0.0
2023-01-10 21:00:00+00:00,21.75,81.53345,1010.73157,7.928177,39.47243,0.0,0.0,0.0
2023-01-10 22:00:00+00:00,20.8,79.88419,1010.33014,8.161764,48.57643,0.0,52.0,2.0
2023-01-10 23:00:00+00:00,20.4,78.82201,1010.42957,8.699793,65.55606,0.0,10.0,0.0
2023-01-11 00:00:00+00:00,20.8,81.66991,1010.73,6.8777895,42.878906,0.0,28.0,1.0
2023-01-11 01:00:00+00:00,21.75,76.56394,1011.4312,8.217153,61.189304,0.0,59.0,2.0
2023-01-11 02:00:00+00:00,22.75,72.7279,1012.13245,11.159999,90.0,0.0,41.0,1.0
2023-01-11 03:00:00+00:00,25.1,60.60582,1013.23584,9.826088,98.42689,0.0,58.0,2.0
2023-01-11 04:00:00+00:00,26.95,50.16564,1013.6385,6.130579,86.63361,0.0,22.0,1.0
2023-01-11 05:00:00+00:00,28.95,44.214962,1013.4414,2.968636,75.96373,0.0,56.0,2.0
2023-01-11 06:00:00+00:00,30.6,39.824596,1012.8442,1.8,233.13002,0.0,60.0,2.0
2023-01-11 07:00:00+00:00,30.65,41.661873,1011.5448,9.957108,229.39879,0.0,66.0,2.0
2023-01-11 08:00:00+00:00,29.5,48.028324,1010.7436,15.7908325,226.8476,0.0,71.0,2.0
2023-01-11 09:00:00+00:00,29.25,47.508656,1009.9437,14.773164,223.02507,0.0,17.0,0.0
2023-01-11 10:00:00+00:00,29.1,50.725082,1009.4436,11.808878,217.56866,0.0,8.0,0.0
2023-01-11 11:00:00+00:00,28.55,53.70103,1009.24274,10.948973,226.33215,0.0,24.0,1.0
2023-01-11 12:00:00+00:00,27.45,54.791492,1009.541,9.83268,246.25049,0.0,18.0,0.0
2023-01-11 13:00:00+00:00,26.5,55.780003,1010.0392,7.928178,267.3975,0.0,0.0,0.0
2023-01-11 14:00:00+00:00,26.05,56.024117,1010.73816,4.1046314,285.25516,0.0,19.0,0.0
2023-01-11 15:00:00+00:00,25.35,59.71065,1012.03674,3.671294,11.3098955,0.0,28.0,1.0
2023-01-11 16:00:00+00:00,24.85,62.30015,1012.93536,6.4096174,51.842735,0.0,0.0,0.0
2023-01-11 17:00:00+00:00,24.2,65.38818,1012.8344,5.904439,37.568665,0.0,0.0,0.0
2023-01-11 18:00:00+00:00,22.75,72.7279,1012.6322,5.815978,21.801476,0.0,0.0,0.0
2023-01-11 19:00:00+00:00,22.15,76.14521,1012.0317,5.0142193,21.037588,0.0,0.0,0.0
2023-01-11 20:00:00+00:00,21.8,77.78813,1011.33124,3.563818,44.999897,0.0,0.0,0.0
2023-01-11 21:00:00+00:00,20.05,84.19906,1010.5289,5.0142193,68.96242,0.0,36.0,1.0
2023-01-11 22:00:00+00:00,20.15,81.329414,1010.02936,5.937272,75.96373,0.0,43.0,1.0
2023-01-11 23:00:00+00:00,20.15,80.55895,1010.02936,9.114471,80.909805,0.0,21.0,1.0
2023-01-12 00:00:00+00:00,19.8,83.37518,1010.02875,9.0,73.73973,0.0,26.0,1.0
2023-01-12 01:00:00+00:00,20.75,81.406296,1010.73,9.47012,81.25392,0.0,93.0,3.0
2023-01-12 02:00:00+00:00,21.9,77.5585,1011.6315,8.905908,75.96373,0.0,100.0,3.0
2023-01-12 03:00:00+00:00,25.05,64.74778,1012.53577,7.968939,71.564964,0.0,100.0,3.0
2023-01-12 04:00:00+00:00,27.6,51.960457,1013.0398,5.3999996,90.0,0.0,100.0,3.0
2023-01-12 05:00:00+00:00,29.2,41.26318,1012.6421,2.1897945,170.53775,0.0,99.0,3.0
2023-01-12 06:00:00+00:00,30.25,38.097538,1012.04395,4.8965297,216.02747,0.0,100.0,3.0
2023-01-12 07:00:00+00:00,30.55,42.438255,1011.14496,9.178235,221.82008,0.0,100.0,3.0
2023-01-12 08:00:00+00:00,29.65,54.31256,1010.14417,14.264361,227.04541,0.0,100.0,3.0
2023-01-12 09:00:00+00:00,29.05,53.658195,1009.24365,15.7908325,226.8476,0.0,100.0,3.0
2023-01-12 10:00:00+00:00,28.65,55.780785,1008.6433,14.264361,227.04541,0.0,100.0,3.0
2023-01-12 11:00:00+00:00,28.1,57.953968,1008.4425,11.753876,229.9698,0.0,89.0,3.0
2023-01-12 12:00:00+00:00,26.8,65.93012,1009.1402,9.085988,213.6901,0.0,68.0,2.0
2023-01-12 13:00:00+00:00,26.1,68.70918,1009.73865,7.928177,219.47243,0.0,100.0,3.0
2023-01-12 14:00:00+00:00,25.75,69.93101,1010.63794,8.404285,223.26433,0.0,100.0,3.0
2023-01-12 15:00:00+00:00,25.4,72.51318,1011.6369,4.379589,189.46225,0.0,100.0,3.0
2023-01-12 16:00:00+00:00,24.8,75.85239,1011.93585,1.484318,75.96373,0.0,100.0,3.0
2023-01-12 17:00:00+00:00,23.6,81.76537,1011.734,4.3349743,48.366554,0.0,100.0,3.0
2023-01-12 18:00:00+00:00,22.75,85.01833,1011.6327,5.3517847,47.72637,0.0,100.0,3.0
2023-01-12 19:00:00+00:00,21.8,87.0586,1011.2313,5.0911684,44.999897,0.0,100.0,3.0
2023-01-12 20:00:00+00:00,21.7,82.81326,1010.5316,5.1165614,50.710617,0.0,100.0,3.0
2023-01-12 21:00:00+00:00,21.15,81.9714,1010.0309,7.4128532,60.94549,0.0,99.0,3.0
2023-01-12 22:00:00+00:00,20.65,81.90917,1009.83014,8.669949,48.366554,0.0,98.0,3.0
2023-01-12 23:00:00+00:00,20.15,82.366745,1009.8294,7.10031,30.465475,0.0,100.0,3.0
2023-01-13 00:00:00+00:00,19.5,86.02541,1010.1283,6.489992,56.3099,0.0,92.0,3.0
2023-01-13 01:00:00+00:00,20.0,83.39835,1011.0286,5.154415,65.22488,0.0,2.0,0.0
2023-01-13 02:00:00+00:00,20.95,79.65264,1012.2297,7.8954163,65.77226,0.0,74.0,2.0
2023-01-13 03:00:00+00:00,24.35,66.66907,1013.2345,5.8048253,60.255207,0.0,99.0,3.0
2023-01-13 04:00:00+00:00,27.35,49.632534,1013.5392,5.1165614,50.710617,0.0,100.0,3.0
2023-01-13 05:00:00+00:00,29.3,37.83358,1013.1422,2.968636,345.9637,0.0,20.0,1.0
2023-01-13 06:00:00+00:00,30.45,34.726463,1012.3442,4.0249224,296.56497,0.0,86.0,3.0
2023-01-13 07:00:00+00:00,30.8,36.797752,1011.1453,7.289444,249.77505,0.0,96.0,3.0
2023-01-13 08:00:00+00:00,30.3,46.15964,1010.2451,12.031756,231.07245,0.0,69.0,2.0
2023-01-13 09:00:00+00:00,29.65,44.974205,1009.34454,14.021525,228.12221,0.0,88.0,3.0
2023-01-13 10:00:00+00:00,29.05,48.213726,1009.1437,13.493999,223.91916,0.0,61.0,2.0
2023-01-13 11:00:00+00:00,27.75,57.69016,1009.34143,14.689588,233.97253,0.0,36.0,1.0
2023-01-13 12:00:00+00:00,27.0,63.759872,1009.6403,12.43434,247.8905,0.0,8.0,0.0
2023-01-13 13:00:00+00:00,26.15,66.20652,1010.2388,9.178235,258.6901,0.0,20.0,1.0
2023-01-13 14:00:00+00:00,26.1,65.58073,1010.9381,7.9526596,264.80566,0.0,62.0,2.0
2023-01-13 15:00:00+00:00,25.1,70.46325,1012.1363,4.6102495,321.34018,0.0,23.0,1.0
2023-01-13 16:00:00+00:00,25.05,72.0035,1012.7357,4.5536795,18.435053,0.0,78.0,2.0
2023-01-13 17:00:00+00:00,24.35,74.84651,1012.83466,7.8954163,43.152412,0.0,97.0,3.0
2023-01-13 18:00:00+00:00,23.7,76.62611,1012.53394,8.049845,63.435013,0.0,99.0,3.0
2023-01-13 19:00:00+00:00,22.9,79.67124,1012.1328,7.2805495,81.46932,0.0,97.0,3.0
2023-01-13 20:00:00+00:00,22.45,80.358826,1011.5321,7.42159,75.96373,0.0,90.0,3.0
2023-01-13 21:00:00+00:00,22.0,80.04755,1011.2317,5.6920996,71.564964,0.0,99.0,3.0
2023-01-13 22:00:00+00:00,21.85,78.28669,1010.93146,8.225035,66.80139,0.0,95.0,3.0
2023-01-13 23:00:00+00:00,21.55,78.24292,1011.1311,9.178235,64.440094,0.0,100.0,3.0
2023-01-14 00:00:00+00:00,21.5,83.83252,1010.9312,10.009036,52.3057,0.0,6.0,0.0
2023-01-14 01:00:00+00:00,21.95,81.303986,1011.6315,9.693296,58.671368,0.0,100.0,3.0
2023-01-14 02:00:00+00:00,22.7,77.678024,1012.33234,9.339208,62.447273,0.0,98.0,3.0
2023-01-14 03:00:00+00:00,25.4,64.822136,1013.03625,7.8625183,74.054535,0.0,98.0,3.0
2023-01-14 04:00:00+00:00,27.35,54.766655,1013.2393,5.7599998,90.0,0.0,99.0,3.0
2023-01-14 05:00:00+00:00,29.05,46.856415,1012.6421,3.0758414,159.44388,0.0,97.0,3.0
2023-01-14 06:00:00+00:00,30.15,43.97836,1011.6441,6.9527545,201.25058,0.0,82.0,3.0
2023-01-14 07:00:00+00:00,29.55,52.130856,1010.7436,13.779114,213.2749,0.0,22.0,1.0
2023-01-14 08:00:00+00:00,28.9,48.788467,1009.7431,16.039202,224.09071,0.0,61.0,2.0
2023-01-14 09:00:00+00:00,28.75,51.115788,1009.04315,13.237038,224.9999,0.0,59.0,2.0
2023-01-14 10:00:00+00:00,28.85,54.965748,1008.7435,11.480557,221.18582,0.0,78.0,2.0
2023-01-14 11:00:00+00:00,28.45,57.856678,1008.9429,11.988594,221.34767,0.0,94.0,3.0
2023-01-14 12:00:00+00:00,27.35,64.2318,1009.34106,10.805998,209.98155,0.0,100.0,3.0
2023-01-14 13:00:00+00:00,26.35,71.13137,1010.23914,8.854829,206.56499,0.0,86.0,3.0
2023-01-14 14:00:00+00:00,26.0,72.84202,1010.9381,9.021574,208.61037,0.0,6.0,0.0
2023-01-14 15:00:00+00:00,25.8,74.16493,1011.8374,6.151683,200.55612,0.0,0.0,0.0
2023-01-14 16:00:00+00:00,25.55,75.273056,1012.2369,4.5820518,224.9999,0.0,3.0,0.0
2023-01-14 17:00:00+00:00,24.4,80.86456,1012.235,5.0911684,278.13,0.0,4.0,0.0
2023-01-14 18:00:00+00:00,24.4,81.363144,1011.83514,3.8939953,326.3099,0.0,1.0,0.0
2023-01-14 19:00:00+00:00,24.05,82.073364,1011.3347,6.849467,356.98727,0.0,0.0,0.0
2023-01-14 20:00:00+00:00,23.6,79.27402,1010.53455,6.924738,8.97255,0.0,0.0,0.0
2023-01-14 21:00:00+00:00,22.25,82.87835,1010.1325,5.6920996,18.435053,0.0,68.0,2.0
2023-01-14 22:00:00+00:00,21.95,82.58465,1009.83234,4.0249224,63.435013,0.0,11.0,0.0
2023-01-14 23:00:00+00:00,21.1,86.99432,1009.831,4.0249224,100.30479,0.0,7.0,0.0
2023-01-15 00:00:00+00:00,21.0,87.80397,1009.6308,4.198285,59.03632,0.0,2.0,0.0
2023-01-15 01:00:00+00:00,21.8,82.051796,1010.4317,3.8939953,56.3099,0.0,100.0,3.0
2023-01-15 02:00:00+00:00,22.65,78.15813,1011.43256,5.3999996,53.13002,0.0,100.0,3.0
2023-01-15 03:00:00+00:00,24.9,68.26159,1012.036,5.634891,63.435013,0.0,36.0,1.0
2023-01-15 04:00:00+00:00,27.2,60.13901,1012.1394,3.8773184,68.19853,0.0,96.0,3.0
2023-01-15 05:00:00+00:00,29.15,53.515755,1011.5426,1.08,180.0,0.0,91.0,3.0
2023-01-15 06:00:00+00:00,30.3,49.00193,1011.0448,7.754637,201.80147,0.0,82.0,3.0
2023-01-15 07:00:00+00:00,29.8,53.179657,1010.2442,15.042659,201.03758,0.0,61.0,2.0
2023-01-15 08:00:00+00:00,29.25,49.345524,1009.34393,16.179985,200.85454,0.0,99.0,3.0
2023-01-15 09:00:00+00:00,29.3,54.564648,1008.6443,14.986553,204.10223,0.0,100.0,3.0
2023-01-15 10:00:00+00:00,28.85,58.131413,1008.0438,14.77755,214.07724,0.0,100.0,3.0
2023-01-15 11:00:00+00:00,28.5,57.5096,1008.1432,11.480557,221.18582,0.0,100.0,3.0
2023-01-15 12:00:00+00:00,27.1,64.77799,1009.24054,8.714677,218.2902,0.0,100.0,3.0
2023-01-15 13:00:00+00:00,26.3,70.46773,1009.739,8.209263,217.87505,0.0,100.0,3.0
2023-01-15 14:00:00+00:00,25.75,77.175255,1010.23816,7.2,216.86998,0.0,100.0,3.0
2023-01-15 15:00:00+00:00,25.2,81.46377,1011.3367,3.219938,206.56499,0.0,99.0,3.0
2023-01-15 16:00:00+00:00,24.65,83.924286,1011.63556,3.2399998,270.0,0.0,99.0,3.0
2023-01-15 17:00:00+00:00,24.9,82.42832,1011.63617,5.04,270.0,0.0,99.0,3.0
2023-01-15 18:00:00+00:00,24.8,82.41636,1011.33606,5.0911684,278.13,0.0,100.0,3.0
2023-01-15 19:00:00+00:00,23.6,88.56704,1011.0343,4.3498964,294.44394,0.0,100.0,3.0
2023-01-15 20:00:00+00:00,22.95,90.714066,1010.73346,5.3999996,323.13004,0.0,100.0,3.0
2023-01-15 21:00:00+00:00,22.9,89.87995,1010.1337,4.3349743,355.23645,0.0,100.0,3.0
2023-01-15 22:00:00+00:00,22.85,83.46466,1009.7336,7.5685663,25.346138,0.0,100.0,3.0
2023-01-15 23:00:00+00:00,22.4,83.93321,1009.733,6.638072,49.398785,0.0,99.0,3.0
2023-01-16 00:00:00+00:00,22.25,80.835815,1009.7327,6.618519,44.999897,0.0,78.0,2.0
2023-01-16 01:00:00+00:00,22.35,76.898285,1010.3327,6.638072,40.601215,0.0,74.0,2.0
2023-01-16 02:00:00+00:00,23.0,73.001144,1011.13324,5.1919937,33.6901,0.0,100.0,3.0
2023-01-16 03:00:00+00:00,25.3,68.55358,1012.13666,2.3051248,51.34017,0.0,100.0,3.0
2023-01-16 04:00:00+00:00,27.45,63.2661,1012.6396,0.5091169,135.0001,0.0,100.0,3.0
2023-01-16 05:00:00+00:00,29.2,55.22357,1012.3422,3.096837,215.53777,0.0,100.0,3.0
2023-01-16 06:00:00+00:00,30.3,51.034122,1011.54456,6.9153743,218.65984,0.0,77.0,2.0
2023-01-16 07:00:00+00:00,30.45,53.34252,1010.545,11.681987,213.6901,0.0,100.0,3.0
2023-01-16 08:00:00+00:00,30.2,49.59349,1009.5451,14.336861,208.49554,0.0,84.0,3.0
2023-01-16 09:00:00+00:00,29.8,46.318157,1008.7449,13.891522,211.21834,0.0,33.0,1.0
2023-01-16 10:00:00+00:00,29.45,53.257618,1008.34467,14.48972,206.56499,0.0,5.0,0.0
2023-01-16 11:00:00+00:00,28.65,59.358753,1008.4434,14.277983,213.6901,0.0,87.0,3.0
2023-01-16 12:00:00+00:00,27.25,67.04884,1009.2408,12.904882,210.1413,0.0,83.0,3.0
2023-01-16 13:00:00+00:00,26.45,70.27861,1010.0392,11.119281,209.0545,0.0,76.0,2.0
2023-01-16 14:00:00+00:00,25.85,75.09035,1010.8379,9.1641035,224.9999,0.0,24.0,1.0
2023-01-16 15:00:00+00:00,25.5,78.08927,1011.7371,2.3051248,308.65982,0.0,2.0,0.0
2023-01-16 16:00:00+00:00,25.3,78.06028,1012.13666,6.9899354,348.11136,0.0,2.0,0.0
2023-01-16 17:00:00+00:00,24.95,78.97423,1012.43585,8.669949,4.763556,0.0,3.0,0.0
2023-01-16 18:00:00+00:00,24.6,79.41246,1012.2353,9.726665,2.1210518,0.0,3.0,0.0
2023-01-16 19:00:00+00:00,24.15,80.08827,1011.9349,9.3876505,4.398633,0.0,2.0,0.0
2023-01-16 20:00:00+00:00,23.75,82.036644,1011.03467,9.028754,4.5738406,0.0,20.0,1.0
2023-01-16 21:00:00+00:00,23.5,82.76917,1010.3346,8.669949,4.763556,0.0,48.0,1.0
2023-01-16 22:00:00+00:00,23.15,81.20431,1009.8342,7.968939,18.435053,0.0,59.0,2.0
2023-01-16 23:00:00+00:00,22.7,80.642944,1009.4337,9.673221,44.999897,0.0,16.0,0.0
2023-01-17 00:00:00+00:00,22.7,87.67968,1009.4337,7.491114,54.782326,0.0,2.0,0.0
2023-01-17 01:00:00+00:00,22.65,86.59968,1010.43304,8.891343,58.240574,0.0,86.0,3.0
2023-01-17 02:00:00+00:00,23.25,82.229324,1011.1336,8.4042845,80.13426,0.0,85.0,3.0
2023-01-17 03:00:00+00:00,26.1,66.60936,1012.43744,9.255571,103.49575,0.0,86.0,3.0
2023-01-17 04:00:00+00:00,28.5,56.268715,1012.84106,7.968939,108.43504,0.0,88.0,3.0
2023-01-17 05:00:00+00:00,30.25,49.29683,1012.6437,4.452954,165.96373,0.0,33.0,1.0
2023-01-17 06:00:00+00:00,31.2,47.725193,1012.14545,8.891343,211.75943,0.0,75.0,2.0
2023-01-17 07:00:00+00:00,30.65,54.72816,1011.34485,14.799459,221.05472,0.0,92.0,3.0
2023-01-17 08:00:00+00:00,30.0,55.2482,1010.54425,15.30741,228.81418,0.0,100.0,3.0
2023-01-17 09:00:00+00:00,29.2,61.345318,1009.64343,17.935081,231.51978,0.0,100.0,3.0
2023-01-17 10:00:00+00:00,28.95,63.78518,1009.34326,14.8257065,240.94548,0.0,100.0,3.0
2023-01-17 11:00:00+00:00,28.5,65.471855,1009.54254,10.009036,232.3057,0.0,100.0,3.0
2023-01-17 12:00:00+00:00,27.45,73.3145,1010.1407,10.883676,235.78424,0.1,94.0,51.0
2023-01-17 13:00:00+00:00,26.85,76.173004,1011.03937,10.495713,247.8336,0.0,100.0,3.0
2023-01-17 14:00:00+00:00,26.7,74.99787,1011.8386,7.754637,248.19853,0.0,100.0,3.0
2023-01-17 15:00:00+00:00,26.35,76.32805,1012.638,1.8,306.86996,0.1,100.0,51.0
2023-01-17 16:00:00+00:00,26.0,77.2127,1012.9372,1.484318,14.036275,0.0,100.0,3.0
2023-01-17 17:00:00+00:00,24.8,84.19732,1012.7355,2.5455842,81.86999,0.0,100.0,3.0
2023-01-17 18:00:00+00:00,23.95,89.68201,1012.63416,3.319036,77.4712,0.0,100.0,3.0
2023-01-17 19:00:00+00:00,23.85,89.67466,1012.23413,3.8268526,41.185837,0.0,100.0,3.0
2023-01-17 20:00:00+00:00,23.9,86.18753,1011.43475,5.2416787,15.945477,0.0,86.0,3.0
2023-01-17 21:00:00+00:00,23.75,83.310135,1010.6348,7.342588,11.3098955,0.0,25.0,1.0
2023-01-17 22:00:00+00:00,23.3,82.490135,1010.2343,8.699793,24.443953,0.0,100.0,3.0
2023-01-17 23:00:00+00:00,23.0,80.93334,1010.1337,9.726664,51.009003,0.0,21.0,1.0
2023-01-18 00:00:00+00:00,23.2,77.99491,1010.63385,11.090103,76.865974,0.0,1.0,0.0
2023-01-18 01:00:00+00:00,23.25,77.75965,1011.53345,11.159999,90.0,0.0,8.0,0.0
2023-01-18 02:00:00+00:00,23.8,76.16636,1012.434,11.165805,88.15243,0.0,2.0,0.0
2023-01-18 03:00:00+00:00,25.9,66.56861,1013.6366,9.107359,71.564964,0.0,9.0,0.0
2023-01-18 04:00:00+00:00,27.8,56.451393,1013.93964,4.8433046,48.01287,0.0,33.0,1.0
2023-01-18 05:00:00+00:00,29.55,48.95935,1013.74225,0.8049845,296.56497,0.0,15.0,0.0
2023-01-18 06:00:00+00:00,30.65,46.39899,1013.14404,5.1919937,236.3099,0.0,26.0,1.0
2023-01-18 07:00:00+00:00,30.8,51.162212,1012.2449,10.233123,219.28938,0.0,60.0,2.0
2023-01-18 08:00:00+00:00,30.0,57.333405,1011.04407,13.0447235,207.97939,0.0,23.0,1.0
2023-01-18 09:00:00+00:00,29.8,52.684998,1009.84436,12.229406,222.61401,0.0,36.0,1.0
2023-01-18 10:00:00+00:00,29.8,53.014317,1008.94476,14.003028,223.95847,0.0,43.0,1.0
2023-01-18 11:00:00+00:00,28.95,60.91307,1008.84344,14.113652,232.25313,0.0,8.0,0.0
2023-01-18 12:00:00+00:00,27.2,70.63369,1009.74054,12.387348,234.46223,0.0,54.0,2.0
2023-01-18 13:00:00+00:00,26.55,78.95684,1010.73914,8.089993,249.14546,0.0,37.0,1.0
2023-01-18 14:00:00+00:00,26.15,82.82724,1011.63806,4.802999,282.99463,0.0,96.0,3.0
2023-01-18 15:00:00+00:00,25.65,84.8016,1012.73663,6.151683,339.44388,0.0,94.0,3.0
2023-01-18 16:00:00+00:00,25.45,85.29627,1013.4361,10.105681,355.91446,0.0,38.0,1.0
2023-01-18 17:00:00+00:00,25.5,70.53754,1013.53625,12.387348,35.537766,0.0,26.0,1.0
2023-01-18 18:00:00+00:00,24.9,68.04839,1013.43536,9.360001,67.3801,0.0,96.0,3.0
2023-01-18 19:00:00+00:00,24.0,76.91061,1013.034,6.28713,103.24053,0.0,42.0,1.0
2023-01-18 20:00:00+00:00,23.7,78.0681,1012.33405,8.557102,104.62092,0.0,39.0,1.0
2023-01-18 21:00:00+00:00,23.05,76.52557,1011.3332,10.105681,85.91447,0.0,90.0,3.0
2023-01-18 22:00:00+00:00,22.7,75.2808,1010.83307,9.422101,83.41815,0.0,100.0,3.0
2023-01-18 23:00:00+00:00,21.95,77.81039,1010.73193,5.1544156,77.90526,0.0,100.0,3.0
2023-01-19 00:00:00+00:00,21.75,78.76626,1011.4312,7.7043357,52.594578,0.0,99.0,3.0
2023-01-19 01:00:00+00:00,21.85,77.30711,1012.4308,9.290511,54.46224,0.0,47.0,1.0
2023-01-19 02:00:00+00:00,22.25,75.207596,1013.23114,9.693296,58.671368,0.0,57.0,2.0
2023-01-19 03:00:00+00:00,24.9,62.90498,1013.9352,7.42159,75.96373,0.0,43.0,1.0
2023-01-19 04:00:00+00:00,26.6,55.804585,1014.1376,5.0528407,94.08554,0.0,43.0,1.0
2023-01-19 05:00:00+00:00,28.5,45.82208,1013.74066,2.5455842,81.86999,0.0,71.0,2.0
2023-01-19 06:00:00+00:00,30.3,35.1407,1013.1438,2.5455842,261.87,0.0,91.0,3.0
2023-01-19 07:00:00+00:00,30.85,35.63876,1011.945,6.9247384,242.10283,0.0,98.0,3.0
2023-01-19 08:00:00+00:00,30.3,47.636993,1010.545,9.673221,224.9999,0.0,46.0,1.0
2023-01-19 09:00:00+00:00,30.1,48.186756,1009.645,10.1887,212.00534,0.0,26.0,1.0
2023-01-19 10:00:00+00:00,29.8,45.73482,1009.14465,12.387348,215.53777,0.0,0.0,0.0
2023-01-19 11:00:00+00:00,28.85,52.444332,1009.0434,10.97262,228.99101,0.0,0.0,0.0
2023-01-19 12:00:00+00:00,27.1,62.408813,1009.6403,11.212135,222.39738,0.0,0.0,0.0
2023-01-19 13:00:00+00:00,25.85,66.55839,1010.3381,10.464797,229.18501,0.0,7.0,0.0
2023-01-19 14:00:00+00:00,25.6,67.55248,1010.73755,7.968939,251.56496,0.0,0.0,0.0
2023-01-19 15:00:00+00:00,24.35,80.609726,1011.9351,5.5887027,284.93146,0.0,0.0,0.0
2023-01-19 16:00:00+00:00,24.4,77.2099,1012.63477,3.6,360.0,0.0,0.0,0.0
2023-01-19 17:00:00+00:00,23.05,82.71592,1012.73254,4.379589,80.53775,0.0,0.0,0.0
2023-01-19 18:00:00+00:00,23.45,76.82653,1012.53326,7.5942073,84.55976,0.0,0.0,0.0
2023-01-19 19:00:00+00:00,23.75,69.551346,1012.33405,11.440978,77.27565,0.0,4.0,0.0
2023-01-19 20:00:00+00:00,23.6,65.88565,1011.634,10.931203,72.75845,0.0,4.0,0.0
2023-01-19 21:00:00+00:00,23.0,67.027565,1011.2333,9.0,90.0,0.0,2.0,0.0
2023-01-19 22:00:00+00:00,22.4,69.29138,1010.93243,8.64,90.0,0.0,2.0,0.0
2023-01-19 23:00:00+00:00,21.95,70.99041,1010.9318,6.849467,86.98728,0.0,20.0,1.0
2023-01-20 00:00:00+00:00,21.95,73.0484,1011.3316,11.252519,97.35229,0.0,24.0,1.0
2023-01-20 01:00:00+00:00,22.15,72.85236,1012.1316,11.183201,93.691315,0.0,7.0,0.0
2023-01-20 02:00:00+00:00,23.0,69.84785,1012.9325,10.853866,84.2895,0.0,2.0,0.0
2023-01-20 03:00:00+00:00,25.4,56.22184,1013.73596,10.464798,86.05489,0.0,2.0,0.0
2023-01-20 04:00:00+00:00,26.65,50.733105,1013.9377,10.464798,93.945114,0.0,2.0,0.0
2023-01-20 05:00:00+00:00,28.05,46.88757,1013.54016,5.0528407,94.08554,0.0,2.0,0.0
2023-01-20 06:00:00+00:00,29.35,42.109463,1013.0423,2.2768397,251.56496,0.0,58.0,2.0
2023-01-20 07:00:00+00:00,29.8,41.56163,1012.1433,7.628263,250.70985,0.0,93.0,3.0
2023-01-20 08:00:00+00:00,29.3,49.203217,1011.1431,12.387348,234.46223,0.0,98.0,3.0
2023-01-20 09:00:00+00:00,29.0,49.43599,1009.843,15.856354,230.52757,0.0,100.0,3.0
2023-01-20 10:00:00+00:00,29.0,46.545982,1009.44324,15.192682,233.67308,0.0,94.0,3.0
2023-01-20 11:00:00+00:00,28.55,46.722534,1009.54254,13.009903,255.5792,0.0,83.0,3.0
2023-01-20 12:00:00+00:00,27.1,53.335728,1009.6403,11.525623,284.47034,0.0,26.0,1.0
2023-01-20 13:00:00+00:00,26.15,57.125267,1010.43866,7.0911775,293.9625,0.0,95.0,3.0
2023-01-20 14:00:00+00:00,25.95,61.184467,1011.238,8.311245,252.3498,0.0,28.0,1.0
2023-01-20 15:00:00+00:00,25.3,67.07214,1012.4366,3.319036,347.4712,0.0,5.0,0.0
2023-01-20 16:00:00+00:00,23.35,77.291504,1013.033,5.5887027,14.931467,0.0,36.0,1.0
2023-01-20 17:00:00+00:00,22.95,78.44624,1013.0324,5.937272,14.036275,0.0,0.0,0.0
2023-01-20 18:00:00+00:00,23.3,71.68914,1012.9331,4.3349743,48.366554,0.0,4.0,0.0
2023-01-20 19:00:00+00:00,23.25,71.68009,1012.63293,7.42159,39.09386,0.0,6.0,0.0
2023-01-20 20:00:00+00:00,23.1,73.0186,1011.8333,7.24486,26.564985,0.0,10.0,0.0
2023-01-20 21:00:00+00:00,22.35,76.176735,1011.03235,4.6800003,22.61991,0.0,12.0,0.0
2023-01-20 22:00:00+00:00,21.05,81.95896,1010.53046,6.638072,12.528798,0.0,16.0,0.0
2023-01-20 23:00:00+00:00,20.55,82.676025,1010.52985,6.379216,16.389616,0.0,18.0,0.0
2023-01-21 00:00:00+00:00,20.75,77.63122,1010.4301,6.849467,93.012726,0.0,0.0,0.0
2023-01-21 01:00:00+00:00,21.45,76.27541,1010.73096,5.1544156,77.90526,0.0,93.0,3.0
2023-01-21 02:00:00+00:00,23.2,76.07204,1011.63336,2.8799999,360.0,0.0,98.0,3.0
2023-01-21 03:00:00+00:00,26.35,51.804005,1012.5381,3.671294,348.6901,0.0,95.0,3.0
2023-01-21 04:00:00+00:00,27.95,44.944855,1012.94006,1.9386592,291.80148,0.0,94.0,3.0
2023-01-21 05:00:00+00:00,29.6,41.64014,1012.34283,4.3349743,265.23645,0.0,90.0,3.0
2023-01-21 06:00:00+00:00,30.6,41.51551,1011.7447,9.793058,252.89719,0.0,97.0,3.0
2023-01-21 07:00:00+00:00,30.55,44.22671,1010.7452,13.202726,244.1337,0.0,98.0,3.0
2023-01-21 08:00:00+00:00,30.95,37.438362,1009.84625,14.8257065,240.94548,0.0,53.0,2.0
2023-01-21 09:00:00+00:00,30.95,40.048935,1008.74677,15.137133,244.65387,0.0,69.0,2.0
2023-01-21 10:00:00+00:00,29.9,50.772297,1008.3453,15.192682,256.29303,0.0,0.0,0.0
2023-01-21 11:00:00+00:00,28.95,54.819126,1008.44366,15.986595,262.23492,0.0,46.0,1.0
2023-01-21 12:00:00+00:00,28.05,55.11296,1009.34204,15.546833,264.68555,0.0,88.0,3.0
2023-01-21 13:00:00+00:00,26.7,61.739033,1010.3393,9.885262,259.50858,0.0,86.0,3.0
2023-01-21 14:00:00+00:00,25.7,73.24027,1011.23773,3.6179552,185.7105,0.0,100.0,3.0
2023-01-21 15:00:00+00:00,25.4,74.55664,1012.13666,2.9024127,97.12492,0.0,100.0,3.0
2023-01-21 16:00:00+00:00,24.65,76.29906,1012.43524,4.0249224,63.435013,0.0,100.0,3.0
2023-01-21 17:00:00+00:00,24.85,69.97895,1012.33563,7.2805495,81.46932,0.0,100.0,3.0
2023-01-21 18:00:00+00:00,24.35,70.986084,1012.03503,7.92,90.0,0.0,89.0,3.0
2023-01-21 19:00:00+00:00,23.65,75.19943,1011.53406,3.671294,78.6901,0.0,100.0,3.0
2023-01-21 20:00:00+00:00,23.4,77.05864,1010.834,3.8268526,41.185837,0.0,100.0,3.0
2023-01-21 21:00:00+00:00,23.65,76.6184,1010.2347,3.563818,135.0001,0.0,100.0,3.0
2023-01-21 22:00:00+00:00,23.45,78.518196,1009.73456,2.5455842,8.130019,0.0,100.0,3.0
2023-01-21 23:00:00+00:00,22.45,82.387726,1009.633,4.6938257,32.471172,0.0,100.0,3.0
2023-01-22 00:00:00+00:00,23.8,76.880104,1010.33496,9.931042,43.53127,0.0,100.0,3.0
2023-01-22 01:00:00+00:00,24.05,73.641396,1010.5351,9.686609,41.98713,0.0,100.0,3.0
2023-01-22 02:00:00+00:00,24.7,71.272095,1011.23615,9.673221,44.999897,0.0,100.0,3.0
2023-01-22 03:00:00+00:00,26.35,65.63276,1011.93835,7.8954163,46.8476,0.0,99.0,3.0
2023-01-22 04:00:00+00:00,27.9,56.830406,1011.94055,5.0142193,68.96242,0.0,90.0,3.0
2023-01-22 05:00:00+00:00,29.5,50.35196,1011.74316,3.8773184,111.801476,0.0,20.0,1.0
2023-01-22 06:00:00+00:00,31.1,44.656025,1010.7459,2.52,180.0,0.0,56.0,2.0
2023-01-22 07:00:00+00:00,32.0,41.503094,1009.6479,5.8603754,222.5104,0.0,97.0,3.0
2023-01-22 08:00:00+00:00,30.25,55.480373,1008.8454,13.684735,215.36255,0.0,95.0,3.0
2023-01-22 09:00:00+00:00,29.3,56.113018,1007.84467,13.324863,218.41809,0.0,100.0,3.0
2023-01-22 10:00:00+00:00,29.8,55.02842,1007.24554,12.496718,221.49637,0.0,100.0,3.0
2023-01-22 11:00:00+00:00,28.75,61.6231,1007.4439,12.599998,233.13002,0.0,98.0,3.0
2023-01-22 12:00:00+00:00,27.65,65.901634,1007.94214,6.989936,235.49141,0.0,65.0,2.0
2023-01-22 13:00:00+00:00,27.1,69.54033,1008.7408,6.297428,239.03632,0.0,85.0,3.0
2023-01-22 14:00:00+00:00,26.3,73.794205,1009.2392,5.0911684,261.87,0.0,99.0,3.0
2023-01-22 15:00:00+00:00,25.4,82.23718,1010.03766,2.0991426,300.96368,0.0,100.0,3.0
2023-01-22 16:00:00+00:00,25.65,77.39697,1010.3377,3.0758414,339.44388,0.0,99.0,3.0
2023-01-22 17:00:00+00:00,24.8,83.68506,1010.33655,3.2599385,353.6599,0.0,98.0,3.0
2023-01-22 18:00:00+00:00,24.3,85.963165,1010.13586,4.379589,80.53775,0.0,60.0,2.0
2023-01-22 19:00:00+00:00,24.7,75.83657,1009.7368,4.829907,116.56499,0.0,87.0,3.0
2023-01-22 20:00:00+00:00,24.9,64.71582,1009.1373,9.0645685,96.84268,0.0,21.0,1.0
2023-01-22 21:00:00+00:00,24.65,65.48282,1008.63696,9.726665,87.87895,0.0,49.0,1.0
2023-01-22 22:00:00+00:00,24.2,68.12336,1008.63635,8.647496,87.614105,0.0,91.0,3.0
2023-01-22 23:00:00+00:00,23.8,70.441025,1008.63574,7.2359104,84.2895,0.0,89.0,3.0
2023-01-23 00:00:00+00:00,24.0,70.03756,1008.8359,10.315115,60.75127,0.0,92.0,3.0
2023-01-23 01:00:00+00:00,23.4,76.34135,1009.6345,9.826088,61.55718,0.0,100.0,3.0
2023-01-23 02:00:00+00:00,24.15,74.118675,1010.3356,8.225035,23.198618,0.0,100.0,3.0
2023-01-23 03:00:00+00:00,24.9,73.10269,1011.2364,7.5170207,16.699326,0.0,99.0,3.0
2023-01-23 04:00:00+00:00,26.6,65.4811,1011.53876,4.802999,12.99463,0.1,100.0,51.0
2023-01-23 05:00:00+00:00,28.05,59.77438,1011.2412,0.5091169,224.9999,0.0,88.0,3.0
2023-01-23 06:00:00+00:00,28.65,58.99212,1010.5425,0.5091169,224.9999,0.0,100.0,3.0
2023-01-23 07:00:00+00:00,29.35,57.001762,1009.6438,1.484318,165.96373,0.0,100.0,3.0
2023-01-23 08:00:00+00:00,30.45,51.55174,1008.34595,4.379589,189.46225,0.2,100.0,51.0
2023-01-23 09:00:00+00:00,29.9,56.606792,1007.2458,10.086427,214.82455,0.3,100.0,51.0
2023-01-23 10:00:00+00:00,28.15,68.056366,1006.9432,12.984975,226.12321,0.2,100.0,51.0
2023-01-23 11:00:00+00:00,28.1,64.98825,1007.143,11.966954,226.2188,0.0,100.0,3.0
2023-01-23 12:00:00+00:00,27.5,68.5573,1007.84174,7.208994,272.86234,0.2,100.0,51.0
2023-01-23 13:00:00+00:00,26.6,73.16951,1008.3402,8.14587,315.0001,0.1,21.0,51.0
2023-01-23 14:00:00+00:00,25.85,76.71921,1009.1386,8.942214,319.89914,0.0,22.0,1.0
2023-01-23 15:00:00+00:00,25.65,78.590225,1010.0379,6.8777895,317.1211,0.0,20.0,1.0
2023-01-23 16:00:00+00:00,25.4,81.987076,1010.6373,4.6938257,327.52884,0.0,93.0,3.0
2023-01-23 17:00:00+00:00,25.05,82.19493,1010.83655,4.6800003,67.3801,0.0,100.0,3.0
2023-01-23 18:00:00+00:00,25.0,80.69453,1010.5367,8.209263,74.74483,0.0,100.0,3.0
2023-01-23 19:00:00+00:00,24.75,81.15814,1010.1366,6.489992,93.17977,0.0,100.0,3.0
2023-01-23 20:00:00+00:00,24.0,89.68569,1009.73553,4.39436,145.0079,0.0,100.0,3.0
2023-01-23 21:00:00+00:00,25.1,83.71855,1009.0377,2.16,180.0,0.0,100.0,3.0
2023-01-23 22:00:00+00:00,24.95,84.72811,1008.93744,1.484318,165.96373,0.3,100.0,51.0
2023-01-23 23:00:00+00:00,23.55,92.70984,1009.0352,2.7416782,293.1986,1.2,100.0,55.0
2023-01-24 00:00:00+00:00,24.2,84.13187,1008.7363,6.2145634,10.007925,0.5,100.0,53.0
2023-01-24 01:00:00+00:00,24.15,84.64351,1009.73584,9.178235,11.3098955,0.5,100.0,53.0
2023-01-24 02:00:00+00:00,24.1,87.000565,1010.43555,9.007196,2.2905633,0.0,100.0,3.0
2023-01-24 03:00:00+00:00,25.4,83.24439,1011.5369,3.7585104,343.3007,0.4,100.0,51.0
2023-01-24 04:00:00+00:00,27.2,74.85051,1012.23944,5.0528407,265.91446,0.0,94.0,3.0
2023-01-24 05:00:00+00:00,28.4,68.52176,1011.4417,1.484318,255.96373,0.0,96.0,3.0
2023-01-24 06:00:00+00:00,30.05,61.160168,1010.6442,1.1384199,198.43504,0.1,100.0,51.0
2023-01-24 07:00:00+00:00,30.35,61.04081,1009.5455,7.928177,230.52757,0.2,100.0,51.0
2023-01-24 08:00:00+00:00,26.2,84.34847,1009.2392,15.683774,238.13406,4.0,100.0,63.0
2023-01-24 09:00:00+00:00,27.25,76.466415,1007.74146,10.636766,246.0375,0.2,99.0,51.0
2023-01-24 10:00:00+00:00,27.95,73.39928,1007.3426,7.0911775,246.0375,0.1,100.0,51.0
2023-01-24 11:00:00+00:00,25.35,84.51319,1007.8386,6.618519,224.9999,7.7,100.0,65.0
2023-01-24 12:00:00+00:00,24.2,95.87776,1009.1361,2.52,180.0,2.0,100.0,61.0
2023-01-24 13:00:00+00:00,24.05,96.16297,1009.73553,1.08,270.0,0.2,100.0,51.0
2023-01-24 14:00:00+00:00,24.3,92.74926,1010.2359,2.0991426,300.96368,0.1,100.0,51.0
2023-01-24 15:00:00+00:00,23.75,93.28516,1011.63434,9.387651,302.47116,1.4,100.0,61.0
2023-01-24 16:00:00+00:00,23.9,92.72828,1012.0344,4.896529,342.8972,0.0,100.0,3.0
2023-01-24 17:00:00+00:00,23.55,95.56802,1012.1338,6.8399997,360.0,0.0,100.0,3.0
2023-01-24 18:00:00+00:00,23.3,96.43383,1011.73364,6.12,360.0,0.0,100.0,3.0
2023-01-24 19:00:00+00:00,23.0,96.425896,1011.43317,3.8773184,21.801476,0.0,100.0,3.0
2023-01-24 20:00:00+00:00,22.65,96.710915,1010.1331,3.5455887,23.962492,0.0,100.0,3.0
2023-01-24 21:00:00+00:00,22.5,96.41266,1009.3335,3.2399998,360.0,0.0,100.0,3.0
2023-01-24 22:00:00+00:00,22.45,95.532,1009.13324,2.52,270.0,0.0,100.0,3.0
2023-01-24 23:00:00+00:00,23.0,93.53348,1008.83435,3.319036,102.5288,0.0,97.0,3.0
2023-01-25 00:00:00+00:00,22.95,94.10367,1009.3341,2.5959969,123.690094,0.0,100.0,3.0
2023-01-25 01:00:00+00:00,22.6,95.245705,1009.83325,3.563818,44.999897,0.0,37.0,1.0
2023-01-25 02:00:00+00:00,23.4,93.55229,1010.3342,5.6233797,50.194473,0.0,15.0,0.0
2023-01-25 03:00:00+00:00,24.65,91.37734,1010.83594,4.072935,44.999897,0.0,12.0,0.0
2023-01-25 04:00:00+00:00,26.45,81.12699,1011.03876,3.671294,101.3099,0.0,57.0,2.0
2023-01-25 05:00:00+00:00,27.4,73.75353,1010.8404,4.3349743,138.36655,0.0,94.0,3.0
2023-01-25 06:00:00+00:00,28.4,68.31321,1010.4422,3.8773184,201.80147,0.0,82.0,3.0
2023-01-25 07:00:00+00:00,28.95,66.77531,1009.2433,7.9036193,239.9315,0.0,59.0,2.0
2023-01-25 08:00:00+00:00,28.1,73.202576,1008.24255,13.53236,241.38963,0.1,24.0,51.0
2023-01-25 09:00:00+00:00,26.95,75.267044,1007.64124,15.379206,237.42595,0.1,41.0,51.0
2023-01-25 10:00:00+00:00,27.35,73.745155,1007.342,12.55879,242.7005,0.0,45.0,1.0
2023-01-25 11:00:00+00:00,27.3,74.6395,1007.8414,11.770403,246.57129,0.0,49.0,1.0
2023-01-25 12:00:00+00:00,25.85,79.34144,1008.73883,7.8625183,285.94547,0.0,21.0,1.0
2023-01-25 13:00:00+00:00,25.25,82.97414,1009.63745,5.8603754,280.6196,0.0,64.0,2.0
2023-01-25 14:00:00+00:00,25.25,84.50255,1010.43713,7.2,270.0,0.0,38.0,1.0
2023-01-25 15:00:00+00:00,24.45,89.991196,1011.13544,4.6938257,302.47116,0.0,13.0,0.0
2023-01-25 16:00:00+00:00,24.0,90.50809,1011.73456,9.255571,76.50425,0.0,27.0,1.0
2023-01-25 17:00:00+00:00,23.5,91.86419,1011.43414,6.519877,83.659904,0.0,21.0,1.0
2023-01-25 18:00:00+00:00,23.45,92.1416,1011.03394,3.2399998,90.0,0.0,65.0,2.0
2023-01-25 19:00:00+00:00,22.85,92.67276,1010.4333,4.829907,63.435013,0.0,44.0,1.0
2023-01-25 20:00:00+00:00,23.2,88.26334,1009.8342,4.8965297,36.027473,0.0,100.0,3.0
2023-01-25 21:00:00+00:00,23.3,83.25843,1009.13477,9.422101,43.451904,0.0,100.0,3.0
2023-01-25 22:00:00+00:00,23.2,79.96033,1009.0346,9.422101,46.54811,0.0,100.0,3.0
2023-01-25 23:00:00+00:00,22.85,80.41203,1008.93396,9.686609,48.01287,0.0,100.0,3.0
2023-01-26 00:00:00+00:00,23.5,86.14885,1009.13513,9.957108,40.601215,0.0,100.0,3.0
2023-01-26 01:00:00+00:00,23.4,86.1392,1009.8345,8.942214,49.899166,0.0,67.0,2.0
2023-01-26 02:00:00+00:00,23.8,86.44227,1010.7348,9.531505,79.11452,0.0,77.0,2.0
2023-01-26 03:00:00+00:00,25.6,78.82376,1011.5372,8.4042845,99.865746,0.0,68.0,2.0
2023-01-26 04:00:00+00:00,27.05,66.80213,1011.83936,5.8048253,97.12492,0.0,96.0,3.0
2023-01-26 05:00:00+00:00,28.25,61.892876,1011.1415,2.1897945,80.53775,0.0,99.0,3.0
2023-01-26 06:00:00+00:00,29.3,59.325844,1010.84326,5.315336,241.69934,0.0,100.0,3.0
2023-01-26 07:00:00+00:00,28.75,65.925255,1009.94275,11.269782,243.43501,0.0,100.0,3.0
2023-01-26 08:00:00+00:00,27.75,73.14293,1008.94165,11.681987,236.3099,0.0,93.0,3.0
2023-01-26 09:00:00+00:00,28.2,67.44486,1007.84296,10.948973,223.66785,0.0,28.0,1.0
2023-01-26 10:00:00+00:00,28.1,66.604004,1007.44293,11.019764,218.36752,0.0,0.0,0.0
2023-01-26 11:00:00+00:00,27.5,70.0433,1007.44196,11.019764,218.36752,0.0,26.0,1.0
2023-01-26 12:00:00+00:00,26.55,77.766525,1008.3402,13.493999,223.91916,0.0,0.0,0.0
2023-01-26 13:00:00+00:00,26.0,80.578636,1009.3388,13.004922,228.36655,0.0,13.0,0.0
2023-01-26 14:00:00+00:00,25.75,82.279305,1010.03827,9.793059,233.97253,0.0,52.0,2.0
2023-01-26 15:00:00+00:00,24.8,89.47294,1011.13617,4.6938252,274.39862,0.0,94.0,3.0
2023-01-26 16:00:00+00:00,24.45,89.44678,1011.73517,5.4119864,356.186,0.0,95.0,3.0
2023-01-26 17:00:00+00:00,24.85,85.755516,1011.6359,6.151683,20.556128,0.0,93.0,3.0
2023-01-26 18:00:00+00:00,24.55,87.30672,1011.53564,10.00256,30.256361,0.0,79.0,2.0
2023-01-26 19:00:00+00:00,24.2,85.95337,1011.0353,10.630672,28.30066,0.0,81.0,3.0
2023-01-26 20:00:00+00:00,23.95,83.589516,1010.3352,8.0899935,32.275623,0.0,62.0,2.0
2023-01-26 21:00:00+00:00,23.45,82.50809,1009.73456,9.290511,54.46224,0.0,14.0,0.0
2023-01-26 22:00:00+00:00,23.4,78.51103,1009.2348,10.296251,53.530666,0.0,12.0,0.0
2023-01-26 23:00:00+00:00,23.2,76.07204,1009.3345,10.703569,47.72637,0.0,6.0,0.0
2023-01-27 00:00:00+00:00,23.4,83.269936,1009.4347,6.989936,34.50859,0.0,12.0,0.0
2023-01-27 01:00:00+00:00,23.45,82.76327,1010.5342,9.290511,54.46224,0.0,32.0,1.0
2023-01-27 02:00:00+00:00,23.6,83.549934,1011.2342,9.726664,51.009003,0.0,91.0,3.0
2023-01-27 03:00:00+00:00,25.65,74.82758,1011.63715,8.557102,67.75093,0.0,27.0,1.0
2023-01-27 04:00:00+00:00,27.0,66.380554,1011.83936,5.3517847,109.653915,0.0,11.0,0.0
2023-01-27 05:00:00+00:00,28.1,61.859516,1011.14124,2.5959969,123.690094,0.0,17.0,0.0
2023-01-27 06:00:00+00:00,29.2,58.394142,1010.5431,3.096837,234.46223,0.0,77.0,2.0
2023-01-27 07:00:00+00:00,29.05,63.41706,1009.4436,10.383987,236.3099,0.0,24.0,1.0
2023-01-27 08:00:00+00:00,28.35,67.887924,1008.54266,12.979984,236.3099,0.0,96.0,3.0
2023-01-27 09:00:00+00:00,28.25,64.82025,1007.64307,11.304229,232.76509,0.0,95.0,3.0
2023-01-27 10:00:00+00:00,28.1,66.40013,1007.44293,10.703569,227.72638,0.0,74.0,2.0
2023-01-27 11:00:00+00:00,27.7,70.94147,1007.4423,10.685391,237.38077,0.0,82.0,3.0
2023-01-27 12:00:00+00:00,27.05,72.80046,1008.4409,9.387651,237.52882,0.0,100.0,3.0
2023-01-27 13:00:00+00:00,25.95,79.11371,1009.13885,9.673221,224.9999,0.0,99.0,3.0
2023-01-27 14:00:00+00:00,25.75,82.52955,1009.9383,6.3690495,227.29063,0.0,100.0,3.0
2023-01-27 15:00:00+00:00,26.05,80.340614,1010.83813,0.8049845,63.435013,0.0,100.0,3.0
2023-01-27 16:00:00+00:00,25.8,81.29124,1011.0378,1.9386592,338.19852,0.0,81.0,3.0
2023-01-27 17:00:00+00:00,25.8,81.29124,1010.63794,2.9024127,262.8751,0.0,66.0,2.0
2023-01-27 18:00:00+00:00,23.7,89.39042,1010.33496,5.3999996,360.0,0.0,100.0,3.0
2023-01-27 19:00:00+00:00,23.8,88.58322,1009.8352,4.73506,8.746089,0.0,100.0,3.0
2023-01-27 20:00:00+00:00,23.65,87.22629,1009.13513,6.4799995,360.0,0.0,100.0,3.0
2023-01-27 21:00:00+00:00,23.45,86.67473,1008.5351,8.669949,355.23645,0.0,58.0,2.0
2023-01-27 22:00:00+00:00,23.0,87.70578,1008.4346,6.130579,356.6336,0.0,67.0,2.0
2023-01-27 23:00:00+00:00,22.35,88.46517,1008.4336,5.0528407,4.085537,0.0,96.0,3.0
2023-01-28 00:00:00+00:00,22.15,87.090576,1008.53326,8.217153,28.810698,0.0,99.0,3.0
2023-01-28 01:00:00+00:00,22.35,86.036835,1009.3331,9.659814,26.564985,0.0,4.0,0.0
2023-01-28 02:00:00+00:00,23.2,82.4781,1010.0342,10.829958,21.44781,0.0,3.0,0.0
2023-01-28 03:00:00+00:00,25.25,71.37208,1010.9369,7.8954163,24.227736,0.0,1.0,0.0
2023-01-28 04:00:00+00:00,26.6,63.872185,1011.53876,3.319036,49.398785,0.0,0.0,0.0
2023-01-28 05:00:00+00:00,28.1,56.878635,1011.2412,0.8049845,243.43501,0.0,0.0,0.0
2023-01-28 06:00:00+00:00,29.05,52.990856,1010.5431,5.3999996,233.13002,0.0,0.0,0.0
2023-01-28 07:00:00+00:00,29.35,55.26038,1009.444,9.422101,223.45189,0.0,0.0,0.0
2023-01-28 08:00:00+00:00,29.1,56.41399,1008.44403,14.021525,228.12221,0.0,0.0,0.0
2023-01-28 09:00:00+00:00,28.3,58.00141,1007.74304,13.049689,245.55606,0.0,10.0,0.0
2023-01-28 10:00:00+00:00,28.55,61.57851,1007.34357,9.6932955,254.93146,0.0,16.0,0.0
2023-01-28 11:00:00+00:00,28.15,68.89272,1007.24304,12.641076,250.0168,0.3,53.0,51.0
2023-01-28 12:00:00+00:00,27.25,76.23488,1007.6415,9.693296,248.19853,0.0,21.0,1.0
2023-01-28 13:00:00+00:00,26.0,81.06983,1008.4392,8.699793,204.44394,0.0,19.0,0.0
2023-01-28 14:00:00+00:00,25.4,81.240715,1009.23804,9.605998,167.00539,0.0,21.0,1.0
2023-01-28 15:00:00+00:00,24.85,82.92763,1010.2366,6.1094027,135.0001,0.0,15.0,0.0
2023-01-28 16:00:00+00:00,24.05,88.06475,1010.73505,3.671294,78.6901,0.0,2.0,0.0
2023-01-28 17:00:00+00:00,23.4,89.094734,1010.5342,3.319036,40.601215,0.0,10.0,0.0
2023-01-28 18:00:00+00:00,23.5,86.14885,1010.0347,4.8433046,41.98713,0.0,50.0,2.0
2023-01-28 19:00:00+00:00,23.05,85.57598,1009.534,6.28713,23.629398,0.0,82.0,3.0
2023-01-28 20:00:00+00:00,22.9,85.56086,1008.5345,8.4042845,350.13425,0.0,92.0,3.0
2023-01-28 21:00:00+00:00,22.55,88.75471,1008.0341,5.95906,334.98312,0.0,93.0,3.0
2023-01-28 22:00:00+00:00,22.3,90.95015,1007.7339,4.6800003,337.3801,0.0,79.0,2.0
2023-01-28 23:00:00+00:00,21.1,90.87135,1007.732,5.1165614,39.289394,0.0,99.0,3.0
2023-01-29 00:00:00+00:00,18.95,81.43438,1007.22876,5.8048253,29.744795,0.0,100.0,3.0
2023-01-29 01:00:00+00:00,19.7,77.47271,1007.92975,6.4096174,51.842735,0.0,100.0,3.0
2023-01-29 02:00:00+00:00,20.85,73.792015,1008.8309,6.638072,49.398785,0.0,75.0,2.0
2023-01-29 03:00:00+00:00,24.1,66.1986,1009.63586,3.8268526,48.814175,0.0,100.0,3.0
2023-01-29 04:00:00+00:00,27.05,48.453903,1010.2401,1.8,143.13002,0.0,72.0,2.0
2023-01-29 05:00:00+00:00,28.3,45.76809,1010.042,2.8799999,180.0,0.0,87.0,3.0
2023-01-29 06:00:00+00:00,29.15,44.128006,1009.74347,5.1544156,192.09474,0.0,90.0,3.0
2023-01-29 07:00:00+00:00,29.5,43.106953,1008.8444,9.693296,201.80147,0.0,86.0,3.0
2023-01-29 08:00:00+00:00,29.05,44.38398,1008.0442,15.315873,203.55228,0.0,67.0,2.0
2023-01-29 09:00:00+00:00,28.7,46.31751,1007.04407,14.84318,202.8337,0.0,57.0,2.0
2023-01-29 10:00:00+00:00,28.55,52.039383,1006.344,14.458382,198.88618,0.0,70.0,2.0
2023-01-29 11:00:00+00:00,28.05,54.42491,1006.1435,16.73516,198.8248,0.0,67.0,2.0
2023-01-29 12:00:00+00:00,26.75,64.50331,1006.84125,17.771753,186.98096,0.0,88.0,3.0
2023-01-29 13:00:00+00:00,25.7,69.2739,1007.7393,14.044615,178.53123,0.0,94.0,3.0
2023-01-29 14:00:00+00:00,25.65,73.91196,1008.6385,13.276144,192.5288,0.0,99.0,3.0
2023-01-29 15:00:00+00:00,25.55,75.273056,1010.0379,6.489992,183.17976,0.0,99.0,3.0
2023-01-29 16:00:00+00:00,25.65,75.75311,1010.9375,2.16,180.0,0.0,100.0,3.0
2023-01-29 17:00:00+00:00,24.05,83.60082,1011.0349,3.319036,347.4712,0.0,100.0,3.0
2023-01-29 18:00:00+00:00,24.05,78.604126,1010.83496,7.42159,14.036275,0.0,100.0,3.0
2023-01-29 19:00:00+00:00,23.7,76.62611,1010.0351,8.049845,26.564985,0.0,95.0,3.0
2023-01-29 20:00:00+00:00,23.5,76.59523,1009.3351,8.557102,14.620926,0.0,18.0,0.0
2023-01-29 21:00:00+00:00,23.55,76.84189,1008.6354,8.654986,343.0724,0.0,37.0,1.0
2023-01-29 22:00:00+00:00,23.45,79.25312,1008.2352,8.759178,350.53775,0.0,8.0,0.0
2023-01-29 23:00:00+00:00,23.15,80.70196,1008.135,11.304229,9.16228,0.0,5.0,0.0
2023-01-30 00:00:00+00:00,23.55,80.504684,1008.1356,10.931203,17.241547,0.0,1.0,0.0
2023-01-30 01:00:00+00:00,23.9,79.070694,1009.13574,12.181625,18.970512,0.0,100.0,3.0
2023-01-30 02:00:00+00:00,24.65,74.43277,1009.43665,12.661564,14.826528,0.0,100.0,3.0
2023-01-30 03:00:00+00:00,26.7,66.1141,1010.0394,11.885453,1.7356651,0.0,100.0,3.0
2023-01-30 04:00:00+00:00,28.8,56.51708,1010.3425,8.825508,348.23172,0.0,100.0,3.0
2023-01-30 05:00:00+00:00,30.6,50.952225,1010.34534,2.7416782,23.198618,0.0,100.0,3.0
2023-01-30 06:00:00+00:00,30.95,50.56859,1009.84625,5.904439,232.43134,0.0,100.0,3.0
2023-01-30 07:00:00+00:00,29.05,60.18944,1009.24365,12.55879,242.7005,0.0,100.0,3.0
2023-01-30 08:00:00+00:00,29.15,57.843067,1008.544,11.503113,249.86362,0.0,100.0,3.0
2023-01-30 09:00:00+00:00,29.3,59.325844,1007.94464,12.371645,261.6342,0.1,100.0,51.0
2023-01-30 10:00:00+00:00,28.95,59.428173,1007.744,14.917212,261.67444,0.0,100.0,3.0
2023-01-30 11:00:00+00:00,28.25,62.661934,1008.0429,14.408997,257.00537,0.0,100.0,3.0
2023-01-30 12:00:00+00:00,27.75,63.723907,1008.8417,9.565437,289.79895,0.0,100.0,3.0
2023-01-30 13:00:00+00:00,26.7,70.75881,1009.83954,7.8954163,313.1524,0.0,54.0,2.0
2023-01-30 14:00:00+00:00,26.25,74.239655,1010.53864,6.379216,343.61038,0.0,85.0,3.0
2023-01-30 15:00:00+00:00,25.7,77.64172,1011.1377,5.5887027,14.931467,0.0,98.0,3.0
2023-01-30 16:00:00+00:00,25.55,79.0581,1011.5372,3.96,360.0,0.0,100.0,3.0
2023-01-30 17:00:00+00:00,25.2,82.46415,1011.63654,3.0547013,315.0001,0.0,100.0,3.0
2023-01-30 18:00:00+00:00,25.0,84.21901,1011.3363,5.95906,334.98312,0.0,100.0,3.0
2023-01-30 19:00:00+00:00,24.8,84.19732,1011.13617,7.5170207,343.3007,0.1,100.0,51.0
2023-01-30 20:00:00+00:00,24.8,81.91361,1010.1366,7.172949,342.47433,0.0,100.0,3.0
2023-01-30 21:00:00+00:00,24.45,81.61966,1009.4363,7.92,360.0,0.0,100.0,3.0
2023-01-30 22:00:00+00:00,23.8,84.34683,1009.1355,10.041354,345.4655,0.0,100.0,3.0
2023-01-30 23:00:00+00:00,23.35,84.819115,1009.13477,8.64,360.0,0.0,100.0,3.0
2023-01-31 00:00:00+00:00,23.4,87.740456,1008.635,7.6367526,8.130019,0.0,100.0,3.0
2023-01-31 01:00:00+00:00,23.55,86.95034,1009.43506,6.162207,6.70975,0.0,100.0,3.0
2023-01-31 02:00:00+00:00,24.05,84.63289,1010.13525,7.628263,19.290138,0.0,100.0,3.0
2023-01-31 03:00:00+00:00,25.95,79.35517,1010.73816,5.3517847,42.27363,0.0,100.0,3.0
2023-01-31 04:00:00+00:00,27.75,67.97801,1011.3405,3.096837,54.46224,0.0,100.0,3.0
2023-01-31 05:00:00+00:00,28.95,63.3955,1011.4423,1.609969,296.56497,0.0,100.0,3.0
2023-01-31 06:00:00+00:00,29.7,61.64526,1010.74396,5.0911684,261.87,0.0,100.0,3.0
2023-01-31 07:00:00+00:00,29.15,68.044334,1009.64343,12.7279215,261.87,0.0,100.0,3.0
2023-01-31 08:00:00+00:00,27.9,74.73706,1008.54205,11.885453,271.73566,0.2,100.0,51.0
2023-01-31 09:00:00+00:00,28.0,71.42923,1007.44293,10.308831,282.09473,0.2,100.0,51.0
2023-01-31 10:00:00+00:00,27.95,74.97155,1006.9428,13.039754,276.3401,0.3,100.0,51.0
2023-01-31 11:00:00+00:00,26.45,79.42373,1007.54034,12.031756,308.92755,3.2,100.0,63.0
2023-01-31 12:00:00+00:00,27.15,79.51915,1007.6415,8.311245,265.03033,3.2,100.0,63.0
2023-01-31 13:00:00+00:00,26.2,84.85897,1008.03973,7.968939,288.43503,0.0,100.0,3.0
2023-01-31 14:00:00+00:00,26.1,85.10496,1008.7391,8.707237,299.74478,0.0,100.0,3.0
2023-01-31 15:00:00+00:00,25.75,87.67667,1009.53845,3.2399998,360.0,0.0,100.0,3.0
2023-01-31 16:00:00+00:00,25.3,87.109245,1010.03766,4.3349743,48.366554,0.3,100.0,51.0
2023-01-31 17:00:00+00:00,24.75,90.832924,1010.33655,6.151683,110.55613,0.0,100.0,3.0
2023-01-31 18:00:00+00:00,24.25,93.87525,1010.1356,5.0911684,135.0001,0.0,100.0,3.0
2023-01-31 19:00:00+00:00,24.15,94.440025,1009.9358,6.4096174,128.15727,0.0,100.0,3.0
2023-01-31 20:00:00+00:00,23.7,95.28395,1009.33545,4.0249224,116.56499,0.0,100.0,3.0
2023-01-31 21:00:00+00:00,23.7,94.13583,1008.7357,3.396233,147.99466,0.1,100.0,51.0
2023-01-31 22:00:00+00:00,23.5,94.12729,1008.2356,3.5455887,113.962494,0.0,99.0,3.0
2023-01-31 23:00:00+00:00,22.4,96.11603,1007.83386,3.8268526,48.814175,0.0,100.0,3.0
2023-02-01 00:00:00+00:00,22.6,95.82894,1007.9342,4.2136917,340.0168,0.0,100.0,3.0
2023-02-01 01:00:00+00:00,23.55,91.86713,1008.4355,3.396233,32.005356,0.0,100.0,3.0
2023-02-01 02:00:00+00:00,23.55,92.428215,1009.43506,4.5820518,44.999897,0.0,100.0,3.0
2023-02-01 03:00:00+00:00,24.9,89.21009,1010.2368,3.8939953,56.3099,0.0,100.0,3.0
2023-02-01 04:00:00+00:00,26.85,79.238144,1010.6395,1.484318,104.03627,0.0,100.0,3.0
2023-02-01 05:00:00+00:00,28.6,69.61056,1010.2426,2.2768397,198.43504,0.0,100.0,3.0
2023-02-01 06:00:00+00:00,29.4,66.46071,1009.5439,6.193674,234.46223,0.0,99.0,3.0
2023-02-01 07:00:00+00:00,29.0,70.961876,1008.7435,11.090103,234.24602,0.0,100.0,3.0
2023-02-01 08:00:00+00:00,28.4,71.06839,1007.6434,12.768586,229.574,0.0,100.0,3.0
2023-02-01 09:00:00+00:00,28.5,69.803604,1006.444,12.096214,233.47105,0.0,100.0,3.0
2023-02-01 10:00:00+00:00,28.8,69.226746,1005.9446,12.24,241.92761,0.0,99.0,3.0
2023-02-01 11:00:00+00:00,28.2,69.74744,1006.14374,11.183201,236.82147,0.0,99.0,3.0
2023-02-01 12:00:00+00:00,27.65,75.37858,1006.8426,9.726664,231.009,0.0,39.0,1.0
2023-02-01 13:00:00+00:00,26.55,83.3752,1007.4407,6.297428,210.96368,0.0,99.0,3.0
2023-02-01 14:00:00+00:00,26.0,86.387856,1008.83905,7.8625183,164.05453,0.0,100.0,3.0
2023-02-01 15:00:00+00:00,25.7,88.468445,1009.53845,8.287822,145.6196,0.0,100.0,3.0
2023-02-01 16:00:00+00:00,25.05,90.03379,1010.13684,7.5685663,115.34614,0.0,100.0,3.0
2023-02-01 17:00:00+00:00,24.8,90.28874,1010.2366,4.829907,153.43501,0.0,98.0,3.0
2023-02-01 18:00:00+00:00,24.7,91.934105,1009.83673,3.219938,153.43501,0.0,100.0,3.0
2023-02-01 19:00:00+00:00,23.95,93.86188,1009.5356,4.0249224,100.30479,0.0,100.0,3.0
2023-02-01 20:00:00+00:00,23.9,92.44733,1008.9359,3.6179552,84.2895,0.0,99.0,3.0
2023-02-01 21:00:00+00:00,24.6,87.311165,1008.03723,1.2979984,56.309914,0.0,100.0,3.0
2023-02-01 22:00:00+00:00,23.1,93.25339,1007.63525,2.8116899,50.194473,0.0,100.0,3.0
2023-02-01 23:00:00+00:00,23.45,91.58165,1007.8354,5.1919937,33.6901,0.0,100.0,3.0
2023-02-02 00:00:00+00:00,23.45,99.398415,1008.03534,6.638072,102.5288,0.3,100.0,51.0
2023-02-02 01:00:00+00:00,23.75,96.44561,1008.5358,3.219938,153.43501,0.0,100.0,3.0
2023-02-02 02:00:00+00:00,24.55,93.32397,1009.3366,2.5455842,171.86998,0.0,100.0,3.0
2023-02-02 03:00:00+00:00,25.75,90.08314,1010.3381,2.5959969,213.6901,0.0,100.0,3.0
2023-02-02 04:00:00+00:00,26.75,84.91603,1010.8394,3.396233,212.00534,0.0,100.0,3.0
2023-02-02 05:00:00+00:00,27.7,76.53517,1010.441,4.8433046,221.98714,0.0,100.0,3.0
2023-02-02 06:00:00+00:00,27.2,76.45875,1009.8405,4.5820518,224.9999,0.1,100.0,51.0
2023-02-02 07:00:00+00:00,26.8,77.331985,1009.4401,4.6938257,237.52882,0.4,100.0,51.0
2023-02-02 08:00:00+00:00,26.4,80.87534,1008.43994,5.8048253,240.2552,0.8,100.0,53.0
2023-02-02 09:00:00+00:00,26.1,83.82959,1007.23975,7.24486,243.43501,0.2,100.0,51.0
2023-02-02 10:00:00+00:00,26.05,83.570946,1006.64,6.439876,243.43501,0.3,100.0,51.0
2023-02-02 11:00:00+00:00,26.35,81.360374,1006.7407,6.297428,300.96368,0.6,100.0,53.0
2023-02-02 12:00:00+00:00,24.85,88.131775,1007.53784,11.966953,353.08887,0.6,100.0,53.0
2023-02-02 13:00:00+00:00,24.3,84.14283,1008.6366,13.397612,30.699654,0.2,100.0,51.0
2023-02-02 14:00:00+00:00,22.85,98.49525,1009.13385,3.6179552,354.2895,4.9,100.0,63.0
2023-02-02 15:00:00+00:00,23.85,88.85801,1009.9352,4.8433046,318.01288,0.1,100.0,51.0
2023-02-02 16:00:00+00:00,24.15,86.47541,1010.53546,4.8433046,318.01288,0.1,100.0,51.0
2023-02-02 17:00:00+00:00,23.95,88.59532,1010.6351,3.4152596,288.43503,0.0,100.0,3.0
2023-02-02 18:00:00+00:00,24.1,89.42053,1009.9358,7.928177,320.52756,0.0,100.0,3.0
2023-02-02 19:00:00+00:00,24.0,85.14795,1009.5356,5.4477882,7.59456,0.0,100.0,3.0
2023-02-02 20:00:00+00:00,24.3,80.85163,1008.6366,7.42159,337.1663,0.0,100.0,3.0
2023-02-02 21:00:00+00:00,23.4,88.00985,1008.03534,11.384199,341.56494,0.0,100.0,3.0
2023-02-02 22:00:00+00:00,23.3,88.27169,1007.8354,9.83268,336.2505,0.0,100.0,3.0
2023-02-02 23:00:00+00:00,23.4,87.471794,1008.13525,8.39657,329.03632,0.9,100.0,53.0
2023-02-03 00:00:00+00:00,22.9,88.23841,1008.33453,5.0142193,21.037588,0.4,100.0,51.0
2023-02-03 01:00:00+00:00,23.35,86.93197,1008.93494,3.2399998,360.0,0.0,100.0,3.0
2023-02-03 02:00:00+00:00,24.0,83.33878,1010.03534,2.0364676,44.999897,1.1,100.0,55.0
2023-02-03 03:00:00+00:00,23.95,93.57802,1011.0349,3.6,270.0,2.7,100.0,63.0
2023-02-03 04:00:00+00:00,23.8,93.85522,1011.93427,6.130579,273.3664,12.6,100.0,65.0
2023-02-03 05:00:00+00:00,25.0,91.95147,1011.63617,7.145796,319.0857,2.6,99.0,63.0
2023-02-03 06:00:00+00:00,25.65,85.058754,1011.3373,8.14587,315.0001,0.0,100.0,3.0
2023-02-03 07:00:00+00:00,25.75,84.04516,1010.23816,4.1046314,344.7448,0.0,100.0,3.0
2023-02-03 08:00:00+00:00,26.35,81.11433,1008.43994,9.085988,303.6901,0.6,100.0,53.0
2023-02-03 09:00:00+00:00,26.55,81.63186,1007.34064,6.830519,251.56496,0.0,100.0,3.0
2023-02-03 10:00:00+00:00,26.5,81.8728,1007.0406,6.6087217,240.64233,0.2,100.0,51.0
2023-02-03 11:00:00+00:00,26.05,82.06618,1007.23975,8.404285,226.73567,0.1,100.0,51.0
2023-02-03 12:00:00+00:00,26.0,78.400406,1008.13934,8.891344,248.6293,0.0,100.0,3.0
2023-02-03 13:00:00+00:00,25.3,83.74089,1008.8382,9.36,270.0,0.0,100.0,3.0
2023-02-03 14:00:00+00:00,25.2,85.53013,1009.53754,8.557102,292.24908,0.0,100.0,3.0
2023-02-03 15:00:00+00:00,25.25,86.57874,1010.53705,8.913181,316.63654,0.0,100.0,3.0
2023-02-03 16:00:00+00:00,24.9,88.40343,1011.4363,10.483357,344.05453,0.0,100.0,3.0
2023-02-03 17:00:00+00:00,24.5,90.81656,1011.3357,9.107359,341.56494,0.0,100.0,3.0
2023-02-03 18:00:00+00:00,24.25,91.62991,1011.1352,8.373386,334.53668,0.0,100.0,3.0
2023-02-03 19:00:00+00:00,24.15,91.623924,1010.53546,8.699793,335.55606,0.0,100.0,3.0
2023-02-03 20:00:00+00:00,23.9,92.72828,1009.9354,7.9036193,329.9315,0.0,100.0,3.0
2023-02-03 21:00:00+00:00,23.85,92.444565,1008.83563,9.449572,342.25522,0.0,98.0,3.0
2023-02-03 22:00:00+00:00,23.55,91.58773,1008.4355,8.669949,4.763556,0.0,99.0,3.0
2023-02-03 23:00:00+00:00,23.4,89.91604,1007.8354,8.707238,7.12493,0.0,95.0,3.0
2023-02-04 00:00:00+00:00,23.65,86.6934,1007.5359,11.874544,14.036275,0.0,94.0,3.0
2023-02-04 01:00:00+00:00,23.7,85.64117,1008.43585,5.3999996,360.0,0.0,24.0,1.0
2023-02-04 02:00:00+00:00,24.25,84.65412,1009.1361,6.162207,353.29025,0.0,80.0,3.0
2023-02-04 03:00:00+00:00,26.0,82.06009,1010.1384,3.8773184,21.801476,0.0,91.0,3.0
2023-02-04 04:00:00+00:00,27.85,70.32266,1011.0409,6.28713,76.75947,0.0,100.0,3.0
2023-02-04 05:00:00+00:00,28.9,65.554535,1010.94257,8.473393,102.26476,0.0,100.0,3.0
2023-02-04 06:00:00+00:00,29.0,67.60298,1010.7426,7.5685663,154.65387,0.0,100.0,3.0
2023-02-04 07:00:00+00:00,29.15,71.20354,1009.5435,10.390226,194.03627,0.0,99.0,3.0
2023-02-04 08:00:00+00:00,27.95,78.67652,1008.64197,11.966953,186.91113,2.4,100.0,61.0
2023-02-04 09:00:00+00:00,27.3,79.53954,1007.6415,14.003029,197.96924,0.1,100.0,51.0
2023-02-04 10:00:00+00:00,27.4,79.79316,1007.24207,8.699793,204.44394,0.1,100.0,51.0
2023-02-04 11:00:00+00:00,26.8,82.9028,1007.64087,4.5820518,224.9999,0.3,100.0,51.0
2023-02-04 12:00:00+00:00,25.75,89.27463,1008.1391,1.8,233.13002,0.1,100.0,51.0
2023-02-04 13:00:00+00:00,25.35,92.803925,1008.63824,1.2979984,146.3099,0.0,100.0,3.0
2023-02-04 14:00:00+00:00,24.6,94.458176,1009.3366,2.8116899,39.805527,0.0,100.0,3.0
2023-02-04 15:00:00+00:00,24.15,95.58748,1010.3356,3.8773184,68.19853,0.0,100.0,3.0
2023-02-04 16:00:00+00:00,24.65,93.04782,1011.0359,3.9763298,84.805664,0.0,100.0,3.0
2023-02-04 17:00:00+00:00,24.55,91.92544,1011.0359,4.0249224,79.69521,0.0,100.0,3.0
2023-02-04 18:00:00+00:00,23.7,93.56634,1010.6348,5.2416787,74.054535,0.0,100.0,3.0
2023-02-04 19:00:00+00:00,24.05,91.61792,1009.9354,3.5455887,66.037506,0.1,44.0,51.0
2023-02-04 20:00:00+00:00,24.75,88.92872,1009.23706,3.6,143.13002,0.0,100.0,3.0
2023-02-04 21:00:00+00:00,24.2,91.349495,1008.5364,4.6938252,184.39862,0.0,97.0,3.0
2023-02-04 22:00:00+00:00,25.0,89.21769,1008.13776,1.8,90.0,0.0,100.0,3.0
2023-02-04 23:00:00+00:00,23.1,94.685104,1008.135,3.319036,40.601215,0.0,99.0,3.0
2023-02-05 00:00:00+00:00,23.4,96.72913,1007.93536,3.5455887,66.037506,0.0,100.0,3.0
2023-02-05 01:00:00+00:00,23.2,97.904396,1008.3349,2.5455842,44.999897,0.0,100.0,3.0
2023-02-05 02:00:00+00:00,24.15,93.587326,1009.336,1.4399999,180.0,0.0,100.0,3.0
2023-02-05 03:00:00+00:00,25.65,91.98888,1010.2378,1.835647,191.30989,0.0,96.0,3.0
2023-02-05 04:00:00+00:00,26.7,80.66949,1010.63916,1.9386592,158.19853,0.0,95.0,3.0
2023-02-05 05:00:00+00:00,28.0,68.44436,1010.3416,2.2768397,198.43504,0.0,60.0,2.0
2023-02-05 06:00:00+00:00,28.95,64.96685,1009.843,3.6,233.13002,0.0,84.0,3.0
2023-02-05 07:00:00+00:00,29.45,64.67593,1008.9444,4.896529,252.89719,0.0,99.0,3.0
2023-02-05 08:00:00+00:00,29.55,66.89554,1007.74493,7.42159,247.1663,0.0,72.0,2.0
2023-02-05 09:00:00+00:00,29.1,69.70426,1006.9447,11.212135,227.60262,0.0,75.0,2.0
2023-02-05 10:00:00+00:00,28.75,68.17335,1006.54425,11.019764,218.36752,0.0,61.0,2.0
2023-02-05 11:00:00+00:00,28.65,69.408844,1006.8441,6.4096174,218.15727,0.0,93.0,3.0
2023-02-05 12:00:00+00:00,27.7,79.59369,1007.4423,5.4833565,246.80138,0.0,98.0,3.0
2023-02-05 13:00:00+00:00,26.25,86.93264,1007.9398,6.924738,261.02747,0.0,73.0,2.0
2023-02-05 14:00:00+00:00,25.5,86.86428,1008.6385,6.519877,263.6599,0.0,100.0,3.0
2023-02-05 15:00:00+00:00,24.9,88.94048,1009.5372,3.7585104,286.6993,0.0,90.0,3.0
2023-02-05 16:00:00+00:00,24.4,90.26105,1010.3358,5.0911684,315.0001,0.0,95.0,3.0
2023-02-05 17:00:00+00:00,24.5,88.370674,1010.43616,4.8433046,318.01288,0.0,97.0,3.0
2023-02-05 18:00:00+00:00,25.8,82.53551,1010.23816,1.8,360.0,0.0,0.0,0.0
2023-02-05 19:00:00+00:00,25.6,83.01473,1010.0379,0.71999997,90.0,0.0,92.0,3.0
2023-02-05 20:00:00+00:00,25.4,83.24439,1009.4379,0.8049845,63.435013,0.0,93.0,3.0
2023-02-05 21:00:00+00:00,22.7,91.25573,1008.93396,3.8268526,48.814175,0.0,100.0,3.0
2023-02-05 22:00:00+00:00,22.45,89.84732,1008.73346,3.7064266,60.94549,0.0,100.0,3.0
2023-02-05 23:00:00+00:00,22.3,87.91615,1008.8334,5.0142193,68.96242,0.0,100.0,3.0
2023-02-06 00:00:00+00:00,22.6,88.21334,1009.2336,5.4477882,82.40546,0.0,100.0,3.0
2023-02-06 01:00:00+00:00,22.8,83.977684,1010.23334,7.42159,67.16631,0.0,100.0,3.0
2023-02-06 02:00:00+00:00,23.05,79.69181,1011.0333,9.0,73.73973,0.0,91.0,3.0
2023-02-06 03:00:00+00:00,25.4,71.399284,1011.8368,8.654986,73.07241,0.0,98.0,3.0
2023-02-06 04:00:00+00:00,27.55,49.2117,1012.5396,8.473393,77.735245,0.0,83.0,3.0
2023-02-06 05:00:00+00:00,29.2,39.05532,1012.14233,5.0528407,94.08554,0.0,54.0,2.0
2023-02-06 06:00:00+00:00,30.2,37.838135,1011.34424,3.0758414,159.44388,0.0,56.0,2.0
2023-02-06 07:00:00+00:00,30.5,41.62075,1010.34534,4.198285,210.96368,0.0,49.0,1.0
2023-02-06 08:00:00+00:00,29.75,57.62839,1008.94476,8.161764,228.57643,0.0,0.0,0.0
2023-02-06 09:00:00+00:00,28.95,71.59878,1007.744,11.212135,227.60262,0.0,36.0,1.0
2023-02-06 10:00:00+00:00,28.65,68.361694,1007.24396,12.819235,218.15727,0.0,58.0,2.0
2023-02-06 11:00:00+00:00,27.9,72.94683,1007.5425,13.104198,217.18478,0.0,100.0,3.0
2023-02-06 12:00:00+00:00,27.2,78.57091,1007.8414,8.14587,224.9999,0.0,100.0,3.0
2023-02-06 13:00:00+00:00,26.2,85.37215,1008.2397,5.991594,237.26477,0.0,100.0,3.0
2023-02-06 14:00:00+00:00,25.8,87.68101,1008.9388,6.8777895,227.12111,0.0,98.0,3.0
2023-02-06 15:00:00+00:00,25.7,89.270836,1009.9383,8.587338,236.97612,0.0,99.0,3.0
2023-02-06 16:00:00+00:00,25.8,88.210686,1010.93787,6.725354,254.47583,0.0,100.0,3.0
2023-02-06 17:00:00+00:00,24.9,91.39277,1011.2364,4.6800003,292.6199,0.0,100.0,3.0
2023-02-06 18:00:00+00:00,24.75,91.65988,1011.0362,3.7585104,343.3007,0.0,100.0,3.0
2023-02-06 19:00:00+00:00,25.25,88.96772,1010.9369,1.5273507,44.999897,0.1,100.0,51.0
2023-02-06 20:00:00+00:00,23.7,94.13583,1010.5349,3.96,360.0,0.1,100.0,51.0
2023-02-06 21:00:00+00:00,23.7,91.875885,1009.8352,7.5942073,5.4402504,0.0,100.0,3.0
2023-02-06 22:00:00+00:00,23.2,90.730705,1009.43445,7.2359104,5.7105074,0.0,100.0,3.0
2023-02-06 23:00:00+00:00,22.9,85.03399,1009.2342,6.8399997,360.0,0.0,100.0,3.0
2023-02-07 00:00:00+00:00,22.1,87.08602,1010.2325,5.154415,24.775122,0.0,100.0,3.0
2023-02-07 01:00:00+00:00,22.15,84.42901,1010.7323,6.28713,23.629398,0.0,99.0,3.0
2023-02-07 02:00:00+00:00,22.5,81.62799,1011.23267,7.628263,19.290138,0.0,100.0,3.0
2023-02-07 03:00:00+00:00,24.4,78.411674,1012.03503,5.815978,21.801476,0.0,100.0,3.0
2023-02-07 04:00:00+00:00,26.9,64.9369,1012.6386,6.519877,6.3401003,0.0,100.0,3.0
2023-02-07 05:00:00+00:00,29.1,50.090115,1012.5422,5.8603754,349.3804,0.0,58.0,2.0
2023-02-07 06:00:00+00:00,30.5,43.517555,1011.94464,2.968636,284.03625,0.0,99.0,3.0
2023-02-07 07:00:00+00:00,30.6,45.66056,1010.8451,6.12,241.92761,0.0,98.0,3.0
2023-02-07 08:00:00+00:00,29.5,61.036873,1009.744,12.387348,234.46223,0.0,99.0,3.0
2023-02-07 09:00:00+00:00,28.85,59.405033,1008.64355,12.682018,235.40765,0.0,98.0,3.0
2023-02-07 10:00:00+00:00,28.4,60.788795,1007.8433,10.691453,224.9999,0.0,100.0,3.0
2023-02-07 11:00:00+00:00,28.2,65.61075,1008.0429,9.686609,221.98714,0.0,59.0,2.0
2023-02-07 12:00:00+00:00,27.2,71.94224,1008.14124,7.289444,249.77505,0.0,62.0,2.0
2023-02-07 13:00:00+00:00,26.3,77.96705,1008.53955,6.849467,266.98727,0.0,44.0,1.0
2023-02-07 14:00:00+00:00,25.9,78.86594,1009.0387,6.0347,252.64589,0.0,81.0,3.0
2023-02-07 15:00:00+00:00,24.9,87.3378,1009.837,5.495161,238.39255,0.0,96.0,3.0
2023-02-07 16:00:00+00:00,24.95,85.24535,1010.6366,2.5455842,135.0001,0.0,5.0,0.0
2023-02-07 17:00:00+00:00,24.15,87.80508,1010.9353,4.3349743,85.23644,0.0,100.0,3.0
2023-02-07 18:00:00+00:00,23.8,85.65119,1010.7348,7.754637,68.19853,0.0,100.0,3.0
2023-02-07 19:00:00+00:00,23.55,85.88959,1010.0347,5.154415,65.22488,0.0,100.0,3.0
2023-02-07 20:00:00+00:00,23.0,88.5183,1009.2342,3.8268526,41.185837,0.0,100.0,3.0
2023-02-07 21:00:00+00:00,23.3,83.7741,1008.5351,5.8603754,10.61961,0.0,72.0,2.0
2023-02-07 22:00:00+00:00,23.1,83.23536,1008.235,4.68,360.0,0.0,90.0,3.0
2023-02-07 23:00:00+00:00,22.3,87.91615,1008.13367,4.32,360.0,0.0,45.0,1.0
2023-02-08 00:00:00+00:00,21.95,86.53349,1008.73285,4.6102495,51.34017,0.0,55.0,2.0
2023-02-08 01:00:00+00:00,22.7,83.7067,1009.5336,2.1897945,80.53775,0.0,7.0,0.0
2023-02-08 02:00:00+00:00,23.25,80.965706,1010.334,4.6102495,51.34017,0.0,11.0,0.0
2023-02-08 03:00:00+00:00,25.15,80.221664,1011.23676,4.072935,44.999897,0.0,10.0,0.0
2023-02-08 04:00:00+00:00,27.4,69.81054,1011.74,2.4149535,63.435013,0.0,19.0,0.0
2023-02-08 05:00:00+00:00,29.2,55.22357,1011.6426,1.08,180.0,0.0,2.0,0.0
2023-02-08 06:00:00+00:00,30.25,48.68256,1010.74457,2.9024127,209.7448,0.0,2.0,0.0
2023-02-08 07:00:00+00:00,30.6,49.542553,1009.8455,6.297428,210.96368,0.0,30.0,1.0
2023-02-08 08:00:00+00:00,29.65,66.30976,1009.04474,11.770403,203.42871,0.0,100.0,3.0
2023-02-08 09:00:00+00:00,29.15,62.092197,1007.9443,14.689589,197.10281,0.0,100.0,3.0
2023-02-08 10:00:00+00:00,28.9,66.76528,1007.44415,11.753877,207.3498,0.0,100.0,3.0
2023-02-08 11:00:00+00:00,28.5,69.380516,1007.34357,10.97262,228.99101,0.0,96.0,3.0
2023-02-08 12:00:00+00:00,27.3,73.51258,1007.9414,8.287822,235.6196,0.0,93.0,3.0
2023-02-08 13:00:00+00:00,26.4,74.94942,1008.43994,8.891343,238.24055,0.0,100.0,3.0
2023-02-08 14:00:00+00:00,25.7,74.83571,1009.0387,8.557102,247.75093,0.0,93.0,3.0
2023-02-08 15:00:00+00:00,26.0,73.51735,1010.0385,2.9024127,277.1249,0.0,100.0,3.0
2023-02-08 16:00:00+00:00,23.85,87.24423,1010.8347,3.7585104,106.699326,0.0,96.0,3.0
2023-02-08 17:00:00+00:00,23.4,89.91604,1011.2338,4.5536795,108.43504,0.0,100.0,3.0
2023-02-08 18:00:00+00:00,23.65,87.762054,1011.1342,2.8799999,90.0,0.0,99.0,3.0
2023-02-08 19:00:00+00:00,23.0,89.06365,1011.0333,3.8773184,68.19853,0.0,100.0,3.0
2023-02-08 20:00:00+00:00,22.25,90.94687,1010.43243,5.3999996,36.86998,0.0,100.0,3.0
2023-02-08 21:00:00+00:00,21.85,91.766556,1009.832,5.5887027,14.931467,0.0,100.0,3.0
2023-02-08 22:00:00+00:00,22.2,89.00111,1009.53284,4.896529,17.102825,0.0,100.0,3.0
2023-02-08 23:00:00+00:00,22.05,86.00745,1009.43256,6.0347,17.354122,0.0,100.0,3.0
2023-02-09 00:00:00+00:00,22.1,86.54772,1009.3329,6.9527545,21.25058,0.0,76.0,2.0
2023-02-09 01:00:00+00:00,22.25,84.96603,1010.1325,7.0911775,23.962492,0.0,99.0,3.0
2023-02-09 02:00:00+00:00,22.7,83.447556,1011.03296,6.193674,54.46224,0.0,100.0,3.0
2023-02-09 03:00:00+00:00,25.2,78.04574,1012.1363,4.2136917,70.01681,0.0,91.0,3.0
2023-02-09 04:00:00+00:00,27.7,64.704475,1012.83984,2.0991426,59.03632,0.0,94.0,3.0
2023-02-09 05:00:00+00:00,29.25,56.27531,1012.9424,1.2979984,236.3099,0.0,99.0,3.0
2023-02-09 06:00:00+00:00,30.25,51.984028,1012.04395,5.0142193,248.96242,0.0,100.0,3.0
2023-02-09 07:00:00+00:00,30.45,55.700497,1010.84485,7.8954163,245.77226,0.0,100.0,3.0
2023-02-09 08:00:00+00:00,30.0,62.659985,1009.8446,10.97262,228.99101,0.0,94.0,3.0
2023-02-09 09:00:00+00:00,29.8,59.62406,1008.8448,15.30741,221.18582,0.0,89.0,3.0
2023-02-09 10:00:00+00:00,29.1,65.396034,1008.544,13.324863,231.58191,0.0,98.0,3.0
2023-02-09 11:00:00+00:00,28.4,68.94056,1008.44305,11.770403,246.57129,0.0,88.0,3.0
2023-02-09 12:00:00+00:00,27.3,70.8686,1009.0409,8.404285,226.73567,0.0,98.0,3.0
2023-02-09 13:00:00+00:00,26.4,79.90046,1009.7394,5.6233797,219.80553,0.0,65.0,2.0
2023-02-09 14:00:00+00:00,25.9,83.30144,1010.3381,7.42159,255.96373,0.0,97.0,3.0
2023-02-09 15:00:00+00:00,25.05,87.08672,1011.4363,4.5536795,288.43503,0.0,97.0,3.0
2023-02-09 16:00:00+00:00,24.4,89.17183,1012.3349,4.6800003,22.61991,0.0,100.0,3.0
2023-02-09 17:00:00+00:00,23.8,90.77051,1012.7339,4.3498964,65.55606,0.0,86.0,3.0
2023-02-09 18:00:00+00:00,23.4,90.4673,1012.6332,4.8433046,48.01287,0.0,88.0,3.0
2023-02-09 19:00:00+00:00,23.35,88.54676,1012.2334,4.3498964,24.443953,0.0,100.0,3.0
2023-02-09 20:00:00+00:00,22.85,89.32602,1011.73267,4.510787,28.610369,0.0,100.0,3.0
2023-02-09 21:00:00+00:00,23.1,87.445244,1011.0337,4.896529,17.102825,0.0,99.0,3.0
2023-02-09 22:00:00+00:00,23.0,88.24674,1010.73346,6.489992,3.179772,0.0,100.0,3.0
2023-02-09 23:00:00+00:00,22.35,90.11724,1010.73254,4.2136917,19.983198,0.0,100.0,3.0
2023-02-10 00:00:00+00:00,22.6,80.881424,1010.43304,8.557102,22.249071,0.0,99.0,3.0
2023-02-10 01:00:00+00:00,21.95,81.303986,1011.3316,8.714677,38.290207,0.0,100.0,3.0
2023-02-10 02:00:00+00:00,22.45,80.61005,1012.0319,8.4963045,53.61555,0.0,100.0,3.0
2023-02-10 03:00:00+00:00,25.35,75.00944,1013.03625,6.12,90.0,0.0,100.0,3.0
2023-02-10 04:00:00+00:00,28.0,60.50998,1013.54016,4.829907,116.56499,0.0,100.0,3.0
2023-02-10 05:00:00+00:00,29.3,55.765648,1013.54205,4.452954,194.03627,0.0,100.0,3.0
2023-02-10 06:00:00+00:00,29.75,57.62839,1013.1428,6.989936,214.50858,0.0,100.0,3.0
2023-02-10 07:00:00+00:00,29.8,57.640232,1012.1433,9.726664,218.991,0.1,100.0,51.0
2023-02-10 08:00:00+00:00,29.6,61.62306,1010.8435,12.031756,218.92755,0.0,100.0,3.0
2023-02-10 09:00:00+00:00,29.45,63.697247,1009.744,13.979872,214.50858,0.0,100.0,3.0
2023-02-10 10:00:00+00:00,28.95,66.36965,1009.0434,13.849477,207.89717,0.0,100.0,3.0
2023-02-10 11:00:00+00:00,28.25,66.63434,1008.8425,13.479583,214.11452,0.0,91.0,3.0
2023-02-10 12:00:00+00:00,27.35,71.09475,1009.44104,10.182337,224.9999,0.0,63.0,2.0
2023-02-10 13:00:00+00:00,26.5,74.28106,1010.13916,9.021574,208.61037,0.0,100.0,3.0
2023-02-10 14:00:00+00:00,25.95,77.91612,1010.73816,8.699793,204.44394,0.0,60.0,2.0
2023-02-10 15:00:00+00:00,24.75,88.1234,1011.7359,4.32,180.0,0.0,1.0,0.0
2023-02-10 16:00:00+00:00,25.65,81.520065,1012.53674,2.8116899,219.80553,0.0,3.0,0.0
2023-02-10 17:00:00+00:00,24.6,86.25475,1012.43524,4.6800003,247.3801,0.0,21.0,1.0
2023-02-10 18:00:00+00:00,24.15,86.47541,1012.53455,4.5536795,251.56496,0.0,0.0,0.0
2023-02-10 19:00:00+00:00,23.6,86.688736,1012.3337,5.0911684,261.87,0.0,2.0,0.0
2023-02-10 20:00:00+00:00,23.85,84.09353,1011.5344,4.452954,284.03625,0.0,0.0,0.0
2023-02-10 21:00:00+00:00,22.95,87.16322,1010.73346,5.1165614,309.28937,0.0,0.0,0.0
2023-02-10 22:00:00+00:00,22.35,90.39522,1010.4327,5.991594,327.26477,0.0,12.0,0.0
2023-02-10 23:00:00+00:00,21.85,93.47898,1010.6316,5.8048253,330.25522,0.0,23.0,1.0
2023-02-11 00:00:00+00:00,20.4,92.829506,1010.6294,5.8603754,42.510403,0.0,100.0,3.0
2023-02-11 01:00:00+00:00,21.45,88.66614,1011.5306,3.219938,26.564985,0.0,100.0,3.0
2023-02-11 02:00:00+00:00,22.2,85.755714,1012.4315,6.151683,20.556128,0.0,100.0,3.0
2023-02-11 03:00:00+00:00,24.8,78.22794,1013.2352,4.802999,12.99463,0.0,98.0,3.0
2023-02-11 04:00:00+00:00,27.7,61.38813,1013.73944,4.379589,350.53775,0.0,18.0,0.0
2023-02-11 05:00:00+00:00,29.9,35.60674,1013.6429,4.198285,329.03632,0.0,100.0,3.0
2023-02-11 06:00:00+00:00,31.0,32.676167,1013.04486,5.5887027,284.93146,0.0,100.0,3.0
2023-02-11 07:00:00+00:00,30.75,43.310013,1012.14484,9.779817,263.6599,0.0,100.0,3.0
2023-02-11 08:00:00+00:00,29.8,58.17546,1011.2437,13.202726,244.1337,0.0,100.0,3.0
2023-02-11 09:00:00+00:00,29.6,55.150204,1010.14386,14.4,233.13002,0.0,86.0,3.0
2023-02-11 10:00:00+00:00,29.05,57.819374,1009.74347,12.904882,239.85869,0.0,95.0,3.0
2023-02-11 11:00:00+00:00,28.4,58.93381,1009.7425,10.30883,245.22488,0.0,18.0,0.0
2023-02-11 12:00:00+00:00,26.95,64.74633,1009.94025,9.904906,250.9064,0.0,60.0,2.0
2023-02-11 13:00:00+00:00,25.6,70.55606,1010.9375,4.73506,261.2539,0.0,0.0,0.0
2023-02-11 14:00:00+00:00,25.0,75.65012,1011.63617,3.8268526,221.18582,0.0,5.0,0.0
2023-02-11 15:00:00+00:00,24.2,83.61769,1012.7345,4.072935,135.0001,0.0,84.0,3.0
2023-02-11 16:00:00+00:00,24.0,84.88739,1013.53375,3.9763298,95.19434,0.0,88.0,3.0
2023-02-11 17:00:00+00:00,23.65,86.16339,1013.833,3.9763298,84.805664,0.0,95.0,3.0
2023-02-11 18:00:00+00:00,23.9,83.84111,1013.63367,3.9763298,95.19434,0.0,74.0,2.0
2023-02-11 19:00:00+00:00,24.35,81.1071,1013.43445,3.4152596,108.43504,0.0,55.0,2.0
2023-02-11 20:00:00+00:00,23.6,83.036606,1012.7335,2.968636,75.96373,0.0,18.0,0.0
2023-02-11 21:00:00+00:00,21.8,88.41993,1011.931,4.198285,59.03632,0.0,32.0,1.0
2023-02-11 22:00:00+00:00,21.45,84.35288,1011.73047,4.072935,44.999897,0.0,43.0,1.0
2023-02-11 23:00:00+00:00,20.85,85.62001,1011.4297,6.28713,23.629398,0.0,2.0,0.0
2023-02-12 00:00:00+00:00,21.25,89.20322,1011.4303,5.00128,59.743652,0.0,12.0,0.0
2023-02-12 01:00:00+00:00,21.65,87.86026,1012.33057,4.0249224,63.435013,0.0,15.0,0.0
2023-02-12 02:00:00+00:00,22.8,81.15947,1013.23193,2.9024127,29.744795,0.0,95.0,3.0
2023-02-12 03:00:00+00:00,25.35,72.95431,1013.73596,3.4152596,18.435053,0.0,94.0,3.0
2023-02-12 04:00:00+00:00,27.7,62.347683,1014.0393,3.671294,348.6901,0.0,68.0,2.0
2023-02-12 05:00:00+00:00,29.65,46.424896,1013.7426,3.8268526,318.81415,0.0,52.0,2.0
2023-02-12 06:00:00+00:00,30.95,40.305702,1012.645,5.0142193,291.03757,0.0,12.0,0.0
2023-02-12 07:00:00+00:00,31.0,45.624,1011.44556,9.659814,243.43501,0.0,20.0,1.0
2023-02-12 08:00:00+00:00,29.5,58.82605,1010.6436,16.434305,208.8107,0.0,0.0,0.0
2023-02-12 09:00:00+00:00,29.2,57.14267,1009.94336,15.256526,199.29015,0.0,26.0,1.0
2023-02-12 10:00:00+00:00,28.9,62.03697,1009.54315,14.003029,197.96924,0.0,27.0,1.0
2023-02-12 11:00:00+00:00,28.0,62.607098,1009.54193,14.345898,197.52567,0.0,8.0,0.0
2023-02-12 12:00:00+00:00,27.8,63.342056,1009.84143,12.245293,204.30453,0.0,0.0,0.0
2023-02-12 13:00:00+00:00,25.9,76.49233,1010.4381,12.015589,188.61557,0.0,1.0,0.0
2023-02-12 14:00:00+00:00,25.2,79.98317,1010.9369,8.28,180.0,0.0,1.0,0.0
2023-02-12 15:00:00+00:00,24.9,82.17676,1012.3359,4.1046314,142.12495,0.0,1.0,0.0
2023-02-12 16:00:00+00:00,25.35,79.51542,1012.83636,1.8,90.0,0.0,0.0,0.0
2023-02-12 17:00:00+00:00,23.6,88.02678,1013.0334,3.671294,11.3098955,0.0,0.0,0.0
2023-02-12 18:00:00+00:00,22.6,90.69069,1012.53204,5.8048253,7.12493,0.0,0.0,0.0
2023-02-12 19:00:00+00:00,22.55,89.02855,1012.0323,4.68,360.0,0.0,0.0,0.0
2023-02-12 20:00:00+00:00,22.65,88.489746,1011.43256,5.1544156,347.90527,0.0,0.0,0.0
2023-02-12 21:00:00+00:00,22.3,89.559875,1010.93243,5.2416787,344.05453,0.0,0.0,0.0
2023-02-12 22:00:00+00:00,21.95,91.77251,1010.83185,4.198285,329.03632,0.0,0.0,0.0
2023-02-12 23:00:00+00:00,20.55,96.36034,1010.62976,5.6233797,320.1945,0.0,0.0,0.0
2023-02-13 00:00:00+00:00,20.7,94.8841,1010.63,3.5455887,23.962492,0.0,2.0,0.0
2023-02-13 01:00:00+00:00,20.25,93.98562,1011.5286,3.7064266,60.94549,0.0,8.0,0.0
2023-02-13 02:00:00+00:00,21.8,86.78857,1012.4308,4.3349743,94.76356,0.0,5.0,0.0
2023-02-13 03:00:00+00:00,24.35,82.36232,1013.43445,2.3051248,128.65984,0.0,10.0,0.0
2023-02-13 04:00:00+00:00,27.1,74.60687,1013.9384,2.6208394,195.94547,0.0,2.0,0.0
2023-02-13 05:00:00+00:00,28.7,62.183838,1013.64105,5.1165614,230.71062,0.0,1.0,0.0
2023-02-13 06:00:00+00:00,29.8,57.10934,1012.74304,3.8939953,236.3099,0.0,6.0,0.0
2023-02-13 07:00:00+00:00,30.65,53.723717,1011.6447,6.1305785,229.76372,0.0,0.0,0.0
2023-02-13 08:00:00+00:00,30.65,56.438854,1010.4453,9.0,216.86998,0.0,0.0,0.0
2023-02-13 09:00:00+00:00,30.2,57.73485,1009.34515,11.246759,219.80553,0.0,0.0,0.0
2023-02-13 10:00:00+00:00,29.35,61.567455,1008.6443,12.768586,220.426,0.0,0.0,0.0
2023-02-13 11:00:00+00:00,28.3,65.03012,1008.6426,13.608762,217.47626,0.0,0.0,0.0
2023-02-13 12:00:00+00:00,27.2,71.94224,1009.3407,12.313894,232.12495,0.0,0.0,0.0
2023-02-13 13:00:00+00:00,26.55,76.59195,1010.1394,13.18308,235.0079,0.0,0.0,0.0
2023-02-13 14:00:00+00:00,26.0,78.400406,1011.13794,12.783802,237.65257,0.0,0.0,0.0
2023-02-13 15:00:00+00:00,25.8,79.57687,1012.13727,9.107359,251.56496,0.0,0.0,0.0
2023-02-13 16:00:00+00:00,25.4,81.48884,1013.03625,5.5887027,284.93146,0.0,1.0,0.0
2023-02-13 17:00:00+00:00,25.0,83.962875,1013.0355,5.1919937,303.6901,0.0,1.0,0.0
2023-02-13 18:00:00+00:00,23.8,90.21929,1013.03375,4.8965297,323.97253,0.0,2.0,0.0
2023-02-13 19:00:00+00:00,23.3,92.13312,1012.6332,4.829907,333.43503,0.0,3.0,0.0
2023-02-13 20:00:00+00:00,22.75,93.52168,1012.13245,5.4477882,352.40543,0.0,3.0,0.0
2023-02-13 21:00:00+00:00,21.95,94.64004,1011.53156,6.379216,16.389616,0.0,1.0,0.0
2023-02-13 22:00:00+00:00,21.7,94.63019,1011.13135,5.8048253,7.12493,0.0,0.0,0.0
2023-02-13 23:00:00+00:00,21.05,96.07693,1011.1301,4.3498964,24.443953,0.0,26.0,1.0
2023-02-14 00:00:00+00:00,21.3,89.48478,1011.6305,5.1919937,56.309914,0.0,59.0,2.0
2023-02-14 01:00:00+00:00,21.65,78.01133,1012.43054,8.427383,70.01681,0.0,0.0,0.0
2023-02-14 02:00:00+00:00,22.25,70.149155,1013.1311,9.178235,64.440094,0.0,0.0,0.0
2023-02-14 03:00:00+00:00,25.3,58.387203,1013.93585,7.24486,63.435013,0.0,0.0,0.0
2023-02-14 04:00:00+00:00,28.45,40.133163,1014.44037,6.193674,54.46224,0.0,0.0,0.0
2023-02-14 05:00:00+00:00,30.6,29.199308,1013.9437,3.4152596,18.435053,0.0,0.0,0.0
2023-02-14 06:00:00+00:00,31.95,25.038256,1013.046,2.8799999,270.0,0.0,0.0,0.0
2023-02-14 07:00:00+00:00,31.8,30.715189,1012.0465,8.534353,242.35411,0.0,0.0,0.0
2023-02-14 08:00:00+00:00,30.55,46.22648,1010.8451,13.004922,221.63345,0.0,0.0,0.0
2023-02-14 09:00:00+00:00,30.35,40.269417,1009.6454,13.493999,223.91916,0.0,0.0,0.0
2023-02-14 10:00:00+00:00,29.5,46.384712,1008.9444,13.217443,240.64233,0.0,0.0,0.0
2023-02-14 11:00:00+00:00,28.65,55.606945,1008.8432,12.594856,239.03632,0.0,0.0,0.0
2023-02-14 12:00:00+00:00,27.7,62.735172,1009.14154,11.043261,250.9743,0.0,0.0,0.0
2023-02-14 13:00:00+00:00,26.55,66.70088,1009.7396,11.367109,259.046,0.0,0.0,0.0
2023-02-14 14:00:00+00:00,26.15,67.66209,1010.53864,9.178235,281.3099,0.0,0.0,0.0
2023-02-14 15:00:00+00:00,24.8,78.71081,1011.43604,5.04,360.0,0.0,0.0,0.0
2023-02-14 16:00:00+00:00,24.3,79.616165,1011.9351,4.1046314,37.875053,0.0,0.0,0.0
2023-02-14 17:00:00+00:00,24.35,77.68125,1011.9351,6.28713,23.629398,0.0,0.0,0.0
2023-02-14 18:00:00+00:00,23.8,78.325226,1011.7343,5.04,360.0,0.0,0.0,0.0
2023-02-14 19:00:00+00:00,23.25,82.99579,1011.33356,4.452954,345.9637,0.0,0.0,0.0
2023-02-14 20:00:00+00:00,22.1,90.099495,1010.53235,5.8603754,349.3804,0.0,0.0,0.0
2023-02-14 21:00:00+00:00,21.5,91.745636,1009.8317,5.771239,356.42374,0.0,0.0,0.0
2023-02-14 22:00:00+00:00,20.7,92.557106,1009.1307,5.315336,28.30066,0.0,0.0,0.0
2023-02-14 23:00:00+00:00,20.7,86.95739,1009.3306,5.6002855,44.999897,0.0,0.0,0.0
2023-02-15 00:00:00+00:00,21.5,84.62233,1009.53186,7.342588,78.6901,0.0,0.0,0.0
2023-02-15 01:00:00+00:00,21.95,82.070274,1010.532,7.5599995,90.0,0.0,0.0,0.0
2023-02-15 02:00:00+00:00,22.75,79.40263,1011.1329,7.69592,100.784256,0.0,0.0,0.0
2023-02-15 03:00:00+00:00,25.6,70.775,1011.937,4.39436,124.992096,0.0,0.0,0.0
2023-02-15 04:00:00+00:00,27.85,67.58221,1012.4403,5.8048253,172.87508,0.0,0.0,0.0
2023-02-15 05:00:00+00:00,29.25,60.235046,1012.3426,7.968939,198.43504,0.0,2.0,0.0
2023-02-15 06:00:00+00:00,30.4,52.83623,1011.54456,9.085988,213.6901,0.0,42.0,1.0
2023-02-15 07:00:00+00:00,30.35,54.99312,1010.44507,14.618837,232.0012,0.0,40.0,1.0
2023-02-15 08:00:00+00:00,29.5,54.614082,1009.744,18.775303,237.52882,0.0,8.0,0.0
2023-02-15 09:00:00+00:00,29.7,50.403725,1008.5449,17.238699,241.29414,0.0,2.0,0.0
2023-02-15 10:00:00+00:00,29.2,55.568233,1007.8443,16.80857,226.73567,0.0,1.0,0.0
2023-02-15 11:00:00+00:00,28.2,65.20916,1007.74304,15.1884165,211.42952,0.0,0.0,0.0
2023-02-15 12:00:00+00:00,27.45,67.71074,1007.7418,13.044722,219.40063,0.0,0.0,0.0
2023-02-15 13:00:00+00:00,26.55,71.386826,1008.2403,13.237038,224.9999,0.0,0.0,0.0
2023-02-15 14:00:00+00:00,25.85,69.30261,1009.23865,7.10031,239.53453,0.0,0.0,0.0
2023-02-15 15:00:00+00:00,24.8,74.920006,1010.2366,3.396233,327.99466,0.0,0.0,0.0
2023-02-15 16:00:00+00:00,24.6,75.352806,1010.9359,5.0528407,4.085537,0.0,0.0,0.0
2023-02-15 17:00:00+00:00,24.15,76.93348,1011.23517,6.28713,13.240531,0.0,0.0,0.0
2023-02-15 18:00:00+00:00,23.75,77.83349,1011.03467,8.905908,14.036275,0.0,0.0,0.0
2023-02-15 19:00:00+00:00,23.3,79.232254,1010.4342,8.707238,7.12493,0.0,0.0,0.0
2023-02-15 20:00:00+00:00,23.05,80.43859,1009.73395,7.208994,357.13766,0.0,0.0,0.0
2023-02-15 21:00:00+00:00,22.75,83.71233,1008.93396,5.8603754,349.3804,0.0,0.0,0.0
2023-02-15 22:00:00+00:00,20.9,92.56798,1008.6313,6.0347,342.64587,0.0,0.0,0.0
2023-02-15 23:00:00+00:00,20.05,94.564384,1008.5298,6.5693827,9.462261,0.0,4.0,0.0
2023-02-16 00:00:00+00:00,21.2,85.121254,1009.0314,6.0347,72.64589,0.0,5.0,0.0
2023-02-16 01:00:00+00:00,21.75,80.51749,1010.03186,8.311245,85.03035,0.0,0.0,0.0
2023-02-16 02:00:00+00:00,22.7,76.231766,1010.7331,8.311245,85.03035,0.0,1.0,0.0
2023-02-16 03:00:00+00:00,25.95,63.532623,1011.3379,6.519877,83.659904,0.0,0.0,0.0
2023-02-16 04:00:00+00:00,28.5,49.461464,1011.9415,3.9763298,95.19434,0.0,0.0,0.0
2023-02-16 05:00:00+00:00,30.4,36.925392,1011.9444,2.16,180.0,0.0,2.0,0.0
2023-02-16 06:00:00+00:00,31.55,31.981434,1011.2465,2.9024127,209.7448,0.0,78.0,2.0
2023-02-16 07:00:00+00:00,31.5,37.832462,1010.2467,6.618519,224.9999,0.0,54.0,2.0
2023-02-16 08:00:00+00:00,30.6,53.877563,1009.1459,8.942214,220.10085,0.0,60.0,2.0
2023-02-16 09:00:00+00:00,30.55,55.2121,1007.7465,10.1887,212.00534,0.0,86.0,3.0
2023-02-16 10:00:00+00:00,30.5,55.541252,1006.84686,10.799999,216.86998,0.0,49.0,1.0
2023-02-16 11:00:00+00:00,29.7,59.053974,1006.8457,11.988594,221.34767,0.0,77.0,2.0
2023-02-16 12:00:00+00:00,27.6,67.53268,1007.7422,13.237039,247.61981,0.0,75.0,2.0
2023-02-16 13:00:00+00:00,26.4,73.35991,1008.1401,11.620809,253.81071,0.0,27.0,1.0
2023-02-16 14:00:00+00:00,26.2,75.14676,1008.9394,9.178235,258.6901,0.0,0.0,0.0
2023-02-16 15:00:00+00:00,25.75,77.88697,1010.23816,7.771331,283.39252,0.0,0.0,0.0
2023-02-16 16:00:00+00:00,25.5,79.2932,1011.1373,7.0911775,293.9625,0.0,0.0,0.0
2023-02-16 17:00:00+00:00,25.15,81.45753,1011.5366,5.3999996,306.86996,0.0,2.0,0.0
2023-02-16 18:00:00+00:00,24.05,86.99604,1011.3347,3.8939953,326.3099,0.0,56.0,2.0
2023-02-16 19:00:00+00:00,23.4,89.094734,1011.13385,4.2136917,340.0168,0.0,90.0,3.0
2023-02-16 20:00:00+00:00,22.35,91.79634,1010.6325,6.489992,326.3099,0.0,88.0,3.0
2023-02-16 21:00:00+00:00,22.55,90.13144,1010.0332,3.96,360.0,0.0,79.0,2.0
2023-02-16 22:00:00+00:00,21.6,89.78524,1009.8317,4.3498964,65.55606,0.0,80.0,3.0
2023-02-16 23:00:00+00:00,21.4,87.29344,1010.13116,8.209263,74.74483,0.0,82.0,3.0
2023-02-17 00:00:00+00:00,22.15,80.82279,1010.63226,11.726277,72.12121,0.0,88.0,3.0
2023-02-17 01:00:00+00:00,22.35,75.699,1011.2323,11.631956,68.19853,0.0,91.0,3.0
2023-02-17 02:00:00+00:00,23.3,68.809746,1011.93353,13.392774,53.74608,0.0,89.0,3.0
2023-02-17 03:00:00+00:00,26.45,55.59117,1012.5381,11.384198,55.304783,0.0,86.0,3.0
2023-02-17 04:00:00+00:00,28.55,47.17165,1012.94104,9.028754,94.57384,0.0,91.0,3.0
2023-02-17 05:00:00+00:00,30.0,44.077637,1012.6433,4.6102495,128.65984,0.0,87.0,3.0
2023-02-17 06:00:00+00:00,31.3,40.01743,1011.8456,4.1046314,195.25517,0.0,100.0,3.0
2023-02-17 07:00:00+00:00,31.45,40.314606,1010.84644,8.161764,228.57643,0.0,94.0,3.0
2023-02-17 08:00:00+00:00,30.4,50.269768,1009.74536,14.168641,242.78397,0.0,82.0,3.0
2023-02-17 09:00:00+00:00,30.2,49.59349,1008.54553,15.1884165,238.57048,0.0,85.0,3.0
2023-02-17 10:00:00+00:00,30.0,49.23155,1007.9455,16.08761,229.53786,0.0,83.0,3.0
2023-02-17 11:00:00+00:00,28.55,58.06057,1007.8433,16.055355,222.27362,0.0,82.0,3.0
2023-02-17 12:00:00+00:00,27.05,66.59616,1008.241,8.78872,214.9921,0.0,33.0,1.0
2023-02-17 13:00:00+00:00,26.45,68.564735,1008.7398,1.484318,194.03627,0.0,74.0,2.0
2023-02-17 14:00:00+00:00,25.9,71.489624,1009.6384,3.9763298,354.80566,0.0,65.0,2.0
2023-02-17 15:00:00+00:00,25.55,78.576035,1011.0374,11.592895,334.2307,0.0,66.0,2.0
2023-02-17 16:00:00+00:00,25.6,73.90357,1011.63715,10.137692,343.49554,0.0,6.0,0.0
2023-02-17 17:00:00+00:00,24.65,73.28679,1012.0354,9.007196,2.2905633,0.0,0.0,0.0
2023-02-17 18:00:00+00:00,24.15,70.949265,1012.23474,7.5685663,2.7262611,0.0,0.0,0.0
2023-02-17 19:00:00+00:00,24.0,70.478355,1011.83453,7.208994,357.13766,0.0,0.0,0.0
2023-02-17 20:00:00+00:00,23.5,72.17711,1011.2342,6.849467,356.98727,0.0,0.0,0.0
2023-02-17 21:00:00+00:00,23.1,73.70997,1010.83374,5.8603754,349.3804,0.0,0.0,0.0
2023-02-17 22:00:00+00:00,22.5,75.24829,1010.6329,5.4119864,356.186,0.0,62.0,2.0
2023-02-17 23:00:00+00:00,21.5,77.98918,1010.63135,4.6800003,22.61991,0.0,69.0,2.0
2023-02-18 00:00:00+00:00,20.05,87.17096,1011.2286,6.638072,40.601215,0.0,66.0,2.0
2023-02-18 01:00:00+00:00,21.6,78.99312,1012.0307,4.6102495,51.34017,0.0,71.0,2.0
2023-02-18 02:00:00+00:00,22.65,74.5661,1012.9319,8.913181,46.636536,0.0,48.0,1.0
2023-02-18 03:00:00+00:00,26.3,60.30946,1013.53723,7.386582,46.97493,0.0,48.0,1.0
2023-02-18 04:00:00+00:00,28.8,41.55373,1013.84094,6.12,28.072395,0.0,46.0,1.0
2023-02-18 05:00:00+00:00,30.75,33.80283,1013.54425,3.7585104,343.3007,0.0,68.0,2.0
2023-02-18 06:00:00+00:00,32.2,30.925627,1012.247,4.5536795,288.43503,0.0,59.0,2.0
2023-02-18 07:00:00+00:00,32.9,30.81477,1010.74866,7.5599995,270.0,0.0,16.0,0.0
2023-02-18 08:00:00+00:00,32.75,36.27973,1009.349,11.542478,266.42374,0.0,12.0,0.0
2023-02-18 09:00:00+00:00,31.8,42.778694,1008.4481,13.698934,266.98727,0.0,13.0,0.0
2023-02-18 10:00:00+00:00,30.5,47.540348,1008.1463,15.484185,252.40749,0.0,0.0,0.0
2023-02-18 11:00:00+00:00,28.85,53.440456,1008.44366,14.578888,249.77505,0.0,0.0,0.0
2023-02-18 12:00:00+00:00,27.5,59.461388,1008.8413,11.928989,264.80566,0.0,0.0,0.0
2023-02-18 13:00:00+00:00,27.0,64.157036,1009.5404,7.5942073,275.44025,0.0,0.0,0.0
2023-02-18 14:00:00+00:00,26.75,66.12436,1010.33966,8.699793,245.55606,0.0,0.0,0.0
2023-02-18 15:00:00+00:00,25.2,72.47804,1011.63654,4.0249224,10.304792,0.0,0.0,0.0
2023-02-18 16:00:00+00:00,25.25,72.26266,1012.63605,3.9763298,5.19435,0.0,0.0,0.0
2023-02-18 17:00:00+00:00,24.7,73.0681,1013.0353,4.5536795,18.435053,0.0,0.0,0.0
2023-02-18 18:00:00+00:00,24.35,71.87834,1013.1345,4.2136917,19.983198,0.0,0.0,0.0
2023-02-18 19:00:00+00:00,24.5,70.13179,1012.6351,5.3517847,19.653913,0.0,0.0,0.0
2023-02-18 20:00:00+00:00,23.95,71.80645,1011.83453,5.154415,24.775122,0.0,0.0,0.0
2023-02-18 21:00:00+00:00,23.25,75.13443,1011.33356,3.8268526,48.814175,0.0,0.0,0.0
2023-02-18 22:00:00+00:00,22.8,76.72665,1011.2329,4.2136917,70.01681,0.0,0.0,0.0
2023-02-18 23:00:00+00:00,22.45,78.12888,1011.1323,5.1544156,77.90526,0.0,0.0,0.0
2023-02-19 00:00:00+00:00,21.45,76.03433,1011.3306,5.5887027,75.068535,0.0,0.0,0.0
2023-02-19 01:00:00+00:00,21.9,73.97128,1012.0313,7.072878,75.25639,0.0,1.0,0.0
2023-02-19 02:00:00+00:00,22.8,71.59843,1012.83215,7.4128532,60.94549,0.0,1.0,0.0
2023-02-19 03:00:00+00:00,26.25,59.356464,1013.4373,5.00128,59.743652,0.0,0.0,0.0
2023-02-19 04:00:00+00:00,28.85,48.621025,1013.6413,2.9024127,82.875084,0.0,0.0,0.0
2023-02-19 05:00:00+00:00,30.65,42.196167,1013.14404,3.096837,234.46223,0.0,0.0,0.0
2023-02-19 06:00:00+00:00,31.05,44.082676,1012.24524,10.1887,237.99466,0.0,0.0,0.0
2023-02-19 07:00:00+00:00,30.35,48.25261,1011.2447,15.580141,229.68597,0.0,99.0,3.0
2023-02-19 08:00:00+00:00,30.25,45.566616,1010.2448,16.279802,215.09589,0.0,97.0,3.0
2023-02-19 09:00:00+00:00,30.1,51.623093,1009.34515,14.081477,237.52882,0.0,6.0,0.0
2023-02-19 10:00:00+00:00,30.2,48.5169,1008.64545,14.84318,255.96373,0.0,0.0,0.0
2023-02-19 11:00:00+00:00,29.4,49.074482,1008.8442,12.4811535,236.76828,0.0,1.0,0.0
2023-02-19 12:00:00+00:00,28.05,63.59201,1009.442,10.883676,235.78424,0.0,0.0,0.0
2023-02-19 13:00:00+00:00,26.95,73.00595,1010.04016,8.14587,224.9999,0.0,0.0,0.0
2023-02-19 14:00:00+00:00,26.45,74.27279,1010.6389,7.928177,219.47243,0.0,0.0,0.0
2023-02-19 15:00:00+00:00,25.4,80.254814,1011.7369,3.4152596,108.43504,0.0,0.0,0.0
2023-02-19 16:00:00+00:00,24.8,83.175545,1012.4356,3.563818,44.999897,0.0,0.0,0.0
2023-02-19 17:00:00+00:00,24.9,80.43464,1012.83563,4.6102495,38.65983,0.0,0.0,0.0
2023-02-19 18:00:00+00:00,24.75,78.22071,1012.8354,4.5536795,18.435053,0.0,0.0,0.0
2023-02-19 19:00:00+00:00,24.3,78.3973,1012.3349,4.73506,351.2539,0.0,0.0,0.0
2023-02-19 20:00:00+00:00,24.15,78.86172,1011.63495,6.924738,351.02744,0.0,0.0,0.0
2023-02-19 21:00:00+00:00,23.9,78.09732,1011.1348,6.87779,353.9911,0.0,0.0,0.0
2023-02-19 22:00:00+00:00,23.7,75.91391,1010.6348,7.208994,2.8623457,0.0,0.0,0.0
2023-02-19 23:00:00+00:00,23.5,75.88224,1010.53455,7.92,360.0,0.0,0.0,0.0
2023-02-20 00:00:00+00:00,23.05,79.44422,1010.53357,5.1165614,50.710617,0.0,2.0,0.0
2023-02-20 01:00:00+00:00,23.5,77.07384,1011.43414,4.0249224,63.435013,0.0,3.0,0.0
2023-02-20 02:00:00+00:00,24.5,73.71787,1012.1353,4.829907,63.435013,0.0,3.0,0.0
2023-02-20 03:00:00+00:00,27.2,63.80296,1012.9391,3.319036,49.398785,0.0,0.0,0.0
2023-02-20 04:00:00+00:00,29.4,55.101128,1013.24225,2.2768397,161.56496,0.0,0.0,0.0
2023-02-20 05:00:00+00:00,30.75,50.8324,1013.2444,7.2,216.86998,0.0,0.0,0.0
2023-02-20 06:00:00+00:00,30.9,53.620144,1012.64465,12.229406,227.38597,0.0,11.0,0.0
2023-02-20 07:00:00+00:00,30.0,54.907227,1011.7438,16.800856,224.9999,0.0,12.0,0.0
2023-02-20 08:00:00+00:00,29.55,56.522587,1010.8435,15.072783,220.15593,0.1,20.0,51.0
2023-02-20 09:00:00+00:00,30.45,59.04655,1010.0452,14.081477,237.52882,0.0,27.0,1.0
2023-02-20 10:00:00+00:00,30.35,56.540485,1009.74536,13.854155,245.43285,0.0,31.0,1.0
2023-02-20 11:00:00+00:00,29.4,64.8628,1009.9437,14.186923,234.29321,0.0,10.0,0.0
2023-02-20 12:00:00+00:00,28.15,67.84866,1010.24164,9.387651,237.52882,0.0,45.0,1.0
2023-02-20 13:00:00+00:00,27.55,73.554794,1010.7405,11.246759,219.80553,0.0,66.0,2.0
2023-02-20 14:00:00+00:00,27.2,74.85051,1011.7396,6.830519,198.43504,0.0,57.0,2.0
2023-02-20 15:00:00+00:00,26.9,76.180786,1012.4387,5.3517847,222.27362,0.0,5.0,0.0
2023-02-20 16:00:00+00:00,26.15,81.33527,1013.1374,3.6,216.86998,0.0,8.0,0.0
2023-02-20 17:00:00+00:00,26.55,77.766525,1013.238,1.1384199,108.43504,0.0,25.0,1.0
2023-02-20 18:00:00+00:00,24.85,87.33337,1013.13525,4.6102495,51.34017,0.0,39.0,1.0
2023-02-20 19:00:00+00:00,24.9,84.46518,1012.53577,3.8939953,33.6901,0.0,99.0,3.0
2023-02-20 20:00:00+00:00,24.65,82.398384,1011.83545,5.634891,26.564985,0.0,100.0,3.0
2023-02-20 21:00:00+00:00,24.3,81.60096,1011.3353,7.628263,19.290138,0.0,100.0,3.0
2023-02-20 22:00:00+00:00,24.0,82.32017,1010.93494,7.9932976,7.7650824,0.0,96.0,3.0
2023-02-20 23:00:00+00:00,23.95,81.30615,1010.6351,8.287822,357.5105,0.0,25.0,1.0
2023-02-21 00:00:00+00:00,23.3,89.360214,1011.03394,4.3349743,355.23645,0.0,4.0,0.0
2023-02-21 01:00:00+00:00,23.8,85.65119,1011.5344,3.0758414,339.44388,0.0,1.0,0.0
2023-02-21 02:00:00+00:00,24.6,82.14035,1012.2353,0.8049845,116.56499,0.0,3.0,0.0
2023-02-21 03:00:00+00:00,26.8,72.313034,1013.03845,2.8116899,129.80553,0.0,2.0,0.0
2023-02-21 04:00:00+00:00,29.0,61.489418,1013.4414,2.2768397,198.43504,0.0,0.0,0.0
2023-02-21 05:00:00+00:00,30.45,56.564503,1013.34375,5.3517847,227.72638,0.0,0.0,0.0
2023-02-21 06:00:00+00:00,31.2,54.19273,1012.64526,8.78872,235.0079,0.1,35.0,51.0
2023-02-21 07:00:00+00:00,30.65,60.184593,1011.6447,12.979984,236.3099,0.1,22.0,51.0
2023-02-21 08:00:00+00:00,30.25,62.144524,1010.74457,15.629971,231.54626,0.0,23.0,1.0
2023-02-21 09:00:00+00:00,30.0,63.235,1009.9446,15.629971,231.54626,0.0,32.0,1.0
2023-02-21 10:00:00+00:00,30.35,61.414024,1009.4455,15.315873,240.42226,0.0,25.0,1.0
2023-02-21 11:00:00+00:00,29.2,69.30241,1009.64343,17.373497,235.9806,0.0,19.0,0.0
2023-02-21 12:00:00+00:00,27.8,74.72083,1010.0414,13.830749,218.65984,0.0,25.0,1.0
2023-02-21 13:00:00+00:00,27.2,76.690956,1010.54016,12.387348,215.53777,0.0,9.0,0.0
2023-02-21 14:00:00+00:00,26.7,80.66949,1011.43884,7.42159,165.96373,0.0,27.0,1.0
2023-02-21 15:00:00+00:00,26.4,81.86059,1012.5381,5.1919937,146.3099,0.0,14.0,0.0
2023-02-21 16:00:00+00:00,25.95,84.06696,1013.0371,2.9024127,119.74479,0.0,6.0,0.0
2023-02-21 17:00:00+00:00,25.95,84.06696,1013.0371,1.8,90.0,0.0,3.0,0.0
2023-02-21 18:00:00+00:00,24.9,89.480385,1012.83563,2.8116899,50.194473,0.0,1.0,0.0
2023-02-21 19:00:00+00:00,24.75,89.198616,1012.23566,3.8268526,41.185837,0.0,0.0,0.0
2023-02-21 20:00:00+00:00,23.6,92.71249,1011.43414,4.3349743,41.63345,0.0,0.0,0.0
2023-02-21 21:00:00+00:00,23.1,92.96932,1010.7338,5.1919937,33.6901,0.0,0.0,0.0
2023-02-21 22:00:00+00:00,23.0,91.5543,1010.43365,4.6938257,32.471172,0.0,0.0,0.0
2023-02-21 23:00:00+00:00,22.0,93.77395,1010.3321,5.3517847,47.72637,0.0,0.0,0.0
2023-02-22 00:00:00+00:00,22.8,90.42619,1010.6331,4.3349743,48.366554,0.0,5.0,0.0
2023-02-22 01:00:00+00:00,22.9,89.32982,1011.0333,4.3349743,48.366554,0.0,0.0,0.0
2023-02-22 02:00:00+00:00,23.8,83.82996,1011.93427,6.297428,59.03632,0.0,2.0,0.0
2023-02-22 03:00:00+00:00,26.8,72.313034,1012.7386,4.5536795,71.564964,0.0,0.0,0.0
2023-02-22 04:00:00+00:00,29.9,41.19087,1013.04315,3.671294,78.6901,0.0,0.0,0.0
2023-02-22 05:00:00+00:00,31.65,35.400482,1012.74585,0.35999998,270.0,0.0,0.0,0.0
2023-02-22 06:00:00+00:00,32.2,37.18489,1011.94714,8.089993,249.14546,0.0,0.0,0.0
2023-02-22 07:00:00+00:00,31.2,53.20072,1010.94604,15.349684,230.7106,0.0,0.0,0.0
2023-02-22 08:00:00+00:00,31.3,45.41824,1009.9465,16.418526,217.87505,0.0,0.0,0.0
2023-02-22 09:00:00+00:00,30.6,51.911465,1009.34576,18.899143,220.36446,0.0,3.0,0.0
2023-02-22 10:00:00+00:00,28.45,63.678024,1008.8429,19.386593,201.80147,0.0,13.0,0.0
2023-02-22 11:00:00+00:00,29.0,59.439713,1008.64355,15.596767,198.85326,0.0,0.0,0.0
2023-02-22 12:00:00+00:00,28.65,62.556725,1008.8432,16.135872,218.65984,0.0,0.0,0.0
2023-02-22 13:00:00+00:00,27.05,68.049644,1009.4405,14.773164,223.02507,0.0,2.0,0.0
2023-02-22 14:00:00+00:00,26.55,72.491196,1010.2394,7.386582,223.02507,0.0,3.0,0.0
2023-02-22 15:00:00+00:00,26.35,75.86333,1011.23865,4.6800003,247.3801,0.0,0.0,0.0
2023-02-22 16:00:00+00:00,25.1,82.70413,1012.0364,5.0911684,315.0001,0.0,0.0,0.0
2023-02-22 17:00:00+00:00,25.5,77.612206,1012.3368,8.12197,12.804273,0.0,0.0,0.0
2023-02-22 18:00:00+00:00,25.0,73.11993,1012.3359,10.028439,21.037588,0.0,0.0,0.0
2023-02-22 19:00:00+00:00,24.65,70.81999,1011.9355,8.766573,19.179106,0.0,0.0,0.0
2023-02-22 20:00:00+00:00,23.6,72.648964,1011.0343,5.4833565,23.198618,0.0,0.0,0.0
2023-02-22 21:00:00+00:00,21.7,78.26483,1010.5316,7.491114,35.217674,0.0,8.0,0.0
2023-02-22 22:00:00+00:00,20.9,77.65373,1010.4305,6.9247384,62.10283,0.0,15.0,0.0
2023-02-22 23:00:00+00:00,21.45,72.03732,1010.631,6.379216,73.61038,0.0,49.0,1.0
2023-02-23 00:00:00+00:00,23.35,59.050484,1010.7341,14.205182,81.25392,0.0,63.0,2.0
2023-02-23 01:00:00+00:00,23.25,56.052242,1011.1336,11.874544,75.96373,0.0,97.0,3.0
2023-02-23 02:00:00+00:00,24.0,54.627235,1011.9345,8.427383,70.01681,0.0,97.0,3.0
2023-02-23 03:00:00+00:00,26.55,47.701347,1012.63824,5.5887027,75.068535,0.0,97.0,3.0
2023-02-23 04:00:00+00:00,28.15,42.59873,1012.74054,2.5455842,44.999897,0.0,97.0,3.0
2023-02-23 05:00:00+00:00,29.55,39.279392,1012.5428,1.8,306.86996,0.0,86.0,3.0
2023-02-23 06:00:00+00:00,30.75,36.78388,1011.84503,4.896529,252.89719,0.0,81.0,3.0
2023-02-23 07:00:00+00:00,30.85,39.133892,1010.6455,10.691453,224.9999,0.0,22.0,1.0
2023-02-23 08:00:00+00:00,30.2,42.613605,1009.645,15.876775,212.9694,0.0,0.0,0.0
2023-02-23 09:00:00+00:00,30.25,40.63106,1008.4456,16.1198,209.42737,0.0,10.0,0.0
2023-02-23 10:00:00+00:00,30.65,39.8384,1007.64655,14.8257065,209.0545,0.0,0.0,0.0
2023-02-23 11:00:00+00:00,28.8,51.93967,1007.94366,19.130875,199.79897,0.0,0.0,0.0
2023-02-23 12:00:00+00:00,27.75,52.9954,1008.8417,14.003028,223.95847,0.0,0.0,0.0
2023-02-23 13:00:00+00:00,27.45,57.618553,1009.34106,13.755579,227.12111,0.0,0.0,0.0
2023-02-23 14:00:00+00:00,26.7,62.710392,1009.9395,11.435313,241.8215,0.0,0.0,0.0
2023-02-23 15:00:00+00:00,25.7,66.73555,1010.93787,3.8939953,303.6901,0.0,0.0,0.0
2023-02-23 16:00:00+00:00,25.55,66.08293,1011.83704,6.439876,26.564985,0.0,0.0,0.0
2023-02-23 17:00:00+00:00,25.1,65.98981,1011.8364,8.854829,26.564985,0.0,0.0,0.0
2023-02-23 18:00:00+00:00,24.6,67.776024,1011.63556,8.905908,14.036275,0.0,0.0,0.0
2023-02-23 19:00:00+00:00,24.15,68.97523,1010.9353,8.473393,12.26477,0.0,2.0,0.0
2023-02-23 20:00:00+00:00,23.55,72.6402,1010.3346,8.557102,14.620926,0.0,17.0,0.0
2023-02-23 21:00:00+00:00,23.1,75.58181,1009.53436,7.5170207,16.699326,0.0,86.0,3.0
2023-02-23 22:00:00+00:00,22.6,76.69575,1009.63336,7.7043357,37.405437,0.0,18.0,0.0
2023-02-23 23:00:00+00:00,21.95,76.83678,1009.43256,5.692099,34.69522,0.0,24.0,1.0
2023-02-24 00:00:00+00:00,21.6,87.85593,1009.9317,4.6938257,32.471172,0.0,11.0,0.0
2023-02-24 01:00:00+00:00,21.95,80.29202,1010.83185,5.1544156,77.90526,0.0,89.0,3.0
2023-02-24 02:00:00+00:00,23.1,72.56083,1011.9333,6.519877,96.340096,0.0,7.0,0.0
2023-02-24 03:00:00+00:00,26.45,60.343918,1012.738,4.379589,99.46225,0.0,47.0,1.0
2023-02-24 04:00:00+00:00,28.8,51.1287,1013.3412,2.3051248,231.34016,0.0,19.0,0.0
2023-02-24 05:00:00+00:00,29.95,49.528385,1013.24304,8.654986,253.0724,0.0,0.0,0.0
2023-02-24 06:00:00+00:00,30.25,50.388172,1012.6437,14.021525,240.80261,0.0,0.0,0.0
2023-02-24 07:00:00+00:00,29.7,51.359978,1011.9434,17.10284,229.26797,0.0,0.0,0.0
2023-02-24 08:00:00+00:00,29.95,52.72286,1011.04407,15.7908325,223.1524,0.0,0.0,0.0
2023-02-24 09:00:00+00:00,30.05,55.26046,1010.24445,14.77755,235.92276,0.0,7.0,0.0
2023-02-24 10:00:00+00:00,29.9,53.204754,1009.64465,14.24163,249.27435,0.0,9.0,0.0
2023-02-24 11:00:00+00:00,28.9,63.57935,1009.943,14.88242,237.84773,0.0,3.0,0.0
2023-02-24 12:00:00+00:00,27.85,63.15739,1010.34125,12.594856,239.03632,0.0,7.0,0.0
2023-02-24 13:00:00+00:00,27.25,67.879745,1011.23987,11.212135,227.60262,0.0,9.0,0.0
2023-02-24 14:00:00+00:00,26.9,68.44086,1012.0389,8.0899935,237.72438,0.0,1.0,0.0
2023-02-24 15:00:00+00:00,26.7,69.037735,1013.0381,5.5887027,255.06853,0.0,1.0,0.0
2023-02-24 16:00:00+00:00,25.95,72.609375,1013.83673,3.671294,348.6901,0.0,4.0,0.0
2023-02-24 17:00:00+00:00,25.45,74.79493,1014.0358,3.9763298,354.80566,0.0,2.0,0.0
2023-02-24 18:00:00+00:00,24.8,77.50853,1014.03485,5.0911684,8.130019,0.0,1.0,0.0
2023-02-24 19:00:00+00:00,24.75,76.314575,1013.33514,3.9763298,354.80566,0.0,0.0,0.0
2023-02-24 20:00:00+00:00,24.85,73.77717,1012.5355,8.287822,357.5105,0.0,0.0,0.0
2023-02-24 21:00:00+00:00,24.4,75.08736,1011.9351,8.4042845,350.13425,0.0,0.0,0.0
2023-02-24 22:00:00+00:00,24.1,76.21327,1011.9349,8.4042845,350.13425,0.0,14.0,0.0
2023-02-24 23:00:00+00:00,23.8,77.5997,1011.8343,7.42159,345.9637,0.0,42.0,1.0
2023-02-25 00:00:00+00:00,23.7,84.85596,1011.8343,7.6367526,351.87,0.0,2.0,0.0
2023-02-25 01:00:00+00:00,23.55,84.31974,1012.63354,7.2805495,351.4693,0.0,0.0,0.0
2023-02-25 02:00:00+00:00,23.85,79.0637,1013.33356,6.6185193,22.380184,0.0,0.0,0.0
2023-02-25 03:00:00+00:00,26.5,67.10534,1014.1373,4.6102495,38.65983,0.0,0.0,0.0
2023-02-25 04:00:00+00:00,29.6,54.808792,1014.3419,3.8773184,111.801476,0.0,0.0,0.0
2023-02-25 05:00:00+00:00,31.45,45.173954,1014.5448,5.937272,194.03627,0.0,0.0,0.0
2023-02-25 06:00:00+00:00,31.65,49.35366,1013.84534,10.685391,212.61923,0.0,12.0,0.0
2023-02-25 07:00:00+00:00,30.5,58.161083,1012.9442,15.683774,211.86594,0.0,27.0,1.0
2023-02-25 08:00:00+00:00,29.65,58.319664,1012.1433,16.904673,206.56499,0.0,19.0,0.0
2023-02-25 09:00:00+00:00,30.0,59.305153,1011.04407,14.973577,207.18103,0.0,50.0,2.0
2023-02-25 10:00:00+00:00,29.25,66.835495,1010.54346,18.218275,209.60435,0.0,59.0,2.0
2023-02-25 11:00:00+00:00,28.85,65.34425,1010.4428,18.678415,207.55272,0.0,3.0,0.0
2023-02-25 12:00:00+00:00,27.65,66.10482,1010.84076,16.311613,202.03629,0.0,5.0,0.0
2023-02-25 13:00:00+00:00,26.65,72.7312,1011.8386,16.42247,206.0033,0.0,42.0,1.0
2023-02-25 14:00:00+00:00,26.45,76.576645,1012.9379,11.681987,213.6901,0.0,2.0,0.0
2023-02-25 15:00:00+00:00,26.45,77.51557,1013.83746,7.491114,234.78232,0.0,7.0,0.0
2023-02-25 16:00:00+00:00,26.05,79.85346,1014.4365,5.0911684,278.13,0.0,4.0,0.0
2023-02-25 17:00:00+00:00,25.25,82.47008,1014.63513,4.3498964,335.55606,0.0,100.0,3.0
2023-02-25 18:00:00+00:00,24.9,82.17676,1014.63477,6.924738,351.02744,0.0,94.0,3.0
2023-02-25 19:00:00+00:00,24.5,85.45975,1013.9346,7.289445,327.09476,0.0,98.0,3.0
2023-02-25 20:00:00+00:00,24.2,88.07733,1013.23425,7.5685663,334.65387,0.0,99.0,3.0
2023-02-25 21:00:00+00:00,23.6,89.93043,1012.7335,8.12197,347.19574,0.0,100.0,3.0
2023-02-25 22:00:00+00:00,23.3,92.13312,1012.53326,8.699793,335.55606,0.0,100.0,3.0
2023-02-25 23:00:00+00:00,22.45,91.52072,1012.6316,7.771331,346.60748,0.0,96.0,3.0
2023-02-26 00:00:00+00:00,23.05,65.14481,1012.73254,12.4811535,33.231728,0.0,90.0,3.0
2023-02-26 01:00:00+00:00,22.65,66.53048,1013.53156,11.298495,30.6506,0.0,51.0,2.0
2023-02-26 02:00:00+00:00,23.1,65.36337,1014.13226,10.636766,23.962492,0.0,3.0,0.0
2023-02-26 03:00:00+00:00,26.25,54.14629,1014.8367,6.763786,25.201094,0.0,6.0,0.0
2023-02-26 04:00:00+00:00,29.9,26.132954,1014.9423,4.2136917,19.983198,0.0,10.0,0.0
2023-02-26 05:00:00+00:00,31.4,22.254858,1014.7447,3.7064266,60.94549,0.0,14.0,0.0
2023-02-26 06:00:00+00:00,32.75,20.83018,1013.6471,3.6179552,185.7105,0.0,0.0,0.0
2023-02-26 07:00:00+00:00,32.1,35.070156,1012.64655,10.630672,208.30066,0.0,0.0,0.0
2023-02-26 08:00:00+00:00,31.1,37.119465,1011.7454,15.408671,217.40543,0.0,0.0,0.0
2023-02-26 09:00:00+00:00,30.6,42.45189,1010.94507,16.92383,218.08882,0.0,0.0,0.0
2023-02-26 10:00:00+00:00,29.9,44.898922,1010.54425,17.873556,214.33028,0.0,0.0,0.0
2023-02-26 11:00:00+00:00,29.15,48.546368,1010.4431,19.373219,221.98714,0.0,0.0,0.0
2023-02-26 12:00:00+00:00,27.25,62.63633,1011.1399,14.529915,221.98714,0.0,0.0,0.0
2023-02-26 13:00:00+00:00,27.35,65.23273,1011.83997,8.373386,244.5367,0.0,89.0,3.0
2023-02-26 14:00:00+00:00,26.9,71.01303,1013.03845,8.12197,257.19574,0.0,83.0,3.0
2023-02-26 15:00:00+00:00,25.65,77.63437,1014.23596,4.0249224,333.43503,0.0,2.0,0.0
2023-02-26 16:00:00+00:00,25.75,78.84486,1014.5362,7.628263,19.290138,0.0,6.0,0.0
2023-02-26 17:00:00+00:00,25.2,82.71589,1014.93506,5.95906,25.016869,0.0,5.0,0.0
2023-02-26 18:00:00+00:00,24.95,83.19276,1014.8347,10.495713,30.963696,0.0,1.0,0.0
2023-02-26 19:00:00+00:00,24.3,84.14283,1014.5339,9.659814,26.564985,0.0,0.0,0.0
2023-02-26 20:00:00+00:00,23.35,88.0056,1013.7327,5.4477882,7.59456,0.0,0.0,0.0
2023-02-26 21:00:00+00:00,21.75,88.96573,1013.4303,6.924738,8.97255,0.0,0.0,0.0
2023-02-26 22:00:00+00:00,22.05,79.30516,1013.43066,5.6920996,18.435053,0.0,0.0,0.0
2023-02-26 23:00:00+00:00,21.55,75.33144,1013.53,5.4833565,23.198618,0.0,0.0,0.0
2023-02-27 00:00:00+00:00,21.85,71.652466,1013.5303,8.854829,63.435013,0.0,0.0,0.0
2023-02-27 01:00:00+00:00,22.3,68.395226,1014.3308,9.659814,63.435013,0.0,84.0,3.0
2023-02-27 02:00:00+00:00,23.2,65.17667,1014.93195,8.557102,67.75093,0.0,1.0,0.0
2023-02-27 03:00:00+00:00,25.8,52.329727,1015.3358,5.0911684,44.999897,0.0,1.0,0.0
2023-02-27 04:00:00+00:00,27.6,44.70501,1015.63855,2.8116899,320.1945,0.0,1.0,0.0
2023-02-27 05:00:00+00:00,29.6,39.933193,1015.74133,2.6208394,285.94547,0.0,0.0,0.0
2023-02-27 06:00:00+00:00,30.85,38.758858,1014.94366,9.0,253.73972,0.0,1.0,0.0
2023-02-27 07:00:00+00:00,29.85,45.45903,1014.0425,16.904673,243.43501,0.0,0.0,0.0
2023-02-27 08:00:00+00:00,29.9,41.990757,1013.14307,16.676977,237.3391,0.0,0.0,0.0
2023-02-27 09:00:00+00:00,30.45,41.873493,1011.9444,16.263872,242.30061,0.0,0.0,0.0
2023-02-27 10:00:00+00:00,30.3,39.36021,1011.1447,15.459054,242.24155,0.0,0.0,0.0
2023-02-27 11:00:00+00:00,29.45,45.931694,1010.94354,15.021105,225.97093,0.0,11.0,0.0
2023-02-27 12:00:00+00:00,28.55,46.722534,1011.1418,10.233123,230.71062,0.0,0.0,0.0
2023-02-27 13:00:00+00:00,27.7,54.166637,1011.3405,9.178235,244.44008,0.0,0.0,0.0
2023-02-27 14:00:00+00:00,26.9,60.069973,1012.13885,7.2359104,275.7105,0.0,0.0,0.0
2023-02-27 15:00:00+00:00,25.5,66.48685,1012.9366,3.6179552,5.7105074,0.0,0.0,0.0
2023-02-27 16:00:00+00:00,25.45,62.43385,1013.536,8.647496,2.385899,0.0,0.0,0.0
2023-02-27 17:00:00+00:00,24.95,60.956665,1013.3354,6.489992,3.179772,0.0,0.0,0.0
2023-02-27 18:00:00+00:00,24.25,62.165817,1013.63403,4.73506,8.746089,0.0,5.0,0.0
2023-02-27 19:00:00+00:00,22.9,67.2206,1013.1323,6.6087217,330.64233,0.0,0.0,0.0
2023-02-27 20:00:00+00:00,22.45,72.216995,1012.6316,5.8603754,312.5104,0.0,4.0,0.0
2023-02-27 21:00:00+00:00,23.35,72.15031,1012.3333,3.563818,315.0001,0.0,21.0,1.0
2023-02-27 22:00:00+00:00,24.2,70.736755,1012.23474,2.5455842,278.13,0.0,13.0,0.0
2023-02-27 23:00:00+00:00,24.3,72.319305,1012.3349,2.5959969,303.6901,0.0,5.0,0.0
2023-02-28 00:00:00+00:00,21.25,72.00121,1012.2299,5.991594,32.73523,0.0,11.0,0.0
2023-02-28 01:00:00+00:00,22.05,68.564186,1013.3307,5.00128,30.256361,0.0,36.0,1.0
2023-02-28 02:00:00+00:00,24.35,60.62575,1014.43396,7.491114,35.217674,0.0,20.0,1.0
2023-02-28 03:00:00+00:00,27.7,49.724453,1015.1388,6.297428,59.03632,0.0,13.0,0.0
2023-02-28 04:00:00+00:00,29.85,38.857174,1015.44183,5.1165614,50.710617,0.0,50.0,2.0
2023-02-28 05:00:00+00:00,31.3,35.532898,1015.2441,4.1046314,15.255177,0.0,45.0,1.0
2023-02-28 06:00:00+00:00,32.25,34.7739,1014.44604,2.6208394,285.94547,0.0,26.0,1.0
2023-02-28 07:00:00+00:00,33.15,34.68701,1013.8476,5.4833565,246.80138,0.0,55.0,2.0
2023-02-28 08:00:00+00:00,32.5,40.219254,1012.4473,10.691453,224.9999,0.0,59.0,2.0
2023-02-28 09:00:00+00:00,29.95,46.2119,1011.34393,19.13426,258.05585,0.0,68.0,2.0
2023-02-28 10:00:00+00:00,30.3,47.04114,1011.1447,9.114471,260.9098,0.0,54.0,2.0
2023-02-28 11:00:00+00:00,29.85,50.75939,1011.14374,9.904906,250.9064,0.1,27.0,51.0
2023-02-28 12:00:00+00:00,28.1,58.134926,1011.2412,10.8955765,262.40546,0.0,36.0,1.0
2023-02-28 13:00:00+00:00,27.55,63.87819,1011.83997,6.5693827,279.46225,0.0,5.0,0.0
2023-02-28 14:00:00+00:00,27.3,67.68108,1012.43933,6.1094027,315.0001,0.0,8.0,0.0
2023-02-28 15:00:00+00:00,27.05,70.38994,1013.2387,6.297428,329.03632,0.0,10.0,0.0
2023-02-28 16:00:00+00:00,26.7,73.86129,1013.8377,4.0249224,333.43503,0.0,44.0,1.0
2023-02-28 17:00:00+00:00,26.5,76.118706,1014.1373,6.151683,339.44388,0.0,19.0,0.0
2023-02-28 18:00:00+00:00,26.1,79.134544,1014.1366,5.8048253,330.25522,0.0,95.0,3.0
2023-02-28 19:00:00+00:00,25.6,80.281265,1013.8361,3.8268526,318.81415,0.0,100.0,3.0
2023-02-28 20:00:00+00:00,25.4,78.31443,1013.13617,5.495161,328.39255,0.0,100.0,3.0
2023-02-28 21:00:00+00:00,25.05,75.6581,1012.43585,7.342588,348.6901,0.0,99.0,3.0
2023-02-28 22:00:00+00:00,24.6,75.352806,1012.0354,6.830519,18.435053,0.0,100.0,3.0
2023-02-28 23:00:00+00:00,24.65,75.12789,1011.83545,6.151683,20.556128,0.0,99.0,3.0
2023-03-01 00:00:00+00:00,23.75,90.76715,1012.8338,7.968939,161.56496,0.0,93.0,3.0
2023-03-01 01:00:00+00:00,24.0,90.50809,1013.2339,2.1897945,260.53775,0.0,96.0,3.0
2023-03-01 02:00:00+00:00,24.55,89.99833,1013.9346,1.9386592,68.19853,0.0,82.0,3.0
2023-03-01 03:00:00+00:00,26.4,81.61331,1014.6371,4.2136917,109.98319,0.0,78.0,2.0
2023-03-01 04:00:00+00:00,28.65,66.918915,1015.44025,6.151683,110.55613,0.0,63.0,2.0
2023-03-01 05:00:00+00:00,30.3,59.01184,1015.5427,5.8603754,132.5104,0.0,71.0,2.0
2023-03-01 06:00:00+00:00,31.95,49.892178,1014.8452,7.968939,108.43504,0.0,73.0,2.0
2023-03-01 07:00:00+00:00,32.6,45.481487,1013.5468,5.154415,114.775116,0.0,65.0,2.0
2023-03-01 08:00:00+00:00,32.7,45.36681,1012.34766,2.8116899,230.19447,0.0,84.0,3.0
2023-03-01 09:00:00+00:00,31.9,53.21177,1010.84705,7.628263,250.70985,0.2,100.0,51.0
2023-03-01 10:00:00+00:00,30.5,66.48119,1010.0455,9.107359,251.56496,1.6,98.0,61.0
2023-03-01 11:00:00+00:00,30.05,70.30224,1009.8446,7.5685663,244.65387,0.0,100.0,3.0
2023-03-01 12:00:00+00:00,28.85,75.341606,1010.4428,7.289444,249.77505,0.0,100.0,3.0
2023-03-01 13:00:00+00:00,27.8,81.540985,1010.941,6.696387,233.74606,0.0,36.0,1.0
2023-03-01 14:00:00+00:00,27.2,85.472435,1011.8396,5.495161,238.39255,0.0,36.0,1.0
2023-03-01 15:00:00+00:00,26.9,88.037796,1013.23834,1.8,233.13002,0.0,68.0,2.0
2023-03-01 16:00:00+00:00,26.0,92.00889,1014.4365,3.8939953,326.3099,0.0,80.0,3.0
2023-03-01 17:00:00+00:00,26.6,85.15609,1014.8372,5.0528407,355.91446,0.0,71.0,2.0
2023-03-01 18:00:00+00:00,26.3,70.90352,1014.6367,5.0142193,21.037588,0.0,67.0,2.0
2023-03-01 19:00:00+00:00,28.05,52.07576,1013.94,4.5536795,108.43504,0.0,74.0,2.0
2023-03-01 20:00:00+00:00,23.85,77.60714,1013.13367,7.8954163,155.77226,0.0,100.0,3.0
2023-03-01 21:00:00+00:00,23.15,85.06001,1012.43304,7.7043357,142.59457,0.0,100.0,3.0
2023-03-01 22:00:00+00:00,24.6,77.47874,1012.2353,4.32,90.0,0.0,96.0,3.0
2023-03-01 23:00:00+00:00,22.95,80.17557,1012.2328,5.4119864,356.186,0.0,94.0,3.0
2023-03-02 00:00:00+00:00,22.15,78.0849,1012.4315,5.6920996,341.56494,0.0,98.0,3.0
2023-03-02 01:00:00+00:00,22.65,75.50952,1013.53156,4.6938252,4.398633,0.0,65.0,2.0
2023-03-02 02:00:00+00:00,24.0,68.2984,1014.3334,2.5959969,33.6901,0.0,100.0,3.0
2023-03-02 03:00:00+00:00,26.95,58.226597,1015.33777,1.484318,194.03627,0.0,100.0,3.0
2023-03-02 04:00:00+00:00,28.65,49.344284,1015.3403,3.671294,168.69011,0.0,100.0,3.0
2023-03-02 05:00:00+00:00,30.3,44.58117,1015.2429,3.4152596,71.564964,0.0,100.0,3.0
2023-03-02 06:00:00+00:00,32.05,39.339172,1014.2459,3.2399998,270.0,0.0,100.0,3.0
2023-03-02 07:00:00+00:00,31.65,44.244667,1013.3455,13.441071,249.62347,0.0,100.0,3.0
2023-03-02 08:00:00+00:00,30.25,48.68256,1012.4438,17.477621,237.61934,0.0,100.0,3.0
2023-03-02 09:00:00+00:00,30.8,45.714184,1011.3452,15.077082,236.68936,0.0,100.0,3.0
2023-03-02 10:00:00+00:00,30.65,46.39899,1010.34534,14.88242,237.84773,0.0,41.0,1.0
2023-03-02 11:00:00+00:00,29.7,51.199493,1010.14417,16.489416,233.88057,0.0,35.0,1.0
2023-03-02 12:00:00+00:00,29.1,59.646576,1010.743,12.599998,233.13002,0.0,100.0,3.0
2023-03-02 13:00:00+00:00,27.25,74.8586,1011.4398,4.8965297,216.02747,0.0,100.0,3.0
2023-03-02 14:00:00+00:00,26.35,80.62415,1012.4381,2.1897945,9.462248,0.0,100.0,3.0
2023-03-02 15:00:00+00:00,26.4,80.38662,1013.73755,12.979984,3.179772,0.0,100.0,3.0
2023-03-02 16:00:00+00:00,26.65,71.844574,1014.5374,15.111424,12.380747,0.0,32.0,1.0
2023-03-02 17:00:00+00:00,26.25,68.31401,1014.93665,13.009903,14.4208145,0.0,53.0,2.0
2023-03-02 18:00:00+00:00,25.8,68.438095,1015.03595,11.183201,3.691312,0.0,71.0,2.0
2023-03-02 19:00:00+00:00,25.3,71.825134,1014.7355,8.669949,355.23645,0.0,100.0,3.0
2023-03-02 20:00:00+00:00,24.65,73.7433,1013.9346,7.5685663,357.27374,0.0,99.0,3.0
2023-03-02 21:00:00+00:00,23.2,78.97227,1013.33264,5.4119864,3.8140097,0.0,99.0,3.0
2023-03-02 22:00:00+00:00,22.5,77.891884,1013.0318,5.506941,11.3098955,0.0,100.0,3.0
2023-03-02 23:00:00+00:00,22.9,68.73144,1012.9325,6.0347,17.354122,0.0,100.0,3.0
2023-03-03 00:00:00+00:00,22.9,68.949684,1013.2323,8.4963045,53.61555,0.0,100.0,3.0
2023-03-03 01:00:00+00:00,22.95,69.178246,1014.0319,8.891343,58.240574,0.0,4.0,0.0
2023-03-03 02:00:00+00:00,24.4,64.81353,1014.9337,10.8955765,82.40546,0.0,8.0,0.0
2023-03-03 03:00:00+00:00,27.4,48.858612,1015.7382,9.531505,100.88548,0.0,0.0,0.0
2023-03-03 04:00:00+00:00,29.35,40.122547,1016.04095,5.3517847,109.653915,0.0,0.0,0.0
2023-03-03 05:00:00+00:00,31.5,33.90011,1015.6442,1.1384199,198.43504,0.0,0.0,0.0
2023-03-03 06:00:00+00:00,32.45,33.075935,1014.8462,7.7043357,232.59457,0.0,0.0,0.0
2023-03-03 07:00:00+00:00,31.55,41.380177,1013.84534,15.021105,225.97093,0.0,0.0,0.0
2023-03-03 08:00:00+00:00,31.1,38.20998,1012.745,17.477621,212.38066,0.0,0.0,0.0
2023-03-03 09:00:00+00:00,31.05,41.77138,1011.54553,16.610792,209.8988,0.0,0.0,0.0
2023-03-03 10:00:00+00:00,30.9,44.60213,1010.74554,17.49615,216.6342,0.0,0.0,0.0
2023-03-03 11:00:00+00:00,29.85,54.870342,1010.544,15.349684,219.2894,0.0,0.0,0.0
2023-03-03 12:00:00+00:00,28.85,53.106586,1011.34235,14.05845,230.19447,0.0,2.0,0.0
2023-03-03 13:00:00+00:00,27.85,64.7361,1011.7406,12.015589,261.38443,0.0,4.0,0.0
2023-03-03 14:00:00+00:00,27.25,69.14304,1012.6392,8.311245,287.6502,0.0,1.0,0.0
2023-03-03 15:00:00+00:00,26.85,72.10066,1013.6381,7.24486,333.43503,0.0,0.0,0.0
2023-03-03 16:00:00+00:00,26.25,77.72256,1014.4369,9.422101,353.41815,0.0,0.0,0.0
2023-03-03 17:00:00+00:00,25.7,80.53951,1014.7361,9.3876505,355.60138,0.0,0.0,0.0
2023-03-03 18:00:00+00:00,25.05,80.208374,1014.53485,8.28,360.0,0.0,0.0,0.0
2023-03-03 19:00:00+00:00,24.55,80.38852,1013.9346,9.028754,355.42615,0.0,0.0,0.0
2023-03-03 20:00:00+00:00,24.25,78.87581,1013.03436,8.28,360.0,0.0,0.0,0.0
2023-03-03 21:00:00+00:00,23.95,72.4835,1012.63416,6.763786,25.201094,0.0,0.0,0.0
2023-03-03 22:00:00+00:00,23.2,71.44572,1012.43304,4.8965297,53.972538,0.0,0.0,0.0
2023-03-03 23:00:00+00:00,23.55,68.858536,1012.63354,6.151683,69.44387,0.0,0.0,0.0
2023-03-04 00:00:00+00:00,23.45,66.27359,1013.033,10.703569,42.27363,0.0,2.0,0.0
2023-03-04 01:00:00+00:00,23.8,64.89095,1013.93335,10.464797,49.185013,0.0,0.0,0.0
2023-03-04 02:00:00+00:00,25.25,60.257515,1014.8351,11.592895,64.23073,0.0,0.0,0.0
2023-03-04 03:00:00+00:00,28.05,51.58413,1015.63916,11.384199,71.564964,0.0,0.0,0.0
2023-03-04 04:00:00+00:00,30.1,44.24514,1015.7423,7.968939,71.564964,0.0,0.0,0.0
2023-03-04 05:00:00+00:00,31.85,39.535076,1015.5449,3.671294,78.6901,0.0,3.0,0.0
2023-03-04 06:00:00+00:00,33.25,36.533413,1014.5473,4.5820518,224.9999,0.0,2.0,0.0
2023-03-04 07:00:00+00:00,32.5,43.646805,1013.6467,10.799999,216.86998,0.0,3.0,0.0
2023-03-04 08:00:00+00:00,32.35,42.125866,1012.6468,11.525623,218.65984,0.0,14.0,0.0
2023-03-04 09:00:00+00:00,32.15,43.415867,1011.34717,14.4,233.13002,0.0,18.0,0.0
2023-03-04 10:00:00+00:00,31.0,54.47778,1010.6459,15.530151,225.9391,0.1,37.0,51.0
2023-03-04 11:00:00+00:00,29.3,60.061333,1010.84326,16.992609,233.61555,0.3,14.0,51.0
2023-03-04 12:00:00+00:00,28.05,61.84839,1011.5411,13.049689,245.55606,0.1,22.0,51.0
2023-03-04 13:00:00+00:00,27.55,70.482254,1012.2398,9.339208,242.44727,0.0,6.0,0.0
2023-03-04 14:00:00+00:00,27.2,76.690956,1013.03906,7.928178,267.3975,0.0,2.0,0.0
2023-03-04 15:00:00+00:00,26.9,79.24505,1013.93805,6.725354,285.52417,0.0,0.0,0.0
2023-03-04 16:00:00+00:00,26.7,79.9406,1014.7373,7.10031,300.46545,0.0,0.0,0.0
2023-03-04 17:00:00+00:00,26.45,81.61946,1014.937,7.4128532,299.0545,0.0,2.0,0.0
2023-03-04 18:00:00+00:00,26.0,85.0947,1014.9363,5.0911684,315.0001,0.0,50.0,2.0
2023-03-04 19:00:00+00:00,25.45,87.386406,1014.2357,7.628263,340.70987,0.0,39.0,1.0
2023-03-04 20:00:00+00:00,24.9,86.28348,1013.3354,7.69592,349.21573,0.0,19.0,0.0
2023-03-04 21:00:00+00:00,24.4,81.363144,1012.5348,8.350138,7.4313188,0.0,59.0,2.0
2023-03-04 22:00:00+00:00,24.35,72.328125,1012.13495,9.605998,12.99463,0.0,50.0,2.0
2023-03-04 23:00:00+00:00,24.45,66.899666,1012.03503,10.853866,5.7105074,0.0,60.0,2.0
2023-03-05 00:00:00+00:00,24.7,66.32256,1012.63544,9.021574,28.610369,0.0,100.0,3.0
2023-03-05 01:00:00+00:00,25.0,65.35054,1013.43536,9.360001,22.61991,0.0,95.0,3.0
2023-03-05 02:00:00+00:00,26.1,62.97125,1014.3365,9.19939,30.579157,0.0,92.0,3.0
2023-03-05 03:00:00+00:00,28.75,57.03489,1015.1404,6.3690495,42.709366,0.0,48.0,1.0
2023-03-05 04:00:00+00:00,30.35,53.15244,1015.2429,6.489992,86.82024,0.0,80.0,3.0
2023-03-05 05:00:00+00:00,31.9,48.65878,1015.04517,7.9526596,95.19434,0.0,98.0,3.0
2023-03-05 06:00:00+00:00,32.95,45.43344,1014.0472,6.696387,143.74608,0.0,72.0,2.0
2023-03-05 07:00:00+00:00,32.25,50.12377,1013.04663,9.114471,189.0902,0.2,42.0,51.0
2023-03-05 08:00:00+00:00,32.15,54.927128,1011.8469,5.904439,217.56866,0.0,97.0,3.0
2023-03-05 09:00:00+00:00,32.05,56.257877,1010.9474,8.78872,214.9921,0.1,89.0,51.0
2023-03-05 10:00:00+00:00,28.95,76.03835,1010.64264,11.457958,223.72705,4.2,99.0,63.0
2023-03-05 11:00:00+00:00,29.75,68.36708,1010.2442,9.826088,241.55717,0.0,100.0,3.0
2023-03-05 12:00:00+00:00,28.45,78.98264,1011.1418,10.464798,266.0549,0.0,100.0,3.0
2023-03-05 13:00:00+00:00,27.95,76.57325,1011.7406,11.435313,298.1785,0.0,100.0,3.0
2023-03-05 14:00:00+00:00,27.6,73.78703,1012.83984,9.085988,303.6901,0.0,99.0,3.0
2023-03-05 15:00:00+00:00,27.2,80.491104,1013.4389,8.404285,313.26434,0.0,96.0,3.0
2023-03-05 16:00:00+00:00,26.95,83.169914,1014.2383,7.8954163,316.8476,0.0,98.0,3.0
2023-03-05 17:00:00+00:00,26.7,83.643585,1014.43744,7.928177,320.52756,0.0,3.0,0.0
2023-03-05 18:00:00+00:00,26.25,85.377205,1014.33685,8.587338,326.97614,0.0,51.0,2.0
2023-03-05 19:00:00+00:00,25.8,85.33177,1013.5366,8.311245,342.34976,0.0,4.0,0.0
2023-03-05 20:00:00+00:00,25.4,81.7376,1012.6364,7.92,360.0,0.0,0.0,0.0
2023-03-05 21:00:00+00:00,24.75,81.40725,1011.8358,6.0347,17.354122,0.0,3.0,0.0
2023-03-05 22:00:00+00:00,23.7,83.30441,1011.63434,4.8433046,41.98713,0.0,0.0,0.0
2023-03-05 23:00:00+00:00,23.15,80.45184,1011.63336,5.8048253,82.875084,0.0,27.0,1.0
2023-03-06 00:00:00+00:00,24.45,70.12238,1011.83514,8.089993,69.14546,0.0,16.0,0.0
2023-03-06 01:00:00+00:00,24.5,69.47671,1012.43524,10.182337,81.86999,0.0,43.0,1.0
2023-03-06 02:00:00+00:00,25.6,66.715225,1013.23645,10.105681,85.91447,0.0,35.0,1.0
2023-03-06 03:00:00+00:00,28.5,58.957134,1013.9406,6.519877,83.659904,0.0,50.0,2.0
2023-03-06 04:00:00+00:00,30.4,51.37882,1014.34326,0.35999998,270.0,0.0,25.0,1.0
2023-03-06 05:00:00+00:00,31.6,48.129246,1014.0452,6.0347,252.64589,0.0,55.0,2.0
2023-03-06 06:00:00+00:00,31.45,51.966152,1013.64514,13.708391,246.80139,0.1,63.0,51.0
2023-03-06 07:00:00+00:00,30.75,55.60202,1012.7446,17.238699,241.29414,0.1,47.0,51.0
2023-03-06 08:00:00+00:00,30.4,57.95962,1011.3446,17.477621,237.61934,0.0,22.0,1.0
2023-03-06 09:00:00+00:00,30.35,61.04081,1010.14514,16.575644,235.6196,0.0,30.0,1.0
2023-03-06 10:00:00+00:00,29.85,65.15415,1009.7444,19.107151,227.29063,0.0,89.0,3.0
2023-03-06 11:00:00+00:00,29.25,66.63267,1009.5439,17.974781,237.26477,0.0,100.0,3.0
2023-03-06 12:00:00+00:00,28.55,72.617836,1009.9424,18.25026,247.98866,0.0,100.0,3.0
2023-03-06 13:00:00+00:00,27.85,74.05294,1010.841,17.533146,250.82089,0.0,13.0,0.0
2023-03-06 14:00:00+00:00,27.45,76.265724,1011.4402,9.178235,258.6901,0.0,65.0,2.0
2023-03-06 15:00:00+00:00,27.1,78.31947,1012.2392,7.9932966,305.83774,0.0,99.0,3.0
2023-03-06 16:00:00+00:00,26.7,78.97772,1012.9382,10.823973,356.186,0.0,99.0,3.0
2023-03-06 17:00:00+00:00,26.3,78.68225,1012.8376,10.8955765,352.40543,0.0,60.0,2.0
2023-03-06 18:00:00+00:00,25.9,79.106804,1012.93695,10.105681,355.91446,0.0,66.0,2.0
2023-03-06 19:00:00+00:00,25.55,79.542786,1012.2369,8.12197,347.19574,0.0,4.0,0.0
2023-03-06 20:00:00+00:00,25.1,80.7075,1011.63654,7.754637,338.19852,0.0,3.0,0.0
2023-03-06 21:00:00+00:00,24.6,82.14035,1010.9359,7.8625183,344.05453,0.0,9.0,0.0
2023-03-06 22:00:00+00:00,24.0,84.627556,1010.83496,7.289444,339.77505,0.0,11.0,0.0
2023-03-06 23:00:00+00:00,23.6,86.954895,1010.83435,6.830519,341.56494,0.0,6.0,0.0
2023-03-07 00:00:00+00:00,22.35,89.287865,1011.3322,4.0249224,63.435013,0.0,21.0,1.0
2023-03-07 01:00:00+00:00,23.3,75.14258,1011.5337,8.854829,63.435013,0.0,3.0,0.0
2023-03-07 02:00:00+00:00,25.1,59.65231,1012.63605,9.504272,52.695976,0.0,0.0,0.0
2023-03-07 03:00:00+00:00,28.35,46.223347,1013.5404,7.653705,48.814175,0.0,0.0,0.0
2023-03-07 04:00:00+00:00,30.35,41.579605,1013.7436,3.9763298,95.19434,0.0,0.0,0.0
2023-03-07 05:00:00+00:00,31.95,38.32208,1013.44586,4.2136917,199.9832,0.0,0.0,0.0
2023-03-07 06:00:00+00:00,32.15,44.102104,1012.64655,11.212135,222.39738,0.0,25.0,1.0
2023-03-07 07:00:00+00:00,30.9,50.713104,1011.74506,18.075441,224.19316,0.0,18.0,0.0
2023-03-07 08:00:00+00:00,30.4,55.17543,1010.545,18.089775,222.58046,0.0,38.0,1.0
2023-03-07 09:00:00+00:00,30.35,60.116444,1009.6454,16.055355,222.27362,0.0,40.0,1.0
2023-03-07 10:00:00+00:00,29.6,59.76149,1009.24426,17.31746,226.68465,0.0,37.0,1.0
2023-03-07 11:00:00+00:00,29.65,61.25791,1008.94476,17.377226,230.04251,0.0,14.0,0.0
2023-03-07 12:00:00+00:00,28.75,66.53182,1009.6429,15.716793,249.90468,0.0,10.0,0.0
2023-03-07 13:00:00+00:00,27.75,71.16715,1009.9412,12.864649,252.07199,0.0,9.0,0.0
2023-03-07 14:00:00+00:00,27.35,70.66124,1010.7405,9.47012,278.74606,0.0,4.0,0.0
2023-03-07 15:00:00+00:00,27.0,70.380646,1011.4396,8.78872,304.9921,0.0,4.0,0.0
2023-03-07 16:00:00+00:00,26.45,73.81937,1012.13824,5.8603754,349.3804,0.0,4.0,0.0
2023-03-07 17:00:00+00:00,25.95,74.41808,1011.9376,4.452954,14.036275,0.0,4.0,0.0
2023-03-07 18:00:00+00:00,25.75,71.24197,1011.6375,5.495161,31.607454,0.0,5.0,0.0
2023-03-07 19:00:00+00:00,25.65,70.56531,1011.0374,4.3498964,24.443953,0.0,4.0,0.0
2023-03-07 20:00:00+00:00,25.85,68.44787,1010.538,1.08,90.0,0.0,4.0,0.0
2023-03-07 21:00:00+00:00,25.65,69.69565,1009.83795,0.5091169,224.9999,0.0,2.0,0.0
2023-03-07 22:00:00+00:00,25.55,73.214554,1009.63806,2.6208394,254.05453,0.0,3.0,0.0
2023-03-07 23:00:00+00:00,24.8,78.22794,1009.7368,3.096837,324.46225,0.0,3.0,0.0
2023-03-08 00:00:00+00:00,23.55,89.10633,1010.1347,5.95906,25.016869,0.0,3.0,0.0
2023-03-08 01:00:00+00:00,24.75,77.74031,1011.13617,6.638072,40.601215,0.0,8.0,0.0
2023-03-08 02:00:00+00:00,26.0,70.63001,1011.83765,7.145796,49.085716,0.0,9.0,0.0
2023-03-08 03:00:00+00:00,28.35,59.658203,1012.7408,3.8773184,68.19853,0.0,5.0,0.0
2023-03-08 04:00:00+00:00,29.75,54.50634,1013.1428,2.4149535,63.435013,0.0,11.0,0.0
2023-03-08 05:00:00+00:00,31.45,48.99627,1012.9455,1.08,270.0,0.0,5.0,0.0
2023-03-08 06:00:00+00:00,32.7,43.974617,1011.9479,5.2416787,254.05453,0.0,17.0,0.0
2023-03-08 07:00:00+00:00,32.35,49.84138,1010.94763,13.570615,248.19853,0.0,18.0,0.0
2023-03-08 08:00:00+00:00,30.55,57.99489,1009.94556,18.359999,241.92761,0.0,14.0,0.0
2023-03-08 09:00:00+00:00,31.2,54.52699,1008.8469,15.277749,235.56094,0.1,32.0,51.0
2023-03-08 10:00:00+00:00,30.0,60.96233,1008.2453,15.778516,235.22209,0.2,6.0,51.0
2023-03-08 11:00:00+00:00,29.7,61.834118,1008.1451,14.693999,239.03632,0.1,14.0,51.0
2023-03-08 12:00:00+00:00,28.45,67.28864,1008.543,12.599998,233.13002,0.0,10.0,0.0
2023-03-08 13:00:00+00:00,27.65,75.37858,1009.14154,10.30883,245.22488,0.0,3.0,0.0
2023-03-08 14:00:00+00:00,27.4,76.25805,1009.7409,8.669949,265.23645,0.0,1.0,0.0
2023-03-08 15:00:00+00:00,27.35,74.647644,1010.6405,7.289444,290.22495,0.0,1.0,0.0
2023-03-08 16:00:00+00:00,27.15,75.52819,1011.4398,7.24486,333.43503,0.0,6.0,0.0
2023-03-08 17:00:00+00:00,26.8,77.567184,1011.7391,7.172949,342.47433,0.0,16.0,0.0
2023-03-08 18:00:00+00:00,26.55,78.7175,1011.53876,7.2805495,351.4693,0.0,4.0,0.0
2023-03-08 19:00:00+00:00,26.05,79.610886,1011.038,5.0528407,355.91446,0.0,9.0,0.0
2023-03-08 20:00:00+00:00,25.45,81.74378,1010.1376,3.4152596,341.56494,0.0,6.0,0.0
2023-03-08 21:00:00+00:00,24.65,87.315605,1009.53656,4.3349743,318.36655,0.0,3.0,0.0
2023-03-08 22:00:00+00:00,24.2,90.521614,1009.2361,5.0911684,315.0001,0.0,2.0,0.0
2023-03-08 23:00:00+00:00,23.85,90.49792,1009.2355,5.4833565,336.8014,0.0,1.0,0.0
2023-03-09 00:00:00+00:00,24.8,79.92942,1009.63684,5.3517847,42.27363,0.0,6.0,0.0
2023-03-09 01:00:00+00:00,25.45,74.56487,1010.6373,9.931042,46.468742,0.0,10.0,0.0
2023-03-09 02:00:00+00:00,26.8,68.84453,1011.7391,10.691453,44.999897,0.0,10.0,0.0
2023-03-09 03:00:00+00:00,29.05,57.462116,1012.14233,6.8777895,42.878906,0.0,7.0,0.0
2023-03-09 04:00:00+00:00,30.2,53.945045,1012.2439,5.3517847,47.72637,0.0,12.0,0.0
2023-03-09 05:00:00+00:00,31.75,48.77078,1012.14606,1.8,306.86996,0.0,16.0,0.0
2023-03-09 06:00:00+00:00,32.75,44.95852,1011.54803,5.6002855,224.9999,0.1,19.0,51.0
2023-03-09 07:00:00+00:00,31.45,54.756065,1010.5466,14.336861,218.8845,0.3,43.0,51.0
2023-03-09 08:00:00+00:00,29.95,59.47581,1009.64465,16.489416,216.11943,0.3,40.0,51.0
2023-03-09 09:00:00+00:00,30.55,59.250507,1008.74603,14.386494,211.70139,0.1,63.0,51.0
2023-03-09 10:00:00+00:00,28.95,67.38785,1008.2438,16.904673,206.56499,0.3,45.0,51.0
2023-03-09 11:00:00+00:00,29.15,66.81547,1007.9443,15.9134655,217.64769,0.0,22.0,1.0
2023-03-09 12:00:00+00:00,28.45,66.87879,1008.0432,11.525623,218.65984,0.0,17.0,0.0
2023-03-09 13:00:00+00:00,27.95,77.036316,1008.9419,11.200571,224.9999,0.0,3.0,0.0
2023-03-09 14:00:00+00:00,27.55,80.53661,1009.8408,7.072878,255.2564,0.0,1.0,0.0
2023-03-09 15:00:00+00:00,27.4,80.275185,1010.6405,7.145796,319.0857,0.0,2.0,0.0
2023-03-09 16:00:00+00:00,27.05,79.98729,1011.33954,7.729527,332.24155,0.0,2.0,0.0
2023-03-09 17:00:00+00:00,26.5,82.12063,1011.73846,7.9932976,352.23492,0.0,2.0,0.0
2023-03-09 18:00:00+00:00,26.0,82.80973,1011.63776,8.64,360.0,0.0,19.0,0.0
2023-03-09 19:00:00+00:00,25.65,81.520065,1011.0374,9.0645685,353.15732,0.0,100.0,3.0
2023-03-09 20:00:00+00:00,25.4,83.24439,1010.23755,8.089993,339.14545,0.0,94.0,3.0
2023-03-09 21:00:00+00:00,25.25,85.53511,1009.53754,8.0899935,327.72437,0.0,100.0,3.0
2023-03-09 22:00:00+00:00,24.75,83.16976,1009.337,5.771239,356.42374,0.0,97.0,3.0
2023-03-09 23:00:00+00:00,24.3,74.60619,1009.5362,6.489992,19.440128,0.0,98.0,3.0
2023-03-10 00:00:00+00:00,24.4,79.38491,1010.03595,4.68,90.0,0.0,93.0,3.0
2023-03-10 01:00:00+00:00,24.55,79.16152,1010.63605,2.5959969,33.6901,0.0,99.0,3.0
2023-03-10 02:00:00+00:00,25.7,70.57457,1011.53754,6.87779,353.9911,0.0,100.0,3.0
2023-03-10 03:00:00+00:00,28.4,52.329845,1012.24133,6.8399997,360.0,0.0,100.0,3.0
2023-03-10 04:00:00+00:00,30.15,41.5247,1012.4438,2.5455842,315.0001,0.0,100.0,3.0
2023-03-10 05:00:00+00:00,31.35,39.39748,1011.74603,3.671294,281.3099,0.0,100.0,3.0
2023-03-10 06:00:00+00:00,32.3,38.91038,1011.04755,7.729527,242.24155,0.0,98.0,3.0
2023-03-10 07:00:00+00:00,30.95,48.713547,1010.44604,17.84816,228.27058,0.0,64.0,2.0
2023-03-10 08:00:00+00:00,30.6,51.27023,1008.946,17.974781,237.26477,0.0,100.0,3.0
2023-03-10 09:00:00+00:00,30.9,54.9584,1007.8468,16.563911,227.6426,0.0,100.0,3.0
2023-03-10 10:00:00+00:00,29.6,60.686016,1007.2452,19.862083,226.46873,0.0,100.0,3.0
2023-03-10 11:00:00+00:00,29.2,63.06216,1007.54443,18.35647,228.17992,0.0,100.0,3.0
2023-03-10 12:00:00+00:00,28.9,71.37398,1008.0438,11.753877,242.6502,0.0,100.0,3.0
2023-03-10 13:00:00+00:00,27.7,77.46508,1008.3419,9.422101,263.41815,0.0,97.0,3.0
2023-03-10 14:00:00+00:00,27.1,78.55677,1009.34045,9.021574,298.61035,0.0,14.0,0.0
2023-03-10 15:00:00+00:00,27.1,77.84671,1010.34,9.021574,331.38962,0.0,21.0,1.0
2023-03-10 16:00:00+00:00,26.95,78.773705,1010.93976,9.47012,351.2539,0.0,92.0,3.0
2023-03-10 17:00:00+00:00,26.6,79.92724,1011.33887,10.446206,1.9748993,0.0,65.0,2.0
2023-03-10 18:00:00+00:00,26.1,79.86019,1011.43787,10.8955765,7.59456,0.0,0.0,0.0
2023-03-10 19:00:00+00:00,25.7,78.837845,1011.0378,10.799999,360.0,0.0,0.0,0.0
2023-03-10 20:00:00+00:00,25.45,79.28631,1010.23755,10.538843,352.14676,0.0,1.0,0.0
2023-03-10 21:00:00+00:00,25.2,80.47407,1009.53754,9.605998,347.00537,0.0,0.0,0.0
2023-03-10 22:00:00+00:00,24.75,80.66198,1009.5369,8.287822,357.5105,0.0,2.0,0.0
2023-03-10 23:00:00+00:00,24.15,78.37571,1009.63586,8.311245,17.650223,0.0,1.0,0.0
2023-03-11 00:00:00+00:00,24.0,72.492325,1009.9354,7.9036193,30.068504,0.0,0.0,0.0
2023-03-11 01:00:00+00:00,24.2,70.736755,1010.8353,9.693296,21.801476,0.0,22.0,1.0
2023-03-11 02:00:00+00:00,25.25,67.90526,1011.7365,9.360001,22.61991,0.0,30.0,1.0
2023-03-11 03:00:00+00:00,28.2,55.670734,1012.34094,7.289444,20.224945,0.0,8.0,0.0
2023-03-11 04:00:00+00:00,30.05,48.022263,1012.5434,3.5455887,23.962492,0.0,9.0,0.0
2023-03-11 05:00:00+00:00,31.7,43.29409,1012.14606,2.16,270.0,0.0,0.0,0.0
2023-03-11 06:00:00+00:00,32.6,42.32648,1011.6476,9.021574,241.38963,0.0,8.0,0.0
2023-03-11 07:00:00+00:00,31.8,47.734383,1010.6471,15.856354,219.47243,0.0,11.0,0.0
2023-03-11 08:00:00+00:00,30.9,47.052597,1009.8459,17.87718,205.01686,0.0,71.0,2.0
2023-03-11 09:00:00+00:00,30.95,51.839436,1008.84674,17.339897,221.63345,0.0,76.0,2.0
2023-03-11 10:00:00+00:00,30.25,55.138737,1008.24567,17.057314,224.14499,0.0,99.0,3.0
2023-03-11 11:00:00+00:00,29.0,64.18757,1008.1438,18.709612,210.01828,0.0,94.0,3.0
2023-03-11 12:00:00+00:00,28.35,66.24777,1008.74255,16.279802,215.09589,0.0,89.0,3.0
2023-03-11 13:00:00+00:00,27.5,72.65649,1009.24115,12.096214,216.52895,0.0,22.0,1.0
2023-03-11 14:00:00+00:00,27.1,77.84671,1010.04016,6.9153743,218.65984,0.0,3.0,0.0
2023-03-11 15:00:00+00:00,26.95,80.45853,1010.73987,2.5455842,278.13,0.0,1.0,0.0
2023-03-11 16:00:00+00:00,25.95,87.1675,1011.63776,4.0249224,26.564985,0.0,4.0,0.0
2023-03-11 17:00:00+00:00,26.1,81.823814,1012.0376,5.1919937,33.6901,0.0,7.0,0.0
2023-03-11 18:00:00+00:00,25.85,81.05073,1011.8374,8.049845,26.564985,0.0,12.0,0.0
2023-03-11 19:00:00+00:00,25.6,80.772285,1011.0374,7.5942073,5.4402504,0.0,26.0,1.0
2023-03-11 20:00:00+00:00,25.3,81.4763,1010.23755,7.5685663,357.27374,0.0,6.0,0.0
2023-03-11 21:00:00+00:00,25.0,82.18887,1009.837,5.8048253,7.12493,0.0,15.0,0.0
2023-03-11 22:00:00+00:00,24.75,82.91593,1009.63684,6.489992,3.179772,0.0,8.0,0.0
2023-03-11 23:00:00+00:00,24.45,83.645805,1009.5362,5.3999996,360.0,0.0,10.0,0.0
2023-03-12 00:00:00+00:00,24.45,85.7159,1010.2359,4.829907,26.564985,0.0,32.0,1.0
2023-03-12 01:00:00+00:00,25.15,77.56047,1010.737,6.439876,26.564985,0.0,100.0,3.0
2023-03-12 02:00:00+00:00,25.95,72.83335,1011.43787,5.495161,31.607454,0.0,92.0,3.0
2023-03-12 03:00:00+00:00,28.0,60.322445,1011.74097,4.1046314,15.255177,0.0,8.0,0.0
2023-03-12 04:00:00+00:00,30.05,51.4496,1011.8437,0.71999997,270.0,0.0,8.0,0.0
2023-03-12 05:00:00+00:00,31.5,47.0643,1011.44617,3.319036,257.4712,0.0,11.0,0.0
2023-03-12 06:00:00+00:00,32.55,44.905018,1010.54816,7.4128532,240.94548,0.0,8.0,0.0
2023-03-12 07:00:00+00:00,31.6,53.62902,1009.7472,14.021525,221.87778,0.0,3.0,0.0
2023-03-12 08:00:00+00:00,31.65,51.220715,1008.5477,15.30741,221.18582,0.0,1.0,0.0
2023-03-12 09:00:00+00:00,32.05,51.16478,1007.5489,14.512064,226.00499,0.0,9.0,0.0
2023-03-12 10:00:00+00:00,30.75,56.984943,1006.7473,18.089775,222.58046,0.0,11.0,0.0
2023-03-12 11:00:00+00:00,30.1,58.604713,1006.54645,17.935081,231.51978,0.0,4.0,0.0
2023-03-12 12:00:00+00:00,29.45,63.697247,1007.1452,10.966713,246.80138,0.0,0.0,0.0
2023-03-12 13:00:00+00:00,28.65,71.32919,1007.7438,5.8603754,280.6196,0.0,1.0,0.0
2023-03-12 14:00:00+00:00,27.9,77.494545,1008.742,8.161764,311.42358,0.0,1.0,0.0
2023-03-12 15:00:00+00:00,27.2,81.958115,1009.8405,11.592894,323.8417,0.0,49.0,1.0
2023-03-12 16:00:00+00:00,26.9,82.16885,1010.7395,9.511088,330.5242,0.0,1.0,0.0
2023-03-12 17:00:00+00:00,26.75,81.16496,1010.9394,8.825508,348.23172,0.0,4.0,0.0
2023-03-12 18:00:00+00:00,26.5,80.399704,1011.03876,9.028754,355.42615,0.0,0.0,0.0
2023-03-12 19:00:00+00:00,26.1,81.32897,1010.53827,9.178235,348.6901,0.0,3.0,0.0
2023-03-12 20:00:00+00:00,25.8,81.04434,1009.8383,8.427383,340.0168,0.0,12.0,0.0
2023-03-12 21:00:00+00:00,25.65,73.68461,1009.13824,9.9571085,347.4712,0.0,12.0,0.0
2023-03-12 22:00:00+00:00,25.45,70.96708,1008.8382,10.239453,349.8754,0.0,5.0,0.0
2023-03-12 23:00:00+00:00,25.15,72.469284,1008.53796,9.726665,357.87894,0.0,14.0,0.0
2023-03-13 00:00:00+00:00,25.4,72.28917,1009.0381,6.849467,3.0127327,0.0,16.0,0.0
2023-03-13 01:00:00+00:00,25.7,71.232895,1009.7384,6.519877,353.6599,0.0,73.0,2.0
2023-03-13 02:00:00+00:00,26.7,68.19107,1010.3393,6.5693827,9.462261,0.0,6.0,0.0
2023-03-13 03:00:00+00:00,28.95,58.155,1010.64264,3.8773184,68.19853,0.0,17.0,0.0
2023-03-13 04:00:00+00:00,30.7,51.295795,1010.94543,5.5887027,75.068535,0.0,33.0,1.0
2023-03-13 05:00:00+00:00,32.65,43.824024,1010.44855,4.510787,118.61037,0.0,33.0,1.0
2023-03-13 06:00:00+00:00,33.65,38.66687,1010.14984,4.6800003,202.6199,0.0,87.0,3.0
2023-03-13 07:00:00+00:00,32.2,50.42083,1009.34827,10.587918,234.6887,0.3,59.0,51.0
2023-03-13 08:00:00+00:00,32.1,54.414272,1008.2486,11.298495,239.34941,0.1,26.0,51.0
2023-03-13 09:00:00+00:00,32.0,56.24588,1007.4489,12.904882,239.85869,0.3,29.0,51.0
2023-03-13 10:00:00+00:00,30.55,61.83342,1006.9469,16.58346,242.87877,0.0,19.0,0.0
2023-03-13 11:00:00+00:00,30.0,62.659985,1006.5461,16.454008,259.91946,0.2,12.0,51.0
2023-03-13 12:00:00+00:00,28.8,70.07169,1006.8441,15.629972,277.9434,0.0,11.0,0.0
2023-03-13 13:00:00+00:00,28.35,73.68918,1007.3432,12.641076,289.9832,0.0,5.0,0.0
2023-03-13 14:00:00+00:00,28.2,73.44152,1008.2428,11.440979,294.14554,0.0,0.0,0.0
2023-03-13 15:00:00+00:00,27.95,74.069534,1009.24176,9.686609,311.98712,0.0,0.0,0.0
2023-03-13 16:00:00+00:00,27.6,74.68833,1010.241,9.0,323.13,0.0,0.0,0.0
2023-03-13 17:00:00+00:00,27.15,75.757996,1010.54016,8.089993,339.14545,0.0,0.0,0.0
2023-03-13 18:00:00+00:00,26.5,78.23354,1010.439,8.4042845,350.13425,0.0,0.0,0.0
2023-03-13 19:00:00+00:00,25.9,80.81104,1010.1382,8.759178,350.53775,0.0,0.0,0.0
2023-03-13 20:00:00+00:00,25.45,83.75755,1009.23804,8.825508,348.23172,0.0,0.0,0.0
2023-03-13 21:00:00+00:00,24.95,87.607475,1008.5376,9.255571,346.50424,0.0,0.0,0.0
2023-03-13 22:00:00+00:00,24.4,89.98765,1008.33673,10.137692,343.49554,0.0,0.0,0.0
2023-03-13 23:00:00+00:00,24.0,87.25765,1008.5361,9.47012,351.2539,0.0,0.0,0.0
2023-03-14 00:00:00+00:00,23.95,81.80878,1008.73596,9.3876505,4.398633,0.0,0.0,0.0
2023-03-14 01:00:00+00:00,24.15,66.83854,1009.43604,7.628263,19.290138,0.0,0.0,0.0
2023-03-14 02:00:00+00:00,25.4,55.3312,1010.1376,7.10031,30.465475,0.0,0.0,0.0
2023-03-14 03:00:00+00:00,29.05,43.399742,1010.4431,4.379589,80.53775,0.0,1.0,0.0
2023-03-14 04:00:00+00:00,31.95,32.512447,1010.7471,3.6,143.13002,0.0,5.0,0.0
2023-03-14 05:00:00+00:00,33.05,33.455746,1010.44916,7.69592,190.78426,0.0,15.0,0.0
2023-03-14 06:00:00+00:00,32.35,49.995243,1009.64813,12.758432,196.38962,0.0,37.0,1.0
2023-03-14 07:00:00+00:00,32.45,47.168552,1008.549,15.408671,217.40543,0.0,9.0,0.0
2023-03-14 08:00:00+00:00,32.15,47.678127,1007.7488,17.935081,218.48022,0.0,86.0,3.0
2023-03-14 09:00:00+00:00,30.6,61.46959,1007.0468,18.511143,193.49574,0.0,84.0,3.0
2023-03-14 10:00:00+00:00,29.75,65.53014,1006.4459,19.839235,191.5138,0.1,99.0,51.0
2023-03-14 11:00:00+00:00,29.45,67.89682,1006.2456,18.888851,187.66672,0.0,99.0,3.0
2023-03-14 12:00:00+00:00,28.55,69.60118,1006.1441,17.727943,203.9625,0.0,50.0,2.0
2023-03-14 13:00:00+00:00,27.75,75.16659,1007.0425,15.379206,212.57405,0.0,4.0,0.0
2023-03-14 14:00:00+00:00,27.5,78.850655,1008.1416,11.480557,228.81418,0.0,9.0,0.0
2023-03-14 15:00:00+00:00,27.35,80.26858,1008.64136,8.4963045,233.61555,0.0,26.0,1.0
2023-03-14 16:00:00+00:00,27.1,81.45408,1009.24054,7.208994,272.86234,0.0,10.0,0.0
2023-03-14 17:00:00+00:00,26.75,83.14704,1009.3401,7.127636,315.0001,0.0,2.0,0.0
2023-03-14 18:00:00+00:00,26.4,84.11598,1009.33954,6.830519,341.56494,0.0,1.0,0.0
2023-03-14 19:00:00+00:00,25.9,85.59998,1008.9388,5.2416787,344.05453,0.0,2.0,0.0
2023-03-14 20:00:00+00:00,25.15,89.76959,1008.3381,4.2136917,340.0168,0.0,4.0,0.0
2023-03-14 21:00:00+00:00,25.0,88.94825,1007.8379,4.802999,12.99463,0.0,2.0,0.0
2023-03-14 22:00:00+00:00,24.7,85.47991,1007.43787,8.427383,19.983198,0.0,83.0,3.0
2023-03-14 23:00:00+00:00,24.35,83.63455,1007.4372,9.028754,23.498587,0.0,95.0,3.0
2023-03-15 00:00:00+00:00,24.65,83.4129,1007.9373,5.95906,25.016869,0.0,78.0,2.0
2023-03-15 01:00:00+00:00,24.85,80.42805,1008.63727,7.2,36.86999,0.0,8.0,0.0
2023-03-15 02:00:00+00:00,25.9,76.72683,1009.53845,7.127636,44.999897,0.0,6.0,0.0
2023-03-15 03:00:00+00:00,28.3,71.91787,1010.042,5.95906,25.016869,0.0,2.0,0.0
2023-03-15 04:00:00+00:00,30.55,56.068867,1010.24536,4.1046314,307.87503,0.0,0.0,0.0
2023-03-15 05:00:00+00:00,32.05,50.227135,1010.1477,7.5942073,264.55975,0.0,0.0,0.0
2023-03-15 06:00:00+00:00,31.6,57.88755,1009.4473,12.4811535,236.76828,0.1,52.0,51.0
2023-03-15 07:00:00+00:00,30.1,64.61566,1008.64545,14.77755,214.07724,0.4,49.0,51.0
2023-03-15 08:00:00+00:00,30.7,54.74042,1008.04675,13.53236,208.61037,0.2,61.0,51.0
2023-03-15 09:00:00+00:00,30.65,59.636505,1007.1467,18.681883,205.08356,0.0,71.0,2.0
2023-03-15 10:00:00+00:00,30.75,50.67455,1006.64734,16.279802,198.03438,0.0,59.0,2.0
2023-03-15 11:00:00+00:00,29.75,58.88422,1006.7458,14.264361,190.17545,0.0,85.0,3.0
2023-03-15 12:00:00+00:00,28.4,72.59191,1006.64386,13.004921,175.23645,0.1,64.0,51.0
2023-03-15 13:00:00+00:00,28.1,74.99566,1007.44293,10.182337,171.86998,0.0,22.0,1.0
2023-03-15 14:00:00+00:00,27.7,76.76672,1008.5418,7.42159,194.03627,0.0,22.0,1.0
2023-03-15 15:00:00+00:00,26.2,85.11522,1009.739,5.00128,149.74365,1.0,100.0,55.0
2023-03-15 16:00:00+00:00,25.25,94.48428,1010.53705,6.28713,113.62939,0.8,49.0,53.0
2023-03-15 17:00:00+00:00,25.35,93.0828,1010.7373,5.495161,121.60746,0.0,24.0,1.0
2023-03-15 18:00:00+00:00,25.15,92.51503,1010.53705,5.1165614,129.28938,0.0,10.0,0.0
2023-03-15 19:00:00+00:00,24.6,94.17412,1009.8364,3.2399998,90.0,0.0,8.0,0.0
2023-03-15 20:00:00+00:00,24.1,94.723816,1009.0362,3.6,53.13002,0.0,5.0,0.0
2023-03-15 21:00:00+00:00,23.75,94.71031,1008.3359,4.1046314,37.875053,0.0,14.0,0.0
2023-03-15 22:00:00+00:00,24.05,92.73616,1008.03625,3.8268526,48.814175,0.0,29.0,1.0
2023-03-15 23:00:00+00:00,24.1,92.458176,1008.13654,6.3690495,42.709366,0.0,42.0,1.0
2023-03-16 00:00:00+00:00,23.4,91.858345,1008.635,5.3517847,47.72637,0.0,55.0,2.0
2023-03-16 01:00:00+00:00,24.4,89.17183,1009.4363,2.52,90.0,0.0,19.0,0.0
2023-03-16 02:00:00+00:00,25.75,81.2849,1010.3381,1.835647,11.3098955,0.0,19.0,0.0
2023-03-16 03:00:00+00:00,27.95,71.637825,1010.7411,2.52,360.0,0.0,32.0,1.0
2023-03-16 04:00:00+00:00,30.2,59.53329,1011.04443,1.1384199,288.43503,0.0,42.0,1.0
2023-03-16 05:00:00+00:00,31.85,51.27164,1011.14685,5.6233797,230.19447,0.0,49.0,1.0
2023-03-16 06:00:00+00:00,31.4,57.840637,1010.44666,13.004922,221.63345,0.2,51.0,51.0
2023-03-16 07:00:00+00:00,29.45,64.28289,1009.64404,13.661038,198.43504,1.0,61.0,55.0
2023-03-16 08:00:00+00:00,29.8,62.616405,1009.04474,17.076298,198.43504,0.6,66.0,53.0
2023-03-16 09:00:00+00:00,30.1,60.613182,1008.0458,7.072878,194.7436,0.0,21.0,1.0
2023-03-16 10:00:00+00:00,30.0,60.590603,1007.4457,10.296251,216.46933,0.5,72.0,53.0
2023-03-16 11:00:00+00:00,27.7,74.9313,1007.8421,8.714677,231.7098,2.2,94.0,61.0
2023-03-16 12:00:00+00:00,28.65,70.25667,1007.5438,3.8268526,228.81418,0.5,67.0,53.0
2023-03-16 13:00:00+00:00,27.65,76.75918,1008.5418,5.634891,153.43501,0.0,11.0,0.0
2023-03-16 14:00:00+00:00,27.0,82.42858,1009.5404,6.830519,161.56496,0.0,15.0,0.0
2023-03-16 15:00:00+00:00,26.75,84.40726,1010.43964,7.9526596,185.19434,0.0,12.0,0.0
2023-03-16 16:00:00+00:00,26.45,87.21209,1011.23865,6.151683,159.44388,0.0,86.0,3.0
2023-03-16 17:00:00+00:00,25.15,90.585625,1011.7365,8.12197,192.80426,1.6,97.0,61.0
2023-03-16 18:00:00+00:00,25.1,94.19522,1011.43665,5.00128,210.25635,0.1,77.0,51.0
2023-03-16 19:00:00+00:00,24.85,93.90185,1010.53644,7.729527,297.75842,0.0,66.0,2.0
2023-03-16 20:00:00+00:00,24.5,94.45413,1009.73645,6.9899354,348.11136,0.0,61.0,2.0
2023-03-16 21:00:00+00:00,24.0,95.58263,1009.0358,7.342588,11.3098955,0.0,51.0,2.0
2023-03-16 22:00:00+00:00,23.6,95.28049,1008.83527,8.905908,14.036275,0.0,78.0,2.0
2023-03-16 23:00:00+00:00,23.45,94.41153,1008.735,9.3876505,4.398633,0.0,100.0,3.0
2023-03-17 00:00:00+00:00,24.8,87.59445,1009.43695,6.4096174,51.842735,0.0,100.0,3.0
2023-03-17 01:00:00+00:00,24.5,89.72227,1010.0363,7.5942073,84.55976,0.0,91.0,3.0
2023-03-17 02:00:00+00:00,25.65,86.61605,1010.8375,6.989936,145.49142,0.0,82.0,3.0
2023-03-17 03:00:00+00:00,27.0,79.73938,1011.13965,5.4833565,293.1986,0.0,60.0,2.0
2023-03-17 04:00:00+00:00,28.45,73.040924,1011.5416,5.4833565,246.80138,0.0,96.0,3.0
2023-03-17 05:00:00+00:00,29.55,69.999016,1011.04346,8.905908,255.96373,0.0,86.0,3.0
2023-03-17 06:00:00+00:00,29.85,71.11507,1010.3441,12.682018,235.40765,0.3,46.0,51.0
2023-03-17 07:00:00+00:00,28.6,75.5288,1009.443,9.659814,243.43501,1.6,84.0,61.0
2023-03-17 08:00:00+00:00,29.7,70.23793,1008.34503,8.534353,207.64589,0.1,91.0,51.0
2023-03-17 09:00:00+00:00,29.35,71.239426,1007.5448,12.303366,200.55612,0.6,98.0,53.0
2023-03-17 10:00:00+00:00,28.45,74.15216,1007.0437,10.630672,208.30066,0.9,94.0,53.0
2023-03-17 11:00:00+00:00,27.95,76.80448,1006.9428,6.9527545,201.25058,0.3,97.0,51.0
2023-03-17 12:00:00+00:00,28.3,76.39623,1006.9434,10.44,223.60289,0.0,93.0,3.0
2023-03-17 13:00:00+00:00,27.25,82.45822,1007.74146,6.151683,249.44386,0.0,98.0,3.0
2023-03-17 14:00:00+00:00,26.65,87.49153,1008.83997,1.835647,348.6901,0.1,98.0,51.0
2023-03-17 15:00:00+00:00,26.55,86.959885,1009.3398,6.519877,276.3401,0.0,85.0,3.0
2023-03-17 16:00:00+00:00,26.3,86.937225,1010.0388,7.92,270.0,0.0,64.0,2.0
2023-03-17 17:00:00+00:00,25.85,89.55082,1010.3381,3.0547013,315.0001,0.0,29.0,1.0
2023-03-17 18:00:00+00:00,25.2,93.63592,1010.43713,3.219938,333.43503,0.1,61.0,51.0
2023-03-17 19:00:00+00:00,25.3,92.80133,1010.03766,3.0547013,315.0001,0.0,73.0,2.0
2023-03-17 20:00:00+00:00,25.1,93.35045,1009.53754,7.145796,319.0857,0.0,71.0,2.0
2023-03-17 21:00:00+00:00,24.7,92.770164,1008.8372,8.39657,300.96368,0.0,65.0,2.0
2023-03-17 22:00:00+00:00,24.45,93.03774,1008.4367,6.6087217,330.64233,0.0,71.0,2.0
2023-03-17 23:00:00+00:00,24.4,92.75449,1008.5366,4.802999,347.00537,0.0,88.0,3.0
2023-03-18 00:00:00+00:00,25.6,88.194115,1008.5386,6.792466,327.99466,0.0,87.0,3.0
2023-03-18 01:00:00+00:00,25.15,91.683784,1009.63745,3.0547013,44.999897,0.0,36.0,1.0
2023-03-18 02:00:00+00:00,26.05,85.87346,1010.43835,7.5942073,185.44025,0.0,29.0,1.0
2023-03-18 03:00:00+00:00,27.4,78.12597,1010.7405,5.315336,208.30066,0.0,39.0,1.0
2023-03-18 04:00:00+00:00,28.35,73.24504,1011.0415,5.6920996,198.43504,0.3,85.0,51.0
2023-03-18 05:00:00+00:00,29.2,70.357956,1010.8429,7.42159,230.90614,0.1,87.0,51.0
2023-03-18 06:00:00+00:00,29.7,70.87473,1010.4441,12.287555,238.17259,0.0,99.0,3.0
2023-03-18 07:00:00+00:00,28.6,74.40073,1009.443,13.276144,257.4712,0.0,99.0,3.0
2023-03-18 08:00:00+00:00,28.65,72.85479,1008.6433,6.28713,246.3706,0.2,100.0,51.0
2023-03-18 09:00:00+00:00,30.05,67.40105,1007.64557,9.178235,244.44008,0.1,100.0,51.0
2023-03-18 10:00:00+00:00,27.75,74.48664,1007.34235,9.47012,261.2539,0.3,100.0,51.0
2023-03-18 11:00:00+00:00,26.3,80.86251,1007.3401,10.883676,214.21576,0.8,100.0,53.0
2023-03-18 12:00:00+00:00,29.25,69.73228,1006.8451,5.506941,191.30989,1.6,100.0,61.0
2023-03-18 13:00:00+00:00,27.55,76.51228,1007.44196,6.151683,159.44388,0.0,99.0,3.0
2023-03-18 14:00:00+00:00,26.9,80.695335,1008.1406,7.42159,140.90616,0.0,95.0,3.0
2023-03-18 15:00:00+00:00,26.55,85.40739,1009.13983,7.8954163,133.1524,0.0,100.0,3.0
2023-03-18 16:00:00+00:00,26.6,87.48718,1010.0394,8.891343,148.24057,0.0,95.0,3.0
2023-03-18 17:00:00+00:00,25.95,90.367714,1010.3383,9.085988,123.6901,0.0,98.0,3.0
2023-03-18 18:00:00+00:00,25.75,91.17109,1010.3381,2.968636,194.03627,0.0,99.0,3.0
2023-03-18 19:00:00+00:00,26.3,84.1051,1009.639,1.484318,284.03625,0.0,100.0,3.0
2023-03-18 20:00:00+00:00,25.25,90.59229,1008.7379,2.1897945,9.462248,0.0,100.0,3.0
2023-03-18 21:00:00+00:00,24.65,93.328804,1008.2372,3.319036,49.398785,0.0,100.0,3.0
2023-03-18 22:00:00+00:00,24.85,91.94281,1007.9377,4.072935,44.999897,0.0,100.0,3.0
2023-03-18 23:00:00+00:00,24.05,91.06323,1008.5361,4.829907,243.43501,0.3,94.0,51.0
2023-03-19 00:00:00+00:00,25.85,87.42159,1008.0392,5.04,180.0,0.1,99.0,51.0
2023-03-19 01:00:00+00:00,25.85,87.42159,1008.8388,3.8268526,221.18582,0.0,98.0,3.0
2023-03-19 02:00:00+00:00,26.75,80.92014,1009.9399,3.2599385,263.6599,0.0,99.0,3.0
2023-03-19 03:00:00+00:00,27.6,76.519905,1010.84076,2.9024127,209.7448,0.2,65.0,51.0
2023-03-19 04:00:00+00:00,28.35,73.023834,1011.24146,6.1305785,229.76372,0.4,45.0,51.0
2023-03-19 05:00:00+00:00,29.0,69.896866,1011.0425,10.1887,237.99466,0.5,70.0,53.0
2023-03-19 06:00:00+00:00,29.05,70.97093,1010.4431,10.630672,241.69934,0.5,88.0,53.0
2023-03-19 07:00:00+00:00,29.7,68.771484,1009.4446,9.83268,246.25049,0.0,40.0,1.0
2023-03-19 08:00:00+00:00,29.4,69.54995,1008.2445,14.021525,240.80261,0.1,96.0,51.0
2023-03-19 09:00:00+00:00,28.95,72.46809,1007.44415,10.685391,237.38077,0.0,100.0,3.0
2023-03-19 10:00:00+00:00,29.1,71.19456,1006.64484,11.726277,252.1212,0.0,96.0,3.0
2023-03-19 11:00:00+00:00,28.9,70.94379,1006.6445,11.165805,268.15244,0.1,56.0,51.0
2023-03-19 12:00:00+00:00,28.85,72.23245,1006.3446,13.397612,276.17007,0.1,82.0,51.0
2023-03-19 13:00:00+00:00,27.8,77.948235,1007.0427,10.538843,277.8532,0.0,53.0,2.0
2023-03-19 14:00:00+00:00,27.3,81.47898,1008.0413,8.654986,286.92758,0.0,51.0,2.0
2023-03-19 15:00:00+00:00,27.1,82.192856,1009.24054,8.0899935,302.27563,0.0,71.0,2.0
2023-03-19 16:00:00+00:00,27.0,82.67692,1009.8403,5.692099,304.69522,0.0,99.0,3.0
2023-03-19 17:00:00+00:00,26.9,82.16885,1010.0398,7.2359104,275.7105,0.0,35.0,1.0
2023-03-19 18:00:00+00:00,26.65,82.88542,1009.83954,5.154415,294.77512,0.0,19.0,0.0
2023-03-19 19:00:00+00:00,26.05,85.87346,1009.13885,6.9153743,321.34018,0.0,14.0,0.0
2023-03-19 20:00:00+00:00,25.65,88.998825,1008.0388,5.991594,327.26477,0.0,27.0,1.0
2023-03-19 21:00:00+00:00,25.1,91.40506,1007.53845,10.703569,317.72638,0.0,41.0,1.0
2023-03-19 22:00:00+00:00,25.0,91.39892,1007.4381,7.8954163,313.1524,0.1,77.0,51.0
2023-03-19 23:00:00+00:00,24.8,92.217674,1007.63776,11.885453,324.86572,0.1,77.0,51.0
2023-03-20 00:00:00+00:00,25.15,89.76959,1007.1386,8.905908,345.9637,0.0,68.0,2.0
2023-03-20 01:00:00+00:00,25.4,88.444145,1007.53876,11.367109,349.04596,0.0,87.0,3.0
2023-03-20 02:00:00+00:00,26.05,84.33239,1009.2389,6.4096174,321.8427,0.1,100.0,51.0
2023-03-20 03:00:00+00:00,27.35,77.883026,1010.4406,8.0899935,302.27563,0.0,100.0,3.0
2023-03-20 04:00:00+00:00,27.9,74.28593,1010.54114,11.620809,286.18927,0.1,98.0,51.0
2023-03-20 05:00:00+00:00,28.65,69.408844,1011.14215,15.496736,267.33704,0.5,100.0,53.0
2023-03-20 06:00:00+00:00,28.3,73.458405,1010.2419,15.986595,277.76508,0.4,100.0,51.0
2023-03-20 07:00:00+00:00,28.4,72.81185,1009.34265,14.04,270.0,0.0,65.0,2.0
2023-03-20 08:00:00+00:00,28.5,73.49207,1008.0432,14.440443,265.71094,0.1,17.0,51.0
2023-03-20 09:00:00+00:00,28.8,72.00596,1006.8441,15.546833,264.68555,0.0,14.0,0.0
2023-03-20 10:00:00+00:00,28.55,71.744484,1006.2441,16.981165,265.13556,0.0,97.0,3.0
2023-03-20 11:00:00+00:00,28.3,72.136185,1006.74347,14.081478,274.39862,0.1,92.0,51.0
2023-03-20 12:00:00+00:00,27.25,78.57799,1007.1417,10.805999,271.90912,0.1,99.0,51.0
2023-03-20 13:00:00+00:00,26.1,83.32414,1007.8395,5.8603754,280.6196,1.3,77.0,61.0
2023-03-20 14:00:00+00:00,24.85,93.05782,1008.8372,1.1384199,288.43503,1.8,58.0,61.0
2023-03-20 15:00:00+00:00,24.5,95.598785,1009.8364,5.3999996,53.13002,0.0,47.0,1.0
2023-03-20 16:00:00+00:00,23.8,97.03133,1010.7348,6.489992,56.3099,0.3,100.0,51.0
2023-03-20 17:00:00+00:00,23.75,93.28516,1010.7348,7.491114,54.782326,0.0,100.0,3.0
2023-03-20 18:00:00+00:00,23.45,92.70456,1010.6341,6.638072,40.601215,0.0,95.0,3.0
2023-03-20 19:00:00+00:00,23.45,92.1416,1009.8345,4.829907,26.564985,0.0,100.0,3.0
2023-03-20 20:00:00+00:00,23.45,90.74731,1008.5351,4.802999,12.99463,0.0,98.0,3.0
2023-03-20 21:00:00+00:00,23.7,89.39042,1007.9361,6.130579,3.3664,0.0,100.0,3.0
2023-03-20 22:00:00+00:00,23.4,91.02148,1007.5355,4.6938252,4.398633,0.0,100.0,3.0
2023-03-20 23:00:00+00:00,23.65,89.93401,1007.336,6.87779,6.0089183,0.0,100.0,3.0
2023-03-21 00:00:00+00:00,25.0,89.75868,1007.33813,10.086427,2.0453732,0.0,100.0,3.0
2023-03-21 01:00:00+00:00,25.25,89.77681,1007.53845,11.013882,348.6901,0.0,100.0,3.0
2023-03-21 02:00:00+00:00,26.4,86.16623,1008.24005,9.227524,339.44388,0.0,100.0,3.0
2023-03-21 03:00:00+00:00,27.75,79.12317,1008.94165,11.090103,346.86597,0.0,100.0,3.0
2023-03-21 04:00:00+00:00,29.6,66.70302,1009.24426,15.542662,346.60748,0.0,100.0,3.0
2023-03-21 05:00:00+00:00,31.35,57.30224,1008.8473,14.182355,336.0375,0.0,100.0,3.0
2023-03-21 06:00:00+00:00,32.75,50.872757,1008.3495,12.096214,306.52896,0.0,96.0,3.0
2023-03-21 07:00:00+00:00,32.7,53.737125,1007.25,15.517629,273.9908,0.0,95.0,3.0
2023-03-21 08:00:00+00:00,31.55,60.388176,1006.44867,20.172853,267.95465,0.0,97.0,3.0
2023-03-21 09:00:00+00:00,31.3,58.704487,1005.74835,19.443333,271.06088,0.0,93.0,3.0
2023-03-21 10:00:00+00:00,30.8,58.588352,1005.74774,20.16,270.0,0.0,74.0,2.0
2023-03-21 11:00:00+00:00,30.05,64.80148,1005.8464,15.876775,273.90042,0.0,0.0,0.0
2023-03-21 12:00:00+00:00,29.55,65.48896,1006.2456,15.042659,291.03757,0.0,0.0,0.0
2023-03-21 13:00:00+00:00,28.65,72.197495,1006.7442,13.089354,301.5042,0.0,0.0,0.0
2023-03-21 14:00:00+00:00,28.25,73.44994,1007.64307,12.387348,305.53775,0.0,14.0,0.0
2023-03-21 15:00:00+00:00,27.95,75.19854,1008.9419,10.703569,317.72638,0.0,100.0,3.0
2023-03-21 16:00:00+00:00,27.4,78.12597,1009.94086,8.373386,334.53668,0.0,93.0,3.0
2023-03-21 17:00:00+00:00,26.9,80.452034,1010.0398,6.379216,343.61038,0.0,16.0,0.0
2023-03-21 18:00:00+00:00,26.45,81.8667,1010.13916,6.9899354,348.11136,0.0,0.0,0.0
2023-03-21 19:00:00+00:00,26.1,81.823814,1009.5387,8.473393,347.73523,0.0,0.0,0.0
2023-03-21 20:00:00+00:00,25.65,82.017555,1009.0383,6.9899354,348.11136,0.0,0.0,0.0
2023-03-21 21:00:00+00:00,25.3,82.22511,1008.4384,8.557102,345.3791,0.0,0.0,0.0
2023-03-21 22:00:00+00:00,24.95,83.44695,1008.3377,6.5693827,350.53775,0.0,0.0,0.0
2023-03-21 23:00:00+00:00,24.65,83.66825,1008.03723,9.3669195,2.2025495,0.0,0.0,0.0
2023-03-22 00:00:00+00:00,25.4,80.74644,1008.5383,9.0645685,353.15732,0.0,5.0,0.0
2023-03-22 01:00:00+00:00,25.35,79.27249,1009.138,10.086427,357.95462,0.0,64.0,2.0
2023-03-22 02:00:00+00:00,26.45,74.957466,1009.8393,9.726665,357.87894,0.0,97.0,3.0
2023-03-22 03:00:00+00:00,28.6,66.90889,1010.14264,11.304229,350.8377,0.0,19.0,0.0
2023-03-22 04:00:00+00:00,30.35,59.023415,1010.74493,11.923557,331.11353,0.0,15.0,0.0
2023-03-22 05:00:00+00:00,31.85,52.388523,1010.5472,11.808878,307.56866,0.0,51.0,2.0
2023-03-22 06:00:00+00:00,32.55,51.13476,1009.6485,14.587776,285.75125,0.0,31.0,1.0
2023-03-22 07:00:00+00:00,32.0,57.98122,1008.6484,18.775301,274.39862,0.0,70.0,2.0
2023-03-22 08:00:00+00:00,31.05,60.826916,1007.94714,20.418695,279.1301,0.0,46.0,1.0
2023-03-22 09:00:00+00:00,31.45,56.803646,1006.7483,20.316889,277.1249,0.0,38.0,1.0
2023-03-22 10:00:00+00:00,30.65,60.184593,1006.1472,20.265795,282.30798,0.0,55.0,2.0
2023-03-22 11:00:00+00:00,30.3,59.921642,1005.7472,17.309973,286.92758,0.0,38.0,1.0
2023-03-22 12:00:00+00:00,29.35,67.05879,1006.1454,16.645864,291.57138,0.0,100.0,3.0
2023-03-22 13:00:00+00:00,28.45,70.86213,1006.84375,14.33234,295.27768,0.0,100.0,3.0
2023-03-22 14:00:00+00:00,28.1,72.76021,1007.7428,12.287555,301.8274,0.0,100.0,3.0
2023-03-22 15:00:00+00:00,27.75,75.16659,1008.5418,10.44,313.6029,0.0,100.0,3.0
2023-03-22 16:00:00+00:00,27.4,76.95388,1009.44104,9.504272,322.69595,0.0,98.0,3.0
2023-03-22 17:00:00+00:00,26.9,79.72592,1010.1397,8.699793,335.55606,0.0,95.0,3.0
2023-03-22 18:00:00+00:00,26.35,81.6071,1010.13916,8.209263,344.7448,0.0,100.0,3.0
2023-03-22 19:00:00+00:00,25.95,82.054,1009.6387,9.0,343.73972,0.0,86.0,3.0
2023-03-22 20:00:00+00:00,25.55,82.75705,1008.73846,9.255571,346.50424,0.0,100.0,3.0
2023-03-22 21:00:00+00:00,25.3,82.22511,1007.9386,10.538843,352.14676,0.0,100.0,3.0
2023-03-22 22:00:00+00:00,25.0,82.18887,1007.5381,10.464798,356.0549,0.0,100.0,3.0
2023-03-22 23:00:00+00:00,24.75,83.16976,1007.63776,9.3876505,4.398633,0.0,100.0,3.0
2023-03-23 00:00:00+00:00,24.95,81.68187,1007.8379,10.182337,351.87,0.0,100.0,3.0
2023-03-23 01:00:00+00:00,24.9,82.17676,1008.5376,10.538843,352.14676,0.0,100.0,3.0
2023-03-23 02:00:00+00:00,26.1,76.75727,1009.13885,10.464798,3.9451082,0.0,100.0,3.0
2023-03-23 03:00:00+00:00,28.35,69.14127,1009.942,10.823973,356.186,0.0,100.0,3.0
2023-03-23 04:00:00+00:00,30.5,56.925316,1010.34534,9.085988,326.3099,0.0,100.0,3.0
2023-03-23 05:00:00+00:00,32.1,50.550804,1010.3476,10.931203,287.24155,0.0,99.0,3.0
2023-03-23 06:00:00+00:00,31.9,57.78215,1009.74756,16.923828,268.78116,0.0,100.0,3.0
2023-03-23 07:00:00+00:00,31.25,58.871796,1009.2468,18.733839,267.79745,0.0,100.0,3.0
2023-03-23 08:00:00+00:00,31.45,60.548725,1008.04767,18.228943,260.9098,0.0,100.0,3.0
2023-03-23 09:00:00+00:00,31.0,60.81568,1007.04755,15.725037,254.05453,0.0,100.0,3.0
2023-03-23 10:00:00+00:00,30.9,60.793274,1006.7473,13.32,251.07526,0.0,100.0,3.0
2023-03-23 11:00:00+00:00,30.0,66.17996,1006.646,12.144331,258.0239,0.0,80.0,3.0
2023-03-23 12:00:00+00:00,29.35,66.85551,1007.14496,12.324414,276.70975,0.0,100.0,3.0
2023-03-23 13:00:00+00:00,28.7,70.265884,1007.94366,9.605998,282.99463,0.0,100.0,3.0
2023-03-23 14:00:00+00:00,28.15,74.326996,1008.8423,7.8625183,285.94547,0.0,100.0,3.0
2023-03-23 15:00:00+00:00,27.9,76.10485,1009.84143,7.289444,290.22495,0.0,100.0,3.0
2023-03-23 16:00:00+00:00,27.75,77.2391,1010.5409,6.638072,282.5288,0.0,100.0,3.0
2023-03-23 17:00:00+00:00,26.95,84.1755,1010.73987,4.0249224,296.56497,0.0,100.0,3.0
2023-03-23 18:00:00+00:00,26.3,88.25191,1010.43866,4.0249224,349.69522,0.0,100.0,3.0
2023-03-23 19:00:00+00:00,25.75,89.54341,1009.43854,3.4152596,18.435053,0.0,100.0,3.0
2023-03-23 20:00:00+00:00,25.3,90.86884,1008.8382,3.7585104,16.699326,0.0,100.0,3.0
2023-03-23 21:00:00+00:00,25.2,90.0444,1008.1381,3.096837,35.537766,0.0,100.0,3.0
2023-03-23 22:00:00+00:00,24.7,91.38045,1007.83765,3.8268526,41.185837,0.0,100.0,3.0
2023-03-23 23:00:00+00:00,25.1,88.1526,1007.73834,4.072935,44.999897,0.0,100.0,3.0
2023-03-24 00:00:00+00:00,25.2,88.42784,1007.63837,4.6938257,57.528828,0.0,100.0,3.0
2023-03-24 01:00:00+00:00,25.4,86.070076,1008.4384,6.6185193,67.61982,0.0,100.0,3.0
2023-03-24 02:00:00+00:00,26.8,80.19616,1009.54004,6.28713,76.75947,0.0,100.0,3.0
2023-03-24 03:00:00+00:00,29.0,70.961876,1010.4428,3.8268526,138.81418,0.0,100.0,3.0
2023-03-24 04:00:00+00:00,30.1,65.60207,1011.04443,9.178235,191.30989,0.4,100.0,51.0
2023-03-24 05:00:00+00:00,30.1,66.80315,1010.94446,11.440978,192.72435,0.1,100.0,51.0
2023-03-24 06:00:00+00:00,30.75,64.16753,1010.4457,12.413477,209.53868,0.0,100.0,3.0
2023-03-24 07:00:00+00:00,30.95,62.109444,1009.5464,13.830749,218.65984,0.1,100.0,51.0
2023-03-24 08:00:00+00:00,28.8,70.92568,1009.343,4.1046314,285.25516,0.5,100.0,53.0
2023-03-24 09:00:00+00:00,28.4,70.853065,1008.543,8.714677,218.2902,0.2,100.0,51.0
2023-03-24 10:00:00+00:00,28.65,68.988304,1008.0436,6.618519,224.9999,0.1,100.0,51.0
2023-03-24 11:00:00+00:00,28.15,71.023155,1008.1426,4.6800003,247.3801,0.0,100.0,3.0
2023-03-24 12:00:00+00:00,28.15,71.67342,1008.34247,4.829907,333.43503,0.0,100.0,3.0
2023-03-24 13:00:00+00:00,27.55,76.05063,1008.9413,8.28,360.0,0.0,100.0,3.0
2023-03-24 14:00:00+00:00,26.7,82.64172,1009.43976,10.041354,14.534496,0.0,100.0,3.0
2023-03-24 15:00:00+00:00,26.05,85.61492,1010.0385,9.793058,17.102825,0.0,100.0,3.0
2023-03-24 16:00:00+00:00,25.7,85.321625,1010.8379,9.028754,4.5738406,0.0,33.0,1.0
2023-03-24 17:00:00+00:00,25.45,85.55514,1011.2371,8.311245,4.969664,0.0,28.0,1.0
2023-03-24 18:00:00+00:00,25.3,85.540146,1011.1371,6.5693827,9.462261,0.0,24.0,1.0
2023-03-24 19:00:00+00:00,25.15,85.525116,1010.43713,3.96,360.0,0.0,7.0,0.0
2023-03-24 20:00:00+00:00,24.75,87.32448,1009.7368,4.3349743,355.23645,0.0,2.0,0.0
2023-03-24 21:00:00+00:00,24.9,86.80923,1008.93744,3.7585104,343.3007,0.0,19.0,0.0
2023-03-24 22:00:00+00:00,25.65,82.768776,1008.6385,0.35999998,90.0,0.0,6.0,0.0
2023-03-24 23:00:00+00:00,24.35,88.89737,1008.6366,2.1897945,99.46225,0.0,0.0,0.0
2023-03-25 00:00:00+00:00,24.8,87.06412,1009.23706,3.319036,77.4712,0.0,1.0,0.0
2023-03-25 01:00:00+00:00,25.35,83.74643,1009.7378,6.28713,66.37061,0.0,16.0,0.0
2023-03-25 02:00:00+00:00,26.8,75.472694,1010.7395,6.1305785,49.76371,0.0,95.0,3.0
2023-03-25 03:00:00+00:00,29.3,65.63695,1011.44305,3.8268526,48.814175,0.0,25.0,1.0
2023-03-25 04:00:00+00:00,31.3,55.056194,1011.8456,0.71999997,270.0,0.0,17.0,0.0
2023-03-25 05:00:00+00:00,32.65,49.307785,1011.64795,4.8433046,228.01286,0.0,89.0,3.0
2023-03-25 06:00:00+00:00,32.85,50.587173,1011.0485,10.948973,226.33215,0.0,100.0,3.0
2023-03-25 07:00:00+00:00,30.3,64.26696,1010.74493,12.4811535,213.23172,0.1,45.0,51.0
2023-03-25 08:00:00+00:00,32.25,51.68994,1009.7481,7.42159,194.03627,0.2,64.0,51.0
2023-03-25 09:00:00+00:00,30.6,61.282894,1008.64606,10.446206,181.97488,0.1,46.0,51.0
2023-03-25 10:00:00+00:00,31.0,58.278103,1008.04706,6.5693827,189.46225,0.1,53.0,51.0
2023-03-25 11:00:00+00:00,30.85,57.35906,1007.8468,9.107359,198.43504,0.0,86.0,3.0
2023-03-25 12:00:00+00:00,29.75,64.542244,1008.1451,10.137692,196.50444,0.0,46.0,1.0
2023-03-25 13:00:00+00:00,28.9,68.82677,1008.9435,8.311245,184.96965,0.0,30.0,1.0
2023-03-25 14:00:00+00:00,28.4,72.153725,1009.54254,5.8603754,169.3804,0.0,27.0,1.0
2023-03-25 15:00:00+00:00,28.15,74.102646,1010.24164,5.154415,155.22488,0.0,17.0,0.0
2023-03-25 16:00:00+00:00,27.65,77.69181,1011.04065,3.096837,144.46223,0.0,27.0,1.0
2023-03-25 17:00:00+00:00,27.2,80.97753,1011.3398,2.9024127,119.74479,0.0,15.0,0.0
2023-03-25 18:00:00+00:00,26.8,82.9028,1011.23926,3.6,90.0,0.0,0.0,0.0
2023-03-25 19:00:00+00:00,25.85,87.68528,1010.538,3.7585104,73.300674,0.0,0.0,0.0
2023-03-25 20:00:00+00:00,25.35,88.9755,1009.8377,4.3498964,65.55606,0.0,0.0,0.0
2023-03-25 21:00:00+00:00,24.9,89.480385,1009.3372,4.5536795,71.564964,0.0,1.0,0.0
2023-03-25 22:00:00+00:00,24.55,89.72595,1009.0368,3.9763298,84.805664,0.0,5.0,0.0
2023-03-25 23:00:00+00:00,24.7,87.85212,1009.0371,3.96,90.0,0.0,9.0,0.0
2023-03-26 00:00:00+00:00,24.65,88.65158,1009.3366,4.8965297,36.027473,0.0,1.0,0.0
2023-03-26 01:00:00+00:00,25.1,85.7802,1010.0373,3.8939953,56.3099,0.0,52.0,2.0
2023-03-26 02:00:00+00:00,26.75,78.03225,1010.8394,3.219938,63.435013,0.0,6.0,0.0
2023-03-26 03:00:00+00:00,29.35,68.289795,1011.3431,0.5091169,44.999897,0.0,20.0,1.0
2023-03-26 04:00:00+00:00,30.65,60.92227,1011.7447,4.5536795,251.56496,0.1,57.0,51.0
2023-03-26 05:00:00+00:00,31.35,57.652874,1011.44617,8.217153,241.1893,0.1,35.0,51.0
2023-03-26 06:00:00+00:00,31.3,59.603714,1010.6461,10.966713,246.80138,0.3,92.0,51.0
2023-03-26 07:00:00+00:00,30.95,65.77591,1010.0462,14.145756,255.2564,0.4,86.0,51.0
2023-03-26 08:00:00+00:00,29.85,69.63418,1009.14465,13.556282,259.28693,2.0,100.0,61.0
2023-03-26 09:00:00+00:00,29.4,71.03413,1008.3444,15.379206,253.68607,0.2,100.0,51.0
2023-03-26 10:00:00+00:00,28.8,73.54254,1007.94366,11.440978,257.27563,0.2,100.0,51.0
2023-03-26 11:00:00+00:00,25.3,87.63784,1008.7382,6.3690495,222.70937,8.0,100.0,65.0
2023-03-26 12:00:00+00:00,27.35,78.82971,1008.34155,8.161764,311.42358,1.0,99.0,55.0
2023-03-26 13:00:00+00:00,27.2,78.80874,1008.741,3.6179552,5.7105074,0.0,100.0,3.0
2023-03-26 14:00:00+00:00,26.9,82.16885,1009.3401,2.9024127,7.12493,0.0,100.0,3.0
2023-03-26 15:00:00+00:00,26.65,83.386505,1009.9395,5.0528407,355.91446,0.0,99.0,3.0
2023-03-26 16:00:00+00:00,26.35,85.38728,1010.439,6.130579,3.3664,0.0,99.0,3.0
2023-03-26 17:00:00+00:00,25.9,86.90081,1010.8379,7.9932966,324.16226,0.0,92.0,3.0
2023-03-26 18:00:00+00:00,25.6,88.727295,1010.73755,10.948973,332.5925,0.0,42.0,1.0
2023-03-26 19:00:00+00:00,25.3,90.323204,1010.23755,12.303366,339.44388,0.0,46.0,1.0
2023-03-26 20:00:00+00:00,24.9,91.39277,1009.5372,11.212135,354.47253,0.0,50.0,2.0
2023-03-26 21:00:00+00:00,24.4,93.316734,1008.8365,9.726665,357.87894,0.0,8.0,0.0
2023-03-26 22:00:00+00:00,24.25,93.59196,1008.5364,8.707238,352.87506,0.0,15.0,0.0
2023-03-26 23:00:00+00:00,24.35,92.471756,1008.6366,9.449572,342.25522,0.0,14.0,0.0
2023-03-27 00:00:00+00:00,24.75,90.832924,1009.0371,10.028439,338.9624,0.0,11.0,0.0
2023-03-27 01:00:00+00:00,25.05,87.881966,1009.73706,10.829959,344.57776,0.0,1.0,0.0
2023-03-27 02:00:00+00:00,26.2,81.83609,1010.3387,11.013882,348.6901,0.0,1.0,0.0
2023-03-27 03:00:00+00:00,28.3,71.70011,1010.9416,12.413476,343.1415,0.0,1.0,0.0
2023-03-27 04:00:00+00:00,30.5,59.058117,1011.04504,14.512064,336.61475,0.0,82.0,3.0
2023-03-27 05:00:00+00:00,32.5,47.770008,1010.54816,13.392774,323.74606,0.0,83.0,3.0
2023-03-27 06:00:00+00:00,33.5,45.57971,1009.95,14.20062,300.46545,0.0,78.0,2.0
2023-03-27 07:00:00+00:00,33.0,54.80045,1009.0494,18.079027,282.65256,0.0,53.0,2.0
2023-03-27 08:00:00+00:00,31.6,61.877213,1008.1478,21.829777,283.34872,0.0,90.0,3.0
2023-03-27 09:00:00+00:00,31.4,59.807766,1007.24805,21.407139,289.6539,0.0,61.0,2.0
2023-03-27 10:00:00+00:00,31.3,63.89743,1006.548,21.749481,282.42593,0.0,84.0,3.0
2023-03-27 11:00:00+00:00,30.45,66.07142,1006.8467,16.595179,294.34106,0.0,76.0,2.0
2023-03-27 12:00:00+00:00,29.6,68.96029,1007.0452,13.979872,304.50858,0.0,46.0,1.0
2023-03-27 13:00:00+00:00,28.85,75.56812,1007.644,11.753876,310.0302,0.0,26.0,1.0
2023-03-27 14:00:00+00:00,28.5,77.815475,1008.1432,13.004922,311.63345,0.0,19.0,0.0
2023-03-27 15:00:00+00:00,28.35,77.560524,1008.74255,11.753876,310.0302,0.0,8.0,0.0
2023-03-27 16:00:00+00:00,28.1,79.409195,1009.2421,10.97262,318.991,0.0,15.0,0.0
2023-03-27 17:00:00+00:00,27.75,82.024704,1009.6413,10.315115,330.75128,0.0,16.0,0.0
2023-03-27 18:00:00+00:00,27.45,83.22688,1009.541,10.483357,344.05453,0.0,17.0,0.0
2023-03-27 19:00:00+00:00,27.2,83.448456,1009.2408,11.726277,342.12122,0.0,57.0,2.0
2023-03-27 20:00:00+00:00,26.95,84.42859,1008.54083,11.620809,343.8107,0.0,50.0,2.0
2023-03-27 21:00:00+00:00,26.65,85.16123,1008.04034,11.384199,341.56494,0.0,26.0,1.0
2023-03-27 22:00:00+00:00,26.4,86.16623,1007.64026,11.726277,342.12122,0.0,62.0,2.0
2023-03-27 23:00:00+00:00,26.2,86.928116,1007.7399,10.931203,342.75845,0.0,47.0,1.0
2023-03-28 00:00:00+00:00,26.1,86.137474,1008.13934,12.429127,349.99207,0.0,26.0,1.0
2023-03-28 01:00:00+00:00,26.2,84.603355,1008.73944,12.496719,348.3664,0.0,13.0,0.0
2023-03-28 02:00:00+00:00,27.55,77.91207,1009.44104,13.358861,345.9637,0.0,21.0,1.0
2023-03-28 03:00:00+00:00,29.4,69.340164,1009.74384,13.896187,343.44284,0.0,0.0,0.0
2023-03-28 04:00:00+00:00,31.65,56.85128,1009.9471,12.7279215,331.26028,0.0,0.0,0.0
2023-03-28 05:00:00+00:00,33.55,48.787247,1009.85,12.031756,308.92755,0.0,1.0,0.0
2023-03-28 06:00:00+00:00,34.15,48.942406,1009.2512,14.689589,287.1028,0.0,21.0,1.0
2023-03-28 07:00:00+00:00,32.1,64.64381,1008.5484,18.888851,277.66672,0.0,34.0,1.0
2023-03-28 08:00:00+00:00,32.3,61.10582,1007.84894,17.283749,305.67648,0.0,71.0,2.0
2023-03-28 09:00:00+00:00,31.75,62.284275,1007.3482,9.0,286.26028,0.2,64.0,51.0
2023-03-28 10:00:00+00:00,30.85,65.75553,1007.0472,10.195057,312.1375,0.3,62.0,51.0
2023-03-28 11:00:00+00:00,30.2,68.8668,1007.44604,8.217153,331.1893,0.2,87.0,51.0
2023-03-28 12:00:00+00:00,30.3,67.65374,1007.4464,7.7879906,326.3099,0.0,55.0,2.0
2023-03-28 13:00:00+00:00,29.6,71.49881,1007.9449,7.145796,310.91428,0.0,28.0,1.0
2023-03-28 14:00:00+00:00,28.95,76.495285,1008.44366,7.42159,292.83368,0.0,6.0,0.0
2023-03-28 15:00:00+00:00,28.55,79.70813,1009.4426,5.3517847,312.27362,0.0,6.0,0.0
2023-03-28 16:00:00+00:00,28.1,83.30051,1010.24164,2.9024127,299.74478,0.0,6.0,0.0
2023-03-28 17:00:00+00:00,27.6,87.313774,1010.6408,2.1897945,279.46225,0.0,7.0,0.0
2023-03-28 18:00:00+00:00,27.1,90.9848,1010.8398,2.9024127,299.74478,0.0,14.0,0.0
2023-03-28 19:00:00+00:00,27.1,92.07134,1010.44,3.319036,282.5288,0.0,29.0,1.0
2023-03-28 20:00:00+00:00,26.9,93.43607,1009.9399,5.0911684,315.0001,0.0,44.0,1.0
2023-03-28 21:00:00+00:00,26.0,96.79106,1009.2389,4.6938257,327.52884,0.0,25.0,1.0
2023-03-28 22:00:00+00:00,26.1,94.799995,1008.83905,3.2599385,6.3401003,0.0,10.0,0.0
2023-03-28 23:00:00+00:00,25.05,96.76866,1008.83746,3.7585104,16.699326,0.0,27.0,1.0
2023-03-29 00:00:00+00:00,25.65,94.5003,1009.2383,5.154415,294.77512,0.0,20.0,1.0
2023-03-29 01:00:00+00:00,26.0,93.67253,1009.73865,4.0249224,333.43503,0.0,17.0,0.0
2023-03-29 02:00:00+00:00,27.35,85.487404,1010.6405,5.0911684,351.87,0.0,51.0,2.0
2023-03-29 03:00:00+00:00,29.05,75.14762,1011.3427,3.5455887,336.0375,0.0,46.0,1.0
2023-03-29 04:00:00+00:00,30.75,64.556305,1011.84503,3.6,270.0,0.0,52.0,2.0
2023-03-29 05:00:00+00:00,32.1,58.889412,1011.44714,7.5170207,253.30067,0.0,100.0,3.0
2023-03-29 06:00:00+00:00,31.95,63.46121,1010.84705,12.522619,251.56496,0.1,100.0,51.0
2023-03-29 07:00:00+00:00,30.1,70.94697,1010.2448,12.303366,249.44386,0.0,100.0,3.0
2023-03-29 08:00:00+00:00,31.7,60.604897,1009.1474,8.759178,260.53775,0.0,100.0,3.0
2023-03-29 09:00:00+00:00,29.65,71.293144,1008.5449,10.390226,255.96373,1.3,100.0,61.0
2023-03-29 10:00:00+00:00,30.2,69.909004,1007.8458,9.36,270.0,0.1,100.0,51.0
2023-03-29 11:00:00+00:00,28.85,75.56812,1008.1438,10.390226,284.03625,0.1,100.0,51.0
2023-03-29 12:00:00+00:00,28.8,78.79534,1008.0436,12.783802,279.7275,0.0,95.0,3.0
2023-03-29 13:00:00+00:00,27.8,83.018135,1009.0418,4.829907,296.56497,0.0,70.0,2.0
2023-03-29 14:00:00+00:00,26.65,83.13561,1010.0394,8.161764,318.57642,0.5,94.0,53.0
2023-03-29 15:00:00+00:00,26.55,85.40739,1010.83905,5.815978,338.19852,0.0,98.0,3.0
2023-03-29 16:00:00+00:00,26.3,87.98757,1011.43823,5.8603754,349.3804,0.0,100.0,3.0
2023-03-29 17:00:00+00:00,25.6,90.61569,1011.43726,5.0911684,351.87,0.0,100.0,3.0
2023-03-29 18:00:00+00:00,25.15,91.133255,1011.0368,2.5455842,8.130019,0.0,100.0,3.0
2023-03-29 19:00:00+00:00,25.15,88.423805,1010.43713,6.725354,15.524177,0.0,100.0,3.0
2023-03-29 20:00:00+00:00,24.95,87.87341,1009.5372,6.9899354,11.888645,0.0,100.0,3.0
2023-03-29 21:00:00+00:00,25.0,87.6118,1009.03735,7.69592,10.784258,0.0,83.0,3.0
2023-03-29 22:00:00+00:00,25.0,88.679565,1008.93744,9.0,360.0,0.0,93.0,3.0
2023-03-29 23:00:00+00:00,24.9,91.117424,1008.83746,10.446206,358.0251,0.0,60.0,2.0
2023-03-30 00:00:00+00:00,24.65,89.73324,1009.2367,10.086427,357.95462,0.0,25.0,1.0
2023-03-30 01:00:00+00:00,24.85,88.936554,1009.5369,10.823973,356.186,0.0,91.0,3.0
2023-03-30 02:00:00+00:00,26.2,84.603355,1010.2388,9.9571085,347.4712,0.0,89.0,3.0
2023-03-30 03:00:00+00:00,28.35,76.633965,1011.0415,10.691453,315.0001,0.0,73.0,2.0
2023-03-30 04:00:00+00:00,29.9,69.434235,1011.34393,12.181624,304.15976,0.1,99.0,51.0
2023-03-30 05:00:00+00:00,31.45,61.286087,1010.74646,10.144082,297.47433,0.1,100.0,51.0
2023-03-30 06:00:00+00:00,32.05,59.774673,1010.1477,13.084402,277.90707,0.2,100.0,51.0
2023-03-30 07:00:00+00:00,30.45,70.58644,1009.2456,17.81909,278.13,1.5,98.0,61.0
2023-03-30 08:00:00+00:00,30.9,66.36177,1008.24664,17.462782,284.32275,0.0,71.0,2.0
2023-03-30 09:00:00+00:00,30.25,67.23745,1007.44604,19.469976,266.82022,1.3,86.0,61.0
2023-03-30 10:00:00+00:00,29.75,73.261604,1007.24554,12.371645,278.36578,0.4,54.0,51.0
2023-03-30 11:00:00+00:00,28.95,74.906456,1007.44415,8.905908,284.03625,0.1,66.0,51.0
2023-03-30 12:00:00+00:00,27.65,81.27823,1007.6422,3.6,306.86996,0.4,95.0,51.0
2023-03-30 13:00:00+00:00,27.3,84.972755,1008.741,5.5887027,345.06854,0.5,58.0,53.0
2023-03-30 14:00:00+00:00,26.7,86.973434,1009.13983,8.473393,347.73523,0.2,34.0,51.0
2023-03-30 15:00:00+00:00,26.05,88.231316,1010.1384,8.64,360.0,0.0,19.0,0.0
2023-03-30 16:00:00+00:00,25.8,86.62999,1010.8379,7.2359104,5.7105074,0.0,8.0,0.0
2023-03-30 17:00:00+00:00,25.5,86.60208,1010.9375,8.707238,352.87506,0.0,29.0,1.0
2023-03-30 18:00:00+00:00,25.0,88.14427,1010.5367,9.0,360.0,0.0,40.0,1.0
2023-03-30 19:00:00+00:00,24.65,89.73324,1010.0363,8.350138,352.5687,0.0,90.0,3.0
2023-03-30 20:00:00+00:00,24.55,90.27146,1009.3366,8.4042845,350.13425,0.0,98.0,3.0
2023-03-30 21:00:00+00:00,24.45,89.71861,1008.8365,10.1376915,353.88458,0.0,97.0,3.0
2023-03-30 22:00:00+00:00,24.25,88.35015,1008.63635,11.165805,358.15244,0.0,99.0,3.0
2023-03-30 23:00:00+00:00,24.1,87.800766,1008.63635,10.446206,358.0251,0.0,99.0,3.0
2023-03-31 00:00:00+00:00,24.6,86.25475,1009.0368,11.165805,1.8475709,0.0,66.0,2.0
2023-03-31 01:00:00+00:00,24.8,86.536606,1009.23706,11.525623,1.7898695,0.0,85.0,3.0
2023-03-31 02:00:00+00:00,26.1,82.32128,1009.93854,10.464798,356.0549,0.0,24.0,1.0
2023-03-31 03:00:00+00:00,28.05,74.761345,1010.5415,11.659777,351.11942,0.0,26.0,1.0
2023-03-31 04:00:00+00:00,30.15,64.04069,1010.6446,12.641076,340.0168,0.0,46.0,1.0
2023-03-31 05:00:00+00:00,31.95,55.552494,1010.44727,12.768586,319.574,0.0,54.0,2.0
2023-03-31 06:00:00+00:00,33.0,50.780724,1009.34924,13.527572,295.20108,0.0,71.0,2.0
2023-03-31 07:00:00+00:00,32.8,53.925713,1008.2495,17.518356,279.46225,0.0,34.0,1.0
2023-03-31 08:00:00+00:00,32.15,60.159306,1007.14905,20.06334,279.2932,0.0,45.0,1.0
2023-03-31 09:00:00+00:00,31.65,61.145554,1006.14874,20.696085,283.0693,0.0,43.0,1.0
2023-03-31 10:00:00+00:00,31.3,61.99842,1005.3485,19.64558,283.78162,0.0,57.0,2.0
2023-03-31 11:00:00+00:00,30.35,68.482544,1005.1474,19.809813,289.0936,0.0,55.0,2.0
2023-03-31 12:00:00+00:00,29.25,71.43647,1005.8455,17.709658,296.56497,0.0,34.0,1.0
2023-03-31 13:00:00+00:00,28.3,76.39623,1006.6435,12.594856,300.96368,0.0,9.0,0.0
2023-03-31 14:00:00+00:00,27.85,79.37514,1007.44257,9.885262,326.88864,0.0,6.0,0.0
2023-03-31 15:00:00+00:00,27.6,79.10248,1008.3419,10.514218,321.9529,0.0,2.0,0.0
2023-03-31 16:00:00+00:00,27.4,78.36224,1009.1412,10.009036,322.3057,0.0,2.0,0.0
2023-03-31 17:00:00+00:00,27.2,78.57091,1009.3407,9.220499,321.34018,0.0,1.0,0.0
2023-03-31 18:00:00+00:00,26.9,79.96731,1009.2402,8.714677,321.70978,0.0,0.0,0.0
2023-03-31 19:00:00+00:00,26.6,82.62995,1008.94,7.7043357,322.59457,0.0,0.0,0.0
2023-03-31 20:00:00+00:00,26.35,84.87456,1008.43994,5.904439,322.43134,0.0,3.0,0.0
2023-03-31 21:00:00+00:00,26.0,87.69817,1007.8395,5.1165614,320.7106,0.0,2.0,0.0
2023-03-31 22:00:00+00:00,25.75,89.00654,1007.83923,4.829907,333.43503,0.0,1.0,0.0
2023-03-31 23:00:00+00:00,25.4,89.24813,1007.9386,5.771239,3.5762644,0.0,6.0,0.0
2023-04-01 00:00:00+00:00,25.5,84.7859,1008.6385,9.0,16.26028,0.0,18.0,0.0
2023-04-01 01:00:00+00:00,25.7,83.53164,1009.0387,8.049845,10.304792,0.0,10.0,0.0
2023-04-01 02:00:00+00:00,27.2,76.92376,1010.1403,6.12,360.0,0.0,12.0,0.0
2023-04-01 03:00:00+00:00,29.25,68.477615,1010.84326,7.42159,337.1663,0.0,16.0,0.0
2023-04-01 04:00:00+00:00,30.95,59.342556,1011.0457,10.296251,306.46933,0.0,43.0,1.0
2023-04-01 05:00:00+00:00,31.95,55.72216,1010.6471,12.522619,288.43503,0.0,60.0,2.0
2023-04-01 06:00:00+00:00,32.2,56.46513,1010.14795,16.039202,279.0394,0.0,34.0,1.0
2023-04-01 07:00:00+00:00,31.6,59.131805,1009.2474,18.228943,279.09018,0.0,19.0,0.0
2023-04-01 08:00:00+00:00,32.15,56.45319,1008.2486,18.214718,288.43503,0.0,44.0,1.0
2023-04-01 09:00:00+00:00,30.4,66.260925,1007.2465,17.698677,274.66678,0.4,46.0,51.0
2023-04-01 10:00:00+00:00,30.8,61.327442,1007.0472,15.1884165,301.4295,0.0,54.0,2.0
2023-04-01 11:00:00+00:00,30.3,63.68497,1006.8467,17.873556,297.5972,0.0,34.0,1.0
2023-04-01 12:00:00+00:00,29.55,67.91637,1007.3451,14.021525,299.1974,0.0,34.0,1.0
2023-04-01 13:00:00+00:00,28.85,71.36499,1008.1438,11.988594,311.3477,0.0,52.0,2.0
2023-04-01 14:00:00+00:00,28.25,75.246376,1008.6426,12.313894,307.87503,0.0,33.0,1.0
2023-04-01 15:00:00+00:00,27.95,77.036316,1009.5416,11.457958,316.27295,0.0,32.0,1.0
2023-04-01 16:00:00+00:00,27.5,78.850655,1010.34064,10.739832,320.44037,0.0,23.0,1.0
2023-04-01 17:00:00+00:00,27.1,80.72113,1010.93976,8.714677,321.70978,0.0,28.0,1.0
2023-04-01 18:00:00+00:00,26.8,81.90947,1010.8394,8.654987,315.0001,0.0,33.0,1.0
2023-04-01 19:00:00+00:00,26.45,84.62973,1010.439,9.387651,327.52884,0.0,20.0,1.0
2023-04-01 20:00:00+00:00,25.95,87.43036,1009.73865,8.225035,336.8014,0.0,15.0,0.0
2023-04-01 21:00:00+00:00,25.35,90.05498,1009.0381,7.342588,348.6901,0.1,30.0,51.0
2023-04-01 22:00:00+00:00,25.0,89.21769,1008.5376,9.885262,349.50858,0.1,57.0,51.0
2023-04-01 23:00:00+00:00,24.65,88.65158,1008.4371,10.853866,354.2895,0.0,26.0,1.0
2023-04-02 00:00:00+00:00,25.2,86.050705,1008.8378,11.177405,345.06854,0.0,13.0,0.0
2023-04-02 01:00:00+00:00,25.05,86.56005,1009.4372,11.304229,350.8377,0.0,43.0,1.0
2023-04-02 02:00:00+00:00,26.2,80.60466,1010.2388,10.308831,347.90527,0.0,2.0,0.0
2023-04-02 03:00:00+00:00,28.0,71.64672,1010.94135,12.324414,353.29025,0.0,24.0,1.0
2023-04-02 04:00:00+00:00,30.05,63.438442,1011.24396,11.27553,343.3007,0.0,27.0,1.0
2023-04-02 05:00:00+00:00,31.85,55.86819,1010.7471,10.97262,318.991,0.0,13.0,0.0
2023-04-02 06:00:00+00:00,32.7,52.121624,1010.0487,13.441071,290.37653,0.0,27.0,1.0
2023-04-02 07:00:00+00:00,32.35,56.67267,1009.04846,17.935081,280.40765,0.0,25.0,1.0
2023-04-02 08:00:00+00:00,31.3,59.784992,1007.9474,19.914217,282.5288,0.0,33.0,1.0
2023-04-02 09:00:00+00:00,31.05,58.467896,1006.94763,20.192118,281.3099,0.0,42.0,1.0
2023-04-02 10:00:00+00:00,30.6,62.600132,1006.74695,18.448023,287.0206,0.1,53.0,51.0
2023-04-02 11:00:00+00:00,30.2,64.44097,1006.64636,18.681883,295.08356,0.0,37.0,1.0
2023-04-02 12:00:00+00:00,29.45,67.282425,1006.5455,15.2947035,296.56497,0.1,27.0,51.0
2023-04-02 13:00:00+00:00,28.5,74.83406,1006.84375,14.48972,296.56497,0.0,20.0,1.0
2023-04-02 14:00:00+00:00,28.15,77.298416,1007.8427,14.386494,301.7014,0.0,28.0,1.0
2023-04-02 15:00:00+00:00,28.1,76.135765,1008.64233,13.896187,306.57312,0.0,20.0,1.0
2023-04-02 16:00:00+00:00,28.0,74.97957,1009.54193,14.003028,313.95847,0.0,10.0,0.0
2023-04-02 17:00:00+00:00,27.75,74.93934,1009.8412,12.738099,317.29062,0.0,2.0,0.0
2023-04-02 18:00:00+00:00,27.35,76.48171,1009.44104,11.792404,328.73633,0.0,58.0,2.0
2023-04-02 19:00:00+00:00,26.65,80.419365,1008.83997,10.24578,341.56494,0.0,100.0,3.0
2023-04-02 20:00:00+00:00,26.15,82.57693,1008.2397,10.24578,341.56494,0.0,4.0,0.0
2023-04-02 21:00:00+00:00,25.75,84.04516,1007.53937,10.390226,345.9637,0.0,2.0,0.0
2023-04-02 22:00:00+00:00,25.45,86.07489,1007.1389,9.178235,348.6901,0.0,1.0,0.0
2023-04-02 23:00:00+00:00,25.1,87.62048,1007.03864,9.3669195,357.79745,0.0,8.0,0.0
2023-04-03 00:00:00+00:00,25.5,86.60208,1007.83887,7.342588,348.6901,0.0,1.0,0.0
2023-04-03 01:00:00+00:00,25.6,85.57012,1008.43866,7.342588,348.6901,0.0,32.0,1.0
2023-04-03 02:00:00+00:00,26.9,78.7667,1009.3401,5.6920996,341.56494,0.0,49.0,1.0
2023-04-03 03:00:00+00:00,28.95,68.21224,1010.1429,7.10031,329.53452,0.0,83.0,3.0
2023-04-03 04:00:00+00:00,30.5,60.703342,1010.34534,9.983106,295.64096,0.3,35.0,51.0
2023-04-03 05:00:00+00:00,31.1,59.921272,1009.9462,13.5515,286.9909,0.2,31.0,51.0
2023-04-03 06:00:00+00:00,31.5,59.830544,1009.3471,14.973576,279.68872,0.0,17.0,0.0
2023-04-03 07:00:00+00:00,30.75,62.82283,1008.4466,16.808569,279.86575,0.0,27.0,1.0
2023-04-03 08:00:00+00:00,30.35,64.2775,1007.5463,16.87398,281.07016,0.2,53.0,51.0
2023-04-03 09:00:00+00:00,30.2,61.007202,1006.9463,16.24394,282.80426,0.2,78.0,51.0
2023-04-03 10:00:00+00:00,29.7,67.53591,1006.4459,15.725037,285.94547,0.2,72.0,51.0
2023-04-03 11:00:00+00:00,28.85,67.36806,1007.0443,13.044722,320.59937,0.1,71.0,51.0
2023-04-03 12:00:00+00:00,28.75,69.007355,1006.7442,10.703569,317.72638,0.2,83.0,51.0
2023-04-03 13:00:00+00:00,28.2,71.24833,1007.5431,8.0899935,327.72437,0.0,39.0,1.0
2023-04-03 14:00:00+00:00,27.75,74.93934,1008.3419,7.7879906,326.3099,0.0,42.0,1.0
2023-04-03 15:00:00+00:00,27.6,76.9839,1009.34143,7.9932966,324.16226,0.0,22.0,1.0
2023-04-03 16:00:00+00:00,27.55,78.38361,1010.24066,7.7879906,326.3099,0.0,29.0,1.0
2023-04-03 17:00:00+00:00,27.2,81.71199,1010.64014,9.220499,321.34018,0.0,18.0,0.0
2023-04-03 18:00:00+00:00,26.75,84.66131,1010.43964,9.585739,325.71307,0.0,28.0,1.0
2023-04-03 19:00:00+00:00,26.25,87.1943,1009.9389,10.009036,322.3057,0.0,33.0,1.0
2023-04-03 20:00:00+00:00,26.0,87.172,1009.03894,12.261157,319.7637,0.0,25.0,1.0
2023-04-03 21:00:00+00:00,25.6,88.194115,1008.2387,12.879752,333.43503,0.0,6.0,0.0
2023-04-03 22:00:00+00:00,25.0,89.21769,1008.03784,12.522619,341.56494,0.0,10.0,0.0
2023-04-03 23:00:00+00:00,24.5,89.72227,1008.03723,11.879999,360.0,0.0,100.0,3.0
2023-04-04 00:00:00+00:00,24.55,90.81987,1008.537,13.039754,353.6599,0.0,94.0,3.0
2023-04-04 01:00:00+00:00,24.7,90.28183,1009.43695,10.829959,344.57776,0.0,99.0,3.0
2023-04-04 02:00:00+00:00,25.85,83.801956,1010.3381,9.449572,342.25522,0.0,100.0,3.0
2023-04-04 03:00:00+00:00,27.75,74.48664,1011.4405,8.669949,311.63345,0.0,99.0,3.0
2023-04-04 04:00:00+00:00,29.5,66.27936,1011.94305,11.440979,294.14554,0.0,97.0,3.0
2023-04-04 05:00:00+00:00,30.5,61.822376,1012.04456,13.896187,286.55716,0.1,97.0,51.0
2023-04-04 06:00:00+00:00,31.1,59.739376,1011.44556,15.986595,277.76508,0.0,100.0,3.0
2023-04-04 07:00:00+00:00,29.45,66.26923,1010.8435,17.698677,274.66678,0.0,100.0,3.0
2023-04-04 08:00:00+00:00,30.35,63.31028,1009.3455,14.408997,282.99463,0.0,100.0,3.0
2023-04-04 09:00:00+00:00,30.75,62.44319,1008.5465,15.716793,290.0953,0.1,100.0,51.0
2023-04-04 10:00:00+00:00,30.25,63.867805,1007.94586,13.905509,291.25058,0.0,100.0,3.0
2023-04-04 11:00:00+00:00,29.95,65.17488,1007.64557,14.007655,295.90643,0.0,100.0,3.0
2023-04-04 12:00:00+00:00,28.3,72.35511,1008.74255,10.799999,306.86996,0.0,100.0,3.0
2023-04-04 13:00:00+00:00,28.0,73.185555,1009.0422,9.0,323.13,0.0,100.0,3.0
2023-04-04 14:00:00+00:00,27.45,76.72888,1009.541,7.928178,2.6025116,0.0,100.0,3.0
2023-04-04 15:00:00+00:00,26.75,80.92014,1009.7399,8.557102,14.620926,0.0,100.0,3.0
2023-04-04 16:00:00+00:00,26.05,83.570946,1009.6387,8.287822,2.4894993,0.0,100.0,3.0
2023-04-04 17:00:00+00:00,25.9,84.57165,1009.7384,5.8048253,330.25522,0.0,100.0,3.0
2023-04-04 18:00:00+00:00,26.0,83.565346,1009.73865,2.7416782,293.1986,0.0,100.0,3.0
2023-04-04 19:00:00+00:00,26.5,81.8728,1009.23956,1.8,270.0,0.0,100.0,3.0
2023-04-04 20:00:00+00:00,25.55,86.08455,1008.6385,3.219938,26.564985,0.0,100.0,3.0
2023-04-04 21:00:00+00:00,24.45,89.991196,1008.03687,3.0758414,69.44387,0.0,100.0,3.0
2023-04-04 22:00:00+00:00,23.75,92.43911,1007.7362,3.2399998,90.0,0.0,100.0,3.0
2023-04-04 23:00:00+00:00,23.5,92.42546,1007.73584,3.2599385,96.340096,0.0,100.0,3.0
2023-04-05 00:00:00+00:00,25.75,89.54341,1008.2391,7.729527,152.24155,0.0,96.0,3.0
2023-04-05 01:00:00+00:00,26.05,88.231316,1008.83905,8.4963045,126.384445,0.0,100.0,3.0
2023-04-05 02:00:00+00:00,27.25,83.20412,1009.74054,7.4128532,119.05451,0.0,100.0,3.0
2023-04-05 03:00:00+00:00,28.85,73.109085,1010.5427,9.673221,135.0001,0.1,100.0,51.0
2023-04-05 04:00:00+00:00,30.4,63.7063,1011.0448,7.24486,153.43501,0.1,100.0,51.0
2023-04-05 05:00:00+00:00,31.75,56.702087,1010.8467,7.072878,194.7436,0.1,100.0,51.0
2023-04-05 06:00:00+00:00,31.65,59.32295,1010.34686,11.183201,213.17853,0.2,100.0,51.0
2023-04-05 07:00:00+00:00,29.55,70.42219,1009.844,12.4811535,213.23172,1.8,100.0,61.0
2023-04-05 08:00:00+00:00,29.7,69.187706,1008.5449,11.269782,206.56499,0.1,99.0,51.0
2023-04-05 09:00:00+00:00,29.05,72.92332,1008.0442,4.73506,171.25392,0.2,100.0,51.0
2023-04-05 10:00:00+00:00,28.45,74.15216,1007.44354,5.634891,206.56499,0.3,100.0,51.0
2023-04-05 11:00:00+00:00,27.95,76.80448,1007.3426,4.0249224,206.56499,0.1,100.0,51.0
2023-04-05 12:00:00+00:00,27.95,77.50187,1007.64246,2.4149535,153.43501,1.3,100.0,61.0
2023-04-05 13:00:00+00:00,27.35,81.24057,1008.34155,1.9386592,111.801476,0.0,100.0,3.0
2023-04-05 14:00:00+00:00,26.95,85.447464,1009.34045,4.6938257,122.471176,0.0,97.0,3.0
2023-04-05 15:00:00+00:00,26.55,86.699425,1010.3393,6.28713,113.62939,0.0,52.0,2.0
2023-04-05 16:00:00+00:00,26.1,89.301056,1011.038,2.4149535,63.435013,0.0,19.0,0.0
2023-04-05 17:00:00+00:00,25.85,89.82011,1011.23773,2.3051248,51.34017,0.0,16.0,0.0
2023-04-05 18:00:00+00:00,25.7,89.270836,1011.1377,3.0547013,44.999897,0.0,20.0,1.0
2023-04-05 19:00:00+00:00,25.75,86.36423,1010.4381,4.3498964,65.55606,0.0,12.0,0.0
2023-04-05 20:00:00+00:00,25.25,88.43193,1009.9374,3.096837,35.537766,0.0,8.0,0.0
2023-04-05 21:00:00+00:00,24.75,90.832924,1009.0371,4.379589,9.462248,0.0,8.0,0.0
2023-04-05 22:00:00+00:00,24.6,90.27489,1008.63696,3.9763298,5.19435,0.0,3.0,0.0
2023-04-05 23:00:00+00:00,24.55,89.72595,1008.63696,4.452954,14.036275,0.0,3.0,0.0
2023-04-06 00:00:00+00:00,24.8,89.744156,1008.9372,5.6920996,18.435053,0.0,2.0,0.0
2023-04-06 01:00:00+00:00,25.2,87.36434,1009.53754,5.3517847,19.653913,0.0,1.0,0.0
2023-04-06 02:00:00+00:00,26.65,81.15233,1010.0394,2.7416782,23.198618,0.0,0.0,0.0
2023-04-06 03:00:00+00:00,29.05,69.064476,1010.743,1.4399999,360.0,0.0,0.0,0.0
2023-04-06 04:00:00+00:00,31.1,58.83708,1011.0457,1.484318,255.96373,0.0,10.0,0.0
2023-04-06 05:00:00+00:00,32.35,53.486958,1010.6477,6.12,241.92761,0.0,5.0,0.0
2023-04-06 06:00:00+00:00,32.5,56.365513,1010.04834,11.609651,240.2552,0.0,12.0,0.0
2023-04-06 07:00:00+00:00,30.9,63.045742,1009.1462,12.313894,232.12495,0.0,51.0,2.0
2023-04-06 08:00:00+00:00,31.4,57.139496,1008.04767,9.83268,246.25049,0.1,43.0,51.0
2023-04-06 09:00:00+00:00,31.0,63.833866,1007.3474,11.4862,237.80429,0.0,30.0,1.0
2023-04-06 10:00:00+00:00,30.6,64.916016,1006.84686,9.021574,241.38963,0.0,29.0,1.0
2023-04-06 11:00:00+00:00,29.65,68.5546,1006.9457,10.1887,237.99466,0.0,39.0,1.0
2023-04-06 12:00:00+00:00,29.5,67.70129,1007.3451,6.193674,234.46223,0.0,37.0,1.0
2023-04-06 13:00:00+00:00,28.5,73.937035,1008.24316,5.8603754,259.3804,0.0,54.0,2.0
2023-04-06 14:00:00+00:00,28.35,75.71709,1009.0424,4.6938257,237.52882,0.0,21.0,1.0
2023-04-06 15:00:00+00:00,28.05,77.75013,1010.04175,1.8,233.13002,0.0,20.0,1.0
2023-04-06 16:00:00+00:00,27.5,80.77256,1010.4406,1.9386592,201.80147,0.0,8.0,0.0
2023-04-06 17:00:00+00:00,26.85,84.67179,1010.8394,2.6208394,195.94547,0.0,3.0,0.0
2023-04-06 18:00:00+00:00,26.35,87.72821,1010.93884,2.8799999,180.0,0.0,3.0,0.0
2023-04-06 19:00:00+00:00,25.7,91.99171,1010.63794,3.396233,147.99466,0.0,3.0,0.0
2023-04-06 20:00:00+00:00,25.2,93.91729,1010.0373,3.671294,101.3099,0.0,9.0,0.0
2023-04-06 21:00:00+00:00,25.25,91.68969,1009.43756,5.3999996,90.0,0.0,11.0,0.0
2023-04-06 22:00:00+00:00,24.8,90.01607,1009.1371,3.8773184,68.19853,0.0,14.0,0.0
2023-04-06 23:00:00+00:00,24.85,87.33337,1008.9372,5.0142193,68.96242,0.0,19.0,0.0
2023-04-07 00:00:00+00:00,24.75,90.832924,1009.7368,7.2359104,5.7105074,0.0,25.0,1.0
2023-04-07 01:00:00+00:00,24.9,88.67159,1010.3368,5.3999996,36.86998,0.2,69.0,51.0
2023-04-07 02:00:00+00:00,26.4,83.10695,1011.1387,4.829907,26.564985,0.0,72.0,2.0
2023-04-07 03:00:00+00:00,28.6,74.625145,1011.84186,2.9024127,60.255207,0.0,8.0,0.0
2023-04-07 04:00:00+00:00,30.4,63.129166,1012.1442,4.68,180.0,0.1,30.0,51.0
2023-04-07 05:00:00+00:00,31.15,58.848656,1011.9456,8.759178,189.46225,0.1,43.0,51.0
2023-04-07 06:00:00+00:00,30.85,65.75553,1011.4452,12.413476,196.85847,0.1,35.0,51.0
2023-04-07 07:00:00+00:00,30.55,67.29672,1010.64514,12.904882,202.98874,0.0,26.0,1.0
2023-04-07 08:00:00+00:00,29.75,68.36708,1010.2442,10.594036,189.78233,0.1,65.0,51.0
2023-04-07 09:00:00+00:00,31.0,64.02676,1009.04663,13.896187,216.57312,0.1,12.0,51.0
2023-04-07 10:00:00+00:00,29.05,68.43904,1008.6439,13.004922,221.63345,1.4,77.0,61.0
2023-04-07 11:00:00+00:00,27.7,76.3042,1008.94165,7.5942082,211.42952,2.4,50.0,61.0
2023-04-07 12:00:00+00:00,27.5,76.73644,1008.8413,7.072878,194.7436,0.1,42.0,51.0
2023-04-07 13:00:00+00:00,27.0,79.73938,1009.5404,6.439876,206.56499,0.0,35.0,1.0
2023-04-07 14:00:00+00:00,26.55,83.87924,1010.53925,4.896529,197.10281,0.0,31.0,1.0
2023-04-07 15:00:00+00:00,25.6,89.80209,1011.5372,3.0758414,200.55612,0.0,37.0,1.0
2023-04-07 16:00:00+00:00,26.4,84.36989,1011.8384,1.9386592,201.80147,0.0,32.0,1.0
2023-04-07 17:00:00+00:00,24.8,92.496155,1012.33563,5.4833565,336.8014,0.0,31.0,1.0
2023-04-07 18:00:00+00:00,25.05,89.49158,1012.53577,5.0911684,351.87,0.0,26.0,1.0
2023-04-07 19:00:00+00:00,24.55,88.9131,1012.0354,5.3517847,19.653913,0.0,16.0,0.0
2023-04-07 20:00:00+00:00,24.05,90.51149,1011.2348,7.10031,30.465475,0.0,9.0,0.0
2023-04-07 21:00:00+00:00,23.95,90.229744,1010.6351,7.0911775,23.962492,0.0,7.0,0.0
2023-04-07 22:00:00+00:00,23.75,90.21575,1010.43494,5.991594,32.73523,0.0,8.0,0.0
2023-04-07 23:00:00+00:00,23.3,91.29343,1010.3342,4.0249224,26.564985,0.0,7.0,0.0
2023-04-08 00:00:00+00:00,23.45,91.58165,1011.03394,4.6800003,22.61991,0.0,10.0,0.0
2023-04-08 01:00:00+00:00,23.8,91.04722,1011.4345,4.39436,55.0079,0.0,3.0,0.0
2023-04-08 02:00:00+00:00,25.85,84.310875,1012.33716,4.802999,77.00539,0.0,3.0,0.0
2023-04-08 03:00:00+00:00,28.15,74.55198,1013.2403,3.319036,130.60121,0.0,9.0,0.0
2023-04-08 04:00:00+00:00,29.95,61.70073,1013.5429,3.2399998,180.0,0.0,3.0,0.0
2023-04-08 05:00:00+00:00,31.85,47.747517,1013.146,4.6938252,184.39862,0.0,33.0,1.0
2023-04-08 06:00:00+00:00,31.85,49.10037,1012.6462,9.114471,189.0902,0.2,49.0,51.0
2023-04-08 07:00:00+00:00,31.5,54.60067,1011.84595,11.659777,188.88058,0.5,52.0,53.0
2023-04-08 08:00:00+00:00,31.05,53.823097,1011.1457,14.689589,197.10281,0.4,45.0,51.0
2023-04-08 09:00:00+00:00,29.75,65.1334,1010.3441,16.039202,170.9606,0.2,35.0,51.0
2023-04-08 10:00:00+00:00,29.7,66.925476,1009.5445,22.59699,157.52052,0.1,20.0,51.0
2023-04-08 11:00:00+00:00,29.35,69.96191,1009.6438,22.33161,159.22766,0.1,60.0,51.0
2023-04-08 12:00:00+00:00,28.55,73.72263,1009.8424,19.13426,168.05585,0.0,88.0,3.0
2023-04-08 13:00:00+00:00,28.1,74.76944,1010.4416,15.137133,154.65387,0.0,94.0,3.0
2023-04-08 14:00:00+00:00,27.75,76.081604,1011.3405,8.942214,130.10085,0.0,94.0,3.0
2023-04-08 15:00:00+00:00,26.8,79.95396,1012.13885,7.208994,92.86235,0.0,64.0,2.0
2023-04-08 16:00:00+00:00,26.2,83.33551,1012.7376,3.7585104,73.300674,0.0,11.0,0.0
2023-04-08 17:00:00+00:00,25.35,88.70744,1013.13617,3.6179552,84.2895,0.0,22.0,1.0
2023-04-08 18:00:00+00:00,26.0,82.80973,1012.8372,3.0547013,44.999897,0.0,17.0,0.0
2023-04-08 19:00:00+00:00,25.75,83.790855,1012.23724,1.1384199,18.435053,0.0,42.0,1.0
2023-04-08 20:00:00+00:00,25.6,84.539795,1011.5372,2.5959969,56.309914,0.0,13.0,0.0
2023-04-08 21:00:00+00:00,25.45,84.267746,1010.93726,2.5959969,33.6901,0.0,2.0,0.0
2023-04-08 22:00:00+00:00,25.6,83.01473,1010.53766,2.9024127,330.25522,0.0,2.0,0.0
2023-04-08 23:00:00+00:00,23.8,89.39799,1010.5349,5.2416787,15.945477,0.0,2.0,0.0
2023-04-09 00:00:00+00:00,24.3,83.88554,1011.0355,4.73506,8.746089,0.0,0.0,0.0
2023-04-09 01:00:00+00:00,25.0,79.22402,1011.83606,5.315336,28.30066,0.0,2.0,0.0
2023-04-09 02:00:00+00:00,26.5,74.96556,1012.738,4.6102495,38.65983,0.0,8.0,0.0
2023-04-09 03:00:00+00:00,29.2,64.42644,1013.64166,1.4399999,90.0,0.0,27.0,1.0
2023-04-09 04:00:00+00:00,30.5,59.602135,1013.9437,3.219938,243.43501,0.0,24.0,1.0
2023-04-09 05:00:00+00:00,31.1,58.479523,1013.5446,8.209263,232.12495,0.1,67.0,51.0
2023-04-09 06:00:00+00:00,28.7,76.22818,1013.44116,14.689589,197.10281,3.2,98.0,63.0
2023-04-09 07:00:00+00:00,28.85,71.79758,1012.8417,9.449572,220.36446,0.3,98.0,51.0
2023-04-09 08:00:00+00:00,28.8,74.6576,1012.3416,10.787993,205.7099,0.2,100.0,51.0
2023-04-09 09:00:00+00:00,29.1,72.71267,1011.2428,11.183201,213.17853,0.2,100.0,51.0
2023-04-09 10:00:00+00:00,27.5,79.56662,1010.8404,6.3690495,222.70937,1.3,100.0,61.0
2023-04-09 11:00:00+00:00,27.45,80.523605,1010.6405,2.0364676,224.9999,0.1,100.0,51.0
2023-04-09 12:00:00+00:00,27.25,79.293106,1010.7401,5.4833565,156.80138,0.7,100.0,53.0
2023-04-09 13:00:00+00:00,26.35,87.46538,1011.03876,2.6208394,164.05453,0.0,100.0,3.0
2023-04-09 14:00:00+00:00,25.95,92.006,1011.5378,1.0182338,44.999897,0.0,100.0,3.0
2023-04-09 15:00:00+00:00,26.15,86.662476,1012.1379,1.609969,26.564985,0.0,100.0,3.0
2023-04-09 16:00:00+00:00,25.6,89.26329,1012.3368,1.8,53.13002,0.0,100.0,3.0
2023-04-09 17:00:00+00:00,25.55,87.65946,1012.3368,3.5455887,66.037506,0.0,100.0,3.0
2023-04-09 18:00:00+00:00,25.2,88.69551,1012.0364,4.198285,59.03632,0.0,100.0,3.0
2023-04-09 19:00:00+00:00,24.7,90.00899,1011.0362,3.319036,40.601215,0.0,77.0,2.0
2023-04-09 20:00:00+00:00,24.65,89.19098,1010.1362,5.937272,14.036275,0.0,0.0,0.0
2023-04-09 21:00:00+00:00,24.35,89.98408,1009.4363,5.4119864,3.8140097,0.0,0.0,0.0
2023-04-09 22:00:00+00:00,24.1,90.24017,1009.1361,4.6938252,355.60138,0.0,1.0,0.0
2023-04-09 23:00:00+00:00,24.1,90.24017,1009.336,5.04,360.0,0.0,6.0,0.0
2023-04-10 00:00:00+00:00,23.95,88.59532,1010.13525,4.452954,14.036275,0.0,18.0,0.0
2023-04-10 01:00:00+00:00,24.5,85.45975,1010.9359,4.072935,44.999897,0.0,8.0,0.0
2023-04-10 02:00:00+00:00,26.0,80.09004,1011.9376,4.6938252,94.39862,0.0,8.0,0.0
2023-04-10 03:00:00+00:00,28.25,73.44994,1012.64075,5.1165614,129.28938,0.0,7.0,0.0
2023-04-10 04:00:00+00:00,29.6,65.69855,1012.7427,6.5693827,170.53775,0.0,9.0,0.0
2023-04-10 05:00:00+00:00,30.6,62.600132,1012.4444,6.830519,198.43504,0.0,7.0,0.0
2023-04-10 06:00:00+00:00,30.85,64.967926,1011.6451,10.009036,217.6943,0.1,24.0,51.0
2023-04-10 07:00:00+00:00,30.05,67.808975,1010.8441,14.255272,224.9999,0.2,30.0,51.0
2023-04-10 08:00:00+00:00,30.05,64.2142,1009.7446,12.768586,220.426,0.1,24.0,51.0
2023-04-10 09:00:00+00:00,30.5,65.48603,1008.846,12.599998,216.86998,0.1,34.0,51.0
2023-04-10 10:00:00+00:00,30.25,70.76174,1008.24567,11.183201,213.17853,0.1,27.0,51.0
2023-04-10 11:00:00+00:00,29.85,74.3816,1008.04517,12.303366,200.55612,0.0,27.0,1.0
2023-04-10 12:00:00+00:00,29.65,70.65283,1008.34503,13.708391,193.67133,0.0,14.0,0.0
2023-04-10 13:00:00+00:00,28.2,80.379845,1008.8425,13.570615,201.80147,0.0,9.0,0.0
2023-04-10 14:00:00+00:00,27.65,82.01264,1009.4414,11.720751,222.5104,0.0,12.0,0.0
2023-04-10 15:00:00+00:00,27.4,83.2212,1010.0408,8.557102,255.37909,0.0,4.0,0.0
2023-04-10 16:00:00+00:00,27.0,84.94185,1010.5399,7.127636,315.0001,0.0,0.0,0.0
2023-04-10 17:00:00+00:00,26.35,88.520905,1011.03876,9.255571,346.50424,0.0,0.0,0.0
2023-04-10 18:00:00+00:00,25.8,90.35749,1010.93787,9.72,360.0,0.0,0.0,0.0
2023-04-10 19:00:00+00:00,25.5,91.4296,1010.43774,9.826088,351.57312,0.0,0.0,0.0
2023-04-10 20:00:00+00:00,25.15,92.2372,1009.83734,9.826088,351.57312,0.0,0.0,0.0
2023-04-10 21:00:00+00:00,24.6,92.764946,1009.6365,10.495713,354.09393,0.0,0.0,0.0
2023-04-10 22:00:00+00:00,24.2,92.74402,1009.336,10.8955765,352.40543,0.0,1.0,0.0
2023-04-10 23:00:00+00:00,24.0,90.50809,1009.43567,11.885453,358.26434,0.0,1.0,0.0
2023-04-11 00:00:00+00:00,24.0,89.95909,1009.9354,10.853866,5.7105074,0.0,1.0,0.0
2023-04-11 01:00:00+00:00,24.05,87.52896,1010.73505,7.8625183,15.945477,0.0,1.0,0.0
2023-04-11 02:00:00+00:00,25.55,79.78608,1011.3373,4.8433046,41.98713,0.0,1.0,0.0
2023-04-11 03:00:00+00:00,28.65,66.308815,1012.1417,2.8799999,90.0,0.0,2.0,0.0
2023-04-11 04:00:00+00:00,30.5,59.4203,1012.4444,3.2599385,186.3401,0.0,24.0,1.0
2023-04-11 05:00:00+00:00,31.5,54.266716,1012.2458,5.937272,194.03627,0.1,99.0,51.0
2023-04-11 06:00:00+00:00,31.75,55.844067,1011.7463,9.178235,205.55992,0.2,97.0,51.0
2023-04-11 07:00:00+00:00,30.75,65.143394,1011.04535,14.113652,217.74687,0.9,95.0,53.0
2023-04-11 08:00:00+00:00,30.4,62.55662,1010.14514,11.966954,226.2188,0.3,95.0,51.0
2023-04-11 09:00:00+00:00,30.85,63.80202,1009.3461,12.682018,235.40765,0.2,86.0,51.0
2023-04-11 10:00:00+00:00,30.15,69.27263,1008.8454,13.18308,214.9921,0.1,76.0,51.0
2023-04-11 11:00:00+00:00,30.65,64.340645,1008.54614,11.298495,202.47948,0.0,74.0,2.0
2023-04-11 12:00:00+00:00,29.6,72.36298,1008.64453,12.031756,218.92755,0.0,83.0,3.0
2023-04-11 13:00:00+00:00,28.25,77.08114,1009.3423,12.538134,230.82635,0.0,94.0,3.0
2023-04-11 14:00:00+00:00,27.9,75.19058,1010.34125,10.296251,233.53067,0.0,73.0,2.0
2023-04-11 15:00:00+00:00,27.75,80.32103,1011.54047,7.2,233.13002,0.0,65.0,2.0
2023-04-11 16:00:00+00:00,26.95,88.04194,1012.2392,2.9024127,277.1249,0.0,52.0,2.0
2023-04-11 17:00:00+00:00,26.45,90.6721,1012.13824,3.5455887,293.9625,0.0,37.0,1.0
2023-04-11 18:00:00+00:00,25.95,91.457054,1011.9376,4.510787,331.38962,0.0,29.0,1.0
2023-04-11 19:00:00+00:00,25.85,89.2822,1011.4376,4.73506,351.2539,0.0,5.0,0.0
2023-04-11 20:00:00+00:00,25.45,88.44816,1010.8373,7.6367526,8.130019,0.0,0.0,0.0
2023-04-11 21:00:00+00:00,24.95,88.40747,1010.3368,9.0645685,6.842679,0.0,0.0,0.0
2023-04-11 22:00:00+00:00,24.8,88.663574,1009.83673,9.3876505,355.60138,0.0,10.0,0.0
2023-04-11 23:00:00+00:00,24.85,88.131775,1009.5369,9.114471,350.9098,0.0,1.0,0.0
2023-04-12 00:00:00+00:00,24.7,88.924835,1009.83673,7.771331,346.60748,0.0,6.0,0.0
2023-04-12 01:00:00+00:00,24.85,89.20625,1010.63635,8.12197,347.19574,0.0,0.0,0.0
2023-04-12 02:00:00+00:00,26.15,84.343094,1011.43823,6.849467,356.98727,0.0,0.0,0.0
2023-04-12 03:00:00+00:00,28.5,73.04948,1012.14136,5.3999996,360.0,0.0,0.0,0.0
2023-04-12 04:00:00+00:00,30.95,56.858185,1012.4451,2.1897945,350.53775,0.0,3.0,0.0
2023-04-12 05:00:00+00:00,32.3,50.602013,1011.84717,4.5536795,198.43504,0.0,39.0,1.0
2023-04-12 06:00:00+00:00,31.9,54.69868,1011.3468,10.703569,199.65392,0.2,50.0,51.0
2023-04-12 07:00:00+00:00,30.75,62.06555,1010.4457,14.982228,215.21768,0.6,53.0,53.0
2023-04-12 08:00:00+00:00,30.45,60.507313,1009.6454,15.484185,215.53777,0.1,33.0,51.0
2023-04-12 09:00:00+00:00,30.8,64.76191,1008.7464,14.277983,213.6901,0.1,28.0,51.0
2023-04-12 10:00:00+00:00,30.45,67.47978,1008.34595,15.379206,212.57405,0.1,37.0,51.0
2023-04-12 11:00:00+00:00,30.05,64.605194,1008.2453,14.84318,202.8337,0.0,19.0,0.0
2023-04-12 12:00:00+00:00,29.35,69.12143,1007.84467,12.783802,212.34741,0.0,11.0,0.0
2023-04-12 13:00:00+00:00,28.45,77.57518,1008.64294,10.365251,200.32323,0.0,11.0,0.0
2023-04-12 14:00:00+00:00,28.3,80.1528,1009.44226,13.37825,203.80595,0.0,1.0,0.0
2023-04-12 15:00:00+00:00,28.1,83.05251,1010.4416,12.57426,203.6294,0.0,0.0,0.0
2023-04-12 16:00:00+00:00,27.85,84.523926,1011.0409,7.289444,200.22495,0.0,0.0,0.0
2023-04-12 17:00:00+00:00,26.7,92.04869,1011.43884,3.6,216.86998,0.0,1.0,0.0
2023-04-12 18:00:00+00:00,26.5,91.21808,1011.6384,2.8116899,230.19447,0.0,17.0,0.0
2023-04-12 19:00:00+00:00,26.35,90.93675,1010.93884,3.8268526,311.18582,0.0,16.0,0.0
2023-04-12 20:00:00+00:00,25.7,92.26777,1010.538,4.802999,347.00537,0.0,16.0,0.0
2023-04-12 21:00:00+00:00,25.45,91.152176,1010.03766,5.4119864,356.186,0.0,20.0,1.0
2023-04-12 22:00:00+00:00,25.05,90.306015,1009.73706,7.928178,2.6025116,0.0,8.0,0.0
2023-04-12 23:00:00+00:00,24.7,91.104675,1009.63684,7.5685663,357.27374,0.0,6.0,0.0
2023-04-13 00:00:00+00:00,24.95,90.57216,1009.937,7.6367526,8.130019,0.0,1.0,0.0
2023-04-13 01:00:00+00:00,25.05,89.49158,1010.2368,7.42159,14.036275,0.0,0.0,0.0
2023-04-13 02:00:00+00:00,26.6,82.8796,1011.1389,6.489992,19.440128,0.0,0.0,0.0
2023-04-13 03:00:00+00:00,29.05,72.70407,1011.84247,5.937272,345.9637,0.0,0.0,0.0
2023-04-13 04:00:00+00:00,30.85,61.899517,1011.945,5.815978,291.80148,0.0,0.0,0.0
2023-04-13 05:00:00+00:00,31.7,59.51446,1011.1465,9.0645685,263.15732,0.0,1.0,0.0
2023-04-13 06:00:00+00:00,31.7,61.341564,1010.7467,11.27553,253.30067,0.2,35.0,51.0
2023-04-13 07:00:00+00:00,31.15,61.9655,1010.14636,13.37825,246.19405,0.1,43.0,51.0
2023-04-13 08:00:00+00:00,31.25,59.411427,1009.0469,14.33234,244.7223,0.0,36.0,1.0
2023-04-13 09:00:00+00:00,31.35,63.715866,1008.14764,14.480773,235.1246,0.0,36.0,1.0
2023-04-13 10:00:00+00:00,30.95,63.630802,1007.94714,14.77755,235.92276,0.0,22.0,1.0
2023-04-13 11:00:00+00:00,30.4,65.86216,1008.04614,14.529915,228.01286,0.2,46.0,51.0
2023-04-13 12:00:00+00:00,29.4,72.11115,1008.2445,12.984975,223.87679,0.1,37.0,51.0
2023-04-13 13:00:00+00:00,28.6,75.0758,1009.24304,8.78872,214.9921,0.0,28.0,1.0
2023-04-13 14:00:00+00:00,28.35,78.02749,1010.3418,6.638072,229.39879,0.0,9.0,0.0
2023-04-13 15:00:00+00:00,28.15,79.893425,1011.3411,3.6,270.0,0.0,23.0,1.0
2023-04-13 16:00:00+00:00,27.9,80.3407,1011.8405,4.6938257,327.52884,0.0,22.0,1.0
2023-04-13 17:00:00+00:00,27.45,82.23482,1011.93994,6.6185193,337.6198,0.0,15.0,0.0
2023-04-13 18:00:00+00:00,26.95,84.1755,1011.83936,6.9247384,332.1028,0.0,11.0,0.0
2023-04-13 19:00:00+00:00,26.4,86.94627,1011.3386,5.4477882,352.40543,0.0,2.0,0.0
2023-04-13 20:00:00+00:00,25.8,87.15411,1010.7379,7.771331,13.392516,0.0,3.0,0.0
2023-04-13 21:00:00+00:00,25.25,88.69948,1009.9374,7.754637,21.801476,0.0,46.0,1.0
2023-04-13 22:00:00+00:00,25.2,88.42784,1009.7374,7.208994,2.8623457,0.0,5.0,0.0
2023-04-13 23:00:00+00:00,25.25,88.43193,1009.7374,8.473393,347.73523,0.0,2.0,0.0
2023-04-14 00:00:00+00:00,25.3,89.51014,1010.5374,9.0645685,353.15732,0.0,3.0,0.0
2023-04-14 01:00:00+00:00,25.4,88.177536,1011.0372,9.726665,357.87894,0.0,0.0,0.0
2023-04-14 02:00:00+00:00,27.05,80.71471,1011.83936,9.3669195,357.79745,0.0,0.0,0.0
2023-04-14 03:00:00+00:00,29.4,69.971214,1012.1427,10.390226,345.9637,0.0,0.0,0.0
2023-04-14 04:00:00+00:00,31.3,60.515,1012.3454,8.942214,319.89914,0.0,7.0,0.0
2023-04-14 05:00:00+00:00,32.7,51.32995,1011.64795,9.255571,283.49576,0.0,19.0,0.0
2023-04-14 06:00:00+00:00,32.85,52.8001,1010.94855,14.77755,267.20737,0.0,10.0,0.0
2023-04-14 07:00:00+00:00,32.0,59.40309,1010.1477,18.0036,271.14572,0.0,99.0,3.0
2023-04-14 08:00:00+00:00,31.6,61.877213,1009.34735,18.36353,271.1233,0.0,100.0,3.0
2023-04-14 09:00:00+00:00,31.5,66.28358,1008.34753,17.114204,255.37909,0.0,100.0,3.0
2023-04-14 10:00:00+00:00,30.75,65.73512,1008.04675,16.520823,258.6901,0.0,100.0,3.0
2023-04-14 11:00:00+00:00,30.55,66.29122,1008.0464,12.224107,256.373,0.0,100.0,3.0
2023-04-14 12:00:00+00:00,29.65,71.72287,1008.04517,10.931203,252.75845,0.0,100.0,3.0
2023-04-14 13:00:00+00:00,28.7,79.017166,1008.94324,6.5693827,260.53775,0.0,99.0,3.0
2023-04-14 14:00:00+00:00,28.45,81.1357,1009.8424,5.2416787,285.94547,0.0,100.0,3.0
2023-04-14 15:00:00+00:00,28.3,81.60266,1010.64166,5.1544156,282.09473,0.0,100.0,3.0
2023-04-14 16:00:00+00:00,28.15,81.584175,1011.3411,4.072935,315.0001,0.0,100.0,3.0
2023-04-14 17:00:00+00:00,27.9,83.02962,1011.44073,5.6233797,309.8055,0.0,100.0,3.0
2023-04-14 18:00:00+00:00,27.25,87.54361,1010.94,4.1046314,344.7448,0.0,100.0,3.0
2023-04-14 19:00:00+00:00,26.95,89.364815,1010.2401,7.42159,345.9637,0.0,100.0,3.0
2023-04-14 20:00:00+00:00,26.5,89.86674,1009.4395,6.5693827,350.53775,0.0,100.0,3.0
2023-04-14 21:00:00+00:00,26.45,88.52893,1008.93976,6.9153743,321.34018,0.1,100.0,51.0
2023-04-14 22:00:00+00:00,26.3,89.583954,1008.73944,7.5685663,334.65387,0.0,100.0,3.0
2023-04-14 23:00:00+00:00,26.0,89.83092,1008.939,7.42159,345.9637,0.0,100.0,3.0
2023-04-15 00:00:00+00:00,25.75,88.4725,1009.33856,5.5887027,345.06854,0.0,100.0,3.0
2023-04-15 01:00:00+00:00,26.25,86.6717,1010.1388,6.489992,340.55988,0.0,100.0,3.0
2023-04-15 02:00:00+00:00,27.7,79.59369,1011.04065,5.95906,334.98312,0.0,100.0,3.0
2023-04-15 03:00:00+00:00,29.55,69.36843,1011.6431,8.534353,332.3541,0.0,100.0,3.0
2023-04-15 04:00:00+00:00,31.1,62.519398,1011.64545,10.009036,307.6943,0.0,100.0,3.0
2023-04-15 05:00:00+00:00,32.15,57.491093,1011.1472,12.313893,285.25516,0.1,92.0,51.0
2023-04-15 06:00:00+00:00,31.75,63.03849,1010.6467,14.044615,271.46878,0.3,95.0,51.0
2023-04-15 07:00:00+00:00,31.1,65.21563,1009.74634,17.283749,268.80655,0.5,83.0,53.0
2023-04-15 08:00:00+00:00,30.85,70.0291,1008.7464,16.203999,268.727,0.7,56.0,53.0
2023-04-15 09:00:00+00:00,31.4,68.478676,1007.6478,20.06334,260.70676,0.1,49.0,51.0
2023-04-15 10:00:00+00:00,29.75,73.9221,1007.34546,18.416384,265.51547,0.0,99.0,3.0
2023-04-15 11:00:00+00:00,29.95,71.56098,1007.1458,16.215992,267.45526,0.0,97.0,3.0
2023-04-15 12:00:00+00:00,29.8,73.0511,1007.34546,13.32,270.0,0.4,100.0,51.0
2023-04-15 13:00:00+00:00,28.5,78.989555,1008.543,5.0911684,315.0001,0.2,100.0,51.0
2023-04-15 14:00:00+00:00,27.15,84.19712,1009.3407,0.0,270.0,0.0,100.0,3.0
2023-04-15 15:00:00+00:00,26.7,86.19488,1010.0394,7.754637,21.801476,0.0,83.0,3.0
2023-04-15 16:00:00+00:00,26.25,85.12032,1010.43866,5.815978,21.801476,0.0,47.0,1.0
2023-04-15 17:00:00+00:00,25.75,85.069016,1010.3381,7.968939,18.435053,0.0,65.0,2.0
2023-04-15 18:00:00+00:00,25.5,84.7859,1010.0379,8.557102,22.249071,0.0,79.0,2.0
2023-04-15 19:00:00+00:00,25.35,85.545135,1008.9382,7.072878,14.743609,0.0,57.0,2.0
2023-04-15 20:00:00+00:00,25.3,85.799934,1008.23846,7.342588,11.3098955,0.0,62.0,2.0
2023-04-15 21:00:00+00:00,25.2,86.31205,1007.73834,7.5942073,354.55975,0.0,80.0,3.0
2023-04-15 22:00:00+00:00,25.0,87.34666,1007.738,6.489992,356.82022,0.0,42.0,1.0
2023-04-15 23:00:00+00:00,24.8,88.663574,1007.83765,6.12,360.0,0.0,29.0,1.0
2023-04-16 00:00:00+00:00,25.1,88.68753,1008.43805,5.937272,14.036275,0.0,31.0,1.0
2023-04-16 01:00:00+00:00,25.5,86.86428,1009.13824,7.968939,18.435053,0.0,83.0,3.0
2023-04-16 02:00:00+00:00,27.4,80.03384,1009.6409,6.5693827,9.462261,0.0,3.0,0.0
2023-04-16 03:00:00+00:00,29.6,71.07012,1010.4437,4.8965297,323.97253,0.0,7.0,0.0
2023-04-16 04:00:00+00:00,30.8,64.17808,1010.6455,9.47012,278.74606,0.1,51.0,51.0
2023-04-16 05:00:00+00:00,30.6,64.916016,1010.24536,12.979984,266.82022,0.8,83.0,53.0
2023-04-16 06:00:00+00:00,29.75,70.45877,1010.14417,13.276144,257.4712,1.3,74.0,61.0
2023-04-16 07:00:00+00:00,29.35,77.706276,1009.14404,13.797912,262.50424,0.7,61.0,53.0
2023-04-16 08:00:00+00:00,29.5,75.21911,1008.0448,16.454008,259.91946,0.1,39.0,51.0
2023-04-16 09:00:00+00:00,30.05,71.15099,1007.04584,10.538843,262.1468,0.1,27.0,51.0
2023-04-16 10:00:00+00:00,29.65,74.34903,1006.0461,15.484185,268.66782,0.1,86.0,51.0
2023-04-16 11:00:00+00:00,28.7,78.07775,1006.1444,14.471821,275.7105,0.1,34.0,51.0
2023-04-16 12:00:00+00:00,29.05,75.14762,1006.8447,8.217153,298.8107,0.1,42.0,51.0
2023-04-16 13:00:00+00:00,28.3,78.48988,1007.5431,7.145796,310.91428,0.0,28.0,1.0
2023-04-16 14:00:00+00:00,27.85,82.036804,1008.2422,4.8965297,323.97253,0.0,18.0,0.0
2023-04-16 15:00:00+00:00,27.5,85.50235,1008.9413,3.319036,347.4712,0.0,15.0,0.0
2023-04-16 16:00:00+00:00,27.1,88.31738,1009.4405,4.0249224,349.69522,0.0,2.0,0.0
2023-04-16 17:00:00+00:00,26.45,89.86315,1009.5394,7.968939,18.435053,0.0,1.0,0.0
2023-04-16 18:00:00+00:00,26.0,89.02586,1009.2389,6.9527545,21.25058,0.0,0.0,0.0
2023-04-16 19:00:00+00:00,25.75,88.20651,1008.73883,6.830519,18.435053,0.0,4.0,0.0
2023-04-16 20:00:00+00:00,25.7,87.408424,1008.1391,6.924738,8.97255,0.0,0.0,0.0
2023-04-16 21:00:00+00:00,25.4,88.177536,1007.43884,7.2805495,8.530692,0.0,0.0,0.0
2023-04-16 22:00:00+00:00,25.05,88.683556,1007.2382,7.42159,14.036275,0.0,3.0,0.0
2023-04-16 23:00:00+00:00,24.9,87.86921,1007.33813,7.42159,14.036275,0.0,6.0,0.0
2023-04-17 00:00:00+00:00,24.9,89.480385,1007.638,9.255571,13.495748,0.0,6.0,0.0
2023-04-17 01:00:00+00:00,25.2,88.16093,1008.3381,9.0,360.0,0.0,2.0,0.0
2023-04-17 02:00:00+00:00,27.0,81.44162,1009.14056,8.311245,355.03033,0.0,1.0,0.0
2023-04-17 03:00:00+00:00,29.05,74.02815,1009.8434,9.0,343.73972,0.0,0.0,0.0
2023-04-17 04:00:00+00:00,30.75,64.751495,1010.04584,7.8954163,313.1524,0.1,16.0,51.0
2023-04-17 05:00:00+00:00,31.9,57.78215,1009.74756,8.12197,282.80426,0.1,34.0,51.0
2023-04-17 06:00:00+00:00,32.0,58.333855,1009.44806,11.609651,262.8751,0.1,43.0,51.0
2023-04-17 07:00:00+00:00,31.05,67.80016,1008.5469,15.226764,263.21112,0.1,32.0,51.0
2023-04-17 08:00:00+00:00,31.2,65.826805,1007.54755,15.273505,261.87,0.1,24.0,51.0
2023-04-17 09:00:00+00:00,31.25,66.631516,1006.7479,17.25373,246.64441,0.0,5.0,0.0
2023-04-17 10:00:00+00:00,30.55,68.72685,1006.4471,14.24163,249.27435,0.0,38.0,1.0
2023-04-17 11:00:00+00:00,30.5,68.305916,1006.54706,12.641076,250.0168,0.1,22.0,51.0
2023-04-17 12:00:00+00:00,29.95,71.34673,1007.2458,9.693296,248.19853,0.1,49.0,51.0
2023-04-17 13:00:00+00:00,29.2,74.498566,1007.8443,6.297428,239.03632,0.0,21.0,1.0
2023-04-17 14:00:00+00:00,28.7,78.07775,1009.04315,3.6179552,275.7105,0.0,18.0,0.0
2023-04-17 15:00:00+00:00,28.35,80.39935,1009.84204,2.5455842,278.13,0.0,21.0,1.0
2023-04-17 16:00:00+00:00,27.85,84.02127,1010.34125,2.9024127,277.1249,0.0,19.0,0.0
2023-04-17 17:00:00+00:00,28.0,82.30046,1010.6414,3.4152596,288.43503,0.0,18.0,0.0
2023-04-17 18:00:00+00:00,27.05,87.78795,1010.44,3.2399998,360.0,0.0,17.0,0.0
2023-04-17 19:00:00+00:00,26.55,88.80225,1010.0394,2.5455842,44.999897,0.1,24.0,51.0
2023-04-17 20:00:00+00:00,26.4,88.52497,1009.33954,3.6179552,84.2895,0.0,14.0,0.0
2023-04-17 21:00:00+00:00,25.6,91.986,1008.73846,4.3349743,48.366554,0.0,14.0,0.0
2023-04-17 22:00:00+00:00,25.75,89.81293,1008.53894,3.6179552,5.7105074,0.0,15.0,0.0
2023-04-17 23:00:00+00:00,25.65,88.998825,1008.5386,5.0911684,351.87,0.0,13.0,0.0
2023-04-18 00:00:00+00:00,25.0,92.50694,1008.73755,5.2416787,344.05453,0.0,7.0,0.0
2023-04-18 01:00:00+00:00,26.25,87.1943,1009.739,5.771239,356.42374,0.0,20.0,1.0
2023-04-18 02:00:00+00:00,27.9,79.6207,1010.54114,5.0528407,4.085537,0.0,24.0,1.0
2023-04-18 03:00:00+00:00,29.85,70.689186,1011.2437,5.154415,335.22488,0.0,26.0,1.0
2023-04-18 04:00:00+00:00,31.45,62.21884,1011.64606,5.6920996,288.43503,0.0,31.0,1.0
2023-04-18 05:00:00+00:00,32.35,57.190575,1011.2475,8.311245,265.03033,0.1,26.0,51.0
2023-04-18 06:00:00+00:00,32.25,59.6399,1010.5478,11.090103,256.86597,0.3,29.0,51.0
2023-04-18 07:00:00+00:00,32.0,62.338688,1009.548,12.57426,256.75946,0.5,24.0,53.0
2023-04-18 08:00:00+00:00,32.2,60.352207,1008.7486,11.440978,257.27563,0.2,19.0,51.0
2023-04-18 09:00:00+00:00,31.75,65.34931,1007.74805,14.118243,250.64091,1.0,62.0,55.0
2023-04-18 10:00:00+00:00,30.25,72.25925,1007.34607,13.1041975,254.05453,0.4,44.0,51.0
2023-04-18 11:00:00+00:00,30.7,65.32982,1007.447,9.19939,239.42085,0.5,72.0,53.0
2023-04-18 12:00:00+00:00,29.55,73.889,1007.64496,10.296251,233.53067,0.0,57.0,2.0
2023-04-18 13:00:00+00:00,28.75,78.31878,1008.2435,6.763786,244.7989,0.0,15.0,0.0
2023-04-18 14:00:00+00:00,28.35,81.36563,1008.8425,4.1046314,254.74483,0.0,17.0,0.0
2023-04-18 15:00:00+00:00,28.0,88.129036,1009.54193,0.5091169,44.999897,0.0,14.0,0.0
2023-04-18 16:00:00+00:00,27.75,85.01896,1010.441,2.1897945,80.53775,0.0,6.0,0.0
2023-04-18 17:00:00+00:00,27.1,88.84534,1010.73987,2.2768397,108.43504,0.0,17.0,0.0
2023-04-18 18:00:00+00:00,27.9,82.04283,1010.7411,1.08,90.0,0.0,13.0,0.0
2023-04-18 19:00:00+00:00,27.65,83.24957,1010.241,0.8049845,26.564985,0.0,19.0,0.0
2023-04-18 20:00:00+00:00,26.05,91.73711,1009.73865,3.96,360.0,0.0,24.0,1.0
2023-04-18 21:00:00+00:00,26.05,91.18995,1008.939,3.319036,12.528798,0.0,26.0,1.0
2023-04-18 22:00:00+00:00,25.8,91.997444,1008.73883,3.9763298,5.19435,0.0,31.0,1.0
2023-04-18 23:00:00+00:00,25.6,91.71048,1008.73846,4.802999,347.00537,0.1,52.0,51.0
2023-04-19 00:00:00+00:00,25.6,92.26222,1008.43866,3.6179552,5.7105074,0.0,48.0,1.0
2023-04-19 01:00:00+00:00,26.35,88.256,1008.93976,4.6938252,4.398633,0.0,26.0,1.0
2023-04-19 02:00:00+00:00,27.65,84.75545,1009.7413,4.379589,350.53775,0.0,13.0,0.0
2023-04-19 03:00:00+00:00,29.4,77.021774,1010.3435,4.8433046,318.01288,0.0,23.0,1.0
2023-04-19 04:00:00+00:00,31.05,67.39517,1010.6459,6.9899354,281.88864,0.1,27.0,51.0
2023-04-19 05:00:00+00:00,31.85,62.870743,1010.04736,9.3876505,265.60138,0.2,31.0,51.0
2023-04-19 06:00:00+00:00,31.65,65.91822,1009.2474,12.224107,256.373,0.2,27.0,51.0
2023-04-19 07:00:00+00:00,31.15,68.63563,1008.24725,14.241629,253.85559,0.0,47.0,1.0
2023-04-19 08:00:00+00:00,31.6,67.503006,1007.1483,14.578888,249.77505,0.1,29.0,51.0
2023-04-19 09:00:00+00:00,30.5,70.80695,1006.1472,15.175612,247.69374,0.6,53.0,53.0
2023-04-19 10:00:00+00:00,30.35,72.0611,1005.64716,12.24,241.92761,0.1,41.0,51.0
2023-04-19 11:00:00+00:00,29.7,72.81558,1005.64624,11.119281,240.94548,0.0,38.0,1.0
2023-04-19 12:00:00+00:00,28.95,77.88054,1005.9448,10.105681,274.08554,0.0,38.0,1.0
2023-04-19 13:00:00+00:00,28.8,77.85888,1006.44434,7.2805495,278.53067,0.0,18.0,0.0
2023-04-19 14:00:00+00:00,28.35,81.36563,1006.8434,7.172949,287.52567,0.0,17.0,0.0
2023-04-19 15:00:00+00:00,28.1,83.79848,1007.44293,3.7064266,299.0545,0.0,20.0,1.0
2023-04-19 16:00:00+00:00,27.75,87.067825,1008.3419,2.7416782,336.8014,0.0,17.0,0.0
2023-04-19 17:00:00+00:00,27.35,89.92721,1008.7414,2.7416782,336.8014,0.0,19.0,0.0
2023-04-19 18:00:00+00:00,26.95,91.51763,1008.54083,2.7416782,336.8014,0.0,25.0,1.0
2023-04-19 19:00:00+00:00,26.75,91.50557,1008.0407,3.7064266,330.9455,0.0,29.0,1.0
2023-04-19 20:00:00+00:00,26.3,92.57654,1007.3401,4.0249224,333.43503,0.0,29.0,1.0
2023-04-19 21:00:00+00:00,26.1,93.12002,1006.74,5.815978,291.80148,0.0,43.0,1.0
2023-04-19 22:00:00+00:00,26.2,92.02029,1006.3405,6.4096174,308.15726,0.0,24.0,1.0
2023-04-19 23:00:00+00:00,25.55,93.37201,1006.4396,4.1046314,285.25516,0.2,100.0,51.0
2023-04-20 00:00:00+00:00,25.9,91.180534,1006.6398,5.692099,304.69522,0.0,44.0,1.0
2023-04-20 01:00:00+00:00,26.15,90.38137,1007.2401,5.6233797,320.1945,0.0,44.0,1.0
2023-04-20 02:00:00+00:00,26.85,86.727036,1008.1406,4.510787,298.61035,0.2,100.0,51.0
2023-04-20 03:00:00+00:00,27.75,82.517265,1008.8417,6.1094027,315.0001,0.0,26.0,1.0
2023-04-20 04:00:00+00:00,29.6,72.36298,1009.3442,9.085988,303.6901,0.1,33.0,51.0
2023-04-20 05:00:00+00:00,30.8,66.94268,1008.8464,11.503113,290.13638,0.1,55.0,51.0
2023-04-20 06:00:00+00:00,31.1,65.80647,1008.247,13.627795,282.20044,0.1,22.0,51.0
2023-04-20 07:00:00+00:00,31.45,64.50832,1007.34796,14.869351,276.95285,0.0,18.0,0.0
2023-04-20 08:00:00+00:00,30.6,68.94278,1006.4471,14.830076,275.5721,0.0,28.0,1.0
2023-04-20 09:00:00+00:00,30.75,66.132225,1005.3479,14.044615,268.53122,0.1,38.0,51.0
2023-04-20 10:00:00+00:00,30.35,71.846146,1004.54767,14.440443,274.28906,0.1,27.0,51.0
2023-04-20 11:00:00+00:00,29.95,71.56098,1004.24713,15.111424,282.38074,0.1,29.0,51.0
2023-04-20 12:00:00+00:00,29.45,73.43084,1004.04663,11.885453,271.73566,0.1,37.0,51.0
2023-04-20 13:00:00+00:00,28.8,76.70204,1004.7451,9.3876505,274.39862,0.0,26.0,1.0
2023-04-20 14:00:00+00:00,28.4,80.88762,1005.2445,9.028754,274.57382,0.0,8.0,0.0
2023-04-20 15:00:00+00:00,28.3,82.5819,1006.2437,7.928178,267.3975,0.0,7.0,0.0
2023-04-20 16:00:00+00:00,28.1,83.30051,1007.0431,6.6185193,292.3802,0.0,16.0,0.0
2023-04-20 17:00:00+00:00,27.9,84.02676,1007.2427,5.154415,294.77512,0.0,17.0,0.0
2023-04-20 18:00:00+00:00,27.55,85.76279,1007.24207,4.0249224,296.56497,0.0,20.0,1.0
2023-04-20 19:00:00+00:00,27.25,87.022995,1006.6419,4.510787,298.61035,0.0,17.0,0.0
2023-04-20 20:00:00+00:00,26.7,87.49587,1005.94135,6.130579,273.3664,0.2,54.0,51.0
2023-04-20 21:00:00+00:00,26.35,89.5876,1005.44135,6.725354,285.52417,0.0,47.0,1.0
2023-04-20 22:00:00+00:00,26.05,91.463135,1005.1407,7.6367526,315.0001,0.0,43.0,1.0
2023-04-20 23:00:00+00:00,25.85,91.17736,1005.5403,6.151683,290.55612,0.0,100.0,3.0
2023-04-21 00:00:00+00:00,25.8,91.44792,1005.74023,6.489992,326.3099,0.0,51.0,2.0
2023-04-21 01:00:00+00:00,26.2,89.576584,1006.6404,4.510787,298.61035,0.0,49.0,1.0
2023-04-21 02:00:00+00:00,27.35,82.96637,1007.7418,6.489992,303.6901,0.0,37.0,1.0
2023-04-21 03:00:00+00:00,28.7,75.31784,1008.34344,8.534353,297.64587,0.2,32.0,51.0
2023-04-21 04:00:00+00:00,29.85,70.47706,1008.94476,9.255571,283.49576,0.1,47.0,51.0
2023-04-21 05:00:00+00:00,30.95,65.77591,1008.84674,11.183201,273.6913,0.0,28.0,1.0
2023-04-21 06:00:00+00:00,31.25,64.660736,1008.1473,13.363711,274.63538,0.0,54.0,2.0
2023-04-21 07:00:00+00:00,31.3,64.476974,1007.2477,14.154915,277.30566,0.0,24.0,1.0
2023-04-21 08:00:00+00:00,31.6,62.62792,1005.9489,14.917212,278.32556,0.0,50.0,2.0
2023-04-21 09:00:00+00:00,30.2,69.074135,1005.44696,15.192682,283.70697,0.1,44.0,51.0
2023-04-21 10:00:00+00:00,30.35,68.68867,1004.84753,13.849476,278.97253,0.0,36.0,1.0
2023-04-21 11:00:00+00:00,29.15,72.28477,1005.2455,11.298495,300.65057,0.1,69.0,51.0
2023-04-21 12:00:00+00:00,29.4,71.67865,1004.846,12.758432,286.38962,0.1,59.0,51.0
2023-04-21 13:00:00+00:00,28.65,76.22049,1005.54474,11.298495,300.65057,0.0,40.0,1.0
2023-04-21 14:00:00+00:00,28.35,78.49691,1006.14374,9.504272,307.30402,0.0,28.0,1.0
2023-04-21 15:00:00+00:00,27.9,80.82383,1007.14264,7.145796,319.0857,0.0,36.0,1.0
2023-04-21 16:00:00+00:00,27.05,84.947014,1007.8412,7.928177,309.47244,0.2,64.0,51.0
2023-04-21 17:00:00+00:00,26.8,86.98249,1007.9408,7.386582,313.0251,0.1,50.0,51.0
2023-04-21 18:00:00+00:00,26.6,88.54097,1007.6405,6.489992,326.3099,0.0,31.0,1.0
2023-04-21 19:00:00+00:00,26.3,90.66221,1006.6404,5.4833565,336.8014,0.0,24.0,1.0
2023-04-21 20:00:00+00:00,26.15,91.74299,1005.74084,4.198285,329.03632,0.0,17.0,0.0
2023-04-21 21:00:00+00:00,25.95,92.28159,1005.1407,8.913181,313.36346,0.0,60.0,2.0
2023-04-21 22:00:00+00:00,25.95,91.183624,1004.94086,9.0,306.86996,0.0,54.0,2.0
2023-04-21 23:00:00+00:00,26.05,90.64562,1005.1407,10.44,316.3971,0.0,40.0,1.0
2023-04-22 00:00:00+00:00,26.0,89.02586,1005.4406,9.19939,329.42084,0.0,56.0,2.0
2023-04-22 01:00:00+00:00,26.15,87.18539,1006.54047,14.529915,318.01285,0.0,89.0,3.0
2023-04-22 02:00:00+00:00,26.4,83.86273,1007.54034,14.458382,341.1138,0.0,96.0,3.0
2023-04-22 03:00:00+00:00,27.35,77.883026,1008.34155,14.587776,344.24875,0.0,68.0,2.0
2023-04-22 04:00:00+00:00,30.25,62.333965,1008.64545,14.480773,325.1246,0.0,89.0,3.0
2023-04-22 05:00:00+00:00,31.75,57.39679,1008.44775,14.33234,295.27768,0.0,54.0,2.0
2023-04-22 06:00:00+00:00,31.25,62.36332,1007.8474,18.94024,278.74606,0.0,15.0,0.0
2023-04-22 07:00:00+00:00,30.25,68.05257,1007.24615,21.129885,278.8203,0.0,28.0,1.0
2023-04-22 08:00:00+00:00,30.6,65.70448,1006.1472,20.523157,285.25516,0.0,27.0,1.0
2023-04-22 09:00:00+00:00,31.0,64.22021,1004.9485,19.839235,281.5138,0.0,24.0,1.0
2023-04-22 10:00:00+00:00,30.7,64.936806,1004.14844,19.35314,279.63748,0.0,18.0,0.0
2023-04-22 11:00:00+00:00,30.25,67.03502,1004.2475,18.25026,284.85864,0.0,6.0,0.0
2023-04-22 12:00:00+00:00,29.75,69.82546,1004.54675,18.58451,291.59537,0.0,10.0,0.0
2023-04-22 13:00:00+00:00,29.2,72.72984,1005.3454,16.055353,289.6539,0.0,16.0,0.0
2023-04-22 14:00:00+00:00,29.15,72.06739,1006.24506,13.708391,293.1986,0.0,17.0,0.0
2023-04-22 15:00:00+00:00,28.9,72.89763,1006.94434,13.049689,294.44394,0.0,26.0,1.0
2023-04-22 16:00:00+00:00,28.55,75.06781,1007.6434,11.792404,301.26367,0.0,51.0,2.0
2023-04-22 17:00:00+00:00,28.05,76.58844,1007.7428,11.983188,327.26477,0.0,26.0,1.0
2023-04-22 18:00:00+00:00,27.0,81.68739,1007.4414,10.538843,352.14676,0.0,15.0,0.0
2023-04-22 19:00:00+00:00,26.25,84.09966,1006.8403,10.8955765,7.59456,0.0,17.0,0.0
2023-04-22 20:00:00+00:00,25.95,85.34692,1006.24023,10.538843,7.853233,0.0,22.0,1.0
2023-04-22 21:00:00+00:00,26.0,85.352,1005.94037,9.779817,353.6599,0.0,73.0,2.0
2023-04-22 22:00:00+00:00,25.95,86.12307,1006.0403,9.793058,342.8972,0.0,81.0,3.0
2023-04-22 23:00:00+00:00,25.65,89.26709,1006.2396,9.028754,336.5014,0.0,57.0,2.0
2023-04-23 00:00:00+00:00,25.65,90.076096,1006.2396,11.212135,5.527458,0.0,88.0,3.0
2023-04-23 01:00:00+00:00,25.9,87.68961,1006.6398,10.182337,351.87,0.0,97.0,3.0
2023-04-23 02:00:00+00:00,27.45,79.32048,1007.1421,8.759178,350.53775,0.0,96.0,3.0
2023-04-23 03:00:00+00:00,29.65,69.38726,1007.8452,9.6932955,344.93146,0.0,96.0,3.0
2023-04-23 04:00:00+00:00,31.7,59.876015,1008.0479,9.085988,326.3099,0.0,91.0,3.0
2023-04-23 05:00:00+00:00,33.05,54.31608,1007.5504,10.24578,288.43503,0.0,100.0,3.0
2023-04-23 06:00:00+00:00,33.35,54.22498,1006.9511,16.199999,270.0,0.0,91.0,3.0
2023-04-23 07:00:00+00:00,32.15,57.665695,1006.34937,17.462784,278.29706,0.3,97.0,51.0
2023-04-23 08:00:00+00:00,32.15,59.797398,1005.4498,16.923828,268.78116,0.1,98.0,51.0
2023-04-23 09:00:00+00:00,30.5,69.54658,1004.94775,14.205182,278.74606,0.5,99.0,53.0
2023-04-23 10:00:00+00:00,31.0,67.58761,1004.64856,15.141414,288.00424,0.0,98.0,3.0
2023-04-23 11:00:00+00:00,30.6,67.91613,1004.448,12.904882,300.1413,0.1,96.0,51.0
2023-04-23 12:00:00+00:00,30.4,71.213646,1004.1478,14.658676,294.67685,0.0,82.0,3.0
2023-04-23 13:00:00+00:00,29.5,76.12312,1005.04614,14.48972,296.56497,0.0,67.0,2.0
2023-04-23 14:00:00+00:00,29.3,77.69905,1005.94556,13.684735,305.36255,0.0,22.0,1.0
2023-04-23 15:00:00+00:00,29.1,79.3081,1006.64484,13.479583,304.1145,0.0,17.0,0.0
2023-04-23 16:00:00+00:00,28.9,80.71064,1007.44415,11.480557,311.18582,0.0,22.0,1.0
2023-04-23 17:00:00+00:00,28.65,82.37761,1007.94366,9.931042,316.46872,0.0,65.0,2.0
2023-04-23 18:00:00+00:00,28.3,84.57132,1007.74304,9.686609,318.01288,0.0,42.0,1.0
2023-04-23 19:00:00+00:00,27.8,87.33138,1007.0427,9.504272,322.69595,0.0,49.0,1.0
2023-04-23 20:00:00+00:00,27.55,88.35402,1006.7423,9.028754,336.5014,0.0,44.0,1.0
2023-04-23 21:00:00+00:00,27.2,89.6497,1006.4421,8.225035,336.8014,0.0,19.0,0.0
2023-04-23 22:00:00+00:00,26.85,89.8917,1006.14154,8.557102,337.75092,0.0,29.0,1.0
2023-04-23 23:00:00+00:00,27.0,88.83751,1006.44183,8.714677,321.70978,0.0,66.0,2.0
2023-04-24 00:00:00+00:00,27.2,85.728455,1006.94183,11.841756,340.46326,0.0,78.0,2.0
2023-04-24 01:00:00+00:00,27.2,83.448456,1007.2417,12.015589,351.38443,0.0,38.0,1.0
2023-04-24 02:00:00+00:00,28.35,76.864685,1007.84296,9.793058,342.8972,0.0,98.0,3.0
2023-04-24 03:00:00+00:00,29.75,71.74051,1008.34503,9.19939,329.42084,0.0,98.0,3.0
2023-04-24 04:00:00+00:00,31.75,62.472095,1008.5477,9.931042,313.53125,0.1,99.0,51.0
2023-04-24 05:00:00+00:00,32.9,58.895905,1008.64954,9.47012,278.74606,0.1,99.0,51.0
2023-04-24 06:00:00+00:00,32.15,67.20949,1008.2486,14.154915,262.69434,1.8,72.0,61.0
2023-04-24 07:00:00+00:00,30.7,76.08118,1008.04675,5.937272,284.03625,0.9,48.0,53.0
2023-04-24 08:00:00+00:00,30.25,74.004585,1007.44604,6.696387,233.74606,0.3,80.0,51.0
2023-04-24 09:00:00+00:00,30.1,73.53977,1006.64636,4.5820518,224.9999,0.3,100.0,51.0
2023-04-24 10:00:00+00:00,30.35,69.936775,1005.8471,6.4096174,231.84273,0.1,62.0,51.0
2023-04-24 11:00:00+00:00,29.4,73.20246,1006.0455,5.6233797,230.19447,0.0,100.0,3.0
2023-04-24 12:00:00+00:00,31.3,61.438457,1005.3485,4.896529,252.89719,0.2,100.0,51.0
2023-04-24 13:00:00+00:00,30.0,67.59491,1006.44617,6.12,241.92761,0.0,98.0,3.0
2023-04-24 14:00:00+00:00,29.3,72.31087,1007.24493,2.3051248,231.34016,0.0,81.0,3.0
2023-04-24 15:00:00+00:00,29.2,74.27543,1008.0442,1.4399999,180.0,0.0,81.0,3.0
2023-04-24 16:00:00+00:00,28.45,78.27613,1008.64294,5.2416787,164.05453,0.0,94.0,3.0
2023-04-24 17:00:00+00:00,26.5,87.74103,1009.33954,8.287822,182.4895,2.0,100.0,61.0
2023-04-24 18:00:00+00:00,25.95,95.36076,1009.2389,3.8268526,221.18582,1.6,100.0,61.0
2023-04-24 19:00:00+00:00,25.8,95.64036,1008.73883,4.896529,162.89719,0.0,100.0,3.0
2023-04-24 20:00:00+00:00,25.8,95.07186,1008.0392,7.2,233.13002,0.0,100.0,3.0
2023-04-24 21:00:00+00:00,25.5,93.36963,1008.0388,2.9024127,172.87508,0.2,100.0,51.0
2023-04-24 22:00:00+00:00,25.6,97.07044,1007.83887,1.484318,75.96373,0.1,100.0,51.0
2023-04-24 23:00:00+00:00,25.3,95.0539,1007.9386,3.319036,49.398785,0.0,100.0,3.0
2023-04-25 00:00:00+00:00,25.45,94.77539,1008.23846,4.6938252,4.398633,0.0,100.0,3.0
2023-04-25 01:00:00+00:00,25.75,95.92423,1008.339,3.5455887,246.0375,0.0,100.0,3.0
2023-04-25 02:00:00+00:00,26.6,91.22428,1009.2398,2.2768397,108.43504,0.0,100.0,3.0
2023-04-25 03:00:00+00:00,27.85,83.52126,1009.7415,4.510787,151.38963,0.1,100.0,51.0
2023-04-25 04:00:00+00:00,29.1,75.83412,1010.34314,6.489992,176.82024,0.2,100.0,51.0
2023-04-25 05:00:00+00:00,29.9,71.76698,1010.44434,9.028754,184.57384,0.2,100.0,51.0
2023-04-25 06:00:00+00:00,30.65,68.74591,1010.0455,12.313893,195.25517,0.1,100.0,51.0
2023-04-25 07:00:00+00:00,30.25,72.043625,1009.24524,13.570615,201.80147,0.1,100.0,51.0
2023-04-25 08:00:00+00:00,29.25,75.40484,1008.1445,7.9526596,185.19434,0.1,100.0,51.0
2023-04-25 09:00:00+00:00,29.25,74.73034,1007.14496,7.24486,153.43501,0.2,100.0,51.0
2023-04-25 10:00:00+00:00,29.7,71.5166,1006.0461,10.1376915,173.8846,0.1,99.0,51.0
2023-04-25 11:00:00+00:00,29.7,71.5166,1005.54626,11.659777,188.88058,0.0,93.0,3.0
2023-04-25 12:00:00+00:00,28.95,76.72467,1006.2447,10.086427,182.04536,1.2,99.0,55.0
2023-04-25 13:00:00+00:00,27.55,83.487755,1007.44196,6.489992,183.17976,0.7,80.0,53.0
2023-04-25 14:00:00+00:00,25.7,95.06825,1008.73883,7.10031,149.53453,0.3,100.0,51.0
2023-04-25 15:00:00+00:00,25.4,93.6451,1009.33795,3.396233,212.00534,0.4,100.0,51.0
2023-04-25 16:00:00+00:00,25.05,94.76022,1010.5367,9.3876505,265.60138,1.2,100.0,55.0
2023-04-25 17:00:00+00:00,25.15,93.91512,1010.1372,5.0142193,248.96242,0.1,99.0,51.0
2023-04-25 18:00:00+00:00,24.65,95.891365,1009.73645,3.8268526,311.18582,0.0,99.0,3.0
2023-04-25 19:00:00+00:00,24.45,95.02314,1008.8365,3.2399998,360.0,0.0,99.0,3.0
2023-04-25 20:00:00+00:00,24.6,91.92833,1008.4371,5.04,360.0,0.0,90.0,3.0
2023-04-25 21:00:00+00:00,24.2,90.79686,1007.83673,5.634891,26.564985,0.0,94.0,3.0
2023-04-25 22:00:00+00:00,23.8,93.00495,1007.43634,6.725354,15.524177,0.0,55.0,2.0
2023-04-25 23:00:00+00:00,24.2,93.30701,1007.6368,6.193674,324.46225,0.0,71.0,2.0
2023-04-26 00:00:00+00:00,25.95,93.670265,1007.6395,5.8603754,280.6196,0.0,81.0,3.0
2023-04-26 01:00:00+00:00,25.8,93.66344,1008.73883,5.2416787,344.05453,0.0,100.0,3.0
2023-04-26 02:00:00+00:00,26.4,91.4844,1008.93976,7.2805495,351.4693,0.0,99.0,3.0
2023-04-26 03:00:00+00:00,27.65,83.24957,1009.04156,4.1046314,344.7448,0.0,94.0,3.0
2023-04-26 04:00:00+00:00,28.85,79.510864,1009.54315,3.8939953,303.6901,0.1,95.0,51.0
2023-04-26 05:00:00+00:00,29.9,74.16802,1009.4448,5.815978,248.19853,0.0,100.0,3.0
2023-04-26 06:00:00+00:00,30.05,74.192635,1009.0449,9.904906,250.9064,0.1,100.0,51.0
2023-04-26 07:00:00+00:00,28.1,85.054756,1008.7423,11.620809,253.81071,0.3,100.0,51.0
2023-04-26 08:00:00+00:00,27.75,86.03807,1008.04205,1.8,306.86996,2.4,100.0,61.0
2023-04-26 09:00:00+00:00,27.8,87.85148,1006.9428,1.9386592,68.19853,0.8,100.0,53.0
2023-04-26 10:00:00+00:00,28.0,84.288345,1005.9436,5.991594,57.264786,0.5,100.0,53.0
2023-04-26 11:00:00+00:00,28.5,80.900314,1005.84424,3.8773184,338.19852,0.2,100.0,51.0
2023-04-26 12:00:00+00:00,27.4,83.47094,1006.7423,5.3517847,340.3461,0.3,100.0,51.0
2023-04-26 13:00:00+00:00,26.85,86.46775,1007.1411,4.452954,345.9637,0.0,100.0,3.0
2023-04-26 14:00:00+00:00,26.4,88.790474,1008.0401,2.968636,345.9637,0.0,100.0,3.0
2023-04-26 15:00:00+00:00,25.7,92.822014,1008.73883,3.4152596,71.564964,0.0,100.0,3.0
2023-04-26 16:00:00+00:00,25.6,93.374405,1009.4382,3.319036,77.4712,0.0,6.0,0.0
2023-04-26 17:00:00+00:00,25.55,93.092804,1009.63806,3.6179552,84.2895,0.0,100.0,3.0
2023-04-26 18:00:00+00:00,25.5,92.81169,1009.3382,4.6938252,94.39862,0.0,100.0,3.0
2023-04-26 19:00:00+00:00,24.6,95.314896,1008.3371,5.1544156,102.09474,0.0,97.0,3.0
2023-04-26 20:00:00+00:00,25.1,92.5123,1007.53845,4.0249224,79.69521,0.0,88.0,3.0
2023-04-26 21:00:00+00:00,25.1,92.5123,1006.83875,4.802999,102.99462,0.0,12.0,0.0
2023-04-26 22:00:00+00:00,24.75,93.89744,1006.43835,2.968636,75.96373,0.0,67.0,2.0
2023-04-26 23:00:00+00:00,24.85,92.77798,1006.3384,5.315336,28.30066,0.0,8.0,0.0
2023-04-27 00:00:00+00:00,25.05,93.34806,1006.73846,3.7064266,29.054508,0.0,3.0,0.0
2023-04-27 01:00:00+00:00,26.0,89.293526,1007.03986,5.8603754,10.61961,0.0,100.0,3.0
2023-04-27 02:00:00+00:00,27.55,86.27562,1008.0417,5.506941,11.3098955,0.0,95.0,3.0
2023-04-27 03:00:00+00:00,28.8,83.13234,1009.04315,4.2136917,340.0168,0.0,99.0,3.0
2023-04-27 04:00:00+00:00,29.75,76.84481,1009.34454,6.725354,285.52417,0.1,97.0,51.0
2023-04-27 05:00:00+00:00,30.15,75.09818,1009.14526,6.849467,266.98727,0.0,93.0,3.0
2023-04-27 06:00:00+00:00,30.65,74.73286,1008.54614,8.373386,244.5367,0.1,76.0,51.0
2023-04-27 07:00:00+00:00,28.3,86.09076,1008.3427,9.793059,233.97253,2.0,100.0,61.0
2023-04-27 08:00:00+00:00,28.95,75.357445,1008.0438,7.491114,234.78232,0.9,100.0,53.0
2023-04-27 09:00:00+00:00,28.4,81.371864,1007.0437,1.2979984,33.6901,1.3,100.0,61.0
2023-04-27 10:00:00+00:00,28.85,79.27403,1006.14465,1.484318,284.03625,0.1,100.0,51.0
2023-04-27 11:00:00+00:00,28.75,80.45132,1006.24445,3.8268526,228.81418,0.2,100.0,51.0
2023-04-27 12:00:00+00:00,29.0,78.120674,1006.5445,5.2416787,195.94547,0.0,100.0,3.0
2023-04-27 13:00:00+00:00,27.9,83.277916,1007.0427,5.904439,217.56866,0.0,100.0,3.0
2023-04-27 14:00:00+00:00,27.55,83.9887,1007.7418,7.42159,230.90614,0.0,100.0,3.0
2023-04-27 15:00:00+00:00,27.35,85.743164,1008.64136,5.315336,208.30066,0.0,53.0,2.0
2023-04-27 16:00:00+00:00,26.8,89.888176,1009.0403,4.0249224,169.6952,0.0,2.0,0.0
2023-04-27 17:00:00+00:00,26.5,90.40514,1009.23956,1.8,90.0,0.0,17.0,0.0
2023-04-27 18:00:00+00:00,25.85,92.82975,1009.1386,3.396233,32.005356,0.0,1.0,0.0
2023-04-27 19:00:00+00:00,26.0,90.64231,1008.83905,3.0547013,44.999897,0.0,22.0,1.0
2023-04-27 20:00:00+00:00,25.9,90.36432,1008.439,5.1544156,77.90526,0.0,89.0,3.0
2023-04-27 21:00:00+00:00,24.4,93.035255,1007.93695,8.4963045,36.38445,3.9,100.0,63.0
2023-04-27 22:00:00+00:00,24.65,94.46023,1008.13715,3.7585104,16.699326,0.0,100.0,3.0
2023-04-27 23:00:00+00:00,25.55,89.2595,1007.539,2.0991426,329.03632,0.0,100.0,3.0
2023-04-28 00:00:00+00:00,26.0,88.492714,1008.2393,6.696387,126.25393,0.0,100.0,3.0
2023-04-28 01:00:00+00:00,26.25,86.6717,1008.83936,4.379589,99.46225,0.0,92.0,3.0
2023-04-28 02:00:00+00:00,27.15,83.19273,1009.1408,5.0528407,94.08554,0.0,100.0,3.0
2023-04-28 03:00:00+00:00,28.6,78.76743,1010.14264,1.8,90.0,0.0,100.0,3.0
2023-04-28 04:00:00+00:00,30.0,71.9999,1010.24445,1.4399999,270.0,0.0,99.0,3.0
2023-04-28 05:00:00+00:00,30.9,69.206276,1010.14575,5.692099,235.30478,0.0,100.0,3.0
2023-04-28 06:00:00+00:00,31.05,68.411644,1009.74634,7.24486,206.56499,0.0,100.0,3.0
2023-04-28 07:00:00+00:00,28.4,76.87224,1009.7425,7.127636,224.9999,1.5,100.0,61.0
2023-04-28 08:00:00+00:00,30.0,73.085014,1008.44525,4.198285,210.96368,0.4,100.0,51.0
2023-04-28 09:00:00+00:00,29.45,74.7626,1007.44507,8.4963045,233.61555,1.1,100.0,55.0
2023-04-28 10:00:00+00:00,28.8,79.030975,1006.7442,10.163227,202.93213,0.0,100.0,3.0
2023-04-28 11:00:00+00:00,27.6,82.0066,1007.34235,8.427383,199.9832,1.7,100.0,61.0
2023-04-28 12:00:00+00:00,28.75,77.38695,1006.6442,9.72,180.0,1.1,100.0,55.0
2023-04-28 13:00:00+00:00,27.85,84.776215,1007.14264,9.114471,170.9098,0.0,100.0,3.0
2023-04-28 14:00:00+00:00,27.55,86.018875,1008.0417,7.754637,158.19853,0.0,100.0,3.0
2023-04-28 15:00:00+00:00,26.2,89.04131,1009.0393,4.896529,107.10281,0.8,100.0,53.0
2023-04-28 16:00:00+00:00,25.55,91.98313,1009.3382,6.725354,15.524177,0.1,98.0,51.0
2023-04-28 17:00:00+00:00,25.3,92.24557,1009.8377,7.968939,18.435053,0.1,93.0,51.0
2023-04-28 18:00:00+00:00,25.25,92.242744,1009.63745,6.6185193,22.380184,0.0,50.0,2.0
2023-04-28 19:00:00+00:00,25.15,92.51503,1009.1377,4.1046314,37.875053,0.0,54.0,2.0
2023-04-28 20:00:00+00:00,24.35,95.0195,1008.4367,4.73506,98.74608,0.0,72.0,2.0
2023-04-28 21:00:00+00:00,25.05,93.62903,1007.9379,6.9247384,117.89718,0.0,99.0,3.0
2023-04-28 22:00:00+00:00,25.2,92.79616,1007.4385,6.28713,103.24053,0.0,100.0,3.0
2023-04-28 23:00:00+00:00,25.05,93.34806,1007.4381,7.628263,109.290146,0.0,98.0,3.0
2023-04-29 00:00:00+00:00,25.55,93.652,1007.539,6.638072,102.5288,0.0,100.0,3.0
2023-04-29 01:00:00+00:00,25.95,92.28159,1008.13934,5.0142193,111.03758,0.0,100.0,3.0
2023-04-29 02:00:00+00:00,26.8,92.32836,1008.7404,3.6179552,95.7105,0.0,100.0,3.0
2023-04-29 03:00:00+00:00,27.75,87.32696,1009.34143,5.3517847,109.653915,0.1,100.0,51.0
2023-04-29 04:00:00+00:00,28.45,84.086266,1009.7425,8.0899935,147.72438,0.2,100.0,51.0
2023-04-29 05:00:00+00:00,29.4,78.64438,1009.0441,5.1544156,167.90526,0.1,100.0,51.0
2023-04-29 06:00:00+00:00,30.15,74.20897,1009.0453,9.585739,214.28693,0.1,100.0,51.0
2023-04-29 07:00:00+00:00,27.6,86.023636,1008.6417,5.692099,214.69522,9.0,100.0,65.0
2023-04-29 08:00:00+00:00,27.35,81.48516,1007.9418,10.464797,206.56499,7.1,100.0,63.0
2023-04-29 09:00:00+00:00,26.1,91.46619,1007.3397,2.968636,194.03627,2.0,100.0,61.0
2023-04-29 10:00:00+00:00,25.95,91.731186,1006.74,5.4119864,86.186005,0.8,100.0,53.0
2023-04-29 11:00:00+00:00,25.2,92.79616,1006.73883,6.696387,53.74608,6.5,100.0,63.0
2023-04-29 12:00:00+00:00,25.8,90.08663,1007.1395,10.1887,147.99466,5.1,100.0,63.0
2023-04-29 13:00:00+00:00,25.5,93.36963,1007.3391,6.9247384,117.89718,1.9,100.0,61.0
2023-04-29 14:00:00+00:00,24.5,99.10584,1007.9373,5.771239,93.57626,0.3,100.0,51.0
2023-04-29 15:00:00+00:00,24.25,99.10417,1008.43646,4.829907,116.56499,0.4,100.0,51.0
2023-04-29 16:00:00+00:00,25.25,91.965866,1008.9378,5.154415,114.775116,0.0,100.0,3.0
2023-04-29 17:00:00+00:00,25.05,91.95436,1008.73755,3.8773184,68.19853,0.0,100.0,3.0
2023-04-29 18:00:00+00:00,24.75,93.052795,1008.63727,5.8603754,47.489597,0.0,100.0,3.0
2023-04-29 19:00:00+00:00,24.55,93.32397,1008.2372,4.6102495,38.65983,0.0,100.0,3.0
2023-04-29 20:00:00+00:00,24.25,94.72959,1006.9372,7.24486,26.564985,0.0,100.0,3.0
2023-04-29 21:00:00+00:00,24.35,93.59661,1006.23773,6.519877,6.3401003,0.0,100.0,3.0
2023-04-29 22:00:00+00:00,24.35,92.471756,1005.93787,5.4119864,356.186,0.0,100.0,3.0
2023-04-29 23:00:00+00:00,24.15,93.587326,1005.73773,7.754637,21.801476,0.0,100.0,3.0
2023-04-30 00:00:00+00:00,24.75,93.615135,1006.53827,5.00128,59.743652,0.0,100.0,3.0
2023-04-30 01:00:00+00:00,24.85,93.90185,1007.038,4.1046314,105.25517,0.0,100.0,3.0
2023-04-30 02:00:00+00:00,26.1,93.12002,1007.6395,3.8268526,131.18582,0.0,100.0,3.0
2023-04-30 03:00:00+00:00,27.75,85.27272,1008.6417,3.2399998,180.0,0.1,100.0,51.0
2023-04-30 04:00:00+00:00,28.25,81.840416,1009.14233,7.2,180.0,0.2,100.0,51.0
2023-04-30 05:00:00+00:00,27.95,83.78198,1009.0418,7.2,216.86998,0.2,100.0,51.0
2023-04-30 06:00:00+00:00,28.0,83.538025,1008.4425,9.227524,249.44388,0.2,100.0,51.0
2023-04-30 07:00:00+00:00,27.9,82.534935,1007.74243,9.746631,265.76367,0.2,100.0,51.0
2023-04-30 08:00:00+00:00,27.55,83.238266,1006.8422,8.942214,229.89915,0.2,100.0,51.0
2023-04-30 09:00:00+00:00,27.05,84.692795,1005.9421,4.0249224,169.6952,0.5,100.0,53.0
2023-04-30 10:00:00+00:00,27.0,86.481766,1005.3423,1.4399999,180.0,1.2,100.0,55.0
2023-04-30 11:00:00+00:00,26.55,92.31467,1005.04175,3.319036,192.5288,0.8,100.0,53.0
2023-04-30 12:00:00+00:00,27.35,84.97791,1004.6432,5.495161,121.60746,4.1,100.0,63.0
2023-04-30 13:00:00+00:00,26.8,90.42552,1005.6418,6.130579,93.366394,0.0,100.0,3.0
2023-04-30 14:00:00+00:00,26.4,91.211845,1006.1409,3.9763298,84.805664,0.0,100.0,3.0
2023-04-30 15:00:00+00:00,26.25,89.848854,1007.14014,6.792466,122.00535,0.0,100.0,3.0
2023-04-30 16:00:00+00:00,26.0,89.293526,1007.6395,7.968939,108.43504,0.0,100.0,3.0
2023-04-30 17:00:00+00:00,25.9,90.09366,1007.53937,3.8939953,146.3099,0.0,100.0,3.0
2023-04-30 18:00:00+00:00,25.25,91.139565,1007.73834,4.198285,239.0363,3.8,100.0,63.0
2023-04-30 19:00:00+00:00,25.45,91.42653,1007.1389,5.95906,154.98314,0.2,100.0,51.0
2023-04-30 20:00:00+00:00,25.1,94.47828,1006.43896,4.0249224,116.56499,0.0,98.0,3.0
2023-04-30 21:00:00+00:00,25.05,94.47632,1005.8388,9.19939,120.57915,0.0,100.0,3.0
2023-04-30 22:00:00+00:00,24.6,95.60199,1005.5384,6.6087217,60.64234,0.0,100.0,3.0
2023-04-30 23:00:00+00:00,24.35,95.88228,1005.8379,3.671294,78.6901,0.0,100.0,3.0
2023-05-01 00:00:00+00:00,24.8,94.18256,1006.1384,10.587917,342.18103,0.0,100.0,3.0
2023-05-01 01:00:00+00:00,24.6,93.326385,1006.5379,10.446206,1.9748993,0.1,100.0,51.0
2023-05-01 02:00:00+00:00,25.2,90.588936,1006.5389,8.287822,357.5105,0.0,100.0,3.0
2023-05-01 03:00:00+00:00,26.7,86.45371,1007.5406,10.390226,345.9637,0.0,100.0,3.0
2023-05-01 04:00:00+00:00,28.35,79.91999,1008.3427,3.8268526,318.81415,0.0,100.0,3.0
2023-05-01 05:00:00+00:00,29.3,77.69905,1008.2445,3.7064266,240.94548,0.1,100.0,51.0
2023-05-01 06:00:00+00:00,29.75,75.93491,1007.94525,9.726664,218.991,0.2,100.0,51.0
2023-05-01 07:00:00+00:00,27.0,86.740814,1007.94116,15.617529,205.97433,8.0,100.0,65.0
2023-05-01 08:00:00+00:00,26.2,88.50883,1006.8403,11.113451,204.90474,0.7,100.0,53.0
2023-05-01 09:00:00+00:00,27.0,83.17561,1006.2419,7.24486,206.56499,0.1,100.0,51.0
2023-05-01 10:00:00+00:00,26.85,82.41076,1005.9417,8.4963045,216.38445,0.5,100.0,53.0
2023-05-01 11:00:00+00:00,25.75,89.00654,1005.74023,4.829907,206.56499,2.6,100.0,63.0
2023-05-01 12:00:00+00:00,27.0,85.70878,1005.64215,5.3999996,180.0,0.1,100.0,51.0
2023-05-01 13:00:00+00:00,26.1,88.76684,1006.34015,6.5693827,189.46225,0.1,100.0,51.0
2023-05-01 14:00:00+00:00,25.65,90.34721,1007.539,3.7585104,196.69933,0.8,100.0,53.0
2023-05-01 15:00:00+00:00,26.15,86.662476,1008.53955,4.802999,192.99461,0.7,100.0,53.0
2023-05-01 16:00:00+00:00,24.85,94.46825,1009.63684,10.97262,228.99101,3.4,100.0,63.0
2023-05-01 17:00:00+00:00,24.5,99.10584,1009.8364,3.319036,257.4712,1.6,100.0,61.0
2023-05-01 18:00:00+00:00,24.5,98.80932,1009.53656,3.6,270.0,0.8,100.0,53.0
2023-05-01 19:00:00+00:00,24.3,99.104515,1008.5366,6.9527545,338.74942,1.8,100.0,61.0
2023-05-01 20:00:00+00:00,24.3,99.104515,1007.5371,5.4833565,336.8014,0.4,100.0,51.0
2023-05-01 21:00:00+00:00,24.2,99.10381,1006.53735,7.771331,346.60748,0.2,100.0,51.0
2023-05-01 22:00:00+00:00,24.5,96.17562,1006.2381,8.891344,21.370695,0.1,100.0,51.0
2023-05-01 23:00:00+00:00,24.25,95.87926,1006.03754,8.854829,26.564985,0.0,100.0,3.0
2023-05-02 00:00:00+00:00,24.65,94.74496,1006.6379,8.287822,357.5105,0.0,100.0,3.0
2023-05-02 01:00:00+00:00,24.8,94.18256,1007.138,9.387651,32.471172,0.0,100.0,3.0
2023-05-02 02:00:00+00:00,25.35,92.52574,1007.63873,11.720751,10.61961,0.0,100.0,3.0
2023-05-02 03:00:00+00:00,27.0,88.83751,1008.6408,10.538843,7.853233,0.0,100.0,3.0
2023-05-02 04:00:00+00:00,28.3,82.09102,1009.0424,5.937272,14.036275,0.0,100.0,3.0
2023-05-02 05:00:00+00:00,29.05,80.251175,1009.04376,2.2768397,251.56496,0.0,100.0,3.0
2023-05-02 06:00:00+00:00,29.1,77.66997,1008.7439,6.3690495,227.29063,0.1,100.0,51.0
2023-05-02 07:00:00+00:00,28.8,78.32589,1008.2435,9.504273,204.62355,0.4,100.0,51.0
2023-05-02 08:00:00+00:00,28.55,81.1483,1007.1436,7.5685663,177.27374,0.2,100.0,51.0
2023-05-02 09:00:00+00:00,28.2,80.62064,1006.5436,6.5693827,170.53775,0.0,100.0,3.0
2023-05-02 10:00:00+00:00,28.65,77.60444,1005.7446,5.506941,191.30989,0.0,100.0,3.0
2023-05-02 11:00:00+00:00,27.75,79.361496,1005.943,8.714677,231.7098,0.4,100.0,51.0
2023-05-02 12:00:00+00:00,26.75,91.77818,1006.0416,6.162207,173.29025,0.3,100.0,51.0
2023-05-02 13:00:00+00:00,25.3,99.40668,1007.53876,2.968636,165.96373,6.7,100.0,63.0
2023-05-02 14:00:00+00:00,24.7,100.0,1008.9372,4.452954,104.03627,3.3,100.0,63.0
2023-05-02 15:00:00+00:00,24.9,99.4049,1008.73755,1.484318,345.9637,0.6,100.0,53.0
2023-05-02 16:00:00+00:00,24.55,99.403366,1009.8364,2.5455842,171.86998,0.7,100.0,53.0
2023-05-02 17:00:00+00:00,24.65,99.10686,1010.0363,3.6,36.86999,0.3,100.0,51.0
2023-05-02 18:00:00+00:00,23.95,99.40065,1010.2353,4.0249224,10.304792,1.3,100.0,61.0
2023-05-02 19:00:00+00:00,24.0,99.400856,1009.9354,3.219938,333.43503,1.9,100.0,61.0
2023-05-02 20:00:00+00:00,23.85,99.40022,1008.93567,4.3498964,65.55606,2.4,100.0,61.0
2023-05-02 21:00:00+00:00,23.65,99.39931,1008.1356,6.6185193,67.61982,0.3,100.0,51.0
2023-05-02 22:00:00+00:00,23.4,99.398186,1008.03534,6.8777895,47.12111,0.2,100.0,51.0
2023-05-02 23:00:00+00:00,23.3,99.397766,1008.33514,6.618519,44.999897,3.4,100.0,63.0
2023-05-03 00:00:00+00:00,24.45,93.88412,1008.8365,6.28713,23.629398,0.3,100.0,51.0
2023-05-03 01:00:00+00:00,24.0,99.102486,1009.6355,3.319036,49.398785,4.7,100.0,63.0
2023-05-03 02:00:00+00:00,24.15,98.50975,1010.43555,3.671294,11.3098955,0.2,100.0,51.0
2023-05-03 03:00:00+00:00,24.3,98.807594,1011.5353,8.049845,10.304792,1.1,100.0,55.0
2023-05-03 04:00:00+00:00,25.3,92.24557,1011.5369,10.383987,326.3099,0.5,100.0,53.0
2023-05-03 05:00:00+00:00,26.45,84.62973,1011.23865,12.387348,324.46225,0.3,100.0,51.0
2023-05-03 06:00:00+00:00,27.5,80.77256,1010.6405,13.979872,325.4914,0.1,100.0,51.0
2023-05-03 07:00:00+00:00,27.85,77.95542,1009.94147,15.349684,309.28937,0.0,100.0,3.0
2023-05-03 08:00:00+00:00,28.5,75.059784,1008.7429,17.414474,299.74478,0.0,100.0,3.0
2023-05-03 09:00:00+00:00,29.1,73.59281,1007.4445,18.892282,300.96368,0.0,100.0,3.0
2023-05-03 10:00:00+00:00,28.6,76.442,1006.6442,20.26899,303.40784,0.0,100.0,3.0
2023-05-03 11:00:00+00:00,28.35,78.02749,1006.6435,20.172853,304.82455,0.0,100.0,3.0
2023-05-03 12:00:00+00:00,28.45,79.21938,1006.84375,16.299694,313.2101,0.0,100.0,3.0
2023-05-03 13:00:00+00:00,27.75,81.53475,1007.0425,14.186923,324.2932,0.0,100.0,3.0
2023-05-03 14:00:00+00:00,27.35,82.96637,1007.84174,11.113451,335.09525,0.0,100.0,3.0
2023-05-03 15:00:00+00:00,27.1,84.444534,1008.8407,9.227524,339.44388,0.0,100.0,3.0
2023-05-03 16:00:00+00:00,26.75,86.19965,1009.7399,8.557102,337.75092,0.0,100.0,3.0
2023-05-03 17:00:00+00:00,26.6,87.22542,1009.9395,9.178235,334.44006,0.0,100.0,3.0
2023-05-03 18:00:00+00:00,26.35,88.520905,1009.63934,9.028754,336.5014,0.0,100.0,3.0
2023-05-03 19:00:00+00:00,26.15,89.5729,1008.9394,9.504273,335.37646,0.0,100.0,3.0
2023-05-03 20:00:00+00:00,25.9,90.36432,1008.1391,9.605998,347.00537,0.0,100.0,3.0
2023-05-03 21:00:00+00:00,25.8,90.08663,1007.53937,9.6932955,344.93146,0.0,100.0,3.0
2023-05-03 22:00:00+00:00,25.55,90.61235,1007.13916,10.495713,354.09393,0.0,100.0,3.0
2023-05-03 23:00:00+00:00,25.3,91.417336,1007.23895,10.853866,354.2895,0.0,100.0,3.0
2023-05-04 00:00:00+00:00,25.6,89.80209,1007.539,11.525623,358.21014,0.0,100.0,3.0
2023-05-04 01:00:00+00:00,25.8,88.74313,1008.1391,10.446206,358.0251,0.0,100.0,3.0
2023-05-04 02:00:00+00:00,26.55,87.48282,1008.83997,9.726665,357.87894,0.0,100.0,3.0
2023-05-04 03:00:00+00:00,27.9,82.04283,1009.64154,9.3876505,355.60138,0.0,100.0,3.0
2023-05-04 04:00:00+00:00,29.25,75.63086,1010.4435,10.931203,342.75845,0.0,100.0,3.0
2023-05-04 05:00:00+00:00,29.95,70.072975,1010.24445,12.031756,321.07245,0.0,100.0,3.0
2023-05-04 06:00:00+00:00,30.55,67.49943,1009.6456,13.891522,301.21835,0.0,100.0,3.0
2023-05-04 07:00:00+00:00,30.65,68.74591,1008.946,16.1198,293.70264,0.0,100.0,3.0
2023-05-04 08:00:00+00:00,30.45,69.955284,1007.94617,17.58481,292.8906,0.0,100.0,3.0
2023-05-04 09:00:00+00:00,30.3,70.559166,1006.6467,19.255793,290.80685,0.0,100.0,3.0
2023-05-04 10:00:00+00:00,29.9,71.12408,1006.14624,19.191748,293.1986,0.0,100.0,3.0
2023-05-04 11:00:00+00:00,29.35,72.974525,1005.94556,17.25373,293.3556,0.0,100.0,3.0
2023-05-04 12:00:00+00:00,29.4,75.20324,1006.4453,14.241629,286.1444,0.0,100.0,3.0
2023-05-04 13:00:00+00:00,28.5,77.35013,1007.34357,12.57426,283.24054,0.0,100.0,3.0
2023-05-04 14:00:00+00:00,28.3,78.02034,1008.0429,11.177405,284.93146,0.0,100.0,3.0
2023-05-04 15:00:00+00:00,28.05,79.64094,1008.94226,9.904906,289.0936,0.0,100.0,3.0
2023-05-04 16:00:00+00:00,27.9,80.82383,1009.1418,8.534353,297.64587,0.0,100.0,3.0
2023-05-04 17:00:00+00:00,27.6,82.25275,1009.5414,8.669949,311.63345,0.0,100.0,3.0
2023-05-04 18:00:00+00:00,27.35,83.96684,1009.8408,7.928177,320.52756,0.0,100.0,3.0
2023-05-04 19:00:00+00:00,26.85,85.95125,1009.3401,7.729527,332.24155,0.1,100.0,51.0
2023-05-04 20:00:00+00:00,26.4,87.99597,1008.5399,7.42159,345.9637,0.0,100.0,3.0
2023-05-04 21:00:00+00:00,26.2,88.24366,1007.6399,8.089993,339.14545,0.0,100.0,3.0
2023-05-04 22:00:00+00:00,26.15,87.974976,1007.0402,7.8625183,344.05453,0.0,100.0,3.0
2023-05-04 23:00:00+00:00,26.05,87.439125,1007.03986,7.771331,346.60748,0.0,100.0,3.0
2023-05-05 00:00:00+00:00,26.8,82.404816,1007.2411,9.957108,229.39879,0.0,100.0,3.0
2023-05-05 01:00:00+00:00,27.2,80.97753,1007.8414,7.072878,255.2564,0.0,100.0,3.0
2023-05-05 02:00:00+00:00,27.9,83.52688,1008.54205,4.379589,279.46225,0.0,100.0,3.0
2023-05-05 03:00:00+00:00,28.5,80.17911,1009.4426,4.198285,300.96368,0.0,100.0,3.0
2023-05-05 04:00:00+00:00,29.45,68.30916,1009.4442,8.707238,277.1249,0.0,100.0,3.0
2023-05-05 05:00:00+00:00,30.25,63.09681,1009.4451,12.287555,275.04236,0.0,100.0,3.0
2023-05-05 06:00:00+00:00,30.3,62.725246,1008.94574,12.849528,281.3099,0.0,100.0,3.0
2023-05-05 07:00:00+00:00,30.1,63.642273,1008.34564,12.0694,287.3541,0.0,99.0,3.0
2023-05-05 08:00:00+00:00,30.2,63.663612,1007.24615,12.522619,288.43503,0.0,100.0,3.0
2023-05-05 09:00:00+00:00,29.85,65.15415,1006.4459,13.32,288.92474,0.0,100.0,3.0
2023-05-05 10:00:00+00:00,29.55,66.89554,1005.9458,13.570615,291.80148,0.0,100.0,3.0
2023-05-05 11:00:00+00:00,28.95,71.59878,1006.14465,12.245293,294.30453,0.0,100.0,3.0
2023-05-05 12:00:00+00:00,29.25,71.22148,1006.0455,10.495713,300.96368,0.0,100.0,3.0
2023-05-05 13:00:00+00:00,28.5,71.518654,1006.54395,9.178235,295.5599,0.0,100.0,3.0
2023-05-05 14:00:00+00:00,28.25,72.12741,1007.14325,8.217153,298.8107,0.0,100.0,3.0
2023-05-05 15:00:00+00:00,28.3,74.351616,1007.84296,9.19939,300.57913,0.0,100.0,3.0
2023-05-05 16:00:00+00:00,28.15,74.55198,1008.24255,9.504273,294.62354,0.0,100.0,3.0
2023-05-05 17:00:00+00:00,28.0,75.20653,1008.64233,8.0899935,302.27563,0.0,100.0,3.0
2023-05-05 18:00:00+00:00,27.25,80.49763,1008.5411,6.618519,315.0001,0.0,100.0,3.0
2023-05-05 19:00:00+00:00,26.7,84.401924,1008.14026,7.8954163,335.77228,0.1,100.0,51.0
2023-05-05 20:00:00+00:00,26.05,84.843346,1007.3397,9.422101,6.581848,0.1,100.0,51.0
2023-05-05 21:00:00+00:00,25.9,82.79805,1006.9397,7.968939,18.435053,0.0,99.0,3.0
2023-05-05 22:00:00+00:00,26.05,81.81769,1006.64,7.2359104,354.2895,0.0,97.0,3.0
2023-05-05 23:00:00+00:00,26.05,84.07789,1006.64,7.8954163,316.8476,0.0,100.0,3.0
2023-05-06 00:00:00+00:00,25.7,86.099014,1006.6398,7.92,360.0,0.1,96.0,51.0
2023-05-06 01:00:00+00:00,25.75,85.326706,1006.8397,9.3876505,4.398633,0.0,100.0,3.0
2023-05-06 02:00:00+00:00,26.85,83.66028,1007.44104,8.647496,2.385899,0.0,100.0,3.0
2023-05-06 03:00:00+00:00,28.4,76.18204,1008.1432,8.669949,355.23645,0.0,100.0,3.0
2023-05-06 04:00:00+00:00,29.7,69.39664,1008.6449,8.435069,320.1945,0.0,99.0,3.0
2023-05-06 05:00:00+00:00,30.8,64.37216,1008.4466,10.990322,301.60745,0.0,100.0,3.0
2023-05-06 06:00:00+00:00,31.1,62.519398,1008.3469,14.264361,280.17545,0.0,100.0,3.0
2023-05-06 07:00:00+00:00,30.55,64.51445,1007.9464,16.946787,282.26477,0.0,62.0,2.0
2023-05-06 08:00:00+00:00,30.7,65.13303,1007.2471,12.979984,289.44012,0.0,41.0,1.0
2023-05-06 09:00:00+00:00,30.45,63.91031,1006.147,14.408997,282.99463,0.3,92.0,51.0
2023-05-06 10:00:00+00:00,29.85,68.180336,1005.44635,13.849477,297.8972,0.1,72.0,51.0
2023-05-06 11:00:00+00:00,29.45,68.93174,1005.54596,13.089354,301.5042,0.1,88.0,51.0
2023-05-06 12:00:00+00:00,29.35,74.07763,1005.94556,9.504273,294.62354,0.1,41.0,51.0
2023-05-06 13:00:00+00:00,28.45,76.189735,1006.84375,10.163227,292.93213,0.0,100.0,3.0
2023-05-06 14:00:00+00:00,28.1,76.59604,1007.6428,10.30883,294.77512,0.0,100.0,3.0
2023-05-06 15:00:00+00:00,27.45,79.32048,1008.8413,11.753877,297.3498,0.1,100.0,51.0
2023-05-06 16:00:00+00:00,27.4,80.759735,1009.6409,9.360001,292.6199,0.0,100.0,3.0
2023-05-06 17:00:00+00:00,25.75,89.81293,1010.1382,6.830519,341.56494,0.8,100.0,53.0
2023-05-06 18:00:00+00:00,25.75,90.62569,1009.7384,5.506941,348.6901,0.0,96.0,3.0
2023-05-06 19:00:00+00:00,25.7,91.16794,1009.0387,4.1046314,307.87503,0.0,100.0,3.0
2023-05-06 20:00:00+00:00,24.9,92.501564,1008.73755,11.304229,307.23492,0.4,100.0,51.0
2023-05-06 21:00:00+00:00,24.8,90.836235,1007.9377,13.755579,317.1211,0.4,100.0,51.0
2023-05-06 22:00:00+00:00,24.7,91.65691,1007.43787,13.708391,336.8014,0.1,100.0,51.0
2023-05-06 23:00:00+00:00,24.35,92.471756,1007.23724,15.124284,358.6361,0.0,100.0,3.0
2023-05-07 00:00:00+00:00,25.2,89.50271,1006.83875,11.440978,347.27563,0.0,100.0,3.0
2023-05-07 01:00:00+00:00,25.3,89.78044,1007.23895,9.255571,346.50424,0.0,100.0,3.0
2023-05-07 02:00:00+00:00,25.8,89.01044,1007.9392,8.557102,345.3791,0.0,100.0,3.0
2023-05-07 03:00:00+00:00,26.5,86.17579,1008.7398,10.239453,349.8754,0.0,100.0,3.0
2023-05-07 04:00:00+00:00,27.25,83.20412,1009.1408,9.9571085,347.4712,0.0,100.0,3.0
2023-05-07 05:00:00+00:00,28.15,79.41601,1009.34204,10.041354,345.4655,0.0,100.0,3.0
2023-05-07 06:00:00+00:00,28.6,78.06339,1008.94324,9.360001,337.3801,0.0,100.0,3.0
2023-05-07 07:00:00+00:00,29.4,73.86415,1008.3444,12.88981,305.9098,0.3,100.0,51.0
2023-05-07 08:00:00+00:00,29.2,74.94656,1007.54443,14.8257065,299.0545,0.2,100.0,51.0
2023-05-07 09:00:00+00:00,29.2,74.498566,1006.44495,15.876775,302.96942,0.1,100.0,51.0
2023-05-07 10:00:00+00:00,29.0,74.914505,1006.14465,15.408671,307.40543,0.0,100.0,3.0
2023-05-07 11:00:00+00:00,28.5,76.65671,1006.0441,17.072504,317.5638,0.0,100.0,3.0
2023-05-07 12:00:00+00:00,29.0,74.01986,1006.4446,12.738099,317.29062,0.1,100.0,51.0
2023-05-07 13:00:00+00:00,28.3,76.16665,1006.8434,9.178235,334.44006,0.0,100.0,3.0
2023-05-07 14:00:00+00:00,27.8,78.89246,1007.44257,7.2359104,354.2895,0.0,100.0,3.0
2023-05-07 15:00:00+00:00,27.2,82.94904,1007.9414,4.2136917,340.0168,0.0,100.0,3.0
2023-05-07 16:00:00+00:00,27.0,83.17561,1008.4409,5.8603754,349.3804,0.0,100.0,3.0
2023-05-07 17:00:00+00:00,26.7,83.14133,1008.4402,5.5887027,345.06854,0.0,100.0,3.0
2023-05-07 18:00:00+00:00,26.65,83.13561,1008.3402,7.8954163,335.77228,0.0,100.0,3.0
2023-05-07 19:00:00+00:00,26.6,84.13766,1007.6405,8.39657,329.03632,0.0,100.0,3.0
2023-05-07 20:00:00+00:00,26.4,84.87975,1006.9407,7.5170207,343.3007,0.0,100.0,3.0
2023-05-07 21:00:00+00:00,26.4,84.624504,1006.041,8.4963045,323.61554,0.0,100.0,3.0
2023-05-07 22:00:00+00:00,26.45,84.62973,1005.9411,11.480557,318.81418,0.0,100.0,3.0
2023-05-07 23:00:00+00:00,26.05,86.65319,1006.24023,10.495713,337.8336,0.0,100.0,3.0
2023-05-08 00:00:00+00:00,26.3,85.639725,1006.2406,9.0,343.73972,0.0,100.0,3.0
2023-05-08 01:00:00+00:00,26.15,85.11012,1006.4405,9.779817,353.6599,0.0,100.0,3.0
2023-05-08 02:00:00+00:00,27.05,83.18135,1007.24146,9.0645685,353.15732,0.0,99.0,3.0
2023-05-08 03:00:00+00:00,28.75,76.46487,1008.0436,9.793058,342.8972,0.0,99.0,3.0
2023-05-08 04:00:00+00:00,30.05,68.63131,1008.3453,13.608762,322.52374,0.0,96.0,3.0
2023-05-08 05:00:00+00:00,30.9,64.00563,1008.04675,16.87398,303.6901,0.0,64.0,2.0
2023-05-08 06:00:00+00:00,31.0,64.22021,1007.74725,17.87718,295.01685,0.0,86.0,3.0
2023-05-08 07:00:00+00:00,30.8,66.14236,1007.34705,19.191748,293.1986,0.0,100.0,3.0
2023-05-08 08:00:00+00:00,30.95,64.59814,1006.5477,20.523157,291.61484,0.0,88.0,3.0
2023-05-08 09:00:00+00:00,30.7,65.5271,1005.64777,21.325253,291.80148,0.0,13.0,0.0
2023-05-08 10:00:00+00:00,30.2,67.83823,1004.9472,20.945072,294.36243,0.1,59.0,51.0
2023-05-08 11:00:00+00:00,29.65,69.59679,1004.9466,19.171478,304.28693,0.0,64.0,2.0
2023-05-08 12:00:00+00:00,29.95,69.02678,1005.04675,16.311613,292.0363,0.1,61.0,51.0
2023-05-08 13:00:00+00:00,28.95,72.68684,1005.7449,13.779114,303.2749,0.0,97.0,3.0
2023-05-08 14:00:00+00:00,28.5,74.38437,1006.64386,12.313894,307.87503,0.0,58.0,2.0
2023-05-08 15:00:00+00:00,28.15,76.60363,1007.6428,10.883676,304.21576,0.0,100.0,3.0
2023-05-08 16:00:00+00:00,27.65,79.82665,1008.6417,8.534353,297.64587,0.0,35.0,1.0
2023-05-08 17:00:00+00:00,26.75,84.91603,1009.1402,7.7043357,307.40543,0.0,100.0,3.0
2023-05-08 18:00:00+00:00,26.35,87.72821,1008.8397,6.2145634,280.0079,0.0,100.0,3.0
2023-05-08 19:00:00+00:00,26.2,87.97914,1008.3396,11.480557,311.18582,0.0,100.0,3.0
2023-05-08 20:00:00+00:00,26.0,88.22716,1007.5396,11.753876,319.9698,0.0,95.0,3.0
2023-05-08 21:00:00+00:00,25.75,89.54341,1007.0396,11.212135,317.6026,0.1,95.0,51.0
2023-05-08 22:00:00+00:00,25.45,90.60565,1006.73914,11.090103,324.24603,0.1,81.0,51.0
2023-05-08 23:00:00+00:00,25.45,90.60565,1006.63916,12.7279215,315.0001,0.1,45.0,51.0
2023-05-09 00:00:00+00:00,26.6,88.80618,1006.74097,12.10157,329.62094,0.0,88.0,3.0
2023-05-09 01:00:00+00:00,26.6,89.07205,1007.04083,11.770403,336.5713,0.0,86.0,3.0
2023-05-09 02:00:00+00:00,27.3,85.48243,1007.54156,10.30883,335.22488,0.0,75.0,2.0
2023-05-09 03:00:00+00:00,28.85,76.93966,1008.1438,12.261157,319.7637,0.0,76.0,2.0
2023-05-09 04:00:00+00:00,29.6,73.676346,1008.24475,13.979872,304.50858,0.2,90.0,51.0
2023-05-09 05:00:00+00:00,30.05,73.09351,1008.1453,15.315873,293.55228,0.1,95.0,51.0
2023-05-09 06:00:00+00:00,28.8,78.79534,1008.14355,18.388212,293.05133,0.1,68.0,51.0
2023-05-09 07:00:00+00:00,29.05,77.20002,1007.4445,18.359999,298.0724,0.2,94.0,51.0
2023-05-09 08:00:00+00:00,28.45,79.21938,1006.84375,17.0763,304.69522,0.1,92.0,51.0
2023-05-09 09:00:00+00:00,28.65,79.01028,1005.7446,20.456745,298.36896,0.2,100.0,51.0
2023-05-09 10:00:00+00:00,28.35,80.39935,1005.14417,15.077082,303.31064,0.2,100.0,51.0
2023-05-09 11:00:00+00:00,25.95,92.28159,1005.8404,15.281989,313.09085,5.7,100.0,63.0
2023-05-09 12:00:00+00:00,26.7,91.77527,1006.3411,10.296251,323.53067,0.6,100.0,53.0
2023-05-09 13:00:00+00:00,26.65,91.49953,1006.74097,10.948973,313.66785,0.2,100.0,51.0
2023-05-09 14:00:00+00:00,26.25,93.127426,1007.2401,10.233123,320.7106,0.0,100.0,3.0
2023-05-09 15:00:00+00:00,26.0,93.67253,1008.2393,6.28713,283.24054,0.7,100.0,53.0
2023-05-09 16:00:00+00:00,26.15,93.122536,1008.9394,8.942214,319.89914,0.0,100.0,3.0
2023-05-09 17:00:00+00:00,25.75,93.941444,1009.23865,10.661107,348.31067,0.1,100.0,51.0
2023-05-09 18:00:00+00:00,24.6,93.89077,1009.2367,12.144331,11.976112,3.2,100.0,63.0
2023-05-09 19:00:00+00:00,24.55,93.888596,1008.03723,11.165805,1.8475709,0.0,100.0,3.0
2023-05-09 20:00:00+00:00,24.45,94.16777,1007.4372,10.799999,360.0,0.0,100.0,3.0
2023-05-09 21:00:00+00:00,24.3,94.1614,1006.33765,12.074766,349.69522,0.0,88.0,3.0
2023-05-09 22:00:00+00:00,24.2,93.87301,1005.6377,10.739833,346.42953,0.0,99.0,3.0
2023-05-09 23:00:00+00:00,24.3,93.311874,1005.63794,9.693296,338.19852,0.0,100.0,3.0
2023-05-10 00:00:00+00:00,25.3,91.96875,1006.0395,9.826088,331.55716,0.0,91.0,3.0
2023-05-10 01:00:00+00:00,25.65,90.89154,1005.93976,10.163227,337.06787,0.0,30.0,1.0
2023-05-10 02:00:00+00:00,26.7,88.2847,1006.8409,8.427383,340.0168,0.0,85.0,3.0
2023-05-10 03:00:00+00:00,28.0,84.288345,1007.6428,8.913181,316.63654,0.0,31.0,1.0
2023-05-10 04:00:00+00:00,29.4,77.48234,1008.1445,11.246759,309.8055,0.0,49.0,1.0
2023-05-10 05:00:00+00:00,30.2,74.21715,1007.8458,12.55879,297.2995,0.0,70.0,2.0
2023-05-10 06:00:00+00:00,30.55,72.743546,1007.44666,14.408997,282.99463,0.0,100.0,3.0
2023-05-10 07:00:00+00:00,29.8,78.23461,1007.0456,16.039202,279.0394,0.1,98.0,51.0
2023-05-10 08:00:00+00:00,30.0,77.110794,1006.2462,14.003029,287.96924,0.1,100.0,51.0
2023-05-10 09:00:00+00:00,30.4,73.80928,1005.4473,15.827721,287.19864,0.1,100.0,51.0
2023-05-10 10:00:00+00:00,30.05,73.531425,1004.6469,15.596767,288.85324,0.0,99.0,3.0
2023-05-10 11:00:00+00:00,29.25,75.40484,1004.54614,16.58346,297.12122,0.3,100.0,51.0
2023-05-10 12:00:00+00:00,28.45,84.33631,1005.44446,13.397612,300.69965,2.1,100.0,61.0
2023-05-10 13:00:00+00:00,27.65,86.8003,1006.04297,9.085988,326.3099,0.0,100.0,3.0
2023-05-10 14:00:00+00:00,27.35,88.07523,1007.0421,7.2,323.13,0.0,100.0,3.0
2023-05-10 15:00:00+00:00,27.15,89.379776,1007.74146,6.989936,325.4914,0.0,100.0,3.0
2023-05-10 16:00:00+00:00,26.75,91.50557,1008.64044,8.587338,326.97614,0.4,100.0,51.0
2023-05-10 17:00:00+00:00,26.2,92.571175,1008.9394,9.028754,4.5738406,0.0,100.0,3.0
2023-05-10 18:00:00+00:00,25.55,89.52866,1008.9384,6.379216,16.389616,0.0,100.0,3.0
2023-05-10 19:00:00+00:00,25.35,90.05498,1008.8382,7.145796,310.91428,0.0,100.0,3.0
2023-05-10 20:00:00+00:00,24.9,92.22325,1008.3377,8.905908,345.9637,0.0,100.0,3.0
2023-05-10 21:00:00+00:00,24.6,91.92833,1007.83734,8.28,360.0,0.0,100.0,3.0
2023-05-10 22:00:00+00:00,24.6,90.548645,1007.3375,7.771331,13.392516,0.0,100.0,3.0
2023-05-10 23:00:00+00:00,24.35,90.80672,1007.33716,9.693296,21.801476,0.0,82.0,3.0
2023-05-11 00:00:00+00:00,24.9,92.78058,1007.4381,7.342588,11.3098955,0.0,100.0,3.0
2023-05-11 01:00:00+00:00,25.1,94.76211,1007.83826,6.8777895,47.12111,0.0,100.0,3.0
2023-05-11 02:00:00+00:00,25.95,92.006,1008.6391,4.6102495,38.65983,0.0,100.0,3.0
2023-05-11 03:00:00+00:00,27.1,89.64242,1009.04065,3.0758414,20.556128,0.0,100.0,3.0
2023-05-11 04:00:00+00:00,28.6,80.91304,1009.74286,6.763786,295.20108,0.2,100.0,51.0
2023-05-11 05:00:00+00:00,29.0,80.72342,1009.843,10.446206,271.97488,0.1,100.0,51.0
2023-05-11 06:00:00+00:00,27.65,84.50282,1010.04114,16.299694,263.6599,0.5,93.0,53.0
2023-05-11 07:00:00+00:00,28.55,79.9466,1009.4426,15.905319,264.80566,0.2,96.0,51.0
2023-05-11 08:00:00+00:00,26.9,82.4167,1009.1402,14.05845,256.67545,1.8,100.0,61.0
2023-05-11 09:00:00+00:00,26.0,86.90991,1008.5392,10.30883,294.77512,2.3,100.0,61.0
2023-05-11 10:00:00+00:00,27.1,81.94598,1007.8412,9.178235,281.3099,0.2,100.0,51.0
2023-05-11 11:00:00+00:00,27.15,81.70588,1007.8414,12.24,270.0,0.1,100.0,51.0
2023-05-11 12:00:00+00:00,27.5,83.48213,1007.7418,11.542478,266.42374,0.0,100.0,3.0
2023-05-11 13:00:00+00:00,26.9,86.99149,1008.24066,7.69592,259.21576,0.0,97.0,3.0
2023-05-11 14:00:00+00:00,26.8,87.766685,1009.1402,6.638072,282.5288,0.1,100.0,51.0
2023-05-11 15:00:00+00:00,26.9,88.8297,1009.4401,3.2399998,270.0,0.0,100.0,3.0
2023-05-11 16:00:00+00:00,26.45,91.21492,1009.63934,2.968636,284.03625,0.1,100.0,51.0
2023-05-11 17:00:00+00:00,26.7,89.61322,1009.9395,5.0528407,274.08554,0.1,100.0,51.0
2023-05-11 18:00:00+00:00,26.2,90.92709,1010.0388,6.9527545,291.25058,0.5,100.0,53.0
2023-05-11 19:00:00+00:00,25.75,93.941444,1010.03827,7.729527,297.75842,0.7,100.0,53.0
2023-05-11 20:00:00+00:00,25.8,94.50627,1009.23865,6.618519,315.0001,0.0,100.0,3.0
2023-05-11 21:00:00+00:00,25.5,95.061066,1008.83844,9.178235,311.82007,0.4,100.0,51.0
2023-05-11 22:00:00+00:00,25.35,96.19938,1008.3384,8.942214,319.89914,0.0,100.0,3.0
2023-05-11 23:00:00+00:00,25.4,95.62764,1008.4384,6.12,331.9276,0.0,100.0,3.0
2023-05-12 00:00:00+00:00,25.7,94.78488,1008.8388,7.289444,339.77505,0.0,100.0,3.0
2023-05-12 01:00:00+00:00,25.85,94.22667,1008.8388,5.8603754,10.61961,0.0,100.0,3.0
2023-05-12 02:00:00+00:00,26.9,89.361115,1009.8399,4.802999,347.00537,0.1,100.0,51.0
2023-05-12 03:00:00+00:00,27.9,84.78146,1010.4412,8.942214,310.10083,0.2,100.0,51.0
2023-05-12 04:00:00+00:00,28.9,81.676285,1010.7426,10.137692,286.50443,0.1,93.0,51.0
2023-05-12 05:00:00+00:00,29.5,78.19197,1010.94354,11.542478,266.42374,0.2,91.0,51.0
2023-05-12 06:00:00+00:00,29.85,78.00987,1010.644,10.948973,260.53775,0.1,97.0,51.0
2023-05-12 07:00:00+00:00,30.25,74.225296,1009.745,11.384199,251.56496,0.0,99.0,3.0
2023-05-12 08:00:00+00:00,29.0,76.27418,1009.0434,14.4,233.13002,0.1,95.0,51.0
2023-05-12 09:00:00+00:00,28.65,81.40292,1008.4434,9.885262,236.88864,0.5,100.0,53.0
2023-05-12 10:00:00+00:00,28.15,81.584175,1008.24255,11.27553,253.30067,0.2,100.0,51.0
2023-05-12 11:00:00+00:00,26.9,84.423256,1007.9408,10.464797,243.43501,0.1,100.0,51.0
2023-05-12 12:00:00+00:00,28.85,77.86611,1007.9439,9.387651,237.52882,0.0,100.0,3.0
2023-05-12 13:00:00+00:00,28.05,82.306435,1008.64233,8.404285,226.73567,0.0,100.0,3.0
2023-05-12 14:00:00+00:00,27.65,83.74892,1009.2415,9.686609,221.98714,0.0,100.0,3.0
2023-05-12 15:00:00+00:00,27.15,87.01402,1010.64014,9.793059,216.02747,0.1,100.0,51.0
2023-05-12 16:00:00+00:00,26.8,89.62057,1011.33923,7.7043357,217.40543,0.1,100.0,51.0
2023-05-12 17:00:00+00:00,26.2,88.24366,1011.43823,3.7585104,253.30067,1.8,100.0,61.0
2023-05-12 18:00:00+00:00,26.05,89.83452,1011.238,1.8,323.13,0.2,100.0,51.0
2023-05-12 19:00:00+00:00,25.3,98.22922,1010.6373,2.5455842,135.0001,0.2,100.0,51.0
2023-05-12 20:00:00+00:00,25.9,92.55523,1009.6384,6.792466,212.00534,0.1,100.0,51.0
2023-05-12 21:00:00+00:00,25.8,93.10521,1009.23865,3.6,233.13002,0.0,100.0,3.0
2023-05-12 22:00:00+00:00,25.35,93.36244,1009.0381,4.510787,241.38963,0.0,100.0,3.0
2023-05-12 23:00:00+00:00,25.35,97.35509,1009.138,3.6179552,264.2895,0.1,100.0,51.0
2023-05-13 00:00:00+00:00,26.05,93.117584,1009.5387,5.8603754,222.5104,0.1,100.0,51.0
2023-05-13 01:00:00+00:00,26.55,92.58981,1010.0394,4.510787,241.38963,0.1,100.0,51.0
2023-05-13 02:00:00+00:00,26.95,88.305145,1010.93976,6.989936,235.49141,0.3,100.0,51.0
2023-05-13 03:00:00+00:00,27.25,87.8049,1012.0395,7.42159,247.1663,0.9,100.0,53.0
2023-05-13 04:00:00+00:00,28.0,83.28919,1012.3407,5.8048253,262.8751,0.1,100.0,51.0
2023-05-13 05:00:00+00:00,28.85,79.03785,1012.04205,9.449572,252.25523,0.2,100.0,51.0
2023-05-13 06:00:00+00:00,29.2,77.91659,1011.3427,12.904882,247.01126,0.3,100.0,51.0
2023-05-13 07:00:00+00:00,29.8,74.81889,1010.644,15.463246,245.22488,0.3,100.0,51.0
2023-05-13 08:00:00+00:00,30.05,74.41417,1009.8446,16.58346,242.87877,0.2,100.0,51.0
2023-05-13 09:00:00+00:00,29.4,76.56357,1009.0441,15.459054,242.24155,0.2,100.0,51.0
2023-05-13 10:00:00+00:00,29.7,74.80282,1008.34503,15.459054,242.24155,0.6,100.0,53.0
2023-05-13 11:00:00+00:00,29.1,77.66997,1008.24414,13.570615,248.19853,0.3,100.0,51.0
2023-05-13 12:00:00+00:00,28.9,78.34007,1008.64355,13.084402,262.09293,0.8,100.0,53.0
2023-05-13 13:00:00+00:00,28.2,82.078964,1009.14233,11.440978,257.27563,0.1,98.0,51.0
2023-05-13 14:00:00+00:00,27.85,83.27224,1010.34125,11.966954,254.29129,0.0,95.0,3.0
2023-05-13 15:00:00+00:00,27.6,84.75021,1011.1406,11.304229,260.83774,0.1,99.0,51.0
2023-05-13 16:00:00+00:00,27.3,86.7683,1011.3398,11.885453,271.73566,0.1,100.0,51.0
2023-05-13 17:00:00+00:00,27.2,87.80068,1011.1399,10.594036,279.78235,0.0,100.0,3.0
2023-05-13 18:00:00+00:00,26.95,89.364815,1010.8398,8.654986,286.92758,0.0,99.0,3.0
2023-05-13 19:00:00+00:00,26.75,90.9624,1010.23975,9.178235,281.3099,0.0,100.0,3.0
2023-05-13 20:00:00+00:00,26.55,90.40857,1009.7396,10.440001,270.0,0.1,100.0,51.0
2023-05-13 21:00:00+00:00,25.65,92.54187,1010.2378,11.570515,264.64426,1.6,100.0,61.0
2023-05-13 22:00:00+00:00,25.75,93.38156,1008.9388,7.289444,290.22495,0.0,100.0,3.0
2023-05-13 23:00:00+00:00,25.85,93.94581,1008.73883,11.808878,307.56866,0.0,100.0,3.0
2023-05-14 00:00:00+00:00,26.5,92.587135,1008.8397,8.209263,307.87503,0.0,100.0,3.0
2023-05-14 01:00:00+00:00,26.9,91.786995,1009.3401,11.212135,312.39737,0.0,100.0,3.0
2023-05-14 02:00:00+00:00,27.4,90.46598,1009.6409,11.792404,328.73633,0.0,100.0,3.0
2023-05-14 03:00:00+00:00,28.65,82.13297,1009.94275,12.682018,325.40765,0.1,100.0,51.0
2023-05-14 04:00:00+00:00,29.4,77.945335,1010.2436,12.287555,301.8274,0.1,100.0,51.0
2023-05-14 05:00:00+00:00,30.05,74.85901,1010.0445,13.75558,276.0089,0.1,100.0,51.0
2023-05-14 06:00:00+00:00,30.35,72.926506,1009.5455,14.764389,271.39716,0.0,100.0,3.0
2023-05-14 07:00:00+00:00,30.6,72.104675,1008.946,17.313717,266.42374,0.0,100.0,3.0
2023-05-14 08:00:00+00:00,30.45,74.47905,1008.04614,19.917469,263.77426,0.2,100.0,51.0
2023-05-14 09:00:00+00:00,29.85,78.70714,1007.34546,17.654688,267.66275,0.1,61.0,51.0
2023-05-14 10:00:00+00:00,28.95,81.92528,1006.84436,14.561099,278.53067,0.1,77.0,51.0
2023-05-14 11:00:00+00:00,28.45,79.9333,1007.1436,16.595179,294.34106,0.9,100.0,53.0
2023-05-14 12:00:00+00:00,29.6,74.118774,1007.3451,12.6462,265.10098,0.0,100.0,3.0
2023-05-14 13:00:00+00:00,28.45,79.9333,1008.3431,12.849528,258.6901,0.0,100.0,3.0
2023-05-14 14:00:00+00:00,27.9,83.52688,1009.0418,11.620809,253.81071,0.0,100.0,3.0
2023-05-14 15:00:00+00:00,27.7,85.52221,1009.6413,11.367109,259.046,0.0,100.0,3.0
2023-05-14 16:00:00+00:00,27.55,86.018875,1010.4406,11.720751,259.3804,0.0,100.0,3.0
2023-05-14 17:00:00+00:00,27.2,88.58897,1010.3403,11.304229,260.83774,0.1,100.0,51.0
2023-05-14 18:00:00+00:00,26.6,90.14256,1010.3393,13.896187,253.44284,0.3,100.0,51.0
2023-05-14 19:00:00+00:00,26.75,89.08355,1009.54004,11.159999,270.0,0.3,100.0,51.0
2023-05-14 20:00:00+00:00,26.7,90.14952,1008.83997,11.367109,280.954,0.1,100.0,51.0
2023-05-14 21:00:00+00:00,26.65,90.41537,1008.3402,10.661107,281.68933,0.1,100.0,51.0
2023-05-14 22:00:00+00:00,26.75,90.42208,1007.9408,8.654986,286.92758,0.1,100.0,51.0
2023-05-14 23:00:00+00:00,26.8,90.15647,1008.24066,8.12197,282.80426,0.1,100.0,51.0
2023-05-15 00:00:00+00:00,26.35,92.85543,1008.63983,8.78872,325.0079,1.7,100.0,61.0
2023-05-15 01:00:00+00:00,26.6,92.592415,1009.3398,7.2,323.13,0.2,100.0,51.0
2023-05-15 02:00:00+00:00,27.15,88.058624,1010.3403,9.673221,315.0001,0.2,100.0,51.0
2023-05-15 03:00:00+00:00,28.2,82.57018,1010.8416,11.212135,317.6026,0.1,100.0,51.0
2023-05-15 04:00:00+00:00,28.7,81.1671,1011.2422,14.007655,295.90643,0.3,100.0,51.0
2023-05-15 05:00:00+00:00,29.2,79.795006,1011.2428,18.25026,284.85864,0.6,100.0,53.0
2023-05-15 06:00:00+00:00,29.6,77.7425,1010.8435,20.523157,285.25516,0.0,95.0,3.0
2023-05-15 07:00:00+00:00,29.65,76.14619,1009.5445,18.03237,296.05344,0.1,98.0,51.0
2023-05-15 08:00:00+00:00,29.55,75.904,1008.9444,21.566975,284.5002,0.1,100.0,51.0
2023-05-15 09:00:00+00:00,29.5,75.669945,1008.1447,21.829777,283.34872,0.1,100.0,51.0
2023-05-15 10:00:00+00:00,29.65,73.68472,1007.5454,20.724247,287.176,0.0,100.0,3.0
2023-05-15 11:00:00+00:00,29.5,74.10231,1007.44507,20.523157,291.61484,0.0,100.0,3.0
2023-05-15 12:00:00+00:00,28.95,79.761665,1006.84436,19.008547,294.62354,0.1,100.0,51.0
2023-05-15 13:00:00+00:00,28.5,81.3843,1007.54346,18.681883,295.08356,0.0,99.0,3.0
2023-05-15 14:00:00+00:00,28.45,81.3781,1008.3431,16.904673,296.56497,0.0,99.0,3.0
2023-05-15 15:00:00+00:00,28.45,81.3781,1009.34265,16.645864,291.57138,0.0,100.0,3.0
2023-05-15 16:00:00+00:00,28.3,82.09102,1010.1419,14.336861,298.49554,0.0,100.0,3.0
2023-05-15 17:00:00+00:00,28.05,83.54361,1010.24164,10.805998,299.98157,0.0,32.0,1.0
2023-05-15 18:00:00+00:00,27.8,85.024086,1009.84143,9.885262,326.88864,0.0,64.0,2.0
2023-05-15 19:00:00+00:00,27.2,88.062744,1009.74054,10.883676,304.21576,0.0,36.0,1.0
2023-05-15 20:00:00+00:00,27.05,89.638794,1009.14056,12.768586,310.426,0.2,57.0,51.0
2023-05-15 21:00:00+00:00,26.7,92.32285,1008.6401,13.479583,304.1145,0.2,45.0,51.0
2023-05-15 22:00:00+00:00,26.1,93.39822,1009.13885,15.646544,293.0255,0.4,49.0,51.0
2023-05-15 23:00:00+00:00,26.1,92.01459,1009.6387,15.379206,302.57404,0.2,63.0,51.0
2023-05-16 00:00:00+00:00,26.65,89.07592,1009.3398,16.299694,313.2101,0.2,98.0,51.0
2023-05-16 01:00:00+00:00,26.85,89.62419,1009.8399,15.629971,321.54626,0.0,95.0,3.0
2023-05-16 02:00:00+00:00,27.45,86.52375,1010.6405,16.375053,326.65927,0.0,99.0,3.0
2023-05-16 03:00:00+00:00,28.5,79.93995,1010.842,18.35647,334.44006,0.0,100.0,3.0
2023-05-16 04:00:00+00:00,29.75,73.70133,1011.14374,18.374111,325.37576,0.0,100.0,3.0
2023-05-16 05:00:00+00:00,30.55,69.34785,1010.8451,19.881649,312.06424,0.0,100.0,3.0
2023-05-16 06:00:00+00:00,31.25,67.03192,1010.4463,21.30093,300.46545,0.0,100.0,3.0
2023-05-16 07:00:00+00:00,31.0,70.475815,1009.84625,22.380884,295.74066,0.0,100.0,3.0
2023-05-16 08:00:00+00:00,31.1,70.07511,1008.74677,22.288042,301.1224,0.0,100.0,3.0
2023-05-16 09:00:00+00:00,31.15,68.84097,1007.9474,23.469128,302.47116,0.0,100.0,3.0
2023-05-16 10:00:00+00:00,31.1,68.626076,1007.5473,20.969807,304.50858,0.0,100.0,3.0
2023-05-16 11:00:00+00:00,30.6,70.61367,1007.3467,21.068459,303.147,0.0,100.0,3.0
2023-05-16 12:00:00+00:00,29.85,75.49922,1007.7453,21.734581,296.56497,0.0,99.0,3.0
2023-05-16 13:00:00+00:00,29.25,77.460365,1008.3444,19.33639,298.9509,0.0,100.0,3.0
2023-05-16 14:00:00+00:00,29.1,77.66997,1009.04376,17.786331,305.9422,0.0,100.0,3.0
2023-05-16 15:00:00+00:00,28.8,79.26724,1009.8428,13.830749,321.34018,0.0,100.0,3.0
2023-05-16 16:00:00+00:00,28.35,81.608765,1010.2419,10.495713,329.03632,0.0,100.0,3.0
2023-05-16 17:00:00+00:00,27.9,84.52921,1010.2413,8.714677,321.70978,0.0,100.0,3.0
2023-05-16 18:00:00+00:00,27.8,86.04289,1010.1413,8.161764,311.42358,0.0,100.0,3.0
2023-05-16 19:00:00+00:00,27.85,86.047646,1009.44165,8.4963045,306.38446,0.0,100.0,3.0
2023-05-16 20:00:00+00:00,27.85,86.047646,1008.8419,9.585739,304.28693,0.0,100.0,3.0
2023-05-16 21:00:00+00:00,27.55,87.049965,1008.2416,8.435069,320.1945,0.2,100.0,51.0
2023-05-16 22:00:00+00:00,26.75,90.691925,1008.1406,7.172949,342.47433,0.2,100.0,51.0
2023-05-16 23:00:00+00:00,26.55,91.22121,1008.5401,6.439876,333.43503,0.0,99.0,3.0
2023-05-17 00:00:00+00:00,26.65,92.59511,1009.2398,11.298495,329.3494,0.0,100.0,3.0
2023-05-17 01:00:00+00:00,26.7,92.5977,1009.83954,10.390226,345.9637,0.0,37.0,1.0
2023-05-17 02:00:00+00:00,27.8,87.85148,1010.4412,9.826088,351.57312,0.0,94.0,3.0
2023-05-17 03:00:00+00:00,29.35,80.768135,1011.1431,11.043261,340.9743,0.0,72.0,2.0
2023-05-17 04:00:00+00:00,30.75,72.777664,1011.1453,13.684735,324.63745,0.0,21.0,1.0
2023-05-17 05:00:00+00:00,31.9,66.761086,1010.7471,13.551501,309.61066,0.0,5.0,0.0
2023-05-17 06:00:00+00:00,32.5,65.11374,1010.2483,14.458382,288.88617,0.0,1.0,0.0
2023-05-17 07:00:00+00:00,32.1,67.60063,1009.7479,17.731598,275.82623,0.0,9.0,0.0
2023-05-17 08:00:00+00:00,31.65,65.91822,1009.1474,19.06301,280.88547,0.0,65.0,2.0
2023-05-17 09:00:00+00:00,30.85,70.87011,1008.34656,18.64369,280.0079,0.0,18.0,0.0
2023-05-17 10:00:00+00:00,30.8,71.49779,1008.14667,18.86139,293.6294,0.0,43.0,1.0
2023-05-17 11:00:00+00:00,30.35,74.68462,1007.94617,16.645864,291.57138,0.0,45.0,1.0
2023-05-17 12:00:00+00:00,30.25,75.56188,1008.24567,14.917212,289.74692,0.0,77.0,2.0
2023-05-17 13:00:00+00:00,29.45,80.78087,1009.0444,12.7279215,298.7397,0.0,63.0,2.0
2023-05-17 14:00:00+00:00,29.3,81.725136,1010.04364,12.4811535,303.23172,0.0,59.0,2.0
2023-05-17 15:00:00+00:00,29.05,82.66949,1010.8429,10.97262,311.009,0.0,92.0,3.0
2023-05-17 16:00:00+00:00,28.75,84.61843,1011.2422,10.703569,312.27362,0.0,95.0,3.0
2023-05-17 17:00:00+00:00,28.3,87.116936,1011.44135,8.942214,319.89914,0.0,64.0,2.0
2023-05-17 18:00:00+00:00,28.0,88.915276,1011.2412,8.4963045,323.61554,0.0,25.0,1.0
2023-05-17 19:00:00+00:00,27.65,91.019806,1010.5409,7.7879906,326.3099,0.0,20.0,1.0
2023-05-17 20:00:00+00:00,27.4,92.088264,1009.7409,7.8954163,335.77228,0.0,13.0,0.0
2023-05-17 21:00:00+00:00,27.0,93.44076,1009.24054,7.928178,357.3975,0.0,10.0,0.0
2023-05-17 22:00:00+00:00,26.7,92.32285,1009.0399,7.172949,17.52567,0.0,13.0,0.0
2023-05-17 23:00:00+00:00,26.45,92.0345,1009.4395,6.9247384,27.897186,0.0,7.0,0.0
2023-05-18 00:00:00+00:00,26.4,89.59126,1009.8393,6.162207,6.70975,0.0,8.0,0.0
2023-05-18 01:00:00+00:00,26.7,88.81402,1011.039,6.2145634,10.007925,0.0,40.0,1.0
2023-05-18 02:00:00+00:00,28.05,84.79702,1011.641,5.4833565,23.198618,0.0,14.0,0.0
2023-05-18 03:00:00+00:00,29.75,78.227486,1012.2433,5.0528407,355.91446,0.0,31.0,1.0
2023-05-18 04:00:00+00:00,30.8,73.43802,1012.3448,6.0347,287.3541,0.1,20.0,51.0
2023-05-18 05:00:00+00:00,31.45,71.40045,1012.2458,9.531505,259.1145,0.1,29.0,51.0
2023-05-18 06:00:00+00:00,30.85,76.10415,1011.74506,12.758432,253.61038,0.1,35.0,51.0
2023-05-18 07:00:00+00:00,30.05,79.90785,1011.144,11.043261,250.9743,1.0,42.0,55.0
2023-05-18 08:00:00+00:00,30.1,77.58441,1010.4447,13.009903,255.5792,0.4,75.0,51.0
2023-05-18 09:00:00+00:00,30.45,76.26853,1009.74536,11.159999,270.0,0.1,95.0,51.0
2023-05-18 10:00:00+00:00,28.55,82.857216,1009.24274,12.031756,308.92755,1.6,99.0,61.0
2023-05-18 11:00:00+00:00,28.75,82.88024,1009.04315,10.464797,319.18503,0.0,100.0,3.0
2023-05-18 12:00:00+00:00,29.85,76.859764,1009.34454,8.311245,274.96964,0.0,100.0,3.0
2023-05-18 13:00:00+00:00,29.4,79.34891,1009.6438,7.8625183,285.94547,0.0,95.0,3.0
2023-05-18 14:00:00+00:00,28.85,82.4012,1010.24286,6.9247384,297.8972,0.0,83.0,3.0
2023-05-18 15:00:00+00:00,28.55,85.60627,1011.1418,7.42159,320.90613,0.0,89.0,3.0
2023-05-18 16:00:00+00:00,28.25,88.14965,1011.7412,7.928177,320.52756,0.0,94.0,3.0
2023-05-18 17:00:00+00:00,28.05,88.91915,1012.04083,6.4096174,321.8427,0.0,82.0,3.0
2023-05-18 18:00:00+00:00,27.8,89.69324,1011.8405,5.815978,338.19852,0.0,91.0,3.0
2023-05-18 19:00:00+00:00,27.15,93.171684,1010.84,4.1046314,322.12494,0.0,93.0,3.0
2023-05-18 20:00:00+00:00,27.05,90.98163,1010.2401,7.386582,226.97493,0.0,73.0,2.0
2023-05-18 21:00:00+00:00,26.4,90.93997,1009.63934,11.525623,231.34016,2.1,100.0,61.0
2023-05-18 22:00:00+00:00,26.1,93.12002,1009.5387,7.42159,230.90614,1.2,49.0,55.0
2023-05-18 23:00:00+00:00,24.75,99.107506,1009.93677,5.4477882,262.40546,0.8,91.0,53.0
2023-05-19 00:00:00+00:00,26.35,88.256,1010.13916,0.5091169,44.999897,0.0,42.0,1.0
2023-05-19 01:00:00+00:00,26.25,91.74885,1010.7385,0.8049845,116.56499,0.0,49.0,1.0
2023-05-19 02:00:00+00:00,26.85,91.239845,1011.4392,1.0182338,224.9999,0.0,42.0,1.0
2023-05-19 03:00:00+00:00,27.7,88.628746,1012.0402,2.5959969,213.6901,0.0,40.0,1.0
2023-05-19 04:00:00+00:00,29.0,80.96374,1012.34186,4.6102495,218.65984,0.0,23.0,1.0
2023-05-19 05:00:00+00:00,29.35,78.6374,1012.2427,9.290511,234.46223,0.1,46.0,51.0
2023-05-19 06:00:00+00:00,29.9,76.18452,1011.8437,10.028439,248.96242,0.1,39.0,51.0
2023-05-19 07:00:00+00:00,29.95,75.066345,1010.9441,11.304229,260.83774,0.1,31.0,51.0
2023-05-19 08:00:00+00:00,30.0,74.85095,1010.0445,13.684735,268.49258,0.1,65.0,51.0
2023-05-19 09:00:00+00:00,27.1,85.46247,1010.34,13.281023,302.82855,6.4,99.0,63.0
2023-05-19 10:00:00+00:00,27.0,85.452484,1009.4405,6.489992,303.6901,0.1,100.0,51.0
2023-05-19 11:00:00+00:00,27.8,81.540985,1008.9419,8.557102,292.24908,0.0,100.0,3.0
2023-05-19 12:00:00+00:00,28.6,80.43186,1008.94324,9.746631,265.76367,0.1,90.0,51.0
2023-05-19 13:00:00+00:00,28.05,82.79936,1009.2421,9.0,270.0,0.0,49.0,1.0
2023-05-19 14:00:00+00:00,27.6,84.75021,1009.8412,10.799999,270.0,0.0,39.0,1.0
2023-05-19 15:00:00+00:00,27.2,86.50047,1010.24036,11.570515,264.64426,0.0,31.0,1.0
2023-05-19 16:00:00+00:00,27.15,87.01402,1011.04,8.707238,277.1249,0.0,27.0,1.0
2023-05-19 17:00:00+00:00,27.0,88.04611,1011.2396,8.049845,296.56497,0.0,62.0,2.0
2023-05-19 18:00:00+00:00,26.55,90.40857,1011.1389,9.178235,318.1799,0.0,92.0,3.0
2023-05-19 19:00:00+00:00,26.6,90.14256,1010.3393,7.653705,318.81415,0.0,47.0,1.0
2023-05-19 20:00:00+00:00,26.4,91.75771,1009.7394,6.696387,323.74606,0.0,31.0,1.0
2023-05-19 21:00:00+00:00,26.05,93.67486,1008.939,8.209263,322.12494,0.1,38.0,51.0
2023-05-19 22:00:00+00:00,25.85,94.22667,1008.63885,8.161764,311.42358,0.0,34.0,1.0
2023-05-19 23:00:00+00:00,25.9,93.38872,1008.9388,8.39657,300.96368,0.1,27.0,51.0
2023-05-20 00:00:00+00:00,26.05,92.01174,1009.03894,9.220499,308.65982,0.1,67.0,51.0
2023-05-20 01:00:00+00:00,26.4,92.03171,1009.7394,9.449572,310.36444,0.5,78.0,53.0
2023-05-20 02:00:00+00:00,27.35,87.03199,1010.34064,10.296251,306.46933,0.0,30.0,1.0
2023-05-20 03:00:00+00:00,28.25,81.840416,1010.7417,11.480557,311.18582,0.1,31.0,51.0
2023-05-20 04:00:00+00:00,28.95,79.761665,1010.94257,11.681987,303.6901,0.2,40.0,51.0
2023-05-20 05:00:00+00:00,29.9,74.389755,1010.6442,13.049689,294.44394,0.1,26.0,51.0
2023-05-20 06:00:00+00:00,30.3,73.354225,1010.3451,14.759999,282.68036,0.0,40.0,1.0
2023-05-20 07:00:00+00:00,29.4,76.107765,1010.04364,15.463246,294.77512,0.0,70.0,2.0
2023-05-20 08:00:00+00:00,29.85,75.27454,1009.2446,13.207634,287.44727,0.1,39.0,51.0
2023-05-20 09:00:00+00:00,29.7,75.25081,1008.8448,11.983188,302.7352,0.1,66.0,51.0
2023-05-20 10:00:00+00:00,29.3,75.865234,1008.04456,15.379206,290.55612,0.1,65.0,51.0
2023-05-20 11:00:00+00:00,28.55,77.58982,1007.8433,13.849477,297.8972,0.1,24.0,51.0
2023-05-20 12:00:00+00:00,29.45,74.09411,1007.9449,10.739832,309.55963,0.0,33.0,1.0
2023-05-20 13:00:00+00:00,28.75,78.31878,1008.5434,10.739832,309.55963,0.0,22.0,1.0
2023-05-20 14:00:00+00:00,28.0,82.79353,1009.0422,9.585739,325.71307,0.0,22.0,1.0
2023-05-20 15:00:00+00:00,27.4,86.77747,1009.94086,7.729527,332.24155,0.0,17.0,0.0
2023-05-20 16:00:00+00:00,27.15,88.32146,1010.54016,8.089993,339.14545,0.0,13.0,0.0
2023-05-20 17:00:00+00:00,26.75,88.28878,1010.8394,8.647496,357.6141,0.0,17.0,0.0
2023-05-20 18:00:00+00:00,26.35,86.42084,1010.8388,7.072878,14.743609,0.0,11.0,0.0
2023-05-20 19:00:00+00:00,26.3,85.897865,1010.53864,6.849467,3.0127327,0.0,10.0,0.0
2023-05-20 20:00:00+00:00,26.25,88.51286,1009.739,7.653705,318.81415,0.0,23.0,1.0
2023-05-20 21:00:00+00:00,25.9,91.180534,1009.33856,11.709688,315.0001,0.0,89.0,3.0
2023-05-20 22:00:00+00:00,25.7,91.16794,1008.73883,8.225035,336.8014,0.0,28.0,1.0
2023-05-20 23:00:00+00:00,25.25,92.520386,1008.8378,9.007196,357.70944,0.0,19.0,0.0
2023-05-21 00:00:00+00:00,25.9,92.00319,1009.23865,9.227524,339.44388,0.0,16.0,0.0
2023-05-21 01:00:00+00:00,26.1,89.56922,1009.6387,9.449572,342.25522,0.0,15.0,0.0
2023-05-21 02:00:00+00:00,27.05,84.947014,1010.44,9.360001,337.3801,0.0,20.0,1.0
2023-05-21 03:00:00+00:00,28.55,78.52513,1010.94196,11.384198,325.30478,0.0,51.0,2.0
2023-05-21 04:00:00+00:00,29.4,75.65432,1011.6429,11.885453,305.13428,0.0,34.0,1.0
2023-05-21 05:00:00+00:00,30.0,73.96338,1011.5438,12.43434,292.1095,0.0,28.0,1.0
2023-05-21 06:00:00+00:00,30.4,72.069824,1011.3446,12.9249525,282.875,0.0,47.0,1.0
2023-05-21 07:00:00+00:00,29.5,74.10231,1010.8435,13.237039,292.3802,0.0,50.0,2.0
2023-05-21 08:00:00+00:00,30.1,71.8022,1010.1448,14.154915,277.30566,0.1,46.0,51.0
2023-05-21 09:00:00+00:00,29.25,75.85744,1009.444,18.681883,244.91644,0.1,100.0,51.0
2023-05-21 10:00:00+00:00,27.55,81.02206,1009.44104,15.39184,259.21576,0.2,87.0,51.0
2023-05-21 11:00:00+00:00,27.3,81.72429,1009.0409,15.256526,250.70985,0.0,84.0,3.0
2023-05-21 12:00:00+00:00,28.65,75.30994,1008.7433,10.829959,285.4222,0.0,96.0,3.0
2023-05-21 13:00:00+00:00,28.05,79.8801,1009.34204,5.937272,284.03625,0.0,96.0,3.0
2023-05-21 14:00:00+00:00,27.8,80.81106,1010.0414,7.342588,281.3099,0.1,27.0,51.0
2023-05-21 15:00:00+00:00,27.25,83.95593,1010.94,7.8954163,294.22772,0.2,34.0,51.0
2023-05-21 16:00:00+00:00,26.75,88.28878,1011.4392,4.198285,300.96368,0.0,31.0,1.0
2023-05-21 17:00:00+00:00,26.15,91.74299,1011.838,3.396233,327.99466,0.0,34.0,1.0
2023-05-21 18:00:00+00:00,26.3,92.026,1011.938,7.5170207,343.3007,0.0,18.0,0.0
2023-05-21 19:00:00+00:00,25.8,93.38394,1011.33765,7.729527,332.24155,0.0,49.0,1.0
2023-05-21 20:00:00+00:00,25.8,92.827156,1010.63794,9.021574,331.38962,0.0,99.0,3.0
2023-05-21 21:00:00+00:00,25.35,94.20574,1009.9377,8.4042845,350.13425,0.0,98.0,3.0
2023-05-21 22:00:00+00:00,25.1,94.19522,1009.7374,8.647496,357.6141,0.0,65.0,2.0
2023-05-21 23:00:00+00:00,25.0,92.78578,1009.4372,8.759178,9.462248,0.0,60.0,2.0
2023-05-22 00:00:00+00:00,25.2,93.63592,1009.7374,3.2599385,353.6599,0.0,39.0,1.0
2023-05-22 01:00:00+00:00,26.0,89.83092,1010.2384,3.5455887,23.962492,0.0,100.0,3.0
2023-05-22 02:00:00+00:00,26.85,88.296974,1011.03937,4.3349743,221.63345,0.0,100.0,3.0
2023-05-22 03:00:00+00:00,27.45,83.72682,1011.74,5.495161,238.39255,0.2,100.0,51.0
2023-05-22 04:00:00+00:00,28.45,79.69471,1012.04144,6.9153743,231.34016,0.1,95.0,51.0
2023-05-22 05:00:00+00:00,28.95,79.524345,1012.34186,10.182337,224.9999,0.1,55.0,51.0
2023-05-22 06:00:00+00:00,28.5,81.14201,1012.04144,10.464797,229.18501,0.0,100.0,3.0
2023-05-22 07:00:00+00:00,28.1,81.334496,1011.4411,8.699793,204.44394,0.1,91.0,51.0
2023-05-22 08:00:00+00:00,28.9,75.12369,1010.64264,10.233123,230.71062,0.1,77.0,51.0
2023-05-22 09:00:00+00:00,28.85,76.02291,1009.64307,11.165805,249.22766,0.0,78.0,2.0
2023-05-22 10:00:00+00:00,27.8,80.569016,1009.3417,11.841756,250.46326,0.0,100.0,3.0
2023-05-22 11:00:00+00:00,27.05,82.18689,1009.4405,10.24578,251.56496,0.3,86.0,51.0
2023-05-22 12:00:00+00:00,27.4,84.22403,1009.94086,3.7585104,196.69933,0.0,100.0,3.0
2023-05-22 13:00:00+00:00,26.4,86.94627,1010.539,6.1305785,139.76372,0.7,100.0,53.0
2023-05-22 14:00:00+00:00,25.8,93.66344,1011.33765,2.8116899,140.19447,0.1,96.0,51.0
2023-05-22 15:00:00+00:00,25.6,93.93485,1011.83704,2.2768397,71.564964,0.0,10.0,0.0
2023-05-22 16:00:00+00:00,25.5,94.212036,1012.1369,4.32,90.0,0.0,21.0,1.0
2023-05-22 17:00:00+00:00,25.4,93.08533,1012.13666,3.319036,77.4712,0.0,5.0,0.0
2023-05-22 18:00:00+00:00,25.35,91.971634,1012.13666,3.2599385,83.659904,0.0,3.0,0.0
2023-05-22 19:00:00+00:00,25.35,91.420395,1011.1371,4.6938252,94.39862,0.0,0.0,0.0
2023-05-22 20:00:00+00:00,25.05,92.50967,1010.43677,4.73506,81.25392,0.0,3.0,0.0
2023-05-22 21:00:00+00:00,25.0,92.50694,1009.937,6.849467,86.98728,0.0,3.0,0.0
2023-05-22 22:00:00+00:00,24.85,92.77798,1009.7368,5.0911684,81.86999,0.0,2.0,0.0
2023-05-22 23:00:00+00:00,24.8,92.496155,1009.93677,5.154415,65.22488,0.0,2.0,0.0
2023-05-23 00:00:00+00:00,24.7,92.212074,1010.4365,3.319036,49.398785,0.0,3.0,0.0
2023-05-23 01:00:00+00:00,25.65,87.932816,1010.8375,5.3517847,42.27363,0.0,13.0,0.0
2023-05-23 02:00:00+00:00,26.9,83.41471,1011.93896,3.319036,49.398785,0.0,20.0,1.0
2023-05-23 03:00:00+00:00,28.2,77.53856,1012.64075,2.6208394,164.05453,0.1,39.0,51.0
2023-05-23 04:00:00+00:00,29.05,74.02815,1013.14185,5.771239,183.57626,0.2,37.0,51.0
2023-05-23 05:00:00+00:00,29.7,73.69303,1012.943,7.172949,197.52567,0.0,14.0,0.0
2023-05-23 06:00:00+00:00,30.45,71.00997,1012.5441,8.699793,204.44394,0.0,14.0,0.0
2023-05-23 07:00:00+00:00,30.75,68.97119,1011.74506,11.609651,209.7448,0.0,9.0,0.0
2023-05-23 08:00:00+00:00,30.55,70.60462,1010.94507,12.594856,210.96368,0.0,39.0,1.0
2023-05-23 09:00:00+00:00,30.55,69.14032,1010.1454,11.592894,216.15828,0.0,53.0,2.0
2023-05-23 10:00:00+00:00,29.9,72.19842,1009.54474,12.387348,215.53777,0.1,64.0,51.0
2023-05-23 11:00:00+00:00,29.55,73.889,1009.3442,10.948973,223.66785,0.2,46.0,51.0
2023-05-23 12:00:00+00:00,29.4,74.08586,1009.444,7.386582,223.02507,0.3,71.0,51.0
2023-05-23 13:00:00+00:00,28.2,82.57018,1010.042,3.096837,215.53777,0.3,47.0,51.0
2023-05-23 14:00:00+00:00,28.05,87.09466,1010.8414,1.484318,255.96373,0.0,26.0,1.0
2023-05-23 15:00:00+00:00,28.05,83.04678,1011.74097,1.2979984,213.6901,0.0,13.0,0.0
2023-05-23 16:00:00+00:00,28.05,80.84301,1012.5406,0.5091169,224.9999,0.0,20.0,1.0
2023-05-23 17:00:00+00:00,27.7,82.0187,1012.63995,0.71999997,270.0,0.2,37.0,51.0
2023-05-23 18:00:00+00:00,27.35,82.96637,1012.4397,0.35999998,270.0,0.1,31.0,51.0
2023-05-23 19:00:00+00:00,27.05,83.682495,1011.7394,2.5455842,44.999897,0.1,29.0,51.0
2023-05-23 20:00:00+00:00,25.65,90.61904,1011.0374,4.6102495,38.65983,0.1,27.0,51.0
2023-05-23 21:00:00+00:00,25.15,92.51503,1010.33716,4.198285,30.963696,0.0,40.0,1.0
2023-05-23 22:00:00+00:00,25.45,89.25189,1010.1376,4.1046314,52.124958,0.0,35.0,1.0
2023-05-23 23:00:00+00:00,25.45,88.44816,1010.03766,5.904439,52.431335,0.0,20.0,1.0
2023-05-24 00:00:00+00:00,26.05,87.17648,1010.43835,4.8433046,48.01287,0.0,10.0,0.0
2023-05-24 01:00:00+00:00,26.45,86.43026,1011.03876,5.3999996,36.86998,0.0,13.0,0.0
2023-05-24 02:00:00+00:00,27.65,83.000916,1011.74036,3.4152596,18.435053,0.0,17.0,0.0
2023-05-24 03:00:00+00:00,29.05,74.92254,1012.5422,5.00128,300.25635,0.1,21.0,51.0
2023-05-24 04:00:00+00:00,29.9,70.06375,1012.8432,8.311245,274.96964,0.3,39.0,51.0
2023-05-24 05:00:00+00:00,30.4,67.267105,1012.44415,8.4042845,260.13425,0.3,35.0,51.0
2023-05-24 06:00:00+00:00,30.95,65.381256,1012.1452,9.83268,246.25049,0.1,21.0,51.0
2023-05-24 07:00:00+00:00,31.25,64.27277,1011.4458,11.753877,242.6502,0.1,21.0,51.0
2023-05-24 08:00:00+00:00,31.45,63.737106,1010.44666,14.168641,242.78397,0.1,22.0,51.0
2023-05-24 09:00:00+00:00,31.25,64.079544,1009.7466,14.658676,245.32315,0.0,17.0,0.0
2023-05-24 10:00:00+00:00,31.15,63.29034,1008.94696,16.434305,241.1893,0.0,22.0,1.0
2023-05-24 11:00:00+00:00,30.4,65.86216,1009.3455,15.042659,248.96242,0.0,19.0,0.0
2023-05-24 12:00:00+00:00,29.95,67.178055,1009.9446,10.495713,264.09396,0.0,25.0,1.0
2023-05-24 13:00:00+00:00,29.0,71.60769,1010.4428,7.69592,280.78424,0.0,34.0,1.0
2023-05-24 14:00:00+00:00,28.2,77.30582,1011.24146,6.151683,290.55612,0.1,36.0,51.0
2023-05-24 15:00:00+00:00,27.7,81.28449,1012.0402,3.396233,302.00534,0.3,42.0,51.0
2023-05-24 16:00:00+00:00,26.75,86.19965,1012.6386,3.8939953,303.6901,0.1,36.0,51.0
2023-05-24 17:00:00+00:00,26.45,88.264206,1012.738,4.1046314,307.87503,0.1,44.0,51.0
2023-05-24 18:00:00+00:00,26.25,89.04514,1012.63763,4.072935,315.0001,0.2,40.0,51.0
2023-05-24 19:00:00+00:00,26.5,87.478455,1012.13824,3.319036,319.39877,0.3,51.0,51.0
2023-05-24 20:00:00+00:00,26.3,89.85246,1011.53815,4.1046314,322.12494,0.1,34.0,51.0
2023-05-24 21:00:00+00:00,25.7,94.50228,1011.1377,9.178235,334.44006,0.1,61.0,51.0
2023-05-24 22:00:00+00:00,25.55,93.93271,1010.9375,8.435069,320.1945,0.1,54.0,51.0
2023-05-24 23:00:00+00:00,25.35,94.77162,1011.33704,9.746631,355.76367,0.0,30.0,1.0
2023-05-25 00:00:00+00:00,24.85,95.32345,1011.43604,7.5599995,360.0,0.0,33.0,1.0
2023-05-25 01:00:00+00:00,25.15,95.619644,1011.93646,9.6932955,15.068549,0.0,45.0,1.0
2023-05-25 02:00:00+00:00,25.95,92.55786,1012.2375,7.8625183,15.945477,0.0,29.0,1.0
2023-05-25 03:00:00+00:00,27.55,84.49226,1012.8395,9.107359,341.56494,0.0,28.0,1.0
2023-05-25 04:00:00+00:00,28.55,77.822716,1013.4408,10.195057,317.86246,0.0,49.0,1.0
2023-05-25 05:00:00+00:00,30.15,71.81102,1013.3434,9.793059,306.02747,0.1,11.0,51.0
2023-05-25 06:00:00+00:00,30.95,67.17371,1012.4451,12.661564,284.8265,0.0,15.0,0.0
2023-05-25 07:00:00+00:00,31.05,66.39194,1011.9454,16.071491,285.59286,0.0,10.0,0.0
2023-05-25 08:00:00+00:00,30.75,67.13417,1011.1453,16.62249,287.6502,0.0,7.0,0.0
2023-05-25 09:00:00+00:00,30.3,69.093094,1010.545,17.309973,286.92758,0.0,8.0,0.0
2023-05-25 10:00:00+00:00,30.05,70.30224,1009.9446,17.654686,286.5874,0.0,18.0,0.0
2023-05-25 11:00:00+00:00,29.6,72.58044,1010.0439,17.114204,284.6209,0.1,18.0,51.0
2023-05-25 12:00:00+00:00,29.3,75.63867,1010.54346,14.332341,281.59213,0.1,19.0,51.0
2023-05-25 13:00:00+00:00,28.65,78.774445,1010.9423,12.181625,288.9705,0.0,2.0,0.0
2023-05-25 14:00:00+00:00,28.5,78.75351,1011.5416,12.768586,291.5015,0.0,6.0,0.0
2023-05-25 15:00:00+00:00,28.35,79.681274,1012.4409,12.7279215,298.7397,0.0,7.0,0.0
2023-05-25 16:00:00+00:00,28.2,80.13963,1012.9407,12.7279215,298.7397,0.0,10.0,0.0
2023-05-25 17:00:00+00:00,28.15,79.41601,1013.1403,11.983188,302.7352,0.0,9.0,0.0
2023-05-25 18:00:00+00:00,27.9,80.581955,1013.04004,12.181624,304.15976,0.0,9.0,0.0
2023-05-25 19:00:00+00:00,27.7,80.79823,1012.54,12.313894,307.87503,0.0,26.0,1.0
2023-05-25 20:00:00+00:00,27.35,81.48516,1011.83997,11.246759,309.8055,0.0,21.0,1.0
2023-05-25 21:00:00+00:00,26.95,83.6714,1011.5395,11.480557,318.81418,0.0,25.0,1.0
2023-05-25 22:00:00+00:00,26.55,85.66445,1011.2389,10.233123,320.7106,0.0,40.0,1.0
2023-05-25 23:00:00+00:00,25.8,89.547134,1011.53754,12.10157,329.62094,0.1,57.0,51.0
2023-05-26 00:00:00+00:00,25.6,90.343765,1011.43726,11.525623,14.470333,0.1,13.0,51.0
2023-05-26 01:00:00+00:00,25.8,89.01044,1012.03735,8.707238,7.12493,0.0,23.0,1.0
2023-05-26 02:00:00+00:00,27.15,81.460335,1013.03906,8.647496,2.385899,0.0,10.0,0.0
2023-05-26 03:00:00+00:00,28.8,74.88237,1013.54114,11.525623,321.34018,0.0,25.0,1.0
2023-05-26 04:00:00+00:00,29.8,71.106125,1013.44275,12.904882,300.1413,0.1,11.0,51.0
2023-05-26 05:00:00+00:00,30.35,69.1025,1013.4437,16.1198,293.70264,0.1,12.0,51.0
2023-05-26 06:00:00+00:00,30.55,69.55596,1012.9442,17.873554,288.8,0.1,16.0,51.0
2023-05-26 07:00:00+00:00,30.7,69.58393,1012.2449,18.720001,292.6199,0.1,39.0,51.0
2023-05-26 08:00:00+00:00,30.35,69.310265,1011.1447,19.855558,292.3802,0.0,18.0,0.0
2023-05-26 09:00:00+00:00,30.65,66.912834,1010.64514,20.456745,298.36896,0.0,24.0,1.0
2023-05-26 10:00:00+00:00,30.35,68.68867,1009.9453,21.413193,296.99576,0.0,31.0,1.0
2023-05-26 11:00:00+00:00,29.8,71.53438,1010.14417,19.33639,294.1791,0.0,29.0,1.0
2023-05-26 12:00:00+00:00,29.4,71.67865,1010.6434,18.971008,303.38855,0.0,21.0,1.0
2023-05-26 13:00:00+00:00,28.75,75.7796,1011.04224,16.641972,308.8534,0.0,20.0,1.0
2023-05-26 14:00:00+00:00,28.3,78.72558,1011.94116,16.595179,310.60123,0.0,9.0,0.0
2023-05-26 15:00:00+00:00,28.1,80.126465,1012.6405,15.7908325,313.1524,0.0,10.0,0.0
2023-05-26 16:00:00+00:00,27.85,81.54711,1012.7402,15.03835,317.91092,0.0,18.0,0.0
2023-05-26 17:00:00+00:00,27.55,83.487755,1012.5396,13.979872,325.4914,0.0,4.0,0.0
2023-05-26 18:00:00+00:00,27.15,85.46748,1012.1394,13.202726,334.1337,0.0,6.0,0.0
2023-05-26 19:00:00+00:00,26.7,87.23428,1011.33887,12.303366,339.44388,0.0,6.0,0.0
2023-05-26 20:00:00+00:00,26.35,88.520905,1010.539,12.0694,342.64587,0.0,13.0,0.0
2023-05-26 21:00:00+00:00,25.9,89.82374,1009.6384,10.739833,346.42953,0.0,11.0,0.0
2023-05-26 22:00:00+00:00,25.7,90.62233,1009.53845,9.793058,342.8972,0.0,16.0,0.0
2023-05-26 23:00:00+00:00,25.65,90.89154,1009.73804,9.793058,342.8972,0.0,8.0,0.0
2023-05-27 00:00:00+00:00,25.95,90.910965,1009.93854,10.137692,343.49554,0.0,17.0,0.0
2023-05-27 01:00:00+00:00,26.25,89.31236,1010.2388,10.703569,340.3461,0.0,6.0,0.0
2023-05-27 02:00:00+00:00,27.35,82.717865,1010.7405,13.661038,341.56494,0.0,9.0,0.0
2023-05-27 03:00:00+00:00,28.65,75.99198,1011.2422,13.1041975,339.07544,0.0,4.0,0.0
2023-05-27 04:00:00+00:00,30.25,69.499825,1011.4443,15.072783,319.84406,0.0,3.0,0.0
2023-05-27 05:00:00+00:00,31.1,66.40199,1011.24567,17.0763,304.69522,0.0,12.0,0.0
2023-05-27 06:00:00+00:00,31.25,66.23322,1010.84607,19.161337,295.60214,0.0,29.0,1.0
2023-05-27 07:00:00+00:00,31.1,65.41206,1010.2461,20.291357,295.20108,0.0,44.0,1.0
2023-05-27 08:00:00+00:00,29.9,71.55212,1009.54474,18.681883,295.08356,0.0,86.0,3.0
2023-05-27 09:00:00+00:00,30.7,67.731926,1008.94635,20.00512,300.25635,0.1,41.0,51.0
2023-05-27 10:00:00+00:00,29.5,72.128624,1008.44464,19.734436,308.33337,0.1,65.0,51.0
2023-05-27 11:00:00+00:00,29.0,74.24265,1008.1438,21.028437,308.0471,0.2,70.0,51.0
2023-05-27 12:00:00+00:00,29.35,72.75562,1008.04456,18.089775,317.41956,0.1,69.0,51.0
2023-05-27 13:00:00+00:00,28.8,76.01519,1008.34344,15.580141,319.68597,0.0,47.0,1.0
2023-05-27 14:00:00+00:00,28.25,78.71857,1009.14233,14.84318,320.90613,0.0,55.0,2.0
2023-05-27 15:00:00+00:00,28.1,79.64766,1010.04175,14.693999,329.03632,0.0,60.0,2.0
2023-05-27 16:00:00+00:00,27.6,81.76108,1010.241,13.237039,337.6198,0.0,68.0,2.0
2023-05-27 17:00:00+00:00,27.25,82.95484,1010.1403,11.27553,343.3007,0.0,100.0,3.0
2023-05-27 18:00:00+00:00,27.05,83.43161,1010.2401,11.013882,348.6901,0.0,100.0,3.0
2023-05-27 19:00:00+00:00,26.85,84.16472,1009.4401,10.495713,337.8336,0.0,100.0,3.0
2023-05-27 20:00:00+00:00,26.7,85.166306,1008.83997,10.315115,330.75128,0.0,100.0,3.0
2023-05-27 21:00:00+00:00,26.7,85.42241,1008.3402,11.043261,340.9743,0.0,100.0,3.0
2023-05-27 22:00:00+00:00,26.4,86.94627,1008.0401,11.298495,337.5205,0.0,100.0,3.0
2023-05-27 23:00:00+00:00,25.95,87.9581,1008.13934,14.654254,332.176,0.0,100.0,3.0
2023-05-28 00:00:00+00:00,26.65,86.70866,1008.5401,13.363711,332.74475,0.0,100.0,3.0
2023-05-28 01:00:00+00:00,26.6,85.66938,1009.0399,14.021525,330.8026,0.0,99.0,3.0
2023-05-28 02:00:00+00:00,27.5,81.01568,1009.6409,13.896187,323.42688,0.0,100.0,3.0
2023-05-28 03:00:00+00:00,28.2,78.711555,1010.042,14.081477,327.52884,0.0,100.0,3.0
2023-05-28 04:00:00+00:00,29.75,70.036026,1010.04425,16.992609,323.61554,0.0,100.0,3.0
2023-05-28 05:00:00+00:00,30.7,66.122086,1010.14575,17.148247,309.0355,0.0,100.0,3.0
2023-05-28 06:00:00+00:00,30.65,66.912834,1009.44574,18.089775,301.15924,0.0,100.0,3.0
2023-05-28 07:00:00+00:00,30.35,71.41795,1008.74585,17.873556,297.5972,0.1,100.0,51.0
2023-05-28 08:00:00+00:00,30.75,69.38536,1008.04675,19.319628,296.56497,0.1,100.0,51.0
2023-05-28 09:00:00+00:00,30.9,68.58791,1007.447,21.900904,295.30136,0.1,100.0,51.0
2023-05-28 10:00:00+00:00,30.1,70.94697,1007.1461,21.599998,306.86996,0.1,100.0,51.0
2023-05-28 11:00:00+00:00,29.65,73.24474,1006.7458,20.972897,309.42776,0.0,99.0,3.0
2023-05-28 12:00:00+00:00,30.2,70.329735,1007.0462,18.0,306.86996,0.0,99.0,3.0
2023-05-28 13:00:00+00:00,29.35,75.42059,1007.4449,17.208603,307.34943,0.0,89.0,3.0
2023-05-28 14:00:00+00:00,28.75,79.9731,1008.2435,16.563911,312.3574,0.0,100.0,3.0
2023-05-28 15:00:00+00:00,28.4,82.348015,1009.0428,14.021525,318.12222,0.0,100.0,3.0
2023-05-28 16:00:00+00:00,28.0,84.288345,1009.442,12.10157,329.62094,0.0,96.0,3.0
2023-05-28 17:00:00+00:00,27.3,86.251945,1009.8405,10.948973,350.53775,0.0,100.0,3.0
2023-05-28 18:00:00+00:00,26.85,84.92637,1009.54004,10.105681,4.085537,0.0,100.0,3.0
2023-05-28 19:00:00+00:00,26.65,85.16123,1008.74005,10.446206,358.0251,0.0,93.0,3.0
2023-05-28 20:00:00+00:00,26.65,84.65082,1007.84045,11.013882,348.6901,0.0,86.0,3.0
2023-05-28 21:00:00+00:00,26.65,84.143105,1007.14075,9.793058,342.8972,0.0,92.0,3.0
2023-05-28 22:00:00+00:00,26.5,84.89013,1006.9407,9.693296,338.19852,0.0,92.0,3.0
2023-05-28 23:00:00+00:00,26.5,85.14588,1007.4404,10.028439,338.9624,0.0,91.0,3.0
2023-05-29 00:00:00+00:00,26.7,84.14847,1007.5406,10.1376915,353.88458,0.0,94.0,3.0
2023-05-29 01:00:00+00:00,27.0,82.67692,1008.0411,9.47012,351.2539,0.0,98.0,3.0
2023-05-29 02:00:00+00:00,28.4,77.33537,1008.8429,8.209263,344.7448,0.0,100.0,3.0
2023-05-29 03:00:00+00:00,30.25,70.97397,1009.5451,10.805998,330.01843,0.0,100.0,3.0
2023-05-29 04:00:00+00:00,31.5,66.68142,1009.647,12.984975,313.87677,0.0,87.0,3.0
2023-05-29 05:00:00+00:00,32.35,63.546265,1009.34827,13.70839,299.93143,0.0,49.0,1.0
2023-05-29 06:00:00+00:00,32.75,63.631054,1008.9492,14.934577,285.3763,0.0,55.0,2.0
2023-05-29 07:00:00+00:00,31.55,67.49323,1008.24786,15.629971,284.67642,0.1,83.0,51.0
2023-05-29 08:00:00+00:00,31.65,68.11939,1007.6481,15.978484,292.5206,0.0,99.0,3.0
2023-05-29 09:00:00+00:00,30.8,68.98069,1007.2471,13.584932,327.99466,0.1,99.0,51.0
2023-05-29 10:00:00+00:00,30.4,70.36635,1006.7467,12.387348,324.46225,0.1,99.0,51.0
2023-05-29 11:00:00+00:00,30.65,68.54009,1006.74695,12.7279215,315.0001,0.0,100.0,3.0
2023-05-29 12:00:00+00:00,30.05,70.30224,1007.2458,9.746631,355.76367,0.1,99.0,51.0
2023-05-29 13:00:00+00:00,29.35,73.414024,1007.94464,7.0911775,336.0375,0.0,99.0,3.0
2023-05-29 14:00:00+00:00,28.65,77.83719,1008.7433,5.634891,333.43503,0.0,97.0,3.0
2023-05-29 15:00:00+00:00,28.25,80.62712,1009.2424,6.725354,344.47583,0.0,94.0,3.0
2023-05-29 16:00:00+00:00,27.9,83.277916,1009.7415,5.8603754,349.3804,0.0,97.0,3.0
2023-05-29 17:00:00+00:00,27.45,85.24245,1009.7409,6.5693827,9.462261,0.0,92.0,3.0
2023-05-29 18:00:00+00:00,27.2,85.98511,1009.8405,6.379216,16.389616,0.0,89.0,3.0
2023-05-29 19:00:00+00:00,26.9,86.99149,1009.2402,6.379216,16.389616,0.0,83.0,3.0
2023-05-29 20:00:00+00:00,26.65,88.016914,1008.6401,5.4477882,7.59456,0.0,93.0,3.0
2023-05-29 21:00:00+00:00,26.45,89.327354,1008.43994,4.3498964,335.55606,0.0,99.0,3.0
2023-05-29 22:00:00+00:00,26.4,90.398384,1008.24005,4.2136917,340.0168,0.0,100.0,3.0
2023-05-29 23:00:00+00:00,26.2,90.65555,1008.4396,4.896529,17.102825,0.0,99.0,3.0
2023-05-30 00:00:00+00:00,26.3,91.205605,1008.9394,4.802999,347.00537,0.0,100.0,3.0
2023-05-30 01:00:00+00:00,27.2,86.242455,1009.1408,3.0547013,315.0001,0.0,92.0,3.0
2023-05-30 02:00:00+00:00,28.5,81.14201,1009.6425,1.609969,243.43501,0.0,89.0,3.0
2023-05-30 03:00:00+00:00,29.85,75.050446,1010.2442,5.0528407,265.91446,0.1,92.0,51.0
2023-05-30 04:00:00+00:00,30.95,68.80296,1010.1461,7.6367526,261.87,0.1,96.0,51.0
2023-05-30 05:00:00+00:00,31.6,64.7336,1010.147,10.105681,265.91446,0.1,59.0,51.0
2023-05-30 06:00:00+00:00,31.9,63.450573,1009.5476,12.245294,268.31534,0.0,98.0,3.0
2023-05-30 07:00:00+00:00,31.2,66.8215,1009.0469,11.304229,279.16226,0.0,99.0,3.0
2023-05-30 08:00:00+00:00,31.65,64.16378,1008.1478,13.722565,265.48608,0.0,99.0,3.0
2023-05-30 09:00:00+00:00,31.5,63.365227,1007.6478,13.698934,266.98727,0.0,99.0,3.0
2023-05-30 10:00:00+00:00,29.85,70.47706,1007.5454,15.596767,288.85324,0.0,100.0,3.0
2023-05-30 11:00:00+00:00,28.8,74.4334,1007.94366,11.966954,316.2188,0.1,100.0,51.0
2023-05-30 12:00:00+00:00,28.05,80.11986,1007.8427,10.990322,328.39255,0.1,99.0,51.0
2023-05-30 13:00:00+00:00,27.15,85.98031,1008.5411,9.227524,339.44388,0.0,100.0,3.0
2023-05-30 14:00:00+00:00,26.85,89.0912,1009.3401,7.9526596,354.80566,0.0,90.0,3.0
2023-05-30 15:00:00+00:00,26.55,90.67873,1010.1394,8.759178,350.53775,0.0,73.0,2.0
2023-05-30 16:00:00+00:00,26.3,91.205605,1010.3387,6.87779,353.9911,0.0,79.0,2.0
2023-05-30 17:00:00+00:00,26.2,90.384766,1010.3387,8.049845,349.69522,0.0,52.0,2.0
2023-05-30 18:00:00+00:00,26.0,90.91417,1010.2384,7.172949,342.47433,0.0,85.0,3.0
2023-05-30 19:00:00+00:00,25.85,91.45098,1009.7384,6.638072,347.4712,0.0,100.0,3.0
2023-05-30 20:00:00+00:00,25.7,91.44182,1008.9388,6.519877,353.6599,0.0,100.0,3.0
2023-05-30 21:00:00+00:00,25.6,91.435715,1008.43866,5.8048253,352.87506,0.0,100.0,3.0
2023-05-30 22:00:00+00:00,25.45,91.977356,1008.0386,4.68,360.0,0.0,98.0,3.0
2023-05-30 23:00:00+00:00,25.45,91.42653,1008.23846,6.2145634,10.007925,0.0,98.0,3.0
2023-05-31 00:00:00+00:00,25.75,90.08314,1008.2391,4.0249224,10.304792,0.0,100.0,3.0
2023-05-31 01:00:00+00:00,26.6,86.18534,1008.83997,4.3349743,4.763556,0.0,100.0,3.0
2023-05-31 02:00:00+00:00,28.2,79.66112,1009.84204,1.1384199,341.56494,0.0,100.0,3.0
2023-05-31 03:00:00+00:00,29.75,73.48119,1010.14417,2.968636,284.03625,0.0,100.0,3.0
2023-05-31 04:00:00+00:00,30.95,68.39246,1010.34607,5.937272,255.96373,0.0,100.0,3.0
2023-05-31 05:00:00+00:00,31.5,66.28358,1010.1467,9.585739,235.71307,0.0,99.0,3.0
2023-05-31 06:00:00+00:00,31.4,67.665764,1009.4471,11.298495,239.34941,0.0,100.0,3.0
2023-05-31 07:00:00+00:00,31.0,69.43217,1009.14655,9.693296,248.19853,0.0,100.0,3.0
2023-05-31 08:00:00+00:00,31.45,63.92913,1008.2476,14.168641,242.78397,0.0,99.0,3.0
2023-05-31 09:00:00+00:00,30.25,65.632835,1007.94586,16.09969,280.30478,0.1,100.0,51.0
2023-05-31 10:00:00+00:00,27.85,80.33413,1008.0423,11.570515,275.35574,0.8,100.0,53.0
2023-05-31 11:00:00+00:00,27.6,80.30139,1008.14197,7.2359104,275.7105,0.1,100.0,51.0
2023-05-31 12:00:00+00:00,29.05,74.698074,1007.3445,9.504272,322.69595,1.3,100.0,61.0
2023-05-31 13:00:00+00:00,28.15,79.41601,1008.04266,8.373386,334.53668,0.0,100.0,3.0
2023-05-31 14:00:00+00:00,27.5,83.232544,1009.0412,7.208994,357.13766,0.0,100.0,3.0
2023-05-31 15:00:00+00:00,27.0,85.452484,1009.7403,4.73506,8.746089,0.0,99.0,3.0
2023-05-31 16:00:00+00:00,26.75,85.684166,1010.1397,6.9247384,27.897186,0.0,100.0,3.0
2023-05-31 17:00:00+00:00,26.55,85.92219,1010.2394,2.5455842,8.130019,0.0,99.0,3.0
2023-05-31 18:00:00+00:00,26.25,89.04514,1009.8389,1.9386592,338.19852,0.0,100.0,3.0
2023-05-31 19:00:00+00:00,26.25,89.848854,1009.3392,2.4149535,333.43503,0.0,100.0,3.0
2023-05-31 20:00:00+00:00,26.05,90.917435,1008.6391,2.9024127,240.2552,0.0,100.0,3.0
2023-05-31 21:00:00+00:00,26.35,89.05284,1007.8402,2.8116899,219.80553,0.1,100.0,51.0
2023-05-31 22:00:00+00:00,26.05,89.297295,1008.03937,5.6002855,224.9999,1.0,100.0,55.0
2023-05-31 23:00:00+00:00,26.05,91.463135,1007.93945,5.95906,205.01686,0.1,100.0,51.0
2023-06-01 00:00:00+00:00,25.5,93.09027,1008.43866,2.6208394,74.054535,2.0,100.0,61.0
2023-06-01 01:00:00+00:00,25.35,94.20574,1009.53784,4.1046314,322.12494,2.2,100.0,61.0
2023-06-01 02:00:00+00:00,25.1,94.76211,1010.63696,9.178235,318.1799,2.4,100.0,61.0
2023-06-01 03:00:00+00:00,25.85,89.82011,1010.63794,2.9024127,277.1249,0.1,100.0,51.0
2023-06-01 04:00:00+00:00,27.0,83.92858,1011.13965,8.654986,253.0724,0.2,100.0,51.0
2023-06-01 05:00:00+00:00,28.15,78.46866,1011.04126,10.483357,254.05453,0.3,100.0,51.0
2023-06-01 06:00:00+00:00,28.5,77.815475,1010.642,12.57426,246.3706,0.1,100.0,51.0
2023-06-01 07:00:00+00:00,29.35,72.974525,1010.04364,13.1041975,254.05453,0.2,100.0,51.0
2023-06-01 08:00:00+00:00,29.45,71.68747,1009.24426,14.685176,258.6901,0.5,100.0,53.0
2023-06-01 09:00:00+00:00,29.25,73.17703,1008.5443,16.766108,255.06853,0.4,100.0,51.0
2023-06-01 10:00:00+00:00,28.7,76.686935,1008.4434,12.964998,268.4089,0.1,100.0,51.0
2023-06-01 11:00:00+00:00,28.45,76.189735,1008.24316,15.124284,271.3639,0.2,100.0,51.0
2023-06-01 12:00:00+00:00,28.3,77.320625,1007.94293,14.494192,284.38144,0.1,100.0,51.0
2023-06-01 13:00:00+00:00,27.55,81.75497,1008.54144,14.689589,287.1028,0.1,100.0,51.0
2023-06-01 14:00:00+00:00,26.85,86.46775,1009.2402,13.441071,290.37653,0.2,100.0,51.0
2023-06-01 15:00:00+00:00,26.8,86.98249,1009.9399,12.879752,296.56497,0.1,100.0,51.0
2023-06-01 16:00:00+00:00,26.65,87.229904,1010.73914,13.479583,304.1145,0.1,100.0,51.0
2023-06-01 17:00:00+00:00,26.55,88.53701,1010.73914,11.720751,312.5104,0.1,100.0,51.0
2023-06-01 18:00:00+00:00,26.3,89.85246,1010.43866,10.383987,326.3099,0.0,100.0,3.0
2023-06-01 19:00:00+00:00,25.95,91.731186,1009.93854,9.826088,331.55716,0.1,100.0,51.0
2023-06-01 20:00:00+00:00,25.65,93.097755,1009.3382,9.693296,338.19852,0.1,100.0,51.0
2023-06-01 21:00:00+00:00,25.35,93.6428,1008.63824,10.390226,345.9637,0.0,100.0,3.0
2023-06-01 22:00:00+00:00,25.1,93.912865,1008.3381,10.239453,349.8754,0.0,100.0,3.0
2023-06-01 23:00:00+00:00,25.05,93.62903,1008.23773,9.47012,351.2539,0.0,100.0,3.0
2023-06-02 00:00:00+00:00,25.7,92.5445,1008.53894,9.028754,355.42615,0.0,100.0,3.0
2023-06-02 01:00:00+00:00,26.05,90.104164,1009.03894,7.9932976,352.23492,0.0,100.0,3.0
2023-06-02 02:00:00+00:00,27.2,84.45516,1009.74054,6.9527545,338.74942,0.0,100.0,3.0
2023-06-02 03:00:00+00:00,28.7,76.686935,1010.6424,10.799999,306.86996,0.0,100.0,3.0
2023-06-02 04:00:00+00:00,28.25,78.24766,1011.3414,16.434305,298.8107,0.3,100.0,51.0
2023-06-02 05:00:00+00:00,29.55,73.889,1010.94354,11.177405,284.93146,0.0,100.0,3.0
2023-06-02 06:00:00+00:00,29.8,71.96489,1010.3441,13.049689,294.44394,0.0,100.0,3.0
2023-06-02 07:00:00+00:00,30.05,71.36456,1009.54474,16.263872,275.0795,0.0,100.0,3.0
2023-06-02 08:00:00+00:00,29.5,72.56319,1008.44464,18.089775,275.7105,0.0,100.0,3.0
2023-06-02 09:00:00+00:00,29.8,72.614914,1007.34546,18.35647,281.3099,0.0,100.0,3.0
2023-06-02 10:00:00+00:00,30.15,70.74364,1006.8463,18.345877,285.94547,0.0,100.0,3.0
2023-06-02 11:00:00+00:00,30.35,67.46009,1006.8467,17.782688,291.3707,0.0,100.0,3.0
2023-06-02 12:00:00+00:00,29.35,73.19396,1007.6447,14.565548,309.98682,0.0,100.0,3.0
2023-06-02 13:00:00+00:00,28.65,78.53919,1008.34344,11.183201,303.17853,0.0,100.0,3.0
2023-06-02 14:00:00+00:00,27.8,84.26694,1009.0418,8.669949,318.36655,0.0,100.0,3.0
2023-06-02 15:00:00+00:00,27.45,86.26616,1010.1407,8.714677,321.70978,0.0,100.0,3.0
2023-06-02 16:00:00+00:00,26.85,89.62419,1010.7395,9.83268,293.7495,0.1,100.0,51.0
2023-06-02 17:00:00+00:00,26.5,92.31187,1011.03876,10.365251,290.3232,0.2,100.0,51.0
2023-06-02 18:00:00+00:00,26.5,92.03738,1010.7389,9.178235,311.82007,0.1,100.0,51.0
2023-06-02 19:00:00+00:00,26.2,93.96107,1010.43866,10.00256,300.25635,0.1,59.0,51.0
2023-06-02 20:00:00+00:00,26.05,93.67486,1009.3388,10.829959,285.4222,0.2,100.0,51.0
2023-06-02 21:00:00+00:00,25.8,90.90128,1009.0387,15.496736,267.33704,0.8,100.0,53.0
2023-06-02 22:00:00+00:00,25.7,93.93925,1008.53894,9.449572,287.74475,0.5,94.0,53.0
2023-06-02 23:00:00+00:00,25.7,94.2204,1008.73883,11.019764,308.36752,0.1,100.0,51.0
2023-06-03 00:00:00+00:00,25.3,95.0539,1008.4384,6.638072,12.528798,0.1,90.0,51.0
2023-06-03 01:00:00+00:00,25.75,93.66112,1009.1386,6.725354,344.47583,0.0,39.0,1.0
2023-06-03 02:00:00+00:00,27.15,90.44914,1009.64056,8.4963045,306.38446,0.0,98.0,3.0
2023-06-03 03:00:00+00:00,28.45,82.3539,1010.1423,10.383987,303.6901,0.1,100.0,51.0
2023-06-03 04:00:00+00:00,29.25,76.9994,1010.3435,10.97262,311.009,0.0,100.0,3.0
2023-06-03 05:00:00+00:00,30.35,70.77983,1010.14514,11.753877,297.3498,0.0,100.0,3.0
2023-06-03 06:00:00+00:00,30.7,70.21101,1009.8459,13.896187,286.55716,0.0,100.0,3.0
2023-06-03 07:00:00+00:00,30.25,72.25925,1009.24524,16.595179,282.5288,0.0,99.0,3.0
2023-06-03 08:00:00+00:00,30.55,71.24044,1008.3462,14.869351,276.95285,0.0,99.0,3.0
2023-06-03 09:00:00+00:00,30.1,74.42226,1007.44604,15.124284,271.3639,0.0,97.0,3.0
2023-06-03 10:00:00+00:00,29.7,75.47567,1006.7458,15.124284,271.3639,0.0,99.0,3.0
2023-06-03 11:00:00+00:00,29.4,77.25176,1006.64514,14.799459,274.18484,0.0,94.0,3.0
2023-06-03 12:00:00+00:00,29.45,73.87242,1007.44507,16.575644,272.4895,0.0,99.0,3.0
2023-06-03 13:00:00+00:00,28.65,77.60444,1008.4434,14.154915,277.30566,0.0,98.0,3.0
2023-06-03 14:00:00+00:00,27.95,81.80384,1009.0418,13.1041975,285.94547,0.0,100.0,3.0
2023-06-03 15:00:00+00:00,27.45,85.24245,1009.8408,13.276144,282.5288,0.1,100.0,51.0
2023-06-03 16:00:00+00:00,25.75,91.71935,1010.93787,15.629972,262.0566,6.2,100.0,63.0
2023-06-03 17:00:00+00:00,25.45,94.49231,1011.6369,11.525623,284.47034,8.0,100.0,65.0
2023-06-03 18:00:00+00:00,25.5,94.212036,1011.1373,12.768586,291.5015,0.1,100.0,51.0
2023-06-03 19:00:00+00:00,25.5,95.061066,1010.3377,10.883676,304.21576,0.2,100.0,51.0
2023-06-03 20:00:00+00:00,25.75,94.222496,1009.9383,10.799999,306.86996,0.1,100.0,51.0
2023-06-03 21:00:00+00:00,24.55,98.80982,1009.8364,11.879999,270.0,2.3,100.0,61.0
2023-06-03 22:00:00+00:00,24.85,95.03766,1009.23706,14.05845,320.1945,2.1,100.0,61.0
2023-06-03 23:00:00+00:00,24.75,95.606834,1009.5369,12.074766,333.43503,0.0,100.0,3.0
2023-06-04 00:00:00+00:00,24.7,96.18122,1009.43695,12.864649,342.072,0.0,100.0,3.0
2023-06-04 01:00:00+00:00,24.75,95.034004,1010.0367,14.003029,342.03076,0.0,100.0,3.0
2023-06-04 02:00:00+00:00,25.35,92.248344,1009.9377,13.084402,352.09293,0.0,100.0,3.0
2023-06-04 03:00:00+00:00,26.6,85.66938,1010.53925,14.458382,341.1138,0.0,100.0,3.0
2023-06-04 04:00:00+00:00,27.6,82.25275,1011.04065,14.529915,318.01285,0.0,100.0,3.0
2023-06-04 05:00:00+00:00,28.65,75.30994,1010.7424,17.057314,314.145,0.1,100.0,51.0
2023-06-04 06:00:00+00:00,29.85,69.42483,1010.04425,20.304129,307.07315,0.0,100.0,3.0
2023-06-04 07:00:00+00:00,30.3,70.34805,1009.04565,18.504139,307.09293,0.0,86.0,3.0
2023-06-04 08:00:00+00:00,30.65,69.574615,1008.2463,19.813087,294.7024,0.0,91.0,3.0
2023-06-04 09:00:00+00:00,29.9,73.72632,1007.4457,22.427162,288.7259,0.0,94.0,3.0
2023-06-04 10:00:00+00:00,29.45,76.34299,1007.0452,19.469975,289.44012,0.0,16.0,0.0
2023-06-04 11:00:00+00:00,29.1,77.43839,1006.8447,18.359999,298.0724,0.0,45.0,1.0
2023-06-04 12:00:00+00:00,28.75,79.02407,1007.24396,15.509274,291.80148,0.0,40.0,1.0
2023-06-04 13:00:00+00:00,28.35,78.9688,1007.64307,14.458382,288.88617,0.0,67.0,2.0
2023-06-04 14:00:00+00:00,28.2,77.77194,1008.3427,12.979984,289.44012,0.0,97.0,3.0
2023-06-04 15:00:00+00:00,28.0,78.68354,1009.34204,12.522619,288.43503,0.0,100.0,3.0
2023-06-04 16:00:00+00:00,27.95,78.91332,1010.1413,12.245293,294.30453,0.0,89.0,3.0
2023-06-04 17:00:00+00:00,27.75,80.08022,1010.441,10.144082,297.47433,0.0,28.0,1.0
2023-06-04 18:00:00+00:00,27.4,81.982376,1010.1407,8.942214,310.10083,0.0,48.0,1.0
2023-06-04 19:00:00+00:00,27.0,84.43388,1009.7403,7.9932966,305.83774,0.0,63.0,2.0
2023-06-04 20:00:00+00:00,26.75,86.19965,1008.84033,9.0,306.86996,0.0,57.0,2.0
2023-06-04 21:00:00+00:00,26.45,88.7944,1008.1401,10.587918,305.31128,0.0,74.0,2.0
2023-06-04 22:00:00+00:00,26.35,90.125145,1007.9402,12.10157,300.37906,0.1,42.0,51.0
2023-06-04 23:00:00+00:00,26.1,89.83807,1008.2393,13.527572,295.20108,0.2,60.0,51.0
2023-06-05 00:00:00+00:00,26.15,87.71108,1008.4396,11.090103,305.75397,0.2,100.0,51.0
2023-06-05 01:00:00+00:00,25.95,89.8273,1009.03894,13.004922,311.63345,0.4,100.0,51.0
2023-06-05 02:00:00+00:00,26.95,84.6823,1009.34045,11.457958,316.27295,0.0,100.0,3.0
2023-06-05 03:00:00+00:00,28.0,80.594864,1009.94183,12.313894,322.12497,0.1,100.0,51.0
2023-06-05 04:00:00+00:00,28.55,76.89475,1010.24225,15.629971,308.45374,0.2,100.0,51.0
2023-06-05 05:00:00+00:00,29.35,74.07763,1009.9437,16.78156,292.71445,0.2,87.0,51.0
2023-06-05 06:00:00+00:00,29.65,73.464424,1009.6444,17.935081,280.40765,0.1,61.0,51.0
2023-06-05 07:00:00+00:00,29.6,75.45995,1009.0444,19.443333,268.93912,0.1,19.0,51.0
2023-06-05 08:00:00+00:00,29.85,75.49922,1008.34503,17.654688,267.66275,0.0,26.0,1.0
2023-06-05 09:00:00+00:00,28.95,79.761665,1007.84393,21.707731,264.2895,0.3,71.0,51.0
2023-06-05 10:00:00+00:00,29.0,76.73221,1007.3441,19.45333,272.12103,0.1,79.0,51.0
2023-06-05 11:00:00+00:00,26.3,85.639725,1008.1397,20.275383,263.88458,4.1,100.0,63.0
2023-06-05 12:00:00+00:00,27.35,85.743164,1007.84174,17.555307,298.1415,0.2,62.0,51.0
2023-06-05 13:00:00+00:00,27.05,85.45747,1008.4409,15.192682,306.3269,0.1,70.0,51.0
2023-06-05 14:00:00+00:00,26.6,88.80618,1009.0399,13.746156,315.0001,0.0,46.0,1.0
2023-06-05 15:00:00+00:00,26.3,90.12165,1009.8389,13.479583,304.1145,0.1,65.0,51.0
2023-06-05 16:00:00+00:00,26.1,89.301056,1010.53827,11.966954,313.7812,0.1,95.0,51.0
2023-06-05 17:00:00+00:00,26.0,90.37112,1010.3383,11.200571,315.0001,0.1,49.0,51.0
2023-06-05 18:00:00+00:00,25.6,91.16163,1010.8375,17.377226,309.9575,0.3,100.0,51.0
2023-06-05 19:00:00+00:00,25.75,90.89802,1010.4381,15.696165,323.39282,0.1,100.0,51.0
2023-06-05 20:00:00+00:00,25.4,92.52847,1009.6378,14.241629,343.8556,0.1,100.0,51.0
2023-06-05 21:00:00+00:00,24.9,93.06036,1008.6375,12.015589,8.615564,0.0,72.0,2.0
2023-06-05 22:00:00+00:00,24.35,94.448074,1008.2368,11.525623,1.7898695,0.0,99.0,3.0
2023-06-05 23:00:00+00:00,24.3,93.877495,1007.837,12.015589,8.615564,0.0,81.0,3.0
2023-06-06 00:00:00+00:00,25.7,91.99171,1007.63934,13.797913,344.87595,0.0,99.0,3.0
2023-06-06 01:00:00+00:00,25.9,90.36432,1007.9392,13.217443,330.64233,0.0,100.0,3.0
2023-06-06 02:00:00+00:00,26.95,84.9367,1008.6408,13.849477,332.1028,0.0,100.0,3.0
2023-06-06 03:00:00+00:00,28.05,80.84301,1009.0422,13.363711,332.74475,0.0,100.0,3.0
2023-06-06 04:00:00+00:00,29.15,75.389084,1009.64343,19.008545,307.30402,0.1,100.0,51.0
2023-06-06 05:00:00+00:00,29.35,75.42059,1009.5439,20.188908,301.13892,0.5,88.0,53.0
2023-06-06 06:00:00+00:00,29.65,75.242905,1009.14465,22.077717,294.05734,0.2,90.0,51.0
2023-06-06 07:00:00+00:00,29.85,74.3816,1008.5449,21.933426,293.1986,0.0,30.0,1.0
2023-06-06 08:00:00+00:00,30.1,73.32057,1007.8458,22.79684,291.29742,0.1,69.0,51.0
2023-06-06 09:00:00+00:00,29.85,74.3816,1006.9457,22.73707,293.31772,0.0,67.0,2.0
2023-06-06 10:00:00+00:00,29.7,75.02651,1006.4459,21.897945,297.4075,0.0,52.0,2.0
2023-06-06 11:00:00+00:00,29.45,74.98658,1006.2456,21.566973,303.42484,0.1,65.0,51.0
2023-06-06 12:00:00+00:00,29.2,75.623024,1006.345,19.694992,300.7841,0.0,68.0,2.0
2023-06-06 13:00:00+00:00,28.45,79.69471,1006.9438,17.727943,299.1675,0.0,99.0,3.0
2023-06-06 14:00:00+00:00,28.15,81.09794,1007.7428,16.075521,304.046,0.0,100.0,3.0
2023-06-06 15:00:00+00:00,27.95,82.29451,1008.54205,14.689588,306.02747,0.0,100.0,3.0
2023-06-06 16:00:00+00:00,27.3,86.251945,1009.2408,14.386494,301.7014,0.1,97.0,51.0
2023-06-06 17:00:00+00:00,25.4,93.36486,1010.33746,16.595179,294.34106,3.9,100.0,63.0
2023-06-06 18:00:00+00:00,25.85,92.82975,1009.9383,12.387348,324.46225,0.1,80.0,51.0
2023-06-06 19:00:00+00:00,25.55,94.77922,1009.3382,11.966953,338.83865,0.0,70.0,2.0
2023-06-06 20:00:00+00:00,25.2,95.90786,1008.8378,9.693296,328.67136,0.0,75.0,2.0
2023-06-06 21:00:00+00:00,25.0,95.90185,1008.4377,10.495713,329.03632,0.0,100.0,3.0
2023-06-06 22:00:00+00:00,24.75,95.606834,1008.43744,17.429354,308.2902,0.3,98.0,51.0
2023-06-06 23:00:00+00:00,24.8,95.03585,1008.33746,14.277983,303.6901,0.0,100.0,3.0
2023-06-07 00:00:00+00:00,23.9,96.15875,1008.4361,11.013882,11.3098955,0.3,100.0,51.0
2023-06-07 01:00:00+00:00,24.3,93.59432,1008.7366,12.0694,17.354122,0.1,97.0,51.0
2023-06-07 02:00:00+00:00,25.0,91.12374,1009.3372,11.159999,360.0,0.0,100.0,3.0
2023-06-07 03:00:00+00:00,26.05,87.17648,1009.73865,13.138765,350.53775,0.0,100.0,3.0
2023-06-07 04:00:00+00:00,27.85,79.853355,1009.7415,15.124284,321.7661,0.2,100.0,51.0
2023-06-07 05:00:00+00:00,28.45,77.80823,1009.7425,16.854767,289.9832,0.1,86.0,51.0
2023-06-07 06:00:00+00:00,28.75,76.23584,1009.6429,19.33639,294.1791,0.2,99.0,51.0
2023-06-07 07:00:00+00:00,26.45,84.62973,1010.13916,21.980644,301.60745,0.2,100.0,51.0
2023-06-07 08:00:00+00:00,25.75,87.94125,1009.1386,11.966954,313.7812,0.2,100.0,51.0
2023-06-07 09:00:00+00:00,27.95,79.15075,1008.3421,22.59699,300.65057,0.1,100.0,51.0
2023-06-07 10:00:00+00:00,27.35,81.976326,1007.44196,21.924562,299.51138,0.1,100.0,51.0
2023-06-07 11:00:00+00:00,27.2,82.452286,1007.04175,18.514643,296.56497,0.3,99.0,51.0
2023-06-07 12:00:00+00:00,27.05,83.18135,1007.8412,20.633371,312.8789,0.1,100.0,51.0
2023-06-07 13:00:00+00:00,26.75,85.42745,1007.8408,19.513195,322.4958,0.0,60.0,2.0
2023-06-07 14:00:00+00:00,26.15,88.239525,1008.63947,16.171976,343.1785,0.0,40.0,1.0
2023-06-07 15:00:00+00:00,25.35,90.872086,1009.4379,14.205182,351.2539,0.0,29.0,1.0
2023-06-07 16:00:00+00:00,25.15,91.683784,1010.2372,13.849476,351.02744,0.0,100.0,3.0
2023-06-07 17:00:00+00:00,25.1,91.95723,1010.33716,13.722565,355.48608,0.0,54.0,2.0
2023-06-07 18:00:00+00:00,25.25,91.139565,1010.43713,13.493999,350.78906,0.0,93.0,3.0
2023-06-07 19:00:00+00:00,25.15,91.133255,1009.9374,14.332341,348.40787,0.0,100.0,3.0
2023-06-07 20:00:00+00:00,25.25,90.59229,1009.3376,13.779114,340.14468,0.0,100.0,3.0
2023-06-07 21:00:00+00:00,25.4,89.78768,1008.9382,12.245293,335.69547,0.0,100.0,3.0
2023-06-07 22:00:00+00:00,25.4,89.78768,1008.5383,11.503113,339.8636,0.0,100.0,3.0
2023-06-07 23:00:00+00:00,25.15,90.859055,1008.0382,8.427383,340.0168,0.0,96.0,3.0
2023-06-08 00:00:00+00:00,25.4,90.05851,1008.5383,8.4963045,323.61554,0.0,66.0,2.0
2023-06-08 01:00:00+00:00,25.75,90.62569,1009.6384,14.081477,302.47116,0.0,100.0,3.0
2023-06-08 02:00:00+00:00,26.65,85.9319,1010.2394,16.75064,298.21725,0.1,100.0,51.0
2023-06-08 03:00:00+00:00,26.5,85.14588,1011.3386,20.172853,304.82455,1.6,100.0,61.0
2023-06-08 04:00:00+00:00,27.05,82.18689,1010.93976,17.713316,322.43134,0.1,100.0,51.0
2023-06-08 05:00:00+00:00,28.4,76.641556,1010.5421,15.530151,314.06088,0.0,100.0,3.0
2023-06-08 06:00:00+00:00,28.65,75.30994,1010.3425,16.676977,302.6609,0.0,100.0,3.0
2023-06-08 07:00:00+00:00,28.6,76.21282,1010.3425,23.03156,294.96277,0.1,100.0,51.0
2023-06-08 08:00:00+00:00,28.1,79.17135,1009.0422,18.678415,297.55273,2.2,100.0,61.0
2023-06-08 09:00:00+00:00,28.05,78.2191,1008.5424,22.79684,291.29742,0.0,100.0,3.0
2023-06-08 10:00:00+00:00,28.35,76.864685,1007.74304,21.120682,299.62366,0.0,96.0,3.0
2023-06-08 11:00:00+00:00,28.3,77.0886,1007.3432,21.67487,302.10623,0.0,88.0,3.0
2023-06-08 12:00:00+00:00,27.75,81.04737,1007.34235,19.586119,306.02747,0.0,79.0,2.0
2023-06-08 13:00:00+00:00,27.3,81.2343,1008.14124,15.192682,323.67307,0.0,100.0,3.0
2023-06-08 14:00:00+00:00,26.9,83.41471,1008.64044,15.1884165,328.5705,0.0,100.0,3.0
2023-06-08 15:00:00+00:00,26.8,84.92119,1009.8399,15.379206,327.42596,0.0,100.0,3.0
2023-06-08 16:00:00+00:00,26.55,85.66445,1010.0394,14.33234,334.72232,0.0,100.0,3.0
2023-06-08 17:00:00+00:00,26.0,88.75896,1009.5387,10.931203,342.75845,0.0,100.0,3.0
2023-06-08 18:00:00+00:00,25.65,90.34721,1009.2383,10.703569,340.3461,0.0,99.0,3.0
2023-06-08 19:00:00+00:00,25.4,91.14905,1008.9382,7.5942082,328.5705,0.0,96.0,3.0
2023-06-08 20:00:00+00:00,25.25,92.242744,1007.83826,6.792466,327.99466,0.0,100.0,3.0
2023-06-08 21:00:00+00:00,25.05,93.06786,1007.638,7.8954163,335.77228,0.0,100.0,3.0
2023-06-08 22:00:00+00:00,24.65,93.328804,1008.537,13.830749,308.65982,0.3,100.0,51.0
2023-06-08 23:00:00+00:00,23.45,99.398415,1008.33514,4.829907,333.43503,3.6,100.0,63.0
2023-06-09 00:00:00+00:00,24.0,96.16156,1008.2362,5.8048253,330.25522,0.2,90.0,51.0
2023-06-09 01:00:00+00:00,25.55,91.43265,1008.43866,11.4862,327.8043,0.0,100.0,3.0
2023-06-09 02:00:00+00:00,26.5,87.478455,1009.4395,13.779114,326.7251,0.0,100.0,3.0
2023-06-09 03:00:00+00:00,27.55,82.74125,1009.6409,12.594856,329.03632,0.0,100.0,3.0
2023-06-09 04:00:00+00:00,28.25,79.66782,1010.042,16.575644,304.3804,0.3,100.0,51.0
2023-06-09 05:00:00+00:00,28.75,77.619,1009.8428,19.33639,298.9509,0.5,100.0,53.0
2023-06-09 06:00:00+00:00,29.05,76.9696,1009.1437,21.575987,295.7099,0.6,100.0,53.0
2023-06-09 07:00:00+00:00,29.3,75.187386,1008.4444,23.068108,292.9638,0.7,100.0,53.0
2023-06-09 08:00:00+00:00,29.05,76.51051,1007.4445,22.930048,292.13553,0.1,76.0,51.0
2023-06-09 09:00:00+00:00,28.35,80.15938,1006.74347,25.11758,297.2995,2.0,86.0,61.0
2023-06-09 10:00:00+00:00,27.45,84.73458,1006.8422,20.380579,305.65543,2.7,100.0,63.0
2023-06-09 11:00:00+00:00,27.15,83.6936,1006.2421,20.608229,297.01257,0.1,62.0,51.0
2023-06-09 12:00:00+00:00,26.35,86.680954,1007.0406,20.808498,307.26648,0.3,93.0,51.0
2023-06-09 13:00:00+00:00,25.85,87.68528,1007.53937,14.386494,328.2986,0.1,78.0,51.0
2023-06-09 14:00:00+00:00,25.65,88.731255,1008.2387,13.1041975,344.05453,0.0,100.0,3.0
2023-06-09 15:00:00+00:00,25.5,89.52493,1008.83844,10.587917,342.18103,0.0,99.0,3.0
2023-06-09 16:00:00+00:00,25.2,91.96298,1009.1377,9.565437,340.20102,0.1,100.0,51.0
2023-06-09 17:00:00+00:00,24.95,93.624374,1009.2373,11.923557,331.11353,0.1,100.0,51.0
2023-06-09 18:00:00+00:00,25.15,93.07286,1009.0377,12.783802,327.6526,0.1,100.0,51.0
2023-06-09 19:00:00+00:00,24.95,94.188896,1008.4377,13.363711,332.74475,0.0,100.0,3.0
2023-06-09 20:00:00+00:00,24.7,94.17836,1007.83765,11.592895,334.2307,0.0,100.0,3.0
2023-06-09 21:00:00+00:00,24.55,93.888596,1007.5375,13.237039,337.6198,0.0,100.0,3.0
2023-06-09 22:00:00+00:00,24.2,93.87301,1007.73676,11.620809,343.8107,0.1,100.0,51.0
2023-06-09 23:00:00+00:00,23.8,94.71226,1008.43585,16.434305,331.1893,0.7,100.0,53.0
2023-06-10 00:00:00+00:00,25.35,92.803925,1007.53876,12.245293,335.69547,0.5,100.0,53.0
2023-06-10 01:00:00+00:00,25.35,92.803925,1007.8386,14.168641,332.78397,0.0,100.0,3.0
2023-06-10 02:00:00+00:00,26.15,87.447876,1008.63947,16.179985,339.14545,0.0,100.0,3.0
2023-06-10 03:00:00+00:00,27.1,81.94598,1008.9407,18.11841,339.04413,0.0,100.0,3.0
2023-06-10 04:00:00+00:00,28.3,76.626396,1008.9425,16.263872,332.30063,0.0,100.0,3.0
2023-06-10 05:00:00+00:00,29.3,72.31087,1008.74426,21.407139,312.27362,0.0,100.0,3.0
2023-06-10 06:00:00+00:00,29.55,72.571846,1008.64453,19.734436,308.33337,0.1,100.0,51.0
2023-06-10 07:00:00+00:00,30.25,70.550026,1007.64594,18.581022,305.53775,0.1,100.0,51.0
2023-06-10 08:00:00+00:00,30.05,70.7255,1007.04584,19.201874,300.411,0.0,100.0,3.0
2023-06-10 09:00:00+00:00,29.8,72.8327,1006.0461,20.945072,294.36243,0.0,100.0,3.0
2023-06-10 10:00:00+00:00,29.15,76.29715,1005.3454,18.532135,299.0545,0.0,100.0,3.0
2023-06-10 11:00:00+00:00,28.9,77.64089,1005.0452,16.595179,294.34106,0.0,100.0,3.0
2023-06-10 12:00:00+00:00,28.6,77.5971,1006.1444,18.899143,310.36444,0.0,100.0,3.0
2023-06-10 13:00:00+00:00,27.7,82.75869,1006.5427,15.7908325,316.8476,0.0,100.0,3.0
2023-06-10 14:00:00+00:00,27.5,83.232544,1007.1421,15.546833,317.8156,0.0,100.0,3.0
2023-06-10 15:00:00+00:00,27.45,82.23482,1007.84174,16.199999,323.13,0.0,100.0,3.0
2023-06-10 16:00:00+00:00,27.25,82.21088,1008.14124,14.081477,327.52884,0.0,100.0,3.0
2023-06-10 17:00:00+00:00,26.9,83.66585,1008.44055,11.165805,339.22766,0.0,100.0,3.0
2023-06-10 18:00:00+00:00,26.3,85.897865,1007.9398,11.298495,337.5205,0.0,100.0,3.0
2023-06-10 19:00:00+00:00,26.05,87.439125,1007.5396,9.504273,335.37646,0.0,100.0,3.0
2023-06-10 20:00:00+00:00,26.1,87.1809,1006.93994,9.422101,316.5481,0.0,100.0,3.0
2023-06-10 21:00:00+00:00,25.85,89.014275,1006.14,10.233123,320.7106,0.4,100.0,51.0
2023-06-10 22:00:00+00:00,25.5,90.60901,1006.13965,13.104198,307.18478,0.6,43.0,53.0
2023-06-10 23:00:00+00:00,23.8,99.101166,1006.9366,14.021525,330.8026,4.1,100.0,63.0
2023-06-11 00:00:00+00:00,25.85,89.2822,1006.8397,8.089993,339.14545,0.3,100.0,51.0
2023-06-11 01:00:00+00:00,25.75,88.73919,1007.3395,10.739833,346.42953,0.1,38.0,51.0
2023-06-11 02:00:00+00:00,25.75,86.10383,1008.73883,18.391735,356.6336,0.1,75.0,51.0
2023-06-11 03:00:00+00:00,25.4,87.6465,1008.63824,12.6462,355.10098,0.0,98.0,3.0
2023-06-11 04:00:00+00:00,26.55,83.12418,1008.94,13.698934,3.0127327,0.0,94.0,3.0
2023-06-11 05:00:00+00:00,28.55,73.945366,1008.7429,14.81259,334.05774,0.0,63.0,2.0
2023-06-11 06:00:00+00:00,29.7,70.23793,1008.04517,16.563911,312.3574,0.2,71.0,51.0
2023-06-11 07:00:00+00:00,30.2,69.074135,1007.44604,18.374111,304.62424,0.2,61.0,51.0
2023-06-11 08:00:00+00:00,29.55,72.35431,1006.6454,19.386593,301.32864,0.2,65.0,51.0
2023-06-11 09:00:00+00:00,29.8,72.18099,1005.8461,18.057508,293.49857,0.1,41.0,51.0
2023-06-11 10:00:00+00:00,29.15,76.06926,1005.2455,17.58481,292.8906,0.0,61.0,2.0
2023-06-11 11:00:00+00:00,28.8,76.70204,1005.3448,16.62249,287.6502,0.6,67.0,53.0
2023-06-11 12:00:00+00:00,28.7,78.31166,1005.9446,15.459054,297.75842,0.0,60.0,2.0
2023-06-11 13:00:00+00:00,28.05,79.16451,1006.64325,16.575644,304.3804,0.0,43.0,1.0
2023-06-11 14:00:00+00:00,27.6,82.0066,1007.24243,15.277749,304.43906,0.0,40.0,1.0
2023-06-11 15:00:00+00:00,27.35,83.96684,1008.0417,16.489416,306.11945,0.0,87.0,3.0
2023-06-11 16:00:00+00:00,27.25,84.46044,1008.2412,15.30741,311.18582,0.0,75.0,2.0
2023-06-11 17:00:00+00:00,27.0,85.96579,1008.241,13.493999,313.91916,0.0,96.0,3.0
2023-06-11 18:00:00+00:00,26.75,87.50023,1008.1406,10.739832,320.44037,0.0,86.0,3.0
2023-06-11 19:00:00+00:00,26.55,88.80225,1007.84045,10.97262,318.991,0.0,91.0,3.0
2023-06-11 20:00:00+00:00,26.1,91.19303,1007.23975,12.475961,313.83093,0.1,32.0,51.0
2023-06-11 21:00:00+00:00,26.0,91.73411,1006.74,11.019764,308.36752,0.0,100.0,3.0
2023-06-11 22:00:00+00:00,25.8,89.81655,1006.73975,13.779114,303.2749,0.2,100.0,51.0
2023-06-11 23:00:00+00:00,25.8,90.62901,1006.73975,9.686609,318.01288,0.1,100.0,51.0
2023-06-12 00:00:00+00:00,24.15,93.87082,1006.53735,9.007196,357.70944,0.0,82.0,3.0
2023-06-12 01:00:00+00:00,24.7,93.05031,1007.238,8.654986,343.0724,0.4,92.0,51.0
2023-06-12 02:00:00+00:00,24.25,99.401985,1008.7363,9.931042,313.53125,6.0,100.0,63.0
2023-06-12 03:00:00+00:00,24.9,95.61166,1009.4372,13.527572,334.79892,4.8,100.0,63.0
2023-06-12 04:00:00+00:00,24.75,99.404205,1009.0371,11.113451,335.09525,0.5,100.0,53.0
2023-06-12 05:00:00+00:00,27.3,82.46412,1009.44073,15.876775,327.03058,0.3,93.0,51.0
2023-06-12 06:00:00+00:00,28.05,77.75013,1008.64233,15.021105,315.97092,0.1,98.0,51.0
2023-06-12 07:00:00+00:00,28.75,75.09974,1007.4439,13.608762,307.47626,0.1,100.0,51.0
2023-06-12 08:00:00+00:00,28.6,76.21282,1006.7442,17.399586,294.44394,0.0,100.0,3.0
2023-06-12 09:00:00+00:00,28.1,78.93415,1006.24347,16.311613,292.0363,0.0,100.0,3.0
2023-06-12 10:00:00+00:00,27.55,81.51003,1006.0426,15.94601,298.30066,0.0,100.0,3.0
2023-06-12 11:00:00+00:00,27.35,81.976326,1005.9427,16.489416,306.11945,0.0,100.0,3.0
2023-06-12 12:00:00+00:00,27.2,83.95049,1006.542,17.826363,313.36346,0.0,100.0,3.0
2023-06-12 13:00:00+00:00,26.6,87.74957,1007.14075,17.429354,321.70978,0.1,93.0,51.0
2023-06-12 14:00:00+00:00,26.05,90.64562,1007.93945,16.418526,322.12494,0.1,84.0,51.0
2023-06-12 15:00:00+00:00,25.85,91.725266,1008.339,13.0447235,332.02063,0.0,97.0,3.0
2023-06-12 16:00:00+00:00,25.7,92.5445,1009.0387,13.049689,335.55606,0.0,100.0,3.0
2023-06-12 17:00:00+00:00,25.5,93.09027,1009.13824,11.966953,338.83865,0.0,100.0,3.0
2023-06-12 18:00:00+00:00,25.45,93.36721,1009.0381,11.770403,336.5713,0.0,99.0,3.0
2023-06-12 19:00:00+00:00,25.5,93.09027,1008.43866,11.384198,325.30478,0.0,100.0,3.0
2023-06-12 20:00:00+00:00,25.3,93.921715,1007.8386,11.183201,326.82147,0.0,100.0,3.0
2023-06-12 21:00:00+00:00,25.35,93.6428,1007.53876,11.019764,321.63248,0.0,100.0,3.0
2023-06-12 22:00:00+00:00,25.0,94.75831,1007.638,14.277983,303.6901,1.9,100.0,61.0
2023-06-12 23:00:00+00:00,25.05,95.0449,1007.738,11.681987,303.6901,0.6,100.0,53.0
2023-06-13 00:00:00+00:00,24.05,99.10284,1008.3361,12.641076,289.9832,0.0,97.0,3.0
2023-06-13 01:00:00+00:00,24.25,99.10417,1009.0362,7.8954163,294.22772,0.8,100.0,53.0
2023-06-13 02:00:00+00:00,24.35,99.40244,1009.5362,11.177405,284.93146,1.6,100.0,61.0
2023-06-13 03:00:00+00:00,25.0,95.04306,1009.837,13.479583,304.1145,0.5,100.0,53.0
2023-06-13 04:00:00+00:00,26.2,88.77473,1010.1388,11.808878,322.43134,0.1,100.0,51.0
2023-06-13 05:00:00+00:00,28.05,78.690575,1009.54193,15.192682,306.3269,0.1,100.0,51.0
2023-06-13 06:00:00+00:00,28.25,77.3132,1009.0424,19.483284,297.5119,0.3,100.0,51.0
2023-06-13 07:00:00+00:00,29.0,74.24265,1008.44366,19.161337,295.60214,0.2,99.0,51.0
2023-06-13 08:00:00+00:00,29.1,74.706116,1007.64435,19.64228,296.09537,0.1,59.0,51.0
2023-06-13 09:00:00+00:00,28.95,75.81081,1007.0443,22.077717,294.05734,0.5,73.0,53.0
2023-06-13 10:00:00+00:00,28.45,78.041885,1006.444,21.659916,291.4478,0.2,95.0,51.0
2023-06-13 11:00:00+00:00,28.2,79.1851,1006.3436,21.575987,295.7099,0.1,56.0,51.0
2023-06-13 12:00:00+00:00,27.15,84.70327,1006.94183,17.581125,312.5104,0.1,68.0,51.0
2023-06-13 13:00:00+00:00,26.55,88.53701,1007.6405,16.563911,312.3574,0.3,94.0,51.0
2023-06-13 14:00:00+00:00,26.5,88.26828,1008.33997,16.563911,317.64258,0.1,100.0,51.0
2023-06-13 15:00:00+00:00,26.4,89.056725,1009.0397,16.992609,323.61554,0.0,100.0,3.0
2023-06-13 16:00:00+00:00,26.25,89.58023,1009.53906,15.192682,323.67307,0.0,100.0,3.0
2023-06-13 17:00:00+00:00,26.1,90.10767,1009.73865,15.30741,318.81415,0.1,97.0,51.0
2023-06-13 18:00:00+00:00,25.95,90.367714,1009.83856,14.336861,321.1155,0.0,100.0,3.0
2023-06-13 19:00:00+00:00,25.65,91.98888,1009.3382,16.08761,319.53784,0.0,94.0,3.0
2023-06-13 20:00:00+00:00,25.55,91.98313,1008.83844,17.826363,316.63654,0.1,100.0,51.0
2023-06-13 21:00:00+00:00,25.6,92.26222,1008.83844,17.377226,320.0425,0.1,100.0,51.0
2023-06-13 22:00:00+00:00,25.45,90.87857,1008.8382,17.31746,316.68463,0.3,100.0,51.0
2023-06-13 23:00:00+00:00,25.1,92.5123,1009.0377,18.161278,320.63068,0.2,100.0,51.0
2023-06-14 00:00:00+00:00,24.95,93.06284,1009.73706,18.335276,313.4089,0.0,100.0,3.0
2023-06-14 01:00:00+00:00,25.2,92.79616,1010.0373,18.440998,321.34018,0.1,100.0,51.0
2023-06-14 02:00:00+00:00,25.4,92.80652,1010.7373,15.175612,337.69376,0.1,96.0,51.0
2023-06-14 03:00:00+00:00,25.85,88.480576,1011.4376,14.689589,342.8972,0.0,100.0,3.0
2023-06-14 04:00:00+00:00,27.0,82.67692,1011.7394,18.668005,320.4774,0.2,89.0,51.0
2023-06-14 05:00:00+00:00,28.3,77.55325,1011.24146,19.881649,317.93573,0.1,76.0,51.0
2023-06-14 06:00:00+00:00,29.2,72.72984,1010.8429,22.545315,308.51697,0.1,22.0,51.0
2023-06-14 07:00:00+00:00,29.45,72.772766,1009.844,22.768396,304.69522,0.1,100.0,51.0
2023-06-14 08:00:00+00:00,29.35,74.07763,1009.14404,22.66857,302.68054,0.0,97.0,3.0
2023-06-14 09:00:00+00:00,29.55,73.889,1008.1447,23.469128,302.47116,0.0,47.0,1.0
2023-06-14 10:00:00+00:00,29.1,76.289505,1007.4445,23.0653,304.18616,0.0,94.0,3.0
2023-06-14 11:00:00+00:00,28.85,77.63357,1007.2442,21.175837,305.31128,0.0,93.0,3.0
2023-06-14 12:00:00+00:00,28.6,76.21282,1007.24396,22.42427,312.39737,0.0,33.0,1.0
2023-06-14 13:00:00+00:00,27.85,79.37514,1007.84235,20.421871,310.71075,0.0,100.0,3.0
2023-06-14 14:00:00+00:00,27.75,79.361496,1008.74176,21.166653,318.44748,0.0,100.0,3.0
2023-06-14 15:00:00+00:00,27.35,80.75331,1009.6409,20.969807,325.4914,0.0,100.0,3.0
2023-06-14 16:00:00+00:00,27.25,79.293106,1009.9405,19.969458,326.0234,0.0,100.0,3.0
2023-06-14 17:00:00+00:00,27.1,80.23569,1009.94025,19.586119,323.97253,0.0,100.0,3.0
2023-06-14 18:00:00+00:00,26.8,81.41672,1009.7399,18.359999,331.9276,0.0,94.0,3.0
2023-06-14 19:00:00+00:00,26.55,83.12418,1009.2398,16.58346,332.87878,0.0,100.0,3.0
2023-06-14 20:00:00+00:00,26.35,84.619194,1008.8397,15.137133,334.65387,0.0,99.0,3.0
2023-06-14 21:00:00+00:00,26.25,85.12032,1008.3396,13.854155,335.43283,0.0,99.0,3.0
2023-06-14 22:00:00+00:00,26.05,85.87346,1008.2393,13.237039,337.6198,0.0,84.0,3.0
2023-06-14 23:00:00+00:00,25.95,87.43036,1008.5392,12.496718,318.50363,0.0,100.0,3.0
2023-06-15 00:00:00+00:00,26.4,86.94627,1008.8397,15.9134655,307.64767,0.1,100.0,51.0
2023-06-15 01:00:00+00:00,26.4,87.20769,1009.33954,15.696165,323.39282,0.0,54.0,2.0
2023-06-15 02:00:00+00:00,27.0,84.94185,1010.04016,16.485485,328.39255,0.0,97.0,3.0
2023-06-15 03:00:00+00:00,27.45,82.481865,1010.4406,15.1884165,328.5705,0.0,91.0,3.0
2023-06-15 04:00:00+00:00,28.6,76.21282,1010.7424,19.64228,318.7154,0.0,89.0,3.0
2023-06-15 05:00:00+00:00,28.65,76.909744,1010.44257,23.277834,309.3517,0.1,100.0,51.0
2023-06-15 06:00:00+00:00,29.35,74.970604,1009.9437,23.277834,309.3517,0.1,98.0,51.0
2023-06-15 07:00:00+00:00,29.5,74.99459,1008.9444,24.464113,302.98853,0.1,100.0,51.0
2023-06-15 08:00:00+00:00,29.3,77.23698,1008.2445,23.86341,303.92984,0.0,100.0,3.0
2023-06-15 09:00:00+00:00,29.0,78.354225,1007.3441,24.363249,304.15976,0.0,98.0,3.0
2023-06-15 10:00:00+00:00,29.05,78.59541,1006.64484,23.269482,304.91946,0.0,87.0,3.0
2023-06-15 11:00:00+00:00,28.8,78.79534,1006.8441,22.180206,305.75397,0.0,98.0,3.0
2023-06-15 12:00:00+00:00,28.75,78.084885,1007.4439,21.385939,306.09836,0.0,99.0,3.0
2023-06-15 13:00:00+00:00,27.85,82.52904,1007.9423,20.240198,308.50067,0.0,92.0,3.0
2023-06-15 14:00:00+00:00,27.4,84.72939,1008.9413,18.35647,318.1799,0.0,64.0,2.0
2023-06-15 15:00:00+00:00,27.25,84.71371,1009.54065,16.78156,324.6051,0.0,6.0,0.0
2023-06-15 16:00:00+00:00,27.05,85.71373,1009.8403,14.277983,326.3099,0.0,14.0,0.0
2023-06-15 17:00:00+00:00,26.8,86.98249,1009.9399,15.1884165,328.5705,0.0,32.0,1.0
2023-06-15 18:00:00+00:00,26.65,87.75389,1010.0394,15.496736,329.2646,0.0,99.0,3.0
2023-06-15 19:00:00+00:00,26.5,88.532974,1009.5394,14.88242,327.84772,0.0,92.0,3.0
2023-06-15 20:00:00+00:00,26.2,90.384766,1008.9394,16.199999,323.13,0.0,88.0,3.0
2023-06-15 21:00:00+00:00,26.2,90.384766,1008.63947,15.778516,325.2221,0.0,87.0,3.0
2023-06-15 22:00:00+00:00,26.05,90.374565,1008.13934,15.0038395,329.74365,0.0,33.0,1.0
2023-06-15 23:00:00+00:00,25.75,91.9946,1008.1391,15.496736,329.2646,0.0,32.0,1.0
2023-06-16 00:00:00+00:00,26.65,89.87748,1007.84045,16.279802,324.9041,0.0,38.0,1.0
2023-06-16 01:00:00+00:00,26.55,89.60227,1008.2403,16.610792,330.1012,0.0,39.0,1.0
2023-06-16 02:00:00+00:00,26.95,87.51761,1009.14056,18.057508,336.5014,0.0,40.0,1.0
2023-06-16 03:00:00+00:00,27.6,85.003586,1009.8412,18.532133,335.9245,0.4,20.0,51.0
2023-06-16 04:00:00+00:00,28.5,79.2262,1010.04236,18.278645,327.87503,0.3,77.0,51.0
2023-06-16 05:00:00+00:00,29.6,71.284195,1009.944,20.111729,314.27487,1.0,63.0,55.0
2023-06-16 06:00:00+00:00,29.4,73.42243,1009.5439,21.096123,306.67444,0.5,97.0,53.0
2023-06-16 07:00:00+00:00,29.85,71.97364,1008.6449,22.065973,303.6901,0.2,67.0,51.0
2023-06-16 08:00:00+00:00,29.85,71.97364,1007.7453,23.993399,297.7184,0.1,16.0,51.0
2023-06-16 09:00:00+00:00,29.65,72.80706,1006.9457,23.847115,298.88647,0.0,17.0,0.0
2023-06-16 10:00:00+00:00,29.55,72.13738,1006.44556,24.696104,300.6772,0.0,9.0,0.0
2023-06-16 11:00:00+00:00,29.35,71.88581,1006.4453,24.20314,300.37906,0.0,11.0,0.0
2023-06-16 12:00:00+00:00,29.1,74.259026,1006.7448,23.469128,302.47116,0.0,18.0,0.0
2023-06-16 13:00:00+00:00,28.25,78.48279,1007.2432,20.883102,305.88223,0.0,26.0,1.0
2023-06-16 14:00:00+00:00,27.9,79.860085,1008.2422,19.64228,311.2846,0.0,20.0,1.0
2023-06-16 15:00:00+00:00,27.7,80.79823,1009.34143,18.335276,313.4089,0.0,88.0,3.0
2023-06-16 16:00:00+00:00,27.5,81.503784,1009.8408,17.10284,319.26797,0.0,100.0,3.0
2023-06-16 17:00:00+00:00,27.25,82.21088,1009.9405,16.641972,321.1466,0.0,100.0,3.0
2023-06-16 18:00:00+00:00,26.85,83.91215,1009.8399,15.408671,322.59457,0.0,98.0,3.0
2023-06-16 19:00:00+00:00,26.5,85.14588,1009.33954,14.186923,324.2932,0.0,16.0,0.0
2023-06-16 20:00:00+00:00,26.2,86.14707,1008.53955,13.979872,325.4914,0.0,34.0,1.0
2023-06-16 21:00:00+00:00,25.7,88.468445,1008.339,15.530151,315.9391,0.0,71.0,2.0
2023-06-16 22:00:00+00:00,25.75,87.94125,1008.1391,14.57889,327.09476,0.0,100.0,3.0
2023-06-16 23:00:00+00:00,25.65,88.731255,1008.43866,13.237039,337.6198,0.0,100.0,3.0
2023-06-17 00:00:00+00:00,25.7,89.8093,1008.8388,9.693296,338.19852,0.0,100.0,3.0
2023-06-17 01:00:00+00:00,25.5,91.98026,1009.13824,11.165805,339.22766,0.0,100.0,3.0
2023-06-17 02:00:00+00:00,26.0,85.86857,1009.83856,13.779114,340.14468,0.1,100.0,51.0
2023-06-17 03:00:00+00:00,27.15,81.460335,1010.24036,10.931203,342.75845,0.0,100.0,3.0
2023-06-17 04:00:00+00:00,27.65,79.34787,1010.6408,15.021105,315.97092,0.1,100.0,51.0
2023-06-17 05:00:00+00:00,28.1,78.22625,1010.74146,18.391737,310.23627,0.5,100.0,53.0
2023-06-17 06:00:00+00:00,28.45,75.732765,1010.24225,16.595179,294.34106,0.1,100.0,51.0
2023-06-17 07:00:00+00:00,28.0,78.92027,1009.7419,17.654688,290.28265,0.3,100.0,51.0
2023-06-17 08:00:00+00:00,28.3,75.70929,1009.0424,17.76081,287.7005,0.0,100.0,3.0
2023-06-17 09:00:00+00:00,28.15,78.46866,1008.34247,16.394829,289.23077,0.1,100.0,51.0
2023-06-17 10:00:00+00:00,28.25,77.545906,1007.94293,18.331741,289.50253,0.0,100.0,3.0
2023-06-17 11:00:00+00:00,26.45,81.8667,1008.1401,18.504139,307.09293,0.6,100.0,53.0
2023-06-17 12:00:00+00:00,27.55,81.26569,1008.4415,14.291592,310.91428,0.2,100.0,51.0
2023-06-17 13:00:00+00:00,27.0,83.42596,1008.6408,12.88981,305.9098,0.0,100.0,3.0
2023-06-17 14:00:00+00:00,26.6,85.15609,1009.43976,11.720751,312.5104,0.0,100.0,3.0
2023-06-17 15:00:00+00:00,26.4,86.425575,1010.13916,10.703569,317.72638,0.0,100.0,3.0
2023-06-17 16:00:00+00:00,26.15,88.239525,1010.7385,9.387651,327.52884,0.0,100.0,3.0
2023-06-17 17:00:00+00:00,25.95,89.8273,1010.9381,9.449572,319.63553,0.1,100.0,51.0
2023-06-17 18:00:00+00:00,25.7,90.8948,1010.8379,8.78872,325.0079,0.0,99.0,3.0
2023-06-17 19:00:00+00:00,25.5,91.15535,1010.2378,11.753876,319.9698,0.1,100.0,51.0
2023-06-17 20:00:00+00:00,25.35,90.872086,1009.53784,13.004922,318.36655,0.1,37.0,51.0
2023-06-17 21:00:00+00:00,25.3,90.86884,1009.0381,13.783817,319.23648,0.0,98.0,3.0
2023-06-17 22:00:00+00:00,25.35,90.05498,1008.4384,13.551501,320.38934,0.0,93.0,3.0
2023-06-17 23:00:00+00:00,25.3,89.78044,1008.63824,15.072783,319.84406,0.0,100.0,3.0
2023-06-18 00:00:00+00:00,25.75,89.27463,1008.9388,15.629971,331.07367,0.0,100.0,3.0
2023-06-18 01:00:00+00:00,25.6,91.16163,1009.0383,14.003029,342.03076,0.0,90.0,3.0
2023-06-18 02:00:00+00:00,25.9,89.285995,1009.53845,12.641076,340.0168,0.0,53.0,2.0
2023-06-18 03:00:00+00:00,26.7,84.65604,1010.1394,17.10284,319.26797,0.1,100.0,51.0
2023-06-18 04:00:00+00:00,27.35,80.996605,1010.24066,19.453327,308.991,0.1,85.0,51.0
2023-06-18 05:00:00+00:00,28.05,77.51659,1010.04175,19.586119,306.02747,0.1,100.0,51.0
2023-06-18 06:00:00+00:00,28.9,74.22624,1009.34326,22.366402,303.17853,0.2,100.0,51.0
2023-06-18 07:00:00+00:00,28.95,74.906456,1008.7435,23.893261,300.81564,0.2,100.0,51.0
2023-06-18 08:00:00+00:00,29.25,73.617905,1008.1445,22.870626,298.1785,0.0,100.0,3.0
2023-06-18 09:00:00+00:00,28.7,75.99968,1007.4439,22.539564,296.56497,0.0,100.0,3.0
2023-06-18 10:00:00+00:00,28.25,78.24766,1006.9434,22.366402,303.17853,0.0,100.0,3.0
2023-06-18 11:00:00+00:00,28.05,79.4024,1007.0431,20.08916,306.25394,0.0,100.0,3.0
2023-06-18 12:00:00+00:00,27.9,79.143875,1007.84235,19.174856,309.66782,0.0,100.0,3.0
2023-06-18 13:00:00+00:00,27.35,80.75331,1008.2416,17.84816,311.72943,0.0,100.0,3.0
2023-06-18 14:00:00+00:00,27.1,80.72113,1008.4409,15.7908325,313.1524,0.0,100.0,3.0
2023-06-18 15:00:00+00:00,26.7,83.39211,1009.0399,13.513193,318.23978,0.0,100.0,3.0
2023-06-18 16:00:00+00:00,26.35,85.64466,1009.7394,12.287555,328.17258,0.0,100.0,3.0
2023-06-18 17:00:00+00:00,25.95,87.6939,1009.93854,11.212135,317.6026,0.0,100.0,3.0
2023-06-18 18:00:00+00:00,25.55,90.06907,1009.5381,10.739832,320.44037,0.0,99.0,3.0
2023-06-18 19:00:00+00:00,25.35,90.872086,1009.0381,8.669949,318.36655,0.0,93.0,3.0
2023-06-18 20:00:00+00:00,25.15,91.960144,1008.43805,8.854829,333.43503,0.0,96.0,3.0
2023-06-18 21:00:00+00:00,24.9,93.06036,1008.03784,10.97262,318.991,0.1,100.0,51.0
2023-06-18 22:00:00+00:00,25.0,90.84926,1008.03784,14.264361,317.0454,0.1,100.0,51.0
2023-06-18 23:00:00+00:00,24.6,92.20646,1007.6374,12.074766,333.43503,0.2,80.0,51.0
2023-06-19 00:00:00+00:00,24.95,93.90625,1007.33813,12.904882,337.01126,0.0,100.0,3.0
2023-06-19 01:00:00+00:00,25.05,92.788376,1007.4381,12.0694,342.64587,0.0,100.0,3.0
2023-06-19 02:00:00+00:00,25.15,90.859055,1008.43805,11.966953,338.83865,0.0,100.0,3.0
2023-06-19 03:00:00+00:00,26.45,83.36384,1008.7398,14.81259,334.05774,0.0,100.0,3.0
2023-06-19 04:00:00+00:00,26.95,81.4354,1008.8407,14.84318,337.1663,0.0,100.0,3.0
2023-06-19 05:00:00+00:00,28.0,76.812004,1008.64233,13.755579,317.1211,0.2,100.0,51.0
2023-06-19 06:00:00+00:00,28.15,76.60363,1008.64233,16.42247,296.0033,0.3,100.0,51.0
2023-06-19 07:00:00+00:00,28.3,76.16665,1007.94293,16.862455,286.1135,0.2,100.0,51.0
2023-06-19 08:00:00+00:00,28.35,76.17433,1007.2432,18.792551,290.17075,0.0,100.0,3.0
2023-06-19 09:00:00+00:00,28.55,76.43441,1006.344,20.730501,290.3232,0.0,100.0,3.0
2023-06-19 10:00:00+00:00,28.35,77.560524,1005.8439,21.933426,293.1986,0.1,100.0,51.0
2023-06-19 11:00:00+00:00,27.7,79.59369,1005.6431,19.201874,300.411,0.2,100.0,51.0
2023-06-19 12:00:00+00:00,27.2,84.96248,1005.9423,17.388409,297.09546,0.6,100.0,53.0
2023-06-19 13:00:00+00:00,26.65,86.70866,1006.3411,15.141414,298.3929,0.1,86.0,51.0
2023-06-19 14:00:00+00:00,26.05,89.02976,1006.74,14.05845,320.1945,0.1,98.0,51.0
2023-06-19 15:00:00+00:00,25.85,90.9045,1007.43945,14.480773,325.1246,0.2,58.0,51.0
2023-06-19 16:00:00+00:00,25.5,92.25666,1007.639,11.298495,337.5205,0.0,61.0,2.0
2023-06-19 17:00:00+00:00,25.2,93.07535,1007.73834,10.829958,338.5522,0.0,53.0,2.0
2023-06-19 18:00:00+00:00,25.1,92.790955,1007.3385,10.636766,336.0375,0.0,91.0,3.0
2023-06-19 19:00:00+00:00,24.95,93.06284,1007.13824,9.360001,337.3801,0.0,58.0,2.0
2023-06-19 20:00:00+00:00,24.9,93.06036,1006.8384,7.342588,348.6901,0.0,39.0,1.0
2023-06-19 21:00:00+00:00,24.55,94.74111,1006.438,6.849467,356.98727,0.0,99.0,3.0
2023-06-19 22:00:00+00:00,24.45,95.30976,1006.23773,8.766573,340.8209,0.1,100.0,51.0
2023-06-19 23:00:00+00:00,24.4,95.02133,1006.23773,10.495713,337.8336,0.1,100.0,51.0
2023-06-20 00:00:00+00:00,25.3,93.921715,1005.9395,10.948973,332.5925,0.0,92.0,3.0
2023-06-20 01:00:00+00:00,25.4,92.80652,1006.73914,10.587918,324.6887,0.0,100.0,3.0
2023-06-20 02:00:00+00:00,25.95,88.75499,1007.23975,13.281023,327.17145,0.1,100.0,51.0
2023-06-20 03:00:00+00:00,26.6,84.64552,1007.84045,15.077082,326.68936,0.0,100.0,3.0
2023-06-20 04:00:00+00:00,27.5,80.77256,1008.0417,12.7279215,315.0001,0.0,100.0,3.0
2023-06-20 05:00:00+00:00,28.1,77.7574,1007.9427,16.179987,302.27563,0.0,100.0,3.0
2023-06-20 06:00:00+00:00,28.5,76.426765,1007.8433,17.906157,300.17343,0.0,100.0,3.0
2023-06-20 07:00:00+00:00,28.25,77.08114,1007.04333,17.917007,292.4428,0.0,100.0,3.0
2023-06-20 08:00:00+00:00,28.4,75.95321,1006.2441,17.595861,300.76263,0.0,100.0,3.0
2023-06-20 09:00:00+00:00,28.6,74.85018,1005.54474,18.678415,297.55273,0.0,100.0,3.0
2023-06-20 10:00:00+00:00,28.55,75.52093,1005.0446,20.456745,298.36896,0.0,100.0,3.0
2023-06-20 11:00:00+00:00,28.2,79.1851,1005.04425,18.532135,299.0545,0.0,100.0,3.0
2023-06-20 12:00:00+00:00,27.8,81.29701,1005.4435,17.238699,298.70584,0.0,100.0,3.0
2023-06-20 13:00:00+00:00,27.0,85.70878,1005.64215,14.88242,302.15228,0.0,100.0,3.0
2023-06-20 14:00:00+00:00,26.6,86.964386,1006.1412,12.475961,313.83093,0.0,100.0,3.0
2023-06-20 15:00:00+00:00,26.35,87.72821,1007.1405,9.290511,324.46225,0.0,100.0,3.0
2023-06-20 16:00:00+00:00,26.05,89.297295,1007.8395,8.891343,328.24057,0.0,100.0,3.0
2023-06-20 17:00:00+00:00,25.75,90.89802,1008.0392,7.7879906,326.3099,0.0,100.0,3.0
2023-06-20 18:00:00+00:00,25.5,92.81169,1008.0388,8.78872,304.9921,0.0,100.0,3.0
2023-06-20 19:00:00+00:00,25.5,91.98026,1007.73895,10.739832,309.55963,0.3,100.0,51.0
2023-06-20 20:00:00+00:00,25.15,92.793564,1007.2386,10.587918,305.31128,0.4,100.0,51.0
2023-06-20 21:00:00+00:00,24.9,95.89889,1006.8384,7.491114,305.21768,0.1,100.0,51.0
2023-06-20 22:00:00+00:00,24.35,97.33551,1007.03735,12.031756,308.92755,0.5,100.0,53.0
2023-06-20 23:00:00+00:00,24.4,95.595566,1007.13727,7.9932966,324.16226,1.6,100.0,61.0
2023-06-21 00:00:00+00:00,25.4,91.14905,1006.53925,9.19939,300.57913,0.0,100.0,3.0
2023-06-21 01:00:00+00:00,25.25,91.68969,1007.2386,10.383987,303.6901,0.1,100.0,51.0
2023-06-21 02:00:00+00:00,25.6,88.460335,1007.73895,10.296251,323.53067,0.0,100.0,3.0
2023-06-21 03:00:00+00:00,26.25,85.377205,1008.53955,11.457958,313.72705,0.0,100.0,3.0
2023-06-21 04:00:00+00:00,26.9,83.164215,1008.54047,11.681987,303.6901,0.1,100.0,51.0
2023-06-21 05:00:00+00:00,27.6,81.02834,1008.94165,11.304229,307.23492,0.0,100.0,3.0
2023-06-21 06:00:00+00:00,28.1,77.29103,1008.64233,12.594856,300.96368,0.0,100.0,3.0
2023-06-21 07:00:00+00:00,28.15,76.83463,1008.04266,13.708391,283.67133,0.0,100.0,3.0
2023-06-21 08:00:00+00:00,28.15,76.60363,1007.34296,13.698934,273.01273,0.0,100.0,3.0
2023-06-21 09:00:00+00:00,28.2,76.842155,1006.5436,14.05845,272.9356,0.0,100.0,3.0
2023-06-21 10:00:00+00:00,28.2,77.77194,1006.14374,11.659777,278.88058,0.0,100.0,3.0
2023-06-21 11:00:00+00:00,27.85,79.853355,1005.94324,13.276144,282.5288,0.0,100.0,3.0
2023-06-21 12:00:00+00:00,27.3,82.71206,1006.6419,12.245293,294.30453,0.0,100.0,3.0
2023-06-21 13:00:00+00:00,26.7,86.973434,1007.34064,10.495713,300.96368,0.0,100.0,3.0
2023-06-21 14:00:00+00:00,26.35,89.31988,1007.8402,10.948973,316.33215,0.0,100.0,3.0
2023-06-21 15:00:00+00:00,26.3,89.583954,1008.3396,10.195057,317.86246,0.0,100.0,3.0
2023-06-21 16:00:00+00:00,26.15,90.92385,1008.83936,9.422101,316.5481,0.0,100.0,3.0
2023-06-21 17:00:00+00:00,26.0,91.73411,1009.13885,10.009036,322.3057,0.1,100.0,51.0
2023-06-21 18:00:00+00:00,25.7,92.5445,1008.9388,15.629971,321.54626,0.1,100.0,51.0
2023-06-21 19:00:00+00:00,25.7,90.35064,1008.1391,13.18308,325.0079,0.0,100.0,3.0
2023-06-21 20:00:00+00:00,25.35,91.971634,1007.63873,12.397806,334.17905,0.0,100.0,3.0
2023-06-21 21:00:00+00:00,25.15,92.51503,1007.2386,12.43434,337.8905,0.0,100.0,3.0
2023-06-21 22:00:00+00:00,25.05,93.06786,1007.03827,9.693296,338.19852,0.0,100.0,3.0
2023-06-21 23:00:00+00:00,24.7,94.462234,1007.038,9.504273,335.37646,0.0,100.0,3.0
2023-06-22 00:00:00+00:00,25.3,92.5231,1007.33887,9.793058,342.8972,0.0,100.0,3.0
2023-06-22 01:00:00+00:00,25.25,92.520386,1007.83826,9.346143,344.3577,0.0,100.0,3.0
2023-06-22 02:00:00+00:00,26.1,88.23542,1008.4392,10.233123,320.7106,0.0,100.0,3.0
2023-06-22 03:00:00+00:00,26.8,84.15931,1008.9403,15.03835,317.91092,0.1,100.0,51.0
2023-06-22 04:00:00+00:00,27.4,81.00299,1009.1412,14.982228,324.78232,0.0,100.0,3.0
2023-06-22 05:00:00+00:00,28.45,76.189735,1008.7429,14.021525,311.87778,0.0,100.0,3.0
2023-06-22 06:00:00+00:00,29.05,73.584465,1008.34406,16.58346,297.12122,0.0,100.0,3.0
2023-06-22 07:00:00+00:00,28.8,75.33373,1007.5438,18.671474,289.13373,0.0,100.0,3.0
2023-06-22 08:00:00+00:00,28.35,78.9688,1007.04333,19.592731,290.43292,0.0,100.0,3.0
2023-06-22 09:00:00+00:00,28.85,76.93966,1006.84436,20.991426,292.16638,0.0,89.0,3.0
2023-06-22 10:00:00+00:00,28.85,75.341606,1006.2447,20.608229,297.01257,0.0,96.0,3.0
2023-06-22 11:00:00+00:00,28.4,77.33537,1006.344,21.924562,299.51138,0.0,88.0,3.0
2023-06-22 12:00:00+00:00,27.65,80.79181,1006.3428,17.87718,295.01685,0.0,85.0,3.0
2023-06-22 13:00:00+00:00,27.1,84.19171,1006.7417,16.904673,296.56497,0.0,100.0,3.0
2023-06-22 14:00:00+00:00,26.85,85.69403,1007.54095,14.982228,305.21768,0.0,100.0,3.0
2023-06-22 15:00:00+00:00,26.8,86.20442,1008.1406,14.773164,316.9749,0.0,85.0,3.0
2023-06-22 16:00:00+00:00,26.65,86.70866,1008.5401,15.192682,323.67307,0.0,100.0,3.0
2023-06-22 17:00:00+00:00,26.5,86.17579,1009.0397,14.77755,325.92276,0.0,100.0,3.0
2023-06-22 18:00:00+00:00,26.15,85.88322,1008.73944,14.182355,336.0375,0.0,100.0,3.0
2023-06-22 19:00:00+00:00,25.6,87.13616,1008.6385,14.81259,334.05774,0.0,100.0,3.0
2023-06-22 20:00:00+00:00,25.5,87.655106,1008.3386,14.021525,330.8026,0.0,100.0,3.0
2023-06-22 21:00:00+00:00,25.1,90.3094,1008.1381,13.217443,330.64233,0.0,100.0,3.0
2023-06-22 22:00:00+00:00,25.2,90.316315,1007.63837,12.72283,334.8852,0.0,100.0,3.0
2023-06-22 23:00:00+00:00,24.85,91.94281,1007.43787,11.631956,338.19852,0.0,100.0,3.0
2023-06-23 00:00:00+00:00,25.5,91.15535,1007.73895,10.390226,345.9637,0.0,100.0,3.0
2023-06-23 01:00:00+00:00,25.55,90.885086,1008.2387,9.178235,348.6901,0.0,100.0,3.0
2023-06-23 02:00:00+00:00,26.35,86.94175,1008.5399,7.208994,357.13766,0.0,98.0,3.0
2023-06-23 03:00:00+00:00,27.9,79.143875,1009.24176,9.793059,323.97253,0.1,100.0,51.0
2023-06-23 04:00:00+00:00,28.7,75.99968,1009.343,13.584932,302.00534,0.3,100.0,51.0
2023-06-23 05:00:00+00:00,29.45,73.43084,1009.1443,15.379206,290.55612,0.5,100.0,53.0
2023-06-23 06:00:00+00:00,29.7,70.87473,1008.7449,17.811815,284.03625,0.2,100.0,51.0
2023-06-23 07:00:00+00:00,29.6,71.07012,1008.34467,19.562946,282.75754,0.1,100.0,51.0
2023-06-23 08:00:00+00:00,29.25,73.617905,1007.5448,20.275385,286.50443,0.1,100.0,51.0
2023-06-23 09:00:00+00:00,29.5,72.345634,1007.1452,20.188908,291.99118,0.1,100.0,51.0
2023-06-23 10:00:00+00:00,29.05,73.80601,1006.44495,22.79684,291.29742,0.2,100.0,51.0
2023-06-23 11:00:00+00:00,28.25,78.24766,1006.4436,23.18579,295.76926,0.1,94.0,51.0
2023-06-23 12:00:00+00:00,27.8,79.60722,1006.84283,19.770523,303.11136,0.0,99.0,3.0
2023-06-23 13:00:00+00:00,27.25,82.70618,1007.4416,17.208603,307.34943,0.0,100.0,3.0
2023-06-23 14:00:00+00:00,27.1,83.18704,1008.141,16.563911,312.3574,0.0,100.0,3.0
2023-06-23 15:00:00+00:00,26.65,84.39661,1008.83997,20.620804,315.70724,0.0,100.0,3.0
2023-06-23 16:00:00+00:00,26.25,84.86416,1009.43915,16.489416,323.88055,0.0,100.0,3.0
2023-06-23 17:00:00+00:00,25.9,86.37844,1009.33856,15.496736,329.2646,0.0,100.0,3.0
2023-06-23 18:00:00+00:00,25.8,86.10864,1009.33856,15.459054,332.24155,0.0,100.0,3.0
2023-06-23 19:00:00+00:00,25.55,86.86889,1008.83844,14.658676,335.32315,0.0,100.0,3.0
2023-06-23 20:00:00+00:00,25.3,87.63784,1008.3384,13.854155,335.43283,0.0,100.0,3.0
2023-06-23 21:00:00+00:00,25.1,88.95604,1007.83826,13.708391,336.8014,0.0,99.0,3.0
2023-06-23 22:00:00+00:00,24.7,91.104675,1007.73773,14.799459,341.56494,0.0,100.0,3.0
2023-06-23 23:00:00+00:00,24.5,91.64491,1007.6374,12.181625,341.02948,0.0,100.0,3.0
2023-06-24 00:00:00+00:00,25.35,90.872086,1007.43884,11.620809,343.8107,0.0,100.0,3.0
2023-06-24 01:00:00+00:00,25.0,92.22882,1007.8379,10.805999,358.09088,0.0,100.0,3.0
2023-06-24 02:00:00+00:00,26.1,86.91904,1008.2393,10.805999,358.09088,0.0,100.0,3.0
2023-06-24 03:00:00+00:00,27.75,78.17618,1008.3419,11.620809,343.8107,0.0,100.0,3.0
2023-06-24 04:00:00+00:00,29.25,70.36713,1008.5443,16.055355,317.72638,0.2,100.0,51.0
2023-06-24 05:00:00+00:00,29.95,66.37041,1008.6451,16.704155,307.11694,0.0,100.0,3.0
2023-06-24 06:00:00+00:00,30.25,65.03981,1008.34564,19.319628,296.56497,0.0,100.0,3.0
2023-06-24 07:00:00+00:00,30.0,66.98529,1008.0454,21.53089,290.55612,0.1,100.0,51.0
2023-06-24 08:00:00+00:00,29.5,69.98974,1007.54504,20.833395,288.12195,0.1,100.0,51.0
2023-06-24 09:00:00+00:00,29.25,71.652054,1006.8451,20.082708,284.5345,0.1,100.0,51.0
2023-06-24 10:00:00+00:00,28.75,73.978485,1006.54425,19.9954,283.53586,0.0,90.0,3.0
2023-06-24 11:00:00+00:00,28.05,77.28364,1006.24347,20.870687,284.99512,0.0,72.0,2.0
2023-06-24 12:00:00+00:00,27.9,79.143875,1006.74286,19.353138,288.43503,0.0,74.0,2.0
2023-06-24 13:00:00+00:00,27.1,84.19171,1007.0415,15.175612,292.30624,0.0,82.0,3.0
2023-06-24 14:00:00+00:00,26.65,86.70866,1007.6405,15.617529,295.97433,0.0,100.0,3.0
2023-06-24 15:00:00+00:00,26.65,87.49153,1008.2403,15.807239,300.06848,0.0,100.0,3.0
2023-06-24 16:00:00+00:00,26.45,88.264206,1008.43994,14.336861,298.49554,0.0,100.0,3.0
2023-06-24 17:00:00+00:00,26.25,89.58023,1008.73944,15.646544,293.0255,0.0,98.0,3.0
2023-06-24 18:00:00+00:00,26.1,89.301056,1008.6391,13.0447235,297.97937,0.0,99.0,3.0
2023-06-24 19:00:00+00:00,25.9,90.36432,1008.1391,13.854155,294.56717,0.0,95.0,3.0
2023-06-24 20:00:00+00:00,25.45,91.42653,1007.8386,15.683774,301.86594,0.2,100.0,51.0
2023-06-24 21:00:00+00:00,25.65,89.805725,1006.93933,12.387348,305.53775,0.0,100.0,3.0
2023-06-24 22:00:00+00:00,25.5,91.4296,1006.7394,13.18308,304.9921,0.0,100.0,3.0
2023-06-24 23:00:00+00:00,25.6,89.26329,1007.13916,13.70839,299.93143,0.1,100.0,51.0
2023-06-25 00:00:00+00:00,25.5,93.649666,1006.93933,7.9932966,305.83774,0.0,100.0,3.0
2023-06-25 01:00:00+00:00,25.75,93.102684,1006.9397,7.8954163,313.1524,0.0,94.0,3.0
2023-06-25 02:00:00+00:00,26.65,88.2806,1007.4407,7.10031,300.46545,0.0,89.0,3.0
2023-06-25 03:00:00+00:00,27.3,81.2343,1008.44116,13.207634,287.44727,0.2,90.0,51.0
2023-06-25 04:00:00+00:00,27.95,77.2688,1008.742,16.167967,281.5601,0.1,100.0,51.0
2023-06-25 05:00:00+00:00,26.9,82.66524,1009.2402,13.358861,284.03625,0.4,100.0,51.0
2023-06-25 06:00:00+00:00,25.75,86.88712,1009.1386,22.805367,258.15796,3.8,100.0,63.0
2023-06-25 07:00:00+00:00,26.3,83.346886,1008.63947,13.32,270.0,0.2,100.0,51.0
2023-06-25 08:00:00+00:00,27.05,82.6828,1008.141,14.417988,272.86234,0.0,100.0,3.0
2023-06-25 09:00:00+00:00,26.6,82.132675,1007.84045,18.584509,278.91486,0.7,100.0,53.0
2023-06-25 10:00:00+00:00,25.7,85.83919,1007.0396,12.144331,281.9761,1.1,100.0,55.0
2023-06-25 11:00:00+00:00,26.25,84.60866,1006.9403,15.905319,264.80566,0.2,100.0,51.0
2023-06-25 12:00:00+00:00,25.8,84.56106,1007.7393,12.6462,274.89902,0.8,100.0,53.0
2023-06-25 13:00:00+00:00,25.25,90.86555,1008.8378,14.04,270.0,0.5,100.0,53.0
2023-06-25 14:00:00+00:00,24.95,91.12054,1009.1373,18.416384,274.48453,0.2,100.0,51.0
2023-06-25 15:00:00+00:00,24.5,91.64491,1010.0363,18.0036,281.53458,0.1,100.0,51.0
2023-06-25 16:00:00+00:00,23.8,93.85522,1010.33496,16.595179,294.34106,0.4,100.0,51.0
2023-06-25 17:00:00+00:00,24.3,93.311874,1010.5357,14.578888,290.22495,0.4,100.0,51.0
2023-06-25 18:00:00+00:00,24.6,93.045265,1009.9364,15.546833,312.18436,0.5,100.0,53.0
2023-06-25 19:00:00+00:00,24.45,94.16777,1009.33624,15.072783,310.1559,0.1,100.0,51.0
2023-06-25 20:00:00+00:00,24.8,93.055336,1008.63727,15.696165,306.60718,0.3,100.0,51.0
2023-06-25 21:00:00+00:00,24.6,94.458176,1008.3371,15.484185,324.46225,0.1,100.0,51.0
2023-06-25 22:00:00+00:00,24.15,95.876274,1007.83673,14.277983,326.3099,0.1,100.0,51.0
2023-06-25 23:00:00+00:00,24.3,95.017715,1008.2368,17.208603,307.34943,0.3,100.0,51.0
2023-06-26 00:00:00+00:00,24.45,94.16777,1008.6366,14.4,323.13,0.2,100.0,51.0
2023-06-26 01:00:00+00:00,24.8,93.61748,1008.7373,14.277983,326.3099,0.0,100.0,3.0
2023-06-26 02:00:00+00:00,25.1,89.76591,1009.43756,15.30741,318.81415,0.3,100.0,51.0
2023-06-26 03:00:00+00:00,25.85,87.42159,1009.9383,18.59845,312.64667,0.3,100.0,51.0
2023-06-26 04:00:00+00:00,26.95,81.4354,1010.04016,19.576189,302.22873,0.2,100.0,51.0
2023-06-26 05:00:00+00:00,27.5,78.850655,1009.8408,20.447239,296.11386,0.2,100.0,51.0
2023-06-26 06:00:00+00:00,28.1,75.90654,1009.6419,20.945072,294.36243,0.4,100.0,51.0
2023-06-26 07:00:00+00:00,28.45,74.82598,1008.9429,22.206486,289.90384,0.4,100.0,51.0
2023-06-26 08:00:00+00:00,27.7,79.59369,1008.3419,22.104116,286.07364,0.2,100.0,51.0
2023-06-26 09:00:00+00:00,27.85,78.426186,1007.74243,22.61419,283.81503,0.1,100.0,51.0
2023-06-26 10:00:00+00:00,27.45,80.040474,1007.44196,19.296133,284.03625,0.0,100.0,3.0
2023-06-26 11:00:00+00:00,27.4,79.55308,1007.0421,20.268991,289.72235,0.1,100.0,51.0
2023-06-26 12:00:00+00:00,26.35,84.36453,1007.9402,20.523157,291.61484,0.1,100.0,51.0
2023-06-26 13:00:00+00:00,25.85,86.89626,1008.2391,16.179987,302.27563,0.0,99.0,3.0
2023-06-26 14:00:00+00:00,25.4,89.24813,1008.4384,14.904173,307.14676,0.0,97.0,3.0
2023-06-26 15:00:00+00:00,25.25,90.86555,1008.9378,13.746156,315.0001,0.0,29.0,1.0
2023-06-26 16:00:00+00:00,25.2,91.13639,1009.7374,13.044722,320.59937,0.0,85.0,3.0
2023-06-26 17:00:00+00:00,24.75,91.65988,1010.33655,13.70839,299.93143,0.5,100.0,53.0
2023-06-26 18:00:00+00:00,24.8,91.11105,1010.63635,17.377226,283.17255,0.7,100.0,53.0
2023-06-26 19:00:00+00:00,24.1,94.43796,1010.0357,16.75064,278.65247,0.3,100.0,51.0
2023-06-26 20:00:00+00:00,24.1,94.15289,1009.43604,12.224107,283.627,0.2,100.0,51.0
2023-06-26 21:00:00+00:00,24.0,94.14864,1008.9359,13.627795,282.20044,0.4,100.0,51.0
2023-06-26 22:00:00+00:00,24.25,94.15927,1008.2366,13.363711,297.25525,0.2,100.0,51.0
2023-06-26 23:00:00+00:00,24.5,93.04024,1008.3371,13.281023,302.82855,0.4,100.0,51.0
2023-06-27 00:00:00+00:00,24.55,95.0268,1008.63696,8.78872,325.0079,0.1,100.0,51.0
2023-06-27 01:00:00+00:00,24.65,92.48806,1009.2367,6.297428,329.03632,0.2,100.0,51.0
2023-06-27 02:00:00+00:00,24.15,99.10353,1010.3356,11.91812,244.98314,3.7,100.0,63.0
2023-06-27 03:00:00+00:00,23.7,99.39953,1010.93475,14.494192,284.38144,1.4,100.0,61.0
2023-06-27 04:00:00+00:00,25.95,84.57691,1011.038,14.003029,287.96924,0.6,100.0,53.0
2023-06-27 05:00:00+00:00,26.85,82.9086,1011.23926,14.145756,284.74362,0.2,100.0,51.0
2023-06-27 06:00:00+00:00,27.35,78.35512,1011.04034,18.947083,284.30032,0.9,100.0,53.0
2023-06-27 07:00:00+00:00,26.5,86.43493,1010.439,18.782204,282.17145,2.3,100.0,61.0
2023-06-27 08:00:00+00:00,27.35,82.717865,1010.24066,15.379206,290.55612,0.2,100.0,51.0
2023-06-27 09:00:00+00:00,27.65,79.82665,1009.14154,17.917007,292.4428,0.1,88.0,51.0
2023-06-27 10:00:00+00:00,27.6,81.02834,1008.3419,18.193361,297.072,0.1,61.0,51.0
2023-06-27 11:00:00+00:00,26.8,84.41262,1008.54047,19.33639,298.9509,0.0,62.0,2.0
2023-06-27 12:00:00+00:00,25.2,93.35523,1009.83734,14.773164,313.0251,0.2,56.0,51.0
2023-06-27 13:00:00+00:00,25.3,92.5231,1009.8377,16.92383,321.91116,0.0,100.0,3.0
2023-06-27 14:00:00+00:00,25.2,90.86232,1009.9374,17.238699,331.29416,0.0,100.0,3.0
2023-06-27 15:00:00+00:00,25.0,91.67481,1010.2368,16.981165,338.8752,0.0,100.0,3.0
2023-06-27 16:00:00+00:00,24.7,94.17836,1010.63635,16.62249,342.34976,0.0,94.0,3.0
2023-06-27 17:00:00+00:00,24.25,95.59071,1010.8353,12.6462,355.10098,0.0,100.0,3.0
2023-06-27 18:00:00+00:00,24.35,93.87967,1010.8356,12.303366,339.44388,0.0,100.0,3.0
2023-06-27 19:00:00+00:00,24.35,93.31429,1010.4358,10.464797,333.43503,0.0,96.0,3.0
2023-06-27 20:00:00+00:00,24.15,94.15502,1009.73584,10.365251,339.6768,0.0,100.0,3.0
2023-06-27 21:00:00+00:00,23.95,94.71801,1009.5356,10.308831,347.90527,0.0,100.0,3.0
2023-06-27 22:00:00+00:00,23.85,94.14226,1009.2355,10.086427,357.95462,0.0,90.0,3.0
2023-06-27 23:00:00+00:00,23.8,94.14012,1009.0356,10.239453,349.8754,0.0,79.0,2.0
2023-06-28 00:00:00+00:00,24.4,92.47452,1009.33624,13.37825,336.19403,0.0,26.0,1.0
2023-06-28 01:00:00+00:00,24.35,93.59661,1009.6361,11.384199,341.56494,0.0,9.0,0.0
2023-06-28 02:00:00+00:00,25.55,90.06907,1010.0379,9.83268,336.2505,0.0,8.0,0.0
2023-06-28 03:00:00+00:00,26.95,83.42032,1010.6399,11.983188,327.26477,0.0,35.0,1.0
2023-06-28 04:00:00+00:00,28.05,77.51659,1010.8414,14.565548,320.01315,0.0,22.0,1.0
2023-06-28 05:00:00+00:00,28.95,72.90619,1010.4428,15.876775,302.96942,0.0,11.0,0.0
2023-06-28 06:00:00+00:00,29.3,71.44541,1010.2436,16.327497,284.03625,0.1,15.0,51.0
2023-06-28 07:00:00+00:00,28.85,74.44155,1010.0429,17.581125,280.6196,0.1,58.0,51.0
2023-06-28 08:00:00+00:00,28.75,75.55241,1009.6429,18.486622,276.70975,0.0,89.0,3.0
2023-06-28 09:00:00+00:00,28.0,76.812004,1009.1421,19.881649,275.19434,0.2,99.0,51.0
2023-06-28 10:00:00+00:00,27.65,79.10941,1008.5418,21.841648,278.53067,0.0,63.0,2.0
2023-06-28 11:00:00+00:00,27.5,77.43561,1008.54144,19.137648,286.38962,0.2,55.0,51.0
2023-06-28 12:00:00+00:00,26.85,82.41076,1009.3401,13.32,288.92474,0.2,52.0,51.0
2023-06-28 13:00:00+00:00,25.95,85.34692,1010.1384,15.646544,293.0255,0.1,83.0,51.0
2023-06-28 14:00:00+00:00,25.25,89.506386,1010.737,11.480557,311.18582,0.2,66.0,51.0
2023-06-28 15:00:00+00:00,25.15,90.3129,1011.63654,12.261157,319.7637,0.0,68.0,2.0
2023-06-28 16:00:00+00:00,25.1,90.85579,1012.23627,11.966954,316.2188,0.0,48.0,1.0
2023-06-28 17:00:00+00:00,24.9,91.66889,1012.2359,11.298495,329.3494,0.0,78.0,2.0
2023-06-28 18:00:00+00:00,24.65,92.76754,1012.6351,10.685391,327.38077,0.0,43.0,1.0
2023-06-28 19:00:00+00:00,24.6,92.485306,1012.43524,10.97262,311.009,0.0,100.0,3.0
2023-06-28 20:00:00+00:00,24.6,92.764946,1011.3357,8.913181,316.63654,0.1,93.0,51.0
2023-06-28 21:00:00+00:00,24.5,91.92252,1011.1358,8.78872,304.9921,0.4,100.0,51.0
2023-06-28 22:00:00+00:00,24.3,95.017715,1010.4358,11.480557,318.81418,0.2,100.0,51.0
2023-06-28 23:00:00+00:00,24.2,95.30118,1010.63544,11.720751,317.4896,0.5,100.0,53.0
2023-06-29 00:00:00+00:00,24.25,95.59071,1010.3356,12.287555,328.17258,0.2,100.0,51.0
2023-06-29 01:00:00+00:00,24.3,95.59233,1010.8356,10.739832,320.44037,0.0,100.0,3.0
2023-06-29 02:00:00+00:00,24.7,94.17836,1011.6359,11.885453,324.86572,0.3,100.0,51.0
2023-06-29 03:00:00+00:00,24.7,93.33119,1012.8354,14.264361,312.9546,0.5,100.0,53.0
2023-06-29 04:00:00+00:00,25.1,89.76591,1012.63605,12.984975,313.87677,0.4,94.0,51.0
2023-06-29 05:00:00+00:00,26.3,85.897865,1012.63763,13.783817,310.76352,0.1,100.0,51.0
2023-06-29 06:00:00+00:00,27.05,80.22914,1011.83936,14.336861,298.49554,0.1,89.0,51.0
2023-06-29 07:00:00+00:00,28.05,75.89875,1011.04126,16.78156,292.71445,0.0,38.0,1.0
2023-06-29 08:00:00+00:00,27.75,77.706406,1010.5409,18.345877,285.94547,0.2,70.0,51.0
2023-06-29 09:00:00+00:00,27.7,80.07361,1009.9412,18.511143,283.49576,0.0,59.0,2.0
2023-06-29 10:00:00+00:00,27.65,80.79181,1009.34143,17.208603,285.78082,0.0,75.0,2.0
2023-06-29 11:00:00+00:00,27.25,81.71815,1009.1408,18.448023,287.0206,0.1,61.0,51.0
2023-06-29 12:00:00+00:00,27.25,81.22802,1009.1408,15.990646,301.1849,0.2,84.0,51.0
2023-06-29 13:00:00+00:00,26.5,86.17579,1009.63934,12.4811535,303.23172,0.0,86.0,3.0
2023-06-29 14:00:00+00:00,26.25,87.1943,1010.1388,10.883676,304.21576,0.0,60.0,2.0
2023-06-29 15:00:00+00:00,26.0,88.492714,1011.13794,12.496718,311.49637,0.2,60.0,51.0
2023-06-29 16:00:00+00:00,25.8,89.547134,1011.8374,12.819235,321.8427,0.0,72.0,2.0
2023-06-29 17:00:00+00:00,25.5,90.60901,1012.1369,11.808878,322.43134,0.0,98.0,3.0
2023-06-29 18:00:00+00:00,25.3,91.417336,1012.13666,9.931042,316.46872,0.0,100.0,3.0
2023-06-29 19:00:00+00:00,25.1,91.95723,1011.7365,9.220499,308.65982,0.1,100.0,51.0
2023-06-29 20:00:00+00:00,24.95,92.50422,1011.3363,10.233123,309.28937,0.1,100.0,51.0
2023-06-29 21:00:00+00:00,25.0,92.50694,1010.6366,12.229406,312.614,0.1,100.0,51.0
2023-06-29 22:00:00+00:00,24.85,93.61979,1010.33655,13.237038,315.0001,0.0,100.0,3.0
2023-06-29 23:00:00+00:00,24.8,91.11105,1010.4365,12.475961,313.83093,0.1,100.0,51.0
2023-06-30 00:00:00+00:00,24.85,94.46825,1010.4365,11.841756,289.53674,0.0,100.0,3.0
2023-06-30 01:00:00+00:00,25.05,91.67783,1011.03644,10.495713,300.96368,0.1,97.0,51.0
2023-06-30 02:00:00+00:00,25.7,88.468445,1011.4376,12.475961,316.16904,0.0,82.0,3.0
2023-06-30 03:00:00+00:00,25.85,87.68528,1011.7375,13.53236,331.38962,0.1,92.0,51.0
2023-06-30 04:00:00+00:00,26.3,84.35921,1012.1379,13.397612,329.30035,0.0,96.0,3.0
2023-06-30 05:00:00+00:00,27.5,79.08867,1011.93994,14.05845,309.8055,0.1,92.0,51.0
2023-06-30 06:00:00+00:00,28.4,74.59268,1011.5416,18.359999,298.0724,0.1,100.0,51.0
2023-06-30 07:00:00+00:00,28.7,73.97022,1010.6424,19.523155,292.78244,0.1,91.0,51.0
2023-06-30 08:00:00+00:00,28.6,75.30199,1009.74286,20.620806,286.22028,0.1,78.0,51.0
2023-06-30 09:00:00+00:00,28.35,77.327995,1008.9425,19.93048,286.79846,0.1,32.0,51.0
2023-06-30 10:00:00+00:00,28.15,78.233406,1008.24255,19.586117,287.1028,0.0,95.0,3.0
2023-06-30 11:00:00+00:00,27.95,77.969894,1007.74243,20.150354,288.75873,0.0,57.0,2.0
2023-06-30 12:00:00+00:00,27.55,80.29487,1008.2416,18.193361,297.072,0.0,100.0,3.0
2023-06-30 13:00:00+00:00,26.85,84.41794,1008.54047,16.075521,304.046,0.0,58.0,2.0
2023-06-30 14:00:00+00:00,26.25,88.77866,1009.1392,12.475961,313.83093,0.0,99.0,3.0
2023-06-30 15:00:00+00:00,25.95,90.63896,1010.0385,12.768586,319.574,0.0,87.0,3.0
2023-06-30 16:00:00+00:00,25.65,91.43877,1010.6376,12.88981,324.09018,0.1,98.0,51.0
2023-06-30 17:00:00+00:00,25.55,91.15852,1010.73755,12.10157,329.62094,0.0,99.0,3.0
2023-06-30 18:00:00+00:00,25.45,91.152176,1010.8373,12.819235,321.8427,0.0,99.0,3.0
2023-06-30 19:00:00+00:00,25.35,91.69563,1010.4375,13.684735,324.63745,0.1,100.0,51.0
2023-06-30 20:00:00+00:00,25.3,91.417336,1010.03766,15.273505,315.0001,0.0,100.0,3.0
2023-06-30 21:00:00+00:00,25.3,90.59565,1009.4379,15.30741,318.81415,0.1,100.0,51.0
2023-06-30 22:00:00+00:00,25.3,90.323204,1009.33795,15.192682,323.67307,0.0,100.0,3.0
2023-06-30 23:00:00+00:00,25.15,91.40814,1009.2377,13.479583,325.8855,0.0,100.0,3.0
2023-07-01 00:00:00+00:00,25.0,92.22882,1009.3372,14.934577,344.6237,0.0,99.0,3.0
2023-07-01 01:00:00+00:00,24.95,91.67183,1009.937,12.496719,348.3664,0.0,100.0,3.0
2023-07-01 02:00:00+00:00,25.7,87.93702,1010.7379,12.181625,341.02948,0.0,97.0,3.0
2023-07-01 03:00:00+00:00,26.8,82.653496,1011.23926,16.1198,330.57263,0.0,84.0,3.0
2023-07-01 04:00:00+00:00,28.0,76.58084,1011.2412,16.704155,322.88306,0.0,48.0,1.0
2023-07-01 05:00:00+00:00,28.75,74.20158,1011.4421,17.786331,305.9422,0.2,74.0,51.0
2023-07-01 06:00:00+00:00,27.75,81.04737,1011.3405,17.373497,304.01938,0.5,99.0,53.0
2023-07-01 07:00:00+00:00,28.55,78.7605,1010.4422,15.175612,292.30624,0.1,98.0,51.0
2023-07-01 08:00:00+00:00,27.85,81.79165,1009.94147,19.483284,297.5119,0.1,100.0,51.0
2023-07-01 09:00:00+00:00,27.85,82.036804,1009.24176,17.906157,300.17343,0.1,100.0,51.0
2023-07-01 10:00:00+00:00,27.95,81.07266,1008.64197,14.386494,301.7014,0.1,100.0,51.0
2023-07-01 11:00:00+00:00,27.55,83.238266,1008.4415,16.075521,304.046,0.0,100.0,3.0
2023-07-01 12:00:00+00:00,27.7,81.7733,1008.6417,17.373497,304.01938,0.0,100.0,3.0
2023-07-01 13:00:00+00:00,26.75,86.97793,1009.1402,15.379206,302.57404,0.0,100.0,3.0
2023-07-01 14:00:00+00:00,26.55,86.959885,1010.0394,14.618837,307.99878,0.0,100.0,3.0
2023-07-01 15:00:00+00:00,26.45,88.52893,1010.7389,15.072783,310.1559,0.0,100.0,3.0
2023-07-01 16:00:00+00:00,26.15,90.38137,1011.33826,14.618837,322.00122,0.1,100.0,51.0
2023-07-01 17:00:00+00:00,25.95,90.910965,1011.83765,13.979872,325.4914,0.1,100.0,51.0
2023-07-01 18:00:00+00:00,25.85,90.63234,1011.33765,14.20062,329.53452,0.0,100.0,3.0
2023-07-01 19:00:00+00:00,25.55,91.98313,1010.8375,14.20062,329.53452,0.0,100.0,3.0
2023-07-01 20:00:00+00:00,25.4,92.25111,1010.4375,14.186923,324.2932,0.0,100.0,3.0
2023-07-01 21:00:00+00:00,25.25,91.965866,1010.0373,12.979984,326.3099,0.1,100.0,51.0
2023-07-01 22:00:00+00:00,25.15,92.2372,1009.53754,13.0447235,332.02063,0.0,100.0,3.0
2023-07-01 23:00:00+00:00,25.15,92.2372,1009.2377,14.386494,328.2986,0.0,100.0,3.0
2023-07-02 00:00:00+00:00,24.2,93.30701,1009.336,16.516901,339.59003,0.0,100.0,3.0
2023-07-02 01:00:00+00:00,24.4,92.47452,1009.6361,13.5515,343.0091,0.0,100.0,3.0
2023-07-02 02:00:00+00:00,24.85,89.20625,1010.1366,13.009903,345.5792,0.0,100.0,3.0
2023-07-02 03:00:00+00:00,25.7,86.62068,1010.3381,12.682018,325.40765,0.0,100.0,3.0
2023-07-02 04:00:00+00:00,26.55,84.64031,1010.53925,13.513193,311.7602,0.0,100.0,3.0
2023-07-02 05:00:00+00:00,27.45,80.76615,1010.5405,18.58451,301.53473,0.2,100.0,51.0
2023-07-02 06:00:00+00:00,27.75,80.80462,1009.7413,19.966211,295.64096,0.3,100.0,51.0
2023-07-02 07:00:00+00:00,28.3,78.02034,1009.44226,21.129885,293.07043,0.8,100.0,53.0
2023-07-02 08:00:00+00:00,27.5,82.98366,1008.8413,19.386593,301.32864,0.5,100.0,53.0
2023-07-02 09:00:00+00:00,27.45,82.23482,1008.34155,18.947083,308.82983,0.2,100.0,51.0
2023-07-02 10:00:00+00:00,26.9,84.677086,1007.44104,19.576189,302.22873,0.5,100.0,53.0
2023-07-02 11:00:00+00:00,26.85,82.1628,1008.0407,20.608229,297.01257,0.8,100.0,53.0
2023-07-02 12:00:00+00:00,26.3,86.67634,1008.1397,20.26899,303.40784,2.5,100.0,63.0
2023-07-02 13:00:00+00:00,25.2,88.96386,1009.63745,21.413193,296.99576,0.0,100.0,3.0
2023-07-02 14:00:00+00:00,25.45,89.52123,1009.53784,18.11841,310.97165,0.1,100.0,51.0
2023-07-02 15:00:00+00:00,24.8,91.11105,1011.13617,20.88,313.6029,1.1,100.0,55.0
2023-07-02 16:00:00+00:00,24.15,94.72575,1011.23517,16.75064,331.78275,2.2,100.0,61.0
2023-07-02 17:00:00+00:00,23.0,99.09577,1010.73346,12.904882,337.01126,2.1,100.0,61.0
2023-07-02 18:00:00+00:00,23.7,95.5729,1010.7348,12.879752,333.43503,0.1,100.0,51.0
2023-07-02 19:00:00+00:00,24.0,95.29431,1010.83496,15.072783,310.1559,0.2,100.0,51.0
2023-07-02 20:00:00+00:00,23.35,97.02143,1009.93445,15.629971,345.32355,0.5,100.0,53.0
2023-07-02 21:00:00+00:00,22.7,99.39503,1008.3342,14.869351,353.04715,0.7,100.0,53.0
2023-07-02 22:00:00+00:00,22.8,99.09441,1008.93396,12.783802,327.6526,0.3,100.0,51.0
2023-07-02 23:00:00+00:00,22.6,99.39456,1009.63336,15.077082,326.68936,2.1,100.0,61.0
2023-07-03 00:00:00+00:00,24.0,93.58033,1008.636,20.140705,331.14444,1.2,100.0,55.0
2023-07-03 01:00:00+00:00,24.45,92.75711,1009.2363,18.668005,320.4774,0.2,100.0,51.0
2023-07-03 02:00:00+00:00,24.7,93.05031,1009.83673,18.514643,333.43503,0.3,100.0,51.0
2023-07-03 03:00:00+00:00,25.2,91.41122,1010.33716,20.12461,317.17474,0.1,100.0,51.0
2023-07-03 04:00:00+00:00,25.55,88.19,1011.0374,21.67786,324.46225,0.2,100.0,51.0
2023-07-03 05:00:00+00:00,26.45,82.862144,1010.33905,24.75638,319.1277,0.3,100.0,51.0
2023-07-03 06:00:00+00:00,27.0,80.952065,1009.7403,27.238943,315.53537,0.2,100.0,51.0
2023-07-03 07:00:00+00:00,28.1,76.135765,1009.0422,28.00837,307.16455,0.1,100.0,51.0
2023-07-03 08:00:00+00:00,26.9,81.92163,1008.9403,31.151962,303.6901,1.4,100.0,61.0
2023-07-03 09:00:00+00:00,26.5,85.9173,1008.24005,26.712873,307.33328,0.9,100.0,53.0
2023-07-03 10:00:00+00:00,26.1,87.4435,1007.6395,23.78453,309.47244,0.2,100.0,51.0
2023-07-03 11:00:00+00:00,25.85,87.42159,1007.63934,20.620804,314.29276,0.2,100.0,51.0
2023-07-03 12:00:00+00:00,24.3,98.51141,1008.6366,19.453327,321.009,0.6,100.0,53.0
2023-07-03 13:00:00+00:00,24.35,98.51197,1008.4367,18.626305,318.91833,0.9,100.0,53.0
2023-07-03 14:00:00+00:00,24.35,98.51197,1008.7366,17.10284,319.26797,1.2,100.0,55.0
2023-07-03 15:00:00+00:00,24.35,98.808,1009.5362,17.673029,326.6336,1.0,100.0,55.0
2023-07-03 16:00:00+00:00,24.3,99.104515,1009.93604,18.709612,329.98172,0.9,100.0,53.0
2023-07-03 17:00:00+00:00,24.15,99.10353,1010.1356,20.240198,321.49933,1.1,100.0,55.0
2023-07-03 18:00:00+00:00,23.95,98.804474,1009.83545,19.914215,319.39877,0.6,100.0,53.0
2023-07-03 19:00:00+00:00,24.0,99.102486,1009.3357,18.171976,326.3099,0.5,100.0,53.0
2023-07-03 20:00:00+00:00,23.8,99.40001,1008.7357,17.283749,324.3235,0.5,100.0,53.0
2023-07-03 21:00:00+00:00,23.75,99.399734,1008.036,17.373497,325.9806,1.6,100.0,61.0
2023-07-03 22:00:00+00:00,23.45,99.398415,1007.7355,16.45007,336.8014,1.6,100.0,61.0
2023-07-03 23:00:00+00:00,23.4,99.09849,1008.33514,19.914215,310.60123,2.2,100.0,61.0
2023-07-04 00:00:00+00:00,23.45,99.09878,1008.33514,24.821732,289.4862,2.1,100.0,61.0
2023-07-04 01:00:00+00:00,23.55,98.80093,1008.3355,17.76081,287.7005,3.5,100.0,63.0
2023-07-04 02:00:00+00:00,23.8,99.101166,1008.93567,20.60823,289.3846,4.0,100.0,63.0
2023-07-04 03:00:00+00:00,24.15,99.10353,1009.63586,27.729347,271.48782,6.7,100.0,63.0
2023-07-04 04:00:00+00:00,24.1,98.80577,1009.9358,20.268991,289.72235,5.3,100.0,63.0
2023-07-04 05:00:00+00:00,24.1,99.103165,1010.23566,13.779114,289.85532,2.7,100.0,63.0
2023-07-04 06:00:00+00:00,24.85,98.81243,1010.1366,20.598795,264.98697,1.5,100.0,61.0
2023-07-04 07:00:00+00:00,24.25,98.8071,1009.53595,20.345573,283.29858,3.6,100.0,63.0
2023-07-04 08:00:00+00:00,24.75,99.107506,1008.63727,20.037485,287.78397,1.9,100.0,61.0
2023-07-04 09:00:00+00:00,25.85,91.45098,1007.83923,22.086521,289.0257,0.9,100.0,53.0
2023-07-04 10:00:00+00:00,25.65,90.61904,1006.83936,17.418196,288.06055,0.5,100.0,53.0
2023-07-04 11:00:00+00:00,24.95,91.395836,1007.03827,21.659916,291.4478,1.6,100.0,61.0
2023-07-04 12:00:00+00:00,23.85,98.50643,1007.33636,27.959742,281.88864,2.9,100.0,63.0
2023-07-04 13:00:00+00:00,24.6,91.098305,1007.3375,14.658676,294.67685,0.1,100.0,51.0
2023-07-04 14:00:00+00:00,23.5,98.205414,1008.03564,19.483284,286.09088,3.0,100.0,63.0
2023-07-04 15:00:00+00:00,23.5,98.80043,1008.73535,20.431387,284.28113,1.5,100.0,61.0
2023-07-04 16:00:00+00:00,23.8,98.505875,1009.4354,23.400002,284.25006,1.8,100.0,61.0
2023-07-04 17:00:00+00:00,23.3,99.0978,1009.73456,21.288757,288.74142,2.6,100.0,63.0
2023-07-04 18:00:00+00:00,23.65,98.80181,1009.6349,24.64094,281.8024,2.8,100.0,63.0
2023-07-04 19:00:00+00:00,23.7,98.50476,1008.93567,18.692286,285.6423,3.3,100.0,63.0
2023-07-04 20:00:00+00:00,23.7,98.50476,1008.5358,24.717085,282.61932,2.1,100.0,61.0
2023-07-04 21:00:00+00:00,23.5,98.50253,1007.436,22.963936,283.60056,1.8,100.0,61.0
2023-07-04 22:00:00+00:00,23.45,99.09878,1007.2357,25.96496,286.92758,1.1,100.0,55.0
2023-07-04 23:00:00+00:00,23.0,99.09577,1007.13513,25.420181,282.26477,3.1,100.0,63.0
2023-07-05 00:00:00+00:00,23.5,98.80043,1007.03613,22.493519,309.8055,2.6,100.0,63.0
2023-07-05 01:00:00+00:00,23.4,99.09849,1007.2357,20.65848,311.46762,2.4,100.0,61.0
2023-07-05 02:00:00+00:00,24.45,93.03774,1007.737,23.507751,310.0302,0.6,100.0,53.0
2023-07-05 03:00:00+00:00,23.6,98.80132,1008.1356,20.304129,307.07315,1.2,100.0,55.0
2023-07-05 04:00:00+00:00,25.5,93.36963,1008.43866,19.386593,301.32864,0.9,100.0,53.0
2023-07-05 05:00:00+00:00,25.15,91.40814,1008.7379,18.043148,298.61035,0.9,100.0,53.0
2023-07-05 06:00:00+00:00,24.6,98.8102,1008.537,15.124284,308.23386,0.6,100.0,53.0
2023-07-05 07:00:00+00:00,24.45,98.8089,1008.2368,21.129885,293.07043,1.4,100.0,61.0
2023-07-05 08:00:00+00:00,23.4,99.398186,1007.8354,21.829777,283.34872,2.5,100.0,63.0
2023-07-05 09:00:00+00:00,25.15,92.793564,1006.6388,17.873554,288.8,1.1,100.0,55.0
2023-07-05 10:00:00+00:00,23.75,98.80264,1006.73663,24.448214,283.627,2.2,100.0,61.0
2023-07-05 11:00:00+00:00,23.65,98.80181,1006.6363,21.749481,282.42593,2.0,100.0,61.0
2023-07-05 12:00:00+00:00,23.3,99.397766,1006.8359,17.555305,285.46127,1.6,100.0,61.0
2023-07-05 13:00:00+00:00,23.4,99.09849,1007.33563,16.343367,262.40546,1.7,100.0,61.0
2023-07-05 14:00:00+00:00,23.5,98.50253,1007.9357,21.316135,274.8439,2.7,100.0,63.0
2023-07-05 15:00:00+00:00,24.05,98.50865,1008.636,18.014393,272.29056,2.7,100.0,63.0
2023-07-05 16:00:00+00:00,23.9,98.80404,1009.2357,19.562946,282.75754,2.5,100.0,63.0
2023-07-05 17:00:00+00:00,23.8,98.505875,1009.63525,18.0,270.0,2.7,100.0,63.0
2023-07-05 18:00:00+00:00,23.65,98.80181,1009.83484,20.721119,262.01077,2.8,100.0,63.0
2023-07-05 19:00:00+00:00,23.75,99.100815,1009.53534,19.493261,274.23633,2.8,100.0,63.0
2023-07-05 20:00:00+00:00,23.7,98.50476,1008.93567,17.698677,274.66678,3.3,100.0,63.0
2023-07-05 21:00:00+00:00,23.8,98.505875,1008.63574,19.852295,265.84042,2.0,100.0,61.0
2023-07-05 22:00:00+00:00,23.7,98.50476,1008.036,18.844202,276.58185,3.3,100.0,63.0
2023-07-05 23:00:00+00:00,23.9,98.80404,1007.93634,13.363711,297.25525,1.0,100.0,55.0
2023-07-06 00:00:00+00:00,23.5,99.09916,1008.4355,14.565548,320.01315,2.2,100.0,61.0
2023-07-06 01:00:00+00:00,23.15,99.09681,1008.63477,13.755579,317.1211,1.8,100.0,61.0
2023-07-06 02:00:00+00:00,23.55,99.09948,1009.3351,12.4811535,326.76828,3.3,100.0,63.0
2023-07-06 03:00:00+00:00,24.7,95.31833,1009.63684,12.849528,348.6901,1.2,100.0,55.0
2023-07-06 04:00:00+00:00,25.2,93.91729,1009.9374,12.0694,342.64587,0.5,100.0,53.0
2023-07-06 05:00:00+00:00,25.3,92.5231,1010.1376,12.88981,324.09018,0.5,100.0,53.0
2023-07-06 06:00:00+00:00,25.7,92.26777,1010.23816,17.81909,315.0001,0.6,100.0,53.0
2023-07-06 07:00:00+00:00,23.85,99.10151,1010.1351,18.35647,311.82007,2.6,100.0,63.0
2023-07-06 08:00:00+00:00,25.4,89.78768,1009.53784,17.566378,314.16977,0.8,100.0,53.0
2023-07-06 09:00:00+00:00,25.55,89.52866,1008.5386,16.831684,318.46832,1.7,100.0,61.0
2023-07-06 10:00:00+00:00,25.0,91.95147,1008.23773,16.80857,316.73566,1.2,100.0,55.0
2023-07-06 11:00:00+00:00,25.35,88.70744,1007.9386,18.289274,323.8067,0.1,100.0,51.0
2023-07-06 12:00:00+00:00,25.45,90.87857,1007.9386,14.8257065,330.9455,0.0,100.0,3.0
2023-07-06 13:00:00+00:00,25.2,91.68675,1008.1381,12.979984,326.3099,0.0,100.0,3.0
2023-07-06 14:00:00+00:00,24.95,91.67183,1009.03735,11.631956,338.19852,0.0,100.0,3.0
2023-07-06 15:00:00+00:00,24.7,92.770164,1009.83673,12.10157,337.249,0.4,100.0,51.0
2023-07-06 16:00:00+00:00,24.45,94.16777,1010.2359,12.7279215,331.26028,0.0,100.0,3.0
2023-07-06 17:00:00+00:00,24.3,94.446106,1010.5357,13.979872,325.4914,0.2,100.0,51.0
2023-07-06 18:00:00+00:00,24.35,93.87967,1011.13544,15.530151,314.06088,0.1,100.0,51.0
2023-07-06 19:00:00+00:00,24.15,95.58748,1010.53546,15.277749,325.56094,0.3,100.0,51.0
2023-07-06 20:00:00+00:00,23.95,95.00493,1010.13525,15.192682,323.67307,0.0,100.0,3.0
2023-07-06 21:00:00+00:00,24.15,93.87082,1009.9358,17.884428,319.89914,0.3,100.0,51.0
2023-07-06 22:00:00+00:00,24.0,94.4339,1009.6355,15.281989,316.90915,0.4,100.0,51.0
2023-07-06 23:00:00+00:00,23.8,94.71226,1010.1351,17.610588,319.1447,0.3,100.0,51.0
2023-07-07 00:00:00+00:00,23.1,99.09644,1010.63385,17.81909,315.0001,0.6,100.0,53.0
2023-07-07 01:00:00+00:00,23.25,99.097466,1010.83374,12.229406,317.38596,2.4,100.0,61.0
2023-07-07 02:00:00+00:00,23.45,99.398415,1011.73364,12.57426,283.24054,1.9,100.0,61.0
2023-07-07 03:00:00+00:00,23.5,99.09916,1012.43365,15.379206,286.31393,2.7,100.0,63.0
2023-07-07 04:00:00+00:00,23.55,99.09948,1012.5336,13.891522,301.21835,4.2,100.0,63.0
2023-07-07 05:00:00+00:00,24.35,99.104836,1012.235,10.829958,338.5522,1.3,100.0,61.0
2023-07-07 06:00:00+00:00,25.3,86.32158,1011.8368,11.841756,340.46326,0.7,100.0,53.0
2023-07-07 07:00:00+00:00,26.35,87.99176,1011.23865,13.779114,326.7251,0.3,100.0,51.0
2023-07-07 08:00:00+00:00,26.2,87.18983,1010.63855,13.746156,315.0001,0.9,100.0,53.0
2023-07-07 09:00:00+00:00,25.3,93.360054,1010.03766,13.392774,306.25394,1.3,100.0,61.0
2023-07-07 10:00:00+00:00,25.25,93.35765,1009.43756,16.80857,313.26434,0.6,100.0,53.0
2023-07-07 11:00:00+00:00,25.05,94.76022,1009.1373,12.496718,318.50363,0.6,100.0,53.0
2023-07-07 12:00:00+00:00,26.45,84.88493,1009.33954,13.324863,321.5819,0.2,100.0,51.0
2023-07-07 13:00:00+00:00,25.75,87.67667,1009.7384,14.84318,309.09384,0.1,100.0,51.0
2023-07-07 14:00:00+00:00,25.3,89.78044,1010.5374,12.496718,318.50363,0.0,100.0,3.0
2023-07-07 15:00:00+00:00,25.3,89.78044,1011.33704,13.004922,318.36655,0.0,100.0,3.0
2023-07-07 16:00:00+00:00,24.9,91.66889,1011.83606,11.885453,324.86572,0.0,97.0,3.0
2023-07-07 17:00:00+00:00,24.55,93.04281,1012.6351,10.464797,333.43503,0.0,100.0,3.0
2023-07-07 18:00:00+00:00,24.35,93.87967,1012.4349,11.91812,334.98312,0.0,100.0,3.0
2023-07-07 19:00:00+00:00,24.25,93.87525,1011.9349,13.004922,318.36655,0.2,100.0,51.0
2023-07-07 20:00:00+00:00,24.35,93.59661,1011.3353,10.805998,330.01843,0.1,100.0,51.0
2023-07-07 21:00:00+00:00,23.9,95.57939,1010.83496,10.948973,332.5925,0.0,100.0,3.0
2023-07-07 22:00:00+00:00,24.2,93.87301,1010.63544,11.988594,318.6523,0.2,100.0,51.0
2023-07-07 23:00:00+00:00,23.9,93.01001,1010.93494,15.596767,288.85324,0.4,100.0,51.0
2023-07-08 00:00:00+00:00,24.35,95.0195,1010.93555,10.948973,313.66785,0.3,100.0,51.0
2023-07-08 01:00:00+00:00,24.4,95.595566,1011.43536,11.457958,316.27295,0.2,100.0,51.0
2023-07-08 02:00:00+00:00,24.0,96.16156,1012.43427,13.18308,325.0079,1.2,86.0,55.0
2023-07-08 03:00:00+00:00,24.85,90.56548,1013.0353,14.4,323.13,0.4,98.0,51.0
2023-07-08 04:00:00+00:00,24.6,94.74302,1013.43475,13.527572,334.79892,0.7,88.0,53.0
2023-07-08 05:00:00+00:00,25.15,90.040855,1013.4357,17.84816,311.72943,0.8,99.0,53.0
2023-07-08 06:00:00+00:00,25.5,86.86428,1012.2369,15.7908325,313.1524,0.3,42.0,51.0
2023-07-08 07:00:00+00:00,27.45,79.08177,1011.24023,16.299694,300.52963,0.1,18.0,51.0
2023-07-08 08:00:00+00:00,27.5,79.32735,1010.4406,18.25026,292.01132,0.0,31.0,1.0
2023-07-08 09:00:00+00:00,27.3,80.504135,1009.8405,18.11841,290.95584,0.0,47.0,1.0
2023-07-08 10:00:00+00:00,26.95,81.92772,1009.24054,18.057508,293.49857,0.0,22.0,1.0
2023-07-08 11:00:00+00:00,26.8,82.9028,1008.9403,20.288164,297.47433,0.0,36.0,1.0
2023-07-08 12:00:00+00:00,26.55,82.624115,1009.43976,17.713316,307.56866,0.0,46.0,1.0
2023-07-08 13:00:00+00:00,26.15,85.11012,1009.739,16.08761,310.46216,0.0,85.0,3.0
2023-07-08 14:00:00+00:00,26.0,86.12787,1010.3383,15.273505,315.0001,0.0,62.0,2.0
2023-07-08 15:00:00+00:00,25.75,87.149635,1010.93787,15.546833,317.8156,0.0,99.0,3.0
2023-07-08 16:00:00+00:00,25.5,87.920135,1011.43726,13.783817,319.23648,0.0,99.0,3.0
2023-07-08 17:00:00+00:00,25.2,89.2329,1011.3367,12.287555,328.17258,0.0,86.0,3.0
2023-07-08 18:00:00+00:00,24.95,90.29908,1011.2364,11.885453,324.86572,0.0,98.0,3.0
2023-07-08 19:00:00+00:00,24.8,90.836235,1010.53644,11.885453,324.86572,0.0,93.0,3.0
2023-07-08 20:00:00+00:00,24.75,91.10787,1010.2366,12.287555,328.17258,0.0,100.0,3.0
2023-07-08 21:00:00+00:00,24.65,91.65394,1009.8364,13.281023,327.17145,0.0,100.0,3.0
2023-07-08 22:00:00+00:00,24.55,91.92544,1009.43665,13.570615,338.19852,0.0,100.0,3.0
2023-07-08 23:00:00+00:00,24.5,92.20083,1009.3366,12.641076,340.0168,0.0,100.0,3.0
2023-07-09 00:00:00+00:00,24.7,91.38045,1009.63684,14.707222,338.45895,0.0,100.0,3.0
2023-07-09 01:00:00+00:00,24.65,91.37734,1009.8364,13.527572,334.79892,0.0,98.0,3.0
2023-07-09 02:00:00+00:00,25.45,88.181694,1010.6373,15.575981,326.3099,0.1,100.0,51.0
2023-07-09 03:00:00+00:00,26.05,86.39261,1010.73816,13.441071,339.62347,0.0,76.0,2.0
2023-07-09 04:00:00+00:00,27.55,79.09561,1010.94037,17.786331,324.0578,0.0,43.0,1.0
2023-07-09 05:00:00+00:00,28.4,75.497284,1010.4422,20.111729,314.27487,0.1,82.0,51.0
2023-07-09 06:00:00+00:00,28.8,76.24355,1009.94275,20.304129,307.07315,0.3,99.0,51.0
2023-07-09 07:00:00+00:00,29.2,73.60957,1009.4436,20.94507,298.76755,0.0,100.0,3.0
2023-07-09 08:00:00+00:00,29.05,74.25088,1008.8438,21.578989,297.84747,0.0,100.0,3.0
2023-07-09 09:00:00+00:00,28.55,76.43441,1008.24316,23.18579,295.76926,0.0,100.0,3.0
2023-07-09 10:00:00+00:00,27.9,80.3407,1007.64246,21.734581,296.56497,0.0,99.0,3.0
2023-07-09 11:00:00+00:00,27.4,83.47094,1007.24207,19.652176,298.4428,0.0,99.0,3.0
2023-07-09 12:00:00+00:00,27.55,80.29487,1008.1416,18.775303,302.47116,0.0,98.0,3.0
2023-07-09 13:00:00+00:00,26.55,84.89531,1008.4402,19.576189,302.22873,0.0,21.0,1.0
2023-07-09 14:00:00+00:00,26.15,87.18539,1008.9394,17.148247,309.0355,0.0,19.0,0.0
2023-07-09 15:00:00+00:00,25.8,90.62901,1009.6384,15.273505,315.0001,0.0,17.0,0.0
2023-07-09 16:00:00+00:00,25.65,91.43877,1010.1378,14.264361,317.0454,0.0,17.0,0.0
2023-07-09 17:00:00+00:00,25.55,91.98313,1010.43774,14.565548,320.01315,0.0,58.0,2.0
2023-07-09 18:00:00+00:00,25.45,91.977356,1010.33746,14.480773,325.1246,0.0,97.0,3.0
2023-07-09 19:00:00+00:00,25.25,92.520386,1009.9374,12.904882,329.8587,0.0,82.0,3.0
2023-07-09 20:00:00+00:00,25.05,93.62903,1009.73706,13.584932,327.99466,0.0,85.0,3.0
2023-07-09 21:00:00+00:00,24.9,93.90408,1009.5372,14.77755,325.92276,0.1,100.0,51.0
2023-07-09 22:00:00+00:00,25.0,93.34564,1008.83746,15.0038395,329.74365,0.0,86.0,3.0
2023-07-09 23:00:00+00:00,24.95,93.06284,1008.73755,14.007655,334.09354,0.0,99.0,3.0
2023-07-10 00:00:00+00:00,25.05,92.50967,1009.3372,15.827721,342.80136,0.0,100.0,3.0
2023-07-10 01:00:00+00:00,24.55,93.04281,1009.43665,14.408997,347.00537,0.0,98.0,3.0
2023-07-10 02:00:00+00:00,24.95,89.21385,1009.73706,14.039999,337.3801,0.0,100.0,3.0
2023-07-10 03:00:00+00:00,26.15,84.343094,1009.739,14.081477,327.52884,0.0,100.0,3.0
2023-07-10 04:00:00+00:00,27.2,80.73402,1009.9405,15.281989,316.90915,0.0,100.0,3.0
2023-07-10 05:00:00+00:00,27.6,79.34102,1009.9412,16.489416,306.11945,0.0,100.0,3.0
2023-07-10 06:00:00+00:00,28.05,77.98432,1009.442,17.388409,297.09546,0.0,100.0,3.0
2023-07-10 07:00:00+00:00,27.65,81.27823,1009.04156,17.654686,286.5874,0.0,100.0,3.0
2023-07-10 08:00:00+00:00,27.6,82.0066,1008.6417,18.792551,290.17075,0.0,100.0,3.0
2023-07-10 09:00:00+00:00,27.85,80.33413,1007.9423,20.608229,297.01257,0.1,100.0,51.0
2023-07-10 10:00:00+00:00,27.45,83.4765,1007.44196,18.775303,302.47116,0.1,100.0,51.0
2023-07-10 11:00:00+00:00,27.0,85.196815,1007.24146,17.673029,303.36636,0.3,100.0,51.0
2023-07-10 12:00:00+00:00,26.95,85.70389,1007.3414,15.815435,311.30853,0.0,100.0,3.0
2023-07-10 13:00:00+00:00,26.45,88.7944,1007.9402,11.966954,313.7812,0.0,100.0,3.0
2023-07-10 14:00:00+00:00,25.95,89.28972,1009.13885,11.983188,327.26477,0.1,100.0,51.0
2023-07-10 15:00:00+00:00,25.7,90.35064,1009.8383,13.004922,318.36655,0.0,100.0,3.0
2023-07-10 16:00:00+00:00,25.6,90.61569,1010.0379,12.4811535,326.76828,0.0,100.0,3.0
2023-07-10 17:00:00+00:00,25.4,91.69865,1010.23755,10.805998,330.01843,0.0,100.0,3.0
2023-07-10 18:00:00+00:00,25.3,92.24557,1010.1376,10.805998,330.01843,0.0,100.0,3.0
2023-07-10 19:00:00+00:00,25.1,93.35045,1009.63745,10.00256,329.74365,0.0,100.0,3.0
2023-07-10 20:00:00+00:00,24.9,94.47029,1009.2373,9.826088,331.55716,0.0,100.0,3.0
2023-07-10 21:00:00+00:00,24.7,95.31833,1008.8372,9.339208,332.44727,0.0,100.0,3.0
2023-07-10 22:00:00+00:00,24.55,95.31324,1008.2372,9.0,343.73972,0.1,100.0,51.0
2023-07-10 23:00:00+00:00,24.3,95.59233,1008.2368,7.968939,341.56494,0.0,100.0,3.0
2023-07-11 00:00:00+00:00,24.75,95.606834,1008.33746,9.0,360.0,0.0,100.0,3.0
2023-07-11 01:00:00+00:00,24.9,95.03945,1008.3377,7.729527,332.24155,0.0,100.0,3.0
2023-07-11 02:00:00+00:00,25.65,93.097755,1009.0383,6.6087217,330.64233,0.0,100.0,3.0
2023-07-11 03:00:00+00:00,25.85,82.541405,1009.8383,15.683774,328.13406,0.7,100.0,53.0
2023-07-11 04:00:00+00:00,24.8,91.11105,1010.4365,12.313893,344.7448,2.4,100.0,61.0
2023-07-11 05:00:00+00:00,25.35,89.513824,1010.23755,8.4963045,323.61554,0.4,100.0,51.0
2023-07-11 06:00:00+00:00,26.95,82.92016,1009.7403,12.096214,306.52896,0.2,100.0,51.0
2023-07-11 07:00:00+00:00,27.05,82.93173,1009.24054,14.168641,297.21603,0.0,100.0,3.0
2023-07-11 08:00:00+00:00,27.2,82.452286,1008.64105,14.512064,299.74478,0.0,100.0,3.0
2023-07-11 09:00:00+00:00,27.05,83.18135,1008.0411,15.379206,290.55612,0.0,100.0,3.0
2023-07-11 10:00:00+00:00,26.9,83.41471,1007.64087,17.447933,291.80145,0.0,100.0,3.0
2023-07-11 11:00:00+00:00,26.8,82.9028,1007.341,17.414474,299.74478,0.0,100.0,3.0
2023-07-11 12:00:00+00:00,26.6,88.54097,1007.14075,9.726665,272.12103,0.0,100.0,3.0
2023-07-11 13:00:00+00:00,25.6,92.26222,1007.639,9.3876505,274.39862,0.0,83.0,3.0
2023-07-11 14:00:00+00:00,25.3,92.24557,1008.4384,10.041354,284.5345,0.0,60.0,2.0
2023-07-11 15:00:00+00:00,25.25,93.63819,1009.53754,9.0,286.26028,0.0,100.0,3.0
2023-07-11 16:00:00+00:00,25.3,93.921715,1010.23755,8.12197,282.80426,0.0,100.0,3.0
2023-07-11 17:00:00+00:00,25.25,94.76783,1010.737,6.2145634,280.0079,0.0,100.0,3.0
2023-07-11 18:00:00+00:00,25.05,95.9034,1010.43677,6.162207,276.70975,0.0,97.0,3.0
2023-07-11 19:00:00+00:00,24.85,96.18545,1009.43695,6.151683,290.55612,0.0,100.0,3.0
2023-07-11 20:00:00+00:00,24.7,97.34242,1008.9372,8.28,270.0,0.0,100.0,3.0
2023-07-11 21:00:00+00:00,24.8,97.05314,1008.53735,9.3669195,267.79745,0.0,100.0,3.0
2023-07-11 22:00:00+00:00,24.65,95.316635,1008.4371,11.367109,280.954,0.1,100.0,51.0
2023-07-11 23:00:00+00:00,24.55,94.74111,1008.537,12.57426,283.24054,0.2,100.0,51.0
2023-07-12 00:00:00+00:00,25.15,93.91512,1007.9383,8.891343,328.24057,0.4,98.0,51.0
2023-07-12 01:00:00+00:00,24.8,95.32178,1008.7373,7.653705,318.81415,0.0,100.0,3.0
2023-07-12 02:00:00+00:00,25.65,90.61904,1009.3382,9.726664,308.991,0.2,81.0,51.0
2023-07-12 03:00:00+00:00,26.5,87.21655,1009.9393,8.587338,303.02386,0.0,99.0,3.0
2023-07-12 04:00:00+00:00,27.05,84.43923,1010.2401,11.119281,299.0545,0.1,98.0,51.0
2023-07-12 05:00:00+00:00,27.95,79.38876,1009.7415,12.10157,292.751,0.0,100.0,3.0
2023-07-12 06:00:00+00:00,28.4,79.44997,1009.0428,12.429127,280.0079,0.0,100.0,3.0
2023-07-12 07:00:00+00:00,28.4,79.92668,1008.44305,12.964998,271.5911,0.0,99.0,3.0
2023-07-12 08:00:00+00:00,28.15,81.09794,1007.6428,15.876775,273.90042,0.0,100.0,3.0
2023-07-12 09:00:00+00:00,27.9,82.04283,1007.2427,16.199999,270.0,0.0,100.0,3.0
2023-07-12 10:00:00+00:00,27.7,82.0187,1006.8426,16.575644,267.5105,0.0,100.0,3.0
2023-07-12 11:00:00+00:00,27.45,81.25314,1006.9422,18.03237,273.43356,0.0,100.0,3.0
2023-07-12 12:00:00+00:00,26.85,85.43747,1007.2411,16.904673,296.56497,0.1,100.0,51.0
2023-07-12 13:00:00+00:00,26.25,89.04514,1007.7399,16.1198,299.42737,0.0,100.0,3.0
2023-07-12 14:00:00+00:00,25.9,90.63567,1008.73883,14.57889,302.90524,0.0,100.0,3.0
2023-07-12 15:00:00+00:00,25.75,91.9946,1009.7384,12.261157,310.2363,0.0,100.0,3.0
2023-07-12 16:00:00+00:00,25.6,93.09524,1010.0379,10.233123,309.28937,0.0,100.0,3.0
2023-07-12 17:00:00+00:00,25.6,93.09524,1010.43774,10.691453,315.0001,0.0,100.0,3.0
2023-07-12 18:00:00+00:00,25.25,93.919495,1010.2372,8.942214,319.89914,0.3,100.0,51.0
2023-07-12 19:00:00+00:00,24.85,92.49883,1009.83673,15.782622,315.0001,0.3,100.0,51.0
2023-07-12 20:00:00+00:00,24.8,91.3866,1009.0371,12.7279215,315.0001,0.1,100.0,51.0
2023-07-12 21:00:00+00:00,24.6,92.764946,1008.4371,11.304229,322.76508,0.0,100.0,3.0
2023-07-12 22:00:00+00:00,24.5,93.321556,1008.63696,15.349684,309.28937,0.1,100.0,51.0
2023-07-12 23:00:00+00:00,23.95,92.730896,1008.8359,17.208603,307.34943,0.8,100.0,53.0
2023-07-13 00:00:00+00:00,25.05,91.402,1008.3377,13.979872,325.4914,0.1,100.0,51.0
2023-07-13 01:00:00+00:00,25.0,91.67481,1008.83746,13.608762,322.52374,0.0,74.0,2.0
2023-07-13 02:00:00+00:00,25.5,88.45225,1009.83795,16.363178,320.35587,0.0,89.0,3.0
2023-07-13 03:00:00+00:00,25.8,87.4172,1009.9383,12.599998,323.13,0.2,58.0,51.0
2023-07-13 04:00:00+00:00,26.85,82.41076,1010.43964,15.629971,308.45374,0.0,50.0,2.0
2023-07-13 05:00:00+00:00,27.35,79.546295,1010.5405,18.079027,305.2725,0.2,23.0,51.0
2023-07-13 06:00:00+00:00,28.15,75.685776,1009.94183,19.08,301.89075,0.1,51.0,51.0
2023-07-13 07:00:00+00:00,28.15,76.60363,1009.442,19.803272,297.0308,0.3,90.0,51.0
2023-07-13 08:00:00+00:00,27.75,79.84001,1009.04156,20.291357,295.20108,0.3,89.0,51.0
2023-07-13 09:00:00+00:00,27.65,80.307976,1008.24194,21.325253,291.80148,0.1,96.0,51.0
2023-07-13 10:00:00+00:00,26.9,84.17015,1008.54047,21.434364,299.14798,0.0,100.0,3.0
2023-07-13 11:00:00+00:00,25.7,90.62233,1008.63885,19.469976,303.6901,4.1,99.0,63.0
2023-07-13 12:00:00+00:00,26.05,85.87346,1008.5392,17.309975,315.0001,0.1,100.0,51.0
2023-07-13 13:00:00+00:00,25.7,87.93702,1009.1386,14.529915,311.98712,0.0,79.0,2.0
2023-07-13 14:00:00+00:00,25.4,88.177536,1009.9377,14.003028,316.04153,0.0,97.0,3.0
2023-07-13 15:00:00+00:00,25.4,87.911674,1010.5374,13.70839,330.06857,0.0,95.0,3.0
2023-07-13 16:00:00+00:00,25.2,89.2329,1011.23676,11.090103,324.24603,0.0,95.0,3.0
2023-07-13 17:00:00+00:00,25.1,89.76591,1011.43665,11.4862,327.8043,0.1,100.0,51.0
2023-07-13 18:00:00+00:00,24.95,90.57216,1011.2364,11.808878,322.43134,0.0,100.0,3.0
2023-07-13 19:00:00+00:00,24.95,91.12054,1010.6366,10.383987,326.3099,0.1,100.0,51.0
2023-07-13 20:00:00+00:00,24.8,92.217674,1010.2366,10.805998,330.01843,0.0,100.0,3.0
2023-07-13 21:00:00+00:00,24.75,90.832924,1009.83673,12.682018,325.40765,0.3,100.0,51.0
2023-07-13 22:00:00+00:00,24.65,91.65394,1009.6365,12.768586,319.574,0.3,100.0,51.0
2023-07-13 23:00:00+00:00,24.5,92.75971,1009.8364,13.104198,307.18478,0.2,100.0,51.0
2023-07-14 00:00:00+00:00,24.6,92.20646,1010.23627,13.479583,325.8855,0.2,100.0,51.0
2023-07-14 01:00:00+00:00,24.7,92.770164,1010.4365,12.979984,326.3099,0.0,99.0,3.0
2023-07-14 02:00:00+00:00,25.1,92.23441,1011.1368,14.57889,327.09476,0.0,100.0,3.0
2023-07-14 03:00:00+00:00,25.2,88.42784,1011.8364,15.277749,325.56094,0.1,100.0,51.0
2023-07-14 04:00:00+00:00,25.75,86.62535,1012.637,17.566378,314.16977,0.1,100.0,51.0
2023-07-14 05:00:00+00:00,26.1,84.083336,1011.9376,15.546833,317.8156,0.1,100.0,51.0
2023-07-14 06:00:00+00:00,27.45,78.133125,1011.24023,16.923828,299.29126,0.0,42.0,1.0
2023-07-14 07:00:00+00:00,28.15,76.83463,1010.6414,18.35647,295.5599,0.0,88.0,3.0
2023-07-14 08:00:00+00:00,27.55,80.77902,1009.7409,19.93048,286.79846,0.0,96.0,3.0
2023-07-14 09:00:00+00:00,27.05,82.93173,1009.04065,21.218632,284.74362,0.0,98.0,3.0
2023-07-14 10:00:00+00:00,27.1,80.4781,1008.4409,22.33161,290.77234,0.0,82.0,3.0
2023-07-14 11:00:00+00:00,26.95,80.45853,1008.34094,22.66857,290.44962,0.0,26.0,1.0
2023-07-14 12:00:00+00:00,26.45,83.8682,1008.8397,20.63023,299.24872,0.0,29.0,1.0
2023-07-14 13:00:00+00:00,25.95,86.64389,1009.5387,18.892282,300.96368,0.0,19.0,0.0
2023-07-14 14:00:00+00:00,25.65,88.731255,1010.1378,19.171478,304.28693,0.0,17.0,0.0
2023-07-14 15:00:00+00:00,25.55,89.2595,1010.73755,17.654688,309.20718,0.0,38.0,1.0
2023-07-14 16:00:00+00:00,25.65,89.26709,1011.5372,16.548256,314.11868,0.0,100.0,3.0
2023-07-14 17:00:00+00:00,25.6,89.26329,1011.7371,14.904173,322.85324,0.0,92.0,3.0
2023-07-14 18:00:00+00:00,25.3,90.86884,1011.8368,13.896187,323.42688,0.2,100.0,51.0
2023-07-14 19:00:00+00:00,25.1,91.40506,1011.43665,14.88242,327.84772,0.0,100.0,3.0
2023-07-14 20:00:00+00:00,25.05,90.5789,1010.83655,13.779114,326.7251,0.0,100.0,3.0
2023-07-14 21:00:00+00:00,24.95,90.846016,1010.2368,13.70839,330.06857,0.0,99.0,3.0
2023-07-14 22:00:00+00:00,24.8,91.66291,1009.7368,13.37825,336.19403,0.0,87.0,3.0
2023-07-14 23:00:00+00:00,24.7,92.212074,1009.5369,12.413477,330.4613,0.0,91.0,3.0
2023-07-15 00:00:00+00:00,25.0,90.84926,1009.837,11.165805,339.22766,0.0,98.0,3.0
2023-07-15 01:00:00+00:00,24.95,91.395836,1010.13684,10.383987,326.3099,0.0,29.0,1.0
2023-07-15 02:00:00+00:00,25.8,87.15411,1010.63794,13.18308,325.0079,0.0,33.0,1.0
2023-07-15 03:00:00+00:00,26.85,83.66028,1011.1393,14.618837,322.00122,0.0,38.0,1.0
2023-07-15 04:00:00+00:00,27.35,81.48516,1011.64,18.892282,300.96368,0.2,41.0,51.0
2023-07-15 05:00:00+00:00,27.55,80.05374,1011.64,20.767975,303.6901,0.2,51.0,51.0
2023-07-15 06:00:00+00:00,28.05,77.98432,1011.04126,20.316889,299.74478,0.0,96.0,3.0
2023-07-15 07:00:00+00:00,27.9,78.669525,1010.4412,21.611996,299.98157,0.0,96.0,3.0
2023-07-15 08:00:00+00:00,28.0,78.21195,1009.54193,23.090569,300.96368,0.0,97.0,3.0
2023-07-15 09:00:00+00:00,27.8,79.84673,1008.54205,22.104116,300.32352,0.0,98.0,3.0
2023-07-15 10:00:00+00:00,27.35,82.96637,1007.7418,22.065973,298.23734,0.0,94.0,3.0
2023-07-15 11:00:00+00:00,27.05,84.692795,1007.5413,20.140705,298.85556,0.0,85.0,3.0
2023-07-15 12:00:00+00:00,26.9,84.17015,1007.54095,21.26744,303.9591,0.0,100.0,3.0
2023-07-15 13:00:00+00:00,26.4,86.425575,1008.33997,19.681828,309.8055,0.0,96.0,3.0
2023-07-15 14:00:00+00:00,26.05,88.231316,1009.03894,19.107151,312.70938,0.0,99.0,3.0
2023-07-15 15:00:00+00:00,25.95,89.022026,1009.73865,17.309975,315.0001,0.0,100.0,3.0
2023-07-15 16:00:00+00:00,25.75,90.62569,1010.23816,16.055355,317.72638,0.0,97.0,3.0
2023-07-15 17:00:00+00:00,25.6,91.71048,1010.6376,15.575981,326.3099,0.0,100.0,3.0
2023-07-15 18:00:00+00:00,25.5,92.53382,1010.6376,14.277983,326.3099,0.0,100.0,3.0
2023-07-15 19:00:00+00:00,25.3,93.640526,1010.23755,12.979984,326.3099,0.0,100.0,3.0
2023-07-15 20:00:00+00:00,25.1,94.47828,1009.7374,12.904882,329.8587,0.0,99.0,3.0
2023-07-15 21:00:00+00:00,25.0,94.75831,1009.1373,13.979872,325.4914,0.0,100.0,3.0
2023-07-15 22:00:00+00:00,25.05,94.19312,1008.73755,13.584932,327.99466,0.0,100.0,3.0
2023-07-15 23:00:00+00:00,25.05,93.34806,1008.4377,13.37825,336.19403,0.0,98.0,3.0
2023-07-16 00:00:00+00:00,25.3,91.417336,1009.0381,14.88242,327.84772,0.0,100.0,3.0
2023-07-16 01:00:00+00:00,24.95,91.395836,1009.2373,15.990646,328.8151,0.0,44.0,1.0
2023-07-16 02:00:00+00:00,25.8,86.62999,1009.6384,17.0763,325.30478,0.0,89.0,3.0
2023-07-16 03:00:00+00:00,26.6,84.64552,1010.1394,16.800856,315.0001,0.0,100.0,3.0
2023-07-16 04:00:00+00:00,26.5,86.17579,1011.03876,16.1198,299.42737,0.4,100.0,51.0
2023-07-16 05:00:00+00:00,27.6,81.02834,1010.04114,15.077082,326.68936,0.0,100.0,3.0
2023-07-16 06:00:00+00:00,28.3,77.55325,1010.042,18.919704,291.19412,0.0,100.0,3.0
2023-07-16 07:00:00+00:00,27.8,81.05373,1009.3417,19.66536,293.7495,0.0,100.0,3.0
2023-07-16 08:00:00+00:00,27.9,79.860085,1008.8419,21.868332,302.90524,0.0,100.0,3.0
2023-07-16 09:00:00+00:00,27.8,80.81106,1008.0423,22.553936,298.61035,0.0,100.0,3.0
2023-07-16 10:00:00+00:00,27.5,83.232544,1007.44196,19.201874,300.411,0.0,100.0,3.0
2023-07-16 11:00:00+00:00,27.1,84.698,1007.3414,18.35647,295.5599,0.0,97.0,3.0
2023-07-16 12:00:00+00:00,26.85,85.43747,1007.54095,19.376562,305.1665,0.0,84.0,3.0
2023-07-16 13:00:00+00:00,26.25,88.51286,1008.3396,18.289274,306.1933,0.0,94.0,3.0
2023-07-16 14:00:00+00:00,25.95,89.55818,1008.939,17.884428,310.10083,0.0,87.0,3.0
2023-07-16 15:00:00+00:00,25.85,90.63234,1009.8383,17.072504,312.4362,0.0,100.0,3.0
2023-07-16 16:00:00+00:00,25.7,91.99171,1010.1382,16.055355,317.72638,0.0,99.0,3.0
2023-07-16 17:00:00+00:00,25.45,93.0878,1010.4375,15.778516,325.2221,0.0,92.0,3.0
2023-07-16 18:00:00+00:00,25.35,93.0828,1010.23755,15.315873,330.42227,0.0,29.0,1.0
2023-07-16 19:00:00+00:00,25.25,92.242744,1009.63745,14.654254,332.176,0.0,27.0,1.0
2023-07-16 20:00:00+00:00,25.0,93.34564,1009.1373,15.876775,327.03058,0.0,94.0,3.0
2023-07-16 21:00:00+00:00,25.1,92.790955,1008.7379,14.021525,330.8026,0.0,65.0,2.0
2023-07-16 22:00:00+00:00,24.9,93.622086,1008.6375,13.779114,326.7251,0.0,100.0,3.0
2023-07-16 23:00:00+00:00,24.9,93.06036,1008.5376,13.896187,323.42688,0.0,100.0,3.0
2023-07-17 00:00:00+00:00,25.55,89.2595,1008.9384,16.055355,317.72638,0.0,100.0,3.0
2023-07-17 01:00:00+00:00,25.15,89.76959,1009.1377,17.727943,330.8325,0.0,100.0,3.0
2023-07-17 02:00:00+00:00,25.3,88.16925,1009.7378,15.315873,336.44772,0.0,100.0,3.0
2023-07-17 03:00:00+00:00,26.5,83.1184,1010.23914,14.654254,332.176,0.0,100.0,3.0
2023-07-17 04:00:00+00:00,27.3,79.53954,1010.64014,15.021105,315.97092,0.1,92.0,51.0
2023-07-17 05:00:00+00:00,28.0,76.812004,1010.5415,18.581022,305.53775,0.2,100.0,51.0
2023-07-17 06:00:00+00:00,28.15,78.70458,1010.04175,17.388409,297.09546,0.0,100.0,3.0
2023-07-17 07:00:00+00:00,28.25,76.61882,1009.942,20.056877,291.03757,0.2,100.0,51.0
2023-07-17 08:00:00+00:00,27.4,81.49141,1009.1412,20.291357,295.20108,0.5,100.0,53.0
2023-07-17 09:00:00+00:00,28.05,77.75013,1008.4425,22.127556,291.97455,0.1,100.0,51.0
2023-07-17 10:00:00+00:00,27.5,80.53011,1007.84174,21.897945,297.4075,0.0,99.0,3.0
2023-07-17 11:00:00+00:00,27.1,81.94598,1007.4414,20.456745,298.36896,0.0,100.0,3.0
2023-07-17 12:00:00+00:00,26.95,84.42859,1007.5413,16.09969,296.56497,0.0,89.0,3.0
2023-07-17 13:00:00+00:00,26.15,86.92357,1008.3396,15.496736,300.7354,0.0,46.0,1.0
2023-07-17 14:00:00+00:00,25.75,88.73919,1009.1386,14.113652,307.74686,0.0,20.0,1.0
2023-07-17 15:00:00+00:00,25.55,90.61235,1010.1378,13.276144,310.60123,0.0,61.0,2.0
2023-07-17 16:00:00+00:00,25.4,92.25111,1010.6373,13.18308,304.9921,0.0,90.0,3.0
2023-07-17 17:00:00+00:00,25.3,93.640526,1010.7373,12.88981,305.9098,0.0,18.0,0.0
2023-07-17 18:00:00+00:00,25.35,93.0828,1010.7373,13.397612,300.69965,0.1,17.0,51.0
2023-07-17 19:00:00+00:00,25.15,91.683784,1010.33716,14.081477,302.47116,0.5,50.0,53.0
2023-07-17 20:00:00+00:00,24.85,92.22046,1010.1366,17.595861,300.76263,0.3,90.0,51.0
2023-07-17 21:00:00+00:00,24.7,93.89521,1009.43695,13.397612,300.69965,0.1,98.0,51.0
2023-07-17 22:00:00+00:00,24.2,93.58965,1009.2361,18.671474,303.9965,0.3,100.0,51.0
2023-07-17 23:00:00+00:00,24.5,91.92252,1009.1367,12.313894,307.87503,0.0,100.0,3.0
2023-07-18 00:00:00+00:00,25.0,89.48781,1009.3372,15.315873,336.44772,0.3,100.0,51.0
2023-07-18 01:00:00+00:00,25.0,89.48781,1009.937,14.386494,328.2986,0.0,88.0,3.0
2023-07-18 02:00:00+00:00,25.65,85.83431,1010.1378,14.021525,330.8026,0.0,43.0,1.0
2023-07-18 03:00:00+00:00,26.2,84.603355,1010.9385,14.658676,335.32315,0.1,99.0,51.0
2023-07-18 04:00:00+00:00,27.25,80.25543,1011.1399,16.418526,322.12494,0.3,100.0,51.0
2023-07-18 05:00:00+00:00,28.05,75.44198,1011.04126,19.453327,308.991,0.3,100.0,51.0
2023-07-18 06:00:00+00:00,28.45,74.37619,1010.642,20.808498,300.11365,0.3,100.0,51.0
2023-07-18 07:00:00+00:00,28.4,75.72495,1010.04236,21.434364,299.14798,0.5,100.0,53.0
2023-07-18 08:00:00+00:00,28.2,76.61123,1009.3423,24.162947,298.4741,0.3,100.0,51.0
2023-07-18 09:00:00+00:00,28.4,75.95321,1008.44305,25.809765,292.98874,0.3,100.0,51.0
2023-07-18 10:00:00+00:00,28.25,76.388565,1007.84296,26.64,288.92474,0.2,83.0,51.0
2023-07-18 11:00:00+00:00,28.0,76.812004,1007.143,25.842384,288.68744,0.1,73.0,51.0
2023-07-18 12:00:00+00:00,27.35,80.996605,1007.7418,22.35481,284.93146,0.3,86.0,51.0
2023-07-18 13:00:00+00:00,26.95,81.92772,1008.241,20.523157,285.25516,0.0,87.0,3.0
2023-07-18 14:00:00+00:00,26.75,83.14704,1009.0403,18.228943,279.09018,0.0,100.0,3.0
2023-07-18 15:00:00+00:00,24.9,89.21009,1010.2368,17.388409,297.09546,0.5,99.0,53.0
2023-07-18 16:00:00+00:00,25.1,90.58225,1010.63696,15.646544,293.0255,0.6,99.0,53.0
2023-07-18 17:00:00+00:00,25.35,90.32661,1010.5374,17.654688,290.28265,0.2,100.0,51.0
2023-07-18 18:00:00+00:00,25.2,89.2329,1010.43713,15.844089,291.318,0.2,100.0,51.0
2023-07-18 19:00:00+00:00,24.75,93.89744,1009.93677,14.658676,294.67685,0.4,100.0,51.0
2023-07-18 20:00:00+00:00,24.45,92.198044,1009.33624,12.641076,289.9832,1.1,100.0,55.0
2023-07-18 21:00:00+00:00,24.7,94.17836,1008.7373,11.770403,293.4287,0.8,100.0,53.0
2023-07-18 22:00:00+00:00,24.75,95.320045,1008.33746,13.570615,291.80148,0.5,100.0,53.0
2023-07-18 23:00:00+00:00,24.55,96.75676,1008.2372,14.24163,290.72565,0.0,100.0,3.0
2023-07-19 00:00:00+00:00,23.95,93.86188,1008.3361,14.154915,352.69434,0.0,100.0,3.0
2023-07-19 01:00:00+00:00,23.4,96.1446,1008.4352,13.237039,22.380184,0.4,98.0,51.0
2023-07-19 02:00:00+00:00,23.7,94.99579,1009.0356,13.627795,12.200457,0.1,100.0,51.0
2023-07-19 03:00:00+00:00,25.45,91.977356,1009.4379,11.726277,342.12122,0.0,54.0,2.0
2023-07-19 04:00:00+00:00,27.1,85.46247,1009.8403,13.608762,322.52374,0.3,97.0,51.0
2023-07-19 05:00:00+00:00,28.05,79.16451,1009.8418,14.618837,307.99878,0.1,100.0,51.0
2023-07-19 06:00:00+00:00,28.55,76.20514,1009.54254,16.981165,291.1248,0.1,100.0,51.0
2023-07-19 07:00:00+00:00,28.3,77.320625,1009.3423,19.33639,298.9509,0.1,100.0,51.0
2023-07-19 08:00:00+00:00,28.2,78.00593,1008.6426,17.935081,280.40765,0.0,99.0,3.0
2023-07-19 09:00:00+00:00,28.05,77.51659,1007.8427,20.188908,273.0664,0.0,60.0,2.0
2023-07-19 10:00:00+00:00,27.8,74.72083,1007.2427,22.91026,278.13,0.4,86.0,51.0
2023-07-19 11:00:00+00:00,27.55,78.857635,1006.6423,19.245697,277.5237,0.5,44.0,53.0
2023-07-19 12:00:00+00:00,26.9,83.66585,1006.74133,16.75064,298.21725,0.2,72.0,51.0
2023-07-19 13:00:00+00:00,26.35,84.619194,1007.1405,17.727943,293.9625,0.0,39.0,1.0
2023-07-19 14:00:00+00:00,25.95,86.64389,1007.6395,15.7908325,294.22772,0.1,91.0,51.0
2023-07-19 15:00:00+00:00,25.75,90.08314,1008.339,14.512064,299.74478,0.0,89.0,3.0
2023-07-19 16:00:00+00:00,25.55,90.885086,1009.0383,11.4862,302.1957,0.1,98.0,51.0
2023-07-19 17:00:00+00:00,24.85,91.94281,1009.5369,14.973577,297.18103,0.2,89.0,51.0
2023-07-19 18:00:00+00:00,24.55,92.76234,1009.8364,15.459054,297.75842,1.9,54.0,61.0
2023-07-19 19:00:00+00:00,23.0,99.39637,1009.93384,18.837322,296.0753,1.7,100.0,61.0
2023-07-19 20:00:00+00:00,23.75,95.28568,1008.63574,10.966713,293.1986,0.3,100.0,51.0
2023-07-19 21:00:00+00:00,23.45,99.398415,1008.13525,10.948973,297.4075,1.0,100.0,55.0
2023-07-19 22:00:00+00:00,23.15,99.397064,1008.53485,17.771753,276.98096,1.8,100.0,61.0
2023-07-19 23:00:00+00:00,24.0,94.14864,1008.5361,11.525623,271.78986,0.6,100.0,53.0
2023-07-20 00:00:00+00:00,23.25,95.26837,1008.0351,9.931042,313.53125,1.1,100.0,55.0
2023-07-20 01:00:00+00:00,23.35,97.02143,1008.2352,11.298495,329.3494,0.2,100.0,51.0
2023-07-20 02:00:00+00:00,23.8,95.86567,1008.93567,12.181624,325.84024,0.5,100.0,53.0
2023-07-20 03:00:00+00:00,24.3,94.73151,1009.4363,13.849476,351.02744,0.0,100.0,3.0
2023-07-20 04:00:00+00:00,25.35,87.90742,1009.33795,15.315873,336.44772,0.1,81.0,51.0
2023-07-20 05:00:00+00:00,27.2,82.70036,1008.84094,16.992609,323.61554,0.1,96.0,51.0
2023-07-20 06:00:00+00:00,28.7,74.64138,1008.4434,20.570463,302.8557,0.1,61.0,51.0
2023-07-20 07:00:00+00:00,28.7,76.91722,1008.2435,21.129885,293.07043,0.1,97.0,51.0
2023-07-20 08:00:00+00:00,28.35,79.91999,1007.64307,21.659916,291.4478,0.2,100.0,51.0
2023-07-20 09:00:00+00:00,28.25,81.353195,1006.9434,23.795427,287.61267,0.6,100.0,53.0
2023-07-20 10:00:00+00:00,27.7,84.25621,1006.24286,24.826952,286.8585,0.9,99.0,53.0
2023-07-20 11:00:00+00:00,27.4,86.26141,1006.0426,23.933908,285.7087,0.3,97.0,51.0
2023-07-20 12:00:00+00:00,27.15,87.01402,1006.14215,20.00512,300.25635,0.2,98.0,51.0
2023-07-20 13:00:00+00:00,26.6,89.07205,1006.74097,17.477621,302.38065,0.0,97.0,3.0
2023-07-20 14:00:00+00:00,26.2,90.65555,1007.3401,16.485485,301.60745,0.0,100.0,3.0
2023-07-20 15:00:00+00:00,26.05,91.73711,1008.33923,16.75064,298.21725,0.1,100.0,51.0
2023-07-20 16:00:00+00:00,25.95,92.28159,1009.3388,16.42247,296.0033,0.1,100.0,51.0
2023-07-20 17:00:00+00:00,26.0,91.73411,1009.83856,17.414474,299.74478,0.2,100.0,51.0
2023-07-20 18:00:00+00:00,25.35,93.6428,1009.53784,17.566378,314.16977,0.5,100.0,53.0
2023-07-20 19:00:00+00:00,25.6,92.26222,1008.73846,16.29174,315.0001,0.1,93.0,51.0
2023-07-20 20:00:00+00:00,25.6,92.539154,1008.2387,16.595179,310.60123,0.0,93.0,3.0
2023-07-20 21:00:00+00:00,25.35,93.6428,1007.8386,15.696165,306.60718,0.1,83.0,51.0
2023-07-20 22:00:00+00:00,25.2,93.07535,1007.83826,17.786331,305.9422,0.1,92.0,51.0
2023-07-20 23:00:00+00:00,25.15,93.35288,1007.83826,17.654688,309.20718,0.1,96.0,51.0
2023-07-21 00:00:00+00:00,25.55,83.76869,1006.83936,21.068459,326.853,0.1,98.0,51.0
2023-07-21 01:00:00+00:00,25.3,87.903175,1007.9386,17.555307,331.8585,0.1,100.0,51.0
2023-07-21 02:00:00+00:00,25.9,87.42597,1008.2391,19.161337,334.39786,0.0,100.0,3.0
2023-07-21 03:00:00+00:00,27.45,81.009315,1008.34155,22.039528,321.63248,0.0,100.0,3.0
2023-07-21 04:00:00+00:00,28.55,75.748405,1009.0428,24.344624,308.3952,0.1,100.0,51.0
2023-07-21 05:00:00+00:00,28.9,74.89846,1009.34326,25.992397,300.8276,0.1,100.0,51.0
2023-07-21 06:00:00+00:00,28.95,75.81081,1009.1433,26.089447,297.97937,0.1,100.0,51.0
2023-07-21 07:00:00+00:00,28.95,75.58383,1009.2433,26.208395,290.92456,0.0,100.0,3.0
2023-07-21 08:00:00+00:00,28.9,75.349556,1008.84344,24.86868,292.1095,0.0,100.0,3.0
2023-07-21 09:00:00+00:00,28.85,75.56812,1008.1438,25.478743,293.3049,0.0,100.0,3.0
2023-07-21 10:00:00+00:00,28.45,77.11092,1007.7434,26.427528,294.12097,0.0,100.0,3.0
2023-07-21 11:00:00+00:00,28.05,79.4024,1007.54285,24.795612,295.82092,0.1,100.0,51.0
2023-07-21 12:00:00+00:00,27.35,82.96637,1008.1416,21.575987,295.7099,0.0,100.0,3.0
2023-07-21 13:00:00+00:00,26.8,84.66659,1008.64044,20.497883,300.61853,0.0,100.0,3.0
2023-07-21 14:00:00+00:00,26.55,84.89531,1009.5397,19.694992,300.7841,0.0,99.0,3.0
2023-07-21 15:00:00+00:00,26.45,85.912415,1010.23914,19.513195,299.87592,0.0,95.0,3.0
2023-07-21 16:00:00+00:00,26.4,86.425575,1010.93884,18.532133,294.0755,0.0,95.0,3.0
2023-07-21 17:00:00+00:00,26.3,87.461006,1011.43823,17.654688,290.28265,0.0,100.0,3.0
2023-07-21 18:00:00+00:00,26.15,88.50482,1010.7385,17.595861,300.76263,0.0,100.0,3.0
2023-07-21 19:00:00+00:00,26.1,88.76684,1010.43835,17.782686,301.75943,0.0,100.0,3.0
2023-07-21 20:00:00+00:00,25.85,89.55082,1010.1382,19.813087,294.7024,0.1,100.0,51.0
2023-07-21 21:00:00+00:00,26.05,89.02976,1009.6387,22.26477,292.83368,0.1,99.0,51.0
2023-07-21 22:00:00+00:00,25.9,89.55448,1009.23865,23.263912,291.80148,0.1,100.0,51.0
2023-07-21 23:00:00+00:00,25.9,89.018166,1009.23865,23.540806,293.4287,0.1,100.0,51.0
2023-07-22 00:00:00+00:00,25.5,85.56013,1009.0383,16.199999,323.13,0.0,99.0,3.0
2023-07-22 01:00:00+00:00,25.4,87.381996,1009.6378,14.57889,327.09476,0.0,100.0,3.0
2023-07-22 02:00:00+00:00,25.9,85.341896,1010.538,21.129883,315.6902,0.2,100.0,51.0
2023-07-22 03:00:00+00:00,26.2,83.08396,1011.0384,19.734436,321.66663,0.2,100.0,51.0
2023-07-22 04:00:00+00:00,27.2,80.00727,1011.1399,19.64228,311.2846,0.0,98.0,3.0
2023-07-22 05:00:00+00:00,27.75,78.41198,1011.3405,24.485292,311.42358,0.1,100.0,51.0
2023-07-22 06:00:00+00:00,28.35,75.26226,1011.1415,25.488914,306.38446,0.1,100.0,51.0
2023-07-22 07:00:00+00:00,28.15,76.14348,1010.74146,24.881702,301.39023,0.0,100.0,3.0
2023-07-22 08:00:00+00:00,28.3,75.02778,1010.1419,24.162947,294.65588,0.0,99.0,3.0
2023-07-22 09:00:00+00:00,28.45,73.92876,1009.4426,23.83624,295.01685,0.1,100.0,51.0
2023-07-22 10:00:00+00:00,28.4,76.18204,1008.9429,25.0064,292.8737,0.1,97.0,51.0
2023-07-22 11:00:00+00:00,27.45,77.897545,1009.1412,28.58545,301.08743,0.4,100.0,51.0
2023-07-22 12:00:00+00:00,27.65,84.25088,1009.2415,18.514643,296.56497,0.1,100.0,51.0
2023-07-22 13:00:00+00:00,26.65,88.016914,1009.83954,19.592731,290.43292,0.0,100.0,3.0
2023-07-22 14:00:00+00:00,25.9,87.42597,1010.538,16.1198,299.42737,0.1,100.0,51.0
2023-07-22 15:00:00+00:00,25.6,89.53236,1011.23737,12.682018,304.59235,0.4,75.0,51.0
2023-07-22 16:00:00+00:00,23.95,93.86188,1012.2344,18.864824,318.09415,1.6,69.0,61.0
2023-07-22 17:00:00+00:00,23.8,94.14012,1012.33405,15.986593,324.16226,0.0,98.0,3.0
2023-07-22 18:00:00+00:00,23.7,94.70836,1012.53394,17.0763,325.30478,0.0,100.0,3.0
2023-07-22 19:00:00+00:00,24.05,93.86637,1011.6346,15.408671,322.59457,0.0,82.0,3.0
2023-07-22 20:00:00+00:00,24.05,93.582695,1010.6351,15.9134655,322.3523,0.0,100.0,3.0
2023-07-22 21:00:00+00:00,24.05,94.15077,1010.2353,14.512064,330.25522,0.0,100.0,3.0
2023-07-22 22:00:00+00:00,23.85,95.00129,1010.1351,12.10157,337.249,0.0,100.0,3.0
2023-07-22 23:00:00+00:00,23.9,94.71613,1009.83545,10.703569,340.3461,0.0,100.0,3.0
2023-07-23 00:00:00+00:00,24.5,93.88636,1009.43665,14.81259,334.05774,0.0,100.0,3.0
2023-07-23 01:00:00+00:00,24.2,94.442024,1010.0357,13.493999,313.91916,1.2,100.0,55.0
2023-07-23 02:00:00+00:00,24.5,94.73918,1010.736,14.4,323.13,0.4,100.0,51.0
2023-07-23 03:00:00+00:00,25.95,87.6939,1011.038,16.870138,320.1945,0.1,89.0,51.0
2023-07-23 04:00:00+00:00,26.3,86.156654,1011.53815,17.10284,310.73203,0.2,100.0,51.0
2023-07-23 05:00:00+00:00,26.9,82.16885,1011.839,20.991426,300.96368,0.1,89.0,51.0
2023-07-23 06:00:00+00:00,26.65,82.63588,1011.43884,19.694992,300.7841,0.5,55.0,53.0
2023-07-23 07:00:00+00:00,27.45,80.040474,1010.7405,23.188583,297.75842,0.0,89.0,3.0
2023-07-23 08:00:00+00:00,26.95,78.773705,1009.94025,25.460936,303.4654,0.1,100.0,51.0
2023-07-23 09:00:00+00:00,26.9,81.183914,1009.3401,23.532547,299.3099,0.1,99.0,51.0
2023-07-23 10:00:00+00:00,26.7,81.650375,1008.83997,23.023117,296.96564,0.0,95.0,3.0
2023-07-23 11:00:00+00:00,25.85,84.310875,1009.23865,24.522314,310.2363,0.1,97.0,51.0
2023-07-23 12:00:00+00:00,26.15,86.40204,1009.0393,18.584509,314.21527,0.0,97.0,3.0
2023-07-23 13:00:00+00:00,25.45,89.25189,1009.33795,14.264361,312.9546,0.0,100.0,3.0
2023-07-23 14:00:00+00:00,25.4,88.71141,1009.7378,14.113652,322.25314,0.0,100.0,3.0
2023-07-23 15:00:00+00:00,25.35,89.513824,1010.6373,15.192682,323.67307,0.0,99.0,3.0
2023-07-23 16:00:00+00:00,25.15,90.040855,1011.43665,15.575981,326.3099,0.0,100.0,3.0
2023-07-23 17:00:00+00:00,24.95,91.395836,1011.73615,18.161278,320.63068,0.0,100.0,3.0
2023-07-23 18:00:00+00:00,24.6,92.764946,1011.4357,15.141414,331.6071,0.1,97.0,51.0
2023-07-23 19:00:00+00:00,24.2,92.46363,1010.8353,14.039999,337.3801,0.0,100.0,3.0
2023-07-23 20:00:00+00:00,24.0,92.73353,1010.03534,11.841756,340.46326,0.0,100.0,3.0
2023-07-23 21:00:00+00:00,24.15,91.9022,1009.63586,11.923557,331.11353,0.0,100.0,3.0
2023-07-23 22:00:00+00:00,24.2,91.62693,1009.1361,11.183201,326.82147,0.0,100.0,3.0
2023-07-23 23:00:00+00:00,24.1,92.17836,1008.9362,12.397806,334.17905,0.0,100.0,3.0
2023-07-24 00:00:00+00:00,24.6,93.045265,1008.537,14.113653,354.14407,0.1,100.0,51.0
2023-07-24 01:00:00+00:00,24.05,94.72189,1009.73553,17.782686,328.24057,0.2,100.0,51.0
2023-07-24 02:00:00+00:00,23.6,93.84622,1010.53455,18.556595,341.91644,0.8,100.0,53.0
2023-07-24 03:00:00+00:00,24.2,93.025154,1010.7354,16.78156,337.28555,0.1,100.0,51.0
2023-07-24 04:00:00+00:00,25.2,88.16093,1011.1368,16.516901,339.59003,0.0,100.0,3.0
2023-07-24 05:00:00+00:00,26.0,85.60992,1011.13794,14.77755,325.92276,0.0,100.0,3.0
2023-07-24 06:00:00+00:00,26.55,84.89531,1010.63916,15.349684,309.28937,0.1,100.0,51.0
2023-07-24 07:00:00+00:00,27.3,83.20984,1010.0404,17.068707,297.64587,0.2,100.0,51.0
2023-07-24 08:00:00+00:00,27.1,83.437195,1009.4405,18.58451,301.53473,0.1,100.0,51.0
2023-07-24 09:00:00+00:00,26.8,84.41262,1008.84033,16.676977,302.6609,0.1,100.0,51.0
2023-07-24 10:00:00+00:00,26.4,85.907585,1008.0401,14.77755,304.07724,0.0,100.0,3.0
2023-07-24 11:00:00+00:00,26.15,87.71108,1007.83984,15.496736,300.7354,0.1,100.0,51.0
2023-07-24 12:00:00+00:00,26.4,87.46974,1007.7403,15.175612,292.30624,0.0,100.0,3.0
2023-07-24 13:00:00+00:00,25.8,90.62901,1008.439,12.181625,288.9705,0.0,100.0,3.0
2023-07-24 14:00:00+00:00,25.3,90.86884,1009.23804,10.296251,306.46933,0.3,100.0,51.0
2023-07-24 15:00:00+00:00,24.85,92.49883,1010.33655,11.212135,317.6026,0.1,100.0,51.0
2023-07-24 16:00:00+00:00,24.65,94.17623,1010.63605,9.19939,329.42084,0.6,100.0,53.0
2023-07-24 17:00:00+00:00,24.35,95.88228,1011.0355,9.346143,344.3577,0.0,100.0,3.0
2023-07-24 18:00:00+00:00,24.1,96.45477,1010.9353,7.4128532,330.9455,0.1,100.0,51.0
2023-07-24 19:00:00+00:00,23.85,97.03244,1010.43494,7.8625183,344.05453,0.1,100.0,51.0
2023-07-24 20:00:00+00:00,23.3,99.397766,1009.93445,7.9036193,329.9315,1.1,100.0,55.0
2023-07-24 21:00:00+00:00,23.55,96.73275,1009.2351,8.854829,333.43503,0.1,100.0,51.0
2023-07-24 22:00:00+00:00,23.6,96.15025,1008.83527,9.0,343.73972,0.0,100.0,3.0
2023-07-24 23:00:00+00:00,23.5,96.73152,1008.83527,9.693296,338.19852,0.0,100.0,3.0
2023-07-25 00:00:00+00:00,24.55,91.92544,1008.537,11.792404,328.73633,0.0,100.0,3.0
2023-07-25 01:00:00+00:00,24.6,91.65091,1008.9368,10.00256,329.74365,0.0,100.0,3.0
2023-07-25 02:00:00+00:00,24.65,91.65394,1009.53656,14.118243,340.6409,0.2,100.0,51.0
2023-07-25 03:00:00+00:00,24.9,88.94048,1009.937,13.009903,345.5792,0.0,100.0,3.0
2023-07-25 04:00:00+00:00,26.35,82.85054,1010.439,14.291592,319.0857,0.3,93.0,51.0
2023-07-25 05:00:00+00:00,27.25,81.71815,1010.3403,14.904173,307.14676,0.0,100.0,3.0
2023-07-25 06:00:00+00:00,28.15,78.941086,1010.14166,15.807239,300.06848,0.0,100.0,3.0
2023-07-25 07:00:00+00:00,27.75,79.600426,1009.7413,16.645864,291.57138,0.0,100.0,3.0
2023-07-25 08:00:00+00:00,27.5,81.503784,1009.24115,16.311613,292.0363,0.0,96.0,3.0
2023-07-25 09:00:00+00:00,27.15,80.97119,1008.84094,19.386593,291.80148,0.3,99.0,51.0
2023-07-25 10:00:00+00:00,26.7,84.401924,1008.94,19.878391,305.4171,0.1,100.0,51.0
2023-07-25 11:00:00+00:00,26.35,83.857185,1008.43994,17.551615,295.51382,0.1,100.0,51.0
2023-07-25 12:00:00+00:00,26.45,85.1408,1008.8397,13.281023,302.82855,0.0,100.0,3.0
2023-07-25 13:00:00+00:00,25.6,89.53236,1009.5381,12.031756,308.92755,0.0,100.0,3.0
2023-07-25 14:00:00+00:00,24.85,89.747765,1010.63635,18.374111,304.62424,0.2,100.0,51.0
2023-07-25 15:00:00+00:00,23.45,93.8395,1011.03394,13.0447235,332.02063,0.8,100.0,53.0
2023-07-25 16:00:00+00:00,24.1,93.020096,1011.8349,13.513193,318.23978,0.1,100.0,51.0
2023-07-25 17:00:00+00:00,24.35,93.31429,1011.9351,12.641076,340.0168,0.2,100.0,51.0
2023-07-25 18:00:00+00:00,24.15,94.440025,1011.53503,12.0694,342.64587,0.0,100.0,3.0
2023-07-25 19:00:00+00:00,23.9,94.71613,1011.0349,11.91812,334.98312,0.0,100.0,3.0
2023-07-25 20:00:00+00:00,23.7,94.99579,1010.33496,12.43434,337.8905,0.0,100.0,3.0
2023-07-25 21:00:00+00:00,23.7,94.99579,1009.7353,10.308831,347.90527,0.0,100.0,3.0
2023-07-25 22:00:00+00:00,23.75,94.13798,1009.7353,11.090103,346.86597,0.0,100.0,3.0
2023-07-25 23:00:00+00:00,23.7,94.13583,1009.8352,9.028754,336.5014,0.0,100.0,3.0
2023-07-26 00:00:00+00:00,23.9,94.144394,1009.43567,11.570515,354.64426,0.0,100.0,3.0
2023-07-26 01:00:00+00:00,23.95,92.45001,1009.9354,10.365251,339.6768,0.0,97.0,3.0
2023-07-26 02:00:00+00:00,24.5,91.92252,1010.736,9.585739,325.71307,0.0,100.0,3.0
2023-07-26 03:00:00+00:00,25.45,87.386406,1011.0372,12.819235,321.8427,0.0,100.0,3.0
2023-07-26 04:00:00+00:00,26.6,81.63805,1011.6387,16.039202,315.90927,0.0,100.0,3.0
2023-07-26 05:00:00+00:00,27.35,77.883026,1011.83997,19.272614,302.79953,0.0,100.0,3.0
2023-07-26 06:00:00+00:00,27.1,81.94598,1011.7394,18.514643,296.56497,0.1,97.0,51.0
2023-07-26 07:00:00+00:00,27.75,79.84001,1011.1406,18.193361,297.072,0.0,92.0,3.0
2023-07-26 08:00:00+00:00,27.7,77.46508,1010.6408,18.25026,292.01132,0.0,97.0,3.0
2023-07-26 09:00:00+00:00,27.3,80.02055,1010.3403,18.1041,287.3541,0.0,100.0,3.0
2023-07-26 10:00:00+00:00,26.85,81.42291,1009.9399,16.62249,287.6502,0.0,100.0,3.0
2023-07-26 11:00:00+00:00,26.55,83.3752,1009.83954,15.978486,284.34937,0.0,95.0,3.0
2023-07-26 12:00:00+00:00,26.7,83.643585,1010.4393,12.10157,300.37906,0.0,91.0,3.0
2023-07-26 13:00:00+00:00,26.0,87.69817,1010.43835,9.565437,289.79895,0.1,100.0,51.0
2023-07-26 14:00:00+00:00,25.35,91.14586,1011.2371,9.826088,298.4428,0.0,99.0,3.0
2023-07-26 15:00:00+00:00,24.95,91.94855,1011.9361,9.220499,308.65982,0.0,100.0,3.0
2023-07-26 16:00:00+00:00,24.55,92.48265,1012.53516,13.392774,306.25394,0.1,100.0,51.0
2023-07-26 17:00:00+00:00,24.5,91.64491,1012.53516,9.449572,310.36444,0.2,100.0,51.0
2023-07-26 18:00:00+00:00,24.05,94.72189,1012.5342,9.885262,326.88864,0.1,96.0,51.0
2023-07-26 19:00:00+00:00,23.9,95.868706,1011.9345,8.404285,316.73566,0.3,100.0,51.0
2023-07-26 20:00:00+00:00,23.65,96.44301,1011.53406,7.145796,319.0857,0.0,99.0,3.0
2023-07-26 21:00:00+00:00,23.9,95.868706,1011.0349,6.9153743,308.65982,0.0,100.0,3.0
2023-07-26 22:00:00+00:00,23.9,95.57939,1010.4352,7.7043357,307.40543,0.0,100.0,3.0
2023-07-26 23:00:00+00:00,23.85,95.577774,1010.43494,8.587338,303.02386,0.1,100.0,51.0
2023-07-27 00:00:00+00:00,23.8,94.71226,1010.1351,13.138765,350.53775,0.2,100.0,51.0
2023-07-27 01:00:00+00:00,24.15,93.022644,1011.1352,13.779114,340.14468,0.0,87.0,3.0
2023-07-27 02:00:00+00:00,24.85,89.20625,1012.1357,16.981165,338.8752,0.0,52.0,2.0
2023-07-27 03:00:00+00:00,26.0,83.312805,1012.63727,16.981165,338.8752,0.0,76.0,2.0
2023-07-27 04:00:00+00:00,27.0,79.01941,1012.639,15.349684,320.7106,0.0,94.0,3.0
2023-07-27 05:00:00+00:00,27.95,76.3426,1012.04047,15.124284,308.23386,0.0,98.0,3.0
2023-07-27 06:00:00+00:00,28.55,74.39255,1011.4417,18.204042,294.53772,0.0,100.0,3.0
2023-07-27 07:00:00+00:00,28.0,79.63417,1010.74146,18.782204,282.17145,0.0,100.0,3.0
2023-07-27 08:00:00+00:00,27.8,79.84673,1010.1413,20.037485,287.78397,0.0,72.0,2.0
2023-07-27 09:00:00+00:00,27.7,79.35466,1009.34143,20.858265,291.25058,0.0,77.0,2.0
2023-07-27 10:00:00+00:00,27.45,81.497604,1009.1412,20.49156,288.43503,0.0,97.0,3.0
2023-07-27 11:00:00+00:00,26.85,83.15851,1009.2402,22.226902,294.90472,0.0,96.0,3.0
2023-07-27 12:00:00+00:00,26.55,83.3752,1009.6396,19.826164,299.35767,0.0,99.0,3.0
2023-07-27 13:00:00+00:00,25.95,85.34692,1009.93854,19.586119,306.02747,0.0,9.0,0.0
2023-07-27 14:00:00+00:00,25.7,84.80682,1010.8379,19.174856,309.66782,0.0,41.0,1.0
2023-07-27 15:00:00+00:00,25.45,87.122696,1011.5369,17.309975,315.0001,0.0,59.0,2.0
2023-07-27 16:00:00+00:00,25.3,88.436005,1012.03674,16.80857,316.73566,0.0,13.0,0.0
2023-07-27 17:00:00+00:00,25.15,88.423805,1012.1363,15.349684,320.7106,0.0,5.0,0.0
2023-07-27 18:00:00+00:00,24.95,89.48409,1012.036,14.529915,318.01285,0.0,13.0,0.0
2023-07-27 19:00:00+00:00,24.7,91.104675,1011.43604,13.830749,321.34018,0.0,43.0,1.0
2023-07-27 20:00:00+00:00,24.6,90.82313,1010.83594,14.277983,326.3099,0.0,100.0,3.0
2023-07-27 21:00:00+00:00,24.45,91.08877,1010.3358,14.88242,327.84772,0.0,71.0,2.0
2023-07-27 22:00:00+00:00,24.35,91.635925,1010.13586,14.654254,332.176,0.0,39.0,1.0
2023-07-27 23:00:00+00:00,24.2,92.184,1010.1356,14.182355,336.0375,0.0,59.0,2.0
2023-07-28 00:00:00+00:00,25.2,82.46415,1009.43756,17.22742,333.97046,0.0,13.0,0.0
2023-07-28 01:00:00+00:00,25.35,81.980934,1010.03766,17.782686,328.24057,0.0,11.0,0.0
2023-07-28 02:00:00+00:00,25.95,82.55326,1011.038,16.58346,332.87878,0.0,11.0,0.0
2023-07-28 03:00:00+00:00,27.1,78.79473,1011.4396,16.79314,329.03632,0.0,1.0,0.0
2023-07-28 04:00:00+00:00,28.25,74.11916,1011.64124,20.421871,319.28925,0.0,4.0,0.0
2023-07-28 05:00:00+00:00,28.8,71.14058,1011.2422,22.545315,308.51697,0.0,74.0,2.0
2023-07-28 06:00:00+00:00,29.0,72.25862,1010.8426,23.4,300.51016,0.0,25.0,1.0
2023-07-28 07:00:00+00:00,28.7,75.31784,1010.14264,25.277025,296.20004,0.0,47.0,1.0
2023-07-28 08:00:00+00:00,28.3,76.85721,1009.44226,27.047956,296.906,0.0,50.0,2.0
2023-07-28 09:00:00+00:00,28.25,76.388565,1008.74255,26.434887,299.35767,0.0,69.0,2.0
2023-07-28 10:00:00+00:00,27.95,76.80448,1008.1422,27.105392,300.31113,0.0,38.0,1.0
2023-07-28 11:00:00+00:00,27.4,80.03384,1007.84174,25.376808,301.6607,0.0,27.0,1.0
2023-07-28 12:00:00+00:00,26.7,83.39211,1009.0399,20.674156,305.07382,0.0,63.0,2.0
2023-07-28 13:00:00+00:00,25.95,86.38314,1009.3388,21.817902,307.6263,0.0,29.0,1.0
2023-07-28 14:00:00+00:00,25.6,88.194115,1009.9379,21.142147,312.92996,0.0,87.0,3.0
2023-07-28 15:00:00+00:00,25.5,89.25571,1010.73755,18.59845,317.35333,0.0,76.0,2.0
2023-07-28 16:00:00+00:00,25.4,89.78768,1011.5369,17.339897,318.36655,0.0,90.0,3.0
2023-07-28 17:00:00+00:00,25.25,90.59229,1011.7365,16.704155,322.88306,0.0,96.0,3.0
2023-07-28 18:00:00+00:00,25.1,91.40506,1011.3367,15.876775,327.03058,0.0,98.0,3.0
2023-07-28 19:00:00+00:00,24.85,92.22046,1010.63635,14.88242,327.84772,0.0,96.0,3.0
2023-07-28 20:00:00+00:00,24.75,92.214836,1010.1366,15.986593,324.16226,0.0,61.0,2.0
2023-07-28 21:00:00+00:00,24.85,91.3897,1009.63684,15.575981,326.3099,0.0,18.0,0.0
2023-07-28 22:00:00+00:00,24.9,90.84276,1009.3372,15.277749,325.56094,0.0,82.0,3.0
2023-07-28 23:00:00+00:00,24.9,90.568855,1009.4372,16.870138,320.1945,0.0,100.0,3.0
2023-07-29 00:00:00+00:00,24.85,88.667595,1009.0371,18.25026,345.14133,0.0,94.0,3.0
2023-07-29 01:00:00+00:00,25.0,86.818405,1009.73706,17.709658,333.43503,0.0,10.0,0.0
2023-07-29 02:00:00+00:00,25.9,82.79805,1010.63794,19.201874,329.589,0.0,12.0,0.0
2023-07-29 03:00:00+00:00,27.0,80.22251,1011.03973,18.218275,330.39563,0.0,15.0,0.0
2023-07-29 04:00:00+00:00,28.15,75.23046,1011.14124,20.969807,325.4914,0.0,94.0,3.0
2023-07-29 05:00:00+00:00,29.0,70.747734,1010.7426,22.406927,313.69812,0.0,21.0,1.0
2023-07-29 06:00:00+00:00,29.15,71.20354,1010.14325,23.565569,304.41843,0.0,9.0,0.0
2023-07-29 07:00:00+00:00,29.15,72.50275,1009.64343,25.140787,299.13422,0.0,5.0,0.0
2023-07-29 08:00:00+00:00,28.9,74.22624,1009.2433,26.405453,295.8663,0.0,16.0,0.0
2023-07-29 09:00:00+00:00,28.6,75.30199,1008.7433,28.185955,298.20154,0.0,33.0,1.0
2023-07-29 10:00:00+00:00,28.1,77.29103,1008.24255,27.41678,299.93143,0.0,38.0,1.0
2023-07-29 11:00:00+00:00,27.55,79.813286,1007.84174,26.260265,303.25436,0.0,31.0,1.0
2023-07-29 12:00:00+00:00,27.0,81.44162,1008.34094,25.63847,308.15726,0.0,19.0,0.0
2023-07-29 13:00:00+00:00,26.35,83.352516,1009.0397,23.277834,309.3517,0.0,90.0,3.0
2023-07-29 14:00:00+00:00,25.95,84.57691,1009.93854,22.401142,315.0001,0.0,52.0,2.0
2023-07-29 15:00:00+00:00,25.8,84.81727,1010.7379,20.240198,321.49933,0.0,1.0,0.0
2023-07-29 16:00:00+00:00,25.65,85.3166,1011.7371,18.875126,325.09744,0.0,19.0,0.0
2023-07-29 17:00:00+00:00,25.5,86.86428,1011.937,17.57744,325.0079,0.0,7.0,0.0
2023-07-29 18:00:00+00:00,25.25,88.43193,1011.63654,15.990646,328.8151,0.0,9.0,0.0
2023-07-29 19:00:00+00:00,25.0,89.48781,1010.73663,15.137133,334.65387,0.0,5.0,0.0
2023-07-29 20:00:00+00:00,24.85,90.01963,1010.33655,15.646544,336.9745,0.0,1.0,0.0
2023-07-29 21:00:00+00:00,24.7,90.55537,1009.7368,15.941944,334.59232,0.0,6.0,0.0
2023-07-29 22:00:00+00:00,24.55,91.09517,1009.3366,15.94601,331.69934,0.0,27.0,1.0
2023-07-29 23:00:00+00:00,24.55,91.37118,1009.2367,15.807239,329.9315,0.0,21.0,1.0
2023-07-30 00:00:00+00:00,24.95,87.34221,1009.3372,18.331741,340.49747,0.0,9.0,0.0
2023-07-30 01:00:00+00:00,24.75,88.391136,1009.5369,16.45007,336.8014,0.0,77.0,2.0
2023-07-30 02:00:00+00:00,25.5,86.34054,1010.0379,16.267857,335.13632,0.0,22.0,1.0
2023-07-30 03:00:00+00:00,26.75,81.16496,1010.7395,17.782686,328.24057,0.0,57.0,2.0
2023-07-30 04:00:00+00:00,28.1,73.647285,1011.04126,21.915691,317.66306,0.0,94.0,3.0
2023-07-30 05:00:00+00:00,28.55,73.27896,1010.742,21.67786,305.53775,0.0,52.0,2.0
2023-07-30 06:00:00+00:00,28.8,72.661,1010.3425,24.696104,300.6772,0.0,74.0,2.0
2023-07-30 07:00:00+00:00,28.7,74.19334,1009.74286,25.43802,296.92758,0.0,57.0,2.0
2023-07-30 08:00:00+00:00,28.45,75.05179,1008.9429,26.242987,296.91647,0.0,78.0,2.0
2023-07-30 09:00:00+00:00,28.35,75.94541,1008.2428,25.284714,298.0244,0.0,70.0,2.0
2023-07-30 10:00:00+00:00,27.95,77.969894,1007.74243,25.809765,300.1413,0.0,91.0,3.0
2023-07-30 11:00:00+00:00,27.45,80.040474,1007.44196,25.1614,303.91745,0.0,0.0,0.0
2023-07-30 12:00:00+00:00,26.6,82.8796,1007.7405,23.269482,304.91946,0.0,1.0,0.0
2023-07-30 13:00:00+00:00,25.85,85.85388,1008.2391,23.051247,308.65982,0.0,18.0,0.0
2023-07-30 14:00:00+00:00,25.5,87.390816,1009.13824,20.150354,311.37842,0.0,11.0,0.0
2023-07-30 15:00:00+00:00,25.4,88.444145,1010.03766,18.59845,312.64667,0.0,42.0,1.0
2023-07-30 16:00:00+00:00,25.25,89.77681,1010.737,17.10284,319.26797,0.0,96.0,3.0
2023-07-30 17:00:00+00:00,25.1,90.58225,1011.0368,16.075521,325.954,0.0,37.0,1.0
2023-07-30 18:00:00+00:00,24.95,91.12054,1010.6366,15.629971,331.07367,0.0,95.0,3.0
2023-07-30 19:00:00+00:00,24.75,91.65988,1009.93677,15.509274,338.19852,0.0,100.0,3.0
2023-07-30 20:00:00+00:00,24.65,91.93124,1009.2367,15.596767,341.14676,0.0,98.0,3.0
2023-07-30 21:00:00+00:00,24.45,93.03774,1008.6366,15.034041,343.3007,0.0,100.0,3.0
2023-07-30 22:00:00+00:00,24.3,94.1614,1008.2368,15.484185,342.40747,0.0,100.0,3.0
2023-07-30 23:00:00+00:00,24.2,95.01406,1008.3365,15.379206,339.44388,0.0,100.0,3.0
2023-07-31 00:00:00+00:00,24.45,94.45213,1008.8365,14.345898,342.47433,0.0,100.0,3.0
2023-07-31 01:00:00+00:00,24.5,94.169876,1009.2367,14.05845,346.67545,0.0,100.0,3.0
2023-07-31 02:00:00+00:00,25.55,87.65946,1010.0379,15.7908325,335.77228,0.0,100.0,3.0
2023-07-31 03:00:00+00:00,26.7,81.89725,1010.63916,17.174677,326.97614,0.1,100.0,51.0
2023-07-31 04:00:00+00:00,27.55,77.91207,1011.04034,19.95972,309.14398,0.1,100.0,51.0
2023-07-31 05:00:00+00:00,28.05,76.12806,1010.6414,21.980644,301.60745,0.1,100.0,51.0
2023-07-31 06:00:00+00:00,28.35,75.48939,1010.44183,23.893261,300.81564,0.1,100.0,51.0
2023-07-31 07:00:00+00:00,28.45,75.50517,1009.6425,24.967497,298.41257,0.1,100.0,51.0
2023-07-31 08:00:00+00:00,28.3,76.626396,1008.9425,25.772078,298.35486,0.1,100.0,51.0
2023-07-31 09:00:00+00:00,28.25,76.158905,1008.2428,26.434887,299.35767,0.0,100.0,3.0
2023-07-31 10:00:00+00:00,27.8,78.41912,1007.84235,26.434887,299.35767,0.0,100.0,3.0
2023-07-31 11:00:00+00:00,27.2,81.71199,1007.74146,23.219301,299.74478,0.0,100.0,3.0
2023-07-31 12:00:00+00:00,26.4,84.11598,1008.24005,22.104116,300.32352,0.0,100.0,3.0
2023-07-31 13:00:00+00:00,25.9,86.118256,1009.1386,20.674156,305.07382,0.0,100.0,3.0
2023-07-31 14:00:00+00:00,25.65,87.66808,1009.83795,19.296135,306.6562,0.0,100.0,3.0
2023-07-31 15:00:00+00:00,25.55,88.72332,1010.53766,18.440998,308.65982,0.0,100.0,3.0
2023-07-31 16:00:00+00:00,25.4,90.05851,1011.1371,16.831684,311.53168,0.0,100.0,3.0
2023-07-31 17:00:00+00:00,25.3,90.323204,1011.6369,15.30741,318.81415,0.0,100.0,3.0
2023-07-31 18:00:00+00:00,25.25,90.59229,1011.63654,14.186923,324.2932,0.0,100.0,3.0
2023-07-31 19:00:00+00:00,25.15,90.585625,1010.9369,14.081477,327.52884,0.0,100.0,3.0
2023-07-31 20:00:00+00:00,24.85,91.66586,1010.2366,14.007655,334.09354,0.0,100.0,3.0
2023-07-31 21:00:00+00:00,24.55,92.76234,1009.8364,14.707222,338.45895,0.0,100.0,3.0
2023-07-31 22:00:00+00:00,24.25,93.87525,1009.2361,14.118243,340.6409,0.0,100.0,3.0
2023-07-31 23:00:00+00:00,24.2,93.58965,1009.43604,15.463246,335.22488,0.0,100.0,3.0
2023-08-01 00:00:00+00:00,24.35,93.31429,1009.13635,15.03835,348.95908,0.0,100.0,3.0
2023-08-01 01:00:00+00:00,24.4,92.47452,1009.33624,14.973576,350.31128,0.0,97.0,3.0
2023-08-01 02:00:00+00:00,25.45,87.386406,1009.9377,16.09969,349.69522,0.0,89.0,3.0
2023-08-01 03:00:00+00:00,27.2,78.57091,1010.64014,18.792551,339.82925,0.0,99.0,3.0
2023-08-01 04:00:00+00:00,28.1,75.677895,1010.8414,19.134262,318.81415,0.0,100.0,3.0
2023-08-01 05:00:00+00:00,28.6,73.28744,1010.7424,22.682856,305.9606,0.2,100.0,51.0
2023-08-01 06:00:00+00:00,28.75,73.5341,1010.44257,25.11758,297.2995,0.2,100.0,51.0
2023-08-01 07:00:00+00:00,28.5,75.9687,1009.8424,24.633049,296.93945,0.1,100.0,51.0
2023-08-01 08:00:00+00:00,28.6,75.5288,1009.04315,23.188583,297.75842,0.0,100.0,3.0
2023-08-01 09:00:00+00:00,28.2,77.07366,1008.8425,25.809765,300.1413,0.1,100.0,51.0
2023-08-01 10:00:00+00:00,27.85,77.48715,1008.2422,23.966375,302.7352,0.0,100.0,3.0
2023-08-01 11:00:00+00:00,27.55,78.38361,1008.4415,24.363249,304.15976,0.0,100.0,3.0
2023-08-01 12:00:00+00:00,26.9,79.96731,1009.2402,21.028437,308.0471,0.0,100.0,3.0
2023-08-01 13:00:00+00:00,26.2,82.582825,1009.9389,21.252197,308.8114,0.0,100.0,3.0
2023-08-01 14:00:00+00:00,25.7,85.063896,1010.7379,19.373219,311.98712,0.0,100.0,3.0
2023-08-01 15:00:00+00:00,25.5,86.60208,1011.1373,18.328207,315.0001,0.0,100.0,3.0
2023-08-01 16:00:00+00:00,25.3,88.16925,1011.5369,17.610588,319.1447,0.0,100.0,3.0
2023-08-01 17:00:00+00:00,25.2,88.96386,1011.7365,16.595179,319.39877,0.0,100.0,3.0
2023-08-01 18:00:00+00:00,25.0,90.30252,1011.53625,15.696165,323.39282,0.0,100.0,3.0
2023-08-01 19:00:00+00:00,24.85,91.114204,1011.0362,15.1884165,328.5705,0.0,100.0,3.0
2023-08-01 20:00:00+00:00,24.75,91.65988,1010.7364,14.8257065,330.9455,0.0,100.0,3.0
2023-08-01 21:00:00+00:00,24.6,92.20646,1010.23627,14.007655,334.09354,0.0,100.0,3.0
2023-08-01 22:00:00+00:00,24.45,93.03774,1010.03595,14.182355,336.0375,0.0,100.0,3.0
2023-08-01 23:00:00+00:00,24.4,93.316734,1010.2359,13.905509,338.74942,0.0,100.0,3.0
2023-08-02 00:00:00+00:00,24.65,93.61052,1009.8364,14.904173,322.85324,0.0,100.0,3.0
2023-08-02 01:00:00+00:00,24.7,93.05031,1010.4365,14.81259,334.05774,0.0,100.0,3.0
2023-08-02 02:00:00+00:00,25.7,89.270836,1010.7379,15.463246,335.22488,0.0,100.0,3.0
2023-08-02 03:00:00+00:00,26.9,82.91441,1011.63904,17.174677,326.97614,0.0,100.0,3.0
2023-08-02 04:00:00+00:00,27.8,78.41912,1012.04047,17.610588,310.8553,0.1,100.0,51.0
2023-08-02 05:00:00+00:00,28.7,73.30436,1012.0418,19.694992,300.7841,0.0,100.0,3.0
2023-08-02 06:00:00+00:00,28.85,72.88907,1011.8421,20.799152,293.45905,0.1,100.0,51.0
2023-08-02 07:00:00+00:00,28.55,74.39255,1011.34174,21.794127,292.3287,0.0,100.0,3.0
2023-08-02 08:00:00+00:00,28.7,73.747665,1010.7424,22.226902,294.90472,0.0,95.0,3.0
2023-08-02 09:00:00+00:00,28.5,74.16042,1009.9424,23.03156,294.96277,0.1,100.0,51.0
2023-08-02 10:00:00+00:00,27.95,77.50187,1009.5416,22.057161,296.1468,0.0,100.0,3.0
2023-08-02 11:00:00+00:00,27.55,79.09561,1009.44104,20.288164,297.47433,0.0,98.0,3.0
2023-08-02 12:00:00+00:00,26.85,82.41076,1009.4401,18.089775,301.15924,0.0,99.0,3.0
2023-08-02 13:00:00+00:00,26.05,85.61492,1010.0385,17.974781,302.7352,0.0,77.0,2.0
2023-08-02 14:00:00+00:00,25.65,87.66808,1010.9375,15.9134655,307.64767,0.0,55.0,2.0
2023-08-02 15:00:00+00:00,25.4,89.51753,1011.5369,13.783817,310.76352,0.0,94.0,3.0
2023-08-02 16:00:00+00:00,25.25,90.59229,1012.23627,12.475961,316.16904,0.0,36.0,1.0
2023-08-02 17:00:00+00:00,25.1,91.40506,1012.53613,12.261157,319.7637,0.0,94.0,3.0
2023-08-02 18:00:00+00:00,24.9,92.78058,1012.1359,11.592894,323.8417,0.0,47.0,1.0
2023-08-02 19:00:00+00:00,24.7,93.89521,1011.43604,10.739832,320.44037,0.0,59.0,2.0
2023-08-02 20:00:00+00:00,24.4,94.73537,1010.93555,11.966954,316.2188,0.1,99.0,51.0
2023-08-02 21:00:00+00:00,24.15,94.15502,1010.43555,13.104198,322.81522,0.1,100.0,51.0
2023-08-02 22:00:00+00:00,24.25,93.87525,1009.8358,12.55879,332.7005,0.0,38.0,1.0
2023-08-02 23:00:00+00:00,24.1,95.0104,1009.9358,13.70839,330.06857,0.0,59.0,2.0
2023-08-03 00:00:00+00:00,24.55,96.17704,1009.73645,11.983188,327.26477,0.0,91.0,3.0
2023-08-03 01:00:00+00:00,24.8,95.32178,1009.93677,14.77755,325.92276,0.1,89.0,51.0
2023-08-03 02:00:00+00:00,25.5,92.25666,1010.2378,15.496736,329.2646,0.0,44.0,1.0
2023-08-03 03:00:00+00:00,26.5,85.14588,1010.6389,19.107151,317.29062,0.0,52.0,2.0
2023-08-03 04:00:00+00:00,27.35,80.510635,1011.24023,20.018072,307.6943,0.1,14.0,51.0
2023-08-03 05:00:00+00:00,28.15,76.37327,1011.2412,21.980644,301.60745,0.2,17.0,51.0
2023-08-03 06:00:00+00:00,28.55,74.61705,1010.642,23.847115,298.88647,0.0,8.0,0.0
2023-08-03 07:00:00+00:00,29.05,72.70407,1009.94336,23.667091,296.17523,0.0,2.0,0.0
2023-08-03 08:00:00+00:00,29.05,72.26734,1009.1437,26.576681,294.8293,0.0,4.0,0.0
2023-08-03 09:00:00+00:00,28.5,75.9687,1008.7429,26.099379,294.44394,0.0,3.0,0.0
2023-08-03 10:00:00+00:00,28.15,77.298416,1008.5424,26.089447,297.97937,0.0,13.0,0.0
2023-08-03 11:00:00+00:00,27.75,78.64844,1008.5418,26.980793,301.35703,0.1,9.0,51.0
2023-08-03 12:00:00+00:00,26.8,84.15931,1008.9403,21.385939,306.09836,0.0,18.0,0.0
2023-08-03 13:00:00+00:00,26.2,86.928116,1009.3392,20.674156,305.07382,0.0,3.0,0.0
2023-08-03 14:00:00+00:00,25.85,87.9497,1010.23816,20.150354,311.37842,0.0,6.0,0.0
2023-08-03 15:00:00+00:00,25.8,87.94548,1011.1377,19.107151,312.70938,0.0,2.0,0.0
2023-08-03 16:00:00+00:00,25.65,88.731255,1011.83704,17.581125,312.5104,0.0,7.0,0.0
2023-08-03 17:00:00+00:00,25.35,90.05498,1012.13666,17.31746,316.68463,0.0,15.0,0.0
2023-08-03 18:00:00+00:00,25.1,89.76591,1012.23627,15.778516,325.2221,0.0,25.0,1.0
2023-08-03 19:00:00+00:00,25.05,89.49158,1011.9361,15.30741,318.81415,0.0,44.0,1.0
2023-08-03 20:00:00+00:00,24.9,90.84276,1011.63617,15.03835,317.91092,0.0,62.0,2.0
2023-08-03 21:00:00+00:00,24.75,91.383514,1011.13617,15.986593,324.16226,0.0,29.0,1.0
2023-08-03 22:00:00+00:00,24.55,90.81987,1010.83594,16.489416,323.88055,0.0,23.0,1.0
2023-08-03 23:00:00+00:00,24.45,90.2645,1010.73566,14.986553,335.89777,0.0,9.0,0.0
2023-08-04 00:00:00+00:00,24.65,91.93124,1010.5361,12.9249525,347.125,0.0,8.0,0.0
2023-08-04 01:00:00+00:00,24.7,92.212074,1011.13617,11.304229,350.8377,0.0,83.0,3.0
2023-08-04 02:00:00+00:00,25.75,90.08314,1011.9374,14.05845,346.67545,0.0,95.0,3.0
2023-08-04 03:00:00+00:00,26.9,80.209366,1012.4387,14.654254,332.176,0.1,85.0,51.0
2023-08-04 04:00:00+00:00,28.05,75.89875,1012.6405,14.05845,320.1945,0.0,87.0,3.0
2023-08-04 05:00:00+00:00,29.1,69.91545,1012.74207,18.278645,302.12497,0.1,95.0,51.0
2023-08-04 06:00:00+00:00,28.7,70.265884,1012.6415,23.83624,295.01685,0.4,93.0,51.0
2023-08-04 07:00:00+00:00,27.8,77.479836,1012.5402,18.440998,308.65982,0.3,96.0,51.0
2023-08-04 08:00:00+00:00,27.85,78.89941,1011.6406,20.523157,291.61484,0.1,91.0,51.0
2023-08-04 09:00:00+00:00,27.55,76.51228,1011.24023,21.980644,301.60745,0.1,99.0,51.0
2023-08-04 10:00:00+00:00,27.65,77.92654,1010.241,19.022177,299.4758,0.0,96.0,3.0
2023-08-04 11:00:00+00:00,27.55,78.620316,1009.94086,18.892282,300.96368,0.0,95.0,3.0
2023-08-04 12:00:00+00:00,27.25,81.22802,1009.9405,18.892282,300.96368,0.0,91.0,3.0
2023-08-04 13:00:00+00:00,26.45,83.8682,1010.7389,19.008545,307.30402,0.0,71.0,2.0
2023-08-04 14:00:00+00:00,26.05,86.65319,1011.43787,18.864824,311.90585,0.0,52.0,2.0
2023-08-04 15:00:00+00:00,25.9,87.95393,1012.13727,17.884428,319.89914,0.0,85.0,3.0
2023-08-04 16:00:00+00:00,25.8,88.210686,1012.737,15.986593,324.16226,0.0,36.0,1.0
2023-08-04 17:00:00+00:00,25.6,89.26329,1013.1364,14.512064,330.25522,0.0,4.0,0.0
2023-08-04 18:00:00+00:00,25.35,90.872086,1013.03625,13.570615,338.19852,0.0,6.0,0.0
2023-08-04 19:00:00+00:00,24.95,92.783165,1012.43585,13.37825,336.19403,0.0,2.0,0.0
2023-08-04 20:00:00+00:00,24.7,93.61285,1012.03577,14.007655,334.09354,0.0,1.0,0.0
2023-08-04 21:00:00+00:00,24.65,92.76754,1011.63556,15.463246,335.22488,0.0,48.0,1.0
2023-08-04 22:00:00+00:00,24.55,93.04281,1011.53564,15.646544,336.9745,0.0,33.0,1.0
2023-08-04 23:00:00+00:00,24.5,93.321556,1011.83545,15.683774,328.13406,0.0,45.0,1.0
2023-08-05 00:00:00+00:00,25.2,85.79006,1011.3367,16.78156,337.28555,0.0,13.0,0.0
2023-08-05 01:00:00+00:00,24.95,85.24535,1012.036,14.799459,341.56494,0.0,100.0,3.0
2023-08-05 02:00:00+00:00,25.85,82.79218,1012.93695,13.905509,338.74942,0.0,22.0,1.0
2023-08-05 03:00:00+00:00,27.3,77.8758,1013.63873,16.79314,329.03632,0.0,4.0,0.0
2023-08-05 04:00:00+00:00,28.85,69.65746,1013.7413,20.774214,332.1028,0.1,72.0,51.0
2023-08-05 05:00:00+00:00,30.15,63.267296,1013.6432,19.969458,326.0234,0.1,74.0,51.0
2023-08-05 06:00:00+00:00,31.05,57.58215,1013.24475,22.148046,314.34152,0.0,86.0,3.0
2023-08-05 07:00:00+00:00,31.2,55.370537,1012.4454,24.192429,306.52896,0.0,59.0,2.0
2023-08-05 08:00:00+00:00,30.3,62.155518,1011.44464,25.284714,298.0244,0.0,52.0,2.0
2023-08-05 09:00:00+00:00,29.9,62.638214,1011.04407,27.558228,303.2749,0.0,58.0,2.0
2023-08-05 10:00:00+00:00,29.2,67.84793,1010.34314,23.78453,309.47244,0.0,54.0,2.0
2023-08-05 11:00:00+00:00,28.95,67.38785,1010.1429,24.569836,309.05313,0.0,100.0,3.0
2023-08-05 12:00:00+00:00,28.15,70.5925,1010.5415,22.406927,313.69812,0.0,100.0,3.0
2023-08-05 13:00:00+00:00,27.15,75.9884,1011.23987,21.38897,316.36386,0.0,100.0,3.0
2023-08-05 14:00:00+00:00,26.85,77.57454,1012.0389,19.734436,321.66663,0.0,100.0,3.0
2023-08-05 15:00:00+00:00,26.6,79.20369,1012.83813,18.171976,326.3099,0.0,99.0,3.0
2023-08-05 16:00:00+00:00,26.4,80.14321,1013.13776,18.043148,331.38962,0.0,100.0,3.0
2023-08-05 17:00:00+00:00,26.1,81.823814,1013.63684,16.263872,332.30063,0.0,100.0,3.0
2023-08-05 18:00:00+00:00,25.8,83.542885,1013.5366,15.141414,331.6071,0.0,98.0,3.0
2023-08-05 19:00:00+00:00,25.55,84.79113,1012.9366,15.042659,338.9624,0.0,100.0,3.0
2023-08-05 20:00:00+00:00,25.25,86.57874,1012.23627,15.509274,338.19852,0.0,97.0,3.0
2023-08-05 21:00:00+00:00,25.05,87.61619,1011.63617,15.175612,337.69376,0.0,85.0,3.0
2023-08-05 22:00:00+00:00,24.85,88.667595,1011.23615,15.509274,338.19852,0.0,1.0,0.0
2023-08-05 23:00:00+00:00,24.55,90.545296,1011.1358,14.24163,339.27435,0.0,0.0,0.0
2023-08-06 00:00:00+00:00,24.8,89.47294,1011.6359,17.462782,345.67725,0.0,22.0,1.0
2023-08-06 01:00:00+00:00,24.95,88.67556,1012.2359,16.171976,343.1785,0.0,86.0,3.0
2023-08-06 02:00:00+00:00,25.85,85.07931,1012.637,14.917212,340.25308,0.0,77.0,2.0
2023-08-06 03:00:00+00:00,27.45,78.36937,1012.73956,16.78156,337.28555,0.0,49.0,1.0
2023-08-06 04:00:00+00:00,29.1,70.33956,1012.74207,19.376562,324.8335,0.0,89.0,3.0
2023-08-06 05:00:00+00:00,30.15,65.61235,1012.1439,19.85556,315.0001,0.0,91.0,3.0
2023-08-06 06:00:00+00:00,30.15,68.033165,1011.94403,23.358423,298.5399,0.0,97.0,3.0
2023-08-06 07:00:00+00:00,29.9,69.22549,1011.144,25.277025,296.20004,0.0,96.0,3.0
2023-08-06 08:00:00+00:00,28.95,72.46809,1010.5427,26.368616,302.1712,0.0,100.0,3.0
2023-08-06 09:00:00+00:00,29.35,69.3307,1009.74384,26.368616,302.1712,0.0,100.0,3.0
2023-08-06 10:00:00+00:00,28.85,72.01471,1009.1433,24.20314,300.37906,0.0,100.0,3.0
2023-08-06 11:00:00+00:00,27.7,77.69912,1009.04156,23.966375,302.7352,0.0,100.0,3.0
2023-08-06 12:00:00+00:00,27.15,79.51915,1009.64056,20.592503,306.46933,0.0,100.0,3.0
2023-08-06 13:00:00+00:00,26.4,85.392334,1010.13916,18.218275,307.77576,0.0,99.0,3.0
2023-08-06 14:00:00+00:00,26.0,87.172,1010.6382,18.864824,311.90585,0.0,100.0,3.0
2023-08-06 15:00:00+00:00,25.85,87.68528,1011.33765,17.581125,317.4896,0.0,99.0,3.0
2023-08-06 16:00:00+00:00,25.75,89.00654,1011.9374,15.546833,317.8156,0.0,99.0,3.0
2023-08-06 17:00:00+00:00,25.55,90.61235,1012.1369,15.124284,321.7661,0.0,99.0,3.0
2023-08-06 18:00:00+00:00,25.4,91.14905,1011.7369,15.277749,325.56094,0.0,96.0,3.0
2023-08-06 19:00:00+00:00,25.2,91.96298,1011.23676,14.81259,334.05774,0.0,41.0,1.0
2023-08-06 20:00:00+00:00,25.0,92.50694,1010.5367,14.707222,338.45895,0.0,94.0,3.0
2023-08-06 21:00:00+00:00,25.05,91.67783,1009.937,14.512064,336.61475,0.0,53.0,2.0
2023-08-06 22:00:00+00:00,24.85,92.22046,1009.43695,14.372974,337.93204,0.0,100.0,3.0
2023-08-06 23:00:00+00:00,24.75,92.49345,1009.63684,14.84318,337.1663,0.0,93.0,3.0
2023-08-07 00:00:00+00:00,25.0,92.78578,1009.837,16.1198,336.29733,0.0,98.0,3.0
2023-08-07 01:00:00+00:00,25.0,92.50694,1009.937,14.48972,333.43503,0.0,96.0,3.0
2023-08-07 02:00:00+00:00,26.0,86.12787,1010.53827,16.45007,336.8014,0.0,100.0,3.0
2023-08-07 03:00:00+00:00,27.25,79.054085,1010.84,18.837322,333.92468,0.0,100.0,3.0
2023-08-07 04:00:00+00:00,28.45,72.60053,1010.742,19.296135,323.34378,0.0,100.0,3.0
2023-08-07 05:00:00+00:00,29.55,67.5064,1010.24384,19.8,306.86996,0.0,100.0,3.0
2023-08-07 06:00:00+00:00,29.2,70.357956,1009.8434,21.749483,298.68604,0.0,100.0,3.0
2023-08-07 07:00:00+00:00,29.25,71.22148,1009.244,22.73707,293.31772,0.0,100.0,3.0
2023-08-07 08:00:00+00:00,28.95,73.1261,1008.54364,22.881958,294.14554,0.0,100.0,3.0
2023-08-07 09:00:00+00:00,28.6,75.5288,1007.7438,23.667091,296.17523,0.0,98.0,3.0
2023-08-07 10:00:00+00:00,28.5,75.286125,1007.34357,23.993399,297.7184,0.0,100.0,3.0
2023-08-07 11:00:00+00:00,27.8,78.655495,1007.14264,23.710857,300.06848,0.0,100.0,3.0
2023-08-07 12:00:00+00:00,27.3,80.504135,1007.6415,21.817902,307.6263,0.0,98.0,3.0
2023-08-07 13:00:00+00:00,26.55,84.13225,1008.14026,19.734436,308.33337,0.0,100.0,3.0
2023-08-07 14:00:00+00:00,26.15,85.88322,1009.1392,20.65848,311.46762,0.0,100.0,3.0
2023-08-07 15:00:00+00:00,26.05,86.9145,1010.1384,19.61587,317.2312,0.0,100.0,3.0
2023-08-07 16:00:00+00:00,25.85,87.68528,1010.63794,17.654688,320.79282,0.0,90.0,3.0
2023-08-07 17:00:00+00:00,25.65,88.998825,1010.9375,16.199999,323.13,0.0,82.0,3.0
2023-08-07 18:00:00+00:00,25.4,90.330086,1010.5374,15.379206,327.42596,0.0,92.0,3.0
2023-08-07 19:00:00+00:00,25.15,91.960144,1010.0373,14.48972,333.43503,0.0,97.0,3.0
2023-08-07 20:00:00+00:00,24.9,93.622086,1009.3372,14.007655,334.09354,0.0,100.0,3.0
2023-08-07 21:00:00+00:00,24.65,94.46023,1008.83685,12.904882,337.01126,0.0,100.0,3.0
2023-08-07 22:00:00+00:00,24.4,95.30808,1008.6366,11.966954,344.2913,0.0,100.0,3.0
2023-08-07 23:00:00+00:00,24.2,96.167175,1009.0362,11.753877,332.6502,0.0,100.0,3.0
2023-08-08 00:00:00+00:00,24.75,91.93702,1008.2375,15.782622,315.0001,0.0,100.0,3.0
2023-08-08 01:00:00+00:00,25.15,89.76959,1009.1377,14.277983,326.3099,0.0,100.0,3.0
2023-08-08 02:00:00+00:00,26.0,86.90991,1009.73865,15.1884165,328.5705,0.0,99.0,3.0
2023-08-08 03:00:00+00:00,26.95,81.4354,1010.2401,18.440998,321.34018,0.3,92.0,51.0
2023-08-08 04:00:00+00:00,28.05,75.214516,1010.4416,19.09358,315.7638,0.1,97.0,51.0
2023-08-08 05:00:00+00:00,28.8,74.4334,1010.44257,20.188908,301.13892,0.2,100.0,51.0
2023-08-08 06:00:00+00:00,29.25,71.22148,1010.04364,21.611996,299.98157,0.0,100.0,3.0
2023-08-08 07:00:00+00:00,29.5,70.201096,1009.3442,22.065973,298.23734,0.0,75.0,2.0
2023-08-08 08:00:00+00:00,29.45,70.40385,1008.7445,23.34455,296.56497,0.1,79.0,51.0
2023-08-08 09:00:00+00:00,29.35,70.598145,1008.4444,24.795612,295.82092,0.0,62.0,2.0
2023-08-08 10:00:00+00:00,28.65,73.73935,1008.0436,24.387178,301.10873,0.0,87.0,3.0
2023-08-08 11:00:00+00:00,28.1,75.90654,1008.1426,23.219301,299.74478,0.0,89.0,3.0
2023-08-08 12:00:00+00:00,27.15,81.460335,1008.64105,21.868332,302.90524,0.0,67.0,2.0
2023-08-08 13:00:00+00:00,26.5,83.873695,1009.23956,19.083395,305.78906,0.0,100.0,3.0
2023-08-08 14:00:00+00:00,26.05,86.65319,1010.0385,16.489416,306.11945,0.0,99.0,3.0
2023-08-08 15:00:00+00:00,25.8,88.74313,1011.1377,15.856354,309.47244,0.0,98.0,3.0
2023-08-08 16:00:00+00:00,25.65,89.26709,1011.63715,15.277749,325.56094,0.0,97.0,3.0
2023-08-08 17:00:00+00:00,25.5,88.98716,1011.7371,14.20062,329.53452,0.0,100.0,3.0
2023-08-08 18:00:00+00:00,25.25,90.04791,1011.3367,12.538134,320.82635,0.0,100.0,3.0
2023-08-08 19:00:00+00:00,24.95,91.67183,1010.5367,12.88981,324.09018,0.0,100.0,3.0
2023-08-08 20:00:00+00:00,24.65,93.328804,1009.9364,11.609651,330.25522,0.0,100.0,3.0
2023-08-08 21:00:00+00:00,24.35,95.0195,1009.4363,11.119281,330.9455,0.0,100.0,3.0
2023-08-08 22:00:00+00:00,24.25,95.59071,1009.336,12.10157,329.62094,0.0,100.0,3.0
2023-08-08 23:00:00+00:00,24.2,95.87776,1009.73584,12.72283,334.8852,0.0,100.0,3.0
2023-08-09 00:00:00+00:00,24.7,95.605225,1010.1366,11.177405,345.06854,0.0,100.0,3.0
2023-08-09 01:00:00+00:00,24.6,96.17844,1010.43616,11.726277,342.12122,0.0,100.0,3.0
2023-08-09 02:00:00+00:00,25.85,90.36088,1011.1377,12.10157,337.249,0.0,100.0,3.0
2023-08-09 03:00:00+00:00,27.35,80.996605,1011.5401,15.1884165,328.5705,0.0,100.0,3.0
2023-08-09 04:00:00+00:00,28.85,72.88907,1011.7422,14.76439,315.0001,0.0,100.0,3.0
2023-08-09 05:00:00+00:00,29.4,69.340164,1011.44305,18.171976,303.6901,0.0,100.0,3.0
2023-08-09 06:00:00+00:00,29.6,68.96029,1011.24335,19.969458,297.95087,0.1,100.0,51.0
2023-08-09 07:00:00+00:00,29.4,71.67865,1010.74335,21.749481,294.44394,0.2,100.0,51.0
2023-08-09 08:00:00+00:00,29.35,73.19396,1010.2436,21.749481,294.44394,0.0,100.0,3.0
2023-08-09 09:00:00+00:00,29.15,73.60121,1009.64343,21.603,293.5747,0.0,100.0,3.0
2023-08-09 10:00:00+00:00,28.65,75.76403,1008.94324,21.325253,291.80148,0.0,100.0,3.0
2023-08-09 11:00:00+00:00,27.6,81.02834,1008.94165,20.288164,297.47433,0.0,100.0,3.0
2023-08-09 12:00:00+00:00,27.05,82.93173,1009.24054,20.767975,303.6901,0.0,19.0,0.0
2023-08-09 13:00:00+00:00,26.3,87.72396,1009.8389,15.575981,303.6901,0.0,100.0,3.0
2023-08-09 14:00:00+00:00,25.8,90.35749,1010.93787,16.418526,307.87503,0.0,100.0,3.0
2023-08-09 15:00:00+00:00,25.6,91.435715,1011.5372,15.484185,305.53775,0.0,100.0,3.0
2023-08-09 16:00:00+00:00,25.4,92.80652,1012.03674,15.072783,310.1559,0.0,100.0,3.0
2023-08-09 17:00:00+00:00,25.3,93.360054,1012.13666,14.565548,320.01315,0.0,100.0,3.0
2023-08-09 18:00:00+00:00,25.15,94.197334,1012.1363,12.682018,325.40765,0.0,100.0,3.0
2023-08-09 19:00:00+00:00,24.95,95.32686,1011.53625,12.24,331.9276,0.0,100.0,3.0
2023-08-09 20:00:00+00:00,24.85,95.897354,1010.9363,11.631956,338.19852,0.0,100.0,3.0
2023-08-09 21:00:00+00:00,24.6,97.048805,1010.43616,11.165805,339.22766,0.0,100.0,3.0
2023-08-09 22:00:00+00:00,24.45,97.33751,1010.13586,11.384199,341.56494,0.0,100.0,3.0
2023-08-09 23:00:00+00:00,24.35,97.04334,1010.13586,12.758432,343.61038,0.0,100.0,3.0
2023-08-10 00:00:00+00:00,24.7,95.31833,1010.0367,12.864649,342.072,0.0,100.0,3.0
2023-08-10 01:00:00+00:00,24.75,94.46421,1010.7364,9.983106,334.35904,0.0,100.0,3.0
2023-08-10 02:00:00+00:00,25.7,89.53973,1011.4376,11.298495,337.5205,0.0,100.0,3.0
2023-08-10 03:00:00+00:00,27.2,81.466545,1012.23944,12.783802,327.6526,0.0,100.0,3.0
2023-08-10 04:00:00+00:00,28.55,74.16866,1012.4413,14.84318,309.09384,0.0,100.0,3.0
2023-08-10 05:00:00+00:00,28.9,74.003334,1011.8421,15.315873,299.57773,0.0,100.0,3.0
2023-08-10 06:00:00+00:00,29.2,72.29347,1011.3427,18.11841,290.95584,0.0,100.0,3.0
2023-08-10 07:00:00+00:00,28.15,78.46866,1011.14124,21.53089,290.55612,0.0,100.0,3.0
2023-08-10 08:00:00+00:00,28.35,75.71709,1010.3418,21.53089,290.55612,0.0,100.0,3.0
2023-08-10 09:00:00+00:00,28.5,74.38437,1009.7425,21.325253,291.80148,0.0,100.0,3.0
2023-08-10 10:00:00+00:00,28.15,75.685776,1009.442,22.415602,299.85892,0.0,100.0,3.0
2023-08-10 11:00:00+00:00,27.55,78.857635,1009.1412,22.768396,304.69522,0.0,100.0,3.0
2023-08-10 12:00:00+00:00,27.1,82.937515,1009.4405,19.8,306.86996,0.0,100.0,3.0
2023-08-10 13:00:00+00:00,26.5,86.17579,1010.13916,18.374111,304.62424,0.0,100.0,3.0
2023-08-10 14:00:00+00:00,26.0,89.02586,1010.6382,17.654688,309.20718,0.0,100.0,3.0
2023-08-10 15:00:00+00:00,25.85,89.82011,1011.33765,17.309975,315.0001,0.0,100.0,3.0
2023-08-10 16:00:00+00:00,25.85,89.82011,1012.03735,15.9134655,322.3523,0.0,86.0,3.0
2023-08-10 17:00:00+00:00,25.7,90.62233,1012.03735,14.982228,324.78232,0.0,100.0,3.0
2023-08-10 18:00:00+00:00,25.5,91.704544,1011.63715,14.88242,327.84772,0.0,100.0,3.0
2023-08-10 19:00:00+00:00,25.35,92.248344,1010.93726,14.512064,330.25522,0.0,100.0,3.0
2023-08-10 20:00:00+00:00,25.15,93.07286,1009.83734,15.0038395,329.74365,0.0,96.0,3.0
2023-08-10 21:00:00+00:00,24.8,94.466255,1009.83673,13.089354,328.4958,0.0,85.0,3.0
2023-08-10 22:00:00+00:00,24.6,95.314896,1009.43665,12.768586,338.4985,0.0,44.0,1.0
2023-08-10 23:00:00+00:00,24.75,94.46421,1009.43695,13.009903,345.5792,0.0,18.0,0.0
2023-08-11 00:00:00+00:00,25.55,90.34036,1009.63806,16.595179,347.4712,0.0,92.0,3.0
2023-08-11 01:00:00+00:00,25.55,89.52866,1009.83795,15.141414,341.99573,0.0,99.0,3.0
2023-08-11 02:00:00+00:00,26.3,85.639725,1010.43866,14.84318,337.1663,0.0,99.0,3.0
2023-08-11 03:00:00+00:00,27.7,78.87854,1010.94073,14.693999,329.03632,0.0,89.0,3.0
2023-08-11 04:00:00+00:00,29.25,69.94335,1011.0432,15.7908325,316.8476,0.0,100.0,3.0
2023-08-11 05:00:00+00:00,29.7,70.02676,1010.8439,15.941944,295.40768,0.0,100.0,3.0
2023-08-11 06:00:00+00:00,29.75,70.036026,1010.3441,19.137648,286.38962,0.0,98.0,3.0
2023-08-11 07:00:00+00:00,29.35,71.88581,1009.74384,22.206486,289.90384,0.0,98.0,3.0
2023-08-11 08:00:00+00:00,28.6,76.21282,1009.14307,19.826164,299.35767,0.1,99.0,51.0
2023-08-11 09:00:00+00:00,28.4,76.18204,1007.9433,21.749481,294.44394,0.0,100.0,3.0
2023-08-11 10:00:00+00:00,28.25,77.3132,1007.84296,21.767351,304.21576,0.0,93.0,3.0
2023-08-11 11:00:00+00:00,27.9,79.860085,1008.0423,19.576189,302.22873,0.0,99.0,3.0
2023-08-11 12:00:00+00:00,27.45,81.009315,1008.34155,16.79314,300.96368,0.0,99.0,3.0
2023-08-11 13:00:00+00:00,26.6,84.64552,1009.5397,14.973577,297.18103,0.0,100.0,3.0
2023-08-11 14:00:00+00:00,25.95,89.55818,1010.6382,13.18308,304.9921,0.0,100.0,3.0
2023-08-11 15:00:00+00:00,25.7,91.16794,1011.6375,11.720751,312.5104,0.0,100.0,3.0
2023-08-11 16:00:00+00:00,25.5,92.53382,1012.037,10.691453,315.0001,0.0,100.0,3.0
2023-08-11 17:00:00+00:00,25.2,94.19943,1012.33624,9.885262,326.88864,0.1,100.0,51.0
2023-08-11 18:00:00+00:00,24.85,95.03766,1012.03577,10.805998,330.01843,0.1,100.0,51.0
2023-08-11 19:00:00+00:00,24.65,94.74496,1011.63556,10.1887,327.99466,0.0,99.0,3.0
2023-08-11 20:00:00+00:00,24.4,95.02133,1010.93555,9.107359,341.56494,0.0,99.0,3.0
2023-08-11 21:00:00+00:00,24.2,95.30118,1010.3356,9.360001,337.3801,0.0,100.0,3.0
2023-08-11 22:00:00+00:00,23.9,96.74118,1010.03534,9.983106,334.35904,0.0,100.0,3.0
2023-08-11 23:00:00+00:00,23.8,97.324715,1010.1351,10.144082,332.52567,0.0,99.0,3.0
2023-08-12 00:00:00+00:00,24.0,95.87169,1009.6355,15.277749,325.56094,0.0,100.0,3.0
2023-08-12 01:00:00+00:00,24.5,94.73918,1010.0363,14.480773,325.1246,0.0,99.0,3.0
2023-08-12 02:00:00+00:00,24.9,93.622086,1010.83655,13.397612,329.30035,0.0,90.0,3.0
2023-08-12 03:00:00+00:00,25.75,86.62535,1011.6375,13.217443,330.64233,0.0,47.0,1.0
2023-08-12 04:00:00+00:00,27.85,74.95545,1011.7406,15.629971,321.54626,0.0,28.0,1.0
2023-08-12 05:00:00+00:00,28.5,70.87122,1011.5416,19.164717,298.00906,0.1,31.0,51.0
2023-08-12 06:00:00+00:00,29.05,69.27408,1011.14276,20.140705,298.85556,0.2,57.0,51.0
2023-08-12 07:00:00+00:00,28.55,72.17999,1010.34216,21.794127,292.3287,0.3,73.0,51.0
2023-08-12 08:00:00+00:00,27.7,77.69912,1009.8412,21.749483,298.68604,0.4,59.0,51.0
2023-08-12 09:00:00+00:00,28.4,74.368,1008.8429,22.702845,297.37762,0.4,62.0,51.0
2023-08-12 10:00:00+00:00,27.95,74.29414,1008.3421,23.979893,305.83774,0.1,71.0,51.0
2023-08-12 11:00:00+00:00,27.9,75.418236,1008.3421,20.88,313.6029,0.2,53.0,51.0
2023-08-12 12:00:00+00:00,27.6,78.154686,1008.24194,22.322903,307.794,0.1,36.0,51.0
2023-08-12 13:00:00+00:00,26.9,81.42919,1009.0403,18.335276,313.4089,0.0,34.0,1.0
2023-08-12 14:00:00+00:00,26.45,84.12137,1009.9393,17.84816,318.27057,0.0,37.0,1.0
2023-08-12 15:00:00+00:00,26.35,84.11054,1010.7389,17.283749,324.3235,0.0,38.0,1.0
2023-08-12 16:00:00+00:00,26.15,84.85375,1011.33826,15.990646,328.8151,0.0,47.0,1.0
2023-08-12 17:00:00+00:00,25.85,86.37369,1011.6375,14.8257065,330.9455,0.0,82.0,3.0
2023-08-12 18:00:00+00:00,25.6,87.9286,1011.43726,15.137133,334.65387,0.0,64.0,2.0
2023-08-12 19:00:00+00:00,25.3,89.78044,1010.93726,14.182355,336.0375,0.0,88.0,3.0
2023-08-12 20:00:00+00:00,25.15,90.3129,1010.1372,14.182355,336.0375,0.0,96.0,3.0
2023-08-12 21:00:00+00:00,25.05,90.5789,1009.5372,14.336861,331.50446,0.0,54.0,2.0
2023-08-12 22:00:00+00:00,24.7,92.49072,1009.23706,14.168641,332.78397,0.0,92.0,3.0
2023-08-12 23:00:00+00:00,24.7,92.212074,1009.5369,14.007655,334.09354,0.1,90.0,51.0
2023-08-13 00:00:00+00:00,24.45,94.73724,1009.83606,12.413476,343.1415,0.0,100.0,3.0
2023-08-13 01:00:00+00:00,24.7,93.05031,1010.2366,12.43434,337.8905,0.0,84.0,3.0
2023-08-13 02:00:00+00:00,25.9,85.59998,1010.7379,14.658676,335.32315,0.0,100.0,3.0
2023-08-13 03:00:00+00:00,26.8,80.43896,1011.5391,16.575644,325.6196,0.0,99.0,3.0
2023-08-13 04:00:00+00:00,27.85,75.182556,1011.8405,18.626305,311.08167,0.4,100.0,51.0
2023-08-13 05:00:00+00:00,28.5,71.30225,1011.7416,19.228851,308.15726,0.2,99.0,51.0
2023-08-13 06:00:00+00:00,28.8,71.57212,1010.7424,20.68356,301.47678,0.9,100.0,53.0
2023-08-13 07:00:00+00:00,29.1,70.552475,1009.8434,21.734581,296.56497,0.5,100.0,53.0
2023-08-13 08:00:00+00:00,29.3,68.48726,1008.94415,22.862123,296.1615,0.0,95.0,3.0
2023-08-13 09:00:00+00:00,29.0,70.10874,1008.0438,23.34455,296.56497,0.0,100.0,3.0
2023-08-13 10:00:00+00:00,28.65,72.635124,1007.34393,22.553936,298.61035,0.0,100.0,3.0
2023-08-13 11:00:00+00:00,28.0,74.97957,1007.24304,21.611996,299.98157,0.0,100.0,3.0
2023-08-13 12:00:00+00:00,27.45,77.897545,1008.2416,19.376562,305.1665,0.0,96.0,3.0
2023-08-13 13:00:00+00:00,26.65,82.38696,1008.94,17.072504,312.4362,0.0,100.0,3.0
2023-08-13 14:00:00+00:00,26.3,84.1051,1009.8389,16.363178,320.35587,0.0,100.0,3.0
2023-08-13 15:00:00+00:00,26.05,84.843346,1010.53827,14.904173,322.85324,0.0,100.0,3.0
2023-08-13 16:00:00+00:00,25.9,85.08447,1010.93787,14.081477,327.52884,0.0,99.0,3.0
2023-08-13 17:00:00+00:00,25.65,86.094185,1011.23737,13.217443,330.64233,0.0,86.0,3.0
2023-08-13 18:00:00+00:00,25.3,87.903175,1010.93726,12.904882,337.01126,0.0,55.0,2.0
2023-08-13 19:00:00+00:00,24.9,90.29567,1010.43677,11.966953,338.83865,0.0,43.0,1.0
2023-08-13 20:00:00+00:00,24.6,92.20646,1009.9364,11.841756,340.46326,0.0,28.0,1.0
2023-08-13 21:00:00+00:00,24.35,93.87967,1009.6361,11.525623,345.52966,0.0,25.0,1.0
2023-08-13 22:00:00+00:00,24.05,95.58425,1009.43567,10.661107,348.31067,0.0,15.0,0.0
2023-08-13 23:00:00+00:00,24.0,95.87169,1009.5356,10.636766,336.0375,0.0,31.0,1.0
2023-08-14 00:00:00+00:00,24.45,94.73724,1009.83606,12.229406,317.38596,0.0,72.0,2.0
2023-08-14 01:00:00+00:00,24.75,91.93702,1009.93677,11.885453,324.86572,0.0,49.0,1.0
2023-08-14 02:00:00+00:00,25.8,86.89172,1010.7379,12.413477,330.4613,0.0,55.0,2.0
2023-08-14 03:00:00+00:00,27.15,78.32661,1011.4398,13.237038,315.0001,0.1,65.0,51.0
2023-08-14 04:00:00+00:00,27.8,74.04469,1011.7406,16.676977,302.6609,0.2,83.0,51.0
2023-08-14 05:00:00+00:00,28.45,71.50971,1011.7416,16.746773,295.46332,0.4,93.0,51.0
2023-08-14 06:00:00+00:00,28.5,71.735596,1010.94196,19.353138,288.43503,0.3,94.0,51.0
2023-08-14 07:00:00+00:00,28.75,70.702194,1010.2426,20.268991,289.72235,0.1,99.0,51.0
2023-08-14 08:00:00+00:00,28.8,70.92568,1009.24304,20.724247,287.176,0.0,99.0,3.0
2023-08-14 09:00:00+00:00,28.9,69.455986,1008.7435,20.870687,284.99512,0.0,96.0,3.0
2023-08-14 10:00:00+00:00,28.2,72.99821,1008.3427,18.792551,290.17075,0.0,91.0,3.0
2023-08-14 11:00:00+00:00,27.7,75.386505,1008.24194,18.58451,291.59537,0.0,86.0,3.0
2023-08-14 12:00:00+00:00,26.95,81.4354,1008.7408,16.179985,290.85452,0.0,64.0,2.0
2023-08-14 13:00:00+00:00,26.3,84.86936,1009.739,13.363711,297.25525,0.0,15.0,0.0
2023-08-14 14:00:00+00:00,26.0,87.172,1010.43835,12.096214,306.52896,0.0,50.0,2.0
2023-08-14 15:00:00+00:00,25.75,86.88712,1011.23773,10.883676,325.78424,0.1,47.0,51.0
2023-08-14 16:00:00+00:00,25.25,87.36876,1012.0364,12.10157,337.249,0.2,41.0,51.0
2023-08-14 17:00:00+00:00,25.05,88.14846,1012.3359,10.829959,344.57776,0.0,39.0,1.0
2023-08-14 18:00:00+00:00,24.85,89.20625,1012.1357,8.854829,333.43503,0.0,36.0,1.0
2023-08-14 19:00:00+00:00,24.55,91.09517,1011.2358,9.227524,339.44388,0.1,22.0,51.0
2023-08-14 20:00:00+00:00,24.3,92.18964,1010.5357,10.24578,341.56494,0.0,20.0,1.0
2023-08-14 21:00:00+00:00,24.1,93.020096,1010.3356,9.885262,349.50858,0.0,25.0,1.0
2023-08-14 22:00:00+00:00,23.7,94.42173,1009.9352,10.495713,5.9060555,0.0,18.0,0.0
2023-08-14 23:00:00+00:00,23.3,95.85043,1009.93445,10.182337,8.130019,0.0,15.0,0.0
2023-08-15 00:00:00+00:00,24.25,94.15927,1010.0357,9.531505,349.11453,0.0,9.0,0.0
2023-08-15 01:00:00+00:00,24.5,92.47992,1010.3362,10.163227,337.06787,0.0,7.0,0.0
2023-08-15 02:00:00+00:00,25.75,86.62535,1010.8379,9.346143,344.3577,0.0,11.0,0.0
2023-08-15 03:00:00+00:00,27.65,75.607155,1011.4405,11.384199,341.56494,0.0,20.0,1.0
2023-08-15 04:00:00+00:00,29.15,66.41019,1011.6426,14.003028,316.04153,0.0,47.0,1.0
2023-08-15 05:00:00+00:00,29.55,64.30402,1011.4433,15.175612,292.30624,0.1,51.0,51.0
2023-08-15 06:00:00+00:00,29.75,62.98872,1011.2437,17.298738,282.01144,0.0,100.0,3.0
2023-08-15 07:00:00+00:00,29.85,62.43653,1010.4441,18.64369,280.0079,0.0,100.0,3.0
2023-08-15 08:00:00+00:00,29.5,65.27978,1009.5441,19.35314,279.63748,0.0,100.0,3.0
2023-08-15 09:00:00+00:00,29.25,66.22864,1008.94415,18.486622,276.70975,0.0,100.0,3.0
2023-08-15 10:00:00+00:00,28.8,68.807625,1008.5434,16.954432,273.65216,0.1,100.0,51.0
2023-08-15 11:00:00+00:00,28.05,73.6389,1008.64233,15.188415,275.44025,0.2,99.0,51.0
2023-08-15 12:00:00+00:00,27.3,77.40608,1009.3407,13.797913,285.12405,0.2,99.0,51.0
2023-08-15 13:00:00+00:00,26.7,82.392914,1010.0394,10.787993,295.7099,0.1,100.0,51.0
2023-08-15 14:00:00+00:00,25.85,88.480576,1010.63794,7.8954163,313.1524,0.0,94.0,3.0
2023-08-15 15:00:00+00:00,25.55,89.2595,1011.63715,7.9036193,329.9315,0.0,22.0,1.0
2023-08-15 16:00:00+00:00,25.3,89.51014,1012.4366,7.42159,345.9637,0.0,25.0,1.0
2023-08-15 17:00:00+00:00,25.0,90.57556,1012.6357,7.968939,341.56494,0.0,42.0,1.0
2023-08-15 18:00:00+00:00,24.7,91.65691,1012.5355,8.905908,345.9637,0.0,36.0,1.0
2023-08-15 19:00:00+00:00,24.35,92.19243,1012.13495,8.311245,355.03033,0.0,98.0,3.0
2023-08-15 20:00:00+00:00,23.95,92.45001,1011.53467,7.928178,357.3975,0.0,84.0,3.0
2023-08-15 21:00:00+00:00,23.6,92.71249,1011.2342,7.5685663,2.7262611,0.0,20.0,1.0
2023-08-15 22:00:00+00:00,23.35,92.982056,1010.834,7.92,360.0,0.0,3.0,0.0
2023-08-15 23:00:00+00:00,23.1,92.686035,1011.0337,7.9526596,5.19435,0.0,1.0,0.0
2023-08-16 00:00:00+00:00,22.65,92.37871,1011.0327,4.73506,351.2539,0.0,11.0,0.0
2023-08-16 01:00:00+00:00,23.75,88.850105,1011.4345,4.3349743,318.36655,0.0,80.0,3.0
2023-08-16 02:00:00+00:00,25.1,84.229866,1011.8364,5.00128,329.74365,0.0,100.0,3.0
2023-08-16 03:00:00+00:00,27.2,72.60444,1012.1394,5.991594,327.26477,0.0,99.0,3.0
2023-08-16 04:00:00+00:00,28.95,63.007927,1012.24194,10.383987,303.6901,0.0,47.0,1.0
2023-08-16 05:00:00+00:00,29.7,59.053974,1011.84344,13.450708,285.52417,0.0,63.0,2.0
2023-08-16 06:00:00+00:00,29.95,58.930683,1011.64374,15.941944,276.48297,0.0,69.0,2.0
2023-08-16 07:00:00+00:00,29.15,63.05132,1010.5431,18.014393,267.70944,0.0,38.0,1.0
2023-08-16 08:00:00+00:00,29.6,60.686016,1009.3442,18.72346,271.10168,0.0,40.0,1.0
2023-08-16 09:00:00+00:00,29.5,62.550907,1008.64453,20.16,270.0,0.0,37.0,1.0
2023-08-16 10:00:00+00:00,28.95,65.765236,1008.3437,19.803272,271.0416,0.0,38.0,1.0
2023-08-16 11:00:00+00:00,28.3,71.05031,1008.3427,19.083395,271.0809,0.0,3.0,0.0
2023-08-16 12:00:00+00:00,27.25,77.398674,1008.741,16.56,270.0,0.0,10.0,0.0
2023-08-16 13:00:00+00:00,26.5,83.62128,1009.4395,12.245294,271.68463,0.0,17.0,0.0
2023-08-16 14:00:00+00:00,26.0,86.90991,1010.2384,9.114471,279.09018,0.0,58.0,2.0
2023-08-16 15:00:00+00:00,25.6,88.727295,1011.1373,6.9247384,297.8972,0.0,2.0,0.0
2023-08-16 16:00:00+00:00,25.25,90.319725,1012.0364,5.1919937,326.3099,0.0,9.0,0.0
2023-08-16 17:00:00+00:00,24.85,92.22046,1012.33563,4.1046314,344.7448,0.0,37.0,1.0
2023-08-16 18:00:00+00:00,24.45,93.60127,1012.235,6.4799995,360.0,0.0,32.0,1.0
2023-08-16 19:00:00+00:00,24.1,94.15289,1011.8349,6.12,360.0,0.0,46.0,1.0
2023-08-16 20:00:00+00:00,23.9,94.71613,1011.53467,4.0249224,349.69522,0.0,68.0,2.0
2023-08-16 21:00:00+00:00,23.65,95.57129,1011.43414,5.1544156,347.90527,0.1,97.0,51.0
2023-08-16 22:00:00+00:00,23.4,95.853485,1010.834,3.671294,11.3098955,0.1,100.0,51.0
2023-08-16 23:00:00+00:00,23.3,96.43383,1010.934,7.771331,13.392516,0.1,100.0,51.0
2023-08-17 00:00:00+00:00,23.95,95.29257,1010.3352,3.6,323.13,0.1,100.0,51.0
2023-08-17 01:00:00+00:00,24.45,94.45213,1010.73566,7.42159,345.9637,0.0,99.0,3.0
2023-08-17 02:00:00+00:00,25.7,89.53973,1011.23773,6.12,360.0,0.0,42.0,1.0
2023-08-17 03:00:00+00:00,27.2,80.73402,1011.7396,7.7879906,303.6901,0.4,30.0,51.0
2023-08-17 04:00:00+00:00,28.15,74.777534,1011.5411,13.276144,282.5288,0.4,44.0,51.0
2023-08-17 05:00:00+00:00,28.85,71.14958,1011.4423,14.973576,279.68872,0.3,21.0,51.0
2023-08-17 06:00:00+00:00,29.4,68.50652,1011.3431,16.93531,272.43658,0.3,36.0,51.0
2023-08-17 07:00:00+00:00,29.55,68.53537,1010.5437,17.643673,271.1691,0.1,61.0,51.0
2023-08-17 08:00:00+00:00,29.35,70.17344,1009.84375,18.888851,277.66672,0.1,100.0,51.0
2023-08-17 09:00:00+00:00,29.3,69.952644,1009.5439,19.562946,282.75754,0.1,99.0,51.0
2023-08-17 10:00:00+00:00,28.65,73.07507,1009.343,19.9954,283.53586,0.1,100.0,51.0
2023-08-17 11:00:00+00:00,28.25,75.4736,1009.3423,19.13426,281.94415,0.1,99.0,51.0
2023-08-17 12:00:00+00:00,27.15,80.48463,1009.9405,13.570615,291.80148,0.0,94.0,3.0
2023-08-17 13:00:00+00:00,26.4,85.649605,1010.439,12.24,298.0724,0.0,100.0,3.0
2023-08-17 14:00:00+00:00,25.85,89.82011,1011.0378,10.883676,304.21576,0.0,100.0,3.0
2023-08-17 15:00:00+00:00,25.65,90.89154,1011.63715,10.44,313.6029,0.0,100.0,3.0
2023-08-17 16:00:00+00:00,25.35,92.52574,1012.13666,9.673221,315.0001,0.0,84.0,3.0
2023-08-17 17:00:00+00:00,25.05,93.91072,1012.2359,11.212135,312.39737,0.0,94.0,3.0
2023-08-17 18:00:00+00:00,25.1,93.07031,1012.23627,9.585739,304.28693,0.1,99.0,51.0
2023-08-17 19:00:00+00:00,25.2,92.23998,1011.5366,10.00256,300.25635,0.0,100.0,3.0
2023-08-17 20:00:00+00:00,24.95,91.67183,1010.83655,11.200571,315.0001,0.2,100.0,51.0
2023-08-17 21:00:00+00:00,24.8,92.217674,1010.33655,11.885453,324.86572,0.0,100.0,3.0
2023-08-17 22:00:00+00:00,24.6,93.89077,1009.8364,11.304229,322.76508,0.0,100.0,3.0
2023-08-17 23:00:00+00:00,24.35,95.0195,1010.03595,11.183201,326.82147,0.1,100.0,51.0
2023-08-18 00:00:00+00:00,24.35,95.0195,1010.13586,10.315115,330.75128,0.1,100.0,51.0
2023-08-18 01:00:00+00:00,24.0,95.58263,1010.5351,9.746631,4.23632,0.0,100.0,3.0
2023-08-18 02:00:00+00:00,23.75,93.852936,1011.1346,11.885453,1.7356651,0.2,100.0,51.0
2023-08-18 03:00:00+00:00,25.5,84.7859,1011.83704,10.829959,344.57776,0.0,100.0,3.0
2023-08-18 04:00:00+00:00,27.45,75.11854,1011.83997,11.480557,318.81418,0.1,100.0,51.0
2023-08-18 05:00:00+00:00,28.75,68.58925,1011.64197,13.979872,304.50858,0.1,100.0,51.0
2023-08-18 06:00:00+00:00,29.6,68.13185,1011.3433,14.973577,297.18103,0.6,100.0,53.0
2023-08-18 07:00:00+00:00,29.8,66.94545,1010.2442,16.62249,287.6502,0.1,95.0,51.0
2023-08-18 08:00:00+00:00,29.8,66.74313,1009.34454,18.430452,282.4074,0.1,90.0,51.0
2023-08-18 09:00:00+00:00,29.15,69.92478,1008.6439,19.137648,286.38962,0.1,100.0,51.0
2023-08-18 10:00:00+00:00,28.85,71.36499,1008.0438,19.130875,289.79895,0.1,100.0,51.0
2023-08-18 11:00:00+00:00,28.1,74.99566,1008.04266,19.386593,291.80148,0.2,100.0,51.0
2023-08-18 12:00:00+00:00,27.0,81.44162,1008.8407,15.141414,298.3929,0.1,100.0,51.0
2023-08-18 13:00:00+00:00,26.35,84.87456,1009.5394,13.397612,300.69965,0.0,99.0,3.0
2023-08-18 14:00:00+00:00,25.95,86.64389,1010.1384,12.261157,310.2363,0.0,100.0,3.0
2023-08-18 15:00:00+00:00,25.8,87.15411,1010.8379,11.212135,317.6026,0.0,100.0,3.0
2023-08-18 16:00:00+00:00,25.6,88.194115,1011.5372,9.290511,324.46225,0.0,100.0,3.0
2023-08-18 17:00:00+00:00,25.5,88.98716,1012.037,8.209263,322.12494,0.0,100.0,3.0
2023-08-18 18:00:00+00:00,24.2,91.07279,1012.43463,15.192682,306.3269,0.6,100.0,53.0
2023-08-18 19:00:00+00:00,24.6,90.548645,1011.53564,8.913181,313.36346,0.0,100.0,3.0
2023-08-18 20:00:00+00:00,24.5,91.92252,1010.9359,7.9036193,329.9315,0.0,100.0,3.0
2023-08-18 21:00:00+00:00,23.9,95.003105,1010.4352,9.028754,4.5738406,0.2,100.0,51.0
2023-08-18 22:00:00+00:00,23.35,95.27182,1010.13434,8.707238,352.87506,0.1,100.0,51.0
2023-08-18 23:00:00+00:00,23.0,94.97003,1009.93384,10.182337,351.87,0.1,100.0,51.0
2023-08-19 00:00:00+00:00,23.35,94.12086,1009.8345,10.086427,325.17545,0.2,100.0,51.0
2023-08-19 01:00:00+00:00,23.7,94.13583,1010.0351,9.449572,310.36444,0.0,100.0,3.0
2023-08-19 02:00:00+00:00,24.65,90.00543,1010.5361,9.826088,331.55716,0.0,100.0,3.0
2023-08-19 03:00:00+00:00,26.2,81.34156,1010.9385,12.4811535,326.76828,0.0,100.0,3.0
2023-08-19 04:00:00+00:00,27.45,75.34677,1011.14026,14.512064,313.995,0.0,100.0,3.0
2023-08-19 05:00:00+00:00,28.6,69.82227,1011.14215,17.399586,294.44394,0.1,100.0,51.0
2023-08-19 06:00:00+00:00,28.65,72.197495,1010.6424,17.873554,288.8,0.1,99.0,51.0
2023-08-19 07:00:00+00:00,29.0,70.53418,1009.64307,20.176065,285.52417,0.0,100.0,3.0
2023-08-19 08:00:00+00:00,28.85,71.58101,1008.64355,20.150354,288.75873,0.0,100.0,3.0
2023-08-19 09:00:00+00:00,28.65,72.635124,1007.64374,20.326454,292.93213,0.0,99.0,3.0
2023-08-19 10:00:00+00:00,28.35,73.4668,1007.2432,20.46941,293.86017,0.0,99.0,3.0
2023-08-19 11:00:00+00:00,27.8,75.63079,1007.14264,20.291357,295.20108,0.0,99.0,3.0
2023-08-19 12:00:00+00:00,27.25,78.34086,1007.6415,17.974781,302.7352,0.0,97.0,3.0
2023-08-19 13:00:00+00:00,26.45,82.862144,1008.0401,16.279802,305.0959,0.0,100.0,3.0
2023-08-19 14:00:00+00:00,26.2,84.0942,1008.73944,17.31746,313.31537,0.0,95.0,3.0
2023-08-19 15:00:00+00:00,26.0,84.32698,1009.4388,17.339897,318.36655,0.0,93.0,3.0
2023-08-19 16:00:00+00:00,25.8,85.074196,1010.1382,15.580141,319.68597,0.0,89.0,3.0
2023-08-19 17:00:00+00:00,25.45,86.85971,1010.93726,13.608762,322.52374,0.0,84.0,3.0
2023-08-19 18:00:00+00:00,25.1,88.41969,1010.9369,13.70839,330.06857,0.0,94.0,3.0
2023-08-19 19:00:00+00:00,24.75,89.7405,1010.1366,13.684735,333.43503,0.0,99.0,3.0
2023-08-19 20:00:00+00:00,24.45,91.08877,1009.6361,13.684735,333.43503,0.0,59.0,2.0
2023-08-19 21:00:00+00:00,24.2,92.46363,1008.9362,14.33234,334.72232,0.0,11.0,0.0
2023-08-19 22:00:00+00:00,24.05,92.73616,1008.73596,13.854155,335.43283,0.0,21.0,1.0
2023-08-19 23:00:00+00:00,23.9,93.29249,1008.9359,12.413477,330.4613,0.0,8.0,0.0
2023-08-20 00:00:00+00:00,24.5,91.64491,1008.9368,13.53236,331.38962,0.0,61.0,2.0
2023-08-20 01:00:00+00:00,24.6,91.92833,1009.1367,12.738099,312.70938,0.0,28.0,1.0
2023-08-20 02:00:00+00:00,25.5,85.30137,1009.63806,11.923557,331.11353,0.0,15.0,0.0
2023-08-20 03:00:00+00:00,26.9,80.695335,1010.43964,12.879752,333.43503,0.0,15.0,0.0
2023-08-20 04:00:00+00:00,28.5,71.518654,1010.24225,16.055355,317.72638,0.1,15.0,51.0
2023-08-20 05:00:00+00:00,29.0,69.05497,1010.0429,18.875126,304.90256,0.1,22.0,51.0
2023-08-20 06:00:00+00:00,29.45,67.486664,1009.64404,19.33639,294.1791,0.1,13.0,51.0
2023-08-20 07:00:00+00:00,29.25,70.36713,1008.94415,19.809813,289.0936,0.1,7.0,51.0
2023-08-20 08:00:00+00:00,29.3,69.741646,1008.04456,21.288757,288.74142,0.0,9.0,0.0
2023-08-20 09:00:00+00:00,28.85,72.01471,1007.2442,21.659916,291.4478,0.0,55.0,2.0
2023-08-20 10:00:00+00:00,28.65,73.07507,1006.54425,22.930048,292.13553,0.0,92.0,3.0
2023-08-20 11:00:00+00:00,27.9,76.56563,1006.343,20.774214,297.8972,0.0,100.0,3.0
2023-08-20 12:00:00+00:00,27.3,79.53954,1006.6419,19.576189,302.22873,0.0,100.0,3.0
2023-08-20 13:00:00+00:00,26.5,83.62128,1007.2405,17.786331,305.9422,0.0,7.0,0.0
2023-08-20 14:00:00+00:00,26.05,86.65319,1007.73956,17.884428,310.10083,0.0,100.0,3.0
2023-08-20 15:00:00+00:00,25.95,88.48865,1008.6391,17.81909,315.0001,0.0,97.0,3.0
2023-08-20 16:00:00+00:00,25.75,89.81293,1009.23865,16.323528,318.57642,0.0,50.0,2.0
2023-08-20 17:00:00+00:00,25.6,90.88832,1009.73804,15.349684,320.7106,0.0,14.0,0.0
2023-08-20 18:00:00+00:00,25.4,92.25111,1009.53784,14.291592,319.0857,0.0,25.0,1.0
2023-08-20 19:00:00+00:00,25.25,92.520386,1009.0377,13.979872,325.4914,0.0,15.0,0.0
2023-08-20 20:00:00+00:00,24.95,93.343216,1008.3377,12.904882,329.8587,0.0,20.0,1.0
2023-08-20 21:00:00+00:00,24.8,93.899666,1007.83765,12.245293,335.69547,0.0,18.0,0.0
2023-08-20 22:00:00+00:00,24.85,93.33844,1007.73773,11.841756,340.46326,0.0,89.0,3.0
2023-08-20 23:00:00+00:00,24.9,93.06036,1007.9379,12.43434,337.8905,0.0,48.0,1.0
2023-08-21 00:00:00+00:00,25.15,94.197334,1007.4385,14.48972,333.43503,0.0,10.0,0.0
2023-08-21 01:00:00+00:00,25.4,91.42347,1007.9386,13.779114,326.7251,0.0,20.0,1.0
2023-08-21 02:00:00+00:00,26.55,84.38595,1008.5401,15.315873,330.42227,0.0,13.0,0.0
2023-08-21 03:00:00+00:00,28.05,76.81957,1009.2421,16.485485,328.39255,0.0,13.0,0.0
2023-08-21 04:00:00+00:00,29.65,67.52611,1009.4446,17.31746,316.68463,0.0,23.0,1.0
2023-08-21 05:00:00+00:00,30.35,65.25762,1009.1456,18.089775,301.15924,0.1,28.0,51.0
2023-08-21 06:00:00+00:00,30.6,66.10182,1008.54614,20.140705,294.2744,0.1,23.0,51.0
2023-08-21 07:00:00+00:00,30.25,68.8763,1007.7459,22.79684,291.29742,0.1,40.0,51.0
2023-08-21 08:00:00+00:00,29.65,70.8657,1006.9457,21.794127,292.3287,0.2,48.0,51.0
2023-08-21 09:00:00+00:00,29.6,70.43132,1006.2456,22.539564,296.56497,0.0,43.0,1.0
2023-08-21 10:00:00+00:00,29.0,74.24265,1005.6449,21.734581,296.56497,0.0,51.0,2.0
2023-08-21 11:00:00+00:00,28.25,78.71857,1005.74396,20.447239,296.11386,0.0,77.0,2.0
2023-08-21 12:00:00+00:00,27.35,81.73042,1005.5428,21.611996,299.98157,0.0,64.0,2.0
2023-08-21 13:00:00+00:00,26.65,86.190125,1006.3411,19.770523,303.11136,0.0,100.0,3.0
2023-08-21 14:00:00+00:00,26.45,86.950806,1007.2405,18.626305,311.08167,0.0,100.0,3.0
2023-08-21 15:00:00+00:00,26.25,88.24775,1007.9398,16.299694,316.7899,0.0,87.0,3.0
2023-08-21 16:00:00+00:00,26.05,89.56556,1008.83905,14.84318,320.90613,0.0,80.0,3.0
2023-08-21 17:00:00+00:00,25.9,90.36432,1009.43854,14.386494,328.2986,0.0,68.0,2.0
2023-08-21 18:00:00+00:00,25.65,91.16482,1009.0383,13.684735,333.43503,0.0,84.0,3.0
2023-08-21 19:00:00+00:00,25.35,92.52574,1008.4384,12.768586,338.4985,0.0,90.0,3.0
2023-08-21 20:00:00+00:00,25.15,93.6336,1008.1381,12.303366,339.44388,0.0,85.0,3.0
2023-08-21 21:00:00+00:00,24.95,94.75636,1007.638,12.641076,340.0168,0.0,63.0,2.0
2023-08-21 22:00:00+00:00,24.75,95.606834,1007.43787,12.768586,338.4985,0.0,99.0,3.0
2023-08-21 23:00:00+00:00,24.6,96.17844,1007.5375,12.313893,344.7448,0.0,99.0,3.0
2023-08-22 00:00:00+00:00,25.4,92.52847,1007.039,14.408997,347.00537,0.0,72.0,2.0
2023-08-22 01:00:00+00:00,25.65,89.53603,1007.73895,11.177405,345.06854,0.1,58.0,51.0
2023-08-22 02:00:00+00:00,26.6,84.90048,1008.4402,11.043261,340.9743,0.0,48.0,1.0
2023-08-22 03:00:00+00:00,27.6,78.39069,1008.74176,15.137133,334.65387,0.0,72.0,2.0
2023-08-22 04:00:00+00:00,29.0,71.82407,1008.3437,19.008547,335.37646,0.0,49.0,1.0
2023-08-22 05:00:00+00:00,30.7,63.963303,1007.8468,19.33639,331.0491,0.0,12.0,0.0
2023-08-22 06:00:00+00:00,32.1,58.35713,1007.249,19.35314,313.4926,0.0,12.0,0.0
2023-08-22 07:00:00+00:00,31.8,61.734825,1006.7489,18.971008,303.38855,0.1,30.0,51.0
2023-08-22 08:00:00+00:00,31.1,67.00221,1005.8481,21.273533,293.9625,0.1,34.0,51.0
2023-08-22 09:00:00+00:00,29.8,70.89283,1005.44635,23.83624,295.01685,0.0,64.0,2.0
2023-08-22 10:00:00+00:00,29.4,71.8946,1004.946,24.315327,295.42682,0.0,35.0,1.0
2023-08-22 11:00:00+00:00,28.6,76.21282,1005.4448,22.881958,294.14554,0.0,41.0,1.0
2023-08-22 12:00:00+00:00,28.35,78.02749,1005.74396,23.34455,296.56497,0.0,37.0,1.0
2023-08-22 13:00:00+00:00,27.15,85.46748,1007.1417,19.171478,304.28693,0.0,65.0,2.0
2023-08-22 14:00:00+00:00,27.05,88.05028,1008.241,16.676977,302.6609,0.1,100.0,51.0
2023-08-22 15:00:00+00:00,26.65,90.95602,1009.2398,15.124284,308.23386,0.0,97.0,3.0
2023-08-22 16:00:00+00:00,26.35,91.48137,1009.9393,13.779114,326.7251,0.0,96.0,3.0
2023-08-22 17:00:00+00:00,25.55,91.15852,1010.6376,11.043261,340.9743,0.2,85.0,51.0
2023-08-22 18:00:00+00:00,25.4,91.42347,1010.33746,10.182337,351.87,0.1,85.0,51.0
2023-08-22 19:00:00+00:00,25.0,93.62668,1009.73706,11.113451,335.09525,0.0,50.0,2.0
2023-08-22 20:00:00+00:00,24.95,93.343216,1009.03735,12.43434,337.8905,0.0,35.0,1.0
2023-08-22 21:00:00+00:00,24.7,94.746826,1008.43744,13.202726,348.9965,0.0,31.0,1.0
2023-08-22 22:00:00+00:00,24.55,95.31324,1008.4371,13.009903,345.5792,0.0,47.0,1.0
2023-08-22 23:00:00+00:00,24.45,95.30976,1008.4367,11.966953,338.83865,0.0,86.0,3.0
2023-08-23 00:00:00+00:00,24.9,92.501564,1008.5376,10.931203,342.75845,0.0,29.0,1.0
2023-08-23 01:00:00+00:00,25.35,89.78402,1008.8382,10.685391,327.38077,0.0,100.0,3.0
2023-08-23 02:00:00+00:00,26.5,83.873695,1009.4395,10.636766,336.0375,0.0,50.0,2.0
2023-08-23 03:00:00+00:00,28.15,75.003685,1010.04175,12.783802,327.6526,0.0,15.0,0.0
2023-08-23 04:00:00+00:00,29.65,68.141556,1009.84436,14.773164,313.0251,0.0,38.0,1.0
2023-08-23 05:00:00+00:00,30.5,62.768646,1009.34576,16.58346,297.12122,0.0,27.0,1.0
2023-08-23 06:00:00+00:00,30.5,64.30909,1008.74603,19.353138,288.43503,0.1,84.0,51.0
2023-08-23 07:00:00+00:00,30.15,66.611694,1007.8458,20.380579,287.47485,0.1,93.0,51.0
2023-08-23 08:00:00+00:00,29.85,67.36154,1007.14557,21.9718,288.13818,0.0,54.0,2.0
2023-08-23 09:00:00+00:00,29.55,69.36843,1006.5455,22.26477,284.03625,0.0,43.0,1.0
2023-08-23 10:00:00+00:00,29.05,72.26734,1006.54486,20.870687,284.99512,0.0,24.0,1.0
2023-08-23 11:00:00+00:00,28.5,75.74056,1006.54395,18.792551,286.6993,0.0,32.0,1.0
2023-08-23 12:00:00+00:00,27.75,78.64844,1006.4428,17.782688,291.3707,0.0,18.0,0.0
2023-08-23 13:00:00+00:00,27.0,83.42596,1007.3414,14.578888,290.22495,0.0,12.0,0.0
2023-08-23 14:00:00+00:00,26.6,85.926994,1007.9404,14.372974,292.06796,0.0,11.0,0.0
2023-08-23 15:00:00+00:00,26.25,88.77866,1008.9394,12.10157,300.37906,0.0,0.0,0.0
2023-08-23 16:00:00+00:00,25.85,91.45098,1009.9383,10.195057,312.1375,0.0,4.0,0.0
2023-08-23 17:00:00+00:00,25.5,93.36963,1010.53766,9.504272,322.69595,0.0,10.0,0.0
2023-08-23 18:00:00+00:00,25.3,93.360054,1010.23755,9.387651,327.52884,0.0,11.0,0.0
2023-08-23 19:00:00+00:00,25.0,93.62668,1009.4372,10.163227,337.06787,0.1,27.0,51.0
2023-08-23 20:00:00+00:00,24.6,93.89077,1008.9368,9.346143,344.3577,0.2,21.0,51.0
2023-08-23 21:00:00+00:00,24.45,93.88412,1008.5366,10.703569,340.3461,0.1,50.0,51.0
2023-08-23 22:00:00+00:00,24.55,93.04281,1008.4371,10.495713,337.8336,0.0,67.0,2.0
2023-08-23 23:00:00+00:00,24.35,94.448074,1008.7366,10.24578,341.56494,0.0,52.0,2.0
2023-08-24 00:00:00+00:00,24.95,91.94855,1008.3377,13.905509,338.74942,0.0,85.0,3.0
2023-08-24 01:00:00+00:00,25.25,89.236725,1008.53796,12.413477,330.4613,0.0,20.0,1.0
2023-08-24 02:00:00+00:00,26.4,83.35823,1009.4395,10.685391,327.38077,0.0,4.0,0.0
2023-08-24 03:00:00+00:00,28.0,74.97957,1009.94183,10.883676,325.78424,0.0,2.0,0.0
2023-08-24 04:00:00+00:00,29.65,65.112656,1009.7444,12.218805,315.0001,0.0,73.0,2.0
2023-08-24 05:00:00+00:00,30.55,61.08558,1009.44574,13.708391,293.1986,0.1,71.0,51.0
2023-08-24 06:00:00+00:00,30.65,62.99182,1008.946,16.039202,279.0394,0.0,90.0,3.0
2023-08-24 07:00:00+00:00,30.15,66.0105,1007.94586,19.45333,272.12103,0.0,82.0,3.0
2023-08-24 08:00:00+00:00,29.85,66.95539,1007.34546,19.813087,272.08252,0.0,61.0,2.0
2023-08-24 09:00:00+00:00,29.65,68.5546,1006.9457,18.733839,272.20255,0.0,73.0,2.0
2023-08-24 10:00:00+00:00,28.95,72.68684,1006.94434,18.36353,271.1233,0.0,86.0,3.0
2023-08-24 11:00:00+00:00,28.3,76.626396,1007.04333,17.673029,273.50345,0.0,92.0,3.0
2023-08-24 12:00:00+00:00,27.3,80.99029,1007.4416,14.561099,278.53067,0.0,77.0,2.0
2023-08-24 13:00:00+00:00,26.55,86.699425,1007.9404,13.138765,279.46225,0.0,12.0,0.0
2023-08-24 14:00:00+00:00,26.1,90.10767,1008.5392,11.841756,289.53674,0.0,2.0,0.0
2023-08-24 15:00:00+00:00,25.9,90.90772,1009.23865,10.805998,299.98157,0.0,1.0,0.0
2023-08-24 16:00:00+00:00,25.65,91.71346,1009.73804,10.086427,304.82455,0.0,5.0,0.0
2023-08-24 17:00:00+00:00,25.4,92.52847,1010.1376,9.178235,311.82007,0.0,39.0,1.0
2023-08-24 18:00:00+00:00,25.05,93.91072,1009.937,7.5942082,328.5705,0.0,54.0,2.0
2023-08-24 19:00:00+00:00,24.7,95.31833,1009.43695,7.289444,339.77505,0.0,45.0,1.0
2023-08-24 20:00:00+00:00,24.35,96.75192,1008.8365,8.654986,343.0724,0.0,17.0,0.0
2023-08-24 21:00:00+00:00,24.2,96.74834,1008.3365,8.209263,344.7448,0.0,30.0,1.0
2023-08-24 22:00:00+00:00,23.95,97.327644,1007.93634,8.350138,352.5687,0.0,61.0,2.0
2023-08-24 23:00:00+00:00,23.8,97.03133,1008.136,7.928178,357.3975,0.0,100.0,3.0
2023-08-25 00:00:00+00:00,24.4,97.33654,1008.4367,9.007196,357.70944,0.0,66.0,2.0
2023-08-25 01:00:00+00:00,24.65,96.469086,1009.0368,8.28,360.0,0.0,79.0,2.0
2023-08-25 02:00:00+00:00,26.15,89.03747,1009.2392,6.8399997,360.0,0.0,69.0,2.0
2023-08-25 03:00:00+00:00,28.2,74.7856,1009.84204,8.942214,319.89914,0.1,44.0,51.0
2023-08-25 04:00:00+00:00,29.4,67.68166,1009.84375,11.269782,296.56497,0.0,60.0,2.0
2023-08-25 05:00:00+00:00,30.3,62.725246,1009.6454,13.276144,282.5288,0.0,89.0,3.0
2023-08-25 06:00:00+00:00,30.35,63.31028,1009.2456,16.23596,273.814,0.0,95.0,3.0
2023-08-25 07:00:00+00:00,30.2,64.051254,1008.4456,16.954432,273.65216,0.0,100.0,3.0
2023-08-25 08:00:00+00:00,30.3,64.462006,1007.8462,16.923828,271.21884,0.0,99.0,3.0
2023-08-25 09:00:00+00:00,29.8,67.965096,1007.24554,15.876775,273.90042,0.0,93.0,3.0
2023-08-25 10:00:00+00:00,29.55,69.36843,1006.84534,16.343367,277.59454,0.0,82.0,3.0
2023-08-25 11:00:00+00:00,29.1,70.552475,1007.0447,16.039202,279.0394,0.0,74.0,2.0
2023-08-25 12:00:00+00:00,27.8,77.013885,1007.5425,13.358861,284.03625,0.0,73.0,2.0
2023-08-25 13:00:00+00:00,26.85,83.91215,1008.0407,10.931203,287.24155,0.0,3.0,0.0
2023-08-25 14:00:00+00:00,26.3,87.72396,1008.53955,10.636766,293.9625,0.0,1.0,0.0
2023-08-25 15:00:00+00:00,25.95,89.55818,1009.5387,9.021574,298.61035,0.0,5.0,0.0
2023-08-25 16:00:00+00:00,25.7,90.8948,1010.63794,8.942214,310.10083,0.0,27.0,1.0
2023-08-25 17:00:00+00:00,25.45,91.7016,1011.2371,8.39657,329.03632,0.0,30.0,1.0
2023-08-25 18:00:00+00:00,25.1,93.07031,1011.1368,7.968939,341.56494,0.0,19.0,0.0
2023-08-25 19:00:00+00:00,24.75,94.180466,1010.2366,6.87779,353.9911,0.0,23.0,1.0
2023-08-25 20:00:00+00:00,24.45,95.02314,1009.6361,7.208994,2.8623457,0.0,55.0,2.0
2023-08-25 21:00:00+00:00,24.15,95.58748,1009.2361,7.2,360.0,0.0,83.0,3.0
2023-08-25 22:00:00+00:00,24.0,95.58263,1009.13574,6.849467,356.98727,0.0,31.0,1.0
2023-08-25 23:00:00+00:00,23.7,96.44432,1009.33545,7.5685663,2.7262611,0.0,16.0,0.0
2023-08-26 00:00:00+00:00,23.95,95.00493,1008.636,8.557102,345.3791,0.0,67.0,2.0
2023-08-26 01:00:00+00:00,24.25,93.30945,1009.2361,8.707238,352.87506,0.0,87.0,3.0
2023-08-26 02:00:00+00:00,25.85,85.85388,1009.7384,7.5942073,5.4402504,0.0,4.0,0.0
2023-08-26 03:00:00+00:00,28.2,72.77744,1010.54175,9.693296,328.67136,0.0,30.0,1.0
2023-08-26 04:00:00+00:00,29.65,64.32515,1010.74396,10.948973,297.4075,0.0,40.0,1.0
2023-08-26 05:00:00+00:00,30.25,62.333965,1010.3447,14.154915,277.30566,0.0,46.0,1.0
2023-08-26 06:00:00+00:00,30.1,64.224754,1010.1448,14.764389,271.39716,0.0,80.0,3.0
2023-08-26 07:00:00+00:00,30.15,64.822334,1009.4451,15.496736,272.66293,0.0,73.0,2.0
2023-08-26 08:00:00+00:00,30.05,65.79073,1008.6451,15.517629,273.9908,0.1,74.0,51.0
2023-08-26 09:00:00+00:00,30.05,66.59161,1007.9455,16.263872,275.0795,0.0,64.0,2.0
2023-08-26 10:00:00+00:00,29.65,69.178246,1007.44543,16.039202,279.0394,0.0,60.0,2.0
2023-08-26 11:00:00+00:00,28.95,72.03228,1007.3441,15.328561,279.46225,0.0,36.0,1.0
2023-08-26 12:00:00+00:00,27.7,76.76672,1007.7422,13.450708,285.52417,0.0,18.0,0.0
2023-08-26 13:00:00+00:00,26.7,83.895706,1008.4402,11.726277,287.87878,0.0,31.0,1.0
2023-08-26 14:00:00+00:00,26.4,87.99597,1009.33954,11.165805,290.77234,0.0,72.0,2.0
2023-08-26 15:00:00+00:00,26.3,89.583954,1010.2388,10.495713,292.16638,0.0,15.0,0.0
2023-08-26 16:00:00+00:00,26.2,90.384766,1011.2383,9.693296,301.32864,0.0,9.0,0.0
2023-08-26 17:00:00+00:00,26.1,89.83807,1011.73773,10.009036,307.6943,0.1,23.0,51.0
2023-08-26 18:00:00+00:00,25.75,91.44487,1011.7375,8.435069,320.1945,0.2,36.0,51.0
2023-08-26 19:00:00+00:00,25.15,93.07286,1011.3367,10.182337,351.87,0.1,49.0,51.0
2023-08-26 20:00:00+00:00,24.45,93.60127,1010.8356,10.853866,354.2895,0.0,39.0,1.0
2023-08-26 21:00:00+00:00,24.6,92.20646,1010.1362,11.043261,340.9743,0.0,22.0,1.0
2023-08-26 22:00:00+00:00,24.55,93.04281,1009.9364,10.390226,345.9637,0.0,30.0,1.0
2023-08-26 23:00:00+00:00,24.2,95.30118,1010.23566,9.605998,347.00537,0.0,18.0,0.0
2023-08-27 00:00:00+00:00,25.05,94.47632,1009.5372,10.594036,350.21765,0.0,11.0,0.0
2023-08-27 01:00:00+00:00,24.9,95.03945,1009.937,9.0,343.73972,0.0,85.0,3.0
2023-08-27 02:00:00+00:00,26.3,87.19879,1010.63855,8.12197,347.19574,0.0,100.0,3.0
2023-08-27 03:00:00+00:00,28.3,75.70929,1011.3414,10.028439,338.9624,0.0,28.0,1.0
2023-08-27 04:00:00+00:00,29.95,65.37282,1011.64374,11.681987,303.6901,0.1,30.0,51.0
2023-08-27 05:00:00+00:00,30.6,62.600132,1011.04504,14.84318,284.03625,0.2,31.0,51.0
2023-08-27 06:00:00+00:00,30.4,65.07094,1010.64496,17.651016,281.76825,0.2,38.0,51.0
2023-08-27 07:00:00+00:00,30.3,65.64309,1009.6454,18.782204,282.17145,0.2,18.0,51.0
2023-08-27 08:00:00+00:00,30.1,68.43451,1008.8454,19.211996,282.99463,0.0,5.0,0.0
2023-08-27 09:00:00+00:00,30.0,69.45298,1008.1453,18.35647,281.3099,0.0,15.0,0.0
2023-08-27 10:00:00+00:00,29.55,71.061165,1007.74493,17.727943,282.9074,0.0,85.0,3.0
2023-08-27 11:00:00+00:00,28.95,73.34661,1007.744,17.227419,280.84027,0.1,51.0,51.0
2023-08-27 12:00:00+00:00,27.5,81.74883,1008.2416,17.25373,293.3556,0.0,20.0,1.0
2023-08-27 13:00:00+00:00,27.0,84.94185,1009.04065,15.2947035,296.56497,0.0,21.0,1.0
2023-08-27 14:00:00+00:00,26.7,86.973434,1010.0394,12.682018,304.59235,0.0,7.0,0.0
2023-08-27 15:00:00+00:00,26.55,88.00852,1011.2389,11.525623,308.65982,0.0,21.0,1.0
2023-08-27 16:00:00+00:00,26.2,90.11466,1011.938,9.885262,303.11136,0.0,35.0,1.0
2023-08-27 17:00:00+00:00,25.95,90.63896,1012.0376,10.233123,309.28937,0.1,54.0,51.0
2023-08-27 18:00:00+00:00,25.75,90.62569,1011.7375,9.511088,330.5242,0.0,23.0,1.0
2023-08-27 19:00:00+00:00,25.35,92.52574,1010.93726,8.473393,347.73523,0.0,93.0,3.0
2023-08-27 20:00:00+00:00,24.95,93.90625,1010.13684,7.2359104,5.7105074,0.0,97.0,3.0
2023-08-27 21:00:00+00:00,24.6,95.60199,1009.73645,6.5693827,9.462261,0.0,39.0,1.0
2023-08-27 22:00:00+00:00,24.35,96.4613,1009.4363,5.5887027,345.06854,0.1,97.0,51.0
2023-08-27 23:00:00+00:00,24.5,95.8868,1009.3366,5.4477882,7.59456,0.1,94.0,51.0
2023-08-28 00:00:00+00:00,24.8,95.03585,1008.63727,8.209263,344.7448,0.0,88.0,3.0
2023-08-28 01:00:00+00:00,25.25,92.79875,1009.1377,7.145796,319.0857,0.0,4.0,0.0
2023-08-28 02:00:00+00:00,26.65,86.190125,1010.2394,6.9153743,308.65982,0.0,62.0,2.0
2023-08-28 03:00:00+00:00,28.5,73.71429,1011.34174,10.00256,300.25635,0.0,65.0,2.0
2023-08-28 04:00:00+00:00,29.65,67.32204,1011.3437,12.864649,287.928,0.2,66.0,51.0
2023-08-28 05:00:00+00:00,30.1,66.40066,1011.14435,14.869351,276.95285,0.1,77.0,51.0
2023-08-28 06:00:00+00:00,30.2,66.823135,1010.74457,16.954432,273.65216,0.2,42.0,51.0
2023-08-28 07:00:00+00:00,30.05,68.01374,1009.8446,17.673029,273.50345,0.1,61.0,51.0
2023-08-28 08:00:00+00:00,29.85,69.21605,1008.94476,19.443333,271.06088,0.1,27.0,51.0
2023-08-28 09:00:00+00:00,29.5,70.625496,1008.34467,19.8,270.0,0.2,100.0,51.0
2023-08-28 10:00:00+00:00,29.5,70.625496,1007.9449,21.03152,263.11838,0.2,100.0,51.0
2023-08-28 11:00:00+00:00,28.5,75.51306,1007.8433,20.991426,264.09396,0.4,46.0,51.0
2023-08-28 12:00:00+00:00,27.95,76.112595,1008.3421,18.0036,268.85425,0.1,90.0,51.0
2023-08-28 13:00:00+00:00,25.6,85.829384,1009.63806,18.36353,271.1233,0.4,100.0,51.0
2023-08-28 14:00:00+00:00,24.9,91.66889,1010.6366,12.661564,284.8265,0.6,100.0,53.0
2023-08-28 15:00:00+00:00,24.8,91.9399,1010.8363,5.1544156,12.094739,0.1,100.0,51.0
2023-08-28 16:00:00+00:00,24.45,91.9196,1011.3353,7.771331,13.392516,0.0,100.0,3.0
2023-08-28 17:00:00+00:00,24.1,93.30218,1012.1347,9.178235,334.44006,0.2,100.0,51.0
2023-08-28 18:00:00+00:00,23.6,94.704506,1012.0338,6.489992,19.440128,0.4,100.0,51.0
2023-08-28 19:00:00+00:00,23.05,95.8428,1010.6335,6.489992,70.559875,0.0,100.0,3.0
2023-08-28 20:00:00+00:00,23.0,96.425896,1010.2337,5.95906,25.016869,0.2,100.0,51.0
2023-08-28 21:00:00+00:00,23.2,96.138855,1009.3345,4.6938257,32.471172,0.5,99.0,53.0
2023-08-28 22:00:00+00:00,23.05,97.30979,1008.9343,5.1165614,39.289394,0.2,100.0,51.0
2023-08-28 23:00:00+00:00,23.35,97.61085,1009.13477,3.2399998,90.0,0.2,100.0,51.0
2023-08-29 00:00:00+00:00,23.95,95.00493,1007.73645,3.8773184,291.80148,0.2,100.0,51.0
2023-08-29 01:00:00+00:00,24.35,95.30632,1008.2368,3.2599385,276.3401,0.0,70.0,2.0
2023-08-29 02:00:00+00:00,25.3,93.921715,1008.8382,4.510787,331.38962,0.0,85.0,3.0
2023-08-29 03:00:00+00:00,26.55,85.92219,1009.6396,5.2416787,344.05453,0.0,100.0,3.0
2023-08-29 04:00:00+00:00,28.15,75.91433,1010.24164,9.793059,323.97253,0.1,100.0,51.0
2023-08-29 05:00:00+00:00,28.65,73.29589,1009.74286,13.202726,295.8663,0.1,100.0,51.0
2023-08-29 06:00:00+00:00,28.95,72.90619,1009.1433,12.413476,286.8585,0.3,100.0,51.0
2023-08-29 07:00:00+00:00,27.5,83.9832,1008.8413,18.888851,277.66672,4.6,100.0,63.0
2023-08-29 08:00:00+00:00,28.15,79.65438,1007.8427,20.275383,276.11542,0.4,98.0,51.0
2023-08-29 09:00:00+00:00,26.9,84.423256,1007.54095,23.319553,278.88058,0.4,99.0,51.0
2023-08-29 10:00:00+00:00,26.85,81.42291,1007.0412,21.194187,290.89783,0.1,100.0,51.0
2023-08-29 11:00:00+00:00,26.75,81.90333,1007.54095,16.279802,305.0959,0.2,100.0,51.0
2023-08-29 12:00:00+00:00,25.75,93.66112,1007.9392,17.447933,291.80145,2.5,100.0,63.0
2023-08-29 13:00:00+00:00,25.6,90.88832,1008.6385,16.92383,308.08884,0.6,100.0,53.0
2023-08-29 14:00:00+00:00,24.95,92.50422,1009.6371,15.141414,298.3929,0.2,100.0,51.0
2023-08-29 15:00:00+00:00,24.55,94.74111,1010.736,15.815435,311.30853,0.5,100.0,53.0
2023-08-29 16:00:00+00:00,24.7,94.462234,1011.13617,15.986593,324.16226,0.2,100.0,51.0
2023-08-29 17:00:00+00:00,24.5,94.73918,1011.63556,14.4,323.13,0.1,100.0,51.0
2023-08-29 18:00:00+00:00,24.5,95.31149,1011.0359,12.413477,330.4613,0.1,100.0,51.0
2023-08-29 19:00:00+00:00,24.3,95.88081,1010.2359,11.27553,343.3007,0.0,100.0,3.0
2023-08-29 20:00:00+00:00,23.9,96.74118,1009.5356,13.849477,332.1028,0.0,100.0,3.0
2023-08-29 21:00:00+00:00,24.15,95.01222,1009.2361,15.484185,324.46225,0.1,100.0,51.0
2023-08-29 22:00:00+00:00,24.1,95.58587,1008.9362,14.982228,324.78232,0.0,100.0,3.0
2023-08-29 23:00:00+00:00,23.75,95.8641,1009.4354,13.363711,332.74475,0.9,100.0,53.0
2023-08-30 00:00:00+00:00,24.45,92.47719,1008.5366,16.394829,340.76923,1.4,100.0,61.0
2023-08-30 01:00:00+00:00,24.5,92.47992,1009.3366,15.175612,337.69376,0.0,100.0,3.0
2023-08-30 02:00:00+00:00,24.8,91.66291,1009.5369,14.345898,342.47433,0.0,100.0,3.0
2023-08-30 03:00:00+00:00,26.05,84.58753,1010.1384,18.331741,340.49747,0.0,100.0,3.0
2023-08-30 04:00:00+00:00,27.1,78.31947,1010.2401,18.514643,333.43503,0.0,100.0,3.0
2023-08-30 05:00:00+00:00,28.55,70.238205,1009.9424,19.201874,329.589,0.0,100.0,3.0
2023-08-30 06:00:00+00:00,29.55,67.5064,1009.5441,17.31746,313.31537,0.0,100.0,3.0
2023-08-30 07:00:00+00:00,28.3,77.320625,1008.74255,19.486609,295.14474,0.0,100.0,3.0
2023-08-30 08:00:00+00:00,27.85,82.52904,1008.1422,18.998316,297.0505,0.4,99.0,51.0
2023-08-30 09:00:00+00:00,27.7,80.55603,1007.5423,20.46941,304.24908,0.0,72.0,2.0
2023-08-30 10:00:00+00:00,27.9,80.82383,1007.2427,20.570463,302.8557,0.2,75.0,51.0
2023-08-30 11:00:00+00:00,27.55,82.74125,1007.342,18.626305,311.08167,0.0,94.0,3.0
2023-08-30 12:00:00+00:00,27.65,80.54959,1007.7422,16.179987,302.27563,0.0,99.0,3.0
2023-08-30 13:00:00+00:00,26.65,85.9319,1008.5401,14.84318,309.09384,0.1,100.0,51.0
2023-08-30 14:00:00+00:00,25.95,87.1675,1009.2389,13.004922,318.36655,0.1,100.0,51.0
2023-08-30 15:00:00+00:00,25.8,89.27842,1010.03827,11.753877,332.6502,0.2,100.0,51.0
2023-08-30 16:00:00+00:00,25.55,91.98313,1010.6376,10.144082,332.52567,0.2,100.0,51.0
2023-08-30 17:00:00+00:00,25.0,95.04306,1010.83655,9.885262,326.88864,0.0,100.0,3.0
2023-08-30 18:00:00+00:00,24.9,94.754524,1010.5367,10.086427,325.17545,0.0,100.0,3.0
2023-08-30 19:00:00+00:00,24.85,95.03766,1009.93677,9.931042,313.53125,0.0,100.0,3.0
2023-08-30 20:00:00+00:00,24.9,94.754524,1008.73755,9.585739,325.71307,0.0,100.0,3.0
2023-08-30 21:00:00+00:00,24.8,95.03585,1008.33746,10.296251,323.53067,0.0,100.0,3.0
2023-08-30 22:00:00+00:00,24.9,93.90408,1007.738,11.808878,322.43134,0.1,98.0,51.0
2023-08-30 23:00:00+00:00,24.9,94.1868,1007.8379,11.808878,322.43134,0.0,91.0,3.0
2023-08-31 00:00:00+00:00,25.25,91.965866,1007.53845,12.303366,339.44388,0.0,99.0,3.0
2023-08-31 01:00:00+00:00,25.4,91.97453,1007.8386,9.686609,318.01288,0.0,99.0,3.0
2023-08-31 02:00:00+00:00,26.35,89.855995,1008.8397,10.009036,307.6943,0.0,99.0,3.0
2023-08-31 03:00:00+00:00,27.55,84.74505,1009.7409,10.44,313.6029,0.0,87.0,3.0
2023-08-31 04:00:00+00:00,28.65,79.72153,1009.8428,10.296251,306.46933,0.1,61.0,51.0
2023-08-31 05:00:00+00:00,29.35,77.93817,1009.74384,13.32,288.92474,0.3,59.0,51.0
2023-08-31 06:00:00+00:00,28.0,78.68354,1009.2421,16.62249,287.6502,4.7,89.0,63.0
2023-08-31 07:00:00+00:00,27.35,88.07523,1008.8413,14.081477,302.47116,0.9,99.0,53.0
2023-08-31 08:00:00+00:00,27.6,82.99515,1008.3419,15.39184,280.78424,1.4,99.0,61.0
2023-08-31 09:00:00+00:00,26.75,89.08355,1007.54095,11.966953,291.16132,4.4,94.0,63.0
2023-08-31 10:00:00+00:00,26.7,91.2305,1007.2407,9.585739,304.28693,2.6,83.0,63.0
2023-08-31 11:00:00+00:00,26.65,90.95602,1007.34064,10.495713,292.16638,3.2,84.0,63.0
2023-08-31 12:00:00+00:00,25.9,94.228745,1007.9392,12.475961,316.16904,4.8,100.0,63.0
2023-08-31 13:00:00+00:00,24.65,99.40376,1009.0368,6.696387,306.25394,6.5,100.0,63.0
2023-08-31 14:00:00+00:00,24.1,99.40133,1010.23566,6.297428,329.03632,6.8,100.0,63.0
2023-08-31 15:00:00+00:00,24.1,99.40133,1010.1356,8.647496,357.6141,0.3,100.0,51.0
2023-08-31 16:00:00+00:00,24.4,96.4626,1010.03595,12.682018,353.4803,0.1,100.0,51.0
2023-08-31 17:00:00+00:00,24.1,95.87472,1010.3356,12.245294,1.6846573,0.0,100.0,3.0
2023-08-31 18:00:00+00:00,23.8,95.86567,1010.0351,13.084402,352.09293,0.0,100.0,3.0
2023-08-31 19:00:00+00:00,23.9,94.71613,1009.2357,13.556282,349.28693,0.0,95.0,3.0
2023-08-31 20:00:00+00:00,23.9,94.144394,1008.5361,12.9249525,347.125,0.0,99.0,3.0
2023-08-31 21:00:00+00:00,23.75,94.42374,1007.7362,10.041354,345.4655,0.0,91.0,3.0
2023-08-31 22:00:00+00:00,23.75,94.42374,1008.136,6.9153743,321.34018,0.0,100.0,3.0
2023-08-31 23:00:00+00:00,23.8,94.71226,1007.43634,10.495713,354.09393,0.0,94.0,3.0
2023-09-01 00:00:00+00:00,24.75,88.92872,1007.238,9.693296,338.19852,0.0,90.0,3.0
2023-09-01 01:00:00+00:00,25.2,88.16093,1008.43805,6.4096174,308.15726,0.0,99.0,3.0
2023-09-01 02:00:00+00:00,26.1,89.033585,1009.4388,5.00128,329.74365,0.0,99.0,3.0
2023-09-01 03:00:00+00:00,27.25,87.28298,1010.24036,0.71999997,360.0,0.0,100.0,3.0
2023-09-01 04:00:00+00:00,28.35,82.58776,1010.44183,2.6208394,254.05453,0.1,91.0,51.0
2023-09-01 05:00:00+00:00,28.85,80.944756,1010.64264,12.984975,223.87679,0.2,61.0,51.0
2023-09-01 06:00:00+00:00,26.35,90.125145,1010.6389,13.684735,234.63745,6.7,96.0,63.0
2023-09-01 07:00:00+00:00,27.05,84.947014,1009.4405,14.81259,244.05775,0.4,99.0,51.0
2023-09-01 08:00:00+00:00,27.3,84.21325,1008.84094,11.841756,250.46326,0.1,80.0,51.0
2023-09-01 09:00:00+00:00,26.85,86.20919,1007.9408,13.627795,257.79956,0.1,87.0,51.0
2023-09-01 10:00:00+00:00,27.05,82.6828,1007.64124,13.207634,252.55272,0.2,92.0,51.0
2023-09-01 11:00:00+00:00,26.85,82.41076,1007.64087,12.522619,251.56496,0.4,84.0,51.0
2023-09-01 12:00:00+00:00,26.75,90.691925,1007.8408,9.72,270.0,0.8,86.0,53.0
2023-09-01 13:00:00+00:00,26.65,92.59511,1008.2403,4.1046314,285.25516,0.1,98.0,51.0
2023-09-01 14:00:00+00:00,25.8,95.64036,1009.43854,5.904439,307.56866,0.2,99.0,51.0
2023-09-01 15:00:00+00:00,25.5,96.20355,1010.2378,5.6233797,309.8055,0.2,100.0,51.0
2023-09-01 16:00:00+00:00,25.35,94.20574,1010.8373,8.089993,290.85452,1.4,100.0,61.0
2023-09-01 17:00:00+00:00,24.75,99.404205,1011.536,5.3517847,317.72638,0.4,100.0,51.0
2023-09-01 18:00:00+00:00,24.55,99.403366,1010.83594,3.7585104,343.3007,0.2,99.0,51.0
2023-09-01 19:00:00+00:00,24.3,99.70074,1010.3358,6.193674,324.46225,0.0,98.0,3.0
2023-09-01 20:00:00+00:00,24.75,97.05206,1009.43695,6.489992,326.3099,0.0,100.0,3.0
2023-09-01 21:00:00+00:00,24.6,97.048805,1009.0368,6.439876,333.43503,0.0,100.0,3.0
2023-09-01 22:00:00+00:00,24.55,97.047714,1008.63696,7.6367526,351.87,0.1,100.0,51.0
2023-09-01 23:00:00+00:00,24.35,96.4613,1008.4367,7.6367526,351.87,0.0,100.0,3.0
2023-09-02 00:00:00+00:00,24.2,97.040085,1008.5364,11.177405,14.931467,0.0,100.0,3.0
2023-09-02 01:00:00+00:00,23.75,99.399734,1009.2355,7.289445,327.09476,3.7,83.0,63.0
2023-09-02 02:00:00+00:00,24.9,95.3252,1009.937,5.4477882,277.59454,0.4,100.0,51.0
2023-09-02 03:00:00+00:00,26.0,90.10067,1010.1384,6.12,331.9276,0.1,66.0,51.0
2023-09-02 04:00:00+00:00,27.55,83.487755,1010.94037,6.6185193,292.3802,0.1,86.0,51.0
2023-09-02 05:00:00+00:00,27.55,83.238266,1010.94037,11.542478,273.57626,0.1,100.0,51.0
2023-09-02 06:00:00+00:00,28.2,80.13963,1010.7417,11.901798,273.46817,0.2,100.0,51.0
2023-09-02 07:00:00+00:00,25.55,93.092804,1010.0379,10.931203,252.75845,2.9,100.0,63.0
2023-09-02 08:00:00+00:00,26.2,87.18983,1009.0393,12.9249525,257.125,2.7,94.0,63.0
2023-09-02 09:00:00+00:00,25.95,89.8273,1008.5392,13.556282,280.71307,6.6,100.0,63.0
2023-09-02 10:00:00+00:00,26.0,90.64231,1008.03937,11.269782,296.56497,0.2,100.0,51.0
2023-09-02 11:00:00+00:00,25.85,87.42159,1007.53937,13.441071,290.37653,0.3,97.0,51.0
2023-09-02 12:00:00+00:00,24.95,95.32686,1008.23773,10.799999,323.13004,3.5,100.0,63.0
2023-09-02 13:00:00+00:00,24.8,95.03585,1008.63727,5.991594,327.26477,0.2,98.0,51.0
2023-09-02 14:00:00+00:00,24.25,99.401985,1009.43604,5.00128,329.74365,0.1,100.0,51.0
2023-09-02 15:00:00+00:00,24.35,99.40244,1010.13586,6.989936,304.50858,0.1,100.0,51.0
2023-09-02 16:00:00+00:00,24.6,95.314896,1010.83594,9.931042,313.53125,0.5,99.0,53.0
2023-09-02 17:00:00+00:00,24.8,95.03585,1011.536,9.0,323.13,0.1,100.0,51.0
2023-09-02 18:00:00+00:00,24.5,97.04663,1010.9359,6.162207,353.29025,0.0,98.0,3.0
2023-09-02 19:00:00+00:00,24.15,97.625,1010.1356,9.0,16.26028,0.0,95.0,3.0
2023-09-02 20:00:00+00:00,23.9,97.32668,1009.43567,6.0347,17.354122,0.0,89.0,3.0
2023-09-02 21:00:00+00:00,23.45,99.398415,1009.13477,3.319036,319.39877,0.5,100.0,53.0
2023-09-02 22:00:00+00:00,23.75,99.69948,1008.43585,2.0991426,329.03632,0.1,89.0,51.0
2023-09-02 23:00:00+00:00,23.8,99.40001,1008.3359,2.7416782,336.8014,0.0,100.0,3.0
2023-09-03 00:00:00+00:00,23.8,95.287445,1008.23596,2.2768397,198.43504,0.0,100.0,3.0
2023-09-03 01:00:00+00:00,24.35,94.73343,1008.4367,4.6938257,302.47116,0.1,100.0,51.0
2023-09-03 02:00:00+00:00,24.85,94.184685,1009.337,3.319036,319.39877,0.0,100.0,3.0
2023-09-03 03:00:00+00:00,25.3,92.24557,1010.33746,2.2768397,251.56496,0.1,100.0,51.0
2023-09-03 04:00:00+00:00,25.4,91.14905,1010.7373,7.208994,267.13766,0.2,99.0,51.0
2023-09-03 05:00:00+00:00,25.8,86.89172,1010.7379,12.682018,276.5197,0.2,100.0,51.0
2023-09-03 06:00:00+00:00,25.2,85.79006,1010.53705,15.39184,280.78424,1.5,100.0,61.0
2023-09-03 07:00:00+00:00,23.7,99.100464,1009.63525,9.107359,288.43503,2.5,100.0,63.0
2023-09-03 08:00:00+00:00,23.75,99.100815,1009.0356,6.1305785,229.76372,4.9,100.0,63.0
2023-09-03 09:00:00+00:00,24.1,99.103165,1008.2366,5.3999996,233.13002,1.9,100.0,61.0
2023-09-03 10:00:00+00:00,24.45,98.8089,1007.737,12.429127,259.9921,1.5,100.0,61.0
2023-09-03 11:00:00+00:00,23.85,99.10151,1007.7362,14.081478,274.39862,3.8,100.0,63.0
2023-09-03 12:00:00+00:00,25.6,88.460335,1007.13916,14.578888,290.22495,1.3,100.0,61.0
2023-09-03 13:00:00+00:00,24.45,94.45213,1007.837,14.654254,297.824,1.0,100.0,55.0
2023-09-03 14:00:00+00:00,23.95,98.804474,1008.4361,11.923557,298.88647,1.8,100.0,61.0
2023-09-03 15:00:00+00:00,23.7,98.50476,1009.1355,15.256526,289.29013,1.0,100.0,55.0
2023-09-03 16:00:00+00:00,23.75,99.100815,1009.8352,11.91812,295.01685,1.3,100.0,61.0
2023-09-03 17:00:00+00:00,23.65,99.10017,1010.0347,9.686609,311.98712,2.6,100.0,63.0
2023-09-03 18:00:00+00:00,23.6,99.399086,1009.6349,10.630672,331.69934,1.6,100.0,61.0
2023-09-03 19:00:00+00:00,23.25,99.698364,1009.1345,8.714677,321.70978,2.8,100.0,63.0
2023-09-03 20:00:00+00:00,23.05,99.39663,1008.33453,8.287822,325.6196,3.1,100.0,63.0
2023-09-03 21:00:00+00:00,23.05,99.39663,1007.8348,8.435069,320.1945,3.2,100.0,63.0
2023-09-03 22:00:00+00:00,23.25,99.097466,1007.2355,13.237038,315.0001,2.0,100.0,61.0
2023-09-03 23:00:00+00:00,23.35,99.09814,1007.33563,13.324863,308.4181,1.4,100.0,61.0
2023-09-04 00:00:00+00:00,24.55,95.31324,1007.2376,13.207634,342.5527,1.4,100.0,61.0
2023-09-04 01:00:00+00:00,24.0,99.102486,1007.4366,14.20062,329.53452,0.5,100.0,53.0
2023-09-04 02:00:00+00:00,24.2,98.806694,1008.2366,12.181624,325.84024,1.0,100.0,55.0
2023-09-04 03:00:00+00:00,24.55,99.10618,1009.1367,11.885453,324.86572,1.2,100.0,55.0
2023-09-04 04:00:00+00:00,24.7,98.81113,1009.23706,12.387348,324.46225,3.4,100.0,63.0
2023-09-04 05:00:00+00:00,24.75,98.81152,1008.9372,13.397612,329.30035,1.4,100.0,61.0
2023-09-04 06:00:00+00:00,26.25,90.11816,1009.1392,15.778516,325.2221,1.3,100.0,61.0
2023-09-04 07:00:00+00:00,26.1,89.033585,1008.6391,14.578888,290.22495,0.7,100.0,53.0
2023-09-04 08:00:00+00:00,26.55,86.959885,1007.4407,15.646544,293.0255,1.0,100.0,55.0
2023-09-04 09:00:00+00:00,26.0,90.37112,1006.24023,15.629971,298.92633,0.0,100.0,3.0
2023-09-04 10:00:00+00:00,26.15,87.18539,1005.94073,13.363711,297.25525,0.0,100.0,3.0
2023-09-04 11:00:00+00:00,26.15,86.92357,1005.6408,14.277983,303.6901,0.0,100.0,3.0
2023-09-04 12:00:00+00:00,26.65,88.016914,1006.2412,11.113451,294.90472,0.3,100.0,51.0
2023-09-04 13:00:00+00:00,26.2,89.845245,1006.54047,8.699793,294.44394,0.0,100.0,3.0
2023-09-04 14:00:00+00:00,25.75,89.81293,1007.3395,15.042659,291.03757,0.2,100.0,51.0
2023-09-04 15:00:00+00:00,25.7,90.62233,1008.0392,14.113652,307.74686,0.2,100.0,51.0
2023-09-04 16:00:00+00:00,25.2,91.13639,1008.9378,14.386494,301.7014,0.5,100.0,53.0
2023-09-04 17:00:00+00:00,25.1,93.07031,1009.43756,15.077082,303.31064,0.1,100.0,51.0
2023-09-04 18:00:00+00:00,24.7,93.05031,1009.43695,15.716793,290.0953,0.5,100.0,53.0
2023-09-04 19:00:00+00:00,24.45,94.45213,1008.6366,13.089354,301.5042,0.4,100.0,51.0
2023-09-04 20:00:00+00:00,24.1,95.0104,1008.2366,15.844089,291.318,0.2,100.0,51.0
2023-09-04 21:00:00+00:00,24.05,95.008606,1007.73645,13.479583,304.1145,0.7,100.0,53.0
2023-09-04 22:00:00+00:00,24.1,95.29773,1007.3369,11.113451,294.90472,0.1,100.0,51.0
2023-09-04 23:00:00+00:00,24.1,96.16438,1007.3369,10.028439,291.03757,0.1,95.0,51.0
2023-09-05 00:00:00+00:00,23.7,95.86261,1008.23596,18.391735,266.6336,0.2,100.0,51.0
2023-09-05 01:00:00+00:00,23.45,99.09878,1008.5351,16.595179,282.5288,3.6,100.0,63.0
2023-09-05 02:00:00+00:00,23.35,99.09814,1009.2348,10.00256,300.25635,1.5,100.0,61.0
2023-09-05 03:00:00+00:00,23.9,99.69984,1009.83545,10.308831,282.09473,1.7,100.0,61.0
2023-09-05 04:00:00+00:00,23.65,98.504196,1010.1347,7.072878,284.74362,7.2,100.0,63.0
2023-09-05 05:00:00+00:00,24.25,94.72959,1009.9358,8.311245,265.03033,1.2,100.0,55.0
2023-09-05 06:00:00+00:00,25.25,93.63819,1009.3376,8.350138,277.4313,0.5,100.0,53.0
2023-09-05 07:00:00+00:00,25.9,89.018166,1008.8388,10.137692,253.49556,1.1,100.0,55.0
2023-09-05 08:00:00+00:00,24.7,95.89287,1008.2375,16.923828,271.21884,2.0,100.0,61.0
2023-09-05 09:00:00+00:00,23.8,98.80315,1007.53625,12.303366,249.44386,1.2,100.0,55.0
2023-09-05 10:00:00+00:00,25.1,84.48652,1007.03864,11.609651,262.8751,0.8,100.0,53.0
2023-09-05 11:00:00+00:00,25.3,90.051445,1006.63916,15.137133,272.72626,0.8,100.0,53.0
2023-09-05 12:00:00+00:00,24.7,95.89287,1006.43835,10.703569,312.27362,0.3,98.0,51.0
2023-09-05 13:00:00+00:00,24.5,96.46518,1007.13763,8.0899935,327.72437,0.6,100.0,53.0
2023-09-05 14:00:00+00:00,24.25,97.04118,1007.73676,9.36,360.0,1.0,100.0,55.0
2023-09-05 15:00:00+00:00,23.7,99.39953,1008.63574,7.072878,345.25638,1.6,100.0,61.0
2023-09-05 16:00:00+00:00,23.75,99.399734,1009.4354,12.594856,300.96368,1.3,100.0,61.0
2023-09-05 17:00:00+00:00,23.65,99.10017,1009.535,7.928177,309.47244,0.7,100.0,53.0
2023-09-05 18:00:00+00:00,23.7,99.39953,1009.33545,5.904439,322.43134,0.2,100.0,51.0
2023-09-05 19:00:00+00:00,23.5,99.69893,1008.4355,6.830519,341.56494,0.3,100.0,51.0
2023-09-05 20:00:00+00:00,23.4,99.69872,1007.93536,5.1544156,347.90527,0.1,99.0,51.0
2023-09-05 21:00:00+00:00,23.45,99.698784,1007.5355,4.3349743,355.23645,0.1,100.0,51.0
2023-09-05 22:00:00+00:00,23.25,99.39749,1007.0355,4.6102495,321.34018,0.1,100.0,51.0
2023-09-05 23:00:00+00:00,23.9,96.74118,1007.5365,6.489992,303.6901,0.0,100.0,3.0
2023-09-06 00:00:00+00:00,24.0,95.58263,1008.2362,3.219938,333.43503,1.2,100.0,55.0
2023-09-06 01:00:00+00:00,24.1,99.40133,1008.63635,2.9024127,330.25522,0.2,100.0,51.0
2023-09-06 02:00:00+00:00,24.55,95.0268,1009.2367,3.671294,281.3099,0.8,100.0,53.0
2023-09-06 03:00:00+00:00,25.35,91.69563,1010.03766,8.854829,243.43501,0.2,100.0,51.0
2023-09-06 04:00:00+00:00,25.9,88.75104,1011.0378,10.8955765,262.40546,0.2,100.0,51.0
2023-09-06 05:00:00+00:00,24.95,90.0267,1010.83655,8.669949,274.76355,5.5,100.0,63.0
2023-09-06 06:00:00+00:00,24.75,92.214836,1010.4365,10.787993,295.7099,0.6,99.0,53.0
2023-09-06 07:00:00+00:00,26.35,83.352516,1009.33954,10.308831,282.09473,0.0,92.0,3.0
2023-09-06 08:00:00+00:00,27.2,80.00727,1008.44116,12.245294,268.31534,0.1,66.0,51.0
2023-09-06 09:00:00+00:00,27.3,82.71206,1007.8414,13.32,270.0,0.0,71.0,2.0
2023-09-06 10:00:00+00:00,27.1,82.937515,1007.3414,12.261158,273.3664,0.1,43.0,51.0
2023-09-06 11:00:00+00:00,26.1,84.083336,1007.4397,15.856356,267.3975,0.6,96.0,53.0
2023-09-06 12:00:00+00:00,25.85,87.15856,1008.0392,13.441071,290.37653,1.5,79.0,61.0
2023-09-06 13:00:00+00:00,25.4,89.51753,1008.3384,8.699793,294.44394,0.0,91.0,3.0
2023-09-06 14:00:00+00:00,25.35,89.78402,1008.7382,9.659814,296.56497,0.0,100.0,3.0
2023-09-06 15:00:00+00:00,25.35,90.32661,1009.33795,10.383987,303.6901,0.1,100.0,51.0
2023-09-06 16:00:00+00:00,25.1,91.40506,1010.0373,11.212135,312.39737,0.1,100.0,51.0
2023-09-06 17:00:00+00:00,24.7,93.05031,1010.7364,11.753877,297.3498,0.4,100.0,51.0
2023-09-06 18:00:00+00:00,24.45,93.88412,1010.4358,7.10031,300.46545,0.3,100.0,51.0
2023-09-06 19:00:00+00:00,23.9,95.868706,1009.83545,13.75558,263.9911,0.7,100.0,53.0
2023-09-06 20:00:00+00:00,23.7,95.86261,1009.1355,10.239453,259.8754,0.6,100.0,53.0
2023-09-06 21:00:00+00:00,23.65,95.57129,1008.73535,6.519877,276.3401,0.3,100.0,51.0
2023-09-06 22:00:00+00:00,23.3,99.0978,1008.5351,9.028754,274.57382,0.1,100.0,51.0
2023-09-06 23:00:00+00:00,23.35,99.09814,1008.83496,12.6462,265.10098,0.3,100.0,51.0
2023-09-07 00:00:00+00:00,24.4,94.45015,1009.03644,15.137133,267.27374,0.6,100.0,53.0
2023-09-07 01:00:00+00:00,23.95,93.294876,1009.6355,15.815435,258.17853,3.4,100.0,63.0
2023-09-07 02:00:00+00:00,24.3,93.03021,1009.83606,10.853866,264.2895,0.3,100.0,51.0
2023-09-07 03:00:00+00:00,24.35,93.87967,1011.13544,14.044615,271.46878,2.0,100.0,61.0
2023-09-07 04:00:00+00:00,25.35,91.420395,1011.2371,12.429127,280.0079,0.6,100.0,53.0
2023-09-07 05:00:00+00:00,25.4,88.97944,1011.1371,13.397612,300.69965,0.4,100.0,51.0
2023-09-07 06:00:00+00:00,25.7,88.73522,1011.1377,12.496719,281.6336,1.1,100.0,55.0
2023-09-07 07:00:00+00:00,24.75,91.383514,1010.8363,11.609651,277.1249,2.3,100.0,61.0
2023-09-07 08:00:00+00:00,24.75,99.107506,1009.5369,14.404499,268.56793,1.1,100.0,55.0
2023-09-07 09:00:00+00:00,24.55,89.72595,1009.1367,16.954432,273.65216,5.0,100.0,63.0
2023-09-07 10:00:00+00:00,25.0,93.62668,1008.93744,13.324863,271.54813,1.9,100.0,61.0
2023-09-07 11:00:00+00:00,24.9,92.501564,1009.3372,16.87398,258.92984,0.8,100.0,53.0
2023-09-07 12:00:00+00:00,24.75,95.034004,1008.9372,13.53236,298.61035,0.8,100.0,53.0
2023-09-07 13:00:00+00:00,24.6,95.028595,1009.3366,8.225035,293.1986,0.1,100.0,51.0
2023-09-07 14:00:00+00:00,24.9,93.34087,1009.937,8.587338,303.02386,0.3,100.0,51.0
2023-09-07 15:00:00+00:00,24.6,95.314896,1010.83594,11.019764,308.36752,0.4,100.0,51.0
2023-09-07 16:00:00+00:00,24.1,98.80577,1011.63495,10.495713,300.96368,0.3,100.0,51.0
2023-09-07 17:00:00+00:00,23.6,99.09983,1012.5336,10.829959,254.57777,1.7,99.0,61.0
2023-09-07 18:00:00+00:00,23.65,99.10017,1012.0338,8.311245,274.96964,0.4,100.0,51.0
2023-09-07 19:00:00+00:00,23.65,99.10017,1011.734,8.669949,318.36655,0.4,100.0,51.0
2023-09-07 20:00:00+00:00,23.0,99.39637,1011.2333,16.263872,332.30063,0.8,100.0,53.0
2023-09-07 21:00:00+00:00,22.9,99.09511,1010.2337,7.9932966,305.83774,0.7,100.0,53.0
2023-09-07 22:00:00+00:00,22.9,99.09511,1010.0338,5.6002855,315.0001,0.2,100.0,51.0
2023-09-07 23:00:00+00:00,23.1,99.698,1009.9342,2.8116899,309.8055,0.1,100.0,51.0
2023-09-08 00:00:00+00:00,23.2,98.20138,1010.1341,3.0547013,44.999897,0.1,100.0,51.0
2023-09-08 01:00:00+00:00,23.5,97.31872,1010.73444,1.609969,206.56499,0.0,100.0,3.0
2023-09-08 02:00:00+00:00,24.35,95.30632,1011.5353,10.105681,274.08554,0.2,100.0,51.0
2023-09-08 03:00:00+00:00,25.15,91.960144,1011.8364,6.0347,287.3541,0.0,99.0,3.0
2023-09-08 04:00:00+00:00,26.4,85.649605,1012.33813,6.9527545,291.25058,0.0,82.0,3.0
2023-09-08 05:00:00+00:00,27.45,82.72955,1012.3397,11.252519,277.3523,0.1,84.0,51.0
2023-09-08 06:00:00+00:00,25.6,86.35002,1012.8366,22.702845,284.69736,5.0,100.0,63.0
2023-09-08 07:00:00+00:00,26.15,85.11012,1011.53815,14.512064,277.1249,0.5,100.0,53.0
2023-09-08 08:00:00+00:00,26.9,81.42919,1010.33966,15.683776,279.24603,0.1,100.0,51.0
2023-09-08 09:00:00+00:00,27.25,79.77301,1009.54065,15.463244,282.09473,0.3,99.0,51.0
2023-09-08 10:00:00+00:00,27.1,80.96479,1008.9407,16.171976,286.8215,0.5,100.0,53.0
2023-09-08 11:00:00+00:00,25.85,88.214806,1009.1386,16.946787,282.26477,0.1,100.0,51.0
2023-09-08 12:00:00+00:00,27.15,83.44286,1008.9409,12.224107,283.627,0.1,100.0,51.0
2023-09-08 13:00:00+00:00,26.65,84.65082,1009.2398,12.413476,286.8585,0.0,100.0,3.0
2023-09-08 14:00:00+00:00,26.5,85.65947,1010.23914,10.931203,287.24155,0.0,100.0,3.0
2023-09-08 15:00:00+00:00,25.75,90.08314,1011.33765,12.10157,292.751,0.1,99.0,51.0
2023-09-08 16:00:00+00:00,24.6,92.20646,1012.33527,14.186923,305.7068,1.2,100.0,55.0
2023-09-08 17:00:00+00:00,24.5,94.169876,1011.83545,7.145796,310.91428,0.3,100.0,51.0
2023-09-08 18:00:00+00:00,23.95,96.74233,1011.53467,5.0528407,4.085537,0.0,100.0,3.0
2023-09-08 19:00:00+00:00,23.95,96.74233,1010.83496,3.6179552,354.2895,0.2,100.0,51.0
2023-09-08 20:00:00+00:00,23.5,99.39862,1010.73444,10.041354,284.5345,1.8,100.0,61.0
2023-09-08 21:00:00+00:00,23.25,99.097466,1010.53394,13.979872,304.50858,3.4,100.0,63.0
2023-09-08 22:00:00+00:00,23.1,99.396835,1010.2341,8.654987,315.0001,3.5,100.0,63.0
2023-09-08 23:00:00+00:00,23.3,99.698494,1010.2343,6.3690495,317.29062,1.5,100.0,61.0
2023-09-09 00:00:00+00:00,24.05,95.008606,1008.9359,8.587338,326.97614,0.2,100.0,51.0
2023-09-09 01:00:00+00:00,24.35,95.59394,1009.4363,8.78872,325.0079,0.0,100.0,3.0
2023-09-09 02:00:00+00:00,24.6,95.88982,1010.63605,8.78872,325.0079,0.3,100.0,51.0
2023-09-09 03:00:00+00:00,25.3,94.486336,1010.93726,13.783817,319.23648,0.0,100.0,3.0
2023-09-09 04:00:00+00:00,26.45,87.73677,1011.3386,16.375053,303.34073,0.2,100.0,51.0
2023-09-09 05:00:00+00:00,26.6,87.74957,1011.039,18.39878,300.57913,0.1,100.0,51.0
2023-09-09 06:00:00+00:00,26.9,84.93153,1010.8394,18.86139,293.6294,0.1,100.0,51.0
2023-09-09 07:00:00+00:00,27.25,82.95484,1010.1403,17.555305,285.46127,0.0,99.0,3.0
2023-09-09 08:00:00+00:00,27.45,81.742676,1009.24115,18.374111,267.7543,0.1,100.0,51.0
2023-09-09 09:00:00+00:00,26.65,83.386505,1008.5401,18.511143,283.49576,0.4,98.0,51.0
2023-09-09 10:00:00+00:00,26.3,82.84472,1008.1397,20.63023,299.24872,0.7,100.0,53.0
2023-09-09 11:00:00+00:00,25.6,90.072586,1008.13873,16.45007,293.1986,1.2,95.0,55.0
2023-09-09 12:00:00+00:00,25.6,91.71048,1008.13873,14.039999,292.6199,2.9,100.0,63.0
2023-09-09 13:00:00+00:00,25.15,92.793564,1008.7379,14.973577,297.18103,0.2,100.0,51.0
2023-09-09 14:00:00+00:00,24.0,98.80488,1009.73553,15.072783,310.1559,1.6,100.0,61.0
2023-09-09 15:00:00+00:00,24.55,94.4562,1010.5361,14.336861,298.49554,1.8,100.0,61.0
2023-09-09 16:00:00+00:00,24.5,95.02494,1011.2358,14.934577,285.3763,0.3,99.0,51.0
2023-09-09 17:00:00+00:00,24.5,95.02494,1011.53564,11.609651,299.74478,0.9,92.0,53.0
2023-09-09 18:00:00+00:00,24.4,95.883835,1010.93555,12.538134,320.82635,0.1,98.0,51.0
2023-09-09 19:00:00+00:00,24.25,96.45868,1010.23566,11.119281,330.9455,0.1,100.0,51.0
2023-09-09 20:00:00+00:00,23.7,99.39953,1009.7353,11.720751,317.4896,0.2,100.0,51.0
2023-09-09 21:00:00+00:00,23.7,99.39953,1009.2355,10.703569,317.72638,0.5,100.0,53.0
2023-09-09 22:00:00+00:00,23.65,99.39931,1008.6354,11.183201,326.82147,0.5,100.0,53.0
2023-09-09 23:00:00+00:00,23.6,99.399086,1009.0352,8.891344,338.6293,0.2,100.0,51.0
2023-09-10 00:00:00+00:00,24.05,94.72189,1008.9359,6.9247384,297.8972,0.2,100.0,51.0
2023-09-10 01:00:00+00:00,24.05,96.45351,1009.13574,8.891343,328.24057,0.0,100.0,3.0
2023-09-10 02:00:00+00:00,23.9,99.69984,1010.73505,11.983188,327.26477,3.0,100.0,63.0
2023-09-10 03:00:00+00:00,24.3,96.46002,1011.3353,12.819235,308.15726,3.2,100.0,63.0
2023-09-10 04:00:00+00:00,25.05,90.03379,1011.73615,17.462782,284.32275,0.9,100.0,53.0
2023-09-10 05:00:00+00:00,24.85,93.05782,1011.7359,14.417988,272.86234,1.8,99.0,61.0
2023-09-10 06:00:00+00:00,25.65,91.43877,1011.1373,12.57426,283.24054,0.3,77.0,51.0
2023-09-10 07:00:00+00:00,26.2,85.37215,1009.739,16.311613,292.0363,0.1,68.0,51.0
2023-09-10 08:00:00+00:00,26.8,81.17129,1008.7404,17.727943,293.9625,0.1,93.0,51.0
2023-09-10 09:00:00+00:00,26.75,79.94728,1007.8408,18.0,286.26028,0.1,100.0,51.0
2023-09-10 10:00:00+00:00,26.4,82.357155,1007.54034,21.53089,290.55612,0.3,100.0,51.0
2023-09-10 11:00:00+00:00,25.9,86.63929,1007.43945,18.792551,290.17075,0.3,91.0,51.0
2023-09-10 12:00:00+00:00,26.6,84.64552,1007.5406,15.646544,293.0255,0.1,86.0,51.0
2023-09-10 13:00:00+00:00,25.1,89.2253,1008.43805,17.208603,285.78082,0.9,100.0,53.0
2023-09-10 14:00:00+00:00,23.85,99.10151,1009.4354,14.4,306.86996,7.7,100.0,65.0
2023-09-10 15:00:00+00:00,23.5,99.09916,1010.1347,13.044722,320.59937,2.0,100.0,61.0
2023-09-10 16:00:00+00:00,23.7,99.100464,1010.8347,12.738099,317.29062,1.2,100.0,55.0
2023-09-10 17:00:00+00:00,23.7,99.100464,1010.93475,13.104198,322.81522,0.7,100.0,53.0
2023-09-10 18:00:00+00:00,23.5,99.09916,1010.9344,15.072783,319.84406,2.0,100.0,61.0
2023-09-10 19:00:00+00:00,23.5,99.09916,1009.7349,13.551501,309.61066,0.4,98.0,51.0
2023-09-10 20:00:00+00:00,24.1,94.723816,1009.2361,14.264361,312.9546,0.2,100.0,51.0
2023-09-10 21:00:00+00:00,23.45,98.79999,1009.03485,12.475961,316.16904,0.4,100.0,51.0
2023-09-10 22:00:00+00:00,23.45,99.09878,1009.03485,10.296251,306.46933,0.4,100.0,51.0
2023-09-10 23:00:00+00:00,23.45,99.09878,1008.83496,7.9932966,324.16226,1.2,100.0,55.0
2023-09-11 00:00:00+00:00,23.45,94.41153,1008.93494,11.252519,352.6477,0.4,100.0,51.0
2023-09-11 01:00:00+00:00,23.7,94.99579,1008.93567,11.27553,343.3007,0.4,98.0,51.0
2023-09-11 02:00:00+00:00,24.5,93.88636,1009.73645,12.57426,336.3706,0.0,100.0,3.0
2023-09-11 03:00:00+00:00,25.7,86.35951,1010.538,14.917212,340.25308,0.0,100.0,3.0
2023-09-11 04:00:00+00:00,26.35,83.857185,1011.1387,13.551501,320.38934,0.0,100.0,3.0
2023-09-11 05:00:00+00:00,26.6,82.8796,1010.9391,13.979872,304.50858,0.1,95.0,51.0
2023-09-11 06:00:00+00:00,27.25,82.70618,1010.54016,14.039999,292.6199,0.0,97.0,3.0
2023-09-11 07:00:00+00:00,27.15,82.44636,1009.74054,14.917212,289.74692,0.1,99.0,51.0
2023-09-11 08:00:00+00:00,26.85,84.16472,1009.2402,16.454008,280.08054,0.2,99.0,51.0
2023-09-11 09:00:00+00:00,26.05,87.17648,1008.4392,19.110542,266.76038,0.1,100.0,51.0
2023-09-11 10:00:00+00:00,26.3,84.61395,1008.1397,16.454008,280.08054,0.1,100.0,51.0
2023-09-11 11:00:00+00:00,26.0,85.86857,1008.03937,15.716793,290.0953,0.1,93.0,51.0
2023-09-11 12:00:00+00:00,25.75,92.82459,1007.9392,11.681987,303.6901,0.1,99.0,51.0
2023-09-11 13:00:00+00:00,25.45,93.0878,1008.7382,14.8257065,299.0545,3.5,100.0,63.0
2023-09-11 14:00:00+00:00,24.45,98.8089,1009.5362,13.513193,311.7602,1.1,100.0,55.0
2023-09-11 15:00:00+00:00,23.9,98.80404,1010.83496,18.331741,289.50253,2.4,100.0,61.0
2023-09-11 16:00:00+00:00,24.35,95.0195,1011.2354,17.283749,305.67648,3.9,99.0,63.0
2023-09-11 17:00:00+00:00,24.4,95.02133,1011.9351,15.021105,315.97092,0.5,100.0,53.0
2023-09-11 18:00:00+00:00,24.3,95.59233,1011.2354,14.182355,336.0375,0.1,97.0,51.0
2023-09-11 19:00:00+00:00,24.1,95.87472,1010.53546,14.386494,328.2986,0.0,100.0,3.0
2023-09-11 20:00:00+00:00,23.9,96.44956,1009.6355,13.358861,345.9637,0.1,100.0,51.0
2023-09-11 21:00:00+00:00,23.6,96.44171,1009.0352,14.241629,343.8556,0.0,100.0,3.0
2023-09-11 22:00:00+00:00,23.55,95.56802,1008.6354,13.32,341.07526,0.1,100.0,51.0
2023-09-11 23:00:00+00:00,23.5,95.8565,1008.6354,12.371645,351.63422,0.0,100.0,3.0
2023-09-12 00:00:00+00:00,24.35,94.448074,1007.837,14.917212,351.67444,0.0,100.0,3.0
2023-09-12 01:00:00+00:00,24.6,93.89077,1008.3371,13.207634,342.5527,0.0,100.0,3.0
2023-09-12 02:00:00+00:00,24.95,92.50422,1008.93744,12.57426,346.75946,0.0,100.0,3.0
2023-09-12 03:00:00+00:00,26.05,90.64562,1009.6387,10.587918,324.6887,0.0,100.0,3.0
2023-09-12 04:00:00+00:00,26.9,86.472466,1010.53955,10.829958,291.4478,0.0,100.0,3.0
2023-09-12 05:00:00+00:00,27.0,86.481766,1010.8398,12.768586,291.5015,0.0,100.0,3.0
2023-09-12 06:00:00+00:00,28.05,80.84301,1010.3416,16.09969,296.56497,0.0,100.0,3.0
2023-09-12 07:00:00+00:00,27.9,81.79778,1009.44165,16.45007,293.1986,0.0,100.0,3.0
2023-09-12 08:00:00+00:00,27.95,82.048874,1008.44214,18.214718,288.43503,0.0,100.0,3.0
2023-09-12 09:00:00+00:00,28.0,83.28919,1007.8427,18.59845,284.57425,0.0,100.0,3.0
2023-09-12 10:00:00+00:00,27.9,83.77647,1007.5425,18.430452,282.4074,0.0,93.0,3.0
2023-09-12 11:00:00+00:00,27.25,85.47745,1007.6415,21.2522,280.73883,0.1,97.0,51.0
2023-09-12 12:00:00+00:00,27.7,85.2677,1007.6422,19.443333,268.93912,0.1,100.0,51.0
2023-09-12 13:00:00+00:00,26.95,85.70389,1008.54083,20.12461,280.30478,0.0,99.0,3.0
2023-09-12 14:00:00+00:00,26.35,88.78655,1009.5394,16.78156,292.71445,0.0,100.0,3.0
2023-09-12 15:00:00+00:00,25.95,89.8273,1010.6382,13.089354,301.5042,0.0,99.0,3.0
2023-09-12 16:00:00+00:00,25.8,90.08663,1011.0378,12.287555,301.8274,0.0,100.0,3.0
2023-09-12 17:00:00+00:00,25.6,92.26222,1011.63715,10.009036,307.6943,0.0,100.0,3.0
2023-09-12 18:00:00+00:00,25.2,91.96298,1011.3367,11.983188,302.7352,1.0,100.0,55.0
2023-09-12 19:00:00+00:00,24.85,95.32345,1010.7364,6.6087217,299.35767,0.8,100.0,53.0
2023-09-12 20:00:00+00:00,23.9,99.40044,1010.4352,10.086427,304.82455,2.7,100.0,63.0
2023-09-12 21:00:00+00:00,24.15,99.10353,1009.53595,12.303366,290.55612,0.4,100.0,51.0
2023-09-12 22:00:00+00:00,24.45,95.597176,1009.2363,15.683774,301.86594,0.4,100.0,51.0
2023-09-12 23:00:00+00:00,24.25,95.59071,1009.43604,16.1198,293.70264,0.2,100.0,51.0
2023-09-13 00:00:00+00:00,24.65,97.04989,1009.0368,12.738099,317.29062,0.2,100.0,51.0
2023-09-13 01:00:00+00:00,23.95,99.10214,1009.6355,10.195057,317.86246,0.6,100.0,53.0
2023-09-13 02:00:00+00:00,25.2,95.33537,1010.1372,10.464797,319.18503,0.1,100.0,51.0
2023-09-13 03:00:00+00:00,25.7,93.37915,1011.33765,17.654686,286.5874,0.6,100.0,53.0
2023-09-13 04:00:00+00:00,25.8,89.547134,1012.03735,19.296133,278.58353,0.1,100.0,51.0
2023-09-13 05:00:00+00:00,26.6,84.64552,1011.33887,15.509274,291.80148,0.1,100.0,51.0
2023-09-13 06:00:00+00:00,27.15,82.69452,1010.84,17.727943,282.9074,0.1,100.0,51.0
2023-09-13 07:00:00+00:00,27.3,81.72429,1009.74054,19.353138,288.43503,0.4,100.0,51.0
2023-09-13 08:00:00+00:00,27.85,77.48715,1008.54205,18.792551,286.6993,0.7,100.0,53.0
2023-09-13 09:00:00+00:00,27.6,79.58017,1007.7422,18.25026,284.85864,1.1,100.0,55.0
2023-09-13 10:00:00+00:00,27.2,81.466545,1007.3416,18.861387,283.24054,0.8,100.0,53.0
2023-09-13 11:00:00+00:00,27.0,84.43388,1007.3414,18.228943,279.09018,0.5,100.0,53.0
2023-09-13 12:00:00+00:00,27.15,83.94504,1007.8414,14.33234,295.27768,0.0,100.0,3.0
2023-09-13 13:00:00+00:00,26.45,87.21209,1008.24005,11.966953,291.16132,0.0,100.0,3.0
2023-09-13 14:00:00+00:00,26.25,88.24775,1009.3392,10.464797,296.56497,0.0,100.0,3.0
2023-09-13 15:00:00+00:00,25.65,89.26709,1010.53766,10.829959,285.4222,0.1,100.0,51.0
2023-09-13 16:00:00+00:00,25.0,91.12374,1011.53625,11.770403,293.4287,0.9,100.0,53.0
2023-09-13 17:00:00+00:00,24.5,93.321556,1011.83545,6.924738,278.97253,0.5,100.0,53.0
2023-09-13 18:00:00+00:00,23.75,99.100815,1011.63434,6.763786,295.20108,1.1,100.0,55.0
2023-09-13 19:00:00+00:00,23.9,99.40044,1010.83496,6.193674,324.46225,0.4,100.0,51.0
2023-09-13 20:00:00+00:00,23.55,99.09948,1010.3346,10.144082,297.47433,0.9,100.0,53.0
2023-09-13 21:00:00+00:00,23.6,99.09983,1009.9348,11.183201,303.17853,0.5,100.0,53.0
2023-09-13 22:00:00+00:00,23.9,97.033516,1009.6355,11.720751,317.4896,0.2,100.0,51.0
2023-09-13 23:00:00+00:00,23.8,97.324715,1009.8352,10.495713,337.8336,0.1,100.0,51.0
2023-09-14 00:00:00+00:00,24.15,97.03899,1008.9362,7.42159,345.9637,0.4,100.0,51.0
2023-09-14 01:00:00+00:00,24.65,96.469086,1009.8364,9.19939,329.42084,0.1,100.0,51.0
2023-09-14 02:00:00+00:00,25.1,94.76211,1010.33716,11.681987,326.3099,0.9,100.0,53.0
2023-09-14 03:00:00+00:00,26.1,91.19303,1011.43787,9.449572,310.36444,0.2,100.0,51.0
2023-09-14 04:00:00+00:00,26.75,85.17138,1011.63904,11.885453,305.13428,0.2,100.0,51.0
2023-09-14 05:00:00+00:00,26.45,86.43026,1011.5385,11.177405,284.93146,0.1,100.0,51.0
2023-09-14 06:00:00+00:00,27.85,81.79165,1010.841,13.084402,277.90707,0.0,100.0,3.0
2023-09-14 07:00:00+00:00,27.55,82.9894,1010.0408,14.05845,272.9356,0.0,100.0,3.0
2023-09-14 08:00:00+00:00,28.0,80.836586,1009.34204,16.23596,273.814,0.2,100.0,51.0
2023-09-14 09:00:00+00:00,27.0,84.687546,1008.6408,14.264361,280.17545,0.8,99.0,53.0
2023-09-14 10:00:00+00:00,26.25,85.12032,1008.2397,16.171976,286.8215,0.2,100.0,51.0
2023-09-14 11:00:00+00:00,25.3,91.142746,1008.3384,12.768586,291.5015,1.1,99.0,55.0
2023-09-14 12:00:00+00:00,24.7,91.104675,1008.53735,9.19939,300.57913,0.1,99.0,51.0
2023-09-14 13:00:00+00:00,25.05,92.788376,1009.4372,8.311245,287.6502,0.6,100.0,53.0
2023-09-14 14:00:00+00:00,24.55,96.75676,1009.73645,8.587338,326.97614,0.6,100.0,53.0
2023-09-14 15:00:00+00:00,24.05,99.40113,1010.83496,9.220499,321.34018,0.2,100.0,51.0
2023-09-14 16:00:00+00:00,24.05,99.10284,1011.43475,8.913181,316.63654,0.3,100.0,51.0
2023-09-14 17:00:00+00:00,24.6,96.17844,1011.63556,7.42159,320.90613,0.1,100.0,51.0
2023-09-14 18:00:00+00:00,24.05,99.40113,1011.3347,4.0249224,333.43503,0.3,100.0,51.0
2023-09-14 19:00:00+00:00,23.95,99.40065,1010.5351,3.2599385,6.3401003,0.4,100.0,51.0
2023-09-14 20:00:00+00:00,23.85,99.69969,1009.9352,2.2768397,18.435053,0.2,100.0,51.0
2023-09-14 21:00:00+00:00,23.75,99.69948,1009.33545,1.8,270.0,0.3,100.0,51.0
2023-09-14 22:00:00+00:00,23.6,99.69913,1009.2351,6.489992,266.82022,0.4,99.0,51.0
2023-09-14 23:00:00+00:00,23.95,95.29257,1009.43567,3.8773184,248.19853,0.1,95.0,51.0
2023-09-15 00:00:00+00:00,23.8,95.57615,1009.2355,3.6179552,5.7105074,0.1,100.0,51.0
2023-09-15 01:00:00+00:00,23.75,95.8641,1010.0351,2.8116899,39.805527,0.0,94.0,3.0
2023-09-15 02:00:00+00:00,25.15,95.33372,1010.8369,2.7416782,336.8014,0.0,23.0,1.0
2023-09-15 03:00:00+00:00,26.4,87.99597,1011.73846,4.829907,296.56497,0.0,14.0,0.0
2023-09-15 04:00:00+00:00,27.25,84.96763,1012.43933,6.2145634,280.0079,0.0,31.0,1.0
2023-09-15 05:00:00+00:00,28.1,79.64766,1012.3407,8.647496,267.6141,0.1,79.0,51.0
2023-09-15 06:00:00+00:00,27.15,84.95731,1011.7396,11.212135,275.52744,0.1,71.0,51.0
2023-09-15 07:00:00+00:00,27.95,80.10667,1011.14087,11.609651,277.1249,0.2,92.0,51.0
2023-09-15 08:00:00+00:00,27.35,81.24057,1010.0408,11.966953,263.08887,0.1,30.0,51.0
2023-09-15 09:00:00+00:00,27.65,80.06698,1009.04156,12.224107,256.373,0.1,60.0,51.0
2023-09-15 10:00:00+00:00,27.45,80.523605,1008.54144,12.371645,261.6342,0.2,64.0,51.0
2023-09-15 11:00:00+00:00,27.1,79.75282,1008.4409,13.009903,255.5792,0.2,47.0,51.0
2023-09-15 12:00:00+00:00,27.25,82.95484,1009.0409,9.793058,287.1028,0.2,66.0,51.0
2023-09-15 13:00:00+00:00,26.4,85.13571,1009.33954,11.113451,294.90472,0.0,29.0,1.0
2023-09-15 14:00:00+00:00,25.8,89.01044,1010.3381,11.384198,304.69522,0.0,48.0,1.0
2023-09-15 15:00:00+00:00,25.4,91.69865,1011.0372,8.707237,330.25522,0.0,67.0,2.0
2023-09-15 16:00:00+00:00,25.0,93.06532,1011.83606,11.592895,334.2307,0.1,97.0,51.0
2023-09-15 17:00:00+00:00,24.55,93.888596,1012.2353,8.669949,4.763556,0.1,21.0,51.0
2023-09-15 18:00:00+00:00,24.2,93.58965,1012.0348,8.049845,349.69522,0.0,38.0,1.0
2023-09-15 19:00:00+00:00,23.9,94.429886,1011.2348,5.4833565,336.8014,0.0,100.0,3.0
2023-09-15 20:00:00+00:00,24.15,93.30463,1010.53546,5.154415,335.22488,0.1,100.0,51.0
2023-09-15 21:00:00+00:00,24.3,93.03021,1010.03595,5.1165614,320.7106,0.1,100.0,51.0
2023-09-15 22:00:00+00:00,24.3,93.03021,1009.7361,4.5820518,315.0001,0.2,100.0,51.0
2023-09-15 23:00:00+00:00,24.3,93.311874,1009.83606,4.1046314,344.7448,0.1,100.0,51.0
2023-09-16 00:00:00+00:00,24.65,88.38297,1009.43665,3.396233,327.99466,0.1,100.0,51.0
2023-09-16 01:00:00+00:00,24.8,87.86066,1010.2366,2.8116899,309.8055,0.0,35.0,1.0
2023-09-16 02:00:00+00:00,25.65,90.89154,1011.1373,3.7585104,343.3007,0.0,25.0,1.0
2023-09-16 03:00:00+00:00,27.0,85.452484,1011.5395,6.0347,342.64587,0.0,46.0,1.0
2023-09-16 04:00:00+00:00,27.85,80.33413,1011.8405,6.489992,289.44012,0.0,79.0,2.0
2023-09-16 05:00:00+00:00,28.05,78.92721,1011.8409,10.105681,265.91446,0.1,43.0,51.0
2023-09-16 06:00:00+00:00,28.15,78.941086,1010.94135,8.39657,300.96368,0.2,45.0,51.0
2023-09-16 07:00:00+00:00,28.65,78.070595,1010.2426,10.239453,280.1246,0.1,36.0,51.0
2023-09-16 08:00:00+00:00,28.75,76.46487,1009.5429,13.363711,274.63538,0.1,43.0,51.0
2023-09-16 09:00:00+00:00,27.35,82.47005,1009.1412,14.241629,286.1444,2.9,97.0,63.0
2023-09-16 10:00:00+00:00,26.8,85.689125,1008.24066,14.372974,292.06796,0.6,82.0,53.0
2023-09-16 11:00:00+00:00,27.1,83.18704,1008.141,12.387348,305.53775,0.2,98.0,51.0
2023-09-16 12:00:00+00:00,26.25,90.9303,1009.0393,9.028754,336.5014,0.0,100.0,3.0
2023-09-16 13:00:00+00:00,25.7,91.99171,1009.7384,8.759178,350.53775,0.0,20.0,1.0
2023-09-16 14:00:00+00:00,24.7,94.746826,1010.2366,8.654986,16.927603,0.0,27.0,1.0
2023-09-16 15:00:00+00:00,23.95,94.71801,1011.0349,9.83268,23.749514,0.0,22.0,1.0
2023-09-16 16:00:00+00:00,23.75,94.13798,1011.7343,8.4042845,9.865748,0.0,39.0,1.0
2023-09-16 17:00:00+00:00,24.0,92.73353,1011.83453,8.311245,4.969664,0.0,54.0,2.0
2023-09-16 18:00:00+00:00,24.0,93.297325,1011.53467,10.853866,5.7105074,0.0,95.0,3.0
2023-09-16 19:00:00+00:00,23.8,95.287445,1010.5349,10.24578,18.435053,0.0,72.0,2.0
2023-09-16 20:00:00+00:00,23.45,96.145966,1009.93445,11.252519,7.3522935,0.0,96.0,3.0
2023-09-16 21:00:00+00:00,23.35,95.27182,1009.2348,9.9571085,12.528798,0.0,92.0,3.0
2023-09-16 22:00:00+00:00,23.5,93.55698,1009.0352,8.707238,352.87506,0.0,35.0,1.0
2023-09-16 23:00:00+00:00,23.55,92.428215,1008.83527,9.028754,4.5738406,0.0,58.0,2.0
2023-09-17 00:00:00+00:00,23.85,94.42783,1008.93567,6.151683,20.556128,0.0,62.0,2.0
2023-09-17 01:00:00+00:00,23.45,99.398415,1009.5346,4.510787,28.610369,1.3,100.0,61.0
2023-09-17 02:00:00+00:00,23.7,99.100464,1010.0351,5.0142193,338.9624,0.3,100.0,51.0
2023-09-17 03:00:00+00:00,25.2,93.07535,1010.2372,6.9527545,338.74942,0.1,99.0,51.0
2023-09-17 04:00:00+00:00,26.4,88.52497,1010.7389,8.714677,321.70978,0.2,100.0,51.0
2023-09-17 05:00:00+00:00,27.6,82.49959,1010.5409,7.653705,311.18582,0.3,100.0,51.0
2023-09-17 06:00:00+00:00,27.75,82.270676,1010.341,9.227524,290.55612,0.2,100.0,51.0
2023-09-17 07:00:00+00:00,28.2,81.10422,1009.3423,9.693296,291.80148,0.2,100.0,51.0
2023-09-17 08:00:00+00:00,27.15,85.72353,1008.3412,9.227524,290.55612,1.4,100.0,61.0
2023-09-17 09:00:00+00:00,27.35,84.47106,1007.1421,9.565437,289.79895,0.0,100.0,3.0
2023-09-17 10:00:00+00:00,27.3,84.46578,1006.94183,10.028439,291.03757,0.0,100.0,3.0
2023-09-17 11:00:00+00:00,26.8,83.40345,1007.1411,9.693296,291.80148,0.4,100.0,51.0
2023-09-17 12:00:00+00:00,26.1,90.37792,1007.4397,6.696387,306.25394,0.7,100.0,53.0
2023-09-17 13:00:00+00:00,25.25,92.520386,1007.83826,10.44,313.6029,0.3,100.0,51.0
2023-09-17 14:00:00+00:00,25.15,92.793564,1008.53796,9.290511,305.53775,0.1,100.0,51.0
2023-09-17 15:00:00+00:00,25.05,93.06786,1009.03735,6.9247384,332.1028,0.1,100.0,51.0
2023-09-17 16:00:00+00:00,24.75,94.46421,1010.2366,7.2805495,351.4693,0.0,66.0,2.0
2023-09-17 17:00:00+00:00,24.4,95.02133,1010.73566,9.028754,23.498587,0.1,80.0,51.0
2023-09-17 18:00:00+00:00,24.2,94.15716,1010.0357,6.28713,13.240531,0.0,90.0,3.0
2023-09-17 19:00:00+00:00,23.7,94.99579,1009.9352,6.763786,334.79892,1.1,100.0,55.0
2023-09-17 20:00:00+00:00,23.3,99.397766,1009.6345,3.5455887,23.962492,4.2,100.0,63.0
2023-09-17 21:00:00+00:00,23.1,99.698,1009.23456,4.896529,17.102825,5.7,100.0,63.0
2023-09-17 22:00:00+00:00,22.9,99.39592,1008.83435,7.24486,26.564985,0.5,100.0,53.0
2023-09-17 23:00:00+00:00,22.9,99.39592,1008.33453,3.563818,44.999897,0.3,100.0,51.0
2023-09-18 00:00:00+00:00,23.7,97.61702,1009.33545,3.319036,12.528798,0.6,100.0,53.0
2023-09-18 01:00:00+00:00,23.85,99.69969,1009.2355,4.6102495,51.34017,5.8,100.0,63.0
2023-09-18 02:00:00+00:00,24.35,98.808,1009.4363,0.35999998,90.0,3.6,100.0,63.0
2023-09-18 03:00:00+00:00,24.55,96.46652,1010.3362,4.39436,124.992096,0.4,100.0,51.0
2023-09-18 04:00:00+00:00,25.55,94.77922,1011.3373,6.130579,176.6336,0.3,100.0,51.0
2023-09-18 05:00:00+00:00,25.25,89.506386,1011.63654,9.904906,199.09358,1.2,100.0,55.0
2023-09-18 06:00:00+00:00,25.35,91.14586,1011.0372,13.392774,216.25392,1.6,97.0,61.0
2023-09-18 07:00:00+00:00,26.05,86.9145,1009.73865,11.966954,254.29129,0.1,95.0,51.0
2023-09-18 08:00:00+00:00,26.6,85.66938,1008.94,9.255571,283.49576,0.2,92.0,51.0
2023-09-18 09:00:00+00:00,26.85,82.65933,1008.1406,12.324414,276.70975,0.4,94.0,51.0
2023-09-18 10:00:00+00:00,26.4,85.13571,1007.9402,11.298495,292.47946,0.2,100.0,51.0
2023-09-18 11:00:00+00:00,25.75,86.62535,1007.9392,9.511088,299.4758,0.1,98.0,51.0
2023-09-18 12:00:00+00:00,25.7,91.44182,1008.339,5.4119864,273.814,0.3,100.0,51.0
2023-09-18 13:00:00+00:00,25.25,94.48428,1008.8378,5.8603754,280.6196,0.6,99.0,53.0
2023-09-18 14:00:00+00:00,24.55,99.10618,1009.6365,2.4149535,26.564985,2.3,99.0,61.0
2023-09-18 15:00:00+00:00,24.1,99.40133,1010.23566,3.2599385,186.3401,1.1,91.0,55.0
2023-09-18 16:00:00+00:00,23.8,99.101166,1011.1346,3.219938,153.43501,0.4,100.0,51.0
2023-09-18 17:00:00+00:00,23.95,98.804474,1011.3347,2.6208394,254.05453,0.2,48.0,51.0
2023-09-18 18:00:00+00:00,23.65,99.10017,1011.734,7.968939,288.43503,4.9,96.0,63.0
2023-09-18 19:00:00+00:00,23.75,99.399734,1011.23456,6.489992,303.6901,1.4,100.0,61.0
2023-09-18 20:00:00+00:00,23.65,99.39931,1010.2347,6.1305785,310.2363,0.4,100.0,51.0
2023-09-18 21:00:00+00:00,23.65,99.39931,1009.6349,4.3349743,318.36655,0.3,100.0,51.0
2023-09-18 22:00:00+00:00,23.55,99.69905,1008.9353,5.154415,335.22488,0.1,100.0,51.0
2023-09-18 23:00:00+00:00,23.35,98.79908,1009.4347,6.1305785,319.7637,0.5,100.0,53.0
2023-09-19 00:00:00+00:00,23.05,97.01481,1009.634,10.805998,299.98157,1.2,100.0,55.0
2023-09-19 01:00:00+00:00,23.65,96.15169,1010.1347,2.8116899,219.80553,0.1,100.0,51.0
2023-09-19 02:00:00+00:00,23.55,97.31975,1011.1342,4.3349743,355.23645,0.4,100.0,51.0
2023-09-19 03:00:00+00:00,24.3,93.877495,1012.03503,5.1544156,257.90524,0.2,100.0,51.0
2023-09-19 04:00:00+00:00,24.95,89.75502,1012.6357,10.390226,255.96373,0.2,100.0,51.0
2023-09-19 05:00:00+00:00,24.75,93.33361,1012.8354,7.754637,291.80148,1.4,100.0,61.0
2023-09-19 06:00:00+00:00,24.45,98.8089,1012.235,6.830519,288.43503,2.1,99.0,61.0
2023-09-19 07:00:00+00:00,25.3,91.142746,1011.437,8.699793,294.44394,2.0,100.0,61.0
2023-09-19 08:00:00+00:00,24.75,97.92832,1010.53644,9.6932955,285.06854,3.4,100.0,63.0
2023-09-19 09:00:00+00:00,25.2,91.41122,1009.7374,8.905908,284.03625,1.9,100.0,61.0
2023-09-19 10:00:00+00:00,25.55,92.25947,1009.0383,9.659814,296.56497,0.5,98.0,53.0
2023-09-19 11:00:00+00:00,25.7,90.35064,1008.8388,11.384198,304.69522,0.1,75.0,51.0
2023-09-19 12:00:00+00:00,25.95,87.1675,1009.03894,9.0645685,276.84268,0.0,54.0,2.0
2023-09-19 13:00:00+00:00,25.35,90.32661,1009.6378,7.5685663,267.27374,0.0,99.0,3.0
2023-09-19 14:00:00+00:00,25.15,90.585625,1010.33716,5.5887027,284.93146,0.0,100.0,3.0
2023-09-19 15:00:00+00:00,25.15,90.859055,1010.9369,6.3690495,312.70938,0.0,98.0,3.0
2023-09-19 16:00:00+00:00,25.05,91.95436,1011.83606,5.991594,327.26477,0.0,100.0,3.0
2023-09-19 17:00:00+00:00,24.8,93.33602,1012.1357,3.2599385,353.6599,0.0,100.0,3.0
2023-09-19 18:00:00+00:00,24.65,93.89302,1012.0354,3.2599385,6.3401003,0.0,100.0,3.0
2023-09-19 19:00:00+00:00,24.5,94.45413,1011.2358,3.6,360.0,0.3,100.0,51.0
2023-09-19 20:00:00+00:00,24.5,94.169876,1010.63605,6.5693827,350.53775,0.4,100.0,51.0
2023-09-19 21:00:00+00:00,24.4,94.45015,1009.6361,6.1305785,310.2363,1.1,100.0,55.0
2023-09-19 22:00:00+00:00,24.4,95.883835,1009.5362,7.5942082,301.4295,0.2,100.0,51.0
2023-09-19 23:00:00+00:00,23.85,99.40022,1009.7353,4.8965297,323.97253,0.2,100.0,51.0
2023-09-20 00:00:00+00:00,23.65,97.32173,1010.1347,1.9386592,111.801476,0.4,100.0,51.0
2023-09-20 01:00:00+00:00,22.9,99.69758,1010.43365,4.379589,80.53775,3.9,100.0,63.0
2023-09-20 02:00:00+00:00,24.05,95.29606,1011.0349,8.287822,272.4895,0.5,76.0,53.0
2023-09-20 03:00:00+00:00,25.15,93.07286,1011.3367,4.829907,333.43503,0.1,72.0,51.0
2023-09-20 04:00:00+00:00,26.35,86.680954,1012.03827,9.793058,287.1028,0.0,92.0,3.0
2023-09-20 05:00:00+00:00,27.15,82.94331,1011.63965,10.308831,282.09473,0.0,96.0,3.0
2023-09-20 06:00:00+00:00,27.6,81.02834,1010.84076,13.441071,277.69595,0.1,92.0,51.0
2023-09-20 07:00:00+00:00,27.2,84.70846,1010.1403,13.1041975,285.94547,0.2,97.0,51.0
2023-09-20 08:00:00+00:00,27.2,83.448456,1009.1408,15.042659,291.03757,0.1,99.0,51.0
2023-09-20 09:00:00+00:00,27.0,85.196815,1008.34094,14.081477,302.47116,0.3,86.0,51.0
2023-09-20 10:00:00+00:00,27.0,83.92858,1007.8412,13.551501,309.61066,0.2,75.0,51.0
2023-09-20 11:00:00+00:00,27.1,81.45408,1007.7412,14.186923,305.7068,0.1,83.0,51.0
2023-09-20 12:00:00+00:00,26.75,87.76237,1007.9408,12.313894,307.87503,0.0,90.0,3.0
2023-09-20 13:00:00+00:00,26.1,91.19303,1008.939,12.599998,306.86996,0.6,88.0,53.0
2023-09-20 14:00:00+00:00,25.35,93.6428,1010.03766,13.493999,313.91916,0.1,97.0,51.0
2023-09-20 15:00:00+00:00,24.55,95.600395,1011.1358,10.703569,317.72638,2.0,97.0,61.0
2023-09-20 16:00:00+00:00,24.35,99.40244,1011.43536,7.7879906,326.3099,0.3,63.0,51.0
2023-09-20 17:00:00+00:00,24.55,95.600395,1012.0354,12.313893,344.7448,0.2,65.0,51.0
2023-09-20 18:00:00+00:00,24.1,95.0104,1011.8349,11.165805,339.22766,0.5,100.0,53.0
2023-09-20 19:00:00+00:00,23.1,99.09644,1010.9338,8.311245,355.03033,0.7,35.0,53.0
2023-09-20 20:00:00+00:00,22.45,99.39389,1011.03235,10.594036,9.782338,4.0,98.0,63.0
2023-09-20 21:00:00+00:00,22.35,99.39343,1010.13275,9.83268,23.749514,2.1,38.0,61.0
2023-09-20 22:00:00+00:00,22.7,96.12459,1009.6336,8.4042845,9.865748,0.1,100.0,51.0
2023-09-20 23:00:00+00:00,23.0,95.259674,1009.83386,9.72,360.0,0.0,90.0,3.0
2023-09-21 00:00:00+00:00,24.45,95.02314,1009.03644,10.009036,322.3057,0.0,91.0,3.0
2023-09-21 01:00:00+00:00,24.85,94.46825,1010.0367,7.9932966,305.83774,0.0,49.0,1.0
2023-09-21 02:00:00+00:00,25.75,94.78678,1010.8379,8.39657,300.96368,0.0,99.0,3.0
2023-09-21 03:00:00+00:00,26.05,91.73711,1011.5378,9.360001,292.6199,0.0,49.0,1.0
2023-09-21 04:00:00+00:00,27.55,83.73788,1011.74,11.91812,295.01685,0.2,85.0,51.0
2023-09-21 05:00:00+00:00,27.9,83.277916,1011.34076,11.841756,289.53674,0.1,95.0,51.0
2023-09-21 06:00:00+00:00,28.4,79.68799,1011.1418,14.471821,275.7105,0.0,91.0,3.0
2023-09-21 07:00:00+00:00,27.45,85.24245,1009.94086,15.39184,280.78424,0.4,96.0,51.0
2023-09-21 08:00:00+00:00,27.4,84.22403,1009.24115,15.137133,272.72626,0.4,100.0,51.0
2023-09-21 09:00:00+00:00,27.85,82.036804,1008.3421,14.205182,278.74606,0.3,100.0,51.0
2023-09-21 10:00:00+00:00,27.55,82.49368,1007.9418,14.05845,283.32455,0.2,78.0,51.0
2023-09-21 11:00:00+00:00,26.7,84.65604,1008.3402,12.245293,294.30453,1.6,96.0,61.0
2023-09-21 12:00:00+00:00,25.6,95.91978,1008.43866,8.669949,311.63345,0.2,84.0,51.0
2023-09-21 13:00:00+00:00,24.2,99.40178,1009.9358,10.163227,292.93213,8.5,100.0,65.0
2023-09-21 14:00:00+00:00,23.95,99.40065,1010.6351,10.464798,356.0549,1.2,100.0,55.0
2023-09-21 15:00:00+00:00,23.4,99.398186,1010.6341,8.557102,14.620926,0.2,98.0,51.0
2023-09-21 16:00:00+00:00,23.15,99.09681,1011.33356,4.3498964,24.443953,1.7,99.0,61.0
2023-09-21 17:00:00+00:00,23.25,99.39749,1011.43353,2.8116899,50.194473,0.4,100.0,51.0
2023-09-21 18:00:00+00:00,23.25,99.39749,1011.43353,2.1897945,99.46225,2.8,100.0,63.0
2023-09-21 19:00:00+00:00,23.3,96.72671,1010.2343,7.729527,62.24156,0.1,100.0,51.0
2023-09-21 20:00:00+00:00,22.95,99.396164,1010.2337,2.9024127,60.255207,0.6,100.0,53.0
2023-09-21 21:00:00+00:00,23.0,99.39637,1009.534,6.0347,17.354122,5.9,100.0,63.0
2023-09-21 22:00:00+00:00,22.95,99.396164,1009.73395,4.6938257,327.52884,1.4,100.0,61.0
2023-09-21 23:00:00+00:00,22.85,99.3957,1009.33374,5.815978,21.801476,0.4,100.0,51.0
2023-09-22 00:00:00+00:00,23.75,95.8641,1010.1351,7.42159,22.833694,0.1,100.0,51.0
2023-09-22 01:00:00+00:00,23.45,99.698784,1010.13434,5.4833565,23.198618,1.9,100.0,61.0
2023-09-22 02:00:00+00:00,24.0,99.400856,1011.0349,2.9024127,277.1249,1.1,100.0,55.0
2023-09-22 03:00:00+00:00,24.85,95.32345,1011.7359,2.968636,284.03625,0.4,100.0,51.0
2023-09-22 04:00:00+00:00,25.25,95.90932,1012.1363,6.193674,234.46223,0.4,98.0,51.0
2023-09-22 05:00:00+00:00,26.25,89.848854,1011.938,6.830519,251.56496,0.3,100.0,51.0
2023-09-22 06:00:00+00:00,25.25,92.242744,1011.43665,6.9153743,231.34016,0.2,100.0,51.0
2023-09-22 07:00:00+00:00,25.25,92.520386,1010.53705,12.594856,239.03632,2.0,100.0,61.0
2023-09-22 08:00:00+00:00,25.4,87.911674,1009.8377,12.4811535,236.76828,1.4,100.0,61.0
2023-09-22 09:00:00+00:00,25.35,86.58808,1009.138,10.514218,231.95291,1.0,100.0,55.0
2023-09-22 10:00:00+00:00,25.15,93.35288,1008.6379,6.725354,254.47583,0.9,100.0,53.0
2023-09-22 11:00:00+00:00,25.15,94.197334,1008.43805,4.39436,325.0079,0.3,100.0,51.0
2023-09-22 12:00:00+00:00,26.85,84.92637,1008.7404,11.165805,290.77234,0.0,100.0,3.0
2023-09-22 13:00:00+00:00,26.2,86.928116,1009.2392,8.373386,295.46332,0.0,98.0,3.0
2023-09-22 14:00:00+00:00,25.7,89.00269,1009.7384,10.195057,312.1375,0.0,98.0,3.0
2023-09-22 15:00:00+00:00,25.4,91.14905,1010.33746,10.587918,305.31128,0.0,100.0,3.0
2023-09-22 16:00:00+00:00,25.2,92.23998,1010.9369,8.435069,309.8055,0.0,100.0,3.0
2023-09-22 17:00:00+00:00,24.9,93.622086,1011.3363,6.8777895,317.1211,0.0,100.0,3.0
2023-09-22 18:00:00+00:00,24.4,96.4626,1011.3353,6.8777895,312.8789,0.1,100.0,51.0
2023-09-22 19:00:00+00:00,24.7,95.605225,1010.63635,6.6185193,292.3802,0.1,100.0,51.0
2023-09-22 20:00:00+00:00,24.5,95.8868,1009.9364,7.7879906,303.6901,0.1,100.0,51.0
2023-09-22 21:00:00+00:00,24.45,94.45213,1009.5362,7.10031,300.46545,0.2,98.0,51.0
2023-09-22 22:00:00+00:00,24.35,95.30632,1009.13635,7.8954163,316.8476,0.1,100.0,51.0
2023-09-22 23:00:00+00:00,24.4,94.73537,1009.2363,7.8954163,335.77228,0.0,29.0,1.0
2023-09-23 00:00:00+00:00,24.45,94.16777,1009.5362,7.8954163,335.77228,0.1,100.0,51.0
2023-09-23 01:00:00+00:00,24.65,93.89302,1010.43616,5.8603754,349.3804,0.0,76.0,2.0
2023-09-23 02:00:00+00:00,25.85,91.725266,1010.8379,6.489992,356.82022,0.0,52.0,2.0
2023-09-23 03:00:00+00:00,27.2,85.21713,1011.23987,9.659814,333.43503,0.0,11.0,0.0
2023-09-23 04:00:00+00:00,28.0,78.92027,1011.5411,13.202726,295.8663,0.2,25.0,51.0
2023-09-23 05:00:00+00:00,28.1,81.57799,1011.5411,14.118243,289.35907,0.0,37.0,1.0
2023-09-23 06:00:00+00:00,27.6,82.99515,1011.1406,15.141414,288.00424,0.2,82.0,51.0
2023-09-23 07:00:00+00:00,27.75,82.270676,1010.341,14.345898,287.52567,0.2,69.0,51.0
2023-09-23 08:00:00+00:00,27.5,81.994484,1009.8408,16.267857,294.86368,0.2,83.0,51.0
2023-09-23 09:00:00+00:00,26.85,83.91215,1009.0403,15.141414,288.00424,0.2,79.0,51.0
2023-09-23 10:00:00+00:00,26.95,82.92016,1008.7408,14.458382,288.88617,0.3,100.0,51.0
2023-09-23 11:00:00+00:00,26.1,88.76684,1008.7391,13.441071,290.37653,1.0,89.0,55.0
2023-09-23 12:00:00+00:00,27.1,84.698,1009.14056,13.044722,309.40063,0.1,40.0,51.0
2023-09-23 13:00:00+00:00,25.35,91.14586,1010.1376,8.759178,350.53775,3.3,63.0,63.0
2023-09-23 14:00:00+00:00,24.65,99.40376,1011.1358,2.3051248,308.65982,1.3,65.0,61.0
2023-09-23 15:00:00+00:00,24.05,99.40113,1012.2344,7.5685663,334.65387,1.6,98.0,61.0
2023-09-23 16:00:00+00:00,24.15,96.74717,1012.43463,8.759178,9.462248,0.1,48.0,51.0
2023-09-23 17:00:00+00:00,23.9,96.44956,1012.13434,7.2,360.0,0.0,64.0,2.0
2023-09-23 18:00:00+00:00,23.85,96.44826,1011.63434,8.350138,352.5687,0.0,22.0,1.0
2023-09-23 19:00:00+00:00,23.8,96.73877,1011.03467,10.390226,345.9637,0.0,64.0,2.0
2023-09-23 20:00:00+00:00,23.7,96.44432,1010.93475,11.792404,347.66092,0.0,100.0,3.0
2023-09-23 21:00:00+00:00,23.85,95.86715,1010.43494,10.144082,332.52567,0.1,99.0,51.0
2023-09-23 22:00:00+00:00,23.75,96.44561,1009.8352,9.346143,344.3577,0.0,65.0,2.0
2023-09-23 23:00:00+00:00,23.45,96.7303,1010.03436,10.390226,345.9637,0.0,100.0,3.0
2023-09-24 00:00:00+00:00,24.1,94.15289,1010.43555,11.901798,356.53183,0.0,100.0,3.0
2023-09-24 01:00:00+00:00,24.15,94.15502,1010.9353,9.178235,348.6901,0.0,36.0,1.0
2023-09-24 02:00:00+00:00,24.95,92.50422,1011.4363,11.043261,340.9743,0.0,12.0,0.0
2023-09-24 03:00:00+00:00,26.35,86.94175,1012.2382,9.178235,334.44006,0.0,80.0,3.0
2023-09-24 04:00:00+00:00,27.45,80.28174,1012.3397,13.18308,325.0079,0.1,85.0,51.0
2023-09-24 05:00:00+00:00,28.4,80.16596,1012.04144,15.077082,303.31064,0.1,64.0,51.0
2023-09-24 06:00:00+00:00,28.45,78.51103,1011.34174,18.204042,294.53772,0.2,86.0,51.0
2023-09-24 07:00:00+00:00,28.8,78.0921,1010.44257,16.516901,290.40997,0.1,94.0,51.0
2023-09-24 08:00:00+00:00,27.0,86.740814,1009.7403,20.275385,286.50443,6.0,99.0,63.0
2023-09-24 09:00:00+00:00,27.35,82.22283,1008.9413,19.191748,293.1986,0.2,76.0,51.0
2023-09-24 10:00:00+00:00,26.5,85.40235,1008.24005,16.87398,303.6901,3.6,92.0,63.0
2023-09-24 11:00:00+00:00,26.8,85.94644,1008.54047,15.463246,294.77512,0.0,100.0,3.0
2023-09-24 12:00:00+00:00,27.65,81.03472,1008.4419,17.917007,292.4428,0.3,44.0,51.0
2023-09-24 13:00:00+00:00,26.85,82.9086,1008.9403,16.394829,289.23077,0.0,8.0,0.0
2023-09-24 14:00:00+00:00,26.6,84.64552,1009.6396,14.799459,288.43503,0.0,13.0,0.0
2023-09-24 15:00:00+00:00,26.4,85.907585,1010.33905,13.779114,289.85532,0.0,25.0,1.0
2023-09-24 16:00:00+00:00,26.2,87.18983,1010.9385,14.48972,296.56497,0.0,13.0,0.0
2023-09-24 17:00:00+00:00,26.05,87.7025,1011.3379,14.512064,299.74478,0.1,33.0,51.0
2023-09-24 18:00:00+00:00,25.8,88.74313,1010.93787,13.397612,300.69965,0.1,28.0,51.0
2023-09-24 19:00:00+00:00,25.55,88.99107,1010.2378,12.783802,302.3474,0.1,29.0,51.0
2023-09-24 20:00:00+00:00,25.4,89.78768,1009.6378,12.031756,308.92755,0.1,92.0,51.0
2023-09-24 21:00:00+00:00,24.9,90.84276,1009.1373,13.527572,295.20108,0.1,100.0,51.0
2023-09-24 22:00:00+00:00,25.05,90.03379,1009.03735,11.966954,313.7812,0.1,98.0,51.0
2023-09-24 23:00:00+00:00,24.5,91.09196,1009.6365,15.277749,304.43906,0.3,100.0,51.0
2023-09-25 00:00:00+00:00,25.0,92.22882,1009.2373,13.527572,334.79892,0.7,100.0,53.0
2023-09-25 01:00:00+00:00,25.1,90.85579,1009.9374,12.096214,323.47104,0.2,71.0,51.0
2023-09-25 02:00:00+00:00,25.9,89.018166,1010.63794,12.594856,329.03632,0.1,86.0,51.0
2023-09-25 03:00:00+00:00,26.6,84.90048,1011.33887,15.9134655,322.3523,0.2,69.0,51.0
2023-09-25 04:00:00+00:00,25.95,87.9581,1012.0376,19.969458,303.9766,13.1,81.0,65.0
2023-09-25 05:00:00+00:00,25.8,91.44792,1011.6375,16.981165,302.00534,2.4,97.0,61.0
2023-09-25 06:00:00+00:00,26.5,86.95532,1011.23865,16.981165,302.00534,0.4,100.0,51.0
2023-09-25 07:00:00+00:00,26.45,86.171,1010.13916,15.683774,301.86594,0.3,100.0,51.0
2023-09-25 08:00:00+00:00,27.25,82.95484,1008.9409,16.981165,302.00534,0.2,100.0,51.0
2023-09-25 09:00:00+00:00,27.15,82.44636,1007.9414,18.278645,302.12497,0.3,100.0,51.0
2023-09-25 10:00:00+00:00,27.4,80.759735,1007.342,17.287498,301.37296,0.3,100.0,51.0
2023-09-25 11:00:00+00:00,27.45,80.76615,1006.8422,17.906157,300.17343,0.0,100.0,3.0
2023-09-25 12:00:00+00:00,27.75,81.04737,1007.1424,15.509274,291.80148,0.0,100.0,3.0
2023-09-25 13:00:00+00:00,27.0,83.42596,1007.7412,13.32,288.92474,0.0,100.0,3.0
2023-09-25 14:00:00+00:00,26.75,84.66131,1008.54047,13.217443,299.35767,0.0,100.0,3.0
2023-09-25 15:00:00+00:00,26.65,85.41745,1009.6396,12.397806,295.82092,0.0,100.0,3.0
2023-09-25 16:00:00+00:00,26.3,87.72396,1010.0388,10.990322,301.60745,0.1,99.0,51.0
2023-09-25 17:00:00+00:00,25.6,90.61569,1010.6376,9.931042,316.46872,0.1,100.0,51.0
2023-09-25 18:00:00+00:00,24.85,94.184685,1010.33655,7.928178,357.3975,0.1,99.0,51.0
2023-09-25 19:00:00+00:00,24.65,94.74496,1009.53656,10.086427,357.95462,0.0,100.0,3.0
2023-09-25 20:00:00+00:00,24.5,94.73918,1008.73694,9.449572,342.25522,0.0,100.0,3.0
2023-09-25 21:00:00+00:00,24.15,95.876274,1008.43646,9.531505,349.11453,0.0,100.0,3.0
2023-09-25 22:00:00+00:00,24.05,95.58425,1008.3361,9.565437,340.20102,0.0,100.0,3.0
2023-09-25 23:00:00+00:00,24.25,94.72959,1008.2366,7.342588,348.6901,0.1,100.0,51.0
2023-09-26 00:00:00+00:00,24.85,93.90185,1008.0376,10.195057,317.86246,0.2,100.0,51.0
2023-09-26 01:00:00+00:00,25.2,93.07535,1009.3376,9.793059,323.97253,0.0,100.0,3.0
2023-09-26 02:00:00+00:00,26.25,89.848854,1009.739,8.766573,340.8209,0.0,99.0,3.0
2023-09-26 03:00:00+00:00,26.95,88.04194,1010.44,9.957108,319.39877,0.0,99.0,3.0
2023-09-26 04:00:00+00:00,27.95,82.78775,1010.7411,10.630672,298.30066,0.0,99.0,3.0
2023-09-26 05:00:00+00:00,28.45,79.45671,1010.642,12.72283,295.1148,0.0,100.0,3.0
2023-09-26 06:00:00+00:00,28.3,80.8749,1009.942,14.587776,285.75125,0.1,100.0,51.0
2023-09-26 07:00:00+00:00,28.35,79.681274,1009.2424,16.279802,288.03436,0.1,100.0,51.0
2023-09-26 08:00:00+00:00,27.9,79.860085,1008.54205,14.8257065,299.0545,0.0,100.0,3.0
2023-09-26 09:00:00+00:00,26.85,82.65933,1007.8408,15.277749,304.43906,0.1,99.0,51.0
2023-09-26 10:00:00+00:00,27.15,82.44636,1007.74146,14.654254,297.824,0.4,94.0,51.0
2023-09-26 11:00:00+00:00,27.15,81.460335,1007.74146,15.94601,298.30066,0.3,100.0,51.0
2023-09-26 12:00:00+00:00,27.35,83.71576,1007.7418,11.384198,304.69522,0.1,100.0,51.0
2023-09-26 13:00:00+00:00,26.7,85.93671,1008.4402,7.2,306.86996,0.0,99.0,3.0
2023-09-26 14:00:00+00:00,26.2,87.97914,1009.3392,6.12,298.0724,0.0,99.0,3.0
2023-09-26 15:00:00+00:00,25.6,91.71048,1009.83795,4.8965297,306.02747,0.1,100.0,51.0
2023-09-26 16:00:00+00:00,25.0,95.04306,1010.5367,6.4096174,308.15726,0.2,100.0,51.0
2023-09-26 17:00:00+00:00,24.65,96.17986,1010.9359,7.7043357,307.40543,0.4,100.0,51.0
2023-09-26 18:00:00+00:00,25.0,94.191025,1010.43677,11.753877,297.3498,0.3,99.0,51.0
2023-09-26 19:00:00+00:00,24.75,95.034004,1009.83673,11.923557,298.88647,0.1,100.0,51.0
2023-09-26 20:00:00+00:00,24.55,96.17704,1009.2367,12.24,298.0724,0.1,100.0,51.0
2023-09-26 21:00:00+00:00,24.35,94.73343,1008.8365,12.313894,322.12497,0.4,100.0,51.0
2023-09-26 22:00:00+00:00,23.95,96.450874,1008.73596,10.853866,354.2895,0.2,98.0,51.0
2023-09-26 23:00:00+00:00,23.65,96.44301,1008.83527,9.605998,347.00537,0.1,100.0,51.0
2023-09-27 00:00:00+00:00,24.5,94.169876,1008.83685,9.178235,311.82007,0.1,96.0,51.0
2023-09-27 01:00:00+00:00,24.75,95.320045,1009.337,10.464797,319.18503,0.2,93.0,51.0
2023-09-27 02:00:00+00:00,25.6,94.216225,1009.5381,7.9932966,324.16226,0.0,87.0,3.0
2023-09-27 03:00:00+00:00,26.45,89.86315,1010.0392,13.392774,323.74606,0.2,29.0,51.0
2023-09-27 04:00:00+00:00,27.55,82.24682,1010.8404,12.496718,311.49637,0.2,52.0,51.0
2023-09-27 05:00:00+00:00,28.15,77.76467,1010.4416,14.973577,297.18103,0.3,41.0,51.0
2023-09-27 06:00:00+00:00,28.55,77.58982,1010.1423,15.256526,289.29013,0.3,47.0,51.0
2023-09-27 07:00:00+00:00,27.4,83.47094,1009.24115,16.92383,293.83875,0.1,86.0,51.0
2023-09-27 08:00:00+00:00,27.7,82.26469,1008.5418,15.844089,291.318,0.1,86.0,51.0
2023-09-27 09:00:00+00:00,27.7,82.0187,1007.8421,16.516901,286.46008,0.1,91.0,51.0
2023-09-27 10:00:00+00:00,26.35,90.125145,1007.9402,14.24163,290.72565,3.6,100.0,63.0
2023-09-27 11:00:00+00:00,25.45,92.8091,1007.43884,15.94601,298.30066,0.6,86.0,53.0
2023-09-27 12:00:00+00:00,26.05,88.49677,1007.93945,16.1198,293.70264,0.2,91.0,51.0
2023-09-27 13:00:00+00:00,25.95,88.75499,1008.5392,13.392774,306.25394,0.0,99.0,3.0
2023-09-27 14:00:00+00:00,25.15,92.51503,1009.83734,10.739832,309.55963,0.2,100.0,51.0
2023-09-27 15:00:00+00:00,25.0,93.62668,1010.5367,14.529915,318.01285,0.4,99.0,51.0
2023-09-27 16:00:00+00:00,25.0,92.50694,1011.1364,9.220499,308.65982,0.2,100.0,51.0
2023-09-27 17:00:00+00:00,24.55,95.31324,1011.1358,7.8954163,335.77228,0.1,100.0,51.0
2023-09-27 18:00:00+00:00,24.45,96.17421,1010.93555,9.1641035,315.0001,0.4,100.0,51.0
2023-09-27 19:00:00+00:00,24.3,97.334564,1009.7361,9.387651,302.47116,0.2,100.0,51.0
2023-09-27 20:00:00+00:00,24.5,96.17562,1009.0368,10.931203,287.24155,0.1,99.0,51.0
2023-09-27 21:00:00+00:00,24.5,94.169876,1008.73694,10.630672,298.30066,0.2,96.0,51.0
2023-09-27 22:00:00+00:00,24.5,93.321556,1008.537,11.457958,313.72705,0.2,98.0,51.0
2023-09-27 23:00:00+00:00,24.05,96.16297,1008.8359,10.182337,315.0001,0.2,97.0,51.0
2023-09-28 00:00:00+00:00,24.05,95.58425,1008.73596,9.0,360.0,0.1,100.0,51.0
2023-09-28 01:00:00+00:00,24.3,95.017715,1009.2363,8.28,360.0,0.0,81.0,3.0
2023-09-28 02:00:00+00:00,25.05,94.47632,1009.73706,7.6367526,8.130019,0.0,89.0,3.0
2023-09-28 03:00:00+00:00,26.65,87.49153,1010.83905,8.12197,347.19574,0.0,98.0,3.0
2023-09-28 04:00:00+00:00,27.45,82.977875,1011.5401,10.315115,299.24872,0.0,95.0,3.0
2023-09-28 05:00:00+00:00,27.55,81.51003,1011.64,14.759999,282.68036,0.1,91.0,51.0
2023-09-28 06:00:00+00:00,26.15,89.5729,1011.43823,12.964998,271.5911,5.3,100.0,63.0
2023-09-28 07:00:00+00:00,26.85,84.92637,1010.1397,12.849528,281.3099,0.1,98.0,51.0
2023-09-28 08:00:00+00:00,27.4,81.73659,1008.9413,14.561099,278.53067,0.1,96.0,51.0
2023-09-28 09:00:00+00:00,27.4,81.49141,1008.2416,15.893093,283.0919,0.0,94.0,3.0
2023-09-28 10:00:00+00:00,25.55,89.52866,1008.2387,20.364674,278.13,6.0,80.0,63.0
2023-09-28 11:00:00+00:00,25.75,87.67667,1008.339,17.771753,276.98096,0.5,100.0,53.0
2023-09-28 12:00:00+00:00,26.35,83.352516,1008.63983,14.480773,304.8754,0.1,99.0,51.0
2023-09-28 13:00:00+00:00,25.8,85.074196,1009.1386,13.044722,309.40063,0.0,100.0,3.0
2023-09-28 14:00:00+00:00,25.4,87.6465,1010.03766,11.720751,312.5104,0.2,100.0,51.0
2023-09-28 15:00:00+00:00,25.15,90.3129,1010.737,6.489992,303.6901,0.2,100.0,51.0
2023-09-28 16:00:00+00:00,24.45,93.88412,1011.6352,12.224107,283.627,2.0,100.0,61.0
2023-09-28 17:00:00+00:00,24.2,99.10381,1011.7349,9.178235,295.5599,0.5,100.0,53.0
2023-09-28 18:00:00+00:00,23.65,98.504196,1011.734,13.479583,304.1145,1.8,100.0,61.0
2023-09-28 19:00:00+00:00,23.75,99.100815,1010.5349,7.386582,316.9749,0.4,100.0,51.0
2023-09-28 20:00:00+00:00,23.7,99.39953,1009.63525,7.9932966,305.83774,0.8,100.0,53.0
2023-09-28 21:00:00+00:00,23.65,99.10017,1009.13513,10.587917,287.81897,1.2,100.0,55.0
2023-09-28 22:00:00+00:00,23.4,99.09849,1009.13477,11.659777,278.88058,2.8,100.0,63.0
2023-09-28 23:00:00+00:00,23.55,99.09948,1009.3351,12.245294,271.68463,0.6,100.0,53.0
2023-09-29 00:00:00+00:00,23.65,95.8611,1009.7349,8.049845,333.43503,1.1,100.0,55.0
2023-09-29 01:00:00+00:00,23.3,99.397766,1010.03436,5.8048253,7.12493,2.2,100.0,61.0
2023-09-29 02:00:00+00:00,23.65,99.69927,1011.0343,4.1046314,344.7448,3.8,100.0,63.0
2023-09-29 03:00:00+00:00,23.85,99.40022,1012.23413,6.9527545,291.25058,3.9,100.0,63.0
2023-09-29 04:00:00+00:00,24.05,98.80537,1013.034,15.463244,282.09473,2.9,100.0,63.0
2023-09-29 05:00:00+00:00,24.1,98.80577,1013.33417,11.090103,283.13403,3.2,100.0,63.0
2023-09-29 06:00:00+00:00,24.15,99.10353,1013.03436,16.203999,271.273,2.4,100.0,61.0
2023-09-29 07:00:00+00:00,24.9,99.10852,1011.3363,10.538843,277.8532,1.7,100.0,61.0
2023-09-29 08:00:00+00:00,24.95,99.4051,1010.13684,15.484185,252.40749,1.4,100.0,61.0
2023-09-29 09:00:00+00:00,25.0,99.40531,1009.3372,14.973576,260.31128,1.3,100.0,61.0
2023-09-29 10:00:00+00:00,24.4,98.80849,1008.93646,10.8955765,262.40546,3.0,100.0,63.0
2023-09-29 11:00:00+00:00,24.5,99.701164,1008.63696,11.901798,273.46817,1.0,100.0,55.0
2023-09-29 12:00:00+00:00,25.0,96.189644,1009.4372,12.261158,266.6336,0.8,100.0,53.0
2023-09-29 13:00:00+00:00,24.6,94.74302,1010.1362,5.6920996,288.43503,0.5,97.0,53.0
2023-09-29 14:00:00+00:00,23.0,99.697784,1011.13324,3.8939953,213.6901,5.1,100.0,63.0
2023-09-29 15:00:00+00:00,22.75,99.69721,1012.2324,3.9763298,275.19434,8.5,100.0,65.0
2023-09-29 16:00:00+00:00,23.5,98.50253,1012.43365,0.8049845,333.43503,2.1,100.0,61.0
2023-09-29 17:00:00+00:00,23.05,99.39663,1012.3327,2.6208394,15.945477,0.2,93.0,51.0
2023-09-29 18:00:00+00:00,22.7,99.6971,1012.5323,10.086427,325.17545,4.7,100.0,63.0
2023-09-29 19:00:00+00:00,22.7,99.39503,1012.03253,4.5536795,341.56494,2.2,100.0,61.0
2023-09-29 20:00:00+00:00,22.8,99.395485,1010.93304,3.0547013,315.0001,1.0,100.0,55.0
2023-09-29 21:00:00+00:00,22.95,99.69767,1010.1337,3.396233,327.99466,3.8,99.0,63.0
2023-09-29 22:00:00+00:00,23.0,99.09577,1010.0338,6.28713,256.75946,1.0,100.0,55.0
2023-09-29 23:00:00+00:00,23.4,99.398186,1010.13434,10.440001,270.0,0.9,100.0,53.0
2023-09-30 00:00:00+00:00,24.2,95.58911,1010.3356,11.720751,259.3804,4.6,99.0,63.0
2023-09-30 01:00:00+00:00,23.7,99.100464,1010.1351,6.28713,283.24054,0.7,38.0,53.0
2023-09-30 02:00:00+00:00,24.6,95.88982,1011.3357,12.783802,279.7275,0.4,65.0,51.0
2023-09-30 03:00:00+00:00,25.35,91.14586,1012.23663,13.698934,273.01273,0.4,100.0,51.0
2023-09-30 04:00:00+00:00,24.7,95.605225,1013.0353,16.62249,274.96964,1.3,99.0,61.0
2023-09-30 05:00:00+00:00,24.95,94.472275,1013.3354,13.797912,262.50424,1.2,91.0,55.0
2023-09-30 06:00:00+00:00,24.35,99.40244,1012.83466,8.427383,289.9832,1.8,100.0,61.0
2023-09-30 07:00:00+00:00,24.5,98.513626,1011.83545,8.39657,300.96368,2.1,100.0,61.0
2023-09-30 08:00:00+00:00,24.25,99.70061,1011.4351,7.42159,292.83368,1.3,100.0,61.0
2023-09-30 09:00:00+00:00,24.25,99.401985,1010.23566,4.198285,300.96368,1.0,100.0,55.0
2023-09-30 10:00:00+00:00,25.05,93.06786,1009.73706,8.217153,298.8107,0.7,100.0,53.0
2023-09-30 11:00:00+00:00,24.55,95.600395,1009.9364,10.163227,292.93213,2.2,100.0,61.0
2023-09-30 12:00:00+00:00,24.75,95.034004,1010.1366,15.893093,283.0919,1.8,100.0,61.0
2023-09-30 13:00:00+00:00,24.15,98.80626,1010.3356,12.0694,287.3541,0.8,96.0,53.0
2023-09-30 14:00:00+00:00,24.0,98.80488,1011.1348,8.473393,282.26477,2.2,97.0,61.0
2023-09-30 15:00:00+00:00,23.95,99.10214,1011.83453,6.6185193,292.3802,1.2,100.0,55.0
2023-09-30 16:00:00+00:00,23.95,99.10214,1012.63416,12.964998,268.4089,2.3,100.0,61.0
2023-09-30 17:00:00+00:00,24.05,99.10284,1012.73413,11.874544,284.03625,1.1,100.0,55.0
2023-09-30 18:00:00+00:00,24.3,99.104515,1012.3349,6.519877,263.6599,0.9,100.0,53.0
2023-09-30 19:00:00+00:00,24.0,99.400856,1011.9345,13.324863,268.45187,0.7,100.0,53.0
2023-09-30 20:00:00+00:00,23.8,99.101166,1010.5349,9.826088,278.42688,0.6,100.0,53.0
2023-09-30 21:00:00+00:00,23.6,99.399086,1010.2347,10.823973,273.814,1.1,100.0,55.0
2023-09-30 22:00:00+00:00,23.5,99.09916,1010.1347,11.966953,276.91113,2.4,100.0,61.0
2023-09-30 23:00:00+00:00,23.65,99.39931,1009.83484,9.114471,260.9098,0.9,100.0,53.0
2023-10-01 00:00:00+00:00,24.65,94.17623,1010.23627,13.698934,273.01273,2.4,100.0,61.0
2023-10-01 01:00:00+00:00,24.95,93.343216,1010.73663,9.422101,276.58185,0.6,100.0,53.0
2023-10-01 02:00:00+00:00,24.55,99.403366,1011.3357,9.007196,272.29056,1.1,100.0,55.0
2023-10-01 03:00:00+00:00,25.4,95.34221,1012.23663,10.538843,277.8532,3.5,100.0,63.0
2023-10-01 04:00:00+00:00,24.95,99.1088,1012.53577,13.039754,276.3401,2.2,100.0,61.0
2023-10-01 05:00:00+00:00,25.65,91.71346,1012.9366,19.443333,271.06088,3.9,100.0,63.0
2023-10-01 06:00:00+00:00,25.65,92.264984,1012.63666,16.203999,268.727,2.2,100.0,61.0
2023-10-01 07:00:00+00:00,25.35,92.248344,1011.5369,17.581125,259.3804,4.7,100.0,63.0
2023-10-01 08:00:00+00:00,25.05,91.67783,1010.6366,19.48661,258.2749,2.5,99.0,63.0
2023-10-01 09:00:00+00:00,26.4,87.73252,1009.5394,18.94024,261.2539,0.3,100.0,51.0
2023-10-01 10:00:00+00:00,25.25,90.319725,1009.63745,18.947083,255.69969,7.5,100.0,63.0
2023-10-01 11:00:00+00:00,25.55,90.885086,1009.63806,18.374111,267.7543,1.6,100.0,61.0
2023-10-01 12:00:00+00:00,25.0,93.34564,1009.73706,15.119999,270.0,1.1,94.0,55.0
2023-10-01 13:00:00+00:00,24.9,93.90408,1010.43677,16.595179,266.26868,1.9,100.0,61.0
2023-10-01 14:00:00+00:00,24.85,94.46825,1011.0362,16.23596,273.814,0.2,100.0,51.0
2023-10-01 15:00:00+00:00,23.95,99.10214,1011.73456,5.4477882,277.59454,0.6,100.0,53.0
2023-10-01 16:00:00+00:00,24.05,99.40113,1012.83405,14.05845,256.67545,3.1,100.0,63.0
2023-10-01 17:00:00+00:00,23.8,99.40001,1013.13367,10.182337,261.87,0.9,100.0,53.0
2023-10-01 18:00:00+00:00,23.65,98.80181,1012.7335,7.5685663,244.65387,1.9,100.0,61.0
2023-10-01 19:00:00+00:00,23.65,99.10017,1011.8339,14.512064,262.8751,2.6,100.0,63.0
2023-10-01 20:00:00+00:00,23.6,99.09983,1011.2342,8.707238,277.1249,4.0,100.0,63.0
2023-10-01 21:00:00+00:00,24.0,99.102486,1010.5351,7.5685663,267.27374,0.5,100.0,53.0
2023-10-01 22:00:00+00:00,23.75,99.100815,1010.33496,8.311245,265.03033,0.8,100.0,53.0
2023-10-01 23:00:00+00:00,23.85,99.10151,1010.5349,10.308831,257.90524,0.8,100.0,53.0
2023-10-02 00:00:00+00:00,24.3,96.75078,1009.83606,3.9763298,5.19435,0.5,100.0,53.0
2023-10-02 01:00:00+00:00,24.45,99.105484,1010.8356,5.8048253,330.25522,1.2,100.0,55.0
2023-10-02 02:00:00+00:00,24.9,99.10852,1011.53625,3.671294,281.3099,0.4,97.0,51.0
2023-10-02 03:00:00+00:00,26.1,90.64894,1012.3374,8.12197,257.19574,0.4,91.0,51.0
2023-10-02 04:00:00+00:00,26.2,85.88807,1013.0375,12.904882,247.01126,2.2,100.0,61.0
2023-10-02 05:00:00+00:00,26.2,89.30858,1013.0375,11.923557,241.11351,1.8,100.0,61.0
2023-10-02 06:00:00+00:00,26.8,85.689125,1012.33875,10.144082,242.52565,0.1,100.0,51.0
2023-10-02 07:00:00+00:00,26.25,83.08969,1011.33826,14.512064,262.8751,0.8,100.0,53.0
2023-10-02 08:00:00+00:00,26.6,85.15609,1010.2394,14.081478,274.39862,0.3,100.0,51.0
2023-10-02 09:00:00+00:00,26.05,87.439125,1009.6387,12.849528,258.6901,0.3,89.0,51.0
2023-10-02 10:00:00+00:00,25.55,89.2595,1009.73804,16.862455,253.8865,1.3,100.0,61.0
2023-10-02 11:00:00+00:00,25.4,91.42347,1009.9377,17.462782,255.67725,2.6,100.0,63.0
2023-10-02 12:00:00+00:00,25.15,94.197334,1009.83734,6.489992,303.6901,1.8,100.0,61.0
2023-10-02 13:00:00+00:00,24.5,96.46518,1010.63605,2.968636,345.9637,0.0,100.0,3.0
2023-10-02 14:00:00+00:00,24.15,99.40154,1011.4351,7.968939,251.56496,0.6,100.0,53.0
2023-10-02 15:00:00+00:00,24.1,99.103165,1012.0348,9.255571,256.50424,0.7,100.0,53.0
2023-10-02 16:00:00+00:00,24.05,98.80537,1012.5342,7.072878,255.2564,0.8,100.0,53.0
2023-10-02 17:00:00+00:00,24.0,99.102486,1012.73413,6.725354,254.47583,0.7,100.0,53.0
2023-10-02 18:00:00+00:00,23.95,99.40065,1012.43427,3.671294,348.6901,0.3,100.0,51.0
2023-10-02 19:00:00+00:00,23.95,99.40065,1011.6346,3.2599385,353.6599,0.4,100.0,51.0
2023-10-02 20:00:00+00:00,23.95,99.40065,1011.1348,3.563818,315.0001,0.7,100.0,53.0
2023-10-02 21:00:00+00:00,23.8,99.40001,1010.93475,3.5455887,336.0375,0.6,100.0,53.0
2023-10-02 22:00:00+00:00,23.7,99.69935,1010.43494,3.5455887,336.0375,0.7,100.0,53.0
2023-10-02 23:00:00+00:00,23.85,99.69969,1010.5349,2.16,360.0,0.4,100.0,51.0
2023-10-03 00:00:00+00:00,24.35,95.59394,1010.13586,5.4833565,336.8014,0.5,100.0,53.0
2023-10-03 01:00:00+00:00,24.75,95.034004,1010.4365,2.7416782,293.1986,0.0,98.0,3.0
2023-10-03 02:00:00+00:00,25.75,93.66112,1011.4376,3.5455887,246.0375,0.0,100.0,3.0
2023-10-03 03:00:00+00:00,26.5,89.86674,1012.33813,5.0142193,248.96242,0.0,100.0,3.0
2023-10-03 04:00:00+00:00,26.95,87.51761,1013.13873,6.9527545,248.74942,0.3,100.0,51.0
2023-10-03 05:00:00+00:00,26.8,86.46311,1013.13837,11.019764,231.63248,0.3,100.0,51.0
2023-10-03 06:00:00+00:00,26.05,88.49677,1012.1375,13.0447235,242.02061,2.2,96.0,61.0
2023-10-03 07:00:00+00:00,27.15,84.19712,1010.94,7.92,270.0,0.3,93.0,51.0
2023-10-03 08:00:00+00:00,27.45,83.72682,1010.0408,13.441071,262.30405,0.4,68.0,51.0
2023-10-03 09:00:00+00:00,27.65,82.25876,1009.04156,13.684735,268.49258,0.1,99.0,51.0
2023-10-03 10:00:00+00:00,26.8,84.92119,1008.7404,15.137133,267.27374,0.1,87.0,51.0
2023-10-03 11:00:00+00:00,25.95,91.183624,1009.2389,14.685176,258.6901,3.9,100.0,63.0
2023-10-03 12:00:00+00:00,25.7,90.8948,1009.7384,6.489992,289.44012,3.2,98.0,63.0
2023-10-03 13:00:00+00:00,25.15,92.2372,1010.33716,4.379589,279.46225,0.1,100.0,51.0
2023-10-03 14:00:00+00:00,25.3,93.360054,1011.1371,5.937272,284.03625,0.2,100.0,51.0
2023-10-03 15:00:00+00:00,24.95,92.50422,1011.83606,3.219938,296.56497,0.2,100.0,51.0
2023-10-03 16:00:00+00:00,25.3,92.24557,1012.5365,7.072878,284.74362,0.2,100.0,51.0
2023-10-03 17:00:00+00:00,25.2,93.35523,1012.53613,7.24486,296.56497,0.1,100.0,51.0
2023-10-03 18:00:00+00:00,25.0,94.191025,1012.3359,7.5599995,270.0,0.1,100.0,51.0
2023-10-03 19:00:00+00:00,24.85,94.75259,1011.43604,7.5685663,272.72626,0.3,100.0,51.0
2023-10-03 20:00:00+00:00,25.1,93.63131,1010.737,2.968636,284.03625,0.2,100.0,51.0
2023-10-03 21:00:00+00:00,24.2,98.806694,1010.0357,7.4128532,240.94548,0.9,100.0,53.0
2023-10-03 22:00:00+00:00,23.95,98.804474,1010.03534,8.766573,250.82089,2.2,100.0,61.0
2023-10-03 23:00:00+00:00,23.95,99.40065,1010.13525,3.96,270.0,0.9,100.0,53.0
2023-10-04 00:00:00+00:00,24.2,95.87776,1009.9358,4.39436,304.9921,0.3,100.0,51.0
2023-10-04 01:00:00+00:00,24.7,99.10715,1010.2366,2.2768397,288.43503,0.1,100.0,51.0
2023-10-04 02:00:00+00:00,25.45,94.49231,1011.33704,4.5536795,288.43503,0.0,99.0,3.0
2023-10-04 03:00:00+00:00,26.7,87.758125,1012.1385,5.0528407,274.08554,0.1,96.0,51.0
2023-10-04 04:00:00+00:00,27.55,85.76279,1012.6396,3.7585104,253.30067,0.1,46.0,51.0
2023-10-04 05:00:00+00:00,28.0,82.79353,1012.4407,8.225035,246.80139,0.0,48.0,1.0
2023-10-04 06:00:00+00:00,28.05,80.11986,1012.04083,12.10157,239.62096,0.0,96.0,3.0
2023-10-04 07:00:00+00:00,26.05,88.49677,1011.43787,17.238699,241.29414,1.3,99.0,61.0
2023-10-04 08:00:00+00:00,26.5,85.14588,1010.439,15.2947035,243.43501,0.2,64.0,51.0
2023-10-04 09:00:00+00:00,27.05,84.186325,1009.7403,13.70839,240.06857,0.1,71.0,51.0
2023-10-04 10:00:00+00:00,26.7,84.91084,1009.7396,11.91812,244.98314,0.1,73.0,51.0
2023-10-04 11:00:00+00:00,26.45,84.12137,1009.9393,13.089354,238.49579,0.1,99.0,51.0
2023-10-04 12:00:00+00:00,26.05,95.64829,1009.93854,2.0991426,239.0363,0.1,99.0,51.0
2023-10-04 13:00:00+00:00,24.5,99.10584,1010.83594,6.9153743,231.34016,1.3,100.0,61.0
2023-10-04 14:00:00+00:00,24.45,99.70103,1011.83514,3.319036,282.5288,0.8,100.0,53.0
2023-10-04 15:00:00+00:00,24.5,99.40308,1012.2353,2.9024127,352.87506,0.5,96.0,53.0
2023-10-04 16:00:00+00:00,24.3,99.70074,1013.0346,4.198285,30.963696,0.2,100.0,51.0
2023-10-04 17:00:00+00:00,24.1,99.70024,1012.9344,3.8773184,21.801476,0.1,100.0,51.0
2023-10-04 18:00:00+00:00,24.0,99.70004,1012.73413,4.1046314,344.7448,0.1,100.0,51.0
2023-10-04 19:00:00+00:00,23.55,99.398895,1011.53406,3.671294,348.6901,0.3,100.0,51.0
2023-10-04 20:00:00+00:00,23.65,99.69927,1010.83435,6.9527545,291.25058,0.2,85.0,51.0
2023-10-04 21:00:00+00:00,23.7,99.39953,1010.1351,3.6,306.86996,0.1,72.0,51.0
2023-10-04 22:00:00+00:00,23.2,99.39728,1009.53436,4.072935,315.0001,0.0,100.0,3.0
2023-10-04 23:00:00+00:00,24.1,95.58587,1009.53595,7.145796,319.0857,0.0,100.0,3.0
2023-10-05 00:00:00+00:00,24.4,95.02133,1009.5362,8.913181,313.36346,0.0,100.0,3.0
2023-10-05 01:00:00+00:00,24.8,94.75066,1010.33655,9.0,306.86996,0.1,99.0,51.0
2023-10-05 02:00:00+00:00,25.7,93.37915,1011.33765,8.209263,307.87503,0.1,94.0,51.0
2023-10-05 03:00:00+00:00,26.75,87.23875,1011.93896,9.686609,311.98712,0.1,99.0,51.0
2023-10-05 04:00:00+00:00,27.55,81.75497,1012.4397,12.074766,296.56497,0.3,100.0,51.0
2023-10-05 05:00:00+00:00,27.95,78.67652,1011.7406,12.979984,289.44012,0.3,91.0,51.0
2023-10-05 06:00:00+00:00,28.45,78.041885,1010.5421,15.379206,286.31393,0.2,92.0,51.0
2023-10-05 07:00:00+00:00,28.35,78.9688,1009.64215,17.81909,278.13,0.1,85.0,51.0
2023-10-05 08:00:00+00:00,28.3,78.25479,1008.9425,19.164719,275.38922,0.6,93.0,53.0
2023-10-05 09:00:00+00:00,27.75,80.32103,1008.14197,17.698677,274.66678,0.2,97.0,51.0
2023-10-05 10:00:00+00:00,27.65,81.52241,1008.04205,16.676977,283.7363,0.1,100.0,51.0
2023-10-05 11:00:00+00:00,27.4,82.72373,1008.0417,14.182355,293.9625,0.1,98.0,51.0
2023-10-05 12:00:00+00:00,26.05,94.235,1008.7391,6.989936,235.49141,0.3,98.0,51.0
2023-10-05 13:00:00+00:00,25.75,94.222496,1009.53845,9.793059,233.97253,0.2,100.0,51.0
2023-10-05 14:00:00+00:00,25.5,93.9305,1010.53766,8.942214,229.89915,0.3,100.0,51.0
2023-10-05 15:00:00+00:00,25.6,93.09524,1011.3373,6.9247384,242.10283,0.1,100.0,51.0
2023-10-05 16:00:00+00:00,25.45,91.7016,1012.03674,7.8625183,254.05453,0.2,100.0,51.0
2023-10-05 17:00:00+00:00,24.55,99.10618,1011.9355,8.707238,277.1249,0.3,100.0,51.0
2023-10-05 18:00:00+00:00,25.05,95.616455,1011.3363,10.703569,289.6539,0.1,100.0,51.0
2023-10-05 19:00:00+00:00,24.35,98.808,1010.5357,10.630672,298.30066,0.2,100.0,51.0
2023-10-05 20:00:00+00:00,24.9,95.3252,1009.6371,9.686609,318.01288,0.1,100.0,51.0
2023-10-05 21:00:00+00:00,24.85,95.32345,1009.0371,8.373386,334.53668,0.0,99.0,3.0
2023-10-05 22:00:00+00:00,24.7,95.605225,1008.53735,8.427383,340.0168,0.0,100.0,3.0
2023-10-05 23:00:00+00:00,24.5,96.17562,1008.73694,8.891344,338.6293,0.0,95.0,3.0
2023-10-06 00:00:00+00:00,24.75,95.894325,1008.63727,12.229406,317.38596,0.0,100.0,3.0
2023-10-06 01:00:00+00:00,24.75,95.320045,1009.43695,9.885262,326.88864,0.0,37.0,1.0
2023-10-06 02:00:00+00:00,25.7,92.822014,1009.9383,12.181624,325.84024,0.0,67.0,2.0
2023-10-06 03:00:00+00:00,27.0,87.26088,1010.44,12.287555,328.17258,0.0,67.0,2.0
2023-10-06 04:00:00+00:00,28.1,80.36678,1010.94135,13.281023,327.17145,0.1,66.0,51.0
2023-10-06 05:00:00+00:00,28.75,76.00744,1010.7424,15.9134655,307.64767,0.4,67.0,51.0
2023-10-06 06:00:00+00:00,28.8,77.162964,1009.94275,17.727943,299.1675,0.3,54.0,51.0
2023-10-06 07:00:00+00:00,28.7,77.611694,1008.7433,18.514643,296.56497,0.2,62.0,51.0
2023-10-06 08:00:00+00:00,28.65,80.43839,1007.64374,19.523155,292.78244,0.2,66.0,51.0
2023-10-06 09:00:00+00:00,28.2,79.66112,1007.14325,18.720001,292.6199,0.0,91.0,3.0
2023-10-06 10:00:00+00:00,28.2,80.13963,1007.14325,16.78156,292.71445,0.0,88.0,3.0
2023-10-06 11:00:00+00:00,27.95,81.31577,1007.3426,15.778518,297.1496,0.0,89.0,3.0
2023-10-06 12:00:00+00:00,27.75,82.76447,1007.8421,13.896187,286.55716,0.0,30.0,1.0
2023-10-06 13:00:00+00:00,27.1,85.20696,1008.54083,12.0694,287.3541,0.0,87.0,3.0
2023-10-06 14:00:00+00:00,26.75,87.23875,1009.2402,8.699793,294.44394,0.0,93.0,3.0
2023-10-06 15:00:00+00:00,26.45,88.52893,1010.0392,5.904439,307.56866,0.0,100.0,3.0
2023-10-06 16:00:00+00:00,26.2,89.04131,1010.43866,6.439876,333.43503,0.0,100.0,3.0
2023-10-06 17:00:00+00:00,25.75,90.62569,1010.03827,4.510787,331.38962,0.0,100.0,3.0
2023-10-06 18:00:00+00:00,25.1,92.23441,1009.63745,3.6179552,354.2895,0.0,100.0,3.0
2023-10-06 19:00:00+00:00,24.8,90.836235,1008.8372,5.4119864,356.186,0.0,100.0,3.0
2023-10-06 20:00:00+00:00,24.7,90.55537,1008.33746,5.3517847,340.3461,0.0,80.0,3.0
2023-10-06 21:00:00+00:00,24.6,89.72955,1008.03723,7.6367526,351.87,0.0,47.0,1.0
2023-10-06 22:00:00+00:00,24.45,89.44678,1007.837,7.2359104,354.2895,0.0,58.0,2.0
2023-10-06 23:00:00+00:00,24.4,89.17183,1008.03687,6.5693827,350.53775,0.0,64.0,2.0
2023-10-07 00:00:00+00:00,25.3,85.540146,1007.8386,9.793059,323.97253,0.0,29.0,1.0
2023-10-07 01:00:00+00:00,25.25,87.36876,1008.9378,8.225035,336.8014,0.0,0.0,0.0
2023-10-07 02:00:00+00:00,26.0,89.02586,1009.6387,8.287822,357.5105,0.0,4.0,0.0
2023-10-07 03:00:00+00:00,27.5,82.73537,1010.24066,7.9526596,354.80566,0.0,7.0,0.0
2023-10-07 04:00:00+00:00,28.9,75.57598,1010.5427,8.39657,329.03632,0.0,23.0,1.0
2023-10-07 05:00:00+00:00,29.7,70.449646,1010.14417,11.592895,295.76926,0.1,32.0,51.0
2023-10-07 06:00:00+00:00,29.55,72.35431,1009.5441,14.345898,287.52567,0.1,30.0,51.0
2023-10-07 07:00:00+00:00,29.1,77.43839,1008.44403,15.379206,286.31393,0.1,45.0,51.0
2023-10-07 08:00:00+00:00,28.9,77.87333,1007.744,16.327497,284.03625,0.1,36.0,51.0
2023-10-07 09:00:00+00:00,28.6,79.23989,1007.144,17.106628,278.47107,0.1,15.0,51.0
2023-10-07 10:00:00+00:00,28.45,80.893974,1007.0437,15.5843,276.63242,0.0,13.0,0.0
2023-10-07 11:00:00+00:00,28.3,80.8749,1007.2432,14.264361,280.17545,0.0,30.0,1.0
2023-10-07 12:00:00+00:00,27.9,83.77647,1007.74243,9.826088,298.4428,0.0,48.0,1.0
2023-10-07 13:00:00+00:00,27.15,84.95731,1008.64105,6.8777895,312.8789,0.0,35.0,1.0
2023-10-07 14:00:00+00:00,26.7,86.71321,1009.6396,4.198285,329.03632,0.0,65.0,2.0
2023-10-07 15:00:00+00:00,26.05,90.104164,1010.6382,4.6938257,327.52884,0.0,100.0,3.0
2023-10-07 16:00:00+00:00,26.2,88.24366,1011.1383,4.3349743,318.36655,0.0,99.0,3.0
2023-10-07 17:00:00+00:00,26.45,86.950806,1011.3386,2.8116899,309.8055,0.0,99.0,3.0
2023-10-07 18:00:00+00:00,25.0,93.62668,1011.03644,4.68,360.0,0.0,100.0,3.0
2023-10-07 19:00:00+00:00,24.7,93.61285,1010.33655,5.04,360.0,0.0,100.0,3.0
2023-10-07 20:00:00+00:00,24.7,92.770164,1009.7368,4.32,360.0,0.0,100.0,3.0
2023-10-07 21:00:00+00:00,24.6,92.764946,1009.2367,4.3349743,4.763556,0.0,100.0,3.0
2023-10-07 22:00:00+00:00,24.3,93.59432,1009.13635,5.0911684,351.87,0.0,99.0,3.0
2023-10-07 23:00:00+00:00,24.45,91.9196,1009.2363,3.319036,12.528798,0.0,83.0,3.0
2023-10-08 00:00:00+00:00,24.85,89.47666,1009.5369,5.0911684,351.87,0.0,100.0,3.0
2023-10-08 01:00:00+00:00,25.4,89.78768,1010.1376,3.0547013,315.0001,0.0,5.0,0.0
2023-10-08 02:00:00+00:00,26.6,89.33864,1011.039,0.8049845,243.43501,0.0,5.0,0.0
2023-10-08 03:00:00+00:00,27.8,82.276665,1011.6406,1.8,270.0,0.3,27.0,51.0
2023-10-08 04:00:00+00:00,28.4,81.61497,1012.04144,5.692099,235.30478,0.0,45.0,1.0
2023-10-08 05:00:00+00:00,28.45,82.10902,1011.6416,9.0,233.13002,0.1,75.0,51.0
2023-10-08 06:00:00+00:00,28.3,83.82042,1010.9416,9.793059,233.97253,0.3,71.0,51.0
2023-10-08 07:00:00+00:00,28.25,84.06464,1009.84204,6.1305785,229.76372,0.3,72.0,51.0
2023-10-08 08:00:00+00:00,28.3,80.39289,1009.0424,7.7043357,217.40543,0.3,72.0,51.0
2023-10-08 09:00:00+00:00,28.5,80.17911,1008.64294,8.4963045,233.61555,0.2,58.0,51.0
2023-10-08 10:00:00+00:00,28.3,79.43638,1008.54266,9.931042,223.53127,0.2,86.0,51.0
2023-10-08 11:00:00+00:00,27.65,79.10941,1008.8417,8.714677,231.7098,0.3,71.0,51.0
2023-10-08 12:00:00+00:00,27.65,82.50547,1009.34143,5.3517847,222.27362,0.3,45.0,51.0
2023-10-08 13:00:00+00:00,26.55,90.13909,1010.2394,4.198285,210.96368,0.0,37.0,1.0
2023-10-08 14:00:00+00:00,26.5,88.00434,1011.1387,2.9024127,150.2552,0.0,86.0,3.0
2023-10-08 15:00:00+00:00,27.1,83.68806,1012.03925,1.9386592,111.801476,0.0,94.0,3.0
2023-10-08 16:00:00+00:00,25.45,92.2539,1012.83636,3.671294,78.6901,0.0,100.0,3.0
2023-10-08 17:00:00+00:00,25.15,94.197334,1012.63605,4.0249224,79.69521,0.0,100.0,3.0
2023-10-08 18:00:00+00:00,24.85,94.46825,1012.33563,3.9763298,95.19434,0.0,100.0,3.0
2023-10-08 19:00:00+00:00,25.0,93.34564,1011.53625,3.5455887,113.962494,0.0,100.0,3.0
2023-10-08 20:00:00+00:00,24.7,94.17836,1010.9363,3.5455887,113.962494,0.0,89.0,3.0
2023-10-08 21:00:00+00:00,24.7,93.33119,1010.33655,3.319036,102.5288,0.0,97.0,3.0
2023-10-08 22:00:00+00:00,24.75,93.052795,1010.2366,3.319036,130.60121,0.0,98.0,3.0
2023-10-08 23:00:00+00:00,24.95,91.94855,1010.43677,2.7416782,113.19862,0.0,90.0,3.0
2023-10-09 00:00:00+00:00,25.0,91.39892,1010.6366,2.9024127,119.74479,0.0,25.0,1.0
2023-10-09 01:00:00+00:00,25.45,92.2539,1011.5369,1.8,143.13002,0.0,97.0,3.0
2023-10-09 02:00:00+00:00,26.75,88.02525,1012.8385,5.692099,145.30478,0.0,76.0,2.0
2023-10-09 03:00:00+00:00,27.5,83.232544,1013.7391,6.2145634,169.99208,0.1,100.0,51.0
2023-10-09 04:00:00+00:00,28.0,83.04105,1014.23987,5.771239,183.57626,0.1,72.0,51.0
2023-10-09 05:00:00+00:00,28.65,81.88901,1013.84094,6.28713,193.24052,0.0,80.0,3.0
2023-10-09 06:00:00+00:00,29.15,80.26424,1012.74207,7.8954163,204.22774,0.0,100.0,3.0
2023-10-09 07:00:00+00:00,28.9,81.1922,1011.7422,11.298495,210.65059,0.1,98.0,51.0
2023-10-09 08:00:00+00:00,27.75,85.01896,1010.5409,10.495713,202.1664,0.0,99.0,3.0
2023-10-09 09:00:00+00:00,27.6,82.99515,1009.9412,9.387651,212.47118,0.0,100.0,3.0
2023-10-09 10:00:00+00:00,27.5,82.240814,1010.0408,4.6938257,212.47118,0.1,100.0,51.0
2023-10-09 11:00:00+00:00,27.05,83.9341,1010.2401,2.3051248,218.65984,0.1,100.0,51.0
2023-10-09 12:00:00+00:00,27.35,85.232315,1010.4406,2.16,270.0,0.1,100.0,51.0
2023-10-09 13:00:00+00:00,26.95,89.6315,1011.5395,0.35999998,90.0,0.0,100.0,3.0
2023-10-09 14:00:00+00:00,26.3,93.96548,1012.43774,1.484318,75.96373,0.0,100.0,3.0
2023-10-09 15:00:00+00:00,26.05,93.954575,1013.0371,1.8,90.0,0.0,100.0,3.0
2023-10-09 16:00:00+00:00,26.0,93.11508,1013.63684,3.671294,101.3099,0.0,100.0,3.0
2023-10-09 17:00:00+00:00,25.7,93.100235,1013.2368,4.379589,99.46225,0.0,100.0,3.0
2023-10-09 18:00:00+00:00,25.45,92.53112,1012.93634,5.4477882,97.59455,0.0,100.0,3.0
2023-10-09 19:00:00+00:00,25.25,93.077805,1012.23627,6.439876,116.56499,0.0,100.0,3.0
2023-10-09 20:00:00+00:00,25.15,93.91512,1011.1368,5.154415,114.775116,0.0,16.0,0.0
2023-10-09 21:00:00+00:00,25.05,94.19312,1010.5367,4.510787,118.61037,0.0,81.0,3.0
2023-10-09 22:00:00+00:00,25.0,92.78578,1010.3368,5.1544156,77.90526,0.0,100.0,3.0
2023-10-09 23:00:00+00:00,24.7,91.65691,1010.63635,6.4799995,90.0,0.0,99.0,3.0
2023-10-10 00:00:00+00:00,24.55,93.32397,1010.43616,5.495161,121.60746,0.0,85.0,3.0
2023-10-10 01:00:00+00:00,25.85,90.63234,1011.53754,6.297428,149.03632,0.0,93.0,3.0
2023-10-10 02:00:00+00:00,26.9,89.62784,1012.6386,4.8965297,143.97253,0.0,99.0,3.0
2023-10-10 03:00:00+00:00,27.9,84.52921,1013.13995,4.198285,149.03632,0.1,90.0,51.0
2023-10-10 04:00:00+00:00,28.9,79.75497,1013.34143,4.379589,189.46225,0.1,28.0,51.0
2023-10-10 05:00:00+00:00,29.45,75.66213,1013.04254,7.342588,191.30989,0.1,48.0,51.0
2023-10-10 06:00:00+00:00,29.15,77.67727,1011.94244,11.726277,197.87878,0.1,100.0,51.0
2023-10-10 07:00:00+00:00,26.75,89.61687,1011.03937,9.3876505,184.39862,7.0,95.0,63.0
2023-10-10 08:00:00+00:00,28.1,82.312355,1009.94183,8.4042845,189.86574,0.2,92.0,51.0
2023-10-10 09:00:00+00:00,28.2,81.10422,1009.44226,8.699793,204.44394,0.2,95.0,51.0
2023-10-10 10:00:00+00:00,27.3,84.21325,1009.44073,6.489992,199.44012,0.3,95.0,51.0
2023-10-10 11:00:00+00:00,27.55,83.73788,1009.6409,4.39436,214.9921,0.2,98.0,51.0
2023-10-10 12:00:00+00:00,26.7,92.32285,1009.6396,5.1544156,12.094739,1.0,98.0,55.0
2023-10-10 13:00:00+00:00,26.0,96.50384,1010.73816,4.896529,17.102825,0.0,98.0,3.0
2023-10-10 14:00:00+00:00,25.55,96.78048,1011.43726,4.6938257,57.528828,0.0,91.0,3.0
2023-10-10 15:00:00+00:00,25.05,96.47948,1012.43585,3.096837,54.46224,0.0,100.0,3.0
2023-10-10 16:00:00+00:00,24.7,94.17836,1012.93536,4.39436,214.9921,4.5,100.0,63.0
2023-10-10 17:00:00+00:00,24.9,98.51804,1012.9356,1.2979984,213.6901,0.5,100.0,53.0
2023-10-10 18:00:00+00:00,24.3,99.402245,1012.5348,2.1897945,279.46225,0.2,100.0,51.0
2023-10-10 19:00:00+00:00,24.1,99.103165,1011.8349,2.5959969,326.3099,0.0,98.0,3.0
2023-10-10 20:00:00+00:00,23.95,99.40065,1010.73505,2.4149535,63.435013,0.0,96.0,3.0
2023-10-10 21:00:00+00:00,24.1,96.74593,1010.3356,3.219938,26.564985,0.1,100.0,51.0
2023-10-10 22:00:00+00:00,23.3,99.397766,1010.3342,4.8965297,306.02747,0.4,100.0,51.0
2023-10-10 23:00:00+00:00,23.45,99.398415,1010.5342,2.8799999,360.0,0.1,100.0,51.0
2023-10-11 00:00:00+00:00,24.3,96.46002,1010.8356,6.830519,198.43504,0.0,99.0,3.0
2023-10-11 01:00:00+00:00,24.45,97.04553,1011.73517,5.771239,176.42374,0.1,100.0,51.0
2023-10-11 02:00:00+00:00,25.15,94.197334,1012.53613,9.0,180.0,0.0,99.0,3.0
2023-10-11 03:00:00+00:00,25.7,88.73522,1013.2368,10.948973,189.46225,0.2,100.0,51.0
2023-10-11 04:00:00+00:00,26.0,87.69817,1013.7368,10.308831,192.09474,0.4,100.0,51.0
2023-10-11 05:00:00+00:00,26.55,85.151024,1013.4379,10.137692,196.50444,0.1,99.0,51.0
2023-10-11 06:00:00+00:00,27.3,81.72429,1012.53925,9.511088,209.4758,0.1,100.0,51.0
2023-10-11 07:00:00+00:00,27.6,81.51618,1011.54047,10.97262,221.00899,0.0,99.0,3.0
2023-10-11 08:00:00+00:00,27.2,81.466545,1010.44025,12.413477,240.4613,0.1,93.0,51.0
2023-10-11 09:00:00+00:00,27.8,79.1301,1009.5416,12.72283,244.8852,0.1,93.0,51.0
2023-10-11 10:00:00+00:00,27.3,78.348015,1009.54065,12.768586,248.4985,0.6,91.0,53.0
2023-10-11 11:00:00+00:00,25.35,93.92388,1010.23755,8.78872,235.0079,3.6,100.0,63.0
2023-10-11 12:00:00+00:00,26.65,89.342415,1010.0394,5.4119864,273.814,1.2,91.0,55.0
2023-10-11 13:00:00+00:00,26.1,89.83807,1010.73816,4.3498964,294.44394,0.4,98.0,51.0
2023-10-11 14:00:00+00:00,25.15,93.35288,1011.8364,10.829958,291.4478,2.2,100.0,61.0
2023-10-11 15:00:00+00:00,25.1,93.63131,1012.4362,7.9932966,305.83774,0.0,98.0,3.0
2023-10-11 16:00:00+00:00,24.85,93.33844,1013.0353,6.8777895,317.1211,0.0,99.0,3.0
2023-10-11 17:00:00+00:00,24.45,93.88412,1013.2345,4.6938257,327.52884,1.5,100.0,61.0
2023-10-11 18:00:00+00:00,23.8,99.101166,1012.9338,3.7585104,253.30067,0.2,100.0,51.0
2023-10-11 19:00:00+00:00,24.05,95.29606,1012.3343,8.217153,208.8107,0.6,100.0,53.0
2023-10-11 20:00:00+00:00,24.1,94.43796,1011.7349,2.4149535,243.43501,0.1,100.0,51.0
2023-10-11 21:00:00+00:00,24.15,93.87082,1011.0353,4.896529,252.89719,0.0,100.0,3.0
2023-10-11 22:00:00+00:00,23.85,99.10151,1010.93475,4.2136917,289.9832,0.1,100.0,51.0
2023-10-11 23:00:00+00:00,23.9,99.40044,1011.1348,3.7064266,330.9455,0.1,100.0,51.0
2023-10-12 00:00:00+00:00,24.55,95.0268,1011.1358,5.937272,345.9637,0.1,100.0,51.0
2023-10-12 01:00:00+00:00,24.8,96.184044,1011.93585,5.8603754,349.3804,0.0,100.0,3.0
2023-10-12 02:00:00+00:00,25.5,88.45225,1012.53674,5.3517847,340.3461,0.2,99.0,51.0
2023-10-12 03:00:00+00:00,26.45,89.594925,1013.4377,6.12,298.0724,0.1,91.0,51.0
2023-10-12 04:00:00+00:00,27.15,85.72353,1013.8387,5.4477882,277.59454,0.2,100.0,51.0
2023-10-12 05:00:00+00:00,26.2,88.24366,1013.7372,11.480557,228.81418,2.0,86.0,61.0
2023-10-12 06:00:00+00:00,26.05,87.7025,1013.137,12.43434,247.8905,0.3,64.0,51.0
2023-10-12 07:00:00+00:00,25.2,88.69551,1012.4362,14.84318,230.90614,1.0,74.0,55.0
2023-10-12 08:00:00+00:00,26.85,80.20273,1011.4392,11.165805,249.22766,0.1,64.0,51.0
2023-10-12 09:00:00+00:00,27.0,80.22251,1010.8398,10.163227,247.06787,0.3,66.0,51.0
2023-10-12 10:00:00+00:00,26.8,83.9067,1010.43964,9.255571,256.50424,0.1,66.0,51.0
2023-10-12 11:00:00+00:00,26.75,82.39886,1010.53955,8.707238,262.8751,0.1,85.0,51.0
2023-10-12 12:00:00+00:00,24.8,91.3866,1011.6359,1.2979984,326.3099,0.3,72.0,51.0
2023-10-12 13:00:00+00:00,24.15,99.40154,1011.9349,3.4152596,18.435053,1.7,100.0,61.0
2023-10-12 14:00:00+00:00,23.9,99.40044,1012.43427,5.8048253,7.12493,4.5,100.0,63.0
2023-10-12 15:00:00+00:00,23.65,99.10017,1012.83344,7.2,36.86999,4.0,100.0,63.0
2023-10-12 16:00:00+00:00,23.4,99.398186,1013.033,4.6102495,38.65983,2.3,100.0,61.0
2023-10-12 17:00:00+00:00,23.9,94.429886,1012.934,6.763786,25.201094,0.2,100.0,51.0
2023-10-12 18:00:00+00:00,23.8,93.85522,1013.03375,3.5455887,23.962492,0.0,100.0,3.0
2023-10-12 19:00:00+00:00,23.75,94.13798,1012.33405,5.1544156,12.094739,0.0,100.0,3.0
2023-10-12 20:00:00+00:00,23.8,94.14012,1011.23456,4.3349743,41.63345,0.0,100.0,3.0
2023-10-12 21:00:00+00:00,23.75,94.13798,1010.6348,4.6102495,38.65983,0.0,17.0,0.0
2023-10-12 22:00:00+00:00,23.4,94.40952,1010.4342,3.0547013,44.999897,0.0,26.0,1.0
2023-10-12 23:00:00+00:00,23.75,91.87883,1010.7348,5.0911684,44.999897,0.0,29.0,1.0
2023-10-13 00:00:00+00:00,23.5,94.12729,1010.83435,8.891343,31.75944,0.0,39.0,1.0
2023-10-13 01:00:00+00:00,23.85,94.71418,1011.7343,4.3349743,41.63345,0.0,33.0,1.0
2023-10-13 02:00:00+00:00,25.05,94.76022,1012.6357,3.6,126.86999,0.0,11.0,0.0
2023-10-13 03:00:00+00:00,26.7,88.81402,1013.53784,4.39436,145.0079,0.0,23.0,1.0
2023-10-13 04:00:00+00:00,27.75,84.01042,1014.3392,7.6367526,188.13002,0.0,19.0,0.0
2023-10-13 05:00:00+00:00,27.8,81.05373,1014.2395,11.966953,186.91113,0.0,97.0,3.0
2023-10-13 06:00:00+00:00,27.7,75.84413,1013.53955,12.43434,202.1095,1.0,71.0,55.0
2023-10-13 07:00:00+00:00,27.65,83.24957,1012.44006,10.948973,207.40749,0.2,95.0,51.0
2023-10-13 08:00:00+00:00,27.2,85.21713,1010.84,9.255571,193.49574,0.1,98.0,51.0
2023-10-13 09:00:00+00:00,27.35,82.717865,1010.4406,11.298495,210.65059,0.4,98.0,51.0
2023-10-13 10:00:00+00:00,25.85,90.63234,1010.7379,9.686609,228.01286,4.3,100.0,63.0
2023-10-13 11:00:00+00:00,26.15,87.18539,1010.7385,3.7585104,253.30067,0.1,83.0,51.0
2023-10-13 12:00:00+00:00,26.3,88.78261,1010.7385,3.219938,296.56497,2.9,100.0,63.0
2023-10-13 13:00:00+00:00,25.4,94.20783,1011.437,2.5959969,326.3099,1.8,96.0,61.0
2023-10-13 14:00:00+00:00,24.9,95.3252,1012.2359,7.5685663,25.346138,0.1,73.0,51.0
2023-10-13 15:00:00+00:00,24.25,95.01585,1013.4342,8.12197,12.804273,0.2,70.0,51.0
2023-10-13 16:00:00+00:00,23.3,99.0978,1013.9326,6.1305785,49.76371,0.2,100.0,51.0
2023-10-13 17:00:00+00:00,23.65,95.57129,1013.833,5.3517847,47.72637,0.0,100.0,3.0
2023-10-13 18:00:00+00:00,23.6,95.28049,1013.63306,2.52,90.0,0.0,100.0,3.0
2023-10-13 19:00:00+00:00,23.95,93.57802,1013.034,5.692099,124.69522,0.0,100.0,3.0
2023-10-13 20:00:00+00:00,24.45,94.16777,1012.3349,7.10031,149.53453,0.0,100.0,3.0
2023-10-13 21:00:00+00:00,23.65,95.57129,1011.734,4.510787,151.38963,0.0,100.0,3.0
2023-10-13 22:00:00+00:00,24.1,93.86855,1011.1352,3.319036,139.39879,0.0,99.0,3.0
2023-10-13 23:00:00+00:00,23.5,99.09916,1011.2342,4.072935,135.0001,0.0,99.0,3.0
2023-10-14 00:00:00+00:00,24.8,88.663574,1011.7359,2.0991426,149.03632,0.1,92.0,51.0
2023-10-14 01:00:00+00:00,24.55,91.37118,1012.33527,2.1897945,99.46225,0.0,63.0,2.0
2023-10-14 02:00:00+00:00,25.65,93.3768,1013.23645,2.0991426,120.96369,0.0,98.0,3.0
2023-10-14 03:00:00+00:00,26.65,89.87748,1013.63776,2.9024127,150.2552,0.0,40.0,1.0
2023-10-14 04:00:00+00:00,27.6,84.75021,1013.9394,4.73506,188.74608,0.0,95.0,3.0
2023-10-14 05:00:00+00:00,28.1,81.334496,1013.94,7.10031,210.46547,0.0,100.0,3.0
2023-10-14 06:00:00+00:00,28.2,79.422775,1013.34045,7.491114,215.21768,0.1,100.0,51.0
2023-10-14 07:00:00+00:00,28.4,77.33537,1012.3413,9.220499,218.65984,0.0,100.0,3.0
2023-10-14 08:00:00+00:00,27.2,79.525955,1011.4398,10.296251,216.46933,1.4,99.0,61.0
2023-10-14 09:00:00+00:00,26.55,86.699425,1010.73914,9.290511,215.53777,0.4,99.0,51.0
2023-10-14 10:00:00+00:00,26.8,82.9028,1010.43964,7.928177,230.52757,0.1,100.0,51.0
2023-10-14 11:00:00+00:00,25.8,85.590065,1010.8379,8.942214,229.89915,0.3,100.0,51.0
2023-10-14 12:00:00+00:00,25.5,93.9305,1010.73755,7.342588,258.6901,0.9,100.0,53.0
2023-10-14 13:00:00+00:00,24.0,99.400856,1011.73456,5.154415,245.22488,2.5,100.0,63.0
2023-10-14 14:00:00+00:00,24.35,99.40244,1012.63477,1.484318,255.96373,0.5,100.0,53.0
2023-10-14 15:00:00+00:00,23.6,99.09983,1013.833,6.6087217,209.35765,3.0,100.0,63.0
2023-10-14 16:00:00+00:00,23.8,99.40001,1014.4331,2.2768397,288.43503,6.9,100.0,63.0
2023-10-14 17:00:00+00:00,24.5,92.20083,1013.83453,0.35999998,270.0,1.3,100.0,61.0
2023-10-14 18:00:00+00:00,23.55,99.398895,1013.2333,3.8773184,68.19853,1.1,100.0,55.0
2023-10-14 19:00:00+00:00,23.15,99.397064,1012.93286,3.319036,77.4712,6.9,100.0,63.0
2023-10-14 20:00:00+00:00,23.0,99.697784,1011.83295,5.0911684,98.13002,5.1,100.0,63.0
2023-10-14 21:00:00+00:00,22.95,99.396164,1011.0333,3.096837,35.537766,1.6,100.0,61.0
2023-10-14 22:00:00+00:00,22.8,99.09441,1010.7331,3.9763298,5.19435,5.4,100.0,63.0
2023-10-14 23:00:00+00:00,22.65,99.093414,1010.8328,4.1046314,37.875053,3.9,100.0,63.0
2023-10-15 00:00:00+00:00,23.45,97.90828,1011.83356,3.5455887,336.0375,4.3,100.0,63.0
2023-10-15 01:00:00+00:00,23.25,99.097466,1012.7329,2.5455842,315.0001,2.4,100.0,61.0
2023-10-15 02:00:00+00:00,23.45,99.09878,1013.5328,2.968636,14.036275,1.9,100.0,61.0
2023-10-15 03:00:00+00:00,23.5,99.09916,1014.0329,5.3517847,47.72637,1.3,100.0,61.0
2023-10-15 04:00:00+00:00,24.25,99.10417,1014.2338,3.396233,32.005356,1.0,100.0,55.0
2023-10-15 05:00:00+00:00,25.0,91.39892,1013.7352,4.5536795,18.435053,0.6,100.0,53.0
2023-10-15 06:00:00+00:00,25.4,91.42347,1012.83636,3.5455887,336.0375,0.7,100.0,53.0
2023-10-15 07:00:00+00:00,25.55,90.61235,1011.43726,4.1046314,322.12494,0.8,100.0,53.0
2023-10-15 08:00:00+00:00,26.0,88.22716,1010.1384,5.5887027,284.93146,0.1,100.0,51.0
2023-10-15 09:00:00+00:00,26.4,84.624504,1009.0397,5.8603754,259.3804,0.1,100.0,51.0
2023-10-15 10:00:00+00:00,26.7,83.14133,1008.14026,6.151683,249.44386,0.1,100.0,51.0
2023-10-15 11:00:00+00:00,26.5,84.89013,1008.5399,5.8048253,262.8751,0.5,100.0,53.0
2023-10-15 12:00:00+00:00,27.05,85.97064,1008.4409,4.379589,279.46225,0.3,100.0,51.0
2023-10-15 13:00:00+00:00,26.3,85.897865,1009.1392,5.937272,255.96373,0.0,100.0,3.0
2023-10-15 14:00:00+00:00,26.15,85.11012,1010.2388,8.39657,239.0363,0.0,100.0,3.0
2023-10-15 15:00:00+00:00,26.15,84.85375,1011.33826,8.209263,232.12495,0.0,100.0,3.0
2023-10-15 16:00:00+00:00,26.3,84.61395,1011.63806,7.127636,224.9999,0.0,100.0,3.0
2023-10-15 17:00:00+00:00,25.85,87.9497,1011.6375,3.8939953,236.3099,0.0,100.0,3.0
2023-10-15 18:00:00+00:00,25.55,88.72332,1011.23737,3.319036,229.39879,0.0,99.0,3.0
2023-10-15 19:00:00+00:00,24.9,92.501564,1010.9365,2.8799999,270.0,0.1,100.0,51.0
2023-10-15 20:00:00+00:00,25.1,90.3094,1010.2372,5.3517847,19.653913,0.0,100.0,3.0
2023-10-15 21:00:00+00:00,24.6,93.045265,1009.9364,5.8048253,29.744795,0.0,100.0,3.0
2023-10-15 22:00:00+00:00,24.55,93.32397,1009.6365,2.6208394,15.945477,0.0,100.0,3.0
2023-10-15 23:00:00+00:00,24.55,92.76234,1009.6365,5.3999996,36.86998,0.0,100.0,3.0
2023-10-16 00:00:00+00:00,24.6,93.326385,1009.73645,3.319036,282.5288,0.0,43.0,1.0
2023-10-16 01:00:00+00:00,25.15,92.793564,1011.0368,1.8,323.13,0.0,17.0,0.0
2023-10-16 02:00:00+00:00,25.95,93.11262,1011.9376,3.671294,191.30989,0.0,24.0,1.0
2023-10-16 03:00:00+00:00,27.0,83.92858,1012.3391,6.28713,166.75948,0.1,21.0,51.0
2023-10-16 04:00:00+00:00,28.0,78.92027,1012.6405,4.1046314,164.74483,0.1,36.0,51.0
2023-10-16 05:00:00+00:00,28.8,76.93223,1012.3416,4.829907,206.56499,0.0,93.0,3.0
2023-10-16 06:00:00+00:00,29.15,76.98451,1011.3427,8.913181,223.36346,0.0,88.0,3.0
2023-10-16 07:00:00+00:00,28.65,70.04385,1010.2426,11.246759,230.19447,0.9,98.0,53.0
2023-10-16 08:00:00+00:00,27.25,84.46044,1009.8405,9.449572,220.36446,0.5,100.0,53.0
2023-10-16 09:00:00+00:00,27.3,85.22728,1009.3407,3.9763298,185.19434,0.1,100.0,51.0
2023-10-16 10:00:00+00:00,26.85,85.43747,1009.2402,3.8773184,158.19853,0.1,95.0,51.0
2023-10-16 11:00:00+00:00,26.6,86.964386,1009.2398,3.0758414,110.55613,0.1,87.0,51.0
2023-10-16 12:00:00+00:00,27.5,83.9832,1009.541,4.198285,120.96369,0.0,96.0,3.0
2023-10-16 13:00:00+00:00,26.35,91.208694,1010.23914,7.2805495,81.46932,0.0,79.0,2.0
2023-10-16 14:00:00+00:00,25.75,92.547195,1011.0378,6.5693827,80.53775,0.0,58.0,2.0
2023-10-16 15:00:00+00:00,25.6,90.88832,1011.937,4.0249224,79.69521,0.0,80.0,3.0
2023-10-16 16:00:00+00:00,25.55,87.924355,1012.2369,6.638072,49.398785,0.0,89.0,3.0
2023-10-16 17:00:00+00:00,24.95,90.0267,1012.036,4.0249224,10.304792,0.0,89.0,3.0
2023-10-16 18:00:00+00:00,24.9,89.480385,1011.63617,3.2399998,360.0,0.0,75.0,2.0
2023-10-16 19:00:00+00:00,24.95,88.40747,1011.1364,3.8773184,338.19852,0.0,99.0,3.0
2023-10-16 20:00:00+00:00,23.65,97.32173,1010.73444,3.4152596,251.56496,0.3,96.0,51.0
2023-10-16 21:00:00+00:00,23.6,95.28049,1010.53455,9.726665,357.87894,0.1,99.0,51.0
2023-10-16 22:00:00+00:00,23.65,91.59379,1010.3346,5.815978,21.801476,0.4,97.0,51.0
2023-10-16 23:00:00+00:00,23.8,88.85409,1010.33496,6.162207,6.70975,0.1,93.0,51.0
2023-10-17 00:00:00+00:00,24.05,91.896355,1010.73505,3.096837,234.46223,0.0,90.0,3.0
2023-10-17 01:00:00+00:00,25.05,93.34806,1011.4363,6.638072,229.39879,0.4,99.0,51.0
2023-10-17 02:00:00+00:00,26.3,88.51692,1011.938,5.5887027,284.93146,0.0,57.0,2.0
2023-10-17 03:00:00+00:00,27.4,80.759735,1012.73956,6.489992,303.6901,0.0,37.0,1.0
2023-10-17 04:00:00+00:00,28.2,78.24049,1013.14056,3.8773184,291.80148,0.1,39.0,51.0
2023-10-17 05:00:00+00:00,29.0,76.96208,1012.6417,6.130579,266.6336,0.2,54.0,51.0
2023-10-17 06:00:00+00:00,29.2,75.84969,1011.5426,9.793058,252.89719,0.2,77.0,51.0
2023-10-17 07:00:00+00:00,27.65,79.58693,1010.74084,10.041354,284.5345,6.6,93.0,63.0
2023-10-17 08:00:00+00:00,27.65,81.27823,1010.241,6.696387,306.25394,0.1,100.0,51.0
2023-10-17 09:00:00+00:00,26.4,88.52497,1009.8393,4.2136917,289.9832,0.5,100.0,53.0
2023-10-17 10:00:00+00:00,26.1,91.19303,1009.83856,4.6800003,292.6199,2.4,100.0,61.0
2023-10-17 11:00:00+00:00,25.95,89.55818,1009.93854,6.3690495,312.70938,3.5,100.0,63.0
2023-10-17 12:00:00+00:00,26.8,90.695206,1009.7399,3.096837,35.537766,1.2,100.0,55.0
2023-10-17 13:00:00+00:00,25.05,93.91072,1010.3368,8.913181,43.36347,4.0,100.0,63.0
2023-10-17 14:00:00+00:00,24.25,99.10417,1011.4351,1.609969,153.43501,3.4,100.0,63.0
2023-10-17 15:00:00+00:00,23.85,99.40022,1012.434,3.6179552,84.2895,4.6,100.0,63.0
2023-10-17 16:00:00+00:00,23.6,99.399086,1013.1333,6.1305785,40.236294,3.0,100.0,63.0
2023-10-17 17:00:00+00:00,23.6,99.09983,1013.0334,3.396233,32.005356,2.8,100.0,63.0
2023-10-17 18:00:00+00:00,23.3,99.397766,1013.13293,6.1094027,44.999897,1.2,100.0,55.0
2023-10-17 19:00:00+00:00,23.35,99.09814,1012.4333,4.6800003,22.61991,2.6,100.0,63.0
2023-10-17 20:00:00+00:00,23.3,98.798676,1011.73364,6.638072,12.528798,1.8,100.0,61.0
2023-10-17 21:00:00+00:00,23.15,99.09681,1011.1336,7.2,360.0,0.9,100.0,53.0
2023-10-17 22:00:00+00:00,22.9,98.79506,1010.83344,10.390226,345.9637,2.2,100.0,61.0
2023-10-17 23:00:00+00:00,22.8,99.09441,1010.7331,4.802999,347.00537,1.3,100.0,61.0
2023-10-18 00:00:00+00:00,25.05,92.788376,1011.3363,2.0991426,120.96369,0.2,100.0,51.0
2023-10-18 01:00:00+00:00,25.0,98.519135,1011.3363,0.8049845,26.564985,0.7,100.0,53.0
2023-10-18 02:00:00+00:00,25.45,96.20215,1012.03674,4.0249224,10.304792,0.1,100.0,51.0
2023-10-18 03:00:00+00:00,26.3,89.85246,1012.5377,4.1046314,15.255177,0.0,100.0,3.0
2023-10-18 04:00:00+00:00,26.65,90.14605,1013.33795,3.319036,77.4712,0.0,100.0,3.0
2023-10-18 05:00:00+00:00,28.05,82.06093,1013.04034,0.5091169,224.9999,0.1,100.0,51.0
2023-10-18 06:00:00+00:00,28.9,74.22624,1012.34186,0.8049845,206.56499,0.1,100.0,51.0
2023-10-18 07:00:00+00:00,28.75,72.652374,1011.64197,5.3517847,199.65392,0.1,85.0,51.0
2023-10-18 08:00:00+00:00,28.25,74.11916,1010.8416,12.72283,205.1148,0.9,97.0,53.0
2023-10-18 09:00:00+00:00,25.7,87.14513,1010.8379,9.826088,208.44283,9.3,100.0,65.0
2023-10-18 10:00:00+00:00,25.85,86.89626,1010.3381,5.2416787,164.05453,2.6,100.0,63.0
2023-10-18 11:00:00+00:00,25.45,92.53112,1010.8373,8.311245,162.3498,0.2,100.0,51.0
2023-10-18 12:00:00+00:00,26.15,90.11115,1011.0384,4.6800003,157.3801,0.2,100.0,51.0
2023-10-18 13:00:00+00:00,25.85,91.17736,1011.4376,5.315336,151.69934,0.0,80.0,3.0
2023-10-18 14:00:00+00:00,24.9,94.1868,1012.1359,5.0911684,135.0001,0.0,100.0,3.0
2023-10-18 15:00:00+00:00,25.95,89.022026,1012.53735,2.6208394,105.945465,0.0,99.0,3.0
2023-10-18 16:00:00+00:00,25.6,90.343765,1013.33636,1.8,36.86999,0.0,100.0,3.0
2023-10-18 17:00:00+00:00,25.05,91.95436,1013.43536,2.0364676,44.999897,0.0,100.0,3.0
2023-10-18 18:00:00+00:00,24.25,93.59196,1013.23425,2.7416782,23.198618,0.2,100.0,51.0
2023-10-18 19:00:00+00:00,24.8,89.20244,1012.5355,0.8049845,243.43501,1.1,100.0,55.0
2023-10-18 20:00:00+00:00,23.45,99.698784,1011.93353,2.1897945,189.46225,1.8,100.0,61.0
2023-10-18 21:00:00+00:00,23.5,99.39862,1011.0343,2.9024127,299.74478,0.2,100.0,51.0
2023-10-18 22:00:00+00:00,23.55,97.31975,1010.83435,7.491114,324.78232,0.0,100.0,3.0
2023-10-18 23:00:00+00:00,23.4,97.316765,1011.03394,5.937272,345.9637,0.0,100.0,3.0
2023-10-19 00:00:00+00:00,24.3,93.877495,1010.2359,5.3517847,340.3461,0.0,91.0,3.0
2023-10-19 01:00:00+00:00,24.65,92.20926,1011.2358,6.489992,340.55988,0.0,89.0,3.0
2023-10-19 02:00:00+00:00,25.35,93.92388,1012.23663,4.0249224,349.69522,0.0,88.0,3.0
2023-10-19 03:00:00+00:00,26.75,89.8846,1013.13837,4.1046314,344.7448,0.0,91.0,3.0
2023-10-19 04:00:00+00:00,28.25,80.8685,1013.6403,1.9386592,291.80148,0.2,93.0,51.0
2023-10-19 05:00:00+00:00,28.8,79.504105,1013.64105,6.792466,212.00534,0.0,97.0,3.0
2023-10-19 06:00:00+00:00,28.85,77.40168,1012.94165,9.793059,233.97253,0.3,97.0,51.0
2023-10-19 07:00:00+00:00,26.75,85.684166,1012.4387,8.699793,245.55606,3.5,87.0,63.0
2023-10-19 08:00:00+00:00,27.2,83.69915,1011.53973,5.2416787,254.05453,0.5,92.0,53.0
2023-10-19 09:00:00+00:00,26.85,84.92637,1010.43964,4.1046314,254.74483,0.6,79.0,53.0
2023-10-19 10:00:00+00:00,26.4,89.056725,1010.13916,4.6938252,175.60138,0.8,98.0,53.0
2023-10-19 11:00:00+00:00,26.55,84.64031,1010.2394,6.849467,176.98727,0.4,78.0,51.0
2023-10-19 12:00:00+00:00,26.15,89.03747,1010.83844,6.489992,160.55988,0.1,64.0,51.0
2023-10-19 13:00:00+00:00,25.2,92.23998,1011.43665,1.484318,165.96373,0.4,90.0,51.0
2023-10-19 14:00:00+00:00,24.75,94.74875,1011.93585,2.3051248,128.65984,0.1,100.0,51.0
2023-10-19 15:00:00+00:00,24.45,95.597176,1012.93463,2.5959969,146.3099,0.0,100.0,3.0
2023-10-19 16:00:00+00:00,24.35,96.4613,1013.2345,3.563818,135.0001,0.0,95.0,3.0
2023-10-19 17:00:00+00:00,24.45,95.88533,1013.0346,3.219938,116.56499,0.0,100.0,3.0
2023-10-19 18:00:00+00:00,23.8,97.324715,1012.9338,3.6,90.0,0.0,41.0,1.0
2023-10-19 19:00:00+00:00,23.9,95.868706,1012.2344,2.16,90.0,0.1,38.0,51.0
2023-10-19 20:00:00+00:00,23.95,95.00493,1011.53467,3.096837,144.46223,0.1,100.0,51.0
2023-10-19 21:00:00+00:00,23.65,95.8611,1011.1342,3.8773184,21.801476,0.0,94.0,3.0
2023-10-19 22:00:00+00:00,24.1,93.86855,1010.9353,3.8773184,201.80147,0.1,77.0,51.0
2023-10-19 23:00:00+00:00,23.5,94.70064,1011.1342,2.3051248,51.34017,0.1,97.0,51.0
2023-10-20 00:00:00+00:00,23.45,92.42268,1011.93353,5.3517847,42.27363,0.1,57.0,51.0
2023-10-20 01:00:00+00:00,23.5,91.86419,1012.43365,5.1165614,39.289394,0.0,3.0,0.0
2023-10-20 02:00:00+00:00,24.6,90.82313,1012.935,2.4149535,63.435013,0.0,35.0,1.0
2023-10-20 03:00:00+00:00,26.05,86.132675,1013.43695,0.0,270.0,0.0,8.0,0.0
2023-10-20 04:00:00+00:00,27.5,77.43561,1013.6391,2.7416782,203.19862,0.0,1.0,0.0
2023-10-20 05:00:00+00:00,28.5,70.228935,1012.94104,6.6087217,209.35765,0.0,24.0,1.0
2023-10-20 06:00:00+00:00,28.55,69.38996,1012.24133,11.298495,210.65059,0.0,100.0,3.0
2023-10-20 07:00:00+00:00,27.55,73.10879,1011.4402,12.0694,197.35411,0.0,100.0,3.0
2023-10-20 08:00:00+00:00,27.05,78.07558,1010.6399,12.6462,184.899,0.0,89.0,3.0
2023-10-20 09:00:00+00:00,27.45,77.66258,1009.8408,12.224107,193.62701,0.0,86.0,3.0
2023-10-20 10:00:00+00:00,27.2,79.04717,1009.54065,12.074766,190.3048,0.0,100.0,3.0
2023-10-20 11:00:00+00:00,26.55,82.624115,1009.7396,10.086427,182.04536,0.0,98.0,3.0
2023-10-20 12:00:00+00:00,26.8,79.47154,1010.0398,6.924738,171.02745,0.0,31.0,1.0
2023-10-20 13:00:00+00:00,26.4,81.61331,1010.8388,5.634891,153.43501,0.0,100.0,3.0
2023-10-20 14:00:00+00:00,26.15,84.343094,1011.938,7.145796,139.08571,0.0,99.0,3.0
2023-10-20 15:00:00+00:00,26.0,87.96233,1012.73724,5.904439,127.568665,0.1,100.0,51.0
2023-10-20 16:00:00+00:00,25.9,89.55448,1013.03687,6.3690495,137.29063,0.0,94.0,3.0
2023-10-20 17:00:00+00:00,25.45,91.42653,1013.03625,3.563818,135.0001,0.0,100.0,3.0
2023-10-20 18:00:00+00:00,25.5,87.920135,1012.8366,1.484318,14.036275,0.1,100.0,51.0
2023-10-20 19:00:00+00:00,23.75,93.56866,1012.23413,4.32,360.0,0.1,100.0,51.0
2023-10-20 20:00:00+00:00,24.25,91.62991,1011.3351,3.8773184,21.801476,0.1,100.0,51.0
2023-10-20 21:00:00+00:00,24.2,92.46363,1010.63544,5.7599998,360.0,0.0,100.0,3.0
2023-10-20 22:00:00+00:00,24.2,92.74402,1010.53546,5.815978,338.19852,0.0,100.0,3.0
2023-10-20 23:00:00+00:00,23.85,93.29003,1010.6348,4.379589,350.53775,0.0,66.0,2.0
2023-10-21 00:00:00+00:00,25.2,88.16093,1010.8369,1.1384199,341.56494,0.2,32.0,51.0
2023-10-21 01:00:00+00:00,24.65,92.48806,1011.63556,2.6208394,164.05453,0.1,98.0,51.0
2023-10-21 02:00:00+00:00,25.65,93.65655,1012.9366,3.9763298,174.80566,0.1,100.0,51.0
2023-10-21 03:00:00+00:00,26.2,87.18983,1013.53723,5.692099,214.69522,0.0,100.0,3.0
2023-10-21 04:00:00+00:00,27.35,81.73042,1013.83905,5.1919937,213.6901,0.0,100.0,3.0
2023-10-21 05:00:00+00:00,27.4,82.47596,1013.6391,6.297428,210.96368,0.0,100.0,3.0
2023-10-21 06:00:00+00:00,28.15,79.41601,1012.6405,8.891343,211.75943,0.1,100.0,51.0
2023-10-21 07:00:00+00:00,28.1,79.64766,1011.5411,11.885453,215.13428,0.0,61.0,2.0
2023-10-21 08:00:00+00:00,27.9,78.197685,1010.7411,11.885453,215.13428,0.1,60.0,51.0
2023-10-21 09:00:00+00:00,27.5,81.25943,1009.7409,10.966713,203.19862,0.1,49.0,51.0
2023-10-21 10:00:00+00:00,27.35,81.24057,1009.541,11.298495,202.47948,0.1,51.0,51.0
2023-10-21 11:00:00+00:00,26.75,84.15389,1010.23975,7.9932976,187.76508,0.1,68.0,51.0
2023-10-21 12:00:00+00:00,27.15,84.70327,1010.44025,6.489992,176.82024,0.1,79.0,51.0
2023-10-21 13:00:00+00:00,26.5,85.9173,1011.3386,3.6179552,185.7105,0.0,51.0,2.0
2023-10-21 14:00:00+00:00,26.4,85.392334,1012.2382,4.896529,162.89719,0.1,42.0,51.0
2023-10-21 15:00:00+00:00,26.1,88.76684,1013.137,3.8268526,138.81418,0.0,29.0,1.0
2023-10-21 16:00:00+00:00,25.25,93.077805,1013.6356,4.3349743,85.23644,0.0,53.0,2.0
2023-10-21 17:00:00+00:00,25.35,91.69563,1013.3361,3.5455887,66.037506,0.0,91.0,3.0
2023-10-21 18:00:00+00:00,25.2,90.316315,1013.0359,3.8939953,56.3099,0.0,16.0,0.0
2023-10-21 19:00:00+00:00,25.05,88.683556,1012.43585,3.8773184,21.801476,0.0,27.0,1.0
2023-10-21 20:00:00+00:00,24.7,90.28183,1011.6359,5.1919937,33.6901,0.0,53.0,2.0
2023-10-21 21:00:00+00:00,24.5,90.54191,1011.1358,6.638072,49.398785,0.0,90.0,3.0
2023-10-21 22:00:00+00:00,23.9,92.72828,1011.1348,7.5685663,2.7262611,0.0,57.0,2.0
2023-10-21 23:00:00+00:00,23.9,92.72828,1011.0349,9.107359,341.56494,0.0,9.0,0.0
2023-10-22 00:00:00+00:00,24.15,97.03899,1011.7349,7.208994,267.13766,0.0,100.0,3.0
2023-10-22 01:00:00+00:00,24.15,99.7004,1013.03436,5.506941,11.3098955,0.8,100.0,53.0
2023-10-22 02:00:00+00:00,24.85,93.05782,1013.5351,4.0249224,259.69522,1.5,97.0,61.0
2023-10-22 03:00:00+00:00,26.35,90.125145,1014.3372,2.52,180.0,0.1,50.0,51.0
2023-10-22 04:00:00+00:00,27.7,84.5081,1014.23926,3.319036,192.5288,0.0,69.0,2.0
2023-10-22 05:00:00+00:00,28.4,81.61497,1013.9406,3.8268526,221.18582,0.1,95.0,51.0
2023-10-22 06:00:00+00:00,29.0,77.19261,1012.7417,7.8954163,223.1524,0.1,100.0,51.0
2023-10-22 07:00:00+00:00,28.55,78.52513,1011.34174,12.475961,226.16905,2.5,85.0,63.0
2023-10-22 08:00:00+00:00,26.5,90.946365,1011.23865,5.04,180.0,5.1,100.0,63.0
2023-10-22 09:00:00+00:00,26.0,92.56054,1010.43835,4.3349743,138.36655,0.7,100.0,53.0
2023-10-22 10:00:00+00:00,26.3,90.12165,1010.3387,4.73506,171.25392,0.7,95.0,53.0
2023-10-22 11:00:00+00:00,26.5,88.532974,1010.6389,2.7416782,203.19862,0.2,97.0,51.0
2023-10-22 12:00:00+00:00,26.15,90.92385,1010.63855,5.634891,63.435013,2.5,97.0,63.0
2023-10-22 13:00:00+00:00,25.45,93.92827,1011.2371,6.379216,73.61038,0.1,100.0,51.0
2023-10-22 14:00:00+00:00,24.55,95.88835,1012.33527,8.534353,27.645891,2.2,100.0,61.0
2023-10-22 15:00:00+00:00,23.65,99.39931,1013.53314,7.8625183,15.945477,6.1,100.0,63.0
2023-10-22 16:00:00+00:00,23.4,99.09849,1013.9326,6.151683,20.556128,0.2,100.0,51.0
2023-10-22 17:00:00+00:00,23.35,99.09814,1014.1325,8.557102,14.620926,4.1,100.0,63.0
2023-10-22 18:00:00+00:00,22.75,99.395226,1013.13196,8.287822,34.3804,0.4,100.0,51.0
2023-10-22 19:00:00+00:00,23.1,93.5382,1012.33307,10.086427,34.82457,0.3,100.0,51.0
2023-10-22 20:00:00+00:00,23.1,94.97375,1011.63336,11.183201,356.3087,0.1,100.0,51.0
2023-10-22 21:00:00+00:00,23.25,94.97926,1011.33356,7.928177,320.52756,0.0,100.0,3.0
2023-10-22 22:00:00+00:00,22.5,99.09239,1011.9323,13.849476,351.02744,1.0,100.0,55.0
2023-10-22 23:00:00+00:00,23.0,94.3931,1011.5331,10.390226,14.036275,0.2,100.0,51.0
2023-10-23 00:00:00+00:00,23.7,93.56634,1011.63434,6.0347,17.354122,0.0,100.0,3.0
2023-10-23 01:00:00+00:00,24.15,93.30463,1012.1347,3.096837,324.46225,0.0,99.0,3.0
2023-10-23 02:00:00+00:00,25.25,94.20153,1012.936,2.4149535,63.435013,0.0,98.0,3.0
2023-10-23 03:00:00+00:00,26.9,88.037796,1013.4383,1.08,180.0,0.0,99.0,3.0
2023-10-23 04:00:00+00:00,28.05,83.04678,1013.84,4.0249224,206.56499,0.1,98.0,51.0
2023-10-23 05:00:00+00:00,28.05,80.60132,1013.94,6.297428,210.96368,0.1,100.0,51.0
2023-10-23 06:00:00+00:00,27.2,82.94904,1012.6392,8.942214,220.10085,0.2,97.0,51.0
2023-10-23 07:00:00+00:00,27.9,79.6207,1011.44073,10.009036,232.3057,0.1,92.0,51.0
2023-10-23 08:00:00+00:00,26.6,83.12988,1011.2389,7.145796,220.91429,4.8,100.0,63.0
2023-10-23 09:00:00+00:00,26.1,89.301056,1010.0385,3.2399998,180.0,0.2,99.0,51.0
2023-10-23 10:00:00+00:00,26.5,88.532974,1010.0392,2.5455842,171.86998,0.1,99.0,51.0
2023-10-23 11:00:00+00:00,26.3,87.19879,1010.0388,4.6800003,157.3801,0.2,100.0,51.0
2023-10-23 12:00:00+00:00,24.2,96.167175,1011.3351,4.510787,118.61037,4.3,100.0,63.0
2023-10-23 13:00:00+00:00,23.75,99.399734,1012.1341,1.9386592,158.19853,5.0,100.0,63.0
2023-10-23 14:00:00+00:00,24.15,95.58748,1012.1347,5.1165614,39.289394,0.1,100.0,51.0
2023-10-23 15:00:00+00:00,24.0,96.16156,1012.934,6.4096174,51.842735,0.0,88.0,3.0
2023-10-23 16:00:00+00:00,23.7,96.15305,1013.13367,5.3999996,53.13002,0.0,100.0,3.0
2023-10-23 17:00:00+00:00,23.6,94.992134,1012.63354,5.1919937,33.6901,0.0,93.0,3.0
2023-10-23 18:00:00+00:00,23.3,95.27012,1012.4333,4.379589,9.462248,0.0,98.0,3.0
2023-10-23 19:00:00+00:00,22.75,96.41927,1011.93256,3.7064266,29.054508,0.0,84.0,3.0
2023-10-23 20:00:00+00:00,23.0,95.259674,1011.43317,5.3999996,36.86998,0.0,94.0,3.0
2023-10-23 21:00:00+00:00,23.0,94.6812,1011.0333,5.1919937,56.309914,0.0,98.0,3.0
2023-10-23 22:00:00+00:00,22.85,96.1289,1010.5332,7.24486,63.435013,0.0,100.0,3.0
2023-10-23 23:00:00+00:00,22.75,96.41927,1010.33325,6.5693827,80.53775,0.0,100.0,3.0
2023-10-24 00:00:00+00:00,22.85,95.54514,1011.3328,3.219938,63.435013,0.0,92.0,3.0
2023-10-24 01:00:00+00:00,23.35,96.72787,1012.03345,2.5455842,81.86999,0.0,71.0,2.0
2023-10-24 02:00:00+00:00,24.7,96.470406,1012.63544,4.73506,98.74608,0.0,27.0,1.0
2023-10-24 03:00:00+00:00,26.45,88.52893,1013.03784,5.8048253,119.74479,0.1,27.0,51.0
2023-10-24 04:00:00+00:00,27.85,82.77611,1013.04004,6.696387,143.74608,0.0,18.0,0.0
2023-10-24 05:00:00+00:00,28.75,78.553246,1012.6415,6.9527545,158.74942,0.0,7.0,0.0
2023-10-24 06:00:00+00:00,29.3,75.187386,1011.6429,9.3669195,182.20255,0.0,22.0,1.0
2023-10-24 07:00:00+00:00,29.15,76.75479,1010.4431,11.090103,193.13403,0.0,23.0,1.0
2023-10-24 08:00:00+00:00,28.65,72.85479,1009.6429,12.015589,188.61557,1.1,81.0,55.0
2023-10-24 09:00:00+00:00,27.95,75.42616,1009.0418,11.525623,178.21013,0.7,44.0,53.0
2023-10-24 10:00:00+00:00,27.85,79.13695,1009.0418,10.239453,169.8754,0.4,47.0,51.0
2023-10-24 11:00:00+00:00,27.6,81.02834,1009.5414,8.311245,175.03035,0.2,50.0,51.0
2023-10-24 12:00:00+00:00,26.75,86.97793,1010.23975,8.534353,152.35411,0.1,60.0,51.0
2023-10-24 13:00:00+00:00,26.7,92.04869,1010.0394,3.563818,135.0001,0.0,16.0,0.0
2023-10-24 14:00:00+00:00,26.7,89.07973,1011.1389,5.3517847,137.72638,0.0,20.0,1.0
2023-10-24 15:00:00+00:00,26.55,88.53701,1012.1385,5.6233797,140.19447,0.0,44.0,1.0
2023-10-24 16:00:00+00:00,26.2,88.77473,1012.63763,6.193674,144.46223,0.0,99.0,3.0
2023-10-24 17:00:00+00:00,25.95,89.55818,1012.53735,5.8603754,137.4896,0.0,100.0,3.0
2023-10-24 18:00:00+00:00,25.6,90.343765,1012.3368,6.489992,123.6901,0.0,100.0,3.0
2023-10-24 19:00:00+00:00,25.3,91.142746,1011.8368,5.815978,111.801476,0.0,100.0,3.0
2023-10-24 20:00:00+00:00,24.9,90.84276,1011.1364,7.5685663,87.27374,0.0,100.0,3.0
2023-10-24 21:00:00+00:00,24.7,88.924835,1010.7364,7.5685663,87.27374,0.0,36.0,1.0
2023-10-24 22:00:00+00:00,24.45,89.17563,1010.5357,8.473393,102.26476,0.0,55.0,2.0
2023-10-24 23:00:00+00:00,24.5,88.63955,1010.63605,7.9932976,97.76508,0.0,15.0,0.0
2023-10-25 00:00:00+00:00,24.4,89.44304,1011.3353,8.225035,113.198616,0.0,13.0,0.0
2023-10-25 01:00:00+00:00,25.1,91.68076,1012.33624,5.1919937,146.3099,0.2,23.0,51.0
2023-10-25 02:00:00+00:00,26.25,89.848854,1013.1374,6.9153743,128.65984,0.0,38.0,1.0
2023-10-25 03:00:00+00:00,27.2,82.70036,1013.63873,11.480557,138.81418,0.1,14.0,51.0
2023-10-25 04:00:00+00:00,28.15,77.53125,1014.13983,11.090103,144.24602,0.1,15.0,51.0
2023-10-25 05:00:00+00:00,28.8,75.10776,1013.941,11.792404,167.66092,0.1,14.0,51.0
2023-10-25 06:00:00+00:00,29.0,76.27418,1013.2415,13.32,180.0,0.0,15.0,0.0
2023-10-25 07:00:00+00:00,28.7,78.546234,1012.1417,13.324863,181.54813,0.2,58.0,51.0
2023-10-25 08:00:00+00:00,27.85,81.30327,1011.44073,12.074766,169.6952,0.1,100.0,51.0
2023-10-25 09:00:00+00:00,26.55,83.3752,1010.83905,8.427383,109.98319,0.7,100.0,53.0
2023-10-25 10:00:00+00:00,26.6,85.15609,1010.2394,5.1544156,102.09474,0.2,100.0,51.0
2023-10-25 11:00:00+00:00,26.5,87.478455,1010.439,4.39436,145.0079,0.1,100.0,51.0
2023-10-25 12:00:00+00:00,26.35,89.31988,1010.93884,2.7416782,113.19862,0.0,100.0,3.0
2023-10-25 13:00:00+00:00,25.65,91.43877,1011.1373,6.989936,55.491425,0.0,100.0,3.0
2023-10-25 14:00:00+00:00,25.6,89.80209,1011.937,5.8048253,29.744795,0.0,100.0,3.0
2023-10-25 15:00:00+00:00,25.35,89.78402,1012.7364,5.00128,30.256361,0.0,98.0,3.0
2023-10-25 16:00:00+00:00,25.05,91.12692,1013.2355,4.3349743,41.63345,0.0,99.0,3.0
2023-10-25 17:00:00+00:00,24.4,93.316734,1013.1345,4.3349743,48.366554,0.0,99.0,3.0
2023-10-25 18:00:00+00:00,24.25,93.02765,1013.03436,4.8965297,53.972538,0.0,100.0,3.0
2023-10-25 19:00:00+00:00,24.7,89.73686,1012.33563,4.3349743,85.23644,0.0,97.0,3.0
2023-10-25 20:00:00+00:00,24.35,91.358795,1011.5353,4.0249224,100.30479,0.0,53.0,2.0
2023-10-25 21:00:00+00:00,24.0,92.45274,1010.83496,4.6938252,85.60138,0.0,4.0,0.0
2023-10-25 22:00:00+00:00,24.0,93.01503,1010.6351,4.0249224,100.30479,0.0,61.0,2.0
2023-10-25 23:00:00+00:00,23.75,93.852936,1010.7348,4.73506,98.74608,0.0,97.0,3.0
2023-10-26 00:00:00+00:00,23.4,93.837296,1011.2338,4.802999,77.00539,0.0,99.0,3.0
2023-10-26 01:00:00+00:00,24.8,93.61748,1012.5355,9.0,323.13,0.0,100.0,3.0
2023-10-26 02:00:00+00:00,25.35,92.248344,1013.03625,7.208994,2.8623457,0.0,100.0,3.0
2023-10-26 03:00:00+00:00,26.6,88.80618,1013.63776,6.725354,344.47583,0.0,99.0,3.0
2023-10-26 04:00:00+00:00,28.05,82.55257,1014.0399,3.319036,310.60123,0.0,39.0,1.0
2023-10-26 05:00:00+00:00,28.95,79.05164,1013.5414,2.6208394,254.05453,0.1,34.0,51.0
2023-10-26 06:00:00+00:00,29.7,75.9272,1012.4432,6.2145634,259.9921,0.0,16.0,0.0
2023-10-26 07:00:00+00:00,29.6,75.91171,1011.3433,10.163227,247.06787,0.0,21.0,1.0
2023-10-26 08:00:00+00:00,28.2,81.590324,1010.54175,9.504272,232.69597,1.6,87.0,61.0
2023-10-26 09:00:00+00:00,26.7,86.973434,1010.2394,5.7599998,90.0,2.3,100.0,61.0
2023-10-26 10:00:00+00:00,25.9,91.180534,1009.43854,2.9024127,97.12492,1.9,100.0,61.0
2023-10-26 11:00:00+00:00,26.0,90.91417,1010.1384,2.4149535,63.435013,0.9,100.0,53.0
2023-10-26 12:00:00+00:00,25.65,93.93708,1010.53766,4.68,90.0,0.1,100.0,51.0
2023-10-26 13:00:00+00:00,24.8,93.61748,1011.13617,6.792466,57.99466,0.1,100.0,51.0
2023-10-26 14:00:00+00:00,24.2,96.167175,1012.1347,3.4152596,108.43504,0.0,99.0,3.0
2023-10-26 15:00:00+00:00,24.45,94.73724,1012.63477,2.7416782,246.80138,0.0,99.0,3.0
2023-10-26 16:00:00+00:00,24.7,92.49072,1013.2352,2.0991426,30.963696,0.0,98.0,3.0
2023-10-26 17:00:00+00:00,24.35,93.59661,1013.2345,3.563818,44.999897,0.0,65.0,2.0
2023-10-26 18:00:00+00:00,24.15,93.30463,1012.8344,4.2136917,70.01681,0.0,35.0,1.0
2023-10-26 19:00:00+00:00,24.0,93.01503,1011.6346,3.671294,78.6901,0.0,22.0,1.0
2023-10-26 20:00:00+00:00,23.7,92.999855,1010.23505,3.6,90.0,0.0,9.0,0.0
2023-10-26 21:00:00+00:00,23.4,93.268105,1009.3347,4.3498964,65.55606,0.0,2.0,0.0
2023-10-26 22:00:00+00:00,23.35,92.699265,1009.2348,4.1046314,15.255177,0.0,6.0,0.0
2023-10-26 23:00:00+00:00,23.5,92.14443,1009.3351,3.671294,11.3098955,0.0,9.0,0.0
2023-10-27 00:00:00+00:00,23.05,92.9668,1009.634,4.1046314,37.875053,0.0,1.0,0.0
2023-10-27 01:00:00+00:00,24.5,91.92252,1010.5361,3.2599385,6.3401003,0.0,100.0,3.0
2023-10-27 02:00:00+00:00,26.0,91.73411,1011.63776,4.896529,287.1028,0.0,96.0,3.0
2023-10-27 03:00:00+00:00,27.4,87.29622,1012.03986,4.379589,260.53775,0.0,98.0,3.0
2023-10-27 04:00:00+00:00,28.2,82.324234,1012.24097,7.92,270.0,0.1,99.0,51.0
2023-10-27 05:00:00+00:00,28.3,81.35943,1011.94116,10.805999,268.09088,0.1,98.0,51.0
2023-10-27 06:00:00+00:00,28.7,79.017166,1011.04224,12.6462,265.10098,0.3,100.0,51.0
2023-10-27 07:00:00+00:00,26.9,84.677086,1010.23975,8.707238,262.8751,4.0,97.0,63.0
2023-10-27 08:00:00+00:00,27.7,86.289795,1009.7413,4.829907,296.56497,0.7,81.0,53.0
2023-10-27 09:00:00+00:00,27.65,83.99957,1008.74176,6.3690495,222.70937,0.6,87.0,53.0
2023-10-27 10:00:00+00:00,27.05,85.201935,1008.7408,4.3498964,204.44394,0.5,100.0,53.0
2023-10-27 11:00:00+00:00,26.1,90.92065,1008.83905,0.8049845,206.56499,1.8,100.0,61.0
2023-10-27 12:00:00+00:00,25.8,92.827156,1009.23865,2.0991426,59.03632,1.4,99.0,61.0
2023-10-27 13:00:00+00:00,25.2,92.517685,1009.83734,6.1305785,40.236294,3.3,99.0,63.0
2023-10-27 14:00:00+00:00,25.05,92.788376,1011.1364,0.5091169,135.0001,2.4,100.0,61.0
2023-10-27 15:00:00+00:00,25.15,89.49898,1012.0364,0.5091169,44.999897,2.7,98.0,63.0
2023-10-27 16:00:00+00:00,24.05,95.29606,1012.0344,5.00128,30.256361,0.0,54.0,2.0
2023-10-27 17:00:00+00:00,24.15,93.87082,1012.0348,3.7064266,60.94549,0.0,63.0,2.0
2023-10-27 18:00:00+00:00,24.1,93.020096,1011.8349,3.319036,49.398785,0.0,92.0,3.0
2023-10-27 19:00:00+00:00,23.35,94.98293,1010.934,4.1046314,15.255177,0.0,94.0,3.0
2023-10-27 20:00:00+00:00,23.55,93.84402,1010.2347,3.319036,12.528798,0.0,46.0,1.0
2023-10-27 21:00:00+00:00,23.6,93.277855,1009.3351,3.671294,11.3098955,0.0,27.0,1.0
2023-10-27 22:00:00+00:00,23.55,92.99227,1009.2351,5.634891,26.564985,0.0,87.0,3.0
2023-10-27 23:00:00+00:00,23.4,92.98465,1009.3347,3.8773184,21.801476,0.0,100.0,3.0
2023-10-28 00:00:00+00:00,23.4,92.70192,1009.73456,3.396233,32.005356,0.0,99.0,3.0
2023-10-28 01:00:00+00:00,24.95,90.57216,1010.83655,2.5959969,146.3099,0.0,100.0,3.0
2023-10-28 02:00:00+00:00,26.25,90.9303,1011.63806,2.5959969,146.3099,0.0,100.0,3.0
2023-10-28 03:00:00+00:00,27.2,85.21713,1012.33936,5.3999996,216.86998,0.3,100.0,51.0
2023-10-28 04:00:00+00:00,27.85,83.02386,1012.4403,6.9527545,248.74942,0.0,100.0,3.0
2023-10-28 05:00:00+00:00,28.1,81.82215,1012.6405,6.439876,243.43501,0.0,100.0,3.0
2023-10-28 06:00:00+00:00,28.15,80.61424,1011.74097,8.404285,226.73567,0.0,100.0,3.0
2023-10-28 07:00:00+00:00,28.3,80.1528,1010.54175,9.726664,231.009,0.0,99.0,3.0
2023-10-28 08:00:00+00:00,28.25,75.4736,1009.0424,9.931042,223.53127,1.4,90.0,61.0
2023-10-28 09:00:00+00:00,27.35,83.21551,1008.4415,6.12,180.0,0.9,87.0,53.0
2023-10-28 10:00:00+00:00,27.15,86.49581,1007.9414,4.829907,153.43501,0.4,100.0,51.0
2023-10-28 11:00:00+00:00,26.4,85.907585,1008.1401,8.707238,172.87508,0.6,100.0,53.0
2023-10-28 12:00:00+00:00,26.2,86.66707,1009.0393,7.342588,168.69011,0.7,99.0,53.0
2023-10-28 13:00:00+00:00,25.25,90.319725,1009.83734,7.072878,75.25639,8.1,100.0,65.0
2023-10-28 14:00:00+00:00,24.0,93.01503,1010.93494,9.021574,28.610369,12.1,100.0,65.0
2023-10-28 15:00:00+00:00,22.9,99.09511,1012.3327,3.7064266,29.054508,18.1,100.0,65.0
2023-10-28 16:00:00+00:00,23.75,98.80264,1012.0342,1.8,323.13,0.1,99.0,51.0
2023-10-28 17:00:00+00:00,23.75,93.56866,1011.8343,3.5455887,23.962492,0.0,100.0,3.0
2023-10-28 18:00:00+00:00,24.1,91.62089,1011.53503,3.8939953,33.6901,0.0,100.0,3.0
2023-10-28 19:00:00+00:00,23.4,93.837296,1010.6341,5.1544156,12.094739,0.0,100.0,3.0
2023-10-28 20:00:00+00:00,24.6,88.378845,1010.1362,2.0364676,44.999897,0.0,100.0,3.0
2023-10-28 21:00:00+00:00,23.25,93.260735,1009.53436,3.0758414,69.44387,0.0,100.0,3.0
2023-10-28 22:00:00+00:00,23.1,93.5382,1008.8347,3.096837,54.46224,0.0,99.0,3.0
2023-10-28 23:00:00+00:00,23.25,93.260735,1008.53485,3.4152596,18.435053,0.0,100.0,3.0
2023-10-29 00:00:00+00:00,22.6,94.95527,1009.2336,3.0547013,44.999897,0.0,98.0,3.0
2023-10-29 01:00:00+00:00,24.6,91.65091,1010.23627,5.154415,65.22488,0.0,100.0,3.0
2023-10-29 02:00:00+00:00,25.6,91.986,1010.8375,2.5959969,56.309914,0.0,100.0,3.0
2023-10-29 03:00:00+00:00,27.05,86.48649,1011.5395,2.16,90.0,0.0,100.0,3.0
2023-10-29 04:00:00+00:00,28.2,79.1851,1011.8411,1.2979984,213.6901,0.0,100.0,3.0
2023-10-29 05:00:00+00:00,29.0,76.5029,1011.54224,4.3349743,228.36655,0.1,100.0,51.0
2023-10-29 06:00:00+00:00,29.35,77.0143,1010.74335,8.4963045,233.61555,0.0,100.0,3.0
2023-10-29 07:00:00+00:00,28.75,77.851654,1009.6429,11.592894,216.15828,2.6,99.0,63.0
2023-10-29 08:00:00+00:00,28.15,82.5643,1009.0422,6.1305785,229.76372,4.5,100.0,63.0
2023-10-29 09:00:00+00:00,27.45,83.22688,1008.54144,3.8773184,248.19853,5.0,100.0,63.0
2023-10-29 10:00:00+00:00,26.7,84.65604,1008.5401,5.1165614,230.71062,10.7,99.0,65.0
2023-10-29 11:00:00+00:00,25.2,94.48231,1008.9378,1.5273507,224.9999,6.1,100.0,63.0
2023-10-29 12:00:00+00:00,25.1,93.35045,1009.63745,3.6,36.86999,0.1,100.0,51.0
2023-10-29 13:00:00+00:00,24.8,94.75066,1009.7368,5.8603754,349.3804,0.0,100.0,3.0
2023-10-29 14:00:00+00:00,24.8,94.18256,1010.33655,6.924738,351.02744,0.0,100.0,3.0
2023-10-29 15:00:00+00:00,24.75,94.180466,1010.8363,6.6185193,337.6198,0.0,100.0,3.0
2023-10-29 16:00:00+00:00,24.7,93.61285,1011.7359,5.154415,335.22488,0.0,100.0,3.0
2023-10-29 17:00:00+00:00,24.65,93.328804,1011.4357,4.3349743,311.63345,0.0,100.0,3.0
2023-10-29 18:00:00+00:00,24.6,94.17412,1011.3357,4.0249224,333.43503,0.0,100.0,3.0
2023-10-29 19:00:00+00:00,23.8,96.155914,1010.7348,4.39436,304.9921,0.0,100.0,3.0
2023-10-29 20:00:00+00:00,24.85,91.3897,1009.7368,1.1384199,198.43504,0.1,100.0,51.0
2023-10-29 21:00:00+00:00,24.25,93.59196,1009.2361,3.563818,315.0001,0.2,100.0,51.0
2023-10-29 22:00:00+00:00,24.2,94.15716,1008.7363,3.8939953,326.3099,2.0,100.0,61.0
2023-10-29 23:00:00+00:00,24.15,94.440025,1009.1361,6.725354,285.52417,0.0,100.0,3.0
2023-10-30 00:00:00+00:00,24.4,94.16565,1009.5362,7.172949,252.47433,0.3,100.0,51.0
2023-10-30 01:00:00+00:00,24.7,93.89521,1010.9363,5.8603754,349.3804,0.0,100.0,3.0
2023-10-30 02:00:00+00:00,25.45,90.3335,1011.6369,5.8048253,352.87506,0.2,100.0,51.0
2023-10-30 03:00:00+00:00,25.65,90.34721,1012.1369,6.1305785,310.2363,0.1,100.0,51.0
2023-10-30 04:00:00+00:00,26.2,87.71537,1012.43774,8.854829,296.56497,0.1,100.0,51.0
2023-10-30 05:00:00+00:00,26.05,88.49677,1012.3374,7.9932976,277.76508,0.3,100.0,51.0
2023-10-30 06:00:00+00:00,26.95,85.19176,1011.2396,7.9526596,264.80566,0.2,100.0,51.0
2023-10-30 07:00:00+00:00,26.55,87.48282,1010.3393,6.6185193,247.61981,0.5,100.0,53.0
2023-10-30 08:00:00+00:00,26.4,87.99597,1008.93976,7.9036193,239.9315,0.5,99.0,53.0
2023-10-30 09:00:00+00:00,27.2,83.95049,1007.9414,5.3999996,233.13002,0.2,99.0,51.0
2023-10-30 10:00:00+00:00,27.25,82.70618,1007.6415,6.6087217,240.64233,0.2,100.0,51.0
2023-10-30 11:00:00+00:00,25.9,89.018166,1008.73883,2.16,180.0,3.0,100.0,63.0
2023-10-30 12:00:00+00:00,24.45,99.70103,1009.33624,5.5887027,75.068535,4.7,100.0,63.0
2023-10-30 13:00:00+00:00,24.95,93.90625,1009.3372,3.8773184,111.801476,0.0,100.0,3.0
2023-10-30 14:00:00+00:00,24.4,95.02133,1010.6357,3.8773184,68.19853,0.0,100.0,3.0
2023-10-30 15:00:00+00:00,24.75,91.93702,1011.6359,4.3498964,24.443953,0.0,100.0,3.0
2023-10-30 16:00:00+00:00,24.5,93.04024,1012.1353,3.6,360.0,0.0,100.0,3.0
2023-10-30 17:00:00+00:00,24.3,93.03021,1012.235,3.396233,57.99466,0.0,100.0,3.0
2023-10-30 18:00:00+00:00,24.4,91.63896,1011.73517,4.1046314,37.875053,0.0,100.0,3.0
2023-10-30 19:00:00+00:00,24.3,91.91092,1010.8356,7.0911775,66.037506,0.0,100.0,3.0
2023-10-30 20:00:00+00:00,24.1,91.899254,1009.9358,3.319036,139.39879,0.0,100.0,3.0
2023-10-30 21:00:00+00:00,23.7,92.43638,1009.53534,3.4152596,161.56496,4.2,100.0,63.0
2023-10-30 22:00:00+00:00,23.6,92.71249,1009.43506,3.8268526,311.18582,3.6,100.0,63.0
2023-10-30 23:00:00+00:00,22.9,98.79506,1009.2342,4.5536795,18.435053,0.0,54.0,2.0
2023-10-31 00:00:00+00:00,22.7,98.79325,1009.8335,4.8433046,311.98712,0.0,39.0,1.0
2023-10-31 01:00:00+00:00,24.35,91.91381,1010.93555,3.7585104,73.300674,0.0,99.0,3.0
2023-10-31 02:00:00+00:00,25.1,93.07031,1011.7365,5.00128,59.743652,0.0,100.0,3.0
2023-10-31 03:00:00+00:00,26.15,89.8417,1012.43774,3.396233,32.005356,0.0,99.0,3.0
2023-10-31 04:00:00+00:00,27.65,80.06698,1012.54,1.484318,284.03625,0.0,76.0,2.0
2023-10-31 05:00:00+00:00,28.25,77.77921,1012.141,3.5455887,246.0375,0.1,98.0,51.0
2023-10-31 06:00:00+00:00,28.55,76.66425,1011.0419,5.1165614,230.71062,0.1,60.0,51.0
2023-10-31 07:00:00+00:00,28.85,77.86611,1009.843,10.383987,236.3099,0.1,66.0,51.0
2023-10-31 08:00:00+00:00,28.15,76.14348,1009.2421,9.220499,231.34016,1.9,84.0,61.0
2023-10-31 09:00:00+00:00,27.55,81.02206,1008.4415,5.8048253,277.1249,0.2,100.0,51.0
2023-10-31 10:00:00+00:00,27.5,82.73537,1008.1416,6.162207,276.70975,0.1,100.0,51.0
2023-10-31 11:00:00+00:00,27.55,81.02206,1008.7414,6.489992,273.17978,0.2,100.0,51.0
2023-10-31 12:00:00+00:00,26.5,92.587135,1009.63934,2.1897945,260.53775,0.1,100.0,51.0
2023-10-31 13:00:00+00:00,26.8,86.46311,1009.54004,8.4963045,323.61554,0.0,100.0,3.0
2023-10-31 14:00:00+00:00,26.2,89.845245,1010.9385,9.227524,339.44388,0.0,100.0,3.0
2023-10-31 15:00:00+00:00,25.6,93.374405,1012.1369,4.0249224,333.43503,0.0,96.0,3.0
2023-10-31 16:00:00+00:00,25.5,93.9305,1011.937,3.8939953,326.3099,0.0,66.0,2.0
2023-10-31 17:00:00+00:00,24.8,96.473,1011.93585,3.8773184,291.80148,0.0,100.0,3.0
2023-10-31 18:00:00+00:00,25.15,95.048485,1012.23627,3.563818,315.0001,0.0,100.0,3.0
2023-10-31 19:00:00+00:00,25.2,94.48231,1011.5366,3.2599385,353.6599,0.0,100.0,3.0
2023-10-31 20:00:00+00:00,24.8,95.03585,1011.23615,7.2359104,5.7105074,0.0,100.0,3.0
2023-10-31 21:00:00+00:00,23.8,96.44697,1010.1351,6.87779,353.9911,1.0,99.0,55.0
2023-10-31 22:00:00+00:00,23.7,94.42173,1009.63525,2.4149535,63.435013,0.0,100.0,3.0
2023-10-31 23:00:00+00:00,23.85,93.57336,1009.63525,0.5091169,224.9999,0.0,100.0,3.0
2023-11-01 00:00:00+00:00,22.95,95.839714,1010.43365,3.4152596,71.564964,0.0,100.0,3.0
2023-11-01 01:00:00+00:00,25.1,91.13004,1011.23676,5.6920996,108.43504,0.0,100.0,3.0
2023-11-01 02:00:00+00:00,26.0,91.18679,1011.43787,2.968636,75.96373,0.0,100.0,3.0
2023-11-01 03:00:00+00:00,27.0,85.70878,1011.93933,4.072935,44.999897,0.0,100.0,3.0
2023-11-01 04:00:00+00:00,27.65,81.52241,1012.0402,3.4152596,71.564964,0.0,100.0,3.0
2023-11-01 05:00:00+00:00,28.35,78.9688,1011.64124,1.08,180.0,0.0,100.0,3.0
2023-11-01 06:00:00+00:00,29.05,74.698074,1011.2428,2.8116899,230.19447,0.0,99.0,3.0
2023-11-01 07:00:00+00:00,29.05,73.80601,1010.14325,7.6367526,224.9999,0.1,42.0,51.0
2023-11-01 08:00:00+00:00,29.1,75.60736,1009.3436,11.090103,215.75398,0.1,19.0,51.0
2023-11-01 09:00:00+00:00,28.7,75.09177,1008.6433,12.229406,227.38597,0.5,60.0,53.0
2023-11-01 10:00:00+00:00,28.55,78.52513,1008.44305,10.086427,235.17543,0.0,72.0,2.0
2023-11-01 11:00:00+00:00,27.55,82.24682,1008.9413,3.671294,258.6901,2.3,72.0,61.0
2023-11-01 12:00:00+00:00,26.45,91.21492,1009.5394,1.5273507,44.999897,0.7,63.0,53.0
2023-11-01 13:00:00+00:00,26.4,87.73252,1010.0392,3.96,360.0,0.0,27.0,1.0
2023-11-01 14:00:00+00:00,25.6,90.343765,1010.73755,4.3349743,4.763556,0.0,40.0,1.0
2023-11-01 15:00:00+00:00,25.25,91.68969,1011.63654,4.3498964,24.443953,0.0,67.0,2.0
2023-11-01 16:00:00+00:00,25.3,91.417336,1012.13666,8.534353,27.645891,0.0,100.0,3.0
2023-11-01 17:00:00+00:00,24.1,95.0104,1012.1347,4.8433046,48.01287,3.7,100.0,63.0
2023-11-01 18:00:00+00:00,24.1,93.585,1011.8349,4.8433046,48.01287,0.1,100.0,51.0
2023-11-01 19:00:00+00:00,23.95,94.146515,1011.1348,4.5536795,71.564964,0.0,100.0,3.0
2023-11-01 20:00:00+00:00,24.1,93.585,1010.1356,4.1046314,127.875046,0.0,100.0,3.0
2023-11-01 21:00:00+00:00,24.7,90.55537,1009.43695,3.096837,144.46223,0.0,100.0,3.0
2023-11-01 22:00:00+00:00,23.5,95.56641,1009.13513,4.6938252,85.60138,0.0,100.0,3.0
2023-11-01 23:00:00+00:00,23.8,94.71226,1009.1355,3.6,53.13002,0.0,100.0,3.0
2023-11-02 00:00:00+00:00,23.55,94.41564,1009.7349,3.4152596,341.56494,0.0,100.0,3.0
2023-11-02 01:00:00+00:00,24.4,96.4626,1010.2359,2.2768397,71.564964,0.0,100.0,3.0
2023-11-02 02:00:00+00:00,25.1,94.76211,1010.9369,2.9024127,29.744795,0.0,100.0,3.0
2023-11-02 03:00:00+00:00,26.2,91.47226,1010.83844,2.4149535,63.435013,0.0,100.0,3.0
2023-11-02 04:00:00+00:00,27.2,85.472435,1011.23987,2.968636,75.96373,0.0,100.0,3.0
2023-11-02 05:00:00+00:00,27.65,83.74892,1011.3405,3.5455887,156.0375,0.0,96.0,3.0
2023-11-02 06:00:00+00:00,28.85,77.17038,1010.4428,6.297428,210.96368,0.0,14.0,0.0
2023-11-02 07:00:00+00:00,29.1,75.83412,1009.3436,8.287822,214.3804,0.1,28.0,51.0
2023-11-02 08:00:00+00:00,28.85,73.32972,1008.64355,11.480557,221.18582,0.4,68.0,51.0
2023-11-02 09:00:00+00:00,27.65,84.25088,1008.6417,10.315115,240.75127,4.3,96.0,63.0
2023-11-02 10:00:00+00:00,27.25,89.38721,1008.0413,3.7585104,196.69933,1.7,96.0,61.0
2023-11-02 11:00:00+00:00,26.55,90.40857,1008.3402,5.04,90.0,1.1,93.0,55.0
2023-11-02 12:00:00+00:00,25.85,90.9045,1008.8388,1.609969,153.43501,0.3,98.0,51.0
2023-11-02 13:00:00+00:00,25.55,93.092804,1009.3382,8.557102,165.37909,0.9,92.0,53.0
2023-11-02 14:00:00+00:00,25.35,92.803925,1010.03766,6.9527545,248.74942,1.0,99.0,55.0
2023-11-02 15:00:00+00:00,24.75,94.180466,1010.4365,3.319036,319.39877,0.0,100.0,3.0
2023-11-02 16:00:00+00:00,25.0,93.908485,1010.6366,6.9899354,11.888645,0.0,99.0,3.0
2023-11-02 17:00:00+00:00,24.9,93.90408,1010.9365,4.6938252,4.398633,0.0,100.0,3.0
2023-11-02 18:00:00+00:00,24.9,93.34087,1010.3368,4.896529,342.8972,0.0,100.0,3.0
2023-11-02 19:00:00+00:00,24.0,95.29431,1009.9354,5.0142193,338.9624,0.0,100.0,3.0
2023-11-02 20:00:00+00:00,24.75,94.46421,1009.1371,6.924738,351.02744,0.0,100.0,3.0
2023-11-02 21:00:00+00:00,24.25,95.30292,1008.63635,4.829907,26.564985,0.0,100.0,3.0
2023-11-02 22:00:00+00:00,24.0,94.4339,1008.1362,5.937272,345.9637,0.0,81.0,3.0
2023-11-02 23:00:00+00:00,23.3,96.14173,1008.13525,4.6800003,337.3801,0.0,100.0,3.0
2023-11-03 00:00:00+00:00,23.25,95.84887,1008.63477,4.802999,12.99463,0.0,100.0,3.0
2023-11-03 01:00:00+00:00,24.65,93.61052,1008.9368,4.5536795,108.43504,0.0,100.0,3.0
2023-11-03 02:00:00+00:00,25.8,91.72235,1009.6384,5.0911684,135.0001,0.0,100.0,3.0
2023-11-03 03:00:00+00:00,27.15,86.75459,1010.24036,4.8433046,131.98714,0.0,94.0,3.0
2023-11-03 04:00:00+00:00,28.45,77.342766,1010.4422,4.6800003,202.6199,0.3,95.0,51.0
2023-11-03 05:00:00+00:00,28.4,79.92668,1010.1423,6.1305785,229.76372,0.3,80.0,51.0
2023-11-03 06:00:00+00:00,28.75,78.78835,1009.14307,7.491114,234.78232,0.2,100.0,51.0
2023-11-03 07:00:00+00:00,27.65,85.00871,1008.14197,9.339208,242.44727,0.2,97.0,51.0
2023-11-03 08:00:00+00:00,27.9,83.52688,1007.14264,10.990322,238.39255,0.3,100.0,51.0
2023-11-03 09:00:00+00:00,26.7,84.65604,1007.04083,8.707237,209.7448,0.8,100.0,53.0
2023-11-03 10:00:00+00:00,25.15,98.22726,1007.3385,4.198285,239.0363,6.7,100.0,63.0
2023-11-03 11:00:00+00:00,26.15,97.37062,1007.7399,1.1384199,108.43504,2.8,100.0,63.0
2023-11-03 12:00:00+00:00,24.25,99.401985,1008.2366,6.763786,25.201094,0.7,100.0,53.0
2023-11-03 13:00:00+00:00,25.1,95.33196,1008.2381,2.52,90.0,0.0,100.0,3.0
2023-11-03 14:00:00+00:00,25.15,94.197334,1008.9378,5.7599998,90.0,0.0,100.0,3.0
2023-11-03 15:00:00+00:00,25.0,93.908485,1009.6371,4.829907,116.56499,0.0,100.0,3.0
2023-11-03 16:00:00+00:00,24.3,95.30465,1010.03595,4.32,90.0,0.0,100.0,3.0
2023-11-03 17:00:00+00:00,24.55,94.4562,1010.5361,4.1046314,142.12495,0.0,100.0,3.0
2023-11-03 18:00:00+00:00,24.55,94.74111,1010.23627,9.339208,117.552734,0.0,100.0,3.0
2023-11-03 19:00:00+00:00,24.2,94.72764,1009.43604,6.379216,106.38962,0.0,100.0,3.0
2023-11-03 20:00:00+00:00,24.05,95.008606,1008.8359,10.086427,124.82456,0.1,100.0,51.0
2023-11-03 21:00:00+00:00,24.2,94.15716,1008.2366,10.464797,116.56499,0.0,100.0,3.0
2023-11-03 22:00:00+00:00,24.0,93.58033,1008.2362,3.5455887,113.962494,1.0,100.0,55.0
2023-11-03 23:00:00+00:00,24.1,93.86855,1008.2366,9.957108,139.39879,1.3,100.0,61.0
2023-11-04 00:00:00+00:00,24.05,94.72189,1008.1362,6.297428,120.963684,0.4,100.0,51.0
2023-11-04 01:00:00+00:00,24.2,96.167175,1009.1361,4.6800003,67.3801,0.0,100.0,3.0
2023-11-04 02:00:00+00:00,24.6,93.326385,1009.73645,5.04,90.0,0.1,100.0,51.0
2023-11-04 03:00:00+00:00,24.9,93.06036,1010.43677,6.28713,103.24053,0.2,100.0,51.0
2023-11-04 04:00:00+00:00,25.8,90.90128,1011.1377,6.297428,149.03632,0.9,100.0,53.0
2023-11-04 05:00:00+00:00,24.45,98.8089,1010.8356,8.287822,124.3804,4.4,100.0,63.0
2023-11-04 06:00:00+00:00,23.9,99.10186,1010.4352,8.587338,146.97614,3.5,100.0,63.0
2023-11-04 07:00:00+00:00,23.85,98.80356,1009.63525,9.0,163.73972,5.1,100.0,63.0
2023-11-04 08:00:00+00:00,23.6,98.80132,1009.0352,4.6102495,141.34016,4.1,100.0,63.0
2023-11-04 09:00:00+00:00,23.85,98.50643,1008.3359,3.4152596,108.43504,5.5,100.0,63.0
2023-11-04 10:00:00+00:00,24.15,99.10353,1008.13654,3.9763298,95.19434,2.8,100.0,63.0
2023-11-04 11:00:00+00:00,24.15,99.40154,1008.2366,3.671294,101.3099,2.6,100.0,63.0
2023-11-04 12:00:00+00:00,23.95,99.40065,1009.0358,4.0249224,63.435013,3.5,100.0,63.0
2023-11-04 13:00:00+00:00,24.55,94.74111,1009.2367,3.6179552,95.7105,0.0,99.0,3.0
2023-11-04 14:00:00+00:00,24.6,95.314896,1009.8364,4.32,90.0,0.1,99.0,51.0
2023-11-04 15:00:00+00:00,23.85,99.40022,1010.93475,2.4149535,243.43501,0.9,100.0,53.0
2023-11-04 16:00:00+00:00,23.8,99.101166,1011.33453,3.6,216.86998,1.5,99.0,61.0
2023-11-04 17:00:00+00:00,23.55,98.50309,1011.1342,4.1046314,232.12495,0.3,100.0,51.0
2023-11-04 18:00:00+00:00,23.4,98.50142,1011.2338,3.4152596,288.43503,0.1,100.0,51.0
2023-11-04 19:00:00+00:00,23.3,98.798676,1010.934,4.829907,206.56499,0.1,100.0,51.0
2023-11-04 20:00:00+00:00,23.55,99.09948,1010.53455,3.4152596,161.56496,1.0,100.0,55.0
2023-11-04 21:00:00+00:00,23.65,99.39931,1009.6349,3.8939953,123.6901,1.1,100.0,55.0
2023-11-04 22:00:00+00:00,23.45,99.09878,1009.4347,3.9763298,95.19434,1.2,100.0,55.0
2023-11-04 23:00:00+00:00,23.1,99.396835,1009.3345,7.172949,72.47434,0.3,100.0,51.0
2023-11-05 00:00:00+00:00,22.7,99.09373,1009.9335,6.379216,73.61038,0.2,100.0,51.0
2023-11-05 01:00:00+00:00,23.8,93.85522,1010.33496,3.8939953,56.3099,0.0,68.0,2.0
2023-11-05 02:00:00+00:00,24.9,94.47029,1011.2364,1.1384199,341.56494,0.0,46.0,1.0
2023-11-05 03:00:00+00:00,26.4,88.790474,1011.8384,0.8049845,333.43503,0.0,67.0,2.0
2023-11-05 04:00:00+00:00,27.6,79.81993,1011.74036,2.4149535,206.56499,0.0,32.0,1.0
2023-11-05 05:00:00+00:00,28.05,77.28364,1011.4411,5.3517847,222.27362,0.0,34.0,1.0
2023-11-05 06:00:00+00:00,28.65,73.96193,1011.04224,6.638072,220.60121,0.0,38.0,1.0
2023-11-05 07:00:00+00:00,28.6,75.30199,1010.14264,9.585739,235.71307,0.1,28.0,51.0
2023-11-05 08:00:00+00:00,27.9,79.143875,1009.5416,8.435069,230.19447,0.1,26.0,51.0
2023-11-05 09:00:00+00:00,28.3,77.320625,1008.8425,6.1305785,220.23628,0.0,89.0,3.0
2023-11-05 10:00:00+00:00,27.45,80.28174,1008.54144,7.7043357,217.40543,0.2,96.0,51.0
2023-11-05 11:00:00+00:00,26.95,80.94567,1009.04065,4.73506,188.74608,0.4,98.0,51.0
2023-11-05 12:00:00+00:00,26.0,86.64856,1009.83856,5.1919937,123.690094,0.4,100.0,51.0
2023-11-05 13:00:00+00:00,26.15,88.50482,1010.0388,5.692099,34.69522,0.0,100.0,3.0
2023-11-05 14:00:00+00:00,25.4,90.05851,1010.93726,5.315336,28.30066,0.0,99.0,3.0
2023-11-05 15:00:00+00:00,25.05,90.5789,1011.9361,3.6,36.86999,0.0,99.0,3.0
2023-11-05 16:00:00+00:00,25.1,88.95604,1012.7361,5.0528407,85.91447,0.0,95.0,3.0
2023-11-05 17:00:00+00:00,25.0,89.21769,1012.53577,6.638072,102.5288,0.0,78.0,2.0
2023-11-05 18:00:00+00:00,24.6,93.326385,1012.33527,9.290511,125.537766,0.0,99.0,3.0
2023-11-05 19:00:00+00:00,24.4,93.88195,1011.6352,6.9153743,141.34016,0.0,100.0,3.0
2023-11-05 20:00:00+00:00,24.3,94.73151,1011.0355,7.491114,125.21768,0.0,100.0,3.0
2023-11-05 21:00:00+00:00,24.1,94.15289,1010.3356,6.379216,106.38962,0.0,96.0,3.0
2023-11-05 22:00:00+00:00,23.7,95.28395,1010.1351,6.5693827,80.53775,0.0,85.0,3.0
2023-11-05 23:00:00+00:00,23.45,94.98661,1010.3342,6.8399997,90.0,0.0,100.0,3.0
2023-11-06 00:00:00+00:00,23.45,94.41153,1011.03394,5.937272,75.96373,0.0,98.0,3.0
2023-11-06 01:00:00+00:00,24.25,92.466354,1010.8353,7.208994,92.86235,0.0,5.0,0.0
2023-11-06 02:00:00+00:00,25.5,90.06556,1011.43726,5.0911684,81.86999,0.0,22.0,1.0
2023-11-06 03:00:00+00:00,26.85,87.50893,1012.33875,3.6179552,95.7105,0.0,35.0,1.0
2023-11-06 04:00:00+00:00,28.15,78.70458,1012.9404,2.5959969,146.3099,0.0,89.0,3.0
2023-11-06 05:00:00+00:00,28.8,76.4725,1012.84143,4.6938257,212.47118,0.0,100.0,3.0
2023-11-06 06:00:00+00:00,28.15,78.233406,1012.2407,6.989936,214.50858,0.0,100.0,3.0
2023-11-06 07:00:00+00:00,28.15,82.81097,1011.2412,8.287822,214.3804,0.0,81.0,3.0
2023-11-06 08:00:00+00:00,28.45,79.45671,1010.1423,8.209263,217.87505,0.1,100.0,51.0
2023-11-06 09:00:00+00:00,27.65,81.03472,1009.34143,4.510787,208.61037,0.0,100.0,3.0
2023-11-06 10:00:00+00:00,27.8,79.60722,1008.9419,4.6938257,212.47118,0.0,94.0,3.0
2023-11-06 11:00:00+00:00,27.3,81.97027,1009.64056,6.725354,195.52417,0.0,95.0,3.0
2023-11-06 12:00:00+00:00,26.95,85.96093,1010.6399,3.2599385,173.6599,0.2,99.0,51.0
2023-11-06 13:00:00+00:00,25.35,95.05569,1011.8368,8.905908,14.036275,0.3,100.0,51.0
2023-11-06 14:00:00+00:00,25.0,94.191025,1012.1359,6.696387,36.253937,0.3,99.0,51.0
2023-11-06 15:00:00+00:00,24.8,94.18256,1012.8354,6.379216,16.389616,0.2,99.0,51.0
2023-11-06 16:00:00+00:00,24.65,93.328804,1013.5347,3.96,360.0,0.0,99.0,3.0
2023-11-06 17:00:00+00:00,24.4,93.88195,1013.2345,3.9763298,5.19435,0.0,100.0,3.0
2023-11-06 18:00:00+00:00,24.45,93.03774,1013.0346,2.16,90.0,0.0,100.0,3.0
2023-11-06 19:00:00+00:00,24.45,92.47719,1012.63477,7.289445,32.905247,0.0,100.0,3.0
2023-11-06 20:00:00+00:00,23.9,93.57568,1012.13434,8.39657,30.963696,0.0,100.0,3.0
2023-11-06 21:00:00+00:00,23.65,93.564,1011.33417,7.2805495,8.530692,0.0,100.0,3.0
2023-11-06 22:00:00+00:00,23.75,91.59978,1010.93475,7.5170207,343.3007,0.0,100.0,3.0
2023-11-06 23:00:00+00:00,23.75,90.21575,1010.5349,6.2145634,10.007925,0.0,100.0,3.0
2023-11-07 00:00:00+00:00,23.65,90.48433,1011.2342,6.6087217,29.357658,0.0,100.0,3.0
2023-11-07 01:00:00+00:00,24.4,90.26105,1011.3353,7.2,36.86999,0.3,100.0,51.0
2023-11-07 02:00:00+00:00,24.6,92.485306,1011.73553,6.4096174,51.842735,0.4,100.0,51.0
2023-11-07 03:00:00+00:00,25.35,93.0828,1012.5365,4.73506,81.25392,0.1,100.0,51.0
2023-11-07 04:00:00+00:00,27.15,87.01402,1012.7392,2.9024127,119.74479,0.0,27.0,1.0
2023-11-07 05:00:00+00:00,28.65,79.24675,1012.44165,4.802999,167.00539,0.0,46.0,1.0
2023-11-07 06:00:00+00:00,29.2,76.07693,1011.6426,8.654986,196.9276,0.0,11.0,0.0
2023-11-07 07:00:00+00:00,28.75,74.42524,1010.84235,11.043261,199.0257,0.6,72.0,53.0
2023-11-07 08:00:00+00:00,27.85,80.093445,1010.1413,9.904906,199.09358,0.1,98.0,51.0
2023-11-07 09:00:00+00:00,27.6,81.02834,1009.2415,4.896529,197.10281,0.0,71.0,2.0
2023-11-07 10:00:00+00:00,27.95,80.34722,1008.9419,6.696387,216.25392,0.0,98.0,3.0
2023-11-07 11:00:00+00:00,27.5,83.232544,1009.1412,2.5959969,213.6901,0.0,100.0,3.0
2023-11-07 12:00:00+00:00,24.95,94.472275,1010.5367,10.144082,62.525658,5.6,100.0,63.0
2023-11-07 13:00:00+00:00,25.95,89.8273,1010.6382,8.225035,66.80139,0.1,100.0,51.0
2023-11-07 14:00:00+00:00,25.5,91.704544,1011.43726,3.396233,57.99466,0.0,100.0,3.0
2023-11-07 15:00:00+00:00,24.9,94.754524,1012.2359,2.2768397,18.435053,0.0,100.0,3.0
2023-11-07 16:00:00+00:00,25.1,92.23441,1012.7361,2.9024127,60.255207,0.0,100.0,3.0
2023-11-07 17:00:00+00:00,25.05,91.95436,1012.3359,3.9763298,95.19434,0.0,100.0,3.0
2023-11-07 18:00:00+00:00,24.95,92.50422,1012.036,4.73506,81.25392,0.0,100.0,3.0
2023-11-07 19:00:00+00:00,24.85,92.22046,1011.536,2.7416782,66.801384,0.0,100.0,3.0
2023-11-07 20:00:00+00:00,24.35,93.87967,1010.8356,2.0991426,30.963696,0.0,100.0,3.0
2023-11-07 21:00:00+00:00,25.05,90.03379,1010.5367,2.52,180.0,0.0,100.0,3.0
2023-11-07 22:00:00+00:00,24.55,92.48265,1010.736,7.5942073,275.44025,0.0,100.0,3.0
2023-11-07 23:00:00+00:00,24.3,94.1614,1010.73566,1.5273507,135.0001,0.0,100.0,3.0
2023-11-08 00:00:00+00:00,24.2,93.87301,1010.63544,2.1897945,350.53775,0.0,100.0,3.0
2023-11-08 01:00:00+00:00,24.65,93.61052,1010.5361,6.9247384,27.897186,0.0,100.0,3.0
2023-11-08 02:00:00+00:00,25.0,93.06532,1011.1364,3.319036,49.398785,0.0,100.0,3.0
2023-11-08 03:00:00+00:00,26.0,93.11508,1011.73773,1.8,360.0,0.0,100.0,3.0
2023-11-08 04:00:00+00:00,26.85,87.770905,1011.93896,2.9024127,352.87506,0.0,100.0,3.0
2023-11-08 05:00:00+00:00,27.9,82.28858,1011.94055,3.5455887,293.9625,0.0,100.0,3.0
2023-11-08 06:00:00+00:00,28.3,78.72558,1011.3414,5.3517847,250.34608,0.2,100.0,51.0
2023-11-08 07:00:00+00:00,28.35,78.02749,1010.54175,9.504273,245.37645,0.2,100.0,51.0
2023-11-08 08:00:00+00:00,27.45,81.742676,1009.8408,4.896529,252.89719,2.5,100.0,63.0
2023-11-08 09:00:00+00:00,27.5,82.240814,1008.7414,5.0142193,248.96242,0.6,97.0,53.0
2023-11-08 10:00:00+00:00,26.35,90.39496,1008.8397,6.379216,253.61038,6.9,92.0,63.0
2023-11-08 11:00:00+00:00,25.5,87.12721,1009.73804,3.8939953,123.6901,0.8,99.0,53.0
2023-11-08 12:00:00+00:00,24.7,91.65691,1010.33655,2.9024127,97.12492,2.5,99.0,63.0
2023-11-08 13:00:00+00:00,24.15,99.40154,1010.7354,5.8603754,100.619606,0.5,100.0,53.0
2023-11-08 14:00:00+00:00,23.9,99.40044,1011.53467,5.0911684,98.13002,0.1,97.0,51.0
2023-11-08 15:00:00+00:00,23.8,99.101166,1012.33405,6.618519,135.0001,0.2,100.0,51.0
2023-11-08 16:00:00+00:00,23.6,99.399086,1012.83344,4.3498964,65.55606,0.1,100.0,51.0
2023-11-08 17:00:00+00:00,23.6,98.50366,1012.7335,1.484318,165.96373,0.0,100.0,3.0
2023-11-08 18:00:00+00:00,24.05,96.45351,1011.9345,5.3517847,132.27362,0.0,100.0,3.0
2023-11-08 19:00:00+00:00,24.1,95.29773,1011.53503,4.8965297,126.027466,0.0,100.0,3.0
2023-11-08 20:00:00+00:00,23.25,98.79819,1010.7338,1.8,53.13002,1.1,100.0,55.0
2023-11-08 21:00:00+00:00,23.5,98.80043,1010.63446,4.0249224,190.3048,5.4,100.0,63.0
2023-11-08 22:00:00+00:00,23.35,99.39796,1010.5342,2.1897945,9.462248,5.2,100.0,63.0
2023-11-08 23:00:00+00:00,23.0,99.39637,1010.73346,6.297428,30.963696,6.9,100.0,63.0
2023-11-09 00:00:00+00:00,22.95,99.69767,1010.43365,2.5455842,351.87,0.1,100.0,51.0
2023-11-09 01:00:00+00:00,23.4,99.398186,1011.3338,1.8,360.0,2.1,100.0,61.0
2023-11-09 02:00:00+00:00,23.65,99.10017,1012.3337,4.3349743,85.23644,0.7,100.0,53.0
2023-11-09 03:00:00+00:00,24.1,99.40133,1012.6345,5.2416787,74.054535,1.2,100.0,55.0
2023-11-09 04:00:00+00:00,24.2,99.10381,1013.03436,4.5536795,108.43504,1.8,100.0,61.0
2023-11-09 05:00:00+00:00,25.75,91.44487,1012.737,4.198285,149.03632,2.5,100.0,63.0
2023-11-09 06:00:00+00:00,26.55,86.180565,1012.23846,4.3349743,228.36655,0.0,98.0,3.0
2023-11-09 07:00:00+00:00,27.25,82.70618,1011.04,5.1165614,230.71062,0.0,100.0,3.0
2023-11-09 08:00:00+00:00,27.55,81.02206,1009.94086,5.8048253,262.8751,0.0,90.0,3.0
2023-11-09 09:00:00+00:00,28.0,77.509224,1009.0422,10.948973,260.53775,0.1,54.0,51.0
2023-11-09 10:00:00+00:00,27.05,82.6828,1009.04065,8.4042845,260.13425,0.0,97.0,3.0
2023-11-09 11:00:00+00:00,25.85,88.747086,1010.03827,7.42159,255.96373,0.3,100.0,51.0
2023-11-09 12:00:00+00:00,24.8,93.61748,1010.4365,3.4152596,198.43504,2.0,100.0,61.0
2023-11-09 13:00:00+00:00,24.9,94.1868,1010.83655,10.587918,324.6887,0.8,86.0,53.0
2023-11-09 14:00:00+00:00,24.9,92.22325,1011.63617,7.628263,340.70987,0.0,82.0,3.0
2023-11-09 15:00:00+00:00,24.7,93.33119,1013.13525,8.049845,349.69522,1.3,89.0,61.0
2023-11-09 16:00:00+00:00,23.9,98.80404,1013.3338,5.4477882,7.59456,2.4,100.0,61.0
2023-11-09 17:00:00+00:00,23.7,99.100464,1013.13367,5.154415,24.775122,3.1,100.0,63.0
2023-11-09 18:00:00+00:00,23.7,98.80222,1012.9338,3.8268526,41.185837,1.1,100.0,55.0
2023-11-09 19:00:00+00:00,23.7,99.100464,1012.23413,3.219938,333.43503,1.6,100.0,61.0
2023-11-09 20:00:00+00:00,23.85,97.32565,1011.63434,1.9386592,21.801476,2.1,100.0,61.0
2023-11-09 21:00:00+00:00,23.7,98.208046,1010.8347,2.16,90.0,0.7,100.0,53.0
2023-11-09 22:00:00+00:00,23.15,99.09681,1010.53394,4.510787,118.61037,0.1,100.0,51.0
2023-11-09 23:00:00+00:00,23.25,99.097466,1010.7338,3.9763298,95.19434,0.1,99.0,51.0
2023-11-10 00:00:00+00:00,23.15,99.09681,1011.1336,4.73506,98.74608,0.4,100.0,51.0
2023-11-10 01:00:00+00:00,24.25,93.59196,1011.63495,2.9024127,352.87506,0.0,100.0,3.0
2023-11-10 02:00:00+00:00,25.25,92.79875,1012.63605,3.319036,12.528798,0.0,100.0,3.0
2023-11-10 03:00:00+00:00,25.9,93.94801,1013.5366,3.319036,12.528798,0.1,100.0,51.0
2023-11-10 04:00:00+00:00,26.7,89.07973,1014.0376,4.379589,9.462248,0.3,100.0,51.0
2023-11-10 05:00:00+00:00,26.85,90.968834,1013.93805,2.0991426,329.03632,0.2,100.0,51.0
2023-11-10 06:00:00+00:00,28.1,81.82215,1013.04034,3.0547013,315.0001,0.3,100.0,51.0
2023-11-10 07:00:00+00:00,28.65,81.160866,1011.84186,3.7064266,240.94548,0.2,100.0,51.0
2023-11-10 08:00:00+00:00,28.35,80.39935,1010.9416,7.289444,249.77505,0.2,100.0,51.0
2023-11-10 09:00:00+00:00,26.55,85.151024,1010.4393,6.489992,273.17978,11.0,100.0,65.0
2023-11-10 10:00:00+00:00,26.0,94.79624,1010.43835,1.9386592,201.80147,0.8,100.0,53.0
2023-11-10 11:00:00+00:00,25.45,93.36721,1010.7373,5.937272,75.96373,1.2,100.0,55.0
2023-11-10 12:00:00+00:00,24.8,96.473,1011.23615,9.346143,74.3577,0.2,100.0,51.0
2023-11-10 13:00:00+00:00,26.15,92.292625,1011.53815,2.9024127,330.25522,0.0,90.0,3.0
2023-11-10 14:00:00+00:00,25.3,95.0539,1012.23663,3.7064266,60.94549,0.0,10.0,0.0
2023-11-10 15:00:00+00:00,24.85,95.03766,1012.7355,6.9247384,62.10283,0.0,32.0,1.0
2023-11-10 16:00:00+00:00,24.75,92.214836,1013.4351,4.1046314,74.74483,0.0,91.0,3.0
2023-11-10 17:00:00+00:00,24.5,92.75971,1013.0349,3.8268526,41.185837,0.0,100.0,3.0
2023-11-10 18:00:00+00:00,24.4,93.316734,1012.5348,4.8433046,48.01287,0.0,100.0,3.0
2023-11-10 19:00:00+00:00,23.95,94.146515,1011.6346,4.072935,44.999897,0.0,100.0,3.0
2023-11-10 20:00:00+00:00,23.5,94.41357,1010.9344,6.489992,3.179772,0.0,100.0,3.0
2023-11-10 21:00:00+00:00,23.6,92.99478,1010.53455,5.4119864,356.186,0.0,100.0,3.0
2023-11-10 22:00:00+00:00,24.85,86.541306,1009.93677,2.2768397,18.435053,0.0,100.0,3.0
2023-11-10 23:00:00+00:00,23.55,92.70984,1009.83484,4.1046314,105.25517,0.0,94.0,3.0
2023-11-11 00:00:00+00:00,23.95,93.01253,1010.6351,4.8433046,131.98714,0.0,19.0,0.0
2023-11-11 01:00:00+00:00,24.55,93.60593,1011.53564,5.154415,114.775116,0.0,84.0,3.0
2023-11-11 02:00:00+00:00,25.65,91.16482,1012.73663,6.792466,122.00535,0.0,66.0,2.0
2023-11-11 03:00:00+00:00,27.25,86.76373,1012.7392,6.519877,83.659904,0.0,95.0,3.0
2023-11-11 04:00:00+00:00,28.45,81.3781,1012.94104,3.6,126.86999,0.0,94.0,3.0
2023-11-11 05:00:00+00:00,29.3,74.291824,1012.8424,2.8799999,180.0,0.2,98.0,51.0
2023-11-11 06:00:00+00:00,29.4,73.20246,1012.0428,4.3498964,204.44394,0.2,100.0,51.0
2023-11-11 07:00:00+00:00,29.75,74.1434,1011.14374,8.78872,214.9921,0.2,80.0,51.0
2023-11-11 08:00:00+00:00,27.4,85.74807,1010.5405,4.3349743,175.23645,7.2,100.0,63.0
2023-11-11 09:00:00+00:00,27.4,88.34181,1009.7409,3.96,270.0,0.3,100.0,51.0
2023-11-11 10:00:00+00:00,26.5,92.31187,1009.7394,4.198285,300.96368,3.9,100.0,63.0
2023-11-11 11:00:00+00:00,25.75,92.547195,1010.538,8.669949,318.36655,2.4,100.0,61.0
2023-11-11 12:00:00+00:00,25.7,91.99171,1010.8379,5.0142193,291.03757,0.1,99.0,51.0
2023-11-11 13:00:00+00:00,25.9,95.92873,1010.63794,3.6179552,84.2895,0.0,100.0,3.0
2023-11-11 14:00:00+00:00,25.8,95.64036,1012.03735,3.7064266,60.94549,0.0,100.0,3.0
2023-11-11 15:00:00+00:00,25.2,96.19518,1012.53613,3.8939953,326.3099,0.0,98.0,3.0
2023-11-11 16:00:00+00:00,24.95,95.613235,1012.9356,4.8433046,311.98712,0.0,100.0,3.0
2023-11-11 17:00:00+00:00,26.05,91.73711,1013.137,2.7416782,293.1986,0.0,100.0,3.0
2023-11-11 18:00:00+00:00,24.8,95.03585,1012.8354,4.68,270.0,0.0,100.0,3.0
2023-11-11 19:00:00+00:00,25.3,93.360054,1012.13666,2.6208394,344.05453,0.0,100.0,3.0
2023-11-11 20:00:00+00:00,24.7,96.7603,1011.43604,3.396233,32.005356,0.0,100.0,3.0
2023-11-11 21:00:00+00:00,24.85,95.897354,1010.8363,3.8268526,131.18582,0.0,100.0,3.0
2023-11-11 22:00:00+00:00,24.7,94.746826,1010.53644,3.219938,153.43501,0.0,100.0,3.0
2023-11-11 23:00:00+00:00,24.1,95.58587,1010.53546,4.2136917,70.01681,0.0,100.0,3.0
2023-11-12 00:00:00+00:00,24.95,92.226036,1011.1364,2.6208394,74.054535,0.0,100.0,3.0
2023-11-12 01:00:00+00:00,24.55,91.92544,1011.53564,4.3498964,65.55606,0.0,94.0,3.0
2023-11-12 02:00:00+00:00,25.55,92.81427,1012.53674,4.8965297,53.972538,0.0,100.0,3.0
2023-11-12 03:00:00+00:00,27.15,85.212074,1013.139,2.4149535,63.435013,0.0,100.0,3.0
2023-11-12 04:00:00+00:00,28.1,77.7574,1013.54016,3.2599385,186.3401,0.0,100.0,3.0
2023-11-12 05:00:00+00:00,27.9,78.197685,1012.8401,2.968636,165.96373,0.0,99.0,3.0
2023-11-12 06:00:00+00:00,29.35,70.17344,1012.2427,2.9024127,209.7448,0.0,100.0,3.0
2023-11-12 07:00:00+00:00,29.65,68.761925,1011.44366,5.6233797,230.19447,0.0,100.0,3.0
2023-11-12 08:00:00+00:00,29.55,66.28951,1010.5437,8.714677,231.7098,0.0,97.0,3.0
2023-11-12 09:00:00+00:00,29.1,66.60247,1009.8434,8.14587,224.9999,0.0,99.0,3.0
2023-11-12 10:00:00+00:00,28.9,68.202545,1009.54315,8.14587,224.9999,0.0,64.0,2.0
2023-11-12 11:00:00+00:00,28.45,72.16248,1009.8424,6.696387,216.25392,0.0,95.0,3.0
2023-11-12 12:00:00+00:00,27.65,81.27823,1010.241,4.3349743,221.63345,0.0,93.0,3.0
2023-11-12 13:00:00+00:00,26.95,87.51761,1010.93976,4.6102495,141.34016,0.0,98.0,3.0
2023-11-12 14:00:00+00:00,26.4,88.52497,1012.03827,3.8939953,123.6901,0.0,100.0,3.0
2023-11-12 15:00:00+00:00,25.85,90.9045,1012.737,3.7064266,119.05451,0.0,100.0,3.0
2023-11-12 16:00:00+00:00,25.7,90.07962,1013.1368,2.8116899,39.805527,0.0,100.0,3.0
2023-11-12 17:00:00+00:00,25.15,90.3129,1013.0359,6.4096174,38.157276,0.0,100.0,3.0
2023-11-12 18:00:00+00:00,24.9,89.480385,1013.0355,6.989936,55.491425,0.0,100.0,3.0
2023-11-12 19:00:00+00:00,24.85,88.936554,1012.33563,4.8965297,53.972538,0.0,100.0,3.0
2023-11-12 20:00:00+00:00,24.45,91.08877,1011.73517,4.0249224,10.304792,0.0,98.0,3.0
2023-11-12 21:00:00+00:00,24.3,90.528404,1010.93555,4.0249224,10.304792,0.0,100.0,3.0
2023-11-12 22:00:00+00:00,24.65,89.19098,1010.1362,6.130579,356.6336,0.0,99.0,3.0
2023-11-12 23:00:00+00:00,24.4,92.47452,1010.03595,6.725354,344.47583,0.0,48.0,1.0
2023-11-13 00:00:00+00:00,23.95,91.8905,1010.5351,6.489992,356.82022,0.0,100.0,3.0
2023-11-13 01:00:00+00:00,24.3,89.16415,1011.2354,2.9024127,82.875084,0.0,99.0,3.0
2023-11-13 02:00:00+00:00,25.2,89.50271,1012.0364,2.9024127,97.12492,0.0,99.0,3.0
2023-11-13 03:00:00+00:00,26.75,88.02525,1012.5387,2.9024127,97.12492,0.0,66.0,2.0
2023-11-13 04:00:00+00:00,28.45,75.50517,1012.5412,2.3051248,128.65984,0.0,100.0,3.0
2023-11-13 05:00:00+00:00,28.95,70.09949,1012.4419,3.9763298,174.80566,0.0,100.0,3.0
2023-11-13 06:00:00+00:00,29.4,69.130905,1012.0428,4.68,180.0,0.0,100.0,3.0
2023-11-13 07:00:00+00:00,29.45,69.14039,1010.94354,5.771239,183.57626,0.0,100.0,3.0
2023-11-13 08:00:00+00:00,29.2,71.42756,1010.14325,8.654986,196.9276,0.2,100.0,51.0
2023-11-13 09:00:00+00:00,28.65,71.97957,1009.443,10.787993,205.7099,0.2,100.0,51.0
2023-11-13 10:00:00+00:00,28.35,72.58323,1009.0424,11.983188,212.73521,0.0,100.0,3.0
2023-11-13 11:00:00+00:00,28.05,77.75013,1009.34204,10.195057,222.13753,0.0,100.0,3.0
2023-11-13 12:00:00+00:00,27.7,78.641396,1009.8412,6.638072,229.39879,0.0,100.0,3.0
2023-11-13 13:00:00+00:00,27.65,77.69181,1009.9412,7.2,216.86998,0.0,100.0,3.0
2023-11-13 14:00:00+00:00,26.9,84.423256,1010.7395,4.6800003,247.3801,0.0,100.0,3.0
2023-11-13 15:00:00+00:00,27.65,75.37858,1011.74036,0.8049845,153.43501,0.0,100.0,3.0
2023-11-13 16:00:00+00:00,26.05,86.65319,1012.43744,3.6,126.86999,0.1,100.0,51.0
2023-11-13 17:00:00+00:00,26.25,82.83888,1012.7376,4.802999,192.99461,0.0,100.0,3.0
2023-11-13 18:00:00+00:00,26.05,85.61492,1012.53735,4.8433046,228.01286,0.0,100.0,3.0
2023-11-13 19:00:00+00:00,25.95,86.90537,1011.83765,7.8954163,226.8476,0.0,100.0,3.0
2023-11-13 20:00:00+00:00,25.2,88.96386,1011.1368,3.563818,224.9999,1.6,100.0,61.0
2023-11-13 21:00:00+00:00,25.65,86.61605,1010.0379,2.9024127,299.74478,0.0,100.0,3.0
2023-11-13 22:00:00+00:00,24.45,93.319115,1009.7361,3.8939953,326.3099,0.1,100.0,51.0
2023-11-13 23:00:00+00:00,24.25,94.15927,1009.8358,4.6938257,302.47116,0.0,100.0,3.0
2023-11-14 00:00:00+00:00,24.6,93.60821,1010.3362,7.729527,297.75842,0.0,99.0,3.0
2023-11-14 01:00:00+00:00,25.15,91.683784,1011.23676,5.0911684,171.86998,0.0,100.0,3.0
2023-11-14 02:00:00+00:00,25.8,88.210686,1012.23724,6.989936,214.50858,1.6,76.0,61.0
2023-11-14 03:00:00+00:00,26.0,88.22716,1013.137,4.3498964,204.44394,0.4,100.0,51.0
2023-11-14 04:00:00+00:00,26.65,88.2806,1013.63776,4.3498964,245.55606,0.5,95.0,53.0
2023-11-14 05:00:00+00:00,26.85,86.727036,1013.23834,6.792466,237.99466,3.0,87.0,63.0
2023-11-14 06:00:00+00:00,25.85,86.89626,1012.637,8.287822,272.4895,5.1,94.0,63.0
2023-11-14 07:00:00+00:00,26.15,86.40204,1011.2383,6.28713,293.6294,0.3,98.0,51.0
2023-11-14 08:00:00+00:00,27.35,84.47106,1009.7409,4.2136917,289.9832,0.3,98.0,51.0
2023-11-14 09:00:00+00:00,27.9,81.79778,1008.742,4.3498964,245.55606,0.1,100.0,51.0
2023-11-14 10:00:00+00:00,27.2,83.69915,1008.2412,4.6938257,237.52882,0.0,100.0,3.0
2023-11-14 11:00:00+00:00,27.0,84.18092,1008.54083,6.12,241.92761,0.0,100.0,3.0
2023-11-14 12:00:00+00:00,26.4,89.056725,1009.4395,4.2136917,250.0168,0.0,100.0,3.0
2023-11-14 13:00:00+00:00,26.55,85.92219,1009.43976,4.73506,261.2539,0.0,97.0,3.0
2023-11-14 14:00:00+00:00,26.6,83.12988,1010.2394,4.5536795,251.56496,0.0,95.0,3.0
2023-11-14 15:00:00+00:00,27.0,78.780716,1011.2396,1.08,180.0,0.0,99.0,3.0
2023-11-14 16:00:00+00:00,24.85,90.01963,1012.4356,13.37825,113.80595,0.1,100.0,51.0
2023-11-14 17:00:00+00:00,24.45,87.56394,1012.5348,6.618519,135.0001,0.0,99.0,3.0
2023-11-14 18:00:00+00:00,24.6,87.84359,1012.43524,4.8433046,131.98714,0.0,99.0,3.0
2023-11-14 19:00:00+00:00,24.2,90.24714,1011.9349,3.4152596,71.564964,0.0,100.0,3.0
2023-11-14 20:00:00+00:00,24.05,91.06323,1011.0349,1.2979984,33.6901,0.1,100.0,51.0
2023-11-14 21:00:00+00:00,24.05,89.689384,1010.3352,5.1919937,56.309914,0.0,100.0,3.0
2023-11-14 22:00:00+00:00,23.65,91.59379,1010.0347,5.6233797,50.194473,0.0,100.0,3.0
2023-11-14 23:00:00+00:00,23.7,91.31841,1009.9352,4.8433046,41.98713,0.0,100.0,3.0
2023-11-15 00:00:00+00:00,23.7,91.31841,1010.33496,2.9024127,29.744795,0.0,99.0,3.0
2023-11-15 01:00:00+00:00,24.7,90.55537,1011.13617,3.2599385,83.659904,0.1,100.0,51.0
2023-11-15 02:00:00+00:00,25.8,91.44792,1011.8374,2.5455842,98.13002,0.1,88.0,51.0
2023-11-15 03:00:00+00:00,26.95,86.47713,1012.73895,1.08,360.0,0.1,100.0,51.0
2023-11-15 04:00:00+00:00,27.8,83.018135,1013.13995,1.835647,281.3099,0.1,79.0,51.0
2023-11-15 05:00:00+00:00,28.55,79.23308,1012.74115,4.1046314,254.74483,0.0,43.0,1.0
2023-11-15 06:00:00+00:00,29.05,76.281876,1011.84247,6.193674,234.46223,0.1,22.0,51.0
2023-11-15 07:00:00+00:00,29.25,73.83925,1010.54346,9.178235,228.17992,0.0,24.0,1.0
2023-11-15 08:00:00+00:00,28.9,74.6738,1009.54315,11.753876,220.0302,0.1,19.0,51.0
2023-11-15 09:00:00+00:00,28.45,77.57518,1009.0428,10.990322,211.60745,0.0,32.0,1.0
2023-11-15 10:00:00+00:00,28.6,75.5288,1008.6433,11.609651,209.7448,0.0,31.0,1.0
2023-11-15 11:00:00+00:00,27.9,76.33496,1009.44165,10.587917,197.81898,0.2,68.0,51.0
2023-11-15 12:00:00+00:00,27.0,87.000496,1010.2401,5.634891,153.43501,0.0,94.0,3.0
2023-11-15 13:00:00+00:00,26.3,90.66221,1010.53864,5.4119864,86.186005,0.1,91.0,51.0
2023-11-15 14:00:00+00:00,26.1,90.10767,1011.038,4.3349743,131.63345,0.1,99.0,51.0
2023-11-15 15:00:00+00:00,25.6,91.986,1011.7371,3.396233,122.00535,0.0,95.0,3.0
2023-11-15 16:00:00+00:00,25.45,92.2539,1012.03674,4.452954,104.03627,0.0,100.0,3.0
2023-11-15 17:00:00+00:00,25.0,93.908485,1011.9361,3.396233,122.00535,0.0,100.0,3.0
2023-11-15 18:00:00+00:00,24.5,94.45413,1011.73553,5.0142193,111.03758,0.0,99.0,3.0
2023-11-15 19:00:00+00:00,24.45,94.16777,1011.2354,4.2136917,109.98319,0.0,99.0,3.0
2023-11-15 20:00:00+00:00,24.85,91.66586,1010.33655,4.1046314,105.25517,0.0,79.0,2.0
2023-11-15 21:00:00+00:00,24.9,90.84276,1009.73706,6.28713,113.62939,0.0,19.0,0.0
2023-11-15 22:00:00+00:00,24.9,91.39277,1009.4372,6.12,118.072395,0.0,39.0,1.0
2023-11-15 23:00:00+00:00,24.65,94.74496,1009.53656,7.8954163,136.8476,0.0,39.0,1.0
2023-11-16 00:00:00+00:00,25.0,94.191025,1010.2368,6.638072,130.60121,0.0,14.0,0.0
2023-11-16 01:00:00+00:00,25.3,88.97166,1011.0372,7.10031,120.46546,0.0,82.0,3.0
2023-11-16 02:00:00+00:00,26.55,89.60227,1011.6387,5.3517847,137.72638,0.0,17.0,0.0
2023-11-16 03:00:00+00:00,28.05,80.84301,1012.3407,5.506941,168.69011,0.0,19.0,0.0
2023-11-16 04:00:00+00:00,28.75,78.31878,1012.84143,7.69592,190.78426,0.0,25.0,1.0
2023-11-16 05:00:00+00:00,29.1,76.74726,1012.74207,10.163227,202.93213,0.0,19.0,0.0
2023-11-16 06:00:00+00:00,29.3,75.187386,1012.0428,9.387651,212.47118,0.0,18.0,0.0
2023-11-16 07:00:00+00:00,29.3,74.514824,1011.1431,9.0,216.86998,0.1,48.0,51.0
2023-11-16 08:00:00+00:00,29.15,75.16352,1010.34314,10.948973,223.66785,0.0,75.0,2.0
2023-11-16 09:00:00+00:00,28.8,76.93223,1009.5429,13.783817,229.23648,0.0,62.0,2.0
2023-11-16 10:00:00+00:00,28.1,79.88673,1009.2421,12.984975,226.12321,0.1,57.0,51.0
2023-11-16 11:00:00+00:00,27.75,81.779434,1009.8412,9.178235,221.82008,0.2,64.0,51.0
2023-11-16 12:00:00+00:00,26.9,89.361115,1010.7395,2.9024127,172.87508,0.1,98.0,51.0
2023-11-16 13:00:00+00:00,26.75,87.50023,1010.9394,4.1046314,307.87503,0.1,49.0,51.0
2023-11-16 14:00:00+00:00,26.25,89.04514,1011.7381,3.7064266,330.9455,0.0,73.0,2.0
2023-11-16 15:00:00+00:00,25.55,92.81427,1012.8366,4.510787,298.61035,0.0,94.0,3.0
2023-11-16 16:00:00+00:00,25.85,91.17736,1013.33673,6.379216,343.61038,0.0,99.0,3.0
2023-11-16 17:00:00+00:00,25.3,92.80133,1013.2362,5.8048253,352.87506,0.0,100.0,3.0
2023-11-16 18:00:00+00:00,24.9,93.90408,1013.0355,5.5887027,345.06854,0.0,99.0,3.0
2023-11-16 19:00:00+00:00,24.75,92.77276,1012.23566,5.4119864,356.186,0.0,96.0,3.0
2023-11-16 20:00:00+00:00,24.2,94.72764,1011.63495,4.510787,298.61035,0.0,93.0,3.0
2023-11-16 21:00:00+00:00,24.25,94.15927,1011.0353,3.2399998,360.0,0.0,95.0,3.0
2023-11-16 22:00:00+00:00,24.65,89.73324,1010.5361,7.127636,44.999897,0.0,100.0,3.0
2023-11-16 23:00:00+00:00,24.0,92.73353,1010.2353,3.396233,32.005356,0.1,100.0,51.0
2023-11-17 00:00:00+00:00,24.4,90.26105,1010.93555,7.072878,75.25639,0.1,100.0,51.0
2023-11-17 01:00:00+00:00,25.4,93.08533,1011.437,3.319036,192.5288,0.0,100.0,3.0
2023-11-17 02:00:00+00:00,26.35,89.31988,1012.03827,3.0758414,110.55613,0.0,100.0,3.0
2023-11-17 03:00:00+00:00,27.0,86.740814,1012.639,2.8799999,90.0,0.0,82.0,3.0
2023-11-17 04:00:00+00:00,28.2,82.078964,1012.4409,1.484318,75.96373,0.0,77.0,2.0
2023-11-17 05:00:00+00:00,29.3,75.41274,1012.0428,1.5273507,224.9999,0.0,68.0,2.0
2023-11-17 06:00:00+00:00,29.85,74.8269,1011.5436,4.39436,235.0079,0.0,22.0,1.0
2023-11-17 07:00:00+00:00,29.75,76.61645,1010.644,7.491114,234.78232,0.1,32.0,51.0
2023-11-17 08:00:00+00:00,28.65,80.43839,1009.94275,9.686609,221.98714,2.5,77.0,63.0
2023-11-17 09:00:00+00:00,27.75,85.52719,1009.04156,0.35999998,90.0,0.2,82.0,51.0
2023-11-17 10:00:00+00:00,28.25,84.06464,1008.74255,2.9024127,330.25522,0.1,63.0,51.0
2023-11-17 11:00:00+00:00,28.2,81.83432,1008.74255,1.835647,348.6901,0.2,55.0,51.0
2023-11-17 12:00:00+00:00,27.65,86.02849,1009.7413,1.484318,14.036275,0.2,74.0,51.0
2023-11-17 13:00:00+00:00,27.1,92.07134,1009.94025,4.510787,61.389645,0.0,93.0,3.0
2023-11-17 14:00:00+00:00,26.6,93.69983,1010.53925,2.4149535,26.564985,0.0,84.0,3.0
2023-11-17 15:00:00+00:00,26.5,92.587135,1011.5385,2.8116899,39.805527,0.0,44.0,1.0
2023-11-17 16:00:00+00:00,26.3,91.205605,1012.0379,5.1165614,39.289394,0.0,94.0,3.0
2023-11-17 17:00:00+00:00,25.9,90.63567,1011.8374,4.896529,17.102825,0.8,99.0,53.0
2023-11-17 18:00:00+00:00,24.65,93.04782,1012.0354,12.661564,75.17348,2.8,100.0,63.0
2023-11-17 19:00:00+00:00,23.55,96.73275,1011.2342,2.1897945,80.53775,2.4,100.0,61.0
2023-11-17 20:00:00+00:00,23.9,95.003105,1010.93494,4.6938257,32.471172,0.1,99.0,51.0
2023-11-17 21:00:00+00:00,23.55,99.09948,1010.1347,3.563818,44.999897,0.1,100.0,51.0
2023-11-17 22:00:00+00:00,23.5,99.09916,1010.2347,2.4149535,153.43501,0.1,95.0,51.0
2023-11-17 23:00:00+00:00,23.75,98.80264,1010.0351,2.968636,75.96373,0.1,89.0,51.0
2023-11-18 00:00:00+00:00,23.4,99.09849,1010.4342,4.198285,59.03632,0.1,100.0,51.0
2023-11-18 01:00:00+00:00,24.9,94.754524,1010.83655,3.396233,147.99466,0.0,42.0,1.0
2023-11-18 02:00:00+00:00,25.65,95.63559,1011.1373,2.5455842,81.86999,0.0,20.0,1.0
2023-11-18 03:00:00+00:00,26.95,88.305145,1011.83936,0.35999998,180.0,0.0,28.0,1.0
2023-11-18 04:00:00+00:00,28.15,81.34073,1012.14075,3.0758414,200.55612,0.0,29.0,1.0
2023-11-18 05:00:00+00:00,28.6,82.371666,1011.94183,3.6,216.86998,0.1,45.0,51.0
2023-11-18 06:00:00+00:00,29.05,80.72982,1011.4427,5.0911684,224.9999,0.1,40.0,51.0
2023-11-18 07:00:00+00:00,29.35,77.706276,1010.2436,9.19939,210.57915,0.1,100.0,51.0
2023-11-18 08:00:00+00:00,27.3,87.02753,1009.54065,7.4128532,209.0545,8.7,94.0,65.0
2023-11-18 09:00:00+00:00,27.1,87.00952,1009.04065,5.1165614,230.71062,0.3,100.0,51.0
2023-11-18 10:00:00+00:00,26.4,89.85962,1008.8397,5.937272,345.9637,2.0,100.0,61.0
2023-11-18 11:00:00+00:00,25.3,91.96875,1009.138,1.835647,11.3098955,5.1,98.0,63.0
2023-11-18 12:00:00+00:00,25.2,92.23998,1009.83734,1.1384199,18.435053,0.3,99.0,51.0
2023-11-18 13:00:00+00:00,25.8,93.94365,1009.8383,3.7585104,73.300674,0.0,100.0,3.0
2023-11-18 14:00:00+00:00,25.2,95.90786,1010.33716,3.2599385,83.659904,0.0,96.0,3.0
2023-11-18 15:00:00+00:00,25.3,94.20363,1011.2371,3.96,90.0,0.0,97.0,3.0
2023-11-18 16:00:00+00:00,24.95,95.04126,1012.036,1.835647,168.69011,0.0,100.0,3.0
2023-11-18 17:00:00+00:00,24.8,95.895874,1011.8358,3.2599385,173.6599,0.0,100.0,3.0
2023-11-18 18:00:00+00:00,24.75,92.214836,1012.23566,4.3349743,184.76355,0.5,100.0,53.0
2023-11-18 19:00:00+00:00,24.0,99.400856,1012.5342,5.8603754,312.5104,5.3,100.0,63.0
2023-11-18 20:00:00+00:00,24.2,96.74834,1011.1352,7.754637,21.801476,0.2,97.0,51.0
2023-11-18 21:00:00+00:00,23.95,97.03462,1010.5351,7.5685663,92.72626,0.0,100.0,3.0
2023-11-18 22:00:00+00:00,23.6,99.399086,1010.2347,4.0249224,116.56499,0.1,100.0,51.0
2023-11-18 23:00:00+00:00,23.35,99.39796,1009.8345,4.3349743,94.76356,0.1,100.0,51.0
2023-11-19 00:00:00+00:00,23.4,98.799576,1010.2343,4.452954,104.03627,0.0,99.0,3.0
2023-11-19 01:00:00+00:00,24.7,96.470406,1010.1366,7.5685663,334.65387,0.0,100.0,3.0
2023-11-19 02:00:00+00:00,25.5,95.34557,1010.9375,2.6208394,285.94547,0.0,100.0,3.0
2023-11-19 03:00:00+00:00,26.5,89.06436,1012.5381,2.3051248,141.34016,0.0,100.0,3.0
2023-11-19 04:00:00+00:00,26.4,88.2601,1012.638,6.28713,76.75947,4.7,100.0,63.0
2023-11-19 05:00:00+00:00,27.1,83.939545,1012.2392,1.2979984,56.309914,0.2,100.0,51.0
2023-11-19 06:00:00+00:00,27.55,87.309425,1011.74,7.7879906,123.6901,0.4,100.0,51.0
2023-11-19 07:00:00+00:00,26.45,89.327354,1011.03876,8.669949,131.63345,6.9,100.0,63.0
2023-11-19 08:00:00+00:00,26.5,89.06436,1010.23914,7.10031,149.53453,0.3,100.0,51.0
2023-11-19 09:00:00+00:00,26.35,87.72821,1009.8393,9.659814,153.43501,8.5,100.0,65.0
2023-11-19 10:00:00+00:00,25.65,91.98888,1009.5381,5.815978,158.19853,2.7,100.0,63.0
2023-11-19 11:00:00+00:00,25.85,91.725266,1009.43854,1.609969,116.56499,0.3,100.0,51.0
2023-11-19 12:00:00+00:00,25.75,94.222496,1009.9383,4.2136917,199.9832,0.3,100.0,51.0
2023-11-19 13:00:00+00:00,24.35,99.40244,1010.2359,3.671294,78.6901,0.2,100.0,51.0
2023-11-19 14:00:00+00:00,23.95,99.10214,1010.5351,3.671294,78.6901,0.1,100.0,51.0
2023-11-19 15:00:00+00:00,24.6,93.89077,1011.4357,4.0249224,100.30479,0.0,100.0,3.0
2023-11-19 16:00:00+00:00,24.15,93.87082,1011.63495,3.96,90.0,0.0,100.0,3.0
2023-11-19 17:00:00+00:00,25.4,88.444145,1011.437,3.0758414,110.55613,0.0,100.0,3.0
2023-11-19 18:00:00+00:00,25.05,89.221504,1010.9365,1.609969,333.43503,0.0,99.0,3.0
2023-11-19 19:00:00+00:00,23.15,97.90362,1010.334,3.0758414,20.556128,0.0,95.0,3.0
2023-11-19 20:00:00+00:00,23.9,93.01001,1009.6355,3.396233,32.005356,0.0,100.0,3.0
2023-11-19 21:00:00+00:00,23.85,92.725655,1009.1355,3.4152596,18.435053,0.0,97.0,3.0
2023-11-19 22:00:00+00:00,23.7,92.71775,1008.63574,4.198285,30.963696,0.0,24.0,1.0
2023-11-19 23:00:00+00:00,22.8,94.38493,1008.7341,5.0142193,68.96242,0.0,73.0,2.0
2023-11-20 00:00:00+00:00,24.05,89.14493,1009.13574,2.9024127,97.12492,0.0,94.0,3.0
2023-11-20 01:00:00+00:00,24.15,87.80508,1010.43555,3.5455887,23.962492,0.0,97.0,3.0
2023-11-20 02:00:00+00:00,25.4,88.444145,1011.2371,2.968636,345.9637,0.0,79.0,2.0
2023-11-20 03:00:00+00:00,26.65,88.2806,1012.23846,3.9763298,354.80566,0.0,78.0,2.0
2023-11-20 04:00:00+00:00,28.0,82.79353,1012.4407,3.8939953,326.3099,0.0,41.0,1.0
2023-11-20 05:00:00+00:00,29.0,74.01986,1012.24194,3.096837,305.53775,0.0,44.0,1.0
2023-11-20 06:00:00+00:00,29.7,68.979294,1011.44366,3.8939953,303.6901,0.0,25.0,1.0
2023-11-20 07:00:00+00:00,29.95,69.44363,1010.24445,5.4477882,262.40546,0.0,6.0,0.0
2023-11-20 08:00:00+00:00,29.8,69.834785,1009.34454,6.9247384,242.10283,0.0,17.0,0.0
2023-11-20 09:00:00+00:00,29.3,72.093666,1008.74426,8.78872,235.0079,0.0,23.0,1.0
2023-11-20 10:00:00+00:00,28.95,71.382904,1008.44366,7.729527,242.24155,0.0,32.0,1.0
2023-11-20 11:00:00+00:00,28.7,72.86337,1008.6433,6.9899354,258.11136,0.0,21.0,1.0
2023-11-20 12:00:00+00:00,28.1,78.69754,1009.54193,6.638072,257.4712,0.0,100.0,3.0
2023-11-20 13:00:00+00:00,28.0,81.078995,1009.94183,1.1384199,108.43504,0.0,100.0,3.0
2023-11-20 14:00:00+00:00,27.9,81.06638,1010.7411,1.5273507,315.0001,0.0,99.0,3.0
2023-11-20 15:00:00+00:00,26.75,86.71784,1011.23926,1.484318,75.96373,0.0,100.0,3.0
2023-11-20 16:00:00+00:00,26.3,87.19879,1011.1383,3.219938,116.56499,0.0,90.0,3.0
2023-11-20 17:00:00+00:00,25.7,87.14513,1011.23773,8.427383,109.98319,0.0,78.0,2.0
2023-11-20 18:00:00+00:00,25.4,86.59277,1010.8373,4.1046314,105.25517,0.0,84.0,3.0
2023-11-20 19:00:00+00:00,25.1,86.827614,1010.43713,3.6179552,95.7105,0.0,100.0,3.0
2023-11-20 20:00:00+00:00,24.95,85.50505,1009.5372,2.9024127,60.255207,0.0,100.0,3.0
2023-11-20 21:00:00+00:00,24.7,83.41859,1008.9372,4.3349743,41.63345,0.0,100.0,3.0
2023-11-20 22:00:00+00:00,24.35,84.14826,1008.6366,7.24486,26.564985,0.0,100.0,3.0
2023-11-20 23:00:00+00:00,24.1,84.12092,1008.5364,6.792466,32.005356,0.0,100.0,3.0
2023-11-21 00:00:00+00:00,23.85,84.61162,1009.1355,6.4096174,38.157276,0.0,100.0,3.0
2023-11-21 01:00:00+00:00,24.2,81.58844,1009.53595,6.638072,49.398785,0.0,81.0,3.0
2023-11-21 02:00:00+00:00,25.6,84.28394,1010.3377,4.6938257,57.528828,0.0,96.0,3.0
2023-11-21 03:00:00+00:00,27.85,78.89941,1011.34076,1.484318,75.96373,0.0,100.0,3.0
2023-11-21 04:00:00+00:00,29.05,74.25088,1011.4427,1.484318,284.03625,0.0,99.0,3.0
2023-11-21 05:00:00+00:00,29.75,71.31103,1011.0438,5.00128,239.74365,0.0,94.0,3.0
2023-11-21 06:00:00+00:00,29.95,72.20709,1010.24445,5.8048253,240.2552,0.0,63.0,2.0
2023-11-21 07:00:00+00:00,30.1,74.20078,1009.0453,6.489992,236.3099,0.0,66.0,2.0
2023-11-21 08:00:00+00:00,29.6,76.82236,1007.9449,8.913181,226.63654,0.1,63.0,51.0
2023-11-21 09:00:00+00:00,29.4,74.53106,1007.34485,8.39657,239.0363,0.5,98.0,53.0
2023-11-21 10:00:00+00:00,27.55,80.53661,1007.44196,3.5455887,156.0375,0.8,99.0,53.0
2023-11-21 11:00:00+00:00,26.45,86.950806,1008.0401,8.78872,34.9921,0.3,100.0,51.0
2023-11-21 12:00:00+00:00,26.1,90.10767,1009.03894,8.4042845,80.13426,0.0,100.0,3.0
2023-11-21 13:00:00+00:00,27.1,84.95218,1009.4405,9.3876505,175.60138,0.0,99.0,3.0
2023-11-21 14:00:00+00:00,26.85,85.69403,1010.33966,7.24486,153.43501,0.0,100.0,3.0
2023-11-21 15:00:00+00:00,26.5,86.95532,1010.7389,4.0249224,116.56499,0.0,100.0,3.0
2023-11-21 16:00:00+00:00,26.5,86.17579,1011.73846,4.3498964,155.55606,0.0,100.0,3.0
2023-11-21 17:00:00+00:00,25.9,90.90772,1011.33765,3.671294,168.69011,0.0,100.0,3.0
2023-11-21 18:00:00+00:00,25.9,90.09366,1011.0378,4.73506,171.25392,0.7,100.0,53.0
2023-11-21 19:00:00+00:00,24.2,99.40178,1010.7354,6.638072,130.60121,11.2,100.0,65.0
2023-11-21 20:00:00+00:00,24.75,95.894325,1009.83673,6.8777895,132.87889,0.2,100.0,51.0
2023-11-21 21:00:00+00:00,24.95,94.75636,1008.6375,7.7043357,142.59457,0.1,100.0,51.0
2023-11-21 22:00:00+00:00,24.5,96.46518,1008.63696,7.24486,116.56499,1.0,100.0,55.0
2023-11-21 23:00:00+00:00,23.85,99.40022,1008.83563,2.0991426,59.03632,0.5,100.0,53.0
2023-11-22 00:00:00+00:00,23.65,99.39931,1009.7349,1.8,36.86999,2.5,100.0,63.0
2023-11-22 01:00:00+00:00,25.7,91.16794,1009.8383,1.2979984,303.6901,0.0,100.0,3.0
2023-11-22 02:00:00+00:00,26.0,90.37112,1011.038,2.5455842,188.13002,1.5,100.0,61.0
2023-11-22 03:00:00+00:00,26.35,91.48137,1011.5385,6.28713,156.3706,1.0,100.0,55.0
2023-11-22 04:00:00+00:00,26.8,85.94644,1011.63904,9.83268,156.2505,0.2,100.0,51.0
2023-11-22 05:00:00+00:00,27.75,79.84001,1011.54047,9.904906,160.90642,0.1,100.0,51.0
2023-11-22 06:00:00+00:00,28.0,81.322014,1010.8414,13.910169,169.56258,0.1,100.0,51.0
2023-11-22 07:00:00+00:00,26.0,88.492714,1010.2384,15.484185,162.40749,13.2,100.0,65.0
2023-11-22 08:00:00+00:00,26.1,87.4435,1009.13885,13.661038,161.56496,0.5,100.0,53.0
2023-11-22 09:00:00+00:00,26.2,90.92709,1008.53955,13.217443,150.64235,0.3,100.0,51.0
2023-11-22 10:00:00+00:00,26.15,89.8417,1008.4396,11.753876,139.9698,1.8,100.0,61.0
2023-11-22 11:00:00+00:00,25.9,92.27882,1008.73883,10.44,133.60289,3.1,100.0,63.0
2023-11-22 12:00:00+00:00,25.6,93.93485,1008.83844,7.8954163,136.8476,0.1,100.0,51.0
2023-11-22 13:00:00+00:00,24.65,99.10686,1009.6365,5.0911684,188.13002,0.3,100.0,51.0
2023-11-22 14:00:00+00:00,24.4,98.80849,1009.83606,3.96,180.0,1.0,100.0,55.0
2023-11-22 15:00:00+00:00,24.35,99.40244,1010.93555,4.198285,149.03632,0.2,100.0,51.0
2023-11-22 16:00:00+00:00,24.55,95.88835,1011.53564,10.028439,111.03758,2.1,100.0,61.0
2023-11-22 17:00:00+00:00,23.8,99.40001,1011.23456,9.107359,108.43504,0.6,100.0,53.0
2023-11-22 18:00:00+00:00,23.55,99.09948,1010.83435,7.5942073,95.44024,0.5,100.0,53.0
2023-11-22 19:00:00+00:00,23.25,99.097466,1010.2341,7.208994,87.13766,0.2,100.0,51.0
2023-11-22 20:00:00+00:00,23.95,93.294876,1009.13574,6.924738,81.02746,0.1,100.0,51.0
2023-11-22 21:00:00+00:00,23.6,95.28049,1008.83527,9.746631,94.23632,2.9,100.0,63.0
2023-11-22 22:00:00+00:00,23.2,99.39728,1008.235,4.1046314,105.25517,1.4,100.0,61.0
2023-11-22 23:00:00+00:00,23.8,94.99947,1008.5358,9.3876505,94.39862,0.9,100.0,53.0
2023-11-23 00:00:00+00:00,23.7,94.70836,1009.0356,13.849476,98.97255,0.1,100.0,51.0
2023-11-23 01:00:00+00:00,23.75,95.8641,1009.8352,11.043261,109.025696,0.8,100.0,53.0
2023-11-23 02:00:00+00:00,23.4,99.09849,1010.5342,8.473393,102.26476,0.9,100.0,53.0
2023-11-23 03:00:00+00:00,24.5,93.60355,1011.2358,10.805998,119.98155,0.5,100.0,53.0
2023-11-23 04:00:00+00:00,25.25,93.077805,1011.23676,9.220499,128.65984,0.4,100.0,51.0
2023-11-23 05:00:00+00:00,25.15,99.11017,1010.8369,8.373386,115.46331,1.0,100.0,55.0
2023-11-23 06:00:00+00:00,26.3,91.47835,1009.8389,9.290511,125.537766,1.6,100.0,61.0
2023-11-23 07:00:00+00:00,27.25,91.26468,1008.84094,8.161764,131.42357,0.5,100.0,53.0
2023-11-23 08:00:00+00:00,27.45,86.52375,1007.9418,9.107359,161.56496,0.4,100.0,51.0
2023-11-23 09:00:00+00:00,26.6,86.964386,1007.14075,10.829959,164.57777,0.7,97.0,53.0
2023-11-23 10:00:00+00:00,26.35,87.46538,1006.7407,8.39657,149.03632,0.1,100.0,51.0
2023-11-23 11:00:00+00:00,26.55,85.92219,1006.94086,7.7879906,146.3099,0.1,100.0,51.0
2023-11-23 12:00:00+00:00,26.3,86.41617,1007.54,7.42159,140.90616,0.1,100.0,51.0
2023-11-23 13:00:00+00:00,26.7,84.14847,1007.9404,9.983106,154.35904,0.0,99.0,3.0
2023-11-23 14:00:00+00:00,26.5,84.89013,1008.7398,10.703569,137.72638,0.0,98.0,3.0
2023-11-23 15:00:00+00:00,26.1,86.137474,1009.3388,12.475961,136.16905,0.0,86.0,3.0
2023-11-23 16:00:00+00:00,25.8,86.89172,1009.6384,13.493999,136.08084,0.0,59.0,2.0
2023-11-23 17:00:00+00:00,25.75,86.62535,1009.43854,12.475961,133.83095,0.0,20.0,1.0
2023-11-23 18:00:00+00:00,25.65,87.40401,1009.3382,11.753876,139.9698,0.0,65.0,2.0
2023-11-23 19:00:00+00:00,25.65,88.19825,1008.6385,11.988594,138.65233,0.0,21.0,1.0
2023-11-23 20:00:00+00:00,25.45,90.06203,1007.8386,11.720751,137.4896,0.0,13.0,0.0
2023-11-23 21:00:00+00:00,25.2,90.316315,1007.03864,11.592894,126.15828,0.0,58.0,2.0
2023-11-23 22:00:00+00:00,25.1,87.88619,1006.5389,10.086427,124.82456,0.0,58.0,2.0
2023-11-23 23:00:00+00:00,25.05,86.56005,1007.03827,7.653705,131.18582,0.0,100.0,3.0
2023-11-24 00:00:00+00:00,24.95,86.02647,1007.638,6.9899354,101.88863,0.0,100.0,3.0
2023-11-24 01:00:00+00:00,24.4,84.15373,1008.6366,4.8965297,53.972538,0.0,100.0,3.0
2023-11-24 02:00:00+00:00,24.9,86.546005,1009.6371,4.6800003,22.61991,0.0,100.0,3.0
2023-11-24 03:00:00+00:00,26.4,84.87975,1010.13916,3.5455887,23.962492,0.0,99.0,3.0
2023-11-24 04:00:00+00:00,28.45,78.041885,1010.842,1.484318,345.9637,0.0,100.0,3.0
2023-11-24 05:00:00+00:00,29.3,72.31087,1010.74335,3.4152596,198.43504,0.0,100.0,3.0
2023-11-24 06:00:00+00:00,29.65,71.50773,1009.84436,5.3517847,199.65392,0.0,99.0,3.0
2023-11-24 07:00:00+00:00,29.8,70.04529,1008.94476,8.942214,220.10085,0.1,98.0,51.0
2023-11-24 08:00:00+00:00,30.05,67.808975,1007.84546,11.480557,221.18582,0.1,38.0,51.0
2023-11-24 09:00:00+00:00,30.1,69.2632,1006.8463,8.12197,192.80426,0.0,76.0,2.0
2023-11-24 10:00:00+00:00,29.1,74.93055,1007.1446,4.73506,171.25392,0.3,56.0,51.0
2023-11-24 11:00:00+00:00,28.55,83.10389,1007.2436,6.924738,188.97255,0.1,57.0,51.0
2023-11-24 12:00:00+00:00,27.4,88.34181,1007.9418,10.137692,163.49556,0.0,75.0,2.0
2023-11-24 13:00:00+00:00,26.45,90.94317,1008.8397,4.379589,9.462248,0.0,99.0,3.0
2023-11-24 14:00:00+00:00,25.95,91.731186,1009.4388,3.7585104,16.699326,0.0,100.0,3.0
2023-11-24 15:00:00+00:00,26.05,89.83452,1010.3383,7.5685663,25.346138,0.0,100.0,3.0
2023-11-24 16:00:00+00:00,25.55,92.81427,1010.43774,8.78872,34.9921,0.0,99.0,3.0
2023-11-24 17:00:00+00:00,25.3,93.640526,1010.1376,9.449572,17.744766,0.0,26.0,1.0
2023-11-24 18:00:00+00:00,25.25,92.242744,1009.7374,7.928178,357.3975,0.0,15.0,0.0
2023-11-24 19:00:00+00:00,25.35,90.59899,1009.23804,7.42159,345.9637,0.0,100.0,3.0
2023-11-24 20:00:00+00:00,25.2,91.96298,1008.53796,7.9036193,329.9315,0.0,100.0,3.0
2023-11-24 21:00:00+00:00,24.85,92.77798,1008.33746,7.289444,339.77505,0.0,70.0,2.0
2023-11-24 22:00:00+00:00,24.1,94.15289,1007.83673,6.379216,16.389616,0.0,42.0,1.0
2023-11-24 23:00:00+00:00,23.45,94.41153,1007.8354,8.209263,52.124958,0.0,88.0,3.0
2023-11-25 00:00:00+00:00,23.4,91.858345,1008.5351,7.172949,72.47434,0.0,18.0,0.0
2023-11-25 01:00:00+00:00,24.3,92.18964,1009.33624,5.2416787,74.054535,0.0,95.0,3.0
2023-11-25 02:00:00+00:00,25.3,91.692696,1010.1376,4.802999,77.00539,0.0,38.0,1.0
2023-11-25 03:00:00+00:00,27.35,86.77289,1011.04034,4.3349743,94.76356,0.0,19.0,0.0
2023-11-25 04:00:00+00:00,28.65,78.774445,1011.4421,3.396233,122.00535,0.0,8.0,0.0
2023-11-25 05:00:00+00:00,29.65,71.293144,1011.3437,1.4399999,180.0,0.0,8.0,0.0
2023-11-25 06:00:00+00:00,30.1,71.15992,1010.5446,4.3349743,221.63345,0.0,10.0,0.0
2023-11-25 07:00:00+00:00,30.2,71.177826,1009.34515,8.049845,206.56499,0.0,30.0,1.0
2023-11-25 08:00:00+00:00,28.55,76.66425,1008.8429,7.289444,159.77505,0.9,100.0,53.0
2023-11-25 09:00:00+00:00,28.55,78.99645,1008.0432,3.96,180.0,0.2,95.0,51.0
2023-11-25 10:00:00+00:00,28.5,78.28327,1007.9433,4.73506,188.74608,0.2,100.0,51.0
2023-11-25 11:00:00+00:00,28.05,83.04678,1008.34247,4.452954,255.96373,0.3,99.0,51.0
2023-11-25 12:00:00+00:00,27.35,86.77289,1008.8413,4.829907,243.43501,0.0,98.0,3.0
2023-11-25 13:00:00+00:00,27.25,87.28298,1009.54065,2.9024127,60.255207,0.0,100.0,3.0
2023-11-25 14:00:00+00:00,26.75,90.15299,1010.33966,3.671294,11.3098955,0.0,100.0,3.0
2023-11-25 15:00:00+00:00,26.5,90.946365,1011.03876,4.3349743,355.23645,0.0,97.0,3.0
2023-11-25 16:00:00+00:00,26.45,89.86315,1011.6384,5.6920996,341.56494,0.0,49.0,1.0
2023-11-25 17:00:00+00:00,25.15,94.76404,1011.43665,5.1165614,39.289394,0.0,3.0,0.0
2023-11-25 18:00:00+00:00,24.95,94.75636,1011.2364,4.1046314,74.74483,0.0,5.0,0.0
2023-11-25 19:00:00+00:00,25.05,90.85257,1010.83655,7.8625183,74.054535,0.0,2.0,0.0
2023-11-25 20:00:00+00:00,24.8,86.536606,1010.4365,7.5170207,73.300674,0.0,13.0,0.0
2023-11-25 21:00:00+00:00,24.5,86.24516,1009.53656,4.510787,61.389645,0.0,10.0,0.0
2023-11-25 22:00:00+00:00,24.3,85.701035,1009.03644,7.24486,63.435013,0.0,7.0,0.0
2023-11-25 23:00:00+00:00,24.1,86.73527,1009.0362,4.198285,59.03632,0.0,6.0,0.0
2023-11-26 00:00:00+00:00,24.15,86.21159,1009.43604,5.00128,59.743652,0.0,6.0,0.0
2023-11-26 01:00:00+00:00,24.55,85.98756,1010.3362,4.452954,75.96373,0.0,80.0,3.0
2023-11-26 02:00:00+00:00,25.65,86.878,1011.0374,4.39436,34.9921,0.0,38.0,1.0
2023-11-26 03:00:00+00:00,27.45,83.977776,1011.64,5.3517847,19.653913,0.0,12.0,0.0
2023-11-26 04:00:00+00:00,28.65,75.536674,1011.64197,3.0758414,20.556128,0.0,28.0,1.0
2023-11-26 05:00:00+00:00,29.55,69.159325,1011.4433,6.9899354,101.88863,0.0,61.0,2.0
2023-11-26 06:00:00+00:00,30.0,67.18796,1010.44434,7.491114,125.21768,0.0,78.0,2.0
2023-11-26 07:00:00+00:00,30.1,68.22871,1009.4451,8.049845,153.43501,0.1,92.0,51.0
2023-11-26 08:00:00+00:00,29.95,69.65284,1008.54517,6.9899354,168.11136,0.1,98.0,51.0
2023-11-26 09:00:00+00:00,29.95,70.70733,1007.74554,4.896529,197.10281,0.1,95.0,51.0
2023-11-26 10:00:00+00:00,29.65,72.58908,1007.5454,6.792466,212.00534,0.0,97.0,3.0
2023-11-26 11:00:00+00:00,28.9,77.17781,1008.1438,6.989936,235.49141,0.1,96.0,51.0
2023-11-26 12:00:00+00:00,28.1,83.05251,1008.7423,7.928178,272.6025,0.1,66.0,51.0
2023-11-26 13:00:00+00:00,27.45,80.76615,1009.34106,6.4799995,270.0,0.0,81.0,3.0
2023-11-26 14:00:00+00:00,26.9,82.66524,1010.1397,6.297428,300.96368,0.0,79.0,2.0
2023-11-26 15:00:00+00:00,26.6,84.90048,1010.73914,6.638072,310.60123,0.0,36.0,1.0
2023-11-26 16:00:00+00:00,26.25,87.71963,1011.0384,6.439876,333.43503,0.0,68.0,2.0
2023-11-26 17:00:00+00:00,25.55,86.08455,1011.1373,8.4042845,9.865748,0.0,100.0,3.0
2023-11-26 18:00:00+00:00,24.8,84.97084,1010.9363,8.854829,26.564985,0.0,100.0,3.0
2023-11-26 19:00:00+00:00,24.6,84.95003,1010.23627,8.891343,31.75944,0.0,100.0,3.0
2023-11-26 20:00:00+00:00,24.7,82.6569,1009.1371,8.942214,40.10085,0.0,100.0,3.0
2023-11-26 21:00:00+00:00,24.45,83.39016,1007.93695,4.8433046,48.01287,0.0,100.0,3.0
2023-11-26 22:00:00+00:00,24.1,84.89786,1007.3369,5.154415,65.22488,0.0,18.0,0.0
2023-11-26 23:00:00+00:00,25.1,78.27122,1007.4385,1.1384199,18.435053,0.0,18.0,0.0
2023-11-27 00:00:00+00:00,23.9,86.18753,1008.03625,3.7585104,343.3007,0.0,16.0,0.0
2023-11-27 01:00:00+00:00,24.75,78.461876,1008.8372,8.12197,12.804273,0.0,4.0,0.0
2023-11-27 02:00:00+00:00,25.85,80.804565,1009.53845,8.311245,4.969664,0.0,24.0,1.0
2023-11-27 03:00:00+00:00,27.55,78.620316,1010.24066,8.825508,11.76827,0.0,8.0,0.0
2023-11-27 04:00:00+00:00,28.7,68.99783,1010.44257,6.489992,19.440128,0.0,14.0,0.0
2023-11-27 05:00:00+00:00,29.7,66.31987,1010.644,5.904439,52.431335,0.0,42.0,1.0
2023-11-27 06:00:00+00:00,30.65,62.0436,1010.0455,5.1919937,123.690094,0.0,100.0,3.0
2023-11-27 07:00:00+00:00,29.8,68.17064,1008.94476,9.693296,201.80147,0.0,27.0,1.0
2023-11-27 08:00:00+00:00,29.35,68.49689,1008.1445,12.181625,198.9705,0.0,44.0,1.0
2023-11-27 09:00:00+00:00,29.25,67.4472,1007.14496,9.659814,206.56499,0.0,26.0,1.0
2023-11-27 10:00:00+00:00,29.1,70.552475,1006.9447,5.5887027,194.93147,0.0,82.0,3.0
2023-11-27 11:00:00+00:00,28.75,76.23584,1007.24396,3.5455887,203.9625,0.1,96.0,51.0
2023-11-27 12:00:00+00:00,28.05,79.8801,1007.8427,3.4152596,198.43504,0.0,98.0,3.0
2023-11-27 13:00:00+00:00,27.85,76.32724,1008.3421,6.0347,252.64589,0.0,98.0,3.0
2023-11-27 14:00:00+00:00,27.3,79.06104,1009.0409,3.96,270.0,0.0,94.0,3.0
2023-11-27 15:00:00+00:00,26.8,82.404816,1009.54004,4.32,360.0,0.0,92.0,3.0
2023-11-27 16:00:00+00:00,26.45,82.862144,1010.0392,9.726664,38.990997,0.0,98.0,3.0
2023-11-27 17:00:00+00:00,25.7,83.278625,1009.8383,9.290511,35.537766,0.0,100.0,3.0
2023-11-27 18:00:00+00:00,25.2,83.22145,1009.7374,8.587338,33.023872,0.0,100.0,3.0
2023-11-27 19:00:00+00:00,25.15,83.469604,1009.3376,7.7043357,37.405437,0.0,99.0,3.0
2023-11-27 20:00:00+00:00,25.05,83.71301,1008.73755,5.6002855,44.999897,0.0,100.0,3.0
2023-11-27 21:00:00+00:00,24.5,86.77229,1008.2372,3.8939953,56.3099,0.0,100.0,3.0
2023-11-27 22:00:00+00:00,24.4,87.293365,1007.737,3.8939953,56.3099,0.0,100.0,3.0
2023-11-27 23:00:00+00:00,24.6,85.992424,1007.6374,4.1046314,52.124958,0.0,100.0,3.0
2023-11-28 00:00:00+00:00,24.2,88.07733,1008.63635,3.2599385,83.659904,0.0,100.0,3.0
2023-11-28 01:00:00+00:00,25.15,85.265785,1008.6379,3.6179552,95.7105,0.0,100.0,3.0
2023-11-28 02:00:00+00:00,26.25,85.377205,1009.2392,2.3051248,128.65984,0.0,100.0,3.0
2023-11-28 03:00:00+00:00,27.55,82.9894,1010.4406,2.1897945,80.53775,0.0,100.0,3.0
2023-11-28 04:00:00+00:00,28.7,75.09177,1010.5425,2.9024127,82.875084,0.1,100.0,51.0
2023-11-28 05:00:00+00:00,29.3,70.1642,1010.4435,4.072935,135.0001,0.1,100.0,51.0
2023-11-28 06:00:00+00:00,29.55,68.3285,1009.64404,3.5455887,156.0375,0.1,100.0,51.0
2023-11-28 07:00:00+00:00,29.75,67.955345,1008.445,5.04,180.0,0.1,100.0,51.0
2023-11-28 08:00:00+00:00,29.4,70.820404,1007.4449,7.10031,210.46547,0.1,100.0,51.0
2023-11-28 09:00:00+00:00,28.5,76.19742,1006.74384,10.787993,205.7099,0.5,100.0,53.0
2023-11-28 10:00:00+00:00,28.2,78.00593,1006.6435,10.315115,209.24873,0.0,100.0,3.0
2023-11-28 11:00:00+00:00,27.55,81.02206,1007.44196,4.8965297,216.02747,0.2,100.0,51.0
2023-11-28 12:00:00+00:00,27.05,85.97064,1007.8412,3.0758414,290.55612,0.1,100.0,51.0
2023-11-28 13:00:00+00:00,27.4,83.47094,1008.0417,4.32,270.0,0.0,100.0,3.0
2023-11-28 14:00:00+00:00,26.9,84.17015,1008.84033,7.42159,292.83368,0.0,100.0,3.0
2023-11-28 15:00:00+00:00,26.05,88.49677,1009.4388,6.193674,324.46225,0.0,100.0,3.0
2023-11-28 16:00:00+00:00,25.6,90.61569,1010.2378,8.404285,313.26434,0.0,100.0,3.0
2023-11-28 17:00:00+00:00,25.7,90.35064,1010.3381,7.491114,305.21768,0.0,100.0,3.0
2023-11-28 18:00:00+00:00,25.45,91.977356,1010.1376,5.815978,338.19852,0.0,100.0,3.0
2023-11-28 19:00:00+00:00,25.2,92.23998,1009.7374,6.849467,356.98727,0.0,100.0,3.0
2023-11-28 20:00:00+00:00,24.95,91.395836,1009.1373,5.5887027,14.931467,0.0,100.0,3.0
2023-11-28 21:00:00+00:00,24.6,91.65091,1008.13715,4.829907,26.564985,0.0,100.0,3.0
2023-11-28 22:00:00+00:00,24.25,92.1868,1007.53687,4.0249224,26.564985,0.0,100.0,3.0
2023-11-28 23:00:00+00:00,24.05,91.896355,1007.3366,5.154415,24.775122,0.0,92.0,3.0
2023-11-29 00:00:00+00:00,23.65,92.715126,1007.5359,4.3498964,24.443953,0.0,82.0,3.0
2023-11-29 01:00:00+00:00,24.1,87.000565,1008.0366,8.049845,10.304792,0.0,100.0,3.0
2023-11-29 02:00:00+00:00,24.8,86.01189,1008.7373,8.534353,27.645891,0.0,100.0,3.0
2023-11-29 03:00:00+00:00,25.9,86.90081,1009.33856,7.386582,46.97493,0.0,100.0,3.0
2023-11-29 04:00:00+00:00,27.6,78.39069,1009.8412,5.815978,68.19853,0.0,100.0,3.0
2023-11-29 05:00:00+00:00,29.05,70.118,1009.74347,4.198285,120.96369,0.0,77.0,2.0
2023-11-29 06:00:00+00:00,30.25,64.06185,1009.14526,4.198285,149.03632,0.0,92.0,3.0
2023-11-29 07:00:00+00:00,30.5,62.768646,1008.3462,8.557102,194.62091,0.0,59.0,2.0
2023-11-29 08:00:00+00:00,29.45,69.14039,1007.64496,12.57426,193.24052,0.0,37.0,1.0
2023-11-29 09:00:00+00:00,29.4,68.50652,1006.8451,10.948973,189.46225,0.0,19.0,0.0
2023-11-29 10:00:00+00:00,29.15,71.41866,1006.8447,9.746631,175.76369,0.0,22.0,1.0
2023-11-29 11:00:00+00:00,28.9,72.24117,1007.2442,9.746631,175.76369,0.0,28.0,1.0
2023-11-29 12:00:00+00:00,28.15,78.233406,1008.04266,9.3669195,177.79745,0.0,28.0,1.0
2023-11-29 13:00:00+00:00,27.75,78.64844,1008.74176,7.628263,160.70985,0.0,49.0,1.0
2023-11-29 14:00:00+00:00,26.6,84.64552,1010.1394,12.475961,133.83095,0.1,100.0,51.0
2023-11-29 15:00:00+00:00,26.35,83.857185,1010.539,6.924738,171.02745,0.0,97.0,3.0
2023-11-29 16:00:00+00:00,26.05,85.87346,1010.83813,3.7064266,119.05451,0.0,58.0,2.0
2023-11-29 17:00:00+00:00,25.7,86.62068,1010.538,3.4152596,71.564964,0.0,11.0,0.0
2023-11-29 18:00:00+00:00,25.45,85.81466,1010.33746,7.289445,57.094753,0.0,31.0,1.0
2023-11-29 19:00:00+00:00,25.2,86.31205,1009.63745,5.0142193,21.037588,0.0,37.0,1.0
2023-11-29 20:00:00+00:00,24.95,87.34221,1009.1373,4.73506,351.2539,0.0,6.0,0.0
2023-11-29 21:00:00+00:00,24.85,87.33337,1008.63727,7.9932976,7.7650824,0.0,8.0,0.0
2023-11-29 22:00:00+00:00,24.35,87.82221,1008.2368,7.8954163,24.227736,0.0,10.0,0.0
2023-11-29 23:00:00+00:00,24.2,86.48011,1008.5364,7.0911775,23.962492,0.0,29.0,1.0
2023-11-30 00:00:00+00:00,23.9,88.59129,1009.2357,3.8773184,21.801476,0.0,51.0,2.0
2023-11-30 01:00:00+00:00,25.0,83.962875,1009.3372,3.8939953,56.3099,0.0,6.0,0.0
2023-11-30 02:00:00+00:00,26.0,84.838135,1010.3383,4.6800003,67.3801,0.0,79.0,2.0
2023-11-30 03:00:00+00:00,27.55,78.620316,1011.24023,3.7064266,60.94549,0.0,100.0,3.0
2023-11-30 04:00:00+00:00,28.95,72.68684,1011.34235,0.0,270.0,0.0,100.0,3.0
2023-11-30 05:00:00+00:00,29.8,68.17064,1011.0438,4.6102495,218.65984,0.0,91.0,3.0
2023-11-30 06:00:00+00:00,30.25,66.8331,1010.6446,6.1305785,220.23628,0.0,97.0,3.0
2023-11-30 07:00:00+00:00,30.05,68.42492,1009.54474,9.178235,228.17992,0.0,96.0,3.0
2023-11-30 08:00:00+00:00,29.65,70.22873,1008.5449,10.195057,227.86247,0.0,100.0,3.0
2023-11-30 09:00:00+00:00,29.2,71.859375,1007.64435,8.39657,210.96368,0.0,96.0,3.0
2023-11-30 10:00:00+00:00,28.6,75.756195,1007.8437,1.609969,206.56499,0.1,90.0,51.0
2023-11-30 11:00:00+00:00,26.2,88.50883,1008.73944,5.904439,37.568665,0.9,95.0,53.0
2023-11-30 12:00:00+00:00,25.35,92.52574,1009.23804,6.6185193,67.61982,0.5,98.0,53.0
2023-11-30 13:00:00+00:00,26.2,86.928116,1008.9394,5.2416787,74.054535,0.0,58.0,2.0
2023-11-30 14:00:00+00:00,26.05,86.132675,1009.6387,4.896529,72.89719,0.0,100.0,3.0
2023-11-30 15:00:00+00:00,25.85,88.480576,1010.4381,2.6208394,15.945477,0.0,22.0,1.0
2023-11-30 16:00:00+00:00,26.5,83.62128,1011.03876,1.5273507,44.999897,0.0,34.0,1.0
2023-11-30 17:00:00+00:00,26.4,84.624504,1011.1387,2.0991426,149.03632,0.0,44.0,1.0
2023-11-30 18:00:00+00:00,25.4,91.69865,1010.7373,3.96,180.0,0.0,79.0,2.0
2023-11-30 19:00:00+00:00,26.3,87.19879,1010.1388,2.5455842,224.9999,0.0,52.0,2.0
2023-11-30 20:00:00+00:00,25.0,93.34564,1009.5372,4.1046314,254.74483,0.0,19.0,0.0
2023-11-30 21:00:00+00:00,25.6,89.80209,1008.9384,2.2768397,288.43503,0.2,51.0,51.0
2023-11-30 22:00:00+00:00,24.3,94.446106,1008.7366,3.8773184,158.19853,0.0,93.0,3.0
2023-11-30 23:00:00+00:00,25.1,91.95723,1009.1377,3.8939953,213.6901,0.0,100.0,3.0
2023-12-01 00:00:00+00:00,25.05,91.12692,1009.6371,3.396233,237.99466,0.0,100.0,3.0
2023-12-01 01:00:00+00:00,24.95,91.67183,1009.837,4.0249224,169.6952,0.0,98.0,3.0
2023-12-01 02:00:00+00:00,26.55,88.00852,1010.3393,4.452954,194.03627,0.0,98.0,3.0
2023-12-01 03:00:00+00:00,27.3,85.22728,1011.1399,3.319036,139.39879,0.0,100.0,3.0
2023-12-01 04:00:00+00:00,28.2,80.379845,1011.24146,2.5959969,146.3099,0.2,83.0,51.0
2023-12-01 05:00:00+00:00,29.0,74.914505,1010.8426,3.2399998,180.0,0.1,100.0,51.0
2023-12-01 06:00:00+00:00,29.25,72.0849,1010.1436,4.1046314,195.25517,0.2,100.0,51.0
2023-12-01 07:00:00+00:00,29.6,72.798485,1009.0444,6.489992,213.6901,0.1,100.0,51.0
2023-12-01 08:00:00+00:00,29.0,76.5029,1007.9439,8.891343,211.75943,1.8,99.0,61.0
2023-12-01 09:00:00+00:00,27.5,82.98366,1007.24207,5.0142193,201.03758,5.4,99.0,63.0
2023-12-01 10:00:00+00:00,27.4,83.47094,1006.44244,4.6938252,184.39862,0.1,100.0,51.0
2023-12-01 11:00:00+00:00,27.4,84.72939,1007.24207,1.9386592,158.19853,0.0,100.0,3.0
2023-12-01 12:00:00+00:00,26.8,86.46311,1007.9408,2.9024127,60.255207,0.4,100.0,51.0
2023-12-01 13:00:00+00:00,25.7,90.35064,1008.2391,3.7064266,60.94549,1.0,100.0,55.0
2023-12-01 14:00:00+00:00,25.45,93.6474,1009.138,3.6179552,95.7105,0.0,100.0,3.0
2023-12-01 15:00:00+00:00,25.8,93.38394,1010.03827,4.5536795,108.43504,0.0,100.0,3.0
2023-12-01 16:00:00+00:00,25.35,95.34046,1010.6373,3.319036,102.5288,0.0,100.0,3.0
2023-12-01 17:00:00+00:00,25.45,95.343864,1010.4375,5.815978,111.801476,0.1,100.0,51.0
2023-12-01 18:00:00+00:00,24.85,96.76386,1010.33655,6.28713,66.37061,1.9,100.0,61.0
2023-12-01 19:00:00+00:00,24.2,99.40178,1010.43555,1.609969,63.435013,4.9,100.0,63.0
2023-12-01 20:00:00+00:00,23.7,100.0,1009.8352,2.16,180.0,4.5,100.0,63.0
2023-12-01 21:00:00+00:00,23.8,99.101166,1009.1355,0.35999998,360.0,0.6,100.0,53.0
2023-12-01 22:00:00+00:00,23.5,99.69893,1008.2356,1.609969,296.56497,1.4,100.0,61.0
2023-12-01 23:00:00+00:00,23.35,99.39796,1008.2352,2.0991426,59.03632,0.1,100.0,51.0
2023-12-02 00:00:00+00:00,23.2,99.39728,1008.53485,2.5959969,33.6901,0.0,100.0,3.0
2023-12-02 01:00:00+00:00,24.5,94.169876,1009.3366,5.6002855,135.0001,0.7,100.0,53.0
2023-12-02 02:00:00+00:00,25.0,93.908485,1009.937,5.4833565,156.80138,0.1,100.0,51.0
2023-12-02 03:00:00+00:00,26.05,89.297295,1010.43835,5.904439,142.43134,0.0,100.0,3.0
2023-12-02 04:00:00+00:00,27.2,82.94904,1010.24036,6.162207,173.29025,0.0,100.0,3.0
2023-12-02 05:00:00+00:00,28.05,77.98432,1009.7419,6.28713,193.24052,0.1,100.0,51.0
2023-12-02 06:00:00+00:00,28.2,78.00593,1009.0424,8.654986,196.9276,0.2,100.0,51.0
2023-12-02 07:00:00+00:00,28.1,79.17135,1007.9427,11.753877,207.3498,0.1,96.0,51.0
2023-12-02 08:00:00+00:00,27.9,76.56563,1007.0427,13.276144,220.60121,0.2,99.0,51.0
2023-12-02 09:00:00+00:00,27.85,79.853355,1006.343,12.475961,223.83095,0.1,98.0,51.0
2023-12-02 10:00:00+00:00,27.2,81.958115,1006.14215,9.422101,226.54811,0.1,99.0,51.0
2023-12-02 11:00:00+00:00,26.9,81.183914,1006.3415,8.942214,229.89915,0.7,100.0,53.0
2023-12-02 12:00:00+00:00,25.3,91.692696,1007.1389,2.9024127,119.74479,3.4,100.0,63.0
2023-12-02 13:00:00+00:00,25.65,93.3768,1007.4391,7.2,36.86999,0.1,100.0,51.0
2023-12-02 14:00:00+00:00,25.0,94.191025,1008.4377,7.5599995,360.0,0.3,67.0,51.0
2023-12-02 15:00:00+00:00,24.7,95.03221,1008.9372,5.495161,301.60745,0.3,91.0,51.0
2023-12-02 16:00:00+00:00,24.4,95.02133,1009.4363,4.3349743,311.63345,0.0,88.0,3.0
2023-12-02 17:00:00+00:00,24.45,94.73724,1009.83606,7.928177,50.52757,0.3,100.0,51.0
2023-12-02 18:00:00+00:00,24.2,94.15716,1009.8358,3.2399998,90.0,0.0,97.0,3.0
2023-12-02 19:00:00+00:00,24.5,92.75971,1008.9368,6.0347,107.35411,0.0,70.0,2.0
2023-12-02 20:00:00+00:00,24.1,94.15289,1008.13654,3.8939953,123.6901,0.0,99.0,3.0
2023-12-02 21:00:00+00:00,24.05,93.582695,1007.23663,4.2136917,109.98319,0.0,94.0,3.0
2023-12-02 22:00:00+00:00,24.0,93.01503,1007.23663,4.32,90.0,0.0,99.0,3.0
2023-12-02 23:00:00+00:00,24.05,91.896355,1007.03674,4.2136917,70.01681,0.0,100.0,3.0
2023-12-03 00:00:00+00:00,23.3,94.69289,1007.8354,5.1919937,33.6901,0.0,100.0,3.0
2023-12-03 01:00:00+00:00,24.7,95.605225,1008.1375,5.692099,34.69522,0.0,100.0,3.0
2023-12-03 02:00:00+00:00,24.2,95.58911,1009.1361,9.290511,35.537766,0.8,100.0,53.0
2023-12-03 03:00:00+00:00,25.0,95.32858,1009.837,5.1919937,56.309914,0.1,100.0,51.0
2023-12-03 04:00:00+00:00,26.1,87.706764,1010.1384,2.8116899,320.1945,0.0,100.0,3.0
2023-12-03 05:00:00+00:00,26.95,84.6823,1009.7403,4.8965297,306.02747,0.1,100.0,51.0
2023-12-03 06:00:00+00:00,27.5,85.24749,1009.34106,3.563818,315.0001,0.1,100.0,51.0
2023-12-03 07:00:00+00:00,27.55,84.24014,1008.0417,3.0758414,249.44386,0.1,100.0,51.0
2023-12-03 08:00:00+00:00,27.5,83.48213,1007.1421,5.5887027,255.06853,0.0,96.0,3.0
2023-12-03 09:00:00+00:00,27.85,81.79165,1006.1431,9.793058,252.89719,0.1,42.0,51.0
2023-12-03 10:00:00+00:00,27.75,83.5101,1005.7431,9.504273,245.37645,0.0,82.0,3.0
2023-12-03 11:00:00+00:00,27.65,82.01264,1005.7431,7.729527,242.24155,0.0,67.0,2.0
2023-12-03 12:00:00+00:00,27.3,85.22728,1006.3421,5.771239,266.42374,0.0,47.0,1.0
2023-12-03 13:00:00+00:00,25.9,94.228745,1007.23956,7.8954163,43.152412,0.0,81.0,3.0
2023-12-03 14:00:00+00:00,25.6,90.343765,1007.93884,6.792466,32.005356,0.0,64.0,2.0
2023-12-03 15:00:00+00:00,25.3,90.86884,1008.5383,6.162207,6.70975,0.0,100.0,3.0
2023-12-03 16:00:00+00:00,25.05,91.95436,1009.1373,5.315336,28.30066,0.0,100.0,3.0
2023-12-03 17:00:00+00:00,24.8,93.33602,1009.1371,6.151683,20.556128,0.0,99.0,3.0
2023-12-03 18:00:00+00:00,24.75,92.77276,1008.33746,3.9763298,354.80566,0.0,100.0,3.0
2023-12-03 19:00:00+00:00,24.05,94.435974,1008.3361,5.4477882,7.59456,0.2,100.0,51.0
2023-12-03 20:00:00+00:00,24.45,92.47719,1007.737,5.692099,214.69522,0.7,100.0,53.0
2023-12-03 21:00:00+00:00,25.05,91.402,1006.5385,7.5170207,286.6993,0.0,100.0,3.0
2023-12-03 22:00:00+00:00,25.1,93.35045,1006.239,6.439876,296.56497,0.0,92.0,3.0
2023-12-03 23:00:00+00:00,24.9,93.90408,1006.23865,5.5887027,345.06854,0.0,94.0,3.0
2023-12-04 00:00:00+00:00,24.05,95.87326,1007.13666,3.6,36.86999,0.1,99.0,51.0
2023-12-04 01:00:00+00:00,24.4,94.16565,1007.93695,9.885262,303.11136,1.3,96.0,61.0
2023-12-04 02:00:00+00:00,24.85,94.184685,1008.2375,10.703569,312.27362,3.5,35.0,63.0
2023-12-04 03:00:00+00:00,26.2,88.77473,1009.2392,9.931042,313.53125,0.0,73.0,2.0
2023-12-04 04:00:00+00:00,26.85,86.986984,1009.4401,6.9899354,281.88864,0.0,64.0,2.0
2023-12-04 05:00:00+00:00,27.3,84.972755,1009.44073,9.422101,276.58185,0.0,100.0,3.0
2023-12-04 06:00:00+00:00,28.15,82.31832,1009.0422,11.27553,286.6993,0.0,99.0,3.0
2023-12-04 07:00:00+00:00,28.5,81.87081,1007.6434,11.165805,268.15244,0.1,100.0,51.0
2023-12-04 08:00:00+00:00,27.5,86.52838,1006.7423,12.620554,266.72958,0.1,100.0,51.0
2023-12-04 09:00:00+00:00,27.9,82.28858,1006.2431,10.464798,273.9451,0.0,100.0,3.0
2023-12-04 10:00:00+00:00,27.8,81.785545,1005.84326,7.5170207,253.30067,0.0,100.0,3.0
2023-12-04 11:00:00+00:00,27.5,82.240814,1006.2425,7.7879906,236.3099,0.0,100.0,3.0
2023-12-04 12:00:00+00:00,26.4,87.46974,1006.9407,10.028439,248.96242,0.2,100.0,51.0
2023-12-04 13:00:00+00:00,27.05,86.74541,1006.9416,9.021574,241.38963,0.0,100.0,3.0
2023-12-04 14:00:00+00:00,26.65,88.54504,1007.7405,8.049845,259.69522,0.0,100.0,3.0
2023-12-04 15:00:00+00:00,26.15,90.92385,1008.4396,9.0645685,263.15732,0.1,100.0,51.0
2023-12-04 16:00:00+00:00,26.05,91.18995,1008.939,5.4833565,246.80138,0.1,100.0,51.0
2023-12-04 17:00:00+00:00,25.35,94.48828,1008.9382,7.8625183,285.94547,0.1,100.0,51.0
2023-12-04 18:00:00+00:00,24.3,99.104515,1008.5366,2.6208394,15.945477,2.6,100.0,63.0
2023-12-04 19:00:00+00:00,24.2,99.40178,1008.13654,2.6208394,254.05453,0.2,100.0,51.0
2023-12-04 20:00:00+00:00,24.7,98.51584,1007.53784,1.484318,14.036275,0.1,100.0,51.0
2023-12-04 21:00:00+00:00,24.25,99.401985,1007.237,2.5959969,236.3099,0.1,100.0,51.0
2023-12-04 22:00:00+00:00,24.3,99.104515,1006.6375,7.771331,256.60748,0.2,96.0,51.0
2023-12-04 23:00:00+00:00,25.1,92.790955,1006.83875,3.8939953,236.3099,0.1,95.0,51.0
2023-12-05 00:00:00+00:00,24.4,99.1052,1007.23724,3.319036,310.60123,0.0,100.0,3.0
2023-12-05 01:00:00+00:00,24.4,95.883835,1007.737,3.2599385,353.6599,0.0,96.0,3.0
2023-12-05 02:00:00+00:00,25.1,94.76211,1008.3381,2.9024127,29.744795,0.0,89.0,3.0
2023-12-05 03:00:00+00:00,26.4,88.790474,1009.1396,4.072935,315.0001,0.0,96.0,3.0
2023-12-05 04:00:00+00:00,27.45,86.0092,1009.24115,6.638072,282.5288,0.0,93.0,3.0
2023-12-05 05:00:00+00:00,28.1,83.79848,1008.94226,8.311245,274.96964,0.1,92.0,51.0
2023-12-05 06:00:00+00:00,28.7,79.72822,1008.4434,9.028754,265.42615,0.0,98.0,3.0
2023-12-05 07:00:00+00:00,29.0,78.120674,1007.44415,11.304229,260.83774,0.0,100.0,3.0
2023-12-05 08:00:00+00:00,28.9,78.1064,1006.5445,13.084402,262.09293,0.0,99.0,3.0
2023-12-05 09:00:00+00:00,29.0,76.96208,1005.84485,12.324414,263.29025,0.1,96.0,51.0
2023-12-05 10:00:00+00:00,28.9,77.64089,1005.545,12.6462,265.10098,0.1,94.0,51.0
2023-12-05 11:00:00+00:00,28.45,79.69471,1005.7443,11.570515,264.64426,0.0,64.0,2.0
2023-12-05 12:00:00+00:00,27.8,84.771065,1006.2431,8.707238,277.1249,0.0,94.0,3.0
2023-12-05 13:00:00+00:00,27.5,86.014046,1007.1421,5.4119864,266.186,0.0,83.0,3.0
2023-12-05 14:00:00+00:00,27.6,83.9941,1008.24194,6.489992,266.82022,0.0,99.0,3.0
2023-12-05 15:00:00+00:00,26.85,86.986984,1009.2402,3.9763298,264.80566,0.0,100.0,3.0
2023-12-05 16:00:00+00:00,26.35,88.520905,1009.7394,5.506941,281.3099,0.0,96.0,3.0
2023-12-05 17:00:00+00:00,25.8,90.35749,1009.8383,4.6102495,321.34018,0.0,100.0,3.0
2023-12-05 18:00:00+00:00,25.35,92.803925,1009.8377,4.0249224,333.43503,0.0,97.0,3.0
2023-12-05 19:00:00+00:00,25.55,92.25947,1009.73804,2.9024127,330.25522,0.0,100.0,3.0
2023-12-05 20:00:00+00:00,25.3,93.640526,1008.8382,3.563818,315.0001,0.0,99.0,3.0
2023-12-05 21:00:00+00:00,24.65,95.60361,1008.4371,10.948973,9.462261,0.0,96.0,3.0
2023-12-05 22:00:00+00:00,24.45,92.198044,1007.93695,7.289445,32.905247,0.0,96.0,3.0
2023-12-05 23:00:00+00:00,24.35,91.635925,1008.2368,7.289445,32.905247,0.0,98.0,3.0
2023-12-06 00:00:00+00:00,24.25,91.908005,1008.83624,7.10031,30.465475,0.0,99.0,3.0
2023-12-06 01:00:00+00:00,24.95,88.94436,1008.6375,7.4128532,29.054508,0.0,95.0,3.0
2023-12-06 02:00:00+00:00,26.0,87.69817,1009.5387,7.289445,32.905247,0.0,100.0,3.0
2023-12-06 03:00:00+00:00,27.6,83.74339,1010.241,4.3349743,41.63345,0.0,100.0,3.0
2023-12-06 04:00:00+00:00,28.65,78.3046,1010.44257,1.8,360.0,0.0,100.0,3.0
2023-12-06 05:00:00+00:00,29.45,74.539185,1009.944,3.6179552,264.2895,0.0,100.0,3.0
2023-12-06 06:00:00+00:00,29.8,71.53438,1009.5445,7.8954163,245.77226,0.0,99.0,3.0
2023-12-06 07:00:00+00:00,29.6,71.284195,1008.7445,10.805998,240.01845,0.0,99.0,3.0
2023-12-06 08:00:00+00:00,29.55,71.921,1007.8449,11.435313,241.8215,0.0,74.0,2.0
2023-12-06 09:00:00+00:00,29.5,72.345634,1007.0452,11.269782,243.43501,0.0,98.0,3.0
2023-12-06 10:00:00+00:00,29.05,75.59952,1006.64484,10.464797,243.43501,0.1,81.0,51.0
2023-12-06 11:00:00+00:00,28.7,77.148094,1006.7442,7.10031,239.53453,0.0,74.0,2.0
2023-12-06 12:00:00+00:00,28.05,82.55257,1007.34296,4.8965297,233.97253,0.0,99.0,3.0
2023-12-06 13:00:00+00:00,27.2,84.45516,1008.2412,5.991594,237.26477,0.0,100.0,3.0
2023-12-06 14:00:00+00:00,26.45,88.264206,1009.23956,4.6938257,237.52882,0.0,100.0,3.0
2023-12-06 15:00:00+00:00,27.7,79.59369,1010.14105,2.9024127,299.74478,0.0,100.0,3.0
2023-12-06 16:00:00+00:00,25.8,90.08663,1010.7379,3.0547013,44.999897,0.0,100.0,3.0
2023-12-06 17:00:00+00:00,25.7,89.53973,1010.63794,7.9036193,59.93151,0.0,100.0,3.0
2023-12-06 18:00:00+00:00,25.1,91.68076,1010.53705,8.557102,67.75093,0.0,100.0,3.0
2023-12-06 19:00:00+00:00,25.15,90.3129,1009.9374,5.2416787,74.054535,0.0,98.0,3.0
2023-12-06 20:00:00+00:00,25.15,88.69152,1009.2377,4.0249224,63.435013,0.0,100.0,3.0
2023-12-06 21:00:00+00:00,24.65,89.73324,1008.73694,3.319036,49.398785,0.0,99.0,3.0
2023-12-06 22:00:00+00:00,24.65,88.11505,1008.3371,3.8939953,56.3099,0.0,83.0,3.0
2023-12-06 23:00:00+00:00,24.1,89.693,1008.5364,3.671294,11.3098955,0.0,90.0,3.0
2023-12-07 00:00:00+00:00,23.65,90.76056,1009.0352,3.8773184,21.801476,0.0,100.0,3.0
2023-12-07 01:00:00+00:00,25.05,90.306015,1009.5372,2.0991426,30.963696,0.0,98.0,3.0
2023-12-07 02:00:00+00:00,25.9,89.55448,1010.3381,3.8268526,41.185837,0.0,94.0,3.0
2023-12-07 03:00:00+00:00,27.55,83.238266,1011.04034,3.7064266,60.94549,0.0,81.0,3.0
2023-12-07 04:00:00+00:00,28.85,77.86611,1010.94257,0.8049845,116.56499,0.0,86.0,3.0
2023-12-07 05:00:00+00:00,29.6,72.14607,1010.6436,5.1165614,230.71062,0.0,38.0,1.0
2023-12-07 06:00:00+00:00,29.7,72.380325,1010.3441,7.9932966,234.16226,0.0,90.0,3.0
2023-12-07 07:00:00+00:00,29.6,73.89728,1009.24426,8.714677,231.7098,0.0,30.0,1.0
2023-12-07 08:00:00+00:00,29.4,73.86415,1008.4444,10.182337,224.9999,0.0,22.0,1.0
2023-12-07 09:00:00+00:00,29.55,72.13738,1007.44507,9.178235,221.82008,0.0,3.0,0.0
2023-12-07 10:00:00+00:00,29.3,72.74704,1007.34485,8.209263,217.87505,0.0,23.0,1.0
2023-12-07 11:00:00+00:00,28.85,74.218,1007.84393,7.8954163,223.1524,0.0,63.0,2.0
2023-12-07 12:00:00+00:00,28.3,78.72558,1008.74255,7.145796,229.08571,0.0,72.0,2.0
2023-12-07 13:00:00+00:00,27.1,85.20696,1009.24054,4.3349743,221.63345,0.0,100.0,3.0
2023-12-07 14:00:00+00:00,26.85,84.41794,1010.1397,4.8433046,228.01286,0.0,100.0,3.0
2023-12-07 15:00:00+00:00,26.75,82.64758,1010.9394,4.5536795,251.56496,0.0,99.0,3.0
2023-12-07 16:00:00+00:00,27.1,78.55677,1011.03973,3.7585104,253.30067,0.0,94.0,3.0
2023-12-07 17:00:00+00:00,27.4,75.33881,1010.8404,1.835647,11.3098955,0.0,82.0,3.0
2023-12-07 18:00:00+00:00,25.65,86.61605,1010.6376,3.5455887,23.962492,0.0,86.0,3.0
2023-12-07 19:00:00+00:00,25.55,87.13171,1010.2378,4.510787,28.610369,0.0,98.0,3.0
2023-12-07 20:00:00+00:00,25.25,87.63348,1009.43756,5.692099,34.69522,0.0,99.0,3.0
2023-12-07 21:00:00+00:00,25.25,85.27595,1009.0377,6.792466,32.005356,0.0,99.0,3.0
2023-12-07 22:00:00+00:00,24.85,84.717575,1008.7373,6.9153743,38.65983,0.0,99.0,3.0
2023-12-07 23:00:00+00:00,24.65,82.90428,1008.537,9.0,36.86999,0.0,100.0,3.0
2023-12-08 00:00:00+00:00,24.8,79.92942,1009.0371,4.829907,26.564985,0.0,100.0,3.0
2023-12-08 01:00:00+00:00,25.9,80.81104,1009.8383,3.563818,44.999897,0.0,99.0,3.0
2023-12-08 02:00:00+00:00,26.65,83.890236,1010.53925,3.6,53.13002,0.0,97.0,3.0
2023-12-08 03:00:00+00:00,28.15,77.06624,1011.4411,1.609969,116.56499,0.0,100.0,3.0
2023-12-08 04:00:00+00:00,28.9,74.22624,1011.7422,2.8799999,180.0,0.0,100.0,3.0
2023-12-08 05:00:00+00:00,29.65,71.938545,1011.6435,6.151683,200.55612,0.0,100.0,3.0
2023-12-08 06:00:00+00:00,29.2,72.076126,1011.6426,14.039999,202.6199,0.7,99.0,53.0
2023-12-08 07:00:00+00:00,26.9,86.213936,1010.6395,10.853866,174.2895,3.0,98.0,63.0
2023-12-08 08:00:00+00:00,27.15,83.94504,1009.1408,10.182337,171.86998,0.2,99.0,51.0
2023-12-08 09:00:00+00:00,27.6,77.919266,1008.8417,13.684735,181.5074,0.2,100.0,51.0
2023-12-08 10:00:00+00:00,27.3,80.746895,1008.741,15.188415,185.44025,0.0,98.0,3.0
2023-12-08 11:00:00+00:00,27.1,82.937515,1008.9407,11.269782,153.43501,0.3,98.0,51.0
2023-12-08 12:00:00+00:00,26.85,86.986984,1009.8399,10.464797,130.81499,0.0,100.0,3.0
2023-12-08 13:00:00+00:00,26.4,86.16623,1009.8393,13.708391,166.32867,0.0,100.0,3.0
2023-12-08 14:00:00+00:00,26.65,85.16123,1010.73914,12.397806,154.17906,0.0,100.0,3.0
2023-12-08 15:00:00+00:00,26.6,85.926994,1011.33887,11.923557,151.11351,0.0,100.0,3.0
2023-12-08 16:00:00+00:00,25.85,87.15856,1011.9374,13.397612,149.30035,1.0,100.0,55.0
2023-12-08 17:00:00+00:00,24.4,98.80849,1012.03503,9.290511,144.46223,2.8,100.0,63.0
2023-12-08 18:00:00+00:00,24.85,95.61005,1012.1357,11.720751,137.4896,1.0,100.0,55.0
2023-12-08 19:00:00+00:00,24.9,93.622086,1011.63617,10.1887,147.99466,0.0,99.0,3.0
2023-12-08 20:00:00+00:00,24.75,94.180466,1010.9363,13.479583,124.11452,0.0,99.0,3.0
2023-12-08 21:00:00+00:00,24.4,95.595566,1010.13586,10.182337,135.0001,0.0,97.0,3.0
2023-12-08 22:00:00+00:00,24.45,95.02314,1009.83606,8.587338,123.02387,0.0,92.0,3.0
2023-12-08 23:00:00+00:00,24.25,95.59071,1010.0357,10.636766,113.962494,0.0,96.0,3.0
2023-12-09 00:00:00+00:00,24.15,94.72575,1010.7354,4.68,90.0,0.0,100.0,3.0
2023-12-09 01:00:00+00:00,24.8,94.18256,1011.13617,4.6800003,112.61991,0.0,99.0,3.0
2023-12-09 02:00:00+00:00,25.75,92.82459,1012.23724,2.968636,104.03627,0.2,83.0,51.0
2023-12-09 03:00:00+00:00,26.65,90.14605,1012.9382,2.16,90.0,0.4,66.0,51.0
2023-12-09 04:00:00+00:00,27.8,86.04289,1012.6402,4.39436,34.9921,0.3,35.0,51.0
2023-12-09 05:00:00+00:00,29.0,79.05851,1012.4419,3.8268526,41.185837,0.3,95.0,51.0
2023-12-09 06:00:00+00:00,29.5,77.95971,1011.74316,1.9386592,248.19853,0.3,100.0,51.0
2023-12-09 07:00:00+00:00,29.75,77.99555,1010.74396,0.8049845,243.43501,0.5,98.0,53.0
2023-12-09 08:00:00+00:00,28.05,83.54361,1009.8418,2.1897945,189.46225,6.6,100.0,63.0
2023-12-09 09:00:00+00:00,27.6,87.313774,1008.6417,3.0758414,200.55612,2.0,99.0,61.0
2023-12-09 10:00:00+00:00,27.25,89.12176,1008.84094,4.6938252,94.39862,0.5,100.0,53.0
2023-12-09 11:00:00+00:00,26.9,88.30106,1008.7404,5.04,90.0,0.2,100.0,51.0
2023-12-09 12:00:00+00:00,26.75,89.08355,1009.0403,3.4152596,161.56496,0.0,99.0,3.0
2023-12-09 13:00:00+00:00,27.55,87.83036,1008.8413,2.4149535,153.43501,0.0,89.0,3.0
2023-12-09 14:00:00+00:00,25.9,94.51026,1009.53845,3.8773184,21.801476,0.0,100.0,3.0
2023-12-09 15:00:00+00:00,26.0,93.11508,1010.43835,4.198285,30.963696,0.0,97.0,3.0
2023-12-09 16:00:00+00:00,25.05,93.62903,1010.73663,6.297428,30.963696,0.0,2.0,0.0
2023-12-09 17:00:00+00:00,24.75,93.615135,1010.7364,6.1305785,40.236294,0.0,27.0,1.0
2023-12-09 18:00:00+00:00,24.6,93.60821,1010.63605,4.6800003,67.3801,0.0,98.0,3.0
2023-12-09 19:00:00+00:00,24.8,93.055336,1009.93677,3.8773184,111.801476,0.0,99.0,3.0
2023-12-09 20:00:00+00:00,25.25,91.68969,1009.43756,2.6208394,74.054535,0.0,33.0,1.0
2023-12-09 21:00:00+00:00,24.25,94.44403,1009.2361,3.8268526,48.814175,0.0,19.0,0.0
2023-12-09 22:00:00+00:00,24.2,93.87301,1008.13654,3.671294,78.6901,0.0,2.0,0.0
2023-12-09 23:00:00+00:00,24.1,93.86855,1008.13654,3.5455887,66.037506,0.0,19.0,0.0
2023-12-10 00:00:00+00:00,23.6,93.84622,1008.9353,3.8773184,291.80148,0.0,2.0,0.0
2023-12-10 01:00:00+00:00,24.7,93.05031,1009.43695,4.1046314,105.25517,0.0,55.0,2.0
2023-12-10 02:00:00+00:00,25.95,91.457054,1009.73865,7.5942082,121.42952,0.0,82.0,3.0
2023-12-10 03:00:00+00:00,27.6,85.003586,1010.441,7.7879906,123.6901,0.0,100.0,3.0
2023-12-10 04:00:00+00:00,28.7,77.611694,1010.9423,5.154415,155.22488,0.0,84.0,3.0
2023-12-10 05:00:00+00:00,29.6,72.36298,1010.5437,3.8773184,201.80147,0.0,93.0,3.0
2023-12-10 06:00:00+00:00,29.75,69.40603,1010.544,2.7416782,246.80138,0.1,64.0,51.0
2023-12-10 07:00:00+00:00,29.05,76.281876,1009.64343,10.538843,262.1468,0.2,98.0,51.0
2023-12-10 08:00:00+00:00,28.65,81.88901,1008.6433,8.287822,235.6196,0.5,98.0,53.0
2023-12-10 09:00:00+00:00,28.35,81.85258,1007.74304,5.8603754,227.4896,0.2,96.0,51.0
2023-12-10 10:00:00+00:00,27.75,84.01042,1007.7422,6.0347,197.35411,3.9,97.0,63.0
2023-12-10 11:00:00+00:00,27.5,84.993324,1008.1416,6.193674,234.46223,1.5,100.0,61.0
2023-12-10 12:00:00+00:00,26.95,89.6315,1008.9407,2.0991426,120.96369,0.0,100.0,3.0
2023-12-10 13:00:00+00:00,27.95,86.05724,1008.64197,2.4149535,206.56499,0.0,56.0,2.0
2023-12-10 14:00:00+00:00,27.9,85.03432,1009.64154,1.1384199,341.56494,0.0,97.0,3.0
2023-12-10 15:00:00+00:00,26.3,92.026,1010.83844,9.387651,327.52884,0.0,96.0,3.0
2023-12-10 16:00:00+00:00,25.65,93.93708,1011.5372,3.396233,327.99466,0.0,100.0,3.0
2023-12-10 17:00:00+00:00,24.95,95.04126,1011.1364,4.198285,300.96368,0.0,100.0,3.0
2023-12-10 18:00:00+00:00,25.95,90.09716,1010.83813,0.5091169,135.0001,0.0,100.0,3.0
2023-12-10 19:00:00+00:00,24.95,94.472275,1010.2368,3.7064266,150.9455,0.0,100.0,3.0
2023-12-10 20:00:00+00:00,26.25,88.77866,1009.53906,2.3051248,218.65984,0.0,100.0,3.0
2023-12-10 21:00:00+00:00,25.3,92.80133,1008.8382,2.0991426,300.96368,0.0,100.0,3.0
2023-12-10 22:00:00+00:00,24.8,95.895874,1008.7373,4.3349743,355.23645,0.0,100.0,3.0
2023-12-10 23:00:00+00:00,24.7,95.31833,1009.0371,3.7064266,240.94548,0.8,100.0,53.0
2023-12-11 00:00:00+00:00,24.3,96.46002,1008.93646,3.319036,310.60123,0.1,100.0,51.0
2023-12-11 01:00:00+00:00,25.05,90.5789,1010.0369,3.6,143.13002,0.0,100.0,3.0
2023-12-11 02:00:00+00:00,25.95,90.63896,1010.53827,1.8,126.86999,0.0,91.0,3.0
2023-12-11 03:00:00+00:00,27.15,86.75459,1011.23987,3.219938,333.43503,0.0,100.0,3.0
2023-12-11 04:00:00+00:00,28.45,79.69471,1011.8415,1.5273507,315.0001,0.0,100.0,3.0
2023-12-11 05:00:00+00:00,29.4,71.8946,1011.44305,2.5959969,326.3099,0.0,69.0,2.0
2023-12-11 06:00:00+00:00,30.25,69.70878,1010.6446,0.35999998,270.0,0.0,25.0,1.0
2023-12-11 07:00:00+00:00,30.3,70.98301,1009.74536,4.452954,255.96373,0.1,28.0,51.0
2023-12-11 08:00:00+00:00,29.9,75.05841,1008.54517,7.754637,248.19853,3.1,46.0,63.0
2023-12-11 09:00:00+00:00,28.8,79.97974,1008.14355,7.172949,197.52567,3.5,100.0,63.0
2023-12-11 10:00:00+00:00,28.4,78.975716,1007.8433,8.049845,190.3048,0.1,100.0,51.0
2023-12-11 11:00:00+00:00,27.0,86.740814,1008.34094,5.0142193,158.96242,3.5,100.0,63.0
2023-12-11 12:00:00+00:00,25.9,94.792465,1009.33856,5.3999996,323.13004,3.0,100.0,63.0
2023-12-11 13:00:00+00:00,25.85,96.21326,1008.73883,3.8268526,131.18582,0.0,99.0,3.0
2023-12-11 14:00:00+00:00,26.75,91.50557,1009.63995,2.2768397,108.43504,0.0,100.0,3.0
2023-12-11 15:00:00+00:00,26.0,94.232925,1010.53827,4.510787,61.389645,0.0,98.0,3.0
2023-12-11 16:00:00+00:00,25.65,94.5003,1010.73755,4.8433046,48.01287,0.0,98.0,3.0
2023-12-11 17:00:00+00:00,25.95,91.457054,1011.038,2.1897945,9.462248,0.0,95.0,3.0
2023-12-11 18:00:00+00:00,25.55,92.25947,1010.53766,2.0991426,120.96369,0.0,94.0,3.0
2023-12-11 19:00:00+00:00,24.6,95.314896,1010.3362,3.8268526,228.81418,0.0,100.0,3.0
2023-12-11 20:00:00+00:00,25.25,93.35765,1009.3376,2.3051248,218.65984,0.0,100.0,3.0
2023-12-11 21:00:00+00:00,24.75,92.214836,1008.7373,3.6,233.13002,1.1,100.0,55.0
2023-12-11 22:00:00+00:00,24.75,92.49345,1008.43744,3.8939953,213.6901,0.0,100.0,3.0
2023-12-11 23:00:00+00:00,24.85,93.05782,1008.43744,7.10031,210.46547,0.0,100.0,3.0
2023-12-12 00:00:00+00:00,24.9,92.78058,1008.93744,6.193674,215.53777,0.0,100.0,3.0
2023-12-12 01:00:00+00:00,25.0,93.34564,1008.83746,4.802999,167.00539,0.0,100.0,3.0
2023-12-12 02:00:00+00:00,26.4,89.85962,1009.7394,2.5455842,171.86998,0.0,100.0,3.0
2023-12-12 03:00:00+00:00,27.1,85.20696,1010.73987,2.9024127,97.12492,0.3,100.0,51.0
2023-12-12 04:00:00+00:00,27.8,81.540985,1010.841,2.6208394,105.945465,0.2,100.0,51.0
2023-12-12 05:00:00+00:00,28.6,75.30199,1010.5425,1.609969,153.43501,0.1,100.0,51.0
2023-12-12 06:00:00+00:00,29.1,71.40969,1010.14325,2.5455842,224.9999,0.1,100.0,51.0
2023-12-12 07:00:00+00:00,28.9,74.44971,1009.44324,5.1919937,236.3099,0.1,100.0,51.0
2023-12-12 08:00:00+00:00,28.5,79.93995,1008.44305,8.217153,241.1893,0.1,100.0,51.0
2023-12-12 09:00:00+00:00,28.1,81.57799,1007.6428,7.491114,215.21768,0.1,100.0,51.0
2023-12-12 10:00:00+00:00,27.7,78.641396,1007.4423,4.6102495,218.65984,2.9,100.0,63.0
2023-12-12 11:00:00+00:00,26.5,85.65947,1007.9402,2.7416782,246.80138,6.0,100.0,63.0
2023-12-12 12:00:00+00:00,24.8,99.70185,1009.0371,3.671294,11.3098955,7.3,100.0,63.0
2023-12-12 13:00:00+00:00,25.75,93.66112,1009.1386,7.5685663,244.65387,0.0,99.0,3.0
2023-12-12 14:00:00+00:00,25.15,93.91512,1010.0373,8.825508,281.76825,0.0,99.0,3.0
2023-12-12 15:00:00+00:00,24.85,94.184685,1010.7364,6.12,270.0,0.0,76.0,2.0
2023-12-12 16:00:00+00:00,24.95,91.94855,1011.4363,9.0645685,263.15732,0.0,36.0,1.0
2023-12-12 17:00:00+00:00,24.85,91.66586,1011.43604,4.3349743,265.23645,0.0,34.0,1.0
2023-12-12 18:00:00+00:00,24.7,91.65691,1011.0362,3.6179552,264.2895,0.0,65.0,2.0
2023-12-12 19:00:00+00:00,24.3,93.311874,1010.3358,3.8268526,318.81415,0.0,84.0,3.0
2023-12-12 20:00:00+00:00,24.05,94.435974,1009.3357,3.7585104,343.3007,0.0,95.0,3.0
2023-12-12 21:00:00+00:00,24.25,94.72959,1008.2366,6.5693827,9.462261,0.0,95.0,3.0
2023-12-12 22:00:00+00:00,23.9,94.71613,1007.73645,5.937272,14.036275,0.0,67.0,2.0
2023-12-12 23:00:00+00:00,23.8,93.00495,1007.7362,6.2145634,10.007925,0.0,96.0,3.0
2023-12-13 00:00:00+00:00,23.15,93.54055,1008.235,3.8268526,41.185837,0.0,89.0,3.0
2023-12-13 01:00:00+00:00,24.25,91.908005,1009.2361,4.829907,63.435013,0.0,99.0,3.0
2023-12-13 02:00:00+00:00,24.9,91.39277,1009.837,6.28713,76.75947,0.0,96.0,3.0
2023-12-13 03:00:00+00:00,26.1,87.1809,1010.83813,6.924738,81.02746,0.0,95.0,3.0
2023-12-13 04:00:00+00:00,27.6,79.81993,1011.04065,4.6800003,67.3801,0.0,90.0,3.0
2023-12-13 05:00:00+00:00,28.9,71.37398,1010.5427,3.396233,32.005356,0.0,91.0,3.0
2023-12-13 06:00:00+00:00,29.75,68.57379,1009.7444,1.484318,284.03625,0.0,34.0,1.0
2023-12-13 07:00:00+00:00,30.25,67.44041,1008.7455,4.510787,241.38963,0.0,42.0,1.0
2023-12-13 08:00:00+00:00,29.9,70.06375,1008.0454,7.9932966,234.16226,0.0,57.0,2.0
2023-12-13 09:00:00+00:00,29.1,72.71267,1007.4445,10.703569,222.27362,0.1,86.0,51.0
2023-12-13 10:00:00+00:00,28.7,70.265884,1007.24396,11.019764,218.36752,0.0,83.0,3.0
2023-12-13 11:00:00+00:00,28.4,72.37253,1007.44354,8.404285,226.73567,0.0,91.0,3.0
2023-12-13 12:00:00+00:00,27.7,80.31452,1008.04205,6.489992,236.3099,0.0,77.0,2.0
2023-12-13 13:00:00+00:00,27.6,77.68452,1008.5418,2.5959969,236.3099,0.0,100.0,3.0
2023-12-13 14:00:00+00:00,28.2,71.0322,1009.64215,1.5273507,135.0001,0.0,100.0,3.0
2023-12-13 15:00:00+00:00,26.2,86.40674,1010.63855,3.7585104,106.699326,0.0,98.0,3.0
2023-12-13 16:00:00+00:00,25.15,91.683784,1010.9369,3.6179552,95.7105,0.0,89.0,3.0
2023-12-13 17:00:00+00:00,25.85,86.89626,1010.93787,3.671294,78.6901,0.0,94.0,3.0
2023-12-13 18:00:00+00:00,24.7,89.46548,1010.7364,3.7585104,73.300674,0.0,94.0,3.0
2023-12-13 19:00:00+00:00,24.2,87.54208,1010.63544,5.1544156,77.90526,0.0,83.0,3.0
2023-12-13 20:00:00+00:00,23.95,85.928894,1009.83545,5.4477882,82.40546,0.0,94.0,3.0
2023-12-13 21:00:00+00:00,23.5,85.096306,1008.9353,4.802999,77.00539,0.0,64.0,2.0
2023-12-13 22:00:00+00:00,23.1,85.58098,1008.63477,4.198285,59.03632,0.0,96.0,3.0
2023-12-13 23:00:00+00:00,23.25,82.229324,1008.73474,2.8116899,50.194473,0.0,96.0,3.0
2023-12-14 00:00:00+00:00,22.95,82.19282,1009.2342,5.2416787,74.054535,0.0,88.0,3.0
2023-12-14 01:00:00+00:00,23.2,83.24689,1009.8342,6.87779,83.99109,0.0,85.0,3.0
2023-12-14 02:00:00+00:00,24.3,83.373055,1010.4358,6.28713,76.75947,0.0,85.0,3.0
2023-12-14 03:00:00+00:00,26.05,79.610886,1011.43787,4.6800003,67.3801,0.0,100.0,3.0
2023-12-14 04:00:00+00:00,27.7,71.37537,1011.54047,3.7064266,60.94549,0.0,98.0,3.0
2023-12-14 05:00:00+00:00,29.1,67.00893,1011.14276,2.3051248,51.34017,0.0,94.0,3.0
2023-12-14 06:00:00+00:00,30.1,66.200226,1010.74457,1.1384199,198.43504,0.0,95.0,3.0
2023-12-14 07:00:00+00:00,30.35,67.66352,1010.0452,5.4833565,246.80138,0.0,27.0,1.0
2023-12-14 08:00:00+00:00,30.0,70.50444,1009.0449,8.825508,258.23172,0.0,50.0,2.0
2023-12-14 09:00:00+00:00,29.6,70.64371,1008.34467,8.759178,260.53775,0.0,46.0,1.0
2023-12-14 10:00:00+00:00,29.3,70.1642,1007.94464,8.049845,243.43501,0.0,67.0,2.0
2023-12-14 11:00:00+00:00,28.7,70.47919,1008.5434,7.491114,234.78232,0.0,100.0,3.0
2023-12-14 12:00:00+00:00,28.0,75.20653,1009.34204,5.991594,237.26477,0.0,17.0,0.0
2023-12-14 13:00:00+00:00,26.75,84.15389,1010.33966,4.198285,239.0363,0.0,98.0,3.0
2023-12-14 14:00:00+00:00,26.2,83.08396,1011.2383,4.6102495,231.34016,0.0,91.0,3.0
2023-12-14 15:00:00+00:00,26.6,78.724525,1011.8386,3.5455887,246.0375,0.0,99.0,3.0
2023-12-14 16:00:00+00:00,27.85,70.96872,1012.04047,2.16,270.0,0.0,70.0,2.0
2023-12-14 17:00:00+00:00,27.05,75.51235,1012.3391,2.9024127,150.2552,0.0,100.0,3.0
2023-12-14 18:00:00+00:00,26.0,81.563644,1012.0376,2.6208394,74.054535,0.0,100.0,3.0
2023-12-14 19:00:00+00:00,25.65,82.768776,1011.83704,6.725354,74.47583,0.0,100.0,3.0
2023-12-14 20:00:00+00:00,25.1,81.70048,1011.0368,9.83268,66.2505,0.0,100.0,3.0
2023-12-14 21:00:00+00:00,25.05,79.71836,1010.43677,6.9527545,68.74943,0.0,100.0,3.0
2023-12-14 22:00:00+00:00,24.9,81.675674,1009.4372,4.510787,28.610369,0.0,100.0,3.0
2023-12-14 23:00:00+00:00,24.65,85.47487,1009.3366,5.5887027,14.931467,0.0,97.0,3.0
2023-12-15 00:00:00+00:00,24.55,83.91322,1010.1362,3.9763298,84.805664,0.0,95.0,3.0
2023-12-15 01:00:00+00:00,24.7,79.67077,1010.9363,5.0142193,68.96242,0.0,100.0,3.0
2023-12-15 02:00:00+00:00,25.6,78.343124,1011.63715,6.3690495,47.290634,0.0,100.0,3.0
2023-12-15 03:00:00+00:00,27.25,75.77368,1012.33936,4.3498964,24.443953,0.0,75.0,2.0
2023-12-15 04:00:00+00:00,28.35,67.68097,1012.34094,3.8939953,303.6901,0.0,69.0,2.0
2023-12-15 05:00:00+00:00,29.15,65.60606,1012.14233,3.6,323.13,0.0,39.0,1.0
2023-12-15 06:00:00+00:00,30.0,61.336075,1011.7438,4.5820518,44.999897,0.0,100.0,3.0
2023-12-15 07:00:00+00:00,30.45,61.62356,1010.84485,1.5273507,315.0001,0.0,76.0,2.0
2023-12-15 08:00:00+00:00,30.3,64.072464,1009.6454,2.3051248,231.34016,0.0,44.0,1.0
2023-12-15 09:00:00+00:00,29.8,68.790596,1008.7449,2.3051248,218.65984,0.0,30.0,1.0
2023-12-15 10:00:00+00:00,29.45,71.68747,1008.44464,2.3051248,218.65984,0.1,86.0,51.0
2023-12-15 11:00:00+00:00,27.5,88.34992,1009.1412,1.8,360.0,4.2,99.0,63.0
2023-12-15 12:00:00+00:00,26.1,96.5064,1010.1384,4.39436,325.0079,12.4,100.0,65.0
2023-12-15 13:00:00+00:00,26.65,81.89115,1010.2394,9.220499,38.65983,0.1,100.0,51.0
2023-12-15 14:00:00+00:00,25.65,87.40401,1010.8375,6.489992,33.6901,1.2,100.0,55.0
2023-12-15 15:00:00+00:00,25.3,89.78044,1011.5369,2.968636,14.036275,0.2,100.0,51.0
2023-12-15 16:00:00+00:00,24.5,92.75971,1011.9355,4.6800003,22.61991,0.0,100.0,3.0
2023-12-15 17:00:00+00:00,24.4,90.810005,1011.9351,5.1165614,39.289394,0.0,100.0,3.0
2023-12-15 18:00:00+00:00,24.85,86.80462,1011.536,4.6102495,38.65983,0.0,100.0,3.0
2023-12-15 19:00:00+00:00,24.7,87.85212,1011.6359,7.289444,69.775055,0.0,100.0,3.0
2023-12-15 20:00:00+00:00,24.5,87.835045,1010.5361,4.1046314,37.875053,0.2,100.0,51.0
2023-12-15 21:00:00+00:00,24.0,89.412994,1009.83545,3.6,53.13002,0.6,100.0,53.0
2023-12-15 22:00:00+00:00,24.5,87.568275,1009.43665,4.0249224,63.435013,0.2,100.0,51.0
2023-12-15 23:00:00+00:00,23.5,98.80043,1009.535,3.6,90.0,0.1,100.0,51.0
2023-12-16 00:00:00+00:00,24.3,91.07922,1009.7361,3.2599385,83.659904,0.0,100.0,3.0
2023-12-16 01:00:00+00:00,24.6,92.20646,1010.23627,5.8048253,82.875084,0.0,100.0,3.0
2023-12-16 02:00:00+00:00,25.0,91.12374,1011.1364,5.8048253,97.12492,0.0,100.0,3.0
2023-12-16 03:00:00+00:00,25.7,90.8948,1012.03735,4.3498964,114.44395,0.0,100.0,3.0
2023-12-16 04:00:00+00:00,26.3,88.51692,1012.1379,6.6087217,119.357666,0.0,100.0,3.0
2023-12-16 05:00:00+00:00,26.65,86.190125,1012.0385,7.289445,122.90524,0.0,100.0,3.0
2023-12-16 06:00:00+00:00,27.1,82.192856,1011.5395,5.0911684,135.0001,0.0,100.0,3.0
2023-12-16 07:00:00+00:00,26.65,85.67431,1010.53925,3.2399998,180.0,0.2,100.0,51.0
2023-12-16 08:00:00+00:00,26.1,90.10767,1009.93854,7.072878,194.7436,1.3,100.0,61.0
2023-12-16 09:00:00+00:00,27.05,98.25191,1009.14056,1.835647,191.30989,2.9,100.0,63.0
2023-12-16 10:00:00+00:00,25.25,98.815926,1008.6379,4.198285,210.96368,3.5,100.0,63.0
2023-12-16 11:00:00+00:00,25.05,98.814224,1008.4377,4.68,270.0,1.9,100.0,61.0
2023-12-16 12:00:00+00:00,24.8,99.107834,1009.0371,3.0758414,290.55612,1.7,100.0,61.0
2023-12-16 13:00:00+00:00,25.35,95.62604,1009.138,2.1897945,80.53775,0.4,100.0,51.0
2023-12-16 14:00:00+00:00,24.9,96.18687,1009.837,3.319036,257.4712,0.2,100.0,51.0
2023-12-16 15:00:00+00:00,24.5,98.513626,1011.0359,4.379589,260.53775,0.2,100.0,51.0
2023-12-16 16:00:00+00:00,24.25,98.21538,1011.63495,5.154415,245.22488,0.1,100.0,51.0
2023-12-16 17:00:00+00:00,24.35,97.62848,1011.43536,3.219938,243.43501,0.2,100.0,51.0
2023-12-16 18:00:00+00:00,24.0,98.80488,1010.93494,4.5536795,18.435053,0.3,100.0,51.0
2023-12-16 19:00:00+00:00,23.8,99.101166,1010.0351,4.198285,59.03632,0.5,100.0,53.0
2023-12-16 20:00:00+00:00,23.65,99.10017,1009.7349,4.3498964,65.55606,1.5,100.0,61.0
2023-12-16 21:00:00+00:00,23.5,99.39862,1008.9353,3.4152596,108.43504,3.6,100.0,63.0
2023-12-16 22:00:00+00:00,23.4,99.398186,1008.33514,3.8939953,56.3099,1.4,100.0,61.0
2023-12-16 23:00:00+00:00,23.35,99.39796,1008.2352,3.5455887,23.962492,1.9,100.0,61.0
2023-12-17 00:00:00+00:00,23.2,98.79775,1008.3349,4.452954,14.036275,2.4,100.0,61.0
2023-12-17 01:00:00+00:00,24.0,99.400856,1009.0358,2.9024127,82.875084,2.6,100.0,63.0
2023-12-17 02:00:00+00:00,24.2,99.10381,1009.73584,1.2979984,236.3099,3.4,100.0,63.0
2023-12-17 03:00:00+00:00,24.5,99.40308,1010.5361,1.609969,296.56497,3.4,100.0,63.0
2023-12-17 04:00:00+00:00,24.8,99.70185,1010.63635,2.4149535,296.56497,5.9,100.0,63.0
2023-12-17 05:00:00+00:00,24.95,100.0,1010.3368,3.319036,282.5288,6.6,100.0,63.0
2023-12-17 06:00:00+00:00,24.65,99.701515,1009.8364,4.6938252,274.39862,5.8,100.0,63.0
2023-12-17 07:00:00+00:00,24.55,99.403366,1009.1367,7.729527,242.24155,5.2,100.0,63.0
2023-12-17 08:00:00+00:00,24.5,99.701164,1008.63696,1.1384199,251.56496,9.2,100.0,65.0
2023-12-17 09:00:00+00:00,24.4,99.70097,1007.837,3.671294,101.3099,18.0,100.0,65.0
2023-12-17 10:00:00+00:00,24.55,99.403366,1007.3375,2.9024127,330.25522,14.3,100.0,65.0
2023-12-17 11:00:00+00:00,24.2,99.70048,1007.73676,4.896529,342.8972,9.1,100.0,65.0
2023-12-17 12:00:00+00:00,23.95,99.69991,1007.93634,5.95906,25.016869,1.9,100.0,61.0
2023-12-17 13:00:00+00:00,24.0,99.400856,1008.4361,3.8939953,303.6901,5.6,100.0,63.0
2023-12-17 14:00:00+00:00,24.1,99.40133,1009.1361,3.0758414,249.44386,4.9,100.0,63.0
2023-12-17 15:00:00+00:00,24.1,98.50919,1010.1356,1.8,216.86998,2.8,100.0,63.0
2023-12-17 16:00:00+00:00,23.9,99.10186,1010.5351,2.0991426,239.0363,5.0,100.0,63.0
2023-12-17 17:00:00+00:00,23.8,99.40001,1010.7348,2.16,270.0,6.7,100.0,63.0
2023-12-17 18:00:00+00:00,23.95,99.40065,1010.4352,5.634891,333.43503,10.8,100.0,65.0
2023-12-17 19:00:00+00:00,23.3,99.397766,1010.2343,6.989936,34.50859,4.9,100.0,63.0
2023-12-17 20:00:00+00:00,23.0,99.39637,1009.2342,6.12,360.0,3.4,100.0,63.0
2023-12-17 21:00:00+00:00,22.95,98.79552,1008.33453,7.9932976,7.7650824,5.1,100.0,63.0
2023-12-17 22:00:00+00:00,23.1,98.796844,1008.0351,5.154415,24.775122,4.9,100.0,63.0
2023-12-17 23:00:00+00:00,23.2,98.79775,1008.135,4.6102495,38.65983,4.0,100.0,63.0
2023-12-18 00:00:00+00:00,23.15,98.797325,1008.43494,5.771239,3.5762644,5.8,100.0,63.0
2023-12-18 01:00:00+00:00,23.55,99.09948,1009.43506,3.8939953,146.3099,2.5,100.0,63.0
2023-12-18 02:00:00+00:00,23.4,98.799576,1009.73456,4.452954,75.96373,8.5,100.0,65.0
2023-12-18 03:00:00+00:00,23.45,98.79999,1010.6341,4.452954,75.96373,9.4,100.0,65.0
2023-12-18 04:00:00+00:00,23.85,98.50643,1011.03467,2.8116899,309.8055,7.7,100.0,65.0
2023-12-18 05:00:00+00:00,23.85,99.10151,1011.33453,2.9024127,209.7448,6.9,100.0,63.0
2023-12-18 06:00:00+00:00,24.45,99.4029,1010.6357,2.8116899,219.80553,6.8,100.0,63.0
2023-12-18 07:00:00+00:00,24.4,99.70097,1009.7361,1.1384199,251.56496,8.4,100.0,65.0
2023-12-18 08:00:00+00:00,24.5,99.701164,1008.537,5.1544156,282.09473,7.2,100.0,63.0
2023-12-18 09:00:00+00:00,24.75,99.70171,1008.0376,2.9024127,299.74478,4.6,100.0,63.0
2023-12-18 10:00:00+00:00,24.75,99.70171,1008.1375,4.1046314,344.7448,3.8,100.0,63.0
2023-12-18 11:00:00+00:00,24.5,99.701164,1008.537,2.5455842,8.130019,4.0,100.0,63.0
2023-12-18 12:00:00+00:00,24.35,99.700806,1009.13635,2.6208394,15.945477,4.1,100.0,63.0
2023-12-18 13:00:00+00:00,23.6,98.80132,1008.9353,11.212135,84.47256,0.5,100.0,53.0
2023-12-18 14:00:00+00:00,23.3,99.0978,1009.93445,5.692099,34.69522,0.2,100.0,51.0
2023-12-18 15:00:00+00:00,23.0,99.09577,1011.13324,4.6102495,51.34017,0.2,100.0,51.0
2023-12-18 16:00:00+00:00,22.8,98.794174,1011.2329,8.0899935,32.275623,0.3,100.0,51.0
2023-12-18 17:00:00+00:00,23.7,89.9376,1010.8347,4.452954,75.96373,0.2,100.0,51.0
2023-12-18 18:00:00+00:00,23.65,90.48433,1010.9344,4.0249224,296.56497,0.0,100.0,3.0
2023-12-18 19:00:00+00:00,25.15,87.35993,1010.43713,5.8603754,259.3804,0.0,100.0,3.0
2023-12-18 20:00:00+00:00,25.25,91.414276,1009.7374,9.0,253.73972,0.0,100.0,3.0
2023-12-18 21:00:00+00:00,25.05,91.95436,1009.3372,8.28,270.0,0.0,100.0,3.0
2023-12-18 22:00:00+00:00,24.7,92.770164,1009.1371,7.754637,291.80148,0.0,100.0,3.0
2023-12-18 23:00:00+00:00,24.35,92.75187,1009.13635,7.386582,313.0251,0.0,100.0,3.0
2023-12-19 00:00:00+00:00,23.8,91.60285,1009.4354,7.928178,2.6025116,0.0,100.0,3.0
2023-12-19 01:00:00+00:00,24.85,83.690636,1010.0367,4.0249224,26.564985,0.0,39.0,1.0
2023-12-19 02:00:00+00:00,25.25,87.89893,1010.8369,2.1897945,170.53775,0.0,46.0,1.0
2023-12-19 03:00:00+00:00,26.25,91.74885,1011.2383,2.6208394,105.945465,0.0,37.0,1.0
2023-12-19 04:00:00+00:00,27.6,78.39069,1011.54047,6.725354,105.52418,0.0,42.0,1.0
2023-12-19 05:00:00+00:00,28.55,70.45166,1011.4417,8.64,90.0,0.0,71.0,2.0
2023-12-19 06:00:00+00:00,28.95,68.8363,1010.8426,5.771239,86.423744,0.0,97.0,3.0
2023-12-19 07:00:00+00:00,29.75,65.53014,1010.14417,7.10031,59.53454,0.0,67.0,2.0
2023-12-19 08:00:00+00:00,30.3,62.916176,1009.3455,3.0547013,44.999897,0.0,77.0,2.0
2023-12-19 09:00:00+00:00,29.45,71.04312,1008.9444,4.6938252,265.60138,0.0,46.0,1.0
2023-12-19 10:00:00+00:00,28.45,79.45671,1008.7429,4.379589,279.46225,0.0,48.0,1.0
2023-12-19 11:00:00+00:00,28.2,81.10422,1008.54266,1.5273507,315.0001,0.0,41.0,1.0
2023-12-19 12:00:00+00:00,27.7,85.52221,1008.94165,5.3999996,90.0,0.0,32.0,1.0
2023-12-19 13:00:00+00:00,27.6,76.75158,1009.14154,6.8399997,90.0,0.0,50.0,2.0
2023-12-19 14:00:00+00:00,26.65,84.65082,1010.1394,3.4152596,108.43504,0.0,81.0,3.0
2023-12-19 15:00:00+00:00,28.1,71.230316,1010.8414,1.5273507,135.0001,0.0,96.0,3.0
2023-12-19 16:00:00+00:00,27.25,76.00397,1011.23987,3.2399998,90.0,0.0,51.0,2.0
2023-12-19 17:00:00+00:00,25.9,83.30144,1011.1377,3.9763298,95.19434,0.0,54.0,2.0
2023-12-19 18:00:00+00:00,25.8,80.79815,1011.0378,4.0249224,116.56499,0.0,42.0,1.0
2023-12-19 19:00:00+00:00,25.65,79.3139,1010.6376,6.12,118.072395,0.0,61.0,2.0
2023-12-19 20:00:00+00:00,25.6,79.06506,1009.9379,5.634891,116.56499,0.0,65.0,2.0
2023-12-19 21:00:00+00:00,24.8,83.68506,1009.1371,5.4119864,86.186005,0.0,42.0,1.0
2023-12-19 22:00:00+00:00,26.1,72.635544,1008.83905,3.5455887,66.037506,0.0,45.0,1.0
2023-12-19 23:00:00+00:00,24.65,84.95526,1008.9368,2.7416782,293.1986,0.0,47.0,1.0
2023-12-20 00:00:00+00:00,25.0,86.55536,1009.5372,2.968636,284.03625,0.0,50.0,2.0
2023-12-20 01:00:00+00:00,25.3,83.74089,1010.4375,5.1165614,129.28938,0.0,96.0,3.0
2023-12-20 02:00:00+00:00,26.45,78.46456,1011.3386,4.3349743,138.36655,0.0,53.0,2.0
2023-12-20 03:00:00+00:00,27.2,79.76627,1012.0395,5.6002855,135.0001,0.0,61.0,2.0
2023-12-20 04:00:00+00:00,27.95,71.20329,1012.5402,6.439876,116.56499,0.0,73.0,2.0
2023-12-20 05:00:00+00:00,28.7,69.629326,1012.2417,7.928178,92.60251,0.0,90.0,3.0
2023-12-20 06:00:00+00:00,29.05,68.85546,1011.5426,9.255571,76.50425,0.0,89.0,3.0
2023-12-20 07:00:00+00:00,29.4,68.093,1010.3435,9.339208,62.447273,0.0,56.0,2.0
2023-12-20 08:00:00+00:00,29.9,66.96538,1009.54474,8.049845,63.435013,0.0,62.0,2.0
2023-12-20 09:00:00+00:00,29.85,67.56544,1008.5449,4.39436,55.0079,0.0,53.0,2.0
2023-12-20 10:00:00+00:00,29.65,68.96983,1008.1451,3.6,360.0,0.0,98.0,3.0
2023-12-20 11:00:00+00:00,29.4,72.54596,1008.2445,2.2768397,341.56494,0.0,100.0,3.0
2023-12-20 12:00:00+00:00,28.25,87.11245,1008.74255,1.8,270.0,0.0,99.0,3.0
2023-12-20 13:00:00+00:00,27.55,80.53661,1009.541,5.6233797,39.805527,0.0,99.0,3.0
2023-12-20 14:00:00+00:00,27.1,76.90871,1010.44,7.2,36.86999,0.0,100.0,3.0
2023-12-20 15:00:00+00:00,26.95,74.355354,1011.2396,8.39657,30.963696,0.0,100.0,3.0
2023-12-20 16:00:00+00:00,26.3,77.72993,1011.7381,5.1919937,33.6901,0.0,100.0,3.0
2023-12-20 17:00:00+00:00,25.9,79.348305,1011.6375,4.8965297,36.027473,0.0,100.0,3.0
2023-12-20 18:00:00+00:00,25.7,79.563225,1011.1377,5.6002855,44.999897,0.0,100.0,3.0
2023-12-20 19:00:00+00:00,24.75,84.96562,1010.33655,4.5536795,71.564964,0.0,99.0,3.0
2023-12-20 20:00:00+00:00,25.0,81.93813,1009.5372,4.2136917,70.01681,0.0,99.0,3.0
2023-12-20 21:00:00+00:00,25.85,76.25069,1008.8388,0.71999997,270.0,0.0,100.0,3.0
2023-12-20 22:00:00+00:00,26.0,78.161575,1008.7391,1.8,233.13002,0.0,100.0,3.0
2023-12-20 23:00:00+00:00,26.0,81.06983,1008.83905,1.9386592,248.19853,0.0,91.0,3.0
2023-12-21 00:00:00+00:00,25.5,83.509125,1009.4382,2.6208394,15.945477,0.0,99.0,3.0
2023-12-21 01:00:00+00:00,26.1,79.134544,1010.3383,2.3051248,308.65982,0.0,99.0,3.0
2023-12-21 02:00:00+00:00,26.0,83.81854,1010.9381,2.52,360.0,0.0,95.0,3.0
2023-12-21 03:00:00+00:00,26.95,84.42859,1011.6394,3.0758414,20.556128,0.0,84.0,3.0
2023-12-21 04:00:00+00:00,28.2,72.99821,1011.8411,3.319036,40.601215,0.0,68.0,2.0
2023-12-21 05:00:00+00:00,29.05,69.27408,1012.0424,4.6938257,57.528828,0.0,52.0,2.0
2023-12-21 06:00:00+00:00,30.15,63.65296,1011.34424,10.739833,76.42955,0.0,37.0,1.0
2023-12-21 07:00:00+00:00,30.95,60.804474,1010.44604,11.659777,81.11942,0.0,30.0,1.0
2023-12-21 08:00:00+00:00,30.85,61.899517,1009.746,6.9899354,101.88863,0.0,44.0,1.0
2023-12-21 09:00:00+00:00,30.25,64.84318,1008.9454,5.1544156,192.09474,0.1,55.0,51.0
2023-12-21 10:00:00+00:00,29.1,73.15157,1008.6439,9.0,216.86998,0.2,76.0,51.0
2023-12-21 11:00:00+00:00,28.5,74.83406,1008.8429,6.9153743,218.65984,0.0,68.0,2.0
2023-12-21 12:00:00+00:00,28.05,80.84301,1009.34204,3.8268526,228.81418,0.0,35.0,1.0
2023-12-21 13:00:00+00:00,27.25,89.12176,1009.8405,3.8773184,21.801476,0.0,68.0,2.0
2023-12-21 14:00:00+00:00,27.0,83.17561,1011.03973,8.707238,352.87506,0.0,93.0,3.0
2023-12-21 15:00:00+00:00,26.2,81.09526,1012.0379,9.007196,2.2905633,0.0,98.0,3.0
2023-12-21 16:00:00+00:00,25.7,80.05007,1012.4372,11.440978,12.7243595,0.0,99.0,3.0
2023-12-21 17:00:00+00:00,25.55,80.27465,1012.1369,12.10157,22.751022,0.0,86.0,3.0
2023-12-21 18:00:00+00:00,25.35,80.49374,1012.03674,11.792404,31.263678,0.0,57.0,2.0
2023-12-21 19:00:00+00:00,25.15,81.20902,1011.23676,10.883676,34.215755,0.0,34.0,1.0
2023-12-21 20:00:00+00:00,24.9,82.680565,1010.43677,7.9036193,30.068504,0.0,100.0,3.0
2023-12-21 21:00:00+00:00,24.55,85.72585,1009.9364,3.9763298,354.80566,0.0,100.0,3.0
2023-12-21 22:00:00+00:00,24.25,88.08152,1009.8358,3.9763298,354.80566,0.0,97.0,3.0
2023-12-21 23:00:00+00:00,24.1,86.47066,1009.9358,4.0249224,26.564985,0.0,91.0,3.0
2023-12-22 00:00:00+00:00,23.9,86.98236,1010.5351,4.8965297,36.027473,0.0,97.0,3.0
2023-12-22 01:00:00+00:00,24.5,84.68061,1010.9359,5.937272,14.036275,0.0,74.0,2.0
2023-12-22 02:00:00+00:00,25.0,85.770355,1011.73615,7.2359104,5.7105074,0.0,98.0,3.0
2023-12-22 03:00:00+00:00,26.9,82.91441,1012.8385,6.6087217,29.357658,0.0,100.0,3.0
2023-12-22 04:00:00+00:00,27.9,76.56563,1013.2399,5.00128,59.743652,0.0,100.0,3.0
2023-12-22 05:00:00+00:00,28.75,72.433365,1012.84143,3.319036,77.4712,0.0,33.0,1.0
2023-12-22 06:00:00+00:00,29.8,68.99832,1012.3432,1.2979984,213.6901,0.0,92.0,3.0
2023-12-22 07:00:00+00:00,30.1,68.02342,1011.34424,5.3517847,227.72638,0.0,100.0,3.0
2023-12-22 08:00:00+00:00,29.75,71.097115,1010.3441,7.145796,220.91429,0.0,99.0,3.0
2023-12-22 09:00:00+00:00,29.0,74.914505,1009.44324,9.504272,217.30403,0.0,99.0,3.0
2023-12-22 10:00:00+00:00,28.45,72.60053,1009.24274,10.495713,210.96368,0.0,98.0,3.0
2023-12-22 11:00:00+00:00,28.0,75.20653,1009.442,10.041354,194.5345,0.0,99.0,3.0
2023-12-22 12:00:00+00:00,27.5,82.240814,1010.0408,8.209263,195.25517,0.0,14.0,0.0
2023-12-22 13:00:00+00:00,27.1,82.44043,1010.5399,7.4128532,209.0545,0.0,100.0,3.0
2023-12-22 14:00:00+00:00,26.55,86.439674,1011.1389,3.7064266,209.0545,0.0,100.0,3.0
2023-12-22 15:00:00+00:00,26.0,90.10067,1012.1375,4.3349743,228.36655,0.0,83.0,3.0
2023-12-22 16:00:00+00:00,25.75,88.73919,1012.5371,3.6,306.86996,0.0,100.0,3.0
2023-12-22 17:00:00+00:00,25.0,91.39892,1012.7357,5.506941,348.6901,0.0,100.0,3.0
2023-12-22 18:00:00+00:00,24.3,93.59432,1012.73474,6.151683,20.556128,0.0,100.0,3.0
2023-12-22 19:00:00+00:00,24.35,91.358795,1012.4349,4.3349743,48.366554,0.0,100.0,3.0
2023-12-22 20:00:00+00:00,23.6,91.87006,1011.634,3.396233,57.99466,0.0,100.0,3.0
2023-12-22 21:00:00+00:00,23.15,91.56345,1010.9338,4.0249224,63.435013,0.0,88.0,3.0
2023-12-22 22:00:00+00:00,22.9,90.98915,1010.83344,6.130579,86.63361,0.0,2.0,0.0
2023-12-22 23:00:00+00:00,22.6,91.24941,1010.9328,6.87779,83.99109,0.0,6.0,0.0
2023-12-23 00:00:00+00:00,22.3,90.39177,1011.3322,6.9899354,78.11137,0.0,4.0,0.0
2023-12-23 01:00:00+00:00,22.5,88.204994,1011.63245,4.829907,63.435013,0.0,83.0,3.0
2023-12-23 02:00:00+00:00,23.0,89.06365,1012.73254,6.830519,71.564964,0.0,98.0,3.0
2023-12-23 03:00:00+00:00,25.3,82.72768,1013.536,6.28713,76.75947,0.0,94.0,3.0
2023-12-23 04:00:00+00:00,27.3,71.95995,1013.63873,5.3517847,47.72637,0.0,87.0,3.0
2023-12-23 05:00:00+00:00,28.65,65.103195,1013.54114,3.219938,333.43503,0.0,90.0,3.0
2023-12-23 06:00:00+00:00,29.6,60.686016,1013.04254,3.2399998,270.0,0.0,100.0,3.0
2023-12-23 07:00:00+00:00,29.85,62.05653,1012.1433,5.5887027,255.06853,0.0,98.0,3.0
2023-12-23 08:00:00+00:00,29.85,65.15415,1011.0438,6.6185193,247.61981,0.0,98.0,3.0
2023-12-23 09:00:00+00:00,29.6,65.69855,1010.14386,9.0,233.13002,0.0,100.0,3.0
2023-12-23 10:00:00+00:00,29.0,63.795887,1009.7431,10.514218,218.04709,0.0,100.0,3.0
2023-12-23 11:00:00+00:00,28.15,68.47343,1009.94183,10.315115,209.24873,0.0,100.0,3.0
2023-12-23 12:00:00+00:00,27.2,76.690956,1010.3403,6.9153743,218.65984,0.0,11.0,0.0
2023-12-23 13:00:00+00:00,26.6,76.36659,1010.9391,5.6233797,230.19447,0.0,99.0,3.0
2023-12-23 14:00:00+00:00,26.1,80.83676,1011.9376,4.6938252,265.60138,0.0,62.0,2.0
2023-12-23 15:00:00+00:00,26.2,83.08396,1012.7376,4.5536795,288.43503,0.0,92.0,3.0
2023-12-23 16:00:00+00:00,25.45,87.650795,1013.4361,3.8268526,318.81415,0.0,61.0,2.0
2023-12-23 17:00:00+00:00,24.75,89.198616,1013.4351,4.73506,351.2539,0.0,100.0,3.0
2023-12-23 18:00:00+00:00,23.95,86.72134,1013.53375,4.8965297,36.027473,0.0,31.0,1.0
2023-12-23 19:00:00+00:00,23.1,87.176765,1013.4326,3.6,53.13002,0.0,47.0,1.0
2023-12-23 20:00:00+00:00,22.8,86.61381,1012.6322,3.219938,63.435013,0.0,20.0,1.0
2023-12-23 21:00:00+00:00,22.85,84.7663,1012.13245,3.8939953,56.3099,0.0,15.0,0.0
2023-12-23 22:00:00+00:00,22.25,86.29412,1011.63184,3.096837,35.537766,0.0,6.0,0.0
2023-12-23 23:00:00+00:00,21.9,85.459526,1011.73145,3.319036,40.601215,0.0,89.0,3.0
2023-12-24 00:00:00+00:00,21.8,83.86621,1012.03094,3.7064266,60.94549,0.0,96.0,3.0
2023-12-24 01:00:00+00:00,23.05,82.20502,1012.53265,5.8048253,29.744795,0.0,14.0,0.0
2023-12-24 02:00:00+00:00,24.0,83.08311,1013.2339,7.2,36.86999,0.0,8.0,0.0
2023-12-24 03:00:00+00:00,26.5,80.15643,1014.03735,6.6087217,60.64234,0.0,1.0,0.0
2023-12-24 04:00:00+00:00,28.05,69.71934,1014.0399,5.2416787,74.054535,0.0,1.0,0.0
2023-12-24 05:00:00+00:00,29.05,68.231674,1013.84155,3.0758414,69.44387,0.0,3.0,0.0
2023-12-24 06:00:00+00:00,29.9,65.56101,1013.14307,1.2979984,303.6901,0.0,4.0,0.0
2023-12-24 07:00:00+00:00,30.45,63.71693,1012.3442,3.6179552,264.2895,0.0,36.0,1.0
2023-12-24 08:00:00+00:00,30.3,63.299545,1011.54456,4.829907,243.43501,0.1,23.0,51.0
2023-12-24 09:00:00+00:00,29.65,66.51115,1010.8439,3.396233,237.99466,0.2,20.0,51.0
2023-12-24 10:00:00+00:00,29.45,67.69148,1010.6436,3.5455887,203.9625,0.1,39.0,51.0
2023-12-24 11:00:00+00:00,29.0,70.747734,1010.64264,3.8268526,221.18582,0.0,25.0,1.0
2023-12-24 12:00:00+00:00,28.2,77.77194,1011.0415,3.8268526,228.81418,0.0,16.0,0.0
2023-12-24 13:00:00+00:00,28.1,79.88673,1011.641,1.8,53.13002,0.1,11.0,51.0
2023-12-24 14:00:00+00:00,26.8,86.20442,1012.13885,2.5455842,8.130019,0.0,3.0,0.0
2023-12-24 15:00:00+00:00,25.95,86.64389,1013.0371,3.5455887,23.962492,0.0,9.0,0.0
2023-12-24 16:00:00+00:00,26.25,77.95977,1013.7372,5.3517847,47.72637,0.0,17.0,0.0
2023-12-24 17:00:00+00:00,26.0,75.11453,1013.53687,9.449572,72.25524,0.0,24.0,1.0
2023-12-24 18:00:00+00:00,25.6,75.74522,1013.33636,7.24486,63.435013,0.0,23.0,1.0
2023-12-24 19:00:00+00:00,25.3,77.34482,1013.03625,7.729527,62.24156,0.0,23.0,1.0
2023-12-24 20:00:00+00:00,25.0,79.9563,1012.1359,4.6938257,57.528828,0.0,26.0,1.0
2023-12-24 21:00:00+00:00,24.65,82.398384,1011.53564,4.39436,55.0079,0.0,43.0,1.0
2023-12-24 22:00:00+00:00,24.75,79.67757,1011.13617,4.198285,30.963696,0.0,32.0,1.0
2023-12-24 23:00:00+00:00,24.3,81.85207,1011.0355,4.3498964,24.443953,0.0,23.0,1.0
2023-12-25 00:00:00+00:00,23.95,84.88217,1011.43475,5.2416787,15.945477,0.0,38.0,1.0
2023-12-25 01:00:00+00:00,24.7,80.65544,1011.536,3.6179552,354.2895,0.0,29.0,1.0
2023-12-25 02:00:00+00:00,25.75,77.175255,1012.4372,4.5536795,341.56494,0.0,100.0,3.0
2023-12-25 03:00:00+00:00,26.75,78.03225,1013.3383,3.319036,347.4712,0.0,100.0,3.0
2023-12-25 04:00:00+00:00,27.95,69.70055,1013.33984,1.2979984,326.3099,0.0,93.0,3.0
2023-12-25 05:00:00+00:00,28.7,67.749855,1013.1413,2.0364676,315.0001,0.0,97.0,3.0
2023-12-25 06:00:00+00:00,29.95,61.13776,1012.6433,4.6938257,57.528828,0.0,79.0,2.0
2023-12-25 07:00:00+00:00,30.9,57.370914,1011.74506,4.3498964,65.55606,0.0,98.0,3.0
2023-12-25 08:00:00+00:00,30.95,56.858185,1010.44604,4.198285,210.96368,0.0,100.0,3.0
2023-12-25 09:00:00+00:00,29.75,66.73309,1009.7444,10.163227,202.93213,0.0,100.0,3.0
2023-12-25 10:00:00+00:00,29.3,69.53117,1009.244,7.968939,198.43504,0.0,62.0,2.0
2023-12-25 11:00:00+00:00,29.05,71.61656,1009.3436,5.4477882,187.59456,0.0,44.0,1.0
2023-12-25 12:00:00+00:00,28.45,77.57518,1009.8424,4.1046314,195.25517,0.0,14.0,0.0
2023-12-25 13:00:00+00:00,26.8,86.20442,1010.23975,2.7416782,246.80138,0.0,16.0,0.0
2023-12-25 14:00:00+00:00,26.35,84.87456,1010.93884,3.671294,258.6901,0.0,78.0,2.0
2023-12-25 15:00:00+00:00,25.9,85.341896,1012.13727,4.8433046,311.98712,0.0,72.0,2.0
2023-12-25 16:00:00+00:00,25.5,86.86428,1012.63666,4.3349743,4.763556,0.0,29.0,1.0
2023-12-25 17:00:00+00:00,25.6,82.26128,1012.8366,6.193674,35.537766,0.0,16.0,0.0
2023-12-25 18:00:00+00:00,24.95,82.93926,1012.6357,4.6800003,22.61991,0.0,20.0,1.0
2023-12-25 19:00:00+00:00,25.0,80.69453,1012.43585,7.342588,11.3098955,0.0,26.0,1.0
2023-12-25 20:00:00+00:00,24.65,82.14643,1011.83545,10.182337,8.130019,0.0,14.0,0.0
2023-12-25 21:00:00+00:00,24.3,83.88554,1011.0355,10.105681,4.085537,0.0,37.0,1.0
2023-12-25 22:00:00+00:00,24.3,83.11786,1010.4358,8.287822,2.4894993,0.0,24.0,1.0
2023-12-25 23:00:00+00:00,24.3,81.85207,1010.3358,7.9526596,354.80566,0.0,22.0,1.0
2023-12-26 00:00:00+00:00,23.9,83.07152,1010.73505,5.04,360.0,0.0,20.0,1.0
2023-12-26 01:00:00+00:00,24.45,79.39177,1011.13544,2.7416782,336.8014,0.0,37.0,1.0
2023-12-26 02:00:00+00:00,25.2,81.46377,1012.1363,1.08,270.0,0.0,38.0,1.0
2023-12-26 03:00:00+00:00,26.7,78.500084,1013.0381,1.08,270.0,0.0,75.0,2.0
2023-12-26 04:00:00+00:00,27.8,70.09918,1013.04004,2.9024127,240.2552,0.0,75.0,2.0
2023-12-26 05:00:00+00:00,28.5,68.95967,1012.84106,2.5959969,236.3099,0.0,100.0,3.0
2023-12-26 06:00:00+00:00,29.4,65.657486,1012.2427,1.08,270.0,0.0,98.0,3.0
2023-12-26 07:00:00+00:00,29.9,63.59953,1011.4439,1.9386592,291.80148,0.0,95.0,3.0
2023-12-26 08:00:00+00:00,30.5,60.33432,1010.34534,1.484318,284.03625,0.0,99.0,3.0
2023-12-26 09:00:00+00:00,30.9,57.54673,1009.4461,1.2979984,213.6901,0.0,95.0,3.0
2023-12-26 10:00:00+00:00,30.1,63.25653,1009.14526,4.3349743,221.63345,0.0,91.0,3.0
2023-12-26 11:00:00+00:00,29.2,69.30241,1009.4436,6.1094027,224.9999,0.0,54.0,2.0
2023-12-26 12:00:00+00:00,28.05,78.45454,1009.94183,6.3690495,222.70937,0.0,12.0,0.0
2023-12-26 13:00:00+00:00,26.95,82.422646,1010.73987,2.6208394,254.05453,0.0,100.0,3.0
2023-12-26 14:00:00+00:00,26.85,80.68888,1011.63904,2.4149535,296.56497,0.0,93.0,3.0
2023-12-26 15:00:00+00:00,26.25,82.33923,1012.7376,5.0911684,351.87,0.0,90.0,3.0
2023-12-26 16:00:00+00:00,25.35,85.80482,1013.3361,6.0347,17.354122,0.0,67.0,2.0
2023-12-26 17:00:00+00:00,25.6,84.02875,1013.53625,4.3349743,41.63345,0.0,2.0,0.0
2023-12-26 18:00:00+00:00,25.15,82.96254,1013.33575,6.3690495,42.709366,0.0,14.0,0.0
2023-12-26 19:00:00+00:00,24.3,83.11786,1012.73474,6.1305785,49.76371,0.0,91.0,3.0
2023-12-26 20:00:00+00:00,23.75,82.289955,1012.1341,7.7879906,56.3099,0.0,92.0,3.0
2023-12-26 21:00:00+00:00,23.2,81.96908,1011.2336,7.491114,54.782326,0.0,100.0,3.0
2023-12-26 22:00:00+00:00,23.0,81.1851,1010.6335,5.904439,37.568665,0.0,97.0,3.0
2023-12-26 23:00:00+00:00,21.75,87.05402,1010.6316,5.3999996,53.13002,0.0,86.0,3.0
2023-12-27 00:00:00+00:00,22.05,84.15583,1011.1317,4.5536795,71.564964,0.0,95.0,3.0
2023-12-27 01:00:00+00:00,22.75,78.41734,1011.5327,5.3517847,70.346085,0.0,79.0,2.0
2023-12-27 02:00:00+00:00,23.5,80.99796,1012.23376,5.8603754,100.619606,0.0,87.0,3.0
2023-12-27 03:00:00+00:00,25.75,79.57005,1013.2368,5.3517847,132.27362,0.0,91.0,3.0
2023-12-27 04:00:00+00:00,27.55,68.14761,1013.13934,3.096837,125.537766,0.0,46.0,1.0
2023-12-27 05:00:00+00:00,28.95,61.100967,1012.8417,1.8,270.0,0.0,10.0,0.0
2023-12-27 06:00:00+00:00,29.85,61.8673,1012.04333,4.379589,279.46225,0.0,15.0,0.0
2023-12-27 07:00:00+00:00,30.35,62.73609,1011.44464,3.671294,281.3099,0.0,67.0,2.0
2023-12-27 08:00:00+00:00,30.5,63.342484,1010.5452,1.08,270.0,0.0,97.0,3.0
2023-12-27 09:00:00+00:00,30.7,63.38536,1009.3461,1.2979984,213.6901,0.0,50.0,2.0
2023-12-27 10:00:00+00:00,30.25,66.631744,1008.54553,2.0991426,210.96368,0.0,12.0,0.0
2023-12-27 11:00:00+00:00,29.65,70.22873,1008.7449,2.7416782,203.19862,0.0,7.0,0.0
2023-12-27 12:00:00+00:00,28.85,76.70959,1009.2433,1.0182338,224.9999,0.0,7.0,0.0
2023-12-27 13:00:00+00:00,27.95,83.78198,1009.64154,2.5959969,303.6901,0.0,99.0,3.0
2023-12-27 14:00:00+00:00,27.35,85.232315,1010.6405,2.9024127,299.74478,0.0,97.0,3.0
2023-12-27 15:00:00+00:00,27.8,78.18335,1011.5407,3.6,270.0,0.0,83.0,3.0
2023-12-27 16:00:00+00:00,27.3,81.72429,1011.9396,3.396233,302.00534,0.0,79.0,2.0
2023-12-27 17:00:00+00:00,27.1,80.72113,1012.13916,4.3349743,355.23645,0.0,50.0,2.0
2023-12-27 18:00:00+00:00,26.4,79.65837,1012.13824,5.154415,24.775122,0.0,64.0,2.0
2023-12-27 19:00:00+00:00,26.0,77.68587,1011.5378,8.435069,50.194473,0.0,45.0,1.0
2023-12-27 20:00:00+00:00,25.75,78.364624,1010.7379,8.161764,48.57643,0.0,40.0,1.0
2023-12-27 21:00:00+00:00,25.65,79.072044,1010.0379,8.089993,20.854538,0.0,55.0,2.0
2023-12-27 22:00:00+00:00,25.55,79.78608,1009.5381,9.028754,4.5738406,0.0,100.0,3.0
2023-12-27 23:00:00+00:00,25.6,78.343124,1009.83795,7.9932976,7.7650824,0.0,100.0,3.0
2023-12-28 00:00:00+00:00,25.5,78.56892,1010.1378,8.12197,12.804273,0.0,100.0,3.0
2023-12-28 01:00:00+00:00,25.6,77.86506,1010.43774,6.439876,26.564985,0.0,100.0,3.0
2023-12-28 02:00:00+00:00,26.05,77.930695,1011.038,5.04,360.0,0.0,100.0,3.0
2023-12-28 03:00:00+00:00,27.0,79.01941,1011.7394,2.4149535,296.56497,0.0,100.0,3.0
2023-12-28 04:00:00+00:00,27.8,77.713715,1011.94055,1.484318,284.03625,0.0,100.0,3.0
2023-12-28 05:00:00+00:00,28.4,71.50081,1012.04144,1.484318,165.96373,0.1,100.0,51.0
2023-12-28 06:00:00+00:00,29.25,66.835495,1011.44305,3.2599385,96.340096,0.0,40.0,1.0
2023-12-28 07:00:00+00:00,30.0,63.04282,1010.54425,5.7599998,90.0,0.0,73.0,2.0
2023-12-28 08:00:00+00:00,29.95,63.99826,1009.3448,4.3498964,24.443953,0.0,47.0,1.0
2023-12-28 09:00:00+00:00,30.15,63.459877,1008.1457,5.634891,26.564985,0.0,90.0,3.0
2023-12-28 10:00:00+00:00,30.4,61.988617,1007.5463,2.5455842,81.86999,0.0,77.0,2.0
2023-12-28 11:00:00+00:00,29.7,66.925476,1007.44543,1.4399999,270.0,0.0,95.0,3.0
2023-12-28 12:00:00+00:00,28.9,74.89846,1008.3437,1.1384199,251.56496,0.0,100.0,3.0
2023-12-28 13:00:00+00:00,28.15,79.178246,1009.1421,2.7416782,156.80138,0.0,96.0,3.0
2023-12-28 14:00:00+00:00,27.85,79.853355,1009.94147,4.3498964,204.44394,0.0,99.0,3.0
2023-12-28 15:00:00+00:00,27.65,80.06698,1010.94073,2.968636,255.96373,0.0,100.0,3.0
2023-12-28 16:00:00+00:00,27.2,81.221725,1011.04,6.193674,324.46225,0.0,90.0,3.0
2023-12-28 17:00:00+00:00,26.75,79.4647,1011.1393,5.04,360.0,0.0,100.0,3.0
2023-12-28 18:00:00+00:00,26.0,83.312805,1011.13794,4.6938257,32.471172,0.0,100.0,3.0
2023-12-28 19:00:00+00:00,25.75,85.84411,1011.0378,4.6938252,94.39862,0.0,100.0,3.0
2023-12-28 20:00:00+00:00,25.45,84.0123,1010.03766,3.4152596,18.435053,0.0,99.0,3.0
2023-12-28 21:00:00+00:00,25.35,81.980934,1009.0381,3.96,360.0,0.0,96.0,3.0
2023-12-28 22:00:00+00:00,24.95,86.02647,1008.73755,3.7064266,330.9455,0.0,100.0,3.0
2023-12-28 23:00:00+00:00,24.9,84.46518,1009.03735,2.9024127,299.74478,0.0,98.0,3.0
2023-12-29 00:00:00+00:00,24.85,84.20274,1009.0371,7.4128532,330.9455,0.0,72.0,2.0
2023-12-29 01:00:00+00:00,24.95,83.957344,1010.2368,4.6102495,38.65983,0.0,92.0,3.0
2023-12-29 02:00:00+00:00,25.55,83.008965,1010.6376,3.9763298,84.805664,0.0,71.0,2.0
2023-12-29 03:00:00+00:00,27.1,80.23569,1011.7394,2.6208394,164.05453,0.0,80.0,3.0
2023-12-29 04:00:00+00:00,28.55,75.748405,1012.74115,4.6938252,184.39862,0.0,100.0,3.0
2023-12-29 05:00:00+00:00,29.85,66.753136,1012.74304,6.12,118.072395,0.0,100.0,3.0
2023-12-29 06:00:00+00:00,31.1,59.19656,1011.64545,7.2,90.0,0.0,96.0,3.0
2023-12-29 07:00:00+00:00,31.7,54.98524,1010.5468,7.342588,101.3099,0.0,100.0,3.0
2023-12-29 08:00:00+00:00,31.95,54.878338,1009.04785,4.6102495,141.34016,0.0,99.0,3.0
2023-12-29 09:00:00+00:00,31.45,59.27702,1007.8478,2.8116899,219.80553,0.0,100.0,3.0
2023-12-29 10:00:00+00:00,30.35,69.51855,1007.5463,5.904439,232.43134,0.1,100.0,51.0
2023-12-29 11:00:00+00:00,29.9,73.94689,1007.9455,3.9763298,264.80566,0.0,100.0,3.0
2023-12-29 12:00:00+00:00,29.3,75.41274,1008.74426,6.1305785,310.2363,0.0,100.0,3.0
2023-12-29 13:00:00+00:00,28.6,74.625145,1009.94275,4.452954,345.9637,0.0,100.0,3.0
2023-12-29 14:00:00+00:00,27.6,77.21682,1010.5409,3.6179552,354.2895,0.0,100.0,3.0
2023-12-29 15:00:00+00:00,27.15,73.26347,1011.53973,4.3349743,41.63345,0.0,100.0,3.0
2023-12-29 16:00:00+00:00,26.8,72.091866,1011.839,7.145796,49.085716,0.0,100.0,3.0
2023-12-29 17:00:00+00:00,26.55,72.491196,1011.6387,6.489992,33.6901,0.0,100.0,3.0
2023-12-29 18:00:00+00:00,25.7,79.80633,1011.33765,4.68,360.0,0.0,100.0,3.0
2023-12-29 19:00:00+00:00,25.0,84.47587,1010.73663,4.072935,315.0001,0.0,100.0,3.0
2023-12-29 20:00:00+00:00,24.95,82.43429,1009.837,4.452954,345.9637,0.0,97.0,3.0
2023-12-29 21:00:00+00:00,24.4,83.64021,1009.03644,3.9763298,5.19435,0.0,90.0,3.0
2023-12-29 22:00:00+00:00,24.4,84.15373,1008.4367,3.5455887,336.0375,0.0,100.0,3.0
2023-12-29 23:00:00+00:00,24.4,82.875046,1008.4367,3.671294,348.6901,0.0,100.0,3.0
2023-12-30 00:00:00+00:00,24.25,81.59467,1008.7363,3.671294,11.3098955,0.0,100.0,3.0
2023-12-30 01:00:00+00:00,25.5,81.50132,1009.63806,2.9024127,330.25522,0.0,100.0,3.0
2023-12-30 02:00:00+00:00,26.5,77.52296,1010.33905,2.52,270.0,0.0,100.0,3.0
2023-12-30 03:00:00+00:00,27.85,74.95545,1011.14087,1.8,270.0,0.0,100.0,3.0
2023-12-30 04:00:00+00:00,28.95,66.97896,1011.7422,4.39436,235.0079,0.0,100.0,3.0
2023-12-30 05:00:00+00:00,29.7,64.14016,1011.5436,4.73506,261.2539,0.0,100.0,3.0
2023-12-30 06:00:00+00:00,30.4,62.366783,1011.0448,6.5693827,260.53775,0.0,100.0,3.0
2023-12-30 07:00:00+00:00,31.1,59.016567,1010.54596,7.628263,250.70985,0.0,94.0,3.0
2023-12-30 08:00:00+00:00,31.05,59.36555,1009.4465,9.178235,258.6901,0.0,32.0,1.0
2023-12-30 09:00:00+00:00,31.0,60.263916,1008.5469,10.636766,246.0375,0.0,91.0,3.0
2023-12-30 10:00:00+00:00,30.2,62.513004,1008.4456,11.200571,224.9999,0.0,95.0,3.0
2023-12-30 11:00:00+00:00,29.45,66.26923,1008.7445,8.435069,230.19447,0.2,67.0,51.0
2023-12-30 12:00:00+00:00,28.95,68.62774,1009.1433,6.12,241.92761,0.0,60.0,2.0
2023-12-30 13:00:00+00:00,27.7,76.998886,1009.9412,3.219938,333.43503,0.0,24.0,1.0
2023-12-30 14:00:00+00:00,27.5,78.61326,1010.5405,4.2136917,19.983198,0.0,5.0,0.0
2023-12-30 15:00:00+00:00,27.45,78.36937,1011.24023,4.8965297,53.972538,0.0,3.0,0.0
2023-12-30 16:00:00+00:00,26.95,80.7018,1011.4396,4.829907,116.56499,0.0,6.0,0.0
2023-12-30 17:00:00+00:00,26.95,81.19023,1011.6394,6.1305785,139.76372,0.0,16.0,0.0
2023-12-30 18:00:00+00:00,26.2,84.34847,1011.2383,5.0142193,111.03758,0.0,60.0,2.0
2023-12-30 19:00:00+00:00,25.9,82.54735,1010.63794,5.815978,111.801476,0.0,70.0,2.0
2023-12-30 20:00:00+00:00,25.45,80.752884,1010.03766,4.6938252,94.39862,0.0,95.0,3.0
2023-12-30 21:00:00+00:00,24.95,79.46059,1009.4372,3.9763298,84.805664,0.0,100.0,3.0
2023-12-30 22:00:00+00:00,24.25,82.857445,1009.1361,4.3349743,94.76356,0.0,100.0,3.0
2023-12-30 23:00:00+00:00,24.6,79.41246,1009.2367,2.9024127,60.255207,0.0,100.0,3.0
2023-12-31 00:00:00+00:00,23.45,85.87973,1009.73456,4.3498964,65.55606,0.0,99.0,3.0
2023-12-31 01:00:00+00:00,24.6,76.29126,1010.23627,6.519877,83.659904,0.0,59.0,2.0
2023-12-31 02:00:00+00:00,25.1,76.60443,1011.0368,6.439876,63.435013,0.0,10.0,0.0
2023-12-31 03:00:00+00:00,27.6,70.92327,1011.84033,2.8799999,90.0,0.0,5.0,0.0
2023-12-31 04:00:00+00:00,29.5,57.925797,1012.04297,2.0991426,120.96369,0.0,8.0,0.0
2023-12-31 05:00:00+00:00,30.85,53.939598,1011.74506,0.5091169,315.0001,0.0,53.0,2.0
2023-12-31 06:00:00+00:00,32.05,52.11772,1010.9474,2.16,270.0,0.0,10.0,0.0
2023-12-31 07:00:00+00:00,32.45,52.378574,1009.84845,5.0142193,248.96242,0.0,9.0,0.0
2023-12-31 08:00:00+00:00,31.9,57.4322,1008.648,9.504273,245.37645,0.0,10.0,0.0
2023-12-31 09:00:00+00:00,31.1,60.4699,1007.84717,13.217443,240.64233,0.0,77.0,2.0
2023-12-31 10:00:00+00:00,30.7,59.104324,1007.34705,12.7279215,241.2603,0.0,88.0,3.0
2023-12-31 11:00:00+00:00,30.0,61.711807,1007.84546,11.966953,248.83867,0.0,98.0,3.0
2023-12-31 12:00:00+00:00,29.0,66.17782,1008.7435,9.3669195,267.79745,0.0,99.0,3.0
2023-12-31 13:00:00+00:00,27.95,72.73434,1009.24176,7.928178,272.6025,0.0,100.0,3.0
2023-12-31 14:00:00+00:00,27.65,75.37858,1010.441,6.130579,273.3664,0.0,100.0,3.0
2023-12-31 15:00:00+00:00,27.55,77.91207,1011.34015,3.671294,281.3099,0.0,100.0,3.0
2023-12-31 16:00:00+00:00,27.05,83.43161,1012.03925,4.510787,241.38963,0.0,99.0,3.0
2023-12-31 17:00:00+00:00,26.45,86.69016,1011.93835,4.6102495,218.65984,0.0,100.0,3.0
2023-12-31 18:00:00+00:00,26.3,87.72396,1011.7381,3.7585104,253.30067,0.0,100.0,3.0
2023-12-31 19:00:00+00:00,25.95,89.022026,1011.3379,2.6208394,254.05453,0.0,96.0,3.0
2023-12-31 20:00:00+00:00,25.0,93.06532,1010.6366,2.7416782,156.80138,0.0,87.0,3.0
2023-12-31 21:00:00+00:00,24.7,93.61285,1010.1366,3.7064266,209.0545,0.0,73.0,2.0
2023-12-31 22:00:00+00:00,24.55,93.32397,1009.9364,2.0364676,44.999897,0.0,100.0,3.0
2023-12-31 23:00:00+00:00,24.5,89.179474,1010.23627,3.319036,49.398785,0.0,100.0,3.0
