date,temperature_2m,relative_humidity_2m,surface_pressure,wind_speed_10m,wind_direction_10m,precipitation,cloud_cover,weather_code
2019-01-01 00:00:00+00:00,21.25,83.54217,1014.02905,7.42159,75.96373,0.0,2.0,0.0
2019-01-01 01:00:00+00:00,22.3,77.6184,1014.6307,4.802999,77.00539,0.0,0.0,0.0
2019-01-01 02:00:00+00:00,23.7,69.105156,1015.33264,6.439876,63.435013,0.0,0.0,0.0
2019-01-01 03:00:00+00:00,25.4,64.01351,1015.93494,5.904439,52.431335,0.0,0.0,0.0
2019-01-01 04:00:00+00:00,27.55,57.642464,1016.138,6.1305785,40.236294,0.0,0.0,0.0
2019-01-01 05:00:00+00:00,29.4,48.001877,1015.5412,4.452954,14.036275,0.0,0.0,0.0
2019-01-01 06:00:00+00:00,30.4,45.606915,1014.5432,4.452954,284.03625,0.0,0.0,0.0
2019-01-01 07:00:00+00:00,30.35,49.787952,1013.54364,8.427383,250.0168,0.0,0.0,0.0
2019-01-01 08:00:00+00:00,29.75,54.675793,1012.54315,11.966954,226.2188,0.0,0.0,0.0
2019-01-01 09:00:00+00:00,29.3,52.39429,1011.7429,13.684735,215.36255,0.0,1.0,0.0
2019-01-01 10:00:00+00:00,29.05,53.99462,1011.4427,12.904882,210.1413,0.0,1.0,0.0
2019-01-01 11:00:00+00:00,28.4,58.93381,1011.6416,11.792404,211.26367,0.0,61.0,2.0
2019-01-01 12:00:00+00:00,27.05,65.16999,1011.93933,7.10031,239.53453,0.0,5.0,0.0
2019-01-01 13:00:00+00:00,25.85,71.92332,1012.737,3.96,270.0,0.0,4.0,0.0
2019-01-01 14:00:00+00:00,25.2,78.28563,1013.8355,4.1046314,285.25516,0.0,1.0,0.0
2019-01-01 15:00:00+00:00,26.25,68.52585,1014.5368,1.484318,14.036275,0.0,1.0,0.0
2019-01-01 16:00:00+00:00,23.75,82.79866,1015.13275,4.5820518,44.999897,0.0,0.0,0.0
2019-01-01 17:00:00+00:00,23.4,81.9937,1015.53186,5.3999996,36.86998,0.0,0.0,0.0
2019-01-01 18:00:00+00:00,24.25,71.636284,1015.13336,7.127636,44.999897,0.0,0.0,0.0
2019-01-01 19:00:00+00:00,24.15,66.6281,1014.6336,11.4862,57.804302,0.0,0.0,0.0
2019-01-01 20:00:00+00:00,23.55,67.99428,1014.1328,11.792404,58.736336,0.0,18.0,0.0
2019-01-01 21:00:00+00:00,23.25,71.23022,1013.33264,10.315115,60.75127,0.0,48.0,1.0
2019-01-01 22:00:00+00:00,22.8,73.42728,1012.83215,10.464797,63.435013,0.0,69.0,2.0
2019-01-01 23:00:00+00:00,22.35,75.2239,1013.2314,9.178235,64.440094,0.0,78.0,2.0
2019-01-02 00:00:00+00:00,21.6,79.74224,1013.53,5.506941,78.6901,0.0,77.0,2.0
2019-01-02 01:00:00+00:00,21.85,76.3383,1014.03,9.9571085,77.4712,0.0,0.0,0.0
2019-01-02 02:00:00+00:00,22.45,70.41008,1015.0305,10.931203,72.75845,0.0,0.0,0.0
2019-01-02 03:00:00+00:00,24.65,61.081715,1015.7337,10.703569,70.346085,0.0,0.0,0.0
2019-01-02 04:00:00+00:00,27.05,50.837273,1015.8375,10.948973,62.59251,0.0,0.0,0.0
2019-01-02 05:00:00+00:00,29.15,38.162945,1015.44086,9.793059,53.972538,0.0,0.0,0.0
2019-01-02 06:00:00+00:00,30.55,33.199223,1014.54346,6.618519,44.999897,0.0,0.0,0.0
2019-01-02 07:00:00+00:00,31.2,30.550764,1013.3449,1.9386592,338.19852,0.0,0.0,0.0
2019-01-02 08:00:00+00:00,30.95,34.191,1012.24524,6.297428,239.03632,0.0,0.0,0.0
2019-01-02 09:00:00+00:00,29.55,48.49854,1011.74316,11.246759,230.19447,0.0,0.0,0.0
2019-01-02 10:00:00+00:00,29.05,47.155098,1011.84247,10.587918,215.3113,0.0,0.0,0.0
2019-01-02 11:00:00+00:00,28.45,48.97992,1012.14136,9.565437,199.79897,0.0,0.0,0.0
2019-01-02 12:00:00+00:00,26.75,60.792282,1012.8385,5.6233797,219.80553,0.0,0.0,0.0
2019-01-02 13:00:00+00:00,26.3,63.410233,1013.7372,1.835647,168.69011,0.0,0.0,0.0
2019-01-02 14:00:00+00:00,24.05,78.84758,1014.53326,6.162207,83.29026,0.0,0.0,0.0
2019-01-02 15:00:00+00:00,23.6,74.95699,1015.4323,4.3498964,114.44395,0.0,0.0,0.0
2019-01-02 16:00:00+00:00,23.55,72.8682,1016.032,5.6002855,135.0001,0.0,0.0,0.0
2019-01-02 17:00:00+00:00,23.05,73.23979,1016.131,5.4833565,113.19862,0.0,24.0,1.0
2019-01-02 18:00:00+00:00,22.55,70.87665,1015.9305,5.0911684,81.86999,0.0,77.0,2.0
2019-01-02 19:00:00+00:00,21.1,75.25805,1015.2285,4.5536795,71.564964,0.0,47.0,1.0
2019-01-02 20:00:00+00:00,21.25,70.63384,1014.22894,4.2136917,70.01681,0.0,81.0,3.0
2019-01-02 21:00:00+00:00,20.3,73.697426,1013.72797,4.510787,61.389645,0.0,93.0,3.0
2019-01-02 22:00:00+00:00,20.25,72.51559,1013.5277,4.1046314,52.124958,0.0,91.0,3.0
2019-01-02 23:00:00+00:00,20.85,69.88214,1013.6286,5.506941,78.6901,0.0,67.0,2.0
2019-01-03 00:00:00+00:00,19.65,76.23372,1013.8266,7.42159,104.03627,0.0,87.0,3.0
2019-01-03 01:00:00+00:00,21.35,70.42708,1014.42926,4.452954,104.03627,0.0,54.0,2.0
2019-01-03 02:00:00+00:00,22.95,67.23074,1015.53125,5.937272,104.03627,0.0,67.0,2.0
2019-01-03 03:00:00+00:00,24.75,60.141724,1016.3338,5.154415,65.22488,0.0,68.0,2.0
2019-01-03 04:00:00+00:00,27.15,54.200153,1016.5375,7.289445,32.905247,0.0,81.0,3.0
2019-01-03 05:00:00+00:00,29.6,42.449387,1016.34106,5.5887027,14.931467,0.0,79.0,2.0
2019-01-03 06:00:00+00:00,30.9,38.648384,1015.34344,3.5455887,293.9625,0.0,31.0,1.0
2019-01-03 07:00:00+00:00,31.3,40.273407,1014.3445,6.5693827,260.53775,0.0,0.0,0.0
2019-01-03 08:00:00+00:00,30.95,47.065857,1013.1448,8.699793,245.55606,0.0,0.0,0.0
2019-01-03 09:00:00+00:00,30.45,49.041134,1012.44415,10.691453,224.9999,0.0,0.0,0.0
2019-01-03 10:00:00+00:00,29.75,48.70429,1012.04333,10.805998,209.98155,0.0,0.0,0.0
2019-01-03 11:00:00+00:00,29.0,51.50307,1012.04205,8.089993,200.85454,0.0,0.0,0.0
2019-01-03 12:00:00+00:00,27.95,55.08826,1012.1404,4.1046314,195.25517,0.0,0.0,0.0
2019-01-03 13:00:00+00:00,26.95,61.410553,1012.539,2.968636,194.03627,0.0,0.0,0.0
2019-01-03 14:00:00+00:00,25.75,67.3724,1013.33673,3.5455887,66.037506,0.0,0.0,0.0
2019-01-03 15:00:00+00:00,25.7,65.70223,1014.2363,3.5455887,23.962492,0.0,0.0,0.0
2019-01-03 16:00:00+00:00,24.0,72.04046,1014.8331,5.771239,356.42374,0.0,0.0,0.0
2019-01-03 17:00:00+00:00,22.65,80.38549,1014.83093,6.12,360.0,0.0,0.0,0.0
2019-01-03 18:00:00+00:00,22.25,78.837616,1014.8304,4.3349743,4.763556,0.0,0.0,0.0
2019-01-03 19:00:00+00:00,22.05,74.466095,1014.53015,4.2136917,19.983198,0.0,0.0,0.0
2019-01-03 20:00:00+00:00,21.3,73.86907,1013.72955,6.725354,74.47583,0.0,0.0,0.0
2019-01-03 21:00:00+00:00,22.05,68.1277,1012.9309,4.68,90.0,0.0,0.0,0.0
2019-01-03 22:00:00+00:00,21.65,70.70887,1012.9303,4.73506,98.74608,0.0,0.0,0.0
2019-01-03 23:00:00+00:00,21.5,73.20201,1013.1302,6.725354,105.52418,0.0,0.0,0.0
2019-01-04 00:00:00+00:00,21.9,76.58729,1012.9309,9.0,106.26028,0.0,0.0,0.0
2019-01-04 01:00:00+00:00,22.35,73.349594,1013.73114,11.165805,91.84757,0.0,0.0,0.0
2019-01-04 02:00:00+00:00,23.45,68.18962,1014.63226,11.542478,86.423744,0.0,0.0,0.0
2019-01-04 03:00:00+00:00,25.8,55.078148,1015.5357,10.594036,80.21766,0.0,0.0,0.0
2019-01-04 04:00:00+00:00,27.45,45.09912,1015.53827,10.105681,85.91447,0.0,0.0,0.0
2019-01-04 05:00:00+00:00,29.35,37.357628,1014.94147,8.557102,75.37909,0.0,0.0,0.0
2019-01-04 06:00:00+00:00,31.15,28.580439,1014.3445,4.2136917,70.01681,0.0,0.0,0.0
2019-01-04 07:00:00+00:00,32.15,25.6002,1013.34625,2.4149535,243.43501,0.0,0.0,0.0
2019-01-04 08:00:00+00:00,30.8,39.62511,1012.5447,10.383987,236.3099,0.0,0.0,0.0
2019-01-04 09:00:00+00:00,30.0,44.358818,1011.8437,11.212135,227.60262,0.0,0.0,0.0
2019-01-04 10:00:00+00:00,29.85,43.757225,1011.6435,9.422101,223.45189,0.0,0.0,0.0
2019-01-04 11:00:00+00:00,29.0,52.812496,1011.7422,6.638072,220.60121,0.0,0.0,0.0
2019-01-04 12:00:00+00:00,27.5,53.945953,1011.74,5.904439,217.56866,0.0,0.0,0.0
2019-01-04 13:00:00+00:00,26.2,59.53207,1012.1379,2.52,180.0,0.0,0.0,0.0
2019-01-04 14:00:00+00:00,25.5,63.037148,1013.23645,5.1165614,140.71062,0.0,0.0,0.0
2019-01-04 15:00:00+00:00,24.75,65.092674,1014.4347,6.2145634,169.99208,0.0,0.0,0.0
2019-01-04 16:00:00+00:00,24.45,64.21265,1015.0336,6.725354,164.47583,0.0,0.0,0.0
2019-01-04 17:00:00+00:00,24.5,61.63218,1014.9341,6.696387,126.25393,0.0,0.0,0.0
2019-01-04 18:00:00+00:00,24.55,59.334087,1014.8341,7.9932976,82.234924,0.0,0.0,0.0
2019-01-04 19:00:00+00:00,23.85,62.67215,1014.1332,8.049845,79.69521,0.0,0.0,0.0
2019-01-04 20:00:00+00:00,23.2,65.38453,1013.4326,7.2805495,98.530685,0.0,0.0,0.0
2019-01-04 21:00:00+00:00,22.7,69.56971,1012.6322,7.968939,108.43504,0.0,1.0,0.0
2019-01-04 22:00:00+00:00,22.1,71.925804,1012.23157,10.594036,99.78234,0.0,0.0,0.0
2019-01-04 23:00:00+00:00,21.3,74.81418,1012.3302,10.661107,101.68935,0.0,0.0,0.0
2019-01-05 00:00:00+00:00,20.15,75.58442,1012.6281,13.084402,82.09293,0.0,0.0,0.0
2019-01-05 01:00:00+00:00,20.2,74.39226,1013.32776,11.298495,67.52052,0.0,76.0,2.0
2019-01-05 02:00:00+00:00,21.0,71.26852,1014.42865,10.1887,57.99466,0.0,57.0,2.0
2019-01-05 03:00:00+00:00,24.0,59.39431,1015.233,5.8048253,60.255207,0.0,80.0,3.0
2019-01-05 04:00:00+00:00,26.55,51.85563,1015.1371,5.771239,86.423744,0.0,96.0,3.0
2019-01-05 05:00:00+00:00,28.9,40.38866,1014.6408,2.8116899,140.19447,0.0,92.0,3.0
2019-01-05 06:00:00+00:00,30.25,36.17189,1013.44336,4.39436,235.0079,0.0,93.0,3.0
2019-01-05 07:00:00+00:00,30.6,39.56991,1012.3444,8.854829,243.43501,0.0,39.0,1.0
2019-01-05 08:00:00+00:00,30.35,43.753906,1011.1447,11.609651,240.2552,0.0,10.0,0.0
2019-01-05 09:00:00+00:00,30.2,37.230362,1010.2448,11.4862,237.80429,0.0,13.0,0.0
2019-01-05 10:00:00+00:00,29.85,37.133087,1009.7444,10.495713,239.0363,0.0,26.0,1.0
2019-01-05 11:00:00+00:00,28.95,43.791893,1010.1429,9.983106,244.35904,0.0,0.0,0.0
2019-01-05 12:00:00+00:00,27.3,56.86382,1010.84,8.905908,255.96373,0.0,0.0,0.0
2019-01-05 13:00:00+00:00,26.45,63.839844,1011.23865,7.9526596,264.80566,0.0,27.0,1.0
2019-01-05 14:00:00+00:00,25.95,65.14165,1012.3374,5.0528407,265.91446,0.0,47.0,1.0
2019-01-05 15:00:00+00:00,25.5,67.954796,1013.33636,3.5455887,336.0375,0.0,45.0,1.0
2019-01-05 16:00:00+00:00,24.05,74.333084,1013.8336,4.5536795,18.435053,0.0,3.0,0.0
2019-01-05 17:00:00+00:00,23.8,71.55486,1013.8334,4.5536795,18.435053,0.0,1.0,0.0
2019-01-05 18:00:00+00:00,23.6,72.194916,1013.73303,7.729527,27.758451,0.0,0.0,0.0
2019-01-05 19:00:00+00:00,23.05,74.39877,1013.43225,6.9527545,21.25058,0.0,0.0,0.0
2019-01-05 20:00:00+00:00,22.45,76.913635,1012.43176,7.7043357,37.405437,0.0,1.0,0.0
2019-01-05 21:00:00+00:00,22.7,75.2808,1011.73267,10.315115,60.75127,0.0,0.0,0.0
2019-01-05 22:00:00+00:00,22.8,74.82572,1011.4328,10.315115,60.75127,0.0,0.0,0.0
2019-01-05 23:00:00+00:00,22.1,77.832664,1011.23206,9.885262,56.88865,0.0,0.0,0.0
2019-01-06 00:00:00+00:00,22.05,76.12941,1011.2317,9.826088,81.57312,0.0,0.0,0.0
2019-01-06 01:00:00+00:00,21.95,77.07918,1012.1312,10.086427,87.95464,0.0,46.0,1.0
2019-01-06 02:00:00+00:00,22.5,75.723015,1012.63196,10.1376915,83.88459,0.0,83.0,3.0
2019-01-06 03:00:00+00:00,25.15,63.15889,1013.5357,7.69592,79.21575,0.0,62.0,2.0
2019-01-06 04:00:00+00:00,27.35,49.474228,1013.7391,5.6920996,71.564964,0.0,43.0,1.0
2019-01-06 05:00:00+00:00,29.25,41.01166,1013.1422,3.396233,57.99466,0.0,0.0,0.0
2019-01-06 06:00:00+00:00,30.75,35.72681,1012.5447,2.2768397,251.56496,0.0,0.0,0.0
2019-01-06 07:00:00+00:00,30.7,39.852184,1011.4452,8.587338,236.97612,0.0,0.0,0.0
2019-01-06 08:00:00+00:00,29.75,50.57492,1010.74396,12.738099,227.29063,0.0,0.0,0.0
2019-01-06 09:00:00+00:00,29.25,49.657658,1009.84375,13.237038,224.9999,0.0,11.0,0.0
2019-01-06 10:00:00+00:00,28.8,54.270763,1009.6429,10.703569,227.72638,0.0,18.0,0.0
2019-01-06 11:00:00+00:00,28.25,59.265926,1009.942,8.217153,241.1893,0.0,0.0,0.0
2019-01-06 12:00:00+00:00,27.1,62.99387,1010.1401,6.9899354,258.11136,0.0,0.0,0.0
2019-01-06 13:00:00+00:00,26.25,68.10274,1010.63855,6.5693827,279.46225,0.0,0.0,0.0
2019-01-06 14:00:00+00:00,25.6,70.99457,1011.43726,4.5536795,288.43503,0.0,0.0,0.0
2019-01-06 15:00:00+00:00,24.3,77.194824,1011.83514,4.896529,287.1028,0.0,0.0,0.0
2019-01-06 16:00:00+00:00,23.7,81.77778,1012.434,5.1165614,320.7106,0.0,0.0,0.0
2019-01-06 17:00:00+00:00,23.25,82.229324,1012.43304,4.73506,8.746089,0.0,0.0,0.0
2019-01-06 18:00:00+00:00,23.45,73.30887,1012.6332,5.6002855,44.999897,0.0,0.0,0.0
2019-01-06 19:00:00+00:00,22.7,75.75499,1012.2324,6.924738,81.02746,0.0,0.0,0.0
2019-01-06 20:00:00+00:00,22.35,77.38266,1011.4322,7.342588,78.6901,0.0,14.0,0.0
2019-01-06 21:00:00+00:00,22.55,75.493416,1010.73285,8.654986,73.07241,0.0,40.0,1.0
2019-01-06 22:00:00+00:00,22.6,73.161705,1010.6329,7.172949,72.47434,0.0,31.0,1.0
2019-01-06 23:00:00+00:00,22.4,72.43682,1010.83246,8.4963045,53.61555,0.0,40.0,1.0
2019-01-07 00:00:00+00:00,22.0,73.5214,1010.83185,9.931042,43.53127,0.0,52.0,2.0
2019-01-07 01:00:00+00:00,22.0,73.5214,1011.53156,11.720751,42.510403,0.0,14.0,0.0
2019-01-07 02:00:00+00:00,23.1,69.42655,1012.43304,12.031756,38.92756,0.0,25.0,1.0
2019-01-07 03:00:00+00:00,25.25,59.121887,1013.4357,8.435069,39.805527,0.0,64.0,2.0
2019-01-07 04:00:00+00:00,26.5,52.677204,1013.23773,3.396233,57.99466,0.0,85.0,3.0
2019-01-07 05:00:00+00:00,28.05,48.40949,1012.9404,2.0991426,329.03632,0.0,74.0,2.0
2019-01-07 06:00:00+00:00,29.4,44.62116,1012.2427,4.1046314,285.25516,0.0,81.0,3.0
2019-01-07 07:00:00+00:00,30.25,42.491558,1010.94446,6.725354,254.47583,0.0,89.0,3.0
2019-01-07 08:00:00+00:00,30.0,45.93372,1009.9446,11.609651,240.2552,0.0,93.0,3.0
2019-01-07 09:00:00+00:00,29.35,44.750122,1009.34393,14.986553,245.89777,0.0,63.0,2.0
2019-01-07 10:00:00+00:00,28.8,45.756687,1008.7433,14.021525,240.80261,0.0,55.0,2.0
2019-01-07 11:00:00+00:00,28.3,50.99964,1008.74255,10.44,226.39711,0.0,0.0,0.0
2019-01-07 12:00:00+00:00,26.9,63.936733,1009.54004,8.534353,242.35411,0.0,13.0,0.0
2019-01-07 13:00:00+00:00,26.15,70.22273,1010.1388,6.830519,251.56496,0.0,0.0,0.0
2019-01-07 14:00:00+00:00,25.75,71.462555,1011.23773,5.1544156,257.90524,0.0,0.0,0.0
2019-01-07 15:00:00+00:00,24.5,76.74902,1011.9355,5.315336,298.30066,0.0,6.0,0.0
2019-01-07 16:00:00+00:00,24.25,77.90701,1012.43463,4.32,360.0,0.0,0.0,0.0
2019-01-07 17:00:00+00:00,23.95,74.08507,1012.934,6.379216,16.389616,0.0,0.0,0.0
2019-01-07 18:00:00+00:00,23.2,73.496056,1013.1327,9.605998,12.99463,0.0,0.0,0.0
2019-01-07 19:00:00+00:00,22.5,78.626854,1012.73193,10.1376915,6.1154146,0.0,0.0,0.0
2019-01-07 20:00:00+00:00,22.45,77.15534,1012.13184,11.159999,360.0,0.0,0.0,0.0
2019-01-07 21:00:00+00:00,22.4,73.12694,1011.4322,11.609651,352.87506,0.0,0.0,0.0
2019-01-07 22:00:00+00:00,22.05,74.466095,1011.2317,11.874544,345.9637,0.0,5.0,0.0
2019-01-07 23:00:00+00:00,21.3,76.493744,1011.13074,11.542478,356.42374,0.0,32.0,1.0
2019-01-08 00:00:00+00:00,19.95,81.045815,1011.3285,6.8777895,47.12111,0.0,34.0,1.0
2019-01-08 01:00:00+00:00,20.4,79.07277,1011.6289,7.9932966,54.16227,0.0,26.0,1.0
2019-01-08 02:00:00+00:00,21.65,75.82598,1012.43054,8.557102,67.75093,0.0,26.0,1.0
2019-01-08 03:00:00+00:00,24.95,66.79161,1013.43536,6.638072,77.4712,0.0,30.0,1.0
2019-01-08 04:00:00+00:00,28.0,53.226315,1013.74005,5.4119864,93.814,0.0,32.0,1.0
2019-01-08 05:00:00+00:00,30.05,44.93944,1013.343,0.35999998,90.0,0.0,17.0,0.0
2019-01-08 06:00:00+00:00,31.2,39.60859,1012.4454,5.154415,245.22488,0.0,0.0,0.0
2019-01-08 07:00:00+00:00,30.7,49.106422,1011.54517,11.923557,241.11351,0.0,0.0,0.0
2019-01-08 08:00:00+00:00,30.15,53.10227,1010.3447,12.768586,229.574,0.0,0.0,0.0
2019-01-08 09:00:00+00:00,30.05,48.173573,1009.64465,11.988594,228.65231,0.0,0.0,0.0
2019-01-08 10:00:00+00:00,29.2,54.539886,1009.24365,12.031756,231.07245,0.0,0.0,0.0
2019-01-08 11:00:00+00:00,28.15,61.489063,1009.2421,11.988594,221.34767,0.0,0.0,0.0
2019-01-08 12:00:00+00:00,27.15,65.79856,1009.0409,8.0899935,237.72438,0.0,0.0,0.0
2019-01-08 13:00:00+00:00,26.35,68.9705,1009.4395,6.489992,250.55988,0.0,0.0,0.0
2019-01-08 14:00:00+00:00,26.1,67.652115,1010.1384,6.638072,257.4712,0.0,0.0,0.0
2019-01-08 15:00:00+00:00,25.55,68.176674,1010.8375,4.6938252,265.60138,0.0,0.0,0.0
2019-01-08 16:00:00+00:00,24.2,75.05484,1011.63495,5.1544156,282.09473,0.0,0.0,0.0
2019-01-08 17:00:00+00:00,25.6,70.775,1012.037,2.968636,345.9637,0.0,0.0,0.0
2019-01-08 18:00:00+00:00,22.35,85.24052,1012.3317,5.1919937,56.309914,0.0,0.0,0.0
2019-01-08 19:00:00+00:00,22.8,82.43,1011.8326,4.8965297,53.972538,0.0,0.0,0.0
2019-01-08 20:00:00+00:00,22.1,84.68656,1011.1321,4.829907,26.564985,0.0,0.0,0.0
2019-01-08 21:00:00+00:00,22.0,82.59063,1010.6319,9.339208,27.552727,0.0,0.0,0.0
2019-01-08 22:00:00+00:00,21.5,80.73759,1010.5314,10.966713,23.198618,0.0,0.0,0.0
2019-01-08 23:00:00+00:00,21.3,81.220665,1010.73096,9.793058,17.102825,0.0,0.0,0.0
2019-01-09 00:00:00+00:00,20.55,88.040115,1010.52985,7.386582,43.02507,0.0,0.0,0.0
2019-01-09 01:00:00+00:00,20.6,87.494736,1011.6293,7.42159,67.16631,0.0,0.0,0.0
2019-01-09 02:00:00+00:00,21.5,83.049194,1012.7304,7.8625183,74.054535,0.0,1.0,0.0
2019-01-09 03:00:00+00:00,24.75,68.232025,1013.33514,7.0911775,66.037506,0.0,0.0,0.0
2019-01-09 04:00:00+00:00,27.95,54.229115,1013.4399,4.829907,63.435013,0.0,0.0,0.0
2019-01-09 05:00:00+00:00,29.95,38.0143,1012.94324,3.9763298,354.80566,0.0,0.0,0.0
2019-01-09 06:00:00+00:00,31.3,33.5158,1012.3454,5.1544156,282.09473,0.0,0.0,0.0
2019-01-09 07:00:00+00:00,31.2,41.284378,1011.3458,9.793058,252.89719,0.0,0.0,0.0
2019-01-09 08:00:00+00:00,30.45,51.873356,1010.2451,12.682018,235.40765,0.0,0.0,0.0
2019-01-09 09:00:00+00:00,29.95,52.88721,1009.1449,13.493999,226.08084,0.0,0.0,0.0
2019-01-09 10:00:00+00:00,29.45,54.601738,1008.7445,10.799999,233.13002,0.0,0.0,0.0
2019-01-09 11:00:00+00:00,28.75,55.6314,1008.7433,7.8954163,245.77226,0.0,0.0,0.0
2019-01-09 12:00:00+00:00,27.25,55.964058,1008.9409,6.28713,246.3706,0.0,0.0,0.0
2019-01-09 13:00:00+00:00,25.9,60.789215,1009.53845,3.7064266,240.94548,0.0,0.0,0.0
2019-01-09 14:00:00+00:00,24.75,62.080902,1010.7364,4.6102495,231.34016,0.0,0.0,0.0
2019-01-09 15:00:00+00:00,25.5,57.514027,1011.5372,5.8603754,227.4896,0.0,0.0,0.0
2019-01-09 16:00:00+00:00,26.1,56.036373,1012.43744,2.2768397,198.43504,0.0,0.0,0.0
2019-01-09 17:00:00+00:00,22.8,69.58893,1012.6322,4.2136917,70.01681,0.0,0.0,0.0
2019-01-09 18:00:00+00:00,22.6,62.996883,1012.53204,8.0899935,57.724377,0.0,0.0,0.0
2019-01-09 19:00:00+00:00,22.15,60.30953,1012.0317,6.618519,44.999897,0.0,0.0,0.0
2019-01-09 20:00:00+00:00,21.95,60.458538,1011.3316,10.805998,29.981556,0.0,0.0,0.0
2019-01-09 21:00:00+00:00,21.35,67.98754,1010.631,12.783802,32.347424,0.0,0.0,0.0
2019-01-09 22:00:00+00:00,20.85,74.264404,1010.2302,10.703569,42.27363,0.0,0.0,0.0
2019-01-09 23:00:00+00:00,20.4,76.596275,1010.3295,10.182337,44.999897,0.0,0.0,0.0
2019-01-10 00:00:00+00:00,20.0,78.51382,1010.3289,9.511088,60.524208,0.0,0.0,0.0
2019-01-10 01:00:00+00:00,19.85,80.5189,1010.82837,8.891344,68.62931,0.0,1.0,0.0
2019-01-10 02:00:00+00:00,20.7,78.61532,1011.7295,9.0,73.73973,0.0,0.0,0.0
2019-01-10 03:00:00+00:00,23.85,64.49115,1012.434,6.763786,64.79892,0.0,0.0,0.0
2019-01-10 04:00:00+00:00,27.15,45.899147,1012.43933,4.829907,26.564985,0.0,0.0,0.0
2019-01-10 05:00:00+00:00,29.9,32.693962,1012.0436,4.6938257,327.52884,0.0,0.0,0.0
2019-01-10 06:00:00+00:00,31.5,29.2508,1011.2463,7.342588,281.3099,0.0,0.0,0.0
2019-01-10 07:00:00+00:00,31.4,35.331306,1010.2467,12.015589,261.38443,0.0,0.0,0.0
2019-01-10 08:00:00+00:00,30.95,37.438362,1009.3465,14.24163,249.27435,0.0,0.0,0.0
2019-01-10 09:00:00+00:00,30.35,41.579605,1008.5459,13.18308,235.0079,0.0,0.0,0.0
2019-01-10 10:00:00+00:00,29.4,50.80256,1008.5443,11.304229,232.76509,0.0,0.0,0.0
2019-01-10 11:00:00+00:00,28.65,54.40346,1008.94324,9.504272,217.30403,0.0,0.0,0.0
2019-01-10 12:00:00+00:00,27.15,65.39292,1009.64056,10.383987,213.6901,0.0,0.0,0.0
2019-01-10 13:00:00+00:00,26.2,73.32578,1010.3387,8.373386,205.4633,0.0,0.0,0.0
2019-01-10 14:00:00+00:00,25.7,77.64172,1011.23773,7.4128532,209.0545,0.0,0.0,0.0
2019-01-10 15:00:00+00:00,25.45,79.772545,1012.03674,5.1165614,230.71062,0.0,0.0,0.0
2019-01-10 16:00:00+00:00,24.75,82.91593,1012.7355,4.452954,284.03625,0.0,0.0,0.0
2019-01-10 17:00:00+00:00,23.7,87.76634,1013.03375,4.1046314,344.7448,0.0,0.0,0.0
2019-01-10 18:00:00+00:00,22.8,89.87273,1013.23193,5.8048253,29.744795,0.0,0.0,0.0
2019-01-10 19:00:00+00:00,22.9,85.29705,1013.0324,4.6102495,51.34017,0.0,0.0,0.0
2019-01-10 20:00:00+00:00,22.75,82.42398,1012.2324,8.78872,55.0079,0.0,4.0,0.0
2019-01-10 21:00:00+00:00,22.6,80.37881,1011.83234,9.957108,49.398785,0.0,10.0,0.0
2019-01-10 22:00:00+00:00,22.5,78.626854,1011.23267,9.673221,44.999897,0.0,6.0,0.0
2019-01-10 23:00:00+00:00,22.1,79.31215,1010.9322,9.1641035,44.999897,0.0,2.0,0.0
2019-01-11 00:00:00+00:00,21.75,82.81919,1011.33124,7.386582,46.97493,0.0,0.0,0.0
2019-01-11 01:00:00+00:00,21.9,82.064125,1011.9314,7.754637,68.19853,0.0,3.0,0.0
2019-01-11 02:00:00+00:00,22.9,77.70775,1012.73254,8.225035,66.80139,0.0,3.0,0.0
2019-01-11 03:00:00+00:00,25.55,65.67101,1013.53625,5.634891,63.435013,0.0,1.0,0.0
2019-01-11 04:00:00+00:00,28.1,53.25157,1013.54016,3.8773184,68.19853,0.0,0.0,0.0
2019-01-11 05:00:00+00:00,29.9,47.831676,1013.443,1.5273507,224.9999,0.0,0.0,0.0
2019-01-11 06:00:00+00:00,30.6,46.53186,1013.0441,7.729527,242.24155,0.0,0.0,0.0
2019-01-11 07:00:00+00:00,30.05,54.075256,1012.34344,12.55879,242.7005,0.0,0.0,0.0
2019-01-11 08:00:00+00:00,29.6,55.32162,1011.3433,15.530151,225.9391,0.0,4.0,0.0
2019-01-11 09:00:00+00:00,29.55,58.837692,1010.5437,14.799459,221.05472,0.0,12.0,0.0
2019-01-11 10:00:00+00:00,29.05,61.123447,1010.14325,13.70839,240.06857,0.0,22.0,1.0
2019-01-11 11:00:00+00:00,28.75,58.10781,1009.94275,10.594036,279.78235,0.0,21.0,1.0
2019-01-11 12:00:00+00:00,27.55,64.67282,1010.6405,6.924738,261.02747,0.0,17.0,0.0
2019-01-11 13:00:00+00:00,27.1,69.32707,1011.2396,7.754637,248.19853,0.0,35.0,1.0
2019-01-11 14:00:00+00:00,26.9,71.88903,1012.23883,6.0347,197.35411,0.0,15.0,0.0
2019-01-11 15:00:00+00:00,26.35,74.94129,1013.23773,3.096837,144.46223,0.0,18.0,0.0
2019-01-11 16:00:00+00:00,25.7,77.40443,1013.7366,2.9024127,97.12492,0.0,15.0,0.0
2019-01-11 17:00:00+00:00,25.05,78.02394,1013.7352,3.319036,77.4712,0.0,28.0,1.0
2019-01-11 18:00:00+00:00,25.05,75.425,1013.43536,5.0528407,85.91447,0.0,19.0,0.0
2019-01-11 19:00:00+00:00,24.55,77.23246,1012.6351,4.68,90.0,0.0,16.0,0.0
2019-01-11 20:00:00+00:00,24.05,79.33651,1011.83453,4.2136917,70.01681,0.0,10.0,0.0
2019-01-11 21:00:00+00:00,23.65,78.06084,1011.33417,8.0899935,57.724377,0.0,23.0,1.0
2019-01-11 22:00:00+00:00,23.0,78.20917,1011.3332,9.178235,78.6901,0.0,18.0,0.0
2019-01-11 23:00:00+00:00,22.45,79.85851,1010.93243,8.089993,69.14546,0.0,74.0,2.0
2019-01-12 00:00:00+00:00,21.8,83.34424,1011.0314,6.2145634,79.99209,0.0,76.0,2.0
2019-01-12 01:00:00+00:00,22.25,81.08871,1011.7318,8.287822,87.5105,0.0,83.0,3.0
2019-01-12 02:00:00+00:00,23.3,77.043434,1012.6332,10.1376915,96.11541,0.0,86.0,3.0
2019-01-12 03:00:00+00:00,25.85,63.510876,1013.5366,8.28,90.0,0.0,87.0,3.0
2019-01-12 04:00:00+00:00,28.2,52.444008,1013.7403,5.8048253,82.875084,0.0,82.0,3.0
2019-01-12 05:00:00+00:00,30.05,45.657215,1013.04315,0.71999997,360.0,0.0,71.0,2.0
2019-01-12 06:00:00+00:00,31.0,43.930134,1012.34515,5.8048253,240.2552,0.0,59.0,2.0
2019-01-12 07:00:00+00:00,30.5,50.45269,1011.4449,11.720751,227.4896,0.0,40.0,1.0
2019-01-12 08:00:00+00:00,30.05,51.129387,1010.8441,14.081477,212.47118,0.0,8.0,0.0
2019-01-12 09:00:00+00:00,29.6,53.129375,1009.944,14.039999,202.6199,0.0,0.0,0.0
2019-01-12 10:00:00+00:00,29.1,59.462807,1009.3436,13.684735,206.56499,0.0,0.0,0.0
2019-01-12 11:00:00+00:00,28.75,60.86793,1009.5429,12.096214,216.52895,0.0,11.0,0.0
2019-01-12 12:00:00+00:00,27.7,67.345505,1009.8412,9.0,233.13002,0.0,31.0,1.0
2019-01-12 13:00:00+00:00,27.0,72.791794,1010.34,8.39657,239.0363,0.0,24.0,1.0
2019-01-12 14:00:00+00:00,27.0,71.90678,1011.2396,8.891344,248.6293,0.0,28.0,1.0
2019-01-12 15:00:00+00:00,26.75,71.64231,1012.13885,8.669949,274.76355,0.0,15.0,0.0
2019-01-12 16:00:00+00:00,26.2,75.37714,1012.93756,7.9036193,329.9315,0.0,28.0,1.0
2019-01-12 17:00:00+00:00,25.6,80.52646,1013.0365,7.5942073,5.4402504,0.0,43.0,1.0
2019-01-12 18:00:00+00:00,25.25,82.219086,1012.7361,7.42159,14.036275,0.0,29.0,1.0
2019-01-12 19:00:00+00:00,24.8,83.175545,1012.5355,7.729527,27.758451,0.0,22.0,1.0
2019-01-12 20:00:00+00:00,24.05,83.85778,1011.9345,8.854829,63.435013,0.0,41.0,1.0
2019-01-12 21:00:00+00:00,23.75,79.04964,1011.33453,11.841756,70.46326,0.0,41.0,1.0
2019-01-12 22:00:00+00:00,23.35,72.83322,1011.13385,11.440979,65.85446,0.0,97.0,3.0
2019-01-12 23:00:00+00:00,22.9,72.754295,1011.0333,9.504273,65.37646,0.0,99.0,3.0
2019-01-13 00:00:00+00:00,22.65,78.89448,1011.7324,9.779817,83.659904,0.0,98.0,3.0
2019-01-13 01:00:00+00:00,22.3,81.09516,1012.3317,10.948973,80.53775,0.0,98.0,3.0
2019-01-13 02:00:00+00:00,23.1,77.737434,1013.1327,11.440978,77.27565,0.0,98.0,3.0
2019-01-13 03:00:00+00:00,26.1,62.774353,1013.7368,9.0,73.73973,0.0,95.0,3.0
2019-01-13 04:00:00+00:00,28.85,43.62435,1013.8412,8.049845,79.69521,0.0,94.0,3.0
2019-01-13 05:00:00+00:00,30.8,33.70641,1013.54425,4.5536795,108.43504,0.0,95.0,3.0
2019-01-13 06:00:00+00:00,31.95,32.091473,1012.8461,4.5820518,224.9999,0.0,97.0,3.0
2019-01-13 07:00:00+00:00,31.45,42.95419,1012.0459,11.113451,245.09526,0.0,96.0,3.0
2019-01-13 08:00:00+00:00,30.9,46.758316,1010.94543,12.7279215,241.2603,0.0,97.0,3.0
2019-01-13 09:00:00+00:00,30.55,45.79139,1010.0455,13.891522,238.78166,0.0,97.0,3.0
2019-01-13 10:00:00+00:00,29.6,55.665833,1009.1443,14.707222,248.45895,0.0,95.0,3.0
2019-01-13 11:00:00+00:00,28.95,60.725708,1009.1433,12.0694,252.64589,0.0,77.0,2.0
2019-01-13 12:00:00+00:00,27.85,61.995617,1009.24176,9.0,286.26028,0.0,42.0,1.0
2019-01-13 13:00:00+00:00,27.0,62.972,1009.5404,7.6367526,315.0001,0.0,16.0,0.0
2019-01-13 14:00:00+00:00,26.6,62.298058,1010.4393,7.6367526,315.0001,0.0,0.0,0.0
2019-01-13 15:00:00+00:00,26.45,65.65354,1011.4386,7.42159,320.90613,0.0,16.0,0.0
2019-01-13 16:00:00+00:00,26.1,70.866844,1012.2375,5.3999996,323.13004,0.0,30.0,1.0
2019-01-13 17:00:00+00:00,25.6,77.86506,1012.53674,4.3349743,318.36655,0.0,25.0,1.0
2019-01-13 18:00:00+00:00,24.5,85.72087,1012.2353,4.802999,347.00537,0.0,1.0,0.0
2019-01-13 19:00:00+00:00,24.2,83.61769,1011.8349,3.6179552,84.2895,0.0,1.0,0.0
2019-01-13 20:00:00+00:00,24.45,77.456406,1011.3353,8.209263,105.25517,0.0,2.0,0.0
2019-01-13 21:00:00+00:00,24.2,73.89667,1010.8353,9.885262,100.491425,0.0,3.0,0.0
2019-01-13 22:00:00+00:00,24.05,74.79735,1010.5351,11.013882,78.6901,0.0,7.0,0.0
2019-01-13 23:00:00+00:00,24.15,74.81375,1010.1356,11.165805,69.22767,0.0,60.0,2.0
2019-01-14 00:00:00+00:00,24.05,75.03046,1010.6351,11.013882,78.6901,0.0,55.0,2.0
2019-01-14 01:00:00+00:00,24.0,75.72558,1011.0349,9.114471,80.909805,0.0,39.0,1.0
2019-01-14 02:00:00+00:00,24.4,75.08736,1011.73517,7.9526596,84.805664,0.0,57.0,2.0
2019-01-14 03:00:00+00:00,26.4,64.83141,1012.8379,5.771239,86.423744,0.0,69.0,2.0
2019-01-14 04:00:00+00:00,28.6,54.90406,1012.9414,4.6938257,57.528828,0.0,70.0,2.0
2019-01-14 05:00:00+00:00,30.65,47.580032,1012.3444,2.5959969,303.6901,0.0,73.0,2.0
2019-01-14 06:00:00+00:00,31.75,44.830856,1011.6463,6.9899354,258.11136,0.0,66.0,2.0
2019-01-14 07:00:00+00:00,31.15,50.62,1010.94604,13.18308,235.0079,0.0,54.0,2.0
2019-01-14 08:00:00+00:00,29.75,53.167084,1010.2442,17.610588,220.85529,0.0,37.0,1.0
2019-01-14 09:00:00+00:00,29.55,56.87347,1009.3442,13.608762,217.47626,0.0,10.0,0.0
2019-01-14 10:00:00+00:00,29.3,65.23835,1008.74426,12.768586,229.574,0.0,7.0,0.0
2019-01-14 11:00:00+00:00,29.0,63.795887,1008.7435,12.218805,224.9999,0.0,56.0,2.0
2019-01-14 12:00:00+00:00,27.9,71.411316,1009.0418,10.514218,231.95291,0.0,52.0,2.0
2019-01-14 13:00:00+00:00,27.15,75.9884,1009.54065,9.931042,226.46873,0.0,15.0,0.0
2019-01-14 14:00:00+00:00,27.0,76.19624,1010.6399,7.729527,242.24155,0.0,11.0,0.0
2019-01-14 15:00:00+00:00,26.8,75.472694,1011.5391,6.830519,288.43503,0.0,1.0,0.0
2019-01-14 16:00:00+00:00,26.4,77.74458,1012.03827,8.0899935,302.27563,0.0,0.0,0.0
2019-01-14 17:00:00+00:00,25.8,83.542885,1012.03735,7.9036193,329.9315,0.0,1.0,0.0
2019-01-14 18:00:00+00:00,25.25,86.84138,1012.0364,9.605998,12.99463,0.0,8.0,0.0
2019-01-14 19:00:00+00:00,24.9,79.942894,1011.73615,9.511088,29.475794,0.0,7.0,0.0
2019-01-14 20:00:00+00:00,24.65,76.29906,1010.83594,7.491114,35.217674,0.0,31.0,1.0
2019-01-14 21:00:00+00:00,24.05,76.205505,1010.2353,8.14587,44.999897,0.0,59.0,2.0
2019-01-14 22:00:00+00:00,23.45,77.30658,1010.03436,8.654987,44.999897,0.0,75.0,2.0
2019-01-14 23:00:00+00:00,22.85,78.67698,1010.23334,8.913181,46.636536,0.0,85.0,3.0
2019-01-15 00:00:00+00:00,22.75,81.91352,1010.6331,7.9526596,84.805664,0.0,82.0,3.0
2019-01-15 01:00:00+00:00,23.1,79.20429,1011.33356,11.165805,88.15243,0.0,73.0,2.0
2019-01-15 02:00:00+00:00,23.95,72.71043,1012.43427,11.885453,88.264336,0.0,88.0,3.0
2019-01-15 03:00:00+00:00,26.65,58.892002,1013.238,9.746631,85.76369,0.0,47.0,1.0
2019-01-15 04:00:00+00:00,29.5,44.506157,1013.6423,8.049845,79.69521,0.0,26.0,1.0
2019-01-15 05:00:00+00:00,31.4,37.32228,1013.0455,4.379589,80.53775,0.0,39.0,1.0
2019-01-15 06:00:00+00:00,32.6,34.535618,1012.0475,2.7416782,246.80138,0.0,39.0,1.0
2019-01-15 07:00:00+00:00,31.75,44.132744,1011.4464,12.413477,240.4613,0.0,50.0,2.0
2019-01-15 08:00:00+00:00,30.3,51.034122,1010.3451,15.696165,233.39284,0.0,81.0,3.0
2019-01-15 09:00:00+00:00,30.35,48.86167,1009.3455,13.513193,228.23979,0.0,89.0,3.0
2019-01-15 10:00:00+00:00,29.65,61.070553,1008.94476,12.313894,232.12495,0.0,96.0,3.0
2019-01-15 11:00:00+00:00,29.1,65.595764,1009.04376,12.24,241.92761,0.0,94.0,3.0
2019-01-15 12:00:00+00:00,27.7,76.76672,1009.6413,11.808878,232.43134,0.0,34.0,1.0
2019-01-15 13:00:00+00:00,27.15,77.38389,1010.0404,9.511088,240.5242,0.0,72.0,2.0
2019-01-15 14:00:00+00:00,26.85,77.57454,1011.03937,7.9932976,262.23492,0.0,92.0,3.0
2019-01-15 15:00:00+00:00,26.5,80.64359,1011.8384,5.4477882,277.59454,0.0,89.0,3.0
2019-01-15 16:00:00+00:00,26.05,83.8241,1012.43744,3.8268526,318.81415,0.0,23.0,1.0
2019-01-15 17:00:00+00:00,25.65,86.61605,1012.3368,4.6938257,327.52884,0.0,9.0,0.0
2019-01-15 18:00:00+00:00,25.15,89.49898,1012.23627,4.896529,342.8972,0.0,15.0,0.0
2019-01-15 19:00:00+00:00,24.85,88.667595,1011.93585,7.9932976,7.7650824,0.0,8.0,0.0
2019-01-15 20:00:00+00:00,24.35,86.75844,1011.43536,8.287822,34.3804,0.0,20.0,1.0
2019-01-15 21:00:00+00:00,24.2,78.62551,1010.8353,10.315115,60.75127,0.0,32.0,1.0
2019-01-15 22:00:00+00:00,24.1,70.05643,1010.63544,12.43434,67.8905,0.0,52.0,2.0
2019-01-15 23:00:00+00:00,23.75,69.99029,1010.6348,11.503113,69.86362,0.0,50.0,2.0
2019-01-16 00:00:00+00:00,23.65,76.14283,1010.83435,9.178235,78.6901,0.0,65.0,2.0
2019-01-16 01:00:00+00:00,23.45,77.30658,1011.2338,8.707238,82.875084,0.0,97.0,3.0
2019-01-16 02:00:00+00:00,23.8,74.98969,1012.1341,8.707238,82.875084,0.0,98.0,3.0
2019-01-16 03:00:00+00:00,25.6,62.270958,1013.1364,7.771331,76.60749,0.0,88.0,3.0
2019-01-16 04:00:00+00:00,28.7,45.876026,1013.54114,6.4096174,51.842735,0.0,84.0,3.0
2019-01-16 05:00:00+00:00,30.9,38.648384,1013.0445,5.3517847,340.3461,0.0,93.0,3.0
2019-01-16 06:00:00+00:00,31.9,39.4232,1012.3464,9.255571,283.49576,0.0,28.0,1.0
2019-01-16 07:00:00+00:00,31.45,48.692493,1011.64606,12.522619,251.56496,0.0,0.0,0.0
2019-01-16 08:00:00+00:00,30.5,53.520477,1010.7452,14.264361,222.95459,0.0,0.0,0.0
2019-01-16 09:00:00+00:00,30.1,53.08971,1009.94495,12.682018,214.59235,0.0,0.0,0.0
2019-01-16 10:00:00+00:00,29.75,56.921356,1009.2446,10.514218,218.04709,0.0,1.0,0.0
2019-01-16 11:00:00+00:00,29.3,58.05775,1009.244,9.422101,226.54811,0.0,0.0,0.0
2019-01-16 12:00:00+00:00,27.6,58.198177,1009.6413,8.942214,229.89915,0.0,0.0,0.0
2019-01-16 13:00:00+00:00,26.7,64.894714,1009.9395,6.696387,233.74606,0.0,0.0,0.0
2019-01-16 14:00:00+00:00,26.3,71.122284,1010.63855,7.289444,249.77505,0.0,0.0,0.0
2019-01-16 15:00:00+00:00,26.1,75.361145,1011.43787,5.495161,238.39255,0.0,0.0,0.0
2019-01-16 16:00:00+00:00,24.85,83.690636,1012.03577,4.39436,304.9921,0.0,0.0,0.0
2019-01-16 17:00:00+00:00,24.15,87.005135,1012.0348,5.0911684,351.87,0.0,0.0,0.0
2019-01-16 18:00:00+00:00,24.3,80.35545,1011.9351,6.3690495,42.709366,0.0,0.0,0.0
2019-01-16 19:00:00+00:00,24.2,71.8514,1011.4351,11.592894,53.84173,0.0,0.0,0.0
2019-01-16 20:00:00+00:00,24.0,68.946106,1010.93494,12.313894,52.124958,0.0,36.0,1.0
2019-01-16 21:00:00+00:00,23.8,70.88472,1010.6348,10.805998,60.018444,0.0,47.0,1.0
2019-01-16 22:00:00+00:00,23.45,73.07948,1010.2343,10.041354,75.46551,0.0,65.0,2.0
2019-01-16 23:00:00+00:00,23.05,74.39877,1010.0338,10.24578,71.564964,0.0,69.0,2.0
2019-01-17 00:00:00+00:00,22.1,78.56936,1009.83264,5.6920996,71.564964,0.0,80.0,3.0
2019-01-17 01:00:00+00:00,22.0,78.801994,1010.3321,7.968939,71.564964,0.0,80.0,3.0
2019-01-17 02:00:00+00:00,22.45,75.953415,1011.3322,9.605998,77.00539,0.0,62.0,2.0
2019-01-17 03:00:00+00:00,24.85,60.9338,1012.23566,9.028754,85.42616,0.0,63.0,2.0
2019-01-17 04:00:00+00:00,27.5,49.83067,1012.6396,7.771331,76.60749,0.0,64.0,2.0
2019-01-17 05:00:00+00:00,30.1,40.07142,1012.1439,3.8939953,56.3099,0.0,66.0,2.0
2019-01-17 06:00:00+00:00,31.85,34.77569,1011.3468,3.6,270.0,0.0,64.0,2.0
2019-01-17 07:00:00+00:00,31.45,40.571983,1010.74646,10.97262,228.99101,0.0,67.0,2.0
2019-01-17 08:00:00+00:00,30.55,41.900894,1009.8455,14.277983,213.6901,0.0,72.0,2.0
2019-01-17 09:00:00+00:00,30.6,38.565407,1008.946,13.217443,209.35765,0.0,31.0,1.0
2019-01-17 10:00:00+00:00,29.85,46.331543,1008.445,14.973577,207.18103,0.0,30.0,1.0
2019-01-17 11:00:00+00:00,29.05,49.44908,1008.544,14.168641,207.21602,0.0,0.0,0.0
2019-01-17 12:00:00+00:00,27.55,56.2138,1008.64136,9.422101,226.54811,0.0,0.0,0.0
2019-01-17 13:00:00+00:00,26.7,68.61326,1009.13983,9.290511,234.46223,0.0,0.0,0.0
2019-01-17 14:00:00+00:00,26.5,72.482414,1009.8393,8.435069,219.80553,0.0,0.0,0.0
2019-01-17 15:00:00+00:00,26.4,70.26931,1010.6389,5.4833565,246.80138,0.0,0.0,0.0
2019-01-17 16:00:00+00:00,25.1,75.66602,1011.5366,4.829907,333.43503,0.0,0.0,0.0
2019-01-17 17:00:00+00:00,24.9,75.168335,1011.9361,7.7043357,52.594578,0.0,0.0,0.0
2019-01-17 18:00:00+00:00,24.55,62.82759,1012.0354,12.783802,57.652576,0.0,0.0,0.0
2019-01-17 19:00:00+00:00,24.1,63.731586,1011.53503,11.200571,44.999897,0.0,0.0,0.0
2019-01-17 20:00:00+00:00,23.4,66.896736,1010.5342,9.085988,33.6901,0.0,9.0,0.0
2019-01-17 21:00:00+00:00,22.9,69.16856,1009.93384,5.6233797,50.194473,0.0,85.0,3.0
2019-01-17 22:00:00+00:00,22.15,72.62204,1009.63275,4.8433046,48.01287,0.0,45.0,1.0
2019-01-17 23:00:00+00:00,21.35,75.777916,1009.6314,3.0547013,44.999897,0.0,84.0,3.0
2019-01-18 00:00:00+00:00,21.5,76.0423,1009.73175,2.4149535,63.435013,0.0,60.0,2.0
2019-01-18 01:00:00+00:00,21.4,76.75185,1010.531,4.0249224,100.30479,0.0,98.0,3.0
2019-01-18 02:00:00+00:00,22.15,74.482796,1011.63184,9.47012,81.25392,0.0,99.0,3.0
2019-01-18 03:00:00+00:00,24.75,63.67157,1012.7355,8.557102,75.37909,0.0,99.0,3.0
2019-01-18 04:00:00+00:00,27.45,47.94195,1013.13934,8.209263,74.74483,0.0,98.0,3.0
2019-01-18 05:00:00+00:00,29.25,42.489635,1012.9424,6.439876,26.564985,0.0,54.0,2.0
2019-01-18 06:00:00+00:00,30.9,38.15469,1012.0449,4.6102495,308.65982,0.0,5.0,0.0
2019-01-18 07:00:00+00:00,31.1,39.202896,1011.1457,8.225035,246.80139,0.0,7.0,0.0
2019-01-18 08:00:00+00:00,29.9,49.205414,1010.6442,14.113652,217.74687,0.0,65.0,2.0
2019-01-18 09:00:00+00:00,29.65,45.549618,1009.84436,14.20062,210.46547,0.0,85.0,3.0
2019-01-18 10:00:00+00:00,29.3,49.51445,1009.14404,13.830749,218.65984,0.0,64.0,2.0
2019-01-18 11:00:00+00:00,28.65,52.72389,1009.04315,11.988594,228.65231,0.0,1.0,0.0
2019-01-18 12:00:00+00:00,27.65,51.644714,1008.94165,10.44,223.60289,0.0,0.0,0.0
2019-01-18 13:00:00+00:00,26.7,57.620174,1009.3398,7.5942082,238.57048,0.0,16.0,0.0
2019-01-18 14:00:00+00:00,26.45,61.682953,1010.13916,6.792466,237.99466,0.0,1.0,0.0
2019-01-18 15:00:00+00:00,25.0,69.35555,1011.2364,4.829907,243.43501,0.0,0.0,0.0
2019-01-18 16:00:00+00:00,24.25,72.99013,1012.43463,4.896529,17.102825,0.0,0.0,0.0
2019-01-18 17:00:00+00:00,24.3,70.9769,1012.73474,5.495161,31.607454,0.0,0.0,0.0
2019-01-18 18:00:00+00:00,24.1,67.88952,1012.9344,10.009036,52.3057,0.0,0.0,0.0
2019-01-18 19:00:00+00:00,23.8,67.19032,1012.53394,12.218805,44.999897,0.0,1.0,0.0
2019-01-18 20:00:00+00:00,23.5,68.41535,1011.634,10.514218,38.047092,0.0,1.0,0.0
2019-01-18 21:00:00+00:00,22.55,71.77962,1011.0327,9.504272,37.30404,0.0,3.0,0.0
2019-01-18 22:00:00+00:00,21.35,76.501526,1010.631,9.726664,38.990997,0.0,5.0,0.0
2019-01-18 23:00:00+00:00,20.75,78.622536,1010.63,10.195057,47.862484,0.0,5.0,0.0
2019-01-19 00:00:00+00:00,21.55,74.61862,1011.1311,11.592894,53.84173,0.0,0.0,0.0
2019-01-19 01:00:00+00:00,21.95,72.586586,1011.73145,14.33234,64.72231,0.0,23.0,1.0
2019-01-19 02:00:00+00:00,22.75,70.466446,1012.7322,14.689589,72.89719,0.0,19.0,0.0
2019-01-19 03:00:00+00:00,25.25,60.257515,1013.8355,13.207634,72.55273,0.0,73.0,2.0
2019-01-19 04:00:00+00:00,27.35,49.31635,1014.4388,10.00256,59.743652,0.0,83.0,3.0
2019-01-19 05:00:00+00:00,29.3,39.337315,1014.3417,6.379216,16.389616,0.0,51.0,2.0
2019-01-19 06:00:00+00:00,30.85,35.63876,1013.54425,4.6938257,302.47116,0.0,73.0,2.0
2019-01-19 07:00:00+00:00,31.2,36.200893,1012.74524,7.7879906,236.3099,0.0,56.0,2.0
2019-01-19 08:00:00+00:00,29.7,49.46316,1011.5436,13.783817,220.76352,0.0,20.0,1.0
2019-01-19 09:00:00+00:00,29.0,48.353424,1010.4428,13.004922,228.36655,0.0,6.0,0.0
2019-01-19 10:00:00+00:00,28.55,49.78898,1009.7425,11.113451,245.09526,0.0,6.0,0.0
2019-01-19 11:00:00+00:00,28.15,54.279007,1009.8418,9.673221,224.9999,0.0,0.0,0.0
2019-01-19 12:00:00+00:00,27.3,62.8422,1009.8405,11.753877,242.6502,0.0,0.0,0.0
2019-01-19 13:00:00+00:00,26.5,68.15185,1010.13916,9.3669195,272.20255,0.0,100.0,3.0
2019-01-19 14:00:00+00:00,26.2,70.666885,1011.0384,8.905908,284.03625,0.0,100.0,3.0
2019-01-19 15:00:00+00:00,25.85,72.14559,1012.4372,5.4119864,273.814,0.0,100.0,3.0
2019-01-19 16:00:00+00:00,25.75,73.7015,1013.5366,2.9024127,330.25522,0.0,100.0,3.0
2019-01-19 17:00:00+00:00,23.65,83.04246,1013.933,5.4833565,66.801384,0.0,100.0,3.0
2019-01-19 18:00:00+00:00,23.7,78.0681,1013.7334,3.319036,77.4712,0.0,100.0,3.0
2019-01-19 19:00:00+00:00,23.1,76.29446,1013.53253,5.04,90.0,0.0,100.0,3.0
2019-01-19 20:00:00+00:00,22.45,74.76795,1013.03143,8.350138,82.56869,0.0,100.0,3.0
2019-01-19 21:00:00+00:00,22.1,74.710014,1012.53143,6.0347,72.64589,0.0,100.0,3.0
2019-01-19 22:00:00+00:00,22.05,74.70175,1012.3312,7.289445,57.094753,0.0,100.0,3.0
2019-01-19 23:00:00+00:00,22.05,71.9168,1012.2312,11.983188,57.264786,0.0,100.0,3.0
2019-01-20 00:00:00+00:00,22.7,70.01215,1012.33234,12.979984,56.3099,0.0,100.0,3.0
2019-01-20 01:00:00+00:00,23.1,69.64643,1012.93286,13.551501,50.389355,0.0,99.0,3.0
2019-01-20 02:00:00+00:00,23.85,66.77722,1013.5335,15.277749,55.560955,0.0,99.0,3.0
2019-01-20 03:00:00+00:00,25.55,57.526077,1014.23596,13.684735,63.435013,0.0,100.0,3.0
2019-01-20 04:00:00+00:00,26.65,52.047302,1014.7373,10.630672,61.69934,0.0,100.0,3.0
2019-01-20 05:00:00+00:00,28.35,45.343517,1014.34,6.297428,59.03632,0.0,99.0,3.0
2019-01-20 06:00:00+00:00,30.25,37.36511,1013.6432,1.2979984,303.6901,0.0,100.0,3.0
2019-01-20 07:00:00+00:00,31.1,33.789467,1012.645,4.0249224,243.43501,0.0,99.0,3.0
2019-01-20 08:00:00+00:00,29.95,46.65233,1011.7438,12.599998,216.86998,0.0,99.0,3.0
2019-01-20 09:00:00+00:00,29.0,45.956852,1011.1424,16.1198,203.70265,0.0,87.0,3.0
2019-01-20 10:00:00+00:00,28.7,51.26424,1010.44257,15.034041,196.69933,0.0,73.0,2.0
2019-01-20 11:00:00+00:00,28.1,56.878635,1010.24164,14.118243,199.35909,0.0,60.0,2.0
2019-01-20 12:00:00+00:00,26.7,60.59086,1010.0394,11.177405,194.93147,0.0,99.0,3.0
2019-01-20 13:00:00+00:00,26.0,59.673355,1010.3383,4.379589,189.46225,0.0,100.0,3.0
2019-01-20 14:00:00+00:00,25.0,62.927036,1011.03644,4.802999,192.99461,0.0,100.0,3.0
2019-01-20 15:00:00+00:00,25.0,63.72594,1011.73615,6.1305785,139.76372,0.0,100.0,3.0
2019-01-20 16:00:00+00:00,26.4,58.279423,1012.2382,3.2599385,6.3401003,0.0,99.0,3.0
2019-01-20 17:00:00+00:00,23.75,71.99571,1012.53394,5.1544156,282.09473,0.0,100.0,3.0
2019-01-20 18:00:00+00:00,25.35,71.16918,1012.6364,9.826088,261.57312,0.0,100.0,3.0
2019-01-20 19:00:00+00:00,25.4,70.73817,1012.5365,11.542478,266.42374,0.0,100.0,3.0
2019-01-20 20:00:00+00:00,24.8,72.63295,1011.6359,7.69592,280.78424,0.0,100.0,3.0
2019-01-20 21:00:00+00:00,22.7,84.22713,1011.3328,3.096837,305.53775,0.0,100.0,3.0
2019-01-20 22:00:00+00:00,21.85,85.4544,1011.0314,6.28713,76.75947,0.0,99.0,3.0
2019-01-20 23:00:00+00:00,21.6,75.817955,1011.43097,10.464798,86.05489,0.0,100.0,3.0
2019-01-21 00:00:00+00:00,20.6,78.103355,1011.7293,10.495713,67.83361,0.0,100.0,3.0
2019-01-21 01:00:00+00:00,21.05,72.89044,1012.3296,11.304229,52.765083,0.0,100.0,3.0
2019-01-21 02:00:00+00:00,22.1,63.29217,1013.1311,11.988594,48.65233,0.0,100.0,3.0
2019-01-21 03:00:00+00:00,24.8,48.322674,1014.4347,10.182337,44.999897,0.0,100.0,3.0
2019-01-21 04:00:00+00:00,27.6,39.636192,1014.9389,6.989936,55.491425,0.0,100.0,3.0
2019-01-21 05:00:00+00:00,29.35,39.096977,1014.64154,1.4399999,90.0,0.0,100.0,3.0
2019-01-21 06:00:00+00:00,30.75,29.240263,1013.9441,3.319036,257.4712,0.0,100.0,3.0
2019-01-21 07:00:00+00:00,30.7,33.459095,1012.84454,10.30883,245.22488,0.0,100.0,3.0
2019-01-21 08:00:00+00:00,29.15,46.883144,1011.84247,15.463246,245.22488,0.0,100.0,3.0
2019-01-21 09:00:00+00:00,29.05,41.48867,1010.94293,13.891522,238.78166,0.0,100.0,3.0
2019-01-21 10:00:00+00:00,28.6,50.91618,1010.14264,13.324863,231.58191,0.0,99.0,3.0
2019-01-21 11:00:00+00:00,28.2,51.45978,1010.3418,12.72283,244.8852,0.0,95.0,3.0
2019-01-21 12:00:00+00:00,27.35,54.42188,1010.4406,11.901798,266.53183,0.0,91.0,3.0
2019-01-21 13:00:00+00:00,26.35,55.566498,1011.1387,9.531505,280.88547,0.0,52.0,2.0
2019-01-21 14:00:00+00:00,25.75,55.065674,1012.23724,5.1165614,309.28937,0.0,41.0,1.0
2019-01-21 15:00:00+00:00,24.25,62.562084,1013.1343,5.3999996,323.13004,0.0,97.0,3.0
2019-01-21 16:00:00+00:00,23.25,68.79996,1014.13226,6.0347,17.354122,0.0,99.0,3.0
2019-01-21 17:00:00+00:00,23.35,65.833374,1014.3324,4.6102495,51.34017,0.0,97.0,3.0
2019-01-21 18:00:00+00:00,22.8,67.84445,1014.4314,5.634891,63.435013,0.0,94.0,3.0
2019-01-21 19:00:00+00:00,22.6,69.330086,1013.9314,5.495161,58.392544,0.0,92.0,3.0
2019-01-21 20:00:00+00:00,22.6,71.11066,1012.9319,6.439876,26.564985,0.0,87.0,3.0
2019-01-21 21:00:00+00:00,22.35,72.88748,1012.2318,8.473393,12.26477,0.0,82.0,3.0
2019-01-21 22:00:00+00:00,21.9,73.504196,1011.83136,8.905908,14.036275,0.0,82.0,3.0
2019-01-21 23:00:00+00:00,21.5,73.668816,1011.63086,6.830519,18.435053,0.0,80.0,3.0
2019-01-22 00:00:00+00:00,20.45,71.16664,1011.82886,5.634891,26.564985,0.0,72.0,2.0
2019-01-22 01:00:00+00:00,20.85,68.32593,1012.3292,5.315336,61.69934,0.0,53.0,2.0
2019-01-22 02:00:00+00:00,21.55,67.809845,1013.3301,6.28713,76.75947,0.0,52.0,2.0
2019-01-22 03:00:00+00:00,24.75,60.333206,1014.23474,5.154415,65.22488,0.0,68.0,2.0
2019-01-22 04:00:00+00:00,27.5,51.442417,1014.83856,3.7064266,60.94549,0.0,77.0,2.0
2019-01-22 05:00:00+00:00,29.1,44.53975,1014.44135,2.968636,255.96373,0.0,95.0,3.0
2019-01-22 06:00:00+00:00,30.1,42.858894,1014.0431,9.021574,241.38963,0.0,97.0,3.0
2019-01-22 07:00:00+00:00,30.05,43.672405,1013.04315,14.48972,243.43501,0.0,82.0,3.0
2019-01-22 08:00:00+00:00,29.85,41.575367,1011.9434,15.807239,239.9315,0.0,63.0,2.0
2019-01-22 09:00:00+00:00,29.9,43.21617,1011.04407,14.618837,232.0012,0.0,84.0,3.0
2019-01-22 10:00:00+00:00,29.55,47.13891,1010.34375,15.137133,244.65387,0.0,84.0,3.0
2019-01-22 11:00:00+00:00,28.9,46.076626,1010.64264,13.358861,255.96373,0.0,97.0,3.0
2019-01-22 12:00:00+00:00,27.5,49.989815,1010.94037,9.47012,261.2539,0.0,79.0,2.0
2019-01-22 13:00:00+00:00,26.45,54.889954,1011.6384,4.829907,243.43501,0.0,88.0,3.0
2019-01-22 14:00:00+00:00,25.35,58.958065,1012.4366,4.3349743,228.36655,0.0,51.0,2.0
2019-01-22 15:00:00+00:00,25.15,60.234394,1013.13586,4.6938257,212.47118,0.0,10.0,0.0
2019-01-22 16:00:00+00:00,23.9,65.53211,1013.8336,3.9763298,84.805664,0.0,1.0,0.0
2019-01-22 17:00:00+00:00,23.1,68.988655,1013.8324,4.198285,59.03632,0.0,0.0,0.0
2019-01-22 18:00:00+00:00,23.25,68.14992,1013.53253,5.315336,28.30066,0.0,0.0,0.0
2019-01-22 19:00:00+00:00,22.75,69.35906,1013.13196,5.8048253,29.744795,0.0,0.0,0.0
2019-01-22 20:00:00+00:00,22.2,70.811516,1012.4315,4.6938257,32.471172,0.0,0.0,0.0
2019-01-22 21:00:00+00:00,21.85,71.8806,1011.6311,5.634891,26.564985,0.0,0.0,0.0
2019-01-22 22:00:00+00:00,21.6,72.064384,1011.331,6.9527545,21.25058,0.0,0.0,0.0
2019-01-22 23:00:00+00:00,21.45,72.03732,1011.43066,7.5170207,16.699326,0.0,12.0,0.0
2019-01-23 00:00:00+00:00,21.05,71.27775,1011.52997,7.9526596,5.19435,0.0,8.0,0.0
2019-01-23 01:00:00+00:00,21.35,69.08706,1011.9304,9.746631,4.23632,0.0,83.0,3.0
2019-01-23 02:00:00+00:00,22.0,67.900345,1012.43115,9.3876505,4.398633,0.0,86.0,3.0
2019-01-23 03:00:00+00:00,24.8,61.70003,1013.2352,8.669949,4.763556,0.0,91.0,3.0
2019-01-23 04:00:00+00:00,27.75,51.834454,1013.43964,12.964998,1.5911111,0.0,94.0,3.0
2019-01-23 05:00:00+00:00,29.75,45.288063,1013.24286,13.358861,345.9637,0.0,92.0,3.0
2019-01-23 06:00:00+00:00,30.95,41.744022,1012.4451,11.212135,312.39737,0.0,88.0,3.0
2019-01-23 07:00:00+00:00,31.1,44.515488,1011.3456,14.685176,281.3099,0.0,94.0,3.0
2019-01-23 08:00:00+00:00,29.85,53.35796,1010.544,19.110542,273.23962,0.0,98.0,3.0
2019-01-23 09:00:00+00:00,29.9,51.250828,1009.9446,14.512064,262.8751,0.0,98.0,3.0
2019-01-23 10:00:00+00:00,29.65,55.333878,1009.7444,15.1884165,238.57048,0.0,93.0,3.0
2019-01-23 11:00:00+00:00,28.1,60.532776,1010.24164,11.885453,234.86572,0.0,93.0,3.0
2019-01-23 12:00:00+00:00,26.5,67.10534,1010.33905,10.1887,212.00534,0.0,62.0,2.0
2019-01-23 13:00:00+00:00,25.8,67.382416,1010.8379,7.072878,194.7436,0.0,60.0,2.0
2019-01-23 14:00:00+00:00,25.55,71.64781,1011.937,7.6367526,188.13002,0.0,91.0,3.0
2019-01-23 15:00:00+00:00,25.05,76.12616,1013.1355,3.0547013,135.0001,0.0,91.0,3.0
2019-01-23 16:00:00+00:00,24.35,79.37796,1013.73425,3.2599385,96.340096,0.0,91.0,3.0
2019-01-23 17:00:00+00:00,23.6,80.26247,1014.0329,4.6938257,57.528828,0.0,91.0,3.0
2019-01-23 18:00:00+00:00,23.8,77.3592,1013.93335,4.510787,28.610369,0.0,92.0,3.0
2019-01-23 19:00:00+00:00,23.55,78.53258,1013.53314,5.1544156,12.094739,0.0,94.0,3.0
2019-01-23 20:00:00+00:00,23.25,79.22526,1012.7329,6.849467,3.0127327,0.0,96.0,3.0
2019-01-23 21:00:00+00:00,22.85,80.16215,1012.13245,8.669949,4.763556,0.0,95.0,3.0
2019-01-23 22:00:00+00:00,22.55,80.62321,1011.83234,8.825508,11.76827,0.0,98.0,3.0
2019-01-23 23:00:00+00:00,21.95,82.84287,1011.83136,8.209263,15.255177,0.0,94.0,3.0
2019-01-24 00:00:00+00:00,21.85,83.09017,1012.6306,7.729527,27.758451,0.0,94.0,3.0
2019-01-24 01:00:00+00:00,22.05,81.57136,1013.0308,7.754637,21.801476,0.0,92.0,3.0
2019-01-24 02:00:00+00:00,22.7,79.39571,1013.4319,6.2145634,10.007925,0.0,92.0,3.0
2019-01-24 03:00:00+00:00,25.15,70.03545,1014.3353,4.3498964,24.443953,0.0,91.0,3.0
2019-01-24 04:00:00+00:00,27.95,57.378216,1014.5393,3.6,36.86999,0.0,89.0,3.0
2019-01-24 05:00:00+00:00,30.05,49.090355,1014.2426,1.835647,281.3099,0.0,85.0,3.0
2019-01-24 06:00:00+00:00,31.2,45.965267,1013.74475,7.92,270.0,0.0,70.0,2.0
2019-01-24 07:00:00+00:00,30.85,51.33409,1012.84454,14.113653,264.14407,0.0,49.0,1.0
2019-01-24 08:00:00+00:00,29.35,58.97271,1012.0428,14.05845,256.67545,0.0,75.0,2.0
2019-01-24 09:00:00+00:00,30.3,56.354668,1011.0448,13.281023,237.17146,0.0,78.0,2.0
2019-01-24 10:00:00+00:00,28.6,67.31846,1010.7424,14.20062,239.53453,0.1,75.0,51.0
2019-01-24 11:00:00+00:00,28.55,61.959465,1010.94196,6.9153743,218.65984,0.0,22.0,1.0
2019-01-24 12:00:00+00:00,27.4,65.444954,1010.8404,7.771331,193.39252,0.0,69.0,2.0
2019-01-24 13:00:00+00:00,26.8,72.7572,1011.33923,10.30883,204.77512,0.0,8.0,0.0
2019-01-24 14:00:00+00:00,26.15,79.86691,1012.23785,6.28713,193.24052,0.0,10.0,0.0
2019-01-24 15:00:00+00:00,26.0,80.578636,1013.23706,2.8116899,129.80553,0.0,33.0,1.0
2019-01-24 16:00:00+00:00,25.75,81.532524,1013.7366,2.6208394,164.05453,0.0,9.0,0.0
2019-01-24 17:00:00+00:00,25.0,85.25049,1013.83514,2.9024127,150.2552,0.0,9.0,0.0
2019-01-24 18:00:00+00:00,24.3,87.817924,1013.3344,3.4152596,108.43504,0.0,5.0,0.0
2019-01-24 19:00:00+00:00,23.65,87.22629,1012.83344,3.8268526,48.814175,0.0,3.0,0.0
2019-01-24 20:00:00+00:00,23.8,81.53834,1011.93427,4.1046314,15.255177,0.0,1.0,0.0
2019-01-24 21:00:00+00:00,23.5,82.5141,1011.33417,5.8603754,10.61961,0.0,0.0,0.0
2019-01-24 22:00:00+00:00,23.15,85.06001,1010.9338,6.638072,12.528798,0.0,1.0,0.0
2019-01-24 23:00:00+00:00,23.0,85.570915,1011.0333,8.557102,22.249071,0.0,1.0,0.0
2019-01-25 00:00:00+00:00,23.1,82.72184,1011.53345,8.12197,12.804273,0.0,2.0,0.0
2019-01-25 01:00:00+00:00,23.3,79.478775,1012.1334,8.225035,23.198618,0.0,2.0,0.0
2019-01-25 02:00:00+00:00,23.95,76.189835,1013.034,7.145796,49.085716,0.0,4.0,0.0
2019-01-25 03:00:00+00:00,26.55,67.115425,1013.8377,4.0249224,63.435013,0.0,9.0,0.0
2019-01-25 04:00:00+00:00,28.3,63.060493,1014.34,3.2599385,276.3401,0.0,17.0,0.0
2019-01-25 05:00:00+00:00,29.55,57.759052,1014.0421,8.287822,267.5105,0.0,56.0,2.0
2019-01-25 06:00:00+00:00,29.95,56.096733,1013.24304,11.874544,255.96373,0.0,74.0,2.0
2019-01-25 07:00:00+00:00,29.8,55.887238,1012.4432,14.039999,247.3801,0.0,72.0,2.0
2019-01-25 08:00:00+00:00,29.65,53.975822,1011.6435,13.684735,243.43501,0.0,57.0,2.0
2019-01-25 09:00:00+00:00,30.1,53.753185,1010.6446,13.32,251.07526,0.0,46.0,1.0
2019-01-25 10:00:00+00:00,29.65,58.140182,1010.04425,13.779114,250.1447,0.0,63.0,2.0
2019-01-25 11:00:00+00:00,29.0,63.60081,1010.0429,11.298495,247.52052,0.0,44.0,1.0
2019-01-25 12:00:00+00:00,27.4,74.20347,1010.8404,9.904906,250.9064,0.0,14.0,0.0
2019-01-25 13:00:00+00:00,26.45,80.88172,1011.5385,7.342588,258.6901,0.0,1.0,0.0
2019-01-25 14:00:00+00:00,26.1,83.32414,1012.43744,5.0911684,278.13,0.0,2.0,0.0
2019-01-25 15:00:00+00:00,25.9,83.8075,1013.33673,2.7416782,293.1986,0.0,12.0,0.0
2019-01-25 16:00:00+00:00,25.7,84.03967,1013.7366,3.5455887,336.0375,0.0,19.0,0.0
2019-01-25 17:00:00+00:00,25.3,85.799934,1014.0358,3.9763298,5.19435,0.0,28.0,1.0
2019-01-25 18:00:00+00:00,24.9,87.07317,1013.63525,4.32,360.0,0.0,26.0,1.0
2019-01-25 19:00:00+00:00,24.15,89.69671,1013.23425,3.5455887,336.0375,0.0,15.0,0.0
2019-01-25 20:00:00+00:00,24.25,88.35015,1012.33466,3.6179552,354.2895,0.0,9.0,0.0
2019-01-25 21:00:00+00:00,23.45,91.86123,1011.6336,4.379589,9.462248,0.0,7.0,0.0
2019-01-25 22:00:00+00:00,22.8,93.23865,1011.03296,5.0142193,21.037588,0.0,10.0,0.0
2019-01-25 23:00:00+00:00,22.8,91.82298,1010.7331,3.7064266,29.054508,0.0,8.0,0.0
2019-01-26 00:00:00+00:00,24.05,86.20199,1011.3347,2.16,90.0,0.0,7.0,0.0
2019-01-26 01:00:00+00:00,23.4,89.094734,1011.93353,3.319036,77.4712,0.0,22.0,1.0
2019-01-26 02:00:00+00:00,24.55,84.170105,1012.7351,3.4152596,71.564964,0.0,19.0,0.0
2019-01-26 03:00:00+00:00,26.9,69.28901,1013.5382,3.5455887,66.037506,0.0,9.0,0.0
2019-01-26 04:00:00+00:00,28.85,60.329678,1013.6413,0.0,270.0,0.0,4.0,0.0
2019-01-26 05:00:00+00:00,30.35,53.815426,1013.54364,4.3498964,245.55606,0.0,33.0,1.0
2019-01-26 06:00:00+00:00,30.55,55.38254,1012.8442,10.805998,240.01845,0.0,58.0,2.0
2019-01-26 07:00:00+00:00,29.6,60.686016,1012.14294,13.830749,231.34016,0.2,25.0,51.0
2019-01-26 08:00:00+00:00,29.8,59.44126,1011.14374,14.003028,223.95847,0.0,14.0,0.0
2019-01-26 09:00:00+00:00,30.25,61.204845,1010.2448,16.595179,229.39879,0.0,10.0,0.0
2019-01-26 10:00:00+00:00,29.3,65.03985,1010.1436,16.199999,233.13002,0.0,6.0,0.0
2019-01-26 11:00:00+00:00,28.6,67.730194,1010.3425,14.336861,231.1155,0.2,36.0,51.0
2019-01-26 12:00:00+00:00,27.75,70.950554,1010.94073,11.592895,244.23071,0.3,36.0,51.0
2019-01-26 13:00:00+00:00,27.15,74.61505,1010.94,7.289445,237.09476,0.1,28.0,51.0
2019-01-26 14:00:00+00:00,26.85,75.480606,1012.0389,2.0991426,239.0363,0.0,23.0,1.0
2019-01-26 15:00:00+00:00,26.45,76.81042,1013.03784,4.0249224,296.56497,0.1,28.0,51.0
2019-01-26 16:00:00+00:00,25.9,81.30383,1013.8365,6.1305785,310.2363,0.1,28.0,51.0
2019-01-26 17:00:00+00:00,25.4,85.55014,1014.0358,8.534353,332.3541,0.0,35.0,1.0
2019-01-26 18:00:00+00:00,25.05,87.08672,1013.83514,7.42159,337.1663,0.0,25.0,1.0
2019-01-26 19:00:00+00:00,24.85,87.33337,1013.5351,7.2359104,354.2895,0.0,21.0,1.0
2019-01-26 20:00:00+00:00,24.5,86.77229,1012.7351,7.2,360.0,0.0,21.0,1.0
2019-01-26 21:00:00+00:00,24.2,85.69105,1012.33466,7.2359104,5.7105074,0.0,25.0,1.0
2019-01-26 22:00:00+00:00,23.75,86.96863,1012.1341,5.5887027,14.931467,0.1,44.0,51.0
2019-01-26 23:00:00+00:00,23.65,86.959496,1012.0338,4.3349743,355.23645,0.0,28.0,1.0
2019-01-27 00:00:00+00:00,23.75,86.96863,1012.33405,7.172949,342.47433,0.0,32.0,1.0
2019-01-27 01:00:00+00:00,23.7,87.230774,1012.8338,6.12,360.0,0.0,27.0,1.0
2019-01-27 02:00:00+00:00,24.15,84.90312,1013.63403,4.39436,34.9921,0.0,32.0,1.0
2019-01-27 03:00:00+00:00,25.65,79.3139,1014.3359,2.5455842,81.86999,0.0,32.0,1.0
2019-01-27 04:00:00+00:00,27.9,66.76815,1014.93915,3.319036,167.4712,0.0,28.0,1.0
2019-01-27 05:00:00+00:00,29.1,60.01558,1014.8411,5.692099,214.69522,0.0,37.0,1.0
2019-01-27 06:00:00+00:00,29.35,60.629498,1013.9419,9.422101,226.54811,0.1,37.0,51.0
2019-01-27 07:00:00+00:00,29.25,62.304962,1012.8424,11.525623,231.34016,0.0,18.0,0.0
2019-01-27 08:00:00+00:00,29.6,58.849327,1012.04297,11.681987,236.3099,0.0,10.0,0.0
2019-01-27 09:00:00+00:00,29.9,58.55804,1011.04407,11.792404,238.73633,0.0,6.0,0.0
2019-01-27 10:00:00+00:00,29.45,62.923656,1010.24384,11.631956,248.19853,0.0,17.0,0.0
2019-01-27 11:00:00+00:00,28.7,67.13334,1010.3425,10.636766,246.0375,0.1,19.0,51.0
2019-01-27 12:00:00+00:00,27.7,69.4409,1010.5409,10.990322,238.39255,0.1,20.0,51.0
2019-01-27 13:00:00+00:00,27.05,73.47029,1011.03973,7.289445,237.09476,0.0,16.0,0.0
2019-01-27 14:00:00+00:00,26.7,76.61483,1012.0385,5.991594,237.26477,0.0,18.0,0.0
2019-01-27 15:00:00+00:00,26.5,78.23354,1013.03784,5.1919937,236.3099,0.0,24.0,1.0
2019-01-27 16:00:00+00:00,25.9,83.8075,1013.6366,3.219938,206.56499,0.0,25.0,1.0
2019-01-27 17:00:00+00:00,26.0,79.84675,1014.0367,1.8,143.13002,0.1,41.0,51.0
2019-01-27 18:00:00+00:00,25.2,82.71589,1013.8355,3.563818,44.999897,0.1,39.0,51.0
2019-01-27 19:00:00+00:00,24.25,85.95827,1013.734,8.311245,85.03035,0.5,73.0,53.0
2019-01-27 20:00:00+00:00,23.55,90.20181,1013.1333,6.379216,106.38962,0.3,38.0,51.0
2019-01-27 21:00:00+00:00,23.35,90.74068,1012.4333,2.5959969,146.3099,0.2,37.0,51.0
2019-01-27 22:00:00+00:00,23.4,91.57864,1012.03345,4.6800003,157.3801,0.1,30.0,51.0
2019-01-27 23:00:00+00:00,22.95,93.53114,1011.73303,4.3349743,184.76355,0.0,24.0,1.0
2019-01-28 00:00:00+00:00,23.05,92.9668,1012.3327,4.1046314,344.7448,0.0,21.0,1.0
2019-01-28 01:00:00+00:00,23.55,89.652626,1012.9335,2.9024127,29.744795,0.0,30.0,1.0
2019-01-28 02:00:00+00:00,24.15,86.739914,1013.734,3.7064266,29.054508,0.0,25.0,1.0
2019-01-28 03:00:00+00:00,25.5,79.77933,1014.5358,3.5455887,23.962492,0.0,19.0,0.0
2019-01-28 04:00:00+00:00,27.25,71.29437,1014.93823,1.8,360.0,0.0,6.0,0.0
2019-01-28 05:00:00+00:00,29.3,60.061333,1014.5416,3.9763298,275.19434,0.0,16.0,0.0
2019-01-28 06:00:00+00:00,30.15,57.545822,1014.143,10.041354,255.4655,0.1,22.0,51.0
2019-01-28 07:00:00+00:00,29.9,60.198135,1013.343,12.661564,255.17348,0.1,18.0,51.0
2019-01-28 08:00:00+00:00,30.0,58.94229,1012.14355,14.003029,252.03076,0.0,3.0,0.0
2019-01-28 09:00:00+00:00,30.05,58.59306,1011.24396,14.336861,241.50446,0.0,0.0,0.0
2019-01-28 10:00:00+00:00,29.55,61.990383,1010.4437,14.081477,237.52882,0.0,0.0,0.0
2019-01-28 11:00:00+00:00,28.75,65.12401,1010.44257,12.984975,223.87679,0.0,0.0,0.0
2019-01-28 12:00:00+00:00,27.85,71.61999,1010.841,10.97262,221.00899,0.0,1.0,0.0
2019-01-28 13:00:00+00:00,27.05,76.66817,1011.13965,8.714677,218.2902,0.0,4.0,0.0
2019-01-28 14:00:00+00:00,26.6,79.20369,1011.9386,7.653705,221.18582,0.0,9.0,0.0
2019-01-28 15:00:00+00:00,26.5,79.91385,1012.638,5.495161,238.39255,0.0,16.0,0.0
2019-01-28 16:00:00+00:00,26.25,80.61114,1013.53723,4.1046314,285.25516,0.0,14.0,0.0
2019-01-28 17:00:00+00:00,25.85,81.7931,1013.7366,6.9153743,321.34018,0.1,21.0,51.0
2019-01-28 18:00:00+00:00,25.2,85.79006,1013.6356,7.8954163,335.77228,0.0,25.0,1.0
2019-01-28 19:00:00+00:00,24.85,87.59878,1013.2352,5.95906,334.98312,0.0,30.0,1.0
2019-01-28 20:00:00+00:00,24.45,89.44678,1012.63477,3.671294,348.6901,0.0,32.0,1.0
2019-01-28 21:00:00+00:00,23.95,91.61187,1012.0344,3.96,360.0,0.0,44.0,1.0
2019-01-28 22:00:00+00:00,23.9,91.05363,1011.6346,2.8116899,50.194473,0.0,49.0,1.0
2019-01-28 23:00:00+00:00,23.8,91.32464,1011.4345,2.8799999,90.0,0.0,45.0,1.0
2019-01-29 00:00:00+00:00,23.25,92.13024,1012.0332,3.8939953,123.6901,0.1,41.0,51.0
2019-01-29 01:00:00+00:00,24.0,88.329575,1012.5342,3.9763298,84.805664,0.1,30.0,51.0
2019-01-29 02:00:00+00:00,24.35,87.02329,1013.43445,7.928178,92.60251,0.0,23.0,1.0
2019-01-29 03:00:00+00:00,26.0,77.923416,1013.9367,7.2359104,95.7105,0.0,18.0,0.0
2019-01-29 04:00:00+00:00,27.7,62.92971,1014.3392,6.87779,83.99109,0.0,17.0,0.0
2019-01-29 05:00:00+00:00,29.55,52.130856,1014.0421,3.5455887,66.037506,0.0,10.0,0.0
2019-01-29 06:00:00+00:00,30.95,46.187893,1013.24475,3.0758414,249.44386,0.1,39.0,51.0
2019-01-29 07:00:00+00:00,30.15,53.932625,1012.6437,9.449572,229.63554,0.2,61.0,51.0
2019-01-29 08:00:00+00:00,29.55,62.561832,1011.74316,11.090103,215.75398,0.2,58.0,51.0
2019-01-29 09:00:00+00:00,29.65,61.25791,1010.644,11.183201,213.17853,0.0,24.0,1.0
2019-01-29 10:00:00+00:00,29.45,61.401173,1009.944,10.990322,211.60745,0.0,61.0,2.0
2019-01-29 11:00:00+00:00,28.95,62.622414,1009.943,11.384198,214.69522,0.0,8.0,0.0
2019-01-29 12:00:00+00:00,27.55,70.26715,1010.5405,11.457958,223.72705,0.0,1.0,0.0
2019-01-29 13:00:00+00:00,26.65,76.84076,1011.1389,9.290511,215.53777,0.0,8.0,0.0
2019-01-29 14:00:00+00:00,26.3,79.887054,1011.63806,7.928177,219.47243,0.0,1.0,0.0
2019-01-29 15:00:00+00:00,26.2,81.58848,1012.43774,7.10031,239.53453,0.0,0.0,0.0
2019-01-29 16:00:00+00:00,25.8,83.79643,1013.1368,3.4152596,251.56496,0.0,0.0,0.0
2019-01-29 17:00:00+00:00,26.15,81.08891,1013.53723,0.8049845,63.435013,0.0,6.0,0.0
2019-01-29 18:00:00+00:00,25.0,85.770355,1013.63525,5.6002855,44.999897,0.1,22.0,51.0
2019-01-29 19:00:00+00:00,24.9,83.18705,1013.3354,9.565437,19.798973,0.1,18.0,51.0
2019-01-29 20:00:00+00:00,24.7,83.929794,1012.7355,7.342588,11.3098955,0.0,14.0,0.0
2019-01-29 21:00:00+00:00,24.1,87.53331,1011.9349,5.1544156,347.90527,0.0,11.0,0.0
2019-01-29 22:00:00+00:00,23.7,90.487686,1011.7343,3.8939953,326.3099,0.0,20.0,1.0
2019-01-29 23:00:00+00:00,23.75,89.94118,1011.63434,3.7064266,299.0545,0.0,18.0,0.0
2019-01-30 00:00:00+00:00,22.7,85.276535,1011.73267,4.3349743,41.63345,0.0,13.0,0.0
2019-01-30 01:00:00+00:00,23.75,77.111725,1012.33405,5.3999996,53.13002,0.0,0.0,0.0
2019-01-30 02:00:00+00:00,24.45,73.252396,1012.93463,6.9247384,62.10283,0.0,0.0,0.0
2019-01-30 03:00:00+00:00,26.25,60.10858,1013.7372,5.506941,78.6901,0.0,0.0,0.0
2019-01-30 04:00:00+00:00,28.05,53.913834,1014.3398,3.5455887,66.037506,0.0,0.0,0.0
2019-01-30 05:00:00+00:00,30.25,47.32496,1013.84314,1.9386592,291.80148,0.0,0.0,0.0
2019-01-30 06:00:00+00:00,31.15,45.52091,1013.0451,8.225035,246.80139,0.0,0.0,0.0
2019-01-30 07:00:00+00:00,30.45,52.685116,1012.0443,12.7279215,224.9999,0.0,0.0,0.0
2019-01-30 08:00:00+00:00,30.6,50.793888,1010.8451,13.324863,218.41809,0.0,0.0,0.0
2019-01-30 09:00:00+00:00,30.65,50.491375,1009.8455,13.237038,224.9999,0.0,2.0,0.0
2019-01-30 10:00:00+00:00,30.1,52.596832,1009.34515,12.984975,226.12321,0.0,0.0,0.0
2019-01-30 11:00:00+00:00,29.6,52.143562,1009.4442,11.681987,236.3099,0.0,0.0,0.0
2019-01-30 12:00:00+00:00,28.15,62.640022,1010.24164,12.57426,256.75946,0.0,1.0,0.0
2019-01-30 13:00:00+00:00,27.3,68.30834,1010.94,8.287822,267.5105,0.0,0.0,0.0
2019-01-30 14:00:00+00:00,26.75,75.46472,1011.93896,8.287822,267.5105,0.0,0.0,0.0
2019-01-30 15:00:00+00:00,26.45,78.46456,1012.738,6.297428,300.96368,0.0,1.0,0.0
2019-01-30 16:00:00+00:00,26.15,79.86691,1013.53723,6.379216,343.61038,0.0,1.0,0.0
2019-01-30 17:00:00+00:00,25.95,79.35517,1013.83673,8.287822,2.4894993,0.0,5.0,0.0
2019-01-30 18:00:00+00:00,25.6,78.343124,1013.6362,8.427383,19.983198,0.0,10.0,0.0
2019-01-30 19:00:00+00:00,25.3,77.10763,1012.93634,8.287822,34.3804,0.0,5.0,0.0
2019-01-30 20:00:00+00:00,24.95,72.88494,1011.83606,7.10031,59.53454,0.0,3.0,0.0
2019-01-30 21:00:00+00:00,24.65,68.42636,1011.2358,6.519877,83.659904,0.0,2.0,0.0
2019-01-30 22:00:00+00:00,24.2,68.55293,1010.9353,6.162207,83.29026,0.0,2.0,0.0
2019-01-30 23:00:00+00:00,23.8,69.34244,1010.7348,5.4477882,82.40546,0.0,2.0,0.0
2019-01-31 00:00:00+00:00,23.55,69.952415,1010.83435,5.1544156,77.90526,0.0,2.0,0.0
2019-01-31 01:00:00+00:00,23.75,68.46457,1011.33453,4.0249224,63.435013,0.0,1.0,0.0
2019-01-31 02:00:00+00:00,24.5,66.281296,1012.1353,2.8116899,39.805527,0.0,1.0,0.0
2019-01-31 03:00:00+00:00,26.65,55.816906,1012.9382,1.08,360.0,0.0,0.0,0.0
2019-01-31 04:00:00+00:00,28.7,50.14419,1013.64105,0.35999998,270.0,0.0,0.0,0.0
2019-01-31 05:00:00+00:00,30.8,43.049717,1013.0445,4.2136917,250.0168,0.0,0.0,0.0
2019-01-31 06:00:00+00:00,31.25,45.690926,1012.4454,9.504273,245.37645,0.0,0.0,0.0
2019-01-31 07:00:00+00:00,31.2,49.390152,1011.4458,11.269782,243.43501,0.0,10.0,0.0
2019-01-31 08:00:00+00:00,31.6,47.53339,1010.4469,11.609651,240.2552,0.0,39.0,1.0
2019-01-31 09:00:00+00:00,30.85,50.700245,1009.4461,15.941944,244.59233,0.0,43.0,1.0
2019-01-31 10:00:00+00:00,30.0,51.43678,1008.84503,15.725037,254.05453,0.0,28.0,1.0
2019-01-31 11:00:00+00:00,29.4,51.767498,1008.8442,13.397612,239.30035,0.0,27.0,1.0
2019-01-31 12:00:00+00:00,28.25,57.629322,1009.3423,12.783802,260.2725,0.0,12.0,0.0
2019-01-31 13:00:00+00:00,27.3,66.23709,1010.0404,10.239453,280.1246,0.0,1.0,0.0
2019-01-31 14:00:00+00:00,27.05,68.89265,1010.8398,9.114471,279.09018,0.0,20.0,1.0
2019-01-31 15:00:00+00:00,26.65,73.17811,1011.8386,9.255571,283.49576,0.0,41.0,1.0
2019-01-31 16:00:00+00:00,26.3,75.855484,1012.5377,7.729527,297.75842,0.0,57.0,2.0
2019-01-31 17:00:00+00:00,25.6,81.018814,1013.0365,4.802999,347.00537,0.0,71.0,2.0
2019-01-31 18:00:00+00:00,25.3,76.39984,1013.13617,8.669949,41.63345,0.0,82.0,3.0
2019-01-31 19:00:00+00:00,24.95,71.09613,1012.7357,10.195057,47.862484,0.0,84.0,3.0
2019-01-31 20:00:00+00:00,25.3,62.597492,1012.03674,12.57426,66.37061,0.0,85.0,3.0
2019-01-31 21:00:00+00:00,25.0,60.582825,1011.4363,11.013882,78.6901,0.0,35.0,1.0
2019-01-31 22:00:00+00:00,24.55,62.43069,1011.1358,9.3876505,85.60138,0.0,31.0,1.0
2019-01-31 23:00:00+00:00,23.9,66.15718,1011.0349,5.771239,86.423744,0.0,22.0,1.0
2019-02-01 00:00:00+00:00,23.25,72.35958,1011.2336,5.0911684,98.13002,0.0,75.0,2.0
2019-02-01 01:00:00+00:00,23.65,68.01418,1011.634,4.3349743,85.23644,0.0,49.0,1.0
2019-02-01 02:00:00+00:00,24.55,63.82953,1012.6351,2.8116899,50.194473,0.0,40.0,1.0
2019-02-01 03:00:00+00:00,26.6,55.101776,1013.53784,3.319036,40.601215,0.0,50.0,2.0
2019-02-01 04:00:00+00:00,28.9,48.32699,1013.8412,3.0758414,20.556128,0.0,60.0,2.0
2019-02-01 05:00:00+00:00,31.2,40.50335,1013.74475,3.6,270.0,0.0,79.0,2.0
2019-02-01 06:00:00+00:00,31.55,42.57604,1013.1456,11.966954,254.29129,0.0,89.0,3.0
2019-02-01 07:00:00+00:00,30.95,44.756565,1012.34515,16.45007,246.80139,0.0,92.0,3.0
2019-02-01 08:00:00+00:00,30.95,43.227245,1011.0457,20.073025,237.45,0.0,90.0,3.0
2019-02-01 09:00:00+00:00,30.35,47.80017,1010.2451,16.79314,239.0363,0.0,84.0,3.0
2019-02-01 10:00:00+00:00,30.45,44.763176,1010.0452,11.770403,246.57129,0.0,78.0,2.0
2019-02-01 11:00:00+00:00,29.95,49.373222,1009.8446,13.004922,228.36655,0.0,50.0,2.0
2019-02-01 12:00:00+00:00,28.9,54.806767,1009.44324,12.144331,258.0239,0.0,62.0,2.0
2019-02-01 13:00:00+00:00,27.5,64.46274,1009.8408,10.805999,271.90912,0.0,83.0,3.0
2019-02-01 14:00:00+00:00,26.95,67.403404,1010.93976,5.6002855,315.0001,0.0,7.0,0.0
2019-02-01 15:00:00+00:00,26.6,68.59387,1011.7387,6.763786,334.79892,0.0,6.0,0.0
2019-02-01 16:00:00+00:00,26.15,68.718895,1012.63763,4.829907,333.43503,0.0,0.0,0.0
2019-02-01 17:00:00+00:00,24.75,73.76025,1013.0353,5.495161,31.607454,0.0,59.0,2.0
2019-02-01 18:00:00+00:00,24.9,68.68975,1012.7357,6.12,61.92762,0.0,0.0,0.0
2019-02-01 19:00:00+00:00,24.5,67.120544,1012.2353,9.178235,64.440094,0.0,0.0,0.0
2019-02-01 20:00:00+00:00,24.45,66.899666,1011.0355,10.086427,55.175446,0.0,0.0,0.0
2019-02-01 21:00:00+00:00,24.45,67.95915,1010.4358,9.085988,56.3099,0.0,3.0,0.0
2019-02-01 22:00:00+00:00,23.95,70.46905,1010.2353,6.1094027,44.999897,0.0,1.0,0.0
2019-02-01 23:00:00+00:00,23.3,73.513214,1009.93445,6.1094027,44.999897,0.0,0.0,0.0
2019-02-02 00:00:00+00:00,22.4,76.90596,1010.6325,5.815978,68.19853,0.0,0.0,0.0
2019-02-02 01:00:00+00:00,22.45,77.397705,1011.3322,10.483357,74.054535,0.0,44.0,1.0
2019-02-02 02:00:00+00:00,23.4,75.86639,1012.03345,11.440978,77.27565,0.0,71.0,2.0
2019-02-02 03:00:00+00:00,26.8,63.32141,1012.8385,7.771331,76.60749,0.0,78.0,2.0
2019-02-02 04:00:00+00:00,28.9,51.9652,1013.34143,3.6179552,84.2895,0.0,79.0,2.0
2019-02-02 05:00:00+00:00,30.75,44.0015,1013.0445,2.1897945,279.46225,0.0,85.0,3.0
2019-02-02 06:00:00+00:00,31.75,42.095352,1012.446,8.654986,253.0724,0.0,49.0,1.0
2019-02-02 07:00:00+00:00,30.75,52.11087,1011.6451,13.18308,235.0079,0.1,43.0,51.0
2019-02-02 08:00:00+00:00,30.3,52.158722,1010.64496,13.493999,223.91916,0.0,12.0,0.0
2019-02-02 09:00:00+00:00,30.35,52.496616,1009.6454,13.276144,220.60121,0.0,1.0,0.0
2019-02-02 10:00:00+00:00,29.8,58.53468,1008.94476,15.192682,216.32692,0.0,58.0,2.0
2019-02-02 11:00:00+00:00,29.25,62.496204,1008.94415,16.199999,216.86998,0.0,74.0,2.0
2019-02-02 12:00:00+00:00,27.75,69.45034,1008.8417,13.891522,211.21834,0.0,57.0,2.0
2019-02-02 13:00:00+00:00,27.15,73.0403,1009.1408,10.44,226.39711,0.0,43.0,1.0
2019-02-02 14:00:00+00:00,26.8,74.78564,1009.8399,5.4119864,266.186,0.0,5.0,0.0
2019-02-02 15:00:00+00:00,26.6,75.44088,1010.9391,6.28713,283.24054,0.0,12.0,0.0
2019-02-02 16:00:00+00:00,26.25,77.25007,1012.1379,4.8965297,306.02747,0.0,22.0,1.0
2019-02-02 17:00:00+00:00,25.85,80.07007,1012.5371,7.5942073,354.55975,0.0,9.0,0.0
2019-02-02 18:00:00+00:00,25.15,83.469604,1012.53613,8.311245,17.650223,0.0,7.0,0.0
2019-02-02 19:00:00+00:00,24.7,83.67386,1012.1357,7.628263,19.290138,0.0,1.0,0.0
2019-02-02 20:00:00+00:00,24.45,83.645805,1011.43536,6.379216,16.389616,0.0,0.0,0.0
2019-02-02 21:00:00+00:00,24.2,83.87442,1010.7354,5.4833565,23.198618,0.0,1.0,0.0
2019-02-02 22:00:00+00:00,22.9,88.23841,1010.6335,5.315336,28.30066,0.0,1.0,0.0
2019-02-02 23:00:00+00:00,22.6,87.400856,1010.6329,5.4833565,66.801384,0.0,2.0,0.0
2019-02-03 00:00:00+00:00,21.65,87.04488,1010.7313,6.638072,49.398785,0.0,11.0,0.0
2019-02-03 01:00:00+00:00,22.15,83.64459,1011.5319,4.39436,55.0079,0.0,74.0,2.0
2019-02-03 02:00:00+00:00,23.75,75.45036,1012.434,4.0249224,63.435013,0.0,79.0,2.0
2019-02-03 03:00:00+00:00,26.95,57.31816,1013.2387,1.9386592,68.19853,0.0,86.0,3.0
2019-02-03 04:00:00+00:00,29.2,45.428295,1013.9416,0.8049845,243.43501,0.0,89.0,3.0
2019-02-03 05:00:00+00:00,30.55,42.168823,1013.74384,3.7585104,253.30067,0.0,91.0,3.0
2019-02-03 06:00:00+00:00,31.35,44.723335,1013.1454,9.659814,243.43501,0.0,93.0,3.0
2019-02-03 07:00:00+00:00,31.15,47.26655,1012.2454,14.081477,237.52882,0.0,95.0,3.0
2019-02-03 08:00:00+00:00,31.05,43.66683,1011.1457,14.113652,232.25313,0.0,96.0,3.0
2019-02-03 09:00:00+00:00,30.8,48.674305,1010.04584,12.496718,228.50363,0.0,91.0,3.0
2019-02-03 10:00:00+00:00,30.35,52.659912,1009.1456,12.031756,231.07245,0.0,79.0,2.0
2019-02-03 11:00:00+00:00,29.6,60.500095,1009.0444,13.479583,235.88548,0.0,85.0,3.0
2019-02-03 12:00:00+00:00,28.55,64.88318,1009.4426,12.599998,233.13002,0.0,82.0,3.0
2019-02-03 13:00:00+00:00,27.6,69.209785,1010.04114,9.449572,229.63554,0.0,0.0,0.0
2019-02-03 14:00:00+00:00,27.15,72.81773,1010.94,4.3349743,265.23645,0.0,0.0,0.0
2019-02-03 15:00:00+00:00,26.5,77.05235,1011.73846,3.396233,302.00534,0.0,0.0,0.0
2019-02-03 16:00:00+00:00,26.25,78.19759,1012.93756,3.2599385,353.6599,0.0,0.0,0.0
2019-02-03 17:00:00+00:00,26.0,79.36204,1013.137,6.151683,339.44388,0.0,0.0,0.0
2019-02-03 18:00:00+00:00,25.55,81.259674,1013.1364,5.6920996,341.56494,0.0,0.0,0.0
2019-02-03 19:00:00+00:00,24.9,81.42615,1012.7357,4.32,360.0,0.0,1.0,0.0
2019-02-03 20:00:00+00:00,24.55,78.43322,1012.0354,4.6938252,4.398633,0.0,5.0,0.0
2019-02-03 21:00:00+00:00,24.3,77.194824,1011.43536,4.0249224,10.304792,0.0,6.0,0.0
2019-02-03 22:00:00+00:00,23.2,80.45841,1011.33356,5.8048253,29.744795,0.0,4.0,0.0
2019-02-03 23:00:00+00:00,23.15,78.96522,1011.43353,5.692099,55.304783,0.0,6.0,0.0
2019-02-04 00:00:00+00:00,22.2,82.6146,1011.5319,6.696387,53.74608,0.0,8.0,0.0
2019-02-04 01:00:00+00:00,23.55,75.1832,1012.3337,6.6185193,67.61982,0.0,13.0,0.0
2019-02-04 02:00:00+00:00,24.35,72.10293,1013.43445,8.4042845,80.13426,0.0,17.0,0.0
2019-02-04 03:00:00+00:00,27.45,57.98079,1014.4388,5.0911684,81.86999,0.0,42.0,1.0
2019-02-04 04:00:00+00:00,29.35,47.53522,1015.24133,1.835647,348.6901,0.0,27.0,1.0
2019-02-04 05:00:00+00:00,30.6,43.68305,1015.24316,1.8,306.86996,0.0,45.0,1.0
2019-02-04 06:00:00+00:00,31.55,42.84587,1014.64496,3.096837,234.46223,0.0,82.0,3.0
2019-02-04 07:00:00+00:00,31.65,49.048344,1013.9453,8.4963045,216.38445,0.0,79.0,2.0
2019-02-04 08:00:00+00:00,30.8,53.10069,1012.84454,13.18308,214.9921,0.0,42.0,1.0
2019-02-04 09:00:00+00:00,31.25,49.24973,1011.5458,11.753876,220.0302,0.0,38.0,1.0
2019-02-04 10:00:00+00:00,31.15,53.517185,1010.74615,11.304229,217.23491,0.0,46.0,1.0
2019-02-04 11:00:00+00:00,30.1,63.642273,1010.74457,11.720751,227.4896,0.0,64.0,2.0
2019-02-04 12:00:00+00:00,29.1,68.24135,1010.743,9.178235,221.82008,0.0,41.0,1.0
2019-02-04 13:00:00+00:00,27.9,70.76195,1011.14087,9.449572,220.36446,0.0,6.0,0.0
2019-02-04 14:00:00+00:00,27.45,71.98648,1011.93994,4.3349743,228.36655,0.0,20.0,1.0
2019-02-04 15:00:00+00:00,27.0,75.504395,1013.0388,2.5959969,236.3099,0.0,25.0,1.0
2019-02-04 16:00:00+00:00,27.25,76.69853,1013.8387,3.2599385,276.3401,0.0,12.0,0.0
2019-02-04 17:00:00+00:00,26.95,80.215935,1013.9384,5.495161,301.60745,0.0,12.0,0.0
2019-02-04 18:00:00+00:00,26.5,82.61818,1013.73755,4.39436,325.0079,0.0,13.0,0.0
2019-02-04 19:00:00+00:00,25.75,86.10383,1013.4367,4.072935,315.0001,0.0,89.0,3.0
2019-02-04 20:00:00+00:00,25.45,88.71539,1012.6364,2.4149535,296.56497,0.0,95.0,3.0
2019-02-04 21:00:00+00:00,26.75,82.15079,1012.0389,0.71999997,270.0,0.0,89.0,3.0
2019-02-04 22:00:00+00:00,26.6,82.8796,1011.6387,1.1384199,288.43503,0.0,88.0,3.0
2019-02-04 23:00:00+00:00,26.4,82.85637,1011.4386,2.3051248,51.34017,0.0,54.0,2.0
2019-02-05 00:00:00+00:00,25.7,83.0263,1012.13727,4.510787,151.38963,0.0,10.0,0.0
2019-02-05 01:00:00+00:00,27.0,77.12731,1012.4391,2.5455842,188.13002,0.0,66.0,2.0
2019-02-05 02:00:00+00:00,26.95,77.11985,1013.13873,2.3051248,308.65982,0.0,19.0,0.0
2019-02-05 03:00:00+00:00,28.65,62.749462,1014.1408,3.2599385,353.6599,0.0,17.0,0.0
2019-02-05 04:00:00+00:00,29.95,55.06523,1014.9423,2.8799999,360.0,0.0,61.0,2.0
2019-02-05 05:00:00+00:00,31.25,48.640217,1014.84424,3.5455887,293.9625,0.0,51.0,2.0
2019-02-05 06:00:00+00:00,33.05,41.920116,1014.14746,4.6800003,247.3801,0.0,95.0,3.0
2019-02-05 07:00:00+00:00,31.35,57.477325,1013.5452,8.39657,239.0363,0.5,52.0,53.0
2019-02-05 08:00:00+00:00,29.35,69.75096,1012.74243,12.218805,224.9999,1.9,53.0,61.0
2019-02-05 09:00:00+00:00,29.8,63.966423,1011.6435,9.726664,231.009,0.1,38.0,51.0
2019-02-05 10:00:00+00:00,29.3,69.3213,1011.2431,6.519877,263.6599,0.2,33.0,51.0
2019-02-05 11:00:00+00:00,27.5,78.140335,1011.4402,4.32,270.0,0.7,70.0,53.0
2019-02-05 12:00:00+00:00,28.25,72.78605,1010.9416,8.311245,274.96964,0.9,74.0,53.0
2019-02-05 13:00:00+00:00,27.35,79.30681,1011.14026,4.379589,279.46225,0.1,13.0,51.0
2019-02-05 14:00:00+00:00,27.0,84.94185,1011.93933,3.0758414,249.44386,0.0,11.0,0.0
2019-02-05 15:00:00+00:00,26.9,82.91441,1012.8385,4.5820518,135.0001,0.0,20.0,1.0
2019-02-05 16:00:00+00:00,26.5,86.95532,1013.5376,7.145796,139.08571,0.0,20.0,1.0
2019-02-05 17:00:00+00:00,26.1,89.033585,1013.83673,5.00128,149.74365,0.1,20.0,51.0
2019-02-05 18:00:00+00:00,25.75,90.35403,1013.7366,4.6938252,184.39862,0.0,39.0,1.0
2019-02-05 19:00:00+00:00,25.65,90.34721,1013.0365,3.7585104,163.30067,0.0,76.0,2.0
2019-02-05 20:00:00+00:00,25.7,89.53973,1012.13727,4.6800003,157.3801,0.0,73.0,2.0
2019-02-05 21:00:00+00:00,25.3,91.417336,1011.437,4.0249224,169.6952,0.0,52.0,2.0
2019-02-05 22:00:00+00:00,24.85,92.77798,1010.9363,2.5455842,224.9999,0.0,61.0,2.0
2019-02-05 23:00:00+00:00,24.25,94.44403,1010.53546,3.396233,327.99466,0.0,52.0,2.0
2019-02-06 00:00:00+00:00,24.55,93.60593,1011.0359,3.319036,77.4712,0.0,60.0,2.0
2019-02-06 01:00:00+00:00,25.2,89.50271,1011.43665,3.563818,44.999897,0.0,91.0,3.0
2019-02-06 02:00:00+00:00,25.5,87.920135,1012.037,4.3349743,48.366554,0.0,100.0,3.0
2019-02-06 03:00:00+00:00,26.1,84.33773,1012.9372,4.072935,44.999897,0.0,88.0,3.0
2019-02-06 04:00:00+00:00,27.15,72.37439,1013.5388,2.968636,75.96373,0.0,87.0,3.0
2019-02-06 05:00:00+00:00,27.9,68.007454,1013.4399,1.1384199,198.43504,0.0,62.0,2.0
2019-02-06 06:00:00+00:00,29.45,62.53997,1012.7427,5.154415,245.22488,0.0,65.0,2.0
2019-02-06 07:00:00+00:00,30.05,64.01949,1011.94366,9.659814,243.43501,0.0,81.0,3.0
2019-02-06 08:00:00+00:00,29.65,64.12957,1010.8439,12.819235,231.84273,0.1,79.0,51.0
2019-02-06 09:00:00+00:00,29.0,59.80786,1009.7431,13.276144,229.39879,0.0,77.0,2.0
2019-02-06 10:00:00+00:00,29.1,67.21296,1008.8438,13.527572,244.7989,0.0,77.0,2.0
2019-02-06 11:00:00+00:00,28.7,70.47919,1008.8432,11.923557,241.11351,0.0,73.0,2.0
2019-02-06 12:00:00+00:00,28.3,74.57642,1008.6426,10.948973,242.5925,0.0,53.0,2.0
2019-02-06 13:00:00+00:00,27.3,80.99029,1009.2408,7.4128532,240.94548,0.0,68.0,2.0
2019-02-06 14:00:00+00:00,27.05,82.18689,1010.04016,7.072878,255.2564,0.0,72.0,2.0
2019-02-06 15:00:00+00:00,26.9,84.677086,1011.4392,3.96,270.0,0.0,70.0,2.0
2019-02-06 16:00:00+00:00,26.75,85.17138,1012.6386,4.2136917,250.0168,0.0,48.0,1.0
2019-02-06 17:00:00+00:00,26.55,85.66445,1013.0381,3.319036,257.4712,0.0,32.0,1.0
2019-02-06 18:00:00+00:00,26.3,86.156654,1013.0375,3.6179552,275.7105,0.0,37.0,1.0
2019-02-06 19:00:00+00:00,26.0,87.69817,1012.53735,3.4152596,288.43503,0.0,33.0,1.0
2019-02-06 20:00:00+00:00,25.6,89.80209,1011.83704,4.6938257,302.47116,0.0,21.0,1.0
2019-02-06 21:00:00+00:00,25.25,91.965866,1011.1368,5.0911684,315.0001,0.0,31.0,1.0
2019-02-06 22:00:00+00:00,24.95,93.624374,1010.6366,7.10031,329.53452,0.0,27.0,1.0
2019-02-06 23:00:00+00:00,24.6,93.89077,1010.23627,7.5170207,343.3007,0.0,16.0,0.0
2019-02-07 00:00:00+00:00,24.15,93.587326,1010.23566,4.73506,351.2539,0.0,8.0,0.0
2019-02-07 01:00:00+00:00,24.25,93.59196,1011.0353,3.396233,32.005356,0.0,5.0,0.0
2019-02-07 02:00:00+00:00,25.1,87.88619,1011.5366,6.162207,96.70974,0.0,1.0,0.0
2019-02-07 03:00:00+00:00,27.5,65.46573,1012.3397,7.24486,116.56499,0.0,1.0,0.0
2019-02-07 04:00:00+00:00,29.3,54.39493,1012.64246,5.8048253,150.2552,0.0,0.0,0.0
2019-02-07 05:00:00+00:00,30.35,53.64899,1012.5441,5.506941,191.30989,0.0,1.0,0.0
2019-02-07 06:00:00+00:00,30.5,62.57837,1012.04456,10.383987,213.6901,0.0,9.0,0.0
2019-02-07 07:00:00+00:00,30.35,60.854946,1011.2447,14.336861,218.8845,0.0,15.0,0.0
2019-02-07 08:00:00+00:00,30.9,51.34688,1010.04584,13.783817,229.23648,0.0,3.0,0.0
2019-02-07 09:00:00+00:00,30.05,56.29441,1009.0449,15.696165,216.60716,0.0,3.0,0.0
2019-02-07 10:00:00+00:00,29.45,61.58969,1008.44464,13.276144,192.5288,0.0,16.0,0.0
2019-02-07 11:00:00+00:00,28.95,64.76858,1008.2438,10.739833,193.57045,0.0,22.0,1.0
2019-02-07 12:00:00+00:00,28.55,76.66425,1008.8429,11.620809,253.81071,0.0,6.0,0.0
2019-02-07 13:00:00+00:00,27.6,81.51618,1009.5414,11.966953,291.16132,0.0,6.0,0.0
2019-02-07 14:00:00+00:00,27.3,80.746895,1010.54016,14.003028,313.95847,0.0,4.0,0.0
2019-02-07 15:00:00+00:00,26.95,82.67109,1012.13916,12.0694,342.64587,0.0,12.0,0.0
2019-02-07 16:00:00+00:00,26.75,79.4647,1013.03845,11.659777,8.8805895,0.0,6.0,0.0
2019-02-07 17:00:00+00:00,26.25,77.72256,1013.2374,8.759178,9.462248,0.0,0.0,0.0
2019-02-07 18:00:00+00:00,25.9,78.86594,1013.4367,7.9932976,352.23492,0.0,1.0,0.0
2019-02-07 19:00:00+00:00,25.65,80.28787,1013.1364,8.225035,336.8014,0.0,2.0,0.0
2019-02-07 20:00:00+00:00,25.5,83.255806,1012.3368,8.0899935,327.72437,0.0,0.0,0.0
2019-02-07 21:00:00+00:00,25.25,86.31678,1011.7365,8.427383,340.0168,0.0,0.0,0.0
2019-02-07 22:00:00+00:00,24.85,88.131775,1011.43604,8.287822,357.5105,0.0,3.0,0.0
2019-02-07 23:00:00+00:00,24.25,89.70401,1010.9353,7.5170207,16.699326,0.0,36.0,1.0
2019-02-08 00:00:00+00:00,23.5,91.30592,1011.1342,5.3999996,360.0,0.0,14.0,0.0
2019-02-08 01:00:00+00:00,23.7,91.31841,1011.93427,2.8116899,50.194473,0.0,1.0,0.0
2019-02-08 02:00:00+00:00,24.35,86.49427,1012.5348,4.5536795,71.564964,0.0,0.0,0.0
2019-02-08 03:00:00+00:00,26.8,73.878075,1013.3383,4.6938252,85.60138,0.0,0.0,0.0
2019-02-08 04:00:00+00:00,29.25,59.6811,1013.8419,3.671294,168.69011,0.0,0.0,0.0
2019-02-08 05:00:00+00:00,30.3,56.5285,1013.8435,9.0,216.86998,0.0,0.0,0.0
2019-02-08 06:00:00+00:00,30.45,56.91339,1013.4437,13.896187,216.57312,0.0,11.0,0.0
2019-02-08 07:00:00+00:00,30.05,57.168972,1012.8432,15.277749,214.43904,0.0,27.0,1.0
2019-02-08 08:00:00+00:00,30.25,62.523895,1011.84406,16.870138,219.80553,0.0,17.0,0.0
2019-02-08 09:00:00+00:00,30.1,62.111538,1010.94446,18.075441,225.80684,0.0,42.0,1.0
2019-02-08 10:00:00+00:00,29.75,65.729294,1010.4441,12.738099,227.29063,0.0,85.0,3.0
2019-02-08 11:00:00+00:00,28.95,68.8363,1010.24286,11.720751,222.5104,0.0,84.0,3.0
2019-02-08 12:00:00+00:00,28.45,69.79425,1009.8424,10.495713,185.90605,0.0,62.0,2.0
2019-02-08 13:00:00+00:00,27.3,80.26204,1010.44025,9.9571085,192.5288,0.0,62.0,2.0
2019-02-08 14:00:00+00:00,27.15,82.19888,1011.3398,7.289444,200.22495,0.0,79.0,2.0
2019-02-08 15:00:00+00:00,26.95,83.92314,1012.639,4.2136917,199.9832,0.0,75.0,2.0
2019-02-08 16:00:00+00:00,26.95,82.67109,1013.43866,5.154415,204.77512,0.0,61.0,2.0
2019-02-08 17:00:00+00:00,26.65,84.143105,1013.7378,4.6938252,184.39862,0.0,88.0,3.0
2019-02-08 18:00:00+00:00,26.45,86.69016,1013.73755,4.896529,162.89719,0.0,86.0,3.0
2019-02-08 19:00:00+00:00,25.8,89.27842,1013.1368,2.8116899,140.19447,0.1,59.0,51.0
2019-02-08 20:00:00+00:00,25.1,92.790955,1012.33624,1.8,36.86999,0.2,85.0,51.0
2019-02-08 21:00:00+00:00,24.65,94.46023,1011.63556,2.0991426,59.03632,0.0,91.0,3.0
2019-02-08 22:00:00+00:00,24.6,94.17412,1011.3357,2.16,360.0,0.1,88.0,51.0
2019-02-08 23:00:00+00:00,24.15,94.72575,1010.9353,3.2599385,353.6599,0.0,82.0,3.0
2019-02-09 00:00:00+00:00,24.3,91.07922,1010.8356,4.2136917,19.983198,0.2,100.0,51.0
2019-02-09 01:00:00+00:00,25.1,85.7802,1011.43665,4.2136917,70.01681,0.0,93.0,3.0
2019-02-09 02:00:00+00:00,25.4,84.518555,1012.03674,5.0528407,94.08554,0.0,96.0,3.0
2019-02-09 03:00:00+00:00,27.15,79.04026,1013.03906,4.829907,116.56499,0.0,90.0,3.0
2019-02-09 04:00:00+00:00,29.05,69.69492,1013.84155,5.2416787,164.05453,0.0,78.0,2.0
2019-02-09 05:00:00+00:00,30.25,64.25642,1013.7432,8.473393,192.26476,0.0,84.0,3.0
2019-02-09 06:00:00+00:00,30.1,68.84778,1013.2434,13.0447235,207.97939,0.0,88.0,3.0
2019-02-09 07:00:00+00:00,28.35,76.633965,1012.64075,12.245293,204.30453,1.1,76.0,55.0
2019-02-09 08:00:00+00:00,28.8,72.44209,1011.542,11.792404,211.26367,0.1,59.0,51.0
2019-02-09 09:00:00+00:00,28.05,77.51659,1011.04126,11.177405,194.93147,0.1,31.0,51.0
2019-02-09 10:00:00+00:00,27.9,78.669525,1010.34125,11.841756,199.53674,0.1,62.0,51.0
2019-02-09 11:00:00+00:00,27.05,82.18689,1010.44,10.661107,191.68935,0.2,55.0,51.0
2019-02-09 12:00:00+00:00,25.2,90.86232,1011.0368,8.225035,113.198616,0.1,54.0,51.0
2019-02-09 13:00:00+00:00,24.15,99.40154,1011.7349,5.8048253,97.12492,0.7,79.0,53.0
2019-02-09 14:00:00+00:00,23.95,99.40065,1012.73413,2.9024127,82.875084,0.3,72.0,51.0
2019-02-09 15:00:00+00:00,24.2,99.10381,1013.63403,2.52,90.0,0.1,94.0,51.0
2019-02-09 16:00:00+00:00,25.5,86.86428,1014.136,1.08,90.0,0.0,88.0,3.0
2019-02-09 17:00:00+00:00,24.9,90.29567,1014.33496,2.16,360.0,0.0,90.0,3.0
2019-02-09 18:00:00+00:00,24.15,94.440025,1014.2338,4.2136917,19.983198,0.0,88.0,3.0
2019-02-09 19:00:00+00:00,23.15,98.797325,1013.8324,4.8965297,53.972538,0.0,77.0,2.0
2019-02-09 20:00:00+00:00,24.5,91.92252,1013.1349,4.379589,80.53775,0.0,67.0,2.0
2019-02-09 21:00:00+00:00,23.05,98.79643,1012.63257,5.0142193,111.03758,0.0,41.0,1.0
2019-02-09 22:00:00+00:00,22.7,98.79325,1012.33234,5.506941,78.6901,0.0,35.0,1.0
2019-02-09 23:00:00+00:00,22.75,99.09407,1012.03253,5.1165614,39.289394,0.0,42.0,1.0
2019-02-10 00:00:00+00:00,24.4,93.035255,1012.3349,3.7064266,209.0545,0.0,37.0,1.0
2019-02-10 01:00:00+00:00,24.0,99.102486,1013.1339,3.4152596,251.56496,0.4,90.0,51.0
2019-02-10 02:00:00+00:00,24.5,99.10584,1014.0345,2.3051248,321.34018,0.5,94.0,53.0
2019-02-10 03:00:00+00:00,25.5,91.704544,1014.63574,3.2599385,353.6599,0.4,100.0,51.0
2019-02-10 04:00:00+00:00,26.35,86.16144,1015.13684,2.6208394,344.05453,0.2,78.0,51.0
2019-02-10 05:00:00+00:00,28.25,75.246376,1014.93976,1.0182338,224.9999,0.1,41.0,51.0
2019-02-10 06:00:00+00:00,28.2,79.1851,1014.5399,8.913181,223.36346,0.2,39.0,51.0
2019-02-10 07:00:00+00:00,27.3,84.71895,1013.8387,10.315115,240.75127,0.3,76.0,51.0
2019-02-10 08:00:00+00:00,26.15,92.292625,1013.1374,5.6233797,230.19447,0.4,92.0,51.0
2019-02-10 09:00:00+00:00,26.85,87.770905,1012.0389,2.5959969,213.6901,0.2,74.0,51.0
2019-02-10 10:00:00+00:00,27.4,84.47636,1011.14026,2.9024127,187.12492,0.2,66.0,51.0
2019-02-10 11:00:00+00:00,27.35,82.96637,1011.04034,5.00128,210.25635,0.1,65.0,51.0
2019-02-10 12:00:00+00:00,27.8,77.713715,1010.941,6.6087217,209.35765,0.0,64.0,2.0
2019-02-10 13:00:00+00:00,26.85,84.41794,1011.5391,4.6938257,212.47118,0.0,38.0,1.0
2019-02-10 14:00:00+00:00,26.45,87.21209,1012.13824,3.396233,212.00534,0.0,69.0,2.0
2019-02-10 15:00:00+00:00,26.55,86.699425,1013.138,1.5273507,224.9999,0.0,33.0,1.0
2019-02-10 16:00:00+00:00,26.45,86.43026,1013.5376,1.2979984,326.3099,0.0,54.0,2.0
2019-02-10 17:00:00+00:00,25.65,90.89154,1013.53625,3.0758414,20.556128,0.0,19.0,0.0
2019-02-10 18:00:00+00:00,25.15,93.07286,1013.4357,3.319036,12.528798,0.0,7.0,0.0
2019-02-10 19:00:00+00:00,25.0,93.06532,1013.1355,6.130579,3.3664,0.0,5.0,0.0
2019-02-10 20:00:00+00:00,24.7,91.65691,1012.4356,7.5942073,5.4402504,0.0,12.0,0.0
2019-02-10 21:00:00+00:00,24.55,91.09517,1011.63556,6.5693827,350.53775,0.0,5.0,0.0
2019-02-10 22:00:00+00:00,24.35,90.80672,1011.13544,6.162207,353.29025,0.0,5.0,0.0
2019-02-10 23:00:00+00:00,23.1,93.82375,1010.9338,5.506941,11.3098955,0.0,5.0,0.0
2019-02-11 00:00:00+00:00,23.9,92.72828,1011.53467,4.2136917,19.983198,0.0,3.0,0.0
2019-02-11 01:00:00+00:00,24.05,89.96267,1012.63416,6.297428,59.03632,0.0,19.0,0.0
2019-02-11 02:00:00+00:00,24.65,88.38297,1013.43475,7.42159,112.833694,0.0,8.0,0.0
2019-02-11 03:00:00+00:00,26.55,82.873795,1014.0376,6.696387,143.74608,0.0,3.0,0.0
2019-02-11 04:00:00+00:00,28.35,64.84123,1014.73987,6.924738,98.97255,0.0,31.0,1.0
2019-02-11 05:00:00+00:00,29.7,57.43902,1014.4423,11.720751,79.380394,0.0,62.0,2.0
2019-02-11 06:00:00+00:00,30.6,54.884884,1013.5439,11.609651,82.875084,0.0,20.0,1.0
2019-02-11 07:00:00+00:00,31.4,51.156948,1012.64557,10.594036,80.21766,0.0,40.0,1.0
2019-02-11 08:00:00+00:00,31.75,47.2775,1011.6463,5.6920996,71.564964,0.0,69.0,2.0
2019-02-11 09:00:00+00:00,31.95,44.88454,1010.44727,1.835647,168.69011,0.0,81.0,3.0
2019-02-11 10:00:00+00:00,31.95,45.307896,1009.4477,2.2768397,198.43504,0.0,80.0,3.0
2019-02-11 11:00:00+00:00,31.05,56.708202,1009.2466,5.1544156,192.09474,0.0,88.0,3.0
2019-02-11 12:00:00+00:00,30.05,61.53482,1010.0445,0.8049845,243.43501,0.0,89.0,3.0
2019-02-11 13:00:00+00:00,27.75,81.29075,1010.341,4.6938252,274.39862,0.0,62.0,2.0
2019-02-11 14:00:00+00:00,26.35,90.665504,1010.93884,1.609969,296.56497,0.0,0.0,0.0
2019-02-11 15:00:00+00:00,26.1,89.033585,1011.83765,3.2399998,360.0,0.0,0.0,0.0
2019-02-11 16:00:00+00:00,26.2,85.88807,1012.7376,4.0249224,333.43503,0.0,0.0,0.0
2019-02-11 17:00:00+00:00,26.0,88.492714,1013.0371,3.8939953,303.6901,0.0,0.0,0.0
2019-02-11 18:00:00+00:00,24.7,93.61285,1013.13525,5.00128,329.74365,0.0,0.0,0.0
2019-02-11 19:00:00+00:00,24.0,94.719955,1012.83405,6.4799995,360.0,0.0,1.0,0.0
2019-02-11 20:00:00+00:00,24.6,83.15248,1012.2353,5.8048253,7.12493,0.0,1.0,0.0
2019-02-11 21:00:00+00:00,24.4,77.92901,1011.5353,6.151683,339.44388,0.0,2.0,0.0
2019-02-11 22:00:00+00:00,24.3,78.882866,1011.13544,7.0911775,336.0375,0.0,2.0,0.0
2019-02-11 23:00:00+00:00,24.05,80.07485,1011.0349,7.771331,346.60748,0.0,3.0,0.0
2019-02-12 00:00:00+00:00,23.05,83.22958,1011.3332,4.6938252,355.60138,0.0,5.0,0.0
2019-02-12 01:00:00+00:00,23.2,84.803314,1012.0332,4.6938252,4.398633,0.0,4.0,0.0
2019-02-12 02:00:00+00:00,24.9,77.284996,1012.7357,1.8,323.13,0.0,4.0,0.0
2019-02-12 03:00:00+00:00,26.95,67.82059,1013.2387,3.6,126.86999,0.0,2.0,0.0
2019-02-12 04:00:00+00:00,27.95,61.254086,1013.83966,4.379589,99.46225,0.0,2.0,0.0
2019-02-12 05:00:00+00:00,28.9,59.600517,1013.9412,7.10031,59.53454,0.0,3.0,0.0
2019-02-12 06:00:00+00:00,30.35,54.485653,1013.4437,7.9036193,59.93151,0.0,8.0,0.0
2019-02-12 07:00:00+00:00,31.5,49.314713,1012.34576,9.360001,67.3801,0.0,18.0,0.0
2019-02-12 08:00:00+00:00,31.9,48.961422,1011.4468,9.0,90.0,0.0,56.0,2.0
2019-02-12 09:00:00+00:00,31.95,47.7738,1010.44727,13.004921,85.23644,0.0,47.0,1.0
2019-02-12 10:00:00+00:00,32.2,44.95155,1009.5482,13.493999,80.78905,0.0,66.0,2.0
2019-02-12 11:00:00+00:00,32.6,41.535736,1009.7485,12.904882,67.01126,0.0,74.0,2.0
2019-02-12 12:00:00+00:00,30.5,55.19988,1010.34534,0.71999997,270.0,0.0,77.0,2.0
2019-02-12 13:00:00+00:00,28.4,70.853065,1011.0419,7.491114,305.21768,0.0,66.0,2.0
2019-02-12 14:00:00+00:00,27.35,83.71576,1012.3397,3.2599385,276.3401,0.0,69.0,2.0
2019-02-12 15:00:00+00:00,26.65,87.49153,1013.138,1.5273507,224.9999,0.0,76.0,2.0
2019-02-12 16:00:00+00:00,25.8,86.368996,1013.6366,5.937272,165.96373,0.0,52.0,2.0
2019-02-12 17:00:00+00:00,26.25,82.33923,1014.33685,6.6185193,157.61983,0.0,49.0,1.0
2019-02-12 18:00:00+00:00,25.6,83.26721,1014.23596,7.42159,140.90616,0.0,45.0,1.0
2019-02-12 19:00:00+00:00,24.95,75.17639,1014.0351,6.9899354,101.88863,0.0,0.0,0.0
2019-02-12 20:00:00+00:00,23.1,80.94629,1013.53253,6.297428,59.03632,0.0,1.0,0.0
2019-02-12 21:00:00+00:00,23.3,75.6139,1013.033,5.904439,52.431335,0.0,1.0,0.0
2019-02-12 22:00:00+00:00,24.5,67.54365,1012.7351,3.319036,12.528798,0.0,3.0,0.0
2019-02-12 23:00:00+00:00,24.15,70.72752,1012.6345,3.7064266,330.9455,0.0,6.0,0.0
2019-02-13 00:00:00+00:00,23.3,73.513214,1013.033,5.2416787,15.945477,0.0,45.0,1.0
2019-02-13 01:00:00+00:00,22.85,79.169304,1013.73175,6.12,360.0,0.0,19.0,0.0
2019-02-13 02:00:00+00:00,24.65,71.48541,1014.4343,3.096837,305.53775,0.0,48.0,1.0
2019-02-13 03:00:00+00:00,26.6,69.018555,1014.8372,2.5455842,224.9999,0.0,61.0,2.0
2019-02-13 04:00:00+00:00,27.9,60.487206,1015.0391,5.154415,204.77512,0.0,73.0,2.0
2019-02-13 05:00:00+00:00,28.75,57.569153,1015.1404,1.5273507,224.9999,0.0,81.0,3.0
2019-02-13 06:00:00+00:00,29.65,54.991566,1014.2424,1.8,270.0,0.0,83.0,3.0
2019-02-13 07:00:00+00:00,30.45,53.34252,1013.1438,1.484318,255.96373,0.0,74.0,2.0
2019-02-13 08:00:00+00:00,31.35,49.891766,1011.946,1.2979984,213.6901,0.0,78.0,2.0
2019-02-13 09:00:00+00:00,32.25,45.246635,1011.2475,1.1384199,251.56496,0.0,90.0,3.0
2019-02-13 10:00:00+00:00,31.85,45.70808,1010.44727,4.68,270.0,0.0,88.0,3.0
2019-02-13 11:00:00+00:00,30.75,55.09106,1010.3457,6.8399997,270.0,0.0,54.0,2.0
2019-02-13 12:00:00+00:00,29.1,63.427826,1010.94293,6.849467,266.98727,0.0,0.0,0.0
2019-02-13 13:00:00+00:00,27.25,71.076614,1011.9396,11.367109,280.954,0.0,0.0,0.0
2019-02-13 14:00:00+00:00,26.6,73.84454,1012.9382,6.1305785,229.76372,0.0,3.0,0.0
2019-02-13 15:00:00+00:00,26.3,81.600914,1013.9371,3.6,216.86998,0.0,1.0,0.0
2019-02-13 16:00:00+00:00,25.75,85.069016,1014.2363,3.8773184,338.19852,0.0,21.0,1.0
2019-02-13 17:00:00+00:00,24.85,87.86492,1014.03485,5.4119864,356.186,0.0,83.0,3.0
2019-02-13 18:00:00+00:00,25.15,84.74917,1013.5357,4.802999,347.00537,0.0,89.0,3.0
2019-02-13 19:00:00+00:00,24.75,86.79539,1012.63544,8.654986,343.0724,0.0,96.0,3.0
2019-02-13 20:00:00+00:00,24.15,76.93348,1011.9349,9.605998,12.99463,0.0,96.0,3.0
2019-02-13 21:00:00+00:00,23.65,75.19943,1011.634,9.659814,26.564985,0.0,94.0,3.0
2019-02-13 22:00:00+00:00,23.3,76.80356,1011.3338,7.8954163,43.152412,0.0,92.0,3.0
2019-02-13 23:00:00+00:00,22.2,84.4344,1011.23206,5.3517847,70.346085,0.0,85.0,3.0
2019-02-14 00:00:00+00:00,22.55,82.65643,1011.5325,6.5693827,80.53775,0.0,85.0,3.0
2019-02-14 01:00:00+00:00,23.55,76.364716,1012.0338,8.161764,48.57643,0.0,78.0,2.0
2019-02-14 02:00:00+00:00,24.2,74.12703,1012.7345,8.39657,59.03632,0.0,86.0,3.0
2019-02-14 03:00:00+00:00,26.7,63.102676,1013.4379,5.3517847,70.346085,0.0,66.0,2.0
2019-02-14 04:00:00+00:00,27.95,59.38069,1013.93964,1.9386592,68.19853,0.0,50.0,2.0
2019-02-14 05:00:00+00:00,29.25,57.15461,1013.34216,3.96,360.0,0.0,73.0,2.0
2019-02-14 06:00:00+00:00,30.65,54.72816,1012.74426,1.835647,281.3099,0.0,0.0,0.0
2019-02-14 07:00:00+00:00,31.25,54.03865,1012.04553,5.154415,245.22488,0.0,3.0,0.0
2019-02-14 08:00:00+00:00,31.05,56.017426,1010.8458,8.534353,242.35411,0.0,63.0,2.0
2019-02-14 09:00:00+00:00,31.15,56.385895,1009.7466,10.00256,239.74365,0.0,0.0,0.0
2019-02-14 10:00:00+00:00,30.75,57.687653,1008.7464,11.298495,247.52052,0.0,25.0,1.0
2019-02-14 11:00:00+00:00,29.75,60.906155,1009.14465,12.522619,251.56496,0.0,76.0,2.0
2019-02-14 12:00:00+00:00,28.35,67.06344,1009.64215,12.904882,247.01126,0.0,6.0,0.0
2019-02-14 13:00:00+00:00,27.45,73.98651,1009.8408,9.511088,240.5242,0.0,71.0,2.0
2019-02-14 14:00:00+00:00,27.1,76.90871,1011.03973,5.8603754,259.3804,0.0,89.0,3.0
2019-02-14 15:00:00+00:00,26.5,82.61818,1012.03827,2.7416782,336.8014,0.0,76.0,2.0
2019-02-14 16:00:00+00:00,26.2,80.849625,1013.1374,5.5887027,14.931467,0.0,51.0,2.0
2019-02-14 17:00:00+00:00,25.8,79.81981,1013.4367,7.8625183,15.945477,0.0,5.0,0.0
2019-02-14 18:00:00+00:00,25.5,78.32879,1013.33636,8.311245,4.969664,0.0,3.0,0.0
2019-02-14 19:00:00+00:00,25.25,76.863434,1012.936,8.28,360.0,0.0,2.0,0.0
2019-02-14 20:00:00+00:00,25.0,77.53821,1012.2359,8.12197,347.19574,0.0,2.0,0.0
2019-02-14 21:00:00+00:00,24.75,79.43312,1011.7359,8.12197,347.19574,0.0,4.0,0.0
2019-02-14 22:00:00+00:00,24.15,82.591675,1011.4351,5.3517847,19.653913,0.0,6.0,0.0
2019-02-14 23:00:00+00:00,23.9,83.32735,1011.0349,6.12,28.072395,0.0,3.0,0.0
2019-02-15 00:00:00+00:00,23.7,88.035225,1011.33453,3.6,36.86999,0.0,2.0,0.0
2019-02-15 01:00:00+00:00,24.3,82.86335,1011.9351,8.39657,30.963696,0.0,3.0,0.0
2019-02-15 02:00:00+00:00,25.4,78.55469,1013.03625,9.565437,19.798973,0.0,6.0,0.0
2019-02-15 03:00:00+00:00,27.95,69.27633,1013.83966,7.69592,10.784258,0.0,5.0,0.0
2019-02-15 04:00:00+00:00,29.8,60.73115,1014.2424,5.0911684,8.130019,0.0,2.0,0.0
2019-02-15 05:00:00+00:00,31.1,55.007317,1013.7445,2.52,360.0,0.0,19.0,0.0
2019-02-15 06:00:00+00:00,31.65,53.641445,1013.1456,3.8939953,236.3099,0.0,17.0,0.0
2019-02-15 07:00:00+00:00,30.7,61.491783,1012.5447,10.383987,236.3099,0.2,37.0,51.0
2019-02-15 08:00:00+00:00,30.05,64.2142,1011.64374,12.538134,230.82635,0.2,30.0,51.0
2019-02-15 09:00:00+00:00,30.5,61.44738,1011.04504,10.703569,222.27362,0.0,25.0,1.0
2019-02-15 10:00:00+00:00,29.2,69.934044,1010.743,9.504272,232.69597,0.0,36.0,1.0
2019-02-15 11:00:00+00:00,28.75,71.5632,1010.7424,6.489992,236.3099,0.1,51.0,51.0
2019-02-15 12:00:00+00:00,28.45,72.381226,1010.5421,9.449572,252.25523,0.1,52.0,51.0
2019-02-15 13:00:00+00:00,27.5,78.140335,1011.14026,7.9932976,262.23492,0.0,20.0,1.0
2019-02-15 14:00:00+00:00,27.05,79.746124,1012.13916,6.638072,257.4712,0.0,19.0,0.0
2019-02-15 15:00:00+00:00,26.55,88.00852,1013.238,3.0547013,315.0001,0.1,41.0,51.0
2019-02-15 16:00:00+00:00,26.2,85.37215,1014.4369,2.0364676,44.999897,0.2,44.0,51.0
2019-02-15 17:00:00+00:00,25.85,85.595024,1014.83606,4.829907,26.564985,0.2,45.0,51.0
2019-02-15 18:00:00+00:00,25.45,87.386406,1015.03534,3.7585104,16.699326,0.3,57.0,51.0
2019-02-15 19:00:00+00:00,25.05,88.952194,1014.33496,3.9763298,354.80566,0.2,53.0,51.0
2019-02-15 20:00:00+00:00,24.75,88.391136,1013.2352,5.8048253,352.87506,0.0,27.0,1.0
2019-02-15 21:00:00+00:00,24.45,87.56394,1012.5348,5.771239,356.42374,0.0,25.0,1.0
2019-02-15 22:00:00+00:00,24.15,88.341934,1012.0348,5.0528407,4.085537,0.0,15.0,0.0
2019-02-15 23:00:00+00:00,23.85,89.40173,1011.63434,5.0528407,355.91446,0.0,19.0,0.0
2019-02-16 00:00:00+00:00,23.85,93.29003,1012.0342,4.452954,14.036275,0.0,7.0,0.0
2019-02-16 01:00:00+00:00,24.4,91.36191,1012.3349,4.0249224,26.564985,0.0,15.0,0.0
2019-02-16 02:00:00+00:00,25.05,87.61619,1012.9356,5.8603754,47.489597,0.0,0.0,0.0
2019-02-16 03:00:00+00:00,26.85,79.71915,1013.6381,4.6102495,38.65983,0.0,22.0,1.0
2019-02-16 04:00:00+00:00,29.2,66.01725,1014.1414,5.0142193,21.037588,0.0,24.0,1.0
2019-02-16 05:00:00+00:00,31.1,56.373867,1013.94446,3.6,323.13,0.0,20.0,1.0
2019-02-16 06:00:00+00:00,31.7,54.817253,1013.2456,6.696387,233.74606,0.0,9.0,0.0
2019-02-16 07:00:00+00:00,30.25,66.030815,1012.74365,11.592894,216.15828,0.1,22.0,51.0
2019-02-16 08:00:00+00:00,30.1,63.06441,1011.7441,11.269782,206.56499,0.0,17.0,0.0
2019-02-16 09:00:00+00:00,30.4,60.12782,1010.84485,11.592895,205.76927,0.0,24.0,1.0
2019-02-16 10:00:00+00:00,29.85,63.977016,1010.4441,13.358861,194.03627,0.0,35.0,1.0
2019-02-16 11:00:00+00:00,29.1,69.91545,1010.643,14.154915,187.30566,0.0,71.0,2.0
2019-02-16 12:00:00+00:00,27.9,75.418236,1010.34125,10.823973,176.186,0.0,80.0,3.0
2019-02-16 13:00:00+00:00,27.1,81.20913,1010.8398,9.885262,169.50858,0.0,80.0,3.0
2019-02-16 14:00:00+00:00,26.85,86.727036,1011.93896,11.928989,174.80566,0.0,77.0,2.0
2019-02-16 15:00:00+00:00,26.9,88.56505,1013.23834,13.004921,175.23645,0.0,88.0,3.0
2019-02-16 16:00:00+00:00,26.7,88.2847,1014.33746,13.039754,173.6599,0.0,91.0,3.0
2019-02-16 17:00:00+00:00,26.3,89.04904,1014.93665,9.255571,166.50426,0.4,91.0,51.0
2019-02-16 18:00:00+00:00,26.2,89.30858,1014.93665,7.289444,159.77505,0.0,91.0,3.0
2019-02-16 19:00:00+00:00,25.65,90.61904,1014.3359,7.24486,153.43501,0.1,50.0,51.0
2019-02-16 20:00:00+00:00,25.4,92.25111,1013.3361,2.7416782,113.19862,0.0,42.0,1.0
2019-02-16 21:00:00+00:00,25.05,94.19312,1012.6357,3.6,53.13002,0.0,43.0,1.0
2019-02-16 22:00:00+00:00,24.75,95.034004,1012.03577,6.12,28.072395,0.0,75.0,2.0
2019-02-16 23:00:00+00:00,24.35,95.59394,1011.73517,7.69592,10.784258,0.0,41.0,1.0
2019-02-17 00:00:00+00:00,25.1,92.23441,1011.43665,5.4119864,356.186,0.0,16.0,0.0
2019-02-17 01:00:00+00:00,25.2,91.13639,1011.93646,7.2,360.0,0.0,86.0,3.0
2019-02-17 02:00:00+00:00,25.7,87.14513,1012.737,8.350138,7.4313188,0.0,34.0,1.0
2019-02-17 03:00:00+00:00,27.0,80.46507,1013.5386,7.208994,2.8623457,0.0,51.0,2.0
2019-02-17 04:00:00+00:00,28.6,72.18875,1014.1408,7.928177,320.52756,0.1,37.0,51.0
2019-02-17 05:00:00+00:00,29.8,67.351685,1014.0425,10.464797,296.56497,0.1,43.0,51.0
2019-02-17 06:00:00+00:00,30.5,64.89522,1013.14404,13.276144,282.5288,0.1,20.0,51.0
2019-02-17 07:00:00+00:00,30.6,65.50657,1012.04456,15.5843,276.63242,0.0,25.0,1.0
2019-02-17 08:00:00+00:00,30.15,65.41406,1011.04443,16.75064,278.65247,0.0,45.0,1.0
2019-02-17 09:00:00+00:00,30.5,63.920902,1009.94556,17.873556,279.27252,0.0,54.0,2.0
2019-02-17 10:00:00+00:00,29.8,68.37676,1009.34454,17.298738,282.01144,0.0,52.0,2.0
2019-02-17 11:00:00+00:00,29.3,71.44541,1009.14404,15.827721,287.19864,0.0,18.0,0.0
2019-02-17 12:00:00+00:00,28.4,74.368,1009.1427,13.854155,294.56717,0.0,36.0,1.0
2019-02-17 13:00:00+00:00,27.8,78.41912,1009.5416,12.7279215,298.7397,0.0,31.0,1.0
2019-02-17 14:00:00+00:00,27.5,80.77256,1010.24066,12.387348,305.53775,0.0,19.0,0.0
2019-02-17 15:00:00+00:00,27.3,82.71206,1010.94,10.691453,315.0001,0.0,9.0,0.0
2019-02-17 16:00:00+00:00,27.1,84.19171,1011.5395,9.659814,333.43503,0.0,11.0,0.0
2019-02-17 17:00:00+00:00,26.65,86.190125,1011.9386,9.346143,344.3577,0.0,7.0,0.0
2019-02-17 18:00:00+00:00,26.25,86.6717,1011.838,10.028439,338.9624,0.0,2.0,0.0
2019-02-17 19:00:00+00:00,26.0,86.12787,1011.238,11.592895,334.2307,0.0,12.0,0.0
2019-02-17 20:00:00+00:00,25.65,87.66808,1010.3377,10.464797,333.43503,0.0,34.0,1.0
2019-02-17 21:00:00+00:00,25.25,89.506386,1009.7374,9.449572,342.25522,0.0,1.0,0.0
2019-02-17 22:00:00+00:00,24.8,90.836235,1009.23706,9.422101,353.41815,0.0,1.0,0.0
2019-02-17 23:00:00+00:00,24.45,91.36499,1008.93646,9.726665,357.87894,0.0,2.0,0.0
2019-02-18 00:00:00+00:00,24.75,89.46919,1009.43695,10.661107,348.31067,0.0,3.0,0.0
2019-02-18 01:00:00+00:00,24.85,88.936554,1010.7364,10.661107,348.31067,0.0,3.0,0.0
2019-02-18 02:00:00+00:00,25.65,85.3166,1011.43726,9.826088,351.57312,0.0,69.0,2.0
2019-02-18 03:00:00+00:00,27.65,77.22425,1012.44006,9.605998,347.00537,0.0,77.0,2.0
2019-02-18 04:00:00+00:00,29.65,65.112656,1013.1428,9.449572,319.63553,0.0,14.0,0.0
2019-02-18 05:00:00+00:00,31.15,57.254875,1013.145,10.365251,290.3232,0.0,1.0,0.0
2019-02-18 06:00:00+00:00,31.6,57.53631,1011.8462,13.797912,277.49576,0.0,1.0,0.0
2019-02-18 07:00:00+00:00,31.45,56.630486,1010.6465,16.981165,274.8644,0.0,9.0,0.0
2019-02-18 08:00:00+00:00,31.25,56.409863,1009.34674,18.175545,277.9695,0.0,19.0,0.0
2019-02-18 09:00:00+00:00,30.8,62.833656,1008.24664,19.559633,276.3401,0.0,23.0,1.0
2019-02-18 10:00:00+00:00,30.35,62.73609,1007.5463,18.35647,281.3099,0.0,22.0,1.0
2019-02-18 11:00:00+00:00,29.65,66.51115,1007.5454,16.676977,283.7363,0.0,19.0,0.0
2019-02-18 12:00:00+00:00,28.85,70.72043,1007.644,12.682018,276.5197,0.0,14.0,0.0
2019-02-18 13:00:00+00:00,28.15,74.55198,1007.9427,11.252519,277.3523,0.0,12.0,0.0
2019-02-18 14:00:00+00:00,27.75,76.77426,1008.94165,9.904906,289.0936,0.0,18.0,0.0
2019-02-18 15:00:00+00:00,27.6,78.8646,1009.9412,8.654987,315.0001,0.0,22.0,1.0
2019-02-18 16:00:00+00:00,27.25,81.71815,1010.84,8.217153,331.1893,0.0,23.0,1.0
2019-02-18 17:00:00+00:00,26.9,84.17015,1011.23926,8.225035,336.8014,0.0,11.0,0.0
2019-02-18 18:00:00+00:00,26.45,85.912415,1010.93884,8.209263,344.7448,0.0,11.0,0.0
2019-02-18 19:00:00+00:00,26.05,86.9145,1010.3383,8.557102,345.3791,0.0,8.0,0.0
2019-02-18 20:00:00+00:00,25.85,87.42159,1009.53845,8.12197,347.19574,0.0,4.0,0.0
2019-02-18 21:00:00+00:00,25.7,87.93702,1008.8388,7.8954163,335.77228,0.0,3.0,0.0
2019-02-18 22:00:00+00:00,25.45,89.25189,1008.5383,7.5685663,334.65387,0.0,8.0,0.0
2019-02-18 23:00:00+00:00,25.3,89.78044,1008.5383,5.4477882,352.40543,0.0,12.0,0.0
2019-02-19 00:00:00+00:00,25.1,91.95723,1008.3381,6.489992,3.179772,0.0,18.0,0.0
2019-02-19 01:00:00+00:00,25.0,91.95147,1009.3372,8.209263,15.255177,0.0,17.0,0.0
2019-02-19 02:00:00+00:00,25.65,88.19825,1010.43774,8.311245,17.650223,0.0,16.0,0.0
2019-02-19 03:00:00+00:00,27.9,73.83718,1011.34076,6.924738,8.97255,0.0,9.0,0.0
2019-02-19 04:00:00+00:00,30.1,61.358364,1012.04395,2.5959969,326.3099,0.0,2.0,0.0
2019-02-19 05:00:00+00:00,31.4,56.10177,1011.946,5.495161,238.39255,0.0,14.0,0.0
2019-02-19 06:00:00+00:00,31.65,55.310455,1011.4464,9.504273,245.37645,0.1,22.0,51.0
2019-02-19 07:00:00+00:00,31.4,55.080574,1010.6465,10.703569,250.34608,0.3,39.0,51.0
2019-02-19 08:00:00+00:00,31.05,53.657455,1009.84625,11.165805,249.22766,0.1,41.0,51.0
2019-02-19 09:00:00+00:00,31.2,53.69472,1008.8469,11.019764,231.63248,0.0,37.0,1.0
2019-02-19 10:00:00+00:00,30.85,58.958797,1008.6464,7.8954163,223.1524,0.1,38.0,51.0
2019-02-19 11:00:00+00:00,29.85,67.15821,1008.7449,8.161764,221.42357,0.1,27.0,51.0
2019-02-19 12:00:00+00:00,29.4,69.971214,1008.74426,7.5685663,244.65387,0.0,25.0,1.0
2019-02-19 13:00:00+00:00,28.4,76.18204,1009.24274,7.7879906,236.3099,0.0,5.0,0.0
2019-02-19 14:00:00+00:00,27.8,80.32763,1010.2413,5.6233797,219.80553,0.0,9.0,0.0
2019-02-19 15:00:00+00:00,27.5,82.48778,1011.5401,4.73506,171.25392,0.0,14.0,0.0
2019-02-19 16:00:00+00:00,27.25,83.45408,1012.33936,5.315336,151.69934,0.0,28.0,1.0
2019-02-19 17:00:00+00:00,26.95,85.96093,1012.83887,6.439876,153.43501,0.0,16.0,0.0
2019-02-19 18:00:00+00:00,26.5,89.86674,1013.13776,3.6,143.13002,0.0,3.0,0.0
2019-02-19 19:00:00+00:00,25.6,94.49828,1012.73663,4.3349743,94.76356,0.0,1.0,0.0
2019-02-19 20:00:00+00:00,25.2,93.91729,1011.8364,3.0758414,20.556128,0.0,3.0,0.0
2019-02-19 21:00:00+00:00,24.75,94.46421,1011.43604,4.5536795,341.56494,0.0,7.0,0.0
2019-02-19 22:00:00+00:00,25.1,94.19522,1011.0368,3.6,323.13,0.0,21.0,1.0
2019-02-19 23:00:00+00:00,24.6,95.60199,1010.9359,4.1046314,37.875053,0.4,53.0,51.0
2019-02-20 00:00:00+00:00,24.6,91.65091,1011.1358,4.6800003,337.3801,0.5,18.0,53.0
2019-02-20 01:00:00+00:00,24.5,95.02494,1012.1353,4.452954,345.9637,0.0,6.0,0.0
2019-02-20 02:00:00+00:00,25.6,90.88832,1012.8366,3.319036,77.4712,0.0,1.0,0.0
2019-02-20 03:00:00+00:00,27.05,86.48649,1013.6385,2.968636,75.96373,0.0,0.0,0.0
2019-02-20 04:00:00+00:00,29.25,64.04467,1014.24176,2.968636,104.03627,0.0,5.0,0.0
2019-02-20 05:00:00+00:00,31.05,50.90935,1013.94446,5.95906,115.01687,0.0,35.0,1.0
2019-02-20 06:00:00+00:00,32.3,43.866936,1013.1466,4.8433046,138.01286,0.0,51.0,2.0
2019-02-20 07:00:00+00:00,32.45,44.738396,1012.0475,4.5536795,198.43504,0.0,19.0,0.0
2019-02-20 08:00:00+00:00,32.05,50.227135,1011.0473,9.107359,198.43504,0.0,28.0,1.0
2019-02-20 09:00:00+00:00,32.65,46.350952,1009.9488,4.2136917,160.0168,0.0,22.0,1.0
2019-02-20 10:00:00+00:00,33.3,39.932407,1009.25006,6.4799995,90.0,0.0,21.0,1.0
2019-02-20 11:00:00+00:00,32.95,41.89296,1009.2493,10.805998,60.018444,0.0,4.0,0.0
2019-02-20 12:00:00+00:00,32.75,39.03396,1009.1491,15.815435,48.69148,0.0,7.0,0.0
2019-02-20 13:00:00+00:00,31.3,43.18562,1009.9465,14.529915,48.01287,0.0,3.0,0.0
2019-02-20 14:00:00+00:00,29.85,48.730556,1011.0438,12.144331,78.02389,0.0,1.0,0.0
2019-02-20 15:00:00+00:00,28.7,52.077663,1012.44165,12.261158,86.63361,0.0,0.0,0.0
2019-02-20 16:00:00+00:00,27.8,54.362617,1013.33984,11.631956,68.19853,0.0,0.0,0.0
2019-02-20 17:00:00+00:00,26.95,57.498856,1013.9384,11.609651,60.255207,0.0,0.0,0.0
2019-02-20 18:00:00+00:00,26.25,60.678165,1014.03705,12.096214,53.471054,0.0,0.0,0.0
2019-02-20 19:00:00+00:00,25.65,64.87513,1013.7362,11.720751,47.489597,0.0,0.0,0.0
2019-02-20 20:00:00+00:00,25.1,69.37469,1013.23584,11.212135,42.397392,0.0,1.0,0.0
2019-02-20 21:00:00+00:00,24.65,72.60666,1012.935,9.511088,29.475794,0.0,0.0,0.0
2019-02-20 22:00:00+00:00,24.35,74.38298,1012.83466,8.427383,19.983198,0.0,2.0,0.0
2019-02-20 23:00:00+00:00,23.85,76.88772,1012.7339,7.5170207,16.699326,0.0,1.0,0.0
2019-02-21 00:00:00+00:00,23.2,77.2689,1013.0328,6.1305785,40.236294,0.0,18.0,0.0
2019-02-21 01:00:00+00:00,24.2,73.66692,1013.834,9.0,36.86999,0.0,60.0,2.0
2019-02-21 02:00:00+00:00,25.25,71.59382,1014.3353,9.0,36.86999,0.0,71.0,2.0
2019-02-21 03:00:00+00:00,28.25,62.276363,1015.33954,8.14587,44.999897,0.0,74.0,2.0
2019-02-21 04:00:00+00:00,30.55,51.737793,1015.84283,9.726664,51.009003,0.0,76.0,2.0
2019-02-21 05:00:00+00:00,32.15,45.361374,1015.74524,8.891343,58.240574,0.0,78.0,2.0
2019-02-21 06:00:00+00:00,33.6,37.689,1014.8478,4.896529,72.89719,0.0,12.0,0.0
2019-02-21 07:00:00+00:00,33.8,35.764877,1013.94855,2.1897945,170.53775,0.0,4.0,0.0
2019-02-21 08:00:00+00:00,34.05,34.05477,1012.64935,1.5273507,224.9999,0.0,2.0,0.0
2019-02-21 09:00:00+00:00,33.6,38.775223,1011.3493,5.904439,217.56866,0.0,19.0,0.0
2019-02-21 10:00:00+00:00,31.95,56.92261,1010.44727,10.703569,222.27362,0.0,23.0,1.0
2019-02-21 11:00:00+00:00,30.0,66.17996,1010.54425,16.434305,241.1893,0.0,31.0,1.0
2019-02-21 12:00:00+00:00,28.9,72.02353,1010.1429,13.363711,265.36462,0.0,12.0,0.0
2019-02-21 13:00:00+00:00,27.7,76.3042,1010.6408,10.495713,275.90604,0.0,7.0,0.0
2019-02-21 14:00:00+00:00,26.85,80.9329,1011.7391,12.55879,297.2995,0.0,0.0,0.0
2019-02-21 15:00:00+00:00,26.75,81.16496,1012.6386,10.787993,295.7099,0.0,0.0,0.0
2019-02-21 16:00:00+00:00,27.0,79.25877,1013.13873,7.42159,309.09384,0.0,0.0,0.0
2019-02-21 17:00:00+00:00,26.8,79.23128,1013.93805,8.557102,337.75092,0.0,0.0,0.0
2019-02-21 18:00:00+00:00,26.15,82.82724,1013.9371,11.384199,341.56494,0.0,0.0,0.0
2019-02-21 19:00:00+00:00,25.4,83.497856,1013.3361,8.427383,340.0168,0.0,0.0,0.0
2019-02-21 20:00:00+00:00,24.65,78.68954,1012.7351,4.0249224,10.304792,0.0,0.0,0.0
2019-02-21 21:00:00+00:00,23.25,80.21572,1012.1332,5.495161,31.607454,0.0,0.0,0.0
2019-02-21 22:00:00+00:00,22.2,82.10102,1011.7318,6.4096174,38.157276,0.0,0.0,0.0
2019-02-21 23:00:00+00:00,21.7,83.59347,1011.7311,6.12,61.92762,0.0,0.0,0.0
2019-02-22 00:00:00+00:00,22.75,72.27058,1011.6327,11.252519,82.64771,0.0,0.0,0.0
2019-02-22 01:00:00+00:00,23.6,67.5758,1012.0338,11.620809,73.81073,0.0,0.0,0.0
2019-02-22 02:00:00+00:00,25.2,63.76937,1012.836,10.948973,62.59251,0.0,0.0,0.0
2019-02-22 03:00:00+00:00,27.9,52.86626,1013.4399,8.473393,77.735245,0.0,0.0,0.0
2019-02-22 04:00:00+00:00,29.55,45.09044,1013.74225,6.489992,93.17977,0.0,0.0,0.0
2019-02-22 05:00:00+00:00,30.95,43.227245,1013.7445,5.154415,65.22488,0.0,0.0,0.0
2019-02-22 06:00:00+00:00,32.3,40.67601,1013.04663,3.0758414,69.44387,0.0,1.0,0.0
2019-02-22 07:00:00+00:00,33.15,38.408142,1012.24835,4.1046314,217.87505,0.0,3.0,0.0
2019-02-22 08:00:00+00:00,32.4,44.44644,1011.0479,9.220499,218.65984,0.0,1.0,0.0
2019-02-22 09:00:00+00:00,32.4,45.9976,1009.7485,9.220499,218.65984,0.0,0.0,0.0
2019-02-22 10:00:00+00:00,32.25,49.509064,1008.54865,9.686609,228.01286,0.0,0.0,0.0
2019-02-22 11:00:00+00:00,31.15,53.847897,1008.34717,13.493999,223.91916,0.0,1.0,0.0
2019-02-22 12:00:00+00:00,28.7,55.619186,1008.4434,15.281989,223.09087,0.0,0.0,0.0
2019-02-22 13:00:00+00:00,27.6,61.17522,1009.04156,13.392774,216.25392,0.0,0.0,0.0
2019-02-22 14:00:00+00:00,27.2,70.63369,1010.0404,10.703569,222.27362,0.0,0.0,0.0
2019-02-22 15:00:00+00:00,27.1,75.52025,1010.8398,9.178235,228.17992,0.0,0.0,0.0
2019-02-22 16:00:00+00:00,26.6,76.833176,1011.8386,3.396233,237.99466,0.0,0.0,0.0
2019-02-22 17:00:00+00:00,25.65,80.77877,1012.4368,4.32,360.0,0.0,0.0,0.0
2019-02-22 18:00:00+00:00,25.15,81.45753,1012.33624,4.896529,17.102825,0.0,0.0,0.0
2019-02-22 19:00:00+00:00,24.8,78.71081,1011.536,9.028754,4.5738406,0.0,0.0,0.0
2019-02-22 20:00:00+00:00,24.25,76.94868,1010.63544,9.0645685,353.15732,0.0,0.0,0.0
2019-02-22 21:00:00+00:00,23.4,76.10356,1009.8345,9.0645685,6.842679,0.0,0.0,0.0
2019-02-22 22:00:00+00:00,22.2,75.91368,1009.3329,7.10031,30.465475,0.0,0.0,0.0
2019-02-22 23:00:00+00:00,21.05,76.9412,1009.5309,5.1919937,56.309914,0.0,0.0,0.0
2019-02-23 00:00:00+00:00,21.4,83.03745,1009.4316,7.342588,101.3099,0.0,54.0,2.0
2019-02-23 01:00:00+00:00,21.95,78.05551,1010.2321,9.114471,99.090195,0.0,36.0,1.0
2019-02-23 02:00:00+00:00,23.05,67.25106,1011.13324,9.0,90.0,0.0,54.0,2.0
2019-02-23 03:00:00+00:00,26.7,49.144653,1011.8386,6.924738,81.02746,0.0,70.0,2.0
2019-02-23 04:00:00+00:00,30.05,33.498405,1012.2435,6.2145634,79.99209,0.0,85.0,3.0
2019-02-23 05:00:00+00:00,31.8,27.72737,1012.2464,5.0142193,111.03758,0.0,91.0,3.0
2019-02-23 06:00:00+00:00,32.5,31.007694,1011.6476,6.130579,176.6336,0.0,95.0,3.0
2019-02-23 07:00:00+00:00,32.25,39.770863,1010.34784,8.766573,199.17911,0.0,90.0,3.0
2019-02-23 08:00:00+00:00,32.45,40.717,1009.2487,9.021574,208.61037,0.0,88.0,3.0
2019-02-23 09:00:00+00:00,32.95,36.334797,1008.1498,8.217153,208.8107,0.0,85.0,3.0
2019-02-23 10:00:00+00:00,32.0,46.32267,1007.14905,9.659814,206.56499,0.0,87.0,3.0
2019-02-23 11:00:00+00:00,30.95,54.97063,1006.7477,9.028754,203.49858,0.0,88.0,3.0
2019-02-23 12:00:00+00:00,29.75,59.979668,1007.0456,5.2416787,195.94547,0.0,87.0,3.0
2019-02-23 13:00:00+00:00,28.7,64.716095,1007.24396,2.16,180.0,0.0,95.0,3.0
2019-02-23 14:00:00+00:00,27.65,61.376892,1008.04205,7.69592,79.21575,0.0,96.0,3.0
2019-02-23 15:00:00+00:00,28.4,49.12249,1009.24274,7.2359104,95.7105,0.0,98.0,3.0
2019-02-23 16:00:00+00:00,26.8,54.284344,1010.43964,5.0142193,68.96242,0.0,99.0,3.0
2019-02-23 17:00:00+00:00,25.15,60.425602,1011.0368,7.208994,357.13766,0.0,99.0,3.0
2019-02-23 18:00:00+00:00,25.05,68.50474,1011.1364,4.39436,325.0079,0.0,99.0,3.0
2019-02-23 19:00:00+00:00,22.7,81.39951,1010.5332,6.8399997,360.0,0.0,95.0,3.0
2019-02-23 20:00:00+00:00,22.85,73.66727,1009.7336,7.69592,10.784258,0.0,95.0,3.0
2019-02-23 21:00:00+00:00,22.5,65.86511,1008.83374,10.966713,23.198618,0.0,93.0,3.0
2019-02-23 22:00:00+00:00,21.95,60.067535,1008.333,11.770403,23.428713,0.0,91.0,3.0
2019-02-23 23:00:00+00:00,21.3,60.306602,1008.532,12.0694,17.354122,0.0,92.0,3.0
2019-02-24 00:00:00+00:00,21.1,61.45023,1008.63153,11.609651,7.12493,0.0,92.0,3.0
2019-02-24 01:00:00+00:00,21.25,59.90279,1009.1313,11.252519,7.3522935,0.0,94.0,3.0
2019-02-24 02:00:00+00:00,22.25,56.721428,1009.9327,10.495713,22.166399,0.0,87.0,3.0
2019-02-24 03:00:00+00:00,25.95,46.020325,1010.53827,5.8603754,42.510403,0.0,82.0,3.0
2019-02-24 04:00:00+00:00,29.65,33.60804,1010.9439,4.0249224,79.69521,0.0,81.0,3.0
2019-02-24 05:00:00+00:00,31.85,27.557177,1010.84705,3.9763298,174.80566,0.0,44.0,1.0
2019-02-24 06:00:00+00:00,32.05,33.288433,1010.3476,10.636766,203.9625,0.0,82.0,3.0
2019-02-24 07:00:00+00:00,31.55,38.70391,1009.4473,15.463246,204.77512,0.0,90.0,3.0
2019-02-24 08:00:00+00:00,31.35,37.308445,1008.4475,19.592731,200.4329,0.0,87.0,3.0
2019-02-24 09:00:00+00:00,30.9,39.399487,1007.64685,19.05281,202.20352,0.0,91.0,3.0
2019-02-24 10:00:00+00:00,30.45,42.141453,1007.0466,19.969458,207.95087,0.0,65.0,2.0
2019-02-24 11:00:00+00:00,29.25,61.924057,1006.8451,17.76081,197.70052,0.0,60.0,2.0
2019-02-24 12:00:00+00:00,27.95,65.96327,1006.84283,13.627795,192.20045,0.0,0.0,0.0
2019-02-24 13:00:00+00:00,27.1,73.92818,1007.3414,14.007655,205.90645,0.0,44.0,1.0
2019-02-24 14:00:00+00:00,27.1,74.38003,1008.34094,10.703569,222.27362,0.0,55.0,2.0
2019-02-24 15:00:00+00:00,26.5,77.996056,1009.1396,4.072935,315.0001,0.0,48.0,1.0
2019-02-24 16:00:00+00:00,26.35,77.50079,1010.33905,10.799999,360.0,0.0,44.0,1.0
2019-02-24 17:00:00+00:00,25.8,79.57687,1011.0378,12.287555,354.95764,0.0,8.0,0.0
2019-02-24 18:00:00+00:00,24.9,83.18705,1011.03644,8.647496,357.6141,0.0,0.0,0.0
2019-02-24 19:00:00+00:00,24.35,82.36232,1010.73566,7.208994,2.8623457,0.0,0.0,0.0
2019-02-24 20:00:00+00:00,23.65,84.071556,1009.83484,9.007196,357.70944,0.0,0.0,0.0
2019-02-24 21:00:00+00:00,23.15,86.91363,1009.43445,9.726665,2.1210518,0.0,14.0,0.0
2019-02-24 22:00:00+00:00,22.7,86.337364,1009.0339,8.049845,10.304792,0.0,0.0,0.0
2019-02-24 23:00:00+00:00,21.8,85.982834,1009.23224,4.452954,14.036275,0.0,0.0,0.0
2019-02-25 00:00:00+00:00,21.7,81.78294,1008.6325,7.9526596,5.19435,0.0,0.0,0.0
2019-02-25 01:00:00+00:00,22.4,72.43682,1009.5331,12.599999,360.0,0.0,0.0,0.0
2019-02-25 02:00:00+00:00,24.1,74.80554,1010.53546,14.440443,4.289077,0.0,0.0,0.0
2019-02-25 03:00:00+00:00,27.0,66.792,1011.03973,12.261158,3.3664,0.0,0.0,0.0
2019-02-25 04:00:00+00:00,29.75,53.49915,1011.5436,8.647496,2.385899,0.0,0.0,0.0
2019-02-25 05:00:00+00:00,31.95,42.416542,1011.3468,1.609969,296.56497,0.0,0.0,0.0
2019-02-25 06:00:00+00:00,32.45,42.418842,1010.54816,8.78872,235.0079,0.0,0.0,0.0
2019-02-25 07:00:00+00:00,30.85,61.338535,1009.3461,15.408671,232.59457,0.0,0.0,0.0
2019-02-25 08:00:00+00:00,30.6,54.21151,1008.1463,14.291592,220.91429,0.0,0.0,0.0
2019-02-25 09:00:00+00:00,31.25,45.54768,1007.34766,12.879752,206.56499,0.0,10.0,0.0
2019-02-25 10:00:00+00:00,30.2,59.16972,1007.1461,14.904173,217.14677,0.0,37.0,1.0
2019-02-25 11:00:00+00:00,29.4,66.25911,1007.6447,13.584932,212.00534,0.0,57.0,2.0
2019-02-25 12:00:00+00:00,27.95,70.127045,1007.2427,10.990322,211.60745,0.0,6.0,0.0
2019-02-25 13:00:00+00:00,27.0,73.68635,1007.8412,7.5685663,205.34613,0.0,33.0,1.0
2019-02-25 14:00:00+00:00,26.5,76.58427,1008.5399,4.6938252,184.39862,0.0,1.0,0.0
2019-02-25 15:00:00+00:00,25.8,80.55259,1009.6384,2.1897945,99.46225,0.0,2.0,0.0
2019-02-25 16:00:00+00:00,25.55,81.50757,1010.43774,2.0991426,59.03632,0.0,3.0,0.0
2019-02-25 17:00:00+00:00,25.45,81.74378,1010.8373,3.0758414,69.44387,0.0,8.0,0.0
2019-02-25 18:00:00+00:00,25.0,83.45263,1010.83655,2.5959969,56.309914,0.0,18.0,0.0
2019-02-25 19:00:00+00:00,24.95,83.70182,1010.2368,4.198285,30.963696,0.0,12.0,0.0
2019-02-25 20:00:00+00:00,24.7,84.96045,1009.23706,5.154415,24.775122,0.0,5.0,0.0
2019-02-25 21:00:00+00:00,24.2,87.809326,1008.63635,4.5536795,18.435053,0.0,5.0,0.0
2019-02-25 22:00:00+00:00,23.75,90.21575,1008.5358,4.0249224,10.304792,0.0,5.0,0.0
2019-02-25 23:00:00+00:00,23.85,90.222755,1008.63574,6.489992,19.440128,0.0,5.0,0.0
2019-02-26 00:00:00+00:00,24.2,89.97338,1008.83624,9.114471,9.090207,0.0,5.0,0.0
2019-02-26 01:00:00+00:00,24.35,87.82221,1009.83606,8.707238,7.12493,0.0,4.0,0.0
2019-02-26 02:00:00+00:00,25.5,81.74995,1010.73755,8.647496,357.6141,0.0,22.0,1.0
2019-02-26 03:00:00+00:00,27.35,75.33086,1011.34015,10.24578,341.56494,0.1,28.0,51.0
2019-02-26 04:00:00+00:00,29.25,64.633934,1011.7429,11.019764,321.63248,0.0,19.0,0.0
2019-02-26 05:00:00+00:00,30.55,57.99489,1011.94464,11.592895,295.76926,0.2,28.0,51.0
2019-02-26 06:00:00+00:00,30.55,61.645718,1011.14496,15.226764,276.78888,0.5,42.0,53.0
2019-02-26 07:00:00+00:00,30.7,62.43228,1009.8459,18.0036,281.53458,0.3,53.0,51.0
2019-02-26 08:00:00+00:00,30.6,61.46959,1008.4462,18.782204,282.17145,0.0,52.0,2.0
2019-02-26 09:00:00+00:00,31.05,58.646465,1007.3474,20.418695,279.1301,0.0,62.0,2.0
2019-02-26 10:00:00+00:00,30.45,59.773026,1006.5468,21.647945,273.814,0.0,22.0,1.0
2019-02-26 11:00:00+00:00,30.05,55.431614,1006.746,17.026896,283.44864,0.0,11.0,0.0
2019-02-26 12:00:00+00:00,28.7,62.76036,1006.6442,13.5515,286.9909,0.0,8.0,0.0
2019-02-26 13:00:00+00:00,27.85,71.18522,1007.44257,10.390226,284.03625,0.0,5.0,0.0
2019-02-26 14:00:00+00:00,27.5,74.21998,1008.4415,10.464797,296.56497,0.0,32.0,1.0
2019-02-26 15:00:00+00:00,27.45,74.890945,1009.7409,12.397806,295.82092,0.0,8.0,0.0
2019-02-26 16:00:00+00:00,27.5,74.44572,1010.7405,11.384198,304.69522,0.0,23.0,1.0
2019-02-26 17:00:00+00:00,27.25,75.54398,1011.04,9.885262,303.11136,0.0,16.0,0.0
2019-02-26 18:00:00+00:00,27.05,76.66817,1011.03973,9.0,306.86996,0.0,16.0,0.0
2019-02-26 19:00:00+00:00,26.75,78.507195,1010.8394,8.435069,309.8055,0.0,67.0,2.0
2019-02-26 20:00:00+00:00,26.4,80.38662,1010.0392,8.161764,311.42358,0.0,97.0,3.0
2019-02-26 21:00:00+00:00,26.15,81.5823,1009.0393,6.8777895,312.8789,0.0,100.0,3.0
2019-02-26 22:00:00+00:00,25.65,84.03423,1008.3386,8.707237,330.25522,0.0,96.0,3.0
2019-02-26 23:00:00+00:00,25.15,86.04587,1008.2381,8.209263,344.7448,0.0,88.0,3.0
2019-02-27 00:00:00+00:00,24.9,86.28348,1008.23773,9.449572,342.25522,0.0,50.0,2.0
2019-02-27 01:00:00+00:00,25.1,83.973885,1008.7379,8.350138,352.5687,0.0,93.0,3.0
2019-02-27 02:00:00+00:00,25.5,81.25333,1009.9379,9.9571085,12.528798,0.0,89.0,3.0
2019-02-27 03:00:00+00:00,27.3,71.740524,1010.54016,10.495713,354.09393,0.0,97.0,3.0
2019-02-27 04:00:00+00:00,29.0,63.99147,1010.94257,11.966954,316.2188,0.0,97.0,3.0
2019-02-27 05:00:00+00:00,30.6,56.42683,1010.64514,16.58346,297.12122,0.0,92.0,3.0
2019-02-27 06:00:00+00:00,30.85,56.66035,1009.746,19.05281,292.20352,0.0,92.0,3.0
2019-02-27 07:00:00+00:00,30.7,58.565044,1008.94635,20.150354,288.75873,0.0,93.0,3.0
2019-02-27 08:00:00+00:00,30.25,60.647034,1007.8458,20.724247,287.176,0.0,93.0,3.0
2019-02-27 09:00:00+00:00,30.35,59.385796,1007.1465,19.93048,286.79846,0.0,91.0,3.0
2019-02-27 10:00:00+00:00,29.85,60.186737,1006.64575,19.386591,285.06854,0.0,89.0,3.0
2019-02-27 11:00:00+00:00,29.55,61.4235,1006.5455,18.861387,283.24054,0.0,98.0,3.0
2019-02-27 12:00:00+00:00,28.25,66.63434,1007.04333,16.520823,281.3099,0.0,92.0,3.0
2019-02-27 13:00:00+00:00,28.0,68.44436,1007.9427,16.24394,282.80426,0.0,89.0,3.0
2019-02-27 14:00:00+00:00,27.85,69.04596,1008.8419,12.181625,288.9705,0.0,77.0,2.0
2019-02-27 15:00:00+00:00,27.6,70.2764,1009.7413,11.165805,290.77234,0.0,85.0,3.0
2019-02-27 16:00:00+00:00,27.45,71.548515,1010.4406,11.770403,293.4287,0.0,96.0,3.0
2019-02-27 17:00:00+00:00,27.3,72.17999,1010.64014,9.885262,303.11136,0.0,93.0,3.0
2019-02-27 18:00:00+00:00,27.25,71.9511,1010.44025,8.714677,308.2902,0.0,96.0,3.0
2019-02-27 19:00:00+00:00,26.95,73.00595,1009.8403,7.653705,311.18582,0.0,98.0,3.0
2019-02-27 20:00:00+00:00,26.85,73.66111,1008.64044,7.653705,311.18582,0.0,95.0,3.0
2019-02-27 21:00:00+00:00,26.7,75.227036,1008.04034,8.161764,318.57642,0.0,97.0,3.0
2019-02-27 22:00:00+00:00,26.65,76.14202,1007.7405,9.220499,321.34018,0.0,93.0,3.0
2019-02-27 23:00:00+00:00,26.55,77.294815,1007.5406,9.504272,322.69595,0.0,71.0,2.0
2019-02-28 00:00:00+00:00,26.9,75.7187,1007.8408,6.4096174,321.8427,0.0,55.0,2.0
2019-02-28 01:00:00+00:00,27.0,75.27503,1008.8407,8.209263,322.12494,0.0,82.0,3.0
2019-02-28 02:00:00+00:00,27.5,72.43552,1009.8408,8.287822,325.6196,0.0,86.0,3.0
2019-02-28 03:00:00+00:00,27.85,71.18522,1011.14087,13.783817,319.23648,0.1,81.0,51.0
2019-02-28 04:00:00+00:00,28.75,66.735115,1011.74194,15.021105,315.97092,0.1,60.0,51.0
2019-02-28 05:00:00+00:00,30.05,61.347237,1011.7438,12.496718,311.49637,0.0,24.0,1.0
2019-02-28 06:00:00+00:00,31.45,56.97726,1010.74646,14.458382,288.88617,0.0,14.0,0.0
2019-02-28 07:00:00+00:00,31.55,56.827488,1009.4473,18.584509,278.91486,0.0,11.0,0.0
2019-02-28 08:00:00+00:00,30.8,59.127415,1008.4466,20.570463,274.0141,0.0,13.0,0.0
2019-02-28 09:00:00+00:00,30.75,58.93566,1007.447,18.430452,282.4074,0.0,21.0,1.0
2019-02-28 10:00:00+00:00,30.65,60.552444,1006.54706,19.13426,281.94415,0.0,33.0,1.0
2019-02-28 11:00:00+00:00,30.15,64.23531,1006.74634,16.418526,285.25516,0.0,22.0,1.0
2019-02-28 12:00:00+00:00,28.85,68.19281,1007.0443,15.39184,280.78424,0.0,33.0,1.0
2019-02-28 13:00:00+00:00,28.2,71.90017,1007.74304,13.797913,285.12405,0.0,43.0,1.0
2019-02-28 14:00:00+00:00,28.0,72.74294,1008.8423,12.849528,281.3099,0.0,27.0,1.0
2019-02-28 15:00:00+00:00,27.9,72.94683,1009.64154,11.631956,291.80148,0.0,27.0,1.0
2019-02-28 16:00:00+00:00,27.8,72.929665,1010.4412,9.659814,296.56497,0.0,25.0,1.0
2019-02-28 17:00:00+00:00,27.6,73.78703,1010.94073,9.0,306.86996,0.0,30.0,1.0
2019-02-28 18:00:00+00:00,27.35,76.01953,1010.6405,9.504272,322.69595,0.0,32.0,1.0
2019-02-28 19:00:00+00:00,27.0,78.780716,1010.04016,10.966713,336.8014,0.0,30.0,1.0
2019-02-28 20:00:00+00:00,26.65,80.663025,1009.2398,11.525623,345.52966,0.0,82.0,3.0
2019-02-28 21:00:00+00:00,26.35,82.85054,1008.5399,11.792404,347.66092,0.0,69.0,2.0
2019-02-28 22:00:00+00:00,26.15,83.582146,1008.1397,11.304229,350.8377,0.0,69.0,2.0
2019-02-28 23:00:00+00:00,26.0,84.07244,1007.93945,10.948973,350.53775,0.0,67.0,2.0
2019-03-01 00:00:00+00:00,25.9,85.08447,1008.339,11.177405,345.06854,0.0,34.0,1.0
2019-03-01 01:00:00+00:00,25.85,84.822495,1008.63885,11.304229,350.8377,0.0,53.0,2.0
2019-03-01 02:00:00+00:00,26.45,81.12699,1009.4395,10.739833,346.42953,0.0,66.0,2.0
2019-03-01 03:00:00+00:00,28.6,62.3535,1010.2426,11.113451,335.09525,0.0,66.0,2.0
2019-03-01 04:00:00+00:00,30.6,52.234707,1010.64514,10.464797,319.18503,0.0,82.0,3.0
2019-03-01 05:00:00+00:00,32.1,50.23999,1010.3476,11.269782,296.56497,0.0,84.0,3.0
2019-03-01 06:00:00+00:00,32.5,52.071274,1009.14874,14.494192,284.38144,0.0,99.0,3.0
2019-03-01 07:00:00+00:00,31.65,57.72345,1008.1478,16.808569,279.86575,0.1,100.0,51.0
2019-03-01 08:00:00+00:00,31.3,56.941612,1007.44763,18.161278,283.7608,0.0,99.0,3.0
2019-03-01 09:00:00+00:00,31.65,55.99069,1006.74854,14.869351,276.95285,0.0,96.0,3.0
2019-03-01 10:00:00+00:00,30.95,61.73412,1006.6477,11.874544,255.96373,0.1,75.0,51.0
2019-03-01 11:00:00+00:00,29.75,65.3315,1006.7458,9.693296,248.19853,0.1,50.0,51.0
2019-03-01 12:00:00+00:00,29.0,67.80876,1006.2447,9.779817,263.6599,0.0,43.0,1.0
2019-03-01 13:00:00+00:00,28.3,71.05031,1006.74347,8.707238,262.8751,0.0,38.0,1.0
2019-03-01 14:00:00+00:00,27.85,74.27769,1007.74243,5.991594,237.26477,0.0,66.0,2.0
2019-03-01 15:00:00+00:00,27.5,76.968895,1008.9413,5.1544156,192.09474,0.0,92.0,3.0
2019-03-01 16:00:00+00:00,27.4,78.599174,1009.7409,5.7599998,180.0,0.0,89.0,3.0
2019-03-01 17:00:00+00:00,27.2,83.19844,1010.1403,5.3517847,160.34608,0.0,95.0,3.0
2019-03-01 18:00:00+00:00,26.6,86.964386,1010.0394,3.5455887,113.962494,0.0,96.0,3.0
2019-03-01 19:00:00+00:00,26.25,87.1943,1009.53906,3.0758414,110.55613,0.0,91.0,3.0
2019-03-01 20:00:00+00:00,26.0,86.64856,1009.03894,8.089993,110.854546,0.0,93.0,3.0
2019-03-01 21:00:00+00:00,25.7,87.14513,1008.1391,3.7064266,119.05451,0.0,67.0,2.0
2019-03-01 22:00:00+00:00,25.35,88.9755,1007.7387,2.9024127,82.875084,0.0,36.0,1.0
2019-03-01 23:00:00+00:00,24.8,89.744156,1007.83765,3.8268526,48.814175,0.0,11.0,0.0
2019-03-02 00:00:00+00:00,24.05,94.15077,1008.1362,4.829907,26.564985,0.0,27.0,1.0
2019-03-02 01:00:00+00:00,25.1,89.2253,1009.0377,7.8954163,43.152412,0.0,83.0,3.0
2019-03-02 02:00:00+00:00,26.05,83.318504,1009.73865,5.8048253,29.744795,0.0,69.0,2.0
2019-03-02 03:00:00+00:00,28.55,68.34229,1010.1423,3.0547013,44.999897,0.0,67.0,2.0
2019-03-02 04:00:00+00:00,30.75,54.081467,1010.74554,2.968636,104.03627,0.0,81.0,3.0
2019-03-02 05:00:00+00:00,32.35,46.127674,1010.6477,2.4149535,206.56499,0.0,96.0,3.0
2019-03-02 06:00:00+00:00,32.2,55.10702,1009.94806,10.195057,222.13753,0.1,95.0,51.0
2019-03-02 07:00:00+00:00,31.3,60.515,1009.1468,13.783817,220.76352,0.1,99.0,51.0
2019-03-02 08:00:00+00:00,31.9,54.365147,1008.1482,14.529915,228.01286,0.0,99.0,3.0
2019-03-02 09:00:00+00:00,30.85,61.899517,1007.447,18.899143,220.36446,0.0,98.0,3.0
2019-03-02 10:00:00+00:00,30.55,66.49128,1007.1467,20.68356,211.47679,0.0,92.0,3.0
2019-03-02 11:00:00+00:00,29.5,68.112434,1007.74493,20.304129,217.07317,0.0,78.0,2.0
2019-03-02 12:00:00+00:00,28.35,66.65451,1007.4432,18.864824,221.90585,0.0,92.0,3.0
2019-03-02 13:00:00+00:00,27.85,69.68175,1008.1422,12.074766,243.43501,0.0,70.0,2.0
2019-03-02 14:00:00+00:00,27.95,70.98689,1008.9419,8.825508,281.76825,0.0,44.0,1.0
2019-03-02 15:00:00+00:00,27.4,73.75353,1010.0408,8.089993,339.14545,0.0,38.0,1.0
2019-03-02 16:00:00+00:00,27.4,73.97822,1010.8404,8.089993,339.14545,0.0,9.0,0.0
2019-03-02 17:00:00+00:00,27.1,77.84671,1011.03973,8.714677,321.70978,0.0,9.0,0.0
2019-03-02 18:00:00+00:00,26.55,82.375046,1011.33887,9.0,343.73972,0.0,93.0,3.0
2019-03-02 19:00:00+00:00,26.1,86.137474,1011.038,9.422101,353.41815,0.0,91.0,3.0
2019-03-02 20:00:00+00:00,25.65,89.26709,1010.3377,8.654986,343.0724,0.0,95.0,3.0
2019-03-02 21:00:00+00:00,25.15,93.07286,1009.83734,9.904906,340.9064,0.0,84.0,3.0
2019-03-02 22:00:00+00:00,24.65,95.316635,1009.53656,11.874544,345.9637,0.0,89.0,3.0
2019-03-02 23:00:00+00:00,24.5,93.60355,1009.43665,9.72,360.0,0.0,58.0,2.0
2019-03-03 00:00:00+00:00,24.85,93.61979,1009.0371,6.489992,356.82022,0.0,55.0,2.0
2019-03-03 01:00:00+00:00,24.4,93.598946,1009.93604,8.427383,70.01681,0.0,99.0,3.0
2019-03-03 02:00:00+00:00,25.55,74.12328,1010.73755,7.928178,92.60251,0.0,70.0,2.0
2019-03-03 03:00:00+00:00,28.4,55.545723,1011.34174,7.2805495,98.530685,0.0,63.0,2.0
2019-03-03 04:00:00+00:00,30.3,53.47055,1011.6445,6.1094027,135.0001,0.0,46.0,1.0
2019-03-03 05:00:00+00:00,31.6,52.648815,1011.2465,5.506941,191.30989,0.0,16.0,0.0
2019-03-03 06:00:00+00:00,31.7,56.345528,1010.24695,10.44,223.60289,0.1,51.0,51.0
2019-03-03 07:00:00+00:00,31.0,57.570328,1009.04663,14.264361,222.95459,0.0,6.0,0.0
2019-03-03 08:00:00+00:00,31.55,51.67167,1008.24786,12.768586,248.4985,0.0,30.0,1.0
2019-03-03 09:00:00+00:00,31.7,54.817253,1007.44824,15.463246,245.22488,0.0,57.0,2.0
2019-03-03 10:00:00+00:00,30.05,61.53482,1007.3457,18.359999,241.92761,0.0,100.0,3.0
2019-03-03 11:00:00+00:00,29.7,62.59458,1007.7453,10.163227,247.06787,0.0,99.0,3.0
2019-03-03 12:00:00+00:00,28.3,66.64445,1007.04333,8.557102,202.24907,0.0,97.0,3.0
2019-03-03 13:00:00+00:00,27.35,76.713715,1008.1416,8.707238,187.12492,0.0,98.0,3.0
2019-03-03 14:00:00+00:00,26.9,82.4167,1009.54004,8.654986,163.0724,0.0,68.0,2.0
2019-03-03 15:00:00+00:00,26.95,82.422646,1010.44,5.04,180.0,0.0,36.0,1.0
2019-03-03 16:00:00+00:00,26.95,82.17484,1011.33954,1.2979984,123.690094,0.0,22.0,1.0
2019-03-03 17:00:00+00:00,26.05,86.65319,1011.3379,2.7416782,66.801384,0.0,3.0,0.0
2019-03-03 18:00:00+00:00,25.75,86.10383,1011.33765,2.9024127,29.744795,0.0,25.0,1.0
2019-03-03 19:00:00+00:00,24.95,88.40747,1010.43677,4.1046314,15.255177,0.0,95.0,3.0
2019-03-03 20:00:00+00:00,25.2,85.53013,1009.7374,3.6179552,5.7105074,0.0,100.0,3.0
2019-03-03 21:00:00+00:00,24.95,84.47049,1009.1373,5.991594,32.73523,0.0,19.0,0.0
2019-03-03 22:00:00+00:00,24.5,84.422264,1008.73694,5.0911684,44.999897,0.0,58.0,2.0
2019-03-03 23:00:00+00:00,23.5,88.55894,1008.53546,4.6102495,51.34017,0.0,76.0,2.0
2019-03-04 00:00:00+00:00,24.15,94.440025,1008.2366,3.563818,44.999897,0.0,95.0,3.0
2019-03-04 01:00:00+00:00,24.6,91.92833,1008.83685,2.5455842,98.13002,0.0,43.0,1.0
2019-03-04 02:00:00+00:00,25.85,84.310875,1009.8383,3.2599385,83.659904,0.0,49.0,1.0
2019-03-04 03:00:00+00:00,28.05,73.6389,1010.74146,1.8,90.0,0.0,64.0,2.0
2019-03-04 04:00:00+00:00,30.0,63.235,1011.144,3.563818,224.9999,0.1,71.0,51.0
2019-03-04 05:00:00+00:00,30.7,60.379574,1011.3452,8.913181,223.36346,0.3,86.0,51.0
2019-03-04 06:00:00+00:00,29.8,67.965096,1010.644,12.768586,220.426,0.8,100.0,53.0
2019-03-04 07:00:00+00:00,29.85,62.05653,1010.14417,14.8257065,209.0545,0.2,99.0,51.0
2019-03-04 08:00:00+00:00,30.25,65.43462,1008.9454,13.891522,211.21834,0.1,98.0,51.0
2019-03-04 09:00:00+00:00,29.7,68.771484,1008.04517,11.503113,200.13638,0.1,100.0,51.0
2019-03-04 10:00:00+00:00,29.85,65.94939,1007.0456,10.990322,211.60745,0.1,99.0,51.0
2019-03-04 11:00:00+00:00,29.3,68.69495,1007.34485,10.703569,227.72638,0.2,98.0,51.0
2019-03-04 12:00:00+00:00,27.6,75.37063,1007.24243,9.107359,198.43504,0.2,99.0,51.0
2019-03-04 13:00:00+00:00,26.75,80.189514,1007.74084,7.24486,153.43501,0.0,96.0,3.0
2019-03-04 14:00:00+00:00,26.5,81.62567,1008.7398,5.692099,145.30478,0.0,97.0,3.0
2019-03-04 15:00:00+00:00,26.5,81.8728,1009.5394,7.0911775,156.0375,0.0,98.0,3.0
2019-03-04 16:00:00+00:00,26.55,81.87896,1010.4393,8.049845,169.6952,0.0,98.0,3.0
2019-03-04 17:00:00+00:00,26.7,82.64172,1010.83905,6.849467,183.01273,0.0,99.0,3.0
2019-03-04 18:00:00+00:00,26.45,84.37523,1010.7389,3.9763298,174.80566,0.0,97.0,3.0
2019-03-04 19:00:00+00:00,26.75,82.39886,1010.23975,0.71999997,360.0,0.0,98.0,3.0
2019-03-04 20:00:00+00:00,25.45,88.181694,1009.4379,2.6208394,344.05453,0.1,98.0,51.0
2019-03-04 21:00:00+00:00,24.85,91.114204,1008.8372,3.5455887,336.0375,0.0,98.0,3.0
2019-03-04 22:00:00+00:00,25.15,89.22913,1008.43805,4.6102495,321.34018,0.0,99.0,3.0
2019-03-04 23:00:00+00:00,24.95,90.57216,1008.3377,3.5455887,336.0375,0.0,98.0,3.0
2019-03-05 00:00:00+00:00,25.2,89.2329,1008.1381,8.209263,344.7448,0.0,92.0,3.0
2019-03-05 01:00:00+00:00,25.25,87.63348,1008.8378,7.928178,357.3975,0.0,85.0,3.0
2019-03-05 02:00:00+00:00,26.2,81.83609,1009.8389,6.849467,3.0127327,0.0,72.0,2.0
2019-03-05 03:00:00+00:00,28.1,73.647285,1010.6414,6.9899354,348.11136,0.0,51.0,2.0
2019-03-05 04:00:00+00:00,30.1,63.06441,1011.2443,8.14587,315.0001,0.1,50.0,51.0
2019-03-05 05:00:00+00:00,31.3,57.465527,1011.2459,8.825508,281.76825,0.1,43.0,51.0
2019-03-05 06:00:00+00:00,31.45,58.56091,1010.3466,13.339445,266.906,0.2,32.0,51.0
2019-03-05 07:00:00+00:00,30.8,64.5668,1009.3461,16.923828,268.78116,0.3,26.0,51.0
2019-03-05 08:00:00+00:00,31.05,60.642525,1008.4469,17.731598,275.82623,0.2,30.0,51.0
2019-03-05 09:00:00+00:00,31.2,62.16419,1007.34766,18.374111,267.7543,0.1,39.0,51.0
2019-03-05 10:00:00+00:00,30.35,65.85196,1006.7467,18.486622,276.70975,0.0,41.0,1.0
2019-03-05 11:00:00+00:00,30.05,66.3906,1006.746,16.766108,284.93146,0.0,39.0,1.0
2019-03-05 12:00:00+00:00,28.8,67.15329,1006.7442,16.78156,292.71445,0.0,54.0,2.0
2019-03-05 13:00:00+00:00,28.0,71.64672,1007.34296,15.459054,297.75842,0.0,39.0,1.0
2019-03-05 14:00:00+00:00,27.75,74.71271,1008.5418,13.089354,301.5042,0.0,68.0,2.0
2019-03-05 15:00:00+00:00,27.6,74.91516,1009.6413,12.313894,307.87503,0.0,97.0,3.0
2019-03-05 16:00:00+00:00,27.45,76.03508,1010.4406,11.966954,316.2188,0.0,90.0,3.0
2019-03-05 17:00:00+00:00,27.15,78.32661,1010.84,11.304229,322.76508,0.0,93.0,3.0
2019-03-05 18:00:00+00:00,26.8,80.19616,1011.03937,10.464797,333.43503,0.0,98.0,3.0
2019-03-05 19:00:00+00:00,26.4,81.120674,1010.7389,10.028439,338.9624,0.0,98.0,3.0
2019-03-05 20:00:00+00:00,26.0,82.30931,1009.83856,9.793058,342.8972,0.0,91.0,3.0
2019-03-05 21:00:00+00:00,25.6,84.28394,1009.3382,9.346143,344.3577,0.0,64.0,2.0
2019-03-05 22:00:00+00:00,25.3,86.06039,1009.0381,9.114471,350.9098,0.0,34.0,1.0
2019-03-05 23:00:00+00:00,25.15,87.09574,1009.0377,9.3669195,357.79745,0.0,28.0,1.0
2019-03-06 00:00:00+00:00,25.7,88.468445,1008.9388,9.605998,347.00537,0.0,7.0,0.0
2019-03-06 01:00:00+00:00,25.85,87.68528,1009.6384,10.137692,343.49554,0.0,49.0,1.0
2019-03-06 02:00:00+00:00,26.8,83.1528,1010.33966,10.966713,336.8014,0.1,34.0,51.0
2019-03-06 03:00:00+00:00,28.25,74.568245,1011.24146,13.684735,333.43503,0.2,53.0,51.0
2019-03-06 04:00:00+00:00,30.0,64.20363,1011.64374,13.324863,321.5819,0.1,71.0,51.0
2019-03-06 05:00:00+00:00,31.6,55.129337,1011.5464,15.463246,294.77512,0.0,72.0,2.0
2019-03-06 06:00:00+00:00,31.45,60.000824,1010.74646,18.709612,281.0937,0.1,75.0,51.0
2019-03-06 07:00:00+00:00,31.2,60.676228,1009.7466,20.780453,284.03625,0.0,69.0,2.0
2019-03-06 08:00:00+00:00,30.95,63.05651,1008.6468,21.915693,284.26456,0.1,67.0,51.0
2019-03-06 09:00:00+00:00,31.1,62.330585,1007.6472,23.143827,285.33334,0.1,71.0,51.0
2019-03-06 10:00:00+00:00,30.45,63.524097,1007.0466,22.553934,294.51962,0.0,45.0,1.0
2019-03-06 11:00:00+00:00,30.0,66.98529,1006.9459,21.120682,299.62366,0.0,37.0,1.0
2019-03-06 12:00:00+00:00,29.05,72.04986,1006.7448,21.794127,300.80136,0.0,23.0,1.0
2019-03-06 13:00:00+00:00,28.55,74.61705,1007.1436,22.288042,301.1224,0.0,2.0,0.0
2019-03-06 14:00:00+00:00,28.35,74.13565,1008.1428,19.272614,302.79953,0.0,1.0,0.0
2019-03-06 15:00:00+00:00,28.15,74.55198,1009.34204,14.565548,309.98682,0.0,6.0,0.0
2019-03-06 16:00:00+00:00,27.85,77.25395,1010.34125,13.237038,315.0001,0.0,5.0,0.0
2019-03-06 17:00:00+00:00,27.5,80.28828,1010.6405,11.457958,316.27295,0.0,4.0,0.0
2019-03-06 18:00:00+00:00,27.15,83.19273,1010.64014,10.44,316.3971,0.0,2.0,0.0
2019-03-06 19:00:00+00:00,26.75,85.684166,1010.1397,10.990322,328.39255,0.0,3.0,0.0
2019-03-06 20:00:00+00:00,26.35,86.42084,1009.33954,10.703569,340.3461,0.0,4.0,0.0
2019-03-06 21:00:00+00:00,25.95,86.38314,1008.6391,9.826088,351.57312,0.0,59.0,2.0
2019-03-06 22:00:00+00:00,25.5,86.34054,1008.3386,9.72,360.0,0.0,81.0,3.0
2019-03-06 23:00:00+00:00,25.05,87.881966,1008.23773,9.826088,8.426887,0.0,84.0,3.0
2019-03-07 00:00:00+00:00,25.55,87.65946,1007.93884,9.36,360.0,0.0,78.0,2.0
2019-03-07 01:00:00+00:00,25.8,86.10864,1008.73883,10.086427,2.0453732,0.0,84.0,3.0
2019-03-07 02:00:00+00:00,26.75,81.41042,1009.63995,10.446206,1.9748993,0.0,65.0,2.0
2019-03-07 03:00:00+00:00,28.6,72.40731,1010.2426,11.966954,344.2913,0.0,45.0,1.0
2019-03-07 04:00:00+00:00,30.75,62.632744,1010.74554,11.709688,315.0001,0.0,1.0,0.0
2019-03-07 05:00:00+00:00,32.05,57.99293,1010.54755,12.979984,289.44012,0.0,62.0,2.0
2019-03-07 06:00:00+00:00,32.1,60.69457,1009.6479,15.517629,273.9908,0.0,66.0,2.0
2019-03-07 07:00:00+00:00,32.1,60.148003,1008.74835,16.595179,266.26868,0.0,46.0,1.0
2019-03-07 08:00:00+00:00,31.95,59.932777,1007.7484,16.039202,260.9606,0.0,51.0,2.0
2019-03-07 09:00:00+00:00,31.2,63.684,1007.1477,17.811815,255.96373,0.0,62.0,2.0
2019-03-07 10:00:00+00:00,30.6,65.50657,1006.54706,15.226764,263.21112,0.0,27.0,1.0
2019-03-07 11:00:00+00:00,30.05,66.99526,1006.5461,14.799459,274.18484,0.0,87.0,3.0
2019-03-07 12:00:00+00:00,28.6,71.753334,1007.04407,9.826088,261.57312,0.0,63.0,2.0
2019-03-07 13:00:00+00:00,28.45,72.60053,1007.54346,9.9571085,257.4712,0.0,40.0,1.0
2019-03-07 14:00:00+00:00,28.1,75.677895,1008.4425,10.105681,265.91446,0.0,37.0,1.0
2019-03-07 15:00:00+00:00,27.85,77.48715,1009.44165,7.2359104,275.7105,0.0,71.0,2.0
2019-03-07 16:00:00+00:00,27.85,76.78937,1010.1413,5.7599998,270.0,0.0,98.0,3.0
2019-03-07 17:00:00+00:00,27.9,76.10485,1010.2413,4.5536795,288.43503,0.0,100.0,3.0
2019-03-07 18:00:00+00:00,27.7,77.2317,1010.5409,4.39436,304.9921,0.0,98.0,3.0
2019-03-07 19:00:00+00:00,27.5,78.140335,1010.1407,5.0142193,291.03757,0.0,96.0,3.0
2019-03-07 20:00:00+00:00,27.3,78.822716,1009.54065,5.4119864,266.186,0.0,100.0,3.0
2019-03-07 21:00:00+00:00,27.15,79.51915,1009.1408,4.896529,252.89719,0.0,100.0,3.0
2019-03-07 22:00:00+00:00,27.0,80.952065,1008.8407,4.8965297,233.97253,0.0,99.0,3.0
2019-03-07 23:00:00+00:00,26.8,82.9028,1008.7404,5.8048253,240.2552,0.1,64.0,51.0
2019-03-08 00:00:00+00:00,27.1,80.96479,1009.04065,6.618519,224.9999,0.0,65.0,2.0
2019-03-08 01:00:00+00:00,27.2,80.491104,1010.24036,5.8603754,227.4896,0.1,66.0,51.0
2019-03-08 02:00:00+00:00,27.95,75.883156,1011.14087,6.489992,236.3099,0.0,30.0,1.0
2019-03-08 03:00:00+00:00,29.2,69.30241,1011.94244,6.989936,235.49141,0.0,36.0,1.0
2019-03-08 04:00:00+00:00,30.25,65.43462,1012.6437,8.089993,249.14546,0.1,30.0,51.0
2019-03-08 05:00:00+00:00,31.1,63.0888,1012.745,11.440978,257.27563,0.0,47.0,1.0
2019-03-08 06:00:00+00:00,30.9,63.045742,1012.0449,12.783802,260.2725,0.0,46.0,1.0
2019-03-08 07:00:00+00:00,31.35,60.894073,1011.14624,13.358861,255.96373,0.0,59.0,2.0
2019-03-08 08:00:00+00:00,31.1,62.519398,1010.1461,15.111424,257.61926,0.0,54.0,2.0
2019-03-08 09:00:00+00:00,31.3,61.25278,1009.4467,16.65754,263.79663,0.0,72.0,2.0
2019-03-08 10:00:00+00:00,30.25,65.632835,1009.0453,12.57426,283.24054,0.3,59.0,51.0
2019-03-08 11:00:00+00:00,29.7,67.74049,1009.14465,11.367109,280.954,0.1,65.0,51.0
2019-03-08 12:00:00+00:00,29.1,69.49361,1008.8438,14.707222,291.54105,0.0,56.0,2.0
2019-03-08 13:00:00+00:00,28.45,72.60053,1009.1427,14.345898,287.52567,0.0,20.0,1.0
2019-03-08 14:00:00+00:00,28.2,73.88718,1010.1419,13.1041975,290.92456,0.0,12.0,0.0
2019-03-08 15:00:00+00:00,28.0,76.12029,1011.14124,12.303366,290.55612,0.0,10.0,0.0
2019-03-08 16:00:00+00:00,27.85,77.48715,1012.04047,11.503113,290.13638,0.0,27.0,1.0
2019-03-08 17:00:00+00:00,27.8,77.713715,1012.6402,10.829958,291.4478,0.0,95.0,3.0
2019-03-08 18:00:00+00:00,27.95,77.036316,1012.7402,10.365251,290.3232,0.0,100.0,3.0
2019-03-08 19:00:00+00:00,27.6,79.10248,1012.3401,9.983106,295.64096,0.0,100.0,3.0
2019-03-08 20:00:00+00:00,27.45,80.040474,1011.5401,10.009036,307.6943,0.0,99.0,3.0
2019-03-08 21:00:00+00:00,27.2,81.71199,1010.94,10.182337,315.0001,0.0,85.0,3.0
2019-03-08 22:00:00+00:00,26.75,84.40726,1010.6395,8.942214,319.89914,0.0,62.0,2.0
2019-03-08 23:00:00+00:00,26.4,86.6856,1010.33905,6.638072,319.39877,0.0,56.0,2.0
2019-03-09 00:00:00+00:00,26.0,86.64856,1010.53827,10.30883,335.22488,0.1,47.0,51.0
2019-03-09 01:00:00+00:00,26.25,84.60866,1011.1383,9.360001,337.3801,0.0,5.0,0.0
2019-03-09 02:00:00+00:00,26.35,81.85448,1012.03827,10.805999,358.09088,0.0,33.0,1.0
2019-03-09 03:00:00+00:00,28.15,72.10984,1013.04034,10.829959,344.57776,0.0,34.0,1.0
2019-03-09 04:00:00+00:00,30.35,62.16646,1013.64355,11.200571,315.0001,0.0,70.0,2.0
2019-03-09 05:00:00+00:00,31.6,58.773937,1013.74536,11.841756,289.53674,0.0,77.0,2.0
2019-03-09 06:00:00+00:00,31.95,58.499287,1012.6462,15.629972,277.9434,0.0,92.0,3.0
2019-03-09 07:00:00+00:00,31.45,60.916435,1011.84595,19.559633,276.3401,0.0,90.0,3.0
2019-03-09 08:00:00+00:00,30.8,61.51396,1010.94543,18.35647,281.3099,0.1,88.0,51.0
2019-03-09 09:00:00+00:00,30.55,65.10202,1010.34534,17.643673,268.8309,0.8,87.0,53.0
2019-03-09 10:00:00+00:00,29.4,72.54596,1010.04364,10.446206,271.97488,0.6,85.0,53.0
2019-03-09 11:00:00+00:00,29.25,70.793175,1009.9437,12.599999,270.0,0.2,74.0,51.0
2019-03-09 12:00:00+00:00,29.05,71.18557,1009.5435,12.015589,261.38443,0.1,45.0,51.0
2019-03-09 13:00:00+00:00,28.2,77.07366,1010.44183,11.874544,255.96373,0.0,96.0,3.0
2019-03-09 14:00:00+00:00,28.35,75.03576,1011.44135,9.605998,257.00537,0.0,96.0,3.0
2019-03-09 15:00:00+00:00,27.8,77.013885,1012.34033,5.5887027,284.93146,0.0,94.0,3.0
2019-03-09 16:00:00+00:00,26.6,82.62995,1013.4379,8.350138,7.4313188,0.1,53.0,51.0
2019-03-09 17:00:00+00:00,25.65,86.35479,1013.7362,7.8954163,43.152412,0.1,21.0,51.0
2019-03-09 18:00:00+00:00,25.1,87.09119,1014.03546,8.404285,46.73567,0.0,39.0,1.0
2019-03-09 19:00:00+00:00,24.75,87.590065,1013.33514,8.714677,38.290207,0.0,20.0,1.0
2019-03-09 20:00:00+00:00,24.65,87.84787,1012.53516,7.5685663,25.346138,0.0,7.0,0.0
2019-03-09 21:00:00+00:00,24.55,88.37479,1011.73553,7.8625183,15.945477,0.0,21.0,1.0
2019-03-09 22:00:00+00:00,24.65,87.84787,1011.0359,5.495161,31.607454,0.0,42.0,1.0
2019-03-09 23:00:00+00:00,24.7,88.11924,1010.9363,6.130579,356.6336,0.0,40.0,1.0
2019-03-10 00:00:00+00:00,24.9,87.86921,1010.9365,4.829907,26.564985,0.0,13.0,0.0
2019-03-10 01:00:00+00:00,25.1,86.827614,1011.63654,6.151683,20.556128,0.0,36.0,1.0
2019-03-10 02:00:00+00:00,26.15,81.82995,1012.63763,5.3517847,19.653913,0.0,28.0,1.0
2019-03-10 03:00:00+00:00,28.3,72.35511,1013.34045,5.4119864,356.186,0.0,66.0,2.0
2019-03-10 04:00:00+00:00,30.2,63.278038,1014.0431,3.6,306.86996,0.0,90.0,3.0
2019-03-10 05:00:00+00:00,31.55,55.795788,1013.84534,5.0142193,248.96242,0.1,75.0,51.0
2019-03-10 06:00:00+00:00,31.55,57.524517,1012.94574,7.10031,239.53453,0.3,73.0,51.0
2019-03-10 07:00:00+00:00,31.65,61.145554,1011.6463,8.942214,229.89915,0.2,95.0,51.0
2019-03-10 08:00:00+00:00,30.55,64.12533,1010.94507,9.885262,236.88864,0.3,93.0,51.0
2019-03-10 09:00:00+00:00,31.55,54.612934,1009.7472,11.246759,219.80553,0.1,75.0,51.0
2019-03-10 10:00:00+00:00,31.0,59.173523,1009.14655,12.031756,218.92755,0.1,53.0,51.0
2019-03-10 11:00:00+00:00,30.15,60.996006,1009.24524,10.587917,197.81898,0.1,40.0,51.0
2019-03-10 12:00:00+00:00,29.35,65.4477,1009.14404,11.792404,192.33908,0.0,23.0,1.0
2019-03-10 13:00:00+00:00,28.4,76.641556,1009.8424,11.620809,163.81073,0.0,15.0,0.0
2019-03-10 14:00:00+00:00,27.95,84.282974,1010.7411,11.770403,156.57129,0.1,18.0,51.0
2019-03-10 15:00:00+00:00,27.7,85.77743,1011.74036,9.983106,154.35904,0.0,9.0,0.0
2019-03-10 16:00:00+00:00,27.35,87.55226,1012.93945,6.3690495,137.29063,0.0,13.0,0.0
2019-03-10 17:00:00+00:00,27.15,88.32146,1013.33887,5.95906,154.98314,0.0,13.0,0.0
2019-03-10 18:00:00+00:00,26.85,90.42885,1013.6381,2.9024127,187.12492,0.0,14.0,0.0
2019-03-10 19:00:00+00:00,26.15,93.122536,1013.0375,3.6179552,354.2895,0.0,3.0,0.0
2019-03-10 20:00:00+00:00,25.05,94.19312,1012.53577,3.7064266,60.94549,0.1,22.0,51.0
2019-03-10 21:00:00+00:00,25.2,90.0444,1012.23627,6.4096174,38.157276,0.1,9.0,51.0
2019-03-10 22:00:00+00:00,24.55,89.99833,1012.0354,4.6938257,32.471172,0.4,26.0,51.0
2019-03-10 23:00:00+00:00,24.2,92.74402,1012.0348,4.802999,12.99463,0.3,34.0,51.0
2019-03-11 00:00:00+00:00,24.85,89.20625,1011.93585,7.491114,35.217674,0.1,45.0,51.0
2019-03-11 01:00:00+00:00,25.3,86.06039,1012.4366,5.991594,32.73523,0.0,12.0,0.0
2019-03-11 02:00:00+00:00,26.2,81.83609,1013.33734,3.8939953,33.6901,0.0,8.0,0.0
2019-03-11 03:00:00+00:00,28.35,73.023834,1014.1401,1.4399999,360.0,0.0,3.0,0.0
2019-03-11 04:00:00+00:00,30.3,60.843723,1014.5432,2.5959969,236.3099,0.0,13.0,0.0
2019-03-11 05:00:00+00:00,31.55,52.798565,1014.14514,6.489992,236.3099,0.0,12.0,0.0
2019-03-11 06:00:00+00:00,31.1,59.557938,1013.34467,11.304229,232.76509,0.4,34.0,51.0
2019-03-11 07:00:00+00:00,30.45,63.139923,1012.0443,14.336861,231.1155,0.4,33.0,51.0
2019-03-11 08:00:00+00:00,30.65,56.265705,1010.8451,14.618837,217.99878,0.0,39.0,1.0
2019-03-11 09:00:00+00:00,30.55,63.161484,1009.8455,14.113652,217.74687,0.0,26.0,1.0
2019-03-11 10:00:00+00:00,30.0,65.97996,1009.4448,14.291592,220.91429,0.0,41.0,1.0
2019-03-11 11:00:00+00:00,29.85,64.95664,1009.4446,14.291592,220.91429,0.0,27.0,1.0
2019-03-11 12:00:00+00:00,29.55,65.48896,1009.64404,14.529915,228.01286,0.3,33.0,51.0
2019-03-11 13:00:00+00:00,28.15,72.98967,1010.14166,10.829958,248.5522,0.3,24.0,51.0
2019-03-11 14:00:00+00:00,27.3,76.24262,1011.53973,6.489992,289.44012,0.3,37.0,51.0
2019-03-11 15:00:00+00:00,26.75,80.92014,1012.5387,2.5959969,56.309914,0.1,30.0,51.0
2019-03-11 16:00:00+00:00,25.95,85.089584,1013.23706,3.9763298,84.805664,0.0,2.0,0.0
2019-03-11 17:00:00+00:00,26.3,82.84472,1013.6372,2.8116899,50.194473,0.0,1.0,0.0
2019-03-11 18:00:00+00:00,24.9,89.480385,1013.63525,4.6800003,22.61991,0.0,1.0,0.0
2019-03-11 19:00:00+00:00,23.85,93.007454,1013.4336,6.28713,13.240531,0.0,0.0,0.0
2019-03-11 20:00:00+00:00,24.4,90.810005,1012.83466,5.815978,21.801476,0.0,9.0,0.0
2019-03-11 21:00:00+00:00,23.8,94.14012,1012.1341,7.42159,22.833694,0.0,32.0,1.0
2019-03-11 22:00:00+00:00,23.5,94.41357,1011.8339,6.489992,19.440128,0.0,30.0,1.0
2019-03-11 23:00:00+00:00,23.25,93.54524,1011.8333,4.802999,12.99463,0.0,23.0,1.0
2019-03-12 00:00:00+00:00,23.6,88.56704,1011.734,7.6367526,8.130019,0.0,27.0,1.0
2019-03-12 01:00:00+00:00,23.65,86.16339,1012.43365,6.2145634,10.007925,0.0,60.0,2.0
2019-03-12 02:00:00+00:00,24.5,82.38035,1013.3348,5.4119864,356.186,0.0,48.0,1.0
2019-03-12 03:00:00+00:00,26.75,76.157524,1014.4378,6.12,360.0,0.0,53.0,2.0
2019-03-12 04:00:00+00:00,29.45,56.67374,1014.5419,5.7599998,360.0,0.0,58.0,2.0
2019-03-12 05:00:00+00:00,31.55,45.200794,1014.2452,1.835647,281.3099,0.0,39.0,1.0
2019-03-12 06:00:00+00:00,32.4,42.139435,1013.7467,6.1305785,229.76372,0.0,4.0,0.0
2019-03-12 07:00:00+00:00,31.35,54.563847,1012.64557,13.044722,230.59937,0.2,41.0,51.0
2019-03-12 08:00:00+00:00,30.35,57.416527,1011.9444,15.124284,231.76613,0.4,27.0,51.0
2019-03-12 09:00:00+00:00,30.45,51.873356,1010.9448,14.773164,226.97493,0.0,45.0,1.0
2019-03-12 10:00:00+00:00,30.2,62.513004,1010.2448,13.392774,216.25392,0.0,20.0,1.0
2019-03-12 11:00:00+00:00,29.45,68.72367,1010.0439,14.799459,221.05472,0.2,25.0,51.0
2019-03-12 12:00:00+00:00,28.8,66.54196,1010.0427,12.819235,218.15727,0.0,11.0,0.0
2019-03-12 13:00:00+00:00,27.75,69.45034,1010.441,9.885262,213.11136,0.0,0.0,0.0
2019-03-12 14:00:00+00:00,27.1,74.38003,1010.73987,6.9247384,207.89717,0.0,22.0,1.0
2019-03-12 15:00:00+00:00,27.0,75.73441,1011.83936,0.35999998,360.0,0.0,0.0,0.0
2019-03-12 16:00:00+00:00,25.3,86.845985,1012.6364,3.7064266,29.054508,0.0,37.0,1.0
2019-03-12 17:00:00+00:00,25.0,84.99157,1012.9356,4.802999,12.99463,0.0,0.0,0.0
2019-03-12 18:00:00+00:00,24.2,88.07733,1012.7345,6.151683,339.44388,0.0,0.0,0.0
2019-03-12 19:00:00+00:00,25.05,86.82304,1012.1359,5.8048253,330.25522,0.0,0.0,0.0
2019-03-12 20:00:00+00:00,24.8,88.663574,1011.6359,6.489992,340.55988,0.0,15.0,0.0
2019-03-12 21:00:00+00:00,24.3,88.08576,1011.0355,7.2359104,5.7105074,0.0,34.0,1.0
2019-03-12 22:00:00+00:00,23.75,85.64619,1011.03467,8.534353,27.645891,0.0,2.0,0.0
2019-03-12 23:00:00+00:00,23.3,86.660736,1010.934,7.24486,26.564985,0.0,0.0,0.0
2019-03-13 00:00:00+00:00,22.65,85.53563,1010.6329,8.64,360.0,0.0,0.0,0.0
2019-03-13 01:00:00+00:00,22.6,77.66313,1011.43256,7.42159,50.906155,0.0,0.0,0.0
2019-03-13 02:00:00+00:00,24.6,66.72021,1012.1353,9.779817,83.659904,0.0,1.0,0.0
2019-03-13 03:00:00+00:00,28.6,53.3776,1012.9414,8.350138,82.56869,0.0,0.0,0.0
2019-03-13 04:00:00+00:00,30.85,43.474697,1013.2444,3.671294,101.3099,0.0,0.0,0.0
2019-03-13 05:00:00+00:00,32.3,39.784588,1013.54645,0.0,270.0,0.0,0.0,0.0
2019-03-13 06:00:00+00:00,33.15,38.408142,1012.7481,4.072935,224.9999,0.0,0.0,0.0
2019-03-13 07:00:00+00:00,32.8,48.892933,1011.64795,10.514218,231.95291,0.0,18.0,0.0
2019-03-13 08:00:00+00:00,32.7,46.797527,1010.64844,14.982228,234.78232,0.0,0.0,0.0
2019-03-13 09:00:00+00:00,32.55,46.757908,1009.84845,15.408671,232.59457,0.0,23.0,1.0
2019-03-13 10:00:00+00:00,31.25,57.629303,1009.6466,18.864824,228.09415,0.0,11.0,0.0
2019-03-13 11:00:00+00:00,30.65,65.51686,1009.44574,18.35647,221.82008,0.0,5.0,0.0
2019-03-13 12:00:00+00:00,29.8,66.13938,1009.7444,10.495713,239.0363,0.0,2.0,0.0
2019-03-13 13:00:00+00:00,28.9,72.678246,1010.24286,8.12197,282.80426,0.0,96.0,3.0
2019-03-13 14:00:00+00:00,28.2,76.3809,1011.24146,11.298495,329.3494,0.0,83.0,3.0
2019-03-13 15:00:00+00:00,28.0,75.89097,1012.4407,12.758432,343.61038,0.0,84.0,3.0
2019-03-13 16:00:00+00:00,27.8,75.174614,1013.33984,12.496719,348.3664,0.0,100.0,3.0
2019-03-13 17:00:00+00:00,26.85,78.99859,1013.73816,12.24,360.0,0.0,100.0,3.0
2019-03-13 18:00:00+00:00,26.3,78.44324,1013.9371,12.324414,6.70975,0.0,97.0,3.0
2019-03-13 19:00:00+00:00,26.1,78.65399,1013.53687,12.605142,1.6365454,0.0,95.0,3.0
2019-03-13 20:00:00+00:00,25.7,79.80633,1012.837,11.928989,5.19435,0.0,91.0,3.0
2019-03-13 21:00:00+00:00,25.4,80.00998,1012.03674,12.496719,11.633606,0.0,87.0,3.0
2019-03-13 22:00:00+00:00,25.3,79.99659,1011.33704,12.620554,3.2704222,0.0,83.0,3.0
2019-03-13 23:00:00+00:00,25.1,78.995255,1011.0368,12.261158,3.3664,0.0,0.0,0.0
2019-03-14 00:00:00+00:00,25.05,81.19634,1011.4363,8.825508,11.76827,0.0,0.0,0.0
2019-03-14 01:00:00+00:00,24.85,81.419846,1011.93585,8.4042845,9.865748,0.0,1.0,0.0
2019-03-14 02:00:00+00:00,25.9,72.82468,1012.637,5.6002855,44.999897,0.0,6.0,0.0
2019-03-14 03:00:00+00:00,29.0,56.21477,1013.34143,5.7599998,90.0,0.0,8.0,0.0
2019-03-14 04:00:00+00:00,31.4,44.877666,1013.64514,5.6233797,140.19447,0.0,1.0,0.0
2019-03-14 05:00:00+00:00,32.5,42.699688,1013.34686,10.239453,190.1246,0.0,1.0,0.0
2019-03-14 06:00:00+00:00,32.3,48.46226,1012.44696,14.007655,205.90645,0.0,1.0,0.0
2019-03-14 07:00:00+00:00,32.75,45.947704,1011.0483,14.291592,220.91429,0.0,0.0,0.0
2019-03-14 08:00:00+00:00,32.6,49.44697,1009.9484,16.595179,229.39879,0.0,0.0,0.0
2019-03-14 09:00:00+00:00,31.15,61.9655,1009.0469,18.075441,225.80684,0.0,23.0,1.0
2019-03-14 10:00:00+00:00,30.8,65.94359,1008.4466,16.981165,212.00534,0.0,55.0,2.0
2019-03-14 11:00:00+00:00,30.6,65.70448,1008.3462,18.374111,214.62422,0.0,74.0,2.0
2019-03-14 12:00:00+00:00,29.65,69.80687,1008.7449,14.88242,237.84773,0.0,52.0,2.0
2019-03-14 13:00:00+00:00,28.8,72.22372,1009.5429,15.034041,253.30067,0.0,82.0,3.0
2019-03-14 14:00:00+00:00,28.65,73.07507,1010.44257,13.910169,259.56256,0.0,90.0,3.0
2019-03-14 15:00:00+00:00,28.15,76.60363,1011.641,10.24578,288.43503,0.0,96.0,3.0
2019-03-14 16:00:00+00:00,27.65,80.06698,1012.63995,7.289445,302.90524,0.0,97.0,3.0
2019-03-14 17:00:00+00:00,27.35,80.26858,1013.2393,6.489992,303.6901,0.0,97.0,3.0
2019-03-14 18:00:00+00:00,26.9,82.66524,1013.13837,8.209263,322.12494,0.0,96.0,3.0
2019-03-14 19:00:00+00:00,26.2,86.66707,1012.63763,8.4042845,350.13425,0.0,96.0,3.0
2019-03-14 20:00:00+00:00,25.65,86.35479,1011.83704,7.9932976,7.7650824,0.0,93.0,3.0
2019-03-14 21:00:00+00:00,25.25,86.05555,1011.1368,7.6367526,8.130019,0.0,95.0,3.0
2019-03-14 22:00:00+00:00,24.75,88.391136,1010.63635,8.287822,2.4894993,0.0,76.0,2.0
2019-03-14 23:00:00+00:00,24.3,91.63296,1010.6357,9.007196,357.70944,0.0,84.0,3.0
2019-03-15 00:00:00+00:00,23.85,91.60584,1010.7348,5.506941,11.3098955,0.0,90.0,3.0
2019-03-15 01:00:00+00:00,24.0,85.933784,1011.43475,7.628263,19.290138,0.0,4.0,0.0
2019-03-15 02:00:00+00:00,25.9,63.12492,1012.5371,7.127636,44.999897,0.0,20.0,1.0
2019-03-15 03:00:00+00:00,29.35,48.445824,1013.1422,8.654987,44.999897,0.0,39.0,1.0
2019-03-15 04:00:00+00:00,31.4,42.940605,1013.3453,4.1046314,74.74483,0.0,44.0,1.0
2019-03-15 05:00:00+00:00,32.65,40.006737,1013.1473,4.802999,192.99461,0.0,56.0,2.0
2019-03-15 06:00:00+00:00,32.15,50.876072,1012.64655,13.202726,205.8663,0.0,88.0,3.0
2019-03-15 07:00:00+00:00,31.35,55.06837,1011.54614,17.339897,221.63345,0.2,85.0,51.0
2019-03-15 08:00:00+00:00,31.5,51.024475,1010.5466,17.57744,235.0079,0.0,91.0,3.0
2019-03-15 09:00:00+00:00,31.7,53.489418,1009.34735,15.03835,227.9109,0.1,40.0,51.0
2019-03-15 10:00:00+00:00,30.9,56.846275,1008.7464,18.472595,213.07068,0.0,69.0,2.0
2019-03-15 11:00:00+00:00,29.7,70.449646,1008.6449,18.681883,205.08356,0.0,53.0,2.0
2019-03-15 12:00:00+00:00,28.8,70.711334,1009.04315,18.626305,221.08165,0.0,69.0,2.0
2019-03-15 13:00:00+00:00,27.85,74.27769,1009.44165,17.654688,230.7928,0.0,39.0,1.0
2019-03-15 14:00:00+00:00,27.85,74.72893,1010.54114,15.188415,264.55975,0.0,26.0,1.0
2019-03-15 15:00:00+00:00,27.7,75.386505,1011.6404,11.177405,284.93146,0.0,4.0,0.0
2019-03-15 16:00:00+00:00,27.05,78.78772,1012.2392,6.297428,329.03632,0.0,0.0,0.0
2019-03-15 17:00:00+00:00,26.65,81.15233,1012.3384,7.072878,345.25638,0.0,0.0,0.0
2019-03-15 18:00:00+00:00,26.25,82.33923,1012.5377,8.28,360.0,0.0,0.0,0.0
2019-03-15 19:00:00+00:00,25.65,83.52602,1011.83704,9.746631,4.23632,0.0,0.0,0.0
2019-03-15 20:00:00+00:00,25.0,85.51006,1010.9365,10.1376915,6.1154146,0.0,0.0,0.0
2019-03-15 21:00:00+00:00,24.3,86.22602,1010.3358,7.968939,18.435053,0.0,0.0,0.0
2019-03-15 22:00:00+00:00,23.45,85.87973,1010.2343,3.8268526,41.185837,0.0,0.0,0.0
2019-03-15 23:00:00+00:00,22.45,87.65786,1010.4327,4.6102495,38.65983,0.0,0.0,0.0
2019-03-16 00:00:00+00:00,22.45,87.92897,1010.4327,3.6,36.86999,0.0,0.0,0.0
2019-03-16 01:00:00+00:00,23.15,78.47508,1011.33356,6.4096174,51.842735,0.0,2.0,0.0
2019-03-16 02:00:00+00:00,25.05,68.078064,1012.1359,7.653705,48.814175,0.0,0.0,0.0
2019-03-16 03:00:00+00:00,28.5,60.436527,1012.6411,6.989936,55.491425,0.0,0.0,0.0
2019-03-16 04:00:00+00:00,31.05,45.4941,1012.9449,6.1094027,44.999897,0.0,1.0,0.0
2019-03-16 05:00:00+00:00,33.2,36.63609,1012.7481,0.71999997,270.0,0.0,1.0,0.0
2019-03-16 06:00:00+00:00,33.35,41.220074,1012.2487,10.44,226.39711,0.0,1.0,0.0
2019-03-16 07:00:00+00:00,32.0,51.785694,1011.24725,17.072504,222.43619,0.0,1.0,0.0
2019-03-16 08:00:00+00:00,31.8,47.734383,1010.14734,17.935081,218.48022,0.0,1.0,0.0
2019-03-16 09:00:00+00:00,31.75,54.82947,1009.34735,17.581125,227.4896,0.0,10.0,0.0
2019-03-16 10:00:00+00:00,31.35,52.10149,1009.04724,20.111729,225.72514,0.0,24.0,1.0
2019-03-16 11:00:00+00:00,30.0,60.776234,1009.0449,16.135872,218.65984,0.0,39.0,1.0
2019-03-16 12:00:00+00:00,29.0,66.98895,1009.34326,11.753876,229.9698,0.0,52.0,2.0
2019-03-16 13:00:00+00:00,28.25,71.257324,1009.84204,11.592895,244.23071,0.0,0.0,0.0
2019-03-16 14:00:00+00:00,28.05,67.82902,1011.04126,6.924738,261.02747,0.0,30.0,1.0
2019-03-16 15:00:00+00:00,27.95,65.7609,1012.04047,6.519877,263.6599,0.0,69.0,2.0
2019-03-16 16:00:00+00:00,27.25,69.78237,1013.03906,2.8116899,309.8055,0.0,79.0,2.0
2019-03-16 17:00:00+00:00,27.3,71.740524,1013.139,5.2416787,285.94547,0.0,89.0,3.0
2019-03-16 18:00:00+00:00,26.85,75.94161,1013.13837,4.8433046,318.01288,0.0,83.0,3.0
2019-03-16 19:00:00+00:00,26.05,81.56986,1012.2375,5.4833565,336.8014,0.0,57.0,2.0
2019-03-16 20:00:00+00:00,25.45,81.74378,1011.5369,6.2145634,10.007925,0.0,48.0,1.0
2019-03-16 21:00:00+00:00,25.05,78.26405,1010.9365,5.991594,32.73523,0.0,59.0,2.0
2019-03-16 22:00:00+00:00,24.65,78.20626,1010.83594,5.634891,26.564985,0.0,61.0,2.0
2019-03-16 23:00:00+00:00,24.45,77.456406,1010.5357,8.707238,7.12493,0.0,53.0,2.0
2019-03-17 00:00:00+00:00,23.75,81.28076,1010.7348,5.3999996,36.86998,0.0,15.0,0.0
2019-03-17 01:00:00+00:00,24.4,76.73372,1011.13544,4.6938257,57.528828,0.0,90.0,3.0
2019-03-17 02:00:00+00:00,26.5,68.999344,1012.13824,4.829907,63.435013,0.0,88.0,3.0
2019-03-17 03:00:00+00:00,28.65,68.361694,1013.3412,2.8799999,90.0,0.0,87.0,3.0
2019-03-17 04:00:00+00:00,30.3,58.114166,1013.54364,4.3349743,184.76355,0.1,89.0,51.0
2019-03-17 05:00:00+00:00,31.1,55.007317,1013.5446,7.968939,198.43504,0.2,95.0,51.0
2019-03-17 06:00:00+00:00,30.55,63.161484,1012.8442,11.609651,209.7448,0.7,95.0,53.0
2019-03-17 07:00:00+00:00,30.4,63.129166,1011.74445,13.783817,220.76352,0.3,92.0,51.0
2019-03-17 08:00:00+00:00,31.1,56.201447,1010.44604,14.565548,219.98683,0.0,88.0,3.0
2019-03-17 09:00:00+00:00,31.05,61.19714,1009.2466,18.971008,213.38853,0.0,69.0,2.0
2019-03-17 10:00:00+00:00,30.35,65.65333,1008.84576,18.25026,202.01134,0.0,62.0,2.0
2019-03-17 11:00:00+00:00,29.65,66.51115,1008.94476,15.484185,197.59251,0.0,74.0,2.0
2019-03-17 12:00:00+00:00,29.35,71.66978,1008.2445,12.904882,210.1413,0.0,40.0,1.0
2019-03-17 13:00:00+00:00,28.45,73.48367,1008.9429,14.76439,224.9999,0.0,22.0,1.0
2019-03-17 14:00:00+00:00,28.25,74.79371,1010.042,11.246759,230.19447,0.0,19.0,0.0
2019-03-17 15:00:00+00:00,28.15,77.298416,1011.14124,7.69592,280.78424,0.0,5.0,0.0
2019-03-17 16:00:00+00:00,27.95,78.44036,1012.04047,10.587918,324.6887,0.0,0.0,0.0
2019-03-17 17:00:00+00:00,27.5,79.32735,1012.4397,12.015589,351.38443,0.0,0.0,0.0
2019-03-17 18:00:00+00:00,26.8,79.47154,1012.7386,11.165805,1.8475709,0.0,0.0,0.0
2019-03-17 19:00:00+00:00,26.25,80.3669,1012.23785,10.823973,3.8140097,0.0,0.0,0.0
2019-03-17 20:00:00+00:00,25.8,83.79643,1011.23773,10.086427,357.95462,0.0,0.0,0.0
2019-03-17 21:00:00+00:00,25.6,85.57012,1010.2378,9.779817,353.6599,0.0,0.0,0.0
2019-03-17 22:00:00+00:00,25.4,86.85513,1009.8377,9.779817,353.6599,0.0,0.0,0.0
2019-03-17 23:00:00+00:00,25.05,87.08672,1009.73706,7.92,360.0,0.0,0.0,0.0
2019-03-18 00:00:00+00:00,25.35,84.00135,1009.9377,4.68,360.0,0.0,3.0,0.0
2019-03-18 01:00:00+00:00,25.65,81.768456,1010.6376,5.8048253,7.12493,0.0,8.0,0.0
2019-03-18 02:00:00+00:00,26.9,73.8948,1011.63904,4.829907,26.564985,0.0,17.0,0.0
2019-03-18 03:00:00+00:00,29.7,59.418213,1012.4432,3.8939953,56.3099,0.0,3.0,0.0
2019-03-18 04:00:00+00:00,31.7,51.869335,1013.04565,1.1384199,251.56496,0.0,19.0,0.0
2019-03-18 05:00:00+00:00,32.9,48.918877,1012.8477,7.8954163,245.77226,0.0,51.0,2.0
2019-03-18 06:00:00+00:00,32.65,52.750156,1012.0478,15.315873,240.42226,0.0,63.0,2.0
2019-03-18 07:00:00+00:00,31.5,53.76917,1011.44617,16.039202,224.09071,0.2,29.0,51.0
2019-03-18 08:00:00+00:00,32.3,51.861538,1010.34784,12.229406,222.61401,0.1,35.0,51.0
2019-03-18 09:00:00+00:00,30.45,65.27828,1009.74536,10.97262,221.00899,1.7,68.0,61.0
2019-03-18 10:00:00+00:00,29.6,68.33813,1009.64404,11.592894,216.15828,0.5,55.0,53.0
2019-03-18 11:00:00+00:00,28.65,72.85479,1009.74286,12.387348,215.53777,0.6,49.0,53.0
2019-03-18 12:00:00+00:00,29.35,71.239426,1009.0441,10.233123,230.71062,0.1,49.0,51.0
2019-03-18 13:00:00+00:00,28.55,78.29037,1009.6425,9.220499,231.34016,0.0,49.0,1.0
2019-03-18 14:00:00+00:00,28.05,82.55257,1010.4416,6.489992,250.55988,0.0,25.0,1.0
2019-03-18 15:00:00+00:00,27.95,83.28356,1011.34076,2.0991426,239.0363,0.0,42.0,1.0
2019-03-18 16:00:00+00:00,27.9,82.78196,1012.5402,6.28713,13.240531,0.0,80.0,3.0
2019-03-18 17:00:00+00:00,27.65,81.27823,1012.63995,8.647496,357.6141,0.0,49.0,1.0
2019-03-18 18:00:00+00:00,27.2,80.491104,1012.6392,10.105681,355.91446,0.0,43.0,1.0
2019-03-18 19:00:00+00:00,26.75,82.15079,1011.7391,8.427383,340.0168,0.0,12.0,0.0
2019-03-18 20:00:00+00:00,26.3,85.12549,1010.7385,6.830519,341.56494,0.0,15.0,0.0
2019-03-18 21:00:00+00:00,25.8,87.15411,1009.8383,7.9526596,354.80566,0.0,6.0,0.0
2019-03-18 22:00:00+00:00,25.45,88.181694,1009.53784,8.350138,352.5687,0.0,13.0,0.0
2019-03-18 23:00:00+00:00,25.3,87.903175,1009.33795,7.2,360.0,0.0,62.0,2.0
2019-03-19 00:00:00+00:00,25.2,87.10022,1009.3376,5.2416787,15.945477,0.0,78.0,2.0
2019-03-19 01:00:00+00:00,25.5,83.509125,1009.9379,6.4096174,38.157276,0.0,95.0,3.0
2019-03-19 02:00:00+00:00,26.65,76.84076,1011.039,3.8939953,56.3099,0.0,96.0,3.0
2019-03-19 03:00:00+00:00,28.85,65.7447,1011.8421,2.3051248,38.65983,0.0,98.0,3.0
2019-03-19 04:00:00+00:00,31.1,55.007317,1011.9454,0.8049845,206.56499,0.0,96.0,3.0
2019-03-19 05:00:00+00:00,32.65,47.075184,1011.54803,4.5820518,224.9999,0.0,98.0,3.0
2019-03-19 06:00:00+00:00,31.95,55.552494,1010.7471,11.681987,236.3099,0.3,99.0,51.0
2019-03-19 07:00:00+00:00,30.85,60.413475,1009.646,17.174677,236.97612,0.2,76.0,51.0
2019-03-19 08:00:00+00:00,31.95,51.773045,1008.4481,15.124284,218.23386,0.0,78.0,2.0
2019-03-19 09:00:00+00:00,31.7,60.057518,1007.54816,16.199999,216.86998,0.0,74.0,2.0
2019-03-19 10:00:00+00:00,30.85,64.77233,1006.8472,19.08,211.89075,0.0,72.0,2.0
2019-03-19 11:00:00+00:00,30.05,65.59183,1006.84595,16.055353,199.65392,0.0,79.0,2.0
2019-03-19 12:00:00+00:00,28.65,72.197495,1007.04407,15.646544,203.02553,0.0,80.0,3.0
2019-03-19 13:00:00+00:00,27.95,76.80448,1007.64246,14.021525,209.19739,0.0,76.0,2.0
2019-03-19 14:00:00+00:00,27.75,77.94096,1008.4419,9.585739,214.28693,0.0,65.0,2.0
2019-03-19 15:00:00+00:00,27.8,77.948235,1009.64154,5.904439,232.43134,0.0,75.0,2.0
2019-03-19 16:00:00+00:00,27.6,79.10248,1010.441,3.2399998,270.0,0.0,77.0,2.0
2019-03-19 17:00:00+00:00,27.1,81.69971,1010.8398,2.52,270.0,0.0,76.0,2.0
2019-03-19 18:00:00+00:00,27.15,80.97119,1011.04,2.4149535,296.56497,0.0,70.0,2.0
2019-03-19 19:00:00+00:00,25.4,89.51753,1010.23755,5.1919937,303.6901,0.0,62.0,2.0
2019-03-19 20:00:00+00:00,26.35,84.11054,1009.5394,1.2979984,123.690094,0.0,73.0,2.0
2019-03-19 21:00:00+00:00,24.6,92.20646,1008.83685,4.2136917,70.01681,0.0,88.0,3.0
2019-03-19 22:00:00+00:00,24.5,89.72227,1008.537,4.2136917,70.01681,0.0,93.0,3.0
2019-03-19 23:00:00+00:00,24.8,86.80002,1008.63727,3.7585104,106.699326,0.0,95.0,3.0
2019-03-20 00:00:00+00:00,25.1,90.85579,1008.53796,3.396233,122.00535,0.0,97.0,3.0
2019-03-20 01:00:00+00:00,25.1,89.76591,1009.43756,2.8116899,39.805527,0.0,87.0,3.0
2019-03-20 02:00:00+00:00,26.65,80.419365,1010.4393,4.8433046,41.98713,0.0,79.0,2.0
2019-03-20 03:00:00+00:00,28.55,72.39864,1011.2418,1.5273507,44.999897,0.0,87.0,3.0
2019-03-20 04:00:00+00:00,30.6,59.081223,1011.94464,2.5959969,236.3099,0.1,94.0,51.0
2019-03-20 05:00:00+00:00,31.4,55.24964,1012.0459,7.127636,224.9999,0.2,91.0,51.0
2019-03-20 06:00:00+00:00,30.95,61.547195,1011.54553,11.525623,231.34016,0.7,94.0,53.0
2019-03-20 07:00:00+00:00,29.9,66.76314,1010.6442,13.779114,236.7251,0.4,70.0,51.0
2019-03-20 08:00:00+00:00,30.9,60.978245,1009.3461,14.291592,229.08571,0.0,84.0,3.0
2019-03-20 09:00:00+00:00,30.5,65.48603,1008.4462,14.291592,220.91429,0.3,87.0,51.0
2019-03-20 10:00:00+00:00,30.15,66.41077,1008.1457,11.384198,235.30478,0.3,92.0,51.0
2019-03-20 11:00:00+00:00,29.35,69.12143,1007.94464,11.212135,222.39738,0.2,96.0,51.0
2019-03-20 12:00:00+00:00,28.3,74.57642,1008.0429,9.83268,246.25049,0.1,95.0,51.0
2019-03-20 13:00:00+00:00,27.55,75.82071,1008.64136,5.3517847,250.34608,0.0,96.0,3.0
2019-03-20 14:00:00+00:00,27.2,80.73402,1009.74054,0.71999997,360.0,0.0,96.0,3.0
2019-03-20 15:00:00+00:00,27.1,82.192856,1011.03973,0.71999997,90.0,0.0,95.0,3.0
2019-03-20 16:00:00+00:00,27.25,77.398674,1011.7396,0.35999998,90.0,0.0,94.0,3.0
2019-03-20 17:00:00+00:00,26.35,84.87456,1012.03827,2.2768397,288.43503,0.0,94.0,3.0
2019-03-20 18:00:00+00:00,25.45,88.98329,1011.7369,4.0249224,280.30478,0.0,96.0,3.0
2019-03-20 19:00:00+00:00,25.25,88.69948,1011.0368,3.8939953,303.6901,0.0,94.0,3.0
2019-03-20 20:00:00+00:00,24.5,92.20083,1010.1362,5.5887027,345.06854,0.0,87.0,3.0
2019-03-20 21:00:00+00:00,24.6,91.92833,1009.43665,4.5536795,18.435053,0.0,92.0,3.0
2019-03-20 22:00:00+00:00,24.25,91.62991,1009.0362,5.6233797,39.805527,0.0,95.0,3.0
2019-03-20 23:00:00+00:00,23.65,91.59379,1009.13513,5.6233797,50.194473,0.0,96.0,3.0
2019-03-21 00:00:00+00:00,23.2,92.127396,1009.23456,5.1165614,50.710617,0.0,95.0,3.0
2019-03-21 01:00:00+00:00,23.75,90.4911,1010.1351,3.7064266,60.94549,0.0,96.0,3.0
2019-03-21 02:00:00+00:00,25.8,82.035805,1011.33765,3.8939953,56.3099,0.0,97.0,3.0
2019-03-21 03:00:00+00:00,28.05,73.4162,1012.3407,2.4149535,63.435013,0.0,95.0,3.0
2019-03-21 04:00:00+00:00,30.1,60.243584,1012.84357,3.0758414,200.55612,0.0,86.0,3.0
2019-03-21 05:00:00+00:00,31.35,55.06837,1013.1454,8.161764,221.42357,0.1,71.0,51.0
2019-03-21 06:00:00+00:00,31.0,59.535057,1012.34515,12.218805,224.9999,0.2,64.0,51.0
2019-03-21 07:00:00+00:00,30.3,59.37431,1011.2447,13.246826,227.20262,0.1,56.0,51.0
2019-03-21 08:00:00+00:00,31.2,55.03175,1010.14636,12.538134,219.17365,0.0,23.0,1.0
2019-03-21 09:00:00+00:00,31.3,61.624607,1009.1468,16.135872,218.65984,0.0,19.0,0.0
2019-03-21 10:00:00+00:00,30.4,60.866188,1008.6458,13.551501,219.61066,0.0,24.0,1.0
2019-03-21 11:00:00+00:00,29.95,63.416973,1008.54517,13.104198,217.18478,0.0,15.0,0.0
2019-03-21 12:00:00+00:00,29.0,69.05497,1008.84344,11.681987,213.6901,0.0,13.0,0.0
2019-03-21 13:00:00+00:00,27.95,73.84553,1009.3417,8.217153,208.8107,0.0,8.0,0.0
2019-03-21 14:00:00+00:00,27.55,76.05063,1010.4406,5.4119864,176.186,0.0,14.0,0.0
2019-03-21 15:00:00+00:00,27.5,77.66989,1011.5401,4.6938257,147.52882,0.0,9.0,0.0
2019-03-21 16:00:00+00:00,26.7,85.67924,1012.3384,3.8773184,111.801476,0.0,8.0,0.0
2019-03-21 17:00:00+00:00,26.7,84.401924,1012.5383,3.219938,63.435013,0.0,6.0,0.0
2019-03-21 18:00:00+00:00,26.0,86.387856,1012.8372,4.2136917,19.983198,0.0,5.0,0.0
2019-03-21 19:00:00+00:00,25.55,86.08455,1012.4368,4.1046314,15.255177,0.0,2.0,0.0
2019-03-21 20:00:00+00:00,25.4,83.497856,1011.8368,4.072935,44.999897,0.0,1.0,0.0
2019-03-21 21:00:00+00:00,25.2,83.475266,1011.1368,6.1305785,49.76371,0.0,2.0,0.0
2019-03-21 22:00:00+00:00,24.85,84.20274,1010.63635,5.991594,32.73523,0.0,2.0,0.0
2019-03-21 23:00:00+00:00,24.65,83.4129,1010.5361,6.439876,26.564985,0.0,1.0,0.0
2019-03-22 00:00:00+00:00,24.6,82.89844,1010.63605,4.829907,26.564985,0.0,1.0,0.0
2019-03-22 01:00:00+00:00,25.2,79.00923,1011.3367,5.815978,21.801476,0.0,18.0,0.0
2019-03-22 02:00:00+00:00,26.8,72.534836,1012.0389,4.896529,17.102825,0.0,78.0,2.0
2019-03-22 03:00:00+00:00,29.35,60.816074,1012.74243,3.671294,348.6901,0.0,79.0,2.0
2019-03-22 04:00:00+00:00,31.4,50.684166,1013.1454,3.9763298,264.80566,0.0,68.0,2.0
2019-03-22 05:00:00+00:00,32.25,50.90158,1013.1466,9.693296,238.67136,0.0,10.0,0.0
2019-03-22 06:00:00+00:00,31.9,54.69868,1012.7462,14.4,233.13002,0.1,6.0,51.0
2019-03-22 07:00:00+00:00,31.7,49.982155,1011.6463,15.072783,229.84407,0.0,23.0,1.0
2019-03-22 08:00:00+00:00,32.05,53.576313,1010.4476,15.1884165,211.42952,0.0,33.0,1.0
2019-03-22 09:00:00+00:00,31.35,64.29376,1009.3471,16.78156,215.39488,0.0,65.0,2.0
2019-03-22 10:00:00+00:00,30.7,63.38536,1008.94635,13.217443,209.35765,0.0,69.0,2.0
2019-03-22 11:00:00+00:00,30.25,65.23696,1008.64545,13.217443,209.35765,0.0,35.0,1.0
2019-03-22 12:00:00+00:00,29.1,66.60247,1008.7439,10.009036,217.6943,0.0,44.0,1.0
2019-03-22 13:00:00+00:00,28.25,72.78605,1009.3423,8.373386,205.4633,0.0,53.0,2.0
2019-03-22 14:00:00+00:00,28.0,77.04381,1010.3416,6.519877,173.6599,0.0,38.0,1.0
2019-03-22 15:00:00+00:00,27.8,81.05373,1011.14087,6.439876,153.43501,0.0,24.0,1.0
2019-03-22 16:00:00+00:00,27.65,83.74892,1012.14014,6.489992,146.3099,0.0,30.0,1.0
2019-03-22 17:00:00+00:00,27.5,84.993324,1012.3397,6.439876,153.43501,0.0,15.0,0.0
2019-03-22 18:00:00+00:00,27.3,86.251945,1012.6392,4.1046314,142.12495,0.0,10.0,0.0
2019-03-22 19:00:00+00:00,26.45,91.21492,1012.03827,4.072935,135.0001,0.0,10.0,0.0
2019-03-22 20:00:00+00:00,26.35,90.665504,1011.1387,2.9024127,82.875084,0.0,6.0,0.0
2019-03-22 21:00:00+00:00,25.45,93.6474,1010.6373,4.0249224,63.435013,0.0,9.0,0.0
2019-03-22 22:00:00+00:00,25.3,92.5231,1010.03766,2.8116899,50.194473,0.0,11.0,0.0
2019-03-22 23:00:00+00:00,25.2,90.316315,1010.2372,4.8433046,41.98713,0.0,9.0,0.0
2019-03-23 00:00:00+00:00,25.2,88.69551,1010.43713,5.1165614,39.289394,0.0,5.0,0.0
2019-03-23 01:00:00+00:00,25.55,84.534515,1011.23737,4.8965297,36.027473,0.0,2.0,0.0
2019-03-23 02:00:00+00:00,27.0,79.25877,1012.2392,3.8268526,41.185837,0.0,1.0,0.0
2019-03-23 03:00:00+00:00,29.25,69.73228,1013.1422,3.4152596,341.56494,0.0,8.0,0.0
2019-03-23 04:00:00+00:00,31.15,57.95849,1013.3449,4.6800003,292.6199,0.0,15.0,0.0
2019-03-23 05:00:00+00:00,32.5,50.965313,1012.9471,8.28,270.0,0.0,9.0,0.0
2019-03-23 06:00:00+00:00,32.95,51.079803,1012.04803,12.324414,263.29025,0.0,17.0,0.0
2019-03-23 07:00:00+00:00,32.15,56.62503,1011.1472,15.188415,264.55975,0.3,33.0,51.0
2019-03-23 08:00:00+00:00,31.6,58.41798,1010.34686,15.815435,258.17853,0.2,12.0,51.0
2019-03-23 09:00:00+00:00,31.6,63.960842,1009.54724,18.947083,255.69969,0.1,31.0,51.0
2019-03-23 10:00:00+00:00,30.8,61.888515,1009.1462,12.074766,259.69522,0.2,26.0,51.0
2019-03-23 11:00:00+00:00,30.1,69.68083,1009.14526,11.753877,242.6502,0.1,24.0,51.0
2019-03-23 12:00:00+00:00,29.0,73.57606,1008.7435,11.592895,244.23071,0.3,31.0,51.0
2019-03-23 13:00:00+00:00,28.65,72.197495,1009.343,5.4477882,262.40546,0.0,31.0,1.0
2019-03-23 14:00:00+00:00,28.5,73.71429,1010.04236,3.9763298,275.19434,0.0,14.0,0.0
2019-03-23 15:00:00+00:00,27.8,82.77034,1011.0409,3.0547013,315.0001,0.0,11.0,0.0
2019-03-23 16:00:00+00:00,27.5,82.98366,1011.64,3.7585104,286.6993,0.0,9.0,0.0
2019-03-23 17:00:00+00:00,27.4,83.2212,1011.83997,3.319036,319.39877,0.0,5.0,0.0
2019-03-23 18:00:00+00:00,26.95,85.447464,1011.83936,3.319036,347.4712,0.0,6.0,0.0
2019-03-23 19:00:00+00:00,26.25,89.31236,1011.43823,3.9763298,5.19435,0.0,5.0,0.0
2019-03-23 20:00:00+00:00,26.25,89.31236,1010.7385,4.0249224,10.304792,0.0,7.0,0.0
2019-03-23 21:00:00+00:00,25.9,89.55448,1010.23816,6.151683,20.556128,0.0,7.0,0.0
2019-03-23 22:00:00+00:00,25.6,87.13616,1009.83795,7.5685663,25.346138,0.0,9.0,0.0
2019-03-23 23:00:00+00:00,25.25,87.10472,1009.83734,5.3517847,19.653913,0.0,5.0,0.0
2019-03-24 00:00:00+00:00,25.0,87.6118,1009.6371,7.5685663,2.7262611,0.0,4.0,0.0
2019-03-24 01:00:00+00:00,25.3,85.540146,1010.4375,7.92,360.0,0.0,2.0,0.0
2019-03-24 02:00:00+00:00,26.9,78.528496,1011.4392,7.2,360.0,0.0,1.0,0.0
2019-03-24 03:00:00+00:00,29.3,69.53117,1012.0428,7.928178,357.3975,0.0,0.0,0.0
2019-03-24 04:00:00+00:00,31.5,57.864117,1012.44574,6.1305785,319.7637,0.0,0.0,0.0
2019-03-24 05:00:00+00:00,33.15,48.683502,1012.1484,7.5599995,270.0,0.0,4.0,0.0
2019-03-24 06:00:00+00:00,33.4,47.71104,1011.34906,12.429127,259.9921,0.0,16.0,0.0
2019-03-24 07:00:00+00:00,32.4,55.15565,1010.14825,13.202726,258.9965,0.4,23.0,51.0
2019-03-24 08:00:00+00:00,32.45,53.675354,1008.8489,15.827721,252.80138,0.1,23.0,51.0
2019-03-24 09:00:00+00:00,32.15,60.70576,1007.8487,16.676977,237.3391,0.0,33.0,1.0
2019-03-24 10:00:00+00:00,31.7,62.461224,1007.44824,15.192682,233.67308,0.0,35.0,1.0
2019-03-24 11:00:00+00:00,30.6,67.50922,1007.44666,14.081477,237.52882,0.0,23.0,1.0
2019-03-24 12:00:00+00:00,29.35,72.53729,1007.4449,10.990322,211.60745,0.1,36.0,51.0
2019-03-24 13:00:00+00:00,28.75,74.20158,1007.94366,8.825508,191.76826,0.0,9.0,0.0
2019-03-24 14:00:00+00:00,28.3,78.48988,1008.6426,6.87779,173.99109,0.0,10.0,0.0
2019-03-24 15:00:00+00:00,28.1,81.334496,1009.54193,5.904439,142.43134,0.0,9.0,0.0
2019-03-24 16:00:00+00:00,27.95,83.035324,1010.2413,6.489992,123.6901,0.0,7.0,0.0
2019-03-24 17:00:00+00:00,27.6,84.75021,1010.341,7.42159,129.09386,0.0,4.0,0.0
2019-03-24 18:00:00+00:00,26.95,88.04194,1010.2401,5.1919937,123.690094,0.0,1.0,0.0
2019-03-24 19:00:00+00:00,25.65,92.81942,1009.5381,4.6938252,85.60138,0.0,0.0,0.0
2019-03-24 20:00:00+00:00,25.0,92.22882,1008.83746,4.8433046,41.98713,0.0,0.0,0.0
2019-03-24 21:00:00+00:00,24.7,91.38045,1008.1375,4.2136917,70.01681,0.0,0.0,0.0
2019-03-24 22:00:00+00:00,25.05,89.221504,1008.03784,5.0911684,98.13002,0.0,2.0,0.0
2019-03-24 23:00:00+00:00,24.8,88.93266,1008.2375,5.506941,101.3099,0.0,4.0,0.0
2019-03-25 00:00:00+00:00,24.75,89.7405,1008.43744,6.2145634,100.00792,0.0,8.0,0.0
2019-03-25 01:00:00+00:00,25.15,84.491905,1008.9378,7.92,90.0,0.0,3.0,0.0
2019-03-25 02:00:00+00:00,26.65,78.49303,1009.83954,6.379216,106.38962,0.0,1.0,0.0
2019-03-25 03:00:00+00:00,29.1,64.60242,1010.5431,6.9153743,141.34016,0.0,0.0,0.0
2019-03-25 04:00:00+00:00,31.5,51.818676,1010.74646,3.6,180.0,0.0,2.0,0.0
2019-03-25 05:00:00+00:00,33.25,43.712402,1010.749,3.5455887,203.9625,0.0,6.0,0.0
2019-03-25 06:00:00+00:00,33.75,44.66926,1009.9503,8.669949,221.63345,0.0,5.0,0.0
2019-03-25 07:00:00+00:00,32.9,54.610058,1008.94946,13.684735,206.56499,0.2,28.0,51.0
2019-03-25 08:00:00+00:00,31.7,58.264015,1008.0479,18.861387,193.24052,0.2,2.0,51.0
2019-03-25 09:00:00+00:00,31.5,59.830544,1007.1481,18.448023,185.59924,0.0,5.0,0.0
2019-03-25 10:00:00+00:00,31.5,62.22975,1006.54834,20.870687,194.99513,0.0,5.0,0.0
2019-03-25 11:00:00+00:00,30.85,66.55146,1006.44745,21.068459,196.88687,0.0,6.0,0.0
2019-03-25 12:00:00+00:00,29.6,69.79756,1006.2456,24.640942,205.06743,0.0,3.0,0.0
2019-03-25 13:00:00+00:00,29.4,72.76422,1006.64514,15.986593,215.83774,0.0,3.0,0.0
2019-03-25 14:00:00+00:00,29.2,72.51138,1007.7443,1.1384199,198.43504,0.0,1.0,0.0
2019-03-25 15:00:00+00:00,28.75,74.42524,1009.24304,5.6920996,18.435053,0.0,0.0,0.0
2019-03-25 16:00:00+00:00,28.45,75.96093,1010.24225,9.114471,350.9098,0.0,0.0,0.0
2019-03-25 17:00:00+00:00,27.55,79.813286,1010.94037,10.8955765,7.59456,0.0,0.0,0.0
2019-03-25 18:00:00+00:00,26.9,81.42919,1011.1393,14.512064,7.12493,0.0,0.0,0.0
2019-03-25 19:00:00+00:00,26.65,83.13561,1010.73914,14.830076,354.4279,0.0,0.0,0.0
2019-03-25 20:00:00+00:00,26.05,86.132675,1010.3383,14.04,360.0,0.0,0.0,0.0
2019-03-25 21:00:00+00:00,25.55,87.65946,1009.83795,12.959999,360.0,0.0,0.0,0.0
2019-03-25 22:00:00+00:00,25.35,88.70744,1009.4379,12.015589,351.38443,0.0,0.0,0.0
2019-03-25 23:00:00+00:00,24.95,89.48409,1009.5372,10.464798,356.0549,0.0,0.0,0.0
2019-03-26 00:00:00+00:00,23.4,92.70192,1009.5346,6.162207,6.70975,0.0,0.0,0.0
2019-03-26 01:00:00+00:00,23.85,91.60584,1010.0351,2.7416782,66.801384,0.0,0.0,0.0
2019-03-26 02:00:00+00:00,25.5,81.999275,1010.9375,2.16,90.0,0.0,0.0,0.0
2019-03-26 03:00:00+00:00,29.25,54.552258,1011.84283,5.1165614,129.28938,0.0,0.0,0.0
2019-03-26 04:00:00+00:00,31.6,43.67793,1012.24603,7.2,180.0,0.0,0.0,0.0
2019-03-26 05:00:00+00:00,32.05,51.639324,1012.54663,9.504272,217.30403,0.0,0.0,0.0
2019-03-26 06:00:00+00:00,32.0,55.05837,1011.8469,13.783817,229.23648,0.0,25.0,1.0
2019-03-26 07:00:00+00:00,32.0,45.748093,1011.24725,17.309975,224.9999,0.0,60.0,2.0
2019-03-26 08:00:00+00:00,31.8,52.53726,1010.44727,17.595861,210.76265,0.0,70.0,2.0
2019-03-26 09:00:00+00:00,31.65,51.220715,1009.34735,19.829433,195.80258,0.0,77.0,2.0
2019-03-26 10:00:00+00:00,31.1,52.685593,1008.4469,25.630886,190.52074,0.0,14.0,0.0
2019-03-26 11:00:00+00:00,30.55,54.199173,1008.3462,26.368616,194.226,0.0,3.0,0.0
2019-03-26 12:00:00+00:00,29.45,59.727055,1008.8444,21.603,203.57472,0.0,55.0,2.0
2019-03-26 13:00:00+00:00,29.05,62.07012,1009.24365,18.79255,216.43095,0.0,82.0,3.0
2019-03-26 14:00:00+00:00,28.9,62.99706,1010.0429,14.904173,217.14677,0.0,85.0,3.0
2019-03-26 15:00:00+00:00,28.45,66.06567,1011.1418,5.8048253,187.12492,0.0,72.0,2.0
2019-03-26 16:00:00+00:00,27.75,69.23833,1012.3401,5.495161,31.607454,0.0,69.0,2.0
2019-03-26 17:00:00+00:00,27.15,70.8412,1013.03906,14.494192,14.381432,0.0,71.0,2.0
2019-03-26 18:00:00+00:00,26.2,73.77735,1013.1374,14.618837,9.926182,0.0,77.0,2.0
2019-03-26 19:00:00+00:00,25.55,75.737335,1012.63666,14.512064,7.12493,0.0,79.0,2.0
2019-03-26 20:00:00+00:00,25.15,76.84825,1012.0364,11.966953,6.9111314,0.0,77.0,2.0
2019-03-26 21:00:00+00:00,24.8,77.50853,1011.6359,9.726665,2.1210518,0.0,0.0,0.0
2019-03-26 22:00:00+00:00,24.55,78.19179,1011.4357,9.0645685,353.15732,0.0,0.0,0.0
2019-03-26 23:00:00+00:00,24.15,79.10568,1011.53503,8.647496,357.6141,0.0,24.0,1.0
2019-03-27 00:00:00+00:00,23.8,78.08274,1011.5344,5.7599998,360.0,0.0,42.0,1.0
2019-03-27 01:00:00+00:00,24.15,74.81375,1012.0348,5.0911684,8.130019,0.0,66.0,2.0
2019-03-27 02:00:00+00:00,25.4,66.88312,1012.6364,4.379589,9.462248,0.0,10.0,0.0
2019-03-27 03:00:00+00:00,28.45,50.877388,1013.6407,2.8116899,50.194473,0.0,16.0,0.0
2019-03-27 04:00:00+00:00,31.75,38.389446,1014.545,1.1384199,198.43504,0.0,8.0,0.0
2019-03-27 05:00:00+00:00,33.45,33.24364,1014.2478,6.1305785,229.76372,0.0,78.0,2.0
2019-03-27 06:00:00+00:00,33.75,36.787167,1013.4488,12.7279215,224.9999,0.0,5.0,0.0
2019-03-27 07:00:00+00:00,32.2,47.10261,1012.5469,16.676977,237.3391,0.0,8.0,0.0
2019-03-27 08:00:00+00:00,33.0,41.64454,1011.5483,11.770403,246.57129,0.0,4.0,0.0
2019-03-27 09:00:00+00:00,31.7,60.972256,1010.5468,19.008547,245.37645,0.3,18.0,51.0
2019-03-27 10:00:00+00:00,31.05,53.657455,1010.2461,14.044615,268.53122,0.1,25.0,51.0
2019-03-27 11:00:00+00:00,31.0,58.278103,1010.1461,11.753877,242.6502,0.0,8.0,0.0
2019-03-27 12:00:00+00:00,29.4,69.54995,1010.2436,12.57426,246.3706,0.1,31.0,51.0
2019-03-27 13:00:00+00:00,28.9,69.87826,1011.0425,9.178235,244.44008,0.0,35.0,1.0
2019-03-27 14:00:00+00:00,28.9,68.82677,1012.14197,5.5887027,194.93147,0.0,28.0,1.0
2019-03-27 15:00:00+00:00,28.5,71.95313,1013.2409,3.219938,206.56499,0.0,24.0,1.0
2019-03-27 16:00:00+00:00,27.95,75.42616,1014.13947,2.968636,284.03625,0.0,23.0,1.0
2019-03-27 17:00:00+00:00,27.9,76.79696,1014.8392,6.9153743,308.65982,0.0,25.0,1.0
2019-03-27 18:00:00+00:00,27.15,82.44636,1014.8382,7.145796,310.91428,0.0,31.0,1.0
2019-03-27 19:00:00+00:00,26.6,85.15609,1014.0376,8.913181,313.36346,0.1,35.0,51.0
2019-03-27 20:00:00+00:00,26.25,87.71963,1013.1374,7.653705,318.81415,0.0,21.0,1.0
2019-03-27 21:00:00+00:00,25.65,90.89154,1012.3368,10.685391,327.38077,0.0,22.0,1.0
2019-03-27 22:00:00+00:00,25.4,92.25111,1011.93677,9.178235,348.6901,0.0,17.0,0.0
2019-03-27 23:00:00+00:00,25.05,93.06786,1011.9361,8.28,360.0,0.0,19.0,0.0
2019-03-28 00:00:00+00:00,25.45,91.7016,1011.5369,6.5693827,350.53775,0.0,15.0,0.0
2019-03-28 01:00:00+00:00,25.8,90.62901,1011.9374,7.5685663,357.27374,0.0,7.0,0.0
2019-03-28 02:00:00+00:00,27.1,83.437195,1012.73895,9.3876505,355.60138,0.0,1.0,0.0
2019-03-28 03:00:00+00:00,29.2,71.42756,1013.3418,10.739833,346.42953,0.0,0.0,0.0
2019-03-28 04:00:00+00:00,31.7,57.559853,1013.6454,9.659814,333.43503,0.0,8.0,0.0
2019-03-28 05:00:00+00:00,33.65,44.229527,1013.34845,8.427383,289.9832,0.0,1.0,0.0
2019-03-28 06:00:00+00:00,33.35,50.714684,1012.8484,12.864649,252.07199,0.0,18.0,0.0
2019-03-28 07:00:00+00:00,31.35,67.25261,1012.1458,15.856354,230.52757,0.3,39.0,51.0
2019-03-28 08:00:00+00:00,31.5,63.556225,1011.0463,12.24,208.07239,0.1,20.0,51.0
2019-03-28 09:00:00+00:00,31.85,65.95872,1009.94745,15.459054,207.75845,0.2,34.0,51.0
2019-03-28 10:00:00+00:00,29.9,70.48621,1009.7446,13.70839,209.93143,0.5,47.0,53.0
2019-03-28 11:00:00+00:00,29.75,71.52546,1009.5445,17.727943,192.90741,0.1,38.0,51.0
2019-03-28 12:00:00+00:00,28.6,75.0758,1009.5429,15.905319,174.80566,0.2,23.0,51.0
2019-03-28 13:00:00+00:00,28.35,76.40383,1009.942,12.074766,169.6952,0.0,8.0,0.0
2019-03-28 14:00:00+00:00,27.9,78.90637,1010.7411,11.440979,155.85446,0.0,5.0,0.0
2019-03-28 15:00:00+00:00,27.7,78.169,1011.74036,7.8954163,155.77226,0.0,5.0,0.0
2019-03-28 16:00:00+00:00,27.35,80.02719,1012.2398,3.6,143.13002,0.0,3.0,0.0
2019-03-28 17:00:00+00:00,26.4,84.624504,1012.33813,4.3498964,114.44395,0.0,12.0,0.0
2019-03-28 18:00:00+00:00,25.8,84.81727,1012.03735,4.198285,30.963696,0.0,13.0,0.0
2019-03-28 19:00:00+00:00,25.85,79.826546,1011.1377,6.28713,23.629398,0.0,17.0,0.0
2019-03-28 20:00:00+00:00,25.25,79.745476,1010.1372,8.654986,16.927603,0.0,67.0,2.0
2019-03-28 21:00:00+00:00,24.85,80.18178,1009.43695,8.311245,17.650223,0.0,96.0,3.0
2019-03-28 22:00:00+00:00,24.55,80.88395,1009.2367,8.287822,2.4894993,0.0,28.0,1.0
2019-03-28 23:00:00+00:00,24.45,82.37436,1009.2363,10.086427,357.95462,0.0,17.0,0.0
2019-03-29 00:00:00+00:00,25.05,91.12692,1009.2373,11.159999,360.0,0.0,5.0,0.0
2019-03-29 01:00:00+00:00,25.3,88.97166,1009.8377,11.159999,360.0,0.0,87.0,3.0
2019-03-29 02:00:00+00:00,26.85,80.68888,1011.1393,11.525623,358.21014,0.0,96.0,3.0
2019-03-29 03:00:00+00:00,29.25,69.52179,1012.0428,11.013882,348.6901,0.0,92.0,3.0
2019-03-29 04:00:00+00:00,31.7,56.345528,1012.74585,8.78872,325.0079,0.0,14.0,0.0
2019-03-29 05:00:00+00:00,33.55,45.31192,1012.44885,8.669949,274.76355,0.0,38.0,1.0
2019-03-29 06:00:00+00:00,32.6,54.205715,1011.6476,15.158522,265.91446,0.0,26.0,1.0
2019-03-29 07:00:00+00:00,32.3,57.7009,1010.5478,15.84,270.0,0.1,49.0,51.0
2019-03-29 08:00:00+00:00,32.2,57.328743,1009.1484,18.511143,256.50424,0.0,21.0,1.0
2019-03-29 09:00:00+00:00,32.15,57.665695,1008.2486,16.954432,266.34784,0.0,57.0,2.0
2019-03-29 10:00:00+00:00,32.2,53.613472,1007.64905,13.009903,255.5792,0.0,60.0,2.0
2019-03-29 11:00:00+00:00,30.7,66.922775,1007.64685,14.618837,260.07382,0.0,33.0,1.0
2019-03-29 12:00:00+00:00,29.55,71.70517,1007.74493,13.363711,274.63538,0.0,83.0,3.0
2019-03-29 13:00:00+00:00,28.6,77.36488,1008.6433,7.653705,318.81415,0.0,70.0,2.0
2019-03-29 14:00:00+00:00,28.6,77.82996,1009.6429,5.6233797,309.8055,0.0,18.0,0.0
2019-03-29 15:00:00+00:00,28.35,77.79372,1010.64166,6.297428,300.96368,0.0,10.0,0.0
2019-03-29 16:00:00+00:00,28.05,77.98432,1011.5411,6.9153743,308.65982,0.0,6.0,0.0
2019-03-29 17:00:00+00:00,27.55,80.29487,1011.93994,7.491114,324.78232,0.0,6.0,0.0
2019-03-29 18:00:00+00:00,27.0,80.46507,1011.6394,8.225035,336.8014,0.0,11.0,0.0
2019-03-29 19:00:00+00:00,26.4,79.65837,1010.93884,7.9932976,352.23492,0.0,6.0,0.0
2019-03-29 20:00:00+00:00,25.85,81.7931,1010.03827,7.5599995,360.0,0.0,3.0,0.0
2019-03-29 21:00:00+00:00,25.4,85.032974,1009.33795,8.049845,10.304792,0.0,6.0,0.0
2019-03-29 22:00:00+00:00,25.15,87.890465,1008.9378,8.12197,12.804273,0.0,5.0,0.0
2019-03-29 23:00:00+00:00,25.0,88.679565,1008.93744,8.350138,7.4313188,0.0,4.0,0.0
2019-03-30 00:00:00+00:00,24.9,90.02317,1009.1373,10.1376915,6.1154146,0.0,5.0,0.0
2019-03-30 01:00:00+00:00,25.4,86.59277,1009.9377,9.422101,6.581848,0.0,5.0,0.0
2019-03-30 02:00:00+00:00,27.15,77.38389,1010.64014,8.311245,4.969664,0.0,1.0,0.0
2019-03-30 03:00:00+00:00,29.4,67.88707,1011.44305,7.342588,348.6901,0.0,6.0,0.0
2019-03-30 04:00:00+00:00,31.55,55.966595,1012.14606,5.315336,298.30066,0.0,16.0,0.0
2019-03-30 05:00:00+00:00,32.7,49.62527,1011.748,8.311245,252.3498,0.0,17.0,0.0
2019-03-30 06:00:00+00:00,32.45,54.500053,1011.0479,12.879752,243.43501,0.1,29.0,51.0
2019-03-30 07:00:00+00:00,32.0,55.564583,1010.3476,14.168641,242.78397,0.2,35.0,51.0
2019-03-30 08:00:00+00:00,32.1,58.889412,1009.44806,16.92383,231.91118,0.5,30.0,53.0
2019-03-30 09:00:00+00:00,31.65,58.429615,1008.5477,16.831684,221.53168,0.0,27.0,1.0
2019-03-30 10:00:00+00:00,31.15,61.59146,1008.24725,15.580141,220.31403,0.0,28.0,1.0
2019-03-30 11:00:00+00:00,30.55,63.738247,1008.64606,12.88981,234.09018,0.1,32.0,51.0
2019-03-30 12:00:00+00:00,29.6,66.299614,1008.7445,10.086427,235.17543,0.1,39.0,51.0
2019-03-30 13:00:00+00:00,29.15,71.63433,1009.5435,7.928177,230.52757,0.0,26.0,1.0
2019-03-30 14:00:00+00:00,28.75,74.42524,1010.44257,4.510787,241.38963,0.0,26.0,1.0
2019-03-30 15:00:00+00:00,28.5,74.83406,1011.34174,2.0991426,239.0363,0.0,25.0,1.0
2019-03-30 16:00:00+00:00,28.25,76.158905,1012.34094,2.8116899,230.19447,0.0,36.0,1.0
2019-03-30 17:00:00+00:00,27.45,80.040474,1012.8395,4.0249224,243.43501,0.0,57.0,2.0
2019-03-30 18:00:00+00:00,27.8,78.18335,1012.7402,4.3349743,274.76355,0.0,53.0,2.0
2019-03-30 19:00:00+00:00,26.95,82.67109,1011.93933,3.8268526,311.18582,0.0,13.0,0.0
2019-03-30 20:00:00+00:00,26.55,86.180565,1011.039,4.1046314,322.12494,0.0,13.0,0.0
2019-03-30 21:00:00+00:00,26.2,88.24366,1010.3387,6.0347,342.64587,0.0,11.0,0.0
2019-03-30 22:00:00+00:00,25.65,87.66808,1009.9379,9.47012,351.2539,0.0,18.0,0.0
2019-03-30 23:00:00+00:00,25.55,84.534515,1010.0379,8.647496,2.385899,0.0,12.0,0.0
2019-03-31 00:00:00+00:00,25.45,85.03813,1010.03766,7.5942073,5.4402504,0.0,7.0,0.0
2019-03-31 01:00:00+00:00,26.0,81.563644,1010.9381,7.208994,2.8623457,0.0,5.0,0.0
2019-03-31 02:00:00+00:00,27.6,73.78703,1011.74036,6.849467,3.0127327,0.0,5.0,0.0
2019-03-31 03:00:00+00:00,29.75,64.93582,1012.64307,7.8954163,335.77228,0.0,4.0,0.0
2019-03-31 04:00:00+00:00,31.4,56.445824,1013.0455,8.699793,294.44394,0.1,10.0,51.0
2019-03-31 05:00:00+00:00,32.1,53.917606,1012.7466,12.245294,271.68463,0.1,39.0,51.0
2019-03-31 06:00:00+00:00,31.3,61.067596,1012.14545,14.05845,267.0644,0.3,49.0,51.0
2019-03-31 07:00:00+00:00,31.55,56.827488,1011.4464,14.4,270.0,0.2,37.0,51.0
2019-03-31 08:00:00+00:00,31.75,57.39679,1010.4469,16.946787,257.73523,0.1,23.0,51.0
2019-03-31 09:00:00+00:00,31.25,61.80024,1009.54663,16.676977,256.2637,0.0,33.0,1.0
2019-03-31 10:00:00+00:00,30.7,64.54585,1009.1462,10.041354,255.4655,0.1,40.0,51.0
2019-03-31 11:00:00+00:00,30.25,67.44041,1008.9454,11.879999,270.0,0.2,33.0,51.0
2019-03-31 12:00:00+00:00,29.65,69.59679,1008.8448,10.630672,241.69934,0.1,47.0,51.0
2019-03-31 13:00:00+00:00,29.3,72.31087,1009.244,9.339208,242.44727,0.0,24.0,1.0
2019-03-31 14:00:00+00:00,28.9,75.349556,1010.24286,6.9899354,258.11136,0.0,22.0,1.0
2019-03-31 15:00:00+00:00,28.75,76.00744,1011.04224,5.8603754,280.6196,0.0,17.0,0.0
2019-03-31 16:00:00+00:00,28.6,76.442,1011.94183,5.0142193,291.03757,0.0,10.0,0.0
2019-03-31 17:00:00+00:00,28.2,78.47574,1012.24097,4.39436,304.9921,0.0,10.0,0.0
2019-03-31 18:00:00+00:00,27.75,81.29075,1012.14014,3.8939953,303.6901,0.0,14.0,0.0
2019-03-31 19:00:00+00:00,27.45,83.22688,1011.4402,5.6233797,309.8055,0.0,23.0,1.0
2019-03-31 20:00:00+00:00,26.75,87.23875,1010.6395,6.1094027,315.0001,0.0,26.0,1.0
2019-03-31 21:00:00+00:00,26.6,88.0127,1010.0394,4.829907,296.56497,0.0,22.0,1.0
2019-03-31 22:00:00+00:00,26.35,88.78655,1009.7394,7.653705,311.18582,0.0,28.0,1.0
2019-03-31 23:00:00+00:00,26.1,89.83807,1010.0385,7.4128532,330.9455,0.0,15.0,0.0
2019-04-01 00:00:00+00:00,26.1,89.83807,1009.93854,7.0911775,336.0375,0.0,13.0,0.0
2019-04-01 01:00:00+00:00,26.55,86.180565,1010.9391,6.5693827,350.53775,0.0,9.0,0.0
2019-04-01 02:00:00+00:00,27.85,77.72099,1011.6406,6.489992,356.82022,0.0,9.0,0.0
2019-04-01 03:00:00+00:00,29.55,69.78827,1012.34283,7.127636,315.0001,0.0,6.0,0.0
2019-04-01 04:00:00+00:00,31.1,62.142303,1012.8449,10.587917,287.81897,0.1,29.0,51.0
2019-04-01 05:00:00+00:00,31.4,62.02035,1012.7456,13.004921,274.76355,0.3,36.0,51.0
2019-04-01 06:00:00+00:00,31.1,65.609,1011.9454,14.759999,270.0,0.2,26.0,51.0
2019-04-01 07:00:00+00:00,31.35,63.715866,1011.0463,15.496736,272.66293,0.0,40.0,1.0
2019-04-01 08:00:00+00:00,31.15,66.01459,1009.9465,17.313717,266.42374,0.1,47.0,51.0
2019-04-01 09:00:00+00:00,30.9,66.162575,1008.94635,17.283749,268.80655,0.5,33.0,53.0
2019-04-01 10:00:00+00:00,30.55,68.52094,1008.64606,16.203999,271.273,0.3,38.0,51.0
2019-04-01 11:00:00+00:00,29.45,73.65135,1008.9444,12.496719,281.6336,0.3,58.0,51.0
2019-04-01 12:00:00+00:00,29.55,68.53537,1008.64453,11.5199995,270.0,0.1,48.0,51.0
2019-04-01 13:00:00+00:00,28.4,76.4115,1009.7425,7.5685663,244.65387,0.1,40.0,51.0
2019-04-01 14:00:00+00:00,28.4,77.567894,1010.5421,4.73506,278.74606,0.1,28.0,51.0
2019-04-01 15:00:00+00:00,28.2,78.24049,1011.44135,6.151683,290.55612,0.0,15.0,0.0
2019-04-01 16:00:00+00:00,27.95,80.10667,1012.24036,6.638072,310.60123,0.0,28.0,1.0
2019-04-01 17:00:00+00:00,27.5,83.232544,1012.4397,7.729527,332.24155,0.0,28.0,1.0
2019-04-01 18:00:00+00:00,26.95,87.256454,1012.2392,6.9899354,348.11136,0.0,24.0,1.0
2019-04-01 19:00:00+00:00,26.4,89.056725,1011.3386,6.8399997,360.0,0.0,29.0,1.0
2019-04-01 20:00:00+00:00,26.25,86.6717,1010.43866,6.130579,356.6336,0.0,15.0,0.0
2019-04-01 21:00:00+00:00,26.05,87.17648,1009.5387,7.172949,342.47433,0.0,13.0,0.0
2019-04-01 22:00:00+00:00,26.0,88.22716,1009.13885,7.10031,329.53452,0.0,8.0,0.0
2019-04-01 23:00:00+00:00,25.9,89.018166,1009.33856,7.289444,339.77505,0.0,9.0,0.0
2019-04-02 00:00:00+00:00,26.0,89.02586,1009.73865,5.95906,334.98312,0.0,11.0,0.0
2019-04-02 01:00:00+00:00,26.35,86.94175,1010.439,7.2805495,351.4693,0.0,17.0,0.0
2019-04-02 02:00:00+00:00,27.65,78.871574,1011.3405,7.9526596,354.80566,0.0,21.0,1.0
2019-04-02 03:00:00+00:00,29.45,69.5593,1012.14294,9.983106,334.35904,0.0,36.0,1.0
2019-04-02 04:00:00+00:00,31.1,61.208267,1012.24524,11.525623,308.65982,0.1,23.0,51.0
2019-04-02 05:00:00+00:00,32.0,57.281532,1012.0469,14.24163,290.72565,0.1,24.0,51.0
2019-04-02 06:00:00+00:00,32.3,58.051315,1011.3474,16.946787,282.26477,0.3,22.0,51.0
2019-04-02 07:00:00+00:00,31.9,60.833057,1010.2473,20.12461,280.30478,0.2,18.0,51.0
2019-04-02 08:00:00+00:00,31.8,60.62736,1008.94794,20.345573,283.29858,0.2,33.0,51.0
2019-04-02 09:00:00+00:00,32.05,59.59437,1007.5489,20.929596,273.9451,0.1,23.0,51.0
2019-04-02 10:00:00+00:00,31.3,58.88336,1007.44763,19.852295,274.15958,0.0,14.0,0.0
2019-04-02 11:00:00+00:00,30.5,62.19937,1007.1467,17.114204,284.6209,0.0,22.0,1.0
2019-04-02 12:00:00+00:00,30.1,65.20594,1007.34607,13.493999,279.21094,0.0,27.0,1.0
2019-04-02 13:00:00+00:00,29.4,69.971214,1007.7447,11.841756,289.53674,0.0,12.0,0.0
2019-04-02 14:00:00+00:00,29.05,73.14313,1008.6439,9.227524,290.55612,0.0,17.0,0.0
2019-04-02 15:00:00+00:00,28.85,75.56812,1009.54315,8.089993,290.85452,0.0,18.0,0.0
2019-04-02 16:00:00+00:00,28.55,77.125824,1010.24225,7.9932966,305.83774,0.0,8.0,0.0
2019-04-02 17:00:00+00:00,28.2,79.1851,1010.44183,7.127636,315.0001,0.0,10.0,0.0
2019-04-02 18:00:00+00:00,28.0,80.11326,1010.3416,6.989936,304.50858,0.0,13.0,0.0
2019-04-02 19:00:00+00:00,27.65,81.76721,1009.9412,7.2,306.86996,0.0,15.0,0.0
2019-04-02 20:00:00+00:00,27.3,83.71022,1009.44073,6.989936,304.50858,0.0,20.0,1.0
2019-04-02 21:00:00+00:00,27.0,85.196815,1009.04065,7.928177,309.47244,0.0,30.0,1.0
2019-04-02 22:00:00+00:00,26.75,86.71784,1008.9403,7.8954163,313.1524,0.0,31.0,1.0
2019-04-02 23:00:00+00:00,26.25,90.11816,1008.73944,7.8954163,335.77228,0.0,24.0,1.0
2019-04-03 00:00:00+00:00,26.2,90.65555,1009.0393,6.489992,340.55988,0.0,16.0,0.0
2019-04-03 01:00:00+00:00,26.25,90.38814,1009.639,4.452954,345.9637,0.0,22.0,1.0
2019-04-03 02:00:00+00:00,27.5,81.994484,1010.5405,3.9763298,5.19435,0.0,17.0,0.0
2019-04-03 03:00:00+00:00,29.55,70.21031,1011.04346,4.6938257,327.52884,0.0,34.0,1.0
2019-04-03 04:00:00+00:00,31.15,61.59146,1011.3458,4.32,270.0,0.0,10.0,0.0
2019-04-03 05:00:00+00:00,32.5,54.512276,1011.1478,8.427383,250.0168,0.0,11.0,0.0
2019-04-03 06:00:00+00:00,32.35,58.947,1010.34784,12.245293,245.69547,0.4,32.0,51.0
2019-04-03 07:00:00+00:00,31.6,63.960842,1009.54724,12.904882,247.01126,0.3,28.0,51.0
2019-04-03 08:00:00+00:00,31.8,61.36373,1008.4481,14.386494,238.29861,0.4,39.0,51.0
2019-04-03 09:00:00+00:00,31.65,64.16378,1007.54816,15.021105,225.97093,0.1,28.0,51.0
2019-04-03 10:00:00+00:00,30.65,65.51686,1007.3467,12.538134,219.17365,0.6,55.0,53.0
2019-04-03 11:00:00+00:00,30.0,66.78314,1007.74554,10.661107,191.68935,0.7,62.0,53.0
2019-04-03 12:00:00+00:00,29.1,74.706116,1007.54443,16.23596,183.814,0.1,39.0,51.0
2019-04-03 13:00:00+00:00,28.3,77.55325,1008.54266,14.561099,171.46931,0.2,37.0,51.0
2019-04-03 14:00:00+00:00,28.05,81.08533,1009.54193,11.928989,174.80566,0.0,17.0,0.0
2019-04-03 15:00:00+00:00,27.9,81.06638,1010.4412,8.557102,157.75093,0.0,21.0,1.0
2019-04-03 16:00:00+00:00,27.7,81.28449,1011.3405,6.696387,143.74608,0.0,19.0,0.0
2019-04-03 17:00:00+00:00,27.35,83.46529,1011.93994,5.1165614,140.71062,0.0,16.0,0.0
2019-04-03 18:00:00+00:00,26.8,86.46311,1011.93896,3.8268526,131.18582,0.0,15.0,0.0
2019-04-03 19:00:00+00:00,26.35,89.05284,1011.4386,5.1165614,129.28938,0.0,11.0,0.0
2019-04-03 20:00:00+00:00,26.0,89.293526,1011.13794,6.763786,115.20109,0.1,23.0,51.0
2019-04-03 21:00:00+00:00,25.5,91.15535,1010.53766,7.8954163,114.22774,0.2,24.0,51.0
2019-04-03 22:00:00+00:00,25.15,92.793564,1010.43713,9.107359,108.43504,0.1,16.0,51.0
2019-04-03 23:00:00+00:00,24.95,93.06284,1010.73663,9.227524,110.55612,0.0,9.0,0.0
2019-04-04 00:00:00+00:00,24.9,92.22325,1010.6366,7.2805495,98.530685,0.0,5.0,0.0
2019-04-04 01:00:00+00:00,25.5,89.52493,1011.43726,8.311245,107.650215,0.0,25.0,1.0
2019-04-04 02:00:00+00:00,26.9,83.66585,1012.6386,7.5685663,115.34614,0.0,16.0,0.0
2019-04-04 03:00:00+00:00,28.6,72.846214,1013.3412,7.6367526,135.0001,0.0,13.0,0.0
2019-04-04 04:00:00+00:00,30.15,62.31207,1013.84314,8.373386,154.5367,0.0,13.0,0.0
2019-04-04 05:00:00+00:00,31.3,55.564884,1013.6448,10.495713,174.09395,0.2,30.0,51.0
2019-04-04 06:00:00+00:00,31.35,58.894917,1013.0455,12.964998,181.59111,0.4,37.0,51.0
2019-04-04 07:00:00+00:00,31.4,57.31409,1011.946,15.683776,189.24603,0.0,42.0,1.0
2019-04-04 08:00:00+00:00,31.5,51.978817,1010.74646,18.057508,184.57384,0.0,49.0,1.0
2019-04-04 09:00:00+00:00,31.4,56.445824,1009.647,18.0036,181.14574,0.0,17.0,0.0
2019-04-04 10:00:00+00:00,31.0,59.35404,1009.04663,18.374111,182.2457,0.0,7.0,0.0
2019-04-04 11:00:00+00:00,30.35,63.118362,1008.94574,18.72346,181.10168,0.0,11.0,0.0
2019-04-04 12:00:00+00:00,29.4,66.46071,1008.94415,16.299694,186.3401,0.0,12.0,0.0
2019-04-04 13:00:00+00:00,28.75,68.17335,1009.5429,13.339445,183.094,0.0,8.0,0.0
2019-04-04 14:00:00+00:00,28.35,70.84393,1010.7417,10.239453,169.8754,0.0,8.0,0.0
2019-04-04 15:00:00+00:00,28.05,74.31058,1011.4411,8.049845,153.43501,0.0,4.0,0.0
2019-04-04 16:00:00+00:00,27.75,77.47246,1012.44006,6.3690495,137.29063,0.0,5.0,0.0
2019-04-04 17:00:00+00:00,27.3,80.504135,1012.6392,5.00128,120.256355,0.0,10.0,0.0
2019-04-04 18:00:00+00:00,26.75,83.14704,1012.7386,3.4152596,108.43504,0.0,11.0,0.0
2019-04-04 19:00:00+00:00,25.9,87.42597,1012.03735,3.9763298,95.19434,0.0,16.0,0.0
2019-04-04 20:00:00+00:00,25.6,85.57012,1011.3373,3.219938,63.435013,0.0,22.0,1.0
2019-04-04 21:00:00+00:00,25.65,82.017555,1010.6376,5.991594,32.73523,0.0,27.0,1.0
2019-04-04 22:00:00+00:00,25.3,82.97998,1010.5374,7.7879906,33.6901,0.0,23.0,1.0
2019-04-04 23:00:00+00:00,25.2,82.71589,1010.53705,7.145796,40.9143,0.0,21.0,1.0
2019-04-05 00:00:00+00:00,24.75,87.059586,1010.63635,3.7585104,73.300674,0.0,23.0,1.0
2019-04-05 01:00:00+00:00,25.5,83.00315,1011.23737,5.1544156,77.90526,0.0,21.0,1.0
2019-04-05 02:00:00+00:00,27.35,76.01953,1011.93994,3.9763298,84.805664,0.0,32.0,1.0
2019-04-05 03:00:00+00:00,29.4,65.06067,1012.8424,2.1897945,189.46225,0.0,29.0,1.0
2019-04-05 04:00:00+00:00,30.95,57.911526,1013.24475,5.8603754,222.5104,0.0,25.0,1.0
2019-04-05 05:00:00+00:00,31.55,57.175064,1013.04565,10.703569,227.72638,0.1,50.0,51.0
2019-04-05 06:00:00+00:00,31.75,53.50183,1012.74585,12.229406,227.38597,0.0,53.0,2.0
2019-04-05 07:00:00+00:00,31.5,54.266716,1011.74603,13.608762,232.52374,0.0,61.0,2.0
2019-04-05 08:00:00+00:00,31.7,57.210598,1010.8467,14.021525,228.12221,0.0,61.0,2.0
2019-04-05 09:00:00+00:00,31.7,53.161896,1009.9471,14.529915,228.01286,0.0,36.0,1.0
2019-04-05 10:00:00+00:00,31.2,53.036957,1009.4467,13.830749,231.34016,0.0,75.0,2.0
2019-04-05 11:00:00+00:00,30.25,61.391777,1009.4451,13.044722,230.59937,0.0,67.0,2.0
2019-04-05 12:00:00+00:00,29.6,62.19135,1009.24426,11.808878,217.56866,0.0,83.0,3.0
2019-04-05 13:00:00+00:00,28.95,62.23897,1010.1429,8.39657,210.96368,0.0,89.0,3.0
2019-04-05 14:00:00+00:00,28.65,63.525597,1011.3421,5.8048253,187.12492,0.0,91.0,3.0
2019-04-05 15:00:00+00:00,28.25,68.49276,1012.141,4.73506,171.25392,0.0,88.0,3.0
2019-04-05 16:00:00+00:00,27.85,74.503,1012.6402,3.0758414,159.44388,0.0,87.0,3.0
2019-04-05 17:00:00+00:00,27.15,82.69452,1013.139,3.671294,168.69011,0.0,11.0,0.0
2019-04-05 18:00:00+00:00,27.85,77.02137,1012.94006,1.2979984,123.690094,0.0,15.0,0.0
2019-04-05 19:00:00+00:00,27.2,80.00727,1012.23944,1.484318,14.036275,0.0,16.0,0.0
2019-04-05 20:00:00+00:00,26.05,85.35703,1011.3379,3.6179552,354.2895,0.0,10.0,0.0
2019-04-05 21:00:00+00:00,26.1,81.576065,1010.6382,3.9763298,354.80566,0.0,10.0,0.0
2019-04-05 22:00:00+00:00,26.1,77.700554,1010.1384,7.2359104,5.7105074,0.0,11.0,0.0
2019-04-05 23:00:00+00:00,25.8,77.65647,1010.3381,7.172949,17.52567,0.0,9.0,0.0
2019-04-06 00:00:00+00:00,25.95,74.64694,1010.53827,7.928178,2.6025116,0.0,5.0,0.0
2019-04-06 01:00:00+00:00,26.15,73.99571,1011.2383,9.007196,2.2905633,0.0,17.0,0.0
2019-04-06 02:00:00+00:00,27.75,70.30417,1011.84033,8.287822,357.5105,0.0,24.0,1.0
2019-04-06 03:00:00+00:00,29.45,66.6729,1012.5428,9.659814,333.43503,0.0,25.0,1.0
2019-04-06 04:00:00+00:00,31.15,58.848656,1012.9451,11.019764,308.36752,0.1,22.0,51.0
2019-04-06 05:00:00+00:00,32.2,55.443836,1012.6468,12.641076,289.9832,0.2,29.0,51.0
2019-04-06 06:00:00+00:00,32.1,57.829056,1012.0469,16.299694,276.3401,0.2,38.0,51.0
2019-04-06 07:00:00+00:00,31.4,62.963203,1010.9464,20.12461,280.30478,0.3,27.0,51.0
2019-04-06 08:00:00+00:00,31.9,60.466957,1009.6475,21.862406,287.24155,0.1,24.0,51.0
2019-04-06 09:00:00+00:00,31.3,66.04499,1008.64703,21.218632,284.74362,0.4,53.0,51.0
2019-04-06 10:00:00+00:00,29.7,73.25314,1008.1451,17.193533,289.5732,0.8,41.0,53.0
2019-04-06 11:00:00+00:00,29.7,71.94733,1007.8452,18.998316,297.0505,0.0,30.0,1.0
2019-04-06 12:00:00+00:00,29.6,75.23497,1008.24475,13.004921,274.76355,0.0,37.0,1.0
2019-04-06 13:00:00+00:00,28.3,81.35943,1008.9425,5.4477882,262.40546,0.1,49.0,51.0
2019-04-06 14:00:00+00:00,27.4,85.74807,1010.0408,4.379589,350.53775,0.1,55.0,51.0
2019-04-06 15:00:00+00:00,27.05,86.74541,1010.73987,4.896529,17.102825,0.1,39.0,51.0
2019-04-06 16:00:00+00:00,26.9,86.472466,1011.5391,6.6185193,22.380184,0.0,18.0,0.0
2019-04-06 17:00:00+00:00,26.7,86.19488,1011.9386,7.072878,14.743609,0.0,13.0,0.0
2019-04-06 18:00:00+00:00,26.45,87.21209,1012.03827,6.638072,12.528798,0.0,12.0,0.0
2019-04-06 19:00:00+00:00,26.35,87.46538,1011.3386,6.130579,356.6336,0.0,24.0,1.0
2019-04-06 20:00:00+00:00,26.15,89.03747,1010.63855,6.638072,347.4712,0.0,30.0,1.0
2019-04-06 21:00:00+00:00,25.9,90.63567,1009.9383,6.87779,353.9911,0.0,24.0,1.0
2019-04-06 22:00:00+00:00,25.7,90.8948,1009.53845,6.8399997,360.0,0.0,31.0,1.0
2019-04-06 23:00:00+00:00,25.55,90.34036,1009.5381,7.9526596,5.19435,0.0,36.0,1.0
2019-04-07 00:00:00+00:00,25.7,91.44182,1009.8383,9.178235,348.6901,0.0,33.0,1.0
2019-04-07 01:00:00+00:00,25.9,90.36432,1010.63794,8.287822,357.5105,0.0,13.0,0.0
2019-04-07 02:00:00+00:00,27.1,84.19171,1011.33954,9.3669195,2.2025495,0.0,7.0,0.0
2019-04-07 03:00:00+00:00,28.8,76.70204,1011.64197,10.948973,350.53775,0.0,4.0,0.0
2019-04-07 04:00:00+00:00,30.95,65.18469,1012.0453,10.948973,332.5925,0.0,10.0,0.0
2019-04-07 05:00:00+00:00,32.55,56.720238,1011.54767,10.464797,296.56497,0.0,14.0,0.0
2019-04-07 06:00:00+00:00,32.85,56.44903,1010.74866,13.722565,274.5139,0.1,14.0,51.0
2019-04-07 07:00:00+00:00,32.25,62.76837,1009.5482,18.391735,273.3664,0.1,24.0,51.0
2019-04-07 08:00:00+00:00,32.1,58.35713,1008.4485,20.674158,277.00116,0.0,24.0,1.0
2019-04-07 09:00:00+00:00,32.3,62.40389,1007.24927,20.240196,264.89792,0.0,20.0,1.0
2019-04-07 10:00:00+00:00,31.15,65.81667,1006.84784,17.294992,267.6141,0.0,13.0,0.0
2019-04-07 11:00:00+00:00,30.95,66.771706,1006.8476,14.044615,271.46878,0.0,25.0,1.0
2019-04-07 12:00:00+00:00,29.95,72.423615,1007.3457,11.165805,268.15244,0.0,28.0,1.0
2019-04-07 13:00:00+00:00,29.15,79.07913,1008.1441,7.208994,267.13766,0.0,32.0,1.0
2019-04-07 14:00:00+00:00,28.9,80.231544,1009.0434,4.802999,282.99463,0.0,27.0,1.0
2019-04-07 15:00:00+00:00,28.7,81.1671,1009.5429,4.6800003,292.6199,0.0,33.0,1.0
2019-04-07 16:00:00+00:00,28.45,82.3539,1010.04236,5.0142193,291.03757,0.0,10.0,0.0
2019-04-07 17:00:00+00:00,28.25,82.3302,1010.3418,6.989936,304.50858,0.0,27.0,1.0
2019-04-07 18:00:00+00:00,27.95,83.78198,1009.94147,6.3690495,312.70938,0.0,73.0,2.0
2019-04-07 19:00:00+00:00,27.55,86.27562,1009.44104,4.3349743,311.63345,0.0,32.0,1.0
2019-04-07 20:00:00+00:00,27.15,88.32146,1008.741,4.510787,331.38962,0.1,19.0,51.0
2019-04-07 21:00:00+00:00,26.5,92.03738,1008.24005,2.8116899,320.1945,0.1,47.0,51.0
2019-04-07 22:00:00+00:00,26.0,92.28434,1008.13934,2.7416782,336.8014,0.4,32.0,51.0
2019-04-07 23:00:00+00:00,25.85,93.38632,1008.339,3.563818,315.0001,0.1,27.0,51.0
2019-04-08 00:00:00+00:00,25.95,92.83488,1008.4392,3.319036,310.60123,0.1,97.0,51.0
2019-04-08 01:00:00+00:00,26.8,88.55705,1009.4401,4.8965297,306.02747,0.0,32.0,1.0
2019-04-08 02:00:00+00:00,27.6,84.75021,1010.341,4.3349743,311.63345,0.1,20.0,51.0
2019-04-08 03:00:00+00:00,28.65,77.372246,1011.14215,3.219938,296.56497,0.2,25.0,51.0
2019-04-08 04:00:00+00:00,30.2,68.45375,1011.4443,5.3999996,270.0,0.1,17.0,51.0
2019-04-08 05:00:00+00:00,31.2,63.492268,1011.2459,9.659814,243.43501,0.2,27.0,51.0
2019-04-08 06:00:00+00:00,30.65,68.952255,1010.94507,11.808878,232.43134,0.4,24.0,51.0
2019-04-08 07:00:00+00:00,31.3,63.89743,1010.04645,10.495713,239.0363,0.1,26.0,51.0
2019-04-08 08:00:00+00:00,31.1,67.20332,1008.5469,13.324863,231.58191,0.0,16.0,0.0
2019-04-08 09:00:00+00:00,30.6,69.77385,1007.9464,11.019764,231.63248,0.1,25.0,51.0
2019-04-08 10:00:00+00:00,30.35,69.936775,1007.34644,10.636766,246.0375,0.1,21.0,51.0
2019-04-08 11:00:00+00:00,29.85,71.97364,1007.14557,7.69592,259.21576,0.1,18.0,51.0
2019-04-08 12:00:00+00:00,29.65,73.0256,1007.14557,9.387651,237.52882,0.2,36.0,51.0
2019-04-08 13:00:00+00:00,29.0,75.81857,1007.84393,7.2,233.13002,0.0,31.0,1.0
2019-04-08 14:00:00+00:00,28.75,76.69449,1008.7433,6.6087217,240.64233,0.0,26.0,1.0
2019-04-08 15:00:00+00:00,28.35,78.9688,1009.5422,5.506941,258.6901,0.0,23.0,1.0
2019-04-08 16:00:00+00:00,27.85,82.28257,1010.2413,5.0528407,274.08554,0.0,24.0,1.0
2019-04-08 17:00:00+00:00,27.55,84.49226,1010.8404,5.315336,298.30066,0.0,26.0,1.0
2019-04-08 18:00:00+00:00,27.3,86.5098,1010.54016,3.563818,315.0001,0.0,23.0,1.0
2019-04-08 19:00:00+00:00,26.8,89.62057,1009.8399,2.5455842,315.0001,0.0,23.0,1.0
2019-04-08 20:00:00+00:00,26.75,89.8846,1009.4401,4.072935,315.0001,0.0,43.0,1.0
2019-04-08 21:00:00+00:00,26.6,90.41192,1009.0399,5.0911684,315.0001,0.0,37.0,1.0
2019-04-08 22:00:00+00:00,26.5,91.49045,1008.7398,8.534353,332.3541,0.0,42.0,1.0
2019-04-08 23:00:00+00:00,26.0,93.393456,1008.83905,8.049845,333.43503,0.0,32.0,1.0
2019-04-09 00:00:00+00:00,26.15,91.46922,1008.9394,7.5685663,2.7262611,0.0,31.0,1.0
2019-04-09 01:00:00+00:00,26.4,88.52497,1009.4395,6.379216,16.389616,0.0,23.0,1.0
2019-04-09 02:00:00+00:00,27.5,80.53011,1009.94086,4.1046314,15.255177,0.0,19.0,0.0
2019-04-09 03:00:00+00:00,29.15,73.60121,1010.643,4.0249224,333.43503,0.0,6.0,0.0
2019-04-09 04:00:00+00:00,30.85,65.16403,1011.04535,6.9527545,291.25058,0.1,16.0,51.0
2019-04-09 05:00:00+00:00,31.55,61.679764,1011.0466,10.440001,270.0,0.1,25.0,51.0
2019-04-09 06:00:00+00:00,31.6,63.006252,1010.4469,13.039754,263.6599,0.1,25.0,51.0
2019-04-09 07:00:00+00:00,31.6,63.386566,1009.64716,14.205182,261.2539,0.1,30.0,51.0
2019-04-09 08:00:00+00:00,31.35,65.85732,1008.7474,15.893093,256.9081,0.0,23.0,1.0
2019-04-09 09:00:00+00:00,31.3,65.06113,1008.0473,14.764389,268.60284,0.1,29.0,51.0
2019-04-09 10:00:00+00:00,30.5,69.338455,1007.64655,13.698934,273.01273,0.1,40.0,51.0
2019-04-09 11:00:00+00:00,30.45,68.29628,1007.6463,10.829959,285.4222,0.1,30.0,51.0
2019-04-09 12:00:00+00:00,30.2,70.540924,1007.64594,10.182337,278.13,0.0,41.0,1.0
2019-04-09 13:00:00+00:00,29.35,74.52296,1008.04456,9.227524,290.55612,0.1,28.0,51.0
2019-04-09 14:00:00+00:00,28.95,77.88054,1009.0434,8.373386,295.46332,0.0,18.0,0.0
2019-04-09 15:00:00+00:00,28.4,78.975716,1009.9424,8.435069,309.8055,0.0,40.0,1.0
2019-04-09 16:00:00+00:00,28.1,80.60777,1010.4416,7.42159,320.90613,0.0,21.0,1.0
2019-04-09 17:00:00+00:00,27.7,83.5045,1011.04065,7.0911775,336.0375,0.0,29.0,1.0
2019-04-09 18:00:00+00:00,27.4,84.983055,1011.04034,7.24486,333.43503,0.0,29.0,1.0
2019-04-09 19:00:00+00:00,27.2,85.728455,1010.64014,6.6185193,337.6198,0.0,17.0,0.0
2019-04-09 20:00:00+00:00,26.9,85.69896,1009.7399,7.6367526,351.87,0.0,35.0,1.0
2019-04-09 21:00:00+00:00,26.6,86.18534,1009.2398,6.87779,353.9911,0.0,38.0,1.0
2019-04-09 22:00:00+00:00,26.35,87.46538,1008.93976,7.342588,348.6901,0.0,46.0,1.0
2019-04-09 23:00:00+00:00,26.05,89.02976,1009.03894,7.6367526,351.87,0.0,67.0,2.0
2019-04-10 00:00:00+00:00,26.45,91.487434,1009.1396,7.42159,337.1663,0.0,78.0,2.0
2019-04-10 01:00:00+00:00,26.8,89.35362,1009.7399,7.0911775,336.0375,0.0,17.0,0.0
2019-04-10 02:00:00+00:00,27.85,82.28257,1010.54114,5.00128,329.74365,0.0,10.0,0.0
2019-04-10 03:00:00+00:00,29.55,73.22784,1011.24335,4.3349743,311.63345,0.0,6.0,0.0
2019-04-10 04:00:00+00:00,31.2,63.684,1011.4458,6.28713,283.24054,0.1,17.0,51.0
2019-04-10 05:00:00+00:00,32.0,59.40309,1011.24725,9.47012,261.2539,0.2,24.0,51.0
2019-04-10 06:00:00+00:00,31.75,63.41859,1010.7467,14.264361,259.82455,0.3,33.0,51.0
2019-04-10 07:00:00+00:00,31.55,63.566856,1009.8471,15.111424,257.61926,0.0,39.0,1.0
2019-04-10 08:00:00+00:00,31.85,64.01358,1008.748,14.84318,247.1663,0.0,27.0,1.0
2019-04-10 09:00:00+00:00,31.5,61.297188,1007.94775,12.387348,234.46223,0.2,43.0,51.0
2019-04-10 10:00:00+00:00,30.95,68.39246,1007.5473,11.681987,236.3099,0.0,31.0,1.0
2019-04-10 11:00:00+00:00,30.0,71.9999,1007.54565,10.966713,246.80138,0.1,45.0,51.0
2019-04-10 12:00:00+00:00,30.05,69.04577,1007.64557,10.805999,271.90912,0.1,41.0,51.0
2019-04-10 13:00:00+00:00,29.3,74.738434,1008.1445,7.208994,267.13766,0.0,10.0,0.0
2019-04-10 14:00:00+00:00,28.8,79.74163,1009.04315,5.0528407,265.91446,0.0,20.0,1.0
2019-04-10 15:00:00+00:00,28.4,81.12944,1010.04236,6.9527545,291.25058,0.0,25.0,1.0
2019-04-10 16:00:00+00:00,28.35,81.85258,1010.8416,8.161764,311.42358,0.0,26.0,1.0
2019-04-10 17:00:00+00:00,27.9,83.52688,1011.34076,8.435069,309.8055,0.0,32.0,1.0
2019-04-10 18:00:00+00:00,27.7,84.25621,1011.4405,7.289445,327.09476,0.0,44.0,1.0
2019-04-10 19:00:00+00:00,27.2,87.01852,1010.7401,6.489992,340.55988,0.0,40.0,1.0
2019-04-10 20:00:00+00:00,26.7,88.548996,1010.4393,7.5942082,328.5705,0.0,44.0,1.0
2019-04-10 21:00:00+00:00,26.3,89.85246,1009.739,8.225035,336.8014,0.0,31.0,1.0
2019-04-10 22:00:00+00:00,26.0,90.64231,1009.2389,7.9526596,354.80566,0.0,29.0,1.0
2019-04-10 23:00:00+00:00,25.8,89.27842,1009.23865,7.928178,2.6025116,0.0,21.0,1.0
2019-04-11 00:00:00+00:00,26.4,86.94627,1009.8393,10.495713,337.8336,0.0,48.0,1.0
2019-04-11 01:00:00+00:00,26.85,83.91215,1010.53955,9.565437,340.20102,0.0,11.0,0.0
2019-04-11 02:00:00+00:00,27.85,78.1905,1011.24084,8.766573,340.8209,0.0,7.0,0.0
2019-04-11 03:00:00+00:00,29.55,71.48994,1011.94305,9.511088,330.5242,0.0,4.0,0.0
2019-04-11 04:00:00+00:00,31.2,64.069,1012.14545,9.0,306.86996,0.1,16.0,51.0
2019-04-11 05:00:00+00:00,32.0,61.407967,1011.64703,10.661107,281.68933,0.2,26.0,51.0
2019-04-11 06:00:00+00:00,32.0,63.281746,1010.64746,13.698934,273.01273,0.2,27.0,51.0
2019-04-11 07:00:00+00:00,32.0,62.714443,1009.44806,16.215992,272.54474,0.0,34.0,1.0
2019-04-11 08:00:00+00:00,32.1,60.69457,1008.3485,18.057508,265.42615,0.0,31.0,1.0
2019-04-11 09:00:00+00:00,31.6,64.92807,1007.2483,18.844202,263.41815,0.0,13.0,0.0
2019-04-11 10:00:00+00:00,30.95,67.984085,1006.8476,17.643673,271.1691,0.2,27.0,51.0
2019-04-11 11:00:00+00:00,30.45,69.32907,1006.7467,14.869351,276.95285,0.0,30.0,1.0
2019-04-11 12:00:00+00:00,30.0,72.43226,1007.1458,10.799999,270.0,0.0,38.0,1.0
2019-04-11 13:00:00+00:00,29.05,78.127846,1007.8443,7.69592,280.78424,0.0,39.0,1.0
2019-04-11 14:00:00+00:00,28.85,79.510864,1008.64355,6.2145634,280.0079,0.0,16.0,0.0
2019-04-11 15:00:00+00:00,28.65,80.67858,1009.14307,6.989936,304.50858,0.0,28.0,1.0
2019-04-11 16:00:00+00:00,28.45,82.10902,1009.54254,9.178235,311.82007,0.0,20.0,1.0
2019-04-11 17:00:00+00:00,28.0,84.53973,1009.8418,8.373386,334.53668,0.0,21.0,1.0
2019-04-11 18:00:00+00:00,27.3,87.02753,1009.44073,8.287822,357.5105,0.0,15.0,0.0
2019-04-11 19:00:00+00:00,26.85,85.43747,1008.9403,7.6367526,8.130019,0.0,13.0,0.0
2019-04-11 20:00:00+00:00,26.6,84.64552,1008.2403,8.209263,15.255177,0.0,8.0,0.0
2019-04-11 21:00:00+00:00,26.4,84.624504,1007.64026,7.9932976,7.7650824,0.0,6.0,0.0
2019-04-11 22:00:00+00:00,26.15,85.11012,1007.54,9.007196,2.2905633,0.0,4.0,0.0
2019-04-11 23:00:00+00:00,25.95,85.604965,1007.6395,9.0,360.0,0.0,4.0,0.0
2019-04-12 00:00:00+00:00,26.2,84.603355,1008.03973,9.028754,355.42615,0.0,3.0,0.0
2019-04-12 01:00:00+00:00,26.5,82.86799,1008.63983,9.0,360.0,0.0,3.0,0.0
2019-04-12 02:00:00+00:00,28.2,75.01172,1009.5422,9.0,360.0,0.0,3.0,0.0
2019-04-12 03:00:00+00:00,30.1,68.43451,1010.2448,9.346143,344.3577,0.0,1.0,0.0
2019-04-12 04:00:00+00:00,32.0,59.944107,1010.64746,9.686609,318.01288,0.0,10.0,0.0
2019-04-12 05:00:00+00:00,33.3,53.073254,1010.2496,10.587917,287.81897,0.0,15.0,0.0
2019-04-12 06:00:00+00:00,33.45,54.413887,1009.84973,15.124284,271.3639,0.0,22.0,1.0
2019-04-12 07:00:00+00:00,32.55,61.345085,1009.0488,18.089775,275.7105,0.3,26.0,51.0
2019-04-12 08:00:00+00:00,32.7,61.011303,1007.94965,19.110542,273.23962,0.2,32.0,51.0
2019-04-12 09:00:00+00:00,32.15,66.61208,1006.64923,22.751316,265.4623,0.1,27.0,51.0
2019-04-12 10:00:00+00:00,31.65,65.91822,1006.2487,18.584509,278.91486,0.0,20.0,1.0
2019-04-12 11:00:00+00:00,30.65,71.04588,1006.4471,15.226764,276.78888,0.2,31.0,51.0
2019-04-12 12:00:00+00:00,30.15,75.321915,1006.44653,13.979871,281.88864,1.0,51.0,55.0
2019-04-12 13:00:00+00:00,29.5,78.42486,1007.1452,9.19939,300.57913,0.1,37.0,51.0
2019-04-12 14:00:00+00:00,29.0,79.29448,1008.0438,7.42159,320.90613,0.1,30.0,51.0
2019-04-12 15:00:00+00:00,28.35,81.36563,1008.74255,4.802999,12.99463,0.0,21.0,1.0
2019-04-12 16:00:00+00:00,27.95,81.07266,1009.44165,4.379589,9.462248,0.0,14.0,0.0
2019-04-12 17:00:00+00:00,27.45,81.25314,1010.0408,6.6087217,29.357658,0.0,10.0,0.0
2019-04-12 18:00:00+00:00,27.05,82.4345,1009.94025,5.634891,26.564985,0.0,6.0,0.0
2019-04-12 19:00:00+00:00,26.75,83.64916,1009.1402,6.763786,25.201094,0.0,8.0,0.0
2019-04-12 20:00:00+00:00,26.55,84.38595,1008.3402,7.0911775,23.962492,0.0,8.0,0.0
2019-04-12 21:00:00+00:00,26.3,85.38225,1007.6399,7.628263,19.290138,0.0,10.0,0.0
2019-04-12 22:00:00+00:00,26.15,86.40204,1007.54,7.42159,14.036275,0.0,10.0,0.0
2019-04-12 23:00:00+00:00,26.2,86.40674,1007.83984,7.5599995,360.0,0.0,9.0,0.0
2019-04-13 00:00:00+00:00,26.25,86.41142,1007.83984,7.208994,357.13766,0.0,7.0,0.0
2019-04-13 01:00:00+00:00,26.7,84.14847,1008.74005,7.928178,357.3975,0.0,0.0,0.0
2019-04-13 02:00:00+00:00,28.25,77.08114,1009.64215,6.849467,3.0127327,0.0,0.0,0.0
2019-04-13 03:00:00+00:00,30.45,67.27699,1010.44507,7.8625183,344.05453,0.0,0.0,0.0
2019-04-13 04:00:00+00:00,32.3,57.35234,1010.5478,8.654987,315.0001,0.0,7.0,0.0
2019-04-13 05:00:00+00:00,33.65,50.02212,1010.2498,10.041354,284.5345,0.0,9.0,0.0
2019-04-13 06:00:00+00:00,33.85,51.30782,1009.65045,15.158522,274.08554,0.0,8.0,0.0
2019-04-13 07:00:00+00:00,33.35,55.553207,1008.8502,16.981165,274.8644,0.0,23.0,1.0
2019-04-13 08:00:00+00:00,32.8,58.34335,1007.6498,18.844202,263.41815,0.3,18.0,51.0
2019-04-13 09:00:00+00:00,33.15,58.776558,1006.5509,18.25026,255.14134,0.0,32.0,1.0
2019-04-13 10:00:00+00:00,32.5,58.80382,1006.1501,15.226764,263.21112,0.0,21.0,1.0
2019-04-13 11:00:00+00:00,31.3,70.53035,1006.14813,14.578888,249.77505,0.0,16.0,0.0
2019-04-13 12:00:00+00:00,30.2,72.68359,1006.74634,9.360001,247.3801,0.0,13.0,0.0
2019-04-13 13:00:00+00:00,29.95,71.77578,1007.1458,7.9932976,277.76508,0.0,16.0,0.0
2019-04-13 14:00:00+00:00,29.55,73.889,1008.1447,4.896529,287.1028,0.0,20.0,1.0
2019-04-13 15:00:00+00:00,29.25,76.76982,1009.0441,2.3051248,308.65982,0.0,19.0,0.0
2019-04-13 16:00:00+00:00,28.9,80.47079,1009.7431,2.4149535,296.56497,0.0,17.0,0.0
2019-04-13 17:00:00+00:00,28.85,79.510864,1010.24286,1.835647,281.3099,0.0,8.0,0.0
2019-04-13 18:00:00+00:00,28.5,80.900314,1010.1423,1.835647,258.6901,0.0,13.0,0.0
2019-04-13 19:00:00+00:00,27.9,84.27766,1009.44165,2.7416782,293.1986,0.0,23.0,1.0
2019-04-13 20:00:00+00:00,27.1,89.64242,1008.8407,3.8939953,326.3099,0.0,33.0,1.0
2019-04-13 21:00:00+00:00,26.7,92.5977,1008.5401,4.198285,329.03632,0.0,33.0,1.0
2019-04-13 22:00:00+00:00,26.55,92.865654,1008.14026,5.634891,333.43503,0.0,24.0,1.0
2019-04-13 23:00:00+00:00,26.25,92.85029,1008.4396,5.4477882,352.40543,0.0,17.0,0.0
2019-04-14 00:00:00+00:00,25.8,95.07186,1008.439,4.6800003,337.3801,0.0,10.0,0.0
2019-04-14 01:00:00+00:00,26.85,90.968834,1008.9403,3.319036,347.4712,0.0,4.0,0.0
2019-04-14 02:00:00+00:00,28.45,80.652855,1009.7425,3.096837,324.46225,0.0,2.0,0.0
2019-04-14 03:00:00+00:00,30.6,67.91613,1010.5452,2.5455842,315.0001,0.0,8.0,0.0
2019-04-14 04:00:00+00:00,32.3,56.66077,1010.7477,4.0249224,259.69522,0.1,14.0,51.0
2019-04-14 05:00:00+00:00,32.85,55.097374,1010.5487,8.534353,242.35411,0.2,29.0,51.0
2019-04-14 06:00:00+00:00,31.4,68.478676,1010.5466,11.090103,234.24602,1.2,45.0,55.0
2019-04-14 07:00:00+00:00,32.15,60.88887,1009.44806,11.681987,236.3099,0.2,40.0,51.0
2019-04-14 08:00:00+00:00,32.3,60.374725,1008.6486,11.885453,215.13428,0.3,46.0,51.0
2019-04-14 09:00:00+00:00,30.25,70.76174,1007.94586,10.390226,194.03627,1.1,57.0,55.0
2019-04-14 10:00:00+00:00,30.4,69.73671,1007.1465,8.891344,201.37068,0.2,34.0,51.0
2019-04-14 11:00:00+00:00,30.1,71.58753,1006.9463,10.239453,190.1246,0.1,24.0,51.0
2019-04-14 12:00:00+00:00,29.55,74.77872,1007.1452,12.964998,178.40889,0.0,20.0,1.0
2019-04-14 13:00:00+00:00,28.95,78.34714,1007.744,11.659777,171.11942,0.0,10.0,0.0
2019-04-14 14:00:00+00:00,28.55,81.39051,1008.44305,7.771331,166.60748,0.0,7.0,0.0
2019-04-14 15:00:00+00:00,28.5,83.09819,1009.1427,4.510787,151.38963,0.0,7.0,0.0
2019-04-14 16:00:00+00:00,28.1,86.58401,1009.94183,2.3051248,141.34016,0.0,14.0,0.0
2019-04-14 17:00:00+00:00,27.65,89.41695,1010.341,3.2599385,96.340096,0.0,11.0,0.0
2019-04-14 18:00:00+00:00,27.0,91.249176,1010.1401,3.671294,78.6901,0.0,10.0,0.0
2019-04-14 19:00:00+00:00,26.3,92.85286,1009.739,3.5455887,66.037506,0.1,15.0,51.0
2019-04-14 20:00:00+00:00,26.45,89.86315,1009.0397,5.00128,59.743652,0.1,23.0,51.0
2019-04-14 21:00:00+00:00,26.25,89.848854,1008.53955,6.4096174,51.842735,0.1,15.0,51.0
2019-04-14 22:00:00+00:00,25.95,90.367714,1008.4392,5.6002855,44.999897,0.0,14.0,0.0
2019-04-14 23:00:00+00:00,25.75,90.62569,1008.9388,5.1919937,33.6901,0.0,17.0,0.0
2019-04-15 00:00:00+00:00,26.1,89.83807,1008.83905,4.0249224,349.69522,0.0,13.0,0.0
2019-04-15 01:00:00+00:00,26.95,84.9367,1009.6403,4.0249224,349.69522,0.0,18.0,0.0
2019-04-15 02:00:00+00:00,28.0,80.594864,1010.4416,2.968636,14.036275,0.0,8.0,0.0
2019-04-15 03:00:00+00:00,29.9,71.55212,1011.24396,1.08,360.0,0.0,6.0,0.0
2019-04-15 04:00:00+00:00,31.6,60.765953,1011.6463,4.802999,257.00537,0.1,22.0,51.0
2019-04-15 05:00:00+00:00,32.15,58.36874,1011.54706,8.699793,245.55606,0.2,44.0,51.0
2019-04-15 06:00:00+00:00,31.45,67.2723,1011.0463,12.43434,247.8905,0.3,47.0,51.0
2019-04-15 07:00:00+00:00,31.45,65.483826,1010.2467,13.138765,260.53775,0.1,39.0,51.0
2019-04-15 08:00:00+00:00,32.0,60.489426,1008.94824,13.979871,258.11136,0.1,24.0,51.0
2019-04-15 09:00:00+00:00,31.55,64.52921,1007.948,10.739833,256.42953,0.0,46.0,1.0
2019-04-15 10:00:00+00:00,30.95,66.57152,1007.24744,11.367109,259.046,0.1,28.0,51.0
2019-04-15 11:00:00+00:00,30.5,69.338455,1007.0468,9.885262,280.49142,0.1,18.0,51.0
2019-04-15 12:00:00+00:00,29.95,73.07655,1007.04584,10.182337,278.13,0.0,35.0,1.0
2019-04-15 13:00:00+00:00,29.0,78.82314,1008.1438,7.729527,297.75842,0.0,37.0,1.0
2019-04-15 14:00:00+00:00,28.95,79.99954,1009.0434,4.510787,298.61035,0.1,30.0,51.0
2019-04-15 15:00:00+00:00,28.75,81.9011,1009.8428,5.4833565,293.1986,0.0,26.0,1.0
2019-04-15 16:00:00+00:00,28.65,83.11529,1010.7424,4.2136917,289.9832,0.0,26.0,1.0
2019-04-15 17:00:00+00:00,28.45,84.33631,1010.842,5.634891,296.56497,0.0,62.0,2.0
2019-04-15 18:00:00+00:00,27.9,87.59968,1010.54114,5.0911684,315.0001,0.0,33.0,1.0
2019-04-15 19:00:00+00:00,27.35,90.46258,1010.0408,4.452954,345.9637,0.0,49.0,1.0
2019-04-15 20:00:00+00:00,26.85,90.6985,1009.0403,5.1544156,12.094739,0.0,41.0,1.0
2019-04-15 21:00:00+00:00,26.55,86.439674,1008.2403,4.829907,26.564985,0.0,43.0,1.0
2019-04-15 22:00:00+00:00,25.95,87.43036,1007.73956,3.7064266,29.054508,0.0,63.0,2.0
2019-04-15 23:00:00+00:00,25.95,85.089584,1007.93945,2.9024127,29.744795,0.0,76.0,2.0
2019-04-16 00:00:00+00:00,25.85,88.747086,1007.9392,3.7585104,16.699326,0.0,75.0,2.0
2019-04-16 01:00:00+00:00,26.7,84.65604,1008.6401,5.5887027,14.931467,0.0,75.0,2.0
2019-04-16 02:00:00+00:00,28.25,79.90672,1009.64215,4.32,360.0,0.0,43.0,1.0
2019-04-16 03:00:00+00:00,30.25,70.76174,1010.5446,5.0911684,315.0001,0.0,26.0,1.0
2019-04-16 04:00:00+00:00,31.8,60.62736,1010.84705,8.905908,284.03625,0.1,29.0,51.0
2019-04-16 05:00:00+00:00,32.1,60.51191,1010.84735,13.004921,274.76355,0.2,28.0,51.0
2019-04-16 06:00:00+00:00,31.7,65.143654,1010.5468,15.158522,274.08554,0.2,31.0,51.0
2019-04-16 07:00:00+00:00,31.25,66.43211,1009.9465,12.641076,289.9832,0.1,35.0,51.0
2019-04-16 08:00:00+00:00,31.5,65.887794,1008.9473,11.874544,284.03625,0.1,41.0,51.0
2019-04-16 09:00:00+00:00,31.0,69.43217,1007.94714,14.440443,274.28906,0.3,39.0,51.0
2019-04-16 10:00:00+00:00,30.05,72.00869,1007.3457,14.48972,296.56497,0.2,84.0,51.0
2019-04-16 11:00:00+00:00,29.65,75.69335,1007.0456,15.716793,290.0953,0.2,88.0,51.0
2019-04-16 12:00:00+00:00,29.8,72.39765,1007.14557,12.397806,295.82092,0.1,94.0,51.0
2019-04-16 13:00:00+00:00,29.4,75.880745,1007.94464,10.966713,293.1986,0.1,85.0,51.0
2019-04-16 14:00:00+00:00,29.1,77.90217,1008.94385,10.587917,287.81897,0.0,84.0,3.0
2019-04-16 15:00:00+00:00,28.25,82.57604,1010.1419,8.373386,295.46332,0.0,90.0,3.0
2019-04-16 16:00:00+00:00,25.95,94.79432,1011.3379,5.8603754,312.5104,5.4,100.0,63.0
2019-04-16 17:00:00+00:00,26.4,93.13487,1011.5385,5.1919937,303.6901,0.1,88.0,51.0
2019-04-16 18:00:00+00:00,26.5,93.41717,1011.1387,7.10031,329.53452,0.0,89.0,3.0
2019-04-16 19:00:00+00:00,26.45,94.25163,1010.539,6.830519,341.56494,0.0,94.0,3.0
2019-04-16 20:00:00+00:00,26.2,95.08612,1009.53906,7.2805495,351.4693,0.0,92.0,3.0
2019-04-16 21:00:00+00:00,26.0,94.79624,1008.83905,6.130579,3.3664,0.0,97.0,3.0
2019-04-16 22:00:00+00:00,24.85,99.40468,1009.0371,1.484318,255.96373,5.4,99.0,63.0
2019-04-16 23:00:00+00:00,24.4,99.40267,1009.6361,3.319036,319.39877,5.9,100.0,63.0
2019-04-17 00:00:00+00:00,25.2,90.86232,1008.9378,10.239453,349.8754,0.2,100.0,51.0
2019-04-17 01:00:00+00:00,26.1,87.4435,1009.6387,8.089993,20.854538,0.0,97.0,3.0
2019-04-17 02:00:00+00:00,27.0,85.70878,1010.44,7.8625183,15.945477,0.0,100.0,3.0
2019-04-17 03:00:00+00:00,28.4,80.4059,1011.4417,7.968939,341.56494,0.0,100.0,3.0
2019-04-17 04:00:00+00:00,30.0,73.085014,1011.64374,14.618837,322.00122,0.1,100.0,51.0
2019-04-17 05:00:00+00:00,30.55,70.60462,1011.5448,14.529915,318.01285,0.1,99.0,51.0
2019-04-17 06:00:00+00:00,31.65,66.91092,1010.6467,12.599998,306.86996,0.1,98.0,51.0
2019-04-17 07:00:00+00:00,31.7,67.72419,1009.2474,14.654254,297.824,0.1,99.0,51.0
2019-04-17 08:00:00+00:00,31.25,72.21755,1008.0473,15.827721,287.19864,0.0,100.0,3.0
2019-04-17 09:00:00+00:00,29.7,80.57395,1007.44543,16.65754,276.20334,0.0,99.0,3.0
2019-04-17 10:00:00+00:00,29.7,77.06634,1006.9457,16.1198,293.70264,1.5,99.0,61.0
2019-04-17 11:00:00+00:00,27.65,92.10232,1007.5423,7.4128532,330.9455,6.2,100.0,63.0
2019-04-17 12:00:00+00:00,25.6,94.49828,1008.73846,6.519877,353.6599,7.7,100.0,65.0
2019-04-17 13:00:00+00:00,25.8,93.38394,1009.33856,5.8603754,10.61961,0.1,100.0,51.0
2019-04-17 14:00:00+00:00,25.8,91.44792,1009.6384,6.638072,12.528798,0.0,99.0,3.0
2019-04-17 15:00:00+00:00,25.75,90.62569,1010.4381,7.6367526,8.130019,0.0,99.0,3.0
2019-04-17 16:00:00+00:00,25.65,90.61904,1011.23737,8.049845,10.304792,0.0,100.0,3.0
2019-04-17 17:00:00+00:00,25.5,91.15535,1011.5372,8.049845,10.304792,0.0,100.0,3.0
2019-04-17 18:00:00+00:00,25.55,91.15852,1011.0374,8.049845,10.304792,0.0,100.0,3.0
2019-04-17 19:00:00+00:00,25.6,91.16163,1010.0379,8.707238,7.12493,0.0,99.0,3.0
2019-04-17 20:00:00+00:00,25.75,90.62569,1009.0387,9.0,360.0,0.0,98.0,3.0
2019-04-17 21:00:00+00:00,25.8,89.547134,1008.0392,9.3669195,357.79745,0.0,88.0,3.0
2019-04-17 22:00:00+00:00,25.75,89.27463,1007.53937,9.422101,353.41815,0.0,92.0,3.0
2019-04-17 23:00:00+00:00,25.6,89.53236,1007.3391,11.212135,354.47253,0.0,94.0,3.0
2019-04-18 00:00:00+00:00,25.6,88.194115,1007.73895,7.5685663,2.7262611,0.0,57.0,2.0
2019-04-18 01:00:00+00:00,26.0,86.387856,1008.6391,7.928178,357.3975,0.0,83.0,3.0
2019-04-18 02:00:00+00:00,27.3,84.21325,1009.44073,7.2359104,5.7105074,0.0,28.0,1.0
2019-04-18 03:00:00+00:00,29.15,78.375465,1010.2432,6.130579,356.6336,0.0,19.0,0.0
2019-04-18 04:00:00+00:00,30.65,72.32859,1010.34534,5.3517847,312.27362,0.0,1.0,0.0
2019-04-18 05:00:00+00:00,31.9,66.761086,1009.74756,6.9899354,281.88864,0.0,0.0,0.0
2019-04-18 06:00:00+00:00,32.1,68.61219,1009.2481,12.496719,258.3664,0.0,7.0,0.0
2019-04-18 07:00:00+00:00,31.3,68.459564,1008.8469,15.827721,252.80138,0.9,51.0,53.0
2019-04-18 08:00:00+00:00,29.75,80.10493,1008.6449,9.957108,229.39879,5.6,87.0,63.0
2019-04-18 09:00:00+00:00,28.7,84.61322,1008.0436,2.968636,194.03627,1.3,100.0,61.0
2019-04-18 10:00:00+00:00,28.6,82.617004,1007.144,4.8433046,221.98714,0.6,99.0,53.0
2019-04-18 11:00:00+00:00,27.7,87.58246,1007.4423,5.8603754,259.3804,0.6,100.0,53.0
2019-04-18 12:00:00+00:00,28.45,83.092476,1007.7434,9.107359,251.56496,5.2,99.0,63.0
2019-04-18 13:00:00+00:00,27.65,88.10013,1008.4419,4.39436,235.0079,0.0,95.0,3.0
2019-04-18 14:00:00+00:00,26.6,92.043045,1009.7396,5.692099,214.69522,1.5,97.0,61.0
2019-04-18 15:00:00+00:00,26.0,94.51419,1010.53827,4.8433046,221.98714,1.9,95.0,61.0
2019-04-18 16:00:00+00:00,26.15,93.122536,1011.33826,2.6208394,285.94547,0.4,93.0,51.0
2019-04-18 17:00:00+00:00,25.6,99.11312,1011.5372,2.6208394,344.05453,1.2,100.0,55.0
2019-04-18 18:00:00+00:00,25.85,96.21326,1011.33765,4.3349743,355.23645,0.6,100.0,53.0
2019-04-18 19:00:00+00:00,25.2,99.7027,1010.33716,4.0249224,10.304792,0.4,100.0,51.0
2019-04-18 20:00:00+00:00,24.95,99.70213,1009.1373,5.5887027,14.931467,0.2,100.0,51.0
2019-04-18 21:00:00+00:00,25.2,96.19518,1008.6379,6.28713,13.240531,0.2,94.0,51.0
2019-04-18 22:00:00+00:00,25.05,94.47632,1008.4377,7.2805495,8.530692,1.4,96.0,61.0
2019-04-18 23:00:00+00:00,24.8,95.03585,1008.63727,7.729527,27.758451,2.0,98.0,61.0
2019-04-19 00:00:00+00:00,24.8,93.055336,1008.43744,5.1919937,33.6901,0.1,80.0,51.0
2019-04-19 01:00:00+00:00,25.3,91.417336,1008.7382,6.2145634,10.007925,0.0,98.0,3.0
2019-04-19 02:00:00+00:00,26.05,89.83452,1009.4388,3.5455887,23.962492,0.0,98.0,3.0
2019-04-19 03:00:00+00:00,27.35,86.256676,1010.34064,1.1384199,71.564964,0.0,99.0,3.0
2019-04-19 04:00:00+00:00,29.0,77.65543,1010.5427,2.3051248,218.65984,0.0,98.0,3.0
2019-04-19 05:00:00+00:00,29.7,77.29594,1010.2442,5.154415,245.22488,0.1,97.0,51.0
2019-04-19 06:00:00+00:00,30.15,73.98813,1009.4451,6.830519,251.56496,0.1,97.0,51.0
2019-04-19 07:00:00+00:00,30.5,72.5185,1008.4462,10.30883,245.22488,0.1,98.0,51.0
2019-04-19 08:00:00+00:00,29.55,74.77872,1007.3451,10.163227,247.06787,0.0,97.0,3.0
2019-04-19 09:00:00+00:00,29.65,75.01856,1006.246,9.531505,259.1145,0.0,97.0,3.0
2019-04-19 10:00:00+00:00,29.65,76.60139,1005.9461,10.105681,265.91446,0.0,97.0,3.0
2019-04-19 11:00:00+00:00,29.0,79.05851,1005.9448,8.647496,267.6141,0.1,99.0,51.0
2019-04-19 12:00:00+00:00,28.25,82.57604,1006.74347,1.484318,255.96373,0.1,99.0,51.0
2019-04-19 13:00:00+00:00,27.85,89.431755,1007.74243,2.0991426,59.03632,0.1,99.0,51.0
2019-04-19 14:00:00+00:00,27.3,91.53869,1008.64105,5.04,90.0,0.0,99.0,3.0
2019-04-19 15:00:00+00:00,26.7,93.1496,1009.2398,6.5693827,80.53775,0.0,99.0,3.0
2019-04-19 16:00:00+00:00,26.55,90.13909,1009.83954,6.12,61.92762,0.0,97.0,3.0
2019-04-19 17:00:00+00:00,26.4,89.32366,1009.8393,3.6,53.13002,0.0,92.0,3.0
2019-04-19 18:00:00+00:00,26.1,92.56586,1009.3388,2.2768397,18.435053,0.0,79.0,2.0
2019-04-19 19:00:00+00:00,26.35,89.5876,1009.1396,4.510787,208.61037,0.0,85.0,3.0
2019-04-19 20:00:00+00:00,26.0,89.83092,1008.13934,4.6938257,237.52882,0.3,100.0,51.0
2019-04-19 21:00:00+00:00,25.9,90.90772,1007.43945,2.3051248,308.65982,0.1,100.0,51.0
2019-04-19 22:00:00+00:00,25.75,90.89802,1007.0396,4.68,270.0,1.1,100.0,55.0
2019-04-19 23:00:00+00:00,25.65,92.54187,1006.93933,4.6938252,265.60138,1.0,100.0,55.0
2019-04-20 00:00:00+00:00,26.25,92.29812,1006.1406,4.1046314,217.87505,0.1,100.0,51.0
2019-04-20 01:00:00+00:00,26.85,88.296974,1006.74133,5.634891,153.43501,0.0,96.0,3.0
2019-04-20 02:00:00+00:00,27.55,87.049965,1007.342,3.9763298,95.19434,0.0,97.0,3.0
2019-04-20 03:00:00+00:00,28.3,82.5819,1008.0429,3.396233,122.00535,0.0,97.0,3.0
2019-04-20 04:00:00+00:00,29.55,75.00258,1008.44464,4.1046314,195.25517,0.1,98.0,51.0
2019-04-20 05:00:00+00:00,30.0,73.085014,1008.7451,7.0911775,203.9625,0.2,98.0,51.0
2019-04-20 06:00:00+00:00,29.55,77.73529,1008.44464,9.83268,203.7495,0.2,98.0,51.0
2019-04-20 07:00:00+00:00,28.55,81.39051,1008.1432,6.9899354,191.88864,1.3,100.0,61.0
2019-04-20 08:00:00+00:00,28.25,80.38634,1007.04333,10.799999,233.13002,0.9,100.0,53.0
2019-04-20 09:00:00+00:00,28.45,82.10902,1006.1441,6.9527545,201.25058,0.4,100.0,51.0
2019-04-20 10:00:00+00:00,27.35,86.51442,1005.9427,11.298495,202.47948,1.3,100.0,61.0
2019-04-20 11:00:00+00:00,26.3,93.12995,1006.04065,9.693296,211.32863,4.0,100.0,63.0
2019-04-20 12:00:00+00:00,27.1,89.37603,1005.1424,3.5455887,113.962494,1.9,100.0,61.0
2019-04-20 13:00:00+00:00,26.25,93.127426,1006.2406,7.8954163,65.77226,0.6,100.0,53.0
2019-04-20 14:00:00+00:00,25.9,92.83231,1006.9397,6.1305785,49.76371,0.3,100.0,51.0
2019-04-20 15:00:00+00:00,25.7,91.99171,1008.0392,3.7064266,29.054508,0.2,100.0,51.0
2019-04-20 16:00:00+00:00,24.85,99.10817,1009.0371,2.1897945,350.53775,2.4,100.0,61.0
2019-04-20 17:00:00+00:00,24.85,99.10817,1008.9372,2.8799999,360.0,0.2,100.0,51.0
2019-04-20 18:00:00+00:00,24.7,99.10715,1008.33746,3.2599385,353.6599,0.2,100.0,51.0
2019-04-20 19:00:00+00:00,24.6,98.8102,1008.13715,3.396233,327.99466,0.2,100.0,51.0
2019-04-20 20:00:00+00:00,24.25,99.401985,1007.6368,7.10031,30.465475,1.0,97.0,55.0
2019-04-20 21:00:00+00:00,23.7,99.100464,1006.63666,7.42159,14.036275,0.4,95.0,51.0
2019-04-20 22:00:00+00:00,24.1,93.86855,1006.1375,11.177405,14.931467,0.1,98.0,51.0
2019-04-20 23:00:00+00:00,24.1,93.585,1005.5378,9.007196,2.2905633,0.0,96.0,3.0
2019-04-21 00:00:00+00:00,24.25,93.87525,1007.0371,2.9024127,330.25522,0.0,95.0,3.0
2019-04-21 01:00:00+00:00,24.05,99.10284,1007.6364,3.7585104,286.6993,3.5,100.0,63.0
2019-04-21 02:00:00+00:00,24.6,99.40356,1008.3371,1.2979984,123.690094,0.6,100.0,53.0
2019-04-21 03:00:00+00:00,25.35,92.52574,1009.0381,4.0249224,26.564985,0.4,100.0,51.0
2019-04-21 04:00:00+00:00,25.8,91.44792,1009.33856,4.896529,17.102825,0.2,100.0,51.0
2019-04-21 05:00:00+00:00,27.05,86.48649,1008.9407,5.8603754,349.3804,0.1,100.0,51.0
2019-04-21 06:00:00+00:00,28.6,77.36488,1008.2435,8.891343,328.24057,0.0,100.0,3.0
2019-04-21 07:00:00+00:00,29.45,72.772766,1007.0452,9.693296,338.19852,0.0,100.0,3.0
2019-04-21 08:00:00+00:00,29.6,72.14607,1005.9458,9.290511,324.46225,0.0,100.0,3.0
2019-04-21 09:00:00+00:00,29.8,72.18099,1004.9466,10.685391,302.61923,0.0,99.0,3.0
2019-04-21 10:00:00+00:00,29.4,75.65432,1004.3462,12.641076,289.9832,0.0,99.0,3.0
2019-04-21 11:00:00+00:00,28.8,79.030975,1004.3453,14.934577,285.3763,0.0,99.0,3.0
2019-04-21 12:00:00+00:00,28.9,75.57598,1004.4455,13.1041975,290.92456,0.0,98.0,3.0
2019-04-21 13:00:00+00:00,28.3,78.25479,1004.94434,12.641076,289.9832,0.0,100.0,3.0
2019-04-21 14:00:00+00:00,28.3,77.78647,1005.94385,11.91812,295.01685,0.0,91.0,3.0
2019-04-21 15:00:00+00:00,28.4,78.03471,1006.64386,11.269782,296.56497,0.0,94.0,3.0
2019-04-21 16:00:00+00:00,28.3,79.43638,1007.2432,9.957108,310.60123,0.0,88.0,3.0
2019-04-21 17:00:00+00:00,27.8,83.018135,1007.64246,8.699793,335.55606,0.0,89.0,3.0
2019-04-21 18:00:00+00:00,27.25,85.47745,1007.54156,8.049845,349.69522,0.0,86.0,3.0
2019-04-21 19:00:00+00:00,26.7,86.973434,1006.8409,9.339208,332.44727,0.0,86.0,3.0
2019-04-21 20:00:00+00:00,26.55,88.00852,1005.8414,9.565437,340.20102,0.0,93.0,3.0
2019-04-21 21:00:00+00:00,26.15,88.50482,1005.04114,10.805999,358.09088,0.0,82.0,3.0
2019-04-21 22:00:00+00:00,26.05,88.49677,1004.7409,11.879999,360.0,0.0,88.0,3.0
2019-04-21 23:00:00+00:00,26.05,87.439125,1004.8408,11.885453,358.26434,0.0,89.0,3.0
2019-04-22 00:00:00+00:00,25.9,87.95393,1005.2405,11.525623,1.7898695,0.0,94.0,3.0
2019-04-22 01:00:00+00:00,26.05,87.17648,1005.4406,11.159999,360.0,0.0,46.0,1.0
2019-04-22 02:00:00+00:00,27.25,83.95593,1006.3421,10.464798,356.0549,0.0,77.0,2.0
2019-04-22 03:00:00+00:00,28.65,78.53919,1007.24396,10.8955765,352.40543,0.0,82.0,3.0
2019-04-22 04:00:00+00:00,29.95,74.62014,1007.74554,11.609651,330.25522,0.0,85.0,3.0
2019-04-22 05:00:00+00:00,30.95,72.16554,1008.04706,12.031756,308.92755,0.0,85.0,3.0
2019-04-22 06:00:00+00:00,31.1,73.27061,1007.74725,14.458382,288.88617,0.0,80.0,3.0
2019-04-22 07:00:00+00:00,29.6,79.376,1007.2452,15.941944,295.40768,1.2,82.0,55.0
2019-04-22 08:00:00+00:00,30.1,77.125595,1006.2466,16.923828,299.29126,0.1,76.0,51.0
2019-04-22 09:00:00+00:00,30.1,78.0456,1005.347,14.773164,313.0251,0.4,91.0,51.0
2019-04-22 10:00:00+00:00,29.05,80.72982,1004.6457,11.885453,324.86572,0.6,95.0,53.0
2019-04-22 11:00:00+00:00,28.6,81.882935,1004.54517,11.631956,338.19852,0.1,93.0,51.0
2019-04-22 12:00:00+00:00,29.9,74.83495,1004.34705,10.691453,315.0001,0.0,90.0,3.0
2019-04-22 13:00:00+00:00,29.2,77.91659,1005.2455,8.714677,308.2902,0.0,92.0,3.0
2019-04-22 14:00:00+00:00,28.9,80.231544,1006.3446,9.686609,311.98712,0.0,94.0,3.0
2019-04-22 15:00:00+00:00,28.45,83.83685,1007.0437,9.511088,330.5242,0.0,87.0,3.0
2019-04-22 16:00:00+00:00,27.9,88.120804,1007.64246,8.311245,342.34976,0.0,77.0,2.0
2019-04-22 17:00:00+00:00,27.4,91.00393,1008.64136,8.287822,357.5105,0.0,84.0,3.0
2019-04-22 18:00:00+00:00,27.2,90.4525,1008.5411,7.5685663,357.27374,0.0,77.0,2.0
2019-04-22 19:00:00+00:00,26.8,91.78115,1008.0407,8.4042845,350.13425,0.0,72.0,2.0
2019-04-22 20:00:00+00:00,26.5,92.587135,1007.34045,8.905908,345.9637,0.0,74.0,2.0
2019-04-22 21:00:00+00:00,26.25,90.9303,1006.6404,9.9571085,347.4712,0.0,93.0,3.0
2019-04-22 22:00:00+00:00,26.05,89.56556,1006.4401,10.853866,354.2895,0.0,96.0,3.0
2019-04-22 23:00:00+00:00,26.0,88.22716,1006.34015,10.1376915,353.88458,0.0,94.0,3.0
2019-04-23 00:00:00+00:00,25.4,83.75202,1007.1389,12.849528,348.6901,0.0,65.0,2.0
2019-04-23 01:00:00+00:00,25.45,83.75755,1007.53876,14.618837,350.07382,0.0,100.0,3.0
2019-04-23 02:00:00+00:00,26.0,84.32698,1008.33923,12.783802,350.2725,0.0,100.0,3.0
2019-04-23 03:00:00+00:00,26.5,84.12681,1009.0397,12.181625,341.02948,0.0,100.0,3.0
2019-04-23 04:00:00+00:00,27.45,81.98844,1009.34106,9.085988,326.3099,0.0,100.0,3.0
2019-04-23 05:00:00+00:00,28.0,81.56564,1009.54193,6.618519,315.0001,0.0,100.0,3.0
2019-04-23 06:00:00+00:00,28.4,80.88762,1009.24274,5.8603754,317.4896,0.0,100.0,3.0
2019-04-23 07:00:00+00:00,28.6,80.19223,1008.2435,7.5942082,301.4295,0.0,100.0,3.0
2019-04-23 08:00:00+00:00,29.1,76.51806,1007.0447,10.691453,315.0001,0.0,98.0,3.0
2019-04-23 09:00:00+00:00,30.85,67.35584,1005.9477,10.144082,297.47433,0.0,96.0,3.0
2019-04-23 10:00:00+00:00,30.55,70.60462,1005.3476,11.792404,282.33908,0.0,94.0,3.0
2019-04-23 11:00:00+00:00,29.45,76.79987,1005.446,14.578888,290.22495,0.0,93.0,3.0
2019-04-23 12:00:00+00:00,29.35,74.74647,1005.8455,10.163227,292.93213,0.0,92.0,3.0
2019-04-23 13:00:00+00:00,28.45,80.893974,1006.444,8.891343,301.75943,0.0,89.0,3.0
2019-04-23 14:00:00+00:00,28.25,83.06967,1007.3432,7.7043357,322.59457,0.0,95.0,3.0
2019-04-23 15:00:00+00:00,28.2,84.56079,1007.94293,6.696387,323.74606,0.0,97.0,3.0
2019-04-23 16:00:00+00:00,28.05,85.55692,1008.64233,8.209263,322.12494,0.0,98.0,3.0
2019-04-23 17:00:00+00:00,27.95,85.03944,1009.24176,9.178235,318.1799,0.0,96.0,3.0
2019-04-23 18:00:00+00:00,27.7,84.76063,1009.04156,9.983106,334.35904,0.0,96.0,3.0
2019-04-23 19:00:00+00:00,27.4,85.74807,1008.4415,9.227524,339.44388,0.0,96.0,3.0
2019-04-23 20:00:00+00:00,27.2,85.98511,1008.0413,8.311245,342.34976,0.0,90.0,3.0
2019-04-23 21:00:00+00:00,27.15,85.72353,1007.6415,7.42159,345.9637,0.0,88.0,3.0
2019-04-23 22:00:00+00:00,26.9,86.73165,1007.44104,6.5693827,350.53775,0.0,94.0,3.0
2019-04-23 23:00:00+00:00,26.7,87.23428,1007.6405,5.0528407,4.085537,0.0,70.0,2.0
2019-04-24 00:00:00+00:00,25.55,90.06907,1007.93884,3.8268526,41.185837,0.0,77.0,2.0
2019-04-24 01:00:00+00:00,25.9,87.95393,1008.73883,5.0142193,68.96242,0.0,43.0,1.0
2019-04-24 02:00:00+00:00,27.05,82.93173,1009.5404,4.6938252,85.60138,0.0,36.0,1.0
2019-04-24 03:00:00+00:00,29.0,76.0461,1010.3428,4.0249224,116.56499,0.0,11.0,0.0
2019-04-24 04:00:00+00:00,30.65,68.13007,1010.1454,3.7585104,196.69933,0.0,3.0,0.0
2019-04-24 05:00:00+00:00,31.4,64.88664,1010.2467,7.145796,229.08571,0.0,4.0,0.0
2019-04-24 06:00:00+00:00,31.6,63.960842,1009.4473,9.449572,229.63554,0.0,15.0,0.0
2019-04-24 07:00:00+00:00,31.45,64.31474,1008.6474,12.387348,234.46223,0.0,37.0,1.0
2019-04-24 08:00:00+00:00,31.2,62.352398,1007.54755,11.4862,237.80429,0.0,46.0,1.0
2019-04-24 09:00:00+00:00,30.55,65.496346,1006.647,9.673221,224.9999,0.0,61.0,2.0
2019-04-24 10:00:00+00:00,30.3,70.77079,1006.147,6.763786,205.2011,0.0,59.0,2.0
2019-04-24 11:00:00+00:00,29.8,75.4914,1006.246,6.439876,206.56499,0.0,53.0,2.0
2019-04-24 12:00:00+00:00,29.75,72.38899,1006.4459,8.759178,189.46225,0.0,47.0,1.0
2019-04-24 13:00:00+00:00,28.5,80.41888,1006.74384,6.638072,167.4712,0.0,30.0,1.0
2019-04-24 14:00:00+00:00,28.15,83.058235,1007.7428,3.563818,135.0001,0.0,37.0,1.0
2019-04-24 15:00:00+00:00,28.25,82.57604,1008.44275,3.0547013,135.0001,0.0,56.0,2.0
2019-04-24 16:00:00+00:00,28.05,83.54361,1009.442,3.7585104,106.699326,0.0,61.0,2.0
2019-04-24 17:00:00+00:00,27.9,86.05248,1010.1413,3.563818,135.0001,0.0,72.0,2.0
2019-04-24 18:00:00+00:00,27.9,87.59968,1009.64154,4.3349743,138.36655,0.0,67.0,2.0
2019-04-24 19:00:00+00:00,27.9,88.64463,1009.1418,2.2768397,161.56496,0.0,47.0,1.0
2019-04-24 20:00:00+00:00,27.0,91.79279,1008.6408,8.0899935,327.72437,0.1,49.0,51.0
2019-04-24 21:00:00+00:00,26.65,92.045906,1007.6405,5.3517847,340.3461,0.0,45.0,1.0
2019-04-24 22:00:00+00:00,26.3,92.85286,1007.2401,5.0911684,351.87,0.0,64.0,2.0
2019-04-24 23:00:00+00:00,25.8,94.22459,1007.3395,2.5455842,44.999897,0.0,61.0,2.0
2019-04-25 00:00:00+00:00,25.55,92.536514,1007.73895,4.1046314,15.255177,0.0,47.0,1.0
2019-04-25 01:00:00+00:00,26.6,86.18534,1008.4402,5.3999996,360.0,0.0,75.0,2.0
2019-04-25 02:00:00+00:00,27.7,80.79823,1009.4414,5.0528407,355.91446,0.0,80.0,3.0
2019-04-25 03:00:00+00:00,29.15,76.525696,1010.2432,4.452954,345.9637,0.0,94.0,3.0
2019-04-25 04:00:00+00:00,30.35,70.99198,1010.64496,5.6002855,315.0001,0.0,94.0,3.0
2019-04-25 05:00:00+00:00,31.2,67.62672,1010.74615,7.968939,288.43503,0.1,97.0,51.0
2019-04-25 06:00:00+00:00,31.25,69.272026,1010.14636,11.252519,277.3523,0.0,91.0,3.0
2019-04-25 07:00:00+00:00,30.75,71.70231,1009.646,12.682018,276.5197,0.0,32.0,1.0
2019-04-25 08:00:00+00:00,30.65,69.36661,1008.64606,11.27553,286.6993,0.1,55.0,51.0
2019-04-25 09:00:00+00:00,30.7,70.843056,1007.54694,12.015589,278.61557,0.0,48.0,1.0
2019-04-25 10:00:00+00:00,30.4,72.93502,1006.6467,12.015589,278.61557,0.0,61.0,2.0
2019-04-25 11:00:00+00:00,29.45,75.66213,1006.44556,9.504272,307.30402,0.0,51.0,2.0
2019-04-25 12:00:00+00:00,30.25,73.56482,1006.3465,12.43434,292.1095,0.1,56.0,51.0
2019-04-25 13:00:00+00:00,28.75,81.9011,1007.34393,6.489992,326.3099,0.0,84.0,3.0
2019-04-25 14:00:00+00:00,27.95,85.547005,1008.1422,5.7599998,360.0,0.0,99.0,3.0
2019-04-25 15:00:00+00:00,27.3,86.7683,1009.1408,6.379216,16.389616,0.0,97.0,3.0
2019-04-25 16:00:00+00:00,27.05,86.48649,1009.5404,5.7599998,360.0,0.0,98.0,3.0
2019-04-25 17:00:00+00:00,27.05,86.2282,1009.8403,6.9899354,348.11136,0.0,97.0,3.0
2019-04-25 18:00:00+00:00,27.05,86.48649,1009.24054,6.638072,347.4712,0.0,95.0,3.0
2019-04-25 19:00:00+00:00,27.1,87.00952,1008.34094,6.9247384,332.1028,0.0,98.0,3.0
2019-04-25 20:00:00+00:00,27.1,87.79217,1007.4414,6.696387,323.74606,0.0,97.0,3.0
2019-04-25 21:00:00+00:00,26.95,88.83362,1006.7417,7.491114,324.78232,0.0,97.0,3.0
2019-04-25 22:00:00+00:00,26.75,89.61687,1006.5414,5.5887027,345.06854,0.0,94.0,3.0
2019-04-25 23:00:00+00:00,26.45,89.86315,1006.64075,6.849467,3.0127327,0.0,86.0,3.0
2019-04-26 00:00:00+00:00,26.5,88.532974,1006.9407,8.287822,2.4894993,0.0,85.0,3.0
2019-04-26 01:00:00+00:00,26.75,86.97793,1007.74084,6.87779,6.0089183,0.0,94.0,3.0
2019-04-26 02:00:00+00:00,28.0,82.79353,1008.4425,7.6367526,351.87,0.0,96.0,3.0
2019-04-26 03:00:00+00:00,29.2,80.032555,1008.8438,9.659814,333.43503,0.0,95.0,3.0
2019-04-26 04:00:00+00:00,30.5,72.95201,1008.946,11.304229,322.76508,0.1,92.0,51.0
2019-04-26 05:00:00+00:00,31.4,68.27466,1008.8473,11.4862,302.1957,0.2,87.0,51.0
2019-04-26 06:00:00+00:00,32.0,66.78092,1008.2486,14.118243,289.35907,0.3,33.0,51.0
2019-04-26 07:00:00+00:00,31.55,72.05581,1007.2483,18.25026,284.85864,0.2,33.0,51.0
2019-04-26 08:00:00+00:00,31.1,72.40624,1006.4478,17.992796,289.88525,0.5,35.0,53.0
2019-04-26 09:00:00+00:00,31.15,70.924095,1005.54846,17.782688,291.3707,0.2,31.0,51.0
2019-04-26 10:00:00+00:00,30.8,73.43802,1004.9481,18.720001,292.6199,0.1,45.0,51.0
2019-04-26 11:00:00+00:00,29.95,78.024185,1005.04675,16.58346,297.12122,0.2,58.0,51.0
2019-04-26 12:00:00+00:00,28.15,94.04518,1005.54376,4.39436,304.9921,1.0,88.0,55.0
2019-04-26 13:00:00+00:00,27.55,93.74269,1006.8422,4.3498964,24.443953,0.3,82.0,51.0
2019-04-26 14:00:00+00:00,27.5,91.01028,1007.44196,4.6102495,38.65983,0.0,87.0,3.0
2019-04-26 15:00:00+00:00,27.4,90.46598,1008.54144,3.396233,32.005356,0.0,80.0,3.0
2019-04-26 16:00:00+00:00,27.1,92.61884,1009.34045,5.8048253,330.25522,0.0,68.0,2.0
2019-04-26 17:00:00+00:00,27.2,93.174095,1009.8405,7.2,306.86996,0.1,37.0,51.0
2019-04-26 18:00:00+00:00,26.95,95.112755,1009.14056,8.287822,325.6196,0.0,88.0,3.0
2019-04-26 19:00:00+00:00,26.45,95.37759,1008.24005,6.4799995,360.0,0.0,69.0,2.0
2019-04-26 20:00:00+00:00,26.2,91.47226,1007.6399,6.489992,19.440128,0.0,86.0,3.0
2019-04-26 21:00:00+00:00,25.9,90.36432,1006.6398,7.172949,17.52567,0.0,97.0,3.0
2019-04-26 22:00:00+00:00,26.0,90.37112,1006.4401,6.519877,6.3401003,0.0,97.0,3.0
2019-04-26 23:00:00+00:00,26.2,90.384766,1006.2406,5.1544156,347.90527,0.0,95.0,3.0
2019-04-27 00:00:00+00:00,26.6,93.14468,1006.74097,7.24486,333.43503,0.1,94.0,51.0
2019-04-27 01:00:00+00:00,26.85,93.15695,1007.0412,8.707237,330.25522,0.0,35.0,1.0
2019-04-27 02:00:00+00:00,27.65,90.48277,1007.6422,7.8954163,335.77228,0.0,49.0,1.0
2019-04-27 03:00:00+00:00,28.8,82.88605,1008.4434,9.605998,347.00537,0.0,22.0,1.0
2019-04-27 04:00:00+00:00,30.35,74.90696,1008.446,9.085988,326.3099,0.0,20.0,1.0
2019-04-27 05:00:00+00:00,31.15,70.29345,1008.44714,11.609651,299.74478,0.2,32.0,51.0
2019-04-27 06:00:00+00:00,31.45,69.30949,1007.8478,14.689589,287.1028,0.4,38.0,51.0
2019-04-27 07:00:00+00:00,30.95,73.46306,1006.8476,18.59845,284.57425,0.3,42.0,51.0
2019-04-27 08:00:00+00:00,30.75,73.429634,1006.0476,18.25026,292.01132,0.1,75.0,51.0
2019-04-27 09:00:00+00:00,30.8,73.875374,1005.148,18.455048,290.55612,0.0,100.0,3.0
2019-04-27 10:00:00+00:00,29.9,78.48115,1004.547,18.11841,290.95584,0.0,97.0,3.0
2019-04-27 11:00:00+00:00,29.75,78.46005,1004.54675,17.414474,299.74478,0.1,100.0,51.0
2019-04-27 12:00:00+00:00,29.45,79.59166,1004.7463,8.225035,293.1986,0.3,100.0,51.0
2019-04-27 13:00:00+00:00,28.7,85.62101,1005.7446,3.6,306.86996,0.4,100.0,51.0
2019-04-27 14:00:00+00:00,28.55,85.60627,1006.64386,7.127636,315.0001,0.2,100.0,51.0
2019-04-27 15:00:00+00:00,28.5,86.109825,1007.34357,4.6938257,302.47116,0.0,100.0,3.0
2019-04-27 16:00:00+00:00,28.35,87.37945,1008.1428,4.452954,284.03625,0.0,100.0,3.0
2019-04-27 17:00:00+00:00,28.15,88.14142,1008.5424,3.8268526,318.81415,0.0,100.0,3.0
2019-04-27 18:00:00+00:00,27.2,92.898766,1008.2412,4.6938257,327.52884,0.0,99.0,3.0
2019-04-27 19:00:00+00:00,26.95,94.27234,1007.5413,4.6800003,337.3801,0.0,99.0,3.0
2019-04-27 20:00:00+00:00,27.15,92.89622,1007.1417,3.2599385,353.6599,0.0,100.0,3.0
2019-04-27 21:00:00+00:00,26.65,94.82069,1006.641,4.198285,329.03632,0.0,100.0,3.0
2019-04-27 22:00:00+00:00,26.45,95.37759,1006.3409,4.510787,298.61035,0.0,99.0,3.0
2019-04-27 23:00:00+00:00,27.05,92.34203,1006.54175,6.4096174,321.8427,0.0,83.0,3.0
2019-04-28 00:00:00+00:00,27.05,92.616234,1006.44183,4.3349743,311.63345,0.0,70.0,2.0
2019-04-28 01:00:00+00:00,27.65,91.019806,1007.1424,5.315336,298.30066,0.1,92.0,51.0
2019-04-28 02:00:00+00:00,28.2,88.14551,1007.64307,6.162207,276.70975,0.1,77.0,51.0
2019-04-28 03:00:00+00:00,28.75,84.11858,1008.8432,7.2359104,264.2895,0.1,86.0,51.0
2019-04-28 04:00:00+00:00,29.3,81.725136,1009.14404,10.182337,261.87,0.1,38.0,51.0
2019-04-28 05:00:00+00:00,30.0,79.43009,1009.1449,11.367109,259.046,0.1,80.0,51.0
2019-04-28 06:00:00+00:00,29.55,81.27335,1008.8444,12.904882,247.01126,0.1,47.0,51.0
2019-04-28 07:00:00+00:00,30.1,77.125595,1007.8458,12.324414,263.29025,0.1,83.0,51.0
2019-04-28 08:00:00+00:00,30.0,76.42666,1006.9459,13.627795,257.79956,0.1,91.0,51.0
2019-04-28 09:00:00+00:00,30.05,75.98127,1005.8464,12.979984,266.82022,0.1,73.0,51.0
2019-04-28 10:00:00+00:00,29.4,78.177765,1005.5457,10.365251,290.3232,0.0,100.0,3.0
2019-04-28 11:00:00+00:00,29.25,79.09287,1005.44574,9.779817,276.3401,0.1,98.0,51.0
2019-04-28 12:00:00+00:00,29.4,76.79235,1005.24585,12.413476,286.8585,0.2,100.0,51.0
2019-04-28 13:00:00+00:00,28.6,81.15455,1006.1444,9.983106,295.64096,0.1,80.0,51.0
2019-04-28 14:00:00+00:00,27.6,85.76764,1007.24243,10.514218,321.9529,0.5,93.0,53.0
2019-04-28 15:00:00+00:00,27.4,87.81766,1008.0417,7.7043357,322.59457,0.1,94.0,51.0
2019-04-28 16:00:00+00:00,27.15,89.11417,1008.84094,9.220499,321.34018,0.1,99.0,51.0
2019-04-28 17:00:00+00:00,26.9,90.432274,1009.2402,10.315115,330.75128,0.0,100.0,3.0
2019-04-28 18:00:00+00:00,26.65,91.49953,1009.13983,9.565437,340.20102,0.0,100.0,3.0
2019-04-28 19:00:00+00:00,26.5,92.31187,1008.1401,9.178235,334.44006,0.0,99.0,3.0
2019-04-28 20:00:00+00:00,26.2,93.96107,1007.54,9.983106,334.35904,0.0,99.0,3.0
2019-04-28 21:00:00+00:00,26.1,93.95671,1007.03986,11.177405,345.06854,0.0,100.0,3.0
2019-04-28 22:00:00+00:00,26.1,92.56586,1006.64,9.885262,349.50858,0.0,97.0,3.0
2019-04-28 23:00:00+00:00,25.95,92.28159,1007.03986,9.605998,347.00537,0.0,100.0,3.0
2019-04-29 00:00:00+00:00,26.3,90.933556,1007.14014,9.449572,342.25522,0.0,99.0,3.0
2019-04-29 01:00:00+00:00,26.35,90.665504,1007.9402,9.693296,338.19852,0.2,100.0,51.0
2019-04-29 02:00:00+00:00,27.0,87.783676,1008.8407,8.557102,337.75092,0.1,95.0,51.0
2019-04-29 03:00:00+00:00,27.75,85.78227,1009.4414,9.339208,332.44727,0.0,79.0,2.0
2019-04-29 04:00:00+00:00,28.95,81.68239,1009.7431,10.009036,307.6943,0.1,76.0,51.0
2019-04-29 05:00:00+00:00,29.35,81.73121,1009.9437,9.6932955,285.06854,0.0,80.0,3.0
2019-04-29 06:00:00+00:00,28.45,84.58704,1009.8424,11.165805,271.84756,0.1,83.0,51.0
2019-04-29 07:00:00+00:00,28.85,80.704216,1008.9435,16.167967,281.5601,0.3,74.0,51.0
2019-04-29 08:00:00+00:00,29.55,78.43191,1007.9449,13.797912,277.49576,0.2,31.0,51.0
2019-04-29 09:00:00+00:00,29.5,78.89244,1007.3451,15.273505,278.13,0.2,94.0,51.0
2019-04-29 10:00:00+00:00,28.05,83.79297,1007.24304,14.386494,301.7014,0.1,100.0,51.0
2019-04-29 11:00:00+00:00,28.1,81.334496,1006.54333,15.175612,292.30624,0.2,78.0,51.0
2019-04-29 12:00:00+00:00,27.95,86.31337,1006.2431,12.096214,306.52896,0.7,99.0,53.0
2019-04-29 13:00:00+00:00,26.65,89.342415,1007.34064,9.793059,323.97253,1.0,100.0,55.0
2019-04-29 14:00:00+00:00,26.55,90.13909,1008.04034,9.0,323.13,0.0,100.0,3.0
2019-04-29 15:00:00+00:00,26.25,91.74885,1008.83936,7.9932966,324.16226,0.1,100.0,51.0
2019-04-29 16:00:00+00:00,26.2,91.47226,1009.3392,8.373386,334.53668,0.0,100.0,3.0
2019-04-29 17:00:00+00:00,26.0,92.28434,1009.83856,9.021574,331.38962,0.0,100.0,3.0
2019-04-29 18:00:00+00:00,25.5,92.25666,1009.63806,7.24486,333.43503,1.9,100.0,61.0
2019-04-29 19:00:00+00:00,24.45,99.4029,1009.13635,5.3999996,360.0,2.3,100.0,61.0
2019-04-29 20:00:00+00:00,24.45,94.73724,1008.1368,8.534353,27.645891,0.9,100.0,53.0
2019-04-29 21:00:00+00:00,24.05,95.29606,1007.4366,10.948973,27.40749,0.5,100.0,53.0
2019-04-29 22:00:00+00:00,23.6,99.09983,1006.9362,9.779817,6.3401003,0.3,100.0,51.0
2019-04-29 23:00:00+00:00,24.35,94.16353,1007.23724,14.05845,357.0644,0.1,100.0,51.0
2019-04-30 00:00:00+00:00,24.25,95.87926,1007.73676,11.5199995,360.0,0.2,100.0,51.0
2019-04-30 01:00:00+00:00,24.55,93.60593,1008.4371,13.627795,347.79953,0.1,100.0,51.0
2019-04-30 02:00:00+00:00,25.1,91.68076,1008.9378,8.28,360.0,0.1,100.0,51.0
2019-04-30 03:00:00+00:00,26.1,86.397285,1009.73865,9.178235,348.6901,0.0,99.0,3.0
2019-04-30 04:00:00+00:00,26.85,82.9086,1009.7399,10.028439,338.9624,0.0,97.0,3.0
2019-04-30 05:00:00+00:00,28.6,77.36488,1009.5429,13.004922,318.36655,0.0,93.0,3.0
2019-04-30 06:00:00+00:00,29.35,74.07763,1009.34393,15.072783,310.1559,0.0,81.0,3.0
2019-04-30 07:00:00+00:00,29.55,73.66805,1008.64453,14.973577,297.18103,0.0,94.0,3.0
2019-04-30 08:00:00+00:00,29.75,72.82416,1007.7453,15.463246,294.77512,0.2,91.0,51.0
2019-04-30 09:00:00+00:00,29.35,76.32773,1006.7452,16.87398,281.07016,0.4,100.0,51.0
2019-04-30 10:00:00+00:00,28.85,79.98631,1006.3446,15.937878,288.43503,0.6,100.0,53.0
2019-04-30 11:00:00+00:00,27.3,86.5098,1006.6419,17.414474,299.74478,0.6,100.0,53.0
2019-04-30 12:00:00+00:00,28.65,79.48383,1006.34436,14.658676,294.67685,0.4,100.0,51.0
2019-04-30 13:00:00+00:00,28.4,79.92668,1006.84375,14.707222,291.54105,0.0,100.0,3.0
2019-04-30 14:00:00+00:00,28.0,84.288345,1007.6428,14.654254,297.824,0.0,100.0,3.0
2019-04-30 15:00:00+00:00,27.45,87.5609,1008.34155,15.876775,302.96942,0.5,100.0,53.0
2019-04-30 16:00:00+00:00,27.7,86.289795,1008.8417,13.363711,297.25525,0.1,100.0,51.0
2019-04-30 17:00:00+00:00,27.25,88.85703,1009.1408,15.077082,303.31064,0.6,100.0,53.0
2019-04-30 18:00:00+00:00,26.5,91.76353,1009.0397,16.075521,304.046,0.5,100.0,53.0
2019-04-30 19:00:00+00:00,25.5,98.81813,1008.43866,14.168641,297.21603,2.3,100.0,61.0
2019-04-30 20:00:00+00:00,26.05,92.840034,1007.93945,14.186923,305.7068,1.4,100.0,61.0
2019-04-30 21:00:00+00:00,25.8,93.66344,1007.43945,12.979984,326.3099,1.0,100.0,55.0
2019-04-30 22:00:00+00:00,25.4,95.91385,1007.23895,12.229406,317.38596,1.2,100.0,55.0
2019-04-30 23:00:00+00:00,25.0,99.10916,1006.93835,12.768586,310.426,0.3,100.0,51.0
2019-05-01 00:00:00+00:00,25.5,92.81169,1007.03925,15.815435,311.30853,0.7,100.0,53.0
2019-05-01 01:00:00+00:00,24.3,99.402245,1008.1368,8.766573,340.8209,2.8,100.0,63.0
2019-05-01 02:00:00+00:00,23.85,99.40022,1009.0356,11.966954,15.708701,0.5,100.0,53.0
2019-05-01 03:00:00+00:00,24.75,93.615135,1009.83673,9.255571,13.495748,0.2,100.0,51.0
2019-05-01 04:00:00+00:00,26.1,89.301056,1009.5387,9.6932955,344.93146,0.0,100.0,3.0
2019-05-01 05:00:00+00:00,27.8,81.05373,1009.44165,14.003028,316.04153,0.0,100.0,3.0
2019-05-01 06:00:00+00:00,28.4,79.68799,1008.9429,15.575981,303.6901,0.1,100.0,51.0
2019-05-01 07:00:00+00:00,29.1,77.20741,1007.9443,16.09969,296.56497,0.3,98.0,51.0
2019-05-01 08:00:00+00:00,29.45,76.57111,1006.84534,17.76081,287.7005,0.2,98.0,51.0
2019-05-01 09:00:00+00:00,29.45,76.79987,1005.6459,18.782204,282.17145,0.1,97.0,51.0
2019-05-01 10:00:00+00:00,29.25,77.69179,1005.34576,19.483284,286.09088,0.5,95.0,53.0
2019-05-01 11:00:00+00:00,27.65,89.152214,1005.6431,16.199999,306.86996,2.2,92.0,61.0
2019-05-01 12:00:00+00:00,28.45,82.84566,1005.6443,13.104198,307.18478,0.0,99.0,3.0
2019-05-01 13:00:00+00:00,27.75,86.29451,1006.4428,13.392774,306.25394,0.0,100.0,3.0
2019-05-01 14:00:00+00:00,27.7,86.03325,1007.0425,13.324863,308.4181,0.0,100.0,3.0
2019-05-01 15:00:00+00:00,27.85,86.30393,1007.84235,13.397612,300.69965,0.0,100.0,3.0
2019-05-01 16:00:00+00:00,27.55,88.88039,1008.54144,13.479583,304.1145,0.0,100.0,3.0
2019-05-01 17:00:00+00:00,27.6,89.41322,1009.04156,11.923557,298.88647,0.0,100.0,3.0
2019-05-01 18:00:00+00:00,27.15,90.71823,1008.84094,13.363711,297.25525,0.1,100.0,51.0
2019-05-01 19:00:00+00:00,26.45,91.76061,1008.33997,14.007655,295.90643,1.8,100.0,61.0
2019-05-01 20:00:00+00:00,26.3,94.52613,1007.3401,12.496718,311.49637,0.2,99.0,51.0
2019-05-01 21:00:00+00:00,26.4,93.690765,1006.54083,10.587918,324.6887,0.1,99.0,51.0
2019-05-01 22:00:00+00:00,26.05,95.36418,1006.14026,10.948973,316.33215,0.3,100.0,51.0
2019-05-01 23:00:00+00:00,25.55,99.11279,1006.33954,10.383987,303.6901,0.4,100.0,51.0
2019-05-02 00:00:00+00:00,26.55,93.14226,1006.4411,9.686609,311.98712,0.3,100.0,51.0
2019-05-02 01:00:00+00:00,26.7,93.1496,1006.94086,10.495713,329.03632,0.1,100.0,51.0
2019-05-02 02:00:00+00:00,27.25,90.72477,1007.54156,12.261157,319.7637,0.1,98.0,51.0
2019-05-02 03:00:00+00:00,28.45,84.838394,1008.543,12.538134,309.17365,0.1,95.0,51.0
2019-05-02 04:00:00+00:00,29.7,77.52616,1008.6449,14.021525,299.1974,0.5,100.0,53.0
2019-05-02 05:00:00+00:00,30.3,75.345566,1008.6458,16.179985,290.85452,0.7,100.0,53.0
2019-05-02 06:00:00+00:00,29.95,79.65866,1008.1453,16.965895,287.2816,0.2,100.0,51.0
2019-05-02 07:00:00+00:00,30.85,71.29389,1007.54694,17.811815,284.03625,0.2,100.0,51.0
2019-05-02 08:00:00+00:00,30.85,70.23852,1006.5474,19.694992,288.10385,0.0,100.0,3.0
2019-05-02 09:00:00+00:00,30.95,68.18799,1006.048,19.353138,288.43503,0.0,100.0,3.0
2019-05-02 10:00:00+00:00,30.7,68.34442,1005.44794,19.011953,288.77814,0.0,100.0,3.0
2019-05-02 11:00:00+00:00,30.25,69.499825,1005.44696,19.011953,288.77814,0.0,100.0,3.0
2019-05-02 12:00:00+00:00,29.85,72.40632,1005.9461,15.379206,286.31393,0.0,100.0,3.0
2019-05-02 13:00:00+00:00,29.05,74.92254,1006.44495,12.181625,288.9705,0.0,99.0,3.0
2019-05-02 14:00:00+00:00,28.85,77.40168,1007.1442,11.043261,289.0257,0.0,100.0,3.0
2019-05-02 15:00:00+00:00,28.7,78.78138,1007.8437,11.165805,290.77234,0.0,99.0,3.0
2019-05-02 16:00:00+00:00,28.6,79.23989,1008.5434,12.24,298.0724,0.0,98.0,3.0
2019-05-02 17:00:00+00:00,28.4,80.88762,1008.9429,11.726277,287.87878,0.0,99.0,3.0
2019-05-02 18:00:00+00:00,28.4,80.88762,1008.64294,13.281023,302.82855,0.0,98.0,3.0
2019-05-02 19:00:00+00:00,27.65,84.50282,1008.14197,14.773164,316.9749,0.0,97.0,3.0
2019-05-02 20:00:00+00:00,27.7,83.25526,1007.4423,15.696165,306.60718,0.0,98.0,3.0
2019-05-02 21:00:00+00:00,27.4,84.983055,1006.6423,14.386494,301.7014,0.0,99.0,3.0
2019-05-02 22:00:00+00:00,27.8,82.276665,1006.0432,15.546833,312.18436,0.0,100.0,3.0
2019-05-02 23:00:00+00:00,27.75,82.517265,1006.4428,16.039202,314.0907,0.0,99.0,3.0
2019-05-03 00:00:00+00:00,27.5,86.014046,1006.6423,11.966953,338.83865,0.0,100.0,3.0
2019-05-03 01:00:00+00:00,27.25,86.50512,1007.4416,9.885262,349.50858,0.0,100.0,3.0
2019-05-03 02:00:00+00:00,28.05,84.79702,1008.5424,9.504272,322.69595,0.1,97.0,51.0
2019-05-03 03:00:00+00:00,29.0,80.00617,1009.54315,13.493999,316.08084,0.2,100.0,51.0
2019-05-03 04:00:00+00:00,30.25,69.91826,1009.645,17.0763,304.69522,0.0,100.0,3.0
2019-05-03 05:00:00+00:00,30.8,67.75146,1010.14575,21.194187,290.89783,0.1,100.0,51.0
2019-05-03 06:00:00+00:00,30.95,66.771706,1009.74634,20.65848,292.5431,0.0,100.0,3.0
2019-05-03 07:00:00+00:00,31.15,66.01459,1009.0469,22.104116,286.07364,0.0,98.0,3.0
2019-05-03 08:00:00+00:00,31.0,67.1836,1008.247,23.000591,287.3006,0.0,97.0,3.0
2019-05-03 09:00:00+00:00,30.8,67.954994,1007.7469,24.482647,287.1028,0.0,98.0,3.0
2019-05-03 10:00:00+00:00,30.3,69.92754,1007.2465,24.248613,288.16605,0.0,99.0,3.0
2019-05-03 11:00:00+00:00,29.95,70.70733,1007.2458,22.884789,289.29013,0.0,98.0,3.0
2019-05-03 12:00:00+00:00,29.8,65.540436,1007.5454,16.311613,292.0363,0.0,99.0,3.0
2019-05-03 13:00:00+00:00,28.75,69.007355,1008.4434,14.007655,295.90643,0.0,99.0,3.0
2019-05-03 14:00:00+00:00,28.55,70.66571,1008.8429,14.039999,292.6199,0.0,99.0,3.0
2019-05-03 15:00:00+00:00,28.4,68.73089,1009.7425,13.202726,295.8663,0.0,99.0,3.0
2019-05-03 16:00:00+00:00,28.25,69.75683,1010.3418,13.104198,307.18478,0.0,99.0,3.0
2019-05-03 17:00:00+00:00,28.0,71.86481,1010.4416,11.966954,316.2188,0.0,99.0,3.0
2019-05-03 18:00:00+00:00,27.65,74.47031,1010.14105,12.496718,318.50363,0.0,99.0,3.0
2019-05-03 19:00:00+00:00,27.4,76.95388,1008.9413,12.538134,320.82635,0.0,99.0,3.0
2019-05-03 20:00:00+00:00,27.1,79.51236,1008.34094,12.10157,329.62094,0.0,99.0,3.0
2019-05-03 21:00:00+00:00,26.5,80.64359,1008.24005,10.24578,341.56494,0.0,99.0,3.0
2019-05-03 22:00:00+00:00,25.75,81.03797,1008.0392,8.64,360.0,0.0,98.0,3.0
2019-05-03 23:00:00+00:00,25.45,80.99963,1008.1385,9.007196,2.2905633,0.0,98.0,3.0
2019-05-04 00:00:00+00:00,26.3,77.72993,1008.63947,9.0,343.73972,0.0,98.0,3.0
2019-05-04 01:00:00+00:00,26.45,81.12699,1009.1396,7.653705,311.18582,0.0,98.0,3.0
2019-05-04 02:00:00+00:00,27.55,79.813286,1010.0408,9.726664,308.991,0.0,100.0,3.0
2019-05-04 03:00:00+00:00,28.4,75.72495,1010.842,11.592894,306.15826,0.0,100.0,3.0
2019-05-04 04:00:00+00:00,28.9,73.338165,1011.34235,13.584932,302.00534,0.0,98.0,3.0
2019-05-04 05:00:00+00:00,29.3,72.31087,1011.54297,18.892282,300.96368,0.3,93.0,51.0
2019-05-04 06:00:00+00:00,30.0,71.355644,1011.144,22.415602,299.85892,1.1,95.0,55.0
2019-05-04 07:00:00+00:00,29.7,73.0341,1010.544,23.042812,298.96756,0.4,94.0,51.0
2019-05-04 08:00:00+00:00,30.35,66.853065,1009.8453,22.870626,298.1785,0.1,91.0,51.0
2019-05-04 09:00:00+00:00,30.4,65.66358,1009.3455,23.773632,302.00534,0.1,93.0,51.0
2019-05-04 10:00:00+00:00,30.15,66.611694,1008.8454,22.473343,305.21768,0.1,92.0,51.0
2019-05-04 11:00:00+00:00,29.7,68.15125,1008.7449,21.313093,307.45065,0.0,93.0,3.0
2019-05-04 12:00:00+00:00,30.4,65.07094,1008.5459,20.316889,299.74478,0.0,92.0,3.0
2019-05-04 13:00:00+00:00,29.5,68.73322,1009.0444,16.434305,298.8107,0.0,94.0,3.0
2019-05-04 14:00:00+00:00,29.05,73.36349,1009.94336,17.786331,305.9422,0.0,93.0,3.0
2019-05-04 15:00:00+00:00,28.8,75.10776,1010.9423,16.08761,310.46216,0.0,95.0,3.0
2019-05-04 16:00:00+00:00,28.45,75.732765,1011.6416,14.336861,321.1155,0.0,95.0,3.0
2019-05-04 17:00:00+00:00,27.95,78.2048,1012.1404,12.287555,328.17258,0.0,94.0,3.0
2019-05-04 18:00:00+00:00,27.35,80.02719,1012.1398,11.298495,337.5205,0.0,55.0,2.0
2019-05-04 19:00:00+00:00,26.85,79.71915,1011.4392,10.739833,346.42953,0.0,79.0,2.0
2019-05-04 20:00:00+00:00,26.5,80.64359,1010.539,11.090103,346.86597,0.0,93.0,3.0
2019-05-04 21:00:00+00:00,26.4,82.10856,1009.9393,10.966713,336.8014,0.0,69.0,2.0
2019-05-04 22:00:00+00:00,26.25,84.3538,1009.43915,10.636766,336.0375,0.0,26.0,1.0
2019-05-04 23:00:00+00:00,26.25,84.3538,1009.53906,11.631956,338.19852,0.0,36.0,1.0
2019-05-05 00:00:00+00:00,26.2,81.34156,1010.1388,12.0694,342.64587,0.0,65.0,2.0
2019-05-05 01:00:00+00:00,26.25,80.3669,1010.2388,12.864649,342.072,0.0,97.0,3.0
2019-05-05 02:00:00+00:00,27.45,75.805016,1010.8404,12.979984,340.55988,0.0,80.0,3.0
2019-05-05 03:00:00+00:00,28.95,71.59878,1011.6422,14.007655,334.09354,0.0,58.0,2.0
2019-05-05 04:00:00+00:00,30.3,65.44495,1011.6445,17.826363,316.63654,0.0,78.0,2.0
2019-05-05 05:00:00+00:00,30.95,62.109444,1011.54553,19.878391,305.4171,0.0,60.0,2.0
2019-05-05 06:00:00+00:00,31.3,61.438457,1011.14594,21.30093,300.46545,0.0,94.0,3.0
2019-05-05 07:00:00+00:00,31.45,62.97395,1010.74646,23.686249,294.22772,0.0,91.0,3.0
2019-05-05 08:00:00+00:00,30.8,62.833656,1009.746,25.478743,293.3049,0.0,96.0,3.0
2019-05-05 09:00:00+00:00,31.05,62.319706,1009.14655,26.576681,294.8293,0.0,99.0,3.0
2019-05-05 10:00:00+00:00,30.85,61.899517,1008.8464,24.795612,295.82092,0.0,98.0,3.0
2019-05-05 11:00:00+00:00,30.35,63.31028,1008.84576,23.507753,297.3498,0.0,96.0,3.0
2019-05-05 12:00:00+00:00,30.1,65.60207,1008.54553,21.261345,298.30066,0.0,93.0,3.0
2019-05-05 13:00:00+00:00,29.25,69.31184,1009.14404,18.971008,303.38855,0.0,20.0,1.0
2019-05-05 14:00:00+00:00,28.95,72.03228,1009.943,16.375053,303.34073,0.0,32.0,1.0
2019-05-05 15:00:00+00:00,28.8,73.764366,1010.7424,14.799459,311.05472,0.0,89.0,3.0
2019-05-05 16:00:00+00:00,28.4,76.641556,1011.34174,13.551501,320.38934,0.0,82.0,3.0
2019-05-05 17:00:00+00:00,28.05,79.4024,1011.641,12.599998,323.13,0.0,27.0,1.0
2019-05-05 18:00:00+00:00,27.75,81.29075,1011.54047,11.681987,326.3099,0.0,19.0,0.0
2019-05-05 19:00:00+00:00,27.4,82.72373,1010.6405,11.440979,335.85446,0.0,19.0,0.0
2019-05-05 20:00:00+00:00,26.9,83.91767,1009.8399,10.739833,346.42953,0.0,13.0,0.0
2019-05-05 21:00:00+00:00,26.45,85.39731,1009.1396,10.239453,349.8754,0.0,9.0,0.0
2019-05-05 22:00:00+00:00,26.2,86.66707,1008.53955,10.538843,352.14676,0.0,8.0,0.0
2019-05-05 23:00:00+00:00,26.15,87.447876,1008.63947,10.594036,350.21765,0.0,8.0,0.0
2019-05-06 00:00:00+00:00,26.1,87.4435,1008.7391,11.212135,354.47253,0.0,5.0,0.0
2019-05-06 01:00:00+00:00,26.2,87.452255,1008.83936,10.239453,349.8754,0.0,1.0,0.0
2019-05-06 02:00:00+00:00,27.65,82.50547,1009.4414,9.346143,344.3577,0.0,0.0,0.0
2019-05-06 03:00:00+00:00,29.35,74.52296,1010.1436,9.826088,331.55716,0.0,0.0,0.0
2019-05-06 04:00:00+00:00,30.85,66.55146,1010.4457,11.808878,307.56866,0.0,32.0,1.0
2019-05-06 05:00:00+00:00,31.55,61.679764,1010.5468,12.864649,287.928,0.0,70.0,2.0
2019-05-06 06:00:00+00:00,31.85,61.19001,1009.74756,15.683776,279.24603,0.0,68.0,2.0
2019-05-06 07:00:00+00:00,31.35,65.26712,1009.04724,18.448023,275.59924,0.0,3.0,0.0
2019-05-06 08:00:00+00:00,31.65,63.39726,1008.1478,17.64,270.0,0.0,4.0,0.0
2019-05-06 09:00:00+00:00,31.15,68.430824,1007.64746,18.584509,261.08514,0.0,28.0,1.0
2019-05-06 10:00:00+00:00,30.9,68.58791,1007.2471,18.72346,268.89832,0.0,49.0,1.0
2019-05-06 11:00:00+00:00,30.6,68.73637,1007.3467,17.673029,273.50345,0.1,45.0,51.0
2019-05-06 12:00:00+00:00,29.8,73.93037,1007.0456,14.05845,256.67545,0.1,60.0,51.0
2019-05-06 13:00:00+00:00,29.1,77.43839,1007.7443,11.659777,261.11942,0.0,41.0,1.0
2019-05-06 14:00:00+00:00,28.9,77.17781,1008.54364,10.1376915,276.11542,0.0,46.0,1.0
2019-05-06 15:00:00+00:00,28.45,80.17253,1009.34265,8.427383,289.9832,0.1,100.0,51.0
2019-05-06 16:00:00+00:00,28.35,82.34203,1010.042,8.14587,315.0001,0.1,100.0,51.0
2019-05-06 17:00:00+00:00,28.15,83.80395,1010.74146,8.404285,316.73566,0.0,94.0,3.0
2019-05-06 18:00:00+00:00,27.45,87.300575,1010.6405,8.707237,330.25522,0.0,100.0,3.0
2019-05-06 19:00:00+00:00,27.2,88.062744,1009.9405,9.585739,325.71307,0.0,100.0,3.0
2019-05-06 20:00:00+00:00,27.2,87.27854,1009.2408,10.691453,315.0001,0.1,87.0,51.0
2019-05-06 21:00:00+00:00,27.05,86.74541,1008.6408,10.739832,309.55963,0.1,100.0,51.0
2019-05-06 22:00:00+00:00,26.95,86.99601,1008.34094,10.44,316.3971,0.2,100.0,51.0
2019-05-06 23:00:00+00:00,27.0,87.26088,1008.4409,9.19939,329.42084,0.2,93.0,51.0
2019-05-07 00:00:00+00:00,27.15,85.98031,1008.84094,9.673221,315.0001,0.1,97.0,51.0
2019-05-07 01:00:00+00:00,27.55,83.9887,1009.44104,9.220499,308.65982,0.0,100.0,3.0
2019-05-07 02:00:00+00:00,28.35,78.73253,1010.1419,9.178235,295.5599,0.1,100.0,51.0
2019-05-07 03:00:00+00:00,28.75,74.87431,1010.7424,11.966953,291.16132,0.2,98.0,51.0
2019-05-07 04:00:00+00:00,29.15,71.85056,1011.2428,15.827721,287.19864,0.3,99.0,51.0
2019-05-07 05:00:00+00:00,29.8,68.99832,1011.14374,18.129137,276.84268,0.2,97.0,51.0
2019-05-07 06:00:00+00:00,30.3,66.64177,1010.9448,18.775301,274.39862,0.2,97.0,51.0
2019-05-07 07:00:00+00:00,29.85,70.26551,1010.4441,20.532627,272.00952,0.6,99.0,53.0
2019-05-07 08:00:00+00:00,29.75,70.036026,1009.84436,20.598795,275.01303,0.5,98.0,53.0
2019-05-07 09:00:00+00:00,29.5,70.838524,1009.24426,20.774214,278.97253,0.3,97.0,51.0
2019-05-07 10:00:00+00:00,29.5,70.201096,1008.64453,21.046917,282.8477,0.5,98.0,53.0
2019-05-07 11:00:00+00:00,29.05,72.92332,1008.544,20.192118,281.3099,0.2,97.0,51.0
2019-05-07 12:00:00+00:00,29.1,74.0364,1008.24414,16.62249,274.96964,0.1,96.0,51.0
2019-05-07 13:00:00+00:00,28.65,74.85825,1008.8432,16.171976,286.8215,0.0,96.0,3.0
2019-05-07 14:00:00+00:00,28.4,75.497284,1009.7425,16.171976,286.8215,0.0,94.0,3.0
2019-05-07 15:00:00+00:00,28.4,74.81794,1010.34216,16.24394,282.80426,0.0,96.0,3.0
2019-05-07 16:00:00+00:00,28.5,73.04948,1011.1418,15.042659,291.03757,0.0,97.0,3.0
2019-05-07 17:00:00+00:00,28.25,74.568245,1011.64124,14.386494,301.7014,0.0,97.0,3.0
2019-05-07 18:00:00+00:00,28.2,75.23839,1011.7412,13.979872,304.50858,0.0,97.0,3.0
2019-05-07 19:00:00+00:00,28.2,74.11088,1011.1415,13.584932,302.00534,0.0,97.0,3.0
2019-05-07 20:00:00+00:00,27.85,75.63861,1010.2413,13.551501,309.61066,0.0,97.0,3.0
2019-05-07 21:00:00+00:00,27.45,78.36937,1009.541,13.004922,311.63345,0.0,95.0,3.0
2019-05-07 22:00:00+00:00,27.3,79.29995,1009.1408,13.830749,308.65982,0.0,98.0,3.0
2019-05-07 23:00:00+00:00,27.4,78.12597,1009.1412,15.379206,302.57404,0.0,99.0,3.0
2019-05-08 00:00:00+00:00,26.7,82.64172,1009.13983,11.808878,322.43134,0.0,99.0,3.0
2019-05-08 01:00:00+00:00,26.55,84.13225,1009.5397,10.00256,329.74365,0.0,99.0,3.0
2019-05-08 02:00:00+00:00,27.45,81.009315,1010.24066,9.659814,333.43503,0.0,98.0,3.0
2019-05-08 03:00:00+00:00,28.8,72.88053,1010.9423,12.599998,323.13,0.0,86.0,3.0
2019-05-08 04:00:00+00:00,30.0,64.59471,1011.24396,16.135872,308.65982,0.0,88.0,3.0
2019-05-08 05:00:00+00:00,30.65,60.184593,1011.4449,18.057508,293.49857,0.0,92.0,3.0
2019-05-08 06:00:00+00:00,30.4,58.6746,1011.1447,19.809813,289.0936,0.0,94.0,3.0
2019-05-08 07:00:00+00:00,30.9,55.809593,1010.4457,20.326454,292.93213,0.0,94.0,3.0
2019-05-08 08:00:00+00:00,31.3,54.55157,1009.7466,21.096123,295.2531,0.0,92.0,3.0
2019-05-08 09:00:00+00:00,31.05,56.882053,1009.04663,22.415602,299.85892,0.0,95.0,3.0
2019-05-08 10:00:00+00:00,30.85,57.711224,1008.5465,23.277834,301.72354,0.0,94.0,3.0
2019-05-08 11:00:00+00:00,30.25,59.91023,1008.54553,23.188583,297.75842,0.0,96.0,3.0
2019-05-08 12:00:00+00:00,29.55,64.10836,1008.24475,16.746773,295.46332,0.0,83.0,3.0
2019-05-08 13:00:00+00:00,28.8,68.807625,1008.8432,12.879752,296.56497,0.0,21.0,1.0
2019-05-08 14:00:00+00:00,28.7,70.47919,1009.443,14.693999,300.96368,0.0,50.0,2.0
2019-05-08 15:00:00+00:00,28.95,68.62774,1009.943,15.629971,298.92633,0.0,76.0,2.0
2019-05-08 16:00:00+00:00,28.9,69.666824,1010.4428,16.179987,302.27563,0.0,88.0,3.0
2019-05-08 17:00:00+00:00,28.85,69.86891,1010.7426,15.484185,305.53775,0.0,85.0,3.0
2019-05-08 18:00:00+00:00,28.75,70.06241,1010.6424,16.92383,308.08884,0.0,94.0,3.0
2019-05-08 19:00:00+00:00,28.6,70.674835,1009.74286,16.279802,305.0959,0.0,87.0,3.0
2019-05-08 20:00:00+00:00,28.25,71.90901,1009.14233,18.584509,315.78473,0.0,34.0,1.0
2019-05-08 21:00:00+00:00,27.8,76.78186,1008.64197,16.992609,306.38446,0.0,32.0,1.0
2019-05-08 22:00:00+00:00,27.55,78.38361,1008.1416,16.055355,312.27362,0.0,36.0,1.0
2019-05-08 23:00:00+00:00,27.25,80.01391,1008.14124,14.689588,323.97253,0.0,77.0,2.0
2019-05-09 00:00:00+00:00,26.75,83.90118,1008.3406,13.779114,326.7251,0.0,76.0,2.0
2019-05-09 01:00:00+00:00,26.9,83.41471,1008.7404,13.479583,325.8855,0.0,16.0,0.0
2019-05-09 02:00:00+00:00,27.6,80.54309,1009.2415,13.584932,327.99466,0.0,5.0,0.0
2019-05-09 03:00:00+00:00,28.85,74.44155,1009.54315,18.075441,315.80682,0.0,72.0,2.0
2019-05-09 04:00:00+00:00,29.3,72.52868,1009.84375,20.172853,304.82455,0.4,47.0,51.0
2019-05-09 05:00:00+00:00,29.6,72.58044,1009.5441,23.893261,300.81564,0.8,63.0,53.0
2019-05-09 06:00:00+00:00,30.0,70.928925,1009.2449,25.189713,300.96368,0.3,39.0,51.0
2019-05-09 07:00:00+00:00,30.35,68.68867,1008.5459,24.962307,303.23172,0.2,37.0,51.0
2019-05-09 08:00:00+00:00,30.75,66.132225,1007.7469,25.959969,303.6901,0.1,38.0,51.0
2019-05-09 09:00:00+00:00,30.7,65.5271,1007.0472,27.0,306.86996,0.1,34.0,51.0
2019-05-09 10:00:00+00:00,30.5,65.28858,1006.647,25.35637,308.65982,0.1,44.0,51.0
2019-05-09 11:00:00+00:00,30.1,65.60207,1006.54645,25.277023,305.72748,0.0,90.0,3.0
2019-05-09 12:00:00+00:00,29.85,66.95539,1006.34595,22.17144,302.3998,0.0,77.0,2.0
2019-05-09 13:00:00+00:00,29.3,69.3213,1006.94507,21.385939,306.09836,0.0,12.0,0.0
2019-05-09 14:00:00+00:00,29.1,69.70426,1007.54443,19.85556,315.0001,0.0,63.0,2.0
2019-05-09 15:00:00+00:00,28.95,69.25514,1008.2438,17.654688,320.79282,0.0,16.0,0.0
2019-05-09 16:00:00+00:00,28.6,70.46084,1008.8432,16.075521,325.954,0.0,4.0,0.0
2019-05-09 17:00:00+00:00,28.05,72.53123,1009.0422,14.118243,340.6409,0.0,17.0,0.0
2019-05-09 18:00:00+00:00,27.45,76.03508,1008.8413,14.332341,348.40787,0.0,31.0,1.0
2019-05-09 19:00:00+00:00,27.1,78.79473,1008.141,15.281989,344.9816,0.0,52.0,2.0
2019-05-09 20:00:00+00:00,26.95,80.7018,1007.3414,16.418526,344.7448,0.0,88.0,3.0
2019-05-09 21:00:00+00:00,26.65,83.13561,1007.04083,15.978486,345.65063,0.0,91.0,3.0
2019-05-09 22:00:00+00:00,26.35,85.13056,1006.7407,15.281989,344.9816,0.0,77.0,2.0
2019-05-09 23:00:00+00:00,26.15,86.142265,1007.0402,14.587776,344.24875,0.0,93.0,3.0
2019-05-10 00:00:00+00:00,26.0,87.43475,1007.3397,12.224107,346.373,0.0,82.0,3.0
2019-05-10 01:00:00+00:00,26.3,85.897865,1007.7399,11.792404,347.66092,0.0,23.0,1.0
2019-05-10 02:00:00+00:00,27.6,80.30139,1008.4419,11.720751,349.3804,0.0,2.0,0.0
2019-05-10 03:00:00+00:00,29.25,73.397194,1008.94415,12.979984,340.55988,0.0,9.0,0.0
2019-05-10 04:00:00+00:00,30.8,65.3504,1009.1462,15.408671,322.59457,0.0,50.0,2.0
2019-05-10 05:00:00+00:00,32.4,57.549896,1008.74896,15.683774,301.86594,0.0,77.0,2.0
2019-05-10 06:00:00+00:00,32.4,60.579178,1008.24915,18.782204,282.17145,0.0,2.0,0.0
2019-05-10 07:00:00+00:00,31.3,65.4531,1007.54755,23.051247,284.47034,0.0,4.0,0.0
2019-05-10 08:00:00+00:00,31.8,64.38809,1006.9488,21.068459,286.88687,0.0,10.0,0.0
2019-05-10 09:00:00+00:00,31.75,63.41859,1006.2487,20.870687,284.99512,0.0,22.0,1.0
2019-05-10 10:00:00+00:00,31.2,66.42207,1006.0482,21.868332,290.22495,0.0,40.0,1.0
2019-05-10 11:00:00+00:00,30.5,67.89666,1005.9473,18.86139,293.6294,0.0,26.0,1.0
2019-05-10 12:00:00+00:00,30.0,71.7846,1006.44617,16.1198,293.70264,0.0,44.0,1.0
2019-05-10 13:00:00+00:00,29.3,76.77734,1006.7452,14.33234,295.27768,0.0,32.0,1.0
2019-05-10 14:00:00+00:00,29.1,77.90217,1007.8443,13.089354,301.5042,0.0,48.0,1.0
2019-05-10 15:00:00+00:00,29.0,79.05851,1008.7435,12.682018,304.59235,0.0,29.0,1.0
2019-05-10 16:00:00+00:00,28.75,80.93205,1009.14307,12.496718,311.49637,0.0,25.0,1.0
2019-05-10 17:00:00+00:00,28.55,80.906715,1009.7425,12.031756,321.07245,0.0,31.0,1.0
2019-05-10 18:00:00+00:00,28.05,83.54361,1009.442,10.685391,327.38077,0.0,37.0,1.0
2019-05-10 19:00:00+00:00,27.55,86.53309,1008.8413,9.826088,331.55716,0.0,41.0,1.0
2019-05-10 20:00:00+00:00,27.35,87.29176,1008.54144,9.028754,336.5014,0.0,37.0,1.0
2019-05-10 21:00:00+00:00,27.25,87.8049,1008.2412,9.028754,336.5014,0.0,32.0,1.0
2019-05-10 22:00:00+00:00,27.15,88.058624,1008.0413,8.854829,333.43503,0.0,26.0,1.0
2019-05-10 23:00:00+00:00,27.0,88.83751,1008.34094,9.178235,334.44006,0.0,34.0,1.0
2019-05-11 00:00:00+00:00,26.95,90.166885,1008.9407,8.373386,334.53668,0.0,21.0,1.0
2019-05-11 01:00:00+00:00,27.2,89.38347,1009.64056,7.289444,339.77505,0.0,6.0,0.0
2019-05-11 02:00:00+00:00,28.55,81.87686,1010.24225,6.151683,339.44388,0.0,4.0,0.0
2019-05-11 03:00:00+00:00,30.05,72.224525,1010.6442,9.1641035,315.0001,0.0,12.0,0.0
2019-05-11 04:00:00+00:00,31.1,67.00221,1010.7459,11.966953,291.16132,0.0,11.0,0.0
2019-05-11 05:00:00+00:00,31.4,66.8613,1010.6465,14.685176,281.3099,0.0,22.0,1.0
2019-05-11 06:00:00+00:00,31.5,66.48225,1010.2467,15.978486,284.34937,0.0,22.0,1.0
2019-05-11 07:00:00+00:00,31.45,67.0715,1009.647,16.394829,289.23077,0.0,27.0,1.0
2019-05-11 08:00:00+00:00,31.5,67.28215,1008.7474,16.645864,291.57138,0.0,28.0,1.0
2019-05-11 09:00:00+00:00,31.75,66.73123,1008.0479,18.455048,290.55612,0.0,27.0,1.0
2019-05-11 10:00:00+00:00,31.25,68.245804,1007.7475,19.483284,297.5119,0.1,40.0,51.0
2019-05-11 11:00:00+00:00,30.5,71.23149,1007.5466,17.373497,304.01938,0.1,48.0,51.0
2019-05-11 12:00:00+00:00,30.1,72.44954,1007.54596,16.179985,290.85452,0.3,64.0,51.0
2019-05-11 13:00:00+00:00,29.25,78.15636,1007.94464,14.658676,294.67685,0.0,23.0,1.0
2019-05-11 14:00:00+00:00,28.85,81.42772,1008.44366,13.979872,304.50858,0.0,28.0,1.0
2019-05-11 15:00:00+00:00,28.6,83.604706,1009.24304,12.768586,310.426,0.0,26.0,1.0
2019-05-11 16:00:00+00:00,28.25,85.83098,1009.64215,11.200571,315.0001,0.0,29.0,1.0
2019-05-11 17:00:00+00:00,27.9,87.85992,1010.0414,10.296251,323.53067,0.0,35.0,1.0
2019-05-11 18:00:00+00:00,27.6,89.148384,1009.8412,9.885262,326.88864,0.0,28.0,1.0
2019-05-11 19:00:00+00:00,27.3,90.19111,1009.44073,10.00256,329.74365,0.0,29.0,1.0
2019-05-11 20:00:00+00:00,27.05,90.98163,1008.6408,8.587338,326.97614,0.0,22.0,1.0
2019-05-11 21:00:00+00:00,26.8,92.05438,1008.1406,9.085988,326.3099,0.0,25.0,1.0
2019-05-11 22:00:00+00:00,26.55,92.58981,1007.7405,9.339208,332.44727,0.0,24.0,1.0
2019-05-11 23:00:00+00:00,26.45,92.860535,1007.7403,8.854829,333.43503,0.0,40.0,1.0
2019-05-12 00:00:00+00:00,26.4,93.690765,1008.1401,8.707237,330.25522,0.0,30.0,1.0
2019-05-12 01:00:00+00:00,26.7,92.32285,1008.3402,7.729527,332.24155,0.0,6.0,0.0
2019-05-12 02:00:00+00:00,28.05,85.04965,1009.2421,7.10031,329.53452,0.0,3.0,0.0
2019-05-12 03:00:00+00:00,29.75,75.48354,1009.94434,9.1641035,315.0001,0.0,14.0,0.0
2019-05-12 04:00:00+00:00,30.95,70.46673,1010.1461,10.365251,290.3232,0.0,15.0,0.0
2019-05-12 05:00:00+00:00,31.45,69.10339,1010.0468,13.084402,277.90707,0.0,15.0,0.0
2019-05-12 06:00:00+00:00,30.95,70.67714,1009.84625,16.454008,280.08054,0.0,31.0,1.0
2019-05-12 07:00:00+00:00,31.15,69.66771,1009.1468,16.09969,280.30478,0.3,27.0,51.0
2019-05-12 08:00:00+00:00,30.65,72.11338,1008.64606,19.416653,280.68484,0.2,43.0,51.0
2019-05-12 09:00:00+00:00,30.1,73.97988,1008.1457,15.807239,300.06848,0.3,98.0,51.0
2019-05-12 10:00:00+00:00,29.55,73.44764,1007.74493,16.434305,298.8107,0.2,97.0,51.0
2019-05-12 11:00:00+00:00,29.2,74.498566,1007.54443,16.434305,298.8107,0.2,90.0,51.0
2019-05-12 12:00:00+00:00,29.75,75.03449,1007.0456,13.570615,291.80148,0.1,67.0,51.0
2019-05-12 13:00:00+00:00,29.0,79.53112,1007.54407,11.27553,286.6993,0.0,42.0,1.0
2019-05-12 14:00:00+00:00,28.35,83.82589,1008.3427,11.119281,299.0545,0.1,44.0,51.0
2019-05-12 15:00:00+00:00,28.0,84.288345,1009.1421,12.218805,315.0001,0.0,27.0,1.0
2019-05-12 16:00:00+00:00,27.75,84.51336,1009.4414,11.753876,319.9698,0.0,17.0,0.0
2019-05-12 17:00:00+00:00,27.4,86.77747,1009.7409,12.538134,320.82635,0.0,18.0,0.0
2019-05-12 18:00:00+00:00,27.05,88.841415,1009.5404,12.24,331.9276,0.0,25.0,1.0
2019-05-12 19:00:00+00:00,26.7,90.14952,1009.0399,11.177405,345.06854,0.0,15.0,0.0
2019-05-12 20:00:00+00:00,26.4,89.59126,1008.33997,10.495713,354.09393,0.0,16.0,0.0
2019-05-12 21:00:00+00:00,26.1,88.76684,1007.6395,10.446206,358.0251,0.0,20.0,1.0
2019-05-12 22:00:00+00:00,26.05,87.439125,1007.3397,10.538843,352.14676,0.0,24.0,1.0
2019-05-12 23:00:00+00:00,25.95,87.43036,1007.6395,10.538843,352.14676,0.0,19.0,0.0
2019-05-13 00:00:00+00:00,26.0,88.22716,1007.5396,10.390226,345.9637,0.0,15.0,0.0
2019-05-13 01:00:00+00:00,26.5,86.43493,1008.33997,10.24578,341.56494,0.0,35.0,1.0
2019-05-13 02:00:00+00:00,27.9,81.30952,1009.0418,10.30883,335.22488,0.0,36.0,1.0
2019-05-13 03:00:00+00:00,29.5,73.21937,1009.64404,13.783817,319.23648,0.0,42.0,1.0
2019-05-13 04:00:00+00:00,30.75,65.933395,1009.8459,14.480773,304.8754,0.0,68.0,2.0
2019-05-13 05:00:00+00:00,31.15,63.67339,1009.9465,15.7908325,294.22772,0.0,82.0,3.0
2019-05-13 06:00:00+00:00,31.35,62.762802,1009.84686,17.31746,290.69553,0.0,90.0,3.0
2019-05-13 07:00:00+00:00,31.8,59.17781,1009.14777,18.514643,296.56497,0.0,90.0,3.0
2019-05-13 08:00:00+00:00,31.5,61.855244,1008.2476,18.388212,293.05133,0.0,94.0,3.0
2019-05-13 09:00:00+00:00,31.6,58.41798,1007.3482,19.523155,292.78244,0.0,92.0,3.0
2019-05-13 10:00:00+00:00,31.2,57.970215,1006.84784,20.447239,296.11386,0.0,90.0,3.0
2019-05-13 11:00:00+00:00,30.6,61.844437,1006.54706,20.808498,300.11365,0.0,69.0,2.0
2019-05-13 12:00:00+00:00,29.7,68.979294,1006.64575,18.58451,301.53473,0.0,59.0,2.0
2019-05-13 13:00:00+00:00,28.85,73.99507,1007.0443,15.876775,302.96942,0.0,54.0,2.0
2019-05-13 14:00:00+00:00,28.4,76.87224,1007.7434,13.479583,304.1145,0.0,74.0,2.0
2019-05-13 15:00:00+00:00,28.0,79.395584,1008.7423,12.031756,308.92755,0.0,79.0,2.0
2019-05-13 16:00:00+00:00,27.65,82.75288,1009.4414,10.44,316.3971,0.0,77.0,2.0
2019-05-13 17:00:00+00:00,27.35,85.743164,1009.8408,9.686609,318.01288,0.0,33.0,1.0
2019-05-13 18:00:00+00:00,27.2,87.27854,1009.64056,9.793059,323.97253,0.0,36.0,1.0
2019-05-13 19:00:00+00:00,26.95,89.09888,1008.8407,8.534353,332.3541,0.0,53.0,2.0
2019-05-13 20:00:00+00:00,26.75,90.15299,1008.24066,9.387651,327.52884,0.0,76.0,2.0
2019-05-13 21:00:00+00:00,26.65,89.87748,1007.6405,9.83268,336.2505,0.0,64.0,2.0
2019-05-13 22:00:00+00:00,26.45,89.86315,1007.1405,9.449572,342.25522,0.0,71.0,2.0
2019-05-13 23:00:00+00:00,26.3,89.04904,1007.3401,9.885262,349.50858,0.0,79.0,2.0
2019-05-14 00:00:00+00:00,26.55,88.27243,1007.4407,11.609651,352.87506,0.0,87.0,3.0
2019-05-14 01:00:00+00:00,26.9,86.213936,1008.1406,11.928989,354.80566,0.0,86.0,3.0
2019-05-14 02:00:00+00:00,28.2,79.422775,1008.6426,12.57426,346.75946,0.0,89.0,3.0
2019-05-14 03:00:00+00:00,29.95,69.44363,1009.3448,15.876775,327.03058,0.0,90.0,3.0
2019-05-14 04:00:00+00:00,31.1,63.0888,1009.74634,16.800856,315.0001,0.0,59.0,2.0
2019-05-14 05:00:00+00:00,31.35,62.19699,1009.84686,18.837322,296.0753,0.0,80.0,3.0
2019-05-14 06:00:00+00:00,31.5,63.365227,1009.24713,20.056877,291.03757,0.1,73.0,51.0
2019-05-14 07:00:00+00:00,31.15,63.86567,1008.5471,23.042812,298.96756,0.0,76.0,2.0
2019-05-14 08:00:00+00:00,31.35,63.715866,1007.7478,23.532547,299.3099,0.0,90.0,3.0
2019-05-14 09:00:00+00:00,31.25,63.12104,1007.1477,23.0653,304.18616,0.0,78.0,2.0
2019-05-14 10:00:00+00:00,31.05,63.84446,1006.4478,22.728518,299.4071,0.0,90.0,3.0
2019-05-14 11:00:00+00:00,30.0,66.58156,1006.646,21.638964,315.67395,0.1,98.0,51.0
2019-05-14 12:00:00+00:00,30.3,68.88584,1006.34686,19.694992,300.7841,0.0,88.0,3.0
2019-05-14 13:00:00+00:00,29.25,75.40484,1006.94507,18.39878,300.57913,0.0,84.0,3.0
2019-05-14 14:00:00+00:00,28.9,77.17781,1007.744,15.629971,308.45374,0.0,84.0,3.0
2019-05-14 15:00:00+00:00,28.7,78.07775,1008.6433,14.512064,313.995,0.0,36.0,1.0
2019-05-14 16:00:00+00:00,28.4,79.92668,1009.24274,14.255272,315.0001,0.0,22.0,1.0
2019-05-14 17:00:00+00:00,28.15,80.61424,1009.7419,13.608762,322.52374,0.0,17.0,0.0
2019-05-14 18:00:00+00:00,27.9,81.30952,1009.64154,12.387348,324.46225,0.0,20.0,1.0
2019-05-14 19:00:00+00:00,27.6,82.74702,1009.14154,11.792404,328.73633,0.0,30.0,1.0
2019-05-14 20:00:00+00:00,27.3,83.96143,1008.5411,10.30883,335.22488,0.0,43.0,1.0
2019-05-14 21:00:00+00:00,26.9,85.95614,1008.0407,9.6932955,344.93146,0.0,39.0,1.0
2019-05-14 22:00:00+00:00,26.65,86.96892,1007.84045,10.1376915,353.88458,0.0,48.0,1.0
2019-05-14 23:00:00+00:00,26.5,87.478455,1008.0401,11.090103,346.86597,0.0,57.0,2.0
2019-05-15 00:00:00+00:00,26.45,88.00012,1008.33997,9.6932955,344.93146,0.0,47.0,1.0
2019-05-15 01:00:00+00:00,26.8,86.46311,1008.84033,8.825508,348.23172,0.0,52.0,2.0
2019-05-15 02:00:00+00:00,28.05,80.60132,1009.6419,8.654986,343.0724,0.0,77.0,2.0
2019-05-15 03:00:00+00:00,29.65,71.293144,1010.14417,12.313894,322.12497,0.0,78.0,2.0
2019-05-15 04:00:00+00:00,30.55,66.09172,1010.64514,14.76439,315.0001,0.0,33.0,1.0
2019-05-15 05:00:00+00:00,31.1,63.470924,1010.34607,17.713316,307.56866,0.0,40.0,1.0
2019-05-15 06:00:00+00:00,31.8,59.357323,1009.8475,19.201874,300.411,0.0,24.0,1.0
2019-05-15 07:00:00+00:00,32.1,57.653957,1009.2481,20.608229,297.01257,0.0,16.0,0.0
2019-05-15 08:00:00+00:00,32.3,57.5264,1008.34875,21.924562,299.51138,0.0,46.0,1.0
2019-05-15 09:00:00+00:00,31.5,61.48273,1007.7478,21.67487,302.10623,0.2,57.0,51.0
2019-05-15 10:00:00+00:00,30.85,65.75553,1007.2471,22.97522,305.4334,0.1,65.0,51.0
2019-05-15 11:00:00+00:00,30.1,69.471725,1007.54596,22.218153,310.3998,0.2,69.0,51.0
2019-05-15 12:00:00+00:00,29.15,74.04465,1007.3445,18.25026,292.01132,0.0,58.0,2.0
2019-05-15 13:00:00+00:00,28.4,78.503975,1007.8433,16.09969,296.56497,0.0,63.0,2.0
2019-05-15 14:00:00+00:00,28.05,81.57185,1008.7423,14.4,306.86996,0.0,64.0,2.0
2019-05-15 15:00:00+00:00,27.9,83.277916,1009.44165,13.044722,320.59937,0.0,52.0,2.0
2019-05-15 16:00:00+00:00,27.75,84.51336,1009.9412,11.298495,329.3494,0.0,18.0,0.0
2019-05-15 17:00:00+00:00,27.5,85.50235,1010.24066,9.83268,336.2505,0.0,17.0,0.0
2019-05-15 18:00:00+00:00,27.25,87.022995,1010.24036,10.144082,332.52567,0.0,11.0,0.0
2019-05-15 19:00:00+00:00,27.15,88.32146,1009.64056,11.090103,324.24603,0.0,11.0,0.0
2019-05-15 20:00:00+00:00,26.8,89.62057,1008.9403,12.031756,321.07245,0.0,34.0,1.0
2019-05-15 21:00:00+00:00,26.75,90.15299,1008.54047,10.685391,327.38077,0.0,32.0,1.0
2019-05-15 22:00:00+00:00,26.65,90.68534,1008.3402,9.220499,321.34018,0.0,32.0,1.0
2019-05-15 23:00:00+00:00,26.4,92.3064,1008.43994,8.049845,333.43503,0.0,23.0,1.0
2019-05-16 00:00:00+00:00,25.8,89.547134,1008.53894,8.311245,342.34976,0.0,11.0,0.0
2019-05-16 01:00:00+00:00,26.25,87.456635,1009.2392,7.172949,342.47433,0.0,43.0,1.0
2019-05-16 02:00:00+00:00,27.8,79.84673,1010.0414,5.4833565,336.8014,0.0,44.0,1.0
2019-05-16 03:00:00+00:00,29.65,71.72287,1010.644,7.386582,313.0251,0.0,6.0,0.0
2019-05-16 04:00:00+00:00,31.2,63.301014,1011.2459,10.829958,291.4478,0.0,24.0,1.0
2019-05-16 05:00:00+00:00,31.95,59.932777,1011.14685,13.138765,279.46225,0.0,43.0,1.0
2019-05-16 06:00:00+00:00,32.3,58.75773,1010.6477,15.158522,274.08554,0.0,69.0,2.0
2019-05-16 07:00:00+00:00,32.05,61.050247,1010.0477,16.595179,273.73132,0.0,73.0,2.0
2019-05-16 08:00:00+00:00,31.7,64.1743,1009.2474,16.595179,273.73132,0.0,49.0,1.0
2019-05-16 09:00:00+00:00,31.35,66.25336,1008.6474,17.026896,283.44864,0.1,34.0,51.0
2019-05-16 10:00:00+00:00,30.6,70.19265,1008.2463,18.671474,289.13373,0.2,19.0,51.0
2019-05-16 11:00:00+00:00,29.95,71.77578,1008.0454,12.979984,303.6901,0.1,48.0,51.0
2019-05-16 12:00:00+00:00,29.15,78.84399,1008.24414,10.829959,285.4222,0.9,57.0,53.0
2019-05-16 13:00:00+00:00,28.75,83.869644,1008.5434,9.178235,281.3099,0.1,40.0,51.0
2019-05-16 14:00:00+00:00,27.75,86.80939,1009.5414,8.766573,289.1791,0.4,60.0,51.0
2019-05-16 15:00:00+00:00,27.65,89.152214,1010.14105,8.699793,294.44394,0.1,67.0,51.0
2019-05-16 16:00:00+00:00,27.5,88.876495,1010.8404,9.957108,310.60123,0.0,38.0,1.0
2019-05-16 17:00:00+00:00,27.3,90.19111,1011.23987,9.1641035,315.0001,0.0,26.0,1.0
2019-05-16 18:00:00+00:00,27.25,91.26468,1010.84,9.793059,306.02747,0.0,21.0,1.0
2019-05-16 19:00:00+00:00,27.05,92.06852,1010.34,10.195057,312.1375,0.0,23.0,1.0
2019-05-16 20:00:00+00:00,26.75,93.15204,1009.4401,10.703569,312.27362,0.0,22.0,1.0
2019-05-16 21:00:00+00:00,26.4,92.85798,1008.63983,10.182337,315.0001,0.1,38.0,51.0
2019-05-16 22:00:00+00:00,25.8,93.94365,1008.439,11.609651,299.74478,2.1,93.0,61.0
2019-05-16 23:00:00+00:00,24.6,95.60199,1009.0368,12.682018,304.59235,2.7,86.0,63.0
2019-05-17 00:00:00+00:00,26.25,91.475296,1008.83936,9.693296,328.67136,0.0,87.0,3.0
2019-05-17 01:00:00+00:00,26.5,88.79833,1009.33954,9.360001,337.3801,0.0,72.0,2.0
2019-05-17 02:00:00+00:00,27.55,82.49368,1010.1407,8.699793,335.55606,0.0,74.0,2.0
2019-05-17 03:00:00+00:00,28.95,76.03835,1010.7426,12.096214,323.47104,0.0,77.0,2.0
2019-05-17 04:00:00+00:00,30.35,69.1025,1011.1447,14.618837,307.99878,0.0,47.0,1.0
2019-05-17 05:00:00+00:00,30.95,66.57152,1011.1457,15.463246,294.77512,0.0,56.0,2.0
2019-05-17 06:00:00+00:00,31.15,66.61155,1010.5462,15.815435,281.82147,0.0,43.0,1.0
2019-05-17 07:00:00+00:00,30.6,68.53049,1009.8455,15.844089,291.318,0.0,60.0,2.0
2019-05-17 08:00:00+00:00,31.5,64.7128,1008.7474,18.11841,290.95584,0.1,70.0,51.0
2019-05-17 09:00:00+00:00,30.95,68.18799,1008.247,19.813087,294.7024,0.1,83.0,51.0
2019-05-17 10:00:00+00:00,30.05,70.7255,1007.84546,19.373219,318.01288,0.2,87.0,51.0
2019-05-17 11:00:00+00:00,29.6,71.92977,1007.64496,18.844202,316.5481,0.2,88.0,51.0
2019-05-17 12:00:00+00:00,28.35,83.08107,1007.64307,10.97262,318.991,0.1,80.0,51.0
2019-05-17 13:00:00+00:00,28.2,83.06392,1008.0429,7.42159,345.9637,0.0,78.0,2.0
2019-05-17 14:00:00+00:00,27.45,85.49736,1008.7414,7.072878,14.743609,0.0,67.0,2.0
2019-05-17 15:00:00+00:00,26.85,87.24759,1009.63995,6.9527545,21.25058,0.0,57.0,2.0
2019-05-17 16:00:00+00:00,26.55,88.00852,1009.9395,6.162207,353.29025,0.0,66.0,2.0
2019-05-17 17:00:00+00:00,26.45,88.7944,1010.0392,7.5942073,5.4402504,0.0,79.0,2.0
2019-05-17 18:00:00+00:00,26.3,90.12165,1009.9389,7.42159,345.9637,0.0,15.0,0.0
2019-05-17 19:00:00+00:00,26.3,90.66221,1009.1392,6.830519,341.56494,0.0,26.0,1.0
2019-05-17 20:00:00+00:00,26.15,91.74299,1008.53955,7.2805495,351.4693,0.0,30.0,1.0
2019-05-17 21:00:00+00:00,25.9,92.83231,1007.9392,7.2,360.0,0.0,15.0,0.0
2019-05-17 22:00:00+00:00,25.95,92.006,1007.4397,6.87779,353.9911,0.0,24.0,1.0
2019-05-17 23:00:00+00:00,25.95,92.55786,1007.23975,6.9527545,338.74942,0.0,14.0,0.0
2019-05-18 00:00:00+00:00,26.1,92.01459,1007.8395,8.225035,336.8014,0.0,30.0,1.0
2019-05-18 01:00:00+00:00,26.4,90.66884,1008.24005,7.42159,345.9637,0.0,79.0,2.0
2019-05-18 02:00:00+00:00,27.75,84.26157,1008.94165,7.172949,342.47433,0.0,90.0,3.0
2019-05-18 03:00:00+00:00,29.05,77.662735,1009.64343,11.966954,316.2188,0.3,92.0,51.0
2019-05-18 04:00:00+00:00,29.9,75.5071,1010.1444,12.7279215,298.7397,0.1,93.0,51.0
2019-05-18 05:00:00+00:00,30.55,72.096,1010.0455,14.118243,289.35907,0.1,93.0,51.0
2019-05-18 06:00:00+00:00,30.65,70.201866,1009.6456,14.934577,285.3763,0.0,85.0,3.0
2019-05-18 07:00:00+00:00,30.35,71.204666,1009.04565,15.175612,292.30624,0.1,84.0,51.0
2019-05-18 08:00:00+00:00,30.35,71.846146,1007.94617,14.84318,284.03625,0.1,84.0,51.0
2019-05-18 09:00:00+00:00,31.05,67.59742,1007.14746,15.745627,280.53912,0.0,86.0,3.0
2019-05-18 10:00:00+00:00,30.45,68.50176,1006.34686,14.689589,287.1028,0.0,86.0,3.0
2019-05-18 11:00:00+00:00,30.45,68.09133,1006.44684,14.372974,292.06796,0.0,90.0,3.0
2019-05-18 12:00:00+00:00,29.25,76.084656,1006.8451,10.823973,273.814,0.0,90.0,3.0
2019-05-18 13:00:00+00:00,28.5,82.11498,1007.6434,7.5685663,267.27374,0.0,88.0,3.0
2019-05-18 14:00:00+00:00,28.15,84.555534,1008.1426,6.725354,254.47583,0.0,84.0,3.0
2019-05-18 15:00:00+00:00,28.05,86.32278,1008.64233,5.937272,255.96373,0.0,82.0,3.0
2019-05-18 16:00:00+00:00,27.9,88.120804,1009.1418,6.130579,273.3664,0.0,66.0,2.0
2019-05-18 17:00:00+00:00,27.65,89.94847,1009.5414,5.4477882,277.59454,0.0,75.0,2.0
2019-05-18 18:00:00+00:00,27.5,89.93786,1009.44104,5.0142193,291.03757,0.0,80.0,3.0
2019-05-18 19:00:00+00:00,27.2,90.72147,1008.741,4.0249224,296.56497,0.0,55.0,2.0
2019-05-18 20:00:00+00:00,26.8,92.05438,1008.1406,3.563818,315.0001,0.0,35.0,1.0
2019-05-18 21:00:00+00:00,26.45,93.13731,1007.64026,3.6,323.13,0.0,73.0,2.0
2019-05-18 22:00:00+00:00,26.5,92.31187,1007.34045,6.696387,323.74606,0.0,82.0,3.0
2019-05-18 23:00:00+00:00,26.4,92.3064,1007.54034,7.145796,319.0857,0.0,68.0,2.0
2019-05-19 00:00:00+00:00,26.15,93.122536,1007.54,5.4119864,356.186,0.0,37.0,1.0
2019-05-19 01:00:00+00:00,26.5,90.40514,1007.9402,5.2416787,15.945477,0.0,86.0,3.0
2019-05-19 02:00:00+00:00,27.65,85.00871,1008.6417,3.4152596,18.435053,0.0,69.0,2.0
2019-05-19 03:00:00+00:00,29.25,75.63086,1009.34393,5.692099,304.69522,0.0,24.0,1.0
2019-05-19 04:00:00+00:00,30.35,69.310265,1009.5455,7.9932976,277.76508,0.0,22.0,1.0
2019-05-19 05:00:00+00:00,30.85,67.35584,1009.4461,10.853866,264.2895,0.1,30.0,51.0
2019-05-19 06:00:00+00:00,31.0,66.982376,1009.3465,12.287555,264.95764,0.1,33.0,51.0
2019-05-19 07:00:00+00:00,30.8,69.39472,1008.4466,12.7279215,261.87,0.1,25.0,51.0
2019-05-19 08:00:00+00:00,31.05,69.64912,1007.74725,14.145756,255.2564,0.0,24.0,1.0
2019-05-19 09:00:00+00:00,30.8,70.43939,1007.0472,14.587776,254.24875,0.1,27.0,51.0
2019-05-19 10:00:00+00:00,30.7,70.42115,1006.7473,15.034041,253.30067,0.1,31.0,51.0
2019-05-19 11:00:00+00:00,29.15,77.67727,1006.9447,10.853866,275.7105,0.3,95.0,51.0
2019-05-19 12:00:00+00:00,29.45,72.772766,1006.84534,11.901798,266.53183,0.2,76.0,51.0
2019-05-19 13:00:00+00:00,28.55,80.18568,1007.54346,8.669949,265.23645,0.1,39.0,51.0
2019-05-19 14:00:00+00:00,28.15,83.80395,1008.34247,6.9899354,281.88864,0.0,38.0,1.0
2019-05-19 15:00:00+00:00,28.05,85.04965,1009.0422,5.8048253,299.74478,0.0,39.0,1.0
2019-05-19 16:00:00+00:00,27.85,86.8185,1009.84143,4.5820518,315.0001,0.0,42.0,1.0
2019-05-19 17:00:00+00:00,27.35,91.813194,1010.34064,3.0758414,339.44388,0.0,48.0,1.0
2019-05-19 18:00:00+00:00,27.15,90.98799,1010.3403,2.5455842,8.130019,0.0,41.0,1.0
2019-05-19 19:00:00+00:00,26.95,90.166885,1010.04016,3.8939953,33.6901,0.0,40.0,1.0
2019-05-19 20:00:00+00:00,26.7,89.881,1009.5397,3.0547013,44.999897,0.1,28.0,51.0
2019-05-19 21:00:00+00:00,26.0,91.73411,1008.939,2.968636,345.9637,0.1,28.0,51.0
2019-05-19 22:00:00+00:00,26.25,91.475296,1008.3396,6.28713,346.75946,0.0,39.0,1.0
2019-05-19 23:00:00+00:00,26.05,93.395836,1008.33923,6.725354,344.47583,0.0,41.0,1.0
2019-05-20 00:00:00+00:00,25.85,92.55252,1008.339,3.6179552,5.7105074,0.0,45.0,1.0
2019-05-20 01:00:00+00:00,26.55,88.53701,1008.94,5.1544156,12.094739,0.0,47.0,1.0
2019-05-20 02:00:00+00:00,27.6,84.75021,1009.8412,3.7585104,16.699326,0.0,45.0,1.0
2019-05-20 03:00:00+00:00,28.95,76.03835,1010.4428,4.0249224,280.30478,0.0,23.0,1.0
2019-05-20 04:00:00+00:00,30.1,69.68083,1011.04443,7.6367526,261.87,0.1,35.0,51.0
2019-05-20 05:00:00+00:00,30.6,68.53049,1010.8451,10.041354,255.4655,0.2,27.0,51.0
2019-05-20 06:00:00+00:00,30.75,68.764946,1010.4457,10.829958,248.5522,0.1,32.0,51.0
2019-05-20 07:00:00+00:00,30.75,68.559204,1009.646,11.91812,244.98314,0.0,23.0,1.0
2019-05-20 08:00:00+00:00,31.0,66.982376,1008.6468,11.966954,254.29129,0.0,23.0,1.0
2019-05-20 09:00:00+00:00,30.75,68.559204,1007.7469,13.009903,255.5792,0.1,18.0,51.0
2019-05-20 10:00:00+00:00,30.5,69.338455,1007.1467,11.792404,257.66092,0.0,56.0,2.0
2019-05-20 11:00:00+00:00,30.0,72.43226,1006.746,11.177405,255.06853,0.0,68.0,2.0
2019-05-20 12:00:00+00:00,28.9,77.40902,1006.84436,8.647496,267.6141,0.1,58.0,51.0
2019-05-20 13:00:00+00:00,28.5,80.900314,1007.1436,7.208994,267.13766,0.0,67.0,2.0
2019-05-20 14:00:00+00:00,28.1,85.56186,1007.7428,5.937272,255.96373,0.0,60.0,2.0
2019-05-20 15:00:00+00:00,28.1,86.32749,1008.64233,5.154415,245.22488,0.0,29.0,1.0
2019-05-20 16:00:00+00:00,28.05,85.81156,1009.1421,5.6920996,251.56496,0.1,35.0,51.0
2019-05-20 17:00:00+00:00,28.0,85.297905,1009.442,6.162207,263.29025,0.0,36.0,1.0
2019-05-20 18:00:00+00:00,27.85,86.047646,1009.64154,6.2145634,259.9921,0.0,55.0,2.0
2019-05-20 19:00:00+00:00,27.6,86.537674,1009.34143,6.849467,266.98727,0.1,52.0,51.0
2019-05-20 20:00:00+00:00,27.0,87.783676,1008.6408,5.1544156,282.09473,0.4,50.0,51.0
2019-05-20 21:00:00+00:00,26.25,91.202446,1008.3396,3.6179552,5.7105074,0.4,41.0,51.0
2019-05-20 22:00:00+00:00,26.2,91.47226,1008.1397,3.96,360.0,0.1,41.0,51.0
2019-05-20 23:00:00+00:00,25.55,93.092804,1008.5386,5.2416787,344.05453,0.5,65.0,53.0
2019-05-21 00:00:00+00:00,25.7,93.100235,1008.63885,4.6938252,4.398633,0.2,53.0,51.0
2019-05-21 01:00:00+00:00,26.05,90.917435,1009.03894,4.6938252,355.60138,0.1,44.0,51.0
2019-05-21 02:00:00+00:00,26.8,85.94644,1009.7399,6.162207,353.29025,0.1,24.0,51.0
2019-05-21 03:00:00+00:00,28.1,78.93415,1010.3416,3.9763298,354.80566,0.1,13.0,51.0
2019-05-21 04:00:00+00:00,29.7,70.66189,1010.4441,6.489992,303.6901,0.0,32.0,1.0
2019-05-21 05:00:00+00:00,30.65,67.11438,1010.24536,9.726665,272.12103,0.1,35.0,51.0
2019-05-21 06:00:00+00:00,30.65,69.36661,1010.34534,12.0694,252.64589,0.0,36.0,1.0
2019-05-21 07:00:00+00:00,30.5,69.75529,1009.5457,11.503113,249.86362,0.0,32.0,1.0
2019-05-21 08:00:00+00:00,30.65,70.201866,1008.946,10.703569,250.34608,0.1,38.0,51.0
2019-05-21 09:00:00+00:00,30.75,71.0638,1008.14667,11.435313,241.8215,0.1,25.0,51.0
2019-05-21 10:00:00+00:00,29.55,74.77872,1008.24475,10.182337,261.87,0.2,46.0,51.0
2019-05-21 11:00:00+00:00,29.4,76.56357,1007.94464,10.182337,261.87,0.4,35.0,51.0
2019-05-21 12:00:00+00:00,28.45,81.3781,1007.6434,8.089993,290.85452,0.2,56.0,51.0
2019-05-21 13:00:00+00:00,27.75,85.78227,1007.8421,6.439876,333.43503,0.0,70.0,2.0
2019-05-21 14:00:00+00:00,27.5,87.04543,1008.9413,6.6185193,337.6198,0.1,60.0,51.0
2019-05-21 15:00:00+00:00,27.15,88.32146,1009.54065,6.12,331.9276,0.0,70.0,2.0
2019-05-21 16:00:00+00:00,27.05,89.638794,1010.1401,7.2,306.86996,0.0,72.0,2.0
2019-05-21 17:00:00+00:00,26.95,89.6315,1010.44,8.4963045,306.38446,0.1,99.0,51.0
2019-05-21 18:00:00+00:00,26.9,89.89531,1010.53955,7.2,306.86996,0.0,79.0,2.0
2019-05-21 19:00:00+00:00,26.6,89.60592,1010.1394,7.9932966,305.83774,0.2,100.0,51.0
2019-05-21 20:00:00+00:00,26.45,92.30915,1009.33954,6.3690495,312.70938,0.1,90.0,51.0
2019-05-21 21:00:00+00:00,26.3,92.300934,1008.53955,8.14587,315.0001,0.0,73.0,2.0
2019-05-21 22:00:00+00:00,26.25,92.85029,1007.83984,7.7879906,326.3099,0.0,86.0,3.0
2019-05-21 23:00:00+00:00,26.2,93.40294,1008.03973,7.9036193,329.9315,0.0,49.0,1.0
2019-05-22 00:00:00+00:00,25.75,92.82459,1007.7393,7.208994,357.13766,0.0,36.0,1.0
2019-05-22 01:00:00+00:00,26.3,90.12165,1008.3396,7.2359104,354.2895,0.0,88.0,3.0
2019-05-22 02:00:00+00:00,27.45,84.73458,1008.8413,6.519877,353.6599,0.0,76.0,2.0
2019-05-22 03:00:00+00:00,28.75,79.9731,1009.24304,6.489992,326.3099,0.0,73.0,2.0
2019-05-22 04:00:00+00:00,30.4,72.285286,1009.4455,9.178235,295.5599,0.1,74.0,51.0
2019-05-22 05:00:00+00:00,30.6,71.890015,1009.5457,11.966953,276.91113,0.3,66.0,51.0
2019-05-22 06:00:00+00:00,30.45,73.81754,1009.2456,13.084402,262.09293,0.1,63.0,51.0
2019-05-22 07:00:00+00:00,29.8,76.169174,1008.7449,11.659777,261.11942,0.1,82.0,51.0
2019-05-22 08:00:00+00:00,29.45,78.4178,1008.0448,13.797912,262.50424,0.1,91.0,51.0
2019-05-22 09:00:00+00:00,29.05,80.72982,1007.24457,14.044615,268.53122,0.2,98.0,51.0
2019-05-22 10:00:00+00:00,28.35,82.34203,1006.8434,9.178235,295.5599,0.2,99.0,51.0
2019-05-22 11:00:00+00:00,28.8,79.030975,1006.34436,10.739833,283.57043,0.2,100.0,51.0
2019-05-22 12:00:00+00:00,29.5,78.19197,1006.0457,11.570515,275.35574,2.0,100.0,61.0
2019-05-22 13:00:00+00:00,28.9,79.75497,1006.74445,8.669949,274.76355,0.2,88.0,51.0
2019-05-22 14:00:00+00:00,28.1,85.054756,1007.7428,7.9526596,275.19434,0.0,89.0,3.0
2019-05-22 15:00:00+00:00,27.85,86.8185,1008.742,5.506941,281.3099,0.0,89.0,3.0
2019-05-22 16:00:00+00:00,27.5,90.47267,1009.44104,1.8,270.0,0.0,91.0,3.0
2019-05-22 17:00:00+00:00,27.05,87.26533,1009.94025,2.5455842,278.13,0.3,92.0,51.0
2019-05-22 18:00:00+00:00,26.7,89.881,1010.1394,8.557102,247.75093,0.1,90.0,51.0
2019-05-22 19:00:00+00:00,26.45,91.21492,1009.7394,9.511088,240.5242,0.1,87.0,51.0
2019-05-22 20:00:00+00:00,26.3,91.75183,1008.83936,5.4119864,273.814,0.0,83.0,3.0
2019-05-22 21:00:00+00:00,26.35,92.30365,1008.0401,5.8603754,317.4896,0.0,64.0,2.0
2019-05-22 22:00:00+00:00,25.95,93.39107,1007.6395,8.404285,316.73566,0.1,100.0,51.0
2019-05-22 23:00:00+00:00,26.15,93.122536,1007.54,7.5942082,328.5705,0.0,68.0,2.0
2019-05-23 00:00:00+00:00,26.05,93.954575,1007.8395,4.1046314,322.12494,0.0,82.0,3.0
2019-05-23 01:00:00+00:00,26.25,92.57386,1008.3396,5.8048253,7.12493,0.1,44.0,51.0
2019-05-23 02:00:00+00:00,27.1,87.53062,1008.9407,4.32,360.0,0.1,40.0,51.0
2019-05-23 03:00:00+00:00,28.35,82.83407,1009.64215,4.6102495,308.65982,0.0,34.0,1.0
2019-05-23 04:00:00+00:00,29.25,80.03916,1010.04364,5.0528407,265.91446,0.0,78.0,2.0
2019-05-23 05:00:00+00:00,29.6,76.59378,1010.14386,9.339208,242.44727,0.1,44.0,51.0
2019-05-23 06:00:00+00:00,29.1,76.97702,1009.74347,7.8625183,254.05453,0.1,46.0,51.0
2019-05-23 07:00:00+00:00,30.35,70.56822,1008.94574,11.966953,248.83867,0.1,58.0,51.0
2019-05-23 08:00:00+00:00,30.75,69.17801,1008.14667,13.138765,260.53775,0.1,81.0,51.0
2019-05-23 09:00:00+00:00,29.95,72.423615,1007.54565,13.004921,265.23645,0.1,85.0,51.0
2019-05-23 10:00:00+00:00,28.4,79.21254,1007.2436,11.165805,268.15244,0.3,90.0,51.0
2019-05-23 11:00:00+00:00,27.3,84.21325,1007.4416,9.983106,244.35904,0.4,100.0,51.0
2019-05-23 12:00:00+00:00,26.1,94.2371,1007.23975,5.0142193,248.96242,2.1,100.0,61.0
2019-05-23 13:00:00+00:00,26.15,96.22154,1007.7399,2.0364676,135.0001,0.0,100.0,3.0
2019-05-23 14:00:00+00:00,26.1,93.95671,1008.6391,2.0991426,149.03632,0.5,99.0,53.0
2019-05-23 15:00:00+00:00,26.15,95.084335,1009.3392,2.0991426,120.96369,0.0,100.0,3.0
2019-05-23 16:00:00+00:00,25.05,98.814224,1010.3368,4.6938252,265.60138,1.0,100.0,55.0
2019-05-23 17:00:00+00:00,25.25,99.4064,1010.43713,2.8799999,360.0,0.4,100.0,51.0
2019-05-23 18:00:00+00:00,24.9,99.4049,1010.3368,3.2599385,6.3401003,0.1,99.0,51.0
2019-05-23 19:00:00+00:00,24.85,99.40468,1010.0367,3.8939953,326.3099,0.2,99.0,51.0
2019-05-23 20:00:00+00:00,24.8,99.107834,1009.63684,6.130579,266.6336,0.9,99.0,53.0
2019-05-23 21:00:00+00:00,24.85,98.81243,1008.9372,4.32,270.0,0.5,99.0,53.0
2019-05-23 22:00:00+00:00,24.95,99.1088,1008.3377,3.8773184,291.80148,0.1,99.0,51.0
2019-05-23 23:00:00+00:00,25.0,99.10916,1008.23773,3.8939953,326.3099,0.1,96.0,51.0
2019-05-24 00:00:00+00:00,25.65,94.21831,1008.3386,5.634891,63.435013,0.0,76.0,2.0
2019-05-24 01:00:00+00:00,26.05,92.287125,1008.6391,4.3498964,65.55606,0.0,81.0,3.0
2019-05-24 02:00:00+00:00,26.9,91.514626,1009.4401,2.4149535,26.564985,0.0,86.0,3.0
2019-05-24 03:00:00+00:00,27.65,85.77252,1010.14105,2.0991426,329.03632,0.1,74.0,51.0
2019-05-24 04:00:00+00:00,28.85,79.03785,1010.4428,6.830519,251.56496,0.1,60.0,51.0
2019-05-24 05:00:00+00:00,28.45,82.59947,1010.842,10.883676,235.78424,0.1,100.0,51.0
2019-05-24 06:00:00+00:00,28.6,81.63949,1010.44257,7.5685663,244.65387,0.1,89.0,51.0
2019-05-24 07:00:00+00:00,29.05,78.127846,1009.74347,13.089354,238.49579,1.9,95.0,61.0
2019-05-24 08:00:00+00:00,28.05,83.54361,1009.1421,4.452954,255.96373,3.2,100.0,63.0
2019-05-24 09:00:00+00:00,27.95,85.80181,1008.54205,7.653705,228.81418,0.1,100.0,51.0
2019-05-24 10:00:00+00:00,27.65,87.0589,1007.6422,8.049845,243.43501,0.1,100.0,51.0
2019-05-24 11:00:00+00:00,27.15,86.49581,1007.8414,13.276144,229.39879,2.6,99.0,63.0
2019-05-24 12:00:00+00:00,26.65,87.75389,1008.14026,10.086427,235.17543,4.6,100.0,63.0
2019-05-24 13:00:00+00:00,25.25,99.4064,1008.3381,4.8433046,221.98714,2.3,100.0,61.0
2019-05-24 14:00:00+00:00,25.4,99.703186,1009.138,2.5455842,278.13,0.3,100.0,51.0
2019-05-24 15:00:00+00:00,25.4,99.703186,1009.9377,1.835647,11.3098955,0.1,100.0,51.0
2019-05-24 16:00:00+00:00,25.25,99.70283,1010.43713,1.835647,348.6901,0.6,100.0,53.0
2019-05-24 17:00:00+00:00,24.65,99.40376,1011.1358,7.754637,248.19853,1.9,100.0,61.0
2019-05-24 18:00:00+00:00,24.75,99.404205,1010.7364,5.00128,300.25635,3.0,100.0,63.0
2019-05-24 19:00:00+00:00,25.2,95.621254,1010.1372,4.3349743,311.63345,0.1,100.0,51.0
2019-05-24 20:00:00+00:00,24.75,99.404205,1009.337,5.4833565,336.8014,0.1,100.0,51.0
2019-05-24 21:00:00+00:00,24.75,96.7615,1008.53735,10.703569,19.653913,0.0,100.0,3.0
2019-05-24 22:00:00+00:00,24.45,95.597176,1007.737,9.659814,26.564985,0.0,100.0,3.0
2019-05-24 23:00:00+00:00,24.5,95.02494,1007.83734,10.08,360.0,0.0,100.0,3.0
2019-05-25 00:00:00+00:00,24.7,95.03221,1008.1375,6.725354,344.47583,0.0,39.0,1.0
2019-05-25 01:00:00+00:00,25.2,93.63592,1008.43805,7.69592,10.784258,0.0,99.0,3.0
2019-05-25 02:00:00+00:00,25.95,91.457054,1009.4388,3.5455887,293.9625,0.0,99.0,3.0
2019-05-25 03:00:00+00:00,26.75,88.81795,1010.0398,4.3349743,318.36655,0.0,100.0,3.0
2019-05-25 04:00:00+00:00,28.2,81.590324,1010.44183,6.489992,266.82022,0.1,99.0,51.0
2019-05-25 05:00:00+00:00,28.95,79.05164,1010.5427,10.239453,259.8754,0.3,98.0,51.0
2019-05-25 06:00:00+00:00,28.25,84.315025,1010.042,10.464798,266.0549,0.2,98.0,51.0
2019-05-25 07:00:00+00:00,27.05,88.31333,1009.7403,9.565437,250.20103,1.1,99.0,55.0
2019-05-25 08:00:00+00:00,27.5,85.24749,1008.64136,7.8954163,245.77226,0.1,99.0,51.0
2019-05-25 09:00:00+00:00,27.25,85.47745,1007.9414,10.308831,257.90524,0.1,99.0,51.0
2019-05-25 10:00:00+00:00,27.15,85.98031,1007.1417,10.464798,273.9451,0.0,98.0,3.0
2019-05-25 11:00:00+00:00,27.45,83.22688,1006.7423,10.948973,279.46225,0.0,99.0,3.0
2019-05-25 12:00:00+00:00,27.6,83.4933,1007.1424,11.013882,258.6901,0.0,99.0,3.0
2019-05-25 13:00:00+00:00,27.1,86.749985,1007.4414,9.779817,263.6599,0.2,99.0,51.0
2019-05-25 14:00:00+00:00,26.75,88.81795,1008.24066,8.28,270.0,0.1,98.0,51.0
2019-05-25 15:00:00+00:00,26.8,89.888176,1008.9403,7.628263,289.29013,0.1,98.0,51.0
2019-05-25 16:00:00+00:00,26.75,90.42208,1009.4401,6.989936,304.50858,0.1,100.0,51.0
2019-05-25 17:00:00+00:00,26.85,90.42885,1009.4401,8.161764,311.42358,0.1,100.0,51.0
2019-05-25 18:00:00+00:00,26.9,90.163414,1009.3401,8.707237,299.74478,0.1,100.0,51.0
2019-05-25 19:00:00+00:00,26.8,90.15647,1008.44055,8.854829,296.56497,0.2,100.0,51.0
2019-05-25 20:00:00+00:00,26.45,91.76061,1007.54034,8.669949,311.63345,0.2,99.0,51.0
2019-05-25 21:00:00+00:00,26.15,93.679375,1006.9403,8.714677,321.70978,0.2,97.0,51.0
2019-05-25 22:00:00+00:00,25.65,93.097755,1006.93933,9.178235,311.82007,0.4,93.0,51.0
2019-05-25 23:00:00+00:00,25.8,93.94365,1007.0396,10.028439,291.03757,0.4,100.0,51.0
2019-05-26 00:00:00+00:00,25.8,93.38394,1007.0396,6.9247384,297.8972,0.2,98.0,51.0
2019-05-26 01:00:00+00:00,26.2,93.40294,1007.6399,7.7879906,303.6901,0.0,100.0,3.0
2019-05-26 02:00:00+00:00,26.8,92.60304,1008.3406,6.439876,296.56497,0.5,94.0,53.0
2019-05-26 03:00:00+00:00,27.4,89.13321,1008.7414,6.193674,324.46225,0.3,88.0,51.0
2019-05-26 04:00:00+00:00,28.5,81.14201,1008.64294,7.289445,302.90524,0.1,78.0,51.0
2019-05-26 05:00:00+00:00,29.3,77.006874,1008.3444,10.041354,284.5345,0.0,94.0,3.0
2019-05-26 06:00:00+00:00,29.1,76.97702,1008.0442,12.371645,278.36578,0.0,84.0,3.0
2019-05-26 07:00:00+00:00,29.8,74.151634,1007.34546,12.682018,276.5197,0.0,66.0,2.0
2019-05-26 08:00:00+00:00,29.9,75.05841,1006.5461,14.471821,275.7105,0.0,73.0,2.0
2019-05-26 09:00:00+00:00,29.55,75.67776,1006.0457,15.192682,283.70697,0.0,80.0,3.0
2019-05-26 10:00:00+00:00,29.45,75.8885,1005.54596,16.676977,283.7363,0.1,39.0,51.0
2019-05-26 11:00:00+00:00,29.05,77.89497,1005.64526,17.81909,278.13,0.5,51.0,53.0
2019-05-26 12:00:00+00:00,28.6,80.91304,1005.54474,14.48972,296.56497,0.9,61.0,53.0
2019-05-26 13:00:00+00:00,27.95,84.53449,1006.0432,13.202726,295.8663,0.0,77.0,2.0
2019-05-26 14:00:00+00:00,27.65,85.77252,1007.0425,12.979984,289.44012,0.0,84.0,3.0
2019-05-26 15:00:00+00:00,27.6,85.76764,1007.7422,12.10157,292.751,0.0,83.0,3.0
2019-05-26 16:00:00+00:00,27.35,87.81338,1008.34155,10.495713,300.96368,0.0,59.0,2.0
2019-05-26 17:00:00+00:00,27.05,89.10654,1008.54083,9.178235,318.1799,0.0,42.0,1.0
2019-05-26 18:00:00+00:00,26.4,91.4844,1008.24005,8.373386,334.53668,1.3,49.0,61.0
2019-05-26 19:00:00+00:00,25.85,93.94581,1007.83923,9.107359,341.56494,0.1,78.0,51.0
2019-05-26 20:00:00+00:00,25.75,93.66112,1007.1395,8.891344,338.6293,0.2,45.0,51.0
2019-05-26 21:00:00+00:00,25.55,94.77922,1006.7394,10.24578,341.56494,0.0,35.0,1.0
2019-05-26 22:00:00+00:00,25.35,95.62604,1006.43933,10.636766,336.0375,0.0,99.0,3.0
2019-05-26 23:00:00+00:00,25.4,94.20783,1006.43933,11.525623,358.21014,0.0,98.0,3.0
2019-05-27 00:00:00+00:00,26.2,93.68167,1006.54047,11.298495,329.3494,0.0,19.0,0.0
2019-05-27 01:00:00+00:00,26.5,90.675415,1006.7407,10.97262,318.991,0.1,68.0,51.0
2019-05-27 02:00:00+00:00,27.1,87.53062,1007.4414,12.261157,310.2363,0.0,87.0,3.0
2019-05-27 03:00:00+00:00,28.1,82.55843,1007.9427,10.703569,312.27362,0.0,97.0,3.0
2019-05-27 04:00:00+00:00,28.85,78.33296,1008.1438,12.594856,300.96368,0.3,35.0,51.0
2019-05-27 05:00:00+00:00,29.4,80.53538,1007.84467,12.864649,287.928,0.1,33.0,51.0
2019-05-27 06:00:00+00:00,29.8,78.93388,1007.34546,13.009903,284.4208,0.1,32.0,51.0
2019-05-27 07:00:00+00:00,29.7,78.453,1006.54584,14.707222,291.54105,0.1,36.0,51.0
2019-05-27 08:00:00+00:00,29.85,77.77863,1006.246,15.379206,290.55612,0.1,39.0,51.0
2019-05-27 09:00:00+00:00,29.85,77.08858,1005.24646,17.811815,284.03625,0.1,38.0,51.0
2019-05-27 10:00:00+00:00,29.1,80.976395,1004.9456,14.799459,288.43503,0.1,50.0,51.0
2019-05-27 11:00:00+00:00,29.05,79.775024,1004.7457,16.62249,287.6502,0.1,61.0,51.0
2019-05-27 12:00:00+00:00,29.25,82.204605,1004.846,12.783802,279.7275,2.3,71.0,61.0
2019-05-27 13:00:00+00:00,28.45,86.10504,1005.0446,11.212135,275.52744,0.0,70.0,2.0
2019-05-27 14:00:00+00:00,28.15,88.14142,1005.8436,9.255571,283.49576,0.0,18.0,0.0
2019-05-27 15:00:00+00:00,28.15,88.6644,1006.64325,9.449572,287.74475,0.0,58.0,2.0
2019-05-27 16:00:00+00:00,28.0,89.70764,1007.0431,8.427383,289.9832,0.0,17.0,0.0
2019-05-27 17:00:00+00:00,27.75,91.29555,1007.4423,9.339208,297.55273,0.1,30.0,51.0
2019-05-27 18:00:00+00:00,27.45,92.36382,1007.342,9.793059,306.02747,0.1,41.0,51.0
2019-05-27 19:00:00+00:00,27.15,92.621506,1006.94183,10.587918,324.6887,0.1,48.0,51.0
2019-05-27 20:00:00+00:00,27.05,92.891136,1005.9421,10.636766,336.0375,0.0,35.0,1.0
2019-05-27 21:00:00+00:00,26.7,93.42659,1005.5415,9.227524,339.44388,0.0,35.0,1.0
2019-05-27 22:00:00+00:00,26.45,93.97195,1005.44135,10.383987,326.3099,0.0,79.0,2.0
2019-05-27 23:00:00+00:00,26.35,93.13236,1006.1409,13.044722,320.59937,0.1,80.0,51.0
2019-05-28 00:00:00+00:00,26.15,93.679375,1006.3405,14.345898,342.47433,0.1,92.0,51.0
2019-05-28 01:00:00+00:00,26.25,92.57386,1006.8403,12.324414,353.29025,0.0,21.0,1.0
2019-05-28 02:00:00+00:00,27.05,88.577034,1007.4414,12.413476,343.1415,0.0,46.0,1.0
2019-05-28 03:00:00+00:00,28.55,81.1483,1007.6434,15.7908325,335.77228,0.0,81.0,3.0
2019-05-28 04:00:00+00:00,29.95,73.95513,1007.64557,17.148247,320.96448,0.0,91.0,3.0
2019-05-28 05:00:00+00:00,31.0,69.63979,1007.3474,17.0763,304.69522,0.0,84.0,3.0
2019-05-28 06:00:00+00:00,30.75,73.21174,1006.8472,17.58481,292.8906,0.2,78.0,51.0
2019-05-28 07:00:00+00:00,30.1,77.58441,1005.9467,19.386593,291.80148,0.2,79.0,51.0
2019-05-28 08:00:00+00:00,30.2,76.457,1005.0471,19.592731,290.43292,0.0,74.0,2.0
2019-05-28 09:00:00+00:00,30.4,74.69267,1004.54767,20.523157,291.61484,0.0,85.0,3.0
2019-05-28 10:00:00+00:00,30.35,74.90696,1004.0479,20.799152,293.45905,0.0,60.0,2.0
2019-05-28 11:00:00+00:00,30.05,74.85901,1004.24713,20.00512,300.25635,0.0,52.0,2.0
2019-05-28 12:00:00+00:00,29.6,78.90624,1004.14655,19.008547,294.62354,0.0,64.0,2.0
2019-05-28 13:00:00+00:00,28.9,83.88602,1004.3455,17.22742,296.02954,0.0,60.0,2.0
2019-05-28 14:00:00+00:00,28.6,87.14355,1005.3448,14.336861,298.49554,0.0,68.0,2.0
2019-05-28 15:00:00+00:00,28.45,89.212685,1006.1441,13.281023,302.82855,0.0,85.0,3.0
2019-05-28 16:00:00+00:00,28.4,89.20894,1006.74384,12.88981,305.9098,0.0,83.0,3.0
2019-05-28 17:00:00+00:00,28.35,88.68013,1006.9434,12.229406,312.614,0.0,57.0,2.0
2019-05-28 18:00:00+00:00,28.15,89.19008,1006.9432,11.988594,318.6523,0.0,76.0,2.0
2019-05-28 19:00:00+00:00,27.9,90.23247,1006.6429,11.681987,326.3099,0.0,79.0,2.0
2019-05-28 20:00:00+00:00,27.6,91.286285,1005.7431,11.792404,328.73633,0.0,54.0,2.0
2019-05-28 21:00:00+00:00,27.2,93.174095,1005.04266,10.948973,332.5925,0.0,37.0,1.0
2019-05-28 22:00:00+00:00,27.0,93.995804,1004.8425,11.631956,338.19852,0.0,20.0,1.0
2019-05-28 23:00:00+00:00,26.85,93.71114,1004.94214,11.27553,343.3007,0.0,38.0,1.0
2019-05-29 00:00:00+00:00,27.2,90.1842,1005.04266,12.303366,339.44388,0.0,15.0,0.0
2019-05-29 01:00:00+00:00,27.25,89.38721,1005.2426,12.074766,349.69522,0.0,13.0,0.0
2019-05-29 02:00:00+00:00,28.0,87.348885,1005.9436,12.57426,346.75946,0.0,89.0,3.0
2019-05-29 03:00:00+00:00,29.15,80.742615,1006.145,14.003029,342.03076,0.0,37.0,1.0
2019-05-29 04:00:00+00:00,30.6,72.53571,1006.2472,14.904173,322.85324,0.0,37.0,1.0
2019-05-29 05:00:00+00:00,31.7,66.92081,1006.74854,15.941944,295.40768,0.0,96.0,3.0
2019-05-29 06:00:00+00:00,30.9,74.55183,1006.24756,19.70815,279.46225,0.0,61.0,2.0
2019-05-29 07:00:00+00:00,30.75,73.64809,1005.8477,21.218632,284.74362,0.0,55.0,2.0
2019-05-29 08:00:00+00:00,29.45,81.50184,1005.446,22.086521,289.0257,3.1,95.0,63.0
2019-05-29 09:00:00+00:00,27.9,92.11634,1005.3435,18.214718,288.43503,8.0,97.0,65.0
2019-05-29 10:00:00+00:00,26.85,92.33108,1005.242,11.480557,311.18582,9.5,98.0,65.0
2019-05-29 11:00:00+00:00,26.95,93.16187,1005.1424,9.793059,306.02747,1.6,100.0,61.0
2019-05-29 12:00:00+00:00,28.15,84.555534,1005.54376,8.654986,286.92758,2.8,100.0,63.0
2019-05-29 13:00:00+00:00,26.65,91.77238,1006.1412,7.2805495,278.53067,0.6,100.0,53.0
2019-05-29 14:00:00+00:00,26.7,91.77527,1006.641,6.830519,288.43503,0.1,100.0,51.0
2019-05-29 15:00:00+00:00,26.6,92.592415,1007.7405,7.386582,316.9749,0.0,100.0,3.0
2019-05-29 16:00:00+00:00,26.5,93.139755,1007.9402,6.130579,3.3664,0.0,100.0,3.0
2019-05-29 17:00:00+00:00,26.1,91.19303,1008.33923,10.315115,29.248732,0.0,100.0,3.0
2019-05-29 18:00:00+00:00,25.55,92.25947,1007.83887,9.504272,37.30404,0.0,97.0,3.0
2019-05-29 19:00:00+00:00,25.6,91.986,1006.93933,8.557102,22.249071,0.0,85.0,3.0
2019-05-29 20:00:00+00:00,25.5,92.81169,1006.5395,9.605998,12.99463,0.0,89.0,3.0
2019-05-29 21:00:00+00:00,25.75,91.71935,1005.84015,11.183201,3.691312,0.0,51.0,2.0
2019-05-29 22:00:00+00:00,25.45,92.2539,1005.5397,11.165805,1.8475709,0.0,41.0,1.0
2019-05-29 23:00:00+00:00,25.4,91.69865,1005.43976,11.165805,358.15244,0.0,7.0,0.0
2019-05-30 00:00:00+00:00,25.4,93.08533,1005.3398,9.779817,353.6599,0.0,56.0,2.0
2019-05-30 01:00:00+00:00,25.85,91.725266,1005.5403,10.390226,345.9637,0.0,88.0,3.0
2019-05-30 02:00:00+00:00,27.2,88.32555,1005.9423,9.904906,340.9064,0.0,85.0,3.0
2019-05-30 03:00:00+00:00,28.85,81.42772,1006.5445,11.019764,321.63248,0.0,83.0,3.0
2019-05-30 04:00:00+00:00,29.85,75.724525,1006.8457,15.9134655,307.64767,0.0,89.0,3.0
2019-05-30 05:00:00+00:00,30.3,72.918,1006.94666,16.79314,300.96368,0.0,95.0,3.0
2019-05-30 06:00:00+00:00,30.85,71.081726,1006.3475,16.45007,293.1986,0.0,91.0,3.0
2019-05-30 07:00:00+00:00,30.8,72.570076,1005.74774,16.87398,281.07016,0.0,76.0,2.0
2019-05-30 08:00:00+00:00,30.15,75.54626,1004.74725,17.727943,282.9074,0.0,86.0,3.0
2019-05-30 09:00:00+00:00,30.55,74.7168,1004.2481,20.326454,292.93213,0.0,73.0,2.0
2019-05-30 10:00:00+00:00,29.8,77.540764,1003.947,20.073025,302.55,0.2,55.0,51.0
2019-05-30 11:00:00+00:00,29.7,77.06634,1003.5472,18.35647,295.5599,0.1,74.0,51.0
2019-05-30 12:00:00+00:00,29.2,81.22969,1003.9461,12.7279215,278.13,0.5,91.0,53.0
2019-05-30 13:00:00+00:00,28.5,85.60135,1004.4449,9.9571085,282.5288,0.0,94.0,3.0
2019-05-30 14:00:00+00:00,28.3,86.859375,1005.3441,10.308831,282.09473,0.0,94.0,3.0
2019-05-30 15:00:00+00:00,28.25,87.88932,1006.4436,9.3876505,274.39862,0.0,45.0,1.0
2019-05-30 16:00:00+00:00,28.1,88.66041,1007.24304,9.531505,259.1145,0.0,20.0,1.0
2019-05-30 17:00:00+00:00,27.8,88.11253,1007.64246,9.693296,248.19853,0.0,86.0,3.0
2019-05-30 18:00:00+00:00,27.4,89.13321,1007.7418,7.6367526,261.87,0.1,97.0,51.0
2019-05-30 19:00:00+00:00,27.0,90.70836,1007.3414,7.5685663,244.65387,0.2,98.0,51.0
2019-05-30 20:00:00+00:00,26.45,90.94317,1007.1405,11.212135,264.47256,0.4,100.0,51.0
2019-05-30 21:00:00+00:00,25.95,94.512215,1006.34015,5.6920996,251.56496,0.7,98.0,53.0
2019-05-30 22:00:00+00:00,26.1,92.84259,1006.14026,6.5693827,279.46225,0.2,100.0,51.0
2019-05-30 23:00:00+00:00,26.15,93.679375,1006.04065,5.3999996,306.86996,0.2,98.0,51.0
2019-05-31 00:00:00+00:00,26.25,92.02314,1006.1406,11.246759,219.80553,0.1,97.0,51.0
2019-05-31 01:00:00+00:00,26.75,89.61687,1006.64136,10.703569,222.27362,0.2,100.0,51.0
2019-05-31 02:00:00+00:00,27.2,88.853134,1007.54156,9.085988,213.6901,0.3,99.0,51.0
2019-05-31 03:00:00+00:00,28.05,83.79297,1007.9427,8.714677,218.2902,0.1,91.0,51.0
2019-05-31 04:00:00+00:00,29.2,76.53324,1008.24414,8.654987,224.9999,0.1,88.0,51.0
2019-05-31 05:00:00+00:00,29.55,75.00258,1008.24475,11.720751,227.4896,0.2,71.0,51.0
2019-05-31 06:00:00+00:00,29.95,73.514694,1008.0454,11.4862,237.80429,0.1,49.0,51.0
2019-05-31 07:00:00+00:00,30.4,71.64062,1007.34644,13.849477,242.10283,0.2,24.0,51.0
2019-05-31 08:00:00+00:00,30.05,72.875404,1006.5461,15.807239,239.9315,0.3,55.0,51.0
2019-05-31 09:00:00+00:00,29.35,78.87167,1006.0455,14.372974,247.93205,0.5,83.0,53.0
2019-05-31 10:00:00+00:00,28.45,83.58807,1005.44446,13.1041975,249.07542,0.1,74.0,51.0
2019-05-31 11:00:00+00:00,27.95,85.80181,1005.4435,10.829959,254.57777,0.1,100.0,51.0
2019-05-31 12:00:00+00:00,28.95,76.72467,1005.34503,9.931042,223.53127,0.1,74.0,51.0
2019-05-31 13:00:00+00:00,28.3,79.91339,1006.14374,8.707237,240.2552,0.4,91.0,51.0
2019-05-31 14:00:00+00:00,27.9,82.04283,1007.14264,7.208994,272.86234,0.2,72.0,51.0
2019-05-31 15:00:00+00:00,27.6,84.75021,1008.04205,4.802999,282.99463,0.0,61.0,2.0
2019-05-31 16:00:00+00:00,27.35,86.256676,1008.4415,5.1544156,282.09473,0.0,58.0,2.0
2019-05-31 17:00:00+00:00,26.7,89.881,1009.0399,9.565437,289.79895,0.1,33.0,51.0
2019-05-31 18:00:00+00:00,26.35,91.48137,1009.1396,9.021574,298.61035,0.5,91.0,53.0
2019-05-31 19:00:00+00:00,26.2,93.96107,1008.4396,6.9527545,291.25058,0.5,76.0,53.0
2019-05-31 20:00:00+00:00,26.15,93.122536,1007.7399,9.885262,280.49142,0.5,96.0,53.0
2019-05-31 21:00:00+00:00,25.2,98.81552,1007.4385,10.182337,278.13,1.3,100.0,61.0
2019-05-31 22:00:00+00:00,24.9,98.8129,1007.2382,11.770403,293.4287,2.0,100.0,61.0
2019-05-31 23:00:00+00:00,25.45,94.20993,1007.53876,14.021525,299.1974,1.0,100.0,55.0
2019-06-01 00:00:00+00:00,25.15,96.19384,1007.4385,9.255571,346.50424,1.1,100.0,55.0
2019-06-01 01:00:00+00:00,25.05,95.9034,1007.738,8.350138,7.4313188,0.0,11.0,0.0
2019-06-01 02:00:00+00:00,25.6,92.26222,1008.13873,6.830519,18.435053,0.0,40.0,1.0
2019-06-01 03:00:00+00:00,27.3,84.972755,1008.64105,5.8603754,349.3804,0.0,31.0,1.0
2019-06-01 04:00:00+00:00,28.8,76.70204,1008.8432,6.489992,303.6901,0.0,46.0,1.0
2019-06-01 05:00:00+00:00,29.75,72.60627,1008.8448,6.849467,273.01273,0.0,8.0,0.0
2019-06-01 06:00:00+00:00,30.2,70.540924,1008.7455,10.163227,247.06787,0.0,3.0,0.0
2019-06-01 07:00:00+00:00,30.1,71.58753,1008.24567,12.72283,244.8852,0.0,13.0,0.0
2019-06-01 08:00:00+00:00,30.15,72.02615,1007.24615,11.726277,252.1212,0.1,13.0,51.0
2019-06-01 09:00:00+00:00,30.0,74.184395,1006.3461,12.72283,244.8852,0.0,30.0,1.0
2019-06-01 10:00:00+00:00,29.55,76.13081,1005.6459,13.854155,245.43285,0.1,74.0,51.0
2019-06-01 11:00:00+00:00,29.3,76.092354,1005.5457,15.315873,246.44772,0.3,57.0,51.0
2019-06-01 12:00:00+00:00,28.9,76.48772,1005.84485,12.181624,235.84026,0.2,29.0,51.0
2019-06-01 13:00:00+00:00,28.15,81.09794,1006.1435,10.383987,236.3099,0.0,92.0,3.0
2019-06-01 14:00:00+00:00,27.95,82.78775,1007.14264,9.726664,231.009,0.0,88.0,3.0
2019-06-01 15:00:00+00:00,27.9,84.27766,1008.2422,8.654987,224.9999,0.0,82.0,3.0
2019-06-01 16:00:00+00:00,27.5,85.75784,1008.9413,8.891343,238.24055,0.1,52.0,51.0
2019-06-01 17:00:00+00:00,27.3,88.071075,1009.3407,4.68,270.0,0.2,43.0,51.0
2019-06-01 18:00:00+00:00,26.7,91.50255,1009.2398,3.5455887,293.9625,0.1,75.0,51.0
2019-06-01 19:00:00+00:00,26.85,89.62419,1008.84033,2.8799999,270.0,0.2,74.0,51.0
2019-06-01 20:00:00+00:00,26.55,90.13909,1008.3402,7.145796,229.08571,0.4,59.0,51.0
2019-06-01 21:00:00+00:00,26.15,92.292625,1007.6399,9.178235,244.44008,0.7,61.0,53.0
2019-06-01 22:00:00+00:00,25.9,92.55523,1007.53937,12.303366,249.44386,0.4,98.0,51.0
2019-06-01 23:00:00+00:00,25.1,99.109825,1007.4385,4.1046314,254.74483,1.3,89.0,61.0
2019-06-02 00:00:00+00:00,25.4,98.81729,1007.43884,3.7585104,253.30067,0.0,96.0,3.0
2019-06-02 01:00:00+00:00,26.0,92.28434,1007.5396,6.4096174,231.84273,0.5,99.0,53.0
2019-06-02 02:00:00+00:00,26.35,95.37423,1008.63983,7.928177,230.52757,0.8,100.0,53.0
2019-06-02 03:00:00+00:00,26.75,92.325584,1009.0403,2.9024127,262.8751,1.3,96.0,61.0
2019-06-02 04:00:00+00:00,27.7,85.013855,1009.4414,3.8268526,228.81418,0.0,99.0,3.0
2019-06-02 05:00:00+00:00,29.15,75.841934,1009.5435,9.028754,246.50142,0.1,98.0,51.0
2019-06-02 06:00:00+00:00,29.4,74.53106,1009.14404,9.983106,244.35904,0.0,96.0,3.0
2019-06-02 07:00:00+00:00,30.0,71.569824,1008.3453,12.245293,245.69547,0.0,98.0,3.0
2019-06-02 08:00:00+00:00,30.05,71.36456,1007.64557,14.8257065,240.94548,0.4,41.0,51.0
2019-06-02 09:00:00+00:00,29.95,71.34673,1006.646,18.39878,239.42085,1.0,64.0,55.0
2019-06-02 10:00:00+00:00,28.4,81.12944,1005.9442,16.1198,240.57263,0.5,66.0,53.0
2019-06-02 11:00:00+00:00,28.2,83.56027,1005.94385,10.105681,274.08554,0.2,54.0,51.0
2019-06-02 12:00:00+00:00,28.55,80.66572,1005.84424,9.885262,259.50858,1.7,93.0,61.0
2019-06-02 13:00:00+00:00,28.15,81.584175,1006.54333,9.114471,260.9098,0.0,45.0,1.0
2019-06-02 14:00:00+00:00,28.1,80.84938,1007.34296,7.92,270.0,0.0,48.0,1.0
2019-06-02 15:00:00+00:00,28.0,81.80996,1008.24255,9.114471,279.09018,0.0,38.0,1.0
2019-06-02 16:00:00+00:00,27.9,81.79778,1009.24176,8.557102,284.6209,0.0,40.0,1.0
2019-06-02 17:00:00+00:00,27.7,82.75869,1009.4414,6.763786,295.20108,0.0,74.0,2.0
2019-06-02 18:00:00+00:00,27.5,84.486946,1009.24115,7.491114,305.21768,0.0,90.0,3.0
2019-06-02 19:00:00+00:00,26.65,89.342415,1008.74005,5.495161,301.60745,0.1,91.0,51.0
2019-06-02 20:00:00+00:00,25.85,91.45098,1008.339,9.255571,283.49576,0.8,100.0,53.0
2019-06-02 21:00:00+00:00,25.55,93.652,1007.4391,6.763786,295.20108,0.6,76.0,53.0
2019-06-02 22:00:00+00:00,25.5,94.212036,1006.93933,6.9153743,308.65982,0.5,82.0,53.0
2019-06-02 23:00:00+00:00,25.0,99.10916,1007.2382,8.854829,296.56497,0.3,100.0,51.0
2019-06-03 00:00:00+00:00,25.35,95.91232,1007.23895,8.913181,316.63654,1.3,100.0,61.0
2019-06-03 01:00:00+00:00,25.55,93.93271,1007.73895,9.931042,313.53125,0.4,100.0,51.0
2019-06-03 02:00:00+00:00,26.4,92.3064,1008.24005,10.182337,315.0001,0.1,84.0,51.0
2019-06-03 03:00:00+00:00,27.25,88.59298,1008.84094,11.753876,310.0302,0.2,94.0,51.0
2019-06-03 04:00:00+00:00,28.3,80.63357,1009.2424,14.336861,298.49554,0.2,75.0,51.0
2019-06-03 05:00:00+00:00,28.3,81.60266,1009.5422,17.727943,299.1675,0.1,98.0,51.0
2019-06-03 06:00:00+00:00,28.0,81.56564,1009.6419,16.92383,308.08884,0.1,54.0,51.0
2019-06-03 07:00:00+00:00,28.7,77.379616,1009.04315,18.39878,300.57913,0.2,84.0,51.0
2019-06-03 08:00:00+00:00,28.9,76.947174,1008.1438,18.359999,298.0724,0.2,98.0,51.0
2019-06-03 09:00:00+00:00,28.45,79.69471,1006.64386,16.279802,305.0959,0.1,97.0,51.0
2019-06-03 10:00:00+00:00,28.9,77.64089,1005.84485,17.068707,297.64587,0.0,81.0,3.0
2019-06-03 11:00:00+00:00,28.8,78.0921,1005.54474,17.673029,303.36636,0.1,97.0,51.0
2019-06-03 12:00:00+00:00,28.55,79.9466,1005.5444,16.981165,291.1248,0.0,97.0,3.0
2019-06-03 13:00:00+00:00,27.75,84.76585,1006.24286,18.161278,283.7608,0.0,19.0,0.0
2019-06-03 14:00:00+00:00,26.9,85.69896,1007.2411,18.94024,278.74606,0.0,32.0,1.0
2019-06-03 15:00:00+00:00,26.95,85.70389,1007.94116,14.081477,302.47116,0.0,85.0,3.0
2019-06-03 16:00:00+00:00,27.0,85.70878,1008.4409,10.883676,304.21576,0.0,98.0,3.0
2019-06-03 17:00:00+00:00,27.0,86.22346,1008.7408,9.693296,301.32864,0.0,98.0,3.0
2019-06-03 18:00:00+00:00,26.75,87.76237,1008.9403,9.255571,283.49576,0.0,68.0,2.0
2019-06-03 19:00:00+00:00,26.4,89.59126,1008.5399,9.531505,280.88547,0.4,62.0,51.0
2019-06-03 20:00:00+00:00,26.55,88.00852,1007.84045,6.9153743,308.65982,0.2,76.0,51.0
2019-06-03 21:00:00+00:00,25.5,93.36963,1007.3391,6.924738,278.97253,2.1,100.0,61.0
2019-06-03 22:00:00+00:00,24.9,99.4049,1007.03827,4.6800003,292.6199,1.5,99.0,61.0
2019-06-03 23:00:00+00:00,24.9,99.4049,1006.8384,4.829907,296.56497,0.5,99.0,53.0
2019-06-04 00:00:00+00:00,24.6,99.10651,1007.0377,7.729527,332.24155,1.2,100.0,55.0
2019-06-04 01:00:00+00:00,24.8,99.40446,1007.43787,7.754637,338.19852,0.2,91.0,51.0
2019-06-04 02:00:00+00:00,25.7,94.2204,1008.2391,8.049845,333.43503,0.2,98.0,51.0
2019-06-04 03:00:00+00:00,26.65,89.342415,1008.74005,8.373386,334.53668,0.1,60.0,51.0
2019-06-04 04:00:00+00:00,27.9,84.02676,1009.24176,10.315115,299.24872,0.1,94.0,51.0
2019-06-04 05:00:00+00:00,27.85,84.776215,1009.24176,10.739833,283.57043,0.1,83.0,51.0
2019-06-04 06:00:00+00:00,28.65,81.40292,1008.6433,10.464798,273.9451,0.0,58.0,2.0
2019-06-04 07:00:00+00:00,28.35,82.34203,1008.0429,11.966954,254.29129,0.1,93.0,51.0
2019-06-04 08:00:00+00:00,27.95,82.78775,1007.0427,13.910169,259.56256,0.5,94.0,53.0
2019-06-04 09:00:00+00:00,28.05,83.54361,1006.1435,12.620554,266.72958,0.1,62.0,51.0
2019-06-04 10:00:00+00:00,28.5,80.17911,1004.94464,11.966953,276.91113,0.2,43.0,51.0
2019-06-04 11:00:00+00:00,28.2,80.62064,1004.94434,12.682018,276.5197,0.2,39.0,51.0
2019-06-04 12:00:00+00:00,27.8,80.81106,1005.4435,10.144082,242.52565,0.1,38.0,51.0
2019-06-04 13:00:00+00:00,27.15,86.23771,1005.8423,6.9527545,248.74942,0.1,49.0,51.0
2019-06-04 14:00:00+00:00,26.1,89.033585,1006.93994,12.475961,226.16905,0.7,83.0,53.0
2019-06-04 15:00:00+00:00,25.45,93.6474,1007.8386,8.12197,257.19574,0.9,60.0,53.0
2019-06-04 16:00:00+00:00,24.95,98.81331,1008.3377,4.379589,279.46225,0.4,100.0,51.0
2019-06-04 17:00:00+00:00,24.9,99.4049,1008.83746,3.319036,310.60123,1.5,96.0,61.0
2019-06-04 18:00:00+00:00,24.75,99.404205,1008.53735,6.4799995,360.0,0.3,100.0,51.0
2019-06-04 19:00:00+00:00,24.75,97.05206,1007.83765,8.473393,347.73523,0.0,87.0,3.0
2019-06-04 20:00:00+00:00,24.55,96.75676,1006.83777,8.350138,352.5687,0.0,100.0,3.0
2019-06-04 21:00:00+00:00,24.6,96.17844,1006.338,8.707238,352.87506,0.0,100.0,3.0
2019-06-04 22:00:00+00:00,24.6,95.60199,1005.6383,10.30883,24.775122,0.0,98.0,3.0
2019-06-04 23:00:00+00:00,24.45,95.30976,1005.63794,10.594036,9.782338,0.0,89.0,3.0
2019-06-05 00:00:00+00:00,24.85,94.46825,1005.53876,10.239453,10.124612,0.0,91.0,3.0
2019-06-05 01:00:00+00:00,25.2,92.79616,1005.73926,9.0645685,6.842679,0.0,89.0,3.0
2019-06-05 02:00:00+00:00,26.35,89.5876,1006.44086,4.6938252,355.60138,0.0,90.0,3.0
2019-06-05 03:00:00+00:00,27.7,85.52221,1006.8426,4.510787,298.61035,0.0,91.0,3.0
2019-06-05 04:00:00+00:00,28.8,79.030975,1007.5438,7.8625183,285.94547,0.0,89.0,3.0
2019-06-05 05:00:00+00:00,29.35,76.78485,1007.84467,7.5599995,270.0,0.0,87.0,3.0
2019-06-05 06:00:00+00:00,30.0,74.40603,1007.3457,7.5685663,267.27374,0.0,93.0,3.0
2019-06-05 07:00:00+00:00,30.0,74.184395,1006.5461,10.990322,238.39255,0.1,90.0,51.0
2019-06-05 08:00:00+00:00,29.45,78.65137,1005.84576,13.746156,224.9999,0.2,82.0,51.0
2019-06-05 09:00:00+00:00,27.3,89.125595,1005.8423,19.083395,234.21094,4.2,100.0,63.0
2019-06-05 10:00:00+00:00,26.9,89.09508,1005.5419,18.775303,237.52882,1.9,100.0,61.0
2019-06-05 11:00:00+00:00,27.25,88.85703,1005.14264,15.192682,256.29303,0.2,71.0,51.0
2019-06-05 12:00:00+00:00,26.35,93.41008,1005.1414,11.435313,241.8215,3.5,100.0,63.0
2019-06-05 13:00:00+00:00,26.75,90.691925,1005.44196,11.792404,257.66092,0.2,96.0,51.0
2019-06-05 14:00:00+00:00,25.05,99.405594,1006.8384,6.5693827,279.46225,3.1,96.0,63.0
2019-06-05 15:00:00+00:00,25.15,99.11017,1007.4385,5.2416787,285.94547,0.6,97.0,53.0
2019-06-05 16:00:00+00:00,24.95,99.1088,1007.738,5.3517847,340.3461,0.8,100.0,53.0
2019-06-05 17:00:00+00:00,25.3,95.33881,1007.53876,8.825508,11.76827,0.0,100.0,3.0
2019-06-05 18:00:00+00:00,25.0,95.04306,1007.2382,8.647496,2.385899,0.0,100.0,3.0
2019-06-05 19:00:00+00:00,25.0,95.32858,1006.93835,8.825508,11.76827,0.0,100.0,3.0
2019-06-05 20:00:00+00:00,25.2,95.33537,1005.9392,8.669949,4.763556,0.0,99.0,3.0
2019-06-05 21:00:00+00:00,25.1,95.90483,1005.4394,8.647496,2.385899,0.1,100.0,51.0
2019-06-05 22:00:00+00:00,25.3,95.62443,1005.13983,9.793058,342.8972,0.2,100.0,51.0
2019-06-05 23:00:00+00:00,25.3,96.198,1005.43976,10.315115,330.75128,0.2,99.0,51.0
2019-06-06 00:00:00+00:00,25.15,95.619644,1005.73926,8.311245,355.03033,0.2,100.0,51.0
2019-06-06 01:00:00+00:00,25.3,94.486336,1006.1394,6.792466,327.99466,0.0,100.0,3.0
2019-06-06 02:00:00+00:00,26.25,91.475296,1006.9403,6.1094027,315.0001,0.0,99.0,3.0
2019-06-06 03:00:00+00:00,27.3,87.54793,1007.74146,11.298495,292.47946,0.2,94.0,51.0
2019-06-06 04:00:00+00:00,26.45,86.69016,1008.7398,10.464798,266.0549,2.5,97.0,63.0
2019-06-06 05:00:00+00:00,27.5,83.232544,1008.54144,10.538843,277.8532,0.5,95.0,53.0
2019-06-06 06:00:00+00:00,28.0,82.546684,1008.1426,14.759999,270.0,0.1,87.0,51.0
2019-06-06 07:00:00+00:00,28.65,80.91939,1007.34393,11.27553,286.6993,0.0,84.0,3.0
2019-06-06 08:00:00+00:00,29.15,79.07913,1006.44495,13.450708,285.52417,0.1,63.0,51.0
2019-06-06 09:00:00+00:00,29.05,78.361305,1005.74524,15.226764,276.78888,0.0,78.0,2.0
2019-06-06 10:00:00+00:00,28.7,78.78138,1004.945,14.587776,285.75125,0.0,89.0,3.0
2019-06-06 11:00:00+00:00,28.55,79.23308,1004.74475,12.397806,295.82092,0.0,91.0,3.0
2019-06-06 12:00:00+00:00,28.3,80.63357,1005.544,10.805999,271.90912,0.0,93.0,3.0
2019-06-06 13:00:00+00:00,27.75,84.01042,1005.6431,8.28,270.0,0.0,95.0,3.0
2019-06-06 14:00:00+00:00,27.45,86.0092,1006.54236,6.9527545,248.74942,0.0,96.0,3.0
2019-06-06 15:00:00+00:00,26.8,89.35362,1007.2411,10.931203,252.75845,0.1,94.0,51.0
2019-06-06 16:00:00+00:00,26.7,90.68859,1007.9404,9.021574,241.38963,0.1,36.0,51.0
2019-06-06 17:00:00+00:00,26.35,87.203186,1008.1401,11.384199,251.56496,0.6,75.0,53.0
2019-06-06 18:00:00+00:00,26.0,93.393456,1007.8395,7.491114,234.78232,1.5,100.0,61.0
2019-06-06 19:00:00+00:00,25.3,99.11113,1007.53876,9.339208,242.44727,0.4,100.0,51.0
2019-06-06 20:00:00+00:00,24.95,99.1088,1007.33813,11.966954,254.29129,2.8,98.0,63.0
2019-06-06 21:00:00+00:00,25.6,99.11312,1006.6394,1.835647,281.3099,0.6,98.0,53.0
2019-06-06 22:00:00+00:00,25.15,99.40599,1006.0391,1.9386592,21.801476,0.3,92.0,51.0
2019-06-06 23:00:00+00:00,24.75,99.70171,1006.0385,4.198285,59.03632,0.0,99.0,3.0
2019-06-07 00:00:00+00:00,24.95,95.90035,1006.6384,8.209263,37.875053,2.7,100.0,63.0
2019-06-07 01:00:00+00:00,25.55,93.93271,1007.4391,3.5455887,246.0375,0.0,98.0,3.0
2019-06-07 02:00:00+00:00,26.4,93.41247,1007.64026,9.47012,278.74606,0.2,100.0,51.0
2019-06-07 03:00:00+00:00,27.2,88.58897,1007.6415,10.823973,273.814,0.1,99.0,51.0
2019-06-07 04:00:00+00:00,27.65,85.77252,1008.24194,12.245294,271.68463,0.3,98.0,51.0
2019-06-07 05:00:00+00:00,28.75,79.734886,1008.2435,12.6462,265.10098,0.2,92.0,51.0
2019-06-07 06:00:00+00:00,28.95,79.05164,1007.9439,15.978486,255.65063,0.4,92.0,51.0
2019-06-07 07:00:00+00:00,29.35,77.24438,1007.5448,14.84318,255.96373,0.3,62.0,51.0
2019-06-07 08:00:00+00:00,29.3,78.39664,1006.94507,17.193533,250.42677,0.3,77.0,51.0
2019-06-07 09:00:00+00:00,29.25,78.62338,1006.64514,16.965895,252.71841,0.0,91.0,3.0
2019-06-07 10:00:00+00:00,28.65,79.72153,1006.44434,13.896187,253.44284,0.2,92.0,51.0
2019-06-07 11:00:00+00:00,28.05,83.54361,1006.1435,14.007655,244.09354,1.2,98.0,55.0
2019-06-07 12:00:00+00:00,27.2,87.53929,1006.94183,12.074766,259.69522,0.8,99.0,53.0
2019-06-07 13:00:00+00:00,27.7,85.013855,1007.24243,11.966954,254.29129,0.1,78.0,51.0
2019-06-07 14:00:00+00:00,27.7,84.25621,1007.94214,11.91812,244.98314,0.1,85.0,51.0
2019-06-07 15:00:00+00:00,27.3,86.7683,1008.741,12.144331,258.0239,0.2,96.0,51.0
2019-06-07 16:00:00+00:00,26.0,93.67253,1009.73865,10.446206,271.97488,1.9,96.0,61.0
2019-06-07 17:00:00+00:00,26.4,92.58186,1009.9393,8.905908,284.03625,0.1,97.0,51.0
2019-06-07 18:00:00+00:00,25.4,98.81729,1009.9377,6.725354,285.52417,0.2,98.0,51.0
2019-06-07 19:00:00+00:00,25.3,98.52241,1009.33795,11.440978,282.72437,0.4,87.0,51.0
2019-06-07 20:00:00+00:00,25.65,92.81942,1009.0383,8.373386,295.46332,0.7,87.0,53.0
2019-06-07 21:00:00+00:00,24.75,99.107506,1008.2375,5.3517847,317.72638,0.3,95.0,51.0
2019-06-07 22:00:00+00:00,24.65,99.10686,1007.73737,5.04,360.0,0.3,91.0,51.0
2019-06-07 23:00:00+00:00,24.45,99.4029,1007.5371,5.315336,28.30066,0.1,100.0,51.0
2019-06-08 00:00:00+00:00,25.9,94.51026,1006.43994,4.3349743,355.23645,0.1,100.0,51.0
2019-06-08 01:00:00+00:00,26.2,93.124985,1006.8403,4.0249224,10.304792,0.0,100.0,3.0
2019-06-08 02:00:00+00:00,26.5,94.81503,1007.34045,6.1305785,49.76371,0.0,100.0,3.0
2019-06-08 03:00:00+00:00,27.4,91.27397,1008.2416,2.0991426,59.03632,0.0,99.0,3.0
2019-06-08 04:00:00+00:00,28.25,86.34159,1008.74255,9.449572,252.25523,0.2,97.0,51.0
2019-06-08 05:00:00+00:00,29.1,78.837006,1008.44403,13.570615,248.19853,0.0,87.0,3.0
2019-06-08 06:00:00+00:00,29.6,75.68555,1008.0448,16.311613,247.96371,0.1,26.0,51.0
2019-06-08 07:00:00+00:00,29.9,74.16802,1007.4457,17.068707,242.35411,0.3,64.0,51.0
2019-06-08 08:00:00+00:00,29.65,74.7948,1006.9457,17.414474,240.2552,0.1,68.0,51.0
2019-06-08 09:00:00+00:00,29.6,75.23497,1006.3456,18.39878,239.42085,0.5,59.0,53.0
2019-06-08 10:00:00+00:00,29.05,78.59541,1005.84515,16.58346,242.87877,0.2,81.0,51.0
2019-06-08 11:00:00+00:00,28.95,75.13167,1005.84485,16.485485,238.39255,0.6,91.0,53.0
2019-06-08 12:00:00+00:00,27.65,85.26268,1006.24286,12.475961,223.83095,1.6,94.0,61.0
2019-06-08 13:00:00+00:00,27.1,88.05445,1006.64166,11.808878,217.56866,0.1,83.0,51.0
2019-06-08 14:00:00+00:00,26.45,90.13211,1007.8402,15.815435,228.69148,0.7,88.0,53.0
2019-06-08 15:00:00+00:00,26.2,91.745926,1008.53955,10.948973,226.33215,0.4,92.0,51.0
2019-06-08 16:00:00+00:00,25.95,92.83488,1009.13885,13.513193,228.23979,1.3,81.0,61.0
2019-06-08 17:00:00+00:00,25.95,93.670265,1009.2389,12.538134,230.82635,0.6,88.0,53.0
2019-06-08 18:00:00+00:00,25.95,93.950165,1009.4388,10.464797,229.18501,1.4,44.0,61.0
2019-06-08 19:00:00+00:00,25.1,98.52022,1009.3376,13.0447235,242.02061,2.2,100.0,61.0
2019-06-08 20:00:00+00:00,25.9,91.72825,1008.339,13.608762,232.52374,0.8,88.0,53.0
2019-06-08 21:00:00+00:00,25.1,98.81461,1008.2381,15.815435,221.30852,1.7,67.0,61.0
2019-06-08 22:00:00+00:00,25.15,94.48032,1007.9383,14.021525,221.87778,4.6,86.0,63.0
2019-06-08 23:00:00+00:00,25.75,91.71935,1007.3395,14.689588,216.02747,0.4,62.0,51.0
2019-06-09 00:00:00+00:00,24.65,99.10686,1007.43756,9.605998,192.99461,0.4,60.0,51.0
2019-06-09 01:00:00+00:00,25.55,92.81427,1008.13873,11.983188,212.73521,0.8,98.0,53.0
2019-06-09 02:00:00+00:00,26.05,93.67486,1007.8395,8.647496,182.3859,0.6,100.0,53.0
2019-06-09 03:00:00+00:00,26.35,93.68849,1008.1401,11.177405,165.06853,0.1,99.0,51.0
2019-06-09 04:00:00+00:00,27.65,87.3182,1008.4419,12.605142,178.36346,0.2,99.0,51.0
2019-06-09 05:00:00+00:00,29.25,76.31243,1008.74426,16.862455,196.1135,0.4,100.0,51.0
2019-06-09 06:00:00+00:00,28.45,78.98264,1008.44305,20.858265,201.25058,0.3,98.0,51.0
2019-06-09 07:00:00+00:00,28.85,80.944756,1007.84393,16.862455,196.1135,0.6,92.0,53.0
2019-06-09 08:00:00+00:00,29.4,77.71356,1006.94507,14.494192,194.38142,0.4,95.0,51.0
2019-06-09 09:00:00+00:00,28.2,82.324234,1006.6435,18.35647,221.82008,0.8,95.0,53.0
2019-06-09 10:00:00+00:00,27.0,88.83751,1006.34186,24.442913,223.8066,2.2,100.0,61.0
2019-06-09 11:00:00+00:00,26.6,90.952805,1005.8414,16.923828,209.29126,1.3,83.0,61.0
2019-06-09 12:00:00+00:00,25.95,93.11262,1006.8399,19.107151,222.70937,0.3,100.0,51.0
2019-06-09 13:00:00+00:00,26.5,92.03738,1006.9407,12.979984,213.6901,0.7,97.0,53.0
2019-06-09 14:00:00+00:00,25.1,98.52022,1008.1381,18.079027,234.7275,1.3,100.0,61.0
2019-06-09 15:00:00+00:00,24.9,99.10852,1008.93744,19.164717,241.99092,1.6,100.0,61.0
2019-06-09 16:00:00+00:00,24.65,98.515274,1009.0368,16.80857,226.73567,1.6,99.0,61.0
2019-06-09 17:00:00+00:00,26.15,92.56854,1008.83936,10.630672,208.30066,0.3,93.0,51.0
2019-06-09 18:00:00+00:00,25.3,99.11113,1008.7382,10.464797,220.81499,0.4,95.0,51.0
2019-06-09 19:00:00+00:00,25.45,99.40732,1008.1385,9.422101,223.45189,0.2,100.0,51.0
2019-06-09 20:00:00+00:00,25.35,99.11147,1007.43884,10.182337,224.9999,0.6,100.0,53.0
2019-06-09 21:00:00+00:00,25.35,99.11147,1006.8391,11.246759,219.80553,0.5,97.0,53.0
2019-06-09 22:00:00+00:00,25.0,99.10916,1006.6384,18.391737,229.76372,1.5,95.0,61.0
2019-06-09 23:00:00+00:00,24.75,99.107506,1007.038,20.497883,239.38147,1.7,100.0,61.0
2019-06-10 00:00:00+00:00,24.7,98.221306,1007.53784,20.898613,227.79277,2.5,100.0,63.0
2019-06-10 01:00:00+00:00,24.9,98.8129,1007.9379,19.373219,221.98714,5.1,99.0,63.0
2019-06-10 02:00:00+00:00,25.05,98.22595,1008.23773,18.278645,212.12497,3.1,100.0,63.0
2019-06-10 03:00:00+00:00,26.5,90.675415,1008.24005,16.485485,211.60745,0.6,100.0,53.0
2019-06-10 04:00:00+00:00,27.5,87.04543,1008.2416,16.676977,212.6609,0.1,100.0,51.0
2019-06-10 05:00:00+00:00,28.45,81.1357,1007.9433,18.0,216.86998,0.1,99.0,51.0
2019-06-10 06:00:00+00:00,29.05,77.431076,1007.7443,19.862083,226.46873,0.1,100.0,51.0
2019-06-10 07:00:00+00:00,29.25,77.22959,1007.24493,18.837324,224.9999,0.2,98.0,51.0
2019-06-10 08:00:00+00:00,29.25,75.63086,1006.7452,21.203358,229.82083,0.1,92.0,51.0
2019-06-10 09:00:00+00:00,28.1,79.409195,1006.3434,23.617756,232.43134,0.3,87.0,51.0
2019-06-10 10:00:00+00:00,27.5,87.04543,1006.0426,23.847115,241.11351,2.6,99.0,63.0
2019-06-10 11:00:00+00:00,26.55,90.94963,1006.2412,21.603,246.42528,5.8,65.0,63.0
2019-06-10 12:00:00+00:00,25.95,92.55786,1006.74,17.713316,232.43134,5.0,46.0,63.0
2019-06-10 13:00:00+00:00,24.95,98.81331,1008.03784,20.26899,236.59215,4.0,100.0,63.0
2019-06-10 14:00:00+00:00,25.65,92.54187,1008.5386,19.201874,239.589,3.9,100.0,63.0
2019-06-10 15:00:00+00:00,26.05,92.01174,1009.03894,13.324863,231.58191,1.1,100.0,55.0
2019-06-10 16:00:00+00:00,26.45,90.94317,1008.93976,10.948973,226.33215,0.1,100.0,51.0
2019-06-10 17:00:00+00:00,26.55,90.94963,1008.94,13.755579,222.87889,0.5,100.0,53.0
2019-06-10 18:00:00+00:00,26.65,90.68534,1008.74005,14.255272,224.9999,0.2,99.0,51.0
2019-06-10 19:00:00+00:00,26.6,90.68203,1008.3402,16.831684,228.46832,0.5,100.0,53.0
2019-06-10 20:00:00+00:00,25.6,98.81901,1007.93884,16.279802,234.90411,1.5,100.0,61.0
2019-06-10 21:00:00+00:00,25.15,98.22726,1007.63837,19.008545,232.69597,2.5,99.0,63.0
2019-06-10 22:00:00+00:00,25.2,98.52133,1007.2386,15.876775,237.0306,1.0,98.0,55.0
2019-06-10 23:00:00+00:00,25.0,98.519135,1007.13824,14.57889,237.09476,1.7,98.0,61.0
2019-06-11 00:00:00+00:00,26.55,89.870346,1007.04083,15.256526,250.70985,1.3,95.0,61.0
2019-06-11 01:00:00+00:00,26.2,92.571175,1007.7399,14.182355,246.0375,1.0,99.0,55.0
2019-06-11 02:00:00+00:00,26.4,90.12864,1008.8397,15.111424,257.61926,1.7,98.0,61.0
2019-06-11 03:00:00+00:00,26.7,88.81402,1008.94,16.862455,253.8865,1.1,93.0,55.0
2019-06-11 04:00:00+00:00,27.15,89.379776,1009.0409,17.533146,250.82089,0.4,87.0,51.0
2019-06-11 05:00:00+00:00,28.45,80.893974,1008.9429,21.629978,251.56496,0.1,72.0,51.0
2019-06-11 06:00:00+00:00,28.15,85.821266,1008.64233,19.0392,254.64981,0.4,56.0,51.0
2019-06-11 07:00:00+00:00,28.65,85.36313,1007.8437,16.62249,252.3498,0.2,100.0,51.0
2019-06-11 08:00:00+00:00,29.1,81.70071,1007.24457,19.386591,254.93146,0.1,74.0,51.0
2019-06-11 09:00:00+00:00,28.8,82.39534,1006.6442,20.364674,261.87,0.3,73.0,51.0
2019-06-11 10:00:00+00:00,27.35,83.96684,1006.1425,26.042212,264.4471,0.5,66.0,53.0
2019-06-11 11:00:00+00:00,28.0,84.53973,1005.8436,21.605999,259.43903,0.1,43.0,51.0
2019-06-11 12:00:00+00:00,26.5,91.76353,1006.64075,18.751125,266.6982,1.6,66.0,61.0
2019-06-11 13:00:00+00:00,26.9,90.97203,1006.74133,17.163355,260.34018,0.0,97.0,3.0
2019-06-11 14:00:00+00:00,27.15,89.379776,1007.54156,18.64369,259.9921,0.1,93.0,51.0
2019-06-11 15:00:00+00:00,27.25,89.12176,1008.2412,18.861387,256.75946,0.1,97.0,51.0
2019-06-11 16:00:00+00:00,27.45,87.82188,1008.64136,19.242327,252.58194,0.2,96.0,51.0
2019-06-11 17:00:00+00:00,27.25,89.92014,1008.741,20.037485,252.21602,0.2,92.0,51.0
2019-06-11 18:00:00+00:00,26.85,91.239845,1008.44055,18.289274,259.79608,0.2,87.0,51.0
2019-06-11 19:00:00+00:00,26.55,91.493484,1008.14026,18.806337,264.50778,0.4,88.0,51.0
2019-06-11 20:00:00+00:00,26.7,90.41871,1007.5406,16.954432,266.34784,0.4,87.0,51.0
2019-06-11 21:00:00+00:00,26.1,92.28987,1007.23975,20.192118,258.6901,2.7,91.0,63.0
2019-06-11 22:00:00+00:00,25.8,93.94365,1007.0396,17.106628,261.52893,1.7,100.0,61.0
2019-06-11 23:00:00+00:00,26.45,92.860535,1007.2405,16.676977,256.2637,0.3,86.0,51.0
2019-06-12 00:00:00+00:00,24.7,99.40401,1008.1375,17.811815,284.03625,2.9,95.0,63.0
2019-06-12 01:00:00+00:00,24.05,98.80537,1009.0358,15.646544,293.0255,7.5,100.0,63.0
2019-06-12 02:00:00+00:00,24.9,99.10852,1009.73706,15.226764,276.78888,3.0,100.0,63.0
2019-06-12 03:00:00+00:00,25.65,98.52623,1009.73804,11.841756,250.46326,1.2,99.0,55.0
2019-06-12 04:00:00+00:00,27.05,91.2523,1010.04016,15.629972,262.0566,2.0,94.0,61.0
2019-06-12 05:00:00+00:00,26.85,90.15996,1010.33966,20.240196,264.89792,4.1,100.0,63.0
2019-06-12 06:00:00+00:00,27.4,90.19802,1009.34106,16.071491,254.40712,0.9,100.0,53.0
2019-06-12 07:00:00+00:00,27.35,89.394646,1008.4415,17.873554,251.20001,0.2,99.0,51.0
2019-06-12 08:00:00+00:00,28.55,82.857216,1007.44354,20.037485,252.21602,0.5,97.0,53.0
2019-06-12 09:00:00+00:00,28.65,81.64566,1006.8441,19.06301,259.1145,0.1,98.0,51.0
2019-06-12 10:00:00+00:00,28.45,82.84566,1006.1441,19.602652,262.61404,0.1,96.0,51.0
2019-06-12 11:00:00+00:00,28.0,86.83214,1005.9436,18.374111,267.7543,0.2,83.0,51.0
2019-06-12 12:00:00+00:00,27.6,87.83455,1007.1424,18.998314,279.81924,0.6,80.0,53.0
2019-06-12 13:00:00+00:00,27.0,90.17035,1007.64124,19.592731,290.43292,0.1,100.0,51.0
2019-06-12 14:00:00+00:00,26.75,91.50557,1008.44055,20.12461,296.56497,0.1,100.0,51.0
2019-06-12 15:00:00+00:00,26.65,91.77238,1008.6401,16.375053,303.34073,0.2,96.0,51.0
2019-06-12 16:00:00+00:00,26.55,92.58981,1009.13983,16.075521,304.046,0.1,93.0,51.0
2019-06-12 17:00:00+00:00,26.4,93.690765,1009.23956,15.484185,305.53775,0.1,94.0,51.0
2019-06-12 18:00:00+00:00,26.65,92.59511,1009.0399,13.608762,307.47626,0.6,98.0,53.0
2019-06-12 19:00:00+00:00,26.85,92.88096,1008.7404,11.246759,309.8055,0.1,100.0,51.0
2019-06-12 20:00:00+00:00,26.85,92.60564,1007.8408,13.397612,300.69965,0.1,98.0,51.0
2019-06-12 21:00:00+00:00,26.85,92.60564,1007.2411,16.279802,288.03436,0.1,93.0,51.0
2019-06-12 22:00:00+00:00,26.45,92.58445,1007.1405,17.873554,288.8,0.3,90.0,51.0
2019-06-12 23:00:00+00:00,26.2,92.84774,1007.54,18.792551,290.17075,0.7,96.0,53.0
2019-06-13 00:00:00+00:00,24.95,98.51857,1008.6375,18.709612,281.0937,0.2,99.0,51.0
2019-06-13 01:00:00+00:00,26.1,93.6771,1008.7391,16.071491,285.59286,0.8,98.0,53.0
2019-06-13 02:00:00+00:00,26.25,93.127426,1009.739,18.782204,282.17145,1.1,96.0,55.0
2019-06-13 03:00:00+00:00,27.2,91.261566,1009.9405,15.484185,287.5925,0.1,83.0,51.0
2019-06-13 04:00:00+00:00,28.05,86.83669,1010.04175,16.171976,286.8215,0.0,58.0,2.0
2019-06-13 05:00:00+00:00,29.2,80.50956,1010.0433,19.770523,280.49142,0.0,63.0,2.0
2019-06-13 06:00:00+00:00,29.5,79.36244,1009.4442,20.833395,279.95056,0.1,59.0,51.0
2019-06-13 07:00:00+00:00,29.7,77.98839,1009.04474,23.499481,275.2738,0.1,34.0,51.0
2019-06-13 08:00:00+00:00,29.6,77.051476,1008.24475,23.623243,277.88306,0.2,80.0,51.0
2019-06-13 09:00:00+00:00,29.2,80.032555,1007.7443,23.377836,279.75235,0.0,82.0,3.0
2019-06-13 10:00:00+00:00,28.85,81.18591,1006.94434,22.253124,279.30988,0.1,59.0,51.0
2019-06-13 11:00:00+00:00,27.1,88.58099,1007.5413,24.1388,287.3541,1.4,100.0,61.0
2019-06-13 12:00:00+00:00,27.6,86.79572,1007.4423,19.586117,287.1028,0.4,72.0,51.0
2019-06-13 13:00:00+00:00,26.1,91.74001,1008.6391,21.178896,301.79886,0.6,90.0,53.0
2019-06-13 14:00:00+00:00,25.95,93.11262,1009.5387,19.8,306.86996,0.2,96.0,51.0
2019-06-13 15:00:00+00:00,26.0,93.393456,1010.1384,17.31746,316.68463,0.2,65.0,51.0
2019-06-13 16:00:00+00:00,26.0,93.67253,1010.2384,15.856354,320.52756,0.1,97.0,51.0
2019-06-13 17:00:00+00:00,26.1,93.6771,1010.3383,13.53236,331.38962,0.0,100.0,3.0
2019-06-13 18:00:00+00:00,26.0,94.232925,1009.93854,11.113451,335.09525,0.0,100.0,3.0
2019-06-13 19:00:00+00:00,25.7,94.78488,1008.63885,11.384199,341.56494,0.0,100.0,3.0
2019-06-13 20:00:00+00:00,25.5,94.49428,1008.13873,9.531505,349.11453,0.0,100.0,3.0
2019-06-13 21:00:00+00:00,25.4,94.20783,1007.43884,9.36,360.0,0.0,99.0,3.0
2019-06-13 22:00:00+00:00,25.3,94.486336,1007.43884,10.105681,355.91446,0.0,100.0,3.0
2019-06-13 23:00:00+00:00,25.3,94.20363,1007.63873,9.3669195,357.79745,0.1,100.0,51.0
2019-06-14 00:00:00+00:00,25.3,93.921715,1007.1389,7.6367526,8.130019,0.1,100.0,51.0
2019-06-14 01:00:00+00:00,25.55,92.81427,1007.83887,6.87779,6.0089183,0.0,77.0,2.0
2019-06-14 02:00:00+00:00,26.5,89.33114,1008.5399,7.0911775,336.0375,0.1,99.0,51.0
2019-06-14 03:00:00+00:00,27.45,85.75296,1009.0412,9.686609,311.98712,0.3,97.0,51.0
2019-06-14 04:00:00+00:00,27.9,85.28788,1009.5416,14.512064,293.38525,0.2,92.0,51.0
2019-06-14 05:00:00+00:00,28.25,85.57669,1009.64215,14.48972,296.56497,0.2,39.0,51.0
2019-06-14 06:00:00+00:00,28.65,85.11075,1009.24304,14.707222,291.54105,0.3,53.0,51.0
2019-06-14 07:00:00+00:00,28.4,86.100296,1008.9429,16.454008,280.08054,0.2,100.0,51.0
2019-06-14 08:00:00+00:00,27.3,92.08263,1008.5411,15.315873,293.55228,3.2,81.0,63.0
2019-06-14 09:00:00+00:00,27.35,88.337746,1007.84174,17.76081,287.7005,0.3,100.0,51.0
2019-06-14 10:00:00+00:00,27.4,87.03648,1006.9422,14.934577,285.3763,0.2,76.0,51.0
2019-06-14 11:00:00+00:00,27.25,87.022995,1006.94183,17.193533,289.5732,0.4,100.0,51.0
2019-06-14 12:00:00+00:00,27.9,85.796936,1006.6429,15.596767,288.85324,1.2,71.0,55.0
2019-06-14 13:00:00+00:00,27.1,88.84534,1007.24146,15.141414,288.00424,0.1,98.0,51.0
2019-06-14 14:00:00+00:00,27.1,89.37603,1008.141,13.237039,292.3802,0.1,94.0,51.0
2019-06-14 15:00:00+00:00,26.75,89.61687,1009.1402,14.512064,293.38525,0.4,90.0,51.0
2019-06-14 16:00:00+00:00,26.6,91.769394,1009.83954,11.269782,296.56497,0.2,96.0,51.0
2019-06-14 17:00:00+00:00,26.3,92.300934,1010.3387,14.039999,292.6199,0.2,96.0,51.0
2019-06-14 18:00:00+00:00,26.2,93.40294,1010.1388,13.104198,307.18478,0.1,44.0,51.0
2019-06-14 19:00:00+00:00,26.05,93.395836,1009.4388,15.315873,299.57773,0.2,98.0,51.0
2019-06-14 20:00:00+00:00,26.2,92.84774,1008.63947,15.683774,301.86594,0.4,96.0,51.0
2019-06-14 21:00:00+00:00,25.8,93.10521,1008.2391,18.581022,305.53775,0.7,96.0,53.0
2019-06-14 22:00:00+00:00,25.65,94.5003,1007.83887,14.4,306.86996,0.4,98.0,51.0
2019-06-14 23:00:00+00:00,25.4,94.77355,1008.1385,16.299694,300.52963,1.3,93.0,61.0
2019-06-15 00:00:00+00:00,25.6,93.93485,1008.13873,14.77755,304.07724,0.5,97.0,53.0
2019-06-15 01:00:00+00:00,26.05,93.954575,1008.4392,12.387348,305.53775,0.4,98.0,51.0
2019-06-15 02:00:00+00:00,26.4,93.690765,1009.1396,12.413477,299.5387,0.5,97.0,53.0
2019-06-15 03:00:00+00:00,27.0,92.88859,1009.94025,11.885453,305.13428,0.1,53.0,51.0
2019-06-15 04:00:00+00:00,28.05,88.13317,1010.04175,9.449572,310.36444,0.3,75.0,51.0
2019-06-15 05:00:00+00:00,27.85,88.3783,1010.1413,13.53236,298.61035,0.4,29.0,51.0
2019-06-15 06:00:00+00:00,27.9,85.54208,1009.3417,15.7908325,294.22772,0.1,42.0,51.0
2019-06-15 07:00:00+00:00,28.55,85.35312,1008.7429,14.973577,297.18103,0.3,50.0,51.0
2019-06-15 08:00:00+00:00,27.4,87.55657,1008.4415,19.694992,300.7841,0.4,63.0,51.0
2019-06-15 09:00:00+00:00,28.05,86.06685,1007.8427,20.140705,298.85556,0.3,53.0,51.0
2019-06-15 10:00:00+00:00,27.55,86.27562,1007.54193,18.79255,306.43094,0.2,72.0,51.0
2019-06-15 11:00:00+00:00,27.7,83.754425,1007.7422,20.304129,307.07315,0.7,76.0,53.0
2019-06-15 12:00:00+00:00,27.85,85.029205,1007.2427,17.174677,303.02386,1.1,37.0,55.0
2019-06-15 13:00:00+00:00,26.45,90.40176,1008.0401,15.778516,304.7779,0.4,67.0,51.0
2019-06-15 14:00:00+00:00,26.5,91.49045,1008.7398,10.514218,321.9529,0.0,11.0,0.0
2019-06-15 15:00:00+00:00,26.3,92.026,1009.739,14.264361,312.9546,0.1,50.0,51.0
2019-06-15 16:00:00+00:00,26.2,92.29539,1009.9389,14.512064,313.995,0.1,92.0,51.0
2019-06-15 17:00:00+00:00,26.1,92.56586,1010.3383,14.05845,309.8055,0.1,22.0,51.0
2019-06-15 18:00:00+00:00,25.95,93.11262,1010.3383,14.773164,313.0251,0.2,74.0,51.0
2019-06-15 19:00:00+00:00,25.8,93.66344,1009.7384,15.496736,329.2646,0.1,27.0,51.0
2019-06-15 20:00:00+00:00,25.7,94.78488,1009.1386,15.349684,320.7106,0.0,22.0,1.0
2019-06-15 21:00:00+00:00,25.65,94.78302,1008.5386,15.1884165,328.5705,0.1,28.0,51.0
2019-06-15 22:00:00+00:00,25.35,95.91232,1008.3384,14.33234,334.72232,0.0,51.0,2.0
2019-06-15 23:00:00+00:00,25.25,95.90932,1008.3381,14.84318,337.1663,0.0,63.0,2.0
2019-06-16 00:00:00+00:00,25.6,94.49828,1008.83844,14.693999,329.03632,0.0,63.0,2.0
2019-06-16 01:00:00+00:00,25.75,93.38156,1009.33856,16.179987,327.72437,0.1,48.0,51.0
2019-06-16 02:00:00+00:00,26.45,90.13211,1009.63934,16.1198,336.29733,0.0,49.0,1.0
2019-06-16 03:00:00+00:00,27.45,84.22936,1010.24066,17.595861,329.23734,0.0,61.0,2.0
2019-06-16 04:00:00+00:00,28.3,80.63357,1010.1419,18.218275,322.22424,0.0,79.0,2.0
2019-06-16 05:00:00+00:00,29.25,76.54083,1010.04364,18.089775,317.41956,0.0,84.0,3.0
2019-06-16 06:00:00+00:00,30.1,72.01742,1009.5451,18.875126,304.90256,0.0,85.0,3.0
2019-06-16 07:00:00+00:00,30.15,72.458176,1008.9454,20.188908,291.99118,0.0,94.0,3.0
2019-06-16 08:00:00+00:00,29.65,75.69335,1008.34503,20.49156,288.43503,0.0,93.0,3.0
2019-06-16 09:00:00+00:00,29.35,77.47503,1007.6447,20.724247,287.176,0.0,95.0,3.0
2019-06-16 10:00:00+00:00,29.1,78.837006,1007.3445,20.948164,289.0578,0.1,100.0,51.0
2019-06-16 11:00:00+00:00,28.9,78.80925,1007.3441,20.730501,290.3232,0.0,85.0,3.0
2019-06-16 12:00:00+00:00,28.25,82.3302,1007.4432,17.917007,292.4428,0.0,90.0,3.0
2019-06-16 13:00:00+00:00,27.8,83.018135,1008.44214,15.941944,295.40768,0.0,100.0,3.0
2019-06-16 14:00:00+00:00,27.55,84.74505,1009.541,15.94601,298.30066,0.0,99.0,3.0
2019-06-16 15:00:00+00:00,27.5,85.24749,1010.0408,14.81259,295.94223,0.0,92.0,3.0
2019-06-16 16:00:00+00:00,27.45,85.49736,1010.34064,14.168641,297.21603,0.0,88.0,3.0
2019-06-16 17:00:00+00:00,27.15,87.274155,1010.3403,12.682018,304.59235,0.0,71.0,2.0
2019-06-16 18:00:00+00:00,26.9,89.09508,1010.43964,12.599998,306.86996,0.0,84.0,3.0
2019-06-16 19:00:00+00:00,26.5,91.49045,1009.8393,14.113652,307.74686,0.2,95.0,51.0
2019-06-16 20:00:00+00:00,25.75,89.81293,1010.03827,24.819122,293.9625,1.0,89.0,55.0
2019-06-16 21:00:00+00:00,25.95,92.83488,1008.7391,16.299694,316.7899,0.3,73.0,51.0
2019-06-16 22:00:00+00:00,25.65,94.78302,1008.43866,14.84318,320.90613,0.1,90.0,51.0
2019-06-16 23:00:00+00:00,25.75,94.50426,1008.8388,14.277983,326.3099,0.1,96.0,51.0
2019-06-17 00:00:00+00:00,25.9,93.38872,1009.23865,15.408671,322.59457,0.2,100.0,51.0
2019-06-17 01:00:00+00:00,26.1,93.39822,1009.2389,12.641076,340.0168,0.1,73.0,51.0
2019-06-17 02:00:00+00:00,26.8,90.15647,1009.54004,15.315873,330.42227,0.1,76.0,51.0
2019-06-17 03:00:00+00:00,27.55,86.018875,1010.1407,18.59845,317.35333,0.3,95.0,51.0
2019-06-17 04:00:00+00:00,28.8,79.74163,1010.5425,17.654688,309.20718,0.3,95.0,51.0
2019-06-17 05:00:00+00:00,29.15,78.6094,1010.4431,20.316889,299.74478,0.7,95.0,53.0
2019-06-17 06:00:00+00:00,28.6,83.356834,1010.14264,23.584808,301.26367,0.1,97.0,51.0
2019-06-17 07:00:00+00:00,29.15,78.6094,1009.24365,19.969458,303.9766,0.0,98.0,3.0
2019-06-17 08:00:00+00:00,29.45,77.72077,1008.54456,21.2522,296.13095,0.0,99.0,3.0
2019-06-17 09:00:00+00:00,29.1,79.07227,1007.9443,23.469128,290.659,0.2,97.0,51.0
2019-06-17 10:00:00+00:00,26.85,89.8917,1008.7404,28.696312,289.79898,4.6,95.0,63.0
2019-06-17 11:00:00+00:00,27.25,87.28298,1007.6415,20.150354,318.62158,0.3,92.0,51.0
2019-06-17 12:00:00+00:00,28.0,84.53973,1007.9427,18.0,306.86996,0.1,77.0,51.0
2019-06-17 13:00:00+00:00,27.55,87.049965,1008.1416,15.408671,307.40543,0.0,96.0,3.0
2019-06-17 14:00:00+00:00,27.25,87.8049,1009.1408,16.595179,310.60123,0.0,94.0,3.0
2019-06-17 15:00:00+00:00,27.05,89.10654,1009.94025,14.255272,315.0001,0.0,96.0,3.0
2019-06-17 16:00:00+00:00,26.8,90.42552,1010.23975,13.324863,321.5819,0.0,94.0,3.0
2019-06-17 17:00:00+00:00,26.65,91.227455,1010.4393,12.413477,330.4613,0.0,95.0,3.0
2019-06-17 18:00:00+00:00,26.35,92.30365,1010.33905,10.365251,339.6768,0.0,98.0,3.0
2019-06-17 19:00:00+00:00,26.0,93.67253,1009.73865,11.113451,335.09525,0.0,99.0,3.0
2019-06-17 20:00:00+00:00,25.75,95.07002,1009.0387,12.682018,325.40765,0.2,99.0,51.0
2019-06-17 21:00:00+00:00,25.75,94.50426,1008.53894,15.9134655,307.64767,0.4,99.0,51.0
2019-06-17 22:00:00+00:00,25.55,93.652,1009.0383,17.906157,300.17343,1.5,100.0,61.0
2019-06-17 23:00:00+00:00,25.7,93.65885,1008.63885,16.08761,319.53784,0.2,99.0,51.0
2019-06-18 00:00:00+00:00,25.3,95.33881,1008.4384,12.819235,321.8427,0.1,100.0,51.0
2019-06-18 01:00:00+00:00,25.65,94.21831,1008.73846,14.05845,320.1945,0.5,100.0,53.0
2019-06-18 02:00:00+00:00,26.05,93.395836,1009.5387,14.982228,324.78232,0.5,100.0,53.0
2019-06-18 03:00:00+00:00,26.95,89.6315,1009.6403,15.782622,315.0001,0.1,99.0,51.0
2019-06-18 04:00:00+00:00,27.8,85.024086,1010.0414,16.055355,312.27362,0.1,99.0,51.0
2019-06-18 05:00:00+00:00,28.2,84.05924,1009.7421,13.551501,320.38934,0.1,99.0,51.0
2019-06-18 06:00:00+00:00,28.9,81.91927,1009.64307,14.480773,304.8754,0.0,98.0,3.0
2019-06-18 07:00:00+00:00,28.8,80.938446,1008.7433,16.279802,305.0959,0.1,98.0,51.0
2019-06-18 08:00:00+00:00,29.0,78.120674,1008.1438,19.486609,295.14474,0.3,99.0,51.0
2019-06-18 09:00:00+00:00,28.15,85.05985,1007.6428,21.096123,295.2531,0.5,98.0,53.0
2019-06-18 10:00:00+00:00,27.7,85.013855,1007.24243,22.553936,298.61035,0.1,97.0,51.0
2019-06-18 11:00:00+00:00,27.65,84.50282,1007.1424,20.26899,303.40784,0.2,96.0,51.0
2019-06-18 12:00:00+00:00,28.2,81.346954,1006.8434,18.278645,302.12497,0.6,98.0,53.0
2019-06-18 13:00:00+00:00,27.5,83.9832,1007.54193,15.281989,313.09085,0.1,98.0,51.0
2019-06-18 14:00:00+00:00,27.2,85.21713,1008.14124,15.530151,314.06088,0.1,98.0,51.0
2019-06-18 15:00:00+00:00,26.8,86.722435,1008.9403,13.755579,317.1211,0.1,98.0,51.0
2019-06-18 16:00:00+00:00,26.45,89.06055,1009.4395,11.808878,322.43134,0.1,97.0,51.0
2019-06-18 17:00:00+00:00,25.9,91.180534,1009.9383,14.113652,322.25314,0.2,97.0,51.0
2019-06-18 18:00:00+00:00,25.7,92.26777,1009.9383,11.503113,339.8636,0.3,92.0,51.0
2019-06-18 19:00:00+00:00,25.75,91.9946,1009.1386,12.031756,321.07245,0.3,91.0,51.0
2019-06-18 20:00:00+00:00,25.6,92.816864,1008.43866,12.261157,319.7637,0.2,90.0,51.0
2019-06-18 21:00:00+00:00,25.65,91.43877,1007.73895,15.530151,315.9391,0.6,100.0,53.0
2019-06-18 22:00:00+00:00,25.3,93.640526,1007.43884,16.363178,320.35587,0.6,98.0,53.0
2019-06-18 23:00:00+00:00,25.2,94.48231,1007.2386,17.57744,325.0079,0.1,89.0,51.0
2019-06-19 00:00:00+00:00,25.05,94.19312,1006.5385,16.267857,335.13632,0.1,58.0,51.0
2019-06-19 01:00:00+00:00,25.05,94.47632,1007.03827,15.484185,324.46225,0.1,97.0,51.0
2019-06-19 02:00:00+00:00,25.9,92.27882,1007.3395,13.53236,331.38962,0.1,48.0,51.0
2019-06-19 03:00:00+00:00,26.7,89.07973,1008.14026,15.281989,316.90915,0.1,80.0,51.0
2019-06-19 04:00:00+00:00,27.15,88.84922,1008.14124,15.856354,309.47244,0.0,90.0,3.0
2019-06-19 05:00:00+00:00,27.4,87.03648,1008.2416,20.304129,307.07315,0.1,90.0,51.0
2019-06-19 06:00:00+00:00,27.6,84.75021,1008.24194,19.272614,302.79953,0.1,72.0,51.0
2019-06-19 07:00:00+00:00,27.9,83.02962,1007.9423,20.63023,299.24872,0.0,60.0,2.0
2019-06-19 08:00:00+00:00,27.5,84.993324,1007.54193,22.553934,294.51962,0.1,58.0,51.0
2019-06-19 09:00:00+00:00,27.85,83.02386,1006.74286,19.386593,301.32864,0.1,48.0,51.0
2019-06-19 10:00:00+00:00,27.45,83.977776,1006.6423,23.667091,296.17523,0.3,95.0,51.0
2019-06-19 11:00:00+00:00,26.85,87.24759,1006.2416,20.288164,297.47433,0.4,90.0,51.0
2019-06-19 12:00:00+00:00,27.35,84.218636,1006.34247,21.734581,296.56497,0.3,81.0,51.0
2019-06-19 13:00:00+00:00,26.6,89.07205,1006.8409,18.532133,294.0755,0.0,100.0,3.0
2019-06-19 14:00:00+00:00,26.6,88.0127,1007.84045,19.969458,297.95087,0.0,94.0,3.0
2019-06-19 15:00:00+00:00,26.2,90.384766,1008.3396,20.00512,300.25635,0.2,98.0,51.0
2019-06-19 16:00:00+00:00,26.25,91.202446,1008.73944,17.377226,309.9575,0.0,94.0,3.0
2019-06-19 17:00:00+00:00,26.0,90.64231,1009.4388,20.240198,308.50067,0.5,97.0,53.0
2019-06-19 18:00:00+00:00,25.75,92.27051,1009.43854,18.35647,311.82007,0.5,100.0,53.0
2019-06-19 19:00:00+00:00,25.6,93.65428,1009.13824,18.584509,314.21527,0.2,99.0,51.0
2019-06-19 20:00:00+00:00,25.55,91.98313,1008.83844,19.09358,315.7638,0.8,99.0,53.0
2019-06-19 21:00:00+00:00,25.15,93.91512,1008.43805,19.64228,311.2846,1.2,100.0,55.0
2019-06-19 22:00:00+00:00,25.15,93.91512,1007.83826,17.339897,318.36655,0.2,99.0,51.0
2019-06-19 23:00:00+00:00,25.05,94.76022,1007.9379,17.610588,319.1447,0.1,99.0,51.0
2019-06-20 00:00:00+00:00,25.0,94.75831,1007.738,17.477621,327.61935,0.2,98.0,51.0
2019-06-20 01:00:00+00:00,24.95,95.04126,1008.13776,13.661038,341.56494,0.0,100.0,3.0
2019-06-20 02:00:00+00:00,25.35,92.248344,1008.8382,15.315873,330.42227,0.3,100.0,51.0
2019-06-20 03:00:00+00:00,26.0,92.00889,1009.6387,17.377226,320.0425,0.6,98.0,53.0
2019-06-20 04:00:00+00:00,27.1,87.53062,1009.7403,16.548256,314.11868,0.1,97.0,51.0
2019-06-20 05:00:00+00:00,27.7,84.76063,1010.04114,21.485697,301.29297,0.2,97.0,51.0
2019-06-20 06:00:00+00:00,27.55,83.9887,1009.24115,23.166218,302.94922,0.3,98.0,51.0
2019-06-20 07:00:00+00:00,28.25,83.565865,1008.6426,22.97522,305.4334,0.4,99.0,51.0
2019-06-20 08:00:00+00:00,27.1,84.95218,1008.4409,26.36616,304.9921,0.3,99.0,51.0
2019-06-20 09:00:00+00:00,27.05,87.78795,1007.8412,23.277834,301.72354,0.2,100.0,51.0
2019-06-20 10:00:00+00:00,26.5,88.26828,1007.2405,22.89611,306.68982,0.5,99.0,53.0
2019-06-20 11:00:00+00:00,25.9,88.48464,1006.9397,23.977188,311.3477,0.2,97.0,51.0
2019-06-20 12:00:00+00:00,26.15,89.5729,1006.54047,22.17144,302.3998,0.3,97.0,51.0
2019-06-20 13:00:00+00:00,25.85,92.00032,1006.8397,20.00512,300.25635,0.3,94.0,51.0
2019-06-20 14:00:00+00:00,25.6,91.71048,1007.639,25.460936,303.4654,0.3,78.0,51.0
2019-06-20 15:00:00+00:00,25.35,91.971634,1008.63824,21.385939,306.09836,0.6,92.0,53.0
2019-06-20 16:00:00+00:00,25.5,93.09027,1008.9384,19.881649,312.06424,0.1,97.0,51.0
2019-06-20 17:00:00+00:00,25.7,90.8948,1009.23865,19.862083,313.53125,0.2,97.0,51.0
2019-06-20 18:00:00+00:00,25.45,93.36721,1008.9382,20.421871,310.71075,0.4,100.0,51.0
2019-06-20 19:00:00+00:00,25.6,92.26222,1008.6385,20.12461,312.82523,0.1,96.0,51.0
2019-06-20 20:00:00+00:00,25.4,93.6451,1007.8386,20.746122,308.65982,0.4,99.0,51.0
2019-06-20 21:00:00+00:00,25.25,93.919495,1007.2386,19.64228,311.2846,0.2,99.0,51.0
2019-06-20 22:00:00+00:00,25.0,94.474266,1007.2382,21.897945,313.66785,0.6,99.0,53.0
2019-06-20 23:00:00+00:00,24.8,94.18256,1007.138,16.595179,319.39877,0.4,99.0,51.0
2019-06-21 00:00:00+00:00,24.95,94.472275,1007.03827,18.11841,319.02835,0.2,100.0,51.0
2019-06-21 01:00:00+00:00,25.05,92.788376,1007.738,20.633371,312.8789,0.4,99.0,51.0
2019-06-21 02:00:00+00:00,25.65,92.264984,1008.43866,18.440998,308.65982,0.3,98.0,51.0
2019-06-21 03:00:00+00:00,26.35,91.208694,1008.93976,16.548256,314.11868,0.1,99.0,51.0
2019-06-21 04:00:00+00:00,26.7,89.346115,1009.0399,18.391737,310.23627,0.0,100.0,3.0
2019-06-21 05:00:00+00:00,27.45,84.48166,1009.1412,21.385939,306.09836,0.1,99.0,51.0
2019-06-21 06:00:00+00:00,27.25,87.022995,1008.64105,23.469128,302.47116,0.3,99.0,51.0
2019-06-21 07:00:00+00:00,28.15,82.5643,1008.24255,22.288042,301.1224,0.1,100.0,51.0
2019-06-21 08:00:00+00:00,27.8,82.77034,1007.64246,23.893261,300.81564,0.2,100.0,51.0
2019-06-21 09:00:00+00:00,27.85,81.79165,1006.74286,24.633049,296.93945,0.2,100.0,51.0
2019-06-21 10:00:00+00:00,26.95,85.19176,1006.2419,28.337282,297.21603,0.8,99.0,53.0
2019-06-21 11:00:00+00:00,26.45,91.21492,1006.3409,25.318008,299.84583,0.5,99.0,53.0
2019-06-21 12:00:00+00:00,26.5,89.06436,1006.54083,20.26899,303.40784,0.1,99.0,51.0
2019-06-21 13:00:00+00:00,26.25,89.848854,1006.8403,18.278645,302.12497,0.4,100.0,51.0
2019-06-21 14:00:00+00:00,25.35,91.420395,1008.0386,25.006397,300.25635,1.2,100.0,55.0
2019-06-21 15:00:00+00:00,25.3,93.080345,1008.7382,21.120682,299.62366,1.7,100.0,61.0
2019-06-21 16:00:00+00:00,25.45,92.53112,1009.0381,22.057161,296.1468,0.7,100.0,53.0
2019-06-21 17:00:00+00:00,25.5,91.15535,1009.3382,24.023088,299.63828,0.6,100.0,53.0
2019-06-21 18:00:00+00:00,25.2,91.96298,1009.43756,24.826954,299.5387,1.5,100.0,61.0
2019-06-21 19:00:00+00:00,25.35,93.92388,1008.1385,19.33639,298.9509,0.1,100.0,51.0
2019-06-21 20:00:00+00:00,25.4,92.25111,1007.53876,21.868332,302.90524,0.4,100.0,51.0
2019-06-21 21:00:00+00:00,24.45,98.21801,1007.03735,24.826954,299.5387,0.7,100.0,53.0
2019-06-21 22:00:00+00:00,24.25,98.51087,1006.83716,24.33664,299.21915,1.0,100.0,55.0
2019-06-21 23:00:00+00:00,25.0,93.34564,1006.73846,24.26998,302.2756,0.5,98.0,53.0
2019-06-22 00:00:00+00:00,25.25,92.79875,1006.83875,20.364674,315.0001,0.3,97.0,51.0
2019-06-22 01:00:00+00:00,24.5,98.513626,1007.2376,21.817902,307.6263,0.7,100.0,53.0
2019-06-22 02:00:00+00:00,25.45,91.42653,1008.1385,19.174856,309.66782,0.6,100.0,53.0
2019-06-22 03:00:00+00:00,25.9,93.66799,1008.53894,17.429354,308.2902,1.3,100.0,61.0
2019-06-22 04:00:00+00:00,26.15,94.801895,1008.9394,16.199999,306.86996,0.8,100.0,53.0
2019-06-22 05:00:00+00:00,26.6,91.22428,1008.94,22.565422,303.94363,1.1,100.0,55.0
2019-06-22 06:00:00+00:00,26.5,89.59858,1008.43994,23.993399,297.7184,0.6,100.0,53.0
2019-06-22 07:00:00+00:00,26.8,88.55705,1008.1406,25.294964,294.37646,0.1,100.0,51.0
2019-06-22 08:00:00+00:00,26.7,86.19488,1007.5406,27.86921,298.5513,0.3,97.0,51.0
2019-06-22 09:00:00+00:00,26.2,91.47226,1006.74036,26.459387,303.9063,0.2,97.0,51.0
2019-06-22 10:00:00+00:00,26.7,87.49587,1005.8414,22.771244,309.22565,0.1,100.0,51.0
2019-06-22 11:00:00+00:00,26.45,87.21209,1005.8411,22.691423,311.78442,0.2,100.0,51.0
2019-06-22 12:00:00+00:00,25.8,92.54989,1006.6398,20.371038,313.56796,0.2,94.0,51.0
2019-06-22 13:00:00+00:00,25.45,93.92827,1006.73914,17.935081,321.51978,1.0,98.0,55.0
2019-06-22 14:00:00+00:00,25.35,94.48828,1007.039,14.618837,322.00122,0.1,100.0,51.0
2019-06-22 15:00:00+00:00,25.35,94.48828,1007.7387,15.077082,326.68936,0.1,100.0,51.0
2019-06-22 16:00:00+00:00,25.15,94.197334,1008.2381,15.546833,317.8156,0.4,100.0,51.0
2019-06-22 17:00:00+00:00,24.4,99.1052,1008.5366,17.654688,309.20718,1.3,100.0,61.0
2019-06-22 18:00:00+00:00,25.2,94.19943,1008.2381,16.575644,304.3804,0.4,97.0,51.0
2019-06-22 19:00:00+00:00,25.3,93.640526,1007.8386,18.532135,299.0545,0.6,100.0,53.0
2019-06-22 20:00:00+00:00,25.15,94.48032,1007.03864,16.923828,299.29126,0.5,99.0,53.0
2019-06-22 21:00:00+00:00,25.2,93.63592,1006.43896,16.1198,293.70264,0.3,98.0,51.0
2019-06-22 22:00:00+00:00,24.45,98.8089,1005.8379,19.353138,288.43503,0.8,100.0,53.0
2019-06-22 23:00:00+00:00,25.35,92.52574,1005.7396,18.193361,297.072,0.2,98.0,51.0
2019-06-23 00:00:00+00:00,24.6,98.8102,1006.13806,11.298495,292.47946,0.8,100.0,53.0
2019-06-23 01:00:00+00:00,24.5,98.80932,1006.5379,12.768586,291.5015,1.3,93.0,61.0
2019-06-23 02:00:00+00:00,25.6,94.216225,1007.03925,13.661038,288.43503,0.4,100.0,51.0
2019-06-23 03:00:00+00:00,26.2,92.84774,1007.54,13.708391,283.67133,1.2,100.0,55.0
2019-06-23 04:00:00+00:00,26.35,91.75473,1007.7403,17.418196,288.06055,1.8,100.0,61.0
2019-06-23 05:00:00+00:00,27.1,88.84534,1007.8412,17.31746,290.69553,0.5,90.0,53.0
2019-06-23 06:00:00+00:00,27.1,89.37603,1007.4414,16.78156,292.71445,1.2,99.0,55.0
2019-06-23 07:00:00+00:00,27.65,84.75545,1007.0425,19.809813,289.0936,0.2,100.0,51.0
2019-06-23 08:00:00+00:00,27.55,85.76279,1006.34247,19.995398,293.33405,0.2,96.0,51.0
2019-06-23 09:00:00+00:00,27.3,86.5098,1005.7424,20.326454,292.93213,0.3,89.0,51.0
2019-06-23 10:00:00+00:00,26.8,88.82188,1005.142,18.532135,299.0545,0.3,96.0,51.0
2019-06-23 11:00:00+00:00,26.45,88.7944,1005.0415,18.532133,294.0755,0.4,99.0,51.0
2019-06-23 12:00:00+00:00,27.15,88.84922,1004.6428,14.408997,282.99463,0.5,99.0,53.0
2019-06-23 13:00:00+00:00,26.6,89.60592,1005.14166,17.377226,283.17255,0.2,98.0,51.0
2019-06-23 14:00:00+00:00,26.15,90.92385,1005.74084,15.646544,293.0255,0.1,95.0,51.0
2019-06-23 15:00:00+00:00,25.9,92.00319,1006.6398,14.654254,297.824,0.3,67.0,51.0
2019-06-23 16:00:00+00:00,25.8,92.273315,1007.3395,13.905509,291.25058,0.4,100.0,51.0
2019-06-23 17:00:00+00:00,25.8,93.66344,1007.83923,13.202726,281.00348,0.7,100.0,53.0
2019-06-23 18:00:00+00:00,25.05,99.1095,1007.9379,14.934577,285.3763,1.1,100.0,55.0
2019-06-23 19:00:00+00:00,24.95,98.81331,1007.2382,14.587776,285.75125,0.9,100.0,53.0
2019-06-23 20:00:00+00:00,25.55,92.25947,1006.6394,16.516901,286.46008,0.8,86.0,53.0
2019-06-23 21:00:00+00:00,24.6,98.8102,1006.5379,18.057508,293.49857,0.8,95.0,53.0
2019-06-23 22:00:00+00:00,25.1,94.76211,1006.0391,17.072504,294.94388,0.6,85.0,53.0
2019-06-23 23:00:00+00:00,24.55,99.10618,1006.2381,16.09969,296.56497,0.3,100.0,51.0
2019-06-24 00:00:00+00:00,24.7,98.81113,1006.1384,17.418196,288.06055,0.8,92.0,53.0
2019-06-24 01:00:00+00:00,25.45,93.92827,1006.43933,17.654686,286.5874,0.5,82.0,53.0
2019-06-24 02:00:00+00:00,25.6,94.216225,1007.3391,15.646544,293.0255,0.9,79.0,53.0
2019-06-24 03:00:00+00:00,26.15,95.084335,1007.9398,15.137133,295.34613,0.4,86.0,51.0
2019-06-24 04:00:00+00:00,26.2,89.576584,1008.4396,20.65848,292.5431,0.9,79.0,53.0
2019-06-24 05:00:00+00:00,27.5,85.75784,1008.4415,17.873556,297.5972,0.2,88.0,51.0
2019-06-24 06:00:00+00:00,27.65,84.25088,1008.04205,18.514643,296.56497,0.1,75.0,51.0
2019-06-24 07:00:00+00:00,27.9,83.52688,1007.3426,17.555307,298.1415,0.1,74.0,51.0
2019-06-24 08:00:00+00:00,27.35,83.96684,1007.0421,22.288042,301.1224,0.4,65.0,51.0
2019-06-24 09:00:00+00:00,27.8,84.26694,1006.44305,18.0,306.86996,0.1,60.0,51.0
2019-06-24 10:00:00+00:00,27.3,84.46578,1005.9423,19.376562,305.1665,0.2,69.0,51.0
2019-06-24 11:00:00+00:00,26.9,86.73165,1006.0416,20.073025,302.55,0.1,85.0,51.0
2019-06-24 12:00:00+00:00,26.7,88.81402,1005.6414,15.876775,302.96942,0.1,74.0,51.0
2019-06-24 13:00:00+00:00,26.5,90.40514,1006.3409,13.896187,306.57312,0.2,36.0,51.0
2019-06-24 14:00:00+00:00,25.85,92.00032,1007.1395,18.472595,303.07068,0.3,97.0,51.0
2019-06-24 15:00:00+00:00,25.95,92.006,1007.8395,13.324863,308.4181,0.2,68.0,51.0
2019-06-24 16:00:00+00:00,25.65,93.93708,1008.6385,15.876775,302.96942,0.1,44.0,51.0
2019-06-24 17:00:00+00:00,25.8,93.10521,1008.8388,14.186923,305.7068,0.0,27.0,1.0
2019-06-24 18:00:00+00:00,25.65,94.21831,1008.6385,13.891522,301.21835,0.0,50.0,2.0
2019-06-24 19:00:00+00:00,25.5,94.77733,1008.13873,15.856354,309.47244,0.1,96.0,51.0
2019-06-24 20:00:00+00:00,25.65,93.097755,1007.639,15.281989,316.90915,0.0,98.0,3.0
2019-06-24 21:00:00+00:00,25.65,92.81942,1007.3391,15.349684,320.7106,0.0,97.0,3.0
2019-06-24 22:00:00+00:00,25.35,94.48828,1006.8391,14.113652,322.25314,0.1,98.0,51.0
2019-06-24 23:00:00+00:00,25.25,95.052055,1006.9387,12.783802,327.6526,0.1,92.0,51.0
2019-06-25 00:00:00+00:00,25.55,95.06289,1007.03925,11.212135,317.6026,0.2,89.0,51.0
2019-06-25 01:00:00+00:00,25.75,93.38156,1007.7393,11.304229,307.23492,0.3,96.0,51.0
2019-06-25 02:00:00+00:00,26.1,92.84259,1008.2393,14.20062,300.46545,0.2,98.0,51.0
2019-06-25 03:00:00+00:00,26.8,89.888176,1008.7404,12.4811535,303.23172,0.1,48.0,51.0
2019-06-25 04:00:00+00:00,27.3,89.656975,1009.2408,13.70839,299.93143,0.1,100.0,51.0
2019-06-25 05:00:00+00:00,26.7,89.346115,1009.5397,15.256526,289.29013,0.2,98.0,51.0
2019-06-25 06:00:00+00:00,26.95,88.83362,1009.14056,16.520823,281.3099,0.1,92.0,51.0
2019-06-25 07:00:00+00:00,26.95,87.256454,1008.7408,20.265795,282.30798,0.2,91.0,51.0
2019-06-25 08:00:00+00:00,27.5,86.786606,1008.4415,18.11841,290.95584,0.1,99.0,51.0
2019-06-25 09:00:00+00:00,27.1,87.53062,1007.5413,17.58481,292.8906,0.1,100.0,51.0
2019-06-25 10:00:00+00:00,26.85,88.296974,1007.1411,18.35647,295.5599,0.2,100.0,51.0
2019-06-25 11:00:00+00:00,26.95,88.04194,1006.9416,15.629971,298.92633,0.1,99.0,51.0
2019-06-25 12:00:00+00:00,26.7,88.548996,1007.4407,15.256526,289.29013,0.2,98.0,51.0
2019-06-25 13:00:00+00:00,26.1,91.19303,1007.8395,14.007655,295.90643,0.4,92.0,51.0
2019-06-25 14:00:00+00:00,25.8,93.10521,1008.73883,11.681987,303.6901,0.3,88.0,51.0
2019-06-25 15:00:00+00:00,25.75,93.38156,1009.33856,9.726664,308.991,0.2,98.0,51.0
2019-06-25 16:00:00+00:00,25.9,93.11015,1009.6384,10.587918,305.31128,0.3,98.0,51.0
2019-06-25 17:00:00+00:00,25.85,93.94581,1009.8383,11.246759,309.8055,0.3,99.0,51.0
2019-06-25 18:00:00+00:00,25.8,93.94365,1009.9383,12.538134,309.17365,0.2,98.0,51.0
2019-06-25 19:00:00+00:00,25.75,94.222496,1009.23865,12.538134,309.17365,0.4,99.0,51.0
2019-06-25 20:00:00+00:00,25.75,94.78678,1008.73883,12.261157,310.2363,0.3,100.0,51.0
2019-06-25 21:00:00+00:00,25.55,95.63242,1008.3386,11.966954,313.7812,0.2,100.0,51.0
2019-06-25 22:00:00+00:00,25.65,95.06646,1008.0388,13.089354,301.5042,0.1,99.0,51.0
2019-06-25 23:00:00+00:00,25.8,93.94365,1008.2391,13.397612,300.69965,0.3,97.0,51.0
2019-06-26 00:00:00+00:00,25.95,92.006,1007.73956,13.217443,299.35767,0.2,97.0,51.0
2019-06-26 01:00:00+00:00,26.05,92.287125,1008.2393,11.592895,295.76926,0.0,99.0,3.0
2019-06-26 02:00:00+00:00,26.55,90.94963,1008.94,11.841756,289.53674,0.0,100.0,3.0
2019-06-26 03:00:00+00:00,27.25,87.8049,1009.44073,13.797913,285.12405,0.2,99.0,51.0
2019-06-26 04:00:00+00:00,27.75,84.26157,1010.14105,15.893093,283.0919,0.4,98.0,51.0
2019-06-26 05:00:00+00:00,28.05,82.306435,1010.24164,15.893093,283.0919,0.2,98.0,51.0
2019-06-26 06:00:00+00:00,28.55,79.70813,1009.6425,18.057508,274.57382,0.4,89.0,51.0
2019-06-26 07:00:00+00:00,29.3,74.514824,1008.8442,21.24305,270.971,0.3,60.0,51.0
2019-06-26 08:00:00+00:00,29.3,74.069405,1008.2445,21.9718,271.87784,0.1,57.0,51.0
2019-06-26 09:00:00+00:00,29.1,75.155556,1007.64435,20.907913,272.96088,0.1,72.0,51.0
2019-06-26 10:00:00+00:00,28.85,75.79521,1007.0443,22.104116,276.5462,0.1,96.0,51.0
2019-06-26 11:00:00+00:00,28.2,80.13963,1007.04333,19.852295,274.15958,0.4,99.0,51.0
2019-06-26 12:00:00+00:00,27.9,83.02962,1007.64246,18.532133,294.0755,0.2,100.0,51.0
2019-06-26 13:00:00+00:00,27.5,84.486946,1007.44196,16.981165,291.1248,0.0,97.0,3.0
2019-06-26 14:00:00+00:00,27.3,85.22728,1007.9414,16.279802,288.03436,0.0,98.0,3.0
2019-06-26 15:00:00+00:00,27.3,85.22728,1008.5411,16.645864,291.57138,0.0,88.0,3.0
2019-06-26 16:00:00+00:00,27.2,86.242455,1009.2408,16.1198,293.70264,0.0,88.0,3.0
2019-06-26 17:00:00+00:00,27.15,87.01402,1009.44073,15.941944,295.40768,0.0,81.0,3.0
2019-06-26 18:00:00+00:00,26.8,88.82188,1009.2402,15.778518,297.1496,0.1,94.0,51.0
2019-06-26 19:00:00+00:00,26.6,90.14256,1008.83997,16.45007,293.1986,0.1,91.0,51.0
2019-06-26 20:00:00+00:00,26.55,90.40857,1008.14026,16.171976,286.8215,0.3,85.0,51.0
2019-06-26 21:00:00+00:00,26.3,91.47835,1007.7399,14.458382,288.88617,0.4,79.0,51.0
2019-06-26 22:00:00+00:00,26.05,92.840034,1007.4397,12.43434,292.1095,0.5,86.0,53.0
2019-06-26 23:00:00+00:00,25.75,94.50426,1007.53937,13.37825,293.80594,0.7,85.0,53.0
2019-06-27 00:00:00+00:00,24.9,99.4049,1008.03784,11.988594,318.6523,1.3,46.0,61.0
2019-06-27 01:00:00+00:00,25.55,95.63242,1008.2387,13.324863,308.4181,0.8,72.0,53.0
2019-06-27 02:00:00+00:00,26.1,95.36582,1008.939,13.044722,309.40063,0.2,78.0,51.0
2019-06-27 03:00:00+00:00,26.55,94.53601,1009.2398,11.966954,316.2188,0.1,96.0,51.0
2019-06-27 04:00:00+00:00,27.5,90.204926,1009.44104,10.233123,320.7106,0.1,90.0,51.0
2019-06-27 05:00:00+00:00,28.2,88.14551,1009.3423,10.799999,306.86996,0.1,90.0,51.0
2019-06-27 06:00:00+00:00,28.4,82.8399,1008.8429,15.137133,295.34613,0.2,90.0,51.0
2019-06-27 07:00:00+00:00,28.85,78.80227,1008.2438,20.345573,283.29858,0.2,90.0,51.0
2019-06-27 08:00:00+00:00,29.25,76.54083,1007.6447,23.087763,280.78424,0.2,88.0,51.0
2019-06-27 09:00:00+00:00,29.15,75.61519,1006.8447,24.717085,282.61932,0.2,82.0,51.0
2019-06-27 10:00:00+00:00,28.65,77.60444,1006.44434,24.18707,284.6568,0.0,83.0,3.0
2019-06-27 11:00:00+00:00,28.45,78.98264,1006.444,25.045238,288.43503,0.1,89.0,51.0
2019-06-27 12:00:00+00:00,27.95,82.78775,1007.0427,20.620806,286.22028,0.0,89.0,3.0
2019-06-27 13:00:00+00:00,27.3,84.71895,1007.54156,19.592731,290.43292,0.0,22.0,1.0
2019-06-27 14:00:00+00:00,27.25,84.96763,1008.0413,18.057508,293.49857,0.0,14.0,0.0
2019-06-27 15:00:00+00:00,27.35,83.46529,1008.54144,18.837322,296.0753,0.0,9.0,0.0
2019-06-27 16:00:00+00:00,27.15,85.212074,1009.3407,19.164717,298.00906,0.0,18.0,0.0
2019-06-27 17:00:00+00:00,27.05,86.2282,1009.8403,19.33639,298.9509,0.1,30.0,51.0
2019-06-27 18:00:00+00:00,26.95,86.7362,1009.5404,20.316889,299.74478,0.2,38.0,51.0
2019-06-27 19:00:00+00:00,26.85,87.50893,1009.2402,20.497883,300.61853,0.1,31.0,51.0
2019-06-27 20:00:00+00:00,26.65,88.2806,1008.5401,20.3774,302.00534,0.1,19.0,51.0
2019-06-27 21:00:00+00:00,26.55,87.22102,1008.04034,19.969458,303.9766,0.1,27.0,51.0
2019-06-27 22:00:00+00:00,26.25,89.31236,1007.54,19.453327,308.991,0.6,63.0,53.0
2019-06-27 23:00:00+00:00,26.0,89.83092,1007.4397,18.59845,312.64667,0.4,90.0,51.0
2019-06-28 00:00:00+00:00,25.7,89.53973,1008.0392,14.480773,325.1246,0.5,95.0,53.0
2019-06-28 01:00:00+00:00,25.7,91.44182,1007.9392,12.783802,327.6526,0.4,97.0,51.0
2019-06-28 02:00:00+00:00,26.4,90.66884,1008.7398,12.783802,327.6526,0.1,98.0,51.0
2019-06-28 03:00:00+00:00,27.6,84.24549,1009.2415,17.072504,312.4362,0.1,94.0,51.0
2019-06-28 04:00:00+00:00,28.3,78.96188,1009.7421,21.924562,299.51138,0.1,89.0,51.0
2019-06-28 05:00:00+00:00,29.0,74.68994,1009.44324,22.057161,296.1468,0.0,89.0,3.0
2019-06-28 06:00:00+00:00,29.2,73.60957,1009.1437,22.862123,296.1615,0.0,85.0,3.0
2019-06-28 07:00:00+00:00,29.3,72.965996,1008.3444,23.990698,295.79596,0.0,94.0,3.0
2019-06-28 08:00:00+00:00,29.4,72.328255,1007.84467,24.490585,294.30453,0.0,95.0,3.0
2019-06-28 09:00:00+00:00,29.1,73.59281,1007.1446,25.338476,292.55728,0.1,96.0,51.0
2019-06-28 10:00:00+00:00,28.7,74.41707,1006.6442,27.70831,294.56717,0.1,98.0,51.0
2019-06-28 11:00:00+00:00,28.15,77.298416,1006.54333,25.772078,294.77512,0.1,98.0,51.0
2019-06-28 12:00:00+00:00,27.75,81.04737,1006.8426,22.728518,299.4071,0.0,98.0,3.0
2019-06-28 13:00:00+00:00,27.3,81.47898,1007.4416,20.991426,300.96368,0.0,84.0,3.0
2019-06-28 14:00:00+00:00,27.2,80.97753,1008.2412,19.881649,301.6754,0.0,81.0,3.0
2019-06-28 15:00:00+00:00,27.15,81.21542,1009.0409,19.272614,302.79953,0.0,97.0,3.0
2019-06-28 16:00:00+00:00,27.05,81.9399,1009.4405,17.786331,305.9422,0.0,99.0,3.0
2019-06-28 17:00:00+00:00,26.9,82.91441,1009.63995,16.199999,306.86996,0.0,97.0,3.0
2019-06-28 18:00:00+00:00,26.7,84.401924,1009.6396,18.289274,306.1933,0.1,97.0,51.0
2019-06-28 19:00:00+00:00,26.55,85.40739,1008.83997,19.171478,304.28693,0.0,96.0,3.0
2019-06-28 20:00:00+00:00,26.5,85.9173,1008.0401,17.57744,304.9921,0.0,96.0,3.0
2019-06-28 21:00:00+00:00,26.3,86.67634,1007.6399,18.079027,305.2725,0.1,94.0,51.0
2019-06-28 22:00:00+00:00,26.0,88.492714,1007.3397,19.513195,307.5042,0.2,91.0,51.0
2019-06-28 23:00:00+00:00,26.0,89.02586,1007.1398,19.35314,313.4926,0.2,65.0,51.0
2019-06-29 00:00:00+00:00,26.35,84.619194,1007.64026,18.844202,316.5481,0.1,19.0,51.0
2019-06-29 01:00:00+00:00,26.15,86.142265,1007.9398,16.704155,322.88306,0.0,18.0,0.0
2019-06-29 02:00:00+00:00,26.65,86.44905,1008.6401,13.891522,328.78165,0.0,18.0,0.0
2019-06-29 03:00:00+00:00,27.75,81.04737,1008.94165,16.299694,316.7899,0.2,25.0,51.0
2019-06-29 04:00:00+00:00,28.6,75.30199,1009.343,21.178896,301.79886,0.3,35.0,51.0
2019-06-29 05:00:00+00:00,28.85,74.8904,1009.34326,24.162947,298.4741,0.3,26.0,51.0
2019-06-29 06:00:00+00:00,29.25,72.52001,1009.0441,23.18579,295.76926,0.1,35.0,51.0
2019-06-29 07:00:00+00:00,29.45,71.9034,1008.54456,24.819122,293.9625,0.0,43.0,1.0
2019-06-29 08:00:00+00:00,29.35,72.10239,1008.04456,25.14852,293.6294,0.0,14.0,0.0
2019-06-29 09:00:00+00:00,29.25,71.22148,1007.24493,25.14852,293.6294,0.1,11.0,51.0
2019-06-29 10:00:00+00:00,29.05,73.14313,1006.54486,25.14852,293.6294,0.1,55.0,51.0
2019-06-29 11:00:00+00:00,28.55,76.66425,1006.64386,25.537172,291.5015,0.1,90.0,51.0
2019-06-29 12:00:00+00:00,28.0,80.35373,1006.7432,20.771093,295.67676,0.1,96.0,51.0
2019-06-29 13:00:00+00:00,27.35,82.717865,1007.64185,19.881649,301.6754,0.0,95.0,3.0
2019-06-29 14:00:00+00:00,27.1,83.437195,1008.0411,17.673029,303.36636,0.0,96.0,3.0
2019-06-29 15:00:00+00:00,27.05,83.682495,1008.9407,17.57744,304.9921,0.0,96.0,3.0
2019-06-29 16:00:00+00:00,27.05,83.682495,1009.34045,18.875126,304.90256,0.0,97.0,3.0
2019-06-29 17:00:00+00:00,26.85,84.67179,1009.7399,18.723461,307.97165,0.0,96.0,3.0
2019-06-29 18:00:00+00:00,26.4,86.6856,1009.4395,15.273505,315.0001,0.0,97.0,3.0
2019-06-29 19:00:00+00:00,26.35,87.46538,1008.8397,12.984975,313.87677,0.0,97.0,3.0
2019-06-29 20:00:00+00:00,25.95,89.8273,1008.2393,15.782622,315.0001,0.1,71.0,51.0
2019-06-29 21:00:00+00:00,25.8,89.547134,1007.63934,15.03835,312.08908,0.2,66.0,51.0
2019-06-29 22:00:00+00:00,25.95,89.55818,1007.3397,16.489416,306.11945,0.5,91.0,53.0
2019-06-29 23:00:00+00:00,25.6,91.71048,1007.3391,16.135872,308.65982,0.6,95.0,53.0
2019-06-30 00:00:00+00:00,25.85,89.82011,1007.43945,17.654688,309.20718,0.3,96.0,51.0
2019-06-30 01:00:00+00:00,26.1,87.97075,1008.03937,16.992609,306.38446,0.1,99.0,51.0
2019-06-30 02:00:00+00:00,26.3,88.51692,1008.63947,15.9134655,307.64767,0.8,99.0,53.0
2019-06-30 03:00:00+00:00,26.9,89.09508,1009.2402,16.992609,306.38446,1.0,97.0,55.0
2019-06-30 04:00:00+00:00,27.65,86.02849,1009.4414,18.374111,304.62424,0.1,97.0,51.0
2019-06-30 05:00:00+00:00,28.1,81.0916,1009.2421,22.539564,296.56497,0.1,98.0,51.0
2019-06-30 06:00:00+00:00,28.85,76.93966,1008.84344,23.510508,295.38788,0.2,98.0,51.0
2019-06-30 07:00:00+00:00,28.95,76.495285,1008.2438,24.819122,293.9625,0.1,97.0,51.0
2019-06-30 08:00:00+00:00,28.95,76.26654,1007.44415,24.066206,291.96063,0.0,95.0,3.0
2019-06-30 09:00:00+00:00,28.8,76.93223,1006.7442,25.294964,294.37646,0.1,94.0,51.0
2019-06-30 10:00:00+00:00,28.5,78.28327,1006.1441,23.18579,295.76926,0.0,95.0,3.0
2019-06-30 11:00:00+00:00,28.4,78.975716,1006.1441,24.967497,298.41257,0.0,93.0,3.0
2019-06-30 12:00:00+00:00,28.1,81.0916,1006.1435,21.26744,303.9591,0.0,90.0,3.0
2019-06-30 13:00:00+00:00,27.6,82.99515,1006.4428,19.296135,306.6562,0.0,97.0,3.0
2019-06-30 14:00:00+00:00,27.3,84.46578,1007.3416,17.935081,308.48022,0.0,98.0,3.0
2019-06-30 15:00:00+00:00,27.2,85.21713,1008.2412,17.148247,309.0355,0.0,98.0,3.0
2019-06-30 16:00:00+00:00,27.1,86.749985,1008.54083,17.174677,303.02386,0.2,98.0,51.0
2019-06-30 17:00:00+00:00,26.65,89.07592,1008.94,16.595179,310.60123,0.5,100.0,53.0
2019-06-30 18:00:00+00:00,26.1,92.56586,1008.6391,15.580141,319.68597,0.5,100.0,53.0
2019-06-30 19:00:00+00:00,25.8,95.07186,1008.1391,13.684735,333.43503,0.2,99.0,51.0
2019-06-30 20:00:00+00:00,25.5,95.061066,1007.4391,12.43434,337.8905,0.0,98.0,3.0
2019-06-30 21:00:00+00:00,25.15,96.19384,1006.9387,11.440979,335.85446,0.0,98.0,3.0
2019-06-30 22:00:00+00:00,24.95,96.76622,1006.6384,10.829958,338.5522,0.0,98.0,3.0
2019-06-30 23:00:00+00:00,24.85,97.054245,1006.6382,9.983106,334.35904,0.0,99.0,3.0
2019-07-01 00:00:00+00:00,24.9,96.47558,1005.8388,9.6932955,344.93146,0.1,99.0,51.0
2019-07-01 01:00:00+00:00,25.25,95.62284,1006.6388,8.557102,345.3791,0.0,72.0,2.0
2019-07-01 02:00:00+00:00,26.35,91.75473,1007.4404,8.587338,326.97614,0.5,85.0,53.0
2019-07-01 03:00:00+00:00,27.4,88.0794,1008.0417,14.8257065,299.0545,0.4,100.0,51.0
2019-07-01 04:00:00+00:00,28.35,82.34203,1008.3427,20.265795,282.30798,0.3,100.0,51.0
2019-07-01 05:00:00+00:00,28.65,79.01028,1008.4434,22.007162,273.75165,0.1,99.0,51.0
2019-07-01 06:00:00+00:00,28.6,76.67183,1008.0436,22.68,270.0,0.0,93.0,3.0
2019-07-01 07:00:00+00:00,29.35,73.19396,1007.6447,23.42491,272.6425,0.0,94.0,3.0
2019-07-01 08:00:00+00:00,29.35,72.53729,1006.8451,22.682856,270.90936,0.0,95.0,3.0
2019-07-01 09:00:00+00:00,29.0,75.139626,1006.04474,23.40277,269.11862,0.2,94.0,51.0
2019-07-01 10:00:00+00:00,28.45,77.80823,1005.3444,23.042812,269.10486,0.1,32.0,51.0
2019-07-01 11:00:00+00:00,28.0,81.322014,1005.2439,23.051247,268.2101,0.1,19.0,51.0
2019-07-01 12:00:00+00:00,27.8,83.018135,1005.2436,18.692286,285.6423,0.3,87.0,51.0
2019-07-01 13:00:00+00:00,27.2,85.98511,1005.5425,16.595179,282.5288,0.0,94.0,3.0
2019-07-01 14:00:00+00:00,26.85,87.770905,1006.44147,15.226764,276.78888,0.0,83.0,3.0
2019-07-01 15:00:00+00:00,26.75,88.55302,1007.0412,13.556282,280.71307,0.1,90.0,51.0
2019-07-01 16:00:00+00:00,26.5,89.86674,1007.9402,12.661564,284.8265,0.1,97.0,51.0
2019-07-01 17:00:00+00:00,26.5,89.59858,1008.0401,14.264361,280.17545,0.2,97.0,51.0
2019-07-01 18:00:00+00:00,26.45,89.86315,1007.9402,13.75558,276.0089,0.1,97.0,51.0
2019-07-01 19:00:00+00:00,25.75,91.9946,1007.53937,15.042659,291.03757,0.2,100.0,51.0
2019-07-01 20:00:00+00:00,25.6,92.26222,1007.13916,17.462784,278.29706,0.7,100.0,53.0
2019-07-01 21:00:00+00:00,25.5,92.25666,1006.83936,16.923828,271.21884,0.7,100.0,53.0
2019-07-01 22:00:00+00:00,25.4,93.926125,1006.43933,14.440443,274.28906,1.3,100.0,61.0
2019-07-01 23:00:00+00:00,25.3,93.640526,1007.039,18.359999,270.0,0.8,100.0,53.0
2019-07-02 00:00:00+00:00,26.05,90.104164,1007.03986,16.78156,247.28555,1.0,100.0,55.0
2019-07-02 01:00:00+00:00,25.95,91.457054,1007.5396,18.25026,247.98866,0.4,99.0,51.0
2019-07-02 02:00:00+00:00,25.85,91.45098,1008.339,21.288757,251.25856,1.2,99.0,55.0
2019-07-02 03:00:00+00:00,26.25,90.38814,1008.63947,17.533146,250.82089,0.4,98.0,51.0
2019-07-02 04:00:00+00:00,26.65,91.77238,1009.3398,12.964998,271.5911,1.0,99.0,55.0
2019-07-02 05:00:00+00:00,26.75,88.81795,1009.3401,14.241629,286.1444,1.5,99.0,61.0
2019-07-02 06:00:00+00:00,26.75,85.684166,1009.4401,20.008356,278.27582,0.9,100.0,53.0
2019-07-02 07:00:00+00:00,27.0,85.96579,1008.7408,14.512064,293.38525,0.5,100.0,53.0
2019-07-02 08:00:00+00:00,27.0,84.18092,1008.54083,19.296133,284.03625,0.4,100.0,51.0
2019-07-02 09:00:00+00:00,26.75,86.45839,1007.74084,16.595179,294.34106,0.2,100.0,51.0
2019-07-02 10:00:00+00:00,27.0,85.96579,1007.0415,17.462782,284.32275,0.1,100.0,51.0
2019-07-02 11:00:00+00:00,26.8,85.17651,1006.84125,19.469975,289.44012,0.1,100.0,51.0
2019-07-02 12:00:00+00:00,26.5,87.21655,1006.64075,15.815435,311.30853,0.1,97.0,51.0
2019-07-02 13:00:00+00:00,26.0,89.56185,1007.1398,15.484185,305.53775,0.2,98.0,51.0
2019-07-02 14:00:00+00:00,25.6,92.26222,1007.83887,11.753876,319.9698,0.2,88.0,51.0
2019-07-02 15:00:00+00:00,25.65,91.98888,1008.5386,16.179987,302.27563,0.1,90.0,51.0
2019-07-02 16:00:00+00:00,25.65,91.71346,1008.9384,12.7279215,298.7397,0.1,71.0,51.0
2019-07-02 17:00:00+00:00,25.5,93.9305,1009.3382,12.10157,300.37906,0.4,72.0,51.0
2019-07-02 18:00:00+00:00,25.45,94.20993,1009.0381,12.181624,304.15976,0.1,100.0,51.0
2019-07-02 19:00:00+00:00,25.5,93.9305,1008.5386,12.10157,300.37906,0.2,98.0,51.0
2019-07-02 20:00:00+00:00,25.5,94.212036,1008.13873,11.923557,298.88647,0.5,98.0,53.0
2019-07-02 21:00:00+00:00,24.7,98.81113,1007.83765,10.464797,296.56497,1.0,100.0,55.0
2019-07-02 22:00:00+00:00,25.0,99.10916,1007.638,10.163227,292.93213,0.4,100.0,51.0
2019-07-02 23:00:00+00:00,24.95,99.1088,1007.738,9.227524,290.55612,0.6,99.0,53.0
2019-07-03 00:00:00+00:00,25.1,99.109825,1007.9383,8.557102,284.6209,0.4,99.0,51.0
2019-07-03 01:00:00+00:00,26.0,93.952385,1008.13934,7.2805495,278.53067,0.6,95.0,53.0
2019-07-03 02:00:00+00:00,26.65,94.539955,1008.6401,7.2359104,275.7105,0.1,94.0,51.0
2019-07-03 03:00:00+00:00,27.2,91.80448,1009.44073,8.825508,281.76825,0.2,99.0,51.0
2019-07-03 04:00:00+00:00,27.35,89.92721,1009.8408,7.9526596,275.19434,0.2,94.0,51.0
2019-07-03 05:00:00+00:00,28.35,82.34203,1009.84204,10.538843,262.1468,0.2,95.0,51.0
2019-07-03 06:00:00+00:00,28.45,81.3781,1009.4426,11.013882,258.6901,0.1,93.0,51.0
2019-07-03 07:00:00+00:00,28.3,81.35943,1008.74255,14.917212,261.67444,0.3,93.0,51.0
2019-07-03 08:00:00+00:00,28.85,78.33296,1007.9439,18.511143,256.50424,0.7,86.0,53.0
2019-07-03 09:00:00+00:00,28.9,77.87333,1007.1442,18.511143,256.50424,0.7,84.0,53.0
2019-07-03 10:00:00+00:00,28.35,80.639984,1006.74347,18.289274,259.79608,0.3,69.0,51.0
2019-07-03 11:00:00+00:00,28.2,81.346954,1006.6435,17.339897,265.23645,0.2,67.0,51.0
2019-07-03 12:00:00+00:00,27.95,83.28356,1006.74286,14.113653,275.85593,0.2,54.0,51.0
2019-07-03 13:00:00+00:00,27.2,85.728455,1007.04175,13.207634,287.44727,0.0,21.0,1.0
2019-07-03 14:00:00+00:00,26.2,90.92709,1007.9398,13.896187,306.57312,0.2,76.0,51.0
2019-07-03 15:00:00+00:00,26.2,89.04131,1009.0393,14.904173,307.14676,0.2,40.0,51.0
2019-07-03 16:00:00+00:00,25.95,90.63896,1009.4388,11.457958,316.27295,0.1,52.0,51.0
2019-07-03 17:00:00+00:00,25.45,93.0878,1010.23755,14.277983,303.6901,0.3,100.0,51.0
2019-07-03 18:00:00+00:00,25.45,93.92827,1010.33746,10.383987,303.6901,0.5,100.0,53.0
2019-07-03 19:00:00+00:00,25.3,95.33881,1009.9377,12.904882,292.98874,0.3,100.0,51.0
2019-07-03 20:00:00+00:00,25.0,95.32858,1009.5372,15.94601,298.30066,0.6,100.0,53.0
2019-07-03 21:00:00+00:00,24.25,99.10417,1009.2361,13.1041975,290.92456,1.0,60.0,55.0
2019-07-03 22:00:00+00:00,24.05,99.10284,1008.636,12.371645,261.6342,0.6,78.0,53.0
2019-07-03 23:00:00+00:00,24.35,99.104836,1008.7366,12.964998,271.5911,0.4,100.0,51.0
2019-07-04 00:00:00+00:00,24.65,98.515274,1008.4371,10.823973,273.814,0.7,100.0,53.0
2019-07-04 01:00:00+00:00,25.25,92.520386,1008.7379,10.440001,270.0,0.6,83.0,53.0
2019-07-04 02:00:00+00:00,25.45,94.20993,1009.23804,9.746631,265.76367,0.4,82.0,51.0
2019-07-04 03:00:00+00:00,25.95,93.670265,1009.4388,8.4042845,260.13425,0.2,77.0,51.0
2019-07-04 04:00:00+00:00,27.0,87.000496,1009.8403,8.707238,262.8751,0.1,90.0,51.0
2019-07-04 05:00:00+00:00,26.9,88.037796,1010.1397,11.252519,277.3523,0.2,72.0,51.0
2019-07-04 06:00:00+00:00,27.55,87.309425,1009.6409,10.1376915,276.11542,0.1,63.0,51.0
2019-07-04 07:00:00+00:00,28.1,85.30796,1009.0422,11.183201,273.6913,0.1,61.0,51.0
2019-07-04 08:00:00+00:00,27.8,85.53215,1008.3421,11.212135,275.52744,0.0,19.0,0.0
2019-07-04 09:00:00+00:00,28.1,82.06694,1007.7428,14.799459,274.18484,0.3,31.0,51.0
2019-07-04 10:00:00+00:00,28.1,79.64766,1007.0431,16.203999,271.273,0.5,47.0,53.0
2019-07-04 11:00:00+00:00,27.6,82.49959,1006.8426,18.014393,267.70944,0.3,44.0,51.0
2019-07-04 12:00:00+00:00,27.05,85.71373,1007.0415,13.039754,276.3401,0.3,42.0,51.0
2019-07-04 13:00:00+00:00,26.1,89.301056,1007.8395,13.363711,274.63538,0.2,45.0,51.0
2019-07-04 14:00:00+00:00,25.7,89.8093,1008.63885,13.797912,277.49576,0.3,100.0,51.0
2019-07-04 15:00:00+00:00,25.55,92.81427,1009.0383,10.1376915,276.11542,0.1,96.0,51.0
2019-07-04 16:00:00+00:00,25.6,92.816864,1009.63806,7.42159,284.03625,0.1,86.0,51.0
2019-07-04 17:00:00+00:00,25.6,91.435715,1009.9379,8.707238,277.1249,0.1,95.0,51.0
2019-07-04 18:00:00+00:00,25.35,93.92388,1009.8377,9.178235,281.3099,0.7,96.0,53.0
2019-07-04 19:00:00+00:00,25.2,93.35523,1009.2377,11.5199995,270.0,0.5,99.0,53.0
2019-07-04 20:00:00+00:00,25.25,94.20153,1008.8378,10.446206,268.02512,0.2,100.0,51.0
2019-07-04 21:00:00+00:00,25.15,94.76404,1007.9383,11.440978,257.27563,0.5,99.0,53.0
2019-07-04 22:00:00+00:00,24.6,98.8102,1007.83734,11.720751,259.3804,0.7,100.0,53.0
2019-07-04 23:00:00+00:00,25.25,94.20153,1007.63837,12.224107,256.373,0.5,97.0,53.0
2019-07-05 00:00:00+00:00,25.2,95.05029,1007.53845,13.896187,253.44284,0.7,98.0,53.0
2019-07-05 01:00:00+00:00,25.5,94.212036,1007.93884,11.542478,266.42374,0.3,99.0,51.0
2019-07-05 02:00:00+00:00,26.05,94.51622,1008.4392,10.446206,268.02512,0.2,97.0,51.0
2019-07-05 03:00:00+00:00,26.55,91.22121,1008.6401,7.9526596,275.19434,0.1,94.0,51.0
2019-07-05 04:00:00+00:00,27.45,88.60888,1009.1412,9.531505,259.1145,0.0,95.0,3.0
2019-07-05 05:00:00+00:00,27.55,84.74505,1009.0412,14.512064,262.8751,0.1,95.0,51.0
2019-07-05 06:00:00+00:00,27.35,86.77289,1009.1412,15.328561,279.46225,0.2,100.0,51.0
2019-07-05 07:00:00+00:00,28.2,83.06392,1008.6426,15.226764,276.78888,0.1,57.0,51.0
2019-07-05 08:00:00+00:00,28.1,85.30796,1008.24255,12.371645,278.36578,0.1,99.0,51.0
2019-07-05 09:00:00+00:00,27.7,84.76063,1007.4423,16.575644,272.4895,0.2,96.0,51.0
2019-07-05 10:00:00+00:00,27.5,86.014046,1006.6423,15.119999,270.0,0.1,88.0,51.0
2019-07-05 11:00:00+00:00,26.95,87.51761,1006.54175,14.869351,276.95285,0.2,100.0,51.0
2019-07-05 12:00:00+00:00,27.35,86.256676,1006.34247,9.6932955,285.06854,0.2,90.0,51.0
2019-07-05 13:00:00+00:00,26.6,87.74957,1006.8409,10.182337,278.13,0.9,91.0,53.0
2019-07-05 14:00:00+00:00,26.6,89.87388,1007.14075,10.538843,262.1468,0.2,93.0,51.0
2019-07-05 15:00:00+00:00,26.6,90.14256,1007.84045,9.885262,259.50858,0.1,100.0,51.0
2019-07-05 16:00:00+00:00,26.7,89.61322,1008.4402,13.138765,260.53775,0.1,100.0,51.0
2019-07-05 17:00:00+00:00,26.75,89.34988,1008.54047,14.05845,256.67545,0.0,100.0,3.0
2019-07-05 18:00:00+00:00,26.75,89.08355,1008.54047,13.708391,256.32867,0.0,99.0,3.0
2019-07-05 19:00:00+00:00,26.6,89.33864,1008.3402,15.192682,256.29303,0.0,100.0,3.0
2019-07-05 20:00:00+00:00,26.65,88.2806,1007.9404,15.725037,254.05453,0.0,99.0,3.0
2019-07-05 21:00:00+00:00,26.55,88.53701,1007.5406,15.484185,252.40749,0.0,97.0,3.0
2019-07-05 22:00:00+00:00,26.55,88.27243,1007.14075,15.937878,251.56496,0.0,98.0,3.0
2019-07-05 23:00:00+00:00,26.4,88.52497,1007.1405,16.394829,250.76923,0.0,97.0,3.0
2019-07-06 00:00:00+00:00,26.45,89.594925,1007.54034,14.689589,252.89719,0.0,95.0,3.0
2019-07-06 01:00:00+00:00,26.45,87.47409,1008.0401,14.113653,264.14407,0.3,96.0,51.0
2019-07-06 02:00:00+00:00,26.95,87.51761,1008.4409,13.722565,265.48608,0.1,94.0,51.0
2019-07-06 03:00:00+00:00,27.85,83.52126,1008.8419,12.7279215,261.87,0.1,89.0,51.0
2019-07-06 04:00:00+00:00,28.5,80.659294,1009.24274,13.556282,259.28693,0.1,97.0,51.0
2019-07-06 05:00:00+00:00,28.95,79.05164,1009.1433,15.111424,257.61926,0.2,92.0,51.0
2019-07-06 06:00:00+00:00,29.4,76.33536,1008.6443,17.651016,258.23172,0.4,91.0,51.0
2019-07-06 07:00:00+00:00,29.2,76.76231,1008.44403,18.888851,262.33328,0.3,94.0,51.0
2019-07-06 08:00:00+00:00,29.1,76.74726,1007.7443,18.998314,260.18076,0.4,93.0,51.0
2019-07-06 09:00:00+00:00,29.1,76.74726,1007.1446,19.652176,261.57312,0.5,75.0,53.0
2019-07-06 10:00:00+00:00,28.7,78.546234,1006.54425,20.316889,262.8751,0.6,93.0,53.0
2019-07-06 11:00:00+00:00,28.3,80.1528,1006.3436,19.469976,266.82022,0.6,98.0,53.0
2019-07-06 12:00:00+00:00,27.85,84.523926,1006.54297,13.004921,265.23645,0.2,99.0,51.0
2019-07-06 13:00:00+00:00,27.35,86.77289,1007.0421,11.928989,264.80566,0.0,99.0,3.0
2019-07-06 14:00:00+00:00,27.0,87.783676,1007.64124,10.495713,264.09396,0.0,98.0,3.0
2019-07-06 15:00:00+00:00,27.0,87.52194,1008.241,11.966953,263.08887,0.1,99.0,51.0
2019-07-06 16:00:00+00:00,27.05,87.00503,1009.04065,12.261158,266.6336,0.0,99.0,3.0
2019-07-06 17:00:00+00:00,26.95,87.779434,1009.24054,11.542478,266.42374,0.0,98.0,3.0
2019-07-06 18:00:00+00:00,26.7,88.81402,1008.83997,11.5199995,270.0,0.1,98.0,51.0
2019-07-06 19:00:00+00:00,26.65,88.81012,1008.4402,14.05845,267.0644,0.1,99.0,51.0
2019-07-06 20:00:00+00:00,26.6,88.80618,1008.04034,12.245294,271.68463,0.0,99.0,3.0
2019-07-06 21:00:00+00:00,26.45,89.327354,1007.7403,13.324863,268.45187,0.2,98.0,51.0
2019-07-06 22:00:00+00:00,26.6,89.07205,1007.34064,14.77755,267.20737,0.0,98.0,3.0
2019-07-06 23:00:00+00:00,26.45,89.86315,1007.34045,14.764389,271.39716,0.0,99.0,3.0
2019-07-07 00:00:00+00:00,26.25,93.683914,1007.54,10.105681,274.08554,0.0,99.0,3.0
2019-07-07 01:00:00+00:00,26.3,92.85286,1008.1397,9.746631,274.23633,0.6,97.0,53.0
2019-07-07 02:00:00+00:00,26.9,93.71341,1008.54047,9.3669195,272.20255,0.0,99.0,3.0
2019-07-07 03:00:00+00:00,27.6,90.211815,1009.2415,7.92,270.0,0.1,92.0,51.0
2019-07-07 04:00:00+00:00,28.3,83.82042,1009.942,9.114471,260.9098,0.1,97.0,51.0
2019-07-07 05:00:00+00:00,28.35,82.83407,1010.042,11.252519,262.6477,0.1,100.0,51.0
2019-07-07 06:00:00+00:00,28.55,82.12101,1009.8424,14.05845,272.9356,0.2,100.0,51.0
2019-07-07 07:00:00+00:00,28.3,83.07537,1009.3423,14.404499,268.56793,0.1,97.0,51.0
2019-07-07 08:00:00+00:00,28.7,81.409134,1009.04315,14.154915,262.69434,0.0,92.0,3.0
2019-07-07 09:00:00+00:00,27.95,85.03944,1008.64197,13.910169,259.56256,0.1,90.0,51.0
2019-07-07 10:00:00+00:00,28.5,84.091644,1008.1432,14.05845,267.0644,0.1,95.0,51.0
2019-07-07 11:00:00+00:00,28.35,82.83407,1007.94293,13.363711,265.36462,0.0,55.0,2.0
2019-07-07 12:00:00+00:00,28.3,83.82042,1007.5431,13.722565,265.48608,0.8,25.0,53.0
2019-07-07 13:00:00+00:00,27.45,88.34587,1008.0417,11.525623,268.2101,0.0,16.0,0.0
2019-07-07 14:00:00+00:00,26.95,89.364815,1008.7408,13.684735,271.5074,0.0,66.0,2.0
2019-07-07 15:00:00+00:00,26.9,88.8297,1009.4401,11.879999,270.0,0.3,60.0,51.0
2019-07-07 16:00:00+00:00,26.7,92.32285,1010.0394,10.495713,264.09396,0.0,73.0,2.0
2019-07-07 17:00:00+00:00,26.4,92.58186,1010.23914,11.874544,255.96373,0.5,71.0,53.0
2019-07-07 18:00:00+00:00,26.2,92.29539,1010.43866,11.726277,252.1212,0.6,82.0,53.0
2019-07-07 19:00:00+00:00,24.85,98.81243,1010.33655,13.138765,279.46225,0.8,85.0,53.0
2019-07-07 20:00:00+00:00,24.95,98.81331,1009.73706,10.594036,279.78235,0.4,100.0,51.0
2019-07-07 21:00:00+00:00,24.85,99.10817,1009.23706,10.137692,286.50443,1.2,100.0,55.0
2019-07-07 22:00:00+00:00,25.3,94.486336,1009.138,11.503113,290.13638,0.6,100.0,53.0
2019-07-07 23:00:00+00:00,25.3,93.640526,1009.23804,11.966953,291.16132,0.5,99.0,53.0
2019-07-08 00:00:00+00:00,24.65,99.10686,1009.43665,12.245293,294.30453,0.5,100.0,53.0
2019-07-08 01:00:00+00:00,25.15,95.048485,1009.83734,9.83268,293.7495,0.7,94.0,53.0
2019-07-08 02:00:00+00:00,25.7,96.209076,1010.4381,8.39657,300.96368,0.3,100.0,51.0
2019-07-08 03:00:00+00:00,26.3,95.08971,1010.63855,6.8777895,312.8789,0.2,44.0,51.0
2019-07-08 04:00:00+00:00,27.0,93.1643,1011.2396,6.696387,306.25394,0.1,64.0,51.0
2019-07-08 05:00:00+00:00,27.65,89.94847,1010.84076,7.8954163,294.22772,0.1,95.0,51.0
2019-07-08 06:00:00+00:00,27.95,86.82758,1010.0414,8.209263,285.25516,0.1,34.0,51.0
2019-07-08 07:00:00+00:00,28.4,83.334335,1009.7425,10.948973,279.46225,0.1,29.0,51.0
2019-07-08 08:00:00+00:00,28.35,84.32567,1008.8425,12.6462,274.89902,0.1,79.0,51.0
2019-07-08 09:00:00+00:00,28.05,86.57942,1008.1426,12.964998,271.5911,0.1,65.0,51.0
2019-07-08 10:00:00+00:00,27.7,88.104225,1007.7422,14.404499,271.43207,0.0,68.0,2.0
2019-07-08 11:00:00+00:00,27.35,88.864815,1007.64185,14.154915,277.30566,0.1,98.0,51.0
2019-07-08 12:00:00+00:00,26.9,88.56505,1008.0407,12.43434,292.1095,0.1,98.0,51.0
2019-07-08 13:00:00+00:00,26.35,89.855995,1008.8397,11.91812,295.01685,0.2,100.0,51.0
2019-07-08 14:00:00+00:00,26.05,91.73711,1009.83856,11.183201,303.17853,0.2,100.0,51.0
2019-07-08 15:00:00+00:00,25.85,89.82011,1010.3381,11.384198,304.69522,0.4,94.0,51.0
2019-07-08 16:00:00+00:00,25.8,91.72235,1010.8379,13.104198,307.18478,0.4,96.0,51.0
2019-07-08 17:00:00+00:00,25.65,93.097755,1010.8375,14.039999,292.6199,0.2,96.0,51.0
2019-07-08 18:00:00+00:00,25.4,93.926125,1010.7373,15.042659,291.03757,0.2,96.0,51.0
2019-07-08 19:00:00+00:00,25.25,95.052055,1009.9374,13.527572,295.20108,0.2,100.0,51.0
2019-07-08 20:00:00+00:00,25.05,94.76022,1009.3372,16.434305,298.8107,0.2,98.0,51.0
2019-07-08 21:00:00+00:00,25.1,94.47828,1008.7379,12.594856,300.96368,0.3,97.0,51.0
2019-07-08 22:00:00+00:00,25.05,94.47632,1008.23773,9.504272,307.30402,0.3,99.0,51.0
2019-07-08 23:00:00+00:00,24.45,98.8089,1008.5366,8.089993,290.85452,0.5,100.0,53.0
2019-07-09 00:00:00+00:00,25.15,93.91512,1008.7379,8.714677,308.2902,1.5,100.0,61.0
2019-07-09 01:00:00+00:00,25.05,94.47632,1009.73706,11.269782,296.56497,0.6,100.0,53.0
2019-07-09 02:00:00+00:00,25.45,92.53112,1009.8377,12.57426,283.24054,0.4,100.0,51.0
2019-07-09 03:00:00+00:00,25.75,92.27051,1010.23816,9.746631,274.23633,0.5,100.0,53.0
2019-07-09 04:00:00+00:00,26.65,89.60959,1010.53925,8.28,270.0,0.1,100.0,51.0
2019-07-09 05:00:00+00:00,26.3,90.933556,1010.43866,9.531505,259.1145,1.8,98.0,61.0
2019-07-09 06:00:00+00:00,27.3,88.86092,1009.9405,6.9899354,258.11136,0.1,95.0,51.0
2019-07-09 07:00:00+00:00,27.7,86.54698,1009.4414,10.308831,257.90524,0.1,97.0,51.0
2019-07-09 08:00:00+00:00,27.55,85.76279,1008.9413,9.3669195,267.79745,0.2,95.0,51.0
2019-07-09 09:00:00+00:00,27.1,86.49112,1008.34094,11.928989,275.19434,0.1,95.0,51.0
2019-07-09 10:00:00+00:00,26.3,88.78261,1007.83984,10.739833,283.57043,0.2,94.0,51.0
2019-07-09 11:00:00+00:00,26.45,87.47409,1007.9402,11.570515,275.35574,0.1,93.0,51.0
2019-07-09 12:00:00+00:00,25.85,89.2822,1007.83923,9.885262,303.11136,0.4,96.0,51.0
2019-07-09 13:00:00+00:00,25.65,90.89154,1008.6385,9.178235,295.5599,0.0,88.0,3.0
2019-07-09 14:00:00+00:00,25.4,91.69865,1009.4379,9.511088,299.4758,0.0,89.0,3.0
2019-07-09 15:00:00+00:00,24.95,93.624374,1010.3368,10.787993,295.7099,0.6,89.0,53.0
2019-07-09 16:00:00+00:00,24.7,94.17836,1011.13617,12.261157,310.2363,0.3,86.0,51.0
2019-07-09 17:00:00+00:00,24.5,96.17562,1011.3357,11.808878,307.56866,1.9,100.0,61.0
2019-07-09 18:00:00+00:00,24.55,96.46652,1010.3362,9.72,360.0,0.5,88.0,53.0
2019-07-09 19:00:00+00:00,24.1,97.33059,1009.63586,10.829959,344.57776,0.0,88.0,3.0
2019-07-09 20:00:00+00:00,24.1,96.16438,1008.83624,9.3669195,357.79745,0.0,99.0,3.0
2019-07-09 21:00:00+00:00,24.1,95.87472,1008.43646,10.308831,347.90527,0.0,97.0,3.0
2019-07-09 22:00:00+00:00,24.2,95.01406,1008.2366,9.746631,355.76367,0.0,100.0,3.0
2019-07-09 23:00:00+00:00,24.3,95.30465,1008.93646,10.703569,317.72638,0.2,100.0,51.0
2019-07-10 00:00:00+00:00,24.6,94.17412,1008.4371,7.10031,329.53452,1.8,100.0,61.0
2019-07-10 01:00:00+00:00,25.1,92.5123,1008.6379,6.28713,336.3706,0.1,97.0,51.0
2019-07-10 02:00:00+00:00,25.2,92.23998,1009.63745,7.9526596,354.80566,0.1,100.0,51.0
2019-07-10 03:00:00+00:00,25.6,91.16163,1010.6376,5.1919937,326.3099,0.3,100.0,51.0
2019-07-10 04:00:00+00:00,26.1,91.19303,1010.83813,7.729527,297.75842,0.4,100.0,51.0
2019-07-10 05:00:00+00:00,25.35,87.1137,1011.2371,18.289274,280.20392,4.0,99.0,63.0
2019-07-10 06:00:00+00:00,25.7,91.99171,1011.1377,13.32,270.0,1.0,98.0,55.0
2019-07-10 07:00:00+00:00,25.8,91.997444,1010.3381,10.739833,283.57043,0.7,100.0,53.0
2019-07-10 08:00:00+00:00,26.6,83.38081,1009.0399,11.269782,296.56497,0.2,98.0,51.0
2019-07-10 09:00:00+00:00,26.8,83.654724,1008.3406,15.141414,298.3929,0.3,91.0,51.0
2019-07-10 10:00:00+00:00,26.65,85.16123,1008.04034,16.199999,306.86996,1.0,81.0,55.0
2019-07-10 11:00:00+00:00,26.8,84.15931,1007.8408,14.799459,311.05472,0.0,92.0,3.0
2019-07-10 12:00:00+00:00,27.9,81.55334,1007.14264,15.072783,310.1559,0.0,83.0,3.0
2019-07-10 13:00:00+00:00,27.2,84.45516,1008.0413,13.217443,299.35767,0.0,74.0,2.0
2019-07-10 14:00:00+00:00,26.75,86.97793,1008.84033,14.986553,294.10223,0.0,96.0,3.0
2019-07-10 15:00:00+00:00,26.5,87.478455,1009.33954,18.0,306.86996,0.0,99.0,3.0
2019-07-10 16:00:00+00:00,26.2,87.452255,1009.639,15.124284,321.7661,0.0,100.0,3.0
2019-07-10 17:00:00+00:00,25.75,89.54341,1009.8383,14.168641,332.78397,0.0,97.0,3.0
2019-07-10 18:00:00+00:00,25.2,91.13639,1009.7374,14.007655,334.09354,0.2,99.0,51.0
2019-07-10 19:00:00+00:00,24.95,91.67183,1009.2373,13.684735,333.43503,0.0,99.0,3.0
2019-07-10 20:00:00+00:00,24.9,92.22325,1008.73755,13.0447235,332.02063,0.0,99.0,3.0
2019-07-10 21:00:00+00:00,24.75,93.052795,1008.43744,12.10157,337.249,0.0,98.0,3.0
2019-07-10 22:00:00+00:00,24.75,92.49345,1008.1375,10.464798,356.0549,0.0,99.0,3.0
2019-07-10 23:00:00+00:00,24.65,92.76754,1008.4371,10.041354,345.4655,0.0,99.0,3.0
2019-07-11 00:00:00+00:00,24.95,91.12054,1008.5376,16.923828,358.78116,0.0,97.0,3.0
2019-07-11 01:00:00+00:00,24.75,91.10787,1008.53735,13.698934,356.98727,0.0,99.0,3.0
2019-07-11 02:00:00+00:00,25.35,89.24432,1008.9382,12.0694,342.64587,0.0,97.0,3.0
2019-07-11 03:00:00+00:00,26.4,85.907585,1009.33954,8.707237,330.25522,0.0,97.0,3.0
2019-07-11 04:00:00+00:00,27.55,81.02206,1009.8408,9.339208,297.55273,0.0,99.0,3.0
2019-07-11 05:00:00+00:00,28.6,77.5971,1009.94275,10.483357,285.94547,0.0,96.0,3.0
2019-07-11 06:00:00+00:00,28.8,79.030975,1009.5429,12.371645,278.36578,0.0,99.0,3.0
2019-07-11 07:00:00+00:00,28.7,79.25357,1009.14307,13.441071,277.69595,0.0,100.0,3.0
2019-07-11 08:00:00+00:00,28.6,77.5971,1008.7433,15.745627,280.53912,0.0,85.0,3.0
2019-07-11 09:00:00+00:00,29.0,74.01986,1007.9439,19.0392,285.3502,0.0,80.0,3.0
2019-07-11 10:00:00+00:00,29.25,73.397194,1007.4449,22.26477,292.83368,0.0,61.0,2.0
2019-07-11 11:00:00+00:00,28.5,78.28327,1007.44354,21.413193,296.99576,0.0,17.0,0.0
2019-07-11 12:00:00+00:00,27.7,81.28449,1007.94214,18.532133,294.0755,0.0,16.0,0.0
2019-07-11 13:00:00+00:00,27.05,83.682495,1008.7408,17.477621,302.38065,0.0,94.0,3.0
2019-07-11 14:00:00+00:00,26.85,85.43747,1009.4401,15.986593,305.83774,0.0,95.0,3.0
2019-07-11 15:00:00+00:00,26.6,87.74957,1010.2394,13.493999,316.08084,0.0,97.0,3.0
2019-07-11 16:00:00+00:00,26.35,89.5876,1010.439,12.819235,321.8427,0.0,97.0,3.0
2019-07-11 17:00:00+00:00,26.15,90.652275,1010.9385,12.879752,333.43503,0.0,94.0,3.0
2019-07-11 18:00:00+00:00,25.8,91.174255,1010.3381,12.144331,348.0239,0.0,93.0,3.0
2019-07-11 19:00:00+00:00,25.4,92.25111,1009.7378,11.570515,354.64426,0.0,99.0,3.0
2019-07-11 20:00:00+00:00,25.35,92.803925,1009.0381,13.708391,336.8014,0.0,94.0,3.0
2019-07-11 21:00:00+00:00,25.4,93.36486,1008.7382,14.168641,332.78397,0.0,89.0,3.0
2019-07-11 22:00:00+00:00,25.25,94.20153,1008.43805,12.768586,338.4985,0.0,88.0,3.0
2019-07-11 23:00:00+00:00,25.0,95.32858,1008.83746,10.739833,346.42953,0.0,70.0,2.0
2019-07-12 00:00:00+00:00,25.15,93.6336,1008.9378,10.390226,345.9637,0.0,85.0,3.0
2019-07-12 01:00:00+00:00,25.15,93.91512,1009.7374,9.779817,353.6599,0.0,94.0,3.0
2019-07-12 02:00:00+00:00,26.1,90.37792,1010.2384,9.531505,349.11453,0.0,89.0,3.0
2019-07-12 03:00:00+00:00,27.35,85.487404,1010.6405,8.707237,330.25522,0.0,88.0,3.0
2019-07-12 04:00:00+00:00,28.7,78.546234,1010.9423,11.212135,312.39737,0.1,86.0,51.0
2019-07-12 05:00:00+00:00,29.15,78.84399,1010.8429,13.049689,294.44394,0.1,87.0,51.0
2019-07-12 06:00:00+00:00,28.85,81.91321,1010.4428,14.408997,282.99463,0.1,84.0,51.0
2019-07-12 07:00:00+00:00,28.4,82.8399,1009.6425,15.256526,289.29013,0.0,87.0,3.0
2019-07-12 08:00:00+00:00,28.95,80.2381,1009.0434,14.578888,290.22495,0.1,84.0,51.0
2019-07-12 09:00:00+00:00,28.1,83.79848,1008.4425,17.654688,290.28265,0.0,83.0,3.0
2019-07-12 10:00:00+00:00,28.15,81.828255,1007.9427,15.646544,293.0255,0.1,88.0,51.0
2019-07-12 11:00:00+00:00,27.55,86.27562,1008.1416,17.58481,292.8906,0.2,94.0,51.0
2019-07-12 12:00:00+00:00,27.35,88.07523,1008.34155,15.137133,295.34613,0.2,94.0,51.0
2019-07-12 13:00:00+00:00,26.95,90.70506,1009.24054,13.891522,301.21835,0.0,93.0,3.0
2019-07-12 14:00:00+00:00,26.55,91.76652,1010.1394,14.20062,300.46545,0.1,93.0,51.0
2019-07-12 15:00:00+00:00,26.55,91.493484,1011.039,15.496736,300.7354,0.1,93.0,51.0
2019-07-12 16:00:00+00:00,26.1,92.01459,1011.83765,16.992609,306.38446,0.2,77.0,51.0
2019-07-12 17:00:00+00:00,25.8,90.90128,1012.4372,13.979872,325.4914,0.1,52.0,51.0
2019-07-12 18:00:00+00:00,25.55,91.98313,1012.037,12.522619,341.56494,0.0,59.0,2.0
2019-07-12 19:00:00+00:00,25.1,94.47828,1011.1368,11.384199,341.56494,0.0,65.0,2.0
2019-07-12 20:00:00+00:00,24.8,95.60842,1010.4365,10.587917,342.18103,0.0,68.0,2.0
2019-07-12 21:00:00+00:00,24.65,95.030396,1010.1362,11.592895,334.2307,0.0,84.0,3.0
2019-07-12 22:00:00+00:00,24.65,95.316635,1010.23627,9.178235,334.44006,0.0,72.0,2.0
2019-07-12 23:00:00+00:00,24.65,94.74496,1009.6365,10.495713,5.9060555,0.0,85.0,3.0
2019-07-13 00:00:00+00:00,25.1,93.912865,1009.63745,9.346143,344.3577,0.0,47.0,1.0
2019-07-13 01:00:00+00:00,25.1,94.19522,1010.0373,7.968939,341.56494,0.0,26.0,1.0
2019-07-13 02:00:00+00:00,25.95,91.731186,1010.6382,7.754637,338.19852,0.0,29.0,1.0
2019-07-13 03:00:00+00:00,27.2,86.242455,1011.23987,9.028754,336.5014,0.0,71.0,2.0
2019-07-13 04:00:00+00:00,28.35,78.49691,1011.64124,10.514218,308.0471,0.1,93.0,51.0
2019-07-13 05:00:00+00:00,28.7,76.91722,1011.3421,12.522619,288.43503,0.2,95.0,51.0
2019-07-13 06:00:00+00:00,27.9,84.02676,1011.0409,12.496719,281.6336,0.2,96.0,51.0
2019-07-13 07:00:00+00:00,27.9,84.78146,1011.0409,11.013882,281.3099,0.3,97.0,51.0
2019-07-13 08:00:00+00:00,27.55,85.76279,1009.94086,12.522619,288.43503,0.2,98.0,51.0
2019-07-13 09:00:00+00:00,27.7,84.25621,1009.34143,14.917212,278.32556,0.2,99.0,51.0
2019-07-13 10:00:00+00:00,27.95,84.03216,1008.8419,13.084402,277.90707,0.1,97.0,51.0
2019-07-13 11:00:00+00:00,27.1,85.718636,1008.7408,10.931203,287.24155,0.2,98.0,51.0
2019-07-13 12:00:00+00:00,26.65,91.77238,1009.13983,10.990322,301.60745,0.1,99.0,51.0
2019-07-13 13:00:00+00:00,25.8,92.827156,1009.7384,10.948973,316.33215,1.1,98.0,55.0
2019-07-13 14:00:00+00:00,25.75,92.547195,1010.23816,11.525623,308.65982,0.3,98.0,51.0
2019-07-13 15:00:00+00:00,25.45,93.92827,1010.93726,12.475961,313.83093,0.2,98.0,51.0
2019-07-13 16:00:00+00:00,25.5,94.212036,1011.63715,8.209263,322.12494,0.0,95.0,3.0
2019-07-13 17:00:00+00:00,25.25,94.48428,1012.1363,10.233123,320.7106,0.1,91.0,51.0
2019-07-13 18:00:00+00:00,25.25,94.48428,1012.0364,12.261157,319.7637,0.0,96.0,3.0
2019-07-13 19:00:00+00:00,25.15,95.048485,1010.9369,9.826088,331.55716,0.0,96.0,3.0
2019-07-13 20:00:00+00:00,24.65,95.60361,1010.63605,9.931042,316.46872,0.3,93.0,51.0
2019-07-13 21:00:00+00:00,24.45,95.30976,1010.03595,8.209263,322.12494,0.5,98.0,53.0
2019-07-13 22:00:00+00:00,24.6,95.60199,1009.6365,8.891343,328.24057,0.1,97.0,51.0
2019-07-13 23:00:00+00:00,24.6,95.028595,1009.9364,8.942214,310.10083,0.7,93.0,53.0
2019-07-14 00:00:00+00:00,24.35,95.59394,1010.13586,6.9153743,321.34018,2.0,100.0,61.0
2019-07-14 01:00:00+00:00,24.15,99.40154,1010.3356,8.373386,295.46332,0.8,100.0,53.0
2019-07-14 02:00:00+00:00,25.15,94.76404,1010.9369,7.9932966,305.83774,0.1,58.0,51.0
2019-07-14 03:00:00+00:00,25.8,92.54989,1011.4376,9.504273,294.62354,0.2,48.0,51.0
2019-07-14 04:00:00+00:00,26.7,88.02104,1011.8386,12.522619,288.43503,0.1,56.0,51.0
2019-07-14 05:00:00+00:00,27.3,84.71895,1011.63965,13.237039,292.3802,0.1,84.0,51.0
2019-07-14 06:00:00+00:00,27.45,82.72955,1011.04034,12.4811535,303.23172,0.1,37.0,51.0
2019-07-14 07:00:00+00:00,27.8,79.1301,1010.4412,17.462782,284.32275,0.4,43.0,51.0
2019-07-14 08:00:00+00:00,26.75,84.91603,1010.1397,23.34455,289.8322,0.2,86.0,51.0
2019-07-14 09:00:00+00:00,26.3,87.19879,1009.43915,18.0,286.26028,2.1,96.0,61.0
2019-07-14 10:00:00+00:00,26.6,85.15609,1008.2403,16.746773,295.46332,0.0,50.0,2.0
2019-07-14 11:00:00+00:00,26.95,82.67109,1007.94116,16.516901,286.46008,0.1,68.0,51.0
2019-07-14 12:00:00+00:00,26.8,80.926544,1008.44055,20.65848,292.5431,1.9,94.0,61.0
2019-07-14 13:00:00+00:00,25.5,88.98716,1009.3382,16.831684,311.53168,0.1,54.0,51.0
2019-07-14 14:00:00+00:00,25.15,91.133255,1010.1372,14.05845,320.1945,0.0,56.0,2.0
2019-07-14 15:00:00+00:00,24.95,92.50422,1010.43677,9.605998,347.00537,0.0,35.0,1.0
2019-07-14 16:00:00+00:00,24.7,93.61285,1010.9363,8.825508,348.23172,0.0,70.0,2.0
2019-07-14 17:00:00+00:00,24.5,93.60355,1011.1358,9.3876505,355.60138,0.0,92.0,3.0
2019-07-14 18:00:00+00:00,24.3,93.877495,1011.43536,13.104198,322.81522,0.5,100.0,53.0
2019-07-14 19:00:00+00:00,24.4,95.595566,1010.13586,12.261157,319.7637,1.0,100.0,55.0
2019-07-14 20:00:00+00:00,24.3,95.88081,1009.2363,10.661107,348.31067,0.0,98.0,3.0
2019-07-14 21:00:00+00:00,24.25,95.30292,1009.0362,12.387348,324.46225,0.2,96.0,51.0
2019-07-14 22:00:00+00:00,24.3,93.877495,1008.7366,12.88981,324.09018,2.5,98.0,63.0
2019-07-14 23:00:00+00:00,24.0,96.16156,1008.4361,10.182337,351.87,0.0,98.0,3.0
2019-07-15 00:00:00+00:00,24.05,95.87326,1008.8359,10.514218,321.9529,0.0,100.0,3.0
2019-07-15 01:00:00+00:00,23.55,98.50309,1009.43506,13.324863,308.4181,0.7,100.0,53.0
2019-07-15 02:00:00+00:00,24.65,95.60361,1009.0368,9.693296,338.19852,0.2,100.0,51.0
2019-07-15 03:00:00+00:00,25.75,89.54341,1009.8383,12.496718,318.50363,0.1,96.0,51.0
2019-07-15 04:00:00+00:00,26.4,85.649605,1010.439,16.575644,304.3804,0.1,98.0,51.0
2019-07-15 05:00:00+00:00,26.95,83.6714,1010.34,15.629971,308.45374,0.2,97.0,51.0
2019-07-15 06:00:00+00:00,27.6,78.8646,1009.7413,18.86139,293.6294,0.2,96.0,51.0
2019-07-15 07:00:00+00:00,27.3,82.71206,1009.44073,21.407139,289.6539,0.3,96.0,51.0
2019-07-15 08:00:00+00:00,27.15,82.19888,1008.64105,20.073025,302.55,0.3,65.0,51.0
2019-07-15 09:00:00+00:00,27.5,80.04711,1007.54193,21.980644,301.60745,0.2,83.0,51.0
2019-07-15 10:00:00+00:00,27.25,81.22802,1007.1417,23.540806,293.4287,0.2,57.0,51.0
2019-07-15 11:00:00+00:00,26.6,84.13766,1007.34064,21.868332,302.90524,0.2,59.0,51.0
2019-07-15 12:00:00+00:00,27.1,81.94598,1006.8416,18.875126,304.90256,0.0,40.0,1.0
2019-07-15 13:00:00+00:00,26.45,84.88493,1007.1405,17.148247,309.0355,0.0,95.0,3.0
2019-07-15 14:00:00+00:00,26.0,88.492714,1007.73956,16.563911,312.3574,0.0,97.0,3.0
2019-07-15 15:00:00+00:00,25.8,90.62901,1008.8388,17.377226,309.9575,0.0,97.0,3.0
2019-07-15 16:00:00+00:00,25.85,89.82011,1009.7384,16.039202,314.0907,0.0,93.0,3.0
2019-07-15 17:00:00+00:00,25.6,90.88832,1009.9379,14.57889,327.09476,0.1,83.0,51.0
2019-07-15 18:00:00+00:00,25.3,91.692696,1009.8377,15.1884165,328.5705,0.0,23.0,1.0
2019-07-15 19:00:00+00:00,25.15,91.40814,1009.2377,17.0763,325.30478,0.2,32.0,51.0
2019-07-15 20:00:00+00:00,24.95,90.846016,1008.83746,17.208603,322.65057,0.3,47.0,51.0
2019-07-15 21:00:00+00:00,24.8,92.77536,1008.2375,15.815435,318.69147,0.1,33.0,51.0
2019-07-15 22:00:00+00:00,24.5,93.60355,1007.0377,15.175612,337.69376,0.4,5.0,51.0
2019-07-15 23:00:00+00:00,24.3,94.1614,1007.23724,13.779114,326.7251,0.0,90.0,3.0
2019-07-16 00:00:00+00:00,24.45,93.88412,1007.93695,14.84318,337.1663,0.0,92.0,3.0
2019-07-16 01:00:00+00:00,24.4,93.88195,1008.2368,12.904882,337.01126,0.0,85.0,3.0
2019-07-16 02:00:00+00:00,25.0,92.22882,1009.6371,15.530151,315.9391,0.2,90.0,51.0
2019-07-16 03:00:00+00:00,26.0,85.86857,1009.73865,20.746122,321.34018,0.2,95.0,51.0
2019-07-16 04:00:00+00:00,26.85,82.1628,1009.9399,21.203358,310.17917,0.3,92.0,51.0
2019-07-16 05:00:00+00:00,27.45,79.55986,1009.94086,21.986542,309.6854,0.2,48.0,51.0
2019-07-16 06:00:00+00:00,28.05,76.81957,1009.7419,23.773632,302.00534,0.2,24.0,51.0
2019-07-16 07:00:00+00:00,28.25,77.3132,1008.9425,24.387178,301.10873,0.1,16.0,51.0
2019-07-16 08:00:00+00:00,27.95,80.10667,1008.54205,26.208395,290.92456,0.1,16.0,51.0
2019-07-16 09:00:00+00:00,27.0,84.18092,1008.241,25.9225,297.27667,0.2,64.0,51.0
2019-07-16 10:00:00+00:00,26.7,84.14847,1007.34064,25.661207,304.136,0.2,73.0,51.0
2019-07-16 11:00:00+00:00,26.25,87.456635,1007.83984,25.140787,299.13422,0.2,72.0,51.0
2019-07-16 12:00:00+00:00,26.85,85.43747,1007.0412,21.566973,303.42484,0.3,82.0,51.0
2019-07-16 13:00:00+00:00,26.35,87.203186,1007.0406,19.373219,311.98712,0.0,97.0,3.0
2019-07-16 14:00:00+00:00,26.1,88.76684,1008.03937,18.504139,307.09293,0.0,95.0,3.0
2019-07-16 15:00:00+00:00,26.0,89.293526,1008.5392,19.134262,311.18582,0.0,93.0,3.0
2019-07-16 16:00:00+00:00,25.9,89.82374,1009.1386,19.61587,312.7688,0.0,97.0,3.0
2019-07-16 17:00:00+00:00,25.55,90.34036,1010.1378,23.688984,306.34756,0.2,99.0,51.0
2019-07-16 18:00:00+00:00,25.25,90.59229,1009.83734,20.421871,319.28925,0.2,95.0,51.0
2019-07-16 19:00:00+00:00,25.15,91.960144,1009.1377,18.899143,319.63553,0.0,91.0,3.0
2019-07-16 20:00:00+00:00,24.9,92.78058,1008.4377,15.807239,329.9315,0.0,83.0,3.0
2019-07-16 21:00:00+00:00,24.8,93.055336,1008.2375,13.324863,308.4181,0.1,100.0,51.0
2019-07-16 22:00:00+00:00,24.75,93.33361,1007.83765,21.767351,304.21576,0.8,96.0,53.0
2019-07-16 23:00:00+00:00,24.7,92.770164,1007.3379,18.584509,314.21527,0.2,90.0,51.0
2019-07-17 00:00:00+00:00,25.0,91.95147,1007.03827,16.279802,324.9041,0.1,100.0,51.0
2019-07-17 01:00:00+00:00,25.0,91.67481,1007.738,15.496736,329.2646,0.0,46.0,1.0
2019-07-17 02:00:00+00:00,25.45,89.52123,1008.1385,15.379206,339.44388,0.0,44.0,1.0
2019-07-17 03:00:00+00:00,26.3,84.86936,1008.53955,18.581022,324.46225,0.1,53.0,51.0
2019-07-17 04:00:00+00:00,26.75,83.64916,1008.64044,23.469128,318.73148,0.6,90.0,53.0
2019-07-17 05:00:00+00:00,27.2,83.19844,1008.741,22.691423,311.78442,0.1,94.0,51.0
2019-07-17 06:00:00+00:00,27.15,82.19888,1008.2412,23.469128,318.73148,0.1,68.0,51.0
2019-07-17 07:00:00+00:00,27.65,78.634384,1007.6422,27.217524,307.47626,0.3,60.0,51.0
2019-07-17 08:00:00+00:00,26.95,84.9367,1007.4414,23.4,300.51016,0.2,89.0,51.0
2019-07-17 09:00:00+00:00,26.6,84.90048,1007.04083,23.185787,306.15826,0.2,96.0,51.0
2019-07-17 10:00:00+00:00,25.7,87.93702,1006.73975,24.162947,298.4741,1.0,99.0,55.0
2019-07-17 11:00:00+00:00,25.45,90.3335,1006.1394,24.464113,302.98853,0.7,98.0,53.0
2019-07-17 12:00:00+00:00,26.4,84.624504,1005.54126,23.051247,308.65982,0.1,91.0,51.0
2019-07-17 13:00:00+00:00,25.75,88.20651,1005.84015,22.691423,311.78442,0.1,100.0,51.0
2019-07-17 14:00:00+00:00,25.55,88.99107,1006.7394,24.014996,310.13544,0.1,100.0,51.0
2019-07-17 15:00:00+00:00,24.95,91.94855,1007.9379,26.574244,305.628,1.2,100.0,55.0
2019-07-17 16:00:00+00:00,24.95,93.343216,1008.23773,23.950148,312.56332,0.3,100.0,51.0
2019-07-17 17:00:00+00:00,25.0,93.06532,1008.4377,22.45315,318.9006,0.1,97.0,51.0
2019-07-17 18:00:00+00:00,24.95,93.343216,1008.23773,22.401142,315.0001,0.1,100.0,51.0
2019-07-17 19:00:00+00:00,24.95,92.783165,1007.5381,23.424908,313.7547,0.2,99.0,51.0
2019-07-17 20:00:00+00:00,24.6,91.92833,1007.0377,26.009844,311.63345,0.9,98.0,53.0
2019-07-17 21:00:00+00:00,24.6,93.89077,1006.438,23.166216,315.62952,1.0,99.0,55.0
2019-07-17 22:00:00+00:00,24.55,93.60593,1005.6383,24.458813,317.38596,0.1,97.0,51.0
2019-07-17 23:00:00+00:00,24.5,94.169876,1005.7383,21.67487,318.36655,0.1,97.0,51.0
2019-07-18 00:00:00+00:00,24.55,94.172005,1006.438,18.626305,311.08167,0.2,97.0,51.0
2019-07-18 01:00:00+00:00,24.6,93.89077,1006.5379,18.626305,311.08167,0.1,99.0,51.0
2019-07-18 02:00:00+00:00,24.75,92.77276,1007.138,19.914215,310.60123,0.7,98.0,53.0
2019-07-18 03:00:00+00:00,25.05,92.788376,1007.4381,21.068459,303.147,1.7,99.0,61.0
2019-07-18 04:00:00+00:00,25.3,91.692696,1007.9386,23.358423,298.5399,1.5,98.0,61.0
2019-07-18 05:00:00+00:00,26.5,87.478455,1008.33997,21.42227,294.84235,0.3,99.0,51.0
2019-07-18 06:00:00+00:00,25.8,90.08663,1008.339,21.434364,299.14798,4.0,98.0,63.0
2019-07-18 07:00:00+00:00,26.6,86.964386,1007.5406,21.273533,293.9625,0.2,97.0,51.0
2019-07-18 08:00:00+00:00,26.05,89.297295,1007.1398,26.901417,285.52417,3.0,98.0,63.0
2019-07-18 09:00:00+00:00,26.15,87.71108,1006.54047,24.269983,290.85452,2.0,98.0,61.0
2019-07-18 10:00:00+00:00,25.35,91.971634,1005.9395,25.862436,286.16458,4.0,99.0,63.0
2019-07-18 11:00:00+00:00,25.1,91.40506,1005.53937,26.867676,287.9495,2.8,100.0,63.0
2019-07-18 12:00:00+00:00,24.65,95.030396,1005.4385,21.897945,297.4075,3.8,100.0,63.0
2019-07-18 13:00:00+00:00,23.95,98.804474,1006.13715,28.33957,295.58847,7.0,100.0,63.0
2019-07-18 14:00:00+00:00,24.7,92.49072,1006.7382,29.96662,298.7202,4.7,98.0,63.0
2019-07-18 15:00:00+00:00,23.9,98.50699,1007.13666,28.66694,305.28683,3.8,97.0,63.0
2019-07-18 16:00:00+00:00,24.5,93.60355,1007.83734,24.881702,301.39023,1.7,97.0,61.0
2019-07-18 17:00:00+00:00,23.9,98.80404,1008.4361,26.865265,302.4123,1.7,100.0,61.0
2019-07-18 18:00:00+00:00,23.8,98.505875,1008.23596,25.376808,301.6607,2.0,96.0,61.0
2019-07-18 19:00:00+00:00,23.75,98.80264,1007.8361,29.055367,303.887,2.8,100.0,63.0
2019-07-18 20:00:00+00:00,23.75,98.20873,1006.9366,27.579382,305.97247,2.0,99.0,61.0
2019-07-18 21:00:00+00:00,23.65,98.504196,1006.43646,26.14403,308.2902,1.2,99.0,55.0
2019-07-18 22:00:00+00:00,23.65,98.80181,1006.13654,25.068514,305.0595,1.6,100.0,61.0
2019-07-18 23:00:00+00:00,23.7,98.80222,1006.1369,25.661207,304.136,2.9,100.0,63.0
2019-07-19 00:00:00+00:00,24.5,93.321556,1006.5379,23.277834,320.64825,2.6,100.0,63.0
2019-07-19 01:00:00+00:00,24.5,91.64491,1006.5379,22.148046,315.65845,0.9,100.0,53.0
2019-07-19 02:00:00+00:00,24.95,93.624374,1006.93835,21.650938,312.97864,1.0,98.0,55.0
2019-07-19 03:00:00+00:00,24.95,91.67183,1007.4381,25.068514,305.0595,1.0,99.0,55.0
2019-07-19 04:00:00+00:00,25.35,92.248344,1007.63873,23.051247,308.65982,0.9,99.0,53.0
2019-07-19 05:00:00+00:00,25.35,91.420395,1007.8386,24.627789,307.87503,0.8,100.0,53.0
2019-07-19 06:00:00+00:00,25.45,90.87857,1007.53876,24.408424,307.208,1.2,100.0,55.0
2019-07-19 07:00:00+00:00,25.5,93.09027,1006.93933,25.233404,312.10864,0.4,100.0,51.0
2019-07-19 08:00:00+00:00,25.2,91.68675,1006.239,26.518099,311.69803,0.7,99.0,53.0
2019-07-19 09:00:00+00:00,26.0,89.56185,1005.7405,26.496098,306.7143,0.4,100.0,51.0
2019-07-19 10:00:00+00:00,25.0,91.95147,1005.439,27.267473,312.32452,1.4,99.0,61.0
2019-07-19 11:00:00+00:00,24.95,91.67183,1005.539,26.478971,313.89838,1.1,100.0,55.0
2019-07-19 12:00:00+00:00,24.5,92.20083,1005.33844,30.173496,305.77615,1.6,98.0,61.0
2019-07-19 13:00:00+00:00,23.35,98.79908,1006.23615,27.06472,298.61035,3.6,100.0,63.0
2019-07-19 14:00:00+00:00,23.65,98.504196,1006.73627,24.192429,306.52896,3.1,100.0,63.0
2019-07-19 15:00:00+00:00,24.05,98.80537,1007.23663,24.066206,304.641,2.0,100.0,61.0
2019-07-19 16:00:00+00:00,23.85,98.80356,1007.8361,25.683926,301.23917,2.6,100.0,63.0
2019-07-19 17:00:00+00:00,24.0,98.80488,1008.3361,23.277834,301.72354,2.2,100.0,61.0
2019-07-19 18:00:00+00:00,23.7,98.80222,1008.43585,26.178707,301.5042,2.5,100.0,63.0
2019-07-19 19:00:00+00:00,23.9,98.80404,1007.93634,22.104116,307.0566,1.7,94.0,61.0
2019-07-19 20:00:00+00:00,23.75,98.5053,1007.0365,23.0653,304.18616,0.9,100.0,53.0
2019-07-19 21:00:00+00:00,24.5,94.73918,1006.5379,20.08916,306.25394,1.4,94.0,61.0
2019-07-19 22:00:00+00:00,24.05,98.80537,1005.93726,22.782625,301.4295,1.1,99.0,55.0
2019-07-19 23:00:00+00:00,24.75,94.46421,1005.73865,21.096123,306.67444,0.5,99.0,53.0
2019-07-20 00:00:00+00:00,24.5,94.169876,1006.2381,20.188908,309.9363,0.6,100.0,53.0
2019-07-20 01:00:00+00:00,23.75,98.80264,1006.83655,24.912935,307.36673,2.6,100.0,63.0
2019-07-20 02:00:00+00:00,23.9,98.80404,1007.13666,21.252197,308.8114,1.8,100.0,61.0
2019-07-20 03:00:00+00:00,24.95,94.472275,1007.5381,20.972897,309.42776,0.5,99.0,53.0
2019-07-20 04:00:00+00:00,25.4,92.80652,1007.9386,19.881649,312.06424,0.4,98.0,51.0
2019-07-20 05:00:00+00:00,26.0,87.96233,1007.73956,22.691423,311.78442,0.4,98.0,51.0
2019-07-20 06:00:00+00:00,26.95,84.42859,1007.64124,22.218153,310.3998,0.0,99.0,3.0
2019-07-20 07:00:00+00:00,26.45,85.912415,1007.2405,21.203358,310.17917,0.1,99.0,51.0
2019-07-20 08:00:00+00:00,27.1,83.18704,1006.54175,22.26768,304.46088,0.3,99.0,51.0
2019-07-20 09:00:00+00:00,26.6,85.926994,1005.94135,20.68356,301.47678,0.1,100.0,51.0
2019-07-20 10:00:00+00:00,25.55,89.2595,1005.6399,26.260265,298.67307,0.4,99.0,51.0
2019-07-20 11:00:00+00:00,25.85,88.747086,1005.2405,23.847115,298.88647,0.1,100.0,51.0
2019-07-20 12:00:00+00:00,25.1,92.5123,1005.9392,16.418526,307.87503,0.0,100.0,3.0
2019-07-20 13:00:00+00:00,25.0,92.50694,1006.4386,17.713316,307.56866,0.5,100.0,53.0
2019-07-20 14:00:00+00:00,23.95,98.507545,1007.5365,15.021105,314.02905,0.9,100.0,53.0
2019-07-20 15:00:00+00:00,23.9,99.10186,1007.93634,14.88242,302.15228,1.5,100.0,61.0
2019-07-20 16:00:00+00:00,24.0,99.102486,1008.73596,13.684735,305.36255,0.8,100.0,53.0
2019-07-20 17:00:00+00:00,24.0,99.102486,1009.3357,15.876775,302.96942,1.0,100.0,55.0
2019-07-20 18:00:00+00:00,24.1,99.103165,1009.0362,14.799459,318.94528,0.5,100.0,53.0
2019-07-20 19:00:00+00:00,24.0,99.102486,1008.2362,13.551501,320.38934,1.0,93.0,55.0
2019-07-20 20:00:00+00:00,23.95,99.40065,1007.4366,13.281023,327.17145,0.2,100.0,51.0
2019-07-20 21:00:00+00:00,23.9,99.40044,1006.8368,13.779114,326.7251,0.9,100.0,53.0
2019-07-20 22:00:00+00:00,24.0,99.400856,1006.2371,20.304129,307.07315,0.7,100.0,53.0
2019-07-20 23:00:00+00:00,24.0,99.102486,1006.13715,19.09358,314.23618,1.0,100.0,55.0
2019-07-21 00:00:00+00:00,24.95,94.75636,1005.8388,20.633371,312.8789,0.5,100.0,53.0
2019-07-21 01:00:00+00:00,24.45,99.105484,1006.33765,20.364674,315.0001,1.4,100.0,61.0
2019-07-21 02:00:00+00:00,24.65,99.10686,1006.93774,18.844202,313.4519,1.4,100.0,61.0
2019-07-21 03:00:00+00:00,24.8,99.107834,1007.238,18.899143,310.36444,0.7,100.0,53.0
2019-07-21 04:00:00+00:00,25.55,92.536514,1007.639,23.233252,310.6012,1.0,100.0,55.0
2019-07-21 05:00:00+00:00,25.95,92.006,1007.5396,22.657131,315.64368,0.7,100.0,53.0
2019-07-21 06:00:00+00:00,25.85,91.725266,1007.3395,21.897945,316.33215,0.3,100.0,51.0
2019-07-21 07:00:00+00:00,25.95,92.55786,1006.93994,21.382906,315.0001,0.4,100.0,51.0
2019-07-21 08:00:00+00:00,26.4,91.211845,1006.1409,20.371038,313.56796,0.3,100.0,51.0
2019-07-21 09:00:00+00:00,26.5,89.59858,1005.44135,22.66857,313.06943,0.5,100.0,53.0
2019-07-21 10:00:00+00:00,26.05,86.132675,1004.94086,28.227304,307.74686,0.3,100.0,51.0
2019-07-21 11:00:00+00:00,25.65,91.16482,1004.8403,24.458813,312.614,0.5,100.0,53.0
2019-07-21 12:00:00+00:00,24.75,94.74875,1005.83856,18.0,323.13,0.5,100.0,53.0
2019-07-21 13:00:00+00:00,24.85,93.33844,1006.0385,21.382906,315.0001,2.2,99.0,61.0
2019-07-21 14:00:00+00:00,24.0,99.102486,1006.7369,22.218153,319.60016,0.4,100.0,51.0
2019-07-21 15:00:00+00:00,24.05,98.80537,1007.23663,21.38897,313.63614,0.6,100.0,53.0
2019-07-21 16:00:00+00:00,24.0,98.80488,1008.1362,20.633371,312.8789,1.4,100.0,61.0
2019-07-21 17:00:00+00:00,23.9,99.10186,1008.1362,19.586119,323.97253,2.0,100.0,61.0
2019-07-21 18:00:00+00:00,23.9,99.10186,1007.93634,19.08,328.10925,1.1,100.0,55.0
2019-07-21 19:00:00+00:00,24.0,99.102486,1007.23663,20.304129,322.92685,1.3,100.0,61.0
2019-07-21 20:00:00+00:00,23.85,99.10151,1006.73663,18.278645,327.87503,1.0,100.0,55.0
2019-07-21 21:00:00+00:00,23.85,99.10151,1006.1369,17.287498,328.62704,0.5,99.0,53.0
2019-07-21 22:00:00+00:00,23.9,98.80404,1005.93726,20.898613,312.2072,0.5,100.0,53.0
2019-07-21 23:00:00+00:00,23.9,98.80404,1005.8373,23.441502,312.5104,0.6,100.0,53.0
2019-07-22 00:00:00+00:00,24.8,96.184044,1005.6387,16.179987,327.72437,0.3,99.0,51.0
2019-07-22 01:00:00+00:00,24.5,99.10584,1005.6383,18.971008,326.61145,1.4,100.0,61.0
2019-07-22 02:00:00+00:00,24.3,99.402245,1005.93787,19.008547,335.37646,0.8,99.0,53.0
2019-07-22 03:00:00+00:00,25.0,95.32858,1006.73846,19.64228,333.90463,0.0,99.0,3.0
2019-07-22 04:00:00+00:00,25.3,93.360054,1007.23895,23.277834,328.27643,0.0,100.0,3.0
2019-07-22 05:00:00+00:00,26.8,84.41262,1007.1411,22.473343,324.78232,0.0,100.0,3.0
2019-07-22 06:00:00+00:00,27.1,79.75282,1007.1415,24.967497,317.33734,0.0,100.0,3.0
2019-07-22 07:00:00+00:00,27.05,81.69355,1006.8416,25.02971,319.66693,0.0,100.0,3.0
2019-07-22 08:00:00+00:00,27.05,80.95845,1006.44183,23.770906,324.86572,0.1,100.0,51.0
2019-07-22 09:00:00+00:00,27.2,78.57091,1005.6424,24.344624,321.6048,0.0,100.0,3.0
2019-07-22 10:00:00+00:00,25.8,87.68101,1005.44037,22.66857,316.93057,0.5,100.0,53.0
2019-07-22 11:00:00+00:00,25.8,86.10864,1004.74066,18.847641,331.477,0.0,100.0,3.0
2019-07-22 12:00:00+00:00,26.35,82.35118,1005.8411,20.456745,331.63104,0.1,100.0,51.0
2019-07-22 13:00:00+00:00,25.75,84.04516,1006.14,19.969458,332.04913,0.0,100.0,3.0
2019-07-22 14:00:00+00:00,25.45,83.50349,1006.9391,19.130875,340.20102,0.0,100.0,3.0
2019-07-22 15:00:00+00:00,25.05,86.29778,1007.638,17.533146,340.8209,0.0,100.0,3.0
2019-07-22 16:00:00+00:00,24.9,87.07317,1008.03784,19.137648,343.61038,0.0,100.0,3.0
2019-07-22 17:00:00+00:00,24.95,83.19276,1008.13776,19.9954,346.4641,0.0,100.0,3.0
2019-07-22 18:00:00+00:00,24.7,86.002174,1007.83765,18.430452,347.5926,0.0,100.0,3.0
2019-07-22 19:00:00+00:00,24.45,87.29782,1007.23724,17.581125,349.3804,0.0,100.0,3.0
2019-07-22 20:00:00+00:00,24.35,86.49427,1006.7375,16.766108,345.06854,0.0,100.0,3.0
2019-07-22 21:00:00+00:00,24.1,87.53331,1006.1375,15.978486,345.65063,0.0,100.0,3.0
2019-07-22 22:00:00+00:00,24.0,88.59935,1005.8373,15.379206,343.68607,0.0,100.0,3.0
2019-07-22 23:00:00+00:00,23.95,89.95552,1005.73737,15.646544,336.9745,0.1,100.0,51.0
2019-07-23 00:00:00+00:00,23.9,84.35764,1006.2371,17.026896,346.55136,0.4,100.0,51.0
2019-07-23 01:00:00+00:00,24.0,85.40918,1006.6369,15.141414,341.99573,0.1,76.0,51.0
2019-07-23 02:00:00+00:00,24.45,87.03238,1007.33716,14.24163,339.27435,0.0,68.0,2.0
2019-07-23 03:00:00+00:00,25.3,85.540146,1007.9386,13.570615,338.19852,0.0,86.0,3.0
2019-07-23 04:00:00+00:00,26.55,81.38546,1008.2403,13.854155,335.43283,0.0,76.0,2.0
2019-07-23 05:00:00+00:00,27.7,75.61503,1008.14197,17.713316,322.43134,0.1,58.0,51.0
2019-07-23 06:00:00+00:00,28.3,72.57459,1007.84296,22.26477,309.09384,0.2,85.0,51.0
2019-07-23 07:00:00+00:00,28.05,75.67009,1007.34296,19.164717,298.00906,0.1,80.0,51.0
2019-07-23 08:00:00+00:00,28.1,76.365585,1007.143,21.129885,293.07043,0.1,82.0,51.0
2019-07-23 09:00:00+00:00,26.95,82.17484,1006.64166,18.678415,297.55273,0.2,91.0,51.0
2019-07-23 10:00:00+00:00,27.05,81.44788,1006.1419,19.296135,306.6562,0.0,93.0,3.0
2019-07-23 11:00:00+00:00,26.4,81.61331,1006.3409,22.539564,296.56497,0.1,87.0,51.0
2019-07-23 12:00:00+00:00,26.4,85.649605,1006.54083,15.077082,303.31064,0.0,81.0,3.0
2019-07-23 13:00:00+00:00,25.85,86.89626,1007.1395,14.4,306.86996,0.0,99.0,3.0
2019-07-23 14:00:00+00:00,25.7,87.93702,1008.0392,14.021525,311.87778,0.0,100.0,3.0
2019-07-23 15:00:00+00:00,25.5,88.71935,1008.6385,13.324863,321.5819,0.0,99.0,3.0
2019-07-23 16:00:00+00:00,25.2,88.69551,1009.1377,14.799459,318.94528,0.1,99.0,51.0
2019-07-23 17:00:00+00:00,24.9,89.21009,1009.1373,14.618837,322.00122,0.0,100.0,3.0
2019-07-23 18:00:00+00:00,24.65,90.00543,1008.83685,11.592895,334.2307,0.0,99.0,3.0
2019-07-23 19:00:00+00:00,24.3,91.63296,1008.2368,11.090103,346.86597,0.0,98.0,3.0
2019-07-23 20:00:00+00:00,24.05,93.01761,1007.93634,11.631956,338.19852,0.0,100.0,3.0
2019-07-23 21:00:00+00:00,23.95,93.294876,1007.6364,12.313893,344.7448,0.0,100.0,3.0
2019-07-23 22:00:00+00:00,23.9,93.29249,1007.3366,12.661564,345.17346,0.0,100.0,3.0
2019-07-23 23:00:00+00:00,23.85,93.007454,1007.7362,11.726277,342.12122,0.0,100.0,3.0
2019-07-24 00:00:00+00:00,24.15,91.623924,1007.9367,10.966713,336.8014,0.0,99.0,3.0
2019-07-24 01:00:00+00:00,24.1,91.62089,1008.0366,11.440979,335.85446,0.0,97.0,3.0
2019-07-24 02:00:00+00:00,24.55,90.545296,1008.83685,11.592895,334.2307,0.0,95.0,3.0
2019-07-24 03:00:00+00:00,25.65,87.40401,1009.13824,11.113451,335.09525,0.0,34.0,1.0
2019-07-24 04:00:00+00:00,27.1,80.23569,1009.24054,15.815435,318.69147,0.0,45.0,1.0
2019-07-24 05:00:00+00:00,27.8,77.24657,1009.1418,16.575644,304.3804,0.0,54.0,2.0
2019-07-24 06:00:00+00:00,28.05,77.28364,1008.64233,18.532133,294.0755,0.0,41.0,1.0
2019-07-24 07:00:00+00:00,27.7,79.83332,1007.8421,19.855558,292.3802,0.0,28.0,1.0
2019-07-24 08:00:00+00:00,27.75,79.361496,1007.0425,20.945072,294.36243,0.0,10.0,0.0
2019-07-24 09:00:00+00:00,27.6,80.54309,1006.5427,20.447239,296.11386,0.0,23.0,1.0
2019-07-24 10:00:00+00:00,27.3,81.72429,1006.2421,20.288164,297.47433,0.0,17.0,0.0
2019-07-24 11:00:00+00:00,26.85,84.16472,1006.3415,20.456745,298.36896,0.0,48.0,1.0
2019-07-24 12:00:00+00:00,26.8,83.654724,1007.0412,17.287498,301.37296,0.0,71.0,2.0
2019-07-24 13:00:00+00:00,26.2,84.85897,1007.0402,16.981165,302.00534,0.0,97.0,3.0
2019-07-24 14:00:00+00:00,26.0,87.172,1007.93945,16.676977,302.6609,0.0,71.0,2.0
2019-07-24 15:00:00+00:00,25.75,89.54341,1008.73883,14.84318,309.09384,0.0,27.0,1.0
2019-07-24 16:00:00+00:00,25.55,90.34036,1009.5381,14.336861,308.8845,0.0,37.0,1.0
2019-07-24 17:00:00+00:00,25.3,90.86884,1010.1376,12.475961,313.83093,0.0,31.0,1.0
2019-07-24 18:00:00+00:00,25.1,91.68076,1010.1372,12.261157,319.7637,0.0,86.0,3.0
2019-07-24 19:00:00+00:00,24.9,92.501564,1009.937,10.587918,324.6887,0.0,65.0,2.0
2019-07-24 20:00:00+00:00,24.6,93.60821,1009.2367,9.693296,328.67136,0.0,93.0,3.0
2019-07-24 21:00:00+00:00,24.5,94.169876,1008.9368,10.1887,327.99466,0.0,95.0,3.0
2019-07-24 22:00:00+00:00,24.4,94.73537,1008.6366,10.383987,326.3099,0.0,93.0,3.0
2019-07-24 23:00:00+00:00,24.45,94.73724,1009.33624,12.4811535,303.23172,0.0,98.0,3.0
2019-07-25 00:00:00+00:00,24.7,94.17836,1008.63727,10.195057,312.1375,0.2,82.0,51.0
2019-07-25 01:00:00+00:00,24.7,93.89521,1008.9372,12.096214,323.47104,0.0,52.0,2.0
2019-07-25 02:00:00+00:00,25.25,91.414276,1009.53754,12.181624,325.84024,0.0,49.0,1.0
2019-07-25 03:00:00+00:00,26.05,87.439125,1010.43835,13.217443,299.35767,0.1,51.0,51.0
2019-07-25 04:00:00+00:00,26.5,84.89013,1010.93884,15.463246,294.77512,0.2,53.0,51.0
2019-07-25 05:00:00+00:00,26.6,87.22542,1011.039,16.279802,288.03436,0.2,46.0,51.0
2019-07-25 06:00:00+00:00,26.9,85.95614,1010.8394,16.965895,287.2816,0.2,61.0,51.0
2019-07-25 07:00:00+00:00,26.45,87.73677,1010.539,17.654688,290.28265,0.2,70.0,51.0
2019-07-25 08:00:00+00:00,27.0,83.676956,1009.5404,16.595179,294.34106,0.2,67.0,51.0
2019-07-25 09:00:00+00:00,27.0,83.17561,1009.04065,18.720001,292.6199,0.2,63.0,51.0
2019-07-25 10:00:00+00:00,26.45,85.65453,1008.24005,18.837322,296.0753,0.4,32.0,51.0
2019-07-25 11:00:00+00:00,26.45,85.1408,1008.0401,19.161337,295.60214,0.3,27.0,51.0
2019-07-25 12:00:00+00:00,26.4,86.6856,1008.1401,16.179985,290.85452,0.2,33.0,51.0
2019-07-25 13:00:00+00:00,25.75,90.89802,1008.63885,15.596767,288.85324,0.0,28.0,1.0
2019-07-25 14:00:00+00:00,25.55,91.98313,1009.4382,14.986553,294.10223,0.0,25.0,1.0
2019-07-25 15:00:00+00:00,25.5,91.98026,1009.9379,13.70839,299.93143,0.0,13.0,0.0
2019-07-25 16:00:00+00:00,25.35,93.0828,1010.8373,13.479583,304.1145,0.0,28.0,1.0
2019-07-25 17:00:00+00:00,25.2,93.35523,1011.23676,13.324863,308.4181,0.1,34.0,51.0
2019-07-25 18:00:00+00:00,25.1,93.63131,1011.0368,12.229406,312.614,0.1,64.0,51.0
2019-07-25 19:00:00+00:00,24.95,94.188896,1010.2368,14.021525,318.12222,0.1,83.0,51.0
2019-07-25 20:00:00+00:00,24.85,93.90185,1009.63684,11.792404,328.73633,0.0,96.0,3.0
2019-07-25 21:00:00+00:00,24.6,94.458176,1008.83685,12.287555,328.17258,0.0,100.0,3.0
2019-07-25 22:00:00+00:00,24.6,93.89077,1008.4371,11.4862,327.8043,0.0,94.0,3.0
2019-07-25 23:00:00+00:00,24.3,95.017715,1008.5366,11.183201,326.82147,0.0,96.0,3.0
2019-07-26 00:00:00+00:00,24.35,93.87967,1009.13635,11.753877,332.6502,0.0,92.0,3.0
2019-07-26 01:00:00+00:00,24.55,92.20369,1009.73645,11.885453,324.86572,0.0,100.0,3.0
2019-07-26 02:00:00+00:00,24.9,91.39277,1010.2368,11.923557,331.11353,0.0,100.0,3.0
2019-07-26 03:00:00+00:00,25.65,86.35479,1010.9375,15.021105,315.97092,0.0,100.0,3.0
2019-07-26 04:00:00+00:00,26.4,83.10695,1011.3386,17.786331,305.9422,0.2,100.0,51.0
2019-07-26 05:00:00+00:00,26.55,83.62687,1010.83905,18.971008,303.38855,0.5,98.0,53.0
2019-07-26 06:00:00+00:00,27.15,80.48463,1010.7401,20.12461,296.56497,0.2,99.0,51.0
2019-07-26 07:00:00+00:00,27.05,82.18689,1010.04016,19.33639,298.9509,0.0,98.0,3.0
2019-07-26 08:00:00+00:00,27.35,81.48516,1008.8413,19.483284,297.5119,0.0,98.0,3.0
2019-07-26 09:00:00+00:00,27.05,82.4345,1007.94116,19.813087,294.7024,0.0,100.0,3.0
2019-07-26 10:00:00+00:00,26.7,84.14847,1007.6405,19.64228,296.09537,0.0,100.0,3.0
2019-07-26 11:00:00+00:00,26.45,84.62973,1007.7403,19.881649,301.6754,0.0,100.0,3.0
2019-07-26 12:00:00+00:00,26.3,85.12549,1007.6399,16.434305,298.8107,0.0,100.0,3.0
2019-07-26 13:00:00+00:00,25.8,85.849014,1008.0392,14.77755,304.07724,0.0,100.0,3.0
2019-07-26 14:00:00+00:00,25.5,87.12721,1008.73846,13.684735,305.36255,0.0,100.0,3.0
2019-07-26 15:00:00+00:00,25.35,88.70744,1009.23804,12.819235,308.15726,0.0,100.0,3.0
2019-07-26 16:00:00+00:00,25.15,90.585625,1010.1372,12.218805,315.0001,0.0,96.0,3.0
2019-07-26 17:00:00+00:00,24.9,91.94571,1010.43677,12.031756,321.07245,0.0,98.0,3.0
2019-07-26 18:00:00+00:00,24.75,93.052795,1010.1366,10.799999,323.13004,0.0,98.0,3.0
2019-07-26 19:00:00+00:00,24.55,94.172005,1009.43665,9.885262,326.88864,0.0,99.0,3.0
2019-07-26 20:00:00+00:00,24.35,95.0195,1008.8365,9.504273,335.37646,0.0,95.0,3.0
2019-07-26 21:00:00+00:00,24.1,95.58587,1008.2366,9.227524,339.44388,0.0,95.0,3.0
2019-07-26 22:00:00+00:00,24.05,95.58425,1007.93634,8.891344,338.6293,0.0,98.0,3.0
2019-07-26 23:00:00+00:00,23.95,95.87019,1007.93634,8.766573,340.8209,0.0,100.0,3.0
2019-07-27 00:00:00+00:00,24.2,95.58911,1008.13654,8.373386,334.53668,0.0,100.0,3.0
2019-07-27 01:00:00+00:00,24.15,95.58748,1008.63635,7.8625183,344.05453,0.0,100.0,3.0
2019-07-27 02:00:00+00:00,25.0,92.78578,1009.4372,6.9899354,348.11136,0.0,99.0,3.0
2019-07-27 03:00:00+00:00,26.15,86.92357,1009.9389,9.021574,331.38962,0.1,99.0,51.0
2019-07-27 04:00:00+00:00,26.85,83.66028,1010.23975,11.090103,305.75397,0.2,99.0,51.0
2019-07-27 05:00:00+00:00,27.3,81.2343,1010.1403,13.854155,294.56717,0.1,100.0,51.0
2019-07-27 06:00:00+00:00,27.5,81.25943,1009.7409,15.034041,286.6993,0.1,100.0,51.0
2019-07-27 07:00:00+00:00,27.3,82.96061,1009.0409,14.973576,279.68872,0.0,99.0,3.0
2019-07-27 08:00:00+00:00,27.4,83.2212,1008.2416,16.039202,279.0394,0.1,100.0,51.0
2019-07-27 09:00:00+00:00,27.5,82.73537,1007.64185,16.454008,280.08054,0.1,100.0,51.0
2019-07-27 10:00:00+00:00,27.35,83.71576,1007.24207,16.520823,281.3099,0.0,100.0,3.0
2019-07-27 11:00:00+00:00,26.75,86.97793,1007.2411,16.766108,284.93146,0.0,100.0,3.0
2019-07-27 12:00:00+00:00,26.4,90.12864,1007.64026,14.799459,288.43503,0.0,100.0,3.0
2019-07-27 13:00:00+00:00,26.05,91.463135,1008.33923,15.778518,297.1496,0.0,100.0,3.0
2019-07-27 14:00:00+00:00,25.75,91.9946,1009.0387,15.379206,302.57404,0.0,100.0,3.0
2019-07-27 15:00:00+00:00,25.5,92.81169,1009.63806,14.4,306.86996,0.0,99.0,3.0
2019-07-27 16:00:00+00:00,25.35,93.92388,1010.4375,14.021525,311.87778,0.0,100.0,3.0
2019-07-27 17:00:00+00:00,25.25,94.76783,1010.63696,13.746156,315.0001,0.0,97.0,3.0
2019-07-27 18:00:00+00:00,25.1,95.61805,1010.33716,14.003028,316.04153,0.0,95.0,3.0
2019-07-27 19:00:00+00:00,25.05,95.9034,1009.6371,14.255272,315.0001,0.0,99.0,3.0
2019-07-27 20:00:00+00:00,25.0,95.90185,1008.93744,15.281989,316.90915,0.0,98.0,3.0
2019-07-27 21:00:00+00:00,24.85,95.897354,1008.53735,15.629971,321.54626,0.0,50.0,2.0
2019-07-27 22:00:00+00:00,24.7,94.462234,1008.0376,15.1884165,328.5705,0.0,91.0,3.0
2019-07-27 23:00:00+00:00,24.5,94.45413,1008.13715,14.33234,334.72232,0.0,98.0,3.0
2019-07-28 00:00:00+00:00,24.95,93.90625,1008.3377,12.55879,332.7005,0.0,97.0,3.0
2019-07-28 01:00:00+00:00,24.85,93.90185,1008.8372,12.24,331.9276,0.0,97.0,3.0
2019-07-28 02:00:00+00:00,25.5,91.704544,1009.83795,13.281023,327.17145,0.0,94.0,3.0
2019-07-28 03:00:00+00:00,26.3,87.19879,1010.0388,15.273505,315.0001,0.1,88.0,51.0
2019-07-28 04:00:00+00:00,27.3,81.47898,1010.3403,16.992609,306.38446,0.1,78.0,51.0
2019-07-28 05:00:00+00:00,28.0,78.21195,1010.04175,17.595861,300.76263,0.0,89.0,3.0
2019-07-28 06:00:00+00:00,28.45,75.50517,1009.7425,18.678415,297.55273,0.0,94.0,3.0
2019-07-28 07:00:00+00:00,28.7,74.64138,1009.24304,19.66536,293.7495,0.0,93.0,3.0
2019-07-28 08:00:00+00:00,28.45,76.64913,1008.3431,20.49156,288.43503,0.0,97.0,3.0
2019-07-28 09:00:00+00:00,28.15,78.46866,1007.6428,20.188908,291.99118,0.0,97.0,3.0
2019-07-28 10:00:00+00:00,27.75,80.80462,1007.0425,20.393293,290.6745,0.0,89.0,3.0
2019-07-28 11:00:00+00:00,27.35,83.96684,1006.9422,19.66536,293.7495,0.0,43.0,1.0
2019-07-28 12:00:00+00:00,26.6,86.44433,1007.5406,17.068707,297.64587,0.0,56.0,2.0
2019-07-28 13:00:00+00:00,26.0,88.492714,1007.8395,16.075521,304.046,0.0,97.0,3.0
2019-07-28 14:00:00+00:00,25.7,89.53973,1008.53894,15.072783,310.1559,0.0,96.0,3.0
2019-07-28 15:00:00+00:00,25.6,89.80209,1009.0383,14.565548,309.98682,0.0,93.0,3.0
2019-07-28 16:00:00+00:00,25.45,90.87857,1009.6378,13.783817,310.76352,0.0,93.0,3.0
2019-07-28 17:00:00+00:00,25.25,92.242744,1009.83734,12.496718,311.49637,0.0,89.0,3.0
2019-07-28 18:00:00+00:00,25.05,93.91072,1009.937,11.720751,312.5104,0.0,87.0,3.0
2019-07-28 19:00:00+00:00,24.8,95.60842,1009.23706,10.691453,315.0001,0.0,84.0,3.0
2019-07-28 20:00:00+00:00,24.65,96.469086,1008.63696,10.514218,321.9529,0.0,98.0,3.0
2019-07-28 21:00:00+00:00,24.5,97.338455,1008.13715,9.957108,319.39877,0.0,98.0,3.0
2019-07-28 22:00:00+00:00,24.5,97.338455,1007.83734,10.97262,318.991,0.1,100.0,51.0
2019-07-28 23:00:00+00:00,24.45,96.75432,1008.1368,13.044722,320.59937,0.2,97.0,51.0
2019-07-29 00:00:00+00:00,24.7,95.03221,1008.43744,10.883676,325.78424,0.1,96.0,51.0
2019-07-29 01:00:00+00:00,24.5,95.31149,1009.0368,9.511088,330.5242,0.0,94.0,3.0
2019-07-29 02:00:00+00:00,25.1,92.5123,1009.7374,13.004922,318.36655,0.1,94.0,51.0
2019-07-29 03:00:00+00:00,26.1,86.65782,1010.3383,14.84318,309.09384,0.3,99.0,51.0
2019-07-29 04:00:00+00:00,27.05,82.18689,1010.6399,16.485485,301.60745,0.4,99.0,51.0
2019-07-29 05:00:00+00:00,27.3,81.47898,1010.54016,18.25026,292.01132,0.6,91.0,53.0
2019-07-29 06:00:00+00:00,27.6,80.30139,1009.8412,18.448023,287.0206,0.1,90.0,51.0
2019-07-29 07:00:00+00:00,27.7,80.07361,1009.14154,18.35647,281.3099,0.1,96.0,51.0
2019-07-29 08:00:00+00:00,27.75,79.84001,1008.4419,18.64369,280.0079,0.0,94.0,3.0
2019-07-29 09:00:00+00:00,27.6,80.30139,1007.7422,18.709612,281.0937,0.0,93.0,3.0
2019-07-29 10:00:00+00:00,27.35,81.48516,1007.24207,18.079027,282.65256,0.0,97.0,3.0
2019-07-29 11:00:00+00:00,27.0,83.676956,1007.24146,18.079027,282.65256,0.0,97.0,3.0
2019-07-29 12:00:00+00:00,26.35,86.94175,1007.54034,16.610792,299.8988,0.0,99.0,3.0
2019-07-29 13:00:00+00:00,25.7,89.53973,1008.1391,16.199999,306.86996,0.0,99.0,3.0
2019-07-29 14:00:00+00:00,25.45,89.79126,1008.8382,15.580141,310.31403,0.0,97.0,3.0
2019-07-29 15:00:00+00:00,25.35,89.78402,1009.6378,15.281989,316.90915,0.0,71.0,2.0
2019-07-29 16:00:00+00:00,25.2,90.316315,1010.2372,13.551501,320.38934,0.0,96.0,3.0
2019-07-29 17:00:00+00:00,25.05,91.12692,1010.73663,12.387348,324.46225,0.0,99.0,3.0
2019-07-29 18:00:00+00:00,24.9,92.22325,1010.6366,11.983188,327.26477,0.0,96.0,3.0
2019-07-29 19:00:00+00:00,24.7,93.33119,1009.83673,10.990322,328.39255,0.0,89.0,3.0
2019-07-29 20:00:00+00:00,24.55,94.172005,1009.3366,10.30883,335.22488,0.0,99.0,3.0
2019-07-29 21:00:00+00:00,24.5,94.169876,1009.0368,9.83268,336.2505,0.0,99.0,3.0
2019-07-29 22:00:00+00:00,24.25,95.01585,1008.83624,8.891344,338.6293,0.0,99.0,3.0
2019-07-29 23:00:00+00:00,24.1,95.29773,1009.0362,8.557102,345.3791,0.0,99.0,3.0
2019-07-30 00:00:00+00:00,24.6,94.17412,1009.2367,9.227524,339.44388,0.0,99.0,3.0
2019-07-30 01:00:00+00:00,24.8,93.055336,1009.63684,8.891343,328.24057,0.1,99.0,51.0
2019-07-30 02:00:00+00:00,25.4,90.330086,1010.23755,9.659814,333.43503,0.0,98.0,3.0
2019-07-30 03:00:00+00:00,26.3,85.639725,1010.7385,11.480557,318.81418,0.1,98.0,51.0
2019-07-30 04:00:00+00:00,27.35,80.26858,1010.94037,12.4811535,303.23172,0.2,97.0,51.0
2019-07-30 05:00:00+00:00,27.75,79.361496,1010.94073,14.917212,289.74692,0.2,86.0,51.0
2019-07-30 06:00:00+00:00,27.7,80.31452,1010.74084,15.379206,286.31393,0.1,85.0,51.0
2019-07-30 07:00:00+00:00,27.95,78.91332,1010.0414,15.379206,286.31393,0.1,71.0,51.0
2019-07-30 08:00:00+00:00,28.2,79.66112,1009.2424,15.281989,285.0184,0.1,87.0,51.0
2019-07-30 09:00:00+00:00,27.9,81.06638,1008.64197,16.766108,284.93146,0.0,81.0,3.0
2019-07-30 10:00:00+00:00,27.45,83.4765,1008.1416,16.055353,289.6539,0.0,85.0,3.0
2019-07-30 11:00:00+00:00,27.0,85.70878,1008.141,15.844089,291.318,0.0,78.0,2.0
2019-07-30 12:00:00+00:00,26.4,87.73252,1007.8402,17.114204,292.24908,0.0,70.0,2.0
2019-07-30 13:00:00+00:00,25.65,90.89154,1008.6385,17.238699,298.70584,0.0,26.0,1.0
2019-07-30 14:00:00+00:00,25.45,91.42653,1009.33795,15.379206,302.57404,0.0,34.0,1.0
2019-07-30 15:00:00+00:00,25.4,92.25111,1010.33746,14.291592,310.91428,0.0,70.0,2.0
2019-07-30 16:00:00+00:00,25.2,93.35523,1011.0368,11.019764,321.63248,0.0,52.0,2.0
2019-07-30 17:00:00+00:00,24.95,94.188896,1011.73615,9.511088,330.5242,0.0,11.0,0.0
2019-07-30 18:00:00+00:00,24.8,94.466255,1012.03577,9.504273,335.37646,0.0,29.0,1.0
2019-07-30 19:00:00+00:00,24.7,94.746826,1011.33606,10.144082,332.52567,0.0,12.0,0.0
2019-07-30 20:00:00+00:00,24.5,96.17562,1010.736,10.163227,337.06787,0.0,20.0,1.0
2019-07-30 21:00:00+00:00,24.35,95.30632,1010.03595,10.538843,352.14676,0.0,57.0,2.0
2019-07-30 22:00:00+00:00,24.15,94.72575,1010.1356,12.287555,328.17258,0.0,66.0,2.0
2019-07-30 23:00:00+00:00,24.35,93.03269,1010.73566,12.682018,325.40765,0.1,90.0,51.0
2019-07-31 00:00:00+00:00,24.3,95.59233,1010.13586,9.387651,327.52884,0.0,94.0,3.0
2019-07-31 01:00:00+00:00,24.7,94.462234,1010.53644,8.373386,334.53668,0.0,98.0,3.0
2019-07-31 02:00:00+00:00,25.3,91.417336,1011.0372,10.966713,336.8014,0.0,98.0,3.0
2019-07-31 03:00:00+00:00,26.15,86.40204,1011.53815,12.287555,328.17258,0.0,95.0,3.0
2019-07-31 04:00:00+00:00,27.35,80.02719,1011.83997,13.896187,306.57312,0.0,99.0,3.0
2019-07-31 05:00:00+00:00,27.75,78.41198,1011.74036,14.386494,301.7014,0.0,93.0,3.0
2019-07-31 06:00:00+00:00,28.45,76.41911,1011.2418,15.379206,290.55612,0.0,89.0,3.0
2019-07-31 07:00:00+00:00,28.15,78.46866,1010.74146,17.811815,284.03625,0.0,79.0,2.0
2019-07-31 08:00:00+00:00,27.95,78.91332,1010.0414,18.161278,283.7608,0.0,62.0,2.0
2019-07-31 09:00:00+00:00,27.75,79.361496,1009.2415,18.692286,285.6423,0.0,24.0,1.0
2019-07-31 10:00:00+00:00,27.5,81.74883,1008.8413,17.76081,287.7005,0.0,32.0,1.0
2019-07-31 11:00:00+00:00,27.25,83.95593,1008.741,18.671474,289.13373,0.0,40.0,1.0
2019-07-31 12:00:00+00:00,26.9,85.69896,1008.24066,16.78156,292.71445,0.0,32.0,1.0
2019-07-31 13:00:00+00:00,26.15,89.03747,1008.53955,16.595179,294.34106,0.0,42.0,1.0
2019-07-31 14:00:00+00:00,25.75,91.44487,1009.1386,14.973577,297.18103,0.0,25.0,1.0
2019-07-31 15:00:00+00:00,25.65,92.264984,1010.0379,14.081477,302.47116,0.0,11.0,0.0
2019-07-31 16:00:00+00:00,25.45,93.36721,1010.8373,12.599998,306.86996,0.0,70.0,2.0
2019-07-31 17:00:00+00:00,25.25,94.76783,1011.43665,11.720751,312.5104,0.0,36.0,1.0
2019-07-31 18:00:00+00:00,25.05,95.9034,1011.53625,10.703569,317.72638,0.0,78.0,2.0
2019-07-31 19:00:00+00:00,24.85,96.76386,1011.13617,9.085988,326.3099,0.0,75.0,2.0
2019-07-31 20:00:00+00:00,24.65,97.341446,1010.63605,8.557102,337.75092,0.0,69.0,2.0
2019-07-31 21:00:00+00:00,24.55,97.047714,1010.3362,8.699793,335.55606,0.1,75.0,51.0
2019-07-31 22:00:00+00:00,24.5,97.338455,1010.0363,9.227524,339.44388,0.1,74.0,51.0
2019-07-31 23:00:00+00:00,24.45,97.33751,1010.2359,10.383987,326.3099,0.1,89.0,51.0
2019-08-01 00:00:00+00:00,24.6,96.75789,1010.1362,9.220499,321.34018,0.0,63.0,2.0
2019-08-01 01:00:00+00:00,25.1,94.19522,1010.43713,11.753876,319.9698,0.1,93.0,51.0
2019-08-01 02:00:00+00:00,25.5,91.98026,1010.9375,12.229406,312.614,0.2,65.0,51.0
2019-08-01 03:00:00+00:00,26.25,88.24775,1011.63806,11.808878,307.56866,0.3,57.0,51.0
2019-08-01 04:00:00+00:00,27.2,80.97753,1012.0395,12.4811535,303.23172,0.3,58.0,51.0
2019-08-01 05:00:00+00:00,27.75,77.706406,1011.9403,14.168641,297.21603,0.3,61.0,51.0
2019-08-01 06:00:00+00:00,27.95,77.036316,1011.6406,16.179985,290.85452,0.3,53.0,51.0
2019-08-01 07:00:00+00:00,27.9,77.728294,1011.0409,17.418196,288.06055,0.3,52.0,51.0
2019-08-01 08:00:00+00:00,28.15,77.76467,1010.24164,18.1041,287.3541,0.3,24.0,51.0
2019-08-01 09:00:00+00:00,27.75,80.32103,1009.5414,18.25026,284.85864,0.3,19.0,51.0
2019-08-01 10:00:00+00:00,27.6,81.76108,1008.94165,16.946787,282.26477,0.0,28.0,1.0
2019-08-01 11:00:00+00:00,27.3,83.20984,1008.64105,16.75064,278.65247,0.0,33.0,1.0
2019-08-01 12:00:00+00:00,26.8,87.2432,1008.84033,13.138765,279.46225,0.0,18.0,0.0
2019-08-01 13:00:00+00:00,26.15,91.196205,1009.2392,11.013882,281.3099,0.0,34.0,1.0
2019-08-01 14:00:00+00:00,25.85,92.27607,1009.6384,10.661107,281.68933,0.0,20.0,1.0
2019-08-01 15:00:00+00:00,25.8,92.827156,1010.4381,10.390226,284.03625,0.0,47.0,1.0
2019-08-01 16:00:00+00:00,25.75,93.102684,1011.1377,9.904906,289.0936,0.0,53.0,2.0
2019-08-01 17:00:00+00:00,25.6,93.93485,1011.43726,9.565437,289.79895,0.0,84.0,3.0
2019-08-01 18:00:00+00:00,25.6,93.93485,1011.3373,9.693296,291.80148,0.0,88.0,3.0
2019-08-01 19:00:00+00:00,25.35,95.05569,1010.6373,10.028439,291.03757,0.1,78.0,51.0
2019-08-01 20:00:00+00:00,25.35,95.34046,1010.03766,10.829959,285.4222,0.1,70.0,51.0
2019-08-01 21:00:00+00:00,25.25,95.62284,1009.63745,11.304229,279.16226,0.2,52.0,51.0
2019-08-01 22:00:00+00:00,25.2,95.621254,1009.1377,12.245294,271.68463,0.1,64.0,51.0
2019-08-01 23:00:00+00:00,25.25,93.919495,1009.3376,12.979984,273.17978,0.4,95.0,51.0
2019-08-02 00:00:00+00:00,25.7,92.822014,1009.1386,14.417988,267.13766,0.4,95.0,51.0
2019-08-02 01:00:00+00:00,25.9,91.180534,1009.7384,14.618837,260.07382,0.3,92.0,51.0
2019-08-02 02:00:00+00:00,26.55,90.13909,1010.53925,12.324414,263.29025,0.0,93.0,3.0
2019-08-02 03:00:00+00:00,26.9,86.213936,1011.23926,10.823973,266.186,0.1,92.0,51.0
2019-08-02 04:00:00+00:00,27.65,83.000916,1011.54047,11.966953,263.08887,0.1,73.0,51.0
2019-08-02 05:00:00+00:00,28.3,80.1528,1011.5413,12.371645,261.6342,0.4,64.0,51.0
2019-08-02 06:00:00+00:00,28.35,79.44316,1010.9416,13.627795,257.79956,0.5,100.0,53.0
2019-08-02 07:00:00+00:00,28.55,76.20514,1010.34216,16.62249,252.3498,0.7,100.0,53.0
2019-08-02 08:00:00+00:00,28.6,76.67183,1009.5429,18.0,253.73972,0.4,100.0,51.0
2019-08-02 09:00:00+00:00,28.3,78.02034,1009.2424,19.242327,252.58194,0.4,100.0,51.0
2019-08-02 10:00:00+00:00,27.9,79.38199,1008.8419,18.671474,250.86626,0.1,100.0,51.0
2019-08-02 11:00:00+00:00,27.55,81.26569,1008.9413,17.654686,253.41258,0.1,100.0,51.0
2019-08-02 12:00:00+00:00,27.2,86.242455,1009.0409,12.979984,250.55988,0.3,100.0,51.0
2019-08-02 13:00:00+00:00,26.7,89.346115,1009.5397,11.503113,249.86362,0.2,100.0,51.0
2019-08-02 14:00:00+00:00,26.4,90.398384,1010.33905,11.113451,245.09526,0.3,100.0,51.0
2019-08-02 15:00:00+00:00,26.35,90.665504,1010.7389,10.787993,244.2901,0.1,91.0,51.0
2019-08-02 16:00:00+00:00,26.3,90.391594,1011.1383,10.636766,246.0375,0.5,99.0,53.0
2019-08-02 17:00:00+00:00,26.0,92.28434,1011.5378,10.137692,253.49556,0.7,93.0,53.0
2019-08-02 18:00:00+00:00,25.9,92.55523,1011.33765,9.0645685,263.15732,0.4,99.0,51.0
2019-08-02 19:00:00+00:00,25.5,94.212036,1010.73755,7.5685663,267.27374,0.5,99.0,53.0
2019-08-02 20:00:00+00:00,25.5,93.9305,1010.0379,8.311245,265.03033,0.3,98.0,51.0
2019-08-02 21:00:00+00:00,25.35,95.34046,1009.7378,7.69592,280.78424,0.3,100.0,51.0
2019-08-02 22:00:00+00:00,25.25,93.919495,1009.1377,7.2,270.0,0.4,100.0,51.0
2019-08-02 23:00:00+00:00,25.35,93.0828,1009.33795,6.2145634,280.0079,0.4,98.0,51.0
2019-08-03 00:00:00+00:00,25.05,92.788376,1009.4372,3.7064266,299.0545,0.4,98.0,51.0
2019-08-03 01:00:00+00:00,25.4,93.6451,1009.9377,6.849467,273.01273,0.3,100.0,51.0
2019-08-03 02:00:00+00:00,25.65,93.93708,1010.53766,6.5693827,279.46225,0.3,99.0,51.0
2019-08-03 03:00:00+00:00,26.2,91.745926,1010.83844,4.0249224,296.56497,0.0,98.0,3.0
2019-08-03 04:00:00+00:00,26.9,90.432274,1011.23926,5.0142193,291.03757,0.1,98.0,51.0
2019-08-03 05:00:00+00:00,27.45,84.73458,1011.64,8.287822,267.5105,0.1,99.0,51.0
2019-08-03 06:00:00+00:00,27.9,84.52921,1011.24084,7.69592,259.21576,0.1,98.0,51.0
2019-08-03 07:00:00+00:00,27.55,85.50733,1010.7405,9.9571085,257.4712,0.1,99.0,51.0
2019-08-03 08:00:00+00:00,27.95,82.048874,1009.7415,9.6932955,254.93146,0.1,98.0,51.0
2019-08-03 09:00:00+00:00,27.35,85.99957,1009.44104,11.304229,279.16226,0.1,91.0,51.0
2019-08-03 10:00:00+00:00,26.9,87.77519,1009.0403,11.525623,284.47034,0.1,88.0,51.0
2019-08-03 11:00:00+00:00,27.25,85.989944,1008.84094,10.041354,284.5345,0.0,92.0,3.0
2019-08-03 12:00:00+00:00,27.25,87.022995,1008.741,9.0,270.0,0.1,69.0,51.0
2019-08-03 13:00:00+00:00,26.3,87.72396,1009.3392,8.089993,290.85452,0.6,98.0,53.0
2019-08-03 14:00:00+00:00,26.0,91.46011,1010.1384,5.495161,301.60745,0.2,97.0,51.0
2019-08-03 15:00:00+00:00,25.8,91.997444,1010.7379,4.3349743,318.36655,0.3,89.0,51.0
2019-08-03 16:00:00+00:00,25.65,92.54187,1011.5372,6.9527545,291.25058,0.6,87.0,53.0
2019-08-03 17:00:00+00:00,25.3,95.0539,1012.03674,4.6800003,292.6199,0.2,76.0,51.0
2019-08-03 18:00:00+00:00,24.7,98.81113,1011.7359,4.5536795,288.43503,0.2,68.0,51.0
2019-08-03 19:00:00+00:00,24.5,98.80932,1011.0359,4.1046314,254.74483,0.1,71.0,51.0
2019-08-03 20:00:00+00:00,24.9,94.754524,1010.43677,8.12197,257.19574,0.5,95.0,53.0
2019-08-03 21:00:00+00:00,24.55,99.10618,1009.8364,3.6,270.0,0.1,100.0,51.0
2019-08-03 22:00:00+00:00,24.35,99.104836,1009.4363,6.5693827,279.46225,0.2,100.0,51.0
2019-08-03 23:00:00+00:00,24.35,99.104836,1009.7361,7.9932976,277.76508,0.7,100.0,53.0
2019-08-04 00:00:00+00:00,25.3,94.486336,1009.53784,6.924738,261.02747,0.5,99.0,53.0
2019-08-04 01:00:00+00:00,24.8,98.81201,1010.0367,7.5685663,272.72626,0.2,99.0,51.0
2019-08-04 02:00:00+00:00,25.65,95.35067,1010.3377,6.4799995,270.0,0.3,100.0,51.0
2019-08-04 03:00:00+00:00,26.4,93.13487,1011.1387,3.4152596,251.56496,0.2,100.0,51.0
2019-08-04 04:00:00+00:00,26.9,88.56505,1011.5391,8.669949,228.36655,0.3,99.0,51.0
2019-08-04 05:00:00+00:00,27.5,84.993324,1011.34015,9.339208,242.44727,0.2,99.0,51.0
2019-08-04 06:00:00+00:00,27.45,85.75296,1011.24023,8.854829,243.43501,0.2,99.0,51.0
2019-08-04 07:00:00+00:00,27.65,86.02849,1010.6408,9.346143,254.3577,0.1,99.0,51.0
2019-08-04 08:00:00+00:00,27.55,86.53309,1009.7409,8.707238,262.8751,0.1,98.0,51.0
2019-08-04 09:00:00+00:00,27.05,87.26533,1009.24054,9.36,270.0,0.2,100.0,51.0
2019-08-04 10:00:00+00:00,26.9,84.677086,1008.54047,13.039754,263.6599,0.4,98.0,51.0
2019-08-04 11:00:00+00:00,26.85,86.20919,1008.44055,11.901798,273.46817,0.2,91.0,51.0
2019-08-04 12:00:00+00:00,26.55,90.94963,1008.2403,7.5942073,275.44025,0.7,93.0,53.0
2019-08-04 13:00:00+00:00,26.55,88.00852,1008.4402,6.162207,276.70975,0.6,99.0,53.0
2019-08-04 14:00:00+00:00,26.2,89.30858,1008.9394,4.6102495,308.65982,0.4,99.0,51.0
2019-08-04 15:00:00+00:00,25.75,91.44487,1009.43854,4.6938257,302.47116,0.4,100.0,51.0
2019-08-04 16:00:00+00:00,24.8,98.81201,1010.2366,4.198285,329.03632,0.8,99.0,53.0
2019-08-04 17:00:00+00:00,24.75,99.107506,1010.4365,3.5455887,336.0375,0.9,99.0,53.0
2019-08-04 18:00:00+00:00,24.6,98.51474,1010.5361,4.198285,300.96368,1.3,99.0,61.0
2019-08-04 19:00:00+00:00,24.45,98.51308,1010.03595,9.255571,283.49576,1.1,99.0,55.0
2019-08-04 20:00:00+00:00,24.75,98.81152,1009.337,7.5942073,275.44025,0.4,99.0,51.0
2019-08-04 21:00:00+00:00,24.3,98.807594,1008.93646,10.538843,277.8532,1.0,98.0,55.0
2019-08-04 22:00:00+00:00,24.5,98.513626,1008.3371,12.605142,268.36346,1.5,90.0,61.0
2019-08-04 23:00:00+00:00,24.1,98.21336,1008.83624,13.910169,280.4374,0.9,94.0,53.0
2019-08-05 00:00:00+00:00,25.05,94.47632,1009.1373,12.620554,273.27042,0.8,100.0,53.0
2019-08-05 01:00:00+00:00,24.25,98.51087,1009.43604,13.493999,279.21094,1.6,99.0,61.0
2019-08-05 02:00:00+00:00,25.65,94.5003,1009.83795,5.991594,302.7352,0.2,100.0,51.0
2019-08-05 03:00:00+00:00,25.55,95.06289,1010.73755,9.826088,298.4428,1.0,100.0,55.0
2019-08-05 04:00:00+00:00,26.35,90.125145,1011.23865,13.276144,282.5288,1.3,100.0,61.0
2019-08-05 05:00:00+00:00,26.6,90.952805,1010.9391,8.0899935,302.27563,0.5,100.0,53.0
2019-08-05 06:00:00+00:00,26.85,88.825775,1010.6395,11.525623,284.47034,0.6,100.0,53.0
2019-08-05 07:00:00+00:00,26.9,86.99149,1009.8399,12.849528,281.3099,0.4,100.0,51.0
2019-08-05 08:00:00+00:00,27.75,84.51336,1009.04156,16.575644,267.5105,0.3,99.0,51.0
2019-08-05 09:00:00+00:00,27.15,84.449844,1008.44116,19.44,270.0,0.6,97.0,53.0
2019-08-05 10:00:00+00:00,26.45,87.21209,1007.9402,17.64,270.0,0.8,96.0,53.0
2019-08-05 11:00:00+00:00,26.45,90.6721,1007.9402,13.202726,281.00348,0.7,91.0,53.0
2019-08-05 12:00:00+00:00,25.9,92.27882,1008.2391,13.363711,274.63538,2.1,98.0,61.0
2019-08-05 13:00:00+00:00,25.6,93.374405,1009.0383,10.823973,266.186,0.5,99.0,53.0
2019-08-05 14:00:00+00:00,24.75,98.81152,1009.23706,9.0645685,276.84268,1.2,100.0,55.0
2019-08-05 15:00:00+00:00,24.7,98.81113,1010.1366,6.9899354,281.88864,1.9,99.0,61.0
2019-08-05 16:00:00+00:00,24.75,98.81152,1010.33655,8.350138,277.4313,0.9,94.0,53.0
2019-08-05 17:00:00+00:00,24.5,99.10584,1010.43616,4.3498964,294.44394,0.3,97.0,51.0
2019-08-05 18:00:00+00:00,24.3,99.104515,1010.13586,4.3349743,311.63345,1.0,96.0,55.0
2019-08-05 19:00:00+00:00,24.55,98.80982,1009.53656,5.3517847,312.27362,1.2,100.0,55.0
2019-08-05 20:00:00+00:00,24.65,99.10686,1008.9368,7.8954163,316.8476,0.6,100.0,53.0
2019-08-05 21:00:00+00:00,24.35,99.40244,1008.1368,4.6102495,308.65982,0.6,100.0,53.0
2019-08-05 22:00:00+00:00,24.35,99.104836,1007.837,6.696387,306.25394,0.8,100.0,53.0
2019-08-05 23:00:00+00:00,24.45,99.105484,1007.737,7.628263,289.29013,0.4,99.0,51.0
2019-08-06 00:00:00+00:00,25.65,91.98888,1007.93884,14.934577,254.62369,1.1,92.0,55.0
2019-08-06 01:00:00+00:00,25.1,98.81461,1008.3381,12.661564,255.17348,1.6,100.0,61.0
2019-08-06 02:00:00+00:00,25.45,98.81771,1009.0381,14.241629,253.85559,0.9,100.0,53.0
2019-08-06 03:00:00+00:00,26.2,91.47226,1009.739,15.124284,271.3639,1.4,99.0,61.0
2019-08-06 04:00:00+00:00,26.4,89.59126,1010.0392,14.869351,276.95285,0.8,90.0,53.0
2019-08-06 05:00:00+00:00,27.6,88.35805,1010.341,10.086427,267.95465,0.1,96.0,51.0
2019-08-06 06:00:00+00:00,27.8,83.018135,1010.2413,15.124284,268.6361,0.2,88.0,51.0
2019-08-06 07:00:00+00:00,28.35,81.85258,1009.14233,16.09969,259.69522,0.4,96.0,51.0
2019-08-06 08:00:00+00:00,28.3,82.82835,1008.44275,16.87398,258.92984,0.2,100.0,51.0
2019-08-06 09:00:00+00:00,28.5,82.11498,1008.0432,17.106628,261.52893,0.2,97.0,51.0
2019-08-06 10:00:00+00:00,27.6,86.79572,1007.34235,15.188415,264.55975,0.2,97.0,51.0
2019-08-06 11:00:00+00:00,27.65,85.77252,1007.1424,13.441071,262.30405,0.2,97.0,51.0
2019-08-06 12:00:00+00:00,27.65,86.8003,1007.34235,10.383987,236.3099,1.3,96.0,61.0
2019-08-06 13:00:00+00:00,27.3,85.48243,1007.6415,12.413477,240.4613,0.2,98.0,51.0
2019-08-06 14:00:00+00:00,27.05,87.26533,1008.4409,12.074766,243.43501,0.1,99.0,51.0
2019-08-06 15:00:00+00:00,26.9,85.69896,1009.1402,12.303366,249.44386,0.3,99.0,51.0
2019-08-06 16:00:00+00:00,26.05,90.104164,1010.2384,11.542478,266.42374,2.2,99.0,61.0
2019-08-06 17:00:00+00:00,26.1,92.01459,1010.3383,9.422101,276.58185,1.1,100.0,55.0
2019-08-06 18:00:00+00:00,25.65,91.98888,1010.1378,14.04,270.0,0.5,100.0,53.0
2019-08-06 19:00:00+00:00,24.8,99.107834,1009.43695,11.269782,296.56497,1.7,100.0,61.0
2019-08-06 20:00:00+00:00,24.25,99.10417,1009.0362,15.379206,290.55612,2.1,100.0,61.0
2019-08-06 21:00:00+00:00,24.1,99.103165,1008.5364,15.7908325,294.22772,3.0,100.0,63.0
2019-08-06 22:00:00+00:00,24.0,99.102486,1008.2362,15.629971,298.92633,2.5,100.0,63.0
2019-08-06 23:00:00+00:00,23.85,99.40022,1008.3359,11.983188,302.7352,2.6,100.0,63.0
2019-08-07 00:00:00+00:00,24.65,94.74496,1007.73737,7.42159,247.1663,2.1,100.0,61.0
2019-08-07 01:00:00+00:00,24.7,98.81113,1008.2375,10.829958,248.5522,0.7,100.0,53.0
2019-08-07 02:00:00+00:00,24.85,99.10817,1009.23706,15.124284,268.6361,3.5,99.0,63.0
2019-08-07 03:00:00+00:00,25.05,99.1095,1009.6371,13.979871,258.11136,1.9,100.0,61.0
2019-08-07 04:00:00+00:00,26.1,92.84259,1009.73865,12.074766,243.43501,0.9,99.0,53.0
2019-08-07 05:00:00+00:00,27.4,87.81766,1009.541,16.1198,240.57263,0.4,99.0,51.0
2019-08-07 06:00:00+00:00,27.9,80.3407,1009.1418,18.514643,243.43501,1.4,94.0,61.0
2019-08-07 07:00:00+00:00,27.55,84.49226,1008.54144,21.53089,249.44386,3.1,93.0,63.0
2019-08-07 08:00:00+00:00,26.9,86.73165,1008.1406,18.1041,252.64589,4.1,99.0,63.0
2019-08-07 09:00:00+00:00,26.35,87.72821,1007.54034,20.523157,254.74483,2.4,99.0,61.0
2019-08-07 10:00:00+00:00,26.6,89.87388,1007.14075,19.386591,254.93146,0.9,100.0,53.0
2019-08-07 11:00:00+00:00,25.85,92.82975,1007.23956,17.651016,258.23172,2.0,100.0,61.0
2019-08-07 12:00:00+00:00,26.0,93.393456,1006.5401,14.182355,246.0375,2.3,100.0,61.0
2019-08-07 13:00:00+00:00,24.85,98.517494,1007.3379,15.111424,257.61926,1.6,100.0,61.0
2019-08-07 14:00:00+00:00,24.5,99.10584,1008.537,19.134262,265.68405,2.8,100.0,63.0
2019-08-07 15:00:00+00:00,24.2,98.806694,1009.1361,18.59845,284.57425,2.5,100.0,63.0
2019-08-07 16:00:00+00:00,24.2,99.10381,1009.8358,17.581125,280.6196,1.9,100.0,61.0
2019-08-07 17:00:00+00:00,24.05,99.10284,1009.9354,16.965895,287.2816,3.3,100.0,63.0
2019-08-07 18:00:00+00:00,24.15,99.10353,1009.73584,19.245697,277.5237,2.6,100.0,63.0
2019-08-07 19:00:00+00:00,23.95,98.507545,1009.3357,22.7057,272.72626,2.8,100.0,63.0
2019-08-07 20:00:00+00:00,23.95,98.804474,1008.5361,16.516901,286.46008,2.2,100.0,61.0
2019-08-07 21:00:00+00:00,23.9,98.80404,1008.03625,18.751125,273.3018,1.6,100.0,61.0
2019-08-07 22:00:00+00:00,24.15,98.80626,1007.83673,20.240196,264.89792,2.8,100.0,63.0
2019-08-07 23:00:00+00:00,24.25,99.10417,1007.9367,25.346148,258.5305,6.3,100.0,63.0
2019-08-08 00:00:00+00:00,25.15,92.2372,1006.9387,24.72495,253.93994,3.2,100.0,63.0
2019-08-08 01:00:00+00:00,25.3,91.96875,1007.63873,25.212852,260.13425,1.7,100.0,61.0
2019-08-08 02:00:00+00:00,25.15,93.35288,1008.7379,31.698402,268.04755,13.1,99.0,65.0
2019-08-08 03:00:00+00:00,25.65,90.61904,1009.0383,21.602999,269.04517,2.7,100.0,63.0
2019-08-08 04:00:00+00:00,24.7,98.81113,1009.93677,19.211996,257.00537,2.7,100.0,63.0
2019-08-08 05:00:00+00:00,25.25,98.521866,1010.2372,13.797913,254.87593,4.3,100.0,63.0
2019-08-08 06:00:00+00:00,25.6,91.16163,1009.73804,20.265795,257.692,6.7,100.0,63.0
2019-08-08 07:00:00+00:00,25.6,93.65428,1009.13824,18.511143,256.50424,1.4,100.0,61.0
2019-08-08 08:00:00+00:00,25.4,93.36486,1008.4384,17.294992,272.3859,2.8,100.0,63.0
2019-08-08 09:00:00+00:00,25.7,89.53973,1007.7393,16.981165,265.13556,2.5,100.0,63.0
2019-08-08 10:00:00+00:00,25.85,88.747086,1007.3395,19.562946,257.24246,1.0,100.0,55.0
2019-08-08 11:00:00+00:00,24.75,98.81152,1007.238,16.946787,257.73523,1.1,100.0,55.0
2019-08-08 12:00:00+00:00,25.45,92.8091,1007.039,17.555305,285.46127,2.0,100.0,61.0
2019-08-08 13:00:00+00:00,24.35,98.808,1007.737,16.454008,280.08054,2.1,100.0,61.0
2019-08-08 14:00:00+00:00,24.5,98.80932,1008.4371,12.959999,270.0,1.2,100.0,55.0
2019-08-08 15:00:00+00:00,24.45,98.8089,1009.03644,14.113653,275.85593,1.5,100.0,61.0
2019-08-08 16:00:00+00:00,24.2,98.806694,1009.73584,12.661564,284.8265,1.2,100.0,55.0
2019-08-08 17:00:00+00:00,24.2,98.806694,1009.9358,12.979984,273.17978,1.4,100.0,61.0
2019-08-08 18:00:00+00:00,24.25,99.10417,1009.63586,15.188415,275.44025,1.5,100.0,61.0
2019-08-08 19:00:00+00:00,24.25,98.8071,1008.9362,18.775301,265.60138,2.5,100.0,63.0
2019-08-08 20:00:00+00:00,24.2,99.10381,1008.43646,18.014393,267.70944,1.3,100.0,61.0
2019-08-08 21:00:00+00:00,24.9,93.34087,1007.8379,21.24,270.0,1.5,100.0,61.0
2019-08-08 22:00:00+00:00,24.15,98.80626,1007.53687,16.981165,274.8644,1.5,95.0,61.0
2019-08-08 23:00:00+00:00,24.25,98.51087,1008.0366,19.44,270.0,1.0,99.0,55.0
2019-08-09 00:00:00+00:00,24.55,92.48265,1008.3371,19.45333,272.12103,1.6,100.0,61.0
2019-08-09 01:00:00+00:00,23.85,99.10151,1008.93567,19.134262,274.31595,2.3,100.0,61.0
2019-08-09 02:00:00+00:00,23.9,98.80404,1009.73553,12.144331,281.9761,2.0,100.0,61.0
2019-08-09 03:00:00+00:00,24.2,99.10381,1010.43555,11.659777,278.88058,2.0,100.0,61.0
2019-08-09 04:00:00+00:00,24.55,99.10618,1011.1358,10.086427,272.04535,1.6,100.0,61.0
2019-08-09 05:00:00+00:00,24.4,99.1052,1011.43536,14.764389,268.60284,1.5,99.0,61.0
2019-08-09 06:00:00+00:00,25.3,90.86884,1011.2371,15.716793,290.0953,1.3,100.0,61.0
2019-08-09 07:00:00+00:00,24.95,95.04126,1010.6366,13.1041975,285.94547,0.9,100.0,53.0
2019-08-09 08:00:00+00:00,25.0,93.34564,1010.0369,16.595179,273.73132,1.1,99.0,55.0
2019-08-09 09:00:00+00:00,25.05,95.330315,1008.93744,12.7279215,298.7397,0.5,92.0,53.0
2019-08-09 10:00:00+00:00,26.05,88.762886,1007.8395,11.923557,298.88647,0.4,97.0,51.0
2019-08-09 11:00:00+00:00,25.8,88.210686,1007.83923,14.081477,302.47116,0.1,100.0,51.0
2019-08-09 12:00:00+00:00,26.95,85.96093,1007.3414,11.480557,311.18582,0.1,100.0,51.0
2019-08-09 13:00:00+00:00,26.1,88.76684,1007.93945,11.966954,313.7812,0.0,99.0,3.0
2019-08-09 14:00:00+00:00,25.65,89.805725,1008.3386,11.525623,308.65982,0.0,100.0,3.0
2019-08-09 15:00:00+00:00,25.45,91.152176,1009.138,11.753876,310.0302,0.2,99.0,51.0
2019-08-09 16:00:00+00:00,25.05,92.788376,1010.2368,14.565548,309.98682,0.7,94.0,53.0
2019-08-09 17:00:00+00:00,25.0,93.62668,1010.83655,13.584932,302.00534,0.9,97.0,53.0
2019-08-09 18:00:00+00:00,24.2,99.10381,1010.63544,13.392774,306.25394,1.1,100.0,55.0
2019-08-09 19:00:00+00:00,24.0,99.102486,1009.9354,12.261157,310.2363,0.9,100.0,53.0
2019-08-09 20:00:00+00:00,23.95,99.10214,1009.13574,12.738099,312.70938,0.8,100.0,53.0
2019-08-09 21:00:00+00:00,23.7,99.39953,1008.83563,11.966954,313.7812,1.8,100.0,61.0
2019-08-09 22:00:00+00:00,23.45,99.398415,1008.13525,9.220499,321.34018,2.1,100.0,61.0
2019-08-09 23:00:00+00:00,23.45,99.398415,1008.2352,9.693296,328.67136,7.1,100.0,63.0
2019-08-10 00:00:00+00:00,24.2,96.74834,1008.5364,9.885262,303.11136,3.8,100.0,63.0
2019-08-10 01:00:00+00:00,23.6,99.399086,1008.9353,10.00256,329.74365,3.7,100.0,63.0
2019-08-10 02:00:00+00:00,23.7,99.39953,1009.9352,9.793059,323.97253,2.3,100.0,61.0
2019-08-10 03:00:00+00:00,24.6,99.40356,1010.736,15.778518,297.1496,3.2,100.0,63.0
2019-08-10 04:00:00+00:00,24.4,99.1052,1010.73566,20.774214,297.8972,1.1,97.0,55.0
2019-08-10 05:00:00+00:00,25.8,91.997444,1010.1382,19.272614,302.79953,0.8,100.0,53.0
2019-08-10 06:00:00+00:00,26.8,89.08741,1009.7399,18.668005,309.52258,0.6,98.0,53.0
2019-08-10 07:00:00+00:00,25.5,94.212036,1009.5381,24.20314,300.37906,4.0,99.0,63.0
2019-08-10 08:00:00+00:00,26.7,85.93671,1008.6401,25.140787,299.13422,1.2,95.0,55.0
2019-08-10 09:00:00+00:00,25.8,92.273315,1008.0392,21.892027,315.0001,0.7,93.0,53.0
2019-08-10 10:00:00+00:00,26.2,88.50883,1007.2401,21.94524,311.009,0.7,100.0,53.0
2019-08-10 11:00:00+00:00,26.15,90.652275,1007.14014,18.218275,322.22424,0.5,96.0,53.0
2019-08-10 12:00:00+00:00,24.85,94.184685,1007.83765,19.319628,333.43503,0.1,98.0,51.0
2019-08-10 13:00:00+00:00,23.8,99.101166,1008.5358,19.64228,333.90463,1.0,100.0,55.0
2019-08-10 14:00:00+00:00,24.35,94.73343,1009.2363,18.214718,341.56494,0.3,100.0,51.0
2019-08-10 15:00:00+00:00,23.9,95.57939,1009.73553,15.856356,357.3975,0.0,97.0,3.0
2019-08-10 16:00:00+00:00,23.6,95.56966,1010.3346,15.137133,2.7262611,0.0,97.0,3.0
2019-08-10 17:00:00+00:00,23.6,95.56966,1010.73444,14.512064,352.87506,0.0,97.0,3.0
2019-08-10 18:00:00+00:00,23.6,95.28049,1010.83435,12.783802,350.2725,0.0,92.0,3.0
2019-08-10 19:00:00+00:00,23.65,94.70647,1010.1347,14.145756,345.25638,0.0,81.0,3.0
2019-08-10 20:00:00+00:00,23.75,94.13798,1009.4354,13.896187,343.44284,0.0,45.0,1.0
2019-08-10 21:00:00+00:00,23.75,94.71031,1008.93567,15.042659,338.9624,0.1,90.0,51.0
2019-08-10 22:00:00+00:00,23.7,94.99579,1008.63574,16.263872,332.30063,0.3,100.0,51.0
2019-08-10 23:00:00+00:00,23.65,94.99396,1008.53546,14.658676,335.32315,0.4,100.0,51.0
2019-08-11 00:00:00+00:00,23.55,93.27542,1008.53546,16.808569,350.13425,0.2,98.0,51.0
2019-08-11 01:00:00+00:00,23.7,92.71775,1008.83563,14.145756,345.25638,0.1,95.0,51.0
2019-08-11 02:00:00+00:00,24.35,91.635925,1009.33624,12.245293,335.69547,0.0,98.0,3.0
2019-08-11 03:00:00+00:00,25.15,87.890465,1009.7374,14.039999,337.3801,0.1,100.0,51.0
2019-08-11 04:00:00+00:00,26.15,85.88322,1009.739,16.981165,327.99466,0.0,100.0,3.0
2019-08-11 05:00:00+00:00,26.85,81.668915,1009.54004,19.107151,317.29062,0.2,99.0,51.0
2019-08-11 06:00:00+00:00,27.1,82.937515,1009.14056,22.565422,303.94363,0.4,99.0,51.0
2019-08-11 07:00:00+00:00,27.3,83.71022,1008.64105,23.847115,298.88647,0.4,99.0,51.0
2019-08-11 08:00:00+00:00,27.2,84.96248,1008.0413,23.358425,294.5901,0.1,97.0,51.0
2019-08-11 09:00:00+00:00,26.25,85.63473,1007.6399,25.49908,300.5475,0.8,91.0,53.0
2019-08-11 10:00:00+00:00,26.15,87.447876,1007.0402,22.392464,306.50153,0.9,99.0,53.0
2019-08-11 11:00:00+00:00,26.1,89.83807,1006.93994,19.228851,308.15726,0.6,91.0,53.0
2019-08-11 12:00:00+00:00,25.55,91.43265,1006.6394,21.94524,318.991,0.5,89.0,53.0
2019-08-11 13:00:00+00:00,25.35,91.14586,1006.9391,19.576189,327.77127,0.1,97.0,51.0
2019-08-11 14:00:00+00:00,25.2,91.68675,1008.3381,19.8,323.13,0.2,73.0,51.0
2019-08-11 15:00:00+00:00,24.6,93.89077,1008.83685,15.542662,346.60748,1.0,67.0,55.0
2019-08-11 16:00:00+00:00,24.1,94.43796,1009.2361,14.404499,358.56793,0.0,48.0,1.0
2019-08-11 17:00:00+00:00,24.1,94.723816,1010.53546,12.475961,313.83093,0.0,46.0,1.0
2019-08-11 18:00:00+00:00,24.25,95.59071,1010.8353,13.493999,313.91916,0.8,84.0,53.0
2019-08-11 19:00:00+00:00,23.5,99.39862,1010.3346,15.1884165,328.5705,0.6,100.0,53.0
2019-08-11 20:00:00+00:00,23.55,99.69905,1009.2351,17.49615,323.36578,0.9,97.0,53.0
2019-08-11 21:00:00+00:00,23.4,99.09849,1008.2352,20.288164,332.52567,0.5,99.0,53.0
2019-08-11 22:00:00+00:00,23.4,95.2736,1008.03534,21.068459,343.11313,0.1,100.0,51.0
2019-08-11 23:00:00+00:00,23.4,94.98479,1008.03534,19.734436,345.2032,0.0,99.0,3.0
2019-08-12 00:00:00+00:00,23.95,93.86188,1008.1362,20.592503,323.53067,0.0,100.0,3.0
2019-08-12 01:00:00+00:00,23.95,94.146515,1008.3361,17.399586,335.55606,0.2,99.0,51.0
2019-08-12 02:00:00+00:00,23.8,94.14012,1008.93567,15.463246,335.22488,0.2,98.0,51.0
2019-08-12 03:00:00+00:00,24.15,94.72575,1009.9358,18.057508,336.5014,0.4,100.0,51.0
2019-08-12 04:00:00+00:00,24.7,92.49072,1010.33655,17.709658,333.43503,0.3,99.0,51.0
2019-08-12 05:00:00+00:00,25.2,90.316315,1010.2372,13.896187,323.42688,0.2,61.0,51.0
2019-08-12 06:00:00+00:00,26.55,85.151024,1010.0394,16.323528,311.42358,0.1,71.0,51.0
2019-08-12 07:00:00+00:00,26.55,83.87924,1009.13983,20.620804,315.70724,0.1,99.0,51.0
2019-08-12 08:00:00+00:00,25.9,86.37844,1008.339,25.41763,307.5192,0.3,99.0,51.0
2019-08-12 09:00:00+00:00,25.75,87.149635,1007.3395,23.904108,322.95743,0.3,96.0,51.0
2019-08-12 10:00:00+00:00,25.75,87.4128,1006.8397,23.090569,329.03632,0.1,86.0,51.0
2019-08-12 11:00:00+00:00,26.2,85.88807,1006.6404,22.26768,325.53912,0.1,100.0,51.0
2019-08-12 12:00:00+00:00,25.55,90.06907,1006.33954,20.87379,327.6804,0.2,97.0,51.0
2019-08-12 13:00:00+00:00,25.1,92.5123,1006.6388,20.288164,332.52567,1.2,93.0,55.0
2019-08-12 14:00:00+00:00,24.85,93.90185,1007.63776,15.941944,334.59232,0.1,92.0,51.0
2019-08-12 15:00:00+00:00,24.75,94.180466,1008.0376,16.267857,335.13632,0.1,88.0,51.0
2019-08-12 16:00:00+00:00,24.7,94.462234,1009.43695,16.746773,334.53668,0.6,97.0,53.0
2019-08-12 17:00:00+00:00,24.15,99.10353,1009.8358,14.654254,332.176,1.0,99.0,55.0
2019-08-12 18:00:00+00:00,24.2,99.10381,1009.73584,14.386494,328.2986,0.7,100.0,53.0
2019-08-12 19:00:00+00:00,24.1,99.103165,1008.7363,14.039999,337.3801,0.3,100.0,51.0
2019-08-12 20:00:00+00:00,24.4,96.17286,1008.33673,15.629971,331.07367,0.1,100.0,51.0
2019-08-12 21:00:00+00:00,23.55,98.80093,1008.1356,16.135872,321.34018,1.1,100.0,55.0
2019-08-12 22:00:00+00:00,23.4,99.09849,1007.5355,15.937878,341.56494,0.4,98.0,51.0
2019-08-12 23:00:00+00:00,23.3,99.0978,1007.8354,15.94601,331.69934,0.3,100.0,51.0
2019-08-13 00:00:00+00:00,23.05,97.01481,1007.73486,9.449572,342.25522,0.1,99.0,51.0
2019-08-13 01:00:00+00:00,22.9,99.39592,1008.0347,7.2,360.0,3.5,100.0,63.0
2019-08-13 02:00:00+00:00,23.0,99.39637,1009.03424,6.489992,356.82022,2.9,100.0,63.0
2019-08-13 03:00:00+00:00,23.2,99.39728,1009.9342,7.289445,327.09476,3.0,100.0,63.0
2019-08-13 04:00:00+00:00,24.3,99.104515,1010.2359,12.984975,316.1232,3.5,100.0,63.0
2019-08-13 05:00:00+00:00,24.5,98.80932,1010.3362,19.319628,296.56497,3.3,99.0,63.0
2019-08-13 06:00:00+00:00,24.45,98.8089,1010.3358,15.617529,295.97433,1.2,100.0,55.0
2019-08-13 07:00:00+00:00,25.15,87.624855,1009.53754,22.226902,294.90472,2.9,100.0,63.0
2019-08-13 08:00:00+00:00,25.35,88.44004,1009.0381,21.288757,288.74142,1.1,99.0,55.0
2019-08-13 09:00:00+00:00,24.85,94.46825,1008.43744,21.566973,303.42484,1.6,100.0,61.0
2019-08-13 10:00:00+00:00,24.35,98.808,1008.33673,17.477621,302.38065,1.1,100.0,55.0
2019-08-13 11:00:00+00:00,24.05,98.80537,1008.2362,15.575981,303.6901,4.3,100.0,63.0
2019-08-13 12:00:00+00:00,24.5,95.31149,1008.2372,20.966715,285.94547,14.1,100.0,65.0
2019-08-13 13:00:00+00:00,23.9,99.10186,1008.9359,15.379206,286.31393,5.6,100.0,63.0
2019-08-13 14:00:00+00:00,23.9,99.10186,1010.03534,14.458382,288.88617,6.2,100.0,63.0
2019-08-13 15:00:00+00:00,23.9,98.50699,1010.4352,15.683776,279.24603,4.7,100.0,63.0
2019-08-13 16:00:00+00:00,24.15,98.80626,1010.9353,15.978486,284.34937,3.0,100.0,63.0
2019-08-13 17:00:00+00:00,24.3,98.807594,1011.73517,15.034041,286.6993,3.7,97.0,63.0
2019-08-13 18:00:00+00:00,24.25,98.8071,1011.0353,18.079027,282.65256,3.8,91.0,63.0
2019-08-13 19:00:00+00:00,24.4,98.80849,1010.13586,17.399586,294.44394,1.9,100.0,61.0
2019-08-13 20:00:00+00:00,24.35,99.104836,1009.6361,17.477621,302.38065,0.9,95.0,53.0
2019-08-13 21:00:00+00:00,24.45,98.8089,1009.03644,19.296135,306.6562,0.8,99.0,53.0
2019-08-13 22:00:00+00:00,24.2,98.21469,1008.9362,18.899143,310.36444,1.0,100.0,55.0
2019-08-13 23:00:00+00:00,23.9,98.50699,1009.2357,19.134262,311.18582,1.4,100.0,61.0
2019-08-14 00:00:00+00:00,24.55,94.172005,1009.3366,17.339897,318.36655,1.9,100.0,61.0
2019-08-14 01:00:00+00:00,24.05,98.50865,1009.5356,16.08761,319.53784,1.3,89.0,61.0
2019-08-14 02:00:00+00:00,24.25,98.51087,1010.1356,15.629971,321.54626,1.7,89.0,61.0
2019-08-14 03:00:00+00:00,24.55,98.51418,1011.2358,18.581022,305.53775,1.2,100.0,55.0
2019-08-14 04:00:00+00:00,24.2,98.806694,1011.7349,22.288042,301.1224,2.2,100.0,61.0
2019-08-14 05:00:00+00:00,24.65,98.81069,1011.83545,21.9718,304.9921,1.7,100.0,61.0
2019-08-14 06:00:00+00:00,25.55,93.37201,1011.7371,19.969458,303.9766,1.2,100.0,55.0
2019-08-14 07:00:00+00:00,26.3,87.98757,1010.9385,20.466246,309.28937,0.4,100.0,51.0
2019-08-14 08:00:00+00:00,26.3,87.98757,1010.0388,19.469976,303.6901,0.2,100.0,51.0
2019-08-14 09:00:00+00:00,26.1,89.033585,1009.3388,23.469128,302.47116,0.3,100.0,51.0
2019-08-14 10:00:00+00:00,25.9,86.37844,1008.9388,26.260265,303.25436,0.1,100.0,51.0
2019-08-14 11:00:00+00:00,25.5,87.920135,1009.13824,26.14403,308.2902,0.5,88.0,53.0
2019-08-14 12:00:00+00:00,26.7,82.14473,1008.83997,22.45315,311.0994,0.6,91.0,53.0
2019-08-14 13:00:00+00:00,26.45,80.637115,1009.5394,22.657131,314.35632,0.0,100.0,3.0
2019-08-14 14:00:00+00:00,26.3,79.16226,1010.2388,21.38897,316.36386,0.0,100.0,3.0
2019-08-14 15:00:00+00:00,25.9,83.55413,1011.33765,18.837324,315.0001,0.6,75.0,53.0
2019-08-14 16:00:00+00:00,25.55,86.86889,1012.037,17.884428,319.89914,0.0,95.0,3.0
2019-08-14 17:00:00+00:00,25.15,90.585625,1012.4362,17.283749,324.3235,0.9,80.0,53.0
2019-08-14 18:00:00+00:00,24.85,92.49883,1011.93585,18.58451,328.46524,0.0,95.0,3.0
2019-08-14 19:00:00+00:00,24.55,93.04281,1011.4357,17.555307,331.8585,0.0,78.0,2.0
2019-08-14 20:00:00+00:00,24.2,94.72764,1010.7354,16.09969,333.43503,0.1,85.0,51.0
2019-08-14 21:00:00+00:00,24.3,94.1614,1010.13586,14.81259,334.05774,0.0,84.0,3.0
2019-08-14 22:00:00+00:00,24.3,94.1614,1009.7361,17.283749,324.3235,0.1,96.0,51.0
2019-08-14 23:00:00+00:00,24.55,93.04281,1010.1362,16.489416,323.88055,0.1,92.0,51.0
2019-08-15 00:00:00+00:00,23.9,96.15875,1010.2353,9.3876505,355.60138,0.1,97.0,51.0
2019-08-15 01:00:00+00:00,24.1,96.16438,1010.63544,11.298495,337.5205,0.3,99.0,51.0
2019-08-15 02:00:00+00:00,24.55,94.74111,1011.3357,11.27553,343.3007,0.2,94.0,51.0
2019-08-15 03:00:00+00:00,25.7,91.16794,1011.4376,13.202726,334.1337,0.1,82.0,51.0
2019-08-15 04:00:00+00:00,27.05,82.4345,1011.7394,17.826363,313.36346,0.2,79.0,51.0
2019-08-15 05:00:00+00:00,26.5,85.65947,1011.5385,22.565422,303.94363,0.2,84.0,51.0
2019-08-15 06:00:00+00:00,26.6,84.90048,1011.1389,21.924562,299.51138,0.2,78.0,51.0
2019-08-15 07:00:00+00:00,27.3,81.47898,1010.24036,22.406927,293.6821,0.4,62.0,51.0
2019-08-15 08:00:00+00:00,27.3,81.47898,1009.3407,22.862123,296.1615,0.4,51.0,51.0
2019-08-15 09:00:00+00:00,27.25,83.70469,1008.64105,22.476227,301.90805,0.1,68.0,51.0
2019-08-15 10:00:00+00:00,27.05,83.9341,1008.141,22.782625,301.4295,0.1,59.0,51.0
2019-08-15 11:00:00+00:00,26.5,86.43493,1008.0401,22.476227,301.90805,0.1,90.0,51.0
2019-08-15 12:00:00+00:00,26.75,87.23875,1007.8408,18.86139,293.6294,0.1,72.0,51.0
2019-08-15 13:00:00+00:00,26.2,89.30858,1008.73944,18.971008,303.38855,0.0,69.0,2.0
2019-08-15 14:00:00+00:00,25.9,89.55448,1009.7384,17.072504,312.4362,0.0,68.0,2.0
2019-08-15 15:00:00+00:00,25.7,90.8948,1010.4381,16.548256,315.88132,0.0,79.0,2.0
2019-08-15 16:00:00+00:00,25.55,91.15852,1010.9375,15.815435,318.69147,0.0,80.0,3.0
2019-08-15 17:00:00+00:00,25.4,92.80652,1011.1371,14.565548,320.01315,0.0,89.0,3.0
2019-08-15 18:00:00+00:00,25.25,93.077805,1011.23676,15.349684,320.7106,0.1,92.0,51.0
2019-08-15 19:00:00+00:00,25.05,92.50967,1010.73663,14.255272,315.0001,0.3,45.0,51.0
2019-08-15 20:00:00+00:00,24.3,94.1614,1010.3358,16.299694,313.2101,1.5,90.0,61.0
2019-08-15 21:00:00+00:00,24.55,94.4562,1009.53656,18.584509,314.21527,0.2,58.0,51.0
2019-08-15 22:00:00+00:00,24.15,95.58748,1009.53595,16.80857,313.26434,0.8,46.0,53.0
2019-08-15 23:00:00+00:00,23.95,96.450874,1009.43567,16.179987,327.72437,0.2,91.0,51.0
2019-08-16 00:00:00+00:00,24.15,95.876274,1009.336,13.779114,340.14468,0.1,94.0,51.0
2019-08-16 01:00:00+00:00,24.25,95.30292,1009.8358,14.021525,330.8026,0.1,56.0,51.0
2019-08-16 02:00:00+00:00,24.7,94.17836,1009.93677,15.629972,352.0566,0.0,100.0,3.0
2019-08-16 03:00:00+00:00,25.15,91.40814,1010.63696,14.587776,344.24875,0.0,89.0,3.0
2019-08-16 04:00:00+00:00,26.2,85.88807,1011.2383,17.339897,318.36655,0.1,82.0,51.0
2019-08-16 05:00:00+00:00,27.1,81.94598,1010.8398,17.49615,323.36578,0.1,88.0,51.0
2019-08-16 06:00:00+00:00,27.25,81.47274,1010.44025,19.406637,310.48593,0.2,68.0,51.0
2019-08-16 07:00:00+00:00,27.65,79.34787,1009.5414,20.88,313.6029,0.1,76.0,51.0
2019-08-16 08:00:00+00:00,27.65,78.871574,1008.4419,21.986542,309.6854,0.2,96.0,51.0
2019-08-16 09:00:00+00:00,27.65,79.58693,1007.4423,21.986542,309.6854,0.0,99.0,3.0
2019-08-16 10:00:00+00:00,26.55,86.180565,1007.14075,21.889065,306.3046,0.0,86.0,3.0
2019-08-16 11:00:00+00:00,26.35,86.94175,1007.0406,20.929594,310.81497,0.0,82.0,3.0
2019-08-16 12:00:00+00:00,26.15,88.50482,1007.6399,19.576189,302.22873,0.0,100.0,3.0
2019-08-16 13:00:00+00:00,25.75,90.35403,1008.0392,17.884428,310.10083,0.1,100.0,51.0
2019-08-16 14:00:00+00:00,25.7,89.270836,1008.8388,18.668005,309.52258,0.0,100.0,3.0
2019-08-16 15:00:00+00:00,25.4,89.24813,1009.4379,17.429354,321.70978,0.0,99.0,3.0
2019-08-16 16:00:00+00:00,25.15,89.76959,1009.83734,15.496736,329.2646,0.0,98.0,3.0
2019-08-16 17:00:00+00:00,25.0,90.84926,1010.13684,14.33234,334.72232,0.0,98.0,3.0
2019-08-16 18:00:00+00:00,24.8,91.66291,1009.83673,12.397806,334.17905,0.0,99.0,3.0
2019-08-16 19:00:00+00:00,24.6,92.20646,1009.3366,11.440979,335.85446,0.0,97.0,3.0
2019-08-16 20:00:00+00:00,24.55,92.20369,1008.73694,11.435313,331.8215,0.0,99.0,3.0
2019-08-16 21:00:00+00:00,24.45,93.03774,1007.737,13.202726,334.1337,0.0,99.0,3.0
2019-08-16 22:00:00+00:00,24.5,93.60355,1007.3375,14.48972,333.43503,0.1,98.0,51.0
2019-08-16 23:00:00+00:00,24.6,93.60821,1007.83734,13.281023,327.17145,0.0,100.0,3.0
2019-08-17 00:00:00+00:00,24.55,92.48265,1007.73737,14.512064,336.61475,0.0,100.0,3.0
2019-08-17 01:00:00+00:00,24.5,92.47992,1007.9373,10.966713,336.8014,0.0,97.0,3.0
2019-08-17 02:00:00+00:00,25.05,91.402,1008.93744,10.383987,326.3099,0.0,97.0,3.0
2019-08-17 03:00:00+00:00,25.9,88.75104,1009.23865,11.183201,326.82147,0.0,100.0,3.0
2019-08-17 04:00:00+00:00,26.45,85.65453,1009.7394,11.457958,316.27295,0.0,100.0,3.0
2019-08-17 05:00:00+00:00,26.55,85.92219,1009.83954,10.966713,293.1986,0.0,98.0,3.0
2019-08-17 06:00:00+00:00,27.45,83.977776,1009.34106,13.708391,283.67133,0.2,100.0,51.0
2019-08-17 07:00:00+00:00,26.8,86.722435,1008.7404,15.379206,286.31393,0.0,100.0,3.0
2019-08-17 08:00:00+00:00,27.1,83.437195,1007.94116,17.555307,298.1415,0.0,100.0,3.0
2019-08-17 09:00:00+00:00,26.9,84.423256,1007.44104,18.58451,301.53473,0.1,100.0,51.0
2019-08-17 10:00:00+00:00,26.35,86.42084,1007.0406,16.055355,312.27362,0.4,100.0,51.0
2019-08-17 11:00:00+00:00,26.35,86.16144,1007.1405,16.29174,315.0001,0.2,99.0,51.0
2019-08-17 12:00:00+00:00,26.45,88.7944,1007.0406,13.570615,291.80148,0.1,100.0,51.0
2019-08-17 13:00:00+00:00,26.0,90.64231,1007.5396,13.37825,293.80594,0.0,99.0,3.0
2019-08-17 14:00:00+00:00,25.95,91.457054,1008.13934,12.72283,295.1148,0.0,98.0,3.0
2019-08-17 15:00:00+00:00,25.85,92.55252,1008.63885,11.792404,301.26367,0.0,99.0,3.0
2019-08-17 16:00:00+00:00,25.75,93.38156,1009.33856,10.883676,304.21576,0.0,99.0,3.0
2019-08-17 17:00:00+00:00,25.6,94.216225,1010.0379,10.948973,316.33215,0.0,98.0,3.0
2019-08-17 18:00:00+00:00,25.4,94.490326,1009.53784,10.948973,332.5925,0.0,99.0,3.0
2019-08-17 19:00:00+00:00,25.15,95.048485,1008.7379,11.631956,338.19852,0.0,98.0,3.0
2019-08-17 20:00:00+00:00,25.0,94.191025,1008.23773,11.631956,338.19852,0.0,100.0,3.0
2019-08-17 21:00:00+00:00,24.9,91.94571,1007.638,11.269782,333.43503,0.0,97.0,3.0
2019-08-17 22:00:00+00:00,24.7,90.00899,1007.43787,10.495713,337.8336,0.0,94.0,3.0
2019-08-17 23:00:00+00:00,24.55,89.45428,1007.6374,9.904906,340.9064,0.0,54.0,2.0
2019-08-18 00:00:00+00:00,25.05,87.08672,1007.9379,10.630672,331.69934,0.0,37.0,1.0
2019-08-18 01:00:00+00:00,24.8,89.20244,1008.2375,10.041354,345.4655,0.0,92.0,3.0
2019-08-18 02:00:00+00:00,25.35,89.24432,1008.8382,11.165805,339.22766,0.0,43.0,1.0
2019-08-18 03:00:00+00:00,26.55,84.38595,1009.7396,13.089354,328.4958,0.0,97.0,3.0
2019-08-18 04:00:00+00:00,27.3,80.26204,1009.74054,15.546833,317.8156,0.0,98.0,3.0
2019-08-18 05:00:00+00:00,27.4,80.275185,1010.1407,15.408671,307.40543,0.1,95.0,51.0
2019-08-18 06:00:00+00:00,27.4,82.22887,1009.8408,16.45007,293.1986,0.3,92.0,51.0
2019-08-18 07:00:00+00:00,27.0,85.70878,1009.14056,17.22742,296.02954,0.2,95.0,51.0
2019-08-18 08:00:00+00:00,26.75,85.42745,1008.3406,17.072504,294.94388,0.1,96.0,51.0
2019-08-18 09:00:00+00:00,27.45,82.481865,1007.7418,16.75064,298.21725,0.1,96.0,51.0
2019-08-18 10:00:00+00:00,27.35,82.96637,1007.64185,15.141414,298.3929,0.0,99.0,3.0
2019-08-18 11:00:00+00:00,27.0,83.92858,1007.5413,14.77755,304.07724,0.1,99.0,51.0
2019-08-18 12:00:00+00:00,26.7,86.973434,1007.5406,13.783817,310.76352,0.1,96.0,51.0
2019-08-18 13:00:00+00:00,26.15,90.11115,1008.1397,12.313894,307.87503,0.0,99.0,3.0
2019-08-18 14:00:00+00:00,25.8,91.44792,1009.1386,10.703569,317.72638,0.0,99.0,3.0
2019-08-18 15:00:00+00:00,25.55,92.25947,1010.1378,10.086427,325.17545,0.0,97.0,3.0
2019-08-18 16:00:00+00:00,25.5,92.53382,1010.9375,9.726664,321.009,0.0,98.0,3.0
2019-08-18 17:00:00+00:00,25.4,93.08533,1011.7369,10.739832,320.44037,0.0,98.0,3.0
2019-08-18 18:00:00+00:00,25.15,94.197334,1011.43665,9.0,323.13,0.0,98.0,3.0
2019-08-18 19:00:00+00:00,25.05,94.47632,1010.5367,7.8954163,316.8476,0.0,92.0,3.0
2019-08-18 20:00:00+00:00,24.85,95.03766,1009.83673,7.386582,316.9749,0.0,83.0,3.0
2019-08-18 21:00:00+00:00,24.65,95.891365,1009.2367,7.0911775,336.0375,0.0,92.0,3.0
2019-08-18 22:00:00+00:00,24.55,95.88835,1008.63696,6.924738,351.02744,0.0,98.0,3.0
2019-08-18 23:00:00+00:00,24.35,96.17142,1008.93646,9.021574,331.38962,0.0,99.0,3.0
2019-08-19 00:00:00+00:00,24.6,94.74302,1009.0368,9.504273,335.37646,0.0,99.0,3.0
2019-08-19 01:00:00+00:00,24.55,95.0268,1009.6365,9.028754,336.5014,0.0,85.0,3.0
2019-08-19 02:00:00+00:00,25.45,90.87857,1010.33746,11.592894,323.8417,0.0,91.0,3.0
2019-08-19 03:00:00+00:00,26.4,84.87975,1010.7389,12.768586,310.426,0.0,98.0,3.0
2019-08-19 04:00:00+00:00,27.15,82.69452,1010.7401,10.805998,299.98157,0.0,96.0,3.0
2019-08-19 05:00:00+00:00,27.4,81.49141,1010.8404,11.570515,275.35574,0.1,89.0,51.0
2019-08-19 06:00:00+00:00,27.65,80.79181,1010.6408,14.618837,279.92618,0.1,33.0,51.0
2019-08-19 07:00:00+00:00,27.95,79.62745,1009.84143,13.450708,285.52417,0.0,74.0,2.0
2019-08-19 08:00:00+00:00,28.0,79.395584,1008.94226,16.039202,279.0394,0.2,67.0,51.0
2019-08-19 09:00:00+00:00,27.9,79.38199,1008.0423,16.343367,277.59454,0.2,67.0,51.0
2019-08-19 10:00:00+00:00,27.75,79.84001,1007.8421,17.106628,278.47107,0.3,72.0,51.0
2019-08-19 11:00:00+00:00,27.25,81.96417,1007.9414,16.24394,282.80426,0.2,51.0,51.0
2019-08-19 12:00:00+00:00,26.95,84.9367,1007.94116,13.5515,286.9909,0.4,67.0,51.0
2019-08-19 13:00:00+00:00,26.15,89.30484,1008.4396,11.726277,287.87878,0.0,86.0,3.0
2019-08-19 14:00:00+00:00,25.75,91.44487,1009.43854,10.30883,294.77512,0.0,87.0,3.0
2019-08-19 15:00:00+00:00,25.6,92.816864,1010.43774,8.699793,294.44394,0.0,80.0,3.0
2019-08-19 16:00:00+00:00,25.45,93.36721,1011.33704,8.0899935,302.27563,0.0,79.0,2.0
2019-08-19 17:00:00+00:00,24.9,93.90408,1011.83606,6.4096174,308.15726,0.4,89.0,51.0
2019-08-19 18:00:00+00:00,24.75,95.320045,1011.536,4.8965297,323.97253,0.1,92.0,51.0
2019-08-19 19:00:00+00:00,24.6,95.88982,1011.0359,6.1305785,319.7637,0.1,93.0,51.0
2019-08-19 20:00:00+00:00,24.5,94.73918,1010.63605,9.565437,289.79895,0.6,97.0,53.0
2019-08-19 21:00:00+00:00,24.4,95.883835,1009.93604,9.360001,292.6199,0.3,100.0,51.0
2019-08-19 22:00:00+00:00,24.35,94.16353,1009.6361,10.365251,290.3232,0.6,98.0,53.0
2019-08-19 23:00:00+00:00,23.75,99.100815,1009.53534,8.161764,311.42358,0.2,86.0,51.0
2019-08-20 00:00:00+00:00,24.6,95.028595,1009.53656,10.883676,325.78424,0.1,89.0,51.0
2019-08-20 01:00:00+00:00,24.8,93.899666,1009.83673,10.086427,325.17545,0.2,97.0,51.0
2019-08-20 02:00:00+00:00,25.5,91.4296,1010.2378,10.990322,328.39255,0.1,97.0,51.0
2019-08-20 03:00:00+00:00,26.3,86.41617,1011.0384,12.738099,312.70938,0.2,95.0,51.0
2019-08-20 04:00:00+00:00,27.1,82.68863,1011.33954,13.37825,293.80594,0.2,25.0,51.0
2019-08-20 05:00:00+00:00,27.6,80.30139,1011.1406,15.725037,285.94547,0.2,94.0,51.0
2019-08-20 06:00:00+00:00,27.7,82.0187,1010.74084,16.981165,291.1248,0.5,96.0,53.0
2019-08-20 07:00:00+00:00,27.75,83.01238,1010.04114,15.725037,285.94547,0.2,91.0,51.0
2019-08-20 08:00:00+00:00,27.9,83.277916,1009.24176,17.651016,281.76825,0.3,88.0,51.0
2019-08-20 09:00:00+00:00,27.8,83.2666,1008.44214,17.193533,289.5732,0.0,82.0,3.0
2019-08-20 10:00:00+00:00,27.1,85.718636,1007.8412,16.267857,294.86368,0.1,60.0,51.0
2019-08-20 11:00:00+00:00,26.85,85.95125,1007.64087,15.379206,290.55612,0.0,29.0,1.0
2019-08-20 12:00:00+00:00,26.55,85.40739,1007.7405,17.31746,290.69553,0.2,51.0,51.0
2019-08-20 13:00:00+00:00,25.95,88.22304,1008.4392,14.84318,292.83368,0.0,56.0,2.0
2019-08-20 14:00:00+00:00,25.65,89.53603,1009.73804,11.384199,288.43503,0.0,69.0,2.0
2019-08-20 15:00:00+00:00,25.4,88.444145,1010.4375,10.630672,298.30066,0.2,76.0,51.0
2019-08-20 16:00:00+00:00,25.15,92.2372,1011.0368,10.703569,317.72638,0.1,60.0,51.0
2019-08-20 17:00:00+00:00,25.0,93.908485,1011.2364,8.587338,326.97614,0.0,83.0,3.0
2019-08-20 18:00:00+00:00,24.65,95.60361,1011.3357,9.422101,316.5481,0.2,99.0,51.0
2019-08-20 19:00:00+00:00,24.6,93.89077,1010.736,10.948973,297.4075,0.7,100.0,53.0
2019-08-20 20:00:00+00:00,24.5,94.73918,1010.43616,13.661038,288.43503,2.3,96.0,61.0
2019-08-20 21:00:00+00:00,24.4,95.883835,1009.2363,9.585739,304.28693,1.1,90.0,55.0
2019-08-20 22:00:00+00:00,24.2,95.87776,1008.83624,11.592895,295.76926,0.0,94.0,3.0
2019-08-20 23:00:00+00:00,24.35,94.448074,1009.2363,12.55879,297.2995,0.2,87.0,51.0
2019-08-21 00:00:00+00:00,24.4,95.30808,1009.2363,12.031756,308.92755,0.7,95.0,53.0
2019-08-21 01:00:00+00:00,24.05,99.10284,1009.5356,12.413477,299.5387,0.5,98.0,53.0
2019-08-21 02:00:00+00:00,24.95,94.188896,1010.0369,13.281023,302.82855,0.2,100.0,51.0
2019-08-21 03:00:00+00:00,25.6,91.435715,1010.43774,15.0038395,300.25635,0.2,96.0,51.0
2019-08-21 04:00:00+00:00,26.4,87.73252,1010.8388,16.516901,290.40997,0.1,98.0,51.0
2019-08-21 05:00:00+00:00,26.65,85.9319,1010.73914,15.596767,288.85324,0.1,99.0,51.0
2019-08-21 06:00:00+00:00,26.95,84.42859,1010.5399,17.873554,288.8,0.1,97.0,51.0
2019-08-21 07:00:00+00:00,27.05,85.201935,1009.6403,18.331741,289.50253,0.2,96.0,51.0
2019-08-21 08:00:00+00:00,27.4,84.22403,1008.9413,19.33639,294.1791,0.2,88.0,51.0
2019-08-21 09:00:00+00:00,26.0,91.46011,1008.6391,19.255793,290.80685,1.7,66.0,61.0
2019-08-21 10:00:00+00:00,26.3,85.897865,1008.2397,19.586117,287.1028,0.4,100.0,51.0
2019-08-21 11:00:00+00:00,25.45,88.181694,1008.3384,22.206486,286.96622,2.3,98.0,61.0
2019-08-21 12:00:00+00:00,25.7,89.53973,1008.53894,17.072504,294.94388,0.8,82.0,53.0
2019-08-21 13:00:00+00:00,25.35,89.78402,1008.9382,15.94601,298.30066,0.4,87.0,51.0
2019-08-21 14:00:00+00:00,25.05,91.67783,1009.73706,14.565548,309.98682,0.1,88.0,51.0
2019-08-21 15:00:00+00:00,24.8,93.899666,1010.53644,11.681987,303.6901,0.2,92.0,51.0
2019-08-21 16:00:00+00:00,24.5,93.04024,1011.2358,14.33234,295.27768,1.6,100.0,61.0
2019-08-21 17:00:00+00:00,23.8,98.80315,1011.8343,12.287555,301.8274,1.0,96.0,55.0
2019-08-21 18:00:00+00:00,24.4,94.73537,1011.43536,13.979872,304.50858,0.2,91.0,51.0
2019-08-21 19:00:00+00:00,24.4,94.45015,1010.6357,12.397806,295.82092,0.1,41.0,51.0
2019-08-21 20:00:00+00:00,24.25,94.44403,1010.0357,12.4811535,303.23172,0.3,86.0,51.0
2019-08-21 21:00:00+00:00,24.2,93.025154,1009.0362,11.592895,295.76926,0.4,100.0,51.0
2019-08-21 22:00:00+00:00,23.6,99.09983,1008.6354,13.217443,299.35767,0.5,92.0,53.0
2019-08-21 23:00:00+00:00,24.25,93.59196,1008.9362,14.707222,291.54105,1.1,100.0,55.0
2019-08-22 00:00:00+00:00,24.15,93.022644,1009.336,13.684735,305.36255,1.4,98.0,61.0
2019-08-22 01:00:00+00:00,23.7,99.100464,1009.63525,14.021525,299.1974,1.1,100.0,55.0
2019-08-22 02:00:00+00:00,24.15,94.15502,1010.23566,14.291592,310.91428,0.7,99.0,53.0
2019-08-22 03:00:00+00:00,24.95,92.50422,1011.1364,16.279802,305.0959,0.3,98.0,51.0
2019-08-22 04:00:00+00:00,25.6,90.072586,1011.5372,16.267857,294.86368,0.5,99.0,53.0
2019-08-22 05:00:00+00:00,25.3,92.24557,1011.33704,16.075521,304.046,2.9,97.0,63.0
2019-08-22 06:00:00+00:00,25.75,87.67667,1011.0378,18.171976,303.6901,0.2,100.0,51.0
2019-08-22 07:00:00+00:00,26.25,86.15186,1010.3387,16.981165,302.00534,0.3,96.0,51.0
2019-08-22 08:00:00+00:00,26.05,85.61492,1009.4388,18.204042,294.53772,0.2,100.0,51.0
2019-08-22 09:00:00+00:00,25.75,85.84411,1008.8388,18.11841,290.95584,0.2,98.0,51.0
2019-08-22 10:00:00+00:00,25.65,86.61605,1008.43866,17.906157,300.17343,0.4,99.0,51.0
2019-08-22 11:00:00+00:00,25.75,87.4128,1008.63885,15.379206,302.57404,0.3,100.0,51.0
2019-08-22 12:00:00+00:00,24.55,93.32397,1009.2367,15.580141,319.68597,1.1,99.0,55.0
2019-08-22 13:00:00+00:00,24.5,93.88636,1009.2367,12.783802,327.6526,0.5,99.0,53.0
2019-08-22 14:00:00+00:00,24.45,95.02314,1009.6361,11.384198,325.30478,0.1,99.0,51.0
2019-08-22 15:00:00+00:00,24.5,95.598785,1010.43616,10.739832,320.44037,0.0,100.0,3.0
2019-08-22 16:00:00+00:00,23.85,98.50643,1011.23456,13.324863,308.4181,0.7,100.0,53.0
2019-08-22 17:00:00+00:00,23.9,99.10186,1011.73456,12.475961,313.83093,0.9,100.0,53.0
2019-08-22 18:00:00+00:00,23.75,98.80264,1011.63434,13.755579,312.8789,0.8,100.0,53.0
2019-08-22 19:00:00+00:00,23.35,99.09814,1011.13385,13.324863,321.5819,1.3,100.0,61.0
2019-08-22 20:00:00+00:00,22.9,99.39592,1010.43365,12.682018,353.4803,0.9,100.0,53.0
2019-08-22 21:00:00+00:00,22.5,99.39411,1009.73334,8.557102,14.620926,0.6,100.0,53.0
2019-08-22 22:00:00+00:00,22.4,99.39365,1009.2332,8.049845,10.304792,0.5,100.0,53.0
2019-08-22 23:00:00+00:00,22.5,99.39411,1009.53345,6.162207,353.29025,0.6,100.0,53.0
2019-08-23 00:00:00+00:00,23.45,95.85499,1009.5346,10.464798,356.0549,0.7,100.0,53.0
2019-08-23 01:00:00+00:00,23.15,99.397064,1009.8342,6.28713,346.75946,0.2,99.0,51.0
2019-08-23 02:00:00+00:00,23.8,99.40001,1010.6348,5.6002855,315.0001,0.3,98.0,51.0
2019-08-23 03:00:00+00:00,24.9,93.06036,1011.2364,8.14587,315.0001,0.2,99.0,51.0
2019-08-23 04:00:00+00:00,25.75,88.73919,1011.4376,11.119281,299.0545,0.3,99.0,51.0
2019-08-23 05:00:00+00:00,26.5,86.6948,1011.4386,13.237039,292.3802,0.1,98.0,51.0
2019-08-23 06:00:00+00:00,26.55,85.92219,1011.43884,14.372974,292.06796,0.1,95.0,51.0
2019-08-23 07:00:00+00:00,26.85,84.67179,1010.7395,15.281989,285.0184,0.1,92.0,51.0
2019-08-23 08:00:00+00:00,26.85,83.91215,1009.9399,16.179985,290.85452,0.2,98.0,51.0
2019-08-23 09:00:00+00:00,25.7,86.35951,1009.53845,18.193361,297.072,0.8,100.0,53.0
2019-08-23 10:00:00+00:00,25.15,90.3129,1009.2377,16.746773,295.46332,1.0,98.0,55.0
2019-08-23 11:00:00+00:00,25.0,90.57556,1009.5372,17.174677,303.02386,0.5,95.0,53.0
2019-08-23 12:00:00+00:00,24.75,93.052795,1009.63684,14.512064,299.74478,0.5,100.0,53.0
2019-08-23 13:00:00+00:00,23.65,98.80181,1010.2347,12.979984,303.6901,1.4,100.0,61.0
2019-08-23 14:00:00+00:00,23.6,99.09983,1011.43414,11.592894,306.15826,1.3,100.0,61.0
2019-08-23 15:00:00+00:00,23.65,98.80181,1011.9339,10.799999,306.86996,1.7,100.0,61.0
2019-08-23 16:00:00+00:00,23.75,99.100815,1012.434,9.0,306.86996,1.4,100.0,61.0
2019-08-23 17:00:00+00:00,23.65,99.39931,1012.9335,10.685391,302.61923,1.2,100.0,55.0
2019-08-23 18:00:00+00:00,23.55,99.09948,1012.5336,10.636766,293.9625,2.4,100.0,61.0
2019-08-23 19:00:00+00:00,23.5,99.09916,1011.8339,11.792404,301.26367,2.9,100.0,63.0
2019-08-23 20:00:00+00:00,23.45,99.09878,1011.13385,9.290511,324.46225,1.6,100.0,61.0
2019-08-23 21:00:00+00:00,23.4,99.398186,1010.3342,9.220499,321.34018,0.5,100.0,53.0
2019-08-23 22:00:00+00:00,23.25,99.698364,1010.2341,9.673221,315.0001,0.7,100.0,53.0
2019-08-23 23:00:00+00:00,23.25,99.39749,1010.2341,8.714677,321.70978,0.8,99.0,53.0
2019-08-24 00:00:00+00:00,23.65,96.73515,1010.2347,7.5170207,16.699326,1.2,100.0,55.0
2019-08-24 01:00:00+00:00,23.65,99.39931,1010.53455,4.32,360.0,0.2,100.0,51.0
2019-08-24 02:00:00+00:00,24.1,99.40133,1010.9353,5.8048253,299.74478,0.5,100.0,53.0
2019-08-24 03:00:00+00:00,24.7,95.89287,1011.6359,7.7043357,322.59457,0.1,100.0,51.0
2019-08-24 04:00:00+00:00,25.25,93.077805,1011.93646,9.178235,318.1799,0.1,100.0,51.0
2019-08-24 05:00:00+00:00,25.45,91.42653,1012.13666,13.363711,297.25525,0.1,100.0,51.0
2019-08-24 06:00:00+00:00,26.0,88.22716,1011.83765,16.179985,290.85452,0.1,100.0,51.0
2019-08-24 07:00:00+00:00,26.2,88.50883,1010.9385,15.137133,295.34613,0.0,91.0,3.0
2019-08-24 08:00:00+00:00,27.1,83.939545,1010.2401,17.22742,296.02954,0.1,87.0,51.0
2019-08-24 09:00:00+00:00,26.25,86.41142,1009.3392,17.87718,295.01685,0.3,85.0,51.0
2019-08-24 10:00:00+00:00,26.3,85.897865,1008.3396,16.434305,298.8107,0.1,94.0,51.0
2019-08-24 11:00:00+00:00,26.0,87.172,1008.33923,18.681883,295.08356,0.2,80.0,51.0
2019-08-24 12:00:00+00:00,26.15,83.835144,1008.53955,16.055355,312.27362,0.5,68.0,53.0
2019-08-24 13:00:00+00:00,25.4,88.444145,1009.138,13.324863,308.4181,0.0,97.0,3.0
2019-08-24 14:00:00+00:00,25.15,89.76959,1010.1372,14.113652,307.74686,0.1,100.0,51.0
2019-08-24 15:00:00+00:00,24.95,91.395836,1010.83655,10.296251,323.53067,0.0,99.0,3.0
2019-08-24 16:00:00+00:00,24.75,92.77276,1011.23615,9.19939,329.42084,0.0,95.0,3.0
2019-08-24 17:00:00+00:00,24.45,94.16777,1011.43536,8.699793,335.55606,0.0,96.0,3.0
2019-08-24 18:00:00+00:00,24.4,93.88195,1011.2354,8.534353,332.3541,0.0,98.0,3.0
2019-08-24 19:00:00+00:00,24.3,92.74926,1010.93555,15.072783,310.1559,0.3,97.0,51.0
2019-08-24 20:00:00+00:00,24.2,93.025154,1010.3356,14.76439,315.0001,0.4,100.0,51.0
2019-08-24 21:00:00+00:00,24.05,94.72189,1009.5356,12.819235,321.8427,0.2,96.0,51.0
2019-08-24 22:00:00+00:00,23.75,96.15449,1009.4354,10.296251,323.53067,0.1,100.0,51.0
2019-08-24 23:00:00+00:00,23.75,95.57452,1009.7353,10.009036,322.3057,0.4,100.0,51.0
2019-08-25 00:00:00+00:00,24.1,94.723816,1009.9358,7.127636,315.0001,0.4,100.0,51.0
2019-08-25 01:00:00+00:00,24.3,93.311874,1010.3358,9.449572,287.74475,0.2,96.0,51.0
2019-08-25 02:00:00+00:00,24.35,92.19243,1011.0355,14.685176,281.3099,1.3,99.0,61.0
2019-08-25 03:00:00+00:00,23.7,99.100464,1011.5344,15.226764,276.78888,1.4,100.0,61.0
2019-08-25 04:00:00+00:00,24.1,99.103165,1011.63495,12.6462,274.89902,1.9,94.0,61.0
2019-08-25 05:00:00+00:00,24.6,99.40356,1011.63556,11.570515,275.35574,1.3,96.0,61.0
2019-08-25 06:00:00+00:00,24.8,99.70185,1010.9363,9.0645685,276.84268,1.1,100.0,55.0
2019-08-25 07:00:00+00:00,26.25,92.57386,1010.43866,12.7279215,278.13,0.3,100.0,51.0
2019-08-25 08:00:00+00:00,25.35,92.248344,1009.7378,14.869351,276.95285,0.5,100.0,53.0
2019-08-25 09:00:00+00:00,25.4,91.69865,1009.138,14.917212,278.32556,0.8,95.0,53.0
2019-08-25 10:00:00+00:00,25.2,91.13639,1008.9378,17.298738,282.01144,1.3,100.0,61.0
2019-08-25 11:00:00+00:00,24.8,91.9399,1008.9372,16.808569,279.86575,1.1,99.0,55.0
2019-08-25 12:00:00+00:00,25.1,90.85579,1008.7379,11.269782,296.56497,0.5,98.0,53.0
2019-08-25 13:00:00+00:00,24.75,93.052795,1009.5369,9.585739,304.28693,0.7,99.0,53.0
2019-08-25 14:00:00+00:00,23.7,99.39953,1010.33496,10.685391,302.61923,1.7,100.0,61.0
2019-08-25 15:00:00+00:00,23.95,99.10214,1010.93494,9.659814,296.56497,0.3,99.0,51.0
2019-08-25 16:00:00+00:00,23.8,99.101166,1011.5344,12.144331,281.9761,0.5,100.0,53.0
2019-08-25 17:00:00+00:00,24.35,93.87967,1012.03503,16.520823,281.3099,0.6,100.0,53.0
2019-08-25 18:00:00+00:00,24.5,95.02494,1011.2358,12.074766,280.30478,0.1,99.0,51.0
2019-08-25 19:00:00+00:00,24.4,95.02133,1010.4358,14.264361,280.17545,0.3,98.0,51.0
2019-08-25 20:00:00+00:00,24.45,93.88412,1009.93604,13.910169,280.4374,0.6,97.0,53.0
2019-08-25 21:00:00+00:00,24.35,93.31429,1009.5362,15.328561,279.46225,0.3,98.0,51.0
2019-08-25 22:00:00+00:00,24.25,95.01585,1009.336,12.371645,278.36578,1.4,100.0,61.0
2019-08-25 23:00:00+00:00,23.75,99.100815,1009.53534,13.202726,281.00348,0.6,96.0,53.0
2019-08-26 00:00:00+00:00,24.1,95.0104,1009.53595,9.957108,310.60123,2.3,92.0,61.0
2019-08-26 01:00:00+00:00,24.4,94.16565,1009.93604,11.298495,292.47946,0.9,100.0,53.0
2019-08-26 02:00:00+00:00,23.9,99.10186,1010.6351,11.304229,279.16226,2.0,100.0,61.0
2019-08-26 03:00:00+00:00,24.35,94.448074,1011.6352,14.417988,267.13766,0.9,100.0,53.0
2019-08-26 04:00:00+00:00,24.75,94.180466,1011.7359,10.308831,257.90524,0.3,100.0,51.0
2019-08-26 05:00:00+00:00,25.65,91.16482,1011.7371,12.413476,253.14151,0.4,100.0,51.0
2019-08-26 06:00:00+00:00,25.5,91.704544,1011.3373,19.770523,259.50858,2.6,100.0,63.0
2019-08-26 07:00:00+00:00,25.95,87.9581,1010.83813,16.575644,267.5105,0.4,94.0,51.0
2019-08-26 08:00:00+00:00,26.55,84.38595,1009.9395,15.856356,267.3975,0.1,96.0,51.0
2019-08-26 09:00:00+00:00,26.45,84.88493,1009.0397,16.23596,266.186,0.1,100.0,51.0
2019-08-26 10:00:00+00:00,26.1,84.59279,1009.03894,20.240196,264.89792,0.1,85.0,51.0
2019-08-26 11:00:00+00:00,25.35,87.90742,1009.33795,18.448023,264.40076,0.6,97.0,53.0
2019-08-26 12:00:00+00:00,24.85,87.59878,1009.337,21.611998,271.90912,0.4,95.0,51.0
2019-08-26 13:00:00+00:00,24.45,91.9196,1009.7361,18.448023,275.59924,1.2,94.0,55.0
2019-08-26 14:00:00+00:00,23.5,98.80043,1010.63446,18.175545,277.9695,2.4,100.0,61.0
2019-08-26 15:00:00+00:00,23.8,98.80315,1010.93475,14.561099,261.46933,1.6,98.0,61.0
2019-08-26 16:00:00+00:00,23.95,98.804474,1011.3347,12.074766,259.69522,0.8,100.0,53.0
2019-08-26 17:00:00+00:00,23.85,98.80356,1012.0342,23.795427,252.38733,2.6,100.0,63.0
2019-08-26 18:00:00+00:00,23.7,98.80222,1011.93427,19.44,270.0,2.8,100.0,63.0
2019-08-26 19:00:00+00:00,23.55,98.20609,1011.33417,17.673029,273.50345,2.7,100.0,63.0
2019-08-26 20:00:00+00:00,23.4,99.09849,1010.6341,16.167967,281.5601,3.6,100.0,63.0
2019-08-26 21:00:00+00:00,23.5,98.50253,1010.0347,13.1041975,285.94547,1.7,100.0,61.0
2019-08-26 22:00:00+00:00,23.2,99.09709,1009.7343,10.483357,285.94547,1.5,100.0,61.0
2019-08-26 23:00:00+00:00,23.3,99.0978,1009.5346,5.6920996,288.43503,1.0,100.0,55.0
2019-08-27 00:00:00+00:00,25.05,94.19312,1009.3372,13.830749,321.34018,0.9,100.0,53.0
2019-08-27 01:00:00+00:00,25.05,94.47632,1009.2373,13.281023,327.17145,0.1,93.0,51.0
2019-08-27 02:00:00+00:00,25.4,93.36486,1009.9377,13.044722,320.59937,0.1,99.0,51.0
2019-08-27 03:00:00+00:00,26.2,91.47226,1010.53864,16.055355,317.72638,0.3,100.0,51.0
2019-08-27 04:00:00+00:00,26.3,89.85246,1010.53864,16.29174,315.0001,0.0,99.0,3.0
2019-08-27 05:00:00+00:00,27.0,81.196526,1010.2401,17.377226,309.9575,0.0,97.0,3.0
2019-08-27 06:00:00+00:00,27.85,75.86757,1010.1413,22.077717,294.05734,0.0,98.0,3.0
2019-08-27 07:00:00+00:00,27.05,81.44788,1009.34045,20.176065,285.52417,0.4,100.0,51.0
2019-08-27 08:00:00+00:00,26.4,85.13571,1008.5399,19.64558,283.78162,0.2,100.0,51.0
2019-08-27 09:00:00+00:00,26.95,81.92772,1007.8412,23.023119,279.9041,0.3,100.0,51.0
2019-08-27 10:00:00+00:00,26.1,84.84856,1007.6395,24.74329,278.36578,0.5,89.0,53.0
2019-08-27 11:00:00+00:00,25.75,89.81293,1007.9392,22.782625,275.44025,1.6,64.0,61.0
2019-08-27 12:00:00+00:00,25.8,88.210686,1007.1395,15.463244,282.09473,1.2,93.0,55.0
2019-08-27 13:00:00+00:00,25.9,89.285995,1007.43945,12.496719,281.6336,0.1,99.0,51.0
2019-08-27 14:00:00+00:00,25.5,89.25571,1008.6385,13.722565,274.5139,0.5,99.0,53.0
2019-08-27 15:00:00+00:00,25.1,92.5123,1009.3376,15.226764,276.78888,0.4,99.0,51.0
2019-08-27 16:00:00+00:00,25.25,92.79875,1010.2372,14.205182,278.74606,0.2,100.0,51.0
2019-08-27 17:00:00+00:00,25.25,90.86555,1010.8369,15.496736,272.66293,0.2,100.0,51.0
2019-08-27 18:00:00+00:00,23.8,98.20943,1011.33453,21.611998,271.90912,1.8,93.0,61.0
2019-08-27 19:00:00+00:00,24.65,94.46023,1010.3362,15.745627,280.53912,0.6,91.0,53.0
2019-08-27 20:00:00+00:00,24.75,93.052795,1009.43695,16.167967,281.5601,0.2,96.0,51.0
2019-08-27 21:00:00+00:00,24.55,92.76234,1009.0368,22.19773,278.39285,0.5,100.0,53.0
2019-08-27 22:00:00+00:00,24.4,93.316734,1008.5366,19.64558,283.78162,2.0,100.0,61.0
2019-08-27 23:00:00+00:00,24.6,93.89077,1008.63696,17.418196,288.06055,0.3,99.0,51.0
2019-08-28 00:00:00+00:00,25.0,92.22882,1008.3377,17.727943,299.1675,0.3,100.0,51.0
2019-08-28 01:00:00+00:00,25.0,92.50694,1008.5376,16.199999,306.86996,0.2,99.0,51.0
2019-08-28 02:00:00+00:00,25.5,91.98026,1009.3382,14.291592,310.91428,0.1,99.0,51.0
2019-08-28 03:00:00+00:00,25.95,90.367714,1010.1384,15.077082,303.31064,0.2,100.0,51.0
2019-08-28 04:00:00+00:00,26.6,87.22542,1010.63916,14.973577,297.18103,0.1,100.0,51.0
2019-08-28 05:00:00+00:00,26.25,86.6717,1010.63855,16.595179,294.34106,0.3,100.0,51.0
2019-08-28 06:00:00+00:00,26.95,85.19176,1010.34,16.516901,286.46008,0.2,98.0,51.0
2019-08-28 07:00:00+00:00,27.0,85.452484,1009.6403,17.114204,292.24908,0.3,89.0,51.0
2019-08-28 08:00:00+00:00,26.85,85.43747,1008.7404,18.861387,283.24054,0.2,54.0,51.0
2019-08-28 09:00:00+00:00,26.25,87.71963,1008.2397,20.724247,287.176,0.2,57.0,51.0
2019-08-28 10:00:00+00:00,26.15,85.62482,1008.2397,19.469975,289.44012,1.1,100.0,55.0
2019-08-28 11:00:00+00:00,25.15,93.35288,1008.3381,18.448023,287.0206,3.3,100.0,63.0
2019-08-28 12:00:00+00:00,25.5,90.33691,1007.83887,13.779114,289.85532,0.7,98.0,53.0
2019-08-28 13:00:00+00:00,24.85,91.94281,1008.43744,15.596767,288.85324,0.3,69.0,51.0
2019-08-28 14:00:00+00:00,24.6,92.20646,1009.53656,16.327497,284.03625,0.5,100.0,53.0
2019-08-28 15:00:00+00:00,24.35,95.59394,1010.13586,13.527572,295.20108,1.4,93.0,61.0
2019-08-28 16:00:00+00:00,24.5,94.45413,1011.0359,17.727943,282.9074,0.3,100.0,51.0
2019-08-28 17:00:00+00:00,24.65,94.17623,1011.1358,14.336861,298.49554,1.1,64.0,55.0
2019-08-28 18:00:00+00:00,24.6,94.74302,1010.83594,13.849477,297.8972,0.0,99.0,3.0
2019-08-28 19:00:00+00:00,23.95,98.507545,1010.03534,15.617529,295.97433,1.3,49.0,61.0
2019-08-28 20:00:00+00:00,24.6,94.17412,1009.0368,15.1884165,301.4295,0.2,96.0,51.0
2019-08-28 21:00:00+00:00,24.7,93.89521,1008.53735,16.485485,301.60745,0.2,89.0,51.0
2019-08-28 22:00:00+00:00,24.55,94.172005,1008.03723,18.079027,305.2725,0.4,44.0,51.0
2019-08-28 23:00:00+00:00,23.7,99.100464,1008.43585,17.072504,312.4362,0.5,46.0,53.0
2019-08-29 00:00:00+00:00,24.45,95.30976,1008.5366,14.021525,330.8026,0.1,74.0,51.0
2019-08-29 01:00:00+00:00,24.55,95.31324,1009.0368,13.779114,326.7251,0.2,92.0,51.0
2019-08-29 02:00:00+00:00,25.0,94.474266,1009.5372,13.397612,329.30035,0.2,38.0,51.0
2019-08-29 03:00:00+00:00,26.05,92.01174,1010.53827,11.720751,317.4896,0.2,69.0,51.0
2019-08-29 04:00:00+00:00,26.6,89.87388,1011.2389,13.104198,307.18478,0.4,75.0,51.0
2019-08-29 05:00:00+00:00,27.4,86.77747,1011.34015,13.237039,292.3802,0.2,68.0,51.0
2019-08-29 06:00:00+00:00,26.8,87.50457,1010.7395,16.279802,288.03436,0.2,66.0,51.0
2019-08-29 07:00:00+00:00,27.05,87.00503,1009.6403,13.570615,291.80148,0.2,71.0,51.0
2019-08-29 08:00:00+00:00,27.2,85.728455,1008.84094,16.279802,288.03436,0.3,81.0,51.0
2019-08-29 09:00:00+00:00,26.3,88.51692,1008.1397,20.275385,286.50443,0.3,81.0,51.0
2019-08-29 10:00:00+00:00,26.25,85.63473,1007.9398,20.037485,287.78397,0.4,87.0,51.0
2019-08-29 11:00:00+00:00,25.9,87.42597,1007.9392,20.620806,286.22028,0.5,84.0,53.0
2019-08-29 12:00:00+00:00,25.05,92.50967,1008.5376,18.671474,289.13373,5.3,77.0,63.0
2019-08-29 13:00:00+00:00,24.8,93.055336,1008.9372,16.645864,291.57138,0.5,70.0,53.0
2019-08-29 14:00:00+00:00,24.6,90.27489,1009.73645,19.829433,285.80258,1.0,92.0,55.0
2019-08-29 15:00:00+00:00,24.3,92.74926,1010.8356,19.483284,286.09088,1.3,93.0,61.0
2019-08-29 16:00:00+00:00,24.5,94.169876,1010.83594,18.193361,297.072,0.4,48.0,51.0
2019-08-29 17:00:00+00:00,24.5,92.47992,1011.4357,22.127556,291.97455,0.4,93.0,51.0
2019-08-29 18:00:00+00:00,24.65,91.37734,1010.83594,17.906157,300.17343,0.2,90.0,51.0
2019-08-29 19:00:00+00:00,24.4,93.88195,1010.2359,15.941944,295.40768,0.2,99.0,51.0
2019-08-29 20:00:00+00:00,24.45,92.75711,1009.2363,15.137133,295.34613,0.7,100.0,53.0
2019-08-29 21:00:00+00:00,24.25,93.02765,1008.7363,15.463246,294.77512,0.8,99.0,53.0
2019-08-29 22:00:00+00:00,23.3,99.0978,1008.5351,17.49615,306.6342,1.6,100.0,61.0
2019-08-29 23:00:00+00:00,23.55,98.80093,1008.4355,14.77755,304.07724,0.6,99.0,53.0
2019-08-30 00:00:00+00:00,24.05,95.29606,1007.93634,16.676977,346.2637,0.4,99.0,51.0
2019-08-30 01:00:00+00:00,23.8,94.99947,1008.136,13.493999,350.78906,0.0,97.0,3.0
2019-08-30 02:00:00+00:00,24.05,94.72189,1008.5361,10.948973,350.53775,0.0,93.0,3.0
2019-08-30 03:00:00+00:00,25.45,88.44816,1009.138,12.55879,332.7005,0.0,75.0,2.0
2019-08-30 04:00:00+00:00,26.4,83.86273,1009.33954,18.218275,307.77576,0.2,90.0,51.0
2019-08-30 05:00:00+00:00,27.25,80.49763,1009.1408,18.79255,306.43094,0.2,98.0,51.0
2019-08-30 06:00:00+00:00,27.6,79.81993,1008.4419,20.497883,300.61853,0.1,95.0,51.0
2019-08-30 07:00:00+00:00,28.0,79.15759,1007.44293,21.096123,295.2531,0.1,97.0,51.0
2019-08-30 08:00:00+00:00,28.0,80.11326,1006.7432,21.749481,294.44394,0.0,98.0,3.0
2019-08-30 09:00:00+00:00,27.65,81.27823,1006.1429,21.413193,296.99576,0.0,97.0,3.0
2019-08-30 10:00:00+00:00,27.55,82.00057,1005.5428,21.749481,294.44394,0.1,95.0,51.0
2019-08-30 11:00:00+00:00,26.25,87.98336,1006.1406,21.868332,290.22495,0.2,95.0,51.0
2019-08-30 12:00:00+00:00,26.7,86.19488,1005.94135,19.966211,295.64096,0.3,93.0,51.0
2019-08-30 13:00:00+00:00,26.05,88.49677,1006.4401,18.193361,297.072,0.0,72.0,2.0
2019-08-30 14:00:00+00:00,25.65,90.076096,1007.13916,19.022177,299.4758,0.0,87.0,3.0
2019-08-30 15:00:00+00:00,25.75,90.35403,1008.0392,15.778516,304.7779,0.0,98.0,3.0
2019-08-30 16:00:00+00:00,25.8,90.35749,1008.73883,14.336861,308.8845,0.0,100.0,3.0
2019-08-30 17:00:00+00:00,25.45,92.53112,1009.23804,13.830749,308.65982,0.1,99.0,51.0
2019-08-30 18:00:00+00:00,25.1,93.35045,1008.9378,15.192682,306.3269,0.3,100.0,51.0
2019-08-30 19:00:00+00:00,24.7,95.605225,1008.2375,14.57889,302.90524,0.6,87.0,53.0
2019-08-30 20:00:00+00:00,24.55,94.4562,1007.6374,16.610792,299.8988,0.9,81.0,53.0
2019-08-30 21:00:00+00:00,24.4,94.73537,1007.03735,16.434305,298.8107,0.6,100.0,53.0
2019-08-30 22:00:00+00:00,24.4,93.598946,1006.53754,16.595179,294.34106,0.4,97.0,51.0
2019-08-30 23:00:00+00:00,24.5,92.20083,1006.83777,17.447933,291.80145,0.2,97.0,51.0
2019-08-31 00:00:00+00:00,24.55,94.74111,1007.0377,13.358861,284.03625,0.4,93.0,51.0
2019-08-31 01:00:00+00:00,24.5,94.45413,1007.13763,14.84318,284.03625,1.1,98.0,55.0
2019-08-31 02:00:00+00:00,24.5,93.60355,1007.73737,16.071491,285.59286,0.7,97.0,53.0
2019-08-31 03:00:00+00:00,25.5,94.212036,1008.2387,12.144331,281.9761,0.2,98.0,51.0
2019-08-31 04:00:00+00:00,26.65,87.229904,1008.4402,13.084402,277.90707,0.1,96.0,51.0
2019-08-31 05:00:00+00:00,26.1,89.56922,1008.5392,15.463244,282.09473,0.5,87.0,53.0
2019-08-31 06:00:00+00:00,27.2,86.242455,1008.3412,16.808569,279.86575,0.3,95.0,51.0
2019-08-31 07:00:00+00:00,26.6,88.0127,1007.4407,15.379206,290.55612,0.3,91.0,51.0
2019-08-31 08:00:00+00:00,26.95,86.7362,1006.8416,17.551615,295.51382,0.1,95.0,51.0
2019-08-31 09:00:00+00:00,26.65,84.65082,1005.94135,19.855558,292.3802,0.4,99.0,51.0
2019-08-31 10:00:00+00:00,26.7,85.67924,1005.34155,18.204042,294.53772,0.3,95.0,51.0
2019-08-31 11:00:00+00:00,26.1,86.65782,1005.64044,18.556595,288.08353,0.3,100.0,51.0
2019-08-31 12:00:00+00:00,25.85,90.09016,1005.64026,14.007655,295.90643,0.3,100.0,51.0
2019-08-31 13:00:00+00:00,25.55,91.15852,1006.33954,11.592894,306.15826,0.3,100.0,51.0
2019-08-31 14:00:00+00:00,25.05,93.06786,1007.13824,9.449572,310.36444,0.2,100.0,51.0
2019-08-31 15:00:00+00:00,24.85,93.05782,1007.9377,11.923557,298.88647,0.3,100.0,51.0
2019-08-31 16:00:00+00:00,25.0,92.78578,1008.73755,9.659814,296.56497,0.3,100.0,51.0
2019-08-31 17:00:00+00:00,25.0,91.12374,1009.3372,11.592895,295.76926,0.5,100.0,53.0
2019-08-31 18:00:00+00:00,24.65,94.17623,1009.3366,12.783802,279.7275,0.7,100.0,53.0
2019-08-31 19:00:00+00:00,23.9,98.50699,1008.636,10.041354,284.5345,0.7,100.0,53.0
2019-08-31 20:00:00+00:00,23.8,98.80315,1008.036,10.8955765,277.59454,0.6,100.0,53.0
2019-08-31 21:00:00+00:00,23.7,98.80222,1007.43634,10.308831,282.09473,0.7,100.0,53.0
2019-08-31 22:00:00+00:00,23.5,99.09916,1007.03613,10.1376915,276.11542,0.8,100.0,53.0
2019-08-31 23:00:00+00:00,23.55,98.50309,1007.2361,11.542478,273.57626,0.6,100.0,53.0
2019-09-01 00:00:00+00:00,24.3,93.59432,1007.33716,10.239453,259.8754,0.3,100.0,51.0
2019-09-01 01:00:00+00:00,24.05,98.80537,1007.83636,9.793058,252.89719,0.8,99.0,53.0
2019-09-01 02:00:00+00:00,24.9,95.61166,1008.73755,9.605998,257.00537,0.3,99.0,51.0
2019-09-01 03:00:00+00:00,25.7,92.5445,1009.6384,8.311245,265.03033,0.3,99.0,51.0
2019-09-01 04:00:00+00:00,25.15,90.585625,1010.33716,12.7279215,261.87,1.7,98.0,61.0
2019-09-01 05:00:00+00:00,26.2,89.845245,1010.2388,10.08,270.0,0.4,98.0,51.0
2019-09-01 06:00:00+00:00,25.8,86.89172,1010.1382,16.676977,256.2637,1.1,97.0,55.0
2019-09-01 07:00:00+00:00,26.2,88.50883,1009.1392,13.004921,265.23645,0.4,97.0,51.0
2019-09-01 08:00:00+00:00,26.85,87.24759,1008.44055,15.496736,267.33704,0.1,98.0,51.0
2019-09-01 09:00:00+00:00,26.35,88.78655,1007.7403,14.417988,272.86234,0.2,97.0,51.0
2019-09-01 10:00:00+00:00,25.9,86.63929,1007.23956,14.869351,276.95285,0.6,98.0,53.0
2019-09-01 11:00:00+00:00,26.15,86.40204,1007.3401,13.679999,270.0,0.1,100.0,51.0
2019-09-01 12:00:00+00:00,25.75,88.73919,1007.7393,11.440978,282.72437,0.6,100.0,53.0
2019-09-01 13:00:00+00:00,25.1,90.03732,1008.2381,11.620809,286.18927,0.4,97.0,51.0
2019-09-01 14:00:00+00:00,25.05,92.23165,1009.03735,9.178235,295.5599,0.0,99.0,3.0
2019-09-01 15:00:00+00:00,24.7,91.38045,1010.0367,14.205182,278.74606,0.6,100.0,53.0
2019-09-01 16:00:00+00:00,24.85,91.3897,1010.2366,8.699793,294.44394,0.3,100.0,51.0
2019-09-01 17:00:00+00:00,24.7,93.05031,1010.7364,9.346143,285.6423,0.6,100.0,53.0
2019-09-01 18:00:00+00:00,24.15,98.80626,1010.7354,11.165805,268.15244,0.7,100.0,53.0
2019-09-01 19:00:00+00:00,23.8,99.101166,1010.33496,7.072878,284.74362,1.0,100.0,55.0
2019-09-01 20:00:00+00:00,23.55,98.80093,1009.7349,10.464798,273.9451,1.2,100.0,55.0
2019-09-01 21:00:00+00:00,23.5,99.09916,1009.535,10.495713,275.90604,1.2,96.0,55.0
2019-09-01 22:00:00+00:00,23.5,98.80043,1009.13513,10.948973,279.46225,0.7,99.0,53.0
2019-09-01 23:00:00+00:00,23.6,98.80132,1009.3351,12.24,270.0,0.7,100.0,53.0
2019-09-02 00:00:00+00:00,24.3,94.1614,1009.2363,10.805999,268.09088,1.3,100.0,61.0
2019-09-02 01:00:00+00:00,24.1,99.103165,1009.8358,9.114471,279.09018,0.3,98.0,51.0
2019-09-02 02:00:00+00:00,25.15,95.90638,1010.737,7.9526596,275.19434,0.3,95.0,51.0
2019-09-02 03:00:00+00:00,25.05,99.1095,1011.2364,10.8955765,277.59454,1.2,92.0,55.0
2019-09-02 04:00:00+00:00,26.0,92.28434,1011.5378,9.6932955,285.06854,0.4,99.0,51.0
2019-09-02 05:00:00+00:00,26.55,88.53701,1011.53876,9.114471,279.09018,0.3,53.0,51.0
2019-09-02 06:00:00+00:00,27.35,85.99957,1011.04034,11.212135,275.52744,0.1,78.0,51.0
2019-09-02 07:00:00+00:00,27.25,81.47274,1010.64014,15.328561,279.46225,0.7,95.0,53.0
2019-09-02 08:00:00+00:00,27.1,84.444534,1009.6403,12.783802,279.7275,0.2,78.0,51.0
2019-09-02 09:00:00+00:00,26.5,86.95532,1008.8397,19.164719,275.38922,0.3,98.0,51.0
2019-09-02 10:00:00+00:00,26.3,88.78261,1008.4396,16.808569,279.86575,0.6,78.0,53.0
2019-09-02 11:00:00+00:00,25.8,86.62999,1008.53894,18.0,286.26028,0.6,100.0,53.0
2019-09-02 12:00:00+00:00,25.35,91.971634,1008.63824,13.708391,293.1986,1.3,73.0,61.0
2019-09-02 13:00:00+00:00,25.15,91.133255,1009.1377,11.923557,298.88647,0.3,92.0,51.0
2019-09-02 14:00:00+00:00,24.5,94.169876,1009.9364,15.7908325,294.22772,0.9,90.0,53.0
2019-09-02 15:00:00+00:00,24.8,93.61748,1010.33655,10.966713,293.1986,0.2,68.0,51.0
2019-09-02 16:00:00+00:00,24.65,93.89302,1010.9359,12.7279215,298.7397,0.4,63.0,51.0
2019-09-02 17:00:00+00:00,24.7,94.462234,1011.33606,10.966713,293.1986,0.4,89.0,51.0
2019-09-02 18:00:00+00:00,23.95,98.507545,1011.1348,12.397806,295.82092,0.5,93.0,53.0
2019-09-02 19:00:00+00:00,23.95,98.507545,1010.2353,12.10157,292.751,0.2,93.0,51.0
2019-09-02 20:00:00+00:00,23.75,98.80264,1009.63525,15.463246,294.77512,0.5,95.0,53.0
2019-09-02 21:00:00+00:00,23.85,99.10151,1008.7357,12.245293,294.30453,0.4,95.0,51.0
2019-09-02 22:00:00+00:00,23.75,98.80264,1008.5358,9.826088,298.4428,0.3,98.0,51.0
2019-09-02 23:00:00+00:00,23.6,98.80132,1009.13513,13.1041975,290.92456,1.0,99.0,55.0
2019-09-03 00:00:00+00:00,24.25,94.72959,1009.336,10.233123,309.28937,0.4,100.0,51.0
2019-09-03 01:00:00+00:00,23.95,99.10214,1009.6355,10.00256,300.25635,0.3,100.0,51.0
2019-09-03 02:00:00+00:00,24.95,94.75636,1010.2368,10.630672,298.30066,0.3,99.0,51.0
2019-09-03 03:00:00+00:00,25.5,93.36963,1011.0374,9.0,306.86996,0.1,97.0,51.0
2019-09-03 04:00:00+00:00,26.1,92.01459,1011.038,7.2,323.13,0.1,99.0,51.0
2019-09-03 05:00:00+00:00,27.1,88.31738,1011.2396,7.289444,290.22495,0.1,100.0,51.0
2019-09-03 06:00:00+00:00,26.5,86.6948,1010.7389,11.874544,284.03625,0.3,96.0,51.0
2019-09-03 07:00:00+00:00,26.7,87.23428,1010.0394,13.708391,293.1986,0.3,98.0,51.0
2019-09-03 08:00:00+00:00,26.6,88.0127,1009.0399,14.345898,287.52567,0.2,99.0,51.0
2019-09-03 09:00:00+00:00,26.85,87.50893,1008.44055,14.241629,286.1444,0.1,99.0,51.0
2019-09-03 10:00:00+00:00,27.15,84.449844,1007.6415,14.003029,287.96924,0.0,100.0,3.0
2019-09-03 11:00:00+00:00,26.75,85.941574,1007.44104,13.441071,290.37653,0.1,100.0,51.0
2019-09-03 12:00:00+00:00,26.45,86.43026,1007.64026,13.5515,286.9909,0.5,100.0,53.0
2019-09-03 13:00:00+00:00,25.45,90.60565,1008.0386,14.693999,300.96368,0.3,100.0,51.0
2019-09-03 14:00:00+00:00,25.3,91.692696,1008.7382,10.883676,304.21576,0.2,100.0,51.0
2019-09-03 15:00:00+00:00,25.05,91.95436,1009.2373,9.511088,299.4758,0.4,100.0,51.0
2019-09-03 16:00:00+00:00,24.9,93.34087,1010.0369,11.91812,295.01685,0.7,100.0,53.0
2019-09-03 17:00:00+00:00,24.8,93.61748,1010.8363,13.202726,295.8663,0.9,99.0,53.0
2019-09-03 18:00:00+00:00,24.0,98.80488,1010.5351,11.841756,289.53674,0.7,100.0,53.0
2019-09-03 19:00:00+00:00,23.9,99.10186,1009.83545,11.631956,291.80148,0.6,99.0,53.0
2019-09-03 20:00:00+00:00,24.35,94.16353,1009.03644,12.864649,287.928,0.6,100.0,53.0
2019-09-03 21:00:00+00:00,23.85,98.80356,1008.5358,11.27553,286.6993,0.9,99.0,53.0
2019-09-03 22:00:00+00:00,24.35,91.91381,1008.4367,12.224107,283.627,0.5,99.0,53.0
2019-09-03 23:00:00+00:00,23.55,99.09948,1008.53546,11.440978,282.72437,0.8,99.0,53.0
2019-09-04 00:00:00+00:00,24.7,93.33119,1008.63727,10.948973,279.46225,0.7,100.0,53.0
2019-09-04 01:00:00+00:00,24.15,98.80626,1009.1361,8.905908,284.03625,0.8,99.0,53.0
2019-09-04 02:00:00+00:00,25.65,93.3768,1009.83795,9.0645685,276.84268,0.2,100.0,51.0
2019-09-04 03:00:00+00:00,25.75,90.35403,1010.538,10.08,270.0,1.2,100.0,55.0
2019-09-04 04:00:00+00:00,26.85,88.296974,1010.6395,9.746631,265.76367,0.4,99.0,51.0
2019-09-04 05:00:00+00:00,26.65,86.70866,1010.73914,12.371645,278.36578,1.1,43.0,55.0
2019-09-04 06:00:00+00:00,26.8,85.17651,1010.53955,16.263872,275.0795,0.7,99.0,53.0
2019-09-04 07:00:00+00:00,27.0,87.000496,1009.34045,14.830076,275.5721,0.5,56.0,53.0
2019-09-04 08:00:00+00:00,27.6,84.24549,1008.24194,13.722565,274.5139,0.1,65.0,51.0
2019-09-04 09:00:00+00:00,27.0,86.22346,1007.5413,15.281989,285.0184,0.2,83.0,51.0
2019-09-04 10:00:00+00:00,26.85,87.50893,1007.0412,13.910169,280.4374,0.2,87.0,51.0
2019-09-04 11:00:00+00:00,26.45,89.06055,1007.1405,14.471821,275.7105,0.2,89.0,51.0
2019-09-04 12:00:00+00:00,25.5,89.52493,1007.73895,15.815435,281.82147,0.8,69.0,53.0
2019-09-04 13:00:00+00:00,25.25,91.414276,1008.0382,13.441071,290.37653,0.4,91.0,51.0
2019-09-04 14:00:00+00:00,25.15,91.133255,1008.53796,11.609651,299.74478,0.2,81.0,51.0
2019-09-04 15:00:00+00:00,24.85,93.05782,1009.23706,10.97262,311.009,0.8,100.0,53.0
2019-09-04 16:00:00+00:00,24.2,99.10381,1009.8358,11.269782,296.56497,1.2,100.0,55.0
2019-09-04 17:00:00+00:00,24.3,98.807594,1010.5357,10.990322,301.60745,0.6,91.0,53.0
2019-09-04 18:00:00+00:00,24.05,99.10284,1010.2353,12.10157,292.751,0.8,96.0,53.0
2019-09-04 19:00:00+00:00,24.1,98.80577,1009.53595,10.703569,289.6539,0.5,99.0,53.0
2019-09-04 20:00:00+00:00,23.8,98.505875,1008.83563,14.24163,290.72565,1.1,100.0,55.0
2019-09-04 21:00:00+00:00,23.85,99.10151,1008.23596,12.904882,292.98874,0.7,96.0,53.0
2019-09-04 22:00:00+00:00,23.85,98.80356,1008.136,13.905509,291.25058,1.0,100.0,55.0
2019-09-04 23:00:00+00:00,23.9,98.80404,1008.2362,13.684735,296.56497,0.9,97.0,53.0
2019-09-05 00:00:00+00:00,24.95,93.624374,1008.4377,15.175612,292.30624,0.5,96.0,53.0
2019-09-05 01:00:00+00:00,25.05,93.06786,1008.93744,14.986553,294.10223,0.4,98.0,51.0
2019-09-05 02:00:00+00:00,25.2,91.96298,1009.9374,17.917007,292.4428,0.8,98.0,53.0
2019-09-05 03:00:00+00:00,26.05,92.563225,1010.43835,13.363711,297.25525,0.3,97.0,51.0
2019-09-05 04:00:00+00:00,27.0,85.70878,1010.34,13.207634,287.44727,0.1,93.0,51.0
2019-09-05 05:00:00+00:00,26.55,87.74535,1010.3393,14.973577,297.18103,0.7,97.0,53.0
2019-09-05 06:00:00+00:00,27.1,84.95218,1009.94025,16.516901,286.46008,0.4,82.0,51.0
2019-09-05 07:00:00+00:00,27.15,85.212074,1009.0409,17.555305,285.46127,0.6,71.0,53.0
2019-09-05 08:00:00+00:00,27.2,83.95049,1008.0413,17.58481,292.8906,0.1,63.0,51.0
2019-09-05 09:00:00+00:00,27.4,84.22403,1007.44196,15.716793,290.0953,0.3,60.0,51.0
2019-09-05 10:00:00+00:00,26.5,86.95532,1007.1405,18.837322,296.0753,0.4,88.0,51.0
2019-09-05 11:00:00+00:00,26.15,89.8417,1007.3401,17.399586,294.44394,0.2,100.0,51.0
2019-09-05 12:00:00+00:00,25.6,89.80209,1007.539,16.58346,297.12122,0.6,98.0,53.0
2019-09-05 13:00:00+00:00,25.65,88.731255,1008.0388,13.217443,299.35767,0.3,100.0,51.0
2019-09-05 14:00:00+00:00,25.2,92.517685,1008.53796,14.654254,297.824,0.7,100.0,53.0
2019-09-05 15:00:00+00:00,25.05,94.19312,1009.1373,14.578888,290.22495,1.1,100.0,55.0
2019-09-05 16:00:00+00:00,24.4,98.80849,1009.93604,12.72283,295.1148,1.1,99.0,55.0
2019-09-05 17:00:00+00:00,24.5,98.80932,1010.1362,12.0694,287.3541,0.9,97.0,53.0
2019-09-05 18:00:00+00:00,24.35,98.808,1010.13586,12.303366,290.55612,1.1,100.0,55.0
2019-09-05 19:00:00+00:00,24.15,98.80626,1009.63586,12.496719,281.6336,1.3,100.0,61.0
2019-09-05 20:00:00+00:00,24.3,98.807594,1008.93646,14.05845,283.32455,0.9,100.0,53.0
2019-09-05 21:00:00+00:00,24.2,98.806694,1008.2366,13.1041975,285.94547,0.9,100.0,53.0
2019-09-05 22:00:00+00:00,24.1,99.103165,1008.13654,15.827721,287.19864,1.2,100.0,55.0
2019-09-05 23:00:00+00:00,24.7,94.746826,1007.9377,12.57426,293.6294,0.6,90.0,53.0
2019-09-06 00:00:00+00:00,24.95,94.188896,1008.03784,11.966954,285.7087,1.0,100.0,55.0
2019-09-06 01:00:00+00:00,24.4,98.80849,1008.33673,13.1041975,285.94547,1.4,98.0,61.0
2019-09-06 02:00:00+00:00,25.1,99.109825,1009.2377,13.570615,291.80148,0.9,98.0,53.0
2019-09-06 03:00:00+00:00,26.2,92.84774,1009.639,14.241629,286.1444,0.5,98.0,53.0
2019-09-06 04:00:00+00:00,26.65,90.95602,1009.83954,13.570615,291.80148,0.6,100.0,53.0
2019-09-06 05:00:00+00:00,27.3,87.80919,1009.9405,17.193533,289.5732,0.3,80.0,51.0
2019-09-06 06:00:00+00:00,27.4,86.00442,1009.541,16.965895,287.2816,0.3,93.0,51.0
2019-09-06 07:00:00+00:00,27.15,85.212074,1008.5411,21.175835,287.81897,0.5,89.0,53.0
2019-09-06 08:00:00+00:00,27.65,85.77252,1007.6422,18.72346,271.10168,0.2,91.0,51.0
2019-09-06 09:00:00+00:00,27.5,83.9832,1007.24207,20.696085,283.0693,0.1,62.0,51.0
2019-09-06 10:00:00+00:00,27.7,84.76063,1006.94257,18.079027,282.65256,0.2,63.0,51.0
2019-09-06 11:00:00+00:00,27.15,85.98031,1007.04175,17.25373,293.3556,0.4,70.0,51.0
2019-09-06 12:00:00+00:00,26.85,86.986984,1007.341,14.973577,297.18103,0.5,89.0,53.0
2019-09-06 13:00:00+00:00,26.0,88.492714,1007.93945,14.007655,295.90643,0.8,42.0,53.0
2019-09-06 14:00:00+00:00,25.7,90.8948,1008.73883,12.387348,305.53775,0.6,39.0,53.0
2019-09-06 15:00:00+00:00,25.55,91.98313,1009.4382,12.031756,321.07245,0.8,32.0,53.0
2019-09-06 16:00:00+00:00,25.2,94.19943,1009.7374,10.97262,318.991,0.5,40.0,53.0
2019-09-06 17:00:00+00:00,24.6,99.10651,1010.1362,12.738099,312.70938,0.2,48.0,51.0
2019-09-06 18:00:00+00:00,25.0,94.75831,1010.0369,14.689588,306.02747,0.2,51.0,51.0
2019-09-06 19:00:00+00:00,25.1,93.912865,1009.2377,14.84318,309.09384,0.2,48.0,51.0
2019-09-06 20:00:00+00:00,24.9,93.90408,1008.83746,18.278645,302.12497,0.4,61.0,51.0
2019-09-06 21:00:00+00:00,24.9,94.1868,1008.5376,18.971008,303.38855,0.2,99.0,51.0
2019-09-06 22:00:00+00:00,24.9,93.34087,1008.4377,20.570463,302.8557,0.4,100.0,51.0
2019-09-06 23:00:00+00:00,24.9,92.78058,1008.4377,21.175837,305.31128,0.5,90.0,53.0
2019-09-07 00:00:00+00:00,24.85,94.184685,1008.1375,14.480773,304.8754,0.1,98.0,51.0
2019-09-07 01:00:00+00:00,24.9,93.06036,1008.73755,19.008547,294.62354,0.4,98.0,51.0
2019-09-07 02:00:00+00:00,25.45,94.20993,1009.53784,13.854155,294.56717,0.5,99.0,53.0
2019-09-07 03:00:00+00:00,26.2,93.40294,1010.0388,13.32,288.92474,0.1,79.0,51.0
2019-09-07 04:00:00+00:00,26.85,89.0912,1010.43964,15.379206,290.55612,0.1,100.0,51.0
2019-09-07 05:00:00+00:00,27.55,86.79116,1010.4406,14.118243,289.35907,0.1,97.0,51.0
2019-09-07 06:00:00+00:00,27.75,85.52719,1010.04114,16.394829,289.23077,0.1,92.0,51.0
2019-09-07 07:00:00+00:00,27.85,85.79205,1009.24176,16.055353,289.6539,0.1,74.0,51.0
2019-09-07 08:00:00+00:00,27.1,86.749985,1008.8407,22.077717,294.05734,0.2,78.0,51.0
2019-09-07 09:00:00+00:00,27.7,86.289795,1008.04205,19.386593,291.80148,0.5,73.0,53.0
2019-09-07 10:00:00+00:00,26.85,86.46775,1007.8408,23.023117,296.96564,0.2,76.0,51.0
2019-09-07 11:00:00+00:00,26.9,86.99149,1008.1406,18.892282,300.96368,0.1,79.0,51.0
2019-09-07 12:00:00+00:00,27.4,85.237404,1008.0417,18.919704,291.19412,0.1,98.0,51.0
2019-09-07 13:00:00+00:00,26.8,87.766685,1008.64044,16.1198,293.70264,0.0,99.0,3.0
2019-09-07 14:00:00+00:00,26.45,88.7944,1009.9393,15.986593,305.83774,0.1,99.0,51.0
2019-09-07 15:00:00+00:00,26.0,89.83092,1010.83813,14.512064,316.00497,0.1,99.0,51.0
2019-09-07 16:00:00+00:00,25.7,91.716415,1011.53754,12.496718,311.49637,0.3,96.0,51.0
2019-09-07 17:00:00+00:00,25.45,93.0878,1011.437,11.885453,324.86572,0.1,97.0,51.0
2019-09-07 18:00:00+00:00,25.15,93.91512,1011.23676,10.948973,350.53775,0.0,97.0,3.0
2019-09-07 19:00:00+00:00,24.8,94.18256,1010.7364,10.464798,356.0549,0.0,96.0,3.0
2019-09-07 20:00:00+00:00,24.5,94.45413,1010.3362,14.773164,316.9749,0.4,98.0,51.0
2019-09-07 21:00:00+00:00,24.9,93.06036,1009.937,14.05845,320.1945,0.1,98.0,51.0
2019-09-07 22:00:00+00:00,24.75,94.180466,1009.93677,14.277983,326.3099,0.1,97.0,51.0
2019-09-07 23:00:00+00:00,24.6,94.17412,1010.1362,16.279802,324.9041,0.2,96.0,51.0
2019-09-08 00:00:00+00:00,24.85,93.90185,1009.63684,14.33234,334.72232,0.1,86.0,51.0
2019-09-08 01:00:00+00:00,24.85,93.61979,1010.1366,13.049689,335.55606,0.0,89.0,3.0
2019-09-08 02:00:00+00:00,25.6,91.16163,1010.9375,12.904882,337.01126,0.0,36.0,1.0
2019-09-08 03:00:00+00:00,26.65,86.190125,1011.039,14.904173,322.85324,0.2,65.0,51.0
2019-09-08 04:00:00+00:00,27.85,80.093445,1011.24084,17.057314,315.855,0.0,64.0,2.0
2019-09-08 05:00:00+00:00,28.7,76.457245,1011.04224,19.878391,305.4171,0.1,71.0,51.0
2019-09-08 06:00:00+00:00,28.95,76.72467,1010.24286,21.434364,299.14798,0.1,86.0,51.0
2019-09-08 07:00:00+00:00,28.8,77.39435,1009.443,22.057161,296.1468,0.1,85.0,51.0
2019-09-08 08:00:00+00:00,29.0,76.27418,1008.9435,24.162947,294.65588,0.1,87.0,51.0
2019-09-08 09:00:00+00:00,28.8,76.70204,1008.2435,26.282463,293.4047,0.2,91.0,51.0
2019-09-08 10:00:00+00:00,28.5,77.815475,1007.9433,26.260265,298.67307,0.1,80.0,51.0
2019-09-08 11:00:00+00:00,28.05,79.4024,1008.04266,25.49908,300.5475,0.1,85.0,51.0
2019-09-08 12:00:00+00:00,27.5,84.234764,1008.2416,19.08,301.89075,0.0,77.0,2.0
2019-09-08 13:00:00+00:00,26.85,86.46775,1008.7404,18.971008,303.38855,0.0,64.0,2.0
2019-09-08 14:00:00+00:00,26.6,88.0127,1009.6396,17.713316,307.56866,0.0,11.0,0.0
2019-09-08 15:00:00+00:00,26.55,88.53701,1010.3393,16.08761,310.46216,0.0,13.0,0.0
2019-09-08 16:00:00+00:00,26.45,89.327354,1011.03876,16.08761,310.46216,0.0,23.0,1.0
2019-09-08 17:00:00+00:00,26.2,90.65555,1011.53815,15.530151,314.06088,0.0,42.0,1.0
2019-09-08 18:00:00+00:00,25.95,92.006,1011.5378,16.039202,314.0907,0.0,58.0,2.0
2019-09-08 19:00:00+00:00,25.85,91.45098,1010.8379,16.80857,313.26434,0.1,66.0,51.0
2019-09-08 20:00:00+00:00,25.85,91.17736,1010.23816,18.335276,313.4089,0.1,33.0,51.0
2019-09-08 21:00:00+00:00,25.55,91.98313,1009.3382,18.723461,322.02835,0.1,36.0,51.0
2019-09-08 22:00:00+00:00,25.3,92.80133,1009.33795,16.58346,332.87878,0.1,18.0,51.0
2019-09-08 23:00:00+00:00,24.9,94.1868,1009.3372,17.727943,336.0375,0.0,31.0,1.0
2019-09-09 00:00:00+00:00,24.85,92.77798,1008.7373,15.745627,349.46088,0.0,11.0,0.0
2019-09-09 01:00:00+00:00,24.75,93.33361,1009.1371,14.917212,351.67444,0.0,15.0,0.0
2019-09-09 02:00:00+00:00,25.6,90.61569,1010.1378,13.849476,351.02744,0.0,6.0,0.0
2019-09-09 03:00:00+00:00,26.9,85.69896,1010.1397,13.627795,347.79953,0.0,32.0,1.0
2019-09-09 04:00:00+00:00,28.45,77.342766,1010.842,17.786331,324.0578,0.0,60.0,2.0
2019-09-09 05:00:00+00:00,29.0,74.914505,1010.7426,18.626305,311.08167,0.0,83.0,3.0
2019-09-09 06:00:00+00:00,29.25,73.83925,1010.3435,19.694992,300.7841,0.0,92.0,3.0
2019-09-09 07:00:00+00:00,29.05,75.82639,1009.1437,20.61766,294.77512,0.1,95.0,51.0
2019-09-09 08:00:00+00:00,28.65,79.01028,1008.34344,21.794127,292.3287,0.0,91.0,3.0
2019-09-09 09:00:00+00:00,28.5,79.46351,1007.44354,25.600533,295.84433,0.1,97.0,51.0
2019-09-09 10:00:00+00:00,27.5,82.240814,1006.8422,22.768396,304.69522,0.3,95.0,51.0
2019-09-09 11:00:00+00:00,27.55,82.24682,1006.9422,22.039528,308.36752,0.0,92.0,3.0
2019-09-09 12:00:00+00:00,27.25,83.70469,1006.94183,20.592503,306.46933,0.0,90.0,3.0
2019-09-09 13:00:00+00:00,26.65,86.44905,1007.14075,20.523157,307.87503,0.0,68.0,2.0
2019-09-09 14:00:00+00:00,26.5,88.00434,1008.43994,23.424908,313.7547,0.0,97.0,3.0
2019-09-09 15:00:00+00:00,26.0,88.22716,1009.3388,19.881649,317.93573,0.0,92.0,3.0
2019-09-09 16:00:00+00:00,25.75,89.54341,1010.1382,17.654688,320.79282,0.0,89.0,3.0
2019-09-09 17:00:00+00:00,25.5,90.06556,1010.53766,17.57744,325.0079,0.1,92.0,51.0
2019-09-09 18:00:00+00:00,25.35,90.59899,1010.5374,14.578888,339.77505,0.0,91.0,3.0
2019-09-09 19:00:00+00:00,24.95,92.226036,1009.937,15.646544,336.9745,0.0,94.0,3.0
2019-09-09 20:00:00+00:00,24.8,92.77536,1009.0371,15.315873,336.44772,0.1,90.0,51.0
2019-09-09 21:00:00+00:00,24.65,93.328804,1008.4371,15.484185,342.40747,0.0,67.0,2.0
2019-09-09 22:00:00+00:00,24.55,92.76234,1008.4371,14.707222,338.45895,0.0,17.0,0.0
2019-09-09 23:00:00+00:00,24.35,93.31429,1008.4367,15.379206,339.44388,0.0,36.0,1.0
2019-09-10 00:00:00+00:00,24.4,94.73537,1008.7366,14.241629,343.8556,0.0,40.0,1.0
2019-09-10 01:00:00+00:00,24.4,94.16565,1009.03644,12.496719,348.3664,0.0,18.0,0.0
2019-09-10 02:00:00+00:00,25.25,91.414276,1009.63745,12.783802,350.2725,0.0,10.0,0.0
2019-09-10 03:00:00+00:00,26.7,85.166306,1010.1394,14.512064,336.61475,0.0,7.0,0.0
2019-09-10 04:00:00+00:00,28.0,77.27619,1010.24164,16.92383,321.91116,0.0,44.0,1.0
2019-09-10 05:00:00+00:00,28.65,74.633286,1009.8428,18.723461,307.97165,0.0,48.0,1.0
2019-09-10 06:00:00+00:00,28.85,74.44155,1009.34326,20.140705,298.85556,0.0,8.0,0.0
2019-09-10 07:00:00+00:00,28.8,75.787445,1008.4434,21.42227,294.84235,0.1,17.0,51.0
2019-09-10 08:00:00+00:00,28.65,76.44965,1007.5438,22.38378,297.80136,0.1,21.0,51.0
2019-09-10 09:00:00+00:00,28.35,78.73253,1006.74347,21.734581,296.56497,0.0,19.0,0.0
2019-09-10 10:00:00+00:00,28.0,79.63417,1006.4434,24.023088,299.63828,0.0,10.0,0.0
2019-09-10 11:00:00+00:00,27.65,81.52241,1006.4428,23.219301,299.74478,0.0,12.0,0.0
2019-09-10 12:00:00+00:00,27.55,84.24014,1006.44244,18.79255,306.43094,0.0,32.0,1.0
2019-09-10 13:00:00+00:00,26.9,86.472466,1006.9412,17.31746,313.31537,0.0,53.0,2.0
2019-09-10 14:00:00+00:00,26.7,86.71321,1008.04034,15.629971,321.54626,0.0,92.0,3.0
2019-09-10 15:00:00+00:00,26.45,87.73677,1009.23956,13.779114,326.7251,0.0,71.0,2.0
2019-09-10 16:00:00+00:00,26.2,88.50883,1010.1388,13.217443,330.64233,0.0,84.0,3.0
2019-09-10 17:00:00+00:00,25.8,90.62901,1010.7379,11.384199,341.56494,0.0,86.0,3.0
2019-09-10 18:00:00+00:00,25.45,92.2539,1010.33746,10.829959,344.57776,0.0,51.0,2.0
2019-09-10 19:00:00+00:00,25.2,93.63592,1010.0373,10.948973,332.5925,0.0,51.0,2.0
2019-09-10 20:00:00+00:00,24.85,93.90185,1009.337,15.021105,315.97092,1.7,97.0,61.0
2019-09-10 21:00:00+00:00,24.6,93.326385,1008.83685,17.072504,312.4362,0.4,96.0,51.0
2019-09-10 22:00:00+00:00,24.45,94.73724,1008.8365,15.30741,311.18582,1.8,92.0,61.0
2019-09-10 23:00:00+00:00,24.3,94.73151,1008.7366,14.255272,315.0001,0.1,10.0,51.0
2019-09-11 00:00:00+00:00,24.5,94.73918,1008.73694,12.522619,341.56494,0.0,96.0,3.0
2019-09-11 01:00:00+00:00,24.4,95.02133,1009.5362,11.367109,349.04596,0.0,94.0,3.0
2019-09-11 02:00:00+00:00,25.0,92.50694,1010.43677,12.768586,338.4985,0.0,93.0,3.0
2019-09-11 03:00:00+00:00,25.9,87.68961,1010.8379,13.202726,334.1337,0.2,85.0,51.0
2019-09-11 04:00:00+00:00,27.35,80.996605,1011.24023,15.7908325,313.1524,0.2,78.0,51.0
2019-09-11 05:00:00+00:00,27.75,83.01238,1011.1406,15.9134655,307.64767,0.1,85.0,51.0
2019-09-11 06:00:00+00:00,27.55,82.74125,1010.8404,16.09969,296.56497,0.3,46.0,51.0
2019-09-11 07:00:00+00:00,27.95,79.38876,1009.64154,18.079027,305.2725,0.3,60.0,51.0
2019-09-11 08:00:00+00:00,27.65,81.52241,1009.34143,17.388409,297.09546,0.2,54.0,51.0
2019-09-11 09:00:00+00:00,27.5,80.77256,1008.54144,18.58451,301.53473,0.3,55.0,51.0
2019-09-11 10:00:00+00:00,27.4,80.759735,1008.1416,18.58451,301.53473,0.2,44.0,51.0
2019-09-11 11:00:00+00:00,26.8,85.17651,1008.3406,18.335276,313.4089,1.0,66.0,55.0
2019-09-11 12:00:00+00:00,26.4,90.12864,1008.63983,12.475961,313.83093,0.0,92.0,3.0
2019-09-11 13:00:00+00:00,26.15,90.38137,1009.43915,10.739832,320.44037,0.0,100.0,3.0
2019-09-11 14:00:00+00:00,25.95,91.457054,1010.73816,8.942214,319.89914,0.1,100.0,51.0
2019-09-11 15:00:00+00:00,25.75,92.82459,1011.53754,9.290511,324.46225,0.2,100.0,51.0
2019-09-11 16:00:00+00:00,25.55,94.21411,1012.037,8.39657,329.03632,0.3,99.0,51.0
2019-09-11 17:00:00+00:00,25.2,95.33537,1012.63605,10.587918,305.31128,0.4,99.0,51.0
2019-09-11 18:00:00+00:00,25.05,95.330315,1012.43585,9.422101,316.5481,0.4,100.0,51.0
2019-09-11 19:00:00+00:00,25.0,95.32858,1011.3363,9.178235,311.82007,0.1,100.0,51.0
2019-09-11 20:00:00+00:00,24.95,95.04126,1010.5367,8.714677,321.70978,0.1,99.0,51.0
2019-09-11 21:00:00+00:00,24.35,95.59394,1010.3358,11.592894,323.8417,2.7,100.0,63.0
2019-09-11 22:00:00+00:00,24.45,95.88533,1009.93604,12.819235,308.15726,0.1,97.0,51.0
2019-09-11 23:00:00+00:00,24.5,94.169876,1010.3362,10.464797,310.81497,0.4,100.0,51.0
2019-09-12 00:00:00+00:00,23.7,95.5729,1010.93475,8.654986,343.0724,1.3,100.0,61.0
2019-09-12 01:00:00+00:00,23.25,99.39749,1011.63336,7.2805495,8.530692,1.7,100.0,61.0
2019-09-12 02:00:00+00:00,23.65,99.10017,1012.63354,5.3517847,340.3461,2.3,100.0,61.0
2019-09-12 03:00:00+00:00,25.05,90.85257,1012.9356,7.771331,346.60748,0.4,100.0,51.0
2019-09-12 04:00:00+00:00,25.35,92.248344,1013.2362,8.14587,315.0001,0.3,99.0,51.0
2019-09-12 05:00:00+00:00,26.05,88.49677,1012.8372,11.720751,312.5104,0.2,99.0,51.0
2019-09-12 06:00:00+00:00,27.3,80.746895,1011.9396,12.181624,304.15976,0.1,100.0,51.0
2019-09-12 07:00:00+00:00,26.6,84.64552,1011.2389,14.578888,290.22495,0.0,99.0,3.0
2019-09-12 08:00:00+00:00,26.75,84.15389,1010.33966,15.315873,293.55228,0.0,96.0,3.0
2019-09-12 09:00:00+00:00,27.0,82.18086,1009.7403,17.399586,294.44394,0.2,97.0,51.0
2019-09-12 10:00:00+00:00,26.55,84.38595,1009.6396,20.140705,294.2744,1.0,51.0,55.0
2019-09-12 11:00:00+00:00,25.45,93.0878,1010.03766,14.291592,310.91428,3.8,97.0,63.0
2019-09-12 12:00:00+00:00,26.95,85.447464,1009.24054,12.096214,306.52896,0.0,94.0,3.0
2019-09-12 13:00:00+00:00,26.25,88.51286,1010.2388,11.119281,299.0545,0.0,99.0,3.0
2019-09-12 14:00:00+00:00,25.95,90.367714,1011.238,12.074766,296.56497,0.1,100.0,51.0
2019-09-12 15:00:00+00:00,25.5,91.704544,1011.937,13.18308,304.9921,0.1,99.0,51.0
2019-09-12 16:00:00+00:00,25.45,92.2539,1012.7364,11.212135,317.6026,0.0,98.0,3.0
2019-09-12 17:00:00+00:00,25.35,92.803925,1013.13617,12.496718,311.49637,0.0,97.0,3.0
2019-09-12 18:00:00+00:00,25.25,91.139565,1012.53613,11.885453,324.86572,0.1,100.0,51.0
2019-09-12 19:00:00+00:00,25.1,92.5123,1011.43665,13.281023,327.17145,0.0,99.0,3.0
2019-09-12 20:00:00+00:00,24.75,93.33361,1010.9363,13.527572,334.79892,0.0,88.0,3.0
2019-09-12 21:00:00+00:00,23.95,94.71801,1010.73505,13.661038,341.56494,0.9,98.0,53.0
2019-09-12 22:00:00+00:00,23.8,94.99947,1010.23505,12.783802,350.2725,0.0,100.0,3.0
2019-09-12 23:00:00+00:00,24.05,94.435974,1010.4352,11.631956,338.19852,0.0,97.0,3.0
2019-09-13 00:00:00+00:00,24.5,93.321556,1011.53564,13.004922,311.63345,0.0,92.0,3.0
2019-09-13 01:00:00+00:00,24.55,92.76234,1011.9355,13.237039,337.6198,0.1,93.0,51.0
2019-09-13 02:00:00+00:00,25.2,91.41122,1012.63605,9.19939,329.42084,1.5,64.0,61.0
2019-09-13 03:00:00+00:00,25.8,90.35749,1013.1368,13.493999,316.08084,0.0,100.0,3.0
2019-09-13 04:00:00+00:00,26.5,86.17579,1013.83746,14.336861,308.8845,0.1,96.0,51.0
2019-09-13 05:00:00+00:00,27.25,83.70469,1013.63873,11.246759,320.1945,0.2,61.0,51.0
2019-09-13 06:00:00+00:00,27.45,83.977776,1013.4393,17.399586,294.44394,0.3,72.0,51.0
2019-09-13 07:00:00+00:00,26.55,87.48282,1012.23846,11.525623,308.65982,2.8,86.0,63.0
2019-09-13 08:00:00+00:00,26.75,84.40726,1010.9394,13.004922,311.63345,0.1,98.0,51.0
2019-09-13 09:00:00+00:00,27.15,84.70327,1010.3403,20.46941,293.86017,0.4,74.0,51.0
2019-09-13 10:00:00+00:00,26.95,83.42032,1009.4405,17.057314,315.855,0.1,98.0,51.0
2019-09-13 11:00:00+00:00,26.75,84.15389,1009.7399,17.31746,316.68463,0.0,85.0,3.0
2019-09-13 12:00:00+00:00,26.95,85.19176,1009.4405,13.979872,304.50858,0.0,75.0,2.0
2019-09-13 13:00:00+00:00,26.35,87.203186,1010.23914,12.261157,310.2363,0.0,68.0,2.0
2019-09-13 14:00:00+00:00,25.95,89.55818,1011.13794,9.220499,321.34018,0.0,91.0,3.0
2019-09-13 15:00:00+00:00,25.5,92.25666,1011.7371,8.089993,339.14545,0.0,98.0,3.0
2019-09-13 16:00:00+00:00,25.35,93.36244,1012.03674,6.725354,344.47583,0.0,97.0,3.0
2019-09-13 17:00:00+00:00,25.3,93.360054,1012.33655,6.28713,336.3706,0.0,97.0,3.0
2019-09-13 18:00:00+00:00,25.15,94.48032,1012.1363,7.10031,329.53452,0.0,82.0,3.0
2019-09-13 19:00:00+00:00,25.0,95.04306,1011.1364,6.9247384,332.1028,0.0,24.0,1.0
2019-09-13 20:00:00+00:00,24.7,96.18122,1010.33655,8.714677,321.70978,0.0,41.0,1.0
2019-09-13 21:00:00+00:00,24.65,95.60361,1009.6365,10.464797,319.18503,0.1,30.0,51.0
2019-09-13 22:00:00+00:00,24.7,95.03221,1009.7368,8.942214,319.89914,0.0,24.0,1.0
2019-09-13 23:00:00+00:00,24.65,94.46023,1010.0363,11.966954,316.2188,0.1,36.0,51.0
2019-09-14 00:00:00+00:00,24.65,96.17986,1010.43616,8.373386,334.53668,0.2,50.0,51.0
2019-09-14 01:00:00+00:00,24.7,95.31833,1010.8363,6.9527545,338.74942,0.1,49.0,51.0
2019-09-14 02:00:00+00:00,25.75,91.44487,1011.9374,6.696387,323.74606,0.0,71.0,2.0
2019-09-14 03:00:00+00:00,26.5,88.00434,1012.9379,8.854829,296.56497,0.1,51.0,51.0
2019-09-14 04:00:00+00:00,27.1,84.444534,1013.13873,9.504273,294.62354,0.2,87.0,51.0
2019-09-14 05:00:00+00:00,27.4,84.22403,1012.8395,11.440978,282.72437,0.2,59.0,51.0
2019-09-14 06:00:00+00:00,26.95,86.99601,1012.3391,11.966953,291.16132,0.1,59.0,51.0
2019-09-14 07:00:00+00:00,27.9,82.78196,1011.24084,12.9249525,282.875,0.2,82.0,51.0
2019-09-14 08:00:00+00:00,27.6,83.9941,1010.04114,14.145756,284.74362,0.0,47.0,1.0
2019-09-14 09:00:00+00:00,27.65,83.74892,1009.2415,14.003029,287.96924,0.1,42.0,51.0
2019-09-14 10:00:00+00:00,27.65,80.54959,1008.6417,14.934577,285.3763,0.3,48.0,51.0
2019-09-14 11:00:00+00:00,27.4,80.759735,1009.0412,15.192682,283.70697,0.7,59.0,53.0
2019-09-14 12:00:00+00:00,27.15,84.449844,1008.84094,14.494192,284.38144,0.2,50.0,51.0
2019-09-14 13:00:00+00:00,26.55,86.180565,1009.3398,12.522619,288.43503,0.0,30.0,1.0
2019-09-14 14:00:00+00:00,26.35,87.99176,1010.539,10.028439,291.03757,0.0,33.0,1.0
2019-09-14 15:00:00+00:00,26.15,89.8417,1011.43823,7.9036193,300.06848,0.0,46.0,1.0
2019-09-14 16:00:00+00:00,25.75,91.71935,1012.03735,9.0,306.86996,0.1,82.0,51.0
2019-09-14 17:00:00+00:00,25.55,92.81427,1012.3368,9.957108,310.60123,0.1,87.0,51.0
2019-09-14 18:00:00+00:00,25.3,93.360054,1011.93677,11.212135,312.39737,0.1,84.0,51.0
2019-09-14 19:00:00+00:00,25.15,92.793564,1011.1368,11.246759,320.1945,0.1,66.0,51.0
2019-09-14 20:00:00+00:00,25.0,93.06532,1010.2368,9.793059,323.97253,0.0,47.0,1.0
2019-09-14 21:00:00+00:00,24.75,94.180466,1009.63684,9.339208,332.44727,0.1,45.0,51.0
2019-09-14 22:00:00+00:00,24.6,94.74302,1009.43665,9.826088,331.55716,0.1,79.0,51.0
2019-09-14 23:00:00+00:00,24.55,94.172005,1009.6365,10.514218,321.9529,0.4,94.0,51.0
2019-09-15 00:00:00+00:00,24.5,95.31149,1010.0363,8.534353,297.64587,0.2,100.0,51.0
2019-09-15 01:00:00+00:00,24.9,94.754524,1010.73663,8.435069,320.1945,0.2,76.0,51.0
2019-09-15 02:00:00+00:00,25.45,93.0878,1011.1371,8.4963045,323.61554,0.2,85.0,51.0
2019-09-15 03:00:00+00:00,26.2,90.92709,1011.938,10.009036,307.6943,0.0,78.0,2.0
2019-09-15 04:00:00+00:00,27.1,87.00952,1012.2392,9.983106,295.64096,0.1,69.0,51.0
2019-09-15 05:00:00+00:00,27.6,86.28035,1012.2402,10.24578,288.43503,0.2,84.0,51.0
2019-09-15 06:00:00+00:00,27.95,82.78775,1011.24084,13.202726,281.00348,0.1,75.0,51.0
2019-09-15 07:00:00+00:00,27.85,82.77611,1010.34125,13.276144,282.5288,0.1,100.0,51.0
2019-09-15 08:00:00+00:00,27.2,84.45516,1009.44073,14.332341,281.59213,0.1,93.0,51.0
2019-09-15 09:00:00+00:00,27.15,85.212074,1008.9409,14.917212,289.74692,0.0,100.0,3.0
2019-09-15 10:00:00+00:00,26.9,85.4425,1008.7404,14.33234,295.27768,0.1,99.0,51.0
2019-09-15 11:00:00+00:00,26.05,87.966545,1009.03894,15.379206,290.55612,1.2,99.0,55.0
2019-09-15 12:00:00+00:00,25.95,89.28972,1009.03894,14.578888,290.22495,0.3,95.0,51.0
2019-09-15 13:00:00+00:00,25.65,91.16482,1009.63806,11.269782,296.56497,0.3,98.0,51.0
2019-09-15 14:00:00+00:00,25.15,93.6336,1010.53705,12.387348,305.53775,0.4,97.0,51.0
2019-09-15 15:00:00+00:00,25.05,91.95436,1011.3363,12.074766,296.56497,0.5,98.0,53.0
2019-09-15 16:00:00+00:00,24.95,94.75636,1011.63617,11.4862,302.1957,0.2,97.0,51.0
2019-09-15 17:00:00+00:00,24.95,94.472275,1012.2359,10.630672,298.30066,0.6,97.0,53.0
2019-09-15 18:00:00+00:00,24.55,94.74111,1012.33527,11.841756,289.53674,3.5,95.0,63.0
2019-09-15 19:00:00+00:00,24.4,95.883835,1011.13544,13.783817,310.76352,0.5,98.0,53.0
2019-09-15 20:00:00+00:00,24.35,96.17142,1010.03595,12.475961,313.83093,0.1,100.0,51.0
2019-09-15 21:00:00+00:00,24.35,95.88228,1009.4363,12.768586,319.574,0.1,98.0,51.0
2019-09-15 22:00:00+00:00,24.3,96.17001,1009.2363,13.004922,318.36655,0.1,99.0,51.0
2019-09-15 23:00:00+00:00,23.85,99.10151,1009.1355,14.05845,320.1945,0.2,98.0,51.0
2019-09-16 00:00:00+00:00,24.45,94.16777,1009.6361,9.449572,319.63553,0.2,96.0,51.0
2019-09-16 01:00:00+00:00,24.5,93.88636,1010.1362,12.261157,310.2363,0.5,100.0,53.0
2019-09-16 02:00:00+00:00,24.7,94.17836,1010.2366,13.217443,330.64233,0.2,100.0,51.0
2019-09-16 03:00:00+00:00,25.0,94.191025,1010.9365,12.397806,334.17905,0.0,99.0,3.0
2019-09-16 04:00:00+00:00,25.65,90.89154,1011.3373,12.879752,333.43503,0.1,100.0,51.0
2019-09-16 05:00:00+00:00,26.0,89.83092,1011.3379,11.808878,322.43134,0.1,99.0,51.0
2019-09-16 06:00:00+00:00,26.9,86.472466,1010.7395,13.527572,295.20108,0.2,94.0,51.0
2019-09-16 07:00:00+00:00,26.55,86.180565,1009.6396,16.981165,291.1248,0.2,88.0,51.0
2019-09-16 08:00:00+00:00,26.3,85.12549,1008.53955,17.974781,302.7352,0.0,95.0,3.0
2019-09-16 09:00:00+00:00,26.1,86.137474,1007.3397,15.484185,305.53775,0.0,97.0,3.0
2019-09-16 10:00:00+00:00,26.4,84.87975,1006.7407,17.782686,301.75943,0.4,91.0,51.0
2019-09-16 11:00:00+00:00,26.3,86.41617,1006.9403,16.485485,301.60745,0.3,98.0,51.0
2019-09-16 12:00:00+00:00,25.95,88.48865,1007.73956,14.4,306.86996,0.3,99.0,51.0
2019-09-16 13:00:00+00:00,25.6,90.343765,1007.83887,13.779114,303.2749,0.0,100.0,3.0
2019-09-16 14:00:00+00:00,25.4,90.60236,1008.8382,14.20062,300.46545,0.2,100.0,51.0
2019-09-16 15:00:00+00:00,25.35,90.59899,1009.23804,14.904173,307.14676,0.1,98.0,51.0
2019-09-16 16:00:00+00:00,25.35,91.14586,1009.7378,14.021525,311.87778,0.0,86.0,3.0
2019-09-16 17:00:00+00:00,25.35,91.69563,1009.9377,13.004922,318.36655,0.0,79.0,2.0
2019-09-16 18:00:00+00:00,25.0,93.34564,1009.73706,13.104198,322.81522,0.1,93.0,51.0
2019-09-16 19:00:00+00:00,24.8,93.899666,1009.0371,14.565548,320.01315,0.2,97.0,51.0
2019-09-16 20:00:00+00:00,24.75,94.180466,1008.33746,16.563911,317.64258,0.1,95.0,51.0
2019-09-16 21:00:00+00:00,24.65,94.46023,1007.43756,14.77755,325.92276,0.2,97.0,51.0
2019-09-16 22:00:00+00:00,24.5,95.02494,1007.43756,14.480773,325.1246,0.1,96.0,51.0
2019-09-16 23:00:00+00:00,24.5,95.31149,1007.6374,14.565548,320.01315,0.2,91.0,51.0
2019-09-17 00:00:00+00:00,24.75,94.180466,1008.0376,13.397612,329.30035,0.1,95.0,51.0
2019-09-17 01:00:00+00:00,24.75,94.74875,1008.2375,11.923557,331.11353,0.0,99.0,3.0
2019-09-17 02:00:00+00:00,25.1,93.63131,1009.0377,12.55879,332.7005,0.1,96.0,51.0
2019-09-17 03:00:00+00:00,25.75,90.62569,1009.43854,12.7279215,331.26028,0.2,95.0,51.0
2019-09-17 04:00:00+00:00,26.7,85.166306,1009.9395,13.755579,317.1211,0.3,87.0,51.0
2019-09-17 05:00:00+00:00,27.45,81.98844,1009.8408,15.484185,305.53775,0.2,87.0,51.0
2019-09-17 06:00:00+00:00,27.8,82.276665,1009.24176,16.981165,302.00534,0.2,75.0,51.0
2019-09-17 07:00:00+00:00,27.3,84.46578,1008.0413,19.083395,305.78906,0.1,81.0,51.0
2019-09-17 08:00:00+00:00,27.4,83.47094,1007.342,19.576189,302.22873,0.1,46.0,51.0
2019-09-17 09:00:00+00:00,26.65,86.190125,1006.8409,20.46941,304.24908,0.1,49.0,51.0
2019-09-17 10:00:00+00:00,26.85,86.46775,1006.64136,18.043148,298.61035,0.2,41.0,51.0
2019-09-17 11:00:00+00:00,26.35,86.94175,1006.7407,18.079027,305.2725,0.4,54.0,51.0
2019-09-17 12:00:00+00:00,26.15,88.239525,1006.6404,18.089775,312.58044,0.0,67.0,2.0
2019-09-17 13:00:00+00:00,25.65,90.34721,1007.03925,14.84318,320.90613,0.1,98.0,51.0
2019-09-17 14:00:00+00:00,25.4,91.69865,1007.7387,13.281023,327.17145,0.0,95.0,3.0
2019-09-17 15:00:00+00:00,25.1,93.912865,1008.43805,10.883676,325.78424,0.0,94.0,3.0
2019-09-17 16:00:00+00:00,25.05,94.47632,1008.73755,10.315115,330.75128,0.0,96.0,3.0
2019-09-17 17:00:00+00:00,25.05,93.91072,1009.5372,11.212135,317.6026,0.0,86.0,3.0
2019-09-17 18:00:00+00:00,25.0,93.34564,1009.03735,11.212135,312.39737,0.1,100.0,51.0
2019-09-17 19:00:00+00:00,24.75,94.180466,1008.33746,10.97262,311.009,0.1,100.0,51.0
2019-09-17 20:00:00+00:00,24.55,94.172005,1007.9373,12.181624,304.15976,0.1,100.0,51.0
2019-09-17 21:00:00+00:00,24.55,93.888596,1007.43756,12.72283,295.1148,0.4,99.0,51.0
2019-09-17 22:00:00+00:00,24.4,95.595566,1007.5371,13.570615,291.80148,1.0,99.0,55.0
2019-09-17 23:00:00+00:00,23.9,99.10186,1007.73645,12.979984,289.44012,0.7,95.0,53.0
2019-09-18 00:00:00+00:00,24.35,93.31429,1008.1368,13.779114,289.85532,1.7,97.0,61.0
2019-09-18 01:00:00+00:00,24.0,98.80488,1008.73596,11.631956,291.80148,0.8,100.0,53.0
2019-09-18 02:00:00+00:00,24.8,94.75066,1009.337,12.496719,281.6336,0.7,73.0,53.0
2019-09-18 03:00:00+00:00,25.75,92.547195,1010.03827,12.224107,283.627,0.2,44.0,51.0
2019-09-18 04:00:00+00:00,26.65,89.07592,1010.63916,11.440979,294.14554,0.4,96.0,51.0
2019-09-18 05:00:00+00:00,26.85,86.727036,1010.6395,13.1041975,285.94547,0.3,54.0,51.0
2019-09-18 06:00:00+00:00,27.4,83.47094,1009.94086,14.332341,281.59213,0.1,99.0,51.0
2019-09-18 07:00:00+00:00,27.5,83.73235,1008.9413,14.332341,281.59213,0.1,100.0,51.0
2019-09-18 08:00:00+00:00,27.4,84.22403,1008.0417,15.876775,273.90042,0.2,100.0,51.0
2019-09-18 09:00:00+00:00,27.1,86.749985,1007.4414,14.917212,278.32556,0.2,96.0,51.0
2019-09-18 10:00:00+00:00,26.5,87.74103,1007.2405,14.05845,283.32455,0.2,100.0,51.0
2019-09-18 11:00:00+00:00,25.85,88.480576,1007.43945,15.827721,287.19864,1.2,96.0,55.0
2019-09-18 12:00:00+00:00,25.85,90.36088,1007.3395,10.1887,302.00534,0.6,99.0,53.0
2019-09-18 13:00:00+00:00,25.6,92.26222,1007.73895,8.39657,300.96368,0.1,99.0,51.0
2019-09-18 14:00:00+00:00,25.45,92.8091,1008.7382,8.14587,315.0001,0.1,96.0,51.0
2019-09-18 15:00:00+00:00,25.3,93.640526,1009.23804,7.5685663,295.34613,0.1,88.0,51.0
2019-09-18 16:00:00+00:00,25.25,93.63819,1009.83734,8.699793,294.44394,0.3,75.0,51.0
2019-09-18 17:00:00+00:00,25.3,93.640526,1010.03766,7.5170207,286.6993,0.1,94.0,51.0
2019-09-18 18:00:00+00:00,25.05,93.91072,1009.937,10.105681,274.08554,0.6,94.0,53.0
2019-09-18 19:00:00+00:00,24.95,93.343216,1009.1373,10.8955765,262.40546,0.3,92.0,51.0
2019-09-18 20:00:00+00:00,24.85,94.46825,1008.53735,10.853866,264.2895,0.9,96.0,53.0
2019-09-18 21:00:00+00:00,24.2,99.40178,1008.2366,10.08,270.0,2.2,100.0,61.0
2019-09-18 22:00:00+00:00,24.1,99.40133,1007.9367,8.647496,267.6141,1.6,66.0,61.0
2019-09-18 23:00:00+00:00,23.75,99.399734,1008.43585,5.0528407,265.91446,1.6,100.0,61.0
2019-09-19 00:00:00+00:00,24.15,96.456085,1008.7363,7.127636,315.0001,0.8,100.0,53.0
2019-09-19 01:00:00+00:00,24.2,99.70048,1009.1361,5.00128,300.25635,0.5,94.0,53.0
2019-09-19 02:00:00+00:00,24.95,96.18821,1009.73706,8.39657,300.96368,0.2,100.0,51.0
2019-09-19 03:00:00+00:00,25.5,90.33691,1010.53766,11.269782,296.56497,1.3,93.0,61.0
2019-09-19 04:00:00+00:00,26.15,91.74299,1010.7385,11.298495,292.47946,0.5,89.0,53.0
2019-09-19 05:00:00+00:00,26.95,86.47713,1010.6399,12.413476,286.8585,0.2,97.0,51.0
2019-09-19 06:00:00+00:00,27.45,84.73458,1009.8408,11.770403,293.4287,0.1,73.0,51.0
2019-09-19 07:00:00+00:00,27.7,82.26469,1008.74176,12.313893,285.25516,0.0,87.0,3.0
2019-09-19 08:00:00+00:00,26.75,86.19965,1008.1406,14.973576,279.68872,0.3,90.0,51.0
2019-09-19 09:00:00+00:00,26.25,88.51286,1007.54,14.05845,283.32455,0.3,97.0,51.0
2019-09-19 10:00:00+00:00,26.15,88.77078,1007.54,13.450708,285.52417,0.3,100.0,51.0
2019-09-19 11:00:00+00:00,26.1,87.1809,1007.8395,12.224107,283.627,0.2,99.0,51.0
2019-09-19 12:00:00+00:00,26.4,87.46974,1007.8402,10.594036,279.78235,0.8,98.0,53.0
2019-09-19 13:00:00+00:00,25.95,88.75499,1008.5392,9.605998,282.99463,0.0,99.0,3.0
2019-09-19 14:00:00+00:00,25.8,89.547134,1009.33856,8.557102,292.24908,0.0,99.0,3.0
2019-09-19 15:00:00+00:00,25.8,89.547134,1010.23816,6.6185193,292.3802,0.1,99.0,51.0
2019-09-19 16:00:00+00:00,25.7,89.8093,1010.8379,4.829907,296.56497,0.2,99.0,51.0
2019-09-19 17:00:00+00:00,25.4,91.97453,1011.2371,4.8965297,306.02747,0.1,99.0,51.0
2019-09-19 18:00:00+00:00,25.15,92.793564,1010.8369,3.8268526,318.81415,0.1,98.0,51.0
2019-09-19 19:00:00+00:00,25.2,91.68675,1009.9374,6.6087217,299.35767,0.2,100.0,51.0
2019-09-19 20:00:00+00:00,25.25,90.59229,1009.1377,6.28713,293.6294,0.2,99.0,51.0
2019-09-19 21:00:00+00:00,24.85,93.61979,1008.53735,7.754637,291.80148,0.5,97.0,53.0
2019-09-19 22:00:00+00:00,24.7,95.03221,1008.33746,7.289445,302.90524,0.3,97.0,51.0
2019-09-19 23:00:00+00:00,24.75,95.320045,1008.53735,7.4128532,299.0545,0.4,99.0,51.0
2019-09-20 00:00:00+00:00,24.6,96.467804,1008.4371,6.162207,353.29025,0.4,98.0,51.0
2019-09-20 01:00:00+00:00,24.75,96.47167,1008.8372,4.32,360.0,0.1,94.0,51.0
2019-09-20 02:00:00+00:00,25.55,92.536514,1009.5381,4.379589,350.53775,0.1,56.0,51.0
2019-09-20 03:00:00+00:00,26.5,91.49045,1010.539,6.6185193,337.6198,0.1,92.0,51.0
2019-09-20 04:00:00+00:00,27.3,89.125595,1011.04,7.386582,316.9749,0.1,97.0,51.0
2019-09-20 05:00:00+00:00,27.8,86.556274,1010.941,7.9932966,305.83774,0.1,95.0,51.0
2019-09-20 06:00:00+00:00,28.6,82.12699,1010.0427,9.511088,299.4758,0.0,87.0,3.0
2019-09-20 07:00:00+00:00,28.8,80.21846,1009.14307,10.829959,285.4222,0.0,65.0,2.0
2019-09-20 08:00:00+00:00,28.5,79.70141,1008.1432,12.261158,273.3664,0.0,97.0,3.0
2019-09-20 09:00:00+00:00,27.95,82.048874,1007.14264,14.917212,278.32556,0.6,97.0,53.0
2019-09-20 10:00:00+00:00,27.55,85.76279,1006.7423,14.689589,287.1028,0.1,91.0,51.0
2019-09-20 11:00:00+00:00,27.55,83.238266,1006.9422,14.658676,294.67685,0.0,79.0,2.0
2019-09-20 12:00:00+00:00,26.9,86.99149,1006.64136,11.792404,301.26367,0.0,96.0,3.0
2019-09-20 13:00:00+00:00,26.25,89.848854,1007.2401,10.365251,290.3232,0.0,28.0,1.0
2019-09-20 14:00:00+00:00,26.2,90.11466,1008.53955,9.9571085,282.5288,0.0,44.0,1.0
2019-09-20 15:00:00+00:00,26.2,90.384766,1009.53906,9.422101,276.58185,0.0,50.0,2.0
2019-09-20 16:00:00+00:00,26.05,91.73711,1010.0385,8.089993,290.85452,0.0,51.0,2.0
2019-09-20 17:00:00+00:00,25.85,93.10766,1010.23816,7.145796,319.0857,0.0,84.0,3.0
2019-09-20 18:00:00+00:00,25.55,93.652,1009.83795,5.1165614,320.7106,0.1,27.0,51.0
2019-09-20 19:00:00+00:00,25.5,92.81169,1009.2383,6.1305785,319.7637,0.2,84.0,51.0
2019-09-20 20:00:00+00:00,25.2,93.91729,1008.53796,5.3999996,323.13004,0.2,86.0,51.0
2019-09-20 21:00:00+00:00,24.9,95.03945,1008.03784,6.12,331.9276,0.2,90.0,51.0
2019-09-20 22:00:00+00:00,24.8,94.466255,1008.2375,6.6087217,299.35767,0.3,89.0,51.0
2019-09-20 23:00:00+00:00,24.8,94.466255,1007.9377,8.049845,296.56497,0.5,88.0,53.0
2019-09-21 00:00:00+00:00,24.6,96.17844,1007.2376,9.0645685,6.842679,0.1,77.0,51.0
2019-09-21 01:00:00+00:00,24.65,95.891365,1008.3371,4.32,360.0,0.0,7.0,0.0
2019-09-21 02:00:00+00:00,25.7,93.100235,1009.23865,3.2599385,353.6599,0.0,7.0,0.0
2019-09-21 03:00:00+00:00,27.0,85.96579,1009.8403,1.835647,281.3099,0.2,79.0,51.0
2019-09-21 04:00:00+00:00,27.6,81.51618,1009.6413,3.6179552,275.7105,0.1,99.0,51.0
2019-09-21 05:00:00+00:00,28.45,77.342766,1009.34265,8.4042845,260.13425,0.1,92.0,51.0
2019-09-21 06:00:00+00:00,28.65,77.1407,1008.6433,10.739833,256.42953,0.1,68.0,51.0
2019-09-21 07:00:00+00:00,28.7,77.148094,1007.7438,12.979984,250.55988,0.1,20.0,51.0
2019-09-21 08:00:00+00:00,28.65,77.60444,1006.6442,15.379206,253.68607,0.1,42.0,51.0
2019-09-21 09:00:00+00:00,28.35,79.20564,1006.14374,15.725037,254.05453,0.4,58.0,51.0
2019-09-21 10:00:00+00:00,27.8,85.7872,1005.84326,13.450708,254.47583,0.4,35.0,51.0
2019-09-21 11:00:00+00:00,27.25,83.95593,1005.9423,13.358861,255.96373,0.2,52.0,51.0
2019-09-21 12:00:00+00:00,27.6,84.24549,1005.943,10.239453,280.1246,0.3,100.0,51.0
2019-09-21 13:00:00+00:00,26.85,87.770905,1006.64136,8.209263,285.25516,0.0,19.0,0.0
2019-09-21 14:00:00+00:00,26.55,90.13909,1007.9404,8.427383,289.9832,0.0,12.0,0.0
2019-09-21 15:00:00+00:00,26.45,90.94317,1008.8397,8.209263,285.25516,0.0,34.0,1.0
2019-09-21 16:00:00+00:00,26.25,91.202446,1009.1392,9.504273,294.62354,0.2,78.0,51.0
2019-09-21 17:00:00+00:00,26.2,91.745926,1009.639,7.491114,305.21768,0.0,83.0,3.0
2019-09-21 18:00:00+00:00,25.75,93.38156,1008.9388,8.217153,298.8107,0.0,64.0,2.0
2019-09-21 19:00:00+00:00,25.7,93.37915,1008.439,7.8954163,316.8476,0.0,63.0,2.0
2019-09-21 20:00:00+00:00,25.25,94.48428,1007.9383,8.161764,318.57642,0.2,74.0,51.0
2019-09-21 21:00:00+00:00,25.4,93.08533,1007.23895,8.0899935,327.72437,0.1,65.0,51.0
2019-09-21 22:00:00+00:00,25.05,93.91072,1007.2382,7.4128532,330.9455,0.1,76.0,51.0
2019-09-21 23:00:00+00:00,24.7,95.31833,1007.238,10.086427,325.17545,0.1,57.0,51.0
2019-09-22 00:00:00+00:00,24.8,94.75066,1007.3379,10.594036,350.21765,0.0,76.0,2.0
2019-09-22 01:00:00+00:00,24.9,94.47029,1007.8379,9.885262,349.50858,0.0,72.0,2.0
2019-09-22 02:00:00+00:00,25.75,91.71935,1008.63885,9.531505,349.11453,0.0,73.0,2.0
2019-09-22 03:00:00+00:00,27.0,84.687546,1009.24054,10.315115,330.75128,0.1,75.0,51.0
2019-09-22 04:00:00+00:00,28.0,79.395584,1009.54193,10.703569,317.72638,0.1,77.0,51.0
2019-09-22 05:00:00+00:00,28.75,76.92469,1009.443,10.028439,291.03757,0.2,67.0,51.0
2019-09-22 06:00:00+00:00,28.75,80.2119,1009.343,13.698934,266.98727,0.1,58.0,51.0
2019-09-22 07:00:00+00:00,28.05,85.81156,1008.1426,12.224107,283.627,0.4,96.0,51.0
2019-09-22 08:00:00+00:00,28.05,84.54503,1007.24304,14.044615,271.46878,0.1,97.0,51.0
2019-09-22 09:00:00+00:00,27.75,84.76585,1006.3428,13.797912,277.49576,0.0,91.0,3.0
2019-09-22 10:00:00+00:00,27.5,84.486946,1006.6423,13.684735,268.49258,0.1,80.0,51.0
2019-09-22 11:00:00+00:00,26.15,93.122536,1007.44006,10.739833,256.42953,5.5,99.0,63.0
2019-09-22 12:00:00+00:00,26.45,91.21492,1007.54034,9.726665,267.87894,1.7,100.0,61.0
2019-09-22 13:00:00+00:00,25.5,94.49428,1008.2387,10.086427,267.95465,1.9,88.0,61.0
2019-09-22 14:00:00+00:00,25.5,94.212036,1009.2383,7.928178,267.3975,0.2,100.0,51.0
2019-09-22 15:00:00+00:00,25.4,95.05747,1010.1376,5.0528407,274.08554,0.4,99.0,51.0
2019-09-22 16:00:00+00:00,24.9,99.10852,1010.3368,4.802999,282.99463,0.2,100.0,51.0
2019-09-22 17:00:00+00:00,24.45,99.105484,1010.6357,8.766573,289.1791,0.6,100.0,53.0
2019-09-22 18:00:00+00:00,25.15,94.76404,1009.9374,9.255571,283.49576,0.2,100.0,51.0
2019-09-22 19:00:00+00:00,25.1,93.35045,1009.43756,9.028754,293.49857,0.1,100.0,51.0
2019-09-22 20:00:00+00:00,24.15,98.80626,1008.83624,9.885262,280.49142,1.5,100.0,61.0
2019-09-22 21:00:00+00:00,24.15,99.10353,1008.3365,8.089993,290.85452,0.8,98.0,53.0
2019-09-22 22:00:00+00:00,24.05,99.10284,1008.3361,6.9527545,291.25058,0.3,96.0,51.0
2019-09-22 23:00:00+00:00,24.65,95.030396,1008.3371,9.83268,293.7495,0.1,94.0,51.0
2019-09-23 00:00:00+00:00,24.75,94.46421,1008.33746,10.703569,317.72638,0.0,96.0,3.0
2019-09-23 01:00:00+00:00,24.9,93.06036,1009.03735,9.290511,324.46225,0.1,98.0,51.0
2019-09-23 02:00:00+00:00,25.25,93.919495,1009.83734,9.028754,336.5014,0.2,100.0,51.0
2019-09-23 03:00:00+00:00,25.65,92.54187,1010.3377,11.177405,345.06854,0.2,100.0,51.0
2019-09-23 04:00:00+00:00,26.2,89.576584,1010.63855,10.1887,327.99466,0.1,99.0,51.0
2019-09-23 05:00:00+00:00,27.1,83.437195,1010.34,11.4862,302.1957,0.3,99.0,51.0
2019-09-23 06:00:00+00:00,27.3,83.71022,1010.0404,11.792404,282.33908,0.4,99.0,51.0
2019-09-23 07:00:00+00:00,27.1,86.49112,1009.04065,11.525623,284.47034,0.2,98.0,51.0
2019-09-23 08:00:00+00:00,26.9,85.95614,1008.0407,13.708391,283.67133,0.1,98.0,51.0
2019-09-23 09:00:00+00:00,26.35,88.520905,1007.4404,16.954432,273.65216,0.3,100.0,51.0
2019-09-23 10:00:00+00:00,26.05,89.02976,1006.74,12.783802,302.3474,0.3,99.0,51.0
2019-09-23 11:00:00+00:00,26.0,89.293526,1007.3397,9.983106,295.64096,0.2,100.0,51.0
2019-09-23 12:00:00+00:00,25.5,91.98026,1007.93884,11.212135,275.52744,0.2,96.0,51.0
2019-09-23 13:00:00+00:00,24.55,99.10618,1008.4371,8.766573,289.1791,1.3,99.0,61.0
2019-09-23 14:00:00+00:00,24.5,99.10584,1009.2367,8.435069,309.8055,0.3,99.0,51.0
2019-09-23 15:00:00+00:00,24.5,99.40308,1009.9364,6.8777895,312.8789,0.8,100.0,53.0
2019-09-23 16:00:00+00:00,24.4,99.40267,1010.73566,5.6233797,320.1945,0.9,100.0,53.0
2019-09-23 17:00:00+00:00,24.5,99.40308,1010.736,3.0758414,339.44388,0.5,100.0,53.0
2019-09-23 18:00:00+00:00,24.3,99.402245,1010.4358,3.8939953,326.3099,0.1,100.0,51.0
2019-09-23 19:00:00+00:00,24.1,98.80577,1009.8358,8.654986,286.92758,1.5,100.0,61.0
2019-09-23 20:00:00+00:00,23.95,98.804474,1009.0358,8.311245,287.6502,1.8,100.0,61.0
2019-09-23 21:00:00+00:00,24.0,99.102486,1008.5361,5.5887027,284.93146,1.7,100.0,61.0
2019-09-23 22:00:00+00:00,24.1,99.103165,1007.83673,5.04,270.0,0.4,84.0,51.0
2019-09-23 23:00:00+00:00,23.7,98.80222,1008.43585,8.647496,267.6141,0.5,79.0,53.0
2019-09-24 00:00:00+00:00,23.85,97.03244,1008.23596,4.452954,14.036275,0.1,88.0,51.0
2019-09-24 01:00:00+00:00,23.9,96.44956,1008.8359,4.3349743,41.63345,0.1,93.0,51.0
2019-09-24 02:00:00+00:00,24.4,96.17286,1009.7361,0.0,270.0,0.2,100.0,51.0
2019-09-24 03:00:00+00:00,25.2,91.41122,1010.2372,4.32,270.0,0.2,99.0,51.0
2019-09-24 04:00:00+00:00,25.9,92.00319,1010.4381,3.096837,234.46223,0.2,98.0,51.0
2019-09-24 05:00:00+00:00,26.8,83.9067,1010.1397,5.904439,232.43134,0.2,100.0,51.0
2019-09-24 06:00:00+00:00,27.0,83.92858,1009.34045,5.315336,241.69934,0.0,100.0,3.0
2019-09-24 07:00:00+00:00,26.8,85.17651,1008.24066,9.449572,220.36446,0.1,98.0,51.0
2019-09-24 08:00:00+00:00,27.0,87.783676,1007.4414,10.799999,216.86998,0.3,99.0,51.0
2019-09-24 09:00:00+00:00,26.25,86.93264,1006.8403,13.584932,212.00534,1.2,100.0,55.0
2019-09-24 10:00:00+00:00,26.3,89.04904,1006.74036,8.311245,197.6502,0.6,100.0,53.0
2019-09-24 11:00:00+00:00,26.2,89.576584,1006.74036,6.2145634,190.00792,0.3,100.0,51.0
2019-09-24 12:00:00+00:00,26.1,93.6771,1006.93994,4.1046314,232.12495,3.3,100.0,63.0
2019-09-24 13:00:00+00:00,25.9,91.180534,1007.53937,4.6102495,218.65984,0.2,97.0,51.0
2019-09-24 14:00:00+00:00,25.6,91.71048,1008.43866,7.127636,224.9999,0.1,99.0,51.0
2019-09-24 15:00:00+00:00,25.6,91.71048,1009.0383,7.42159,230.90614,0.3,96.0,51.0
2019-09-24 16:00:00+00:00,25.6,91.16163,1009.2383,7.771331,193.39252,0.1,79.0,51.0
2019-09-24 17:00:00+00:00,25.4,91.14905,1009.4379,8.557102,165.37909,0.1,74.0,51.0
2019-09-24 18:00:00+00:00,24.25,99.10417,1009.1361,11.269782,153.43501,0.2,100.0,51.0
2019-09-24 19:00:00+00:00,24.15,99.10353,1007.9367,10.883676,124.21575,0.3,95.0,51.0
2019-09-24 20:00:00+00:00,24.25,96.45868,1006.73724,13.708391,76.328674,0.1,100.0,51.0
2019-09-24 21:00:00+00:00,23.65,99.39931,1006.13654,11.609651,97.12492,0.5,100.0,53.0
2019-09-24 22:00:00+00:00,24.0,99.400856,1006.33704,2.4149535,243.43501,1.9,88.0,61.0
2019-09-24 23:00:00+00:00,24.15,98.80626,1006.73724,10.483357,254.05453,0.7,100.0,53.0
2019-09-25 00:00:00+00:00,25.0,93.06532,1007.8379,15.281989,254.98158,0.7,99.0,53.0
2019-09-25 01:00:00+00:00,24.45,98.21801,1008.5366,13.009903,255.5792,1.2,100.0,55.0
2019-09-25 02:00:00+00:00,24.85,99.10817,1009.7368,6.6087217,240.64233,1.1,99.0,55.0
2019-09-25 03:00:00+00:00,25.75,99.114105,1010.538,5.2416787,254.05453,0.5,100.0,53.0
2019-09-25 04:00:00+00:00,26.15,95.084335,1010.9385,6.8399997,270.0,0.3,98.0,51.0
2019-09-25 05:00:00+00:00,27.4,87.29622,1010.7405,3.96,270.0,0.0,95.0,3.0
2019-09-25 06:00:00+00:00,28.3,80.39289,1010.1419,9.346143,254.3577,0.1,88.0,51.0
2019-09-25 07:00:00+00:00,27.9,80.10007,1009.5416,13.363711,265.36462,0.2,85.0,51.0
2019-09-25 08:00:00+00:00,27.0,84.94185,1008.6408,14.044615,268.53122,0.5,71.0,53.0
2019-09-25 09:00:00+00:00,27.0,85.70878,1007.94116,13.493999,260.78903,0.1,46.0,51.0
2019-09-25 10:00:00+00:00,27.15,84.449844,1007.74146,10.829959,254.57777,0.1,58.0,51.0
2019-09-25 11:00:00+00:00,26.7,85.166306,1007.9404,10.495713,247.8336,0.1,70.0,51.0
2019-09-25 12:00:00+00:00,26.75,86.19965,1008.1406,11.212135,222.39738,0.2,100.0,51.0
2019-09-25 13:00:00+00:00,26.2,86.40674,1009.1392,12.313894,217.87505,0.1,96.0,51.0
2019-09-25 14:00:00+00:00,25.95,87.9581,1010.2384,11.681987,213.6901,0.1,100.0,51.0
2019-09-25 15:00:00+00:00,25.7,87.408424,1011.23773,11.298495,202.47948,0.1,70.0,51.0
2019-09-25 16:00:00+00:00,25.15,90.859055,1011.93646,13.556282,190.71307,1.0,96.0,55.0
2019-09-25 17:00:00+00:00,24.9,91.117424,1012.53577,14.440443,184.28908,0.3,97.0,51.0
2019-09-25 18:00:00+00:00,24.65,93.89302,1012.33527,11.183201,183.69131,1.1,95.0,55.0
2019-09-25 19:00:00+00:00,24.15,99.10353,1011.4351,9.36,180.0,0.9,100.0,53.0
2019-09-25 20:00:00+00:00,23.8,98.505875,1011.23456,15.542662,193.39252,1.7,100.0,61.0
2019-09-25 21:00:00+00:00,23.65,98.80181,1010.53455,14.241629,196.14441,0.8,99.0,53.0
2019-09-25 22:00:00+00:00,23.65,98.504196,1010.4346,11.91812,205.01686,1.5,100.0,61.0
2019-09-25 23:00:00+00:00,23.65,98.80181,1010.73444,13.979872,214.50858,1.7,100.0,61.0
2019-09-26 00:00:00+00:00,24.35,93.31429,1011.73517,19.592731,159.5671,3.5,100.0,63.0
2019-09-26 01:00:00+00:00,23.85,98.50643,1012.33405,20.633371,173.99109,4.3,100.0,63.0
2019-09-26 02:00:00+00:00,24.0,98.80488,1013.2339,14.404499,178.56793,3.7,100.0,63.0
2019-09-26 03:00:00+00:00,24.25,98.51087,1014.1338,12.287555,174.95764,2.3,100.0,61.0
2019-09-26 04:00:00+00:00,24.6,98.51474,1014.33435,12.287555,185.04236,1.9,100.0,61.0
2019-09-26 05:00:00+00:00,25.05,98.22595,1014.235,12.181625,198.9705,1.5,98.0,61.0
2019-09-26 06:00:00+00:00,26.4,90.93997,1013.5376,11.966953,186.91113,0.9,98.0,53.0
2019-09-26 07:00:00+00:00,26.55,90.13909,1012.5383,8.707238,187.12492,0.9,100.0,53.0
2019-09-26 08:00:00+00:00,26.65,87.75389,1011.6387,6.87779,186.00891,0.3,100.0,51.0
2019-09-26 09:00:00+00:00,26.05,93.117584,1011.038,6.725354,164.47583,0.4,100.0,51.0
2019-09-26 10:00:00+00:00,26.05,92.01174,1010.83813,5.6233797,140.19447,0.3,100.0,51.0
2019-09-26 11:00:00+00:00,25.8,95.64036,1010.63794,1.2979984,146.3099,0.1,99.0,51.0
2019-09-26 12:00:00+00:00,26.6,90.68203,1010.1394,4.3498964,155.55606,0.0,97.0,3.0
2019-09-26 13:00:00+00:00,26.15,86.40204,1010.83844,4.6102495,141.34016,0.0,95.0,3.0
2019-09-26 14:00:00+00:00,25.7,85.321625,1011.4376,4.1046314,127.875046,0.0,91.0,3.0
2019-09-26 15:00:00+00:00,25.6,86.35002,1012.73663,4.8965297,143.97253,0.0,78.0,2.0
2019-09-26 16:00:00+00:00,25.55,88.456314,1013.33636,5.506941,168.69011,0.0,61.0,2.0
2019-09-26 17:00:00+00:00,25.5,89.52493,1013.8361,6.193674,144.46223,0.0,62.0,2.0
2019-09-26 18:00:00+00:00,25.05,92.23165,1013.83514,9.290511,125.537766,0.0,11.0,0.0
2019-09-26 19:00:00+00:00,24.5,94.169876,1013.43475,9.028754,113.49858,0.0,6.0,0.0
2019-09-26 20:00:00+00:00,24.5,93.60355,1013.1349,7.9932966,125.837746,0.0,7.0,0.0
2019-09-26 21:00:00+00:00,24.55,93.04281,1012.2353,5.4833565,113.19862,0.0,4.0,0.0
2019-09-26 22:00:00+00:00,24.2,92.74402,1012.23474,7.9932976,97.76508,0.0,2.0,0.0
2019-09-26 23:00:00+00:00,23.75,92.72037,1012.33405,7.928178,87.3975,0.0,2.0,0.0
2019-09-27 00:00:00+00:00,24.55,91.09517,1012.7351,6.379216,106.38962,0.0,34.0,1.0
2019-09-27 01:00:00+00:00,24.45,90.2645,1013.2345,8.4042845,80.13426,0.0,44.0,1.0
2019-09-27 02:00:00+00:00,25.3,88.16925,1014.0358,6.5693827,80.53775,0.0,56.0,2.0
2019-09-27 03:00:00+00:00,26.95,84.9367,1014.938,5.3517847,132.27362,0.0,71.0,2.0
2019-09-27 04:00:00+00:00,27.85,80.093445,1015.3389,6.924738,171.02745,0.0,64.0,2.0
2019-09-27 05:00:00+00:00,28.45,76.41911,1015.24,6.924738,188.97255,0.1,63.0,51.0
2019-09-27 06:00:00+00:00,28.2,78.24049,1014.5399,8.12197,192.80426,0.2,61.0,51.0
2019-09-27 07:00:00+00:00,28.05,78.45454,1013.54016,9.0,180.0,0.1,68.0,51.0
2019-09-27 08:00:00+00:00,28.05,77.75013,1012.4407,7.208994,182.86235,0.0,81.0,3.0
2019-09-27 09:00:00+00:00,28.0,78.92027,1011.3411,6.2145634,169.99208,0.0,99.0,3.0
2019-09-27 10:00:00+00:00,27.8,80.08684,1010.941,6.130579,183.3664,0.0,95.0,3.0
2019-09-27 11:00:00+00:00,27.6,81.02834,1010.84076,6.924738,188.97255,0.0,79.0,2.0
2019-09-27 12:00:00+00:00,27.2,80.73402,1011.04,7.289445,212.90524,0.0,78.0,2.0
2019-09-27 13:00:00+00:00,25.95,86.64389,1011.5378,3.9763298,185.19434,0.0,96.0,3.0
2019-09-27 14:00:00+00:00,25.5,88.71935,1012.2369,5.4119864,176.186,0.0,98.0,3.0
2019-09-27 15:00:00+00:00,25.4,89.24813,1013.13617,4.896529,162.89719,0.0,100.0,3.0
2019-09-27 16:00:00+00:00,25.7,87.408424,1013.6366,4.072935,135.0001,0.0,99.0,3.0
2019-09-27 17:00:00+00:00,25.3,89.78044,1013.636,3.8773184,111.801476,0.0,93.0,3.0
2019-09-27 18:00:00+00:00,24.65,92.20926,1013.5347,3.6,90.0,0.0,95.0,3.0
2019-09-27 19:00:00+00:00,24.4,92.47452,1013.1345,3.7585104,73.300674,0.0,95.0,3.0
2019-09-27 20:00:00+00:00,24.55,90.81987,1012.53516,2.3051248,51.34017,0.0,89.0,3.0
2019-09-27 21:00:00+00:00,24.45,90.2645,1012.03503,4.6938257,57.528828,0.0,77.0,2.0
2019-09-27 22:00:00+00:00,24.35,90.53177,1011.83514,4.8965297,36.027473,0.0,98.0,3.0
2019-09-27 23:00:00+00:00,24.35,89.98408,1011.5353,5.937272,14.036275,0.0,94.0,3.0
2019-09-28 00:00:00+00:00,24.5,87.30226,1011.83545,6.379216,16.389616,0.0,96.0,3.0
2019-09-28 01:00:00+00:00,24.6,86.781555,1012.43524,7.771331,13.392516,0.4,98.0,51.0
2019-09-28 02:00:00+00:00,25.0,88.679565,1013.0355,6.2145634,349.99207,0.5,96.0,53.0
2019-09-28 03:00:00+00:00,26.25,84.60866,1013.6372,4.8965297,306.02747,0.1,95.0,51.0
2019-09-28 04:00:00+00:00,27.3,81.72429,1013.4389,2.3051248,321.34018,0.0,97.0,3.0
2019-09-28 05:00:00+00:00,28.8,77.62633,1013.2413,0.71999997,270.0,0.0,98.0,3.0
2019-09-28 06:00:00+00:00,29.4,76.33536,1012.4426,4.8433046,228.01286,0.1,96.0,51.0
2019-09-28 07:00:00+00:00,29.05,78.59541,1011.2428,9.422101,226.54811,0.1,41.0,51.0
2019-09-28 08:00:00+00:00,28.1,79.409195,1010.4416,9.931042,226.46873,0.6,97.0,53.0
2019-09-28 09:00:00+00:00,28.55,73.945366,1009.4426,7.2,216.86998,0.0,96.0,3.0
2019-09-28 10:00:00+00:00,27.9,74.9635,1009.44165,9.726665,177.87895,0.6,92.0,53.0
2019-09-28 11:00:00+00:00,27.15,82.94331,1009.54065,5.8603754,169.3804,0.1,36.0,51.0
2019-09-28 12:00:00+00:00,27.4,82.72373,1010.0408,7.2359104,174.2895,0.1,50.0,51.0
2019-09-28 13:00:00+00:00,26.65,85.9319,1010.73914,6.9153743,141.34016,0.0,95.0,3.0
2019-09-28 14:00:00+00:00,26.25,89.58023,1011.53815,3.8939953,123.6901,0.0,96.0,3.0
2019-09-28 15:00:00+00:00,25.85,91.725266,1012.23724,3.319036,130.60121,0.0,95.0,3.0
2019-09-28 16:00:00+00:00,25.25,93.35765,1012.936,4.3349743,94.76356,0.0,97.0,3.0
2019-09-28 17:00:00+00:00,25.0,93.34564,1012.9356,3.671294,78.6901,0.0,98.0,3.0
2019-09-28 18:00:00+00:00,24.75,93.615135,1013.2352,3.396233,57.99466,0.0,98.0,3.0
2019-09-28 19:00:00+00:00,24.75,91.93702,1012.5355,3.4152596,71.564964,0.0,97.0,3.0
2019-09-28 20:00:00+00:00,24.25,93.30945,1012.1347,2.9024127,82.875084,0.2,97.0,51.0
2019-09-28 21:00:00+00:00,23.95,91.61187,1011.6346,3.5455887,66.037506,0.8,98.0,53.0
2019-09-28 22:00:00+00:00,23.6,94.13157,1011.2342,3.6,360.0,0.0,97.0,3.0
2019-09-28 23:00:00+00:00,23.7,93.28271,1011.23456,3.671294,11.3098955,0.0,97.0,3.0
2019-09-29 00:00:00+00:00,25.0,91.12374,1011.63617,1.08,360.0,0.0,98.0,3.0
2019-09-29 01:00:00+00:00,25.05,90.5789,1011.83606,3.7585104,343.3007,0.4,98.0,51.0
2019-09-29 02:00:00+00:00,25.8,89.01044,1012.4372,6.193674,324.46225,0.0,96.0,3.0
2019-09-29 03:00:00+00:00,26.75,87.76237,1013.13837,4.39436,304.9921,0.0,98.0,3.0
2019-09-29 04:00:00+00:00,27.7,84.5081,1013.3396,4.379589,260.53775,0.1,91.0,51.0
2019-09-29 05:00:00+00:00,28.3,83.82042,1013.14056,3.6,233.13002,0.1,72.0,51.0
2019-09-29 06:00:00+00:00,28.6,81.882935,1012.2417,8.435069,230.19447,0.0,94.0,3.0
2019-09-29 07:00:00+00:00,27.9,81.55334,1011.34076,10.97262,221.00899,0.0,90.0,3.0
2019-09-29 08:00:00+00:00,28.3,77.78647,1010.44183,10.739832,219.55963,0.0,93.0,3.0
2019-09-29 09:00:00+00:00,27.9,80.10007,1009.5416,10.009036,217.6943,0.3,97.0,51.0
2019-09-29 10:00:00+00:00,25.9,92.83231,1009.8383,6.849467,176.98727,4.4,95.0,63.0
2019-09-29 11:00:00+00:00,26.1,91.46619,1009.93854,7.69592,190.78426,0.6,84.0,53.0
2019-09-29 12:00:00+00:00,25.05,94.47632,1009.837,7.9526596,185.19434,1.6,71.0,61.0
2019-09-29 13:00:00+00:00,23.9,99.40044,1010.6351,6.792466,147.99466,2.1,100.0,61.0
2019-09-29 14:00:00+00:00,23.6,99.399086,1011.33417,2.52,180.0,3.1,78.0,63.0
2019-09-29 15:00:00+00:00,23.35,99.09814,1012.03345,3.319036,192.5288,0.3,40.0,51.0
2019-09-29 16:00:00+00:00,23.25,97.905174,1012.7329,2.4149535,243.43501,0.3,100.0,51.0
2019-09-29 17:00:00+00:00,23.25,98.79819,1013.33264,1.609969,333.43503,2.0,100.0,61.0
2019-09-29 18:00:00+00:00,23.25,99.39749,1012.93286,2.8116899,39.805527,1.3,100.0,61.0
2019-09-29 19:00:00+00:00,23.0,99.39637,1012.3327,3.2599385,96.340096,2.5,100.0,63.0
2019-09-29 20:00:00+00:00,22.9,99.09511,1011.63306,2.6208394,74.054535,1.8,100.0,61.0
2019-09-29 21:00:00+00:00,22.75,99.395226,1010.83307,3.2599385,96.340096,0.2,100.0,51.0
2019-09-29 22:00:00+00:00,22.65,99.093414,1010.73285,3.319036,102.5288,0.1,99.0,51.0
2019-09-29 23:00:00+00:00,23.05,95.551704,1010.9334,9.793058,72.89719,0.1,100.0,51.0
2019-09-30 00:00:00+00:00,23.4,95.56314,1010.834,5.3517847,109.653915,0.1,98.0,51.0
2019-09-30 01:00:00+00:00,23.35,99.09814,1011.73364,9.0,126.86999,0.2,100.0,51.0
2019-09-30 02:00:00+00:00,23.8,99.101166,1012.33405,9.360001,112.61991,0.3,100.0,51.0
2019-09-30 03:00:00+00:00,25.15,93.35288,1012.836,11.503113,110.13639,0.3,100.0,51.0
2019-09-30 04:00:00+00:00,26.25,87.456635,1013.4373,11.592894,126.15828,0.3,100.0,51.0
2019-09-30 05:00:00+00:00,26.95,84.42859,1013.43866,8.891343,148.24057,0.3,100.0,51.0
2019-09-30 06:00:00+00:00,26.9,83.164215,1012.93854,9.0,180.0,0.7,92.0,53.0
2019-09-30 07:00:00+00:00,26.4,85.392334,1012.03827,9.746631,175.76369,1.4,51.0,61.0
2019-09-30 08:00:00+00:00,27.55,84.49226,1011.04034,11.304229,189.16228,0.1,90.0,51.0
2019-09-30 09:00:00+00:00,26.4,86.425575,1009.9393,13.698934,176.98727,0.7,97.0,53.0
2019-09-30 10:00:00+00:00,26.85,84.92637,1009.63995,12.9249525,167.125,0.0,100.0,3.0
2019-09-30 11:00:00+00:00,26.6,84.13766,1009.83954,12.57426,156.3706,0.0,76.0,2.0
2019-09-30 12:00:00+00:00,25.05,92.50967,1010.13684,7.771331,166.60748,0.0,65.0,2.0
2019-09-30 13:00:00+00:00,24.85,93.61979,1010.7364,8.39657,149.03632,0.1,64.0,51.0
2019-09-30 14:00:00+00:00,24.5,95.598785,1011.4357,10.296251,143.53067,0.2,76.0,51.0
2019-09-30 15:00:00+00:00,24.55,95.0268,1012.0354,10.514218,128.04709,0.1,93.0,51.0
2019-09-30 16:00:00+00:00,24.4,94.73537,1012.5348,9.107359,108.43504,0.0,96.0,3.0
2019-09-30 17:00:00+00:00,24.25,94.72959,1013.03436,8.311245,107.650215,0.0,98.0,3.0
2019-09-30 18:00:00+00:00,24.35,94.73343,1013.1345,8.534353,117.64589,0.0,98.0,3.0
2019-09-30 19:00:00+00:00,24.5,94.73918,1012.0354,9.422101,133.45189,0.0,99.0,3.0
2019-09-30 20:00:00+00:00,24.45,94.73724,1011.3353,8.714677,141.7098,0.0,97.0,3.0
2019-09-30 21:00:00+00:00,24.15,95.58748,1011.0353,7.0911775,113.962494,0.0,98.0,3.0
2019-09-30 22:00:00+00:00,23.85,95.577774,1011.33453,7.208994,87.13766,0.0,94.0,3.0
2019-09-30 23:00:00+00:00,23.9,94.144394,1011.0349,5.2416787,105.945465,0.0,90.0,3.0
2019-10-01 00:00:00+00:00,24.05,96.16297,1010.93494,6.830519,108.43504,0.0,37.0,1.0
2019-10-01 01:00:00+00:00,24.15,96.456085,1011.53503,6.9527545,111.25058,0.0,96.0,3.0
2019-10-01 02:00:00+00:00,24.8,96.473,1012.7355,6.9153743,141.34016,0.3,76.0,51.0
2019-10-01 03:00:00+00:00,25.75,93.38156,1013.6366,3.5455887,156.0375,0.4,65.0,51.0
2019-10-01 04:00:00+00:00,26.6,92.043045,1013.7378,4.39436,124.992096,0.3,95.0,51.0
2019-10-01 05:00:00+00:00,27.45,88.872604,1013.4393,3.7585104,163.30067,0.1,92.0,51.0
2019-10-01 06:00:00+00:00,28.3,82.82835,1012.7408,6.151683,200.55612,0.1,85.0,51.0
2019-10-01 07:00:00+00:00,27.5,80.53011,1011.83997,10.028439,201.03758,0.0,52.0,2.0
2019-10-01 08:00:00+00:00,27.65,80.06698,1010.84076,9.504273,204.62355,0.1,81.0,51.0
2019-10-01 09:00:00+00:00,27.8,79.36833,1009.84143,9.387651,212.47118,0.0,67.0,2.0
2019-10-01 10:00:00+00:00,27.4,81.982376,1009.541,8.311245,197.6502,0.0,70.0,2.0
2019-10-01 11:00:00+00:00,27.05,82.93173,1009.6403,5.0528407,184.08554,0.0,42.0,1.0
2019-10-01 12:00:00+00:00,27.45,84.48166,1009.24115,5.1165614,219.28938,0.1,67.0,51.0
2019-10-01 13:00:00+00:00,26.55,86.959885,1010.0394,3.5455887,203.9625,0.0,41.0,1.0
2019-10-01 14:00:00+00:00,25.75,89.81293,1011.1377,5.0142193,201.03758,0.0,42.0,1.0
2019-10-01 15:00:00+00:00,25.5,89.52493,1011.83704,5.04,180.0,0.0,51.0,2.0
2019-10-01 16:00:00+00:00,25.65,88.19825,1012.4368,4.0249224,169.6952,0.0,78.0,2.0
2019-10-01 17:00:00+00:00,25.6,88.460335,1012.9366,3.6,143.13002,0.0,93.0,3.0
2019-10-01 18:00:00+00:00,24.9,92.501564,1012.53577,3.671294,101.3099,0.0,92.0,3.0
2019-10-01 19:00:00+00:00,24.35,94.448074,1011.6352,3.9763298,84.805664,0.0,91.0,3.0
2019-10-01 20:00:00+00:00,24.75,91.93702,1011.13617,4.452954,75.96373,0.0,86.0,3.0
2019-10-01 21:00:00+00:00,24.75,91.10787,1010.53644,6.489992,56.3099,0.0,53.0,2.0
2019-10-01 22:00:00+00:00,24.6,91.37426,1010.23627,7.628263,19.290138,0.0,71.0,2.0
2019-10-01 23:00:00+00:00,24.45,91.9196,1010.6357,8.39657,30.963696,0.0,72.0,2.0
2019-10-02 00:00:00+00:00,24.15,91.623924,1010.8353,7.289444,20.224945,0.0,62.0,2.0
2019-10-02 01:00:00+00:00,24.45,91.9196,1011.43536,6.28713,13.240531,0.0,18.0,0.0
2019-10-02 02:00:00+00:00,25.7,90.8948,1012.23724,5.4833565,23.198618,0.0,19.0,0.0
2019-10-02 03:00:00+00:00,27.4,84.22403,1012.5396,5.1544156,12.094739,0.0,14.0,0.0
2019-10-02 04:00:00+00:00,28.65,75.536674,1012.6415,3.096837,324.46225,0.1,31.0,51.0
2019-10-02 05:00:00+00:00,29.4,71.67865,1012.4426,2.9024127,240.2552,0.1,35.0,51.0
2019-10-02 06:00:00+00:00,29.3,75.63867,1011.54297,7.6367526,224.9999,0.4,47.0,51.0
2019-10-02 07:00:00+00:00,28.4,79.21254,1010.842,7.145796,220.91429,2.1,52.0,61.0
2019-10-02 08:00:00+00:00,28.3,82.09102,1009.84204,7.7879906,213.6901,0.1,58.0,51.0
2019-10-02 09:00:00+00:00,27.7,83.25526,1009.04156,4.3349743,184.76355,0.1,38.0,51.0
2019-10-02 10:00:00+00:00,28.2,79.422775,1008.6426,4.0249224,190.3048,0.1,45.0,51.0
2019-10-02 11:00:00+00:00,27.4,82.47596,1008.8413,6.792466,147.99466,0.1,75.0,51.0
2019-10-02 12:00:00+00:00,27.95,84.53449,1008.44214,5.4477882,187.59456,0.0,43.0,1.0
2019-10-02 13:00:00+00:00,27.1,84.95218,1009.04065,5.0142193,158.96242,0.0,23.0,1.0
2019-10-02 14:00:00+00:00,26.1,88.500755,1010.2384,3.8939953,123.6901,1.5,45.0,61.0
2019-10-02 15:00:00+00:00,25.8,89.81655,1010.7379,3.096837,305.53775,0.1,32.0,51.0
2019-10-02 16:00:00+00:00,25.45,92.8091,1011.7369,7.9036193,300.06848,0.0,33.0,1.0
2019-10-02 17:00:00+00:00,25.0,95.04306,1012.036,8.287822,304.3804,0.2,62.0,51.0
2019-10-02 18:00:00+00:00,24.75,96.18265,1011.8358,7.072878,345.25638,0.2,39.0,51.0
2019-10-02 19:00:00+00:00,24.4,96.4626,1010.8356,5.0142193,338.9624,0.1,17.0,51.0
2019-10-02 20:00:00+00:00,24.3,96.46002,1010.2359,6.763786,334.79892,0.1,47.0,51.0
2019-10-02 21:00:00+00:00,24.2,96.167175,1009.8358,7.289444,339.77505,0.1,37.0,51.0
2019-10-02 22:00:00+00:00,23.95,95.87019,1010.13525,6.5693827,350.53775,0.1,34.0,51.0
2019-10-02 23:00:00+00:00,23.2,99.09709,1010.53394,4.3349743,355.23645,0.1,100.0,51.0
2019-10-03 00:00:00+00:00,23.7,95.5729,1010.5349,8.699793,335.55606,0.1,48.0,51.0
2019-10-03 01:00:00+00:00,23.65,95.57129,1011.0343,9.3669195,357.79745,0.0,34.0,1.0
2019-10-03 02:00:00+00:00,24.2,92.74402,1011.53503,10.163227,22.93213,0.0,48.0,1.0
2019-10-03 03:00:00+00:00,25.7,86.88258,1012.03735,6.9247384,27.897186,0.0,81.0,3.0
2019-10-03 04:00:00+00:00,27.05,84.692795,1012.13916,4.3498964,245.55606,0.0,51.0,2.0
2019-10-03 05:00:00+00:00,27.35,82.22283,1012.4397,10.028439,248.96242,0.1,48.0,51.0
2019-10-03 06:00:00+00:00,26.5,89.06436,1012.03827,6.924738,261.02747,0.2,64.0,51.0
2019-10-03 07:00:00+00:00,26.95,84.9367,1010.93976,7.2,270.0,0.1,59.0,51.0
2019-10-03 08:00:00+00:00,27.65,81.03472,1010.04114,6.87779,263.9911,0.0,93.0,3.0
2019-10-03 09:00:00+00:00,27.1,83.18704,1009.24054,4.0249224,259.69522,0.0,100.0,3.0
2019-10-03 10:00:00+00:00,26.65,86.96892,1008.94,2.52,180.0,0.6,100.0,53.0
2019-10-03 11:00:00+00:00,26.55,87.22102,1009.2398,3.8773184,201.80147,0.4,95.0,51.0
2019-10-03 12:00:00+00:00,27.35,88.07523,1008.64136,5.3999996,216.86998,0.3,98.0,51.0
2019-10-03 13:00:00+00:00,26.45,88.00012,1009.5394,4.8965297,216.02747,0.0,14.0,0.0
2019-10-03 14:00:00+00:00,25.95,89.28972,1010.3383,4.5536795,198.43504,0.0,26.0,1.0
2019-10-03 15:00:00+00:00,26.35,86.94175,1011.3386,2.8116899,129.80553,0.0,52.0,2.0
2019-10-03 16:00:00+00:00,26.6,85.926994,1012.0385,1.609969,116.56499,0.0,72.0,2.0
2019-10-03 17:00:00+00:00,26.2,87.18983,1012.1379,2.4149535,153.43501,0.2,99.0,51.0
2019-10-03 18:00:00+00:00,25.6,88.194115,1012.4368,1.2979984,303.6901,0.9,98.0,53.0
2019-10-03 19:00:00+00:00,25.15,89.76959,1011.7365,1.0182338,135.0001,0.7,99.0,53.0
2019-10-03 20:00:00+00:00,24.6,93.326385,1010.43616,2.8799999,270.0,0.0,99.0,3.0
2019-10-03 21:00:00+00:00,23.7,94.99579,1010.0351,5.6233797,309.8055,0.0,96.0,3.0
2019-10-03 22:00:00+00:00,24.55,93.60593,1009.8364,4.3349743,318.36655,0.0,100.0,3.0
2019-10-03 23:00:00+00:00,24.3,94.73151,1010.03595,4.0249224,333.43503,0.0,98.0,3.0
2019-10-04 00:00:00+00:00,24.35,93.87967,1010.93555,4.2136917,340.0168,0.0,98.0,3.0
2019-10-04 01:00:00+00:00,24.6,95.028595,1011.73553,2.5959969,303.6901,0.2,100.0,51.0
2019-10-04 02:00:00+00:00,25.25,93.35765,1012.53613,5.3999996,270.0,0.3,100.0,51.0
2019-10-04 03:00:00+00:00,25.65,91.43877,1012.73663,3.8939953,326.3099,0.1,87.0,51.0
2019-10-04 04:00:00+00:00,26.95,83.6714,1012.639,4.3498964,294.44394,0.1,97.0,51.0
2019-10-04 05:00:00+00:00,27.7,79.35466,1012.44006,6.849467,266.98727,0.2,85.0,51.0
2019-10-04 06:00:00+00:00,27.45,80.28174,1011.64,8.473393,257.73523,0.2,96.0,51.0
2019-10-04 07:00:00+00:00,27.9,79.38199,1010.64105,7.928178,267.3975,0.1,92.0,51.0
2019-10-04 08:00:00+00:00,27.95,78.2048,1009.5416,11.252519,262.6477,0.0,100.0,3.0
2019-10-04 09:00:00+00:00,28.05,78.2191,1008.4425,12.429127,259.9921,0.0,100.0,3.0
2019-10-04 10:00:00+00:00,27.8,77.713715,1007.84235,11.901798,273.46817,0.0,100.0,3.0
2019-10-04 11:00:00+00:00,27.75,78.41198,1008.3419,10.587917,287.81897,0.0,94.0,3.0
2019-10-04 12:00:00+00:00,27.3,84.21325,1008.2412,8.049845,296.56497,0.0,53.0,2.0
2019-10-04 13:00:00+00:00,26.65,85.16123,1008.74005,7.5942082,301.4295,0.0,61.0,2.0
2019-10-04 14:00:00+00:00,26.4,85.649605,1009.5394,6.439876,296.56497,0.0,12.0,0.0
2019-10-04 15:00:00+00:00,26.35,85.90269,1010.6389,7.145796,310.91428,0.0,41.0,1.0
2019-10-04 16:00:00+00:00,26.15,87.974976,1011.0384,6.193674,324.46225,0.0,31.0,1.0
2019-10-04 17:00:00+00:00,25.85,89.82011,1011.0378,5.1165614,320.7106,0.0,20.0,1.0
2019-10-04 18:00:00+00:00,25.5,91.704544,1010.9375,6.489992,326.3099,0.0,29.0,1.0
2019-10-04 19:00:00+00:00,25.0,94.474266,1010.13684,7.5685663,334.65387,0.0,27.0,1.0
2019-10-04 20:00:00+00:00,24.75,95.034004,1009.63684,6.379216,343.61038,0.0,46.0,1.0
2019-10-04 21:00:00+00:00,24.5,94.45413,1009.0368,6.924738,351.02744,0.0,50.0,2.0
2019-10-04 22:00:00+00:00,24.35,93.87967,1008.8365,6.638072,347.4712,0.0,40.0,1.0
2019-10-04 23:00:00+00:00,24.45,93.03774,1009.13635,6.830519,341.56494,0.0,19.0,0.0
2019-10-05 00:00:00+00:00,24.95,93.06284,1009.4372,9.107359,341.56494,0.0,62.0,2.0
2019-10-05 01:00:00+00:00,24.95,90.29908,1009.837,8.759178,350.53775,0.0,95.0,3.0
2019-10-05 02:00:00+00:00,25.9,85.8588,1010.4381,7.2805495,351.4693,0.0,95.0,3.0
2019-10-05 03:00:00+00:00,27.05,83.682495,1010.93976,6.0347,342.64587,0.0,80.0,3.0
2019-10-05 04:00:00+00:00,28.25,79.90672,1011.1415,6.439876,296.56497,0.0,66.0,2.0
2019-10-05 05:00:00+00:00,28.85,78.56732,1011.0425,8.311245,265.03033,0.1,77.0,51.0
2019-10-05 06:00:00+00:00,28.7,76.686935,1010.44257,11.770403,246.57129,1.9,82.0,61.0
2019-10-05 07:00:00+00:00,27.1,85.20696,1009.7403,4.1046314,217.87505,0.4,100.0,51.0
2019-10-05 08:00:00+00:00,27.5,84.234764,1008.9413,4.072935,224.9999,0.2,100.0,51.0
2019-10-05 09:00:00+00:00,26.7,88.548996,1007.9404,5.4119864,183.814,0.3,100.0,51.0
2019-10-05 10:00:00+00:00,26.55,89.60227,1007.6405,3.0547013,224.9999,0.2,100.0,51.0
2019-10-05 11:00:00+00:00,26.45,90.6721,1008.0401,3.219938,153.43501,0.7,99.0,53.0
2019-10-05 12:00:00+00:00,26.35,96.51279,1008.0401,2.0991426,120.96369,3.2,99.0,63.0
2019-10-05 13:00:00+00:00,25.35,98.52297,1008.9382,3.096837,125.537766,0.0,89.0,3.0
2019-10-05 14:00:00+00:00,25.1,96.76978,1009.83734,3.2399998,180.0,1.6,93.0,61.0
2019-10-05 15:00:00+00:00,25.2,93.91729,1010.53705,2.9024127,209.7448,0.0,90.0,3.0
2019-10-05 16:00:00+00:00,24.35,98.808,1011.2354,3.8268526,311.18582,0.0,68.0,2.0
2019-10-05 17:00:00+00:00,24.1,99.40133,1011.53503,4.1046314,307.87503,0.5,94.0,53.0
2019-10-05 18:00:00+00:00,24.45,99.105484,1011.43536,3.563818,315.0001,0.1,45.0,51.0
2019-10-05 19:00:00+00:00,24.1,98.80577,1010.63544,3.671294,281.3099,0.5,74.0,53.0
2019-10-05 20:00:00+00:00,24.1,98.80577,1009.9358,3.6179552,275.7105,0.2,88.0,51.0
2019-10-05 21:00:00+00:00,24.6,92.764946,1009.73645,5.95906,295.01685,0.4,95.0,51.0
2019-10-05 22:00:00+00:00,23.75,99.100815,1009.63525,4.3349743,318.36655,0.5,98.0,53.0
2019-10-05 23:00:00+00:00,24.35,94.73343,1009.4363,6.9527545,338.74942,0.1,56.0,51.0
2019-10-06 00:00:00+00:00,23.35,94.98293,1009.8345,7.9932976,7.7650824,0.0,52.0,2.0
2019-10-06 01:00:00+00:00,23.6,94.992134,1010.3346,5.771239,3.5762644,0.0,71.0,2.0
2019-10-06 02:00:00+00:00,24.7,92.49072,1011.23615,3.219938,333.43503,0.0,86.0,3.0
2019-10-06 03:00:00+00:00,26.0,87.69817,1012.2375,2.1897945,279.46225,0.0,68.0,2.0
2019-10-06 04:00:00+00:00,27.3,84.21325,1012.33936,1.0182338,224.9999,0.0,64.0,2.0
2019-10-06 05:00:00+00:00,28.05,83.29489,1012.2407,5.6002855,224.9999,0.1,88.0,51.0
2019-10-06 06:00:00+00:00,27.7,81.28449,1011.3405,10.009036,232.3057,0.2,75.0,51.0
2019-10-06 07:00:00+00:00,26.95,86.218704,1010.44,8.707237,240.2552,0.1,92.0,51.0
2019-10-06 08:00:00+00:00,27.1,84.444534,1009.4405,7.9036193,239.9315,0.3,99.0,51.0
2019-10-06 09:00:00+00:00,26.4,84.87975,1008.7398,4.8965297,216.02747,0.8,100.0,53.0
2019-10-06 10:00:00+00:00,26.35,87.46538,1008.33997,4.5536795,198.43504,0.2,100.0,51.0
2019-10-06 11:00:00+00:00,26.15,87.71108,1008.3396,6.725354,195.52417,0.1,100.0,51.0
2019-10-06 12:00:00+00:00,26.75,85.42745,1008.3406,6.519877,186.3401,0.1,99.0,51.0
2019-10-06 13:00:00+00:00,26.2,87.18983,1008.83936,5.5887027,165.06853,0.1,96.0,51.0
2019-10-06 14:00:00+00:00,25.95,88.48865,1009.5387,3.9763298,174.80566,0.0,88.0,3.0
2019-10-06 15:00:00+00:00,25.05,91.402,1010.2368,4.3349743,175.23645,0.3,95.0,51.0
2019-10-06 16:00:00+00:00,24.7,92.212074,1011.13617,4.3498964,155.55606,0.1,97.0,51.0
2019-10-06 17:00:00+00:00,24.9,91.66889,1011.4363,3.6179552,84.2895,0.0,99.0,3.0
2019-10-06 18:00:00+00:00,24.6,94.74302,1011.3357,4.1046314,52.124958,0.0,96.0,3.0
2019-10-06 19:00:00+00:00,24.9,92.22325,1010.9365,1.1384199,251.56496,0.1,98.0,51.0
2019-10-06 20:00:00+00:00,24.0,95.29431,1010.2353,3.7585104,196.69933,0.1,98.0,51.0
2019-10-06 21:00:00+00:00,24.85,90.56548,1009.43695,0.35999998,360.0,0.0,100.0,3.0
2019-10-06 22:00:00+00:00,23.85,94.71418,1009.2355,2.9024127,60.255207,0.0,100.0,3.0
2019-10-06 23:00:00+00:00,23.4,96.436455,1009.5346,3.096837,54.46224,0.0,89.0,3.0
2019-10-07 00:00:00+00:00,23.65,94.99396,1010.1347,6.989936,34.50859,0.0,79.0,2.0
2019-10-07 01:00:00+00:00,23.8,93.287605,1010.8347,8.587338,33.023872,0.2,49.0,51.0
2019-10-07 02:00:00+00:00,24.6,92.764946,1011.83545,8.049845,26.564985,0.1,61.0,51.0
2019-10-07 03:00:00+00:00,25.75,89.00654,1012.13727,4.1046314,15.255177,0.0,49.0,1.0
2019-10-07 04:00:00+00:00,26.95,85.447464,1012.639,4.3498964,294.44394,0.1,25.0,51.0
2019-10-07 05:00:00+00:00,27.75,80.08022,1012.9398,7.5170207,253.30067,0.1,68.0,51.0
2019-10-07 06:00:00+00:00,25.75,91.9946,1012.23724,11.983188,237.26477,4.7,90.0,63.0
2019-10-07 07:00:00+00:00,27.05,86.2282,1010.93976,12.72283,244.8852,0.2,100.0,51.0
2019-10-07 08:00:00+00:00,26.7,85.93671,1010.0394,10.931203,252.75845,0.1,100.0,51.0
2019-10-07 09:00:00+00:00,25.8,90.90128,1009.23865,9.746631,265.76367,3.3,100.0,63.0
2019-10-07 10:00:00+00:00,25.9,90.90772,1008.63885,7.24486,296.56497,1.1,94.0,55.0
2019-10-07 11:00:00+00:00,26.05,88.49677,1008.83905,6.763786,295.20108,0.1,84.0,51.0
2019-10-07 12:00:00+00:00,26.05,86.65319,1008.939,9.360001,292.6199,1.2,79.0,55.0
2019-10-07 13:00:00+00:00,25.3,89.51014,1009.6378,13.217443,299.35767,0.1,49.0,51.0
2019-10-07 14:00:00+00:00,25.0,91.67481,1010.73663,9.511088,330.5242,0.1,37.0,51.0
2019-10-07 15:00:00+00:00,24.8,93.055336,1011.33606,6.489992,356.82022,0.0,74.0,2.0
2019-10-07 16:00:00+00:00,24.7,92.770164,1012.03577,7.2805495,8.530692,0.0,97.0,3.0
2019-10-07 17:00:00+00:00,24.6,92.485306,1011.83545,6.849467,3.0127327,0.0,100.0,3.0
2019-10-07 18:00:00+00:00,24.45,92.198044,1011.13544,7.2359104,354.2895,0.0,98.0,3.0
2019-10-07 19:00:00+00:00,24.45,92.47719,1010.5357,7.8954163,335.77228,0.0,95.0,3.0
2019-10-07 20:00:00+00:00,24.3,93.59432,1009.5362,8.557102,345.3791,0.0,96.0,3.0
2019-10-07 21:00:00+00:00,24.35,93.03269,1009.2363,8.699793,335.55606,0.0,94.0,3.0
2019-10-07 22:00:00+00:00,24.35,93.31429,1009.13635,7.42159,345.9637,0.0,96.0,3.0
2019-10-07 23:00:00+00:00,24.2,93.87301,1009.336,8.435069,320.1945,0.0,96.0,3.0
2019-10-08 00:00:00+00:00,24.4,92.195244,1009.5362,9.904906,340.9064,0.0,95.0,3.0
2019-10-08 01:00:00+00:00,24.7,92.212074,1010.53644,10.495713,329.03632,0.0,33.0,1.0
2019-10-08 02:00:00+00:00,25.55,90.885086,1011.0374,8.707237,330.25522,0.0,39.0,1.0
2019-10-08 03:00:00+00:00,26.8,83.654724,1011.4392,10.805998,330.01843,0.0,55.0,2.0
2019-10-08 04:00:00+00:00,27.85,80.33413,1011.5407,9.957108,310.60123,0.0,77.0,2.0
2019-10-08 05:00:00+00:00,28.3,80.1528,1011.3414,11.503113,290.13638,0.1,53.0,51.0
2019-10-08 06:00:00+00:00,28.15,82.07296,1010.4416,13.039754,276.3401,0.3,45.0,51.0
2019-10-08 07:00:00+00:00,28.15,79.65438,1009.34204,13.397612,276.17007,0.0,25.0,1.0
2019-10-08 08:00:00+00:00,28.0,79.873405,1008.64233,11.090103,283.13403,0.1,61.0,51.0
2019-10-08 09:00:00+00:00,28.0,81.322014,1007.6428,12.7279215,278.13,0.1,93.0,51.0
2019-10-08 10:00:00+00:00,27.2,79.286224,1007.54156,12.57426,293.6294,0.9,85.0,53.0
2019-10-08 11:00:00+00:00,26.55,87.48282,1007.9404,8.891344,291.3707,0.5,95.0,53.0
2019-10-08 12:00:00+00:00,27.2,81.958115,1008.14124,10.464797,310.81497,1.3,92.0,61.0
2019-10-08 13:00:00+00:00,26.35,86.16144,1008.7398,9.290511,324.46225,0.0,68.0,2.0
2019-10-08 14:00:00+00:00,26.05,87.966545,1009.73865,8.287822,325.6196,0.0,67.0,2.0
2019-10-08 15:00:00+00:00,25.65,90.61904,1010.73755,8.78872,325.0079,0.0,56.0,2.0
2019-10-08 16:00:00+00:00,25.55,91.70755,1011.3373,8.587338,326.97614,0.0,58.0,2.0
2019-10-08 17:00:00+00:00,25.3,93.360054,1011.5369,8.854829,333.43503,0.0,79.0,2.0
2019-10-08 18:00:00+00:00,25.25,93.35765,1011.0368,8.089993,339.14545,0.0,85.0,3.0
2019-10-08 19:00:00+00:00,25.1,93.35045,1010.0373,8.373386,334.53668,0.0,89.0,3.0
2019-10-08 20:00:00+00:00,24.9,93.622086,1009.2373,8.557102,337.75092,0.0,97.0,3.0
2019-10-08 21:00:00+00:00,24.7,93.33119,1008.7373,9.114471,350.9098,0.0,96.0,3.0
2019-10-08 22:00:00+00:00,24.55,92.76234,1008.537,8.759178,350.53775,0.0,97.0,3.0
2019-10-08 23:00:00+00:00,24.55,92.48265,1008.9368,7.172949,342.47433,0.0,98.0,3.0
2019-10-09 00:00:00+00:00,24.8,92.217674,1008.9372,9.449572,319.63553,0.0,95.0,3.0
2019-10-09 01:00:00+00:00,24.95,92.783165,1009.5372,7.7879906,326.3099,0.1,91.0,51.0
2019-10-09 02:00:00+00:00,25.9,90.09366,1010.538,8.287822,304.3804,0.0,20.0,1.0
2019-10-09 03:00:00+00:00,27.05,85.45747,1011.13965,8.669949,311.63345,0.0,21.0,1.0
2019-10-09 04:00:00+00:00,27.7,85.013855,1011.54047,8.373386,295.46332,0.2,66.0,51.0
2019-10-09 05:00:00+00:00,28.2,82.078964,1011.44135,10.182337,278.13,0.1,90.0,51.0
2019-10-09 06:00:00+00:00,27.7,85.2677,1010.5409,10.105681,274.08554,0.0,91.0,3.0
2019-10-09 07:00:00+00:00,27.2,86.75914,1009.44073,10.805999,271.90912,0.1,92.0,51.0
2019-10-09 08:00:00+00:00,27.65,85.51727,1008.6417,11.885453,271.73566,0.2,97.0,51.0
2019-10-09 09:00:00+00:00,27.1,85.718636,1007.64124,11.043261,289.0257,0.1,100.0,51.0
2019-10-09 10:00:00+00:00,27.1,83.68806,1007.3414,10.966713,293.1986,0.2,97.0,51.0
2019-10-09 11:00:00+00:00,27.1,83.437195,1007.3414,9.0,286.26028,0.1,92.0,51.0
2019-10-09 12:00:00+00:00,27.15,83.19273,1006.94183,11.753877,297.3498,0.2,86.0,51.0
2019-10-09 13:00:00+00:00,26.65,83.890236,1007.7405,7.386582,316.9749,0.0,67.0,2.0
2019-10-09 14:00:00+00:00,26.15,87.974976,1008.73944,6.924738,351.02744,0.0,74.0,2.0
2019-10-09 15:00:00+00:00,25.8,90.90128,1009.8383,6.162207,6.70975,0.0,84.0,3.0
2019-10-09 16:00:00+00:00,25.5,91.98026,1010.53766,5.4119864,3.8140097,0.0,86.0,3.0
2019-10-09 17:00:00+00:00,25.25,92.79875,1010.737,6.379216,343.61038,0.0,28.0,1.0
2019-10-09 18:00:00+00:00,25.0,93.908485,1010.5367,6.489992,326.3099,0.0,42.0,1.0
2019-10-09 19:00:00+00:00,25.15,93.91512,1009.83734,7.6367526,315.0001,0.1,46.0,51.0
2019-10-09 20:00:00+00:00,25.05,94.19312,1008.93744,8.714677,321.70978,0.0,60.0,2.0
2019-10-09 21:00:00+00:00,24.75,94.46421,1009.0371,10.182337,315.0001,0.0,75.0,2.0
2019-10-09 22:00:00+00:00,24.5,93.88636,1009.43665,5.771239,266.42374,0.3,92.0,51.0
2019-10-09 23:00:00+00:00,24.25,95.59071,1009.336,7.208994,267.13766,1.1,98.0,55.0
2019-10-10 00:00:00+00:00,24.05,93.582695,1008.636,6.763786,334.79892,0.0,99.0,3.0
2019-10-10 01:00:00+00:00,24.4,93.035255,1009.5362,5.0911684,351.87,0.0,94.0,3.0
2019-10-10 02:00:00+00:00,25.35,91.69563,1010.33746,5.5887027,345.06854,0.0,88.0,3.0
2019-10-10 03:00:00+00:00,26.5,88.79833,1011.3386,3.671294,11.3098955,0.0,48.0,1.0
2019-10-10 04:00:00+00:00,28.0,79.63417,1011.5411,1.1384199,288.43503,0.0,31.0,1.0
2019-10-10 05:00:00+00:00,28.65,76.67939,1011.542,7.928177,230.52757,0.3,32.0,51.0
2019-10-10 06:00:00+00:00,28.05,81.08533,1010.94135,10.703569,227.72638,0.3,37.0,51.0
2019-10-10 07:00:00+00:00,27.9,82.78196,1010.1413,8.161764,221.42357,0.1,49.0,51.0
2019-10-10 08:00:00+00:00,27.85,83.52126,1009.1418,11.212135,227.60262,0.1,100.0,51.0
2019-10-10 09:00:00+00:00,27.0,84.43388,1008.241,5.904439,217.56866,0.3,91.0,51.0
2019-10-10 10:00:00+00:00,27.05,84.43923,1007.94116,5.692099,235.30478,0.2,95.0,51.0
2019-10-10 11:00:00+00:00,26.6,88.0127,1008.2403,6.6185193,247.61981,0.1,100.0,51.0
2019-10-10 12:00:00+00:00,26.6,88.54097,1008.04034,2.3051248,218.65984,0.2,85.0,51.0
2019-10-10 13:00:00+00:00,26.15,94.52017,1008.53955,0.71999997,90.0,0.2,92.0,51.0
2019-10-10 14:00:00+00:00,25.65,96.782845,1009.3382,2.8799999,90.0,0.1,76.0,51.0
2019-10-10 15:00:00+00:00,25.0,97.639854,1010.3368,3.319036,102.5288,0.0,64.0,2.0
2019-10-10 16:00:00+00:00,24.95,97.05639,1010.9365,2.5959969,123.690094,0.0,40.0,1.0
2019-10-10 17:00:00+00:00,25.55,94.77922,1010.9375,0.71999997,90.0,0.0,14.0,0.0
2019-10-10 18:00:00+00:00,24.35,97.04334,1010.73566,2.9024127,29.744795,0.0,7.0,0.0
2019-10-10 19:00:00+00:00,24.1,97.33059,1010.1356,3.4152596,18.435053,0.0,23.0,1.0
2019-10-10 20:00:00+00:00,24.45,95.597176,1009.5362,3.319036,49.398785,0.0,44.0,1.0
2019-10-10 21:00:00+00:00,24.25,94.44403,1008.9362,2.968636,345.9637,0.0,45.0,1.0
2019-10-10 22:00:00+00:00,23.55,96.14885,1008.73535,4.6800003,292.6199,0.0,45.0,1.0
2019-10-10 23:00:00+00:00,23.55,95.2788,1009.0352,5.0911684,278.13,0.2,87.0,51.0
2019-10-11 00:00:00+00:00,24.75,94.74875,1008.7373,3.96,360.0,0.3,79.0,51.0
2019-10-11 01:00:00+00:00,24.8,96.473,1009.43695,5.8048253,7.12493,0.0,77.0,2.0
2019-10-11 02:00:00+00:00,25.5,93.9305,1010.2378,4.198285,30.963696,0.0,78.0,2.0
2019-10-11 03:00:00+00:00,26.85,85.95125,1010.8394,2.2768397,18.435053,0.0,73.0,2.0
2019-10-11 04:00:00+00:00,27.85,86.30393,1011.24084,2.968636,255.96373,0.0,59.0,2.0
2019-10-11 05:00:00+00:00,28.6,85.35809,1011.14215,5.8048253,240.2552,0.1,68.0,51.0
2019-10-11 06:00:00+00:00,28.6,80.19223,1010.3425,11.304229,232.76509,0.1,69.0,51.0
2019-10-11 07:00:00+00:00,26.9,86.472466,1009.54004,5.0142193,201.03758,0.2,98.0,51.0
2019-10-11 08:00:00+00:00,27.45,84.22936,1008.2416,3.396233,212.00534,0.2,77.0,51.0
2019-10-11 09:00:00+00:00,27.05,87.52628,1007.94116,5.6920996,198.43504,0.1,99.0,51.0
2019-10-11 10:00:00+00:00,26.5,89.86674,1007.64026,5.4119864,183.814,0.4,88.0,51.0
2019-10-11 11:00:00+00:00,26.4,90.93997,1008.1401,4.0249224,169.6952,0.5,82.0,53.0
2019-10-11 12:00:00+00:00,24.95,96.18821,1008.5376,4.3498964,114.44395,3.6,97.0,63.0
2019-10-11 13:00:00+00:00,24.75,99.404205,1008.8372,2.5959969,56.309914,3.5,96.0,63.0
2019-10-11 14:00:00+00:00,24.4,99.40267,1009.2363,3.2599385,96.340096,1.1,98.0,55.0
2019-10-11 15:00:00+00:00,24.0,99.400856,1010.2353,2.9024127,29.744795,2.6,97.0,63.0
2019-10-11 16:00:00+00:00,24.5,94.73918,1010.63605,5.315336,61.69934,0.3,97.0,51.0
2019-10-11 17:00:00+00:00,24.25,94.72959,1010.7354,3.7064266,60.94549,0.0,100.0,3.0
2019-10-11 18:00:00+00:00,23.8,95.57615,1010.23505,4.0249224,63.435013,0.0,99.0,3.0
2019-10-11 19:00:00+00:00,23.9,95.003105,1009.5356,3.9763298,84.805664,0.0,28.0,1.0
2019-10-11 20:00:00+00:00,24.0,94.719955,1008.73596,3.8939953,123.6901,0.0,78.0,2.0
2019-10-11 21:00:00+00:00,23.8,99.101166,1008.43585,5.991594,147.26479,0.1,91.0,51.0
2019-10-11 22:00:00+00:00,23.8,99.101166,1008.3359,3.8268526,131.18582,0.3,95.0,51.0
2019-10-11 23:00:00+00:00,24.4,95.02133,1008.4367,6.28713,103.24053,0.0,62.0,2.0
2019-10-12 00:00:00+00:00,23.95,95.58102,1008.2362,3.8268526,131.18582,0.0,83.0,3.0
2019-10-12 01:00:00+00:00,24.55,95.0268,1009.0368,6.6087217,150.64235,0.0,73.0,2.0
2019-10-12 02:00:00+00:00,25.05,90.5789,1010.2368,9.793059,143.97253,0.7,87.0,53.0
2019-10-12 03:00:00+00:00,24.95,91.395836,1011.1364,9.449572,130.36446,1.1,100.0,55.0
2019-10-12 04:00:00+00:00,25.2,92.23998,1011.8364,11.019764,141.63248,1.8,100.0,61.0
2019-10-12 05:00:00+00:00,25.75,91.71935,1011.9374,12.413477,150.46132,0.3,96.0,51.0
2019-10-12 06:00:00+00:00,26.25,83.846146,1010.9385,9.673221,135.0001,0.5,100.0,53.0
2019-10-12 07:00:00+00:00,26.55,85.66445,1009.9395,8.4963045,143.61555,0.4,100.0,51.0
2019-10-12 08:00:00+00:00,26.35,87.203186,1008.8397,10.239453,169.8754,0.4,100.0,51.0
2019-10-12 09:00:00+00:00,25.95,90.63896,1008.13934,7.2805495,171.46931,0.3,99.0,51.0
2019-10-12 10:00:00+00:00,26.0,89.02586,1007.73956,9.3876505,184.39862,0.2,98.0,51.0
2019-10-12 11:00:00+00:00,26.0,88.22716,1008.13934,10.086427,177.95464,0.0,99.0,3.0
2019-10-12 12:00:00+00:00,26.45,91.21492,1007.7403,6.0347,162.64589,0.3,97.0,51.0
2019-10-12 13:00:00+00:00,26.05,90.104164,1008.4392,5.8603754,169.3804,0.0,62.0,2.0
2019-10-12 14:00:00+00:00,25.95,88.22304,1009.3388,5.0911684,171.86998,0.0,25.0,1.0
2019-10-12 15:00:00+00:00,24.8,91.9399,1010.33655,5.2416787,164.05453,0.0,80.0,3.0
2019-10-12 16:00:00+00:00,24.8,92.496155,1011.13617,4.8965297,143.97253,0.0,93.0,3.0
2019-10-12 17:00:00+00:00,24.4,94.45015,1011.13544,5.495161,121.60746,0.0,91.0,3.0
2019-10-12 18:00:00+00:00,24.3,94.1614,1010.6357,4.68,90.0,0.0,88.0,3.0
2019-10-12 19:00:00+00:00,24.65,91.65394,1010.0363,4.6938252,85.60138,0.0,96.0,3.0
2019-10-12 20:00:00+00:00,24.65,89.46172,1009.43665,5.815978,111.801476,0.2,98.0,51.0
2019-10-12 21:00:00+00:00,24.75,89.7405,1008.8372,7.42159,165.96373,0.1,100.0,51.0
2019-10-12 22:00:00+00:00,24.7,90.00899,1008.9372,6.87779,186.00891,0.3,98.0,51.0
2019-10-12 23:00:00+00:00,24.2,93.30701,1009.63586,7.69592,169.21574,1.2,100.0,55.0
2019-10-13 00:00:00+00:00,24.4,90.810005,1009.5362,4.1046314,105.25517,0.9,88.0,53.0
2019-10-13 01:00:00+00:00,24.95,89.48409,1009.6371,6.519877,96.340096,0.0,97.0,3.0
2019-10-13 02:00:00+00:00,25.8,90.62901,1010.3381,5.904439,127.568665,0.0,97.0,3.0
2019-10-13 03:00:00+00:00,26.35,89.05284,1011.73846,9.779817,186.3401,0.1,92.0,51.0
2019-10-13 04:00:00+00:00,26.15,90.652275,1012.43774,6.87779,173.99109,0.3,91.0,51.0
2019-10-13 05:00:00+00:00,26.95,83.42032,1011.93933,7.4128532,150.9455,0.2,78.0,51.0
2019-10-13 06:00:00+00:00,27.5,83.232544,1011.14026,11.440978,192.72435,0.2,61.0,51.0
2019-10-13 07:00:00+00:00,27.3,83.71022,1010.44025,14.458382,198.88618,0.1,78.0,51.0
2019-10-13 08:00:00+00:00,26.55,86.439674,1009.3398,17.068707,207.64589,2.5,95.0,63.0
2019-10-13 09:00:00+00:00,27.15,81.70588,1008.2412,10.144082,207.47435,0.1,100.0,51.0
2019-10-13 10:00:00+00:00,26.55,84.89531,1008.3402,10.00256,210.25635,0.3,61.0,51.0
2019-10-13 11:00:00+00:00,26.5,86.43493,1008.5399,9.931042,226.46873,0.2,86.0,51.0
2019-10-13 12:00:00+00:00,26.25,90.9303,1008.2397,4.5536795,251.56496,0.1,98.0,51.0
2019-10-13 13:00:00+00:00,25.4,92.52847,1009.23804,4.6938252,274.39862,0.1,38.0,51.0
2019-10-13 14:00:00+00:00,26.5,85.40235,1010.13916,2.968636,255.96373,0.1,38.0,51.0
2019-10-13 15:00:00+00:00,25.95,84.832924,1011.3379,2.5959969,213.6901,1.3,57.0,61.0
2019-10-13 16:00:00+00:00,25.75,85.84411,1011.7375,0.71999997,360.0,0.2,68.0,51.0
2019-10-13 17:00:00+00:00,23.9,98.50699,1012.0344,3.671294,11.3098955,1.0,90.0,55.0
2019-10-13 18:00:00+00:00,23.8,98.80315,1011.63434,5.1544156,12.094739,0.1,98.0,51.0
2019-10-13 19:00:00+00:00,24.15,94.72575,1011.0353,8.891344,21.370695,0.0,89.0,3.0
2019-10-13 20:00:00+00:00,24.15,94.15502,1010.53546,8.049845,10.304792,0.0,85.0,3.0
2019-10-13 21:00:00+00:00,23.9,93.85968,1009.6355,11.570515,5.3557334,0.0,93.0,3.0
2019-10-13 22:00:00+00:00,23.7,93.85069,1008.93567,8.4042845,350.13425,0.0,95.0,3.0
2019-10-13 23:00:00+00:00,23.65,92.997345,1009.2351,4.452954,14.036275,0.0,100.0,3.0
2019-10-14 00:00:00+00:00,23.8,93.287605,1009.33545,7.5942073,5.4402504,0.0,100.0,3.0
2019-10-14 01:00:00+00:00,24.0,93.01503,1009.73553,6.4799995,360.0,0.0,97.0,3.0
2019-10-14 02:00:00+00:00,24.75,93.615135,1010.4365,1.835647,78.6901,0.0,89.0,3.0
2019-10-14 03:00:00+00:00,26.7,87.758125,1011.2389,4.6800003,157.3801,0.0,99.0,3.0
2019-10-14 04:00:00+00:00,27.7,80.79823,1011.3405,6.849467,176.98727,0.0,57.0,2.0
2019-10-14 05:00:00+00:00,28.75,76.46487,1011.4421,7.6367526,188.13002,0.0,65.0,2.0
2019-10-14 06:00:00+00:00,29.2,73.38877,1010.4431,8.891344,201.37068,0.1,74.0,51.0
2019-10-14 07:00:00+00:00,28.65,76.22049,1009.5429,12.24,208.07239,0.3,75.0,51.0
2019-10-14 08:00:00+00:00,28.55,77.58982,1008.543,10.587918,215.3113,0.1,81.0,51.0
2019-10-14 09:00:00+00:00,28.45,79.9333,1007.54346,11.792404,211.26367,0.1,90.0,51.0
2019-10-14 10:00:00+00:00,27.9,81.79778,1007.5425,8.707237,209.7448,0.1,94.0,51.0
2019-10-14 11:00:00+00:00,27.3,83.71022,1007.74146,7.8625183,195.94547,0.5,92.0,53.0
2019-10-14 12:00:00+00:00,26.4,90.66884,1007.64026,9.47012,171.25392,1.3,94.0,61.0
2019-10-14 13:00:00+00:00,25.5,94.49428,1008.5386,7.9932976,187.76508,0.1,90.0,51.0
2019-10-14 14:00:00+00:00,25.0,93.908485,1009.4372,5.3999996,180.0,2.4,100.0,61.0
2019-10-14 15:00:00+00:00,24.4,99.1052,1010.13586,2.5455842,188.13002,1.8,94.0,61.0
2019-10-14 16:00:00+00:00,24.2,98.21469,1010.8353,1.8,270.0,0.1,95.0,51.0
2019-10-14 17:00:00+00:00,23.75,99.100815,1010.93475,4.1046314,322.12494,0.1,98.0,51.0
2019-10-14 18:00:00+00:00,23.6,99.399086,1010.9344,3.319036,12.528798,0.0,98.0,3.0
2019-10-14 19:00:00+00:00,23.25,99.39749,1010.434,4.6938252,355.60138,0.0,100.0,3.0
2019-10-14 20:00:00+00:00,23.25,99.097466,1009.43445,3.6,36.86999,0.0,100.0,3.0
2019-10-14 21:00:00+00:00,23.15,99.397064,1008.43494,3.396233,57.99466,0.0,98.0,3.0
2019-10-14 22:00:00+00:00,23.1,99.396835,1007.43536,3.9763298,5.19435,0.0,97.0,3.0
2019-10-14 23:00:00+00:00,22.7,99.39503,1008.3342,5.6002855,315.0001,0.0,94.0,3.0
2019-10-15 00:00:00+00:00,23.9,95.868706,1009.2357,7.289444,20.224945,0.2,98.0,51.0
2019-10-15 01:00:00+00:00,23.75,96.15449,1008.93567,7.928177,39.47243,0.0,92.0,3.0
2019-10-15 02:00:00+00:00,24.3,94.1614,1010.13586,4.829907,333.43503,0.0,86.0,3.0
2019-10-15 03:00:00+00:00,25.9,88.21892,1011.1377,9.504272,307.30402,0.0,98.0,3.0
2019-10-15 04:00:00+00:00,26.9,83.66585,1011.23926,9.585739,325.71307,0.1,95.0,51.0
2019-10-15 05:00:00+00:00,27.3,83.45971,1011.04,6.489992,356.82022,0.2,94.0,51.0
2019-10-15 06:00:00+00:00,28.35,82.34203,1010.2419,1.609969,116.56499,0.2,88.0,51.0
2019-10-15 07:00:00+00:00,28.45,83.83685,1009.34265,4.8433046,221.98714,0.3,89.0,51.0
2019-10-15 08:00:00+00:00,28.3,81.846504,1008.3427,12.0694,252.64589,1.3,89.0,61.0
2019-10-15 09:00:00+00:00,26.75,91.23364,1008.0407,9.3876505,265.60138,4.4,94.0,63.0
2019-10-15 10:00:00+00:00,26.3,88.51692,1007.83984,11.298495,247.52052,2.7,100.0,63.0
2019-10-15 11:00:00+00:00,25.95,92.006,1008.03937,5.991594,237.26477,1.7,100.0,61.0
2019-10-15 12:00:00+00:00,26.3,89.316124,1007.54,5.4119864,356.186,2.2,100.0,61.0
2019-10-15 13:00:00+00:00,25.8,90.35749,1007.83923,5.00128,329.74365,0.0,97.0,3.0
2019-10-15 14:00:00+00:00,25.8,89.547134,1009.23865,2.7416782,66.801384,0.0,98.0,3.0
2019-10-15 15:00:00+00:00,24.7,93.89521,1010.0367,3.5455887,66.037506,0.0,96.0,3.0
2019-10-15 16:00:00+00:00,24.5,94.73918,1010.0363,3.5455887,23.962492,0.0,100.0,3.0
2019-10-15 17:00:00+00:00,24.1,95.0104,1010.0357,4.3349743,41.63345,0.0,100.0,3.0
2019-10-15 18:00:00+00:00,23.95,94.71801,1009.9354,3.9763298,84.805664,0.0,100.0,3.0
2019-10-15 19:00:00+00:00,23.9,94.71613,1009.2357,2.5455842,135.0001,0.0,98.0,3.0
2019-10-15 20:00:00+00:00,24.4,94.16565,1008.8365,6.5693827,99.46225,0.0,100.0,3.0
2019-10-15 21:00:00+00:00,24.15,94.15502,1008.83624,5.5887027,104.93147,1.2,100.0,55.0
2019-10-15 22:00:00+00:00,23.6,99.09983,1008.53546,5.1919937,146.3099,1.6,99.0,61.0
2019-10-15 23:00:00+00:00,23.55,99.09948,1008.6354,6.0347,162.64589,1.6,100.0,61.0
2019-10-16 00:00:00+00:00,24.4,93.316734,1008.4367,2.968636,104.03627,0.9,100.0,53.0
2019-10-16 01:00:00+00:00,24.95,93.624374,1009.1373,6.5693827,189.46225,0.1,100.0,51.0
2019-10-16 02:00:00+00:00,25.35,91.971634,1010.03766,6.792466,237.99466,0.4,100.0,51.0
2019-10-16 03:00:00+00:00,25.55,90.06907,1010.6376,6.696387,216.25392,1.9,100.0,61.0
2019-10-16 04:00:00+00:00,25.85,88.214806,1010.8379,8.669949,184.76355,0.1,100.0,51.0
2019-10-16 05:00:00+00:00,26.75,85.42745,1010.43964,5.4477882,187.59456,0.0,100.0,3.0
2019-10-16 06:00:00+00:00,27.35,83.21551,1009.1412,5.8048253,240.2552,0.0,100.0,3.0
2019-10-16 07:00:00+00:00,27.15,84.95731,1008.44116,10.24578,198.43504,0.3,100.0,51.0
2019-10-16 08:00:00+00:00,26.4,84.36989,1007.9402,10.144082,207.47435,7.2,99.0,63.0
2019-10-16 09:00:00+00:00,25.9,88.75104,1007.53937,8.707238,187.12492,1.5,100.0,61.0
2019-10-16 10:00:00+00:00,25.0,98.81375,1007.2382,8.647496,177.6141,1.0,100.0,55.0
2019-10-16 11:00:00+00:00,25.0,98.519135,1007.5381,7.42159,165.96373,2.5,100.0,63.0
2019-10-16 12:00:00+00:00,24.8,94.18256,1008.0376,6.9527545,158.74942,2.2,100.0,61.0
2019-10-16 13:00:00+00:00,24.35,99.40244,1008.93646,3.319036,102.5288,2.7,100.0,63.0
2019-10-16 14:00:00+00:00,23.9,99.10186,1009.5356,6.725354,105.52418,3.4,100.0,63.0
2019-10-16 15:00:00+00:00,23.8,99.40001,1010.5349,3.9763298,95.19434,4.4,100.0,63.0
2019-10-16 16:00:00+00:00,23.7,99.100464,1010.5349,5.1544156,77.90526,2.8,100.0,63.0
2019-10-16 17:00:00+00:00,23.45,99.09878,1010.3342,5.1919937,56.309914,2.1,100.0,61.0
2019-10-16 18:00:00+00:00,23.45,99.09878,1009.93445,3.096837,54.46224,0.7,100.0,53.0
2019-10-16 19:00:00+00:00,23.45,98.79999,1009.73456,3.6,53.13002,0.2,100.0,51.0
2019-10-16 20:00:00+00:00,23.8,94.71226,1009.2355,6.989936,34.50859,0.1,100.0,51.0
2019-10-16 21:00:00+00:00,23.2,99.09709,1008.235,3.2599385,83.659904,0.1,99.0,51.0
2019-10-16 22:00:00+00:00,23.35,99.09814,1008.2352,7.386582,133.02507,0.1,83.0,51.0
2019-10-16 23:00:00+00:00,23.6,99.09983,1008.3355,10.296251,126.46933,0.1,98.0,51.0
2019-10-17 00:00:00+00:00,24.45,94.73724,1009.03644,7.7043357,142.59457,0.1,99.0,51.0
2019-10-17 01:00:00+00:00,24.0,99.102486,1009.6355,6.489992,123.6901,1.6,100.0,61.0
2019-10-17 02:00:00+00:00,23.8,99.40001,1010.6348,10.24578,108.43504,1.7,100.0,61.0
2019-10-17 03:00:00+00:00,24.15,99.40154,1011.23517,10.144082,117.47435,1.5,97.0,61.0
2019-10-17 04:00:00+00:00,25.9,90.63567,1011.23773,10.233123,129.28938,0.5,99.0,53.0
2019-10-17 05:00:00+00:00,27.05,87.78795,1010.93976,10.296251,143.53067,0.2,99.0,51.0
2019-10-17 06:00:00+00:00,27.05,85.201935,1009.94025,10.495713,149.03632,0.2,94.0,51.0
2019-10-17 07:00:00+00:00,27.85,80.81743,1009.0418,11.269782,153.43501,0.3,95.0,51.0
2019-10-17 08:00:00+00:00,28.3,80.1528,1008.0429,11.090103,166.86597,0.2,93.0,51.0
2019-10-17 09:00:00+00:00,27.95,79.38876,1007.3426,13.276144,167.4712,0.1,92.0,51.0
2019-10-17 10:00:00+00:00,27.4,81.982376,1006.7423,9.793058,162.89719,0.1,93.0,51.0
2019-10-17 11:00:00+00:00,27.4,81.246864,1007.342,12.0694,162.64589,0.1,88.0,51.0
2019-10-17 12:00:00+00:00,25.6,90.343765,1008.0388,10.308831,167.90526,0.0,91.0,3.0
2019-10-17 13:00:00+00:00,25.2,90.588936,1008.9378,8.766573,160.82089,0.4,98.0,51.0
2019-10-17 14:00:00+00:00,24.95,94.188896,1009.5372,9.178235,131.82008,0.4,100.0,51.0
2019-10-17 15:00:00+00:00,24.8,95.32178,1010.1366,7.729527,117.75845,0.1,100.0,51.0
2019-10-17 16:00:00+00:00,24.75,95.034004,1010.8363,7.729527,117.75845,0.2,99.0,51.0
2019-10-17 17:00:00+00:00,24.75,94.74875,1011.0362,7.7879906,123.6901,0.2,98.0,51.0
2019-10-17 18:00:00+00:00,24.55,95.0268,1010.736,7.7043357,127.40543,0.1,98.0,51.0
2019-10-17 19:00:00+00:00,24.45,95.597176,1009.83606,7.7043357,127.40543,0.0,97.0,3.0
2019-10-17 20:00:00+00:00,24.55,94.74111,1009.1367,7.0911775,156.0375,0.1,95.0,51.0
2019-10-17 21:00:00+00:00,24.45,94.45213,1008.93646,6.5693827,170.53775,0.5,96.0,53.0
2019-10-17 22:00:00+00:00,23.7,99.39953,1008.93567,6.489992,146.3099,1.3,99.0,61.0
2019-10-17 23:00:00+00:00,23.5,99.09916,1008.4355,8.707237,119.74479,0.2,99.0,51.0
2019-10-18 00:00:00+00:00,24.8,94.466255,1008.7373,11.720751,137.4896,0.1,99.0,51.0
2019-10-18 01:00:00+00:00,24.85,94.75259,1009.43695,11.212135,132.39738,0.0,97.0,3.0
2019-10-18 02:00:00+00:00,25.6,89.80209,1010.3377,11.681987,146.3099,0.2,95.0,51.0
2019-10-18 03:00:00+00:00,26.4,89.32366,1011.03876,11.923557,151.11351,0.2,97.0,51.0
2019-10-18 04:00:00+00:00,27.25,85.47745,1011.04,12.096214,143.47105,0.2,97.0,51.0
2019-10-18 05:00:00+00:00,27.9,84.02676,1010.841,11.183201,146.82147,0.1,96.0,51.0
2019-10-18 06:00:00+00:00,28.95,77.41638,1010.0429,11.090103,166.86597,0.2,93.0,51.0
2019-10-18 07:00:00+00:00,29.05,76.05381,1008.94385,14.440443,184.28908,0.7,96.0,53.0
2019-10-18 08:00:00+00:00,27.25,88.59298,1008.5411,12.245294,181.68465,3.7,100.0,63.0
2019-10-18 09:00:00+00:00,26.65,89.60959,1007.7405,13.009903,165.5792,2.5,99.0,63.0
2019-10-18 10:00:00+00:00,26.1,91.19303,1007.3397,12.181625,161.0295,0.3,100.0,51.0
2019-10-18 11:00:00+00:00,25.55,93.93271,1007.73895,11.720751,137.4896,0.7,100.0,53.0
2019-10-18 12:00:00+00:00,25.65,96.207726,1008.13873,1.8,180.0,0.6,99.0,53.0
2019-10-18 13:00:00+00:00,24.6,99.40356,1009.0368,4.452954,194.03627,0.1,98.0,51.0
2019-10-18 14:00:00+00:00,24.55,98.80982,1010.0363,4.1046314,142.12495,0.5,99.0,53.0
2019-10-18 15:00:00+00:00,24.5,99.10584,1010.736,3.7585104,106.699326,0.1,100.0,51.0
2019-10-18 16:00:00+00:00,24.45,99.4029,1011.2354,4.0249224,100.30479,0.3,100.0,51.0
2019-10-18 17:00:00+00:00,24.2,99.10381,1011.4351,3.8268526,228.81418,1.2,99.0,55.0
2019-10-18 18:00:00+00:00,25.0,92.22882,1011.03644,1.484318,345.9637,1.1,99.0,55.0
2019-10-18 19:00:00+00:00,23.95,97.91604,1010.73505,2.16,360.0,0.2,98.0,51.0
2019-10-18 20:00:00+00:00,23.65,99.10017,1009.9348,3.319036,319.39877,0.0,97.0,3.0
2019-10-18 21:00:00+00:00,23.2,99.69822,1009.23456,5.0911684,8.130019,0.0,99.0,3.0
2019-10-18 22:00:00+00:00,22.95,99.396164,1009.2342,4.39436,55.0079,0.0,99.0,3.0
2019-10-18 23:00:00+00:00,23.05,99.39663,1009.13416,3.4152596,71.564964,0.0,99.0,3.0
2019-10-19 00:00:00+00:00,24.05,95.29606,1009.6355,6.130579,356.6336,0.0,99.0,3.0
2019-10-19 01:00:00+00:00,23.85,97.03244,1010.1351,8.78872,34.9921,0.0,99.0,3.0
2019-10-19 02:00:00+00:00,24.45,95.30976,1010.4358,7.7043357,52.594578,0.0,99.0,3.0
2019-10-19 03:00:00+00:00,26.1,90.92065,1011.13794,4.3349743,48.366554,0.0,98.0,3.0
2019-10-19 04:00:00+00:00,27.85,82.52904,1011.24084,0.5091169,135.0001,0.0,94.0,3.0
2019-10-19 05:00:00+00:00,28.8,75.560265,1011.04224,2.968636,194.03627,0.1,91.0,51.0
2019-10-19 06:00:00+00:00,29.2,73.83092,1010.2432,6.9247384,207.89717,0.2,92.0,51.0
2019-10-19 07:00:00+00:00,28.5,78.04905,1009.24274,10.739832,219.55963,1.7,95.0,61.0
2019-10-19 08:00:00+00:00,27.75,84.76585,1008.14197,11.019764,218.36752,0.5,83.0,53.0
2019-10-19 09:00:00+00:00,27.5,84.234764,1007.64185,6.9247384,207.89717,0.1,99.0,51.0
2019-10-19 10:00:00+00:00,27.0,82.67692,1007.64124,7.5685663,177.27374,1.1,97.0,55.0
2019-10-19 11:00:00+00:00,26.15,91.196205,1007.9398,9.531505,169.11452,0.8,99.0,53.0
2019-10-19 12:00:00+00:00,26.3,87.72396,1007.9398,6.725354,195.52417,0.5,100.0,53.0
2019-10-19 13:00:00+00:00,25.45,92.53112,1008.5383,6.1305785,229.76372,0.5,73.0,53.0
2019-10-19 14:00:00+00:00,24.55,99.403366,1009.6365,3.396233,212.00534,3.7,100.0,63.0
2019-10-19 15:00:00+00:00,24.75,99.107506,1010.8363,1.9386592,201.80147,2.9,100.0,63.0
2019-10-19 16:00:00+00:00,24.45,99.4029,1011.43536,2.8116899,309.8055,1.2,100.0,55.0
2019-10-19 17:00:00+00:00,24.25,98.8071,1011.7349,2.3051248,321.34018,2.0,100.0,61.0
2019-10-19 18:00:00+00:00,24.2,99.70048,1010.9353,3.396233,147.99466,0.4,100.0,51.0
2019-10-19 19:00:00+00:00,24.15,99.10353,1009.73584,1.9386592,111.801476,0.1,100.0,51.0
2019-10-19 20:00:00+00:00,23.7,99.100464,1009.33545,4.1046314,285.25516,0.0,100.0,3.0
2019-10-19 21:00:00+00:00,23.4,99.398186,1009.2348,3.6179552,84.2895,0.0,100.0,3.0
2019-10-19 22:00:00+00:00,23.65,96.15169,1008.6354,8.209263,15.255177,0.0,100.0,3.0
2019-10-19 23:00:00+00:00,23.7,94.70836,1008.7357,8.759178,9.462248,0.0,99.0,3.0
2019-10-20 00:00:00+00:00,24.5,95.31149,1009.2367,5.0142193,338.9624,0.0,99.0,3.0
2019-10-20 01:00:00+00:00,24.7,95.605225,1009.23706,6.989936,325.4914,0.0,99.0,3.0
2019-10-20 02:00:00+00:00,25.5,94.77733,1010.43774,6.489992,326.3099,0.0,100.0,3.0
2019-10-20 03:00:00+00:00,26.2,91.745926,1011.2383,7.491114,305.21768,0.3,99.0,51.0
2019-10-20 04:00:00+00:00,26.9,88.30106,1011.23926,8.435069,309.8055,0.5,98.0,53.0
2019-10-20 05:00:00+00:00,27.05,87.52628,1011.2396,9.085988,303.6901,0.5,98.0,53.0
2019-10-20 06:00:00+00:00,26.8,86.722435,1010.53955,12.074766,296.56497,2.4,98.0,61.0
2019-10-20 07:00:00+00:00,26.15,92.56854,1009.53906,8.669949,318.36655,3.3,100.0,63.0
2019-10-20 08:00:00+00:00,26.2,90.92709,1008.63947,9.904906,289.0936,4.1,99.0,63.0
2019-10-20 09:00:00+00:00,25.75,91.44487,1008.1391,11.770403,293.4287,10.0,98.0,65.0
2019-10-20 10:00:00+00:00,26.2,90.65555,1007.7399,7.6367526,315.0001,2.2,100.0,61.0
2019-10-20 11:00:00+00:00,25.5,98.81813,1008.2387,1.9386592,21.801476,3.1,100.0,63.0
2019-10-20 12:00:00+00:00,25.1,95.33196,1008.43805,9.021574,298.61035,6.2,100.0,63.0
2019-10-20 13:00:00+00:00,24.4,98.80849,1008.93646,6.9247384,297.8972,0.7,99.0,53.0
2019-10-20 14:00:00+00:00,24.0,99.102486,1010.03534,6.1094027,315.0001,2.0,100.0,61.0
2019-10-20 15:00:00+00:00,24.0,99.102486,1010.73505,4.198285,300.96368,0.9,100.0,53.0
2019-10-20 16:00:00+00:00,24.2,99.10381,1011.3351,4.452954,284.03625,1.1,100.0,55.0
2019-10-20 17:00:00+00:00,24.05,99.10284,1011.2348,3.96,270.0,1.1,100.0,55.0
2019-10-20 18:00:00+00:00,24.05,99.10284,1010.5351,7.628263,250.70985,2.5,100.0,63.0
2019-10-20 19:00:00+00:00,23.95,98.804474,1009.73553,5.5887027,284.93146,3.0,100.0,63.0
2019-10-20 20:00:00+00:00,23.85,98.50643,1009.0356,6.6185193,292.3802,3.9,100.0,63.0
2019-10-20 21:00:00+00:00,23.75,98.80264,1008.7357,8.287822,304.3804,2.7,100.0,63.0
2019-10-20 22:00:00+00:00,23.75,99.100815,1008.43585,4.5536795,341.56494,2.4,100.0,61.0
2019-10-20 23:00:00+00:00,23.45,99.09878,1008.93494,3.8939953,33.6901,1.9,100.0,61.0
2019-10-21 00:00:00+00:00,23.9,95.57939,1009.6355,8.587338,326.97614,1.5,100.0,61.0
2019-10-21 01:00:00+00:00,23.75,99.100815,1010.5349,7.653705,318.81415,2.6,100.0,63.0
2019-10-21 02:00:00+00:00,23.8,99.101166,1011.5344,6.9527545,338.74942,1.9,100.0,61.0
2019-10-21 03:00:00+00:00,23.9,99.40044,1012.2344,7.386582,313.0251,2.6,100.0,63.0
2019-10-21 04:00:00+00:00,24.05,99.40113,1012.2344,9.531505,349.11453,2.0,100.0,61.0
2019-10-21 05:00:00+00:00,24.6,98.8102,1011.9355,7.6367526,351.87,1.2,100.0,55.0
2019-10-21 06:00:00+00:00,25.15,99.11017,1011.23676,9.686609,318.01288,0.8,100.0,53.0
2019-10-21 07:00:00+00:00,25.05,98.814224,1010.2368,12.096214,306.52896,0.9,100.0,53.0
2019-10-21 08:00:00+00:00,26.05,91.463135,1008.939,13.217443,299.35767,0.9,100.0,53.0
2019-10-21 09:00:00+00:00,26.25,90.38814,1007.9398,13.202726,295.8663,0.7,100.0,53.0
2019-10-21 10:00:00+00:00,26.25,89.58023,1007.6399,14.8257065,299.0545,0.8,99.0,53.0
2019-10-21 11:00:00+00:00,25.8,91.174255,1008.0392,14.529915,318.01285,0.6,100.0,53.0
2019-10-21 12:00:00+00:00,24.85,91.114204,1008.2375,12.7279215,331.26028,0.3,100.0,51.0
2019-10-21 13:00:00+00:00,23.7,98.208046,1009.1355,10.636766,336.0375,0.4,100.0,51.0
2019-10-21 14:00:00+00:00,23.6,98.50366,1009.7349,9.114471,350.9098,0.5,100.0,53.0
2019-10-21 15:00:00+00:00,23.55,98.50309,1010.4346,6.4799995,360.0,0.3,100.0,51.0
2019-10-21 16:00:00+00:00,24.25,93.02765,1010.7354,6.638072,12.528798,0.1,99.0,51.0
2019-10-21 17:00:00+00:00,23.15,99.09681,1010.83374,4.0249224,26.564985,0.1,98.0,51.0
2019-10-21 18:00:00+00:00,23.1,98.796844,1010.434,5.495161,31.607454,0.1,100.0,51.0
2019-10-21 19:00:00+00:00,23.7,92.43638,1009.7353,4.3349743,41.63345,0.0,100.0,3.0
2019-10-21 20:00:00+00:00,23.75,89.66732,1009.2355,3.8268526,48.814175,0.0,100.0,3.0
2019-10-21 21:00:00+00:00,23.65,88.84222,1008.3355,5.1165614,50.710617,0.0,100.0,3.0
2019-10-21 22:00:00+00:00,23.6,86.423294,1008.03564,3.7064266,60.94549,0.0,100.0,3.0
2019-10-21 23:00:00+00:00,23.5,85.358376,1008.2356,5.0911684,44.999897,0.0,100.0,3.0
2019-10-22 00:00:00+00:00,23.35,90.74068,1008.735,11.304229,350.8377,0.0,100.0,3.0
2019-10-22 01:00:00+00:00,23.7,91.04075,1009.63525,10.853866,354.2895,0.1,100.0,51.0
2019-10-22 02:00:00+00:00,24.05,90.787,1010.2353,9.114471,350.9098,0.2,100.0,51.0
2019-10-22 03:00:00+00:00,24.6,90.548645,1010.63605,10.08,360.0,0.1,98.0,51.0
2019-10-22 04:00:00+00:00,25.8,85.590065,1010.7379,11.183201,356.3087,0.1,99.0,51.0
2019-10-22 05:00:00+00:00,26.65,83.386505,1010.4393,10.239453,349.8754,0.0,99.0,3.0
2019-10-22 06:00:00+00:00,28.0,75.89097,1009.6419,12.88981,324.09018,0.0,100.0,3.0
2019-10-22 07:00:00+00:00,28.55,73.50053,1008.44305,14.512064,313.995,0.0,97.0,3.0
2019-10-22 08:00:00+00:00,28.55,73.50053,1007.7434,13.608762,307.47626,0.0,96.0,3.0
2019-10-22 09:00:00+00:00,28.3,75.02778,1007.14325,12.4811535,303.23172,0.1,100.0,51.0
2019-10-22 10:00:00+00:00,27.55,80.77902,1006.9422,10.233123,309.28937,0.1,97.0,51.0
2019-10-22 11:00:00+00:00,27.25,82.95484,1007.2417,8.404285,313.26434,0.1,100.0,51.0
2019-10-22 12:00:00+00:00,27.1,81.20913,1007.5413,10.144082,332.52567,0.3,99.0,51.0
2019-10-22 13:00:00+00:00,26.2,83.08396,1008.03973,9.565437,340.20102,0.0,100.0,3.0
2019-10-22 14:00:00+00:00,25.55,86.08455,1009.13824,8.473393,347.73523,0.0,98.0,3.0
2019-10-22 15:00:00+00:00,25.35,87.1137,1010.23755,6.924738,351.02744,0.0,98.0,3.0
2019-10-22 16:00:00+00:00,25.05,87.881966,1011.1364,6.6087217,330.64233,0.6,92.0,53.0
2019-10-22 17:00:00+00:00,24.6,91.92833,1011.0359,8.913181,316.63654,0.8,98.0,53.0
2019-10-22 18:00:00+00:00,24.65,92.76754,1010.5361,10.464797,319.18503,0.1,98.0,51.0
2019-10-22 19:00:00+00:00,24.5,94.73918,1009.73645,10.514218,321.9529,0.2,100.0,51.0
2019-10-22 20:00:00+00:00,24.4,95.883835,1008.93646,9.387651,327.52884,0.3,100.0,51.0
2019-10-22 21:00:00+00:00,23.95,99.10214,1008.3361,8.766573,340.8209,0.8,98.0,53.0
2019-10-22 22:00:00+00:00,23.85,99.40022,1007.7362,7.9526596,354.80566,0.7,100.0,53.0
2019-10-22 23:00:00+00:00,23.7,99.39953,1007.7362,7.5599995,360.0,0.5,100.0,53.0
2019-10-23 00:00:00+00:00,24.7,91.65691,1008.33746,13.708391,336.8014,0.1,96.0,51.0
2019-10-23 01:00:00+00:00,24.8,91.3866,1009.1371,13.0447235,332.02063,0.1,99.0,51.0
2019-10-23 02:00:00+00:00,25.25,89.77681,1010.33716,11.631956,338.19852,0.7,100.0,53.0
2019-10-23 03:00:00+00:00,24.25,99.401985,1010.8353,9.531505,349.11453,1.6,100.0,61.0
2019-10-23 04:00:00+00:00,24.8,95.32178,1010.2366,12.9249525,347.125,0.4,100.0,51.0
2019-10-23 05:00:00+00:00,27.05,84.186325,1009.94025,10.495713,337.8336,0.0,100.0,3.0
2019-10-23 06:00:00+00:00,28.0,78.447426,1009.442,13.551501,320.38934,0.0,100.0,3.0
2019-10-23 07:00:00+00:00,28.25,76.388565,1008.6426,14.799459,311.05472,0.0,99.0,3.0
2019-10-23 08:00:00+00:00,27.8,77.479836,1007.5425,14.982228,305.21768,0.0,99.0,3.0
2019-10-23 09:00:00+00:00,28.0,76.12029,1006.8432,13.324863,308.4181,0.0,99.0,3.0
2019-10-23 10:00:00+00:00,27.75,78.41198,1006.24286,10.97262,311.009,0.0,100.0,3.0
2019-10-23 11:00:00+00:00,27.35,80.510635,1006.54236,9.422101,316.5481,0.0,100.0,3.0
2019-10-23 12:00:00+00:00,26.3,86.41617,1007.3401,11.792404,282.33908,0.0,100.0,3.0
2019-10-23 13:00:00+00:00,26.0,88.22716,1007.8395,12.496719,281.6336,0.0,100.0,3.0
2019-10-23 14:00:00+00:00,25.95,87.1675,1009.03894,14.512064,277.1249,0.1,99.0,51.0
2019-10-23 15:00:00+00:00,25.55,88.72332,1009.9379,12.783802,279.7275,0.5,100.0,53.0
2019-10-23 16:00:00+00:00,25.3,93.080345,1010.4375,9.9571085,282.5288,2.5,99.0,63.0
2019-10-23 17:00:00+00:00,24.65,98.81069,1010.3362,6.87779,276.0089,0.5,100.0,53.0
2019-10-23 18:00:00+00:00,24.65,99.10686,1009.6365,7.42159,230.90614,1.0,100.0,55.0
2019-10-23 19:00:00+00:00,24.25,98.8071,1009.2361,6.5693827,260.53775,1.0,78.0,55.0
2019-10-23 20:00:00+00:00,24.05,99.40113,1008.73596,3.319036,310.60123,0.6,100.0,53.0
2019-10-23 21:00:00+00:00,24.2,99.10381,1008.43646,2.5455842,278.13,1.6,100.0,61.0
2019-10-23 22:00:00+00:00,24.1,98.80577,1008.13654,3.671294,258.6901,1.3,100.0,61.0
2019-10-23 23:00:00+00:00,23.95,99.10214,1008.636,6.9527545,291.25058,1.1,100.0,55.0
2019-10-24 00:00:00+00:00,24.3,94.1614,1009.83606,5.6920996,288.43503,1.7,100.0,61.0
2019-10-24 01:00:00+00:00,23.95,99.10214,1010.5351,4.8965297,306.02747,0.8,100.0,53.0
2019-10-24 02:00:00+00:00,24.5,99.40308,1011.4357,2.5455842,315.0001,0.5,100.0,53.0
2019-10-24 03:00:00+00:00,24.6,99.701355,1011.9355,1.5273507,44.999897,0.4,100.0,51.0
2019-10-24 04:00:00+00:00,24.8,99.40446,1012.23566,3.6,53.13002,0.5,100.0,53.0
2019-10-24 05:00:00+00:00,25.15,98.81511,1012.33624,2.16,90.0,0.7,100.0,53.0
2019-10-24 06:00:00+00:00,25.75,91.9946,1011.4376,2.0991426,149.03632,0.7,100.0,53.0
2019-10-24 07:00:00+00:00,26.4,89.056725,1010.13916,3.319036,192.5288,0.5,100.0,53.0
2019-10-24 08:00:00+00:00,26.5,87.74103,1009.1396,5.937272,194.03627,0.2,100.0,51.0
2019-10-24 09:00:00+00:00,26.7,84.401924,1008.4402,10.028439,201.03758,0.3,100.0,51.0
2019-10-24 10:00:00+00:00,26.85,84.92637,1008.3406,9.793058,197.10281,0.1,100.0,51.0
2019-10-24 11:00:00+00:00,26.9,85.4425,1008.7404,7.072878,194.7436,0.0,100.0,3.0
2019-10-24 12:00:00+00:00,26.4,90.12864,1008.1401,7.42159,75.96373,0.0,99.0,3.0
2019-10-24 13:00:00+00:00,25.85,90.63234,1009.33856,3.7064266,209.0545,0.0,100.0,3.0
2019-10-24 14:00:00+00:00,25.95,87.6939,1010.2384,4.3349743,221.63345,0.0,100.0,3.0
2019-10-24 15:00:00+00:00,25.35,88.9755,1010.93726,5.1165614,230.71062,0.0,100.0,3.0
2019-10-24 16:00:00+00:00,25.15,88.69152,1011.5366,4.510787,298.61035,0.0,100.0,3.0
2019-10-24 17:00:00+00:00,24.9,88.94048,1011.73615,3.6,323.13,0.0,99.0,3.0
2019-10-24 18:00:00+00:00,24.8,90.836235,1011.43604,5.0142193,338.9624,0.0,98.0,3.0
2019-10-24 19:00:00+00:00,24.5,91.92252,1010.63605,7.5599995,360.0,0.0,99.0,3.0
2019-10-24 20:00:00+00:00,24.2,89.97338,1009.8358,7.754637,21.801476,0.0,100.0,3.0
2019-10-24 21:00:00+00:00,24.0,91.06001,1009.0358,9.693296,21.801476,0.0,96.0,3.0
2019-10-24 22:00:00+00:00,23.95,92.45001,1008.73596,11.090103,13.134034,0.0,96.0,3.0
2019-10-24 23:00:00+00:00,23.9,93.01001,1008.73596,10.495713,5.9060555,0.1,84.0,51.0
2019-10-25 00:00:00+00:00,23.85,90.49792,1008.83563,8.654986,16.927603,0.1,100.0,51.0
2019-10-25 01:00:00+00:00,24.05,88.60338,1009.13574,8.4042845,9.865748,0.0,100.0,3.0
2019-10-25 02:00:00+00:00,24.35,87.02329,1009.93604,7.754637,21.801476,0.0,100.0,3.0
2019-10-25 03:00:00+00:00,25.3,88.436005,1010.93726,3.2599385,353.6599,0.0,99.0,3.0
2019-10-25 04:00:00+00:00,27.1,82.937515,1011.2396,3.2599385,353.6599,0.0,95.0,3.0
2019-10-25 05:00:00+00:00,28.05,79.8801,1011.5411,2.8799999,270.0,0.0,93.0,3.0
2019-10-25 06:00:00+00:00,27.7,81.28449,1011.04065,8.714677,231.7098,0.1,90.0,51.0
2019-10-25 07:00:00+00:00,27.65,82.50547,1010.241,6.989936,235.49141,0.2,99.0,51.0
2019-10-25 08:00:00+00:00,26.3,85.897865,1009.43915,9.885262,236.88864,0.5,92.0,53.0
2019-10-25 09:00:00+00:00,26.85,87.24759,1008.7404,7.9932966,234.16226,0.0,91.0,3.0
2019-10-25 10:00:00+00:00,25.75,90.62569,1008.439,9.290511,234.46223,0.3,86.0,51.0
2019-10-25 11:00:00+00:00,25.7,86.35951,1009.1386,11.200571,224.9999,0.3,88.0,51.0
2019-10-25 12:00:00+00:00,26.3,86.41617,1008.83936,9.885262,190.49142,0.7,97.0,53.0
2019-10-25 13:00:00+00:00,25.55,89.2595,1009.5381,9.6932955,195.06854,0.0,89.0,3.0
2019-10-25 14:00:00+00:00,25.4,89.78768,1010.33746,10.538843,187.85323,0.3,94.0,51.0
2019-10-25 15:00:00+00:00,25.4,90.05851,1011.33704,8.557102,194.62091,0.3,100.0,51.0
2019-10-25 16:00:00+00:00,25.1,91.68076,1012.0364,7.10031,210.46547,0.5,89.0,53.0
2019-10-25 17:00:00+00:00,25.25,92.79875,1011.8364,7.8954163,204.22774,0.2,90.0,51.0
2019-10-25 18:00:00+00:00,25.05,92.788376,1011.63617,8.669949,221.63345,0.4,100.0,51.0
2019-10-25 19:00:00+00:00,23.75,98.80264,1010.8347,9.659814,243.43501,1.0,93.0,55.0
2019-10-25 20:00:00+00:00,23.9,98.210754,1009.83545,3.6,270.0,0.3,97.0,51.0
2019-10-25 21:00:00+00:00,23.55,99.09948,1009.13513,4.802999,12.99463,0.1,94.0,51.0
2019-10-25 22:00:00+00:00,23.3,99.0978,1009.2348,3.219938,296.56497,0.7,100.0,53.0
2019-10-25 23:00:00+00:00,23.7,99.100464,1009.7353,6.12,270.0,1.5,100.0,61.0
2019-10-26 00:00:00+00:00,24.25,94.44403,1009.2361,3.2599385,276.3401,0.6,74.0,53.0
2019-10-26 01:00:00+00:00,24.6,93.60821,1009.8364,2.5455842,351.87,0.1,89.0,51.0
2019-10-26 02:00:00+00:00,25.1,94.19522,1011.0368,4.3349743,48.366554,0.1,93.0,51.0
2019-10-26 03:00:00+00:00,25.4,93.926125,1012.03674,5.0142193,21.037588,0.0,100.0,3.0
2019-10-26 04:00:00+00:00,25.8,91.174255,1012.5371,6.151683,20.556128,0.1,100.0,51.0
2019-10-26 05:00:00+00:00,26.0,90.37112,1012.53735,6.725354,15.524177,0.0,98.0,3.0
2019-10-26 06:00:00+00:00,26.95,84.1755,1011.6394,6.130579,3.3664,0.0,100.0,3.0
2019-10-26 07:00:00+00:00,27.25,81.71815,1010.44025,4.829907,333.43503,0.0,100.0,3.0
2019-10-26 08:00:00+00:00,27.6,78.8646,1009.6413,5.154415,294.77512,0.1,100.0,51.0
2019-10-26 09:00:00+00:00,27.3,80.99029,1008.64105,5.0911684,278.13,0.1,100.0,51.0
2019-10-26 10:00:00+00:00,26.9,82.91441,1008.3406,4.73506,278.74606,0.2,100.0,51.0
2019-10-26 11:00:00+00:00,26.7,85.166306,1008.74005,3.8939953,303.6901,0.0,99.0,3.0
2019-10-26 12:00:00+00:00,27.2,87.27854,1008.64105,5.7599998,270.0,0.1,99.0,51.0
2019-10-26 13:00:00+00:00,26.7,86.19488,1009.0399,7.9036193,300.06848,0.0,96.0,3.0
2019-10-26 14:00:00+00:00,26.3,88.51692,1009.8389,8.714677,321.70978,0.0,97.0,3.0
2019-10-26 15:00:00+00:00,25.65,91.98888,1010.6376,8.534353,332.3541,0.0,100.0,3.0
2019-10-26 16:00:00+00:00,25.65,91.16482,1011.1373,9.693296,328.67136,0.0,100.0,3.0
2019-10-26 17:00:00+00:00,25.35,91.420395,1011.33704,9.83268,336.2505,0.1,98.0,51.0
2019-10-26 18:00:00+00:00,24.85,92.49883,1011.13617,8.557102,337.75092,0.2,100.0,51.0
2019-10-26 19:00:00+00:00,24.6,91.098305,1010.63605,6.763786,334.79892,0.1,94.0,51.0
2019-10-26 20:00:00+00:00,24.4,90.810005,1009.93604,8.049845,333.43503,0.1,100.0,51.0
2019-10-26 21:00:00+00:00,24.2,91.349495,1009.336,7.072878,345.25638,0.1,100.0,51.0
2019-10-26 22:00:00+00:00,24.1,92.73878,1009.1361,7.9526596,354.80566,0.2,100.0,51.0
2019-10-26 23:00:00+00:00,24.15,93.30463,1009.1361,7.342588,348.6901,0.2,100.0,51.0
2019-10-27 00:00:00+00:00,24.2,87.809326,1008.9362,9.83268,336.2505,0.1,100.0,51.0
2019-10-27 01:00:00+00:00,24.5,87.03694,1009.6365,8.4963045,323.61554,0.0,100.0,3.0
2019-10-27 02:00:00+00:00,25.15,87.35993,1010.43713,9.028754,336.5014,0.0,100.0,3.0
2019-10-27 03:00:00+00:00,25.7,86.35951,1011.23773,7.729527,332.24155,0.0,100.0,3.0
2019-10-27 04:00:00+00:00,26.9,80.695335,1011.33923,7.628263,340.70987,0.0,100.0,3.0
2019-10-27 05:00:00+00:00,27.05,80.71471,1011.03973,8.4042845,350.13425,0.0,100.0,3.0
2019-10-27 06:00:00+00:00,27.95,78.2048,1010.4412,9.6932955,344.93146,0.0,100.0,3.0
2019-10-27 07:00:00+00:00,28.2,77.53856,1009.44226,9.6932955,344.93146,0.0,100.0,3.0
2019-10-27 08:00:00+00:00,28.05,79.16451,1008.5424,9.693296,328.67136,0.0,100.0,3.0
2019-10-27 09:00:00+00:00,28.0,80.594864,1007.6428,7.9932966,324.16226,0.0,100.0,3.0
2019-10-27 10:00:00+00:00,28.1,79.88673,1007.54285,8.435069,309.8055,0.0,100.0,3.0
2019-10-27 11:00:00+00:00,27.85,80.33413,1007.9423,12.4811535,303.23172,0.0,100.0,3.0
2019-10-27 12:00:00+00:00,27.65,81.52241,1007.8421,10.086427,325.17545,0.0,100.0,3.0
2019-10-27 13:00:00+00:00,26.95,84.42859,1008.4409,9.387651,327.52884,0.0,100.0,3.0
2019-10-27 14:00:00+00:00,26.65,86.44905,1009.3398,9.826088,331.55716,0.0,100.0,3.0
2019-10-27 15:00:00+00:00,26.4,86.6856,1010.0392,9.511088,330.5242,0.0,100.0,3.0
2019-10-27 16:00:00+00:00,26.1,85.61986,1010.6382,10.829958,338.5522,0.0,94.0,3.0
2019-10-27 17:00:00+00:00,25.75,85.585045,1010.538,11.165805,339.22766,0.0,98.0,3.0
2019-10-27 18:00:00+00:00,25.2,87.89468,1010.33716,11.183201,356.3087,0.0,99.0,3.0
2019-10-27 19:00:00+00:00,24.85,89.747765,1009.7368,10.823973,3.8140097,0.0,98.0,3.0
2019-10-27 20:00:00+00:00,24.55,91.37118,1008.537,10.464798,356.0549,0.0,86.0,3.0
2019-10-27 21:00:00+00:00,24.6,91.098305,1008.13715,10.853866,5.7105074,0.0,100.0,3.0
2019-10-27 22:00:00+00:00,24.55,90.81987,1008.3371,10.239453,10.124612,0.0,100.0,3.0
2019-10-27 23:00:00+00:00,24.45,89.991196,1008.33673,10.24578,18.435053,0.0,99.0,3.0
2019-10-28 00:00:00+00:00,24.0,90.50809,1009.2357,5.1165614,39.289394,0.0,100.0,3.0
2019-10-28 01:00:00+00:00,23.6,98.50366,1009.3351,3.2599385,353.6599,1.0,100.0,55.0
2019-10-28 02:00:00+00:00,24.25,92.466354,1009.63586,3.0758414,339.44388,0.2,100.0,51.0
2019-10-28 03:00:00+00:00,24.7,94.462234,1010.63635,1.9386592,338.19852,0.1,100.0,51.0
2019-10-28 04:00:00+00:00,25.45,93.0878,1010.5374,2.4149535,116.56499,0.0,100.0,3.0
2019-10-28 05:00:00+00:00,27.3,84.21325,1010.3403,4.39436,145.0079,0.0,99.0,3.0
2019-10-28 06:00:00+00:00,27.0,84.94185,1009.8403,6.8777895,132.87889,0.0,100.0,3.0
2019-10-28 07:00:00+00:00,26.7,85.166306,1008.6401,6.4096174,141.84273,0.1,100.0,51.0
2019-10-28 08:00:00+00:00,26.1,88.500755,1007.73956,5.8048253,172.87508,0.1,100.0,51.0
2019-10-28 09:00:00+00:00,25.9,90.63567,1007.0396,4.379589,189.46225,1.0,100.0,55.0
2019-10-28 10:00:00+00:00,25.2,99.11046,1006.5389,1.8,216.86998,1.3,100.0,61.0
2019-10-28 11:00:00+00:00,25.85,93.10766,1007.0396,2.3051248,218.65984,0.2,100.0,51.0
2019-10-28 12:00:00+00:00,26.1,92.56586,1007.3397,3.671294,258.6901,0.9,100.0,53.0
2019-10-28 13:00:00+00:00,25.75,89.54341,1007.3395,8.557102,292.24908,0.3,100.0,51.0
2019-10-28 14:00:00+00:00,25.8,91.44792,1007.7393,10.464797,296.56497,0.4,100.0,51.0
2019-10-28 15:00:00+00:00,25.85,89.55082,1008.339,7.9932966,324.16226,0.0,100.0,3.0
2019-10-28 16:00:00+00:00,25.45,87.386406,1008.9382,5.0911684,351.87,0.0,100.0,3.0
2019-10-28 17:00:00+00:00,24.3,92.74926,1009.93604,4.8965297,53.972538,0.6,100.0,53.0
2019-10-28 18:00:00+00:00,23.75,98.80264,1009.33545,4.32,360.0,0.8,100.0,53.0
2019-10-28 19:00:00+00:00,23.65,99.10017,1008.6354,3.671294,11.3098955,0.5,100.0,53.0
2019-10-28 20:00:00+00:00,23.55,98.80093,1008.03564,6.0347,17.354122,1.0,100.0,55.0
2019-10-28 21:00:00+00:00,23.35,98.79908,1007.4356,7.342588,11.3098955,1.4,100.0,61.0
2019-10-28 22:00:00+00:00,23.3,98.798676,1007.5355,9.605998,12.99463,0.8,100.0,53.0
2019-10-28 23:00:00+00:00,23.35,98.500854,1007.2357,11.525623,358.21014,1.7,100.0,61.0
2019-10-29 00:00:00+00:00,24.25,95.01585,1007.73676,4.072935,44.999897,2.9,100.0,63.0
2019-10-29 01:00:00+00:00,24.1,99.40133,1008.3365,3.7064266,119.05451,0.3,100.0,51.0
2019-10-29 02:00:00+00:00,24.55,99.403366,1009.0368,6.3690495,132.70937,0.4,98.0,51.0
2019-10-29 03:00:00+00:00,25.35,95.05569,1009.7378,2.52,180.0,0.3,96.0,51.0
2019-10-29 04:00:00+00:00,25.7,94.50228,1009.7384,4.5536795,288.43503,0.6,96.0,53.0
2019-10-29 05:00:00+00:00,27.05,83.682495,1009.4405,5.991594,302.7352,0.0,93.0,3.0
2019-10-29 06:00:00+00:00,27.5,84.486946,1008.54144,3.8268526,311.18582,0.3,83.0,51.0
2019-10-29 07:00:00+00:00,28.4,81.61497,1007.44354,2.7416782,293.1986,0.3,93.0,51.0
2019-10-29 08:00:00+00:00,27.5,88.876495,1007.0421,1.484318,165.96373,0.8,97.0,53.0
2019-10-29 09:00:00+00:00,26.75,89.34988,1006.5414,7.2805495,171.46931,7.1,100.0,63.0
2019-10-29 10:00:00+00:00,25.9,95.0754,1006.3399,3.2399998,180.0,3.4,99.0,63.0
2019-10-29 11:00:00+00:00,25.85,94.79058,1006.43994,2.9024127,262.8751,3.4,99.0,63.0
2019-10-29 12:00:00+00:00,25.85,93.66571,1006.0401,5.0911684,171.86998,0.2,99.0,51.0
2019-10-29 13:00:00+00:00,25.5,92.53382,1006.83936,9.449572,197.74477,0.0,100.0,3.0
2019-10-29 14:00:00+00:00,24.7,94.462234,1007.9377,3.9763298,185.19434,0.1,100.0,51.0
2019-10-29 15:00:00+00:00,25.5,91.15535,1008.5386,8.4963045,216.38445,0.1,100.0,51.0
2019-10-29 16:00:00+00:00,25.25,92.520386,1009.2377,6.489992,199.44012,0.6,100.0,53.0
2019-10-29 17:00:00+00:00,24.3,99.402245,1009.4363,3.2599385,173.6599,0.5,100.0,53.0
2019-10-29 18:00:00+00:00,24.2,99.40178,1009.0362,3.8939953,33.6901,0.3,100.0,51.0
2019-10-29 19:00:00+00:00,23.9,99.40044,1008.2362,4.3498964,24.443953,0.1,100.0,51.0
2019-10-29 20:00:00+00:00,23.95,99.10214,1007.13666,6.2145634,10.007925,0.1,100.0,51.0
2019-10-29 21:00:00+00:00,23.6,98.80132,1007.03613,1.4399999,180.0,0.2,100.0,51.0
2019-10-29 22:00:00+00:00,23.85,99.40022,1006.83655,4.896529,107.10281,2.7,100.0,63.0
2019-10-29 23:00:00+00:00,23.4,99.398186,1006.536,8.225035,66.80139,1.1,100.0,55.0
2019-10-30 00:00:00+00:00,23.65,96.44301,1007.13605,12.413477,119.53869,0.7,100.0,53.0
2019-10-30 01:00:00+00:00,22.95,99.09541,1007.6349,14.512064,82.875084,2.3,100.0,61.0
2019-10-30 02:00:00+00:00,24.05,93.86637,1008.5361,18.678415,117.552734,0.3,100.0,51.0
2019-10-30 03:00:00+00:00,24.25,98.21538,1009.43604,24.184391,134.39699,1.5,100.0,61.0
2019-10-30 04:00:00+00:00,24.4,98.512535,1009.93604,24.184391,135.60303,1.7,100.0,61.0
2019-10-30 05:00:00+00:00,25.45,90.87857,1009.53784,27.267473,137.67549,2.4,100.0,61.0
2019-10-30 06:00:00+00:00,26.55,90.94963,1008.4402,24.993437,138.50363,0.4,100.0,51.0
2019-10-30 07:00:00+00:00,26.0,88.75896,1008.03937,30.274265,154.65387,4.7,100.0,63.0
2019-10-30 08:00:00+00:00,24.9,91.66889,1007.738,28.236486,160.64091,4.4,100.0,63.0
2019-10-30 09:00:00+00:00,25.0,93.34564,1007.13824,27.248457,164.67844,2.0,100.0,61.0
2019-10-30 10:00:00+00:00,25.3,91.692696,1006.8391,25.323128,165.17348,3.9,100.0,63.0
2019-10-30 11:00:00+00:00,24.95,93.06284,1007.33813,28.58545,174.2177,8.3,100.0,65.0
2019-10-30 12:00:00+00:00,25.35,90.59899,1007.63873,18.388212,156.94867,2.6,100.0,63.0
2019-10-30 13:00:00+00:00,24.9,92.22325,1008.13776,18.947083,165.69969,1.0,99.0,55.0
2019-10-30 14:00:00+00:00,24.2,98.21469,1008.9362,15.39184,169.21574,0.6,100.0,53.0
2019-10-30 15:00:00+00:00,24.15,98.50975,1009.73584,15.546833,174.68555,0.9,100.0,53.0
2019-10-30 16:00:00+00:00,24.3,98.51141,1010.5357,13.698934,176.98727,0.4,98.0,51.0
2019-10-30 17:00:00+00:00,24.05,98.50865,1010.83496,16.520823,191.30989,5.2,100.0,63.0
2019-10-30 18:00:00+00:00,24.8,93.055336,1010.4365,16.343367,172.40544,1.3,98.0,61.0
2019-10-30 19:00:00+00:00,24.25,99.10417,1009.73584,14.404499,181.43207,0.6,100.0,53.0
2019-10-30 20:00:00+00:00,24.25,98.8071,1009.1361,17.298738,192.01146,6.4,87.0,63.0
2019-10-30 21:00:00+00:00,24.0,98.80488,1008.9359,13.979871,191.88864,2.1,96.0,61.0
2019-10-30 22:00:00+00:00,24.0,98.508095,1008.8359,12.979984,199.44012,1.8,97.0,61.0
2019-10-30 23:00:00+00:00,24.05,98.80537,1008.8359,9.6932955,195.06854,0.4,96.0,51.0
2019-10-31 00:00:00+00:00,24.15,94.440025,1009.63586,11.91812,205.01686,0.3,93.0,51.0
2019-10-31 01:00:00+00:00,23.8,99.101166,1010.23505,11.983188,212.73521,4.3,96.0,63.0
2019-10-31 02:00:00+00:00,23.95,98.804474,1011.1348,13.089354,211.50421,5.1,98.0,63.0
2019-10-31 03:00:00+00:00,24.1,98.50919,1011.63495,11.966953,186.91113,0.8,100.0,53.0
2019-10-31 04:00:00+00:00,24.7,98.51584,1012.33563,11.525623,181.78987,1.0,100.0,55.0
2019-10-31 05:00:00+00:00,24.95,98.51857,1012.3359,12.0694,197.35411,3.1,96.0,63.0
2019-10-31 06:00:00+00:00,25.75,91.9946,1011.6375,8.311245,197.6502,1.5,100.0,61.0
2019-10-31 07:00:00+00:00,26.65,88.54504,1010.83905,6.2145634,190.00792,0.4,99.0,51.0
2019-10-31 08:00:00+00:00,25.15,95.33372,1010.43713,5.6002855,224.9999,2.5,87.0,63.0
2019-10-31 09:00:00+00:00,25.7,93.93925,1009.9383,8.12197,257.19574,0.3,99.0,51.0
2019-10-31 10:00:00+00:00,25.35,92.52574,1009.138,6.6185193,247.61981,0.8,98.0,53.0
2019-10-31 11:00:00+00:00,25.95,89.022026,1009.3388,7.6367526,261.87,0.1,100.0,51.0
2019-10-31 12:00:00+00:00,24.8,95.03585,1009.93677,6.379216,286.38962,0.9,100.0,53.0
2019-10-31 13:00:00+00:00,24.1,99.103165,1010.7354,8.373386,295.46332,0.6,100.0,53.0
2019-10-31 14:00:00+00:00,23.95,98.507545,1011.43475,9.085988,303.6901,1.5,100.0,61.0
2019-10-31 15:00:00+00:00,23.85,98.80356,1012.0342,8.699793,335.55606,0.7,100.0,53.0
2019-10-31 16:00:00+00:00,23.7,99.100464,1012.0342,9.007196,2.2905633,0.6,99.0,53.0
2019-10-31 17:00:00+00:00,23.15,99.09681,1012.0332,10.365251,20.323217,0.4,93.0,51.0
2019-10-31 18:00:00+00:00,23.0,99.09577,1011.9329,8.427383,19.983198,0.6,96.0,53.0
2019-10-31 19:00:00+00:00,22.95,99.09541,1011.0333,8.699793,24.443953,0.9,100.0,53.0
2019-10-31 20:00:00+00:00,22.8,98.794174,1010.03345,7.7879906,33.6901,1.0,99.0,55.0
2019-10-31 21:00:00+00:00,23.45,89.919624,1009.13477,9.957108,40.601215,0.3,87.0,51.0
2019-10-31 22:00:00+00:00,23.35,86.66538,1008.83496,5.1544156,12.094739,0.0,94.0,3.0
2019-10-31 23:00:00+00:00,23.1,86.64196,1008.73474,4.896529,342.8972,0.0,87.0,3.0
2019-11-01 00:00:00+00:00,23.5,89.92325,1008.83527,5.904439,307.56866,0.1,57.0,51.0
2019-11-01 01:00:00+00:00,23.35,91.01823,1009.73456,4.73506,8.746089,0.0,69.0,2.0
2019-11-01 02:00:00+00:00,25.0,92.50694,1010.73663,5.3999996,53.13002,0.0,79.0,2.0
2019-11-01 03:00:00+00:00,26.2,86.66707,1011.63806,5.4833565,66.801384,0.0,42.0,1.0
2019-11-01 04:00:00+00:00,27.5,78.140335,1012.1398,2.1897945,80.53775,0.0,83.0,3.0
2019-11-01 05:00:00+00:00,28.55,72.39864,1012.04144,2.3051248,231.34016,0.0,91.0,3.0
2019-11-01 06:00:00+00:00,29.3,68.280136,1010.74335,5.495161,238.39255,0.0,65.0,2.0
2019-11-01 07:00:00+00:00,29.4,68.29949,1009.74384,8.0899935,237.72438,0.0,28.0,1.0
2019-11-01 08:00:00+00:00,29.0,69.896866,1008.84344,9.885262,236.88864,0.0,4.0,0.0
2019-11-01 09:00:00+00:00,28.8,69.6481,1007.8437,10.990322,238.39255,0.0,7.0,0.0
2019-11-01 10:00:00+00:00,28.3,73.90384,1007.64307,11.592895,244.23071,0.0,7.0,0.0
2019-11-01 11:00:00+00:00,28.0,74.52749,1007.8427,10.495713,239.0363,0.0,14.0,0.0
2019-11-01 12:00:00+00:00,27.7,79.1163,1007.7422,5.1544156,257.90524,0.0,39.0,1.0
2019-11-01 13:00:00+00:00,25.9,84.57165,1008.339,5.5887027,255.06853,0.0,21.0,1.0
2019-11-01 14:00:00+00:00,27.5,72.2151,1009.34106,2.9024127,209.7448,0.0,9.0,0.0
2019-11-01 15:00:00+00:00,25.95,81.5574,1010.3383,2.1897945,99.46225,0.0,13.0,0.0
2019-11-01 16:00:00+00:00,24.55,90.27146,1010.9359,5.0528407,85.91447,0.0,41.0,1.0
2019-11-01 17:00:00+00:00,24.85,88.936554,1010.9363,4.1046314,74.74483,0.0,47.0,1.0
2019-11-01 18:00:00+00:00,24.7,88.38704,1010.8363,4.829907,63.435013,0.0,87.0,3.0
2019-11-01 19:00:00+00:00,24.45,88.09832,1010.2359,4.1046314,52.124958,0.0,87.0,3.0
2019-11-01 20:00:00+00:00,24.3,88.35428,1009.6361,4.3349743,48.366554,0.0,54.0,2.0
2019-11-01 21:00:00+00:00,24.15,88.341934,1009.1361,4.8965297,53.972538,0.0,38.0,1.0
2019-11-01 22:00:00+00:00,23.4,91.858345,1009.03485,5.1165614,50.710617,0.0,31.0,1.0
2019-11-01 23:00:00+00:00,23.55,89.652626,1009.43506,3.671294,11.3098955,0.0,18.0,0.0
2019-11-02 00:00:00+00:00,25.0,84.47587,1009.5372,2.5455842,135.0001,0.0,12.0,0.0
2019-11-02 01:00:00+00:00,24.55,90.81987,1010.3362,2.7416782,66.801384,0.0,26.0,1.0
2019-11-02 02:00:00+00:00,25.95,86.12307,1011.3379,2.7416782,66.801384,0.0,17.0,0.0
2019-11-02 03:00:00+00:00,27.35,81.24057,1012.2398,0.5091169,135.0001,0.0,80.0,3.0
2019-11-02 04:00:00+00:00,28.1,80.126465,1012.4407,2.6208394,254.05453,0.1,86.0,51.0
2019-11-02 05:00:00+00:00,28.45,80.41239,1011.9415,6.6087217,240.64233,0.2,81.0,51.0
2019-11-02 06:00:00+00:00,27.35,84.47106,1011.04034,7.9932966,234.16226,3.1,60.0,63.0
2019-11-02 07:00:00+00:00,27.05,85.97064,1010.1401,3.7064266,209.0545,0.9,50.0,53.0
2019-11-02 08:00:00+00:00,27.85,82.036804,1009.1418,3.319036,229.39879,0.1,55.0,51.0
2019-11-02 09:00:00+00:00,27.7,82.511375,1008.3419,3.219938,243.43501,0.2,81.0,51.0
2019-11-02 10:00:00+00:00,27.35,83.46529,1008.1416,4.452954,255.96373,0.2,69.0,51.0
2019-11-02 11:00:00+00:00,27.0,85.70878,1008.4409,3.8939953,236.3099,0.0,71.0,2.0
2019-11-02 12:00:00+00:00,27.1,83.18704,1008.241,6.725354,285.52417,0.0,56.0,2.0
2019-11-02 13:00:00+00:00,26.6,82.62995,1009.13983,6.792466,302.00534,0.0,18.0,0.0
2019-11-02 14:00:00+00:00,26.2,84.603355,1010.0388,4.6102495,321.34018,0.0,26.0,1.0
2019-11-02 15:00:00+00:00,25.3,90.323204,1011.2371,4.896529,342.8972,0.0,6.0,0.0
2019-11-02 16:00:00+00:00,25.45,88.44816,1012.23663,3.396233,32.005356,0.0,73.0,2.0
2019-11-02 17:00:00+00:00,26.15,84.343094,1012.43774,1.835647,78.6901,0.0,69.0,2.0
2019-11-02 18:00:00+00:00,24.95,89.75502,1012.43585,5.937272,104.03627,0.1,85.0,51.0
2019-11-02 19:00:00+00:00,24.4,91.91675,1012.235,5.8048253,119.74479,0.1,74.0,51.0
2019-11-02 20:00:00+00:00,23.7,95.86261,1011.1346,3.319036,130.60121,0.1,94.0,51.0
2019-11-02 21:00:00+00:00,24.05,93.29977,1010.93494,3.6179552,5.7105074,0.0,100.0,3.0
2019-11-02 22:00:00+00:00,23.9,93.29249,1010.83496,5.937272,14.036275,0.0,100.0,3.0
2019-11-02 23:00:00+00:00,23.85,92.725655,1010.93475,4.379589,9.462248,0.0,93.0,3.0
2019-11-03 00:00:00+00:00,23.4,97.61176,1011.6336,5.3999996,360.0,0.0,85.0,3.0
2019-11-03 01:00:00+00:00,23.5,96.73152,1012.1338,3.6,360.0,0.0,93.0,3.0
2019-11-03 02:00:00+00:00,24.45,92.47719,1012.73474,4.1046314,15.255177,0.0,77.0,2.0
2019-11-03 03:00:00+00:00,25.65,89.26709,1013.23645,4.0249224,10.304792,0.0,64.0,2.0
2019-11-03 04:00:00+00:00,27.15,83.94504,1013.5388,3.396233,57.99466,0.0,73.0,2.0
2019-11-03 05:00:00+00:00,27.65,83.99957,1013.43964,1.2979984,123.690094,1.8,86.0,61.0
2019-11-03 06:00:00+00:00,26.9,88.30106,1012.33875,5.00128,210.25635,1.4,99.0,61.0
2019-11-03 07:00:00+00:00,27.0,85.70878,1011.6394,8.435069,219.80553,0.6,55.0,53.0
2019-11-03 08:00:00+00:00,27.35,81.976326,1010.6405,10.195057,222.13753,0.0,56.0,2.0
2019-11-03 09:00:00+00:00,26.95,81.68122,1010.04016,6.3690495,227.29063,0.0,54.0,2.0
2019-11-03 10:00:00+00:00,27.35,80.996605,1009.94086,4.1046314,232.12495,0.1,65.0,51.0
2019-11-03 11:00:00+00:00,26.75,86.45839,1010.6395,3.0547013,224.9999,0.1,64.0,51.0
2019-11-03 12:00:00+00:00,26.9,87.25206,1010.33966,3.8939953,236.3099,3.1,77.0,63.0
2019-11-03 13:00:00+00:00,25.3,91.96875,1011.1371,3.7585104,196.69933,1.1,73.0,55.0
2019-11-03 14:00:00+00:00,24.65,92.76754,1012.43524,4.6800003,202.6199,1.0,99.0,55.0
2019-11-03 15:00:00+00:00,24.3,98.807594,1013.3344,3.219938,333.43503,0.9,99.0,53.0
2019-11-03 16:00:00+00:00,24.6,94.17412,1013.3348,4.0249224,10.304792,0.1,95.0,51.0
2019-11-03 17:00:00+00:00,24.4,95.02133,1013.53436,3.96,360.0,0.0,98.0,3.0
2019-11-03 18:00:00+00:00,24.2,95.58911,1013.5341,5.771239,3.5762644,0.2,100.0,51.0
2019-11-03 19:00:00+00:00,23.45,99.398415,1013.2329,3.5455887,23.962492,0.7,100.0,53.0
2019-11-03 20:00:00+00:00,23.25,99.097466,1012.23315,3.6179552,354.2895,0.6,87.0,53.0
2019-11-03 21:00:00+00:00,23.55,94.9903,1011.734,3.2599385,6.3401003,0.0,94.0,3.0
2019-11-03 22:00:00+00:00,23.8,93.287605,1011.7343,6.849467,356.98727,0.0,100.0,3.0
2019-11-03 23:00:00+00:00,23.5,94.70064,1011.9339,7.771331,13.392516,0.0,97.0,3.0
2019-11-04 00:00:00+00:00,23.55,91.309044,1012.1338,10.086427,357.95462,0.0,98.0,3.0
2019-11-04 01:00:00+00:00,23.75,90.76715,1012.8338,8.669949,355.23645,0.0,81.0,3.0
2019-11-04 02:00:00+00:00,24.6,90.27489,1013.43475,7.5942073,5.4402504,0.0,88.0,3.0
2019-11-04 03:00:00+00:00,26.15,86.662476,1013.9371,4.802999,12.99463,0.0,29.0,1.0
2019-11-04 04:00:00+00:00,27.5,83.232544,1013.939,1.9386592,338.19852,0.0,39.0,1.0
2019-11-04 05:00:00+00:00,28.55,80.42539,1013.6407,3.8773184,248.19853,0.1,46.0,51.0
2019-11-04 06:00:00+00:00,28.75,78.553246,1012.7415,9.983106,244.35904,0.3,38.0,51.0
2019-11-04 07:00:00+00:00,27.8,78.89246,1012.04047,8.766573,250.82089,2.3,97.0,61.0
2019-11-04 08:00:00+00:00,26.6,86.44433,1011.43884,4.73506,278.74606,1.3,95.0,61.0
2019-11-04 09:00:00+00:00,26.75,85.684166,1010.6395,1.08,270.0,0.1,98.0,51.0
2019-11-04 10:00:00+00:00,26.9,83.91767,1010.23975,2.3051248,231.34016,0.3,95.0,51.0
2019-11-04 11:00:00+00:00,27.0,86.22346,1010.5399,4.6938252,274.39862,0.3,99.0,51.0
2019-11-04 12:00:00+00:00,26.55,89.3349,1010.63916,1.484318,104.03627,0.3,97.0,51.0
2019-11-04 13:00:00+00:00,25.85,93.66571,1011.33765,3.0758414,110.55613,0.0,33.0,1.0
2019-11-04 14:00:00+00:00,25.25,96.1966,1012.0364,4.3349743,85.23644,0.0,31.0,1.0
2019-11-04 15:00:00+00:00,25.3,95.62443,1012.6364,4.198285,59.03632,0.0,54.0,2.0
2019-11-04 16:00:00+00:00,24.9,94.754524,1013.1355,6.4096174,51.842735,0.0,72.0,2.0
2019-11-04 17:00:00+00:00,24.6,93.045265,1013.0349,6.638072,49.398785,0.0,60.0,2.0
2019-11-04 18:00:00+00:00,24.45,92.198044,1012.63477,3.8268526,41.185837,0.0,12.0,0.0
2019-11-04 19:00:00+00:00,23.85,93.85741,1011.8343,5.0911684,351.87,0.0,10.0,0.0
2019-11-04 20:00:00+00:00,23.9,93.57568,1010.93494,3.7585104,343.3007,0.0,8.0,0.0
2019-11-04 21:00:00+00:00,24.0,92.45274,1010.4352,4.0249224,10.304792,0.0,9.0,0.0
2019-11-04 22:00:00+00:00,23.95,91.8905,1010.2353,7.2359104,5.7105074,0.0,18.0,0.0
2019-11-04 23:00:00+00:00,23.8,92.16145,1010.23505,7.5685663,2.7262611,0.0,32.0,1.0
2019-11-05 00:00:00+00:00,24.3,92.46909,1010.2359,10.1376915,353.88458,0.0,46.0,1.0
2019-11-05 01:00:00+00:00,24.35,91.635925,1010.5357,9.746631,355.76367,0.0,47.0,1.0
2019-11-05 02:00:00+00:00,25.45,88.71539,1011.2371,8.759178,350.53775,0.0,55.0,2.0
2019-11-05 03:00:00+00:00,26.95,84.6823,1011.93933,8.766573,340.8209,0.0,26.0,1.0
2019-11-05 04:00:00+00:00,28.25,79.429596,1011.8411,8.209263,322.12494,0.0,41.0,1.0
2019-11-05 05:00:00+00:00,29.25,73.17703,1011.6429,8.534353,297.64587,0.2,79.0,51.0
2019-11-05 06:00:00+00:00,29.35,73.414024,1010.84326,9.6932955,285.06854,0.3,50.0,51.0
2019-11-05 07:00:00+00:00,28.85,78.80227,1010.0429,10.495713,275.90604,0.6,33.0,53.0
2019-11-05 08:00:00+00:00,28.65,81.64566,1009.24304,11.159999,270.0,0.0,31.0,1.0
2019-11-05 09:00:00+00:00,28.55,78.7605,1008.44305,9.779817,263.6599,0.3,37.0,51.0
2019-11-05 10:00:00+00:00,28.25,81.110535,1008.3427,9.028754,246.50142,0.1,80.0,51.0
2019-11-05 11:00:00+00:00,27.75,86.29451,1008.8417,4.6800003,247.3801,0.1,94.0,51.0
2019-11-05 12:00:00+00:00,27.45,87.82188,1008.64136,5.3999996,233.13002,3.4,100.0,63.0
2019-11-05 13:00:00+00:00,26.7,85.93671,1009.7396,3.671294,191.30989,0.3,71.0,51.0
2019-11-05 14:00:00+00:00,26.15,87.71108,1010.63855,4.0249224,169.6952,0.1,81.0,51.0
2019-11-05 15:00:00+00:00,25.15,93.6336,1011.3367,5.0911684,188.13002,0.1,92.0,51.0
2019-11-05 16:00:00+00:00,25.8,89.547134,1011.53754,3.219938,206.56499,0.0,98.0,3.0
2019-11-05 17:00:00+00:00,25.05,92.50967,1011.73615,3.2599385,263.6599,0.2,98.0,51.0
2019-11-05 18:00:00+00:00,24.55,93.888596,1011.53564,4.1046314,322.12494,0.1,99.0,51.0
2019-11-05 19:00:00+00:00,24.95,93.06284,1010.9365,4.6938257,302.47116,0.1,99.0,51.0
2019-11-05 20:00:00+00:00,24.6,94.458176,1009.8364,3.671294,348.6901,0.0,98.0,3.0
2019-11-05 21:00:00+00:00,24.35,95.30632,1009.2363,3.9763298,354.80566,0.0,89.0,3.0
2019-11-05 22:00:00+00:00,24.25,94.44403,1009.1361,6.87779,353.9911,0.0,77.0,2.0
2019-11-05 23:00:00+00:00,23.8,93.00495,1009.0356,7.5599995,360.0,0.0,71.0,2.0
2019-11-06 00:00:00+00:00,24.25,91.62991,1008.9362,6.12,360.0,0.0,61.0,2.0
2019-11-06 01:00:00+00:00,24.55,91.92544,1009.53656,5.8048253,352.87506,0.0,32.0,1.0
2019-11-06 02:00:00+00:00,25.6,91.435715,1010.3377,6.151683,339.44388,0.0,15.0,0.0
2019-11-06 03:00:00+00:00,27.05,85.201935,1011.03973,8.14587,315.0001,0.0,23.0,1.0
2019-11-06 04:00:00+00:00,27.85,83.52126,1011.24084,9.0,306.86996,0.0,21.0,1.0
2019-11-06 05:00:00+00:00,28.6,80.91304,1010.7424,9.511088,299.4758,0.0,15.0,0.0
2019-11-06 06:00:00+00:00,29.05,76.73973,1009.94336,11.27553,286.6993,0.1,41.0,51.0
2019-11-06 07:00:00+00:00,28.55,78.05626,1008.7429,12.287555,275.04236,0.0,80.0,3.0
2019-11-06 08:00:00+00:00,28.1,80.36678,1007.9427,10.239453,280.1246,0.0,92.0,3.0
2019-11-06 09:00:00+00:00,28.5,77.815475,1006.9438,11.525623,271.78986,0.1,89.0,51.0
2019-11-06 10:00:00+00:00,28.2,81.10422,1006.74347,11.165805,271.84756,0.3,75.0,51.0
2019-11-06 11:00:00+00:00,27.7,85.013855,1007.1424,7.5170207,286.6993,0.1,51.0,51.0
2019-11-06 12:00:00+00:00,27.4,85.237404,1007.7418,7.208994,267.13766,0.1,32.0,51.0
2019-11-06 13:00:00+00:00,26.85,84.92637,1008.3406,7.69592,280.78424,0.0,17.0,0.0
2019-11-06 14:00:00+00:00,26.6,85.4124,1009.0399,6.28713,293.6294,0.0,12.0,0.0
2019-11-06 15:00:00+00:00,26.3,86.937225,1009.639,6.1305785,319.7637,0.0,12.0,0.0
2019-11-06 16:00:00+00:00,25.95,89.55818,1010.0385,6.489992,340.55988,0.0,16.0,0.0
2019-11-06 17:00:00+00:00,25.45,92.2539,1010.1376,7.5685663,357.27374,0.0,59.0,2.0
2019-11-06 18:00:00+00:00,24.95,92.50422,1009.73706,7.2,360.0,0.0,74.0,2.0
2019-11-06 19:00:00+00:00,24.75,91.93702,1009.1371,7.5942073,354.55975,0.0,85.0,3.0
2019-11-06 20:00:00+00:00,24.7,91.38045,1008.33746,8.311245,4.969664,0.0,93.0,3.0
2019-11-06 21:00:00+00:00,24.6,90.27489,1008.03723,8.473393,12.26477,0.0,96.0,3.0
2019-11-06 22:00:00+00:00,24.5,89.99477,1007.9373,8.28,360.0,0.0,89.0,3.0
2019-11-06 23:00:00+00:00,24.5,89.4505,1007.9373,7.9932976,352.23492,0.0,67.0,2.0
2019-11-07 00:00:00+00:00,24.8,90.5621,1008.0376,7.968939,341.56494,0.0,32.0,1.0
2019-11-07 01:00:00+00:00,24.95,90.29908,1008.73755,8.473393,347.73523,0.0,79.0,2.0
2019-11-07 02:00:00+00:00,26.05,87.966545,1009.3388,8.311245,355.03033,0.0,82.0,3.0
2019-11-07 03:00:00+00:00,27.65,82.50547,1010.14105,7.968939,341.56494,0.0,59.0,2.0
2019-11-07 04:00:00+00:00,28.85,77.17038,1010.3428,7.8954163,316.8476,0.0,29.0,1.0
2019-11-07 05:00:00+00:00,29.55,74.77872,1010.34375,8.825508,281.76825,0.0,13.0,0.0
2019-11-07 06:00:00+00:00,29.55,77.273865,1009.64404,11.159999,270.0,0.0,27.0,1.0
2019-11-07 07:00:00+00:00,28.45,80.652855,1008.64294,11.570515,275.35574,0.9,52.0,53.0
2019-11-07 08:00:00+00:00,29.2,74.94656,1007.64435,9.72,270.0,0.0,33.0,1.0
2019-11-07 09:00:00+00:00,28.9,79.28089,1007.1442,12.324414,263.29025,0.5,25.0,53.0
2019-11-07 10:00:00+00:00,28.15,84.80738,1007.143,8.647496,267.6141,1.3,52.0,61.0
2019-11-07 11:00:00+00:00,27.25,88.59298,1007.54156,10.08,270.0,2.6,58.0,63.0
2019-11-07 12:00:00+00:00,27.8,83.51572,1007.0427,10.966713,293.1986,1.2,50.0,55.0
2019-11-07 13:00:00+00:00,27.15,84.95731,1008.0413,9.659814,296.56497,0.0,5.0,0.0
2019-11-07 14:00:00+00:00,26.95,85.70389,1009.34045,8.714677,308.2902,0.0,13.0,0.0
2019-11-07 15:00:00+00:00,26.15,90.11115,1010.3387,7.145796,319.0857,0.1,24.0,51.0
2019-11-07 16:00:00+00:00,25.75,92.547195,1011.0378,6.8777895,317.1211,0.1,25.0,51.0
2019-11-07 17:00:00+00:00,25.65,93.3768,1010.8375,6.3690495,312.70938,0.0,24.0,1.0
2019-11-07 18:00:00+00:00,25.5,93.9305,1010.2378,6.9153743,321.34018,0.0,13.0,0.0
2019-11-07 19:00:00+00:00,25.1,95.33196,1009.63745,6.489992,340.55988,0.0,21.0,1.0
2019-11-07 20:00:00+00:00,25.0,95.04306,1008.83746,7.145796,319.0857,0.0,15.0,0.0
2019-11-07 21:00:00+00:00,24.95,94.75636,1008.5376,7.42159,320.90613,0.1,23.0,51.0
2019-11-07 22:00:00+00:00,24.85,95.32345,1008.1375,7.8954163,335.77228,0.0,20.0,1.0
2019-11-07 23:00:00+00:00,24.7,95.605225,1008.53735,8.217153,331.1893,0.0,17.0,0.0
2019-11-08 00:00:00+00:00,24.6,94.458176,1009.2367,3.5455887,336.0375,0.0,32.0,1.0
2019-11-08 01:00:00+00:00,25.05,93.34806,1009.6371,7.5942082,301.4295,0.0,85.0,3.0
2019-11-08 02:00:00+00:00,26.2,88.50883,1010.53864,7.928177,309.47244,0.0,92.0,3.0
2019-11-08 03:00:00+00:00,27.05,84.186325,1011.2396,9.0,323.13,0.0,94.0,3.0
2019-11-08 04:00:00+00:00,27.95,79.38876,1011.34076,7.7879906,303.6901,0.1,95.0,51.0
2019-11-08 05:00:00+00:00,28.45,77.11092,1011.2418,7.968939,288.43503,0.3,95.0,51.0
2019-11-08 06:00:00+00:00,28.65,80.67858,1010.5425,10.799999,270.0,0.0,91.0,3.0
2019-11-08 07:00:00+00:00,28.25,82.57604,1009.7421,10.390226,284.03625,0.1,90.0,51.0
2019-11-08 08:00:00+00:00,28.5,80.41888,1008.543,11.901798,273.46817,0.1,91.0,51.0
2019-11-08 09:00:00+00:00,28.4,80.4059,1007.9433,12.964998,271.5911,0.1,92.0,51.0
2019-11-08 10:00:00+00:00,28.1,81.334496,1007.7428,10.182337,278.13,0.1,93.0,51.0
2019-11-08 11:00:00+00:00,27.3,82.71206,1008.5411,9.83268,293.7495,0.2,87.0,51.0
2019-11-08 12:00:00+00:00,27.15,86.49581,1008.64105,5.815978,291.80148,0.2,78.0,51.0
2019-11-08 13:00:00+00:00,26.85,85.43747,1009.7399,4.39436,304.9921,0.0,73.0,2.0
2019-11-08 14:00:00+00:00,26.1,90.37792,1010.6382,4.32,270.0,0.0,66.0,2.0
2019-11-08 15:00:00+00:00,26.35,86.94175,1011.4386,5.1544156,257.90524,0.1,35.0,51.0
2019-11-08 16:00:00+00:00,25.95,89.55818,1011.73773,4.6800003,292.6199,0.1,41.0,51.0
2019-11-08 17:00:00+00:00,25.7,90.8948,1011.7375,6.12,298.0724,0.2,35.0,51.0
2019-11-08 18:00:00+00:00,25.0,94.75831,1011.2364,7.5170207,286.6993,0.8,59.0,53.0
2019-11-08 19:00:00+00:00,25.1,92.23441,1010.53705,6.830519,288.43503,0.2,68.0,51.0
2019-11-08 20:00:00+00:00,24.7,95.03221,1010.0367,5.6233797,320.1945,0.7,82.0,53.0
2019-11-08 21:00:00+00:00,24.05,98.80537,1009.5356,4.829907,333.43503,0.3,86.0,51.0
2019-11-08 22:00:00+00:00,24.05,99.10284,1009.3357,4.452954,345.9637,0.3,87.0,51.0
2019-11-08 23:00:00+00:00,24.45,95.597176,1009.5362,6.763786,334.79892,0.0,80.0,3.0
2019-11-09 00:00:00+00:00,24.6,95.028595,1009.73645,7.386582,313.0251,0.0,58.0,2.0
2019-11-09 01:00:00+00:00,24.75,95.320045,1010.2366,7.42159,337.1663,0.0,93.0,3.0
2019-11-09 02:00:00+00:00,25.45,93.0878,1010.93726,7.6367526,351.87,0.0,93.0,3.0
2019-11-09 03:00:00+00:00,26.55,87.48282,1011.33887,5.937272,345.9637,0.0,93.0,3.0
2019-11-09 04:00:00+00:00,27.9,80.581955,1011.6406,5.692099,304.69522,0.0,94.0,3.0
2019-11-09 05:00:00+00:00,28.5,80.41888,1011.34174,6.87779,276.0089,0.1,87.0,51.0
2019-11-09 06:00:00+00:00,28.75,80.2119,1010.3425,8.4042845,260.13425,0.1,78.0,51.0
2019-11-09 07:00:00+00:00,28.45,80.41239,1008.8429,10.948973,260.53775,0.1,62.0,51.0
2019-11-09 08:00:00+00:00,28.3,79.91339,1008.1428,7.5685663,267.27374,0.0,95.0,3.0
2019-11-09 09:00:00+00:00,28.1,81.82215,1007.8427,5.0911684,261.87,0.0,96.0,3.0
2019-11-09 10:00:00+00:00,27.5,86.786606,1007.7418,2.1897945,260.53775,0.2,100.0,51.0
2019-11-09 11:00:00+00:00,26.45,91.76061,1008.43994,2.1897945,350.53775,3.8,100.0,63.0
2019-11-09 12:00:00+00:00,26.45,93.97195,1008.43994,2.5959969,56.309914,1.2,100.0,55.0
2019-11-09 13:00:00+00:00,25.4,97.35611,1009.23804,7.5685663,64.65388,0.0,79.0,2.0
2019-11-09 14:00:00+00:00,24.8,95.03585,1010.53644,8.225035,66.80139,0.0,74.0,2.0
2019-11-09 15:00:00+00:00,24.5,93.60355,1011.2358,7.0911775,66.037506,0.0,72.0,2.0
2019-11-09 16:00:00+00:00,24.75,91.383514,1011.8358,5.904439,52.431335,0.0,62.0,2.0
2019-11-09 17:00:00+00:00,24.1,93.86855,1011.53503,4.3349743,41.63345,0.0,55.0,2.0
2019-11-09 18:00:00+00:00,24.2,92.46363,1010.9353,3.8268526,48.814175,0.0,86.0,3.0
2019-11-09 19:00:00+00:00,24.0,93.01503,1010.03534,4.510787,61.389645,0.0,90.0,3.0
2019-11-09 20:00:00+00:00,23.9,92.72828,1009.3357,4.3349743,41.63345,0.0,90.0,3.0
2019-11-09 21:00:00+00:00,23.85,93.007454,1008.7357,4.6800003,22.61991,0.0,87.0,3.0
2019-11-09 22:00:00+00:00,23.95,91.8905,1008.636,3.6179552,5.7105074,0.0,83.0,3.0
2019-11-09 23:00:00+00:00,24.35,89.43928,1009.03644,3.96,360.0,0.0,81.0,3.0
2019-11-10 00:00:00+00:00,24.3,90.803444,1009.03644,3.7585104,16.699326,0.0,76.0,2.0
2019-11-10 01:00:00+00:00,24.55,90.81987,1009.73645,3.396233,32.005356,0.0,76.0,2.0
2019-11-10 02:00:00+00:00,25.6,91.986,1010.43774,3.219938,63.435013,0.0,75.0,2.0
2019-11-10 03:00:00+00:00,27.05,86.48649,1011.13965,2.6208394,105.945465,0.0,76.0,2.0
2019-11-10 04:00:00+00:00,27.7,85.77743,1011.4405,4.2136917,199.9832,0.0,74.0,2.0
2019-11-10 05:00:00+00:00,28.15,84.30437,1011.04126,6.297428,210.96368,0.1,87.0,51.0
2019-11-10 06:00:00+00:00,27.75,84.26157,1010.341,10.514218,218.04709,0.1,79.0,51.0
2019-11-10 07:00:00+00:00,27.8,84.771065,1009.44165,5.00128,239.74365,0.3,74.0,51.0
2019-11-10 08:00:00+00:00,27.85,84.523926,1008.3421,7.145796,229.08571,0.2,86.0,51.0
2019-11-10 09:00:00+00:00,27.85,84.27229,1007.74243,8.39657,239.0363,0.2,82.0,51.0
2019-11-10 10:00:00+00:00,26.1,90.10767,1007.73956,7.4128532,240.94548,0.5,100.0,53.0
2019-11-10 11:00:00+00:00,25.7,91.99171,1008.73883,5.2416787,195.94547,0.5,100.0,53.0
2019-11-10 12:00:00+00:00,26.3,92.85286,1008.53955,3.5455887,66.037506,2.0,100.0,61.0
2019-11-10 13:00:00+00:00,24.75,97.6355,1009.1371,4.2136917,109.98319,0.0,96.0,3.0
2019-11-10 14:00:00+00:00,24.7,95.03221,1010.33655,2.968636,165.96373,1.7,95.0,61.0
2019-11-10 15:00:00+00:00,24.75,97.6355,1011.23615,2.0991426,149.03632,0.0,85.0,3.0
2019-11-10 16:00:00+00:00,24.1,98.80577,1011.23517,2.3051248,51.34017,0.1,51.0,51.0
2019-11-10 17:00:00+00:00,24.1,99.103165,1011.0353,3.6,53.13002,0.1,56.0,51.0
2019-11-10 18:00:00+00:00,23.9,99.10186,1010.5351,3.5455887,66.037506,0.0,53.0,2.0
2019-11-10 19:00:00+00:00,23.8,98.20943,1009.8352,3.096837,144.46223,0.0,58.0,2.0
2019-11-10 20:00:00+00:00,24.6,94.458176,1009.2367,9.028754,175.42616,0.4,100.0,51.0
2019-11-10 21:00:00+00:00,24.15,99.10353,1008.3365,3.2399998,180.0,0.3,93.0,51.0
2019-11-10 22:00:00+00:00,23.95,99.10214,1008.5361,3.6179552,174.2895,0.2,53.0,51.0
2019-11-10 23:00:00+00:00,24.9,91.66889,1008.6375,1.9386592,158.19853,0.1,54.0,51.0
2019-11-11 00:00:00+00:00,24.25,95.30292,1008.7363,2.4149535,63.435013,0.0,61.0,2.0
2019-11-11 01:00:00+00:00,24.7,94.462234,1009.0371,4.452954,75.96373,0.0,39.0,1.0
2019-11-11 02:00:00+00:00,25.55,93.092804,1010.3377,3.6,90.0,0.0,42.0,1.0
2019-11-11 03:00:00+00:00,26.4,91.4844,1010.93884,2.6208394,105.945465,0.0,70.0,2.0
2019-11-11 04:00:00+00:00,27.5,89.4058,1011.34015,3.2399998,180.0,0.2,59.0,51.0
2019-11-11 05:00:00+00:00,28.1,85.054756,1011.4411,5.3517847,199.65392,0.1,21.0,51.0
2019-11-11 06:00:00+00:00,28.35,78.9688,1010.44183,10.315115,209.24873,1.5,46.0,61.0
2019-11-11 07:00:00+00:00,27.15,88.58503,1009.54065,7.628263,199.29015,1.8,34.0,61.0
2019-11-11 08:00:00+00:00,28.0,82.79353,1008.5424,10.1887,212.00534,0.1,16.0,51.0
2019-11-11 09:00:00+00:00,27.85,82.52904,1008.0423,10.30883,204.77512,0.1,36.0,51.0
2019-11-11 10:00:00+00:00,27.3,86.5098,1007.9414,6.489992,199.44012,0.3,77.0,51.0
2019-11-11 11:00:00+00:00,26.65,88.2806,1008.14026,5.0528407,175.91446,0.5,100.0,53.0
2019-11-11 12:00:00+00:00,26.7,91.2305,1007.84045,5.3517847,109.653915,2.1,100.0,61.0
2019-11-11 13:00:00+00:00,25.9,94.51026,1008.439,3.6,90.0,0.0,84.0,3.0
2019-11-11 14:00:00+00:00,25.15,95.619644,1009.63745,4.5536795,71.564964,0.8,76.0,53.0
2019-11-11 15:00:00+00:00,24.4,96.75316,1010.2359,4.6938252,85.60138,0.0,48.0,1.0
2019-11-11 16:00:00+00:00,24.55,95.0268,1010.63605,3.671294,78.6901,0.0,21.0,1.0
2019-11-11 17:00:00+00:00,24.7,93.61285,1010.63635,4.0249224,79.69521,0.0,12.0,0.0
2019-11-11 18:00:00+00:00,24.75,91.65988,1010.2366,5.815978,68.19853,0.0,9.0,0.0
2019-11-11 19:00:00+00:00,24.25,93.30945,1009.8358,4.1046314,52.124958,0.0,6.0,0.0
2019-11-11 20:00:00+00:00,24.1,93.585,1009.0362,4.3349743,48.366554,0.0,5.0,0.0
2019-11-11 21:00:00+00:00,24.0,93.297325,1008.4361,4.1046314,74.74483,0.0,4.0,0.0
2019-11-11 22:00:00+00:00,23.9,93.01001,1008.1362,4.0249224,100.30479,0.0,5.0,0.0
2019-11-11 23:00:00+00:00,24.05,92.17556,1008.2362,5.0911684,98.13002,0.0,7.0,0.0
2019-11-12 00:00:00+00:00,24.0,91.89343,1009.0358,4.5536795,71.564964,0.0,13.0,0.0
2019-11-12 01:00:00+00:00,24.4,91.08561,1009.83606,4.802999,102.99462,0.0,20.0,1.0
2019-11-12 02:00:00+00:00,25.5,92.25666,1010.53766,5.6233797,140.19447,0.0,44.0,1.0
2019-11-12 03:00:00+00:00,26.7,88.2847,1011.43884,5.506941,168.69011,0.1,44.0,51.0
2019-11-12 04:00:00+00:00,27.5,86.27088,1011.83997,5.8048253,187.12492,0.1,39.0,51.0
2019-11-12 05:00:00+00:00,28.1,83.30051,1011.641,6.9527545,201.25058,0.1,33.0,51.0
2019-11-12 06:00:00+00:00,28.75,77.619,1010.84235,8.209263,232.12495,0.1,47.0,51.0
2019-11-12 07:00:00+00:00,28.6,79.95321,1009.8428,9.290511,234.46223,4.8,85.0,63.0
2019-11-12 08:00:00+00:00,26.4,91.75771,1009.33954,5.0142193,201.03758,12.3,89.0,65.0
2019-11-12 09:00:00+00:00,27.4,86.26141,1008.2416,4.6800003,292.6199,0.3,52.0,51.0
2019-11-12 10:00:00+00:00,28.0,76.58084,1007.6428,3.7585104,253.30067,0.5,72.0,53.0
2019-11-12 11:00:00+00:00,27.35,85.487404,1007.84174,2.52,270.0,0.0,71.0,2.0
2019-11-12 12:00:00+00:00,28.0,89.70764,1007.44293,1.609969,206.56499,0.0,65.0,2.0
2019-11-12 13:00:00+00:00,27.4,87.81766,1008.0417,2.16,270.0,0.0,18.0,0.0
2019-11-12 14:00:00+00:00,26.25,90.9303,1009.1392,5.4833565,336.8014,0.0,21.0,1.0
2019-11-12 15:00:00+00:00,26.65,88.81012,1010.0394,5.4477882,352.40543,0.0,39.0,1.0
2019-11-12 16:00:00+00:00,26.35,90.125145,1010.33905,7.9526596,354.80566,0.0,17.0,0.0
2019-11-12 17:00:00+00:00,25.95,91.183624,1010.43835,8.699793,335.55606,0.0,8.0,0.0
2019-11-12 18:00:00+00:00,25.9,92.00319,1010.538,9.957108,319.39877,0.0,9.0,0.0
2019-11-12 19:00:00+00:00,25.4,93.36486,1010.1376,7.5685663,334.65387,0.0,14.0,0.0
2019-11-12 20:00:00+00:00,24.75,93.89744,1009.43695,4.896529,17.102825,0.0,15.0,0.0
2019-11-12 21:00:00+00:00,24.35,93.59661,1008.7366,5.1165614,50.710617,0.0,13.0,0.0
2019-11-12 22:00:00+00:00,24.15,93.022644,1008.43646,5.1165614,50.710617,0.0,15.0,0.0
2019-11-12 23:00:00+00:00,24.0,92.1727,1008.5361,5.3517847,42.27363,0.0,12.0,0.0
2019-11-13 00:00:00+00:00,24.2,90.521614,1009.2361,5.6920996,71.564964,0.0,16.0,0.0
2019-11-13 01:00:00+00:00,24.55,91.37118,1009.6365,3.671294,78.6901,0.0,85.0,3.0
2019-11-13 02:00:00+00:00,25.85,91.45098,1010.4381,2.7416782,66.801384,0.0,82.0,3.0
2019-11-13 03:00:00+00:00,27.4,85.49241,1011.14026,1.2979984,123.690094,0.1,84.0,51.0
2019-11-13 04:00:00+00:00,28.5,75.74056,1011.34174,1.484318,165.96373,0.2,91.0,51.0
2019-11-13 05:00:00+00:00,28.7,74.19334,1011.14215,1.4399999,180.0,0.2,90.0,51.0
2019-11-13 06:00:00+00:00,29.05,72.04986,1010.2432,1.5273507,224.9999,0.1,90.0,51.0
2019-11-13 07:00:00+00:00,29.8,68.58338,1009.14465,2.7416782,203.19862,0.1,93.0,51.0
2019-11-13 08:00:00+00:00,29.5,73.21937,1008.34467,7.386582,226.97493,0.3,94.0,51.0
2019-11-13 09:00:00+00:00,28.8,76.4725,1007.8437,9.449572,252.25523,0.4,97.0,51.0
2019-11-13 10:00:00+00:00,28.35,77.79372,1007.74304,6.2145634,259.9921,0.5,98.0,53.0
2019-11-13 11:00:00+00:00,28.0,82.546684,1007.8427,6.924738,278.97253,0.1,98.0,51.0
2019-11-13 12:00:00+00:00,27.65,80.79181,1007.6422,7.5685663,272.72626,0.0,94.0,3.0
2019-11-13 13:00:00+00:00,26.9,82.4167,1008.3406,4.1046314,285.25516,0.0,93.0,3.0
2019-11-13 14:00:00+00:00,26.05,87.966545,1009.03894,4.8965297,306.02747,0.0,89.0,3.0
2019-11-13 15:00:00+00:00,26.05,87.17648,1009.83856,4.072935,315.0001,0.0,35.0,1.0
2019-11-13 16:00:00+00:00,26.05,86.65319,1010.43835,3.319036,310.60123,0.0,1.0,0.0
2019-11-13 17:00:00+00:00,26.0,87.172,1010.73816,3.8268526,318.81415,0.0,1.0,0.0
2019-11-13 18:00:00+00:00,26.15,87.18539,1010.53864,5.904439,322.43134,0.0,1.0,0.0
2019-11-13 19:00:00+00:00,25.65,90.61904,1009.9379,8.049845,333.43503,0.0,12.0,0.0
2019-11-13 20:00:00+00:00,24.85,92.49883,1009.337,6.849467,3.0127327,0.0,33.0,1.0
2019-11-13 21:00:00+00:00,24.3,90.803444,1008.93646,5.0142193,21.037588,0.0,52.0,2.0
2019-11-13 22:00:00+00:00,24.05,89.14493,1008.73596,4.379589,9.462248,0.0,66.0,2.0
2019-11-13 23:00:00+00:00,23.5,90.75062,1008.6354,4.73506,8.746089,0.0,78.0,2.0
2019-11-14 00:00:00+00:00,23.25,90.73402,1009.3345,5.1919937,56.309914,0.0,76.0,2.0
2019-11-14 01:00:00+00:00,24.3,85.963165,1009.93604,5.1165614,50.710617,0.0,2.0,0.0
2019-11-14 02:00:00+00:00,25.8,83.79643,1010.63794,6.379216,73.61038,0.0,2.0,0.0
2019-11-14 03:00:00+00:00,27.75,77.2391,1011.04065,4.379589,80.53775,0.0,2.0,0.0
2019-11-14 04:00:00+00:00,28.9,70.09023,1011.0425,6.1305785,130.23628,0.0,12.0,0.0
2019-11-14 05:00:00+00:00,29.85,66.753136,1010.644,5.0911684,135.0001,0.0,74.0,2.0
2019-11-14 06:00:00+00:00,29.85,68.59298,1009.94434,5.4119864,183.814,0.1,50.0,51.0
2019-11-14 07:00:00+00:00,29.5,75.669945,1009.0444,7.127636,224.9999,0.1,21.0,51.0
2019-11-14 08:00:00+00:00,29.3,74.738434,1008.2445,7.4128532,240.94548,0.6,45.0,53.0
2019-11-14 09:00:00+00:00,29.0,74.68994,1007.744,6.6185193,247.61981,1.1,43.0,55.0
2019-11-14 10:00:00+00:00,28.65,77.83719,1007.4439,7.8625183,254.05453,0.4,46.0,51.0
2019-11-14 11:00:00+00:00,28.15,80.61424,1007.9427,7.208994,267.13766,0.2,62.0,51.0
2019-11-14 12:00:00+00:00,28.3,78.25479,1007.64307,7.8625183,285.94547,0.3,75.0,51.0
2019-11-14 13:00:00+00:00,27.65,77.92654,1008.4419,6.638072,310.60123,0.0,50.0,2.0
2019-11-14 14:00:00+00:00,27.1,80.23569,1009.14056,5.634891,333.43503,0.0,69.0,2.0
2019-11-14 15:00:00+00:00,26.85,81.668915,1010.1397,5.6920996,341.56494,0.0,79.0,2.0
2019-11-14 16:00:00+00:00,26.6,84.39127,1010.63916,7.42159,337.1663,0.0,41.0,1.0
2019-11-14 17:00:00+00:00,26.05,88.762886,1010.6382,8.089993,339.14545,0.0,47.0,1.0
2019-11-14 18:00:00+00:00,25.6,91.16163,1010.43774,6.87779,353.9911,0.0,58.0,2.0
2019-11-14 19:00:00+00:00,25.2,92.23998,1009.7374,3.8939953,33.6901,0.0,58.0,2.0
2019-11-14 20:00:00+00:00,25.1,91.13004,1009.0377,5.771239,93.57626,0.0,58.0,2.0
2019-11-14 21:00:00+00:00,25.05,90.85257,1008.5376,7.2805495,98.530685,0.0,55.0,2.0
2019-11-14 22:00:00+00:00,24.95,91.67183,1008.6375,6.9527545,111.25058,0.0,76.0,2.0
2019-11-14 23:00:00+00:00,24.5,93.88636,1008.537,3.4152596,108.43504,0.0,86.0,3.0
2019-11-15 00:00:00+00:00,24.7,89.19477,1009.337,4.6800003,67.3801,0.0,89.0,3.0
2019-11-15 01:00:00+00:00,25.15,87.09574,1009.7374,6.28713,66.37061,0.0,62.0,2.0
2019-11-15 02:00:00+00:00,26.2,84.85897,1010.2388,6.12,90.0,0.0,53.0,2.0
2019-11-15 03:00:00+00:00,27.65,80.06698,1010.94073,4.3498964,114.44395,0.0,65.0,2.0
2019-11-15 04:00:00+00:00,28.8,75.560265,1011.4421,4.829907,153.43501,0.0,74.0,2.0
2019-11-15 05:00:00+00:00,29.3,75.41274,1011.3431,6.130579,183.3664,0.0,78.0,2.0
2019-11-15 06:00:00+00:00,29.25,75.85744,1010.84326,10.685391,212.61923,0.1,81.0,51.0
2019-11-15 07:00:00+00:00,28.4,80.646454,1009.9424,9.9571085,192.5288,0.1,89.0,51.0
2019-11-15 08:00:00+00:00,27.85,84.523926,1009.3417,5.5887027,194.93147,0.3,89.0,51.0
2019-11-15 09:00:00+00:00,27.9,81.30952,1008.64197,9.422101,223.45189,0.1,98.0,51.0
2019-11-15 10:00:00+00:00,27.35,83.21551,1008.1416,7.653705,221.18582,0.2,100.0,51.0
2019-11-15 11:00:00+00:00,26.3,89.316124,1008.73944,6.8777895,227.12111,1.0,100.0,55.0
2019-11-15 12:00:00+00:00,27.6,87.313774,1008.14197,4.6102495,128.65984,3.6,95.0,63.0
2019-11-15 13:00:00+00:00,26.8,90.42552,1008.9403,5.904439,127.568665,0.0,92.0,3.0
2019-11-15 14:00:00+00:00,26.5,88.532974,1009.9393,8.209263,164.74483,0.0,96.0,3.0
2019-11-15 15:00:00+00:00,26.15,88.239525,1010.9385,5.0142193,158.96242,0.0,96.0,3.0
2019-11-15 16:00:00+00:00,25.8,89.81655,1011.1377,3.096837,125.537766,0.0,93.0,3.0
2019-11-15 17:00:00+00:00,25.5,91.4296,1011.0374,3.2599385,83.659904,0.0,92.0,3.0
2019-11-15 18:00:00+00:00,25.3,91.417336,1010.8373,4.072935,135.0001,0.0,92.0,3.0
2019-11-15 19:00:00+00:00,24.95,92.783165,1010.3368,4.8965297,143.97253,0.0,92.0,3.0
2019-11-15 20:00:00+00:00,25.15,92.793564,1009.9374,3.6,143.13002,0.0,94.0,3.0
2019-11-15 21:00:00+00:00,24.3,94.1614,1009.6361,4.6938257,147.52882,0.4,94.0,51.0
2019-11-15 22:00:00+00:00,24.95,87.87341,1009.2373,2.16,360.0,1.3,91.0,61.0
2019-11-15 23:00:00+00:00,24.7,91.38045,1009.0371,3.396233,327.99466,0.0,84.0,3.0
2019-11-16 00:00:00+00:00,24.4,94.45015,1009.6361,3.7064266,240.94548,0.0,26.0,1.0
2019-11-16 01:00:00+00:00,25.25,91.414276,1010.43713,3.219938,296.56497,0.0,94.0,3.0
2019-11-16 02:00:00+00:00,25.85,90.9045,1011.1377,5.0142193,338.9624,1.2,97.0,55.0
2019-11-16 03:00:00+00:00,26.05,89.83452,1011.73773,6.2145634,10.007925,0.4,99.0,51.0
2019-11-16 04:00:00+00:00,26.3,91.205605,1011.53815,6.638072,12.528798,0.0,98.0,3.0
2019-11-16 05:00:00+00:00,27.45,86.782005,1010.8404,1.8,53.13002,0.0,95.0,3.0
2019-11-16 06:00:00+00:00,28.85,79.74828,1010.7426,7.386582,223.02507,0.1,96.0,51.0
2019-11-16 07:00:00+00:00,27.95,81.31577,1010.34125,12.261157,229.76372,6.0,86.0,63.0
2019-11-16 08:00:00+00:00,26.6,91.769394,1009.9395,4.3349743,221.63345,4.4,85.0,63.0
2019-11-16 09:00:00+00:00,26.95,95.39433,1008.9407,2.16,270.0,0.4,100.0,51.0
2019-11-16 10:00:00+00:00,26.75,97.958626,1008.84033,1.2979984,326.3099,0.6,100.0,53.0
2019-11-16 11:00:00+00:00,26.45,92.58445,1009.33954,1.8,180.0,3.2,96.0,63.0
2019-11-16 12:00:00+00:00,26.6,92.31738,1009.0399,5.0911684,135.0001,1.6,100.0,61.0
2019-11-16 13:00:00+00:00,25.8,94.50627,1009.7384,3.396233,122.00535,0.0,97.0,3.0
2019-11-16 14:00:00+00:00,24.95,95.04126,1010.73663,5.00128,120.256355,0.0,96.0,3.0
2019-11-16 15:00:00+00:00,24.7,95.31833,1011.7359,5.1544156,102.09474,0.0,98.0,3.0
2019-11-16 16:00:00+00:00,24.55,95.31324,1011.83545,4.3498964,65.55606,0.0,99.0,3.0
2019-11-16 17:00:00+00:00,24.2,95.58911,1011.8349,4.2136917,19.983198,0.0,99.0,3.0
2019-11-16 18:00:00+00:00,23.95,95.00493,1011.2348,5.154415,24.775122,0.0,95.0,3.0
2019-11-16 19:00:00+00:00,24.5,92.47992,1010.83594,4.8433046,41.98713,0.0,92.0,3.0
2019-11-16 20:00:00+00:00,24.35,92.75187,1010.03595,4.6800003,22.61991,0.0,89.0,3.0
2019-11-16 21:00:00+00:00,23.6,94.992134,1009.43506,5.3999996,360.0,0.0,41.0,1.0
2019-11-16 22:00:00+00:00,23.4,94.98479,1009.13477,5.1165614,39.289394,0.0,49.0,1.0
2019-11-16 23:00:00+00:00,24.05,92.73616,1009.3357,3.8773184,68.19853,0.0,55.0,2.0
2019-11-17 00:00:00+00:00,24.65,90.27837,1009.73645,5.904439,307.56866,0.1,43.0,51.0
2019-11-17 01:00:00+00:00,25.05,92.23165,1010.6366,7.172949,287.52567,0.0,51.0,2.0
2019-11-17 02:00:00+00:00,26.0,91.18679,1011.63776,3.6,270.0,0.0,54.0,2.0
2019-11-17 03:00:00+00:00,26.75,89.34988,1011.93896,2.6208394,195.94547,0.5,68.0,53.0
2019-11-17 04:00:00+00:00,27.35,87.29176,1011.93994,2.8799999,180.0,0.6,66.0,53.0
2019-11-17 05:00:00+00:00,28.15,86.33219,1011.74097,3.6179552,185.7105,0.1,34.0,51.0
2019-11-17 06:00:00+00:00,28.75,83.12664,1010.6424,6.12,208.07239,0.1,35.0,51.0
2019-11-17 07:00:00+00:00,28.95,79.524345,1009.843,10.009036,217.6943,0.0,26.0,1.0
2019-11-17 08:00:00+00:00,28.25,79.90672,1009.14233,10.97262,221.00899,0.2,55.0,51.0
2019-11-17 09:00:00+00:00,28.2,79.90004,1008.3427,8.891343,238.24055,0.1,61.0,51.0
2019-11-17 10:00:00+00:00,28.1,81.334496,1008.1426,6.4096174,231.84273,0.1,65.0,51.0
2019-11-17 11:00:00+00:00,27.0,92.88859,1008.6408,3.219938,243.43501,1.9,64.0,61.0
2019-11-17 12:00:00+00:00,27.4,87.55657,1008.54144,1.835647,281.3099,0.3,55.0,51.0
2019-11-17 13:00:00+00:00,26.95,89.09888,1009.04065,2.2768397,341.56494,0.0,14.0,0.0
2019-11-17 14:00:00+00:00,27.2,85.98511,1009.74054,1.9386592,338.19852,0.0,15.0,0.0
2019-11-17 15:00:00+00:00,26.85,87.50893,1010.6395,2.0991426,30.963696,0.0,29.0,1.0
2019-11-17 16:00:00+00:00,25.8,92.54989,1011.33765,3.319036,49.398785,0.0,41.0,1.0
2019-11-17 17:00:00+00:00,25.2,94.76591,1011.43665,3.7585104,106.699326,0.0,59.0,2.0
2019-11-17 18:00:00+00:00,25.1,95.04668,1010.9369,3.7585104,106.699326,0.0,33.0,1.0
2019-11-17 19:00:00+00:00,24.85,95.61005,1010.8363,3.6,323.13,0.0,25.0,1.0
2019-11-17 20:00:00+00:00,24.95,93.624374,1010.3368,3.7585104,286.6993,0.1,21.0,51.0
2019-11-17 21:00:00+00:00,25.0,92.78578,1009.837,4.2136917,289.9832,0.0,25.0,1.0
2019-11-17 22:00:00+00:00,24.9,94.1868,1009.5372,3.5455887,293.9625,0.0,31.0,1.0
2019-11-17 23:00:00+00:00,24.0,95.58263,1009.83545,5.2416787,285.94547,0.0,42.0,1.0
2019-11-18 00:00:00+00:00,24.6,95.314896,1009.73645,2.968636,255.96373,0.0,23.0,1.0
2019-11-18 01:00:00+00:00,25.25,93.077805,1010.43713,3.4152596,251.56496,0.0,78.0,2.0
2019-11-18 02:00:00+00:00,26.15,91.46922,1011.43823,1.609969,243.43501,0.0,43.0,1.0
2019-11-18 03:00:00+00:00,27.05,85.71373,1012.2392,2.8116899,219.80553,0.5,73.0,53.0
2019-11-18 04:00:00+00:00,27.7,81.28449,1012.44006,4.8433046,221.98714,0.1,74.0,51.0
2019-11-18 05:00:00+00:00,28.3,77.78647,1011.94116,4.6938257,212.47118,0.0,39.0,1.0
2019-11-18 06:00:00+00:00,28.5,78.28327,1010.94196,5.6233797,219.80553,0.0,39.0,1.0
2019-11-18 07:00:00+00:00,28.65,77.1407,1009.5429,10.182337,224.9999,0.1,61.0,51.0
2019-11-18 08:00:00+00:00,28.2,81.590324,1008.8425,6.618519,224.9999,0.1,96.0,51.0
2019-11-18 09:00:00+00:00,28.15,80.37334,1007.9427,8.14587,224.9999,0.1,84.0,51.0
2019-11-18 10:00:00+00:00,28.4,77.80098,1007.7434,9.290511,215.53777,0.0,80.0,3.0
2019-11-18 11:00:00+00:00,27.7,82.0187,1008.5418,4.510787,208.61037,0.2,69.0,51.0
2019-11-18 12:00:00+00:00,27.6,85.5123,1008.3419,7.289445,237.09476,0.1,78.0,51.0
2019-11-18 13:00:00+00:00,27.1,85.20696,1008.8407,7.8954163,245.77226,0.0,92.0,3.0
2019-11-18 14:00:00+00:00,26.85,86.46775,1009.7399,4.2136917,250.0168,0.0,87.0,3.0
2019-11-18 15:00:00+00:00,26.35,89.31988,1010.8388,4.3498964,245.55606,0.0,71.0,2.0
2019-11-18 16:00:00+00:00,26.5,87.21655,1011.23865,3.8268526,221.18582,0.0,71.0,2.0
2019-11-18 17:00:00+00:00,26.5,86.6948,1011.23865,2.16,90.0,0.0,47.0,1.0
2019-11-18 18:00:00+00:00,25.3,92.80133,1010.6373,4.3498964,65.55606,0.0,63.0,2.0
2019-11-18 19:00:00+00:00,25.4,91.97453,1010.1376,3.9763298,84.805664,0.0,80.0,3.0
2019-11-18 20:00:00+00:00,24.7,94.746826,1009.43695,4.5536795,71.564964,0.0,29.0,1.0
2019-11-18 21:00:00+00:00,25.35,90.32661,1009.138,2.9024127,29.744795,0.1,13.0,51.0
2019-11-18 22:00:00+00:00,24.35,94.448074,1008.6366,3.8939953,326.3099,0.0,13.0,0.0
2019-11-18 23:00:00+00:00,24.75,93.89744,1008.63727,5.3517847,340.3461,0.0,17.0,0.0
2019-11-19 00:00:00+00:00,24.85,93.33844,1009.5369,3.9763298,354.80566,0.0,14.0,0.0
2019-11-19 01:00:00+00:00,24.9,95.61166,1010.3368,2.5959969,326.3099,0.3,36.0,51.0
2019-11-19 02:00:00+00:00,25.95,92.28159,1010.9381,2.9024127,352.87506,0.0,49.0,1.0
2019-11-19 03:00:00+00:00,27.15,86.75459,1011.53973,2.4149535,333.43503,0.1,67.0,51.0
2019-11-19 04:00:00+00:00,28.1,82.312355,1011.9409,3.219938,296.56497,0.0,68.0,2.0
2019-11-19 05:00:00+00:00,28.75,83.12664,1011.74194,5.8048253,277.1249,0.2,81.0,51.0
2019-11-19 06:00:00+00:00,28.7,78.546234,1010.6424,11.525623,255.52966,3.2,80.0,63.0
2019-11-19 07:00:00+00:00,26.9,90.97203,1010.0398,10.00256,239.74365,10.3,100.0,65.0
2019-11-19 08:00:00+00:00,26.85,90.6985,1009.1402,5.8048253,209.7448,2.7,100.0,63.0
2019-11-19 09:00:00+00:00,25.6,98.81901,1008.6385,9.007196,182.29056,6.1,100.0,63.0
2019-11-19 10:00:00+00:00,25.35,99.11147,1008.4384,9.3876505,175.60138,7.2,100.0,63.0
2019-11-19 11:00:00+00:00,25.25,98.22855,1009.2377,8.669949,184.76355,2.5,99.0,63.0
2019-11-19 12:00:00+00:00,25.9,96.5013,1008.8388,1.9386592,21.801476,0.5,99.0,53.0
2019-11-19 13:00:00+00:00,25.1,97.9337,1009.43756,3.0758414,20.556128,1.0,100.0,55.0
2019-11-19 14:00:00+00:00,24.7,99.10715,1010.1366,2.8116899,39.805527,0.4,91.0,51.0
2019-11-19 15:00:00+00:00,24.4,99.1052,1010.8356,2.7416782,66.801384,0.0,93.0,3.0
2019-11-19 16:00:00+00:00,24.0,99.400856,1011.0349,4.39436,55.0079,0.0,89.0,3.0
2019-11-19 17:00:00+00:00,23.6,99.09983,1010.9344,4.2136917,70.01681,0.0,84.0,3.0
2019-11-19 18:00:00+00:00,24.2,92.46363,1010.7354,3.671294,101.3099,0.0,85.0,3.0
2019-11-19 19:00:00+00:00,24.0,93.297325,1010.13525,4.0249224,116.56499,0.0,84.0,3.0
2019-11-19 20:00:00+00:00,23.25,98.79819,1009.0346,6.12,118.072395,0.0,85.0,3.0
2019-11-19 21:00:00+00:00,23.2,98.79775,1008.3349,5.6920996,71.564964,0.0,73.0,2.0
2019-11-19 22:00:00+00:00,22.8,98.19604,1008.23425,4.829907,63.435013,0.0,69.0,2.0
2019-11-19 23:00:00+00:00,22.6,98.79234,1008.13403,6.0347,17.354122,0.0,54.0,2.0
2019-11-20 00:00:00+00:00,24.35,94.16353,1008.7366,9.107359,341.56494,0.0,22.0,1.0
2019-11-20 01:00:00+00:00,24.4,94.16565,1009.2363,3.5455887,336.0375,0.0,78.0,2.0
2019-11-20 02:00:00+00:00,25.7,92.822014,1010.23816,4.6102495,308.65982,0.0,82.0,3.0
2019-11-20 03:00:00+00:00,26.9,88.56505,1010.7395,3.5455887,293.9625,0.0,69.0,2.0
2019-11-20 04:00:00+00:00,27.9,85.28788,1010.64105,3.396233,237.99466,0.0,58.0,2.0
2019-11-20 05:00:00+00:00,28.1,87.35762,1010.5415,2.2768397,198.43504,0.1,57.0,51.0
2019-11-20 06:00:00+00:00,28.8,84.62371,1009.443,6.193674,215.53777,0.2,80.0,51.0
2019-11-20 07:00:00+00:00,28.7,81.1671,1008.6433,8.891344,201.37068,0.2,72.0,51.0
2019-11-20 08:00:00+00:00,28.3,78.96188,1007.74304,8.825508,191.76826,0.4,87.0,51.0
2019-11-20 09:00:00+00:00,27.55,83.9887,1006.9422,7.2805495,188.53069,0.4,87.0,51.0
2019-11-20 10:00:00+00:00,27.55,82.74125,1006.44244,5.634891,206.56499,0.1,91.0,51.0
2019-11-20 11:00:00+00:00,27.4,84.72939,1006.7423,5.3517847,222.27362,0.0,92.0,3.0
2019-11-20 12:00:00+00:00,27.55,86.53309,1006.9422,4.6938252,265.60138,0.0,94.0,3.0
2019-11-20 13:00:00+00:00,27.0,86.22346,1007.8412,5.8603754,312.5104,0.0,92.0,3.0
2019-11-20 14:00:00+00:00,26.75,87.76237,1008.9403,8.049845,349.69522,0.0,87.0,3.0
2019-11-20 15:00:00+00:00,26.05,92.01174,1009.73865,9.746631,355.76367,0.0,93.0,3.0
2019-11-20 16:00:00+00:00,25.65,92.54187,1010.53766,9.826088,331.55716,0.0,96.0,3.0
2019-11-20 17:00:00+00:00,25.5,92.81169,1010.73755,8.714677,321.70978,0.0,94.0,3.0
2019-11-20 18:00:00+00:00,25.3,93.640526,1010.33746,8.534353,332.3541,0.0,94.0,3.0
2019-11-20 19:00:00+00:00,25.1,93.912865,1010.1372,6.28713,346.75946,0.0,94.0,3.0
2019-11-20 20:00:00+00:00,24.7,95.03221,1009.23706,3.0547013,315.0001,0.0,99.0,3.0
2019-11-20 21:00:00+00:00,24.25,96.1686,1008.5364,3.219938,333.43503,0.0,92.0,3.0
2019-11-20 22:00:00+00:00,24.4,95.883835,1008.03687,1.835647,281.3099,0.0,87.0,3.0
2019-11-20 23:00:00+00:00,24.6,94.458176,1008.3371,2.5455842,315.0001,0.0,88.0,3.0
2019-11-21 00:00:00+00:00,24.9,91.39277,1008.6375,0.8049845,333.43503,0.0,82.0,3.0
2019-11-21 01:00:00+00:00,24.65,93.61052,1009.1367,3.6179552,354.2895,0.1,97.0,51.0
2019-11-21 02:00:00+00:00,25.6,92.26222,1009.9379,1.5273507,315.0001,0.0,91.0,3.0
2019-11-21 03:00:00+00:00,26.95,86.99601,1010.8398,4.6102495,231.34016,0.0,86.0,3.0
2019-11-21 04:00:00+00:00,27.8,85.53215,1011.24084,1.8,270.0,0.1,71.0,51.0
2019-11-21 05:00:00+00:00,28.2,83.06392,1011.0415,1.609969,63.435013,0.1,70.0,51.0
2019-11-21 06:00:00+00:00,28.8,82.39534,1010.3425,1.835647,191.30989,0.1,32.0,51.0
2019-11-21 07:00:00+00:00,29.15,81.464836,1009.3436,6.130579,183.3664,0.1,47.0,51.0
2019-11-21 08:00:00+00:00,28.3,82.5819,1008.74255,8.350138,172.56868,0.1,35.0,51.0
2019-11-21 09:00:00+00:00,28.85,80.46428,1007.84393,2.8116899,129.80553,0.3,53.0,51.0
2019-11-21 10:00:00+00:00,28.6,81.882935,1007.5438,3.6,180.0,0.2,22.0,51.0
2019-11-21 11:00:00+00:00,28.05,83.54361,1008.04266,4.39436,235.0079,0.6,30.0,53.0
2019-11-21 12:00:00+00:00,27.2,88.853134,1008.44116,6.849467,273.01273,0.1,29.0,51.0
2019-11-21 13:00:00+00:00,26.9,86.472466,1009.2402,5.8048253,299.74478,0.0,11.0,0.0
2019-11-21 14:00:00+00:00,26.6,87.22542,1010.0394,5.6002855,315.0001,0.0,27.0,1.0
2019-11-21 15:00:00+00:00,26.45,88.264206,1010.93884,7.8954163,294.22772,0.0,18.0,0.0
2019-11-21 16:00:00+00:00,26.1,89.56922,1011.3379,5.8048253,299.74478,0.0,5.0,0.0
2019-11-21 17:00:00+00:00,25.85,90.36088,1011.23773,5.1919937,326.3099,0.0,24.0,1.0
2019-11-21 18:00:00+00:00,25.65,90.89154,1010.8375,5.3999996,323.13004,0.0,12.0,0.0
2019-11-21 19:00:00+00:00,25.65,90.89154,1010.43774,4.8965297,323.97253,0.0,27.0,1.0
2019-11-21 20:00:00+00:00,25.1,93.912865,1009.53754,4.1046314,322.12494,0.0,39.0,1.0
2019-11-21 21:00:00+00:00,23.9,96.74118,1009.0358,5.3517847,340.3461,0.0,62.0,2.0
2019-11-21 22:00:00+00:00,23.9,96.44956,1008.8359,4.379589,9.462248,0.0,54.0,2.0
2019-11-21 23:00:00+00:00,24.75,91.93702,1009.1371,1.835647,78.6901,0.0,28.0,1.0
2019-11-22 00:00:00+00:00,24.2,92.74402,1009.53595,4.2136917,19.983198,0.0,25.0,1.0
2019-11-22 01:00:00+00:00,24.25,91.908005,1010.3356,3.5455887,23.962492,0.0,19.0,0.0
2019-11-22 02:00:00+00:00,25.4,92.25111,1011.1371,1.609969,26.564985,0.0,28.0,1.0
2019-11-22 03:00:00+00:00,26.55,88.00852,1011.53876,0.71999997,270.0,0.0,32.0,1.0
2019-11-22 04:00:00+00:00,27.95,80.10667,1012.04047,2.7416782,203.19862,0.2,66.0,51.0
2019-11-22 05:00:00+00:00,28.5,77.35013,1011.9415,3.319036,192.5288,0.3,90.0,51.0
2019-11-22 06:00:00+00:00,28.65,81.88901,1011.2422,2.1897945,189.46225,0.3,93.0,51.0
2019-11-22 07:00:00+00:00,27.6,87.83455,1010.14105,5.1544156,167.90526,0.4,96.0,51.0
2019-11-22 08:00:00+00:00,27.75,82.517265,1008.94165,5.5887027,194.93147,0.2,94.0,51.0
2019-11-22 09:00:00+00:00,27.9,81.06638,1008.3421,6.162207,186.70975,0.1,94.0,51.0
2019-11-22 10:00:00+00:00,27.7,82.75869,1008.8417,4.0249224,206.56499,0.8,97.0,53.0
2019-11-22 11:00:00+00:00,26.4,90.398384,1009.33954,5.4477882,187.59456,2.0,100.0,61.0
2019-11-22 12:00:00+00:00,26.25,92.02314,1009.3392,5.8603754,169.3804,0.1,97.0,51.0
2019-11-22 13:00:00+00:00,25.9,90.36432,1010.03827,7.145796,220.91429,0.1,97.0,51.0
2019-11-22 14:00:00+00:00,26.0,87.96233,1010.73816,6.989936,235.49141,0.0,98.0,3.0
2019-11-22 15:00:00+00:00,26.5,84.89013,1011.6384,2.7416782,203.19862,0.0,99.0,3.0
2019-11-22 16:00:00+00:00,25.85,88.214806,1012.03735,3.0547013,135.0001,0.0,99.0,3.0
2019-11-22 17:00:00+00:00,24.8,94.18256,1011.93585,4.8433046,131.98714,0.0,100.0,3.0
2019-11-22 18:00:00+00:00,24.85,93.61979,1011.536,4.0249224,190.3048,0.0,99.0,3.0
2019-11-22 19:00:00+00:00,25.05,92.50967,1010.9365,2.968636,255.96373,0.0,99.0,3.0
2019-11-22 20:00:00+00:00,24.55,94.4562,1010.23627,4.6800003,292.6199,0.0,99.0,3.0
2019-11-22 21:00:00+00:00,24.45,95.02314,1009.6361,4.6800003,337.3801,0.0,75.0,2.0
2019-11-22 22:00:00+00:00,24.2,95.58911,1009.43604,3.9763298,354.80566,0.0,6.0,0.0
2019-11-22 23:00:00+00:00,23.65,95.57129,1009.6349,4.6800003,22.61991,0.0,8.0,0.0
2019-11-23 00:00:00+00:00,23.55,95.2788,1009.43506,4.5820518,44.999897,0.0,65.0,2.0
2019-11-23 01:00:00+00:00,24.6,90.27489,1010.23627,2.9024127,29.744795,0.0,95.0,3.0
2019-11-23 02:00:00+00:00,25.65,94.21831,1011.43726,2.0991426,210.96368,0.0,85.0,3.0
2019-11-23 03:00:00+00:00,27.25,87.8049,1012.23944,4.0249224,206.56499,0.0,70.0,2.0
2019-11-23 04:00:00+00:00,28.3,78.96188,1012.54083,3.2599385,186.3401,0.2,49.0,51.0
2019-11-23 05:00:00+00:00,28.75,75.325775,1012.1417,3.219938,116.56499,0.2,35.0,51.0
2019-11-23 06:00:00+00:00,29.5,71.05214,1011.1434,4.379589,80.53775,0.2,24.0,51.0
2019-11-23 07:00:00+00:00,30.2,66.42082,1009.94495,2.9024127,97.12492,0.1,32.0,51.0
2019-11-23 08:00:00+00:00,30.45,64.68888,1008.74585,0.8049845,206.56499,0.0,39.0,1.0
2019-11-23 09:00:00+00:00,29.85,67.76986,1008.04517,3.671294,191.30989,0.0,52.0,2.0
2019-11-23 10:00:00+00:00,29.2,77.2222,1007.24457,7.0911775,203.9625,0.0,32.0,1.0
2019-11-23 11:00:00+00:00,28.75,82.14492,1007.34393,6.489992,199.44012,0.0,7.0,0.0
2019-11-23 12:00:00+00:00,28.5,82.85142,1007.6434,4.896529,162.89719,0.0,9.0,0.0
2019-11-23 13:00:00+00:00,27.55,82.49368,1008.34155,4.1046314,142.12495,0.0,30.0,1.0
2019-11-23 14:00:00+00:00,27.7,77.933754,1009.34143,6.1305785,139.76372,0.0,1.0,0.0
2019-11-23 15:00:00+00:00,26.55,85.151024,1010.1394,5.00128,149.74365,0.0,1.0,0.0
2019-11-23 16:00:00+00:00,26.7,82.891174,1010.83905,4.829907,153.43501,0.0,9.0,0.0
2019-11-23 17:00:00+00:00,27.65,76.75918,1010.5409,2.16,180.0,0.0,44.0,1.0
2019-11-23 18:00:00+00:00,27.4,77.65526,1010.24066,1.5273507,224.9999,0.0,87.0,3.0
2019-11-23 19:00:00+00:00,25.5,87.390816,1009.73804,4.1046314,232.12495,0.0,92.0,3.0
2019-11-23 20:00:00+00:00,27.0,78.305176,1009.14056,1.08,270.0,0.0,94.0,3.0
2019-11-23 21:00:00+00:00,25.55,85.56514,1008.2387,3.6,323.13,0.0,95.0,3.0
2019-11-23 22:00:00+00:00,24.75,89.46919,1007.9377,3.7064266,299.0545,0.0,90.0,3.0
2019-11-23 23:00:00+00:00,24.25,90.800125,1008.2366,5.0528407,274.08554,0.0,82.0,3.0
2019-11-24 00:00:00+00:00,24.7,89.19477,1008.63727,5.1165614,39.289394,0.0,2.0,0.0
2019-11-24 01:00:00+00:00,24.95,89.21385,1009.4372,3.319036,40.601215,0.0,93.0,3.0
2019-11-24 02:00:00+00:00,26.25,85.63473,1010.3387,2.9024127,7.12493,0.0,82.0,3.0
2019-11-24 03:00:00+00:00,27.45,83.72682,1011.04034,2.6208394,285.94547,0.0,81.0,3.0
2019-11-24 04:00:00+00:00,28.5,75.51306,1011.2418,1.609969,333.43503,0.0,95.0,3.0
2019-11-24 05:00:00+00:00,29.15,71.63433,1010.743,2.9024127,299.74478,0.0,93.0,3.0
2019-11-24 06:00:00+00:00,30.45,64.884834,1009.74536,3.96,360.0,0.0,98.0,3.0
2019-11-24 07:00:00+00:00,30.75,63.588154,1008.5465,1.2979984,326.3099,0.1,87.0,51.0
2019-11-24 08:00:00+00:00,30.6,63.942116,1007.44666,3.8939953,213.6901,0.1,63.0,51.0
2019-11-24 09:00:00+00:00,29.2,74.72228,1006.9447,10.44,223.60289,0.1,76.0,51.0
2019-11-24 10:00:00+00:00,28.95,74.011604,1006.94434,10.308831,257.90524,0.1,81.0,51.0
2019-11-24 11:00:00+00:00,27.65,81.03472,1008.04205,7.6367526,261.87,2.0,88.0,61.0
2019-11-24 12:00:00+00:00,28.2,79.66112,1007.84296,9.422101,263.41815,5.1,100.0,63.0
2019-11-24 13:00:00+00:00,26.4,85.649605,1008.7398,12.620554,273.27042,0.2,44.0,51.0
2019-11-24 14:00:00+00:00,26.35,84.87456,1009.63934,9.3669195,267.79745,0.0,64.0,2.0
2019-11-24 15:00:00+00:00,26.45,85.65453,1010.439,8.311245,287.6502,0.0,89.0,3.0
2019-11-24 16:00:00+00:00,26.55,87.22102,1011.039,7.2805495,278.53067,0.0,85.0,3.0
2019-11-24 17:00:00+00:00,25.8,91.997444,1011.23773,4.39436,214.9921,0.0,82.0,3.0
2019-11-24 18:00:00+00:00,26.05,90.374565,1010.9381,4.1046314,164.74483,0.0,91.0,3.0
2019-11-24 19:00:00+00:00,25.75,91.71935,1010.4381,4.0249224,153.43501,0.0,94.0,3.0
2019-11-24 20:00:00+00:00,25.55,91.98313,1009.4382,2.8799999,180.0,0.0,96.0,3.0
2019-11-24 21:00:00+00:00,25.2,92.23998,1009.0377,2.9024127,209.7448,0.0,99.0,3.0
2019-11-24 22:00:00+00:00,24.9,93.90408,1008.3377,4.072935,315.0001,0.0,99.0,3.0
2019-11-24 23:00:00+00:00,24.95,93.90625,1008.03784,6.379216,16.389616,0.0,99.0,3.0
2019-11-25 00:00:00+00:00,24.95,95.613235,1008.13776,3.6,306.86996,0.0,98.0,3.0
2019-11-25 01:00:00+00:00,25.05,94.19312,1009.03735,3.219938,206.56499,0.0,100.0,3.0
2019-11-25 02:00:00+00:00,26.4,91.75771,1009.9393,3.8773184,201.80147,0.0,100.0,3.0
2019-11-25 03:00:00+00:00,27.35,88.337746,1010.7405,3.8773184,158.19853,0.0,100.0,3.0
2019-11-25 04:00:00+00:00,28.35,82.09699,1010.8416,4.6938257,147.52882,0.0,100.0,3.0
2019-11-25 05:00:00+00:00,29.1,76.51806,1010.643,6.439876,116.56499,0.0,99.0,3.0
2019-11-25 06:00:00+00:00,29.75,71.31103,1009.14465,4.6800003,67.3801,0.0,99.0,3.0
2019-11-25 07:00:00+00:00,30.6,65.30921,1008.2463,4.3349743,85.23644,0.0,100.0,3.0
2019-11-25 08:00:00+00:00,29.55,73.0086,1007.74493,6.725354,164.47583,0.1,98.0,51.0
2019-11-25 09:00:00+00:00,28.7,83.86419,1006.34436,2.5959969,56.309914,1.3,99.0,61.0
2019-11-25 10:00:00+00:00,28.85,80.704216,1005.9448,4.5536795,18.435053,0.1,99.0,51.0
2019-11-25 11:00:00+00:00,28.9,79.28089,1006.04474,2.5455842,278.13,0.0,99.0,3.0
2019-11-25 12:00:00+00:00,28.7,74.19334,1006.6442,4.1046314,142.12495,0.0,100.0,3.0
2019-11-25 13:00:00+00:00,27.85,76.55802,1007.0427,4.8433046,131.98714,0.0,100.0,3.0
2019-11-25 14:00:00+00:00,27.0,80.22251,1008.241,7.2359104,84.2895,0.0,100.0,3.0
2019-11-25 15:00:00+00:00,27.45,71.548515,1008.9413,7.0911775,66.037506,0.0,100.0,3.0
2019-11-25 16:00:00+00:00,27.1,71.70484,1009.14056,9.826088,61.55718,0.0,93.0,3.0
2019-11-25 17:00:00+00:00,26.5,77.05235,1008.93976,5.6233797,39.805527,0.0,97.0,3.0
2019-11-25 18:00:00+00:00,26.8,75.24305,1008.84033,2.968636,255.96373,0.0,75.0,2.0
2019-11-25 19:00:00+00:00,26.2,79.3895,1008.4396,3.6,270.0,0.0,33.0,1.0
2019-11-25 20:00:00+00:00,25.55,83.51476,1007.639,3.8939953,303.6901,0.0,87.0,3.0
2019-11-25 21:00:00+00:00,25.05,87.35108,1007.13824,4.0249224,333.43503,0.0,83.0,3.0
2019-11-25 22:00:00+00:00,24.9,90.29567,1006.93835,3.219938,296.56497,0.0,83.0,3.0
2019-11-25 23:00:00+00:00,25.75,89.81293,1007.53937,4.73506,278.74606,0.0,89.0,3.0
2019-11-26 00:00:00+00:00,25.3,82.72768,1007.33887,5.04,180.0,0.0,86.0,3.0
2019-11-26 01:00:00+00:00,26.4,77.03734,1007.7403,2.9024127,172.87508,0.0,69.0,2.0
2019-11-26 02:00:00+00:00,26.55,81.87896,1008.5401,2.5455842,81.86999,0.0,36.0,1.0
2019-11-26 03:00:00+00:00,27.7,80.31452,1009.14154,0.71999997,270.0,0.0,51.0,2.0
2019-11-26 04:00:00+00:00,29.0,68.01508,1009.54315,6.830519,71.564964,0.0,68.0,2.0
2019-11-26 05:00:00+00:00,29.6,65.10226,1009.0444,10.239453,79.87539,0.0,51.0,2.0
2019-11-26 06:00:00+00:00,30.7,60.563725,1008.34656,12.224107,76.37299,0.0,67.0,2.0
2019-11-26 07:00:00+00:00,31.45,56.97726,1007.04816,11.525623,88.21013,0.0,76.0,2.0
2019-11-26 08:00:00+00:00,31.3,59.422913,1006.14813,8.311245,107.650215,0.0,78.0,2.0
2019-11-26 09:00:00+00:00,30.6,62.981026,1005.2476,4.198285,149.03632,0.0,86.0,3.0
2019-11-26 10:00:00+00:00,30.55,61.271793,1005.2476,4.2136917,70.01681,0.0,89.0,3.0
2019-11-26 11:00:00+00:00,29.9,66.96538,1005.6465,5.495161,31.607454,0.0,86.0,3.0
2019-11-26 12:00:00+00:00,28.65,83.85873,1005.7446,0.71999997,270.0,0.0,23.0,1.0
2019-11-26 13:00:00+00:00,28.45,81.86471,1006.0441,1.835647,78.6901,0.0,37.0,1.0
2019-11-26 14:00:00+00:00,27.4,87.81766,1007.1421,2.5959969,213.6901,0.0,31.0,1.0
2019-11-26 15:00:00+00:00,26.9,87.25206,1008.24066,4.6938252,184.39862,0.0,19.0,0.0
2019-11-26 16:00:00+00:00,26.6,84.39127,1008.4402,5.5887027,104.93147,0.0,10.0,0.0
2019-11-26 17:00:00+00:00,26.15,83.835144,1008.3396,3.8939953,33.6901,0.0,8.0,0.0
2019-11-26 18:00:00+00:00,25.15,89.76959,1008.1381,4.072935,315.0001,0.0,53.0,2.0
2019-11-26 19:00:00+00:00,25.65,87.140686,1007.83887,4.6800003,292.6199,0.0,74.0,2.0
2019-11-26 20:00:00+00:00,25.65,87.932816,1007.539,4.2136917,289.9832,0.0,87.0,3.0
2019-11-26 21:00:00+00:00,25.35,89.78402,1006.9391,4.452954,345.9637,0.0,45.0,1.0
2019-11-26 22:00:00+00:00,24.75,89.7405,1006.83813,5.0911684,8.130019,0.0,31.0,1.0
2019-11-26 23:00:00+00:00,24.55,87.0415,1006.83777,5.8603754,349.3804,0.0,3.0,0.0
2019-11-27 00:00:00+00:00,24.55,87.0415,1007.0377,5.506941,11.3098955,0.0,2.0,0.0
2019-11-27 01:00:00+00:00,24.7,86.26435,1007.43787,3.563818,44.999897,0.0,71.0,2.0
2019-11-27 02:00:00+00:00,25.75,84.04516,1008.2391,3.6179552,84.2895,0.0,80.0,3.0
2019-11-27 03:00:00+00:00,27.35,79.786415,1009.1412,2.6208394,105.945465,0.0,79.0,2.0
2019-11-27 04:00:00+00:00,28.8,73.54254,1009.8428,3.6,180.0,0.0,85.0,3.0
2019-11-27 05:00:00+00:00,29.55,68.12214,1009.844,1.2979984,146.3099,0.3,85.0,51.0
2019-11-27 06:00:00+00:00,29.75,68.98882,1008.8448,2.9024127,262.8751,0.1,89.0,51.0
2019-11-27 07:00:00+00:00,30.15,69.48113,1007.54596,5.3517847,289.6539,0.0,93.0,3.0
2019-11-27 08:00:00+00:00,30.25,68.8763,1006.1466,4.379589,279.46225,0.2,91.0,51.0
2019-11-27 09:00:00+00:00,29.8,72.614914,1005.44635,6.792466,237.99466,0.0,71.0,2.0
2019-11-27 10:00:00+00:00,29.6,74.5635,1005.2461,7.928177,230.52757,0.0,65.0,2.0
2019-11-27 11:00:00+00:00,29.3,75.187386,1005.94556,8.0899935,237.72438,0.0,47.0,1.0
2019-11-27 12:00:00+00:00,28.55,77.58982,1005.6443,5.5887027,255.06853,0.0,18.0,0.0
2019-11-27 13:00:00+00:00,27.65,79.10941,1006.64264,4.6800003,247.3801,0.0,87.0,3.0
2019-11-27 14:00:00+00:00,26.9,86.213936,1007.74084,3.6179552,275.7105,0.0,93.0,3.0
2019-11-27 15:00:00+00:00,27.3,80.99029,1008.9409,5.8048253,29.744795,0.0,91.0,3.0
2019-11-27 16:00:00+00:00,27.4,71.977646,1009.44104,10.685391,57.380775,0.0,69.0,2.0
2019-11-27 17:00:00+00:00,26.7,70.32505,1009.6396,7.2,36.86999,0.0,66.0,2.0
2019-11-27 18:00:00+00:00,26.15,72.868,1009.1392,7.6367526,8.130019,0.0,57.0,2.0
2019-11-27 19:00:00+00:00,25.65,77.16025,1008.6385,7.928178,2.6025116,0.0,26.0,1.0
2019-11-27 20:00:00+00:00,24.8,81.66325,1007.63776,7.0911775,23.962492,0.0,36.0,1.0
2019-11-27 21:00:00+00:00,24.35,83.63455,1006.9374,5.95906,25.016869,0.0,41.0,1.0
2019-11-27 22:00:00+00:00,24.15,85.42439,1006.73724,3.8939953,33.6901,0.0,31.0,1.0
2019-11-27 23:00:00+00:00,23.95,86.19233,1007.03674,5.4833565,66.801384,0.0,35.0,1.0
2019-11-28 00:00:00+00:00,24.65,82.651,1007.73737,9.9571085,102.5288,0.0,55.0,2.0
2019-11-28 01:00:00+00:00,24.8,83.175545,1008.2375,8.209263,105.25517,0.1,75.0,51.0
2019-11-28 02:00:00+00:00,25.55,84.27856,1009.3382,6.924738,98.97255,0.0,89.0,3.0
2019-11-28 03:00:00+00:00,26.75,84.15389,1010.0398,5.1544156,102.09474,0.0,92.0,3.0
2019-11-28 04:00:00+00:00,28.4,78.73956,1010.34216,2.6208394,105.945465,0.0,86.0,3.0
2019-11-28 05:00:00+00:00,29.45,68.93174,1010.34375,4.198285,59.03632,0.0,90.0,3.0
2019-11-28 06:00:00+00:00,30.05,65.79073,1009.64465,5.1165614,39.289394,0.0,89.0,3.0
2019-11-28 07:00:00+00:00,31.0,62.308773,1008.5469,3.396233,32.005356,0.0,77.0,2.0
2019-11-28 08:00:00+00:00,31.1,62.330585,1007.84717,1.2979984,213.6901,0.0,71.0,2.0
2019-11-28 09:00:00+00:00,29.6,70.00825,1007.44507,5.4119864,183.814,0.3,59.0,51.0
2019-11-28 10:00:00+00:00,29.15,73.822655,1006.54486,6.9153743,231.34016,0.1,91.0,51.0
2019-11-28 11:00:00+00:00,28.9,76.48772,1006.74445,3.563818,224.9999,0.0,56.0,2.0
2019-11-28 12:00:00+00:00,28.7,80.20536,1006.44434,4.3349743,221.63345,0.0,47.0,1.0
2019-11-28 13:00:00+00:00,27.95,84.282974,1007.14264,3.7585104,163.30067,0.0,36.0,1.0
2019-11-28 14:00:00+00:00,27.25,85.222176,1008.14124,6.849467,86.98728,0.0,36.0,1.0
2019-11-28 15:00:00+00:00,27.5,78.61326,1008.7414,5.495161,58.392544,0.0,5.0,0.0
2019-11-28 16:00:00+00:00,27.45,75.34677,1009.0412,3.7585104,16.699326,0.0,5.0,0.0
2019-11-28 17:00:00+00:00,26.65,80.663025,1009.6396,2.5455842,278.13,0.0,24.0,1.0
2019-11-28 18:00:00+00:00,25.5,90.881805,1009.63806,4.68,270.0,0.0,70.0,2.0
2019-11-28 19:00:00+00:00,25.2,93.91729,1008.9378,5.1165614,309.28937,0.0,96.0,3.0
2019-11-28 20:00:00+00:00,24.9,95.61166,1008.13776,4.5820518,315.0001,0.0,99.0,3.0
2019-11-28 21:00:00+00:00,24.85,95.03766,1007.63776,3.8939953,326.3099,0.0,98.0,3.0
2019-11-28 22:00:00+00:00,25.1,93.35045,1007.73834,3.2399998,360.0,0.0,97.0,3.0
2019-11-28 23:00:00+00:00,24.95,91.94855,1007.738,2.8116899,39.805527,0.1,98.0,51.0
2019-11-29 00:00:00+00:00,26.2,89.04131,1008.1397,1.08,180.0,0.6,99.0,53.0
2019-11-29 01:00:00+00:00,25.9,93.11015,1008.8388,1.8,126.86999,0.1,96.0,51.0
2019-11-29 02:00:00+00:00,25.7,90.62233,1009.7384,8.287822,124.3804,0.7,97.0,53.0
2019-11-29 03:00:00+00:00,26.3,88.78261,1010.3387,5.154415,114.775116,0.1,97.0,51.0
2019-11-29 04:00:00+00:00,27.65,84.50282,1010.6408,5.0142193,158.96242,0.0,97.0,3.0
2019-11-29 05:00:00+00:00,28.7,77.84443,1010.0427,6.489992,199.44012,0.2,96.0,51.0
2019-11-29 06:00:00+00:00,29.35,74.970604,1009.5439,4.6938252,184.39862,0.4,94.0,51.0
2019-11-29 07:00:00+00:00,29.65,74.34903,1008.34503,5.2416787,195.94547,0.2,98.0,51.0
2019-11-29 08:00:00+00:00,28.45,80.893974,1007.2436,4.896529,287.1028,0.4,97.0,51.0
2019-11-29 09:00:00+00:00,27.6,85.5123,1006.94257,4.0249224,280.30478,0.6,96.0,53.0
2019-11-29 10:00:00+00:00,27.4,86.77747,1006.9422,5.5887027,255.06853,0.5,99.0,53.0
2019-11-29 11:00:00+00:00,26.75,88.55302,1007.2411,8.707237,240.2552,1.3,96.0,61.0
2019-11-29 12:00:00+00:00,27.15,85.212074,1007.3416,9.659814,243.43501,0.8,98.0,53.0
2019-11-29 13:00:00+00:00,26.7,88.02104,1008.14026,7.8954163,226.8476,0.2,100.0,51.0
2019-11-29 14:00:00+00:00,25.9,91.454,1009.23865,8.209263,195.25517,3.0,100.0,63.0
2019-11-29 15:00:00+00:00,25.8,93.94365,1009.9383,6.9527545,201.25058,0.1,98.0,51.0
2019-11-29 16:00:00+00:00,25.7,93.93925,1010.4381,3.9763298,185.19434,0.1,100.0,51.0
2019-11-29 17:00:00+00:00,26.15,88.239525,1010.53864,1.484318,14.036275,0.2,100.0,51.0
2019-11-29 18:00:00+00:00,24.8,98.81201,1009.7368,3.6179552,354.2895,0.2,100.0,51.0
2019-11-29 19:00:00+00:00,24.6,99.10651,1008.9368,4.0249224,296.56497,0.1,100.0,51.0
2019-11-29 20:00:00+00:00,24.55,98.80982,1008.83685,4.1046314,195.25517,0.2,100.0,51.0
2019-11-29 21:00:00+00:00,24.65,99.40376,1008.13715,2.7416782,113.19862,0.3,100.0,51.0
2019-11-29 22:00:00+00:00,24.2,99.40178,1007.83673,3.5455887,66.037506,0.1,100.0,51.0
2019-11-29 23:00:00+00:00,24.05,99.40113,1008.3361,3.219938,206.56499,0.0,100.0,3.0
2019-11-30 00:00:00+00:00,24.9,91.94571,1008.5376,3.9763298,174.80566,3.0,100.0,63.0
2019-11-30 01:00:00+00:00,24.3,99.104515,1009.33624,5.3999996,143.13002,4.5,100.0,63.0
2019-11-30 02:00:00+00:00,24.15,99.10353,1010.0357,5.495161,148.39255,5.7,100.0,63.0
2019-11-30 03:00:00+00:00,24.25,99.401985,1010.53546,4.072935,135.0001,4.7,100.0,63.0
2019-11-30 04:00:00+00:00,25.45,93.6474,1010.4375,1.609969,153.43501,0.6,100.0,53.0
2019-11-30 05:00:00+00:00,26.55,91.493484,1010.1394,2.0364676,315.0001,0.0,100.0,3.0
2019-11-30 06:00:00+00:00,27.5,83.48213,1009.8408,4.6102495,308.65982,0.0,100.0,3.0
2019-11-30 07:00:00+00:00,28.05,80.3603,1008.8423,3.9763298,264.80566,0.2,99.0,51.0
2019-11-30 08:00:00+00:00,27.9,84.02676,1007.64246,4.6800003,247.3801,0.2,100.0,51.0
2019-11-30 09:00:00+00:00,27.35,88.337746,1006.9422,3.6179552,174.2895,0.3,100.0,51.0
2019-11-30 10:00:00+00:00,27.15,84.95731,1006.84186,6.4799995,180.0,1.5,99.0,61.0
2019-11-30 11:00:00+00:00,26.65,90.14605,1007.4407,10.028439,201.03758,0.2,100.0,51.0
2019-11-30 12:00:00+00:00,25.85,94.22667,1007.9392,7.42159,230.90614,1.4,100.0,61.0
2019-11-30 13:00:00+00:00,25.35,98.8168,1008.8382,3.6,180.0,4.0,100.0,63.0
2019-11-30 14:00:00+00:00,25.05,99.1095,1009.73706,2.9024127,119.74479,2.9,100.0,63.0
2019-11-30 15:00:00+00:00,24.85,99.10817,1010.1366,3.319036,102.5288,1.7,100.0,61.0
2019-11-30 16:00:00+00:00,24.8,99.40446,1010.4365,4.32,90.0,1.0,100.0,55.0
2019-11-30 17:00:00+00:00,24.7,99.10715,1010.33655,3.4152596,108.43504,0.6,100.0,53.0
2019-11-30 18:00:00+00:00,24.6,99.10651,1010.0363,3.319036,102.5288,0.4,100.0,51.0
2019-11-30 19:00:00+00:00,24.55,99.10618,1009.6365,6.9153743,141.34016,0.2,100.0,51.0
2019-11-30 20:00:00+00:00,25.2,94.48231,1009.2377,9.422101,133.45189,0.1,100.0,51.0
2019-11-30 21:00:00+00:00,24.7,96.18122,1008.7373,9.178235,78.6901,0.1,100.0,51.0
2019-11-30 22:00:00+00:00,24.2,95.87776,1008.2366,7.289444,69.775055,0.1,100.0,51.0
2019-11-30 23:00:00+00:00,24.5,91.64491,1007.9373,7.342588,78.6901,0.1,100.0,51.0
2019-12-01 00:00:00+00:00,24.05,95.29606,1008.636,18.03237,116.05344,0.1,100.0,51.0
2019-12-01 01:00:00+00:00,23.8,98.80315,1009.33545,14.182355,113.962494,0.9,100.0,53.0
2019-12-01 02:00:00+00:00,24.1,99.103165,1010.43555,13.044722,129.40063,1.6,100.0,61.0
2019-12-01 03:00:00+00:00,24.45,99.4029,1011.13544,10.587918,125.311295,1.6,100.0,61.0
2019-12-01 04:00:00+00:00,24.5,99.40308,1011.3357,10.97262,138.99101,2.1,100.0,61.0
2019-12-01 05:00:00+00:00,25.25,99.4064,1011.1368,12.904882,157.01126,1.3,100.0,61.0
2019-12-01 06:00:00+00:00,25.0,99.40531,1010.9365,15.042659,158.96242,2.6,100.0,63.0
2019-12-01 07:00:00+00:00,24.8,98.22266,1010.33655,15.683774,148.13406,3.6,100.0,63.0
2019-12-01 08:00:00+00:00,24.6,99.10651,1009.53656,13.570615,158.19853,2.4,100.0,61.0
2019-12-01 09:00:00+00:00,25.4,92.52847,1008.7382,13.441071,159.62349,1.4,100.0,61.0
2019-12-01 10:00:00+00:00,24.9,98.8129,1008.5376,12.261158,176.6336,0.8,100.0,53.0
2019-12-01 11:00:00+00:00,24.45,98.8089,1008.6366,14.471821,174.2895,1.9,99.0,61.0
2019-12-01 12:00:00+00:00,26.5,85.40235,1007.8402,9.531505,100.88548,1.2,100.0,55.0
2019-12-01 13:00:00+00:00,26.0,83.81854,1008.5392,9.449572,107.74477,0.0,100.0,3.0
2019-12-01 14:00:00+00:00,25.7,85.321625,1009.6384,11.384199,108.43504,0.0,100.0,3.0
2019-12-01 15:00:00+00:00,25.25,84.75966,1010.63696,11.27553,106.699326,0.0,85.0,3.0
2019-12-01 16:00:00+00:00,25.0,83.198524,1011.4363,10.636766,113.962494,0.0,66.0,2.0
2019-12-01 17:00:00+00:00,25.1,82.956726,1011.5366,12.413477,119.53869,0.0,24.0,1.0
2019-12-01 18:00:00+00:00,24.95,82.1828,1011.3363,10.630672,118.30067,0.0,15.0,0.0
2019-12-01 19:00:00+00:00,24.65,84.696465,1010.83594,9.585739,124.286934,0.0,47.0,1.0
2019-12-01 20:00:00+00:00,24.8,85.7506,1010.0367,8.404285,133.26433,0.0,36.0,1.0
2019-12-01 21:00:00+00:00,24.85,85.49501,1009.5369,9.686609,138.01286,0.0,22.0,1.0
2019-12-01 22:00:00+00:00,24.85,85.23518,1008.9372,9.673221,135.0001,0.0,22.0,1.0
2019-12-01 23:00:00+00:00,24.85,85.49501,1009.0371,9.220499,128.65984,0.0,16.0,0.0
2019-12-02 00:00:00+00:00,25.3,82.97998,1009.6378,9.726664,141.009,0.0,21.0,1.0
2019-12-02 01:00:00+00:00,25.35,83.74643,1010.23755,10.182337,135.0001,0.0,87.0,3.0
2019-12-02 02:00:00+00:00,25.75,86.10383,1010.8379,11.183201,123.17853,0.0,80.0,3.0
2019-12-02 03:00:00+00:00,26.55,82.873795,1011.53876,8.4963045,126.384445,0.0,99.0,3.0
2019-12-02 04:00:00+00:00,27.05,79.98729,1011.83936,6.439876,116.56499,0.0,98.0,3.0
2019-12-02 05:00:00+00:00,28.1,75.4499,1011.3411,4.2136917,109.98319,0.0,62.0,2.0
2019-12-02 06:00:00+00:00,29.3,73.185524,1010.6434,0.71999997,90.0,0.0,64.0,2.0
2019-12-02 07:00:00+00:00,29.8,70.04529,1009.4446,2.2768397,251.56496,0.1,89.0,51.0
2019-12-02 08:00:00+00:00,29.4,73.64301,1008.4444,5.3999996,233.13002,0.1,96.0,51.0
2019-12-02 09:00:00+00:00,28.5,84.34165,1007.6434,7.42159,202.8337,2.9,97.0,63.0
2019-12-02 10:00:00+00:00,28.5,79.93995,1007.34357,6.9153743,218.65984,0.0,95.0,3.0
2019-12-02 11:00:00+00:00,27.85,89.96255,1007.5425,2.0991426,329.03632,0.0,95.0,3.0
2019-12-02 12:00:00+00:00,28.25,86.59786,1007.4432,1.5273507,224.9999,0.0,90.0,3.0
2019-12-02 13:00:00+00:00,28.1,83.05251,1008.34247,2.9024127,29.744795,0.0,91.0,3.0
2019-12-02 14:00:00+00:00,26.55,88.80225,1009.2398,5.692099,55.304783,0.0,100.0,3.0
2019-12-02 15:00:00+00:00,26.55,86.439674,1009.83954,5.0142193,21.037588,0.0,97.0,3.0
2019-12-02 16:00:00+00:00,26.45,86.171,1010.23914,3.319036,347.4712,0.0,98.0,3.0
2019-12-02 17:00:00+00:00,26.3,87.98757,1010.3387,4.1046314,307.87503,0.0,96.0,3.0
2019-12-02 18:00:00+00:00,25.6,91.71048,1010.1378,3.563818,315.0001,0.0,97.0,3.0
2019-12-02 19:00:00+00:00,25.35,89.513824,1009.53784,5.4119864,3.8140097,0.0,98.0,3.0
2019-12-02 20:00:00+00:00,24.75,87.32448,1008.53735,5.3517847,42.27363,0.0,99.0,3.0
2019-12-02 21:00:00+00:00,24.4,88.90134,1007.737,3.5455887,66.037506,0.0,99.0,3.0
2019-12-02 22:00:00+00:00,23.9,92.72828,1007.13666,3.8268526,41.185837,0.0,99.0,3.0
2019-12-02 23:00:00+00:00,24.05,90.23673,1007.23663,3.7064266,29.054508,0.0,98.0,3.0
2019-12-03 00:00:00+00:00,24.6,87.311165,1008.3371,7.7043357,37.405437,0.0,99.0,3.0
2019-12-03 01:00:00+00:00,24.95,85.50505,1009.03735,7.5942082,31.429514,0.0,100.0,3.0
2019-12-03 02:00:00+00:00,25.45,86.07489,1010.33746,6.193674,54.46224,0.2,100.0,51.0
2019-12-03 03:00:00+00:00,25.45,90.60565,1011.1371,3.7585104,106.699326,0.4,99.0,51.0
2019-12-03 04:00:00+00:00,25.8,90.62901,1010.8379,3.219938,63.435013,0.3,100.0,51.0
2019-12-03 05:00:00+00:00,26.3,90.391594,1010.7385,2.0991426,30.963696,0.3,96.0,51.0
2019-12-03 06:00:00+00:00,27.75,80.56253,1010.14105,1.5273507,224.9999,0.1,96.0,51.0
2019-12-03 07:00:00+00:00,28.7,74.866264,1009.24304,2.3051248,38.65983,0.0,100.0,3.0
2019-12-03 08:00:00+00:00,28.45,77.57518,1008.0432,1.08,270.0,0.0,98.0,3.0
2019-12-03 09:00:00+00:00,27.95,82.048874,1007.3426,3.7585104,253.30067,0.1,100.0,51.0
2019-12-03 10:00:00+00:00,27.45,84.98818,1006.9422,4.1046314,254.74483,0.1,100.0,51.0
2019-12-03 11:00:00+00:00,27.35,86.256676,1006.8422,1.9386592,248.19853,0.0,100.0,3.0
2019-12-03 12:00:00+00:00,27.8,81.29701,1006.54297,5.6233797,50.194473,0.0,98.0,3.0
2019-12-03 13:00:00+00:00,27.05,82.93173,1007.7412,6.4799995,90.0,0.0,100.0,3.0
2019-12-03 14:00:00+00:00,26.55,81.38546,1008.83997,8.311245,107.650215,0.1,93.0,51.0
2019-12-03 15:00:00+00:00,26.5,79.43055,1009.5394,8.287822,92.4895,1.5,91.0,61.0
2019-12-03 16:00:00+00:00,26.15,82.32727,1010.0388,4.3349743,94.76356,1.3,87.0,61.0
2019-12-03 17:00:00+00:00,26.3,81.600914,1009.9389,3.396233,57.99466,0.9,100.0,53.0
2019-12-03 18:00:00+00:00,25.5,88.185814,1009.4382,3.9763298,275.19434,0.0,95.0,3.0
2019-12-03 19:00:00+00:00,26.4,83.61012,1009.0397,5.95906,244.98314,0.0,89.0,3.0
2019-12-03 20:00:00+00:00,25.9,86.37844,1008.0392,3.8773184,248.19853,0.0,68.0,2.0
2019-12-03 21:00:00+00:00,25.1,87.88619,1007.63837,4.0249224,243.43501,0.0,58.0,2.0
2019-12-03 22:00:00+00:00,26.95,77.82489,1007.5413,3.671294,191.30989,0.0,51.0,2.0
2019-12-03 23:00:00+00:00,25.15,81.45753,1007.83826,5.1544156,192.09474,0.0,43.0,1.0
2019-12-04 00:00:00+00:00,25.45,75.95469,1007.53876,4.452954,194.03627,0.0,56.0,2.0
2019-12-04 01:00:00+00:00,25.1,79.96973,1008.43805,5.4119864,183.814,0.0,67.0,2.0
2019-12-04 02:00:00+00:00,27.15,76.683365,1009.54065,5.3517847,222.27362,0.0,87.0,3.0
2019-12-04 03:00:00+00:00,28.05,76.58844,1010.6414,5.692099,235.30478,0.0,77.0,2.0
2019-12-04 04:00:00+00:00,28.85,71.14958,1010.94257,5.0911684,261.87,0.0,95.0,3.0
2019-12-04 05:00:00+00:00,29.3,68.69495,1011.2431,4.2136917,289.9832,0.0,95.0,3.0
2019-12-04 06:00:00+00:00,29.85,65.749794,1010.644,2.968636,345.9637,0.0,55.0,2.0
2019-12-04 07:00:00+00:00,30.2,63.47057,1009.5451,2.5455842,351.87,0.0,84.0,3.0
2019-12-04 08:00:00+00:00,30.4,62.74696,1008.5459,3.319036,49.398785,0.0,32.0,1.0
2019-12-04 09:00:00+00:00,30.35,62.16646,1008.04614,5.0911684,81.86999,0.0,77.0,2.0
2019-12-04 10:00:00+00:00,30.2,62.513004,1007.94586,5.4119864,93.814,0.0,95.0,3.0
2019-12-04 11:00:00+00:00,29.45,70.829475,1008.24475,6.792466,122.00535,0.0,87.0,3.0
2019-12-04 12:00:00+00:00,27.8,78.41912,1008.3421,11.019764,231.63248,0.0,99.0,3.0
2019-12-04 13:00:00+00:00,27.5,77.904785,1009.34106,11.183201,213.17853,0.0,100.0,3.0
2019-12-04 14:00:00+00:00,26.95,82.17484,1010.6399,10.086427,177.95464,0.0,100.0,3.0
2019-12-04 15:00:00+00:00,25.9,86.63929,1011.53754,8.209263,127.875046,0.0,100.0,3.0
2019-12-04 16:00:00+00:00,25.25,85.79498,1012.23627,7.289445,122.90524,0.0,100.0,3.0
2019-12-04 17:00:00+00:00,25.1,85.52009,1012.23627,3.6,126.86999,0.1,100.0,51.0
2019-12-04 18:00:00+00:00,25.3,88.436005,1012.33655,3.8939953,326.3099,0.0,100.0,3.0
2019-12-04 19:00:00+00:00,25.65,83.779785,1011.3373,6.193674,305.53775,0.6,100.0,53.0
2019-12-04 20:00:00+00:00,25.3,90.051445,1010.33746,5.0911684,315.0001,1.3,100.0,61.0
2019-12-04 21:00:00+00:00,23.85,98.50643,1009.4354,7.928178,357.3975,1.2,100.0,55.0
2019-12-04 22:00:00+00:00,24.45,88.90523,1009.2363,7.9932976,7.7650824,0.3,100.0,51.0
2019-12-04 23:00:00+00:00,24.5,87.835045,1009.43665,3.7064266,330.9455,0.0,99.0,3.0
2019-12-05 00:00:00+00:00,24.85,90.839485,1009.63684,3.6,90.0,0.1,100.0,51.0
2019-12-05 01:00:00+00:00,25.45,86.33581,1010.1376,2.0991426,149.03632,0.2,99.0,51.0
2019-12-05 02:00:00+00:00,25.5,95.63083,1011.3373,1.1384199,288.43503,0.0,100.0,3.0
2019-12-05 03:00:00+00:00,26.45,92.0345,1012.03827,1.0182338,315.0001,0.1,99.0,51.0
2019-12-05 04:00:00+00:00,27.0,90.9784,1012.639,0.8049845,243.43501,0.0,100.0,3.0
2019-12-05 05:00:00+00:00,27.65,85.26268,1012.3401,0.5091169,224.9999,0.1,100.0,51.0
2019-12-05 06:00:00+00:00,27.8,81.540985,1011.5407,1.609969,206.56499,0.0,100.0,3.0
2019-12-05 07:00:00+00:00,28.15,77.76467,1010.8414,1.1384199,198.43504,0.1,97.0,51.0
2019-12-05 08:00:00+00:00,28.5,74.6089,1009.9424,1.4399999,90.0,0.1,96.0,51.0
2019-12-05 09:00:00+00:00,28.8,71.78876,1009.343,2.2768397,71.564964,0.2,95.0,51.0
2019-12-05 10:00:00+00:00,28.55,73.27896,1009.24274,1.2979984,326.3099,0.1,98.0,51.0
2019-12-05 11:00:00+00:00,27.8,81.29701,1009.3417,1.8,233.13002,0.1,88.0,51.0
2019-12-05 12:00:00+00:00,27.35,83.21551,1009.541,7.92,90.0,0.0,94.0,3.0
2019-12-05 13:00:00+00:00,26.9,74.34713,1009.9399,10.739833,76.42955,0.0,97.0,3.0
2019-12-05 14:00:00+00:00,26.1,81.32897,1010.53827,3.7585104,73.300674,0.0,98.0,3.0
2019-12-05 15:00:00+00:00,26.35,81.11433,1010.93884,2.8116899,219.80553,0.0,99.0,3.0
2019-12-05 16:00:00+00:00,25.8,84.305504,1011.4376,4.6938252,184.39862,0.0,98.0,3.0
2019-12-05 17:00:00+00:00,26.35,82.85054,1011.6384,3.4152596,198.43504,0.0,100.0,3.0
2019-12-05 18:00:00+00:00,26.55,81.87896,1011.039,1.484318,255.96373,0.0,100.0,3.0
2019-12-05 19:00:00+00:00,25.3,90.051445,1010.5374,4.8433046,318.01288,0.0,98.0,3.0
2019-12-05 20:00:00+00:00,26.3,83.346886,1010.1388,1.609969,243.43501,0.0,98.0,3.0
2019-12-05 21:00:00+00:00,25.45,87.122696,1009.7378,3.5455887,113.962494,0.0,98.0,3.0
2019-12-05 22:00:00+00:00,25.1,82.452194,1009.53754,10.538843,82.14678,0.0,94.0,3.0
2019-12-05 23:00:00+00:00,24.2,79.35723,1009.63586,7.653705,48.814175,1.0,100.0,55.0
2019-12-06 00:00:00+00:00,24.7,71.272095,1009.0371,6.3690495,47.290634,5.1,100.0,63.0
2019-12-06 01:00:00+00:00,21.5,96.98023,1008.73224,15.7908325,46.8476,3.1,100.0,63.0
2019-12-06 02:00:00+00:00,22.45,97.29775,1009.9329,7.289445,122.90524,0.8,93.0,53.0
2019-12-06 03:00:00+00:00,24.9,87.3378,1010.83655,12.599998,233.13002,0.0,92.0,3.0
2019-12-06 04:00:00+00:00,26.2,71.543625,1011.2383,13.276144,220.60121,0.0,59.0,2.0
2019-12-06 05:00:00+00:00,27.05,70.60613,1011.2396,8.669949,221.63345,0.0,61.0,2.0
2019-12-06 06:00:00+00:00,27.95,70.341125,1010.54114,5.0911684,261.87,0.0,77.0,2.0
2019-12-06 07:00:00+00:00,28.65,69.831635,1009.74286,4.452954,255.96373,0.0,67.0,2.0
2019-12-06 08:00:00+00:00,28.85,70.93471,1008.9435,5.1544156,257.90524,0.0,66.0,2.0
2019-12-06 09:00:00+00:00,28.7,73.97022,1007.64374,3.319036,282.5288,0.0,72.0,2.0
2019-12-06 10:00:00+00:00,28.85,73.7727,1007.2442,3.7585104,16.699326,0.0,83.0,3.0
2019-12-06 11:00:00+00:00,28.85,72.01471,1007.744,4.68,90.0,0.0,88.0,3.0
2019-12-06 12:00:00+00:00,27.6,78.39069,1008.24194,5.6233797,140.19447,0.0,87.0,3.0
2019-12-06 13:00:00+00:00,26.95,75.95722,1009.14056,5.8603754,190.6196,0.0,85.0,3.0
2019-12-06 14:00:00+00:00,26.65,77.5451,1010.0394,6.830519,198.43504,0.0,88.0,3.0
2019-12-06 15:00:00+00:00,26.5,80.64359,1010.8388,6.2145634,190.00792,0.0,89.0,3.0
2019-12-06 16:00:00+00:00,25.6,87.663734,1011.1373,5.1544156,167.90526,0.0,90.0,3.0
2019-12-06 17:00:00+00:00,25.45,87.650795,1011.2371,4.452954,165.96373,0.0,92.0,3.0
2019-12-06 18:00:00+00:00,25.95,82.054,1011.13794,5.0528407,175.91446,0.0,94.0,3.0
2019-12-06 19:00:00+00:00,24.85,87.33337,1010.53644,4.8965297,143.97253,0.0,89.0,3.0
2019-12-06 20:00:00+00:00,24.45,85.194214,1009.5362,4.0249224,79.69521,0.0,90.0,3.0
2019-12-06 21:00:00+00:00,23.8,88.58322,1008.7357,4.3349743,85.23644,0.0,92.0,3.0
2019-12-06 22:00:00+00:00,25.15,78.03847,1008.43805,0.35999998,180.0,0.0,93.0,3.0
2019-12-06 23:00:00+00:00,25.1,79.237885,1008.7379,0.5091169,315.0001,0.0,85.0,3.0
2019-12-07 00:00:00+00:00,24.35,84.406136,1009.4363,5.0911684,81.86999,0.0,68.0,2.0
2019-12-07 01:00:00+00:00,24.15,81.58219,1010.0357,6.5693827,80.53775,0.0,97.0,3.0
2019-12-07 02:00:00+00:00,25.15,79.97648,1010.9369,6.489992,86.82024,0.0,94.0,3.0
2019-12-07 03:00:00+00:00,26.9,77.34683,1011.7391,5.7599998,90.0,0.0,84.0,3.0
2019-12-07 04:00:00+00:00,27.3,72.17999,1011.7396,6.4096174,51.842735,0.0,100.0,3.0
2019-12-07 05:00:00+00:00,27.1,73.70318,1011.4396,4.802999,347.00537,0.1,95.0,51.0
2019-12-07 06:00:00+00:00,27.35,77.41344,1010.94037,1.609969,333.43503,0.5,96.0,53.0
2019-12-07 07:00:00+00:00,27.8,75.63079,1010.1413,5.1165614,230.71062,0.3,73.0,51.0
2019-12-07 08:00:00+00:00,28.0,76.58084,1009.0422,4.6938252,274.39862,0.1,78.0,51.0
2019-12-07 09:00:00+00:00,28.35,76.17433,1008.44275,6.130579,266.6336,0.2,86.0,51.0
2019-12-07 10:00:00+00:00,27.1,81.69971,1008.141,7.9526596,264.80566,0.4,89.0,51.0
2019-12-07 11:00:00+00:00,26.75,84.15389,1008.84033,4.3349743,265.23645,0.1,92.0,51.0
2019-12-07 12:00:00+00:00,27.1,84.19171,1008.9407,9.449572,107.74477,1.3,88.0,61.0
2019-12-07 13:00:00+00:00,26.25,82.33923,1009.639,8.766573,109.17911,0.2,94.0,51.0
2019-12-07 14:00:00+00:00,25.55,83.26153,1010.53766,10.44,133.60289,0.2,93.0,51.0
2019-12-07 15:00:00+00:00,25.3,83.48655,1011.0372,9.178235,115.55992,0.3,92.0,51.0
2019-12-07 16:00:00+00:00,25.25,82.47008,1011.43665,9.346143,105.64231,0.2,99.0,51.0
2019-12-07 17:00:00+00:00,25.05,83.204285,1011.2364,8.647496,92.385895,0.7,99.0,53.0
2019-12-07 18:00:00+00:00,24.6,86.781555,1010.736,3.0758414,69.44387,0.5,100.0,53.0
2019-12-07 19:00:00+00:00,25.05,85.515114,1010.43677,4.452954,284.03625,0.0,98.0,3.0
2019-12-07 20:00:00+00:00,25.2,88.69551,1009.43756,6.162207,276.70975,0.0,86.0,3.0
2019-12-07 21:00:00+00:00,25.4,88.97944,1008.9382,6.9899354,281.88864,0.0,79.0,2.0
2019-12-07 22:00:00+00:00,24.4,91.91675,1008.8365,4.3498964,294.44394,0.0,78.0,2.0
2019-12-07 23:00:00+00:00,23.75,93.28516,1009.0356,4.6938257,327.52884,0.0,86.0,3.0
2019-12-08 00:00:00+00:00,25.4,86.33108,1009.8377,1.835647,11.3098955,0.0,92.0,3.0
2019-12-08 01:00:00+00:00,25.7,84.55043,1010.538,2.6208394,105.945465,0.0,20.0,1.0
2019-12-08 02:00:00+00:00,25.95,90.910965,1011.13794,3.671294,168.69011,0.0,22.0,1.0
2019-12-08 03:00:00+00:00,27.2,88.32555,1011.9396,3.7585104,163.30067,0.0,29.0,1.0
2019-12-08 04:00:00+00:00,28.0,73.185555,1012.14075,4.32,180.0,0.0,50.0,2.0
2019-12-08 05:00:00+00:00,28.65,70.25667,1011.84186,1.484318,165.96373,0.0,70.0,2.0
2019-12-08 06:00:00+00:00,29.45,69.5593,1011.04346,2.0991426,30.963696,0.0,82.0,3.0
2019-12-08 07:00:00+00:00,30.4,65.07094,1009.9453,1.5273507,315.0001,0.0,85.0,3.0
2019-12-08 08:00:00+00:00,30.25,66.8331,1009.0453,4.896529,252.89719,0.0,68.0,2.0
2019-12-08 09:00:00+00:00,29.6,69.58742,1008.54456,10.00256,239.74365,0.0,27.0,1.0
2019-12-08 10:00:00+00:00,28.85,70.93471,1008.3437,10.315115,240.75127,0.0,40.0,1.0
2019-12-08 11:00:00+00:00,28.3,74.351616,1008.74255,8.225035,246.80139,0.0,32.0,1.0
2019-12-08 12:00:00+00:00,27.65,80.06698,1009.2415,6.763786,244.7989,0.0,34.0,1.0
2019-12-08 13:00:00+00:00,27.05,80.71471,1010.34,3.96,270.0,0.0,34.0,1.0
2019-12-08 14:00:00+00:00,26.5,86.17579,1011.23865,3.9763298,354.80566,0.0,38.0,1.0
2019-12-08 15:00:00+00:00,26.45,83.112686,1011.8384,4.2136917,19.983198,0.0,22.0,1.0
2019-12-08 16:00:00+00:00,26.7,75.68714,1012.1385,5.4833565,23.198618,0.0,9.0,0.0
2019-12-08 17:00:00+00:00,25.85,79.826546,1012.13727,4.8965297,36.027473,0.0,44.0,1.0
2019-12-08 18:00:00+00:00,25.7,79.07899,1011.7375,6.9153743,51.34017,0.0,86.0,3.0
2019-12-08 19:00:00+00:00,24.95,82.68643,1011.03644,4.198285,59.03632,0.0,85.0,3.0
2019-12-08 20:00:00+00:00,24.05,88.06475,1010.3352,5.0911684,44.999897,0.0,96.0,3.0
2019-12-08 21:00:00+00:00,24.2,85.42946,1009.53595,3.8939953,33.6901,0.0,82.0,3.0
2019-12-08 22:00:00+00:00,24.45,83.645805,1009.13635,3.7064266,29.054508,0.0,37.0,1.0
2019-12-08 23:00:00+00:00,25.4,76.4153,1009.23804,2.3051248,51.34017,0.0,22.0,1.0
2019-12-09 00:00:00+00:00,25.05,76.59676,1009.5372,6.4096174,128.15727,0.0,62.0,2.0
2019-12-09 01:00:00+00:00,25.05,72.676704,1010.3368,9.885262,123.11135,0.0,93.0,3.0
2019-12-09 02:00:00+00:00,25.25,74.99321,1011.0368,10.028439,111.03758,0.0,71.0,2.0
2019-12-09 03:00:00+00:00,26.55,71.16771,1011.6387,7.42159,104.03627,0.0,22.0,1.0
2019-12-09 04:00:00+00:00,27.45,64.85179,1011.64,2.6208394,105.945465,0.0,26.0,1.0
2019-12-09 05:00:00+00:00,28.35,65.040535,1011.44135,1.08,360.0,0.0,4.0,0.0
2019-12-09 06:00:00+00:00,29.2,63.8386,1010.643,1.8,323.13,0.0,2.0,0.0
2019-12-09 07:00:00+00:00,30.2,61.944553,1009.845,0.35999998,270.0,0.0,23.0,1.0
2019-12-09 08:00:00+00:00,30.45,59.59067,1009.04565,3.7064266,209.0545,0.0,37.0,1.0
2019-12-09 09:00:00+00:00,29.55,66.08856,1008.24475,8.14587,224.9999,0.0,44.0,1.0
2019-12-09 10:00:00+00:00,28.85,68.40038,1007.54407,9.983106,244.35904,0.0,28.0,1.0
2019-12-09 11:00:00+00:00,28.35,69.56356,1007.84296,9.605998,257.00537,0.0,16.0,0.0
2019-12-09 12:00:00+00:00,27.75,76.54278,1008.24194,5.6920996,251.56496,0.0,15.0,0.0
2019-12-09 13:00:00+00:00,26.35,82.35118,1009.0397,4.0249224,243.43501,0.0,12.0,0.0
2019-12-09 14:00:00+00:00,27.7,69.653534,1009.9412,2.968636,194.03627,0.0,6.0,0.0
2019-12-09 15:00:00+00:00,28.15,65.80208,1010.8414,3.096837,125.537766,0.0,57.0,2.0
2019-12-09 16:00:00+00:00,28.15,65.19876,1011.641,1.1384199,251.56496,0.0,63.0,2.0
2019-12-09 17:00:00+00:00,26.7,75.227036,1011.7387,2.9024127,277.1249,0.0,43.0,1.0
2019-12-09 18:00:00+00:00,25.3,84.50789,1010.93726,5.4119864,356.186,0.0,63.0,2.0
2019-12-09 19:00:00+00:00,25.4,78.55469,1010.4375,5.6233797,39.805527,0.0,46.0,1.0
2019-12-09 20:00:00+00:00,24.5,84.422264,1010.1362,5.6920996,71.564964,0.0,76.0,2.0
2019-12-09 21:00:00+00:00,25.2,77.567856,1009.43756,4.68,90.0,0.0,85.0,3.0
2019-12-09 22:00:00+00:00,24.8,77.26999,1008.7373,9.178235,78.6901,0.0,94.0,3.0
2019-12-09 23:00:00+00:00,24.2,79.35723,1008.83624,5.4119864,93.814,0.0,92.0,3.0
2019-12-10 00:00:00+00:00,24.7,74.67205,1009.7368,10.8955765,82.40546,0.0,90.0,3.0
2019-12-10 01:00:00+00:00,24.5,74.639145,1010.0363,9.3876505,85.60138,0.0,79.0,2.0
2019-12-10 02:00:00+00:00,25.3,75.931145,1010.93726,9.028754,85.42616,0.0,67.0,2.0
2019-12-10 03:00:00+00:00,26.7,69.250854,1011.33887,7.928178,92.60251,0.0,65.0,2.0
2019-12-10 04:00:00+00:00,27.6,66.70758,1011.84033,7.208994,92.86235,0.0,73.0,2.0
2019-12-10 05:00:00+00:00,28.7,67.749855,1011.4421,7.5170207,73.300674,0.0,82.0,3.0
2019-12-10 06:00:00+00:00,30.0,62.469322,1010.34436,5.0142193,68.96242,0.0,88.0,3.0
2019-12-10 07:00:00+00:00,30.8,57.699455,1009.04626,1.835647,191.30989,0.0,92.0,3.0
2019-12-10 08:00:00+00:00,30.45,61.063194,1008.14606,9.290511,215.53777,0.0,92.0,3.0
2019-12-10 09:00:00+00:00,29.3,62.891094,1007.4449,14.76439,224.9999,0.0,53.0,2.0
2019-12-10 10:00:00+00:00,28.65,66.918915,1007.144,11.457958,223.72705,0.0,90.0,3.0
2019-12-10 11:00:00+00:00,28.25,73.44994,1007.3432,9.0,233.13002,0.0,70.0,2.0
2019-12-10 12:00:00+00:00,27.95,78.2048,1007.64246,7.7879906,213.6901,0.0,94.0,3.0
2019-12-10 13:00:00+00:00,26.9,83.41471,1008.1406,3.6,216.86998,0.0,11.0,0.0
2019-12-10 14:00:00+00:00,27.8,76.08939,1008.9419,2.5455842,188.13002,0.0,24.0,1.0
2019-12-10 15:00:00+00:00,27.6,76.9839,1009.6413,1.609969,333.43503,0.0,37.0,1.0
2019-12-10 16:00:00+00:00,26.3,84.1051,1010.2388,3.8939953,33.6901,0.0,47.0,1.0
2019-12-10 17:00:00+00:00,25.15,90.585625,1010.43713,4.73506,8.746089,0.0,56.0,2.0
2019-12-10 18:00:00+00:00,25.25,90.319725,1010.33716,7.491114,305.21768,0.0,75.0,2.0
2019-12-10 19:00:00+00:00,25.2,89.77317,1010.0373,4.6938257,302.47116,0.0,82.0,3.0
2019-12-10 20:00:00+00:00,24.9,91.66889,1009.6371,3.096837,324.46225,0.0,77.0,2.0
2019-12-10 21:00:00+00:00,24.6,92.764946,1008.83685,3.671294,348.6901,0.0,97.0,3.0
2019-12-10 22:00:00+00:00,24.7,91.934105,1008.8372,3.096837,305.53775,0.0,97.0,3.0
2019-12-10 23:00:00+00:00,24.75,90.832924,1009.0371,3.96,270.0,0.0,96.0,3.0
2019-12-11 00:00:00+00:00,23.95,94.4319,1008.9359,4.3349743,175.23645,0.0,95.0,3.0
2019-12-11 01:00:00+00:00,24.55,92.20369,1009.9364,3.0547013,224.9999,0.5,60.0,53.0
2019-12-11 02:00:00+00:00,25.55,91.98313,1010.9375,2.0991426,120.96369,0.0,51.0,2.0
2019-12-11 03:00:00+00:00,26.85,84.92637,1011.5391,3.6,143.13002,0.0,56.0,2.0
2019-12-11 04:00:00+00:00,27.85,72.71705,1011.34076,3.6,143.13002,0.0,83.0,3.0
2019-12-11 05:00:00+00:00,28.7,67.749855,1010.44257,1.2979984,146.3099,0.0,66.0,2.0
2019-12-11 06:00:00+00:00,29.3,64.25116,1010.1436,2.5455842,171.86998,0.1,84.0,51.0
2019-12-11 07:00:00+00:00,29.25,66.02745,1009.34393,5.4119864,183.814,0.3,98.0,51.0
2019-12-11 08:00:00+00:00,29.15,71.41866,1008.1441,6.6185193,202.38017,0.1,97.0,51.0
2019-12-11 09:00:00+00:00,28.95,75.13167,1007.0443,8.534353,207.64589,1.0,97.0,55.0
2019-12-11 10:00:00+00:00,28.45,76.64913,1006.444,8.435069,219.80553,0.4,96.0,51.0
2019-12-11 11:00:00+00:00,28.05,75.67009,1006.7432,9.957108,229.39879,0.0,95.0,3.0
2019-12-11 12:00:00+00:00,27.1,78.08278,1007.5413,7.4128532,209.0545,0.0,98.0,3.0
2019-12-11 13:00:00+00:00,26.55,81.87896,1008.04034,3.8268526,228.81418,0.0,96.0,3.0
2019-12-11 14:00:00+00:00,26.4,83.35823,1008.93976,3.7585104,253.30067,0.0,96.0,3.0
2019-12-11 15:00:00+00:00,26.0,86.12787,1009.73865,4.896529,252.89719,0.0,95.0,3.0
2019-12-11 16:00:00+00:00,27.05,78.31234,1010.34,1.0182338,44.999897,0.0,96.0,3.0
2019-12-11 17:00:00+00:00,25.2,90.0444,1010.63696,3.396233,57.99466,0.0,86.0,3.0
2019-12-11 18:00:00+00:00,25.05,90.306015,1010.13684,3.8268526,41.185837,0.0,86.0,3.0
2019-12-11 19:00:00+00:00,25.45,85.55514,1009.8377,1.2979984,303.6901,0.0,87.0,3.0
2019-12-11 20:00:00+00:00,23.75,94.71031,1009.4354,3.0758414,290.55612,1.3,90.0,61.0
2019-12-11 21:00:00+00:00,23.95,93.86188,1009.0358,4.2136917,340.0168,1.0,93.0,55.0
2019-12-11 22:00:00+00:00,23.35,99.39796,1009.03485,3.8773184,338.19852,0.3,94.0,51.0
2019-12-11 23:00:00+00:00,23.35,99.09814,1009.4347,3.319036,40.601215,0.1,92.0,51.0
2019-12-12 00:00:00+00:00,24.3,91.355705,1009.33624,4.1046314,307.87503,0.0,92.0,3.0
2019-12-12 01:00:00+00:00,24.1,99.103165,1010.0357,3.671294,11.3098955,1.5,95.0,61.0
2019-12-12 02:00:00+00:00,24.45,95.30976,1010.93555,3.096837,35.537766,0.1,93.0,51.0
2019-12-12 03:00:00+00:00,25.4,92.25111,1011.8368,2.3051248,38.65983,0.0,89.0,3.0
2019-12-12 04:00:00+00:00,26.75,87.23875,1011.93896,1.4399999,270.0,0.0,89.0,3.0
2019-12-12 05:00:00+00:00,27.5,79.80656,1011.5401,1.8,233.13002,0.0,83.0,3.0
2019-12-12 06:00:00+00:00,28.4,77.80098,1011.0419,2.0991426,239.0363,0.0,78.0,2.0
2019-12-12 07:00:00+00:00,28.9,77.40902,1010.0429,4.8965297,216.02747,0.0,86.0,3.0
2019-12-12 08:00:00+00:00,28.8,77.85888,1008.8432,8.217153,208.8107,0.1,87.0,51.0
2019-12-12 09:00:00+00:00,27.5,81.74883,1007.84174,10.495713,202.1664,1.9,90.0,61.0
2019-12-12 10:00:00+00:00,26.75,82.15079,1007.1411,9.178235,205.55992,0.0,89.0,3.0
2019-12-12 11:00:00+00:00,27.05,81.44788,1007.24146,6.6087217,209.35765,0.0,90.0,3.0
2019-12-12 12:00:00+00:00,26.7,80.91373,1007.9404,7.2359104,185.7105,0.0,94.0,3.0
2019-12-12 13:00:00+00:00,26.05,84.07789,1008.33923,3.319036,192.5288,0.0,89.0,3.0
2019-12-12 14:00:00+00:00,25.75,87.4128,1009.0387,5.1165614,219.28938,0.0,59.0,2.0
2019-12-12 15:00:00+00:00,25.65,86.878,1009.73804,4.5536795,288.43503,0.0,16.0,0.0
2019-12-12 16:00:00+00:00,26.1,83.57655,1010.3383,3.319036,319.39877,0.0,20.0,1.0
2019-12-12 17:00:00+00:00,25.5,86.86428,1010.53766,2.5959969,33.6901,0.0,25.0,1.0
2019-12-12 18:00:00+00:00,25.2,88.42784,1010.33716,3.7585104,343.3007,0.0,25.0,1.0
2019-12-12 19:00:00+00:00,25.45,87.91587,1009.7378,3.8939953,326.3099,0.0,18.0,0.0
2019-12-12 20:00:00+00:00,25.25,90.319725,1008.9378,6.297428,329.03632,0.0,6.0,0.0
2019-12-12 21:00:00+00:00,24.9,92.22325,1008.4377,4.829907,333.43503,0.0,3.0,0.0
2019-12-12 22:00:00+00:00,24.5,92.75971,1008.13715,3.96,360.0,0.0,2.0,0.0
2019-12-12 23:00:00+00:00,24.5,90.26795,1008.3371,5.4477882,352.40543,0.0,1.0,0.0
2019-12-13 00:00:00+00:00,24.15,87.005135,1008.63635,6.5693827,80.53775,0.0,4.0,0.0
2019-12-13 01:00:00+00:00,24.4,83.38446,1009.33624,8.311245,72.34979,0.0,4.0,0.0
2019-12-13 02:00:00+00:00,25.4,81.7376,1010.33746,7.4128532,60.94549,0.0,1.0,0.0
2019-12-13 03:00:00+00:00,27.3,73.51258,1011.04,4.1046314,74.74483,0.0,0.0,0.0
2019-12-13 04:00:00+00:00,28.2,67.65138,1011.44135,2.4149535,116.56499,0.0,1.0,0.0
2019-12-13 05:00:00+00:00,29.25,65.22796,1011.3431,4.829907,63.435013,0.0,57.0,2.0
2019-12-13 06:00:00+00:00,30.35,60.300323,1010.64496,1.2979984,326.3099,0.0,66.0,2.0
2019-12-13 07:00:00+00:00,30.0,63.235,1009.8446,6.297428,210.96368,0.1,31.0,51.0
2019-12-13 08:00:00+00:00,28.85,69.44655,1009.34326,12.287555,211.82741,0.1,51.0,51.0
2019-12-13 09:00:00+00:00,28.6,69.82227,1008.6433,9.360001,202.6199,0.1,45.0,51.0
2019-12-13 10:00:00+00:00,28.3,71.26634,1008.6426,6.9527545,158.74942,0.5,65.0,53.0
2019-12-13 11:00:00+00:00,27.15,81.95204,1008.84094,5.154415,155.22488,0.3,92.0,51.0
2019-12-13 12:00:00+00:00,27.6,82.74702,1009.2415,4.0249224,153.43501,0.1,96.0,51.0
2019-12-13 13:00:00+00:00,26.8,88.029434,1009.7399,2.968636,194.03627,0.0,67.0,2.0
2019-12-13 14:00:00+00:00,26.6,87.22542,1010.53925,2.9024127,187.12492,0.0,85.0,3.0
2019-12-13 15:00:00+00:00,26.75,84.91603,1011.63904,2.9024127,209.7448,0.0,56.0,2.0
2019-12-13 16:00:00+00:00,26.6,85.15609,1012.0385,5.3517847,227.72638,0.0,59.0,2.0
2019-12-13 17:00:00+00:00,25.65,90.61904,1012.3368,4.3349743,228.36655,0.0,43.0,1.0
2019-12-13 18:00:00+00:00,25.55,90.34036,1012.2369,2.968636,255.96373,0.0,30.0,1.0
2019-12-13 19:00:00+00:00,25.05,91.402,1011.63617,3.6,270.0,0.0,70.0,2.0
2019-12-13 20:00:00+00:00,25.15,90.859055,1010.8369,3.5455887,293.9625,0.0,80.0,3.0
2019-12-13 21:00:00+00:00,24.95,92.783165,1010.3368,4.6938257,327.52884,0.0,65.0,2.0
2019-12-13 22:00:00+00:00,24.3,95.59233,1010.03595,3.0547013,315.0001,0.3,62.0,51.0
2019-12-13 23:00:00+00:00,24.25,92.466354,1010.0357,3.096837,324.46225,0.7,63.0,53.0
2019-12-14 00:00:00+00:00,24.3,91.91092,1010.8356,3.219938,116.56499,0.1,65.0,51.0
2019-12-14 01:00:00+00:00,23.7,99.100464,1011.63434,5.3999996,90.0,5.0,95.0,63.0
2019-12-14 02:00:00+00:00,24.35,94.448074,1012.13495,3.219938,153.43501,2.0,99.0,61.0
2019-12-14 03:00:00+00:00,25.25,92.520386,1012.836,2.968636,194.03627,0.0,98.0,3.0
2019-12-14 04:00:00+00:00,26.2,89.04131,1013.53723,3.219938,206.56499,0.1,94.0,51.0
2019-12-14 05:00:00+00:00,26.85,88.56102,1013.4383,3.8939953,236.3099,0.2,95.0,51.0
2019-12-14 06:00:00+00:00,27.65,85.00871,1012.9398,7.9036193,239.9315,0.1,94.0,51.0
2019-12-14 07:00:00+00:00,27.4,84.983055,1012.1398,8.654987,224.9999,0.2,93.0,51.0
2019-12-14 08:00:00+00:00,26.65,85.67431,1011.2389,7.754637,201.80147,0.4,95.0,51.0
2019-12-14 09:00:00+00:00,26.95,83.92314,1010.34,6.4096174,218.15727,0.2,88.0,51.0
2019-12-14 10:00:00+00:00,26.7,85.67924,1009.9395,3.319036,220.60121,0.3,87.0,51.0
2019-12-14 11:00:00+00:00,26.4,90.93997,1009.9393,1.1384199,251.56496,1.0,80.0,55.0
2019-12-14 12:00:00+00:00,25.2,97.93523,1010.53705,1.08,270.0,0.0,88.0,3.0
2019-12-14 13:00:00+00:00,25.3,94.769714,1011.2371,2.9024127,330.25522,0.1,93.0,51.0
2019-12-14 14:00:00+00:00,25.15,94.48032,1011.63654,5.8048253,330.25522,0.0,95.0,3.0
2019-12-14 15:00:00+00:00,24.95,94.188896,1012.43585,4.2136917,340.0168,0.0,91.0,3.0
2019-12-14 16:00:00+00:00,24.8,93.899666,1012.8354,4.072935,315.0001,0.0,99.0,3.0
2019-12-14 17:00:00+00:00,24.05,95.58425,1012.83405,4.829907,333.43503,0.0,99.0,3.0
2019-12-14 18:00:00+00:00,23.9,95.003105,1012.5342,4.0249224,349.69522,0.0,99.0,3.0
2019-12-14 19:00:00+00:00,23.5,95.8565,1011.9339,3.8939953,326.3099,0.0,98.0,3.0
2019-12-14 20:00:00+00:00,23.15,96.42987,1011.1336,4.829907,333.43503,0.0,99.0,3.0
2019-12-14 21:00:00+00:00,22.95,96.71819,1010.43365,4.829907,333.43503,0.0,100.0,3.0
2019-12-14 22:00:00+00:00,23.7,94.42173,1009.9352,3.8268526,311.18582,0.0,99.0,3.0
2019-12-14 23:00:00+00:00,22.9,96.423256,1009.83386,3.6,360.0,0.0,99.0,3.0
2019-12-15 00:00:00+00:00,23.0,93.53348,1009.73395,4.2136917,70.01681,0.0,97.0,3.0
2019-12-15 01:00:00+00:00,24.5,84.93962,1010.23627,1.484318,14.036275,0.0,100.0,3.0
2019-12-15 02:00:00+00:00,24.55,90.27146,1011.0359,2.7416782,336.8014,0.0,94.0,3.0
2019-12-15 03:00:00+00:00,25.85,89.2822,1011.6375,2.0364676,315.0001,0.0,25.0,1.0
2019-12-15 04:00:00+00:00,27.2,84.20248,1011.7396,1.8,323.13,0.0,55.0,2.0
2019-12-15 05:00:00+00:00,28.35,69.98808,1011.24146,5.991594,57.264786,0.0,89.0,3.0
2019-12-15 06:00:00+00:00,29.55,63.52454,1010.7436,5.8603754,42.510403,0.0,99.0,3.0
2019-12-15 07:00:00+00:00,30.25,59.36278,1009.94495,2.6208394,344.05453,0.0,97.0,3.0
2019-12-15 08:00:00+00:00,29.85,62.246284,1009.14465,2.5959969,236.3099,0.0,100.0,3.0
2019-12-15 09:00:00+00:00,29.05,69.27408,1008.34406,6.379216,196.38962,0.0,99.0,3.0
2019-12-15 10:00:00+00:00,28.65,72.635124,1007.7438,6.489992,199.44012,0.0,91.0,3.0
2019-12-15 11:00:00+00:00,28.6,73.730995,1007.7438,2.0991426,210.96368,0.0,42.0,1.0
2019-12-15 12:00:00+00:00,27.35,83.21551,1008.2416,5.771239,266.42374,0.0,5.0,0.0
2019-12-15 13:00:00+00:00,26.5,84.89013,1008.8397,4.0249224,259.69522,0.0,60.0,2.0
2019-12-15 14:00:00+00:00,25.5,88.98716,1009.73804,2.8116899,230.19447,0.0,23.0,1.0
2019-12-15 15:00:00+00:00,26.9,80.452034,1010.43964,1.484318,255.96373,0.0,21.0,1.0
2019-12-15 16:00:00+00:00,24.7,88.11924,1010.8363,6.3690495,42.709366,0.0,1.0,0.0
2019-12-15 17:00:00+00:00,24.85,82.42232,1010.9363,5.3517847,47.72637,0.0,73.0,2.0
2019-12-15 18:00:00+00:00,23.55,86.6841,1010.63446,5.8603754,42.510403,0.0,67.0,2.0
2019-12-15 19:00:00+00:00,25.2,76.85584,1010.43713,2.4149535,333.43503,0.0,50.0,2.0
2019-12-15 20:00:00+00:00,23.4,88.82243,1009.93445,4.6102495,308.65982,0.0,21.0,1.0
2019-12-15 21:00:00+00:00,22.8,93.81027,1009.4337,5.2416787,344.05453,0.0,68.0,2.0
2019-12-15 22:00:00+00:00,22.8,92.10462,1008.93396,3.7585104,16.699326,0.0,48.0,1.0
2019-12-15 23:00:00+00:00,22.4,88.742676,1008.6334,4.829907,26.564985,0.0,73.0,2.0
2019-12-16 00:00:00+00:00,22.6,87.13151,1009.53345,4.8965297,53.972538,0.0,75.0,2.0
2019-12-16 01:00:00+00:00,22.65,85.80055,1009.9333,8.854829,63.435013,0.0,27.0,1.0
2019-12-16 02:00:00+00:00,23.9,85.13766,1010.73505,8.209263,74.74483,0.0,59.0,2.0
2019-12-16 03:00:00+00:00,26.4,78.93592,1011.23865,6.130579,93.366394,0.0,96.0,3.0
2019-12-16 04:00:00+00:00,27.8,65.326584,1011.44073,3.6,126.86999,0.0,74.0,2.0
2019-12-16 05:00:00+00:00,28.65,62.17282,1011.4421,1.8,90.0,0.0,41.0,1.0
2019-12-16 06:00:00+00:00,29.6,61.62306,1010.7436,2.1897945,350.53775,0.0,22.0,1.0
2019-12-16 07:00:00+00:00,30.15,59.70437,1009.94495,2.0991426,30.963696,0.1,31.0,51.0
2019-12-16 08:00:00+00:00,29.95,61.32492,1009.0449,3.0758414,200.55612,0.2,27.0,51.0
2019-12-16 09:00:00+00:00,29.65,65.50957,1008.24506,4.8433046,221.98714,0.1,18.0,51.0
2019-12-16 10:00:00+00:00,29.0,71.39183,1008.0438,4.39436,214.9921,0.0,30.0,1.0
2019-12-16 11:00:00+00:00,28.4,75.497284,1008.0432,3.319036,229.39879,0.0,12.0,0.0
2019-12-16 12:00:00+00:00,27.5,73.77029,1008.64136,6.763786,244.7989,0.0,2.0,0.0
2019-12-16 13:00:00+00:00,26.4,75.40906,1009.4395,4.1046314,254.74483,0.0,1.0,0.0
2019-12-16 14:00:00+00:00,26.1,76.99216,1010.6382,3.7585104,253.30067,0.0,0.0,0.0
2019-12-16 15:00:00+00:00,25.3,82.22511,1011.0372,4.2136917,250.0168,0.0,0.0,0.0
2019-12-16 16:00:00+00:00,25.9,77.90886,1011.53754,4.0249224,280.30478,0.0,5.0,0.0
2019-12-16 17:00:00+00:00,25.85,78.378944,1011.53754,3.219938,333.43503,0.0,0.0,0.0
2019-12-16 18:00:00+00:00,23.95,89.1372,1011.1348,5.154415,335.22488,0.0,1.0,0.0
2019-12-16 19:00:00+00:00,23.85,89.94836,1010.7348,4.3349743,355.23645,0.0,2.0,0.0
2019-12-16 20:00:00+00:00,23.0,89.61194,1010.2337,4.379589,9.462248,0.0,3.0,0.0
2019-12-16 21:00:00+00:00,23.05,87.44084,1009.634,3.9763298,354.80566,0.0,3.0,0.0
2019-12-16 22:00:00+00:00,23.15,87.18129,1009.3345,5.1544156,347.90527,0.0,1.0,0.0
2019-12-16 23:00:00+00:00,23.05,88.250916,1009.13416,4.73506,351.2539,0.0,7.0,0.0
2019-12-17 00:00:00+00:00,23.4,88.27999,1009.93445,5.00128,30.256361,0.0,1.0,0.0
2019-12-17 01:00:00+00:00,23.6,85.63117,1009.9348,6.9247384,27.897186,0.0,1.0,0.0
2019-12-17 02:00:00+00:00,24.55,84.42767,1010.736,4.510787,28.610369,0.0,5.0,0.0
2019-12-17 03:00:00+00:00,26.5,80.15643,1011.5385,0.35999998,360.0,0.0,9.0,0.0
2019-12-17 04:00:00+00:00,27.9,72.28525,1012.04047,0.5091169,224.9999,0.0,39.0,1.0
2019-12-17 05:00:00+00:00,29.1,64.60242,1011.84247,6.9527545,68.74943,0.0,36.0,1.0
2019-12-17 06:00:00+00:00,30.05,60.04816,1011.04407,6.8399997,90.0,0.0,29.0,1.0
2019-12-17 07:00:00+00:00,30.4,57.782055,1010.0452,6.924738,98.97255,0.0,29.0,1.0
2019-12-17 08:00:00+00:00,30.45,59.227448,1008.74585,3.0758414,159.44388,0.0,14.0,0.0
2019-12-17 09:00:00+00:00,30.2,61.380646,1007.8458,4.1046314,195.25517,0.1,8.0,51.0
2019-12-17 10:00:00+00:00,29.85,64.17191,1007.34546,2.52,180.0,0.1,12.0,51.0
2019-12-17 11:00:00+00:00,29.45,67.89682,1007.74493,2.1897945,189.46225,0.0,1.0,0.0
2019-12-17 12:00:00+00:00,28.25,75.70142,1008.2428,6.489992,86.82024,0.0,1.0,0.0
2019-12-17 13:00:00+00:00,27.35,71.749405,1008.8413,9.085988,56.3099,0.0,42.0,1.0
2019-12-17 14:00:00+00:00,27.0,71.249214,1009.5404,6.638072,40.601215,0.0,55.0,2.0
2019-12-17 15:00:00+00:00,26.0,80.82391,1010.3383,5.5887027,14.931467,0.0,72.0,2.0
2019-12-17 16:00:00+00:00,27.05,73.24642,1010.93976,2.5959969,303.6901,0.0,17.0,0.0
2019-12-17 17:00:00+00:00,27.0,75.27503,1011.03973,0.8049845,243.43501,0.0,33.0,1.0
2019-12-17 18:00:00+00:00,26.55,77.059906,1010.9391,2.8116899,129.80553,0.0,35.0,1.0
2019-12-17 19:00:00+00:00,24.3,86.75383,1010.6357,6.87779,96.00892,0.0,97.0,3.0
2019-12-17 20:00:00+00:00,24.8,77.747665,1010.2366,5.771239,86.423744,0.0,97.0,3.0
2019-12-17 21:00:00+00:00,23.8,82.29604,1009.4354,4.3349743,85.23644,0.0,94.0,3.0
2019-12-17 22:00:00+00:00,24.0,79.57509,1008.73596,4.6102495,38.65983,0.0,59.0,2.0
2019-12-17 23:00:00+00:00,24.75,74.68028,1008.7373,3.0758414,339.44388,0.0,34.0,1.0
2019-12-18 00:00:00+00:00,23.15,83.49888,1009.23456,5.771239,86.423744,0.0,73.0,2.0
2019-12-18 01:00:00+00:00,23.35,84.55822,1009.8345,4.6800003,67.3801,0.0,93.0,3.0
2019-12-18 02:00:00+00:00,25.0,76.35338,1010.83655,1.8,126.86999,0.0,94.0,3.0
2019-12-18 03:00:00+00:00,26.55,73.83619,1011.6387,2.7416782,203.19862,0.0,93.0,3.0
2019-12-18 04:00:00+00:00,27.75,66.12528,1012.0402,6.763786,205.2011,0.0,86.0,3.0
2019-12-18 05:00:00+00:00,28.6,64.49705,1011.94183,3.4152596,198.43504,0.0,77.0,2.0
2019-12-18 06:00:00+00:00,29.7,61.26909,1011.14374,2.5455842,81.86999,0.0,96.0,3.0
2019-12-18 07:00:00+00:00,30.6,58.900913,1010.1454,5.634891,26.564985,0.0,95.0,3.0
2019-12-18 08:00:00+00:00,30.75,59.84152,1008.6464,1.8,306.86996,0.0,89.0,3.0
2019-12-18 09:00:00+00:00,30.8,61.14141,1007.64685,2.6208394,195.94547,0.0,81.0,3.0
2019-12-18 10:00:00+00:00,30.2,65.42435,1007.44604,5.4477882,187.59456,0.0,35.0,1.0
2019-12-18 11:00:00+00:00,29.25,71.00706,1007.7447,5.154415,204.77512,0.0,1.0,0.0
2019-12-18 12:00:00+00:00,28.95,73.789345,1007.9439,4.829907,116.56499,0.0,9.0,0.0
2019-12-18 13:00:00+00:00,27.55,80.05374,1008.64136,3.319036,139.39879,0.0,56.0,2.0
2019-12-18 14:00:00+00:00,27.1,79.033295,1009.7403,4.39436,124.992096,0.0,94.0,3.0
2019-12-18 15:00:00+00:00,27.05,74.371826,1010.34,7.2,90.0,0.0,84.0,3.0
2019-12-18 16:00:00+00:00,26.55,75.203,1010.83905,7.6367526,81.86999,0.0,65.0,2.0
2019-12-18 17:00:00+00:00,26.2,79.148384,1010.7385,2.5455842,171.86998,0.0,96.0,3.0
2019-12-18 18:00:00+00:00,26.8,79.47154,1010.6395,5.991594,212.73521,0.0,95.0,3.0
2019-12-18 19:00:00+00:00,26.6,82.132675,1010.2394,4.072935,224.9999,0.0,98.0,3.0
2019-12-18 20:00:00+00:00,26.2,83.84065,1009.3392,2.2768397,251.56496,0.0,98.0,3.0
2019-12-18 21:00:00+00:00,26.2,83.33551,1008.53955,2.3051248,321.34018,0.0,96.0,3.0
2019-12-18 22:00:00+00:00,24.75,91.93702,1008.0376,4.2136917,289.9832,0.0,97.0,3.0
2019-12-18 23:00:00+00:00,25.55,89.2595,1008.43866,4.68,270.0,0.0,94.0,3.0
2019-12-19 00:00:00+00:00,24.9,83.18705,1008.6375,5.991594,122.73522,0.0,91.0,3.0
2019-12-19 01:00:00+00:00,25.1,81.70048,1009.0377,4.802999,77.00539,0.0,57.0,2.0
2019-12-19 02:00:00+00:00,25.7,82.77461,1009.43854,6.763786,64.79892,0.0,27.0,1.0
2019-12-19 03:00:00+00:00,27.4,78.12597,1009.94086,1.08,270.0,0.0,30.0,1.0
2019-12-19 04:00:00+00:00,28.75,67.553665,1010.6424,7.771331,193.39252,0.0,21.0,1.0
2019-12-19 05:00:00+00:00,29.9,61.68966,1011.04407,5.495161,121.60746,0.0,54.0,2.0
2019-12-19 06:00:00+00:00,31.05,56.017426,1010.44604,10.028439,68.96242,0.0,37.0,1.0
2019-12-19 07:00:00+00:00,31.45,55.43129,1009.547,10.787993,64.2901,0.0,40.0,1.0
2019-12-19 08:00:00+00:00,31.5,55.78372,1008.4475,7.289444,69.775055,0.0,71.0,2.0
2019-12-19 09:00:00+00:00,30.9,58.254753,1007.54694,5.991594,57.264786,0.0,82.0,3.0
2019-12-19 10:00:00+00:00,30.8,59.852947,1006.7473,8.427383,70.01681,0.0,94.0,3.0
2019-12-19 11:00:00+00:00,30.3,62.155518,1006.6467,5.7599998,90.0,0.0,96.0,3.0
2019-12-19 12:00:00+00:00,28.9,71.37398,1007.9439,1.835647,281.3099,0.0,98.0,3.0
2019-12-19 13:00:00+00:00,28.25,75.92988,1008.54266,4.1046314,285.25516,0.0,99.0,3.0
2019-12-19 14:00:00+00:00,27.6,87.57384,1009.14154,1.5273507,315.0001,0.0,98.0,3.0
2019-12-19 15:00:00+00:00,27.65,76.75918,1009.7413,4.1046314,52.124958,0.0,98.0,3.0
2019-12-19 16:00:00+00:00,27.25,79.53272,1010.64014,3.8268526,48.814175,0.0,98.0,3.0
2019-12-19 17:00:00+00:00,27.25,73.50413,1010.94,2.3051248,308.65982,0.0,96.0,3.0
2019-12-19 18:00:00+00:00,26.1,83.57655,1010.6382,2.2768397,288.43503,0.1,90.0,51.0
2019-12-19 19:00:00+00:00,25.25,87.10472,1010.33716,3.2599385,276.3401,0.4,97.0,51.0
2019-12-19 20:00:00+00:00,24.85,91.114204,1009.7368,2.5959969,303.6901,0.5,97.0,53.0
2019-12-19 21:00:00+00:00,24.45,93.03774,1009.03644,2.5959969,303.6901,0.5,94.0,53.0
2019-12-19 22:00:00+00:00,23.85,95.00129,1008.7357,4.510787,28.610369,0.3,94.0,51.0
2019-12-19 23:00:00+00:00,23.65,94.133705,1008.9353,3.8268526,41.185837,0.4,98.0,51.0
2019-12-20 00:00:00+00:00,25.4,84.77541,1007.9386,3.6179552,185.7105,0.0,99.0,3.0
2019-12-20 01:00:00+00:00,24.95,83.70182,1009.2373,8.404285,133.26433,0.4,88.0,51.0
2019-12-20 02:00:00+00:00,25.0,82.94508,1010.2368,6.638072,139.39879,0.0,99.0,3.0
2019-12-20 03:00:00+00:00,25.45,84.52384,1011.33704,5.3517847,132.27362,0.2,100.0,51.0
2019-12-20 04:00:00+00:00,25.4,87.6465,1011.93677,3.7585104,163.30067,2.1,100.0,61.0
2019-12-20 05:00:00+00:00,24.05,99.10284,1011.73456,5.95906,205.01686,8.6,100.0,65.0
2019-12-20 06:00:00+00:00,23.95,99.10214,1011.2348,8.669949,221.63345,5.8,100.0,63.0
2019-12-20 07:00:00+00:00,23.9,99.10186,1010.6351,8.404285,226.73567,4.7,100.0,63.0
2019-12-20 08:00:00+00:00,25.1,89.2253,1009.9374,9.387651,237.52882,0.3,100.0,51.0
2019-12-20 09:00:00+00:00,25.6,84.539795,1009.0383,6.9527545,248.74942,0.2,100.0,51.0
2019-12-20 10:00:00+00:00,25.55,86.606735,1008.6385,3.6179552,264.2895,0.1,100.0,51.0
2019-12-20 11:00:00+00:00,25.75,85.069016,1008.73883,4.2136917,289.9832,0.1,100.0,51.0
2019-12-20 12:00:00+00:00,23.75,89.39417,1008.7357,9.028754,355.42615,0.1,100.0,51.0
2019-12-20 13:00:00+00:00,22.8,98.794174,1008.834,5.00128,30.256361,2.5,100.0,63.0
2019-12-20 14:00:00+00:00,22.55,99.09273,1009.4335,5.7599998,90.0,1.1,100.0,55.0
2019-12-20 15:00:00+00:00,23.55,92.99227,1009.83484,7.729527,152.24155,0.0,99.0,3.0
2019-12-20 16:00:00+00:00,24.65,92.48806,1010.736,8.64,180.0,0.0,99.0,3.0
2019-12-20 17:00:00+00:00,25.35,90.872086,1011.0372,8.4963045,216.38445,0.0,100.0,3.0
2019-12-20 18:00:00+00:00,25.4,90.60236,1010.6373,7.6367526,261.87,0.0,100.0,3.0
2019-12-20 19:00:00+00:00,25.15,91.683784,1010.2372,8.12197,282.80426,0.1,100.0,51.0
2019-12-20 20:00:00+00:00,24.95,91.94855,1009.6371,3.671294,281.3099,0.0,100.0,3.0
2019-12-20 21:00:00+00:00,24.95,91.67183,1009.1373,6.6185193,337.6198,0.1,100.0,51.0
2019-12-20 22:00:00+00:00,24.8,93.055336,1008.43744,8.557102,345.3791,0.1,100.0,51.0
2019-12-20 23:00:00+00:00,23.85,98.80356,1008.43585,5.315336,331.69934,0.1,100.0,51.0
2019-12-21 00:00:00+00:00,23.9,89.951935,1008.5361,3.8773184,21.801476,0.0,99.0,3.0
2019-12-21 01:00:00+00:00,24.45,85.194214,1009.5362,5.154415,114.775116,0.0,99.0,3.0
2019-12-21 02:00:00+00:00,24.6,88.11086,1010.1362,11.212135,137.60262,0.0,100.0,3.0
2019-12-21 03:00:00+00:00,25.45,86.5974,1010.93726,9.504272,127.30403,0.0,99.0,3.0
2019-12-21 04:00:00+00:00,26.0,84.32698,1010.73816,6.696387,126.25393,0.0,97.0,3.0
2019-12-21 05:00:00+00:00,27.1,78.31947,1010.5399,5.0142193,111.03758,0.0,100.0,3.0
2019-12-21 06:00:00+00:00,27.6,79.58017,1009.9412,5.0142193,111.03758,0.0,100.0,3.0
2019-12-21 07:00:00+00:00,28.1,77.52389,1008.7423,4.32,90.0,0.0,98.0,3.0
2019-12-21 08:00:00+00:00,28.9,70.515884,1007.44415,6.162207,83.29026,0.0,96.0,3.0
2019-12-21 09:00:00+00:00,29.4,68.71409,1006.64514,4.452954,104.03627,0.0,96.0,3.0
2019-12-21 10:00:00+00:00,29.3,69.952644,1006.1454,6.830519,108.43504,0.0,86.0,3.0
2019-12-21 11:00:00+00:00,28.65,74.85825,1006.54425,6.9527545,111.25058,0.0,81.0,3.0
2019-12-21 12:00:00+00:00,27.6,78.154686,1007.0425,8.669949,94.76356,0.0,89.0,3.0
2019-12-21 13:00:00+00:00,26.75,74.77747,1007.9408,11.304229,99.16227,0.0,92.0,3.0
2019-12-21 14:00:00+00:00,26.45,73.81937,1008.8397,11.013882,101.3099,0.0,96.0,3.0
2019-12-21 15:00:00+00:00,26.7,73.63582,1009.7396,8.089993,110.854546,0.0,99.0,3.0
2019-12-21 16:00:00+00:00,25.7,83.78533,1010.23816,5.495161,121.60746,0.0,100.0,3.0
2019-12-21 17:00:00+00:00,26.0,81.563644,1010.3383,4.802999,102.99462,0.0,98.0,3.0
2019-12-21 18:00:00+00:00,25.5,84.529175,1010.3377,4.896529,107.10281,0.0,94.0,3.0
2019-12-21 19:00:00+00:00,25.55,80.030045,1009.9379,5.937272,75.96373,0.0,95.0,3.0
2019-12-21 20:00:00+00:00,25.3,78.54044,1009.33795,10.028439,68.96242,0.0,69.0,2.0
2019-12-21 21:00:00+00:00,25.2,76.38435,1008.6379,9.693296,68.19853,0.0,6.0,0.0
2019-12-21 22:00:00+00:00,24.9,77.04727,1008.23773,8.766573,70.8209,0.0,12.0,0.0
2019-12-21 23:00:00+00:00,24.5,79.39868,1008.4371,6.725354,74.47583,0.0,5.0,0.0
2019-12-22 00:00:00+00:00,24.6,78.19899,1008.63696,8.534353,62.354122,0.0,10.0,0.0
2019-12-22 01:00:00+00:00,24.3,77.67387,1009.33624,8.4042845,80.13426,0.0,2.0,0.0
2019-12-22 02:00:00+00:00,24.85,80.922615,1010.1366,6.87779,96.00892,0.0,1.0,0.0
2019-12-22 03:00:00+00:00,26.2,74.45929,1010.43866,4.73506,81.25392,0.0,4.0,0.0
2019-12-22 04:00:00+00:00,27.3,72.17999,1010.3403,3.396233,32.005356,0.0,26.0,1.0
2019-12-22 05:00:00+00:00,28.65,70.68396,1010.2426,2.8799999,360.0,0.0,0.0,0.0
2019-12-22 06:00:00+00:00,29.65,68.5546,1009.84436,1.484318,165.96373,0.0,32.0,1.0
2019-12-22 07:00:00+00:00,30.3,65.84179,1009.1456,3.2599385,186.3401,0.0,55.0,2.0
2019-12-22 08:00:00+00:00,30.15,65.81115,1008.54553,4.452954,194.03627,0.1,86.0,51.0
2019-12-22 09:00:00+00:00,29.25,72.73845,1007.7447,7.24486,206.56499,0.3,89.0,51.0
2019-12-22 10:00:00+00:00,28.55,77.822716,1007.2436,6.989936,214.50858,0.2,89.0,51.0
2019-12-22 11:00:00+00:00,28.3,83.07537,1007.4432,0.71999997,180.0,0.0,93.0,3.0
2019-12-22 12:00:00+00:00,27.45,77.66258,1007.84174,7.69592,280.78424,0.0,89.0,3.0
2019-12-22 13:00:00+00:00,26.55,80.65009,1008.6401,8.28,270.0,0.0,29.0,1.0
2019-12-22 14:00:00+00:00,26.0,87.96233,1009.83856,4.379589,279.46225,0.0,74.0,2.0
2019-12-22 15:00:00+00:00,26.25,84.3538,1010.53864,3.319036,40.601215,0.0,96.0,3.0
2019-12-22 16:00:00+00:00,25.85,85.33684,1011.1377,3.8268526,41.185837,0.0,97.0,3.0
2019-12-22 17:00:00+00:00,25.15,88.423805,1011.23676,3.6,36.86999,0.0,98.0,3.0
2019-12-22 18:00:00+00:00,24.85,88.936554,1011.0362,3.319036,49.398785,0.0,97.0,3.0
2019-12-22 19:00:00+00:00,24.95,87.34221,1010.2368,3.0758414,69.44387,0.0,97.0,3.0
2019-12-22 20:00:00+00:00,24.8,87.32892,1009.337,7.6367526,81.86999,0.0,98.0,3.0
2019-12-22 21:00:00+00:00,24.5,86.50839,1008.63696,7.9526596,84.805664,0.0,93.0,3.0
2019-12-22 22:00:00+00:00,23.95,89.95552,1008.03625,5.04,90.0,0.0,95.0,3.0
2019-12-22 23:00:00+00:00,24.7,84.186424,1007.63776,1.2979984,56.309914,0.0,95.0,3.0
2019-12-23 00:00:00+00:00,24.35,86.49427,1009.4363,4.510787,28.610369,0.0,99.0,3.0
2019-12-23 01:00:00+00:00,24.2,85.69105,1010.53546,8.669949,41.63345,0.0,99.0,3.0
2019-12-23 02:00:00+00:00,24.8,84.712296,1011.23615,9.504272,52.695976,0.0,99.0,3.0
2019-12-23 03:00:00+00:00,26.45,79.42373,1011.93835,6.9153743,51.34017,0.0,99.0,3.0
2019-12-23 04:00:00+00:00,27.7,73.13441,1012.0402,5.3999996,53.13002,0.0,98.0,3.0
2019-12-23 05:00:00+00:00,28.75,68.17335,1012.1417,4.1046314,74.74483,0.0,99.0,3.0
2019-12-23 06:00:00+00:00,29.65,64.71784,1011.44366,0.5091169,224.9999,0.0,99.0,3.0
2019-12-23 07:00:00+00:00,29.9,65.16451,1010.8441,7.653705,228.81418,0.0,99.0,3.0
2019-12-23 08:00:00+00:00,29.15,69.08348,1009.74347,11.457958,223.72705,0.3,100.0,51.0
2019-12-23 09:00:00+00:00,28.2,76.61123,1009.0424,6.792466,212.00534,0.3,98.0,51.0
2019-12-23 10:00:00+00:00,28.15,76.83463,1008.4425,6.28713,203.6294,0.1,98.0,51.0
2019-12-23 11:00:00+00:00,27.55,79.573425,1008.7414,4.68,180.0,0.0,98.0,3.0
2019-12-23 12:00:00+00:00,27.1,78.79473,1008.241,10.137692,196.50444,0.0,97.0,3.0
2019-12-23 13:00:00+00:00,26.8,82.653496,1008.84033,9.904906,199.09358,0.0,98.0,3.0
2019-12-23 14:00:00+00:00,26.75,86.45839,1009.9399,9.511088,209.4758,0.0,99.0,3.0
2019-12-23 15:00:00+00:00,25.9,91.454,1010.8379,3.9763298,174.80566,0.0,98.0,3.0
2019-12-23 16:00:00+00:00,25.35,93.0828,1011.0372,4.3349743,48.366554,0.0,97.0,3.0
2019-12-23 17:00:00+00:00,25.5,90.06556,1011.0374,5.692099,34.69522,0.0,97.0,3.0
2019-12-23 18:00:00+00:00,24.85,90.839485,1011.0362,4.0249224,26.564985,0.0,97.0,3.0
2019-12-23 19:00:00+00:00,25.15,87.35993,1010.9369,4.3349743,4.763556,0.0,96.0,3.0
2019-12-23 20:00:00+00:00,24.45,91.36499,1010.2359,4.0249224,333.43503,0.0,95.0,3.0
2019-12-23 21:00:00+00:00,24.15,92.74141,1009.63586,4.510787,331.38962,0.0,95.0,3.0
2019-12-23 22:00:00+00:00,24.5,89.179474,1009.2367,3.396233,32.005356,0.0,91.0,3.0
2019-12-23 23:00:00+00:00,23.8,90.21929,1009.2355,3.8773184,68.19853,0.0,94.0,3.0
2019-12-24 00:00:00+00:00,24.0,89.14106,1009.83545,4.379589,99.46225,0.0,97.0,3.0
2019-12-24 01:00:00+00:00,24.45,85.977806,1010.6357,3.2399998,90.0,0.0,94.0,3.0
2019-12-24 02:00:00+00:00,25.25,81.22168,1011.43665,4.452954,104.03627,0.0,93.0,3.0
2019-12-24 03:00:00+00:00,26.8,82.9028,1012.4387,3.8939953,146.3099,0.0,94.0,3.0
2019-12-24 04:00:00+00:00,27.95,79.38876,1012.8401,5.4477882,172.40544,0.0,92.0,3.0
2019-12-24 05:00:00+00:00,28.95,72.46809,1012.8417,2.8799999,180.0,0.1,94.0,51.0
2019-12-24 06:00:00+00:00,29.4,72.54596,1012.54254,1.9386592,248.19853,0.0,95.0,3.0
2019-12-24 07:00:00+00:00,29.3,73.84755,1011.54297,2.7416782,246.80138,0.1,95.0,51.0
2019-12-24 08:00:00+00:00,29.0,76.5029,1010.5427,4.8965297,233.97253,0.3,98.0,51.0
2019-12-24 09:00:00+00:00,28.1,82.80513,1009.6419,5.6233797,219.80553,2.8,98.0,63.0
2019-12-24 10:00:00+00:00,27.85,85.2828,1009.1418,5.6920996,198.43504,0.9,96.0,53.0
2019-12-24 11:00:00+00:00,27.85,83.27224,1009.44165,5.1919937,213.6901,0.0,93.0,3.0
2019-12-24 12:00:00+00:00,27.55,79.573425,1009.7409,6.8777895,227.12111,0.0,90.0,3.0
2019-12-24 13:00:00+00:00,26.6,84.39127,1010.1394,3.319036,229.39879,0.0,97.0,3.0
2019-12-24 14:00:00+00:00,26.3,89.316124,1010.9385,3.6,216.86998,0.0,96.0,3.0
2019-12-24 15:00:00+00:00,26.6,85.4124,1011.8386,2.9024127,209.7448,0.0,97.0,3.0
2019-12-24 16:00:00+00:00,27.0,82.42858,1012.639,0.71999997,90.0,0.0,97.0,3.0
2019-12-24 17:00:00+00:00,25.7,90.07962,1012.637,2.9024127,60.255207,0.0,95.0,3.0
2019-12-24 18:00:00+00:00,25.5,89.52493,1012.3368,4.8965297,36.027473,0.0,93.0,3.0
2019-12-24 19:00:00+00:00,25.15,90.585625,1011.63654,4.2136917,19.983198,0.0,90.0,3.0
2019-12-24 20:00:00+00:00,24.8,91.3866,1010.7364,4.510787,28.610369,0.0,89.0,3.0
2019-12-24 21:00:00+00:00,24.5,91.92252,1010.0363,5.3999996,36.86998,0.0,84.0,3.0
2019-12-24 22:00:00+00:00,24.5,90.81656,1009.6365,4.8433046,48.01287,0.0,46.0,1.0
2019-12-24 23:00:00+00:00,24.4,90.810005,1009.5362,4.2136917,70.01681,0.0,18.0,0.0
2019-12-25 00:00:00+00:00,24.35,89.98408,1009.6361,7.0911775,66.037506,0.0,6.0,0.0
2019-12-25 01:00:00+00:00,24.65,86.78616,1009.9364,7.9932976,82.234924,0.0,1.0,0.0
2019-12-25 02:00:00+00:00,25.75,84.3001,1010.63794,7.072878,104.743614,0.0,5.0,0.0
2019-12-25 03:00:00+00:00,27.5,79.56662,1011.5401,4.3349743,131.63345,0.0,15.0,0.0
2019-12-25 04:00:00+00:00,28.8,70.92568,1011.64197,2.52,180.0,0.0,5.0,0.0
2019-12-25 05:00:00+00:00,29.65,67.730705,1011.7435,1.08,270.0,0.0,82.0,3.0
2019-12-25 06:00:00+00:00,29.65,69.178246,1011.3437,3.9763298,264.80566,0.1,27.0,51.0
2019-12-25 07:00:00+00:00,29.6,71.07012,1010.4437,4.6938252,265.60138,0.2,29.0,51.0
2019-12-25 08:00:00+00:00,29.65,72.15484,1009.5445,7.2805495,261.46933,0.1,28.0,51.0
2019-12-25 09:00:00+00:00,29.35,72.75562,1008.8442,7.289444,249.77505,0.1,36.0,51.0
2019-12-25 10:00:00+00:00,28.3,77.78647,1008.8425,8.4963045,216.38445,1.3,64.0,61.0
2019-12-25 11:00:00+00:00,28.0,80.11326,1009.1421,5.3517847,222.27362,0.1,57.0,51.0
2019-12-25 12:00:00+00:00,28.3,80.8749,1008.9425,2.5959969,213.6901,0.1,62.0,51.0
2019-12-25 13:00:00+00:00,27.15,86.23771,1009.44073,5.154415,114.775116,0.0,19.0,0.0
2019-12-25 14:00:00+00:00,27.15,78.090004,1010.3403,7.0911775,66.037506,0.0,32.0,1.0
2019-12-25 15:00:00+00:00,26.75,75.46472,1011.23926,5.692099,55.304783,0.0,16.0,0.0
2019-12-25 16:00:00+00:00,25.9,82.04796,1011.8374,5.6920996,71.564964,0.0,29.0,1.0
2019-12-25 17:00:00+00:00,27.1,71.04937,1012.13916,3.6179552,84.2895,0.0,10.0,0.0
2019-12-25 18:00:00+00:00,26.9,72.10953,1012.23883,2.968636,104.03627,0.0,14.0,0.0
2019-12-25 19:00:00+00:00,25.15,86.83221,1011.93646,5.1165614,129.28938,0.0,30.0,1.0
2019-12-25 20:00:00+00:00,25.15,88.15676,1011.23676,4.5536795,108.43504,0.0,31.0,1.0
2019-12-25 21:00:00+00:00,24.9,88.13594,1010.83655,4.452954,104.03627,0.0,32.0,1.0
2019-12-25 22:00:00+00:00,24.55,88.9131,1010.5361,4.379589,99.46225,0.0,31.0,1.0
2019-12-25 23:00:00+00:00,24.25,89.43178,1010.3356,5.0911684,81.86999,0.0,22.0,1.0
2019-12-26 00:00:00+00:00,24.95,87.077644,1010.0369,5.4119864,93.814,0.0,34.0,1.0
2019-12-26 01:00:00+00:00,25.05,84.22448,1010.3368,8.049845,100.30479,0.0,58.0,2.0
2019-12-26 02:00:00+00:00,25.8,82.53551,1011.1377,7.0911775,113.962494,0.0,57.0,2.0
2019-12-26 03:00:00+00:00,27.45,76.265724,1011.93994,5.3999996,126.86998,0.0,11.0,0.0
2019-12-26 04:00:00+00:00,28.5,70.87122,1011.9415,4.6938257,147.52882,0.0,3.0,0.0
2019-12-26 05:00:00+00:00,29.5,67.906586,1012.04297,4.2136917,199.9832,0.0,3.0,0.0
2019-12-26 06:00:00+00:00,29.95,69.02678,1011.24396,5.904439,232.43134,0.0,6.0,0.0
2019-12-26 07:00:00+00:00,29.8,72.614914,1010.544,8.854829,243.43501,0.2,22.0,51.0
2019-12-26 08:00:00+00:00,28.6,76.67183,1009.6429,9.779817,263.6599,0.5,57.0,53.0
2019-12-26 09:00:00+00:00,28.7,73.747665,1009.14307,9.007196,267.70944,0.2,33.0,51.0
2019-12-26 10:00:00+00:00,28.25,75.4736,1008.8425,12.371645,278.36578,0.2,44.0,51.0
2019-12-26 11:00:00+00:00,27.95,77.969894,1009.0418,9.659814,296.56497,0.4,45.0,51.0
2019-12-26 12:00:00+00:00,27.25,84.207886,1009.54065,7.0911775,336.0375,0.9,89.0,53.0
2019-12-26 13:00:00+00:00,26.2,92.29539,1009.8389,3.8939953,303.6901,0.4,24.0,51.0
2019-12-26 14:00:00+00:00,26.6,88.80618,1010.2394,7.2805495,278.53067,0.0,17.0,0.0
2019-12-26 15:00:00+00:00,26.5,89.86674,1011.03876,5.0911684,278.13,0.0,13.0,0.0
2019-12-26 16:00:00+00:00,25.35,93.6428,1011.7369,5.6920996,288.43503,0.0,6.0,0.0
2019-12-26 17:00:00+00:00,26.75,88.28878,1011.5391,2.4149535,333.43503,0.0,4.0,0.0
2019-12-26 18:00:00+00:00,24.45,95.88533,1011.43536,5.154415,114.775116,0.0,3.0,0.0
2019-12-26 19:00:00+00:00,24.9,95.03945,1011.03644,7.42159,112.833694,0.0,5.0,0.0
2019-12-26 20:00:00+00:00,24.45,95.88533,1010.5357,6.725354,105.52418,0.0,7.0,0.0
2019-12-26 21:00:00+00:00,24.05,95.29606,1009.73553,4.6938252,85.60138,0.0,7.0,0.0
2019-12-26 22:00:00+00:00,23.8,91.88177,1009.33545,6.297428,59.03632,0.0,7.0,0.0
2019-12-26 23:00:00+00:00,23.25,89.630455,1009.23456,7.7879906,56.3099,0.0,5.0,0.0
2019-12-27 00:00:00+00:00,23.6,87.48939,1009.535,7.491114,54.782326,0.0,3.0,0.0
2019-12-27 01:00:00+00:00,23.6,88.02678,1010.0347,7.5685663,64.65388,0.0,5.0,0.0
2019-12-27 02:00:00+00:00,24.25,87.54643,1011.1352,6.87779,83.99109,0.0,29.0,1.0
2019-12-27 03:00:00+00:00,26.0,82.559166,1011.5378,6.489992,93.17977,0.0,10.0,0.0
2019-12-27 04:00:00+00:00,27.5,73.77029,1011.5401,6.6185193,112.38018,0.0,52.0,2.0
2019-12-27 05:00:00+00:00,28.8,69.0169,1011.4421,5.1165614,140.71062,0.0,46.0,1.0
2019-12-27 06:00:00+00:00,29.55,67.91637,1010.8435,3.0758414,200.55612,0.0,7.0,0.0
2019-12-27 07:00:00+00:00,29.9,66.36031,1009.7446,5.904439,217.56866,0.0,15.0,0.0
2019-12-27 08:00:00+00:00,29.1,74.259026,1008.544,11.681987,213.6901,0.1,19.0,51.0
2019-12-27 09:00:00+00:00,28.4,72.59191,1007.54346,13.70839,209.93143,0.0,39.0,1.0
2019-12-27 10:00:00+00:00,28.25,70.610825,1007.04333,12.979984,213.6901,0.0,64.0,2.0
2019-12-27 11:00:00+00:00,28.05,75.67009,1007.143,12.313894,217.87505,0.0,78.0,2.0
2019-12-27 12:00:00+00:00,27.4,80.759735,1006.9422,10.464797,220.81499,0.0,89.0,3.0
2019-12-27 13:00:00+00:00,26.65,82.138756,1007.4407,7.8954163,226.8476,0.0,40.0,1.0
2019-12-27 14:00:00+00:00,26.45,84.37523,1008.63983,5.1919937,236.3099,0.0,36.0,1.0
2019-12-27 15:00:00+00:00,26.45,84.62973,1009.5394,6.2145634,259.9921,0.0,38.0,1.0
2019-12-27 16:00:00+00:00,25.25,90.04791,1010.1372,4.829907,296.56497,0.0,5.0,0.0
2019-12-27 17:00:00+00:00,24.7,92.212074,1010.2366,5.506941,11.3098955,0.0,6.0,0.0
2019-12-27 18:00:00+00:00,25.0,90.30252,1010.13684,5.1919937,33.6901,0.0,25.0,1.0
2019-12-27 19:00:00+00:00,24.9,88.40343,1009.837,6.638072,49.398785,0.0,35.0,1.0
2019-12-27 20:00:00+00:00,24.95,84.213585,1009.4372,9.904906,70.90642,0.0,15.0,0.0
2019-12-27 21:00:00+00:00,24.75,79.43312,1008.8372,10.8955765,82.40546,0.0,11.0,0.0
2019-12-27 22:00:00+00:00,24.3,78.882866,1008.2368,11.252519,82.64771,0.0,9.0,0.0
2019-12-27 23:00:00+00:00,23.9,79.56137,1008.2362,11.525623,88.21013,0.0,6.0,0.0
2019-12-28 00:00:00+00:00,23.95,78.58983,1008.9359,12.397806,64.17907,0.0,3.0,0.0
2019-12-28 01:00:00+00:00,23.95,77.86296,1009.6355,12.245293,65.695465,0.0,1.0,0.0
2019-12-28 02:00:00+00:00,24.7,77.01697,1010.63635,12.074766,63.435013,0.0,37.0,1.0
2019-12-28 03:00:00+00:00,26.3,70.46773,1011.33826,10.24578,71.564964,0.0,47.0,1.0
2019-12-28 04:00:00+00:00,27.45,65.65761,1011.5401,7.928178,92.60251,0.0,48.0,1.0
2019-12-28 05:00:00+00:00,28.55,62.727604,1011.9415,6.151683,110.55613,0.0,0.0,0.0
2019-12-28 06:00:00+00:00,29.55,60.118416,1011.1434,3.219938,153.43501,0.0,35.0,1.0
2019-12-28 07:00:00+00:00,30.05,59.498814,1010.24445,3.7585104,196.69933,0.0,56.0,2.0
2019-12-28 08:00:00+00:00,29.95,61.70073,1009.0449,5.6233797,219.80553,0.0,63.0,2.0
2019-12-28 09:00:00+00:00,29.3,66.84551,1008.1445,8.209263,232.12495,0.0,49.0,1.0
2019-12-28 10:00:00+00:00,28.7,69.20776,1007.5438,8.942214,229.89915,0.0,0.0,0.0
2019-12-28 11:00:00+00:00,28.15,69.95083,1007.6428,8.669949,221.63345,0.0,29.0,1.0
2019-12-28 12:00:00+00:00,27.1,72.80908,1008.34094,11.808878,217.56866,0.0,76.0,2.0
2019-12-28 13:00:00+00:00,26.4,76.33577,1009.0397,11.592894,216.15828,0.0,61.0,2.0
2019-12-28 14:00:00+00:00,26.4,75.17892,1009.63934,9.449572,220.36446,0.0,85.0,3.0
2019-12-28 15:00:00+00:00,26.25,78.43609,1010.7385,5.634891,243.43501,0.0,70.0,2.0
2019-12-28 16:00:00+00:00,26.3,78.204834,1011.2383,2.6208394,344.05453,0.0,2.0,0.0
2019-12-28 17:00:00+00:00,24.7,85.47991,1011.536,5.904439,52.431335,0.0,2.0,0.0
2019-12-28 18:00:00+00:00,24.1,84.63819,1011.3351,9.422101,46.54811,0.0,2.0,0.0
2019-12-28 19:00:00+00:00,24.1,82.07945,1011.23517,9.793059,53.972538,0.0,0.0,0.0
2019-12-28 20:00:00+00:00,24.15,80.08827,1010.23566,7.24486,63.435013,0.0,40.0,1.0
2019-12-28 21:00:00+00:00,23.95,79.322624,1009.43567,6.3690495,42.709366,0.0,66.0,2.0
2019-12-28 22:00:00+00:00,23.2,83.24689,1009.0346,4.39436,34.9921,0.0,84.0,3.0
2019-12-28 23:00:00+00:00,22.9,83.72923,1009.03424,4.510787,28.610369,0.0,89.0,3.0
2019-12-29 00:00:00+00:00,25.25,71.150925,1009.0377,2.8799999,360.0,0.0,90.0,3.0
2019-12-29 01:00:00+00:00,24.2,77.659035,1009.53595,2.5959969,56.309914,0.0,94.0,3.0
2019-12-29 02:00:00+00:00,25.15,77.08502,1010.43713,4.0249224,79.69521,0.0,96.0,3.0
2019-12-29 03:00:00+00:00,26.8,68.63265,1011.1393,3.9763298,95.19434,0.0,97.0,3.0
2019-12-29 04:00:00+00:00,27.75,63.723907,1011.4405,1.9386592,158.19853,0.0,95.0,3.0
2019-12-29 05:00:00+00:00,28.7,61.992702,1011.2422,1.609969,243.43501,0.0,96.0,3.0
2019-12-29 06:00:00+00:00,29.25,62.496204,1011.0432,6.12,241.92761,0.0,95.0,3.0
2019-12-29 07:00:00+00:00,29.45,63.50307,1010.24384,8.587338,236.97612,0.0,50.0,2.0
2019-12-29 08:00:00+00:00,29.25,63.266277,1009.14404,11.304229,232.76509,0.0,65.0,2.0
2019-12-29 09:00:00+00:00,28.65,65.90476,1008.2435,10.44,223.60289,0.0,67.0,2.0
2019-12-29 10:00:00+00:00,28.4,69.15082,1007.7434,7.7043357,232.59457,0.0,64.0,2.0
2019-12-29 11:00:00+00:00,28.35,70.41488,1007.84296,5.8603754,259.3804,0.0,42.0,1.0
2019-12-29 12:00:00+00:00,27.6,72.89526,1008.24194,5.8603754,259.3804,0.0,27.0,1.0
2019-12-29 13:00:00+00:00,26.65,78.73157,1008.83997,3.9763298,275.19434,0.0,27.0,1.0
2019-12-29 14:00:00+00:00,25.95,85.089584,1009.6387,3.8268526,318.81415,0.0,20.0,1.0
2019-12-29 15:00:00+00:00,25.9,85.08447,1010.8379,3.96,360.0,0.0,21.0,1.0
2019-12-29 16:00:00+00:00,26.25,81.84221,1011.33826,2.7416782,336.8014,0.0,16.0,0.0
2019-12-29 17:00:00+00:00,26.45,79.18296,1011.5385,2.5455842,44.999897,0.0,92.0,3.0
2019-12-29 18:00:00+00:00,26.25,80.3669,1011.2383,2.5455842,98.13002,0.0,62.0,2.0
2019-12-29 19:00:00+00:00,25.85,82.541405,1011.0378,1.835647,78.6901,0.0,29.0,1.0
2019-12-29 20:00:00+00:00,25.6,83.26721,1010.1378,1.5273507,44.999897,0.0,9.0,0.0
2019-12-29 21:00:00+00:00,24.3,88.89348,1009.83606,2.9024127,7.12493,0.0,24.0,1.0
2019-12-29 22:00:00+00:00,24.05,88.06475,1009.3357,3.2599385,6.3401003,0.0,18.0,0.0
2019-12-29 23:00:00+00:00,23.2,90.45359,1009.43445,5.04,360.0,0.0,11.0,0.0
2019-12-30 00:00:00+00:00,23.5,87.480576,1009.7349,6.4096174,51.842735,0.0,24.0,1.0
2019-12-30 01:00:00+00:00,23.55,84.84021,1010.3346,8.0899935,57.724377,0.0,73.0,2.0
2019-12-30 02:00:00+00:00,24.65,80.64895,1010.9359,8.854829,63.435013,0.0,96.0,3.0
2019-12-30 03:00:00+00:00,26.95,67.19569,1011.5395,7.2,90.0,0.0,90.0,3.0
2019-12-30 04:00:00+00:00,27.85,61.995617,1011.8405,6.0347,107.35411,0.0,49.0,1.0
2019-12-30 05:00:00+00:00,28.9,60.527496,1012.04205,4.0249224,116.56499,0.0,31.0,1.0
2019-12-30 06:00:00+00:00,29.95,59.111908,1011.5438,0.5091169,224.9999,0.0,34.0,1.0
2019-12-30 07:00:00+00:00,30.45,56.390766,1010.84485,4.2136917,250.0168,0.0,57.0,2.0
2019-12-30 08:00:00+00:00,30.4,57.252274,1009.8453,8.913181,223.36346,0.0,63.0,2.0
2019-12-30 09:00:00+00:00,29.45,60.466106,1009.24426,12.904882,210.1413,0.0,64.0,2.0
2019-12-30 10:00:00+00:00,29.1,58.190342,1008.94385,9.693296,211.32863,0.0,61.0,2.0
2019-12-30 11:00:00+00:00,28.8,61.06723,1009.04315,6.3690495,222.70937,0.0,73.0,2.0
2019-12-30 12:00:00+00:00,27.85,71.83821,1009.24176,8.891343,238.24055,0.0,76.0,2.0
2019-12-30 13:00:00+00:00,27.0,78.06836,1009.6403,7.968939,251.56496,0.0,73.0,2.0
2019-12-30 14:00:00+00:00,26.75,79.70567,1010.6395,8.669949,274.76355,0.0,80.0,3.0
2019-12-30 15:00:00+00:00,26.25,83.08969,1011.63806,4.6938257,302.47116,0.0,87.0,3.0
2019-12-30 16:00:00+00:00,25.2,89.50271,1012.53613,4.379589,9.462248,0.0,87.0,3.0
2019-12-30 17:00:00+00:00,25.1,87.88619,1012.836,5.1919937,33.6901,0.0,91.0,3.0
2019-12-30 18:00:00+00:00,24.65,87.05055,1012.6351,4.072935,44.999897,0.0,93.0,3.0
2019-12-30 19:00:00+00:00,24.25,87.01423,1012.33466,3.671294,78.6901,0.0,96.0,3.0
2019-12-30 20:00:00+00:00,23.8,91.88177,1011.63434,3.6,126.86999,0.0,97.0,3.0
2019-12-30 21:00:00+00:00,23.6,93.277855,1011.1342,4.0249224,153.43501,0.0,99.0,3.0
2019-12-30 22:00:00+00:00,24.05,93.29977,1010.73505,3.8268526,138.81418,0.0,98.0,3.0
2019-12-30 23:00:00+00:00,23.4,97.02255,1010.7341,4.0249224,100.30479,0.0,98.0,3.0
2019-12-31 00:00:00+00:00,24.1,93.020096,1010.7354,4.3349743,94.76356,0.0,96.0,3.0
2019-12-31 01:00:00+00:00,24.3,89.70768,1011.0355,6.12,61.92762,0.0,97.0,3.0
2019-12-31 02:00:00+00:00,24.95,84.9864,1011.73615,5.904439,37.568665,0.0,96.0,3.0
2019-12-31 03:00:00+00:00,26.75,75.23505,1012.5387,5.815978,21.801476,0.0,95.0,3.0
2019-12-31 04:00:00+00:00,28.2,65.009186,1012.8407,4.802999,347.00537,0.0,94.0,3.0
2019-12-31 05:00:00+00:00,29.5,59.922512,1012.84265,3.096837,305.53775,0.0,94.0,3.0
2019-12-31 06:00:00+00:00,30.3,58.114166,1012.1442,5.04,270.0,0.0,96.0,3.0
2019-12-31 07:00:00+00:00,30.1,62.681755,1011.4443,8.225035,246.80139,0.1,98.0,51.0
2019-12-31 08:00:00+00:00,29.25,68.06381,1010.54346,11.246759,219.80553,0.3,92.0,51.0
2019-12-31 09:00:00+00:00,28.75,64.52869,1009.94275,13.70839,209.93143,0.1,72.0,51.0
2019-12-31 10:00:00+00:00,28.6,68.97876,1009.343,12.55879,207.29948,0.0,69.0,2.0
2019-12-31 11:00:00+00:00,28.25,74.568245,1009.64215,11.592894,216.15828,0.0,69.0,2.0
2019-12-31 12:00:00+00:00,27.85,75.63861,1009.64154,7.729527,207.75845,0.0,62.0,2.0
2019-12-31 13:00:00+00:00,27.0,80.22251,1009.7403,7.2,216.86998,0.0,94.0,3.0
2019-12-31 14:00:00+00:00,26.8,81.90947,1010.33966,6.8777895,227.12111,0.0,92.0,3.0
2019-12-31 15:00:00+00:00,25.95,89.28972,1011.63776,4.73506,278.74606,0.0,93.0,3.0
2019-12-31 16:00:00+00:00,25.85,88.747086,1012.23724,3.219938,333.43503,0.0,99.0,3.0
2019-12-31 17:00:00+00:00,25.6,89.80209,1012.63666,3.8773184,338.19852,0.0,98.0,3.0
2019-12-31 18:00:00+00:00,24.95,91.395836,1012.53577,4.0249224,349.69522,0.0,96.0,3.0
2019-12-31 19:00:00+00:00,24.9,90.29567,1012.1359,4.510787,331.38962,0.0,96.0,3.0
2019-12-31 20:00:00+00:00,24.9,90.84276,1011.53625,5.495161,328.39255,0.0,95.0,3.0
2019-12-31 21:00:00+00:00,24.8,91.66291,1010.8363,4.6102495,321.34018,0.0,89.0,3.0
2019-12-31 22:00:00+00:00,23.85,93.85741,1010.23505,4.829907,333.43503,0.0,88.0,3.0
2019-12-31 23:00:00+00:00,24.4,91.36191,1010.3358,3.0758414,339.44388,0.0,86.0,3.0
