date,temperature_2m,relative_humidity_2m,surface_pressure,wind_speed_10m,wind_direction_10m,precipitation,cloud_cover,weather_code
2014-01-01 00:00:00+00:00,22.769001,79.90193,1011.2329,8.39657,30.963696,0.0,0.0,0.0
2014-01-01 01:00:00+00:00,22.519001,81.376526,1011.23267,9.085988,33.6901,0.0,0.0,0.0
2014-01-01 02:00:00+00:00,22.719,80.39467,1012.4324,10.44,43.602894,0.0,1.0,0.0
2014-01-01 03:00:00+00:00,24.169,72.748764,1012.8344,10.587918,54.688713,0.0,0.0,0.0
2014-01-01 04:00:00+00:00,25.819,64.304695,1013.2368,9.387651,57.528828,0.0,3.0,0.0
2014-01-01 05:00:00+00:00,27.319,57.226837,1012.9391,6.696387,53.74608,0.0,2.0,0.0
2014-01-01 06:00:00+00:00,28.619001,51.730194,1012.44165,3.6,53.13002,0.0,2.0,0.0
2014-01-01 07:00:00+00:00,29.669,47.319946,1011.2437,2.5455842,44.999897,0.0,2.0,0.0
2014-01-01 08:00:00+00:00,30.119001,45.965626,1009.94495,0.0,270.0,0.0,0.0,0.0
2014-01-01 09:00:00+00:00,30.169,47.452682,1008.64545,5.00128,239.74365,0.0,6.0,0.0
2014-01-01 10:00:00+00:00,29.519001,52.613953,1008.0448,9.1641035,224.9999,0.0,41.0,1.0
2014-01-01 11:00:00+00:00,28.419,60.793095,1008.3431,11.212135,227.60262,0.0,45.0,1.0
2014-01-01 12:00:00+00:00,27.469,67.5067,1008.4415,10.195057,222.13753,0.0,24.0,1.0
2014-01-01 13:00:00+00:00,26.769001,71.42627,1009.3401,7.653705,221.18582,0.0,2.0,0.0
2014-01-01 14:00:00+00:00,26.269001,73.562965,1010.43866,5.8603754,222.5104,0.0,24.0,1.0
2014-01-01 15:00:00+00:00,25.869001,76.02032,1011.33765,4.8433046,228.01286,0.0,38.0,1.0
2014-01-01 16:00:00+00:00,25.219,80.97003,1011.7365,2.9024127,262.8751,0.0,33.0,1.0
2014-01-01 17:00:00+00:00,25.669,77.16309,1011.937,2.6208394,15.945477,0.0,29.0,1.0
2014-01-01 18:00:00+00:00,25.369001,78.309944,1011.5369,3.8268526,41.185837,0.0,14.0,0.0
2014-01-01 19:00:00+00:00,24.019001,84.62958,1011.2348,4.5820518,44.999897,0.0,17.0,0.0
2014-01-01 20:00:00+00:00,22.969,87.703094,1010.73346,5.1165614,50.710617,0.0,20.0,1.0
2014-01-01 21:00:00+00:00,23.569,82.52237,1010.53455,6.1305785,40.236294,0.0,28.0,1.0
2014-01-01 22:00:00+00:00,23.469,81.24501,1010.3346,6.489992,33.6901,0.0,37.0,1.0
2014-01-01 23:00:00+00:00,23.369001,80.48076,1010.6341,6.489992,33.6901,0.0,70.0,2.0
2014-01-02 00:00:00+00:00,23.269001,79.96968,1010.934,6.638072,40.601215,0.0,90.0,3.0
2014-01-02 01:00:00+00:00,22.969,80.42785,1011.83295,6.4096174,51.842735,0.0,99.0,3.0
2014-01-02 02:00:00+00:00,23.169,79.21394,1012.8328,7.5942082,58.570484,0.0,95.0,3.0
2014-01-02 03:00:00+00:00,24.319,72.09741,1013.6343,8.766573,70.8209,0.0,96.0,3.0
2014-01-02 04:00:00+00:00,25.619001,64.26184,1014.23596,8.209263,74.74483,0.0,94.0,3.0
2014-01-02 05:00:00+00:00,27.069,56.096394,1013.83844,5.4477882,82.40546,0.0,93.0,3.0
2014-01-02 06:00:00+00:00,28.119001,51.114388,1013.2403,1.9386592,111.801476,0.0,46.0,1.0
2014-01-02 07:00:00+00:00,28.719,49.36237,1012.2417,2.0991426,210.96368,0.0,35.0,1.0
2014-01-02 08:00:00+00:00,29.119001,49.78022,1011.2428,3.563818,224.9999,0.0,32.0,1.0
2014-01-02 09:00:00+00:00,29.069,52.829956,1009.64343,6.1305785,229.76372,0.0,69.0,2.0
2014-01-02 10:00:00+00:00,28.569,57.169186,1009.4426,9.1641035,224.9999,0.0,78.0,2.0
2014-01-02 11:00:00+00:00,27.819,62.181095,1009.3417,9.726664,231.009,0.0,74.0,2.0
2014-01-02 12:00:00+00:00,27.069,65.78184,1009.94025,10.009036,232.3057,0.0,75.0,2.0
2014-01-02 13:00:00+00:00,26.369001,68.12615,1010.33905,7.5942082,238.57048,0.0,79.0,2.0
2014-01-02 14:00:00+00:00,25.919,70.179596,1011.43787,6.6185193,247.61981,0.0,85.0,3.0
2014-01-02 15:00:00+00:00,25.519001,72.534004,1011.937,5.8048253,262.8751,0.0,94.0,3.0
2014-01-02 16:00:00+00:00,24.919,77.28784,1012.7357,5.937272,284.03625,0.0,99.0,3.0
2014-01-02 17:00:00+00:00,24.119001,81.8297,1012.7345,5.6233797,309.8055,0.0,99.0,3.0
2014-01-02 18:00:00+00:00,23.869001,82.30436,1012.3343,5.3999996,323.13004,0.0,99.0,3.0
2014-01-02 19:00:00+00:00,24.419,79.878006,1011.6352,5.6920996,341.56494,0.0,100.0,3.0
2014-01-02 20:00:00+00:00,24.469,80.377815,1011.3353,5.771239,356.42374,0.0,99.0,3.0
2014-01-02 21:00:00+00:00,24.269001,81.09675,1011.1352,5.7599998,360.0,0.0,100.0,3.0
2014-01-02 22:00:00+00:00,24.069,80.32483,1011.1348,5.771239,3.5762644,0.0,97.0,3.0
2014-01-02 23:00:00+00:00,23.869001,77.851036,1011.1348,5.2416787,15.945477,0.0,98.0,3.0
2014-01-03 00:00:00+00:00,23.619001,75.66486,1011.43414,5.3517847,47.72637,0.0,92.0,3.0
2014-01-03 01:00:00+00:00,23.319,75.14567,1012.4333,7.172949,72.47434,0.0,88.0,3.0
2014-01-03 02:00:00+00:00,23.419,74.2276,1013.3329,10.105681,85.91447,0.0,93.0,3.0
2014-01-03 03:00:00+00:00,24.819,67.185074,1014.3347,10.853866,95.7105,0.0,90.0,3.0
2014-01-03 04:00:00+00:00,26.319,58.260178,1014.5372,9.3876505,94.39862,0.0,65.0,2.0
2014-01-03 05:00:00+00:00,27.519001,52.436157,1014.2389,5.771239,93.57626,0.0,16.0,0.0
2014-01-03 06:00:00+00:00,28.369001,50.216755,1013.34045,3.0547013,135.0001,0.0,18.0,0.0
2014-01-03 07:00:00+00:00,29.269001,47.664448,1012.4426,2.9024127,187.12492,0.0,26.0,1.0
2014-01-03 08:00:00+00:00,29.519001,49.72782,1011.04346,5.3999996,233.13002,0.0,32.0,1.0
2014-01-03 09:00:00+00:00,29.169,54.70245,1010.0433,11.435313,241.8215,0.0,43.0,1.0
2014-01-03 10:00:00+00:00,28.269001,61.325787,1009.64215,14.007655,244.09354,0.0,30.0,1.0
2014-01-03 11:00:00+00:00,27.719,64.90836,1009.9412,15.137133,244.65387,0.0,61.0,2.0
2014-01-03 12:00:00+00:00,27.019001,67.83419,1010.44,15.141414,241.60707,0.0,83.0,3.0
2014-01-03 13:00:00+00:00,26.419,70.7072,1010.93884,13.849477,242.10283,0.0,100.0,3.0
2014-01-03 14:00:00+00:00,25.969,73.0612,1012.1375,11.631956,248.19853,0.0,98.0,3.0
2014-01-03 15:00:00+00:00,25.619001,75.05301,1013.23645,9.605998,257.00537,0.0,100.0,3.0
2014-01-03 16:00:00+00:00,25.069,80.7035,1014.0351,6.87779,263.9911,0.0,100.0,3.0
2014-01-03 17:00:00+00:00,25.069,79.96561,1013.9352,4.6938252,265.60138,0.0,99.0,3.0
2014-01-03 18:00:00+00:00,24.119001,87.0023,1013.23425,5.4477882,277.59454,0.0,99.0,3.0
2014-01-03 19:00:00+00:00,24.869001,80.67747,1012.63544,4.3349743,311.63345,0.0,96.0,3.0
2014-01-03 20:00:00+00:00,24.419,83.64231,1012.13495,2.9024127,352.87506,0.0,96.0,3.0
2014-01-03 21:00:00+00:00,23.569,88.56453,1011.2342,3.7585104,16.699326,0.0,97.0,3.0
2014-01-03 22:00:00+00:00,23.119001,90.72532,1011.0337,2.9024127,29.744795,0.0,92.0,3.0
2014-01-03 23:00:00+00:00,23.169,90.17505,1010.7338,3.7585104,16.699326,0.0,32.0,1.0
2014-01-04 00:00:00+00:00,23.319,88.27326,1011.03394,4.5536795,18.435053,0.0,58.0,2.0
2014-01-04 01:00:00+00:00,23.669,84.852684,1011.5344,5.0142193,21.037588,0.0,68.0,2.0
2014-01-04 02:00:00+00:00,24.219,80.84113,1012.23474,7.24486,26.564985,0.0,72.0,2.0
2014-01-04 03:00:00+00:00,25.619001,70.12348,1013.0365,6.9247384,27.897186,0.0,78.0,2.0
2014-01-04 04:00:00+00:00,26.819,62.7366,1013.23834,5.6233797,39.805527,0.0,56.0,2.0
2014-01-04 05:00:00+00:00,27.919,58.273624,1013.04004,2.2768397,18.435053,0.0,27.0,1.0
2014-01-04 06:00:00+00:00,28.719,55.277706,1012.2417,2.52,270.0,0.0,32.0,1.0
2014-01-04 07:00:00+00:00,29.669,51.836132,1010.9439,4.1046314,254.74483,0.0,69.0,2.0
2014-01-04 08:00:00+00:00,29.969,52.074707,1009.8446,9.826088,241.55717,0.0,85.0,3.0
2014-01-04 09:00:00+00:00,29.169,58.206608,1009.24365,13.53236,241.38963,0.0,59.0,2.0
2014-01-04 10:00:00+00:00,28.219,64.02138,1008.54266,13.0447235,242.02061,0.0,55.0,2.0
2014-01-04 11:00:00+00:00,27.619001,67.952324,1008.8417,12.783802,237.65257,0.0,53.0,2.0
2014-01-04 12:00:00+00:00,26.819,72.09522,1009.4401,12.229406,227.38597,0.0,82.0,3.0
2014-01-04 13:00:00+00:00,26.319,74.25113,1010.33905,9.826088,208.44283,0.0,83.0,3.0
2014-01-04 14:00:00+00:00,25.919,76.49522,1011.238,8.4042845,189.86574,0.0,52.0,2.0
2014-01-04 15:00:00+00:00,25.619001,78.58583,1011.83704,5.7599998,180.0,0.0,60.0,2.0
2014-01-04 16:00:00+00:00,25.269001,81.22409,1012.23627,4.802999,192.99461,0.0,52.0,2.0
2014-01-04 17:00:00+00:00,24.669,86.787926,1012.33527,4.6938257,212.47118,0.0,68.0,2.0
2014-01-04 18:00:00+00:00,24.869001,84.20481,1011.7359,3.4152596,251.56496,0.0,55.0,2.0
2014-01-04 19:00:00+00:00,25.219,80.230804,1011.43665,3.096837,305.53775,0.0,51.0,2.0
2014-01-04 20:00:00+00:00,23.969,86.72313,1010.93494,4.3498964,335.55606,0.0,59.0,2.0
2014-01-04 21:00:00+00:00,23.019001,90.44123,1010.3336,4.5536795,341.56494,0.0,57.0,2.0
2014-01-04 22:00:00+00:00,23.119001,89.62074,1010.334,2.3051248,38.65983,0.0,66.0,2.0
2014-01-04 23:00:00+00:00,22.869001,89.877716,1009.73395,2.5959969,33.6901,0.0,82.0,3.0
2014-01-05 00:00:00+00:00,22.619001,88.7602,1010.2331,3.6,36.86999,0.0,59.0,2.0
2014-01-05 01:00:00+00:00,22.069,88.99085,1010.9322,3.5455887,23.962492,0.0,29.0,1.0
2014-01-05 02:00:00+00:00,22.419,88.47083,1011.73206,5.815978,21.801476,0.0,32.0,1.0
2014-01-05 03:00:00+00:00,25.519001,69.23923,1012.1369,4.73506,8.746089,0.0,38.0,1.0
2014-01-05 04:00:00+00:00,26.769001,57.274624,1012.4387,3.671294,348.6901,0.0,20.0,1.0
2014-01-05 05:00:00+00:00,27.719,54.342403,1012.2402,4.1046314,322.12494,0.0,31.0,1.0
2014-01-05 06:00:00+00:00,28.569,53.537556,1011.5416,5.0142193,291.03757,0.0,50.0,2.0
2014-01-05 07:00:00+00:00,29.219,54.71482,1010.34314,7.208994,267.13766,0.0,47.0,1.0
2014-01-05 08:00:00+00:00,29.219,58.942253,1009.04376,11.165805,249.22766,0.0,47.0,1.0
2014-01-05 09:00:00+00:00,28.719,65.51718,1007.94366,14.81259,244.05775,0.0,52.0,2.0
2014-01-05 10:00:00+00:00,28.119001,70.58682,1007.54285,16.434305,241.1893,0.0,56.0,2.0
2014-01-05 11:00:00+00:00,27.369001,74.650734,1007.54193,16.434305,241.1893,0.0,58.0,2.0
2014-01-05 12:00:00+00:00,26.869001,76.175964,1008.24066,14.512064,240.2552,0.0,83.0,3.0
2014-01-05 13:00:00+00:00,26.419,77.98431,1009.1396,10.787993,244.2901,0.2,69.0,51.0
2014-01-05 14:00:00+00:00,26.019001,79.364655,1009.83856,6.6185193,247.61981,0.0,60.0,2.0
2014-01-05 15:00:00+00:00,25.669,81.02762,1010.73755,5.506941,258.6901,0.0,56.0,2.0
2014-01-05 16:00:00+00:00,25.119001,86.829346,1011.1368,3.2399998,270.0,0.0,46.0,1.0
2014-01-05 17:00:00+00:00,25.069,85.51699,1011.03644,2.5959969,303.6901,0.0,45.0,1.0
2014-01-05 18:00:00+00:00,25.019001,85.51198,1010.6366,3.0758414,339.44388,0.0,43.0,1.0
2014-01-05 19:00:00+00:00,23.819,90.49582,1010.23505,4.0249224,349.69522,0.0,45.0,1.0
2014-01-05 20:00:00+00:00,23.519001,90.47538,1009.7349,4.3349743,355.23645,0.0,49.0,1.0
2014-01-05 21:00:00+00:00,23.019001,92.39903,1009.3341,4.73506,351.2539,0.1,46.0,51.0
2014-01-05 22:00:00+00:00,22.869001,92.39076,1009.13416,1.835647,348.6901,0.0,58.0,2.0
2014-01-05 23:00:00+00:00,23.619001,89.38431,1009.13513,1.835647,11.3098955,0.0,54.0,2.0
2014-01-06 00:00:00+00:00,22.469,93.50844,1009.83325,3.219938,26.564985,0.0,50.0,2.0
2014-01-06 01:00:00+00:00,22.619001,92.9447,1010.333,4.510787,28.610369,0.0,44.0,1.0
2014-01-06 02:00:00+00:00,23.419,91.30084,1010.7341,4.6938257,32.471172,0.0,47.0,1.0
2014-01-06 03:00:00+00:00,25.119001,83.72069,1012.0364,3.5455887,23.962492,0.0,33.0,1.0
2014-01-06 04:00:00+00:00,26.319,75.39615,1012.13824,2.7416782,23.198618,0.0,21.0,1.0
2014-01-06 05:00:00+00:00,27.419,68.752266,1011.74,2.5455842,351.87,0.0,17.0,0.0
2014-01-06 06:00:00+00:00,28.269001,64.03203,1011.0415,3.096837,305.53775,0.0,25.0,1.0
2014-01-06 07:00:00+00:00,28.919,60.159527,1009.943,4.73506,278.74606,0.0,31.0,1.0
2014-01-06 08:00:00+00:00,29.069,60.37957,1009.24365,6.638072,257.4712,0.2,33.0,51.0
2014-01-06 09:00:00+00:00,28.869001,63.18392,1008.3437,8.891344,248.6293,0.0,33.0,1.0
2014-01-06 10:00:00+00:00,28.219,66.83239,1007.74304,13.661038,251.56496,0.0,37.0,1.0
2014-01-06 11:00:00+00:00,27.419,70.24285,1007.24207,14.003029,252.03076,0.0,56.0,2.0
2014-01-06 12:00:00+00:00,26.919,71.892395,1008.0407,10.966713,246.80138,0.0,31.0,1.0
2014-01-06 13:00:00+00:00,26.469,73.822586,1008.8397,7.145796,220.91429,0.0,28.0,1.0
2014-01-06 14:00:00+00:00,26.169,75.83488,1009.639,5.1544156,192.09474,0.0,31.0,1.0
2014-01-06 15:00:00+00:00,25.819,78.13546,1010.63794,4.32,180.0,0.0,35.0,1.0
2014-01-06 16:00:00+00:00,25.519001,80.27054,1011.1373,4.3349743,184.76355,0.0,49.0,1.0
2014-01-06 17:00:00+00:00,25.319,81.977196,1011.2371,4.5536795,198.43504,0.0,47.0,1.0
2014-01-06 18:00:00+00:00,25.169,83.21792,1010.63696,4.510787,208.61037,0.0,48.0,1.0
2014-01-06 19:00:00+00:00,25.269001,83.48306,1010.43713,4.6938257,212.47118,0.0,58.0,2.0
2014-01-06 20:00:00+00:00,24.619001,88.38042,1009.8364,4.8965297,216.02747,0.0,56.0,2.0
2014-01-06 21:00:00+00:00,25.019001,83.70951,1009.1373,3.6,233.13002,0.0,49.0,1.0
2014-01-06 22:00:00+00:00,25.069,82.953125,1008.93744,1.0182338,315.0001,0.0,47.0,1.0
2014-01-06 23:00:00+00:00,24.169,88.3435,1008.83624,2.6208394,15.945477,0.0,55.0,2.0
2014-01-07 00:00:00+00:00,23.619001,90.758514,1009.2351,3.96,360.0,0.0,61.0,2.0
2014-01-07 01:00:00+00:00,23.669,89.66136,1010.0351,4.802999,12.99463,0.0,66.0,2.0
2014-01-07 02:00:00+00:00,24.019001,89.41444,1010.73505,5.815978,21.801476,0.0,81.0,3.0
2014-01-07 03:00:00+00:00,25.419,79.52487,1011.6369,3.7064266,29.054508,0.7,97.0,53.0
2014-01-07 04:00:00+00:00,25.569,76.67631,1011.937,4.3498964,24.443953,1.0,99.0,55.0
2014-01-07 05:00:00+00:00,25.469,75.26004,1011.7369,4.1046314,15.255177,1.6,98.0,61.0
2014-01-07 06:00:00+00:00,24.519001,81.37815,1011.3357,2.8799999,360.0,2.0,98.0,61.0
2014-01-07 07:00:00+00:00,27.269001,68.092606,1010.64014,1.609969,63.435013,0.9,99.0,53.0
2014-01-07 08:00:00+00:00,27.369001,69.80473,1009.8408,2.8799999,180.0,0.3,100.0,51.0
2014-01-07 09:00:00+00:00,27.069,72.80376,1008.8407,5.937272,194.03627,0.4,100.0,51.0
2014-01-07 10:00:00+00:00,26.769001,75.00902,1007.74084,7.5942073,185.44025,0.4,100.0,51.0
2014-01-07 11:00:00+00:00,26.469,76.11389,1007.8402,6.130579,176.6336,0.2,100.0,51.0
2014-01-07 12:00:00+00:00,26.169,78.185936,1008.53955,7.754637,158.19853,0.0,100.0,3.0
2014-01-07 13:00:00+00:00,25.769001,80.54852,1009.33856,7.24486,153.43501,0.0,100.0,3.0
2014-01-07 14:00:00+00:00,25.469,82.4962,1010.33746,6.763786,154.7989,0.0,100.0,3.0
2014-01-07 15:00:00+00:00,25.269001,83.22936,1011.0368,5.8048253,150.2552,0.1,100.0,51.0
2014-01-07 16:00:00+00:00,24.919,87.07488,1011.63617,2.7416782,156.80138,0.0,97.0,3.0
2014-01-07 17:00:00+00:00,25.119001,84.48856,1011.7365,2.52,360.0,0.2,68.0,51.0
2014-01-07 18:00:00+00:00,24.469,87.832405,1011.5353,3.6,360.0,0.0,70.0,2.0
2014-01-07 19:00:00+00:00,24.169,88.3435,1010.8353,3.96,360.0,0.0,85.0,3.0
2014-01-07 20:00:00+00:00,24.119001,86.20861,1010.43555,3.9763298,5.19435,0.0,96.0,3.0
2014-01-07 21:00:00+00:00,24.569,81.384476,1009.8364,4.802999,12.99463,0.0,100.0,3.0
2014-01-07 22:00:00+00:00,24.719,79.42886,1009.63684,5.4119864,3.8140097,0.0,100.0,3.0
2014-01-07 23:00:00+00:00,24.769001,77.982956,1009.63684,7.5942082,31.429514,0.0,100.0,3.0
2014-01-08 00:00:00+00:00,24.669,77.48902,1010.1362,8.654987,44.999897,0.0,100.0,3.0
2014-01-08 01:00:00+00:00,24.619001,76.76724,1010.736,8.435069,50.194473,0.1,100.0,51.0
2014-01-08 02:00:00+00:00,24.519001,76.75194,1011.4357,9.1641035,44.999897,0.2,100.0,51.0
2014-01-08 03:00:00+00:00,24.469,76.98197,1012.3349,10.948973,46.332153,0.2,100.0,51.0
2014-01-08 04:00:00+00:00,24.619001,75.82375,1012.6351,11.457958,43.72705,0.2,100.0,51.0
2014-01-08 05:00:00+00:00,24.569,76.75959,1012.7351,10.948973,46.332153,0.2,100.0,51.0
2014-01-08 06:00:00+00:00,24.769001,76.553535,1012.23566,9.673221,44.999897,0.2,100.0,51.0
2014-01-08 07:00:00+00:00,24.819,78.230705,1011.33606,8.161764,48.57643,0.9,100.0,53.0
2014-01-08 08:00:00+00:00,25.169,78.04121,1010.43713,7.491114,54.782326,0.3,100.0,51.0
2014-01-08 09:00:00+00:00,25.619001,76.91944,1009.2383,6.989936,55.491425,0.0,100.0,3.0
2014-01-08 10:00:00+00:00,25.769001,76.47215,1009.33856,5.0528407,94.08554,0.0,100.0,3.0
2014-01-08 11:00:00+00:00,25.719,76.93461,1008.9388,3.9763298,84.805664,0.0,99.0,3.0
2014-01-08 12:00:00+00:00,25.619001,77.62977,1009.5381,1.9386592,68.19853,0.0,98.0,3.0
2014-01-08 13:00:00+00:00,25.369001,78.79124,1010.1376,2.9024127,29.744795,0.0,100.0,3.0
2014-01-08 14:00:00+00:00,25.169,79.490654,1011.0368,3.319036,40.601215,0.0,95.0,3.0
2014-01-08 15:00:00+00:00,25.119001,79.48378,1012.0364,4.1046314,74.74483,0.0,59.0,2.0
2014-01-08 16:00:00+00:00,25.019001,80.20425,1012.53577,3.96,90.0,0.0,75.0,2.0
2014-01-08 17:00:00+00:00,24.819,82.16695,1012.7355,5.0528407,85.91447,0.0,70.0,2.0
2014-01-08 18:00:00+00:00,24.519001,84.16671,1012.43524,5.0911684,81.86999,0.0,58.0,2.0
2014-01-08 19:00:00+00:00,24.619001,80.644875,1011.73553,6.28713,76.75947,0.0,45.0,1.0
2014-01-08 20:00:00+00:00,24.419,81.36553,1011.3353,7.172949,72.47434,0.0,35.0,1.0
2014-01-08 21:00:00+00:00,24.269001,82.352585,1010.43555,7.754637,68.19853,0.0,18.0,0.0
2014-01-08 22:00:00+00:00,24.169,82.59392,1010.1356,5.3999996,53.13002,0.0,27.0,1.0
2014-01-08 23:00:00+00:00,24.119001,82.842094,1010.23566,6.792466,57.99466,0.0,42.0,1.0
2014-01-09 00:00:00+00:00,24.069,83.091125,1010.5351,8.287822,55.6196,0.0,45.0,1.0
2014-01-09 01:00:00+00:00,24.069,82.58203,1011.2348,9.085988,56.3099,0.0,55.0,2.0
2014-01-09 02:00:00+00:00,24.119001,82.58796,1011.9349,9.585739,55.713078,0.0,38.0,1.0
2014-01-09 03:00:00+00:00,24.819,79.44263,1012.5355,10.495713,59.03632,0.0,29.0,1.0
2014-01-09 04:00:00+00:00,25.919,74.41298,1012.9372,10.1887,57.99466,0.0,17.0,0.0
2014-01-09 05:00:00+00:00,27.119001,69.33068,1012.83887,9.511088,60.524208,0.0,29.0,1.0
2014-01-09 06:00:00+00:00,27.819,66.13941,1012.4403,8.534353,62.354122,0.0,18.0,0.0
2014-01-09 07:00:00+00:00,28.419,64.06402,1011.34174,8.373386,64.5367,0.0,62.0,2.0
2014-01-09 08:00:00+00:00,28.819,61.828526,1010.1429,5.815978,68.19853,0.0,73.0,2.0
2014-01-09 09:00:00+00:00,28.969,61.4825,1008.9435,3.2599385,83.659904,0.0,81.0,3.0
2014-01-09 10:00:00+00:00,28.869001,62.412632,1008.3437,1.2979984,146.3099,0.0,49.0,1.0
2014-01-09 11:00:00+00:00,28.569,64.09599,1008.24316,1.0182338,135.0001,0.0,25.0,1.0
2014-01-09 12:00:00+00:00,28.219,66.01842,1008.8425,1.1384199,108.43504,0.0,14.0,0.0
2014-01-09 13:00:00+00:00,27.769001,67.98174,1009.44165,0.8049845,206.56499,0.0,12.0,0.0
2014-01-09 14:00:00+00:00,27.319,71.089165,1010.54016,1.2979984,236.3099,0.0,18.0,0.0
2014-01-09 15:00:00+00:00,27.169,70.41192,1011.23987,1.609969,63.435013,0.0,14.0,0.0
2014-01-09 16:00:00+00:00,26.569,74.292496,1011.8386,3.0758414,69.44387,0.0,19.0,0.0
2014-01-09 17:00:00+00:00,25.619001,80.03924,1011.83704,5.0142193,68.96242,0.0,9.0,0.0
2014-01-09 18:00:00+00:00,24.469,86.76948,1011.6352,5.6920996,71.564964,0.0,6.0,0.0
2014-01-09 19:00:00+00:00,24.069,88.06633,1011.0349,5.4833565,66.801384,0.0,4.0,0.0
2014-01-09 20:00:00+00:00,24.269001,85.175644,1010.63544,5.95906,64.98315,0.0,2.0,0.0
2014-01-09 21:00:00+00:00,24.219,83.36381,1010.1356,7.4128532,60.94549,0.0,1.0,0.0
2014-01-09 22:00:00+00:00,24.019001,81.817314,1010.03534,8.373386,64.5367,0.0,0.0,0.0
2014-01-09 23:00:00+00:00,23.719,81.0262,1010.0351,9.826088,61.55718,0.0,2.0,0.0
2014-01-10 00:00:00+00:00,23.569,80.507195,1010.3346,10.805998,60.018444,0.0,17.0,0.0
2014-01-10 01:00:00+00:00,23.419,79.98993,1011.2338,11.119281,60.94549,0.0,48.0,1.0
2014-01-10 02:00:00+00:00,23.569,79.02424,1011.9339,12.074766,63.435013,0.0,58.0,2.0
2014-01-10 03:00:00+00:00,24.669,73.74654,1012.7351,12.397806,64.17907,0.0,80.0,3.0
2014-01-10 04:00:00+00:00,26.119001,67.02861,1013.1374,11.269782,63.435013,0.0,81.0,3.0
2014-01-10 05:00:00+00:00,27.269001,61.866272,1012.9391,8.587338,56.976128,0.0,80.0,3.0
2014-01-10 06:00:00+00:00,28.369001,57.837444,1012.4409,4.3349743,48.366554,0.0,85.0,3.0
2014-01-10 07:00:00+00:00,28.969,55.33907,1011.34235,1.0182338,315.0001,0.0,86.0,3.0
2014-01-10 08:00:00+00:00,29.319,55.59732,1010.1436,3.219938,243.43501,0.0,96.0,3.0
2014-01-10 09:00:00+00:00,29.319,57.526108,1009.14404,4.8965297,233.97253,0.0,97.0,3.0
2014-01-10 10:00:00+00:00,28.719,61.80632,1008.8432,11.304229,232.76509,0.0,95.0,3.0
2014-01-10 11:00:00+00:00,27.769001,67.56618,1009.1418,12.682018,235.40765,0.0,94.0,3.0
2014-01-10 12:00:00+00:00,26.919,71.892395,1009.7399,11.983188,237.26477,0.0,98.0,3.0
2014-01-10 13:00:00+00:00,26.269001,75.15785,1010.63855,10.144082,242.52565,0.0,98.0,3.0
2014-01-10 14:00:00+00:00,25.819,77.65927,1011.53754,7.42159,247.1663,0.0,18.0,0.0
2014-01-10 15:00:00+00:00,25.419,80.748886,1012.33655,5.937272,255.96373,0.0,11.0,0.0
2014-01-10 16:00:00+00:00,24.869001,84.71959,1012.93536,5.0528407,274.08554,0.0,8.0,0.0
2014-01-10 17:00:00+00:00,24.669,85.216675,1013.0349,2.5455842,315.0001,0.0,7.0,0.0
2014-01-10 18:00:00+00:00,23.869001,88.318756,1012.63416,2.7416782,23.198618,0.0,19.0,0.0
2014-01-10 19:00:00+00:00,24.119001,85.42126,1012.33466,3.319036,49.398785,0.0,25.0,1.0
2014-01-10 20:00:00+00:00,23.069,89.89217,1011.8333,4.829907,63.435013,0.0,23.0,1.0
2014-01-10 21:00:00+00:00,23.419,86.40606,1011.4338,5.95906,64.98315,0.0,21.0,1.0
2014-01-10 22:00:00+00:00,23.469,83.793015,1011.0343,6.9527545,68.74943,0.0,13.0,0.0
2014-01-10 23:00:00+00:00,23.319,82.23775,1011.2338,9.107359,71.564964,0.0,37.0,1.0
2014-01-11 00:00:00+00:00,22.969,82.195145,1011.3332,10.24578,71.564964,0.0,42.0,1.0
2014-01-11 01:00:00+00:00,22.669,82.67059,1012.33234,10.587917,72.18102,0.0,65.0,2.0
2014-01-11 02:00:00+00:00,22.619001,82.40815,1012.9319,10.829958,68.5522,0.0,82.0,3.0
2014-01-11 03:00:00+00:00,23.419,78.7581,1013.9326,10.163227,67.06787,0.0,85.0,3.0
2014-01-11 04:00:00+00:00,25.319,68.77123,1014.0358,9.693296,68.19853,0.0,90.0,3.0
2014-01-11 05:00:00+00:00,26.919,60.074337,1013.8381,6.830519,71.564964,0.0,94.0,3.0
2014-01-11 06:00:00+00:00,28.019001,55.278496,1013.1403,3.2399998,90.0,0.0,70.0,2.0
2014-01-11 07:00:00+00:00,28.569,53.202507,1012.14136,1.484318,194.03627,0.0,80.0,3.0
2014-01-11 08:00:00+00:00,28.919,53.96193,1010.8426,4.5820518,224.9999,0.0,86.0,3.0
2014-01-11 09:00:00+00:00,28.819,57.22902,1009.7431,7.6367526,224.9999,0.0,85.0,3.0
2014-01-11 10:00:00+00:00,28.219,62.46209,1009.7421,11.480557,221.18582,0.0,87.0,3.0
2014-01-11 11:00:00+00:00,27.369001,67.69473,1009.8408,11.753876,220.0302,0.0,88.0,3.0
2014-01-11 12:00:00+00:00,26.569,71.39023,1010.3393,10.97262,221.00899,0.0,30.0,1.0
2014-01-11 13:00:00+00:00,25.969,73.512115,1010.83813,8.435069,219.80553,0.0,0.0,0.0
2014-01-11 14:00:00+00:00,25.519001,75.26805,1011.7371,5.904439,217.56866,0.0,4.0,0.0
2014-01-11 15:00:00+00:00,24.819,81.915955,1012.8354,6.1094027,224.9999,0.0,16.0,0.0
2014-01-11 16:00:00+00:00,25.469,74.56801,1013.3361,3.0758414,249.44386,0.0,44.0,1.0
2014-01-11 17:00:00+00:00,25.169,75.91054,1013.6356,2.16,360.0,0.0,37.0,1.0
2014-01-11 18:00:00+00:00,23.169,85.85199,1013.1327,4.5536795,18.435053,0.0,52.0,2.0
2014-01-11 19:00:00+00:00,22.969,85.04117,1012.73254,4.452954,14.036275,0.0,92.0,3.0
2014-01-11 20:00:00+00:00,22.269001,87.64206,1012.13184,4.6800003,22.61991,0.0,98.0,3.0
2014-01-11 21:00:00+00:00,21.969,88.70807,1012.2312,4.8965297,36.027473,0.0,98.0,3.0
2014-01-11 22:00:00+00:00,21.869001,88.9751,1011.6315,4.8433046,41.98713,0.0,84.0,3.0
2014-01-11 23:00:00+00:00,22.319,86.83685,1011.93195,5.6233797,50.194473,0.0,49.0,1.0
2014-01-12 00:00:00+00:00,22.369001,86.84146,1012.43176,6.696387,53.74608,0.0,9.0,0.0
2014-01-12 01:00:00+00:00,22.369001,86.305565,1013.13135,7.7043357,52.594578,0.0,4.0,0.0
2014-01-12 02:00:00+00:00,22.519001,85.25793,1014.1313,8.78872,55.0079,0.0,8.0,0.0
2014-01-12 03:00:00+00:00,24.119001,77.16753,1015.13336,7.5942082,58.570484,0.0,3.0,0.0
2014-01-12 04:00:00+00:00,25.869001,66.3552,1015.5357,6.28713,66.37061,0.0,0.0,0.0
2014-01-12 05:00:00+00:00,27.219,59.025486,1014.93823,3.2599385,83.659904,0.0,0.0,0.0
2014-01-12 06:00:00+00:00,28.119001,56.000572,1014.3398,1.08,180.0,0.0,12.0,0.0
2014-01-12 07:00:00+00:00,28.919,54.47024,1013.2415,3.6,216.86998,0.0,26.0,1.0
2014-01-12 08:00:00+00:00,29.169,55.90723,1012.14233,7.491114,215.21768,0.0,13.0,0.0
2014-01-12 09:00:00+00:00,28.719,60.48637,1011.04224,11.525623,218.65984,0.0,34.0,1.0
2014-01-12 10:00:00+00:00,27.869001,65.34093,1010.4412,14.529915,221.98714,0.0,28.0,1.0
2014-01-12 11:00:00+00:00,27.169,68.915504,1010.64014,13.755579,227.12111,0.0,30.0,1.0
2014-01-12 12:00:00+00:00,26.619001,71.39924,1011.53876,11.753876,229.9698,0.0,2.0,0.0
2014-01-12 13:00:00+00:00,26.069,73.98217,1012.63727,9.387651,237.52882,0.0,11.0,0.0
2014-01-12 14:00:00+00:00,25.619001,76.44906,1013.53625,7.628263,250.70985,0.0,72.0,2.0
2014-01-12 15:00:00+00:00,25.119001,81.9527,1014.3353,5.7599998,270.0,0.0,89.0,3.0
2014-01-12 16:00:00+00:00,24.719,83.676,1014.4347,5.0142193,291.03757,0.0,97.0,3.0
2014-01-12 17:00:00+00:00,24.069,86.46776,1014.23346,4.6102495,321.34018,0.0,96.0,3.0
2014-01-12 18:00:00+00:00,23.419,88.82388,1013.83264,4.0249224,349.69522,0.0,98.0,3.0
2014-01-12 19:00:00+00:00,23.269001,87.72911,1012.9331,5.0528407,355.91446,0.0,99.0,3.0
2014-01-12 20:00:00+00:00,22.969,88.78816,1012.4327,5.0911684,8.130019,0.0,88.0,3.0
2014-01-12 21:00:00+00:00,22.669,89.587364,1011.6327,4.5536795,18.435053,0.0,95.0,3.0
2014-01-12 22:00:00+00:00,22.869001,88.78016,1011.63306,4.802999,12.99463,0.0,96.0,3.0
2014-01-12 23:00:00+00:00,23.369001,86.40129,1011.4338,7.754637,21.801476,0.0,96.0,3.0
2014-01-13 00:00:00+00:00,23.519001,84.576294,1011.9339,7.386582,43.02507,0.0,58.0,2.0
2014-01-13 01:00:00+00:00,23.619001,81.51558,1012.5336,8.0899935,32.275623,0.0,70.0,2.0
2014-01-13 02:00:00+00:00,23.669,79.77628,1013.13367,8.404285,43.26433,0.0,91.0,3.0
2014-01-13 03:00:00+00:00,24.169,76.936356,1014.4337,8.0899935,57.724377,0.0,84.0,3.0
2014-01-13 04:00:00+00:00,24.819,72.8622,1014.73456,7.771331,76.60749,0.0,90.0,3.0
2014-01-13 05:00:00+00:00,26.069,65.37021,1014.53644,6.519877,96.340096,0.0,91.0,3.0
2014-01-13 06:00:00+00:00,26.869001,60.440056,1013.6381,5.991594,122.73522,0.0,87.0,3.0
2014-01-13 07:00:00+00:00,27.869001,57.71853,1012.8401,6.696387,143.74608,0.0,47.0,1.0
2014-01-13 08:00:00+00:00,28.469,56.967445,1011.5416,6.0347,162.64589,0.0,85.0,3.0
2014-01-13 09:00:00+00:00,28.719,57.561806,1010.6424,4.3349743,184.76355,0.0,95.0,3.0
2014-01-13 10:00:00+00:00,28.619001,59.16797,1009.6429,6.696387,233.74606,0.0,96.0,3.0
2014-01-13 11:00:00+00:00,28.119001,62.826897,1009.94183,7.145796,229.08571,0.0,48.0,1.0
2014-01-13 12:00:00+00:00,27.419,67.082756,1010.24066,8.161764,228.57643,0.0,34.0,1.0
2014-01-13 13:00:00+00:00,26.819,70.34714,1010.9394,9.220499,231.34016,0.0,45.0,1.0
2014-01-13 14:00:00+00:00,26.419,72.24605,1011.8384,7.5942082,238.57048,0.0,45.0,1.0
2014-01-13 15:00:00+00:00,26.169,73.99889,1012.7376,6.830519,251.56496,0.0,35.0,1.0
2014-01-13 16:00:00+00:00,25.469,82.24551,1013.2362,4.896529,287.1028,0.0,29.0,1.0
2014-01-13 17:00:00+00:00,24.569,84.94684,1013.43475,4.3349743,318.36655,0.0,8.0,0.0
2014-01-13 18:00:00+00:00,24.669,81.39706,1013.0349,4.510787,331.38962,0.0,22.0,1.0
2014-01-13 19:00:00+00:00,24.569,82.64141,1012.43524,4.6938252,355.60138,0.0,57.0,2.0
2014-01-13 20:00:00+00:00,24.369001,80.61221,1011.83514,4.802999,12.99463,0.0,61.0,2.0
2014-01-13 21:00:00+00:00,24.469,76.2709,1011.5353,5.154415,24.775122,0.0,59.0,2.0
2014-01-13 22:00:00+00:00,24.269001,73.67866,1011.1352,6.6087217,29.357658,0.0,69.0,2.0
2014-01-13 23:00:00+00:00,24.019001,72.04386,1010.73505,7.928177,39.47243,0.0,65.0,2.0
2014-01-14 00:00:00+00:00,23.819,71.33432,1011.4345,8.435069,50.194473,0.0,79.0,2.0
2014-01-14 01:00:00+00:00,23.669,71.53105,1012.23413,8.587338,56.976128,0.0,94.0,3.0
2014-01-14 02:00:00+00:00,23.869001,71.56736,1012.73413,9.227524,69.44388,0.0,93.0,3.0
2014-01-14 03:00:00+00:00,25.019001,67.85941,1013.43536,8.12197,77.19574,0.0,95.0,3.0
2014-01-14 04:00:00+00:00,26.369001,62.637432,1013.6375,7.2359104,84.2895,0.0,94.0,3.0
2014-01-14 05:00:00+00:00,27.369001,60.554386,1013.4393,5.937272,75.96373,0.0,98.0,3.0
2014-01-14 06:00:00+00:00,28.019001,59.95323,1012.84045,4.3498964,65.55606,0.0,99.0,3.0
2014-01-14 07:00:00+00:00,28.919,56.37023,1011.9421,4.198285,59.03632,0.0,94.0,3.0
2014-01-14 08:00:00+00:00,29.469,54.94706,1010.7436,3.5455887,66.037506,0.0,97.0,3.0
2014-01-14 09:00:00+00:00,29.719,54.838123,1009.7444,1.609969,63.435013,0.0,92.0,3.0
2014-01-14 10:00:00+00:00,29.619001,55.84327,1009.4442,0.8049845,243.43501,0.0,37.0,1.0
2014-01-14 11:00:00+00:00,29.319,57.348385,1009.34393,1.484318,194.03627,0.0,28.0,1.0
2014-01-14 12:00:00+00:00,28.869001,59.777767,1009.943,3.2599385,186.3401,0.0,19.0,0.0
2014-01-14 13:00:00+00:00,28.069,64.18675,1010.6414,3.8939953,213.6901,0.0,13.0,0.0
2014-01-14 14:00:00+00:00,27.419,68.5416,1011.4402,3.0547013,224.9999,0.0,12.0,0.0
2014-01-14 15:00:00+00:00,26.869001,72.32513,1012.13885,2.3051248,231.34016,0.0,18.0,0.0
2014-01-14 16:00:00+00:00,26.269001,77.01762,1012.63763,2.8116899,230.19447,0.0,26.0,1.0
2014-01-14 17:00:00+00:00,25.419,83.49999,1012.7364,2.3051248,231.34016,0.0,38.0,1.0
2014-01-14 18:00:00+00:00,25.819,78.13546,1012.93695,1.5273507,224.9999,0.0,48.0,1.0
2014-01-14 19:00:00+00:00,25.919,74.1847,1012.63727,1.4399999,360.0,0.0,41.0,1.0
2014-01-14 20:00:00+00:00,25.569,76.20704,1012.3368,3.2599385,6.3401003,0.0,53.0,2.0
2014-01-14 21:00:00+00:00,24.419,84.672035,1011.83514,3.671294,11.3098955,0.0,26.0,1.0
2014-01-14 22:00:00+00:00,24.319,83.37523,1011.2354,3.6,360.0,0.0,30.0,1.0
2014-01-14 23:00:00+00:00,24.269001,81.59705,1011.63495,5.1544156,12.094739,0.0,24.0,1.0
2014-01-15 00:00:00+00:00,24.419,79.38751,1012.13495,4.6800003,22.61991,0.0,62.0,2.0
2014-01-15 01:00:00+00:00,24.369001,78.40723,1012.73474,5.00128,30.256361,0.0,68.0,2.0
2014-01-15 02:00:00+00:00,24.619001,77.48159,1013.43475,5.8603754,42.510403,0.0,91.0,3.0
2014-01-15 03:00:00+00:00,25.819,69.2967,1014.6361,6.763786,64.79892,0.0,85.0,3.0
2014-01-15 04:00:00+00:00,26.819,64.51798,1014.7377,7.69592,79.21575,0.0,85.0,3.0
2014-01-15 05:00:00+00:00,27.669,61.381157,1015.0389,6.519877,83.659904,0.0,96.0,3.0
2014-01-15 06:00:00+00:00,28.119001,60.349617,1014.13983,6.924738,81.02746,0.2,99.0,51.0
2014-01-15 07:00:00+00:00,27.619001,62.912006,1013.53955,4.3349743,85.23644,0.9,100.0,53.0
2014-01-15 08:00:00+00:00,27.469,65.661545,1012.2398,6.28713,103.24053,0.9,100.0,53.0
2014-01-15 09:00:00+00:00,27.269001,69.35919,1011.7396,8.4042845,99.865746,2.9,99.0,63.0
2014-01-15 10:00:00+00:00,26.619001,74.30074,1011.2389,4.452954,104.03627,0.8,100.0,53.0
2014-01-15 11:00:00+00:00,26.669,73.18131,1010.63916,4.3349743,94.76356,0.1,100.0,51.0
2014-01-15 12:00:00+00:00,26.569,73.6137,1011.1389,3.7585104,106.699326,0.0,100.0,3.0
2014-01-15 13:00:00+00:00,26.219,75.38018,1011.53815,4.802999,102.99462,0.0,99.0,3.0
2014-01-15 14:00:00+00:00,26.019001,75.3482,1012.73724,5.8048253,97.12492,0.0,82.0,3.0
2014-01-15 15:00:00+00:00,25.769001,75.539734,1013.7366,6.519877,96.340096,0.0,55.0,2.0
2014-01-15 16:00:00+00:00,25.469,76.89672,1014.2357,5.7599998,90.0,0.0,26.0,1.0
2014-01-15 17:00:00+00:00,25.019001,79.47006,1014.235,5.5887027,75.068535,0.0,13.0,0.0
2014-01-15 18:00:00+00:00,24.869001,79.44947,1013.8349,5.0142193,68.96242,0.0,14.0,0.0
2014-01-15 19:00:00+00:00,24.869001,83.18346,1013.13525,5.95906,64.98315,0.0,14.0,0.0
2014-01-15 20:00:00+00:00,24.869001,80.92507,1012.93536,6.792466,57.99466,0.0,24.0,1.0
2014-01-15 21:00:00+00:00,24.619001,79.905014,1012.33527,6.989936,55.491425,0.0,72.0,2.0
2014-01-15 22:00:00+00:00,24.419,79.143234,1011.43536,6.9153743,51.34017,0.0,40.0,1.0
2014-01-15 23:00:00+00:00,24.219,79.35989,1011.63495,7.0911775,66.037506,0.0,39.0,1.0
2014-01-16 00:00:00+00:00,23.969,80.55982,1012.43427,7.9932976,82.234924,0.0,36.0,1.0
2014-01-16 01:00:00+00:00,23.769001,81.53444,1013.13367,9.028754,85.42616,0.0,45.0,1.0
2014-01-16 02:00:00+00:00,23.919,81.05188,1014.3334,10.182337,81.86999,0.0,52.0,2.0
2014-01-16 03:00:00+00:00,25.019001,75.42004,1015.0346,9.346143,74.3577,0.0,31.0,1.0
2014-01-16 04:00:00+00:00,26.569,66.70473,1015.7369,8.854829,63.435013,0.0,46.0,1.0
2014-01-16 05:00:00+00:00,27.819,61.224606,1015.5389,7.8954163,43.152412,0.0,32.0,1.0
2014-01-16 06:00:00+00:00,28.869001,57.06343,1014.74084,5.3517847,19.653913,0.0,41.0,1.0
2014-01-16 07:00:00+00:00,29.469,53.76297,1013.94214,2.7416782,293.1986,0.0,48.0,1.0
2014-01-16 08:00:00+00:00,29.719,54.329662,1012.64307,5.3517847,250.34608,0.0,45.0,1.0
2014-01-16 09:00:00+00:00,29.569,57.407898,1011.4433,10.703569,222.27362,0.0,49.0,1.0
2014-01-16 10:00:00+00:00,28.869001,62.412632,1010.94257,11.592894,216.15828,0.0,54.0,2.0
2014-01-16 11:00:00+00:00,27.919,68.01114,1010.4412,12.88981,215.90982,0.0,53.0,2.0
2014-01-16 12:00:00+00:00,27.419,70.67391,1011.64,11.019764,218.36752,0.0,12.0,0.0
2014-01-16 13:00:00+00:00,26.869001,73.439606,1012.13885,7.386582,226.97493,0.0,12.0,0.0
2014-01-16 14:00:00+00:00,26.419,76.1061,1013.13776,3.5455887,246.0375,0.0,4.0,0.0
2014-01-16 15:00:00+00:00,26.019001,78.4031,1013.7368,2.9024127,299.74478,0.0,3.0,0.0
2014-01-16 16:00:00+00:00,25.869001,78.62129,1014.33624,4.0249224,333.43503,0.0,4.0,0.0
2014-01-16 17:00:00+00:00,25.669,79.80213,1014.3359,4.73506,351.2539,0.0,4.0,0.0
2014-01-16 18:00:00+00:00,25.419,81.24308,1014.0358,4.896529,17.102825,0.0,27.0,1.0
2014-01-16 19:00:00+00:00,25.519001,80.76181,1013.43634,5.495161,31.607454,0.0,22.0,1.0
2014-01-16 20:00:00+00:00,25.269001,81.47242,1012.7361,5.8603754,42.510403,0.0,20.0,1.0
2014-01-16 21:00:00+00:00,24.969,81.4348,1012.1359,6.1305785,49.76371,0.0,16.0,0.0
2014-01-16 22:00:00+00:00,24.669,80.65142,1011.3357,6.3690495,47.290634,0.0,13.0,0.0
2014-01-16 23:00:00+00:00,24.369001,80.36457,1011.9351,6.4096174,51.842735,0.0,14.0,0.0
2014-01-17 00:00:00+00:00,24.069,80.57294,1012.13434,6.792466,57.99466,0.0,6.0,0.0
2014-01-17 01:00:00+00:00,23.819,80.78924,1013.03375,7.628263,70.70986,0.0,9.0,0.0
2014-01-17 02:00:00+00:00,23.919,80.55324,1014.0335,8.905908,75.96373,0.0,5.0,0.0
2014-01-17 03:00:00+00:00,25.119001,74.74081,1014.8351,8.654986,73.07241,0.0,2.0,0.0
2014-01-17 04:00:00+00:00,26.569,66.292465,1015.33704,8.049845,63.435013,0.0,7.0,0.0
2014-01-17 05:00:00+00:00,27.969,58.650013,1015.0395,5.1165614,50.710617,0.0,11.0,0.0
2014-01-17 06:00:00+00:00,28.869001,55.14224,1014.441,0.8049845,26.564985,0.0,11.0,0.0
2014-01-17 07:00:00+00:00,29.319,54.39966,1013.0423,3.8268526,228.81418,0.0,26.0,1.0
2014-01-17 08:00:00+00:00,29.369001,56.478935,1011.84283,8.435069,230.19447,0.0,37.0,1.0
2014-01-17 09:00:00+00:00,28.769001,61.437813,1010.84235,13.608762,232.52374,0.0,57.0,2.0
2014-01-17 10:00:00+00:00,27.819,67.78355,1010.2413,13.513193,228.23979,0.0,58.0,2.0
2014-01-17 11:00:00+00:00,27.369001,70.44887,1010.1407,13.979872,235.49141,0.0,84.0,3.0
2014-01-17 12:00:00+00:00,26.869001,72.76913,1010.8394,12.57426,246.3706,0.0,84.0,3.0
2014-01-17 13:00:00+00:00,26.419,75.18196,1011.93835,10.538843,262.1468,0.0,68.0,2.0
2014-01-17 14:00:00+00:00,26.019001,77.68866,1013.137,7.6367526,278.13,0.0,84.0,3.0
2014-01-17 15:00:00+00:00,25.669,80.78123,1014.0361,5.4833565,293.1986,0.0,63.0,2.0
2014-01-17 16:00:00+00:00,25.469,82.99958,1014.33563,5.0911684,315.0001,0.0,38.0,1.0
2014-01-17 17:00:00+00:00,25.219,85.014275,1014.03546,4.2136917,340.0168,0.0,29.0,1.0
2014-01-17 18:00:00+00:00,25.019001,86.55714,1013.43536,5.4119864,3.8140097,0.0,21.0,1.0
2014-01-17 19:00:00+00:00,24.819,84.71431,1012.5355,5.6920996,18.435053,0.0,20.0,1.0
2014-01-17 20:00:00+00:00,24.669,83.92638,1012.1353,5.6233797,39.805527,0.0,21.0,1.0
2014-01-17 21:00:00+00:00,24.469,83.39231,1011.73517,5.3999996,53.13002,0.0,21.0,1.0
2014-01-17 22:00:00+00:00,24.269001,82.60581,1011.53503,5.634891,63.435013,0.0,43.0,1.0
2014-01-17 23:00:00+00:00,24.119001,80.82818,1011.3351,7.0911775,66.037506,0.0,51.0,2.0
2014-01-18 00:00:00+00:00,23.919,80.3049,1011.53467,7.968939,71.564964,0.0,66.0,2.0
2014-01-18 01:00:00+00:00,23.669,80.27164,1012.53394,9.0,73.73973,0.0,75.0,2.0
2014-01-18 02:00:00+00:00,23.619001,80.51373,1013.4332,10.137692,73.49557,0.0,73.0,2.0
2014-01-18 03:00:00+00:00,24.569,75.581535,1014.1344,10.587917,72.18102,0.0,72.0,2.0
2014-01-18 04:00:00+00:00,26.069,67.43626,1014.63635,10.028439,68.96242,0.0,78.0,2.0
2014-01-18 05:00:00+00:00,27.319,60.35442,1014.13855,6.28713,66.37061,0.0,85.0,3.0
2014-01-18 06:00:00+00:00,28.219,57.08524,1013.7403,2.1897945,80.53775,0.0,76.0,2.0
2014-01-18 07:00:00+00:00,29.119001,52.677372,1012.84204,3.096837,215.53777,0.0,80.0,3.0
2014-01-18 08:00:00+00:00,29.369001,54.41202,1011.3431,7.127636,224.9999,0.0,43.0,1.0
2014-01-18 09:00:00+00:00,28.919,59.420982,1010.4428,12.984975,226.12321,0.0,45.0,1.0
2014-01-18 10:00:00+00:00,27.969,65.76481,1009.8418,14.021525,221.87778,0.0,40.0,1.0
2014-01-18 11:00:00+00:00,27.519001,68.56096,1010.34064,13.830749,218.65984,0.0,43.0,1.0
2014-01-18 12:00:00+00:00,27.019001,70.817245,1010.93976,13.392774,216.25392,0.0,60.0,2.0
2014-01-18 13:00:00+00:00,26.519001,72.93174,1011.6384,10.799999,216.86998,0.0,66.0,2.0
2014-01-18 14:00:00+00:00,26.219,74.234535,1012.93756,6.989936,214.50858,0.0,83.0,3.0
2014-01-18 15:00:00+00:00,25.919,76.02815,1013.9367,4.072935,224.9999,0.0,92.0,3.0
2014-01-18 16:00:00+00:00,25.119001,85.003914,1014.73517,2.4149535,296.56497,0.0,99.0,3.0
2014-01-18 17:00:00+00:00,24.669,85.99915,1015.23395,4.1046314,15.255177,0.0,90.0,3.0
2014-01-18 18:00:00+00:00,24.619001,83.40939,1014.9341,5.6233797,39.805527,0.0,56.0,2.0
2014-01-18 19:00:00+00:00,24.469,81.37183,1014.43396,5.8603754,47.489597,0.0,29.0,1.0
2014-01-18 20:00:00+00:00,24.569,79.652916,1013.7346,7.2,53.13002,0.0,9.0,0.0
2014-01-18 21:00:00+00:00,24.519001,77.2278,1013.3348,8.287822,55.6196,0.0,13.0,0.0
2014-01-18 22:00:00+00:00,24.219,74.36121,1012.7345,8.373386,64.5367,0.0,10.0,0.0
2014-01-18 23:00:00+00:00,23.969,71.80989,1012.63416,8.557102,67.75093,0.0,6.0,0.0
2014-01-19 00:00:00+00:00,23.619001,71.74679,1013.0334,8.766573,70.8209,0.0,7.0,0.0
2014-01-19 01:00:00+00:00,23.319,72.59951,1013.7327,8.225035,66.80139,0.0,1.0,0.0
2014-01-19 02:00:00+00:00,23.319,73.05672,1014.53235,8.699793,65.55606,0.0,7.0,0.0
2014-01-19 03:00:00+00:00,24.669,66.52495,1015.8336,7.289444,69.775055,0.0,34.0,1.0
2014-01-19 04:00:00+00:00,26.319,57.347187,1016.2364,6.28713,76.75947,0.0,48.0,1.0
2014-01-19 05:00:00+00:00,27.819,51.19898,1016.13855,3.319036,77.4712,0.0,40.0,1.0
2014-01-19 06:00:00+00:00,28.719,48.58646,1015.24036,0.0,270.0,0.0,33.0,1.0
2014-01-19 07:00:00+00:00,29.319,48.898697,1014.4417,1.835647,258.6901,0.0,10.0,0.0
2014-01-19 08:00:00+00:00,29.719,48.849697,1013.1428,3.4152596,251.56496,0.0,11.0,0.0
2014-01-19 09:00:00+00:00,29.819,49.64986,1012.2433,5.95906,244.98314,0.0,18.0,0.0
2014-01-19 10:00:00+00:00,29.319,53.391174,1011.2431,11.090103,234.24602,0.0,8.0,0.0
2014-01-19 11:00:00+00:00,28.369001,59.29357,1011.44135,12.181624,235.84026,0.0,11.0,0.0
2014-01-19 12:00:00+00:00,27.569,63.4882,1011.84033,12.096214,233.47105,0.0,0.0,0.0
2014-01-19 13:00:00+00:00,26.869001,67.17946,1012.6386,10.086427,235.17543,0.0,0.0,0.0
2014-01-19 14:00:00+00:00,26.369001,70.04717,1013.3377,6.6087217,240.64233,0.0,4.0,0.0
2014-01-19 15:00:00+00:00,26.069,71.96232,1014.2366,4.452954,255.96373,0.0,23.0,1.0
2014-01-19 16:00:00+00:00,25.469,77.60765,1015.13525,4.2136917,289.9832,0.0,35.0,1.0
2014-01-19 17:00:00+00:00,24.969,80.6905,1015.3345,3.8939953,326.3099,0.0,27.0,1.0
2014-01-19 18:00:00+00:00,25.019001,77.77989,1015.23456,4.452954,345.9637,0.1,30.0,51.0
2014-01-19 19:00:00+00:00,24.769001,79.19196,1014.6345,5.5887027,14.931467,0.0,33.0,1.0
2014-01-19 20:00:00+00:00,25.319,75.00441,1014.13574,5.634891,26.564985,0.0,61.0,2.0
2014-01-19 21:00:00+00:00,25.019001,75.886894,1013.2355,6.297428,30.963696,0.0,72.0,2.0
2014-01-19 22:00:00+00:00,24.819,74.69164,1013.13525,6.4096174,38.157276,0.0,75.0,2.0
2014-01-19 23:00:00+00:00,24.619001,75.122856,1012.835,5.6233797,50.194473,0.0,23.0,1.0
2014-01-20 00:00:00+00:00,24.369001,76.01942,1013.43445,5.1919937,56.309914,0.0,41.0,1.0
2014-01-20 01:00:00+00:00,24.069,76.92114,1014.0335,6.489992,56.3099,0.0,16.0,0.0
2014-01-20 02:00:00+00:00,24.069,77.15999,1014.43335,9.085988,56.3099,0.0,20.0,1.0
2014-01-20 03:00:00+00:00,25.169,71.35739,1015.035,9.983106,64.35905,0.0,36.0,1.0
2014-01-20 04:00:00+00:00,26.369001,64.82482,1015.43677,9.107359,71.564964,0.0,47.0,1.0
2014-01-20 05:00:00+00:00,27.419,59.628506,1015.2384,6.638072,77.4712,0.0,56.0,2.0
2014-01-20 06:00:00+00:00,28.569,54.724915,1014.9401,4.379589,80.53775,0.0,74.0,2.0
2014-01-20 07:00:00+00:00,29.469,50.820354,1013.84216,4.2136917,70.01681,0.0,88.0,3.0
2014-01-20 08:00:00+00:00,30.019001,49.39122,1012.5434,5.315336,61.69934,0.0,65.0,2.0
2014-01-20 09:00:00+00:00,30.319,49.00692,1011.2447,5.815978,68.19853,0.0,56.0,2.0
2014-01-20 10:00:00+00:00,30.419,49.033047,1010.84485,3.219938,63.435013,0.0,14.0,0.0
2014-01-20 11:00:00+00:00,30.319,49.77992,1010.84485,2.7416782,66.801384,0.0,14.0,0.0
2014-01-20 12:00:00+00:00,29.769001,52.51316,1011.44366,1.609969,63.435013,0.0,34.0,1.0
2014-01-20 13:00:00+00:00,28.919,56.19513,1012.24194,1.8,360.0,0.0,42.0,1.0
2014-01-20 14:00:00+00:00,28.169,60.174114,1013.2403,3.2599385,276.3401,0.0,60.0,2.0
2014-01-20 15:00:00+00:00,27.069,70.39344,1014.73804,3.319036,310.60123,0.0,65.0,2.0
2014-01-20 16:00:00+00:00,26.269001,70.24492,1015.2365,4.379589,350.53775,0.0,75.0,2.0
2014-01-20 17:00:00+00:00,25.619001,71.88213,1015.4354,5.0528407,355.91446,0.0,78.0,2.0
2014-01-20 18:00:00+00:00,24.569,73.7296,1015.43384,6.12,360.0,0.0,85.0,3.0
2014-01-20 19:00:00+00:00,24.969,74.25551,1015.23456,6.87779,6.0089183,0.0,74.0,2.0
2014-01-20 20:00:00+00:00,24.869001,72.87087,1014.73456,7.289444,20.224945,0.0,70.0,2.0
2014-01-20 21:00:00+00:00,24.769001,70.401596,1014.13477,7.289445,32.905247,0.0,56.0,2.0
2014-01-20 22:00:00+00:00,24.519001,68.40061,1013.7346,8.4963045,36.38445,0.0,53.0,2.0
2014-01-20 23:00:00+00:00,24.169,68.978905,1013.63403,8.404285,43.26433,0.0,6.0,0.0
2014-01-21 00:00:00+00:00,23.669,71.53105,1013.93335,8.209263,52.124958,0.0,1.0,0.0
2014-01-21 01:00:00+00:00,23.319,73.747314,1014.1325,8.587338,56.976128,0.0,1.0,0.0
2014-01-21 02:00:00+00:00,23.269001,74.20248,1014.9321,9.585739,55.713078,0.0,0.0,0.0
2014-01-21 03:00:00+00:00,24.419,67.5274,1015.3335,9.885262,56.88865,0.0,1.0,0.0
2014-01-21 04:00:00+00:00,25.969,58.361248,1015.7359,9.885262,56.88865,0.0,0.0,0.0
2014-01-21 05:00:00+00:00,27.669,48.773746,1014.9389,8.707237,60.255207,0.0,0.0,0.0
2014-01-21 06:00:00+00:00,29.119001,41.374065,1013.9416,5.6920996,71.564964,0.0,1.0,0.0
2014-01-21 07:00:00+00:00,30.219,38.708942,1012.6437,2.8116899,140.19447,0.0,23.0,1.0
2014-01-21 08:00:00+00:00,30.669,39.71611,1011.6447,4.379589,189.46225,0.0,34.0,1.0
2014-01-21 09:00:00+00:00,30.469,42.551403,1010.545,5.154415,204.77512,0.0,41.0,1.0
2014-01-21 10:00:00+00:00,30.119001,45.387478,1009.745,7.42159,194.03627,0.0,49.0,1.0
2014-01-21 11:00:00+00:00,29.619001,48.363976,1009.3442,6.849467,176.98727,0.0,51.0,2.0
2014-01-21 12:00:00+00:00,29.269001,50.450527,1009.74384,7.42159,140.90616,0.0,25.0,1.0
2014-01-21 13:00:00+00:00,28.819,52.7667,1010.1429,9.107359,108.43504,0.0,1.0,0.0
2014-01-21 14:00:00+00:00,28.369001,54.16337,1010.9416,10.594036,99.78234,0.0,0.0,0.0
2014-01-21 15:00:00+00:00,27.619001,57.298893,1011.4405,11.570515,95.355736,0.0,1.0,0.0
2014-01-21 16:00:00+00:00,26.869001,60.440056,1011.93896,12.245294,88.31535,0.0,15.0,0.0
2014-01-21 17:00:00+00:00,26.219,62.99738,1012.0379,12.783802,80.2725,0.0,13.0,0.0
2014-01-21 18:00:00+00:00,25.669,65.90134,1012.037,12.0694,72.64589,0.0,28.0,1.0
2014-01-21 19:00:00+00:00,25.319,68.5573,1011.8368,11.435313,61.821507,0.0,50.0,2.0
2014-01-21 20:00:00+00:00,24.769001,72.40217,1011.93585,10.514218,51.952908,0.0,51.0,2.0
2014-01-21 21:00:00+00:00,24.369001,75.082306,1011.5353,10.703569,42.27363,0.0,81.0,3.0
2014-01-21 22:00:00+00:00,23.969,77.144875,1011.2348,10.00256,30.256361,0.0,77.0,2.0
2014-01-21 23:00:00+00:00,23.569,78.5353,1011.0343,10.495713,30.963696,0.0,82.0,3.0
2014-01-22 00:00:00+00:00,23.319,78.98905,1011.73364,10.195057,42.13753,0.0,97.0,3.0
2014-01-22 01:00:00+00:00,23.069,79.19999,1013.0328,9.686609,48.01287,0.0,94.0,3.0
2014-01-22 02:00:00+00:00,23.069,78.70827,1013.63245,10.296251,53.530666,0.0,44.0,1.0
2014-01-22 03:00:00+00:00,24.319,71.64878,1014.63385,11.119281,60.94549,0.0,4.0,0.0
2014-01-22 04:00:00+00:00,25.969,63.140045,1014.53644,10.495713,67.83361,0.0,4.0,0.0
2014-01-22 05:00:00+00:00,27.519001,56.383114,1014.13885,8.049845,79.69521,0.0,5.0,0.0
2014-01-22 06:00:00+00:00,28.669,52.233818,1013.54114,5.506941,101.3099,0.0,21.0,1.0
2014-01-22 07:00:00+00:00,30.069,43.53874,1012.3438,3.8939953,123.6901,0.0,28.0,1.0
2014-01-22 08:00:00+00:00,30.419,44.754795,1011.1447,2.968636,194.03627,0.0,2.0,0.0
2014-01-22 09:00:00+00:00,30.419,46.77736,1010.14514,4.6102495,231.34016,0.0,11.0,0.0
2014-01-22 10:00:00+00:00,30.069,49.714947,1009.34515,6.618519,224.9999,0.0,6.0,0.0
2014-01-22 11:00:00+00:00,29.269001,55.240513,1009.444,8.161764,228.57643,0.0,1.0,0.0
2014-01-22 12:00:00+00:00,28.369001,60.593967,1009.84204,8.209263,232.12495,0.0,1.0,0.0
2014-01-22 13:00:00+00:00,27.519001,64.866295,1010.94037,6.9247384,242.10283,0.0,0.0,0.0
2014-01-22 14:00:00+00:00,26.919,67.814445,1012.0389,8.12197,257.19574,0.0,0.0,0.0
2014-01-22 15:00:00+00:00,26.519001,69.85962,1013.3377,7.5942073,275.44025,0.0,0.0,0.0
2014-01-22 16:00:00+00:00,26.219,71.32701,1013.9371,6.763786,295.20108,0.0,6.0,0.0
2014-01-22 17:00:00+00:00,25.869001,72.8193,1014.13635,6.3690495,317.29062,0.0,14.0,0.0
2014-01-22 18:00:00+00:00,25.519001,74.34684,1014.136,6.0347,342.64587,0.0,16.0,0.0
2014-01-22 19:00:00+00:00,25.469,72.97493,1013.536,6.2145634,10.007925,0.0,7.0,0.0
2014-01-22 20:00:00+00:00,25.369001,72.28371,1013.13617,6.792466,32.005356,0.0,9.0,0.0
2014-01-22 21:00:00+00:00,25.119001,70.906334,1012.53613,6.8777895,47.12111,0.0,4.0,0.0
2014-01-22 22:00:00+00:00,24.819,70.19173,1011.7359,6.989936,55.491425,0.0,2.0,0.0
2014-01-22 23:00:00+00:00,24.419,71.44353,1011.9351,7.0911775,66.037506,0.0,1.0,0.0
2014-01-23 00:00:00+00:00,24.069,73.41537,1012.13434,7.172949,72.47434,0.0,0.0,0.0
2014-01-23 01:00:00+00:00,23.719,75.68085,1013.03375,8.654986,73.07241,0.0,1.0,0.0
2014-01-23 02:00:00+00:00,23.769001,75.68878,1013.5335,10.703569,70.346085,0.0,0.0,0.0
2014-01-23 03:00:00+00:00,25.069,67.869354,1014.53485,11.503113,69.86362,0.0,1.0,0.0
2014-01-23 04:00:00+00:00,26.769001,58.366955,1014.7377,11.298495,67.52052,0.0,0.0,0.0
2014-01-23 05:00:00+00:00,28.269001,50.50973,1014.1401,8.766573,70.8209,0.0,0.0,0.0
2014-01-23 06:00:00+00:00,29.519001,45.082058,1013.3424,5.3999996,90.0,0.0,0.0,0.0
2014-01-23 07:00:00+00:00,30.569,40.980137,1012.3444,3.219938,153.43501,0.0,0.0,0.0
2014-01-23 08:00:00+00:00,30.869001,42.660538,1011.3452,4.510787,208.61037,0.0,0.0,0.0
2014-01-23 09:00:00+00:00,30.669,45.823257,1010.24536,7.8954163,226.8476,0.0,0.0,0.0
2014-01-23 10:00:00+00:00,29.769001,51.699867,1010.14417,13.513193,228.23979,0.0,4.0,0.0
2014-01-23 11:00:00+00:00,28.969,56.910408,1010.24286,13.493999,223.91916,0.0,8.0,0.0
2014-01-23 12:00:00+00:00,28.119001,61.48213,1010.4416,12.496718,221.49637,0.0,0.0,0.0
2014-01-23 13:00:00+00:00,27.369001,65.640854,1011.4402,9.449572,229.63554,0.0,1.0,0.0
2014-01-23 14:00:00+00:00,26.869001,68.8578,1012.33875,7.072878,255.2564,0.0,1.0,0.0
2014-01-23 15:00:00+00:00,26.519001,70.94352,1013.23773,6.9527545,291.25058,0.0,28.0,1.0
2014-01-23 16:00:00+00:00,26.119001,72.86264,1014.03705,7.6367526,315.0001,0.0,48.0,1.0
2014-01-23 17:00:00+00:00,25.869001,73.4951,1013.93646,7.5685663,334.65387,0.0,42.0,1.0
2014-01-23 18:00:00+00:00,25.569,75.044914,1013.9361,7.5685663,357.27374,0.0,31.0,1.0
2014-01-23 19:00:00+00:00,25.619001,72.104645,1012.73663,8.089993,20.854538,0.0,11.0,0.0
2014-01-23 20:00:00+00:00,25.369001,71.172646,1012.33655,8.404285,43.26433,0.0,5.0,0.0
2014-01-23 21:00:00+00:00,25.019001,71.10874,1011.2364,8.534353,62.354122,0.0,0.0,0.0
2014-01-23 22:00:00+00:00,24.669,72.15969,1010.83594,8.905908,75.96373,0.0,1.0,0.0
2014-01-23 23:00:00+00:00,24.269001,74.60106,1010.63544,8.557102,75.37909,0.0,0.0,0.0
2014-01-24 00:00:00+00:00,23.969,76.66757,1010.93494,8.891344,68.62931,0.0,0.0,0.0
2014-01-24 01:00:00+00:00,23.769001,78.07818,1011.23456,8.891343,58.240574,0.0,0.0,0.0
2014-01-24 02:00:00+00:00,23.819,78.32797,1012.23413,9.387651,57.528828,0.0,2.0,0.0
2014-01-24 03:00:00+00:00,25.069,72.0069,1012.83563,9.504273,65.37646,0.0,0.0,0.0
2014-01-24 04:00:00+00:00,26.569,64.06473,1013.33795,8.311245,72.34979,0.0,1.0,0.0
2014-01-24 05:00:00+00:00,27.969,56.84707,1012.74054,5.4477882,82.40546,0.0,2.0,0.0
2014-01-24 06:00:00+00:00,29.019001,52.817318,1012.3422,2.2768397,161.56496,0.0,2.0,0.0
2014-01-24 07:00:00+00:00,29.969,50.790073,1011.34393,4.072935,224.9999,0.0,1.0,0.0
2014-01-24 08:00:00+00:00,30.219,51.814583,1010.4447,8.0899935,237.72438,0.0,4.0,0.0
2014-01-24 09:00:00+00:00,29.819,55.03308,1009.2446,11.923557,241.11351,0.0,24.0,1.0
2014-01-24 10:00:00+00:00,28.969,60.730015,1008.7435,14.8257065,240.94548,0.0,0.0,0.0
2014-01-24 11:00:00+00:00,28.269001,64.229294,1008.54266,16.263872,242.30061,0.0,10.0,0.0
2014-01-24 12:00:00+00:00,27.469,68.341255,1009.44104,16.746773,244.5367,0.0,8.0,0.0
2014-01-24 13:00:00+00:00,26.869001,71.22551,1010.33966,15.034041,253.30067,0.0,18.0,0.0
2014-01-24 14:00:00+00:00,26.469,71.37219,1011.3386,11.901798,266.53183,0.0,52.0,2.0
2014-01-24 15:00:00+00:00,26.119001,73.31196,1012.63763,8.4042845,279.86575,0.0,42.0,1.0
2014-01-24 16:00:00+00:00,25.769001,75.07726,1012.93695,5.3517847,289.6539,0.0,36.0,1.0
2014-01-24 17:00:00+00:00,25.519001,76.433624,1012.63666,4.5820518,315.0001,0.0,21.0,1.0
2014-01-24 18:00:00+00:00,25.319,77.823944,1012.4366,3.7585104,16.699326,0.0,12.0,0.0
2014-01-24 19:00:00+00:00,25.069,78.266785,1011.63617,5.0911684,44.999897,0.0,14.0,0.0
2014-01-24 20:00:00+00:00,25.069,77.310295,1011.03644,5.904439,52.431335,0.0,12.0,0.0
2014-01-24 21:00:00+00:00,24.919,76.57662,1010.5367,5.95906,64.98315,0.0,6.0,0.0
2014-01-24 22:00:00+00:00,24.869001,74.699814,1010.4365,6.849467,86.98728,0.0,8.0,0.0
2014-01-24 23:00:00+00:00,24.669,74.43591,1010.1362,8.350138,82.56869,0.0,14.0,0.0
2014-01-25 00:00:00+00:00,24.419,75.323685,1010.8356,8.4042845,80.13426,0.0,5.0,0.0
2014-01-25 01:00:00+00:00,24.119001,76.928734,1011.23517,9.6932955,74.931465,0.0,5.0,0.0
2014-01-25 02:00:00+00:00,24.169,77.17508,1012.0348,11.113451,65.09527,0.0,4.0,0.0
2014-01-25 03:00:00+00:00,25.169,71.35739,1012.53613,13.70839,60.068577,0.0,1.0,0.0
2014-01-25 04:00:00+00:00,26.669,60.96444,1012.43835,14.021525,60.802605,0.0,1.0,0.0
2014-01-25 05:00:00+00:00,28.069,52.742508,1012.04083,12.245293,65.695465,0.0,1.0,0.0
2014-01-25 06:00:00+00:00,29.319,46.631424,1011.2431,9.107359,71.564964,0.0,0.0,0.0
2014-01-25 07:00:00+00:00,30.469,41.21538,1010.14514,6.2145634,79.99209,0.0,2.0,0.0
2014-01-25 08:00:00+00:00,30.969,40.31094,1009.04663,3.6179552,84.2895,0.0,3.0,0.0
2014-01-25 09:00:00+00:00,31.019001,42.431396,1007.84717,1.484318,104.03627,0.0,7.0,0.0
2014-01-25 10:00:00+00:00,30.719,45.26233,1007.54694,2.9024127,240.2552,0.0,24.0,1.0
2014-01-25 11:00:00+00:00,30.169,47.90279,1007.1461,5.3517847,222.27362,0.0,56.0,2.0
2014-01-25 12:00:00+00:00,29.469,50.820354,1008.1447,7.653705,228.81418,0.0,26.0,1.0
2014-01-25 13:00:00+00:00,28.419,56.249046,1008.7429,6.1094027,224.9999,0.0,3.0,0.0
2014-01-25 14:00:00+00:00,27.669,60.43447,1009.4414,3.6,216.86998,0.0,1.0,0.0
2014-01-25 15:00:00+00:00,27.119001,64.58163,1010.44,2.3051248,231.34016,0.0,0.0,0.0
2014-01-25 16:00:00+00:00,26.869001,65.33429,1010.9394,4.2136917,70.01681,0.0,0.0,0.0
2014-01-25 17:00:00+00:00,25.719,70.79693,1011.23773,7.072878,75.25639,0.0,2.0,0.0
2014-01-25 18:00:00+00:00,25.419,71.4027,1011.8368,8.089993,69.14546,0.0,5.0,0.0
2014-01-25 19:00:00+00:00,25.369001,70.73244,1011.0372,8.049845,63.435013,0.0,2.0,0.0
2014-01-25 20:00:00+00:00,25.119001,69.594826,1010.9369,8.39657,59.03632,0.0,2.0,0.0
2014-01-25 21:00:00+00:00,24.819,66.76491,1010.63635,8.587338,56.976128,0.0,1.0,0.0
2014-01-25 22:00:00+00:00,24.319,66.24394,1010.03595,8.587338,56.976128,0.0,16.0,0.0
2014-01-25 23:00:00+00:00,23.919,67.21441,1009.9354,8.39657,59.03632,0.0,7.0,0.0
2014-01-26 00:00:00+00:00,23.569,68.86225,1010.83435,8.39657,59.03632,0.0,2.0,0.0
2014-01-26 01:00:00+00:00,23.319,70.350876,1011.13385,9.339208,62.447273,0.0,2.0,0.0
2014-01-26 02:00:00+00:00,23.369001,71.028145,1012.03345,11.298495,67.52052,0.0,4.0,0.0
2014-01-26 03:00:00+00:00,24.469,64.828224,1012.3349,13.1041975,74.054535,0.0,4.0,0.0
2014-01-26 04:00:00+00:00,25.969,55.826416,1013.0371,12.9249525,77.125,0.0,6.0,0.0
2014-01-26 05:00:00+00:00,27.419,48.863632,1012.3397,10.931203,72.75845,0.0,8.0,0.0
2014-01-26 06:00:00+00:00,28.619001,43.983288,1012.0418,10.495713,67.83361,0.0,10.0,0.0
2014-01-26 07:00:00+00:00,29.919,39.25477,1010.7442,10.00256,59.743652,0.0,6.0,0.0
2014-01-26 08:00:00+00:00,30.869001,36.46151,1009.4461,7.9932966,54.16227,0.0,2.0,0.0
2014-01-26 09:00:00+00:00,31.019001,37.69947,1008.3469,4.39436,55.0079,0.0,1.0,0.0
2014-01-26 10:00:00+00:00,30.819,40.398617,1007.8468,2.5455842,278.13,0.0,0.0,0.0
2014-01-26 11:00:00+00:00,30.319,43.192753,1007.6463,4.0249224,243.43501,0.0,1.0,0.0
2014-01-26 12:00:00+00:00,29.769001,45.437214,1007.8452,4.6102495,231.34016,0.0,1.0,0.0
2014-01-26 13:00:00+00:00,29.019001,47.749252,1008.24414,3.8939953,236.3099,0.0,0.0,0.0
2014-01-26 14:00:00+00:00,28.369001,49.74165,1009.14233,2.52,270.0,0.0,0.0,0.0
2014-01-26 15:00:00+00:00,27.269001,55.792656,1009.8405,2.7416782,336.8014,0.0,0.0,0.0
2014-01-26 16:00:00+00:00,26.469,57.9293,1011.03876,5.0142193,21.037588,0.0,0.0,0.0
2014-01-26 17:00:00+00:00,25.769001,61.723587,1011.33765,7.2,36.86999,0.0,0.0,0.0
2014-01-26 18:00:00+00:00,25.569,61.097908,1011.43726,8.287822,55.6196,0.0,0.0,0.0
2014-01-26 19:00:00+00:00,25.319,67.91896,1010.93726,8.225035,66.80139,0.0,3.0,0.0
2014-01-26 20:00:00+00:00,25.119001,63.152077,1010.8369,8.373386,64.5367,0.0,1.0,0.0
2014-01-26 21:00:00+00:00,24.769001,60.72218,1010.63635,8.217153,61.189304,0.0,2.0,0.0
2014-01-26 22:00:00+00:00,24.369001,61.01746,1010.6357,6.4096174,51.842735,0.0,1.0,0.0
2014-01-26 23:00:00+00:00,23.919,62.887318,1010.6351,7.145796,49.085716,0.0,1.0,0.0
2014-01-27 00:00:00+00:00,23.419,65.43078,1010.834,7.8954163,46.8476,0.0,0.0,0.0
2014-01-27 01:00:00+00:00,23.069,68.11397,1011.33356,8.669949,48.366554,0.0,1.0,0.0
2014-01-27 02:00:00+00:00,22.919,70.49813,1012.0329,10.296251,53.530666,0.0,0.0,0.0
2014-01-27 03:00:00+00:00,23.919,66.79134,1012.73413,10.495713,59.03632,0.0,0.0,0.0
2014-01-27 04:00:00+00:00,25.569,58.451187,1013.0365,10.630672,61.69934,0.0,1.0,0.0
2014-01-27 05:00:00+00:00,27.369001,48.6943,1013.13934,9.339208,62.447273,0.0,1.0,0.0
2014-01-27 06:00:00+00:00,28.919,41.586555,1012.04205,7.5685663,64.65388,0.0,0.0,0.0
2014-01-27 07:00:00+00:00,29.969,38.39057,1011.04407,6.725354,74.47583,0.0,0.0,0.0
2014-01-27 08:00:00+00:00,30.719,36.775295,1009.546,3.9763298,95.19434,0.0,4.0,0.0
2014-01-27 09:00:00+00:00,30.869001,39.013783,1008.34656,2.7416782,156.80138,0.0,7.0,0.0
2014-01-27 10:00:00+00:00,30.669,41.800076,1008.2463,5.495161,211.60745,0.0,0.0,0.0
2014-01-27 11:00:00+00:00,29.919,46.644062,1007.84546,7.7043357,217.40543,0.0,1.0,0.0
2014-01-27 12:00:00+00:00,28.969,52.97041,1008.44366,7.9036193,210.0685,0.0,1.0,0.0
2014-01-27 13:00:00+00:00,28.119001,57.598087,1009.0422,5.5887027,194.93147,0.0,1.0,0.0
2014-01-27 14:00:00+00:00,27.519001,60.58859,1009.7409,2.6208394,164.05453,0.0,0.0,0.0
2014-01-27 15:00:00+00:00,27.019001,63.76397,1010.5399,1.9386592,68.19853,0.0,0.0,0.0
2014-01-27 16:00:00+00:00,26.069,69.34447,1011.3379,6.3690495,42.709366,0.0,0.0,0.0
2014-01-27 17:00:00+00:00,25.069,72.45504,1011.53625,7.7043357,52.594578,0.0,0.0,0.0
2014-01-27 18:00:00+00:00,25.069,70.23856,1011.53625,8.78872,55.0079,0.0,0.0,0.0
2014-01-27 19:00:00+00:00,25.369001,63.206936,1011.33704,10.296251,53.530666,0.0,0.0,0.0
2014-01-27 20:00:00+00:00,25.219,61.599598,1010.8369,11.753876,49.969803,0.0,0.0,0.0
2014-01-27 21:00:00+00:00,24.769001,63.474964,1010.53644,12.229406,47.385983,0.0,1.0,0.0
2014-01-27 22:00:00+00:00,24.369001,65.01196,1010.03595,12.218805,44.999897,0.0,15.0,0.0
2014-01-27 23:00:00+00:00,23.969,66.17149,1010.3352,11.720751,42.510403,0.0,52.0,2.0
2014-01-28 00:00:00+00:00,23.669,66.95165,1010.7348,11.753876,40.030197,0.0,68.0,2.0
2014-01-28 01:00:00+00:00,23.369001,66.890396,1011.13385,11.720751,42.510403,0.0,63.0,2.0
2014-01-28 02:00:00+00:00,23.419,66.05719,1011.73364,12.475961,46.169064,0.0,76.0,2.0
2014-01-28 03:00:00+00:00,24.919,58.482445,1012.7357,12.261157,49.76371,0.0,73.0,2.0
2014-01-28 04:00:00+00:00,27.119001,46.18803,1013.0388,11.681987,56.309914,0.0,23.0,1.0
2014-01-28 05:00:00+00:00,29.019001,38.500824,1012.5422,8.534353,62.354122,0.0,37.0,1.0
2014-01-28 06:00:00+00:00,30.119001,35.784107,1011.84406,3.6179552,84.2895,0.0,91.0,3.0
2014-01-28 07:00:00+00:00,31.069,34.672146,1011.0457,3.219938,206.56499,0.0,95.0,3.0
2014-01-28 08:00:00+00:00,31.469,36.042156,1009.84686,7.145796,229.08571,0.0,92.0,3.0
2014-01-28 09:00:00+00:00,31.119001,39.967617,1008.74677,11.681987,236.3099,0.0,92.0,3.0
2014-01-28 10:00:00+00:00,30.069,46.09779,1008.7455,15.077082,236.68936,0.0,86.0,3.0
2014-01-28 11:00:00+00:00,28.919,52.461857,1008.54364,15.683774,238.13406,0.0,88.0,3.0
2014-01-28 12:00:00+00:00,28.019001,57.574238,1009.54193,14.618837,232.0012,0.0,32.0,1.0
2014-01-28 13:00:00+00:00,27.119001,61.640434,1010.2401,11.966954,223.7812,0.0,32.0,1.0
2014-01-28 14:00:00+00:00,26.519001,65.261086,1010.93884,8.78872,214.9921,0.0,42.0,1.0
2014-01-28 15:00:00+00:00,26.119001,68.71288,1011.838,4.198285,210.96368,0.0,26.0,1.0
2014-01-28 16:00:00+00:00,25.719,71.899994,1012.737,2.4149535,296.56497,0.0,2.0,0.0
2014-01-28 17:00:00+00:00,25.119001,74.28043,1012.836,4.452954,345.9637,0.0,13.0,0.0
2014-01-28 18:00:00+00:00,24.969,75.41203,1012.7357,5.3999996,360.0,0.0,27.0,1.0
2014-01-28 19:00:00+00:00,25.019001,74.26383,1012.2359,6.2145634,10.007925,0.0,29.0,1.0
2014-01-28 20:00:00+00:00,24.869001,74.46904,1011.536,6.489992,19.440128,0.0,27.0,1.0
2014-01-28 21:00:00+00:00,24.569,74.650536,1011.2358,7.0911775,23.962492,0.0,17.0,0.0
2014-01-28 22:00:00+00:00,24.319,74.146996,1010.93555,9.085988,33.6901,0.0,30.0,1.0
2014-01-28 23:00:00+00:00,24.119001,73.195335,1010.8353,10.086427,34.82457,0.0,42.0,1.0
2014-01-29 00:00:00+00:00,23.869001,72.69621,1010.93494,9.686609,41.98713,0.0,35.0,1.0
2014-01-29 01:00:00+00:00,23.619001,72.65232,1011.33417,9.957108,49.398785,0.0,10.0,0.0
2014-01-29 02:00:00+00:00,23.619001,71.972244,1011.9339,11.4862,57.804302,0.0,16.0,0.0
2014-01-29 03:00:00+00:00,24.969,63.31862,1012.7357,11.440979,65.85446,0.0,48.0,1.0
2014-01-29 04:00:00+00:00,26.819,52.25702,1013.13837,10.163227,67.06787,0.0,6.0,0.0
2014-01-29 05:00:00+00:00,28.519001,44.097507,1012.74115,6.6087217,60.64234,0.0,1.0,0.0
2014-01-29 06:00:00+00:00,29.769001,39.851246,1012.4432,1.4399999,360.0,0.0,0.0,0.0
2014-01-29 07:00:00+00:00,30.819,38.13227,1011.54517,4.5536795,251.56496,0.0,0.0,0.0
2014-01-29 08:00:00+00:00,31.069,40.856285,1010.44604,10.1887,237.99466,0.0,0.0,0.0
2014-01-29 09:00:00+00:00,30.369001,46.91155,1009.4455,15.778516,235.22209,0.0,0.0,0.0
2014-01-29 10:00:00+00:00,29.369001,53.237255,1009.14404,17.208603,232.65057,0.0,3.0,0.0
2014-01-29 11:00:00+00:00,28.519001,57.15718,1009.4426,16.87398,236.3099,0.0,10.0,0.0
2014-01-29 12:00:00+00:00,27.719,59.327023,1010.14105,14.618837,232.0012,0.0,2.0,0.0
2014-01-29 13:00:00+00:00,27.019001,62.003403,1010.6399,11.480557,221.18582,0.0,0.0,0.0
2014-01-29 14:00:00+00:00,26.519001,65.05853,1011.73846,7.9036193,210.0685,0.0,0.0,0.0
2014-01-29 15:00:00+00:00,26.069,68.49059,1012.53735,4.510787,208.61037,0.0,0.0,0.0
2014-01-29 16:00:00+00:00,25.319,75.00441,1013.4361,3.319036,229.39879,0.0,0.0,0.0
2014-01-29 17:00:00+00:00,25.669,73.23496,1013.6362,1.08,360.0,0.0,6.0,0.0
2014-01-29 18:00:00+00:00,23.969,82.57012,1013.63367,3.6,36.86999,0.0,32.0,1.0
2014-01-29 19:00:00+00:00,24.169,79.10833,1013.1343,4.3349743,41.63345,0.0,40.0,1.0
2014-01-29 20:00:00+00:00,23.419,82.7596,1012.6332,5.1165614,39.289394,0.0,39.0,1.0
2014-01-29 21:00:00+00:00,23.369001,82.498375,1011.93353,5.8603754,42.510403,0.0,23.0,1.0
2014-01-29 22:00:00+00:00,23.819,79.05935,1011.7343,5.692099,34.69522,0.0,35.0,1.0
2014-01-29 23:00:00+00:00,23.769001,78.07818,1011.4345,6.1305785,40.236294,0.0,37.0,1.0
2014-01-30 00:00:00+00:00,23.769001,76.63674,1012.1341,6.3690495,47.290634,0.0,31.0,1.0
2014-01-30 01:00:00+00:00,23.619001,76.61361,1012.63354,7.145796,49.085716,0.0,36.0,1.0
2014-01-30 02:00:00+00:00,23.669,75.909004,1013.23364,9.504272,52.695976,0.0,21.0,1.0
2014-01-30 03:00:00+00:00,25.219,65.191696,1013.93555,9.387651,57.528828,0.0,0.0,0.0
2014-01-30 04:00:00+00:00,27.119001,53.171597,1014.2383,8.217153,61.189304,0.0,0.0,0.0
2014-01-30 05:00:00+00:00,28.669,45.429863,1013.64105,5.00128,59.743652,0.0,3.0,0.0
2014-01-30 06:00:00+00:00,29.769001,41.954784,1013.1428,0.35999998,270.0,0.0,26.0,1.0
2014-01-30 07:00:00+00:00,30.769001,38.736473,1011.84503,3.8939953,236.3099,0.0,56.0,2.0
2014-01-30 08:00:00+00:00,31.069,40.726284,1010.7459,7.9932966,234.16226,0.0,60.0,2.0
2014-01-30 09:00:00+00:00,30.519001,45.927704,1009.44574,12.979984,236.3099,0.0,83.0,3.0
2014-01-30 10:00:00+00:00,29.519001,52.122963,1008.9444,15.2947035,243.43501,0.0,94.0,3.0
2014-01-30 11:00:00+00:00,28.669,56.485413,1008.94324,15.509274,248.19853,0.0,94.0,3.0
2014-01-30 12:00:00+00:00,27.819,60.093876,1009.64154,14.345898,252.47433,0.0,88.0,3.0
2014-01-30 13:00:00+00:00,26.969,64.150444,1010.44,12.181625,251.0295,0.0,59.0,2.0
2014-01-30 14:00:00+00:00,26.419,66.88137,1011.6384,9.227524,249.44388,0.0,55.0,2.0
2014-01-30 15:00:00+00:00,25.919,69.530876,1012.43744,5.634891,243.43501,0.0,23.0,1.0
2014-01-30 16:00:00+00:00,25.419,73.19206,1013.13617,4.6102495,231.34016,0.0,10.0,0.0
2014-01-30 17:00:00+00:00,24.769001,77.02742,1013.13525,3.7585104,196.69933,0.0,46.0,1.0
2014-01-30 18:00:00+00:00,24.219,80.34473,1013.1343,2.5959969,146.3099,0.0,61.0,2.0
2014-01-30 19:00:00+00:00,24.869001,75.86326,1012.7355,2.6208394,105.945465,0.0,73.0,2.0
2014-01-30 20:00:00+00:00,24.769001,76.08219,1012.03577,3.6179552,84.2895,0.0,67.0,2.0
2014-01-30 21:00:00+00:00,24.169,79.10833,1011.8349,5.00128,59.743652,0.0,63.0,2.0
2014-01-30 22:00:00+00:00,22.619001,85.79747,1011.3326,4.510787,28.610369,0.0,58.0,2.0
2014-01-30 23:00:00+00:00,22.519001,84.731186,1011.3326,5.00128,30.256361,0.0,69.0,2.0
2014-01-31 00:00:00+00:00,22.919,81.17471,1011.5331,6.1305785,40.236294,0.0,74.0,2.0
2014-01-31 01:00:00+00:00,23.119001,78.22649,1012.33307,6.696387,53.74608,0.0,61.0,2.0
2014-01-31 02:00:00+00:00,23.369001,75.15377,1012.9331,8.225035,66.80139,0.0,53.0,2.0
2014-01-31 03:00:00+00:00,25.069,64.14361,1013.63525,8.209263,74.74483,0.0,56.0,2.0
2014-01-31 04:00:00+00:00,26.969,53.812473,1013.9384,7.342588,78.6901,0.0,14.0,0.0
2014-01-31 05:00:00+00:00,28.619001,46.74102,1013.84094,4.452954,104.03627,0.0,0.0,0.0
2014-01-31 06:00:00+00:00,29.719,44.28264,1013.1428,3.2599385,173.6599,0.0,6.0,0.0
2014-01-31 07:00:00+00:00,30.369001,43.343956,1012.3442,4.510787,208.61037,0.0,31.0,1.0
2014-01-31 08:00:00+00:00,30.519001,46.218178,1010.7452,6.3690495,227.29063,0.0,31.0,1.0
2014-01-31 09:00:00+00:00,30.219,49.44337,1009.5451,9.387651,237.52882,0.0,0.0,0.0
2014-01-31 10:00:00+00:00,29.569,54.461575,1008.64453,10.883676,235.78424,0.0,0.0,0.0
2014-01-31 11:00:00+00:00,28.869001,58.860676,1008.3437,11.269782,243.43501,0.0,0.0,0.0
2014-01-31 12:00:00+00:00,28.069,62.622257,1008.8423,12.43434,247.8905,0.0,0.0,0.0
2014-01-31 13:00:00+00:00,27.119001,66.610176,1009.34045,11.043261,250.9743,0.0,0.0,0.0
2014-01-31 14:00:00+00:00,26.669,68.60726,1009.83954,10.308831,257.90524,0.0,10.0,0.0
2014-01-31 15:00:00+00:00,26.319,70.688805,1010.7389,8.669949,265.23645,0.0,23.0,1.0
2014-01-31 16:00:00+00:00,26.019001,71.73193,1011.238,6.849467,273.01273,0.0,37.0,1.0
2014-01-31 17:00:00+00:00,25.369001,74.7817,1011.6369,6.12,298.0724,0.0,31.0,1.0
2014-01-31 18:00:00+00:00,24.619001,78.68513,1011.2358,4.829907,333.43503,0.0,20.0,1.0
2014-01-31 19:00:00+00:00,24.519001,79.64608,1010.9359,4.6938252,355.60138,0.0,2.0,0.0
2014-01-31 20:00:00+00:00,24.119001,82.334526,1010.3356,4.379589,9.462248,0.0,10.0,0.0
2014-01-31 21:00:00+00:00,23.619001,84.847435,1010.0347,3.7585104,16.699326,0.0,15.0,0.0
2014-01-31 22:00:00+00:00,23.269001,85.86187,1009.93445,3.671294,78.6901,0.0,6.0,0.0
2014-01-31 23:00:00+00:00,22.969,86.36314,1009.83386,4.802999,77.00539,0.0,7.0,0.0
2014-02-01 00:00:00+00:00,22.869001,86.62028,1010.73346,5.4833565,66.801384,0.0,3.0,0.0
2014-02-01 01:00:00+00:00,23.269001,84.81058,1011.6336,5.00128,59.743652,0.0,3.0,0.0
2014-02-01 02:00:00+00:00,23.869001,82.30436,1012.3343,7.491114,54.782326,0.0,4.0,0.0
2014-02-01 03:00:00+00:00,25.369001,73.63701,1013.2362,8.587338,56.976128,0.0,3.0,0.0
2014-02-01 04:00:00+00:00,26.769001,65.92372,1013.23834,9.085988,56.3099,0.0,11.0,0.0
2014-02-01 05:00:00+00:00,28.319,57.825573,1013.14056,7.729527,62.24156,0.0,12.0,0.0
2014-02-01 06:00:00+00:00,29.519001,52.44985,1012.7427,5.3517847,70.346085,0.0,7.0,0.0
2014-02-01 07:00:00+00:00,30.469,46.059376,1011.6445,1.9386592,68.19853,0.0,5.0,0.0
2014-02-01 08:00:00+00:00,31.119001,45.36971,1010.34607,1.8,270.0,0.0,8.0,0.0
2014-02-01 09:00:00+00:00,31.219,46.989876,1009.1468,6.439876,243.43501,0.0,7.0,0.0
2014-02-01 10:00:00+00:00,30.569,51.58208,1008.846,11.681987,236.3099,0.0,9.0,0.0
2014-02-01 11:00:00+00:00,29.169,61.150143,1008.6439,14.386494,238.29861,0.0,15.0,0.0
2014-02-01 12:00:00+00:00,28.219,67.448654,1009.2424,14.512064,240.2552,0.0,23.0,1.0
2014-02-01 13:00:00+00:00,27.319,71.52506,1009.8405,12.72283,244.8852,0.0,2.0,0.0
2014-02-01 14:00:00+00:00,26.919,72.7778,1010.9394,10.390226,255.96373,0.0,16.0,0.0
2014-02-01 15:00:00+00:00,26.619001,74.30074,1011.33887,8.311245,265.03033,0.0,22.0,1.0
2014-02-01 16:00:00+00:00,26.269001,76.08275,1012.43774,5.771239,273.57626,0.0,29.0,1.0
2014-02-01 17:00:00+00:00,25.469,80.50933,1012.23663,4.829907,296.56497,0.0,52.0,2.0
2014-02-01 18:00:00+00:00,24.919,84.21023,1012.1359,2.4149535,333.43503,0.0,20.0,1.0
2014-02-01 19:00:00+00:00,25.069,83.46044,1011.63617,3.396233,32.005356,0.0,16.0,0.0
2014-02-01 20:00:00+00:00,24.069,88.33529,1010.83496,5.8603754,47.489597,0.0,12.0,0.0
2014-02-01 21:00:00+00:00,24.269001,85.43644,1010.23566,5.692099,55.304783,0.0,22.0,1.0
2014-02-01 22:00:00+00:00,24.619001,80.397606,1009.73645,6.28713,66.37061,0.0,60.0,2.0
2014-02-01 23:00:00+00:00,24.469,77.93913,1009.5362,7.628263,70.70986,0.0,83.0,3.0
2014-02-02 00:00:00+00:00,24.269001,77.66928,1009.63586,9.904906,70.90642,0.0,87.0,3.0
2014-02-02 01:00:00+00:00,24.119001,77.88781,1010.1356,10.365251,69.67678,0.0,53.0,2.0
2014-02-02 02:00:00+00:00,24.169,77.65447,1010.8353,9.659814,63.435013,0.0,72.0,2.0
2014-02-02 03:00:00+00:00,25.469,71.19087,1011.93677,8.39657,59.03632,0.0,15.0,0.0
2014-02-02 04:00:00+00:00,26.819,65.12156,1012.0389,6.638072,49.398785,0.0,20.0,1.0
2014-02-02 05:00:00+00:00,28.069,59.964733,1012.04083,4.6102495,38.65983,0.0,16.0,0.0
2014-02-02 06:00:00+00:00,29.469,54.267666,1011.1434,2.4149535,26.564985,0.0,16.0,0.0
2014-02-02 07:00:00+00:00,30.419,51.383663,1010.14514,1.9386592,21.801476,0.0,44.0,1.0
2014-02-02 08:00:00+00:00,30.769001,51.473015,1008.94635,2.968636,284.03625,0.0,80.0,3.0
2014-02-02 09:00:00+00:00,30.769001,52.60231,1007.8468,2.52,270.0,0.0,78.0,2.0
2014-02-02 10:00:00+00:00,30.469,54.34683,1006.7467,6.9247384,242.10283,0.0,12.0,0.0
2014-02-02 11:00:00+00:00,30.069,56.647385,1006.54645,6.763786,244.7989,0.0,7.0,0.0
2014-02-02 12:00:00+00:00,29.469,59.364906,1007.2452,8.089993,249.14546,0.0,1.0,0.0
2014-02-02 13:00:00+00:00,28.569,64.49051,1007.6434,8.654986,253.0724,0.0,2.0,0.0
2014-02-02 14:00:00+00:00,27.819,69.67595,1008.8419,9.255571,256.50424,0.0,1.0,0.0
2014-02-02 15:00:00+00:00,27.219,73.94806,1009.44073,7.9526596,264.80566,0.0,2.0,0.0
2014-02-02 16:00:00+00:00,26.869001,75.94458,1010.7395,5.8048253,277.1249,0.0,4.0,0.0
2014-02-02 17:00:00+00:00,26.519001,77.055214,1010.6389,5.904439,307.56866,0.0,6.0,0.0
2014-02-02 18:00:00+00:00,26.119001,78.17876,1010.63855,4.379589,350.53775,0.0,7.0,0.0
2014-02-02 19:00:00+00:00,26.119001,77.70335,1010.1388,4.3498964,24.443953,0.0,6.0,0.0
2014-02-02 20:00:00+00:00,25.919,76.49522,1009.73865,5.3999996,53.13002,0.0,4.0,0.0
2014-02-02 21:00:00+00:00,25.519001,74.11807,1009.3382,6.28713,66.37061,0.0,3.0,0.0
2014-02-02 22:00:00+00:00,25.119001,72.91428,1008.8378,9.36,90.0,0.0,2.0,0.0
2014-02-02 23:00:00+00:00,24.669,72.60999,1008.73694,10.182337,81.86999,0.0,2.0,0.0
2014-02-03 00:00:00+00:00,24.219,72.98475,1009.336,9.6932955,74.931465,0.0,2.0,0.0
2014-02-03 01:00:00+00:00,23.819,73.83224,1010.33496,10.028439,68.96242,0.0,0.0,0.0
2014-02-03 02:00:00+00:00,23.719,73.35524,1010.93475,10.829958,68.5522,0.0,7.0,0.0
2014-02-03 03:00:00+00:00,24.919,66.36763,1011.63617,10.931203,72.75845,0.0,1.0,0.0
2014-02-03 04:00:00+00:00,26.569,57.95316,1011.43884,9.107359,71.564964,0.0,1.0,0.0
2014-02-03 05:00:00+00:00,28.119001,50.791664,1011.14124,5.6920996,71.564964,0.0,1.0,0.0
2014-02-03 06:00:00+00:00,29.219,47.050674,1010.643,2.4149535,63.435013,0.0,0.0,0.0
2014-02-03 07:00:00+00:00,30.519001,42.565052,1009.44574,1.9386592,248.19853,0.0,5.0,0.0
2014-02-03 08:00:00+00:00,31.019001,42.566216,1008.04706,3.219938,243.43501,0.0,3.0,0.0
2014-02-03 09:00:00+00:00,31.119001,43.685513,1006.8476,6.1305785,229.76372,0.0,0.0,0.0
2014-02-03 10:00:00+00:00,30.569,48.15908,1006.3471,10.195057,222.13753,0.0,0.0,0.0
2014-02-03 11:00:00+00:00,29.719,53.992985,1006.0461,11.212135,222.39738,0.0,0.0,0.0
2014-02-03 12:00:00+00:00,28.969,58.702126,1006.6445,10.464797,229.18501,0.0,0.0,0.0
2014-02-03 13:00:00+00:00,28.019001,63.38945,1007.143,9.83268,246.25049,0.0,2.0,0.0
2014-02-03 14:00:00+00:00,27.269001,67.46694,1008.44116,9.0645685,263.15732,0.0,1.0,0.0
2014-02-03 15:00:00+00:00,26.869001,69.49659,1009.3401,7.8625183,285.94547,0.0,8.0,0.0
2014-02-03 16:00:00+00:00,26.569,70.73477,1010.1394,7.928177,309.47244,0.0,29.0,1.0
2014-02-03 17:00:00+00:00,26.269001,71.776634,1010.43866,7.7879906,326.3099,0.0,21.0,1.0
2014-02-03 18:00:00+00:00,25.969,73.0612,1010.1384,7.289444,339.77505,0.0,14.0,0.0
2014-02-03 19:00:00+00:00,25.869001,70.82447,1009.53845,7.208994,357.13766,0.0,66.0,2.0
2014-02-03 20:00:00+00:00,25.469,72.07805,1008.9382,6.28713,23.629398,0.0,85.0,3.0
2014-02-03 21:00:00+00:00,25.069,72.680016,1008.6375,5.0911684,44.999897,0.0,93.0,3.0
2014-02-03 22:00:00+00:00,24.669,72.384544,1008.3371,4.8433046,48.01287,0.0,49.0,1.0
2014-02-03 23:00:00+00:00,24.369001,71.21169,1008.33673,5.3999996,53.13002,0.0,54.0,2.0
2014-02-04 00:00:00+00:00,23.919,70.90667,1008.9359,6.297428,59.03632,0.0,67.0,2.0
2014-02-04 01:00:00+00:00,23.519001,71.27949,1009.83484,7.729527,62.24156,0.0,59.0,2.0
2014-02-04 02:00:00+00:00,23.469,70.82347,1010.63446,10.365251,69.67678,0.0,59.0,2.0
2014-02-04 03:00:00+00:00,24.969,61.93382,1011.1364,10.483357,74.054535,0.0,63.0,2.0
2014-02-04 04:00:00+00:00,27.019001,48.914326,1011.5395,8.905908,75.96373,0.0,57.0,2.0
2014-02-04 05:00:00+00:00,28.569,42.030098,1011.0419,4.1046314,74.74483,0.0,7.0,0.0
2014-02-04 06:00:00+00:00,29.569,40.18315,1010.0439,0.8049845,243.43501,0.0,0.0,0.0
2014-02-04 07:00:00+00:00,30.419,36.93066,1009.2456,4.39436,235.0079,0.0,0.0,0.0
2014-02-04 08:00:00+00:00,30.669,40.099754,1007.7465,8.669949,228.36655,0.0,0.0,0.0
2014-02-04 09:00:00+00:00,30.069,46.9797,1006.64636,13.830749,231.34016,0.0,0.0,0.0
2014-02-04 10:00:00+00:00,29.069,55.19143,1006.54486,16.992609,233.61555,0.0,0.0,0.0
2014-02-04 11:00:00+00:00,28.269001,61.136364,1006.74347,16.179987,237.72438,0.0,0.0,0.0
2014-02-04 12:00:00+00:00,27.519001,65.469666,1007.1421,14.007655,244.09354,0.0,0.0,0.0
2014-02-04 13:00:00+00:00,26.869001,68.8578,1007.341,11.27553,253.30067,0.0,0.0,0.0
2014-02-04 14:00:00+00:00,26.319,71.56504,1008.0401,8.557102,255.37909,0.0,0.0,0.0
2014-02-04 15:00:00+00:00,25.869001,74.40471,1008.8388,5.154415,245.22488,0.0,0.0,0.0
2014-02-04 16:00:00+00:00,25.119001,79.72772,1009.53754,5.1919937,213.6901,0.0,0.0,0.0
2014-02-04 17:00:00+00:00,24.619001,82.394646,1009.8364,6.12,180.0,0.0,0.0,0.0
2014-02-04 18:00:00+00:00,24.619001,82.6473,1009.43665,6.12,151.92761,0.0,0.0,0.0
2014-02-04 19:00:00+00:00,23.869001,84.095604,1009.13574,5.00128,120.256355,0.0,0.0,0.0
2014-02-04 20:00:00+00:00,23.269001,86.391785,1008.33514,4.6938252,94.39862,0.0,0.0,0.0
2014-02-04 21:00:00+00:00,23.119001,85.31947,1008.0351,4.379589,80.53775,0.0,0.0,0.0
2014-02-04 22:00:00+00:00,22.919,84.77359,1007.6349,4.452954,75.96373,0.0,0.0,0.0
2014-02-04 23:00:00+00:00,22.519001,85.25793,1007.83417,4.510787,61.389645,0.0,0.0,0.0
2014-02-05 00:00:00+00:00,21.769001,86.78565,1007.8329,4.39436,55.0079,0.0,1.0,0.0
2014-02-05 01:00:00+00:00,21.269001,87.827324,1008.432,4.1046314,52.124958,0.0,0.0,0.0
2014-02-05 02:00:00+00:00,21.719,87.593796,1009.5321,5.3999996,53.13002,0.0,0.0,0.0
2014-02-05 03:00:00+00:00,25.069,70.23856,1010.13684,4.3349743,41.63345,0.0,1.0,0.0
2014-02-05 04:00:00+00:00,26.969,57.684593,1010.6399,2.2768397,18.435053,0.0,1.0,0.0
2014-02-05 05:00:00+00:00,28.419,50.548683,1010.4422,2.5455842,278.13,0.0,0.0,0.0
2014-02-05 06:00:00+00:00,29.519001,47.280052,1009.5441,4.802999,257.00537,0.0,0.0,0.0
2014-02-05 07:00:00+00:00,30.019001,48.928368,1008.54517,7.729527,242.24155,0.0,0.0,0.0
2014-02-05 08:00:00+00:00,30.069,52.262623,1007.34607,11.384198,235.30478,0.0,0.0,0.0
2014-02-05 09:00:00+00:00,29.569,57.763554,1006.6454,14.277983,236.3099,0.0,0.0,0.0
2014-02-05 10:00:00+00:00,28.969,61.671906,1006.3446,13.891522,238.78166,0.0,0.0,0.0
2014-02-05 11:00:00+00:00,28.269001,65.22355,1005.8439,12.57426,246.3706,0.0,0.0,0.0
2014-02-05 12:00:00+00:00,27.569,68.781166,1006.4428,10.829958,248.5522,0.0,4.0,0.0
2014-02-05 13:00:00+00:00,26.869001,72.32513,1006.9412,7.8954163,245.77226,0.0,12.0,0.0
2014-02-05 14:00:00+00:00,26.369001,75.404106,1007.9402,4.8433046,228.01286,0.0,10.0,0.0
2014-02-05 15:00:00+00:00,25.869001,78.86156,1008.9388,3.7585104,196.69933,0.0,16.0,0.0
2014-02-05 16:00:00+00:00,25.269001,82.724045,1009.7374,5.04,180.0,0.0,20.0,1.0
2014-02-05 17:00:00+00:00,24.869001,85.23711,1010.0367,5.6920996,161.56496,0.0,25.0,1.0
2014-02-05 18:00:00+00:00,24.519001,87.03865,1010.0363,5.8603754,137.4896,0.0,20.0,1.0
2014-02-05 19:00:00+00:00,24.369001,85.44654,1009.7361,5.991594,122.73522,0.0,9.0,0.0
2014-02-05 20:00:00+00:00,23.619001,87.491066,1009.0352,5.5887027,104.93147,0.0,1.0,0.0
2014-02-05 21:00:00+00:00,23.619001,85.63306,1008.73535,4.6938252,85.60138,0.0,1.0,0.0
2014-02-05 22:00:00+00:00,23.919,82.31039,1008.1362,3.7585104,73.300674,0.0,1.0,0.0
2014-02-05 23:00:00+00:00,23.019001,85.04638,1008.2346,3.4152596,71.564964,0.0,5.0,0.0
2014-02-06 00:00:00+00:00,21.819,88.1478,1008.1327,3.5455887,66.037506,0.0,2.0,0.0
2014-02-06 01:00:00+00:00,20.969,89.459755,1008.8312,4.0249224,63.435013,0.0,1.0,0.0
2014-02-06 02:00:00+00:00,21.769001,87.05577,1009.632,5.634891,63.435013,0.0,3.0,0.0
2014-02-06 03:00:00+00:00,24.719,71.05385,1010.33655,5.00128,59.743652,0.0,2.0,0.0
2014-02-06 04:00:00+00:00,27.219,51.36983,1010.84,3.7064266,60.94549,0.0,1.0,0.0
2014-02-06 05:00:00+00:00,29.019001,40.03085,1010.8429,2.9024127,97.12492,0.0,3.0,0.0
2014-02-06 06:00:00+00:00,30.419,33.71106,1009.5455,2.5959969,146.3099,0.0,31.0,1.0
2014-02-06 07:00:00+00:00,30.869001,38.146095,1008.5465,2.8799999,180.0,0.0,46.0,1.0
2014-02-06 08:00:00+00:00,31.319,39.137955,1006.84784,4.2136917,199.9832,0.0,73.0,2.0
2014-02-06 09:00:00+00:00,31.319,40.665283,1006.0482,7.491114,215.21768,0.0,85.0,3.0
2014-02-06 10:00:00+00:00,30.369001,47.805195,1005.34735,11.592894,216.15828,0.0,81.0,3.0
2014-02-06 11:00:00+00:00,29.469,55.46151,1005.54596,11.966954,223.7812,0.0,4.0,0.0
2014-02-06 12:00:00+00:00,28.469,60.429462,1005.44446,10.799999,233.13002,0.0,14.0,0.0
2014-02-06 13:00:00+00:00,27.669,62.922928,1006.1429,8.854829,243.43501,0.0,29.0,1.0
2014-02-06 14:00:00+00:00,27.019001,66.17956,1007.0415,6.638072,257.4712,0.0,24.0,1.0
2014-02-06 15:00:00+00:00,26.569,68.58786,1008.04034,4.73506,278.74606,0.0,32.0,1.0
2014-02-06 16:00:00+00:00,26.069,71.52008,1008.83905,4.8965297,323.97253,0.0,53.0,2.0
2014-02-06 17:00:00+00:00,25.519001,74.34684,1008.9384,5.4477882,352.40543,0.0,76.0,2.0
2014-02-06 18:00:00+00:00,25.019001,77.06521,1009.1373,6.130579,3.3664,0.0,92.0,3.0
2014-02-06 19:00:00+00:00,25.069,74.04286,1008.83746,6.28713,13.240531,0.0,93.0,3.0
2014-02-06 20:00:00+00:00,24.869001,73.55206,1008.43744,6.28713,23.629398,0.0,94.0,3.0
2014-02-06 21:00:00+00:00,24.469,73.942055,1008.1368,6.696387,36.253937,0.0,100.0,3.0
2014-02-06 22:00:00+00:00,23.969,75.01726,1007.83636,6.638072,49.398785,0.0,92.0,3.0
2014-02-06 23:00:00+00:00,23.469,74.935585,1008.2356,7.7043357,52.594578,0.0,62.0,2.0
2014-02-07 00:00:00+00:00,23.019001,73.69615,1008.4346,8.217153,61.189304,0.0,48.0,1.0
2014-02-07 01:00:00+00:00,22.519001,72.001335,1009.73334,8.373386,64.5367,0.0,2.0,0.0
2014-02-07 02:00:00+00:00,22.519001,70.200096,1010.333,9.659814,63.435013,0.0,1.0,0.0
2014-02-07 03:00:00+00:00,24.369001,59.102345,1011.3353,8.217153,61.189304,0.0,0.0,0.0
2014-02-07 04:00:00+00:00,26.869001,39.954643,1011.7391,6.1305785,49.76371,0.0,6.0,0.0
2014-02-07 05:00:00+00:00,28.819,29.695768,1011.4423,3.7064266,29.054508,0.0,5.0,0.0
2014-02-07 06:00:00+00:00,30.119001,26.637823,1010.2448,1.609969,296.56497,0.0,12.0,0.0
2014-02-07 07:00:00+00:00,30.919,25.104029,1009.5464,2.0991426,239.0363,0.0,61.0,2.0
2014-02-07 08:00:00+00:00,31.369001,27.611177,1008.14764,5.1919937,236.3099,0.0,86.0,3.0
2014-02-07 09:00:00+00:00,31.069,33.67092,1007.14746,10.739832,230.44037,0.0,87.0,3.0
2014-02-07 10:00:00+00:00,29.569,45.38333,1006.7454,16.704155,217.11694,0.0,87.0,3.0
2014-02-07 11:00:00+00:00,28.419,53.499855,1007.0437,16.992609,216.38445,0.0,85.0,3.0
2014-02-07 12:00:00+00:00,27.469,57.9853,1007.342,14.480773,214.8754,0.0,81.0,3.0
2014-02-07 13:00:00+00:00,26.669,60.205177,1007.4407,10.514218,218.04709,0.0,73.0,2.0
2014-02-07 14:00:00+00:00,26.119001,61.99639,1008.1397,7.386582,226.97493,0.0,37.0,1.0
2014-02-07 15:00:00+00:00,25.619001,64.66576,1008.9384,4.39436,235.0079,0.0,0.0,0.0
2014-02-07 16:00:00+00:00,25.419,66.47026,1009.53784,4.3349743,274.76355,0.0,0.0,0.0
2014-02-07 17:00:00+00:00,25.419,67.72726,1009.9377,4.6102495,321.34018,0.0,0.0,0.0
2014-02-07 18:00:00+00:00,23.919,75.7127,1009.9354,5.7599998,360.0,0.0,0.0,0.0
2014-02-07 19:00:00+00:00,22.969,75.797874,1009.4341,6.725354,15.524177,0.0,0.0,0.0
2014-02-07 20:00:00+00:00,22.819,76.48968,1008.93396,6.6087217,29.357658,0.0,0.0,0.0
2014-02-07 21:00:00+00:00,23.169,74.88637,1008.43494,6.618519,44.999897,0.0,0.0,0.0
2014-02-07 22:00:00+00:00,23.169,71.891365,1008.135,6.489992,56.3099,0.0,0.0,0.0
2014-02-07 23:00:00+00:00,23.019001,69.191605,1008.33453,7.42159,67.16631,0.0,0.0,0.0
2014-02-08 00:00:00+00:00,22.719,68.478096,1008.3342,7.968939,71.564964,0.0,4.0,0.0
2014-02-08 01:00:00+00:00,22.369001,70.171715,1009.2332,8.654986,73.07241,0.0,5.0,0.0
2014-02-08 02:00:00+00:00,22.369001,71.51989,1009.8329,10.137692,73.49557,0.0,5.0,0.0
2014-02-08 03:00:00+00:00,23.969,64.72156,1010.6351,9.449572,72.25524,0.0,23.0,1.0
2014-02-08 04:00:00+00:00,25.819,53.010124,1010.93787,7.968939,71.564964,0.0,38.0,1.0
2014-02-08 05:00:00+00:00,27.419,44.08128,1010.6405,4.2136917,70.01681,0.0,26.0,1.0
2014-02-08 06:00:00+00:00,28.569,40.823357,1010.04236,1.08,180.0,0.0,33.0,1.0
2014-02-08 07:00:00+00:00,29.869001,35.366196,1009.2449,4.39436,214.9921,0.0,35.0,1.0
2014-02-08 08:00:00+00:00,30.219,37.235645,1008.24567,8.78872,214.9921,0.0,58.0,2.0
2014-02-08 09:00:00+00:00,29.619001,43.001717,1007.3451,13.830749,218.65984,0.0,77.0,2.0
2014-02-08 10:00:00+00:00,28.669,48.72758,1006.94415,16.075521,214.04597,0.0,75.0,2.0
2014-02-08 11:00:00+00:00,27.919,51.387375,1006.74286,15.192682,216.32692,0.0,84.0,3.0
2014-02-08 12:00:00+00:00,27.219,55.080936,1006.74194,13.324863,218.41809,0.0,78.0,2.0
2014-02-08 13:00:00+00:00,26.469,59.970467,1007.34045,9.504272,217.30403,0.0,81.0,3.0
2014-02-08 14:00:00+00:00,25.869001,64.51687,1008.1391,5.8048253,209.7448,0.0,68.0,2.0
2014-02-08 15:00:00+00:00,25.319,68.131165,1008.5383,2.5455842,224.9999,0.0,58.0,2.0
2014-02-08 16:00:00+00:00,24.869001,70.86034,1009.1371,2.5455842,351.87,0.0,45.0,1.0
2014-02-08 17:00:00+00:00,23.719,76.39102,1008.7357,5.4833565,23.198618,0.0,20.0,1.0
2014-02-08 18:00:00+00:00,23.519001,77.55786,1008.73535,6.297428,30.963696,0.0,24.0,1.0
2014-02-08 19:00:00+00:00,22.919,75.78992,1007.93475,6.696387,36.253937,0.0,0.0,0.0
2014-02-08 20:00:00+00:00,22.369001,77.8725,1007.7339,6.3690495,42.709366,0.0,0.0,0.0
2014-02-08 21:00:00+00:00,22.069,78.564896,1007.1339,6.297428,59.03632,0.0,0.0,0.0
2014-02-08 22:00:00+00:00,21.919,78.790436,1007.0336,6.1305785,49.76371,0.0,0.0,0.0
2014-02-08 23:00:00+00:00,21.369001,80.72036,1007.13257,5.692099,55.304783,0.0,0.0,0.0
2014-02-09 00:00:00+00:00,20.469,84.24532,1008.2309,5.00128,59.743652,0.0,0.0,0.0
2014-02-09 01:00:00+00:00,20.269001,85.56101,1009.0298,4.510787,61.389645,0.0,0.0,0.0
2014-02-09 02:00:00+00:00,21.169,84.58672,1010.0309,6.297428,59.03632,0.0,0.0,0.0
2014-02-09 03:00:00+00:00,24.219,68.55667,1011.23517,5.1919937,56.309914,0.0,0.0,0.0
2014-02-09 04:00:00+00:00,26.369001,54.69568,1011.93835,3.096837,54.46224,0.0,0.0,0.0
2014-02-09 05:00:00+00:00,27.719,47.402737,1011.54047,1.0182338,315.0001,0.0,0.0,0.0
2014-02-09 06:00:00+00:00,28.869001,42.24866,1010.7426,2.9024127,262.8751,0.0,0.0,0.0
2014-02-09 07:00:00+00:00,29.619001,38.79308,1009.64404,5.6920996,251.56496,0.0,0.0,0.0
2014-02-09 08:00:00+00:00,30.069,39.934193,1008.54553,9.83268,246.25049,0.0,0.0,0.0
2014-02-09 09:00:00+00:00,29.569,46.846428,1007.2452,14.33234,244.7223,0.0,0.0,0.0
2014-02-09 10:00:00+00:00,28.769001,54.945778,1006.54425,16.862455,253.8865,0.0,0.0,0.0
2014-02-09 11:00:00+00:00,27.919,60.491524,1006.9428,16.418526,254.74483,0.0,0.0,0.0
2014-02-09 12:00:00+00:00,27.269001,63.620247,1006.94183,14.934577,254.62369,0.0,6.0,0.0
2014-02-09 13:00:00+00:00,26.619001,66.50849,1007.9404,11.503113,249.86362,0.0,31.0,1.0
2014-02-09 14:00:00+00:00,26.119001,68.71288,1008.83936,8.0899935,237.72438,0.0,76.0,2.0
2014-02-09 15:00:00+00:00,25.719,70.57809,1010.03827,4.8433046,228.01286,0.0,87.0,3.0
2014-02-09 16:00:00+00:00,25.069,74.272156,1010.6366,4.6102495,218.65984,0.0,90.0,3.0
2014-02-09 17:00:00+00:00,24.869001,76.33308,1010.53644,1.484318,165.96373,0.0,58.0,2.0
2014-02-09 18:00:00+00:00,24.569,78.67804,1010.1362,3.6,53.13002,0.0,43.0,1.0
2014-02-09 19:00:00+00:00,24.919,76.81304,1009.5372,6.193674,35.537766,0.0,28.0,1.0
2014-02-09 20:00:00+00:00,24.719,77.97568,1008.63727,6.763786,25.201094,0.0,2.0,0.0
2014-02-09 21:00:00+00:00,24.419,79.38751,1008.2368,6.9899354,11.888645,0.0,10.0,0.0
2014-02-09 22:00:00+00:00,24.169,80.33807,1008.5364,7.5170207,16.699326,0.0,14.0,0.0
2014-02-09 23:00:00+00:00,24.119001,80.33146,1008.43646,7.5685663,2.7262611,0.0,13.0,0.0
2014-02-10 00:00:00+00:00,24.019001,80.566345,1008.9359,6.28713,13.240531,0.0,8.0,0.0
2014-02-10 01:00:00+00:00,23.869001,80.546646,1009.43567,4.829907,26.564985,0.0,6.0,0.0
2014-02-10 02:00:00+00:00,24.069,79.33914,1009.9354,4.198285,30.963696,0.0,3.0,0.0
2014-02-10 03:00:00+00:00,25.319,73.62856,1010.8373,4.2136917,19.983198,0.0,1.0,0.0
2014-02-10 04:00:00+00:00,26.869001,65.74044,1011.4392,4.6800003,337.3801,0.0,2.0,0.0
2014-02-10 05:00:00+00:00,28.319,58.549805,1011.0415,5.6002855,315.0001,0.0,11.0,0.0
2014-02-10 06:00:00+00:00,29.519001,53.274937,1010.14386,6.763786,295.20108,0.0,23.0,1.0
2014-02-10 07:00:00+00:00,29.769001,52.3496,1009.2446,7.9932976,277.76508,0.0,22.0,1.0
2014-02-10 08:00:00+00:00,30.169,52.450886,1008.0458,10.464798,266.0549,0.0,0.0,0.0
2014-02-10 09:00:00+00:00,30.019001,55.424046,1006.9459,14.145756,255.2564,0.0,34.0,1.0
2014-02-10 10:00:00+00:00,29.369001,61.19501,1006.24536,15.315873,246.44772,0.0,38.0,1.0
2014-02-10 11:00:00+00:00,28.369001,65.44473,1006.2437,15.778518,242.8504,0.0,20.0,1.0
2014-02-10 12:00:00+00:00,27.569,67.734245,1006.5427,13.891522,238.78166,0.0,30.0,1.0
2014-02-10 13:00:00+00:00,26.919,69.72009,1007.341,8.913181,226.63654,0.0,39.0,1.0
2014-02-10 14:00:00+00:00,26.419,71.8034,1008.5399,5.815978,201.80147,0.0,33.0,1.0
2014-02-10 15:00:00+00:00,26.169,73.3205,1009.53906,5.04,180.0,0.0,42.0,1.0
2014-02-10 16:00:00+00:00,25.719,76.230354,1010.3381,5.506941,168.69011,0.0,20.0,1.0
2014-02-10 17:00:00+00:00,25.269001,79.26129,1010.33716,5.495161,148.39255,0.0,26.0,1.0
2014-02-10 18:00:00+00:00,25.069,80.7035,1010.0369,5.1919937,123.690094,0.0,19.0,0.0
2014-02-10 19:00:00+00:00,24.569,82.64141,1009.43665,4.6800003,112.61991,0.0,19.0,0.0
2014-02-10 20:00:00+00:00,23.619001,87.2235,1008.83527,4.379589,99.46225,0.0,11.0,0.0
2014-02-10 21:00:00+00:00,22.969,89.06123,1008.33453,4.3349743,94.76356,0.0,6.0,0.0
2014-02-10 22:00:00+00:00,22.869001,87.964745,1007.8348,4.1046314,105.25517,0.0,4.0,0.0
2014-02-10 23:00:00+00:00,22.269001,89.28167,1007.33405,4.32,90.0,0.0,2.0,0.0
2014-02-11 00:00:00+00:00,21.669,90.34806,1007.63293,6.2145634,79.99209,0.0,1.0,0.0
2014-02-11 01:00:00+00:00,22.019001,87.892006,1007.83325,7.072878,75.25639,0.0,0.0,0.0
2014-02-11 02:00:00+00:00,22.519001,86.320015,1008.5339,7.5170207,73.300674,0.0,0.0,0.0
2014-02-11 03:00:00+00:00,24.919,70.86957,1009.3372,5.0911684,81.86999,0.0,0.0,0.0
2014-02-11 04:00:00+00:00,27.069,56.451183,1010.1401,1.5273507,135.0001,0.0,0.0,0.0
2014-02-11 05:00:00+00:00,28.369001,50.216755,1010.042,4.3349743,221.63345,0.0,1.0,0.0
2014-02-11 06:00:00+00:00,29.369001,48.450836,1009.74384,7.928177,219.47243,0.0,2.0,0.0
2014-02-11 07:00:00+00:00,29.469,55.28955,1008.7445,10.514218,218.04709,0.0,9.0,0.0
2014-02-11 08:00:00+00:00,29.169,59.478737,1007.3445,12.538134,219.17365,0.0,16.0,0.0
2014-02-11 09:00:00+00:00,28.719,61.996918,1006.1444,13.608762,217.47626,0.0,65.0,2.0
2014-02-11 10:00:00+00:00,28.219,63.824608,1005.3441,16.179987,212.27562,0.0,79.0,2.0
2014-02-11 11:00:00+00:00,27.569,65.27844,1005.24335,16.09969,206.56499,0.0,66.0,2.0
2014-02-11 12:00:00+00:00,26.719,67.98458,1005.6414,14.039999,202.6199,0.0,68.0,2.0
2014-02-11 13:00:00+00:00,25.969,71.06199,1005.64044,10.829958,201.4478,0.0,82.0,3.0
2014-02-11 14:00:00+00:00,25.469,73.653984,1006.8391,7.69592,190.78426,0.0,81.0,3.0
2014-02-11 15:00:00+00:00,25.169,75.44403,1007.4385,6.489992,183.17976,0.0,71.0,2.0
2014-02-11 16:00:00+00:00,24.919,76.81304,1008.23773,4.379589,170.53775,0.0,76.0,2.0
2014-02-11 17:00:00+00:00,24.519001,78.91373,1008.2372,1.2979984,123.690094,0.0,65.0,2.0
2014-02-11 18:00:00+00:00,23.869001,82.30436,1008.4361,2.9024127,97.12492,0.0,79.0,2.0
2014-02-11 19:00:00+00:00,24.219,78.14374,1007.9367,2.7416782,113.19862,0.0,49.0,1.0
2014-02-11 20:00:00+00:00,23.269001,81.72418,1007.6355,5.1544156,102.09474,0.0,47.0,1.0
2014-02-11 21:00:00+00:00,22.619001,83.17971,1007.3344,6.162207,96.70974,0.0,29.0,1.0
2014-02-11 22:00:00+00:00,22.319,83.663704,1006.93427,6.162207,83.29026,0.0,28.0,1.0
2014-02-11 23:00:00+00:00,22.169,82.8688,1007.3338,6.162207,83.29026,0.0,31.0,1.0
2014-02-12 00:00:00+00:00,22.019001,82.33549,1007.7333,5.8603754,79.380394,0.0,40.0,1.0
2014-02-12 01:00:00+00:00,21.769001,82.305084,1008.33264,5.5887027,75.068535,0.0,27.0,1.0
2014-02-12 02:00:00+00:00,22.069,80.81221,1008.9331,5.5887027,75.068535,0.0,4.0,0.0
2014-02-12 03:00:00+00:00,25.119001,64.762436,1009.83734,4.1046314,74.74483,0.0,1.0,0.0
2014-02-12 04:00:00+00:00,26.919,53.799877,1010.6395,1.1384199,71.564964,0.0,0.0,0.0
2014-02-12 05:00:00+00:00,28.069,50.297928,1010.4416,2.5959969,236.3099,0.0,0.0,0.0
2014-02-12 06:00:00+00:00,28.969,48.961308,1009.943,5.495161,238.39255,0.0,0.0,0.0
2014-02-12 07:00:00+00:00,29.519001,49.260567,1009.0444,8.587338,236.97612,0.0,0.0,0.0
2014-02-12 08:00:00+00:00,29.569,52.13568,1007.9449,12.181624,235.84026,0.0,0.0,0.0
2014-02-12 09:00:00+00:00,29.019001,56.745926,1006.8447,16.179987,237.72438,0.0,0.0,0.0
2014-02-12 10:00:00+00:00,28.419,60.41808,1006.344,16.563911,227.6426,0.0,0.0,0.0
2014-02-12 11:00:00+00:00,27.719,61.96653,1006.64264,14.799459,221.05472,0.0,7.0,0.0
2014-02-12 12:00:00+00:00,27.219,63.215893,1007.1417,12.387348,215.53777,0.0,11.0,0.0
2014-02-12 13:00:00+00:00,26.469,65.86176,1007.8402,8.891343,211.75943,0.0,33.0,1.0
2014-02-12 14:00:00+00:00,25.869001,68.66436,1008.9388,5.315336,208.30066,0.0,36.0,1.0
2014-02-12 15:00:00+00:00,25.469,72.07805,1009.6378,2.0991426,210.96368,0.0,16.0,0.0
2014-02-12 16:00:00+00:00,24.869001,76.33308,1010.0367,2.2768397,288.43503,0.0,31.0,1.0
2014-02-12 17:00:00+00:00,24.719,77.73574,1010.33655,2.2768397,341.56494,0.0,38.0,1.0
2014-02-12 18:00:00+00:00,24.619001,78.92777,1010.0363,2.5455842,44.999897,0.0,46.0,1.0
2014-02-12 19:00:00+00:00,25.069,73.131836,1010.2368,2.5455842,81.86999,0.0,8.0,0.0
2014-02-12 20:00:00+00:00,24.819,74.23054,1009.337,2.6208394,105.945465,0.0,19.0,0.0
2014-02-12 21:00:00+00:00,24.319,76.24751,1009.2363,3.219938,116.56499,0.0,29.0,1.0
2014-02-12 22:00:00+00:00,23.219,81.21311,1008.8347,4.8965297,126.027466,0.0,25.0,1.0
2014-02-12 23:00:00+00:00,22.469,84.7259,1008.7338,4.6800003,112.61991,0.0,18.0,0.0
2014-02-13 00:00:00+00:00,22.119001,85.74763,1009.133,4.802999,102.99462,0.0,22.0,1.0
2014-02-13 01:00:00+00:00,21.969,85.99947,1009.6324,5.0528407,94.08554,0.0,19.0,0.0
2014-02-13 02:00:00+00:00,22.669,83.44399,1010.6331,5.771239,86.423744,0.0,24.0,1.0
2014-02-13 03:00:00+00:00,25.719,67.576256,1011.33765,3.9763298,84.805664,0.0,28.0,1.0
2014-02-13 04:00:00+00:00,27.169,59.94425,1011.7396,1.484318,75.96373,0.0,24.0,1.0
2014-02-13 05:00:00+00:00,28.519001,54.031136,1012.04144,1.2979984,213.6901,0.0,18.0,0.0
2014-02-13 06:00:00+00:00,29.619001,50.54109,1011.4433,5.1165614,219.28938,0.0,26.0,1.0
2014-02-13 07:00:00+00:00,30.119001,52.438236,1010.6446,7.491114,215.21768,0.0,69.0,2.0
2014-02-13 08:00:00+00:00,29.919,55.228386,1009.64465,12.261157,220.23628,0.0,30.0,1.0
2014-02-13 09:00:00+00:00,28.919,61.66076,1008.9435,17.339897,221.63345,0.0,16.0,0.0
2014-02-13 10:00:00+00:00,28.119001,64.992226,1008.5424,17.208603,217.34943,0.0,15.0,0.0
2014-02-13 11:00:00+00:00,27.419,68.12198,1008.54144,15.941944,205.40767,0.0,40.0,1.0
2014-02-13 12:00:00+00:00,26.919,71.23456,1009.0403,14.241629,196.14441,0.0,47.0,1.0
2014-02-13 13:00:00+00:00,26.269001,75.38814,1009.53906,11.659777,188.88058,0.0,62.0,2.0
2014-02-13 14:00:00+00:00,25.819,78.374535,1010.3381,7.92,180.0,0.0,40.0,1.0
2014-02-13 15:00:00+00:00,25.569,80.03258,1011.0374,5.2416787,164.05453,0.0,15.0,0.0
2014-02-13 16:00:00+00:00,25.119001,83.21216,1011.5366,2.2768397,161.56496,0.0,11.0,0.0
2014-02-13 17:00:00+00:00,24.569,86.514915,1011.9355,2.5959969,33.6901,0.0,11.0,0.0
2014-02-13 18:00:00+00:00,23.869001,90.77503,1011.73456,3.7585104,16.699326,0.0,9.0,0.0
2014-02-13 19:00:00+00:00,25.219,81.96495,1011.8364,3.6179552,5.7105074,0.0,3.0,0.0
2014-02-13 20:00:00+00:00,24.969,83.44912,1011.1364,2.9024127,7.12493,0.0,8.0,0.0
2014-02-13 21:00:00+00:00,24.219,86.21824,1010.8353,3.219938,26.564985,0.0,64.0,2.0
2014-02-13 22:00:00+00:00,23.019001,90.44123,1010.3336,4.896529,17.102825,0.0,97.0,3.0
2014-02-13 23:00:00+00:00,22.369001,92.07992,1010.3327,4.829907,26.564985,0.0,57.0,2.0
2014-02-14 00:00:00+00:00,22.219,92.07132,1010.53235,4.8433046,41.98713,0.0,8.0,0.0
2014-02-14 01:00:00+00:00,22.169,91.785576,1010.9322,4.198285,59.03632,0.0,7.0,0.0
2014-02-14 02:00:00+00:00,22.619001,91.25061,1012.0323,4.8965297,53.972538,0.0,30.0,1.0
2014-02-14 03:00:00+00:00,25.669,73.915146,1012.63666,3.6,36.86999,0.0,83.0,3.0
2014-02-14 04:00:00+00:00,27.069,64.37116,1013.0388,2.52,360.0,0.0,100.0,3.0
2014-02-14 05:00:00+00:00,28.169,59.2471,1012.84045,2.1897945,279.46225,0.0,80.0,3.0
2014-02-14 06:00:00+00:00,29.169,56.08124,1012.3422,5.0142193,248.96242,0.0,49.0,1.0
2014-02-14 07:00:00+00:00,29.719,54.66818,1011.14374,9.028754,246.50142,0.0,29.0,1.0
2014-02-14 08:00:00+00:00,29.919,57.137737,1009.8446,12.904882,247.01126,0.0,35.0,1.0
2014-02-14 09:00:00+00:00,29.619001,61.438873,1008.54456,15.646544,246.97447,0.0,46.0,1.0
2014-02-14 10:00:00+00:00,28.819,67.157074,1007.9439,15.807239,239.9315,0.0,35.0,1.0
2014-02-14 11:00:00+00:00,27.919,70.981255,1008.2422,16.80857,223.26433,0.0,28.0,1.0
2014-02-14 12:00:00+00:00,27.119001,73.48196,1008.6408,15.629971,208.92633,0.0,32.0,1.0
2014-02-14 13:00:00+00:00,26.419,76.1061,1008.93976,12.758432,196.38962,0.0,46.0,1.0
2014-02-14 14:00:00+00:00,26.019001,78.16432,1009.5387,9.422101,186.58185,0.0,42.0,1.0
2014-02-14 15:00:00+00:00,25.919,78.62837,1010.73816,6.130579,176.6336,0.0,62.0,2.0
2014-02-14 16:00:00+00:00,25.819,79.57947,1011.33765,4.32,180.0,0.0,58.0,2.0
2014-02-14 17:00:00+00:00,25.519001,81.5037,1011.7371,2.0364676,224.9999,0.0,59.0,2.0
2014-02-14 18:00:00+00:00,25.119001,84.48856,1011.63654,1.5273507,315.0001,0.0,54.0,2.0
2014-02-14 19:00:00+00:00,25.919,78.38882,1011.13794,2.1897945,9.462248,0.0,29.0,1.0
2014-02-14 20:00:00+00:00,25.669,79.80213,1010.43774,2.5959969,33.6901,0.0,33.0,1.0
2014-02-14 21:00:00+00:00,25.519001,81.00846,1009.83795,2.8116899,50.194473,0.0,23.0,1.0
2014-02-14 22:00:00+00:00,25.269001,82.47236,1008.8378,1.08,90.0,0.0,26.0,1.0
2014-02-14 23:00:00+00:00,25.019001,83.45478,1008.4377,1.4399999,90.0,0.0,23.0,1.0
2014-02-15 00:00:00+00:00,24.919,83.69835,1008.93744,1.8,53.13002,0.0,21.0,1.0
2014-02-15 01:00:00+00:00,24.719,84.70376,1009.63684,2.5959969,33.6901,0.0,26.0,1.0
2014-02-15 02:00:00+00:00,24.169,88.3435,1010.53546,2.5455842,8.130019,0.0,29.0,1.0
2014-02-15 03:00:00+00:00,25.619001,80.77474,1011.43726,3.319036,347.4712,0.0,41.0,1.0
2014-02-15 04:00:00+00:00,26.969,73.45657,1011.7394,3.096837,324.46225,0.0,52.0,2.0
2014-02-15 05:00:00+00:00,28.069,67.00722,1011.3411,4.3349743,265.23645,0.0,87.0,3.0
2014-02-15 06:00:00+00:00,29.069,63.81065,1011.04285,8.699793,245.55606,0.0,60.0,2.0
2014-02-15 07:00:00+00:00,29.119001,65.59968,1009.94336,11.770403,246.57129,0.2,28.0,51.0
2014-02-15 08:00:00+00:00,28.569,69.18293,1008.9429,12.641076,250.0168,0.1,28.0,51.0
2014-02-15 09:00:00+00:00,28.369001,70.8474,1007.84296,12.522619,251.56496,0.1,29.0,51.0
2014-02-15 10:00:00+00:00,28.119001,72.1044,1007.6428,11.792404,238.73633,0.3,62.0,51.0
2014-02-15 11:00:00+00:00,27.669,75.61013,1007.6422,9.693296,238.67136,0.4,90.0,51.0
2014-02-15 12:00:00+00:00,26.819,78.517,1007.8408,8.373386,244.5367,0.7,88.0,53.0
2014-02-15 13:00:00+00:00,26.119001,81.82615,1008.4396,7.42159,247.1663,0.3,90.0,51.0
2014-02-15 14:00:00+00:00,25.869001,83.297874,1009.23865,6.830519,251.56496,0.1,98.0,51.0
2014-02-15 15:00:00+00:00,25.719,85.32358,1009.8383,5.506941,258.6901,0.0,98.0,3.0
2014-02-15 16:00:00+00:00,25.319,86.84772,1010.5374,4.73506,278.74606,0.3,99.0,51.0
2014-02-15 17:00:00+00:00,25.019001,88.14585,1010.3368,5.3517847,289.6539,0.4,99.0,51.0
2014-02-15 18:00:00+00:00,24.669,90.00679,1010.43616,5.315336,298.30066,0.5,99.0,53.0
2014-02-15 19:00:00+00:00,24.819,85.75249,1010.0367,5.692099,304.69522,0.3,99.0,51.0
2014-02-15 20:00:00+00:00,24.669,86.26137,1009.53656,5.904439,307.56866,0.1,90.0,51.0
2014-02-15 21:00:00+00:00,24.519001,87.303955,1008.9368,5.3517847,312.27362,0.0,90.0,3.0
2014-02-15 22:00:00+00:00,23.919,91.609985,1008.5361,5.6233797,309.8055,0.0,85.0,3.0
2014-02-15 23:00:00+00:00,23.769001,92.15968,1008.5358,5.3517847,317.72638,0.0,87.0,3.0
2014-02-16 00:00:00+00:00,23.869001,91.051605,1008.8359,3.8939953,326.3099,0.0,91.0,3.0
2014-02-16 01:00:00+00:00,23.919,91.05483,1009.5356,4.1046314,322.12494,0.0,91.0,3.0
2014-02-16 02:00:00+00:00,24.219,91.07404,1010.53546,3.6,323.13,0.0,95.0,3.0
2014-02-16 03:00:00+00:00,25.569,83.5169,1011.0374,3.8268526,318.81415,0.0,98.0,3.0
2014-02-16 04:00:00+00:00,26.469,78.46729,1011.93835,3.8939953,303.6901,0.0,100.0,3.0
2014-02-16 05:00:00+00:00,27.119001,75.29404,1011.83936,5.4119864,273.814,0.1,100.0,51.0
2014-02-16 06:00:00+00:00,27.819,72.93292,1011.44073,7.8954163,245.77226,0.2,100.0,51.0
2014-02-16 07:00:00+00:00,28.019001,71.432625,1010.5415,10.948973,242.5925,0.2,100.0,51.0
2014-02-16 08:00:00+00:00,27.969,71.85934,1009.6419,12.397806,244.17906,0.2,100.0,51.0
2014-02-16 09:00:00+00:00,28.219,70.60517,1008.54266,13.32,251.07526,0.5,99.0,53.0
2014-02-16 10:00:00+00:00,28.019001,71.86815,1007.8427,12.7279215,261.87,0.4,100.0,51.0
2014-02-16 11:00:00+00:00,27.619001,74.23963,1008.24194,12.324414,263.29025,0.2,100.0,51.0
2014-02-16 12:00:00+00:00,27.269001,75.776665,1008.5411,11.165805,268.15244,0.2,99.0,51.0
2014-02-16 13:00:00+00:00,26.819,78.04224,1009.1402,9.746631,265.76367,0.0,91.0,3.0
2014-02-16 14:00:00+00:00,26.569,79.19943,1010.2394,8.350138,262.5687,0.0,92.0,3.0
2014-02-16 15:00:00+00:00,26.369001,80.382515,1010.93884,7.2359104,264.2895,0.0,97.0,3.0
2014-02-16 16:00:00+00:00,26.169,81.33765,1011.63806,6.12,270.0,0.0,98.0,3.0
2014-02-16 17:00:00+00:00,25.869001,83.04581,1011.9374,5.1544156,282.09473,0.0,97.0,3.0
2014-02-16 18:00:00+00:00,25.569,84.793106,1011.63715,4.829907,296.56497,0.0,96.0,3.0
2014-02-16 19:00:00+00:00,25.619001,85.831245,1011.3373,4.39436,304.9921,0.0,98.0,3.0
2014-02-16 20:00:00+00:00,25.219,88.16252,1010.737,4.39436,304.9921,0.0,95.0,3.0
2014-02-16 21:00:00+00:00,24.919,89.7528,1010.3368,4.6102495,308.65982,0.0,98.0,3.0
2014-02-16 22:00:00+00:00,24.819,90.29007,1009.83673,4.3349743,318.36655,0.0,97.0,3.0
2014-02-16 23:00:00+00:00,24.569,90.8211,1009.73645,4.0249224,333.43503,0.0,81.0,3.0
2014-02-17 00:00:00+00:00,24.419,91.0868,1009.7361,4.6800003,337.3801,0.0,79.0,2.0
2014-02-17 01:00:00+00:00,24.619001,89.73094,1010.5361,5.4477882,352.40543,0.0,80.0,3.0
2014-02-17 02:00:00+00:00,24.969,87.87506,1011.2364,7.208994,2.8623457,0.0,15.0,0.0
2014-02-17 03:00:00+00:00,26.319,78.9246,1011.93835,7.92,360.0,0.0,19.0,0.0
2014-02-17 04:00:00+00:00,27.619001,72.01634,1012.2402,7.072878,345.25638,0.0,10.0,0.0
2014-02-17 05:00:00+00:00,28.769001,66.33296,1011.94183,6.193674,324.46225,0.0,8.0,0.0
2014-02-17 06:00:00+00:00,29.469,64.48315,1011.1434,5.315336,298.30066,0.1,34.0,51.0
2014-02-17 07:00:00+00:00,30.519001,57.987576,1010.24536,7.2,270.0,0.0,15.0,0.0
2014-02-17 08:00:00+00:00,30.569,59.436188,1009.1459,9.346143,254.3577,0.0,18.0,0.0
2014-02-17 09:00:00+00:00,30.269001,62.718506,1008.34564,11.592895,244.23071,0.0,20.0,1.0
2014-02-17 10:00:00+00:00,29.519001,67.50028,1007.9449,15.034041,253.30067,0.4,7.0,51.0
2014-02-17 11:00:00+00:00,28.819,70.929115,1007.644,14.003029,252.03076,0.4,6.0,51.0
2014-02-17 12:00:00+00:00,27.719,76.076836,1008.4419,9.659814,243.43501,0.4,13.0,51.0
2014-02-17 13:00:00+00:00,27.219,79.04983,1009.0409,7.145796,229.08571,0.0,24.0,1.0
2014-02-17 14:00:00+00:00,26.869001,81.425316,1010.33966,5.6233797,219.80553,0.0,22.0,1.0
2014-02-17 15:00:00+00:00,26.619001,83.38296,1011.33887,4.198285,210.96368,0.0,19.0,0.0
2014-02-17 16:00:00+00:00,26.169,88.50634,1012.23785,2.7416782,203.19862,0.0,12.0,0.0
2014-02-17 17:00:00+00:00,25.769001,90.35533,1012.4372,3.4152596,198.43504,0.0,12.0,0.0
2014-02-17 18:00:00+00:00,25.619001,90.07393,1012.53674,3.0758414,159.44388,0.0,23.0,1.0
2014-02-17 19:00:00+00:00,26.219,84.86093,1012.43774,1.8,126.86999,0.0,30.0,1.0
2014-02-17 20:00:00+00:00,25.919,86.380196,1011.73773,1.609969,116.56499,0.0,23.0,1.0
2014-02-17 21:00:00+00:00,25.769001,87.41448,1011.6375,2.0991426,120.96369,0.0,15.0,0.0
2014-02-17 22:00:00+00:00,25.569,87.39689,1011.23737,2.16,90.0,0.1,56.0,51.0
2014-02-17 23:00:00+00:00,25.319,87.90481,1011.33704,3.6179552,95.7105,0.0,47.0,1.0
2014-02-18 00:00:00+00:00,24.919,88.94193,1011.53625,4.6938252,94.39862,0.0,29.0,1.0
2014-02-18 01:00:00+00:00,25.019001,87.8793,1012.43585,3.9763298,95.19434,0.0,15.0,0.0
2014-02-18 02:00:00+00:00,25.719,85.58199,1012.93695,3.671294,78.6901,0.0,15.0,0.0
2014-02-18 03:00:00+00:00,26.919,78.531166,1013.5382,3.219938,63.435013,0.0,7.0,0.0
2014-02-18 04:00:00+00:00,27.919,72.288536,1013.93964,2.7416782,66.801384,0.0,11.0,0.0
2014-02-18 05:00:00+00:00,28.619001,68.98239,1014.0409,1.1384199,71.564964,0.0,22.0,1.0
2014-02-18 06:00:00+00:00,29.069,67.822296,1013.04193,2.5455842,224.9999,0.1,23.0,51.0
2014-02-18 07:00:00+00:00,29.619001,67.11233,1012.4429,6.1305785,229.76372,0.2,46.0,51.0
2014-02-18 08:00:00+00:00,29.519001,69.57225,1011.1434,9.686609,228.01286,0.0,40.0,1.0
2014-02-18 09:00:00+00:00,28.269001,74.79677,1010.3418,10.195057,222.13753,0.5,61.0,53.0
2014-02-18 10:00:00+00:00,27.519001,78.14306,1010.0408,5.6233797,230.19447,0.5,69.0,53.0
2014-02-18 11:00:00+00:00,26.969,80.70426,1009.8403,5.3517847,250.34608,0.9,56.0,53.0
2014-02-18 12:00:00+00:00,26.719,81.406586,1009.9395,6.9899354,258.11136,0.7,54.0,53.0
2014-02-18 13:00:00+00:00,26.269001,84.86614,1010.53864,7.5685663,272.72626,0.2,83.0,51.0
2014-02-18 14:00:00+00:00,26.069,86.1345,1011.5378,6.379216,286.38962,0.2,54.0,51.0
2014-02-18 15:00:00+00:00,25.969,86.907135,1012.1375,5.154415,294.77512,0.1,56.0,51.0
2014-02-18 16:00:00+00:00,25.869001,89.55221,1012.737,4.2136917,289.9832,0.2,51.0,51.0
2014-02-18 17:00:00+00:00,25.519001,92.25772,1012.9366,3.6179552,275.7105,0.2,48.0,51.0
2014-02-18 18:00:00+00:00,25.669,89.80709,1012.73663,2.9024127,262.8751,0.0,37.0,1.0
2014-02-18 19:00:00+00:00,25.469,90.60694,1012.33655,3.2399998,270.0,0.0,32.0,1.0
2014-02-18 20:00:00+00:00,24.919,92.50259,1011.63617,2.5455842,278.13,0.2,49.0,51.0
2014-02-18 21:00:00+00:00,24.969,88.40906,1011.3363,2.5455842,278.13,0.3,37.0,51.0
2014-02-18 22:00:00+00:00,25.469,83.50563,1011.0372,2.968636,284.03625,0.0,23.0,1.0
2014-02-18 23:00:00+00:00,25.019001,85.7722,1010.83655,3.096837,324.46225,0.0,25.0,1.0
2014-02-19 00:00:00+00:00,25.319,83.743004,1011.2371,2.8799999,360.0,0.0,23.0,1.0
2014-02-19 01:00:00+00:00,24.569,85.98942,1011.83545,3.396233,32.005356,0.0,26.0,1.0
2014-02-19 02:00:00+00:00,24.569,87.84097,1013.0349,3.319036,40.601215,0.0,21.0,1.0
2014-02-19 03:00:00+00:00,26.219,78.43167,1013.53723,3.319036,49.398785,0.0,23.0,1.0
2014-02-19 04:00:00+00:00,27.119001,71.48919,1014.3382,3.219938,63.435013,0.0,25.0,1.0
2014-02-19 05:00:00+00:00,27.819,67.36919,1014.3394,0.0,270.0,0.0,53.0,2.0
2014-02-19 06:00:00+00:00,28.769001,62.968594,1013.3412,2.9024127,240.2552,0.0,31.0,1.0
2014-02-19 07:00:00+00:00,29.019001,63.21637,1012.2423,6.792466,237.99466,0.0,28.0,1.0
2014-02-19 08:00:00+00:00,28.719,66.7289,1011.04224,10.009036,232.3057,0.6,30.0,53.0
2014-02-19 09:00:00+00:00,28.019001,70.568474,1010.14166,11.808878,232.43134,0.5,44.0,53.0
2014-02-19 10:00:00+00:00,28.269001,70.61431,1009.14233,11.269782,243.43501,0.5,21.0,53.0
2014-02-19 11:00:00+00:00,27.769001,74.26434,1008.64197,11.631956,248.19853,0.0,15.0,0.0
2014-02-19 12:00:00+00:00,27.419,75.11359,1008.9413,10.703569,250.34608,0.0,8.0,0.0
2014-02-19 13:00:00+00:00,26.869001,77.34221,1009.1402,8.089993,249.14546,0.0,8.0,0.0
2014-02-19 14:00:00+00:00,26.519001,79.67444,1009.8393,7.8954163,245.77226,0.0,4.0,0.0
2014-02-19 15:00:00+00:00,26.169,82.57915,1010.3387,8.049845,243.43501,0.0,5.0,0.0
2014-02-19 16:00:00+00:00,25.819,85.33371,1011.33765,7.24486,243.43501,0.0,22.0,1.0
2014-02-19 17:00:00+00:00,25.369001,88.70895,1011.6369,5.634891,243.43501,0.0,18.0,0.0
2014-02-19 18:00:00+00:00,25.769001,85.58696,1011.6375,5.0911684,261.87,0.0,34.0,1.0
2014-02-19 19:00:00+00:00,24.519001,89.99611,1011.2358,3.0758414,290.55612,0.8,36.0,53.0
2014-02-19 20:00:00+00:00,24.669,87.84948,1010.736,2.7416782,336.8014,0.5,54.0,53.0
2014-02-19 21:00:00+00:00,25.869001,79.586235,1010.7379,1.8,36.86999,0.5,89.0,53.0
2014-02-19 22:00:00+00:00,25.619001,80.28375,1010.2378,1.1384199,108.43504,0.2,70.0,51.0
2014-02-19 23:00:00+00:00,25.419,81.739944,1010.03766,0.71999997,90.0,0.0,60.0,2.0
2014-02-20 00:00:00+00:00,25.319,81.72759,1010.4375,0.0,270.0,0.0,43.0,1.0
2014-02-20 01:00:00+00:00,25.369001,81.484924,1010.7373,1.8,360.0,0.0,42.0,1.0
2014-02-20 02:00:00+00:00,24.919,84.98318,1011.9361,2.9024127,352.87506,0.0,30.0,1.0
2014-02-20 03:00:00+00:00,26.369001,75.86631,1012.8379,3.8773184,21.801476,0.0,29.0,1.0
2014-02-20 04:00:00+00:00,27.319,70.87206,1013.33887,4.3349743,41.63345,0.0,37.0,1.0
2014-02-20 05:00:00+00:00,27.969,67.81308,1013.2403,1.8,53.13002,0.0,32.0,1.0
2014-02-20 06:00:00+00:00,28.569,65.0863,1012.5412,2.3051248,231.34016,0.0,25.0,1.0
2014-02-20 07:00:00+00:00,29.019001,65.779396,1011.5426,6.989936,235.49141,0.1,24.0,51.0
2014-02-20 08:00:00+00:00,28.719,69.00146,1010.6424,12.096214,233.47105,0.4,53.0,51.0
2014-02-20 09:00:00+00:00,27.969,73.180275,1010.3416,12.496718,228.50363,0.6,65.0,53.0
2014-02-20 10:00:00+00:00,27.569,76.51519,1010.04114,13.584932,237.99466,0.6,72.0,53.0
2014-02-20 11:00:00+00:00,27.219,79.04983,1009.74054,13.363711,242.74475,0.5,51.0,53.0
2014-02-20 12:00:00+00:00,27.069,78.31505,1009.8403,12.496719,258.3664,0.3,74.0,51.0
2014-02-20 13:00:00+00:00,26.419,81.61563,1010.7389,11.542478,266.42374,0.2,70.0,51.0
2014-02-20 14:00:00+00:00,25.819,84.30753,1011.9374,9.746631,265.76367,0.7,84.0,53.0
2014-02-20 15:00:00+00:00,25.569,85.30838,1012.9366,7.928178,272.6025,1.3,84.0,61.0
2014-02-20 16:00:00+00:00,24.869001,89.47807,1013.635,7.42159,284.03625,1.3,86.0,61.0
2014-02-20 17:00:00+00:00,24.219,93.873886,1013.834,7.754637,291.80148,1.6,88.0,61.0
2014-02-20 18:00:00+00:00,24.069,94.436745,1013.53375,8.217153,298.8107,1.9,89.0,61.0
2014-02-20 19:00:00+00:00,24.019001,93.864944,1012.934,7.928177,309.47244,2.2,92.0,61.0
2014-02-20 20:00:00+00:00,23.919,93.860504,1012.3343,8.14587,315.0001,2.7,100.0,63.0
2014-02-20 21:00:00+00:00,23.919,93.57655,1011.53467,7.9932966,324.16226,2.5,100.0,63.0
2014-02-20 22:00:00+00:00,23.869001,93.29093,1011.3347,4.6938252,355.60138,1.8,100.0,61.0
2014-02-20 23:00:00+00:00,23.819,93.28854,1011.03467,4.829907,26.564985,1.3,100.0,61.0
2014-02-21 00:00:00+00:00,23.719,92.71875,1011.63434,5.00128,30.256361,0.8,100.0,53.0
2014-02-21 01:00:00+00:00,23.669,92.154015,1012.0342,4.5820518,44.999897,0.4,100.0,51.0
2014-02-21 02:00:00+00:00,24.069,89.96404,1013.1339,5.3517847,70.346085,0.2,96.0,51.0
2014-02-21 03:00:00+00:00,25.519001,79.05379,1013.9361,5.7599998,90.0,0.0,74.0,2.0
2014-02-21 04:00:00+00:00,26.169,73.99889,1014.6367,7.072878,104.743614,0.0,69.0,2.0
2014-02-21 05:00:00+00:00,26.669,72.06868,1014.8372,5.8048253,119.74479,0.0,56.0,2.0
2014-02-21 06:00:00+00:00,27.419,68.96348,1013.83905,3.671294,168.69011,0.0,46.0,1.0
2014-02-21 07:00:00+00:00,27.569,68.36071,1012.7399,7.8625183,195.94547,0.0,41.0,1.0
2014-02-21 08:00:00+00:00,27.069,72.360214,1011.6394,10.495713,202.1664,0.0,47.0,1.0
2014-02-21 09:00:00+00:00,26.869001,75.02514,1010.6395,11.435313,208.1785,0.0,57.0,2.0
2014-02-21 10:00:00+00:00,26.669,76.61009,1009.83954,11.681987,213.6901,0.0,53.0,2.0
2014-02-21 11:00:00+00:00,26.519001,77.52576,1009.23956,10.883676,214.21576,0.0,36.0,1.0
2014-02-21 12:00:00+00:00,26.419,77.74732,1009.7394,10.383987,213.6901,0.0,32.0,1.0
2014-02-21 13:00:00+00:00,26.319,77.73271,1010.539,9.290511,215.53777,0.0,58.0,2.0
2014-02-21 14:00:00+00:00,26.169,78.903595,1011.63806,8.287822,214.3804,0.0,53.0,2.0
2014-02-21 15:00:00+00:00,26.019001,81.07224,1012.73724,5.991594,212.73521,0.0,45.0,1.0
2014-02-21 16:00:00+00:00,25.869001,83.297874,1013.5366,3.8268526,221.18582,0.0,19.0,0.0
2014-02-21 17:00:00+00:00,25.869001,83.804054,1013.7366,2.9024127,277.1249,0.0,12.0,0.0
2014-02-21 18:00:00+00:00,25.119001,89.49667,1013.7356,4.0249224,333.43503,0.0,8.0,0.0
2014-02-21 19:00:00+00:00,24.869001,87.33505,1013.2352,4.6800003,337.3801,0.0,15.0,0.0
2014-02-21 20:00:00+00:00,24.919,83.953964,1012.6357,5.3517847,340.3461,0.3,35.0,51.0
2014-02-21 21:00:00+00:00,25.019001,82.69457,1012.1359,6.2145634,349.99207,0.0,39.0,1.0
2014-02-21 22:00:00+00:00,24.919,83.69835,1011.4363,6.9899354,348.11136,0.0,47.0,1.0
2014-02-21 23:00:00+00:00,24.719,85.22178,1011.43604,7.208994,357.13766,0.0,32.0,1.0
2014-02-22 00:00:00+00:00,24.519001,86.5102,1011.83545,7.2805495,8.530692,0.0,30.0,1.0
2014-02-22 01:00:00+00:00,24.369001,87.2906,1012.4349,6.439876,26.564985,0.0,26.0,1.0
2014-02-22 02:00:00+00:00,24.519001,86.246994,1013.1349,5.904439,37.568665,0.0,16.0,0.0
2014-02-22 03:00:00+00:00,25.719,76.230354,1013.93646,6.3690495,47.290634,0.0,17.0,0.0
2014-02-22 04:00:00+00:00,26.919,68.02391,1014.3378,4.5820518,44.999897,0.0,7.0,0.0
2014-02-22 05:00:00+00:00,28.069,63.20498,1013.84,1.484318,345.9637,0.0,3.0,0.0
2014-02-22 06:00:00+00:00,28.869001,60.89479,1013.2415,3.671294,258.6901,0.0,3.0,0.0
2014-02-22 07:00:00+00:00,29.319,60.622486,1011.84283,6.12,241.92761,0.0,22.0,1.0
2014-02-22 08:00:00+00:00,29.069,64.20223,1010.743,10.685391,237.38077,0.0,21.0,1.0
2014-02-22 09:00:00+00:00,28.569,68.13816,1009.4426,13.979872,235.49141,0.0,12.0,0.0
2014-02-22 10:00:00+00:00,28.169,70.16767,1008.5424,13.324863,231.58191,0.0,23.0,1.0
2014-02-22 11:00:00+00:00,27.519001,72.438835,1008.9413,13.53236,241.38963,0.0,24.0,1.0
2014-02-22 12:00:00+00:00,27.219,73.49889,1009.54065,12.57426,246.3706,0.0,35.0,1.0
2014-02-22 13:00:00+00:00,26.819,75.01711,1010.53955,9.659814,243.43501,0.0,59.0,2.0
2014-02-22 14:00:00+00:00,26.419,77.51099,1011.1387,9.0,233.13002,0.0,42.0,1.0
2014-02-22 15:00:00+00:00,26.019001,80.09258,1012.3374,7.8954163,223.1524,0.0,37.0,1.0
2014-02-22 16:00:00+00:00,25.719,82.77686,1012.837,5.495161,211.60745,0.0,25.0,1.0
2014-02-22 17:00:00+00:00,25.169,88.15833,1013.0359,5.3517847,222.27362,0.0,13.0,0.0
2014-02-22 18:00:00+00:00,25.169,86.83393,1012.936,3.7585104,253.30067,0.0,17.0,0.0
2014-02-22 19:00:00+00:00,25.219,86.83856,1012.33624,4.452954,284.03625,0.0,22.0,1.0
2014-02-22 20:00:00+00:00,24.669,89.463135,1011.73553,3.6,306.86996,0.2,55.0,51.0
2014-02-22 21:00:00+00:00,24.519001,87.83667,1011.3357,5.1919937,326.3099,0.0,49.0,1.0
2014-02-22 22:00:00+00:00,24.519001,87.569954,1010.83594,5.5887027,345.06854,0.0,50.0,2.0
2014-02-22 23:00:00+00:00,24.469,87.29951,1010.8356,6.12,360.0,0.0,57.0,2.0
2014-02-23 00:00:00+00:00,24.269001,88.08313,1010.9353,5.5887027,14.931467,0.0,70.0,2.0
2014-02-23 01:00:00+00:00,24.269001,87.01594,1011.53503,5.3517847,19.653913,0.0,59.0,2.0
2014-02-23 02:00:00+00:00,24.519001,84.9416,1012.33527,4.8433046,41.98713,0.0,23.0,1.0
2014-02-23 03:00:00+00:00,25.719,75.06918,1013.2368,5.00128,59.743652,0.0,12.0,0.0
2014-02-23 04:00:00+00:00,26.969,66.374245,1013.6385,4.73506,81.25392,0.0,9.0,0.0
2014-02-23 05:00:00+00:00,28.069,60.713737,1013.4402,1.5273507,135.0001,0.0,6.0,0.0
2014-02-23 06:00:00+00:00,28.869001,58.67873,1012.8417,3.6,216.86998,0.0,2.0,0.0
2014-02-23 07:00:00+00:00,29.319,62.320156,1011.9428,8.404285,226.73567,0.0,2.0,0.0
2014-02-23 08:00:00+00:00,28.969,66.77914,1011.0425,10.195057,227.86247,0.0,36.0,1.0
2014-02-23 09:00:00+00:00,28.369001,71.27873,1009.942,15.30741,228.81418,0.2,44.0,51.0
2014-02-23 10:00:00+00:00,27.669,76.06906,1009.5414,15.408671,232.59457,0.0,23.0,1.0
2014-02-23 11:00:00+00:00,27.319,78.114334,1009.1408,15.277749,235.56094,0.0,31.0,1.0
2014-02-23 12:00:00+00:00,26.969,79.01514,1009.34045,13.397612,239.30035,0.0,41.0,1.0
2014-02-23 13:00:00+00:00,26.519001,79.43316,1010.13916,10.464797,243.43501,0.0,68.0,2.0
2014-02-23 14:00:00+00:00,26.119001,80.83922,1010.9385,8.534353,242.35411,0.0,50.0,2.0
2014-02-23 15:00:00+00:00,25.769001,82.53181,1012.23724,5.8603754,222.5104,0.0,35.0,1.0
2014-02-23 16:00:00+00:00,25.519001,83.51125,1012.63666,5.95906,205.01686,0.0,24.0,1.0
2014-02-23 17:00:00+00:00,25.419,83.7541,1012.83636,5.154415,204.77512,0.0,10.0,0.0
2014-02-23 18:00:00+00:00,24.719,87.5874,1012.4356,1.2979984,213.6901,0.0,16.0,0.0
2014-02-23 19:00:00+00:00,25.619001,81.76464,1011.7371,1.609969,63.435013,0.0,9.0,0.0
2014-02-23 20:00:00+00:00,25.069,84.22652,1011.1364,3.7585104,73.300674,0.0,3.0,0.0
2014-02-23 21:00:00+00:00,24.269001,87.01594,1010.9353,4.896529,72.89719,0.0,7.0,0.0
2014-02-23 22:00:00+00:00,23.769001,88.3105,1010.6348,4.5820518,44.999897,0.0,2.0,0.0
2014-02-23 23:00:00+00:00,22.919,90.99038,1010.43365,5.692099,34.69522,0.0,3.0,0.0
2014-02-24 00:00:00+00:00,23.419,87.20551,1011.13385,5.315336,28.30066,0.0,5.0,0.0
2014-02-24 01:00:00+00:00,23.869001,83.58035,1011.43475,6.3690495,42.709366,0.0,3.0,0.0
2014-02-24 02:00:00+00:00,24.369001,80.86056,1012.13495,7.7043357,52.594578,0.0,4.0,0.0
2014-02-24 03:00:00+00:00,25.569,75.27611,1012.8366,8.225035,66.80139,0.0,6.0,0.0
2014-02-24 04:00:00+00:00,26.719,71.19835,1013.238,7.5942073,84.55976,0.0,5.0,0.0
2014-02-24 05:00:00+00:00,27.769001,67.98174,1013.13995,6.489992,93.17977,0.0,16.0,0.0
2014-02-24 06:00:00+00:00,28.619001,65.697174,1012.2417,6.519877,96.340096,0.0,78.0,2.0
2014-02-24 07:00:00+00:00,29.919,58.742733,1011.144,4.3498964,114.44395,0.0,27.0,1.0
2014-02-24 08:00:00+00:00,30.119001,59.514683,1009.745,3.7064266,150.9455,0.0,33.0,1.0
2014-02-24 09:00:00+00:00,30.169,60.44377,1008.8454,3.96,180.0,0.0,28.0,1.0
2014-02-24 10:00:00+00:00,30.169,61.749233,1008.0458,5.7599998,180.0,0.0,16.0,0.0
2014-02-24 11:00:00+00:00,29.969,63.61429,1008.2453,5.937272,165.96373,0.0,28.0,1.0
2014-02-24 12:00:00+00:00,29.719,65.12697,1008.445,5.1165614,140.71062,0.0,21.0,1.0
2014-02-24 13:00:00+00:00,29.169,69.29653,1009.3436,3.8939953,123.6901,0.0,19.0,0.0
2014-02-24 14:00:00+00:00,28.419,78.50664,1010.24225,5.0142193,68.96242,0.0,13.0,0.0
2014-02-24 15:00:00+00:00,28.119001,76.82995,1011.14124,5.6233797,50.194473,0.0,16.0,0.0
2014-02-24 16:00:00+00:00,27.319,80.74933,1011.9396,6.1305785,40.236294,0.0,7.0,0.0
2014-02-24 17:00:00+00:00,27.269001,77.87128,1012.0395,6.989936,34.50859,0.0,0.0,0.0
2014-02-24 18:00:00+00:00,27.019001,77.59938,1011.83936,7.289445,32.905247,0.0,0.0,0.0
2014-02-24 19:00:00+00:00,26.969,74.3585,1011.13965,6.696387,36.253937,0.0,3.0,0.0
2014-02-24 20:00:00+00:00,26.869001,71.22551,1010.53955,7.42159,39.09386,0.0,10.0,0.0
2014-02-24 21:00:00+00:00,26.669,70.3193,1010.53925,8.161764,48.57643,0.0,13.0,0.0
2014-02-24 22:00:00+00:00,26.269001,72.44199,1010.0388,7.729527,62.24156,0.0,16.0,0.0
2014-02-24 23:00:00+00:00,25.969,74.421234,1009.93854,7.8954163,65.77226,0.0,24.0,1.0
2014-02-25 00:00:00+00:00,25.769001,75.7719,1010.538,8.049845,63.435013,0.0,22.0,1.0
2014-02-25 01:00:00+00:00,25.619001,76.44906,1011.3373,8.534353,62.354122,0.0,22.0,1.0
2014-02-25 02:00:00+00:00,25.619001,76.91944,1012.2369,9.983106,64.35905,0.0,15.0,0.0
2014-02-25 03:00:00+00:00,26.319,74.02394,1012.9379,10.966713,66.801384,0.0,9.0,0.0
2014-02-25 04:00:00+00:00,27.519001,68.98265,1013.13934,10.587917,72.18102,0.0,3.0,0.0
2014-02-25 05:00:00+00:00,28.719,64.12791,1013.1413,9.47012,81.25392,0.0,2.0,0.0
2014-02-25 06:00:00+00:00,29.869001,59.27489,1012.2435,8.707238,97.12492,0.0,6.0,0.0
2014-02-25 07:00:00+00:00,30.919,55.132362,1011.54553,7.968939,108.43504,0.0,2.0,0.0
2014-02-25 08:00:00+00:00,31.319,54.055714,1009.9465,7.968939,108.43504,0.0,8.0,0.0
2014-02-25 09:00:00+00:00,31.619001,53.633736,1008.84753,7.289444,110.22495,0.0,6.0,0.0
2014-02-25 10:00:00+00:00,31.569,54.283722,1008.24786,5.815978,111.801476,0.0,10.0,0.0
2014-02-25 11:00:00+00:00,31.319,55.73995,1008.0473,6.379216,106.38962,0.0,5.0,0.0
2014-02-25 12:00:00+00:00,30.769001,58.76036,1008.34656,5.937272,104.03627,0.0,3.0,0.0
2014-02-25 13:00:00+00:00,29.969,62.844444,1009.0449,3.396233,57.99466,0.0,1.0,0.0
2014-02-25 14:00:00+00:00,28.769001,71.3505,1009.94275,1.484318,14.036275,0.0,0.0,0.0
2014-02-25 15:00:00+00:00,28.019001,74.08094,1010.94135,3.0758414,20.556128,0.0,1.0,0.0
2014-02-25 16:00:00+00:00,27.469,77.19734,1011.74,5.1919937,33.6901,0.0,0.0,0.0
2014-02-25 17:00:00+00:00,26.919,79.96984,1012.13885,6.638072,49.398785,0.0,1.0,0.0
2014-02-25 18:00:00+00:00,25.969,84.57897,1012.3374,8.707237,60.255207,0.0,0.0,0.0
2014-02-25 19:00:00+00:00,26.269001,78.67787,1011.7381,8.217153,61.189304,0.0,2.0,0.0
2014-02-25 20:00:00+00:00,26.119001,76.059364,1011.2383,7.9932966,54.16227,0.0,1.0,0.0
2014-02-25 21:00:00+00:00,25.969,71.94453,1010.6382,8.404285,43.26433,0.0,5.0,0.0
2014-02-25 22:00:00+00:00,25.619001,72.3278,1010.73755,7.9932966,54.16227,0.0,0.0,0.0
2014-02-25 23:00:00+00:00,25.169,74.74901,1010.43713,8.209263,52.124958,0.0,1.0,0.0
2014-02-26 00:00:00+00:00,24.769001,77.50389,1010.63635,8.4963045,53.61555,0.0,1.0,0.0
2014-02-26 01:00:00+00:00,24.519001,79.40129,1011.53564,7.7879906,56.3099,0.0,0.0,0.0
2014-02-26 02:00:00+00:00,24.619001,80.15096,1012.33527,8.707237,60.255207,0.0,2.0,0.0
2014-02-26 03:00:00+00:00,25.819,74.62548,1013.1368,8.699793,65.55606,0.0,0.0,0.0
2014-02-26 04:00:00+00:00,27.169,67.23952,1013.4389,7.072878,75.25639,0.0,0.0,0.0
2014-02-26 05:00:00+00:00,28.469,60.429462,1013.6407,4.32,90.0,0.0,0.0,0.0
2014-02-26 06:00:00+00:00,29.519001,56.166084,1012.5428,1.484318,165.96373,0.0,1.0,0.0
2014-02-26 07:00:00+00:00,30.519001,50.61512,1011.4449,3.0547013,224.9999,0.0,10.0,0.0
2014-02-26 08:00:00+00:00,30.769001,51.793465,1010.04584,7.42159,230.90614,0.0,17.0,0.0
2014-02-26 09:00:00+00:00,30.319,57.233017,1008.84576,11.720751,227.4896,0.0,29.0,1.0
2014-02-26 10:00:00+00:00,29.669,61.827248,1008.445,12.538134,219.17365,0.0,38.0,1.0
2014-02-26 11:00:00+00:00,29.169,63.831997,1008.1441,11.983188,212.73521,0.0,20.0,1.0
2014-02-26 12:00:00+00:00,28.619001,66.9127,1008.5434,9.511088,209.4758,0.0,9.0,0.0
2014-02-26 13:00:00+00:00,28.069,69.7229,1009.0422,5.3517847,199.65392,0.0,4.0,0.0
2014-02-26 14:00:00+00:00,27.569,72.44756,1009.8412,3.5455887,203.9625,0.0,0.0,0.0
2014-02-26 15:00:00+00:00,26.969,77.82766,1010.93976,1.2979984,33.6901,0.0,0.0,0.0
2014-02-26 16:00:00+00:00,26.469,76.81332,1011.8384,5.6233797,39.805527,0.0,5.0,0.0
2014-02-26 17:00:00+00:00,26.319,77.26039,1012.2382,6.439876,26.564985,0.0,29.0,1.0
2014-02-26 18:00:00+00:00,26.169,78.66374,1012.5377,8.049845,10.304792,0.0,60.0,2.0
2014-02-26 19:00:00+00:00,26.169,76.30009,1012.0379,9.028754,4.5738406,0.0,63.0,2.0
2014-02-26 20:00:00+00:00,25.869001,76.02032,1011.7375,8.311245,4.969664,0.0,71.0,2.0
2014-02-26 21:00:00+00:00,25.519001,76.433624,1011.3373,8.12197,12.804273,0.0,64.0,2.0
2014-02-26 22:00:00+00:00,25.119001,77.080315,1010.63696,8.089993,20.854538,0.0,76.0,2.0
2014-02-26 23:00:00+00:00,24.819,75.85539,1010.9363,8.049845,26.564985,0.0,57.0,2.0
2014-02-27 00:00:00+00:00,24.519001,74.642265,1011.2358,7.289445,32.905247,0.0,24.0,1.0
2014-02-27 01:00:00+00:00,24.319,72.775024,1012.235,7.2,36.86999,0.0,5.0,0.0
2014-02-27 02:00:00+00:00,24.469,70.34556,1013.0346,8.404285,46.73567,0.0,6.0,0.0
2014-02-27 03:00:00+00:00,26.169,60.65964,1013.9371,7.42159,50.906155,0.0,12.0,0.0
2014-02-27 04:00:00+00:00,27.869001,53.868443,1014.2395,5.692099,55.304783,0.0,31.0,1.0
2014-02-27 05:00:00+00:00,29.169,48.859253,1013.9416,1.0182338,44.999897,0.0,47.0,1.0
2014-02-27 06:00:00+00:00,30.069,46.9797,1013.44336,4.1046314,217.87505,0.0,14.0,0.0
2014-02-27 07:00:00+00:00,30.569,46.523605,1012.04456,9.726664,218.991,0.0,27.0,1.0
2014-02-27 08:00:00+00:00,30.169,50.524918,1011.14435,14.799459,221.05472,0.0,21.0,1.0
2014-02-27 09:00:00+00:00,29.269001,55.412567,1009.84375,16.870138,219.80553,0.0,11.0,0.0
2014-02-27 10:00:00+00:00,28.719,58.462105,1009.343,17.148247,219.0355,0.0,20.0,1.0
2014-02-27 11:00:00+00:00,28.169,61.113842,1009.2421,14.529915,221.98714,0.0,3.0,0.0
2014-02-27 12:00:00+00:00,27.569,65.07738,1009.6413,12.768586,229.574,0.0,2.0,0.0
2014-02-27 13:00:00+00:00,27.019001,69.524994,1010.44,10.587918,234.6887,0.0,5.0,0.0
2014-02-27 14:00:00+00:00,26.469,74.73176,1011.6384,8.707237,240.2552,0.0,4.0,0.0
2014-02-27 15:00:00+00:00,26.119001,79.378395,1012.1379,5.95906,244.98314,0.0,18.0,0.0
2014-02-27 16:00:00+00:00,25.869001,82.293594,1013.03687,4.1046314,254.74483,0.0,6.0,0.0
2014-02-27 17:00:00+00:00,25.219,87.36602,1013.13586,4.6938252,274.39862,0.0,16.0,0.0
2014-02-27 18:00:00+00:00,24.769001,88.93021,1012.8354,4.32,270.0,0.0,23.0,1.0
2014-02-27 19:00:00+00:00,26.019001,79.60664,1012.1375,3.2599385,276.3401,0.0,36.0,1.0
2014-02-27 20:00:00+00:00,26.019001,79.8493,1011.5378,2.2768397,288.43503,0.0,39.0,1.0
2014-02-27 21:00:00+00:00,25.419,82.99376,1010.93726,3.0547013,315.0001,0.0,57.0,2.0
2014-02-27 22:00:00+00:00,24.619001,86.78332,1010.43616,0.5091169,224.9999,0.0,62.0,2.0
2014-02-27 23:00:00+00:00,24.269001,88.3517,1010.3356,0.71999997,90.0,0.0,74.0,2.0
2014-02-28 00:00:00+00:00,24.519001,86.5102,1010.83594,1.1384199,71.564964,0.0,28.0,1.0
2014-02-28 01:00:00+00:00,25.319,82.478355,1011.5369,1.8,53.13002,0.0,23.0,1.0
2014-02-28 02:00:00+00:00,25.569,81.75847,1012.4368,3.319036,49.398785,0.0,23.0,1.0
2014-02-28 03:00:00+00:00,26.369001,76.33098,1012.8379,3.563818,44.999897,0.0,15.0,0.0
2014-02-28 04:00:00+00:00,27.569,70.48575,1013.53955,2.16,360.0,0.0,23.0,1.0
2014-02-28 05:00:00+00:00,28.419,66.261826,1013.5408,3.319036,282.5288,0.0,26.0,1.0
2014-02-28 06:00:00+00:00,29.119001,63.821304,1012.84204,5.3517847,250.34608,0.0,44.0,1.0
2014-02-28 07:00:00+00:00,30.019001,60.96661,1011.94366,8.39657,239.0363,0.0,53.0,2.0
2014-02-28 08:00:00+00:00,29.719,63.56077,1010.9439,11.681987,236.3099,0.1,54.0,51.0
2014-02-28 09:00:00+00:00,29.419,66.86933,1010.04364,14.277983,236.3099,0.1,54.0,51.0
2014-02-28 10:00:00+00:00,28.519001,70.44597,1009.54254,14.336861,231.1155,0.1,23.0,51.0
2014-02-28 11:00:00+00:00,28.269001,70.39997,1008.8425,13.493999,226.08084,0.1,31.0,51.0
2014-02-28 12:00:00+00:00,27.769001,73.36862,1009.3417,11.966954,226.2188,0.0,29.0,1.0
2014-02-28 13:00:00+00:00,27.069,76.671074,1009.5404,8.942214,229.89915,0.0,37.0,1.0
2014-02-28 14:00:00+00:00,26.569,79.19943,1010.9391,7.289445,237.09476,0.0,38.0,1.0
2014-02-28 15:00:00+00:00,26.269001,81.10403,1011.53815,5.315336,241.69934,0.0,34.0,1.0
2014-02-28 16:00:00+00:00,25.869001,87.16025,1012.33716,3.6179552,275.7105,0.0,33.0,1.0
2014-02-28 17:00:00+00:00,25.769001,85.328636,1012.5371,3.8939953,326.3099,0.0,23.0,1.0
2014-02-28 18:00:00+00:00,25.519001,86.86603,1012.037,5.0911684,351.87,0.0,21.0,1.0
2014-02-28 19:00:00+00:00,25.619001,86.875175,1011.43726,4.0249224,26.564985,0.0,10.0,0.0
2014-02-28 20:00:00+00:00,24.969,90.84728,1010.43677,3.5455887,66.037506,0.0,18.0,0.0
2014-02-28 21:00:00+00:00,24.769001,91.109055,1009.83673,4.3349743,85.23644,0.0,16.0,0.0
2014-02-28 22:00:00+00:00,24.669,90.00679,1009.8364,4.379589,99.46225,0.0,8.0,0.0
2014-02-28 23:00:00+00:00,24.219,90.248474,1009.2361,4.5536795,108.43504,0.0,17.0,0.0
2014-03-01 00:00:00+00:00,24.119001,89.42197,1009.9358,3.7585104,106.699326,0.0,10.0,0.0
2014-03-01 01:00:00+00:00,23.969,89.13869,1010.3352,3.9763298,84.805664,0.0,13.0,0.0
2014-03-01 02:00:00+00:00,24.969,85.50698,1011.1364,4.5536795,71.564964,0.0,10.0,0.0
2014-03-01 03:00:00+00:00,26.869001,73.889595,1011.63904,4.3498964,65.55606,0.0,9.0,0.0
2014-03-01 04:00:00+00:00,27.869001,68.62861,1012.5402,2.7416782,66.801384,0.0,9.0,0.0
2014-03-01 05:00:00+00:00,28.919,64.36709,1012.4419,1.484318,284.03625,0.0,18.0,0.0
2014-03-01 06:00:00+00:00,29.569,62.75748,1012.14294,5.0911684,261.87,0.0,16.0,0.0
2014-03-01 07:00:00+00:00,29.669,63.938564,1011.0438,9.107359,251.56496,0.0,34.0,1.0
2014-03-01 08:00:00+00:00,29.519001,66.68675,1010.5437,12.10157,247.249,0.2,50.0,51.0
2014-03-01 09:00:00+00:00,28.669,70.90191,1009.24304,13.1041975,249.07542,1.1,51.0,55.0
2014-03-01 10:00:00+00:00,28.119001,74.54691,1008.94226,13.37825,246.19405,0.5,35.0,53.0
2014-03-01 11:00:00+00:00,27.519001,78.14306,1008.7414,12.413477,240.4613,0.2,33.0,51.0
2014-03-01 12:00:00+00:00,26.869001,79.240746,1008.84033,11.043261,250.9743,1.2,49.0,55.0
2014-03-01 13:00:00+00:00,26.319,82.098755,1009.7394,7.342588,258.6901,0.2,56.0,51.0
2014-03-01 14:00:00+00:00,26.069,84.58955,1010.6382,3.671294,258.6901,0.0,48.0,1.0
2014-03-01 15:00:00+00:00,25.969,85.86556,1011.3379,2.8116899,230.19447,0.0,28.0,1.0
2014-03-01 16:00:00+00:00,25.619001,89.80345,1012.1369,4.39436,214.9921,0.0,31.0,1.0
2014-03-01 17:00:00+00:00,26.119001,85.10694,1012.43774,5.3999996,216.86998,0.0,40.0,1.0
2014-03-01 18:00:00+00:00,26.069,85.87533,1012.43744,5.692099,214.69522,0.0,31.0,1.0
2014-03-01 19:00:00+00:00,25.019001,86.55714,1011.9361,5.1165614,219.28938,0.4,62.0,51.0
2014-03-01 20:00:00+00:00,24.519001,88.1041,1011.63556,4.2136917,250.0168,0.6,70.0,53.0
2014-03-01 21:00:00+00:00,24.019001,91.33826,1010.83496,5.154415,294.77512,0.3,53.0,51.0
2014-03-01 22:00:00+00:00,23.869001,92.16531,1009.9354,3.4152596,341.56494,0.0,58.0,2.0
2014-03-01 23:00:00+00:00,23.719,93.851585,1010.0351,2.9024127,7.12493,0.0,63.0,2.0
2014-03-02 00:00:00+00:00,23.819,93.28854,1009.9352,3.7585104,343.3007,0.0,67.0,2.0
2014-03-02 01:00:00+00:00,24.119001,91.90036,1010.7354,4.39436,325.0079,0.0,58.0,2.0
2014-03-02 02:00:00+00:00,24.769001,88.93021,1011.536,5.00128,329.74365,0.0,61.0,2.0
2014-03-02 03:00:00+00:00,25.969,82.8061,1012.1375,4.0249224,333.43503,0.0,73.0,2.0
2014-03-02 04:00:00+00:00,26.919,77.58469,1012.8385,2.8116899,320.1945,0.0,82.0,3.0
2014-03-02 05:00:00+00:00,27.919,72.288536,1012.6402,3.2599385,276.3401,0.1,79.0,51.0
2014-03-02 06:00:00+00:00,28.569,69.18293,1012.14136,7.172949,252.47433,0.2,90.0,51.0
2014-03-02 07:00:00+00:00,28.969,70.956276,1010.64264,10.495713,247.8336,0.0,88.0,3.0
2014-03-02 08:00:00+00:00,28.369001,73.692345,1010.042,11.770403,246.57129,0.3,92.0,51.0
2014-03-02 09:00:00+00:00,27.969,76.11554,1008.7423,11.592895,244.23071,1.1,98.0,55.0
2014-03-02 10:00:00+00:00,27.319,77.87856,1008.2412,12.096214,233.47105,2.1,89.0,61.0
2014-03-02 11:00:00+00:00,26.919,80.4545,1008.0407,10.799999,233.13002,0.5,93.0,53.0
2014-03-02 12:00:00+00:00,26.219,83.842766,1009.1392,3.096837,234.46223,1.2,93.0,55.0
2014-03-02 13:00:00+00:00,25.369001,85.80669,1009.33795,2.5455842,171.86998,1.8,91.0,61.0
2014-03-02 14:00:00+00:00,24.819,90.29007,1009.93677,3.396233,147.99466,1.2,84.0,55.0
2014-03-02 15:00:00+00:00,24.369001,91.9149,1010.6357,4.198285,149.03632,1.8,96.0,61.0
2014-03-02 16:00:00+00:00,24.319,91.35689,1011.43536,5.0142193,158.96242,0.8,96.0,53.0
2014-03-02 17:00:00+00:00,24.619001,89.45941,1011.73553,3.2599385,186.3401,0.0,93.0,3.0
2014-03-02 18:00:00+00:00,24.619001,89.45941,1011.4357,2.8116899,230.19447,0.2,97.0,51.0
2014-03-02 19:00:00+00:00,25.369001,87.90901,1011.2371,3.2599385,263.6599,0.0,83.0,3.0
2014-03-02 20:00:00+00:00,24.919,90.296936,1010.73663,3.9763298,275.19434,0.0,75.0,2.0
2014-03-02 21:00:00+00:00,24.119001,93.869415,1010.23566,5.4477882,277.59454,2.1,79.0,61.0
2014-03-02 22:00:00+00:00,23.719,95.8632,1009.63525,3.7064266,299.0545,0.2,48.0,51.0
2014-03-02 23:00:00+00:00,23.769001,94.99832,1009.4354,3.219938,333.43503,0.0,47.0,1.0
2014-03-03 00:00:00+00:00,23.619001,95.57027,1009.6349,4.1046314,344.7448,0.0,26.0,1.0
2014-03-03 01:00:00+00:00,24.069,91.61907,1010.4352,4.5536795,341.56494,0.0,74.0,2.0
2014-03-03 02:00:00+00:00,24.569,90.27278,1011.3357,5.0142193,338.9624,0.0,67.0,2.0
2014-03-03 03:00:00+00:00,25.719,84.29678,1012.13727,4.2136917,340.0168,0.0,59.0,2.0
2014-03-03 04:00:00+00:00,26.769001,78.98731,1012.93854,2.9024127,330.25522,0.0,39.0,1.0
2014-03-03 05:00:00+00:00,27.519001,75.35774,1012.93945,2.9024127,277.1249,0.0,45.0,1.0
2014-03-03 06:00:00+00:00,28.269001,71.69459,1012.64075,6.489992,250.55988,0.0,54.0,2.0
2014-03-03 07:00:00+00:00,28.519001,73.940216,1011.2418,10.144082,242.52565,0.0,64.0,2.0
2014-03-03 08:00:00+00:00,27.569,74.91017,1010.74084,11.119281,240.94548,3.2,65.0,63.0
2014-03-03 09:00:00+00:00,27.319,77.40888,1009.44073,9.565437,250.20103,0.6,50.0,53.0
2014-03-03 10:00:00+00:00,27.319,80.02308,1008.64105,7.7879906,236.3099,0.0,36.0,1.0
2014-03-03 11:00:00+00:00,27.369001,77.8858,1007.9418,7.628263,250.70985,0.0,57.0,2.0
2014-03-03 12:00:00+00:00,26.869001,76.40798,1008.54047,5.771239,266.42374,0.4,39.0,51.0
2014-03-03 13:00:00+00:00,26.369001,79.171776,1009.23956,0.8049845,296.56497,0.2,78.0,51.0
2014-03-03 14:00:00+00:00,25.719,82.02596,1009.7384,0.71999997,360.0,0.2,40.0,51.0
2014-03-03 15:00:00+00:00,25.419,84.26439,1010.6373,1.2979984,303.6901,0.0,46.0,1.0
2014-03-03 16:00:00+00:00,25.219,86.05255,1011.43665,1.5273507,315.0001,0.1,27.0,51.0
2014-03-03 17:00:00+00:00,24.869001,90.566734,1011.536,2.0991426,329.03632,0.0,29.0,1.0
2014-03-03 18:00:00+00:00,24.819,89.47435,1011.33606,1.0182338,315.0001,0.0,17.0,0.0
2014-03-03 19:00:00+00:00,25.969,83.05737,1011.038,0.71999997,180.0,0.0,14.0,0.0
2014-03-03 20:00:00+00:00,25.819,83.79854,1010.7379,1.484318,165.96373,0.0,7.0,0.0
2014-03-03 21:00:00+00:00,25.769001,83.5394,1010.1382,1.484318,104.03627,0.0,16.0,0.0
2014-03-03 22:00:00+00:00,25.369001,85.80669,1010.03766,5.2416787,105.945465,0.0,7.0,0.0
2014-03-03 23:00:00+00:00,23.819,91.325836,1010.1351,4.802999,77.00539,0.0,27.0,1.0
2014-03-04 00:00:00+00:00,23.519001,91.8653,1010.73444,4.6938257,57.528828,0.0,34.0,1.0
2014-03-04 01:00:00+00:00,23.869001,90.224075,1011.43475,5.6002855,44.999897,0.0,22.0,1.0
2014-03-04 02:00:00+00:00,24.769001,87.326164,1012.1357,5.904439,37.568665,0.0,17.0,0.0
2014-03-04 03:00:00+00:00,26.369001,77.50362,1012.638,4.8965297,36.027473,0.0,17.0,0.0
2014-03-04 04:00:00+00:00,27.119001,73.93136,1013.2387,3.8773184,68.19853,0.0,22.0,1.0
2014-03-04 05:00:00+00:00,27.869001,70.11198,1013.04004,4.39436,124.992096,0.0,30.0,1.0
2014-03-04 06:00:00+00:00,28.469,67.70444,1012.4413,4.896529,162.89719,0.1,29.0,51.0
2014-03-04 07:00:00+00:00,28.919,68.83039,1011.24243,6.439876,206.56499,0.2,36.0,51.0
2014-03-04 08:00:00+00:00,28.969,70.74211,1010.3428,8.161764,228.57643,0.0,26.0,1.0
2014-03-04 09:00:00+00:00,28.169,74.55505,1009.54193,9.021574,241.38963,0.3,50.0,51.0
2014-03-04 10:00:00+00:00,27.969,75.42916,1009.442,8.287822,235.6196,1.0,57.0,55.0
2014-03-04 11:00:00+00:00,27.469,79.08442,1009.0412,7.8954163,226.8476,0.4,34.0,51.0
2014-03-04 12:00:00+00:00,27.169,79.52173,1009.3407,6.696387,216.25392,0.7,42.0,53.0
2014-03-04 13:00:00+00:00,26.319,82.59689,1009.7394,5.3517847,199.65392,0.5,34.0,53.0
2014-03-04 14:00:00+00:00,25.569,86.08638,1010.73755,4.32,180.0,0.7,25.0,53.0
2014-03-04 15:00:00+00:00,25.019001,89.21913,1011.3363,5.4119864,183.814,0.3,32.0,51.0
2014-03-04 16:00:00+00:00,24.719,91.10592,1012.1357,5.04,180.0,0.2,34.0,51.0
2014-03-04 17:00:00+00:00,24.769001,91.3847,1012.5355,2.9024127,187.12492,0.0,45.0,1.0
2014-03-04 18:00:00+00:00,24.669,92.21032,1012.53516,1.609969,63.435013,0.0,67.0,2.0
2014-03-04 19:00:00+00:00,26.119001,84.08539,1011.838,2.5959969,56.309914,0.0,24.0,1.0
2014-03-04 20:00:00+00:00,25.169,88.69303,1011.3367,3.8268526,48.814175,0.0,13.0,0.0
2014-03-04 21:00:00+00:00,24.769001,90.01387,1010.53644,4.510787,28.610369,0.0,18.0,0.0
2014-03-04 22:00:00+00:00,24.819,89.74554,1010.4365,3.8773184,21.801476,0.0,27.0,1.0
2014-03-04 23:00:00+00:00,24.969,87.87506,1010.0369,5.154415,24.775122,0.0,37.0,1.0
2014-03-05 00:00:00+00:00,25.219,85.79196,1010.53705,5.634891,26.564985,0.0,41.0,1.0
2014-03-05 01:00:00+00:00,25.319,83.99797,1010.8373,5.991594,32.73523,0.0,45.0,1.0
2014-03-05 02:00:00+00:00,25.669,81.7708,1011.83704,6.9153743,38.65983,0.0,61.0,2.0
2014-03-05 03:00:00+00:00,26.569,77.06274,1012.43835,6.4096174,51.842735,0.0,86.0,3.0
2014-03-05 04:00:00+00:00,27.619001,72.01634,1013.0398,4.5820518,44.999897,0.0,91.0,3.0
2014-03-05 05:00:00+00:00,28.519001,68.75373,1013.2409,3.6,36.86999,0.0,91.0,3.0
2014-03-05 06:00:00+00:00,29.219,67.85168,1012.5422,1.4399999,270.0,0.0,88.0,3.0
2014-03-05 07:00:00+00:00,29.469,66.072075,1011.6431,5.3999996,233.13002,0.1,83.0,51.0
2014-03-05 08:00:00+00:00,29.419,68.71772,1010.54346,10.009036,232.3057,0.0,76.0,2.0
2014-03-05 09:00:00+00:00,28.619001,71.539856,1010.14264,10.587918,234.6887,2.2,81.0,61.0
2014-03-05 10:00:00+00:00,28.269001,75.47661,1009.14233,10.086427,235.17543,0.0,49.0,1.0
2014-03-05 11:00:00+00:00,27.869001,76.33016,1008.54205,10.296251,233.53067,0.5,38.0,53.0
2014-03-05 12:00:00+00:00,27.269001,78.34358,1009.1408,10.315115,240.75127,0.9,21.0,53.0
2014-03-05 13:00:00+00:00,26.219,82.086655,1009.43915,7.342588,258.6901,0.8,44.0,53.0
2014-03-05 14:00:00+00:00,26.019001,84.58422,1011.038,3.6,306.86996,0.0,67.0,2.0
2014-03-05 15:00:00+00:00,25.719,86.36133,1011.23773,4.0249224,333.43503,0.0,10.0,0.0
2014-03-05 16:00:00+00:00,25.369001,88.44159,1012.13666,4.802999,347.00537,0.0,11.0,0.0
2014-03-05 17:00:00+00:00,25.069,91.12813,1012.2359,4.452954,14.036275,0.0,10.0,0.0
2014-03-05 18:00:00+00:00,24.919,91.11861,1011.83606,4.6102495,38.65983,0.0,11.0,0.0
2014-03-05 19:00:00+00:00,25.519001,85.82143,1011.63715,5.495161,58.392544,0.0,18.0,0.0
2014-03-05 20:00:00+00:00,25.219,85.272804,1010.8369,5.154415,65.22488,0.0,56.0,2.0
2014-03-05 21:00:00+00:00,24.819,86.538414,1010.4365,4.829907,63.435013,0.0,94.0,3.0
2014-03-05 22:00:00+00:00,24.719,85.742584,1009.7368,4.39436,55.0079,0.0,98.0,3.0
2014-03-05 23:00:00+00:00,24.619001,85.73266,1009.6365,4.73506,81.25392,0.0,96.0,3.0
2014-03-06 00:00:00+00:00,24.269001,87.28169,1010.1356,4.8965297,53.972538,0.0,97.0,3.0
2014-03-06 01:00:00+00:00,23.719,89.938965,1010.6348,5.1919937,33.6901,0.0,95.0,3.0
2014-03-06 02:00:00+00:00,24.369001,89.98544,1011.73517,5.00128,30.256361,0.0,82.0,3.0
2014-03-06 03:00:00+00:00,26.369001,77.74001,1012.5381,4.510787,28.610369,0.0,90.0,3.0
2014-03-06 04:00:00+00:00,27.269001,73.73156,1012.9391,4.2136917,19.983198,0.0,74.0,2.0
2014-03-06 05:00:00+00:00,27.919,71.632286,1012.6402,3.2399998,360.0,0.0,75.0,2.0
2014-03-06 06:00:00+00:00,28.669,68.36536,1012.0418,2.4149535,296.56497,0.0,84.0,3.0
2014-03-06 07:00:00+00:00,29.419,66.86933,1010.74335,6.2145634,259.9921,0.0,63.0,2.0
2014-03-06 08:00:00+00:00,29.369001,69.54411,1010.04364,10.24578,251.56496,0.2,70.0,51.0
2014-03-06 09:00:00+00:00,28.319,72.79793,1009.5422,10.703569,250.34608,2.2,77.0,61.0
2014-03-06 10:00:00+00:00,28.069,75.90173,1009.34204,8.759178,260.53775,0.0,61.0,2.0
2014-03-06 11:00:00+00:00,27.569,77.21221,1008.8417,9.6932955,254.93146,1.3,58.0,61.0
2014-03-06 12:00:00+00:00,27.419,77.893036,1009.24115,9.3669195,267.79745,0.8,49.0,53.0
2014-03-06 13:00:00+00:00,26.669,82.63807,1009.83954,5.937272,284.03625,0.5,26.0,53.0
2014-03-06 14:00:00+00:00,26.319,84.36121,1010.6389,5.0142193,291.03757,0.3,21.0,51.0
2014-03-06 15:00:00+00:00,26.019001,86.12971,1011.238,3.219938,296.56497,0.2,15.0,51.0
2014-03-06 16:00:00+00:00,25.969,86.64568,1011.9376,2.9024127,277.1249,0.2,6.0,51.0
2014-03-06 17:00:00+00:00,25.619001,88.9964,1012.1369,3.396233,237.99466,0.0,7.0,0.0
2014-03-06 18:00:00+00:00,25.219,91.68789,1012.0364,2.8116899,219.80553,0.0,5.0,0.0
2014-03-06 19:00:00+00:00,26.469,83.366035,1011.4386,2.4149535,206.56499,0.0,7.0,0.0
2014-03-06 20:00:00+00:00,26.269001,82.3415,1010.7385,1.1384199,198.43504,0.4,39.0,51.0
2014-03-06 21:00:00+00:00,25.669,83.52815,1009.9379,1.8,36.86999,0.0,44.0,1.0
2014-03-06 22:00:00+00:00,24.069,91.34138,1009.6355,5.0142193,21.037588,0.0,22.0,1.0
2014-03-06 23:00:00+00:00,24.269001,90.25193,1009.63586,5.3517847,19.653913,0.0,23.0,1.0
2014-03-07 00:00:00+00:00,24.769001,87.59173,1009.7368,6.12,28.072395,0.0,22.0,1.0
2014-03-07 01:00:00+00:00,24.869001,85.75741,1010.4365,6.638072,40.601215,0.0,22.0,1.0
2014-03-07 02:00:00+00:00,25.419,82.99376,1011.7369,7.9932966,54.16227,0.0,21.0,1.0
2014-03-07 03:00:00+00:00,26.469,77.28274,1012.4381,7.754637,68.19853,0.0,32.0,1.0
2014-03-07 04:00:00+00:00,27.469,72.87274,1012.93945,6.87779,83.99109,0.0,78.0,2.0
2014-03-07 05:00:00+00:00,28.469,68.326584,1013.04095,6.0347,107.35411,0.0,91.0,3.0
2014-03-07 06:00:00+00:00,29.119001,65.79991,1012.6421,5.6233797,129.80553,0.0,94.0,3.0
2014-03-07 07:00:00+00:00,29.619001,62.960327,1011.5432,3.9763298,185.19434,0.0,96.0,3.0
2014-03-07 08:00:00+00:00,29.769001,64.350235,1010.3441,4.072935,224.9999,0.0,92.0,3.0
2014-03-07 09:00:00+00:00,29.569,66.89932,1009.24426,7.653705,228.81418,0.0,80.0,3.0
2014-03-07 10:00:00+00:00,28.969,72.4714,1008.7435,12.538134,230.82635,0.0,70.0,2.0
2014-03-07 11:00:00+00:00,28.369001,75.49239,1008.6426,13.551501,219.61066,0.0,41.0,1.0
2014-03-07 12:00:00+00:00,28.019001,77.04665,1008.94226,11.384198,214.69522,0.0,29.0,1.0
2014-03-07 13:00:00+00:00,27.619001,78.86726,1009.4414,7.5942082,211.42952,0.0,24.0,1.0
2014-03-07 14:00:00+00:00,27.369001,80.75576,1010.5405,4.1046314,195.25517,0.0,48.0,1.0
2014-03-07 15:00:00+00:00,27.269001,80.50011,1011.4398,0.35999998,180.0,0.0,44.0,1.0
2014-03-07 16:00:00+00:00,26.269001,87.984955,1012.33777,4.8433046,48.01287,0.0,13.0,0.0
2014-03-07 17:00:00+00:00,26.469,84.63177,1012.638,6.8777895,47.12111,0.0,33.0,1.0
2014-03-07 18:00:00+00:00,26.369001,85.389175,1012.638,7.145796,40.9143,0.0,88.0,3.0
2014-03-07 19:00:00+00:00,26.619001,81.39407,1012.0385,7.5685663,25.346138,0.0,100.0,3.0
2014-03-07 20:00:00+00:00,26.369001,81.609436,1011.3386,7.968939,18.435053,0.0,85.0,3.0
2014-03-07 21:00:00+00:00,26.119001,81.33138,1010.63855,7.8954163,24.227736,0.0,77.0,2.0
2014-03-07 22:00:00+00:00,25.869001,80.31675,1010.7379,7.127636,44.999897,0.0,80.0,3.0
2014-03-07 23:00:00+00:00,25.669,78.592926,1010.3377,6.696387,36.253937,0.0,47.0,1.0
2014-03-08 00:00:00+00:00,25.469,77.60765,1010.7373,6.989936,34.50859,0.0,22.0,1.0
2014-03-08 01:00:00+00:00,25.269001,77.34019,1011.1368,7.145796,40.9143,0.0,61.0,2.0
2014-03-08 02:00:00+00:00,25.419,77.600235,1011.8368,8.435069,50.194473,0.0,54.0,2.0
2014-03-08 03:00:00+00:00,26.419,73.1385,1012.9379,7.8625183,74.054535,0.0,47.0,1.0
2014-03-08 04:00:00+00:00,27.419,69.8141,1013.33923,7.42159,104.03627,0.0,51.0,2.0
2014-03-08 05:00:00+00:00,28.369001,66.86253,1013.34045,5.937272,104.03627,0.0,56.0,2.0
2014-03-08 06:00:00+00:00,29.319,63.86403,1012.2427,2.9024127,82.875084,0.0,84.0,3.0
2014-03-08 07:00:00+00:00,30.319,60.1094,1011.1447,0.8049845,63.435013,0.0,75.0,2.0
2014-03-08 08:00:00+00:00,30.769001,60.028496,1010.2457,4.1046314,217.87505,0.0,37.0,1.0
2014-03-08 09:00:00+00:00,29.969,64.58822,1009.4448,9.931042,226.46873,2.0,19.0,61.0
2014-03-08 10:00:00+00:00,29.069,71.619965,1009.1437,12.55879,207.29948,0.2,45.0,51.0
2014-03-08 11:00:00+00:00,28.619001,72.629745,1008.94324,6.519877,186.3401,0.5,43.0,53.0
2014-03-08 12:00:00+00:00,28.469,73.486885,1009.54254,3.9763298,185.19434,0.0,48.0,1.0
2014-03-08 13:00:00+00:00,28.219,75.46871,1010.3418,1.484318,255.96373,0.0,74.0,2.0
2014-03-08 14:00:00+00:00,27.869001,77.95818,1011.34076,2.5959969,303.6901,0.0,80.0,3.0
2014-03-08 15:00:00+00:00,27.469,80.526085,1011.74,2.8116899,320.1945,0.0,93.0,3.0
2014-03-08 16:00:00+00:00,27.369001,80.271095,1012.73956,4.510787,331.38962,0.0,97.0,3.0
2014-03-08 17:00:00+00:00,27.219,80.97998,1012.7392,6.6087217,330.64233,0.0,96.0,3.0
2014-03-08 18:00:00+00:00,27.069,81.695915,1012.9389,6.763786,334.79892,0.0,100.0,3.0
2014-03-08 19:00:00+00:00,27.119001,80.48056,1012.13916,7.072878,345.25638,0.0,98.0,3.0
2014-03-08 20:00:00+00:00,26.919,80.21183,1011.63904,6.519877,6.3401003,0.0,100.0,3.0
2014-03-08 21:00:00+00:00,26.769001,79.227,1010.7395,6.725354,15.524177,0.0,100.0,3.0
2014-03-08 22:00:00+00:00,26.519001,77.761955,1010.6389,7.0911775,23.962492,0.0,93.0,3.0
2014-03-08 23:00:00+00:00,26.219,76.07498,1010.7385,8.534353,27.645891,0.0,80.0,3.0
2014-03-09 00:00:00+00:00,25.919,75.56356,1010.9381,9.290511,35.537766,0.0,82.0,3.0
2014-03-09 01:00:00+00:00,25.619001,74.82251,1011.5372,9.686609,48.01287,0.0,94.0,3.0
2014-03-09 02:00:00+00:00,25.569,74.35513,1012.3368,10.587918,54.688713,0.0,97.0,3.0
2014-03-09 03:00:00+00:00,26.369001,69.18761,1013.23773,11.183201,56.82148,0.0,97.0,3.0
2014-03-09 04:00:00+00:00,27.569,62.318737,1013.53955,9.793059,53.972538,0.0,97.0,3.0
2014-03-09 05:00:00+00:00,28.869001,55.834187,1013.4414,7.386582,46.97493,0.0,76.0,2.0
2014-03-09 06:00:00+00:00,29.869001,51.5641,1012.4434,4.072935,44.999897,0.0,85.0,3.0
2014-03-09 07:00:00+00:00,30.419,49.033047,1011.44464,1.4399999,90.0,0.0,75.0,2.0
2014-03-09 08:00:00+00:00,30.719,49.265015,1010.2457,2.7416782,203.19862,0.0,37.0,1.0
2014-03-09 09:00:00+00:00,30.719,51.300667,1009.3461,6.638072,220.60121,0.0,29.0,1.0
2014-03-09 10:00:00+00:00,30.019001,57.51475,1008.945,11.681987,213.6901,0.0,54.0,2.0
2014-03-09 11:00:00+00:00,29.019001,64.98126,1008.44403,11.019764,218.36752,0.0,64.0,2.0
2014-03-09 12:00:00+00:00,28.319,68.08939,1009.0424,10.514218,231.95291,0.0,69.0,2.0
2014-03-09 13:00:00+00:00,27.719,70.94492,1009.5414,9.028754,246.50142,0.0,57.0,2.0
2014-03-09 14:00:00+00:00,27.319,73.06926,1010.54016,8.905908,255.96373,0.0,44.0,1.0
2014-03-09 15:00:00+00:00,27.019001,75.27806,1011.2396,6.519877,263.6599,0.0,55.0,2.0
2014-03-09 16:00:00+00:00,26.719,77.79121,1011.8386,4.0249224,280.30478,0.0,51.0,2.0
2014-03-09 17:00:00+00:00,26.169,83.33201,1012.1379,4.198285,300.96368,0.0,82.0,3.0
2014-03-09 18:00:00+00:00,25.869001,85.59691,1012.33716,4.1046314,322.12494,0.0,94.0,3.0
2014-03-09 19:00:00+00:00,26.019001,84.32904,1011.73773,3.9763298,354.80566,0.0,96.0,3.0
2014-03-09 20:00:00+00:00,26.319,80.13248,1011.23865,4.452954,14.036275,0.0,68.0,2.0
2014-03-09 21:00:00+00:00,26.119001,79.378395,1010.0388,5.6920996,18.435053,0.0,24.0,1.0
2014-03-09 22:00:00+00:00,26.069,77.69603,1010.43835,5.771239,3.5762644,0.0,10.0,0.0
2014-03-09 23:00:00+00:00,25.869001,76.253624,1010.4381,5.8048253,29.744795,0.0,29.0,1.0
2014-03-10 00:00:00+00:00,25.669,73.915146,1010.43774,6.1305785,40.236294,0.0,3.0,0.0
2014-03-10 01:00:00+00:00,25.419,72.5165,1011.2371,6.1305785,49.76371,0.0,7.0,0.0
2014-03-10 02:00:00+00:00,25.519001,72.534004,1011.7371,7.42159,67.16631,0.0,5.0,0.0
2014-03-10 03:00:00+00:00,26.619001,67.75513,1012.9382,6.9899354,78.11137,0.0,2.0,0.0
2014-03-10 04:00:00+00:00,27.819,62.37395,1013.13995,5.8603754,79.380394,0.0,21.0,1.0
2014-03-10 05:00:00+00:00,28.819,57.944107,1013.14154,3.2399998,90.0,0.0,70.0,2.0
2014-03-10 06:00:00+00:00,29.619001,55.326263,1012.34283,1.609969,153.43501,0.0,69.0,2.0
2014-03-10 07:00:00+00:00,30.669,51.76805,1011.14496,4.452954,194.03627,0.0,81.0,3.0
2014-03-10 08:00:00+00:00,30.669,55.24115,1010.24536,9.511088,209.4758,0.0,57.0,2.0
2014-03-10 09:00:00+00:00,29.919,60.94415,1009.3448,13.397612,210.69965,0.0,55.0,2.0
2014-03-10 10:00:00+00:00,29.269001,64.441,1008.94415,14.386494,211.70139,0.0,19.0,0.0
2014-03-10 11:00:00+00:00,28.819,66.95275,1008.64355,13.584932,212.00534,0.0,1.0,0.0
2014-03-10 12:00:00+00:00,28.319,70.62346,1009.14233,11.304229,217.23491,0.0,5.0,0.0
2014-03-10 13:00:00+00:00,27.819,74.04783,1009.94147,7.8954163,223.1524,0.0,14.0,0.0
2014-03-10 14:00:00+00:00,27.369001,76.71661,1010.8404,4.3349743,228.36655,0.0,26.0,1.0
2014-03-10 15:00:00+00:00,26.919,79.96984,1011.4392,1.8,270.0,0.0,54.0,2.0
2014-03-10 16:00:00+00:00,26.269001,83.595474,1011.838,4.2136917,19.983198,0.0,53.0,2.0
2014-03-10 17:00:00+00:00,26.119001,82.8236,1011.838,5.634891,26.564985,0.0,50.0,2.0
2014-03-10 18:00:00+00:00,25.919,83.55626,1011.73773,6.4096174,38.157276,0.0,41.0,1.0
2014-03-10 19:00:00+00:00,26.169,80.356255,1010.7385,6.3690495,42.709366,0.0,26.0,1.0
2014-03-10 20:00:00+00:00,26.019001,76.74496,1010.2384,7.386582,46.97493,0.0,15.0,0.0
2014-03-10 21:00:00+00:00,25.769001,71.465965,1009.33856,8.209263,52.124958,0.0,14.0,0.0
2014-03-10 22:00:00+00:00,25.419,69.00504,1009.4379,9.178235,64.440094,0.0,16.0,0.0
2014-03-10 23:00:00+00:00,25.069,69.58533,1010.0369,8.699793,65.55606,0.0,2.0,0.0
2014-03-11 00:00:00+00:00,24.769001,71.50696,1010.33655,8.373386,64.5367,0.0,2.0,0.0
2014-03-11 01:00:00+00:00,24.519001,73.49236,1010.9359,8.217153,61.189304,0.0,5.0,0.0
2014-03-11 02:00:00+00:00,24.719,74.6752,1011.7359,9.387651,57.528828,0.0,8.0,0.0
2014-03-11 03:00:00+00:00,26.119001,68.925995,1012.5377,10.805998,60.018444,0.0,44.0,1.0
2014-03-11 04:00:00+00:00,27.569,62.125694,1012.9398,10.144082,62.525658,0.0,84.0,3.0
2014-03-11 05:00:00+00:00,28.869001,56.008343,1012.4419,8.699793,65.55606,0.0,96.0,3.0
2014-03-11 06:00:00+00:00,30.019001,50.96196,1011.94366,8.089993,69.14546,0.0,100.0,3.0
2014-03-11 07:00:00+00:00,31.319,45.853016,1010.5462,6.28713,66.37061,0.0,86.0,3.0
2014-03-11 08:00:00+00:00,31.819,45.1313,1009.5476,3.2399998,90.0,0.0,81.0,3.0
2014-03-11 09:00:00+00:00,31.869001,47.015186,1008.2482,4.6938252,175.60138,0.0,70.0,2.0
2014-03-11 10:00:00+00:00,31.419,50.53229,1008.14764,7.653705,221.18582,0.0,33.0,1.0
2014-03-11 11:00:00+00:00,30.419,58.49957,1007.6463,8.942214,220.10085,0.0,2.0,0.0
2014-03-11 12:00:00+00:00,29.819,63.003677,1008.445,7.7043357,217.40543,0.0,2.0,0.0
2014-03-11 13:00:00+00:00,29.169,66.81926,1009.1437,4.6938257,212.47118,0.0,0.0,0.0
2014-03-11 14:00:00+00:00,28.419,70.21396,1010.24225,1.9386592,201.80147,0.0,0.0,0.0
2014-03-11 15:00:00+00:00,27.869001,72.2798,1011.0409,1.2979984,326.3099,0.0,0.0,0.0
2014-03-11 16:00:00+00:00,27.219,74.17353,1011.9396,5.3517847,19.653913,0.0,0.0,0.0
2014-03-11 17:00:00+00:00,26.769001,75.46775,1012.0389,7.24486,26.564985,0.0,2.0,0.0
2014-03-11 18:00:00+00:00,26.369001,77.50362,1012.33813,7.289445,32.905247,0.0,1.0,0.0
2014-03-11 19:00:00+00:00,26.319,76.323265,1011.6384,7.9932966,35.837746,0.0,4.0,0.0
2014-03-11 20:00:00+00:00,26.069,73.529076,1010.9381,8.669949,41.63345,0.0,1.0,0.0
2014-03-11 21:00:00+00:00,25.719,68.422264,1010.4381,8.942214,49.899166,0.0,7.0,0.0
2014-03-11 22:00:00+00:00,25.219,66.42928,1010.43713,8.707237,60.255207,0.0,15.0,0.0
2014-03-11 23:00:00+00:00,24.769001,66.96453,1010.1366,9.19939,59.420856,0.0,0.0,0.0
2014-03-12 00:00:00+00:00,24.419,69.244,1010.73566,8.587338,56.976128,0.0,1.0,0.0
2014-03-12 01:00:00+00:00,24.069,72.0528,1011.43475,7.8954163,65.77226,0.0,3.0,0.0
2014-03-12 02:00:00+00:00,24.319,73.22983,1012.83466,9.107359,71.564964,0.0,2.0,0.0
2014-03-12 03:00:00+00:00,25.719,66.947784,1013.4367,10.24578,71.564964,0.0,2.0,0.0
2014-03-12 04:00:00+00:00,27.319,57.768192,1013.63873,10.24578,71.564964,0.0,3.0,0.0
2014-03-12 05:00:00+00:00,28.869001,49.87227,1013.6413,8.766573,70.8209,0.0,18.0,0.0
2014-03-12 06:00:00+00:00,30.069,45.08733,1012.74365,7.072878,75.25639,0.0,24.0,1.0
2014-03-12 07:00:00+00:00,31.319,40.536026,1011.4458,5.771239,86.423744,0.0,32.0,1.0
2014-03-12 08:00:00+00:00,31.819,40.415855,1010.14734,4.3349743,94.76356,0.0,32.0,1.0
2014-03-12 09:00:00+00:00,31.969,41.49465,1009.04785,3.8268526,138.81418,0.0,31.0,1.0
2014-03-12 10:00:00+00:00,31.819,43.599823,1008.4481,4.5536795,198.43504,0.0,18.0,0.0
2014-03-12 11:00:00+00:00,31.319,47.90581,1008.5471,6.162207,173.29025,0.0,27.0,1.0
2014-03-12 12:00:00+00:00,30.769001,52.439667,1008.4466,7.7043357,142.59457,0.0,50.0,2.0
2014-03-12 13:00:00+00:00,30.119001,56.137596,1009.0453,11.298495,120.65059,0.0,73.0,2.0
2014-03-12 14:00:00+00:00,29.619001,56.36451,1009.844,12.864649,107.92801,0.0,73.0,2.0
2014-03-12 15:00:00+00:00,28.919,58.690445,1010.7426,12.6462,94.89901,0.0,88.0,3.0
2014-03-12 16:00:00+00:00,28.119001,62.440067,1011.5411,11.212135,84.47256,0.0,90.0,3.0
2014-03-12 17:00:00+00:00,27.319,66.44558,1011.63965,9.346143,74.3577,0.0,18.0,0.0
2014-03-12 18:00:00+00:00,26.669,68.60726,1011.33887,8.225035,66.80139,0.0,7.0,0.0
2014-03-12 19:00:00+00:00,26.319,66.65396,1010.539,8.049845,63.435013,0.0,14.0,0.0
2014-03-12 20:00:00+00:00,25.869001,66.14869,1009.8383,8.699793,65.55606,0.0,35.0,1.0
2014-03-12 21:00:00+00:00,25.419,64.42075,1009.0381,9.227524,69.44388,0.0,60.0,2.0
2014-03-12 22:00:00+00:00,25.019001,61.55438,1009.3372,9.107359,71.564964,0.0,74.0,2.0
2014-03-12 23:00:00+00:00,24.469,61.429695,1008.6366,10.137692,73.49557,0.0,83.0,3.0
2014-03-13 00:00:00+00:00,24.069,63.120792,1009.0358,9.605998,77.00539,0.0,88.0,3.0
2014-03-13 01:00:00+00:00,23.769001,65.92093,1009.8352,8.766573,70.8209,0.0,95.0,3.0
2014-03-13 02:00:00+00:00,23.969,67.43692,1011.2348,9.220499,51.34017,0.0,94.0,3.0
2014-03-13 03:00:00+00:00,25.469,62.832386,1012.03674,9.449572,40.364468,0.0,98.0,3.0
2014-03-13 04:00:00+00:00,27.269001,55.442005,1012.23944,9.793059,36.027473,0.0,65.0,2.0
2014-03-13 05:00:00+00:00,29.119001,46.726154,1012.6421,6.9247384,27.897186,0.0,23.0,1.0
2014-03-13 06:00:00+00:00,30.319,42.375103,1011.74445,2.8799999,360.0,0.0,8.0,0.0
2014-03-13 07:00:00+00:00,31.369001,38.530407,1010.44666,2.8799999,270.0,0.0,0.0,0.0
2014-03-13 08:00:00+00:00,31.769001,39.891815,1009.24774,6.439876,243.43501,0.0,0.0,0.0
2014-03-13 09:00:00+00:00,31.169,46.391563,1008.24725,11.983188,237.26477,0.0,0.0,0.0
2014-03-13 10:00:00+00:00,29.969,55.240646,1008.0454,13.891522,238.78166,0.0,0.0,0.0
2014-03-13 11:00:00+00:00,29.169,60.588497,1007.7443,12.783802,237.65257,0.0,0.0,0.0
2014-03-13 12:00:00+00:00,28.469,63.682114,1008.3431,12.4811535,236.76828,0.0,0.0,0.0
2014-03-13 13:00:00+00:00,27.669,66.9269,1008.74176,10.990322,238.39255,0.0,0.0,0.0
2014-03-13 14:00:00+00:00,27.169,69.34018,1009.9405,10.163227,247.06787,0.0,15.0,0.0
2014-03-13 15:00:00+00:00,26.819,71.65466,1010.8394,9.107359,251.56496,0.0,51.0,2.0
2014-03-13 16:00:00+00:00,26.419,74.95247,1012.2382,7.69592,259.21576,0.0,47.0,1.0
2014-03-13 17:00:00+00:00,25.819,80.31019,1012.637,8.311245,274.96964,0.0,83.0,3.0
2014-03-13 18:00:00+00:00,24.969,85.76732,1012.83563,5.154415,294.77512,0.0,84.0,3.0
2014-03-13 19:00:00+00:00,25.719,79.80889,1012.33716,2.968636,345.9637,0.0,90.0,3.0
2014-03-13 20:00:00+00:00,24.119001,87.0023,1011.53503,4.39436,34.9921,0.0,97.0,3.0
2014-03-13 21:00:00+00:00,24.719,82.15481,1010.7364,5.3999996,36.86998,0.0,92.0,3.0
2014-03-13 22:00:00+00:00,24.569,77.95374,1010.3362,5.6002855,44.999897,0.0,87.0,3.0
2014-03-13 23:00:00+00:00,24.469,73.25568,1010.03595,6.489992,56.3099,0.0,95.0,3.0
2014-03-14 00:00:00+00:00,24.269001,71.416275,1010.43555,6.725354,74.47583,0.0,96.0,3.0
2014-03-14 01:00:00+00:00,23.869001,72.69621,1010.93494,7.5685663,87.27374,0.0,96.0,3.0
2014-03-14 02:00:00+00:00,24.119001,73.42392,1011.63495,9.3876505,94.39862,0.0,98.0,3.0
2014-03-14 03:00:00+00:00,25.969,63.735947,1012.3374,9.422101,96.581856,0.0,97.0,3.0
2014-03-14 04:00:00+00:00,27.819,51.19898,1013.04004,8.28,90.0,0.0,99.0,3.0
2014-03-14 05:00:00+00:00,29.419,43.500496,1012.8424,5.4119864,93.814,0.0,99.0,3.0
2014-03-14 06:00:00+00:00,30.519001,41.22909,1012.5443,4.1046314,127.875046,0.0,97.0,3.0
2014-03-14 07:00:00+00:00,31.419,40.563477,1011.2463,3.0758414,159.44388,0.0,100.0,3.0
2014-03-14 08:00:00+00:00,31.769001,40.918194,1009.6475,3.6,216.86998,0.0,100.0,3.0
2014-03-14 09:00:00+00:00,31.669,43.972412,1008.44775,7.928177,219.47243,0.0,100.0,3.0
2014-03-14 10:00:00+00:00,30.969,49.948395,1008.247,11.4862,212.19571,0.0,100.0,3.0
2014-03-14 11:00:00+00:00,30.219,56.335148,1007.54596,9.449572,197.74477,0.0,100.0,3.0
2014-03-14 12:00:00+00:00,29.719,60.156937,1007.94525,6.5693827,189.46225,0.0,100.0,3.0
2014-03-14 13:00:00+00:00,28.969,64.37766,1008.2438,4.6938252,175.60138,0.0,100.0,3.0
2014-03-14 14:00:00+00:00,28.369001,66.86253,1009.5422,2.5959969,146.3099,0.0,100.0,3.0
2014-03-14 15:00:00+00:00,27.769001,72.26229,1010.54114,5.1165614,50.710617,0.0,100.0,3.0
2014-03-14 16:00:00+00:00,27.219,71.50716,1011.3398,6.1305785,49.76371,0.0,100.0,3.0
2014-03-14 17:00:00+00:00,26.719,73.86451,1011.8386,6.4096174,38.157276,0.0,100.0,3.0
2014-03-14 18:00:00+00:00,26.319,75.39615,1011.93835,7.0911775,23.962492,0.0,100.0,3.0
2014-03-14 19:00:00+00:00,26.269001,70.24492,1011.63806,8.209263,15.255177,0.0,100.0,3.0
2014-03-14 20:00:00+00:00,25.869001,70.17027,1011.1377,8.654986,16.927603,0.0,100.0,3.0
2014-03-14 21:00:00+00:00,25.469,70.09539,1010.5374,8.557102,22.249071,0.0,100.0,3.0
2014-03-14 22:00:00+00:00,25.069,69.15281,1010.73663,8.427383,19.983198,0.0,100.0,3.0
2014-03-14 23:00:00+00:00,24.669,68.216064,1010.9359,8.534353,27.645891,0.0,100.0,3.0
2014-03-15 00:00:00+00:00,24.319,67.08386,1011.5353,8.587338,33.023872,0.0,100.0,3.0
2014-03-15 01:00:00+00:00,23.969,67.01277,1012.0344,8.14587,44.999897,0.0,100.0,3.0
2014-03-15 02:00:00+00:00,24.119001,66.8322,1013.03436,9.0,53.13002,0.0,99.0,3.0
2014-03-15 03:00:00+00:00,25.869001,59.08029,1013.8365,7.4128532,60.94549,0.0,100.0,3.0
2014-03-15 04:00:00+00:00,27.719,49.729446,1014.43915,5.0142193,68.96242,0.0,100.0,3.0
2014-03-15 05:00:00+00:00,29.269001,43.73871,1014.4417,1.835647,78.6901,0.0,100.0,3.0
2014-03-15 06:00:00+00:00,30.319,40.51998,1013.9435,1.8,180.0,0.0,100.0,3.0
2014-03-15 07:00:00+00:00,31.019001,40.582893,1012.8449,5.154415,204.77512,0.0,99.0,3.0
2014-03-15 08:00:00+00:00,30.919,46.034695,1011.64545,10.799999,216.86998,0.0,97.0,3.0
2014-03-15 09:00:00+00:00,29.769001,57.101948,1010.74396,15.580141,220.31403,0.0,95.0,3.0
2014-03-15 10:00:00+00:00,28.969,62.626575,1010.64264,14.529915,221.98714,0.0,95.0,3.0
2014-03-15 11:00:00+00:00,28.419,63.671375,1010.842,14.291592,220.91429,0.0,99.0,3.0
2014-03-15 12:00:00+00:00,27.869001,64.34225,1011.0409,13.830749,218.65984,0.0,95.0,3.0
2014-03-15 13:00:00+00:00,27.369001,65.640854,1011.5401,11.808878,217.56866,0.0,97.0,3.0
2014-03-15 14:00:00+00:00,26.919,68.444534,1012.33875,9.220499,218.65984,0.0,90.0,3.0
2014-03-15 15:00:00+00:00,26.619001,70.961784,1013.33795,5.495161,238.39255,0.0,91.0,3.0
2014-03-15 16:00:00+00:00,26.219,74.690956,1014.23694,5.0142193,291.03757,0.0,90.0,3.0
2014-03-15 17:00:00+00:00,25.869001,76.253624,1014.4363,7.7043357,322.59457,0.0,81.0,3.0
2014-03-15 18:00:00+00:00,25.619001,78.58583,1014.3359,8.854829,333.43503,0.0,77.0,2.0
2014-03-15 19:00:00+00:00,26.019001,76.979935,1013.63684,8.427383,340.0168,0.0,59.0,2.0
2014-03-15 20:00:00+00:00,25.869001,77.904305,1013.1368,8.049845,349.69522,0.0,66.0,2.0
2014-03-15 21:00:00+00:00,25.619001,79.067696,1012.3368,7.92,360.0,0.0,65.0,2.0
2014-03-15 22:00:00+00:00,25.369001,79.03284,1011.8368,6.9899354,11.888645,0.0,78.0,2.0
2014-03-15 23:00:00+00:00,25.119001,78.27395,1012.0364,7.0911775,23.962492,0.0,75.0,2.0
2014-03-16 00:00:00+00:00,24.819,77.03501,1012.23566,7.2,36.86999,0.0,86.0,3.0
2014-03-16 01:00:00+00:00,24.519001,76.04299,1013.0349,7.386582,46.97493,0.0,92.0,3.0
2014-03-16 02:00:00+00:00,24.819,73.77193,1013.635,8.707237,60.255207,0.0,89.0,3.0
2014-03-16 03:00:00+00:00,26.469,63.645203,1014.2373,7.42159,67.16631,0.0,95.0,3.0
2014-03-16 04:00:00+00:00,28.169,52.76789,1014.7396,5.8048253,82.875084,0.0,95.0,3.0
2014-03-16 05:00:00+00:00,29.519001,46.389805,1014.5419,3.8268526,131.18582,0.0,95.0,3.0
2014-03-16 06:00:00+00:00,30.519001,44.07841,1013.9437,4.73506,171.25392,0.0,93.0,3.0
2014-03-16 07:00:00+00:00,31.419,44.741898,1012.64557,6.2145634,190.00792,0.0,99.0,3.0
2014-03-16 08:00:00+00:00,31.469,46.909325,1011.54614,9.021574,208.61037,0.0,98.0,3.0
2014-03-16 09:00:00+00:00,30.669,53.56261,1010.34534,13.18308,214.9921,0.0,99.0,3.0
2014-03-16 10:00:00+00:00,30.169,58.262035,1010.4447,12.979984,213.6901,0.0,100.0,3.0
2014-03-16 11:00:00+00:00,29.669,62.01664,1009.4446,11.246759,219.80553,0.0,100.0,3.0
2014-03-16 12:00:00+00:00,29.119001,67.01272,1009.8434,9.449572,220.36446,0.0,100.0,3.0
2014-03-16 13:00:00+00:00,28.419,71.721214,1010.1423,7.145796,220.91429,0.0,98.0,3.0
2014-03-16 14:00:00+00:00,27.969,74.297264,1011.04126,3.0758414,200.55612,0.0,82.0,3.0
2014-03-16 15:00:00+00:00,27.719,75.38953,1012.0402,0.5091169,315.0001,0.0,74.0,2.0
2014-03-16 16:00:00+00:00,27.319,76.47697,1012.9391,3.8268526,41.185837,0.0,58.0,2.0
2014-03-16 17:00:00+00:00,26.869001,78.286446,1013.13837,5.634891,26.564985,0.0,50.0,2.0
2014-03-16 18:00:00+00:00,26.569,79.68123,1013.33795,6.489992,19.440128,0.0,48.0,1.0
2014-03-16 19:00:00+00:00,26.519001,77.29016,1012.738,6.924738,8.97255,0.0,58.0,2.0
2014-03-16 20:00:00+00:00,26.119001,78.17876,1012.1379,7.9932976,7.7650824,0.0,76.0,2.0
2014-03-16 21:00:00+00:00,25.719,79.08164,1011.53754,7.69592,10.784258,0.0,84.0,3.0
2014-03-16 22:00:00+00:00,25.319,79.75483,1011.2371,7.8625183,15.945477,0.0,71.0,2.0
2014-03-16 23:00:00+00:00,24.969,79.95216,1011.1364,8.089993,20.854538,0.0,63.0,2.0
2014-03-17 00:00:00+00:00,24.569,79.8983,1011.53564,8.049845,26.564985,0.0,70.0,2.0
2014-03-17 01:00:00+00:00,24.319,79.37372,1012.4349,7.2,36.86999,0.0,48.0,1.0
2014-03-17 02:00:00+00:00,24.619001,77.72098,1013.43475,7.653705,48.814175,0.0,51.0,2.0
2014-03-17 03:00:00+00:00,26.369001,67.49615,1013.93744,5.6233797,50.194473,0.0,40.0,1.0
2014-03-17 04:00:00+00:00,28.169,56.188297,1014.23987,4.3349743,41.63345,0.0,22.0,1.0
2014-03-17 05:00:00+00:00,29.719,48.543037,1013.9425,1.609969,333.43503,0.0,20.0,1.0
2014-03-17 06:00:00+00:00,30.769001,46.284946,1013.44434,3.5455887,246.0375,0.0,14.0,0.0
2014-03-17 07:00:00+00:00,31.519001,45.906406,1012.0459,7.8954163,226.8476,0.0,20.0,1.0
2014-03-17 08:00:00+00:00,31.069,52.84077,1010.6459,12.738099,227.29063,0.0,22.0,1.0
2014-03-17 09:00:00+00:00,30.069,60.42113,1010.04486,15.815435,228.69148,0.0,23.0,1.0
2014-03-17 10:00:00+00:00,29.419,63.88533,1009.34393,15.281989,226.90913,0.0,13.0,0.0
2014-03-17 11:00:00+00:00,28.719,65.918915,1009.443,14.291592,229.08571,0.0,15.0,0.0
2014-03-17 12:00:00+00:00,28.169,68.060074,1009.8418,13.104198,232.81522,0.0,32.0,1.0
2014-03-17 13:00:00+00:00,27.569,71.13446,1010.74084,11.792404,238.73633,0.0,34.0,1.0
2014-03-17 14:00:00+00:00,27.219,73.49889,1011.7396,10.30883,245.22488,0.0,30.0,1.0
2014-03-17 15:00:00+00:00,26.969,75.49951,1012.639,8.825508,258.23172,0.0,47.0,1.0
2014-03-17 16:00:00+00:00,26.719,77.555244,1013.4379,7.9526596,275.19434,0.0,61.0,2.0
2014-03-17 17:00:00+00:00,26.369001,79.89631,1013.4377,7.8954163,294.22772,0.0,80.0,3.0
2014-03-17 18:00:00+00:00,26.119001,81.82615,1013.33734,7.386582,313.0251,0.0,83.0,3.0
2014-03-17 19:00:00+00:00,26.469,80.884186,1012.638,6.792466,327.99466,0.0,84.0,3.0
2014-03-17 20:00:00+00:00,26.269001,82.092674,1011.838,6.9527545,338.74942,0.0,93.0,3.0
2014-03-17 21:00:00+00:00,26.069,83.320656,1011.13794,7.5942073,354.55975,0.0,92.0,3.0
2014-03-17 22:00:00+00:00,25.869001,83.804054,1010.63794,7.6367526,8.130019,0.0,94.0,3.0
2014-03-17 23:00:00+00:00,25.719,83.787445,1010.7379,6.439876,26.564985,0.0,95.0,3.0
2014-03-18 00:00:00+00:00,25.519001,83.76522,1011.1373,6.489992,33.6901,0.0,93.0,3.0
2014-03-18 01:00:00+00:00,25.319,83.488716,1011.6369,6.12,28.072395,0.0,91.0,3.0
2014-03-18 02:00:00+00:00,25.819,79.82237,1012.33716,7.24486,26.564985,0.0,66.0,2.0
2014-03-18 03:00:00+00:00,27.469,66.68109,1012.6396,6.696387,36.253937,0.0,47.0,1.0
2014-03-18 04:00:00+00:00,28.919,58.872326,1012.94165,4.072935,44.999897,0.0,30.0,1.0
2014-03-18 05:00:00+00:00,30.219,54.62209,1012.74365,1.609969,206.56499,0.0,30.0,1.0
2014-03-18 06:00:00+00:00,31.319,52.25475,1012.4454,6.5693827,189.46225,0.0,30.0,1.0
2014-03-18 07:00:00+00:00,31.819,52.542027,1011.64667,8.473393,192.26476,0.0,34.0,1.0
2014-03-18 08:00:00+00:00,30.019001,61.52791,1011.04407,10.883676,214.21576,0.4,19.0,51.0
2014-03-18 09:00:00+00:00,30.069,64.41345,1009.845,10.44,226.39711,0.0,52.0,2.0
2014-03-18 10:00:00+00:00,29.919,66.56528,1008.945,12.682018,235.40765,0.0,19.0,0.0
2014-03-18 11:00:00+00:00,28.969,72.25321,1008.84344,13.276144,229.39879,1.1,59.0,55.0
2014-03-18 12:00:00+00:00,28.069,77.28643,1009.7419,10.630672,241.69934,1.0,76.0,55.0
2014-03-18 13:00:00+00:00,27.619001,80.54554,1010.14105,10.182337,261.87,0.0,38.0,1.0
2014-03-18 14:00:00+00:00,27.269001,82.460464,1011.04,8.64,270.0,0.0,25.0,1.0
2014-03-18 15:00:00+00:00,26.919,84.42526,1011.7391,7.2359104,275.7105,0.0,32.0,1.0
2014-03-18 16:00:00+00:00,26.569,85.92403,1012.43835,7.2805495,278.53067,0.0,65.0,2.0
2014-03-18 17:00:00+00:00,26.319,86.67811,1012.8379,6.489992,289.44012,0.0,82.0,3.0
2014-03-18 18:00:00+00:00,26.119001,87.1826,1012.8376,5.495161,301.60745,0.0,94.0,3.0
2014-03-18 19:00:00+00:00,25.919,86.380196,1012.1375,6.618519,315.0001,0.0,97.0,3.0
2014-03-18 20:00:00+00:00,25.469,88.716896,1011.6369,5.95906,334.98312,0.0,92.0,3.0
2014-03-18 21:00:00+00:00,25.069,90.03513,1010.73663,5.4119864,3.8140097,0.0,94.0,3.0
2014-03-18 22:00:00+00:00,24.919,90.296936,1010.6366,5.315336,28.30066,0.0,97.0,3.0
2014-03-18 23:00:00+00:00,24.919,90.02452,1010.2368,5.3999996,36.86998,0.0,100.0,3.0
2014-03-19 00:00:00+00:00,24.869001,89.47807,1010.53644,5.6002855,44.999897,0.0,100.0,3.0
2014-03-19 01:00:00+00:00,24.669,89.19241,1011.1358,5.991594,57.264786,0.0,93.0,3.0
2014-03-19 02:00:00+00:00,25.569,85.30838,1012.037,4.8965297,53.972538,0.0,95.0,3.0
2014-03-19 03:00:00+00:00,27.419,70.24285,1012.8395,5.2416787,74.054535,0.0,88.0,3.0
2014-03-19 04:00:00+00:00,28.469,64.27176,1013.1409,4.802999,102.99462,0.0,89.0,3.0
2014-03-19 05:00:00+00:00,29.519001,61.041126,1013.4424,5.3999996,126.86998,0.0,57.0,2.0
2014-03-19 06:00:00+00:00,30.069,60.977837,1012.74365,5.495161,148.39255,0.0,53.0,2.0
2014-03-19 07:00:00+00:00,30.569,59.80023,1011.6447,7.2,180.0,0.0,36.0,1.0
2014-03-19 08:00:00+00:00,30.519001,62.0148,1010.64514,8.647496,182.3859,0.0,34.0,1.0
2014-03-19 09:00:00+00:00,30.119001,65.605965,1009.4451,9.3876505,184.39862,0.0,40.0,1.0
2014-03-19 10:00:00+00:00,29.019001,71.61105,1008.34406,10.105681,175.91446,3.9,36.0,63.0
2014-03-19 11:00:00+00:00,28.969,73.349815,1008.64355,8.64,180.0,0.0,39.0,1.0
2014-03-19 12:00:00+00:00,28.519001,76.890076,1009.0428,9.47012,188.74608,0.0,49.0,1.0
2014-03-19 13:00:00+00:00,27.969,78.91596,1009.6419,7.2359104,174.2895,1.5,30.0,61.0
2014-03-19 14:00:00+00:00,27.119001,83.18921,1010.93976,3.96,180.0,4.0,50.0,63.0
2014-03-19 15:00:00+00:00,25.819,93.384865,1011.8374,1.1384199,161.56496,3.2,52.0,63.0
2014-03-19 16:00:00+00:00,25.919,89.82509,1012.2375,0.5091169,44.999897,0.1,66.0,51.0
2014-03-19 17:00:00+00:00,25.669,91.16599,1012.3368,0.8049845,26.564985,0.0,80.0,3.0
2014-03-19 18:00:00+00:00,25.419,92.25215,1012.4366,1.1384199,18.435053,0.1,92.0,51.0
2014-03-19 19:00:00+00:00,26.519001,85.66136,1011.73846,1.609969,26.564985,0.0,98.0,3.0
2014-03-19 20:00:00+00:00,25.119001,93.35134,1010.8369,2.5455842,8.130019,0.0,100.0,3.0
2014-03-19 21:00:00+00:00,25.269001,91.96699,1010.53705,3.0758414,20.556128,0.0,98.0,3.0
2014-03-19 22:00:00+00:00,24.719,94.463005,1009.83673,4.0249224,349.69522,0.0,96.0,3.0
2014-03-19 23:00:00+00:00,25.669,88.46595,1009.73804,5.1544156,347.90527,0.0,92.0,3.0
2014-03-20 00:00:00+00:00,25.819,87.15583,1009.8383,5.0911684,351.87,0.0,92.0,3.0
2014-03-20 01:00:00+00:00,25.869001,86.636375,1010.23816,6.162207,353.29025,0.0,89.0,3.0
2014-03-20 02:00:00+00:00,26.369001,85.13252,1011.5385,5.8048253,352.87506,0.0,91.0,3.0
2014-03-20 03:00:00+00:00,27.419,78.12869,1012.03986,4.5536795,341.56494,0.0,94.0,3.0
2014-03-20 04:00:00+00:00,28.269001,73.89867,1012.34094,3.8268526,318.81415,0.0,86.0,3.0
2014-03-20 05:00:00+00:00,29.119001,70.13076,1012.14233,4.198285,300.96368,0.0,65.0,2.0
2014-03-20 06:00:00+00:00,29.819,68.174324,1011.7435,5.771239,273.57626,0.0,49.0,1.0
2014-03-20 07:00:00+00:00,30.219,68.87044,1010.1448,9.107359,251.56496,2.8,65.0,63.0
2014-03-20 08:00:00+00:00,29.219,74.725365,1010.0433,10.464797,243.43501,7.9,87.0,65.0
2014-03-20 09:00:00+00:00,28.269001,78.95758,1008.6426,10.383987,236.3099,0.5,91.0,53.0
2014-03-20 10:00:00+00:00,28.369001,79.445724,1008.54266,10.24578,251.56496,3.8,89.0,63.0
2014-03-20 11:00:00+00:00,27.319,87.02921,1008.64105,7.771331,256.60748,8.3,90.0,65.0
2014-03-20 12:00:00+00:00,26.469,92.03561,1009.33954,7.5170207,286.6993,7.9,85.0,65.0
2014-03-20 13:00:00+00:00,25.969,92.00711,1009.73865,5.8603754,280.6196,2.0,84.0,61.0
2014-03-20 14:00:00+00:00,25.819,93.94449,1010.3381,4.5536795,288.43503,0.0,81.0,3.0
2014-03-20 15:00:00+00:00,25.769001,94.22329,1011.1377,2.968636,284.03625,0.0,79.0,2.0
2014-03-20 16:00:00+00:00,26.019001,92.83843,1011.63776,2.7416782,293.1986,0.0,81.0,3.0
2014-03-20 17:00:00+00:00,25.769001,94.505005,1011.7375,2.8116899,320.1945,0.0,80.0,3.0
2014-03-20 18:00:00+00:00,25.219,96.19573,1011.5366,4.6102495,308.65982,0.0,71.0,2.0
2014-03-20 19:00:00+00:00,25.969,91.45822,1010.73816,4.8965297,306.02747,0.0,71.0,2.0
2014-03-20 20:00:00+00:00,25.819,91.723465,1010.4381,5.634891,296.56497,0.0,66.0,2.0
2014-03-20 21:00:00+00:00,25.569,93.09373,1009.73804,5.8603754,312.5104,0.0,25.0,1.0
2014-03-20 22:00:00+00:00,25.469,93.08876,1008.9382,4.198285,329.03632,0.0,29.0,1.0
2014-03-20 23:00:00+00:00,25.519001,92.53482,1009.4382,6.439876,333.43503,0.0,28.0,1.0
2014-03-21 00:00:00+00:00,25.419,93.08624,1009.0381,6.9899354,348.11136,0.0,45.0,1.0
2014-03-21 01:00:00+00:00,25.369001,93.08376,1009.8377,8.287822,2.4894993,0.0,39.0,1.0
2014-03-21 02:00:00+00:00,25.719,91.992805,1010.1382,8.759178,9.462248,0.0,29.0,1.0
2014-03-21 03:00:00+00:00,26.719,86.71498,1011.1389,7.5685663,357.27374,0.0,15.0,0.0
2014-03-21 04:00:00+00:00,27.719,82.021,1011.54047,6.9247384,332.1028,0.0,7.0,0.0
2014-03-21 05:00:00+00:00,28.819,75.56325,1011.4423,6.8777895,312.8789,0.0,20.0,1.0
2014-03-21 06:00:00+00:00,29.669,71.082565,1010.8439,6.28713,293.6294,0.0,34.0,1.0
2014-03-21 07:00:00+00:00,30.319,69.72165,1009.3455,8.350138,262.5687,0.0,32.0,1.0
2014-03-21 08:00:00+00:00,29.819,74.37657,1008.445,12.768586,248.4985,0.3,38.0,51.0
2014-03-21 09:00:00+00:00,29.569,76.36112,1007.44507,14.182355,246.0375,0.7,59.0,53.0
2014-03-21 10:00:00+00:00,28.769001,79.262985,1007.04407,11.592895,244.23071,1.3,81.0,61.0
2014-03-21 11:00:00+00:00,28.019001,81.32438,1007.143,8.699793,245.55606,1.9,89.0,61.0
2014-03-21 12:00:00+00:00,28.119001,80.12896,1007.8427,7.42159,247.1663,0.2,92.0,51.0
2014-03-21 13:00:00+00:00,27.419,83.473045,1008.2416,4.68,270.0,1.3,89.0,61.0
2014-03-21 14:00:00+00:00,26.319,86.15847,1008.8397,3.96,270.0,2.1,57.0,61.0
2014-03-21 15:00:00+00:00,26.019001,88.22874,1009.5387,2.6208394,285.94547,0.3,81.0,51.0
2014-03-21 16:00:00+00:00,25.869001,89.28361,1010.03827,3.0758414,339.44388,0.0,96.0,3.0
2014-03-21 17:00:00+00:00,25.819,89.548515,1010.23816,4.0249224,349.69522,0.0,95.0,3.0
2014-03-21 18:00:00+00:00,25.769001,89.81428,1009.8383,4.73506,8.746089,0.0,96.0,3.0
2014-03-21 19:00:00+00:00,25.969,92.00711,1009.4388,5.4477882,7.59456,0.0,100.0,3.0
2014-03-21 20:00:00+00:00,25.469,93.648285,1008.8382,5.7599998,360.0,0.0,99.0,3.0
2014-03-21 21:00:00+00:00,25.519001,92.53482,1008.3386,6.830519,341.56494,0.0,100.0,3.0
2014-03-21 22:00:00+00:00,25.769001,89.54483,1007.7393,5.634891,333.43503,0.0,96.0,3.0
2014-03-21 23:00:00+00:00,25.519001,89.25715,1008.13873,6.4096174,321.8427,0.1,94.0,51.0
2014-03-22 00:00:00+00:00,25.419,88.980865,1008.4384,6.989936,325.4914,0.3,98.0,51.0
2014-03-22 01:00:00+00:00,25.369001,89.24574,1008.8382,7.10031,329.53452,0.0,99.0,3.0
2014-03-22 02:00:00+00:00,25.769001,88.2081,1009.9383,8.891343,328.24057,0.0,97.0,3.0
2014-03-22 03:00:00+00:00,26.469,85.39924,1010.539,10.685391,327.38077,0.0,99.0,3.0
2014-03-22 04:00:00+00:00,27.419,81.0054,1010.7405,11.435313,331.8215,0.0,93.0,3.0
2014-03-22 05:00:00+00:00,28.669,74.86129,1010.0427,10.990322,328.39255,0.0,88.0,3.0
2014-03-22 06:00:00+00:00,29.569,71.49333,1009.5441,10.739832,309.55963,0.0,89.0,3.0
2014-03-22 07:00:00+00:00,29.969,71.13647,1007.84546,12.43434,292.1095,0.2,92.0,51.0
2014-03-22 08:00:00+00:00,29.719,71.73504,1007.5454,14.512064,277.1249,1.5,92.0,61.0
2014-03-22 09:00:00+00:00,29.219,76.765175,1006.24506,16.215992,272.54474,0.7,93.0,53.0
2014-03-22 10:00:00+00:00,28.719,80.92818,1005.64465,18.03237,273.43356,0.0,95.0,3.0
2014-03-22 11:00:00+00:00,28.119001,82.06923,1005.6437,16.394829,278.84174,0.3,98.0,51.0
2014-03-22 12:00:00+00:00,28.219,81.83665,1006.2437,11.874544,284.03625,0.0,95.0,3.0
2014-03-22 13:00:00+00:00,27.769001,83.26307,1006.9428,7.771331,283.39252,0.2,87.0,51.0
2014-03-22 14:00:00+00:00,27.369001,83.96894,1007.64185,4.452954,284.03625,0.3,29.0,51.0
2014-03-22 15:00:00+00:00,26.819,88.03103,1008.44055,5.1544156,282.09473,0.3,30.0,51.0
2014-03-22 16:00:00+00:00,26.369001,90.39626,1008.43994,4.802999,282.99463,0.0,9.0,0.0
2014-03-22 17:00:00+00:00,26.169,91.19738,1008.73944,3.2599385,276.3401,0.0,9.0,0.0
2014-03-22 18:00:00+00:00,26.469,89.86454,1008.8397,2.2768397,251.56496,0.0,5.0,0.0
2014-03-22 19:00:00+00:00,26.719,89.34756,1008.14026,1.0182338,224.9999,0.0,7.0,0.0
2014-03-22 20:00:00+00:00,26.719,89.34756,1008.04034,0.71999997,360.0,0.0,8.0,0.0
2014-03-22 21:00:00+00:00,26.519001,89.86808,1007.34045,0.35999998,360.0,0.0,10.0,0.0
2014-03-22 22:00:00+00:00,26.369001,90.39626,1007.0406,2.5455842,98.13002,0.0,8.0,0.0
2014-03-22 23:00:00+00:00,26.219,90.38606,1007.54,3.671294,101.3099,0.0,3.0,0.0
2014-03-23 00:00:00+00:00,25.769001,91.17227,1007.83923,3.6179552,84.2895,0.0,2.0,0.0
2014-03-23 01:00:00+00:00,24.669,93.61139,1008.537,3.8939953,56.3099,0.0,2.0,0.0
2014-03-23 02:00:00+00:00,25.369001,95.056366,1009.4379,3.6,53.13002,0.0,2.0,0.0
2014-03-23 03:00:00+00:00,27.669,85.01066,1010.14105,1.2979984,56.309914,0.0,4.0,0.0
2014-03-23 04:00:00+00:00,28.419,79.92919,1010.742,1.4399999,180.0,0.0,32.0,1.0
2014-03-23 05:00:00+00:00,29.269001,75.18244,1010.6434,4.452954,194.03627,0.1,46.0,51.0
2014-03-23 06:00:00+00:00,29.669,73.9087,1010.4441,8.217153,208.8107,1.0,66.0,55.0
2014-03-23 07:00:00+00:00,29.319,74.51791,1009.444,11.269782,206.56499,1.0,70.0,55.0
2014-03-23 08:00:00+00:00,28.619001,79.2425,1008.7433,12.24,208.07239,1.0,47.0,55.0
2014-03-23 09:00:00+00:00,28.669,81.40529,1008.0436,13.202726,205.8663,2.8,72.0,63.0
2014-03-23 10:00:00+00:00,27.969,81.56185,1007.44293,11.720751,222.5104,2.5,47.0,63.0
2014-03-23 11:00:00+00:00,28.169,80.85817,1007.34296,12.181624,214.15974,0.2,56.0,51.0
2014-03-23 12:00:00+00:00,27.869001,82.03909,1007.74243,9.021574,208.61037,0.3,75.0,51.0
2014-03-23 13:00:00+00:00,27.269001,85.224106,1008.5411,4.510787,208.61037,0.2,77.0,51.0
2014-03-23 14:00:00+00:00,26.969,86.47891,1009.14056,3.4152596,198.43504,0.0,30.0,1.0
2014-03-23 15:00:00+00:00,26.619001,89.34005,1009.9395,2.5959969,236.3099,0.0,19.0,0.0
2014-03-23 16:00:00+00:00,26.519001,90.406425,1010.439,1.8,323.13,0.0,23.0,1.0
2014-03-23 17:00:00+00:00,26.519001,90.406425,1010.8388,2.1897945,350.53775,0.0,52.0,2.0
2014-03-23 18:00:00+00:00,26.319,92.027084,1011.03876,1.4399999,360.0,0.0,58.0,2.0
2014-03-23 19:00:00+00:00,26.419,90.67007,1010.33905,1.4399999,90.0,0.0,81.0,3.0
2014-03-23 20:00:00+00:00,25.769001,92.27158,1010.03827,1.8,126.86999,0.0,84.0,3.0
2014-03-23 21:00:00+00:00,24.519001,94.73992,1009.53656,3.319036,139.39879,0.0,71.0,2.0
2014-03-23 22:00:00+00:00,23.719,94.422516,1009.63525,4.1046314,127.875046,0.2,72.0,51.0
2014-03-23 23:00:00+00:00,23.919,94.145195,1009.6355,4.0249224,116.56499,0.0,77.0,2.0
2014-03-24 00:00:00+00:00,23.669,94.70718,1010.1351,3.2599385,96.340096,0.0,77.0,2.0
2014-03-24 01:00:00+00:00,23.819,94.14093,1010.33496,3.671294,78.6901,0.0,62.0,2.0
2014-03-24 02:00:00+00:00,25.169,93.63445,1011.3367,2.9024127,60.255207,0.0,55.0,2.0
2014-03-24 03:00:00+00:00,27.119001,82.69087,1012.03925,1.8,360.0,0.1,54.0,51.0
2014-03-24 04:00:00+00:00,27.969,77.97264,1012.4407,3.096837,305.53775,0.1,58.0,51.0
2014-03-24 05:00:00+00:00,28.669,74.188255,1012.44165,4.379589,279.46225,0.2,56.0,51.0
2014-03-24 06:00:00+00:00,29.069,72.0532,1011.6426,6.28713,256.75946,0.3,78.0,51.0
2014-03-24 07:00:00+00:00,29.269001,70.796646,1010.54346,9.021574,241.38963,0.5,84.0,53.0
2014-03-24 08:00:00+00:00,29.019001,73.35825,1009.24365,14.081477,237.52882,0.7,83.0,53.0
2014-03-24 09:00:00+00:00,28.569,75.97942,1009.1427,13.18308,235.0079,1.7,92.0,61.0
2014-03-24 10:00:00+00:00,28.319,78.02306,1007.94293,14.48972,243.43501,0.7,77.0,53.0
2014-03-24 11:00:00+00:00,28.019001,77.97981,1008.24255,13.70839,240.06857,0.1,78.0,51.0
2014-03-24 12:00:00+00:00,27.819,78.8951,1008.44214,10.990322,238.39255,0.0,78.0,2.0
2014-03-24 13:00:00+00:00,27.369001,80.75576,1009.24115,8.427383,250.0168,0.0,76.0,2.0
2014-03-24 14:00:00+00:00,26.769001,85.17332,1010.23975,6.87779,276.0089,0.0,70.0,2.0
2014-03-24 15:00:00+00:00,26.719,83.6457,1011.039,4.510787,298.61035,0.0,79.0,2.0
2014-03-24 16:00:00+00:00,25.869001,89.821465,1011.7375,5.3999996,323.13004,0.0,74.0,2.0
2014-03-24 17:00:00+00:00,25.869001,89.28361,1011.9374,6.439876,333.43503,0.0,62.0,2.0
2014-03-24 18:00:00+00:00,25.769001,89.54483,1011.7375,7.729527,332.24155,0.0,62.0,2.0
2014-03-24 19:00:00+00:00,25.769001,87.151306,1010.8379,7.289444,339.77505,0.0,36.0,1.0
2014-03-24 20:00:00+00:00,25.319,89.242,1010.6373,5.8048253,7.12493,0.0,5.0,0.0
2014-03-24 21:00:00+00:00,25.019001,90.031586,1010.13684,5.0142193,21.037588,0.0,3.0,0.0
2014-03-24 22:00:00+00:00,24.969,89.48554,1009.837,5.991594,32.73523,0.0,1.0,0.0
2014-03-24 23:00:00+00:00,24.719,89.738266,1009.43695,6.792466,32.005356,0.0,0.0,0.0
2014-03-25 00:00:00+00:00,24.519001,89.18094,1009.73645,6.696387,36.253937,0.0,2.0,0.0
2014-03-25 01:00:00+00:00,24.219,89.42948,1010.1356,6.1305785,40.236294,0.0,2.0,0.0
2014-03-25 02:00:00+00:00,24.919,87.339485,1010.6366,7.6367526,44.999897,0.0,0.0,0.0
2014-03-25 03:00:00+00:00,26.719,78.502815,1010.9391,5.3517847,42.27363,0.0,0.0,0.0
2014-03-25 04:00:00+00:00,28.169,68.89636,1011.14124,2.8116899,50.194473,0.0,0.0,0.0
2014-03-25 05:00:00+00:00,29.319,63.669216,1010.54346,1.08,180.0,0.0,0.0,0.0
2014-03-25 06:00:00+00:00,30.119001,63.068527,1010.3447,5.0142193,201.03758,0.0,0.0,0.0
2014-03-25 07:00:00+00:00,30.369001,63.122463,1009.1456,8.854829,206.56499,0.0,12.0,0.0
2014-03-25 08:00:00+00:00,29.919,68.399666,1008.0454,11.923557,208.88649,0.0,0.0,0.0
2014-03-25 09:00:00+00:00,29.419,72.54921,1006.94507,13.0447235,207.97939,0.0,3.0,0.0
2014-03-25 10:00:00+00:00,29.469,74.76567,1006.2456,11.631956,201.80147,0.0,4.0,0.0
2014-03-25 11:00:00+00:00,29.219,77.455864,1005.84515,10.028439,201.03758,0.0,12.0,0.0
2014-03-25 12:00:00+00:00,28.919,78.57699,1005.7449,7.42159,202.8337,0.0,17.0,0.0
2014-03-25 13:00:00+00:00,28.519001,79.228806,1006.1441,3.7585104,196.69933,0.0,28.0,1.0
2014-03-25 14:00:00+00:00,27.919,81.55565,1006.9428,2.1897945,279.46225,0.0,8.0,0.0
2014-03-25 15:00:00+00:00,27.619001,80.78785,1007.6422,4.6938252,355.60138,0.0,7.0,0.0
2014-03-25 16:00:00+00:00,27.269001,82.213135,1008.64105,6.849467,3.0127327,0.0,7.0,0.0
2014-03-25 17:00:00+00:00,26.919,83.41685,1008.64044,9.007196,357.70944,0.0,2.0,0.0
2014-03-25 18:00:00+00:00,26.619001,83.63457,1008.83997,9.779817,353.6599,0.0,0.0,0.0
2014-03-25 19:00:00+00:00,26.469,79.18561,1008.0401,10.805999,358.09088,0.0,0.0,0.0
2014-03-25 20:00:00+00:00,26.069,78.88963,1007.8395,10.1376915,6.1154146,0.0,31.0,1.0
2014-03-25 21:00:00+00:00,25.519001,79.53852,1007.03925,9.107359,18.435053,0.0,67.0,2.0
2014-03-25 22:00:00+00:00,25.019001,79.714134,1007.738,8.373386,25.463305,0.0,100.0,3.0
2014-03-25 23:00:00+00:00,24.569,79.8983,1007.5375,7.7043357,37.405437,0.0,100.0,3.0
2014-03-26 00:00:00+00:00,24.119001,79.83742,1008.0366,7.386582,43.02507,0.0,99.0,3.0
2014-03-26 01:00:00+00:00,23.769001,79.54338,1008.5358,6.618519,44.999897,0.0,98.0,3.0
2014-03-26 02:00:00+00:00,24.019001,78.84319,1009.5356,6.989936,55.491425,0.0,94.0,3.0
2014-03-26 03:00:00+00:00,25.869001,71.04371,1010.63794,5.8048253,60.255207,0.0,100.0,3.0
2014-03-26 04:00:00+00:00,27.919,55.77656,1010.941,3.396233,57.99466,0.0,100.0,3.0
2014-03-26 05:00:00+00:00,29.219,47.802357,1010.743,0.0,270.0,0.0,98.0,3.0
2014-03-26 06:00:00+00:00,29.969,47.849934,1010.0445,3.319036,220.60121,0.0,98.0,3.0
2014-03-26 07:00:00+00:00,30.619001,46.978012,1009.0459,5.6002855,224.9999,0.0,100.0,3.0
2014-03-26 08:00:00+00:00,30.369001,52.176197,1007.1465,8.942214,229.89915,0.0,99.0,3.0
2014-03-26 09:00:00+00:00,29.919,57.314144,1006.646,11.246759,230.19447,0.0,96.0,3.0
2014-03-26 10:00:00+00:00,29.519001,60.854176,1005.84576,11.212135,227.60262,0.0,89.0,3.0
2014-03-26 11:00:00+00:00,29.269001,62.88433,1005.7456,10.948973,226.33215,0.0,90.0,3.0
2014-03-26 12:00:00+00:00,28.869001,65.7486,1005.6449,11.246759,230.19447,0.0,87.0,3.0
2014-03-26 13:00:00+00:00,28.169,69.741646,1006.4434,10.883676,235.78424,0.0,66.0,2.0
2014-03-26 14:00:00+00:00,27.669,72.68576,1007.5423,9.983106,244.35904,0.0,54.0,2.0
2014-03-26 15:00:00+00:00,27.319,75.554924,1008.44116,8.427383,250.0168,0.0,28.0,1.0
2014-03-26 16:00:00+00:00,26.969,78.06389,1009.5404,7.928178,272.6025,0.0,15.0,0.0
2014-03-26 17:00:00+00:00,26.619001,78.966446,1009.6396,7.289445,302.90524,0.0,39.0,1.0
2014-03-26 18:00:00+00:00,26.419,79.41948,1009.9393,7.7879906,326.3099,0.0,30.0,1.0
2014-03-26 19:00:00+00:00,26.519001,77.761955,1009.1396,8.905908,345.9637,0.0,19.0,0.0
2014-03-26 20:00:00+00:00,26.169,78.66374,1008.53955,8.64,360.0,0.0,10.0,0.0
2014-03-26 21:00:00+00:00,25.769001,79.572624,1008.339,8.12197,12.804273,0.0,2.0,0.0
2014-03-26 22:00:00+00:00,25.319,79.999146,1007.9386,8.557102,22.249071,0.0,1.0,0.0
2014-03-26 23:00:00+00:00,24.919,78.96991,1008.3377,7.289445,32.905247,0.0,2.0,0.0
2014-03-27 00:00:00+00:00,24.569,77.23532,1008.83685,7.6367526,44.999897,0.0,5.0,0.0
2014-03-27 01:00:00+00:00,24.169,76.46086,1009.8358,7.928177,50.52757,0.0,0.0,0.0
2014-03-27 02:00:00+00:00,24.519001,74.874146,1010.736,8.435069,50.194473,0.0,0.0,0.0
2014-03-27 03:00:00+00:00,26.419,64.63384,1011.73846,6.489992,33.6901,0.0,0.0,0.0
2014-03-27 04:00:00+00:00,28.119001,53.25636,1012.2407,4.5536795,18.435053,0.0,0.0,0.0
2014-03-27 05:00:00+00:00,29.319,48.13241,1012.2427,2.3051248,308.65982,0.0,2.0,0.0
2014-03-27 06:00:00+00:00,30.219,46.57695,1011.6441,5.1544156,257.90524,0.0,29.0,1.0
2014-03-27 07:00:00+00:00,30.469,48.587555,1010.545,8.534353,242.35411,0.0,54.0,2.0
2014-03-27 08:00:00+00:00,30.269001,52.967472,1009.34515,12.7279215,241.2603,0.0,62.0,2.0
2014-03-27 09:00:00+00:00,29.919,57.314144,1008.6451,15.315873,240.42226,0.0,55.0,2.0
2014-03-27 10:00:00+00:00,29.369001,62.522243,1007.7447,14.707222,248.45895,0.0,67.0,2.0
2014-03-27 11:00:00+00:00,28.669,67.74379,1008.0436,14.81259,244.05775,0.0,72.0,2.0
2014-03-27 12:00:00+00:00,28.219,69.75102,1008.44275,13.089354,238.49579,0.0,82.0,3.0
2014-03-27 13:00:00+00:00,27.669,72.24477,1009.2415,10.464797,243.43501,0.0,91.0,3.0
2014-03-27 14:00:00+00:00,27.069,75.975784,1009.94025,7.5170207,253.30067,0.0,90.0,3.0
2014-03-27 15:00:00+00:00,26.569,80.89699,1010.83905,4.452954,255.96373,0.0,24.0,1.0
2014-03-27 16:00:00+00:00,26.169,83.08038,1011.63806,3.9763298,264.80566,0.0,15.0,0.0
2014-03-27 17:00:00+00:00,25.919,84.318275,1012.0376,2.968636,255.96373,0.0,28.0,1.0
2014-03-27 18:00:00+00:00,25.469,86.5992,1011.7369,2.2768397,251.56496,0.0,42.0,1.0
2014-03-27 19:00:00+00:00,26.769001,78.035,1010.9394,2.16,270.0,0.0,48.0,1.0
2014-03-27 20:00:00+00:00,26.569,78.4815,1010.3393,1.8,270.0,0.0,81.0,3.0
2014-03-27 21:00:00+00:00,26.419,78.93852,1009.63934,1.4399999,360.0,0.0,87.0,3.0
2014-03-27 22:00:00+00:00,25.419,83.49999,1008.7382,1.609969,26.564985,0.0,86.0,3.0
2014-03-27 23:00:00+00:00,24.569,87.04322,1009.0368,2.0364676,44.999897,0.0,89.0,3.0
2014-03-28 00:00:00+00:00,24.069,89.1464,1009.6355,2.8116899,50.194473,0.0,87.0,3.0
2014-03-28 01:00:00+00:00,23.919,89.679756,1010.2353,4.1046314,52.124958,0.0,95.0,3.0
2014-03-28 02:00:00+00:00,25.519001,85.56203,1011.23737,5.1165614,50.710617,0.0,90.0,3.0
2014-03-28 03:00:00+00:00,27.319,74.19008,1012.0395,4.39436,34.9921,0.0,86.0,3.0
2014-03-28 04:00:00+00:00,28.569,65.28596,1012.4413,3.671294,11.3098955,0.0,84.0,3.0
2014-03-28 05:00:00+00:00,29.619001,59.765835,1012.04297,1.609969,296.56497,0.0,78.0,2.0
2014-03-28 06:00:00+00:00,30.519001,56.755207,1011.34485,4.8433046,228.01286,0.0,88.0,3.0
2014-03-28 07:00:00+00:00,30.619001,59.994347,1010.24536,9.1641035,224.9999,0.0,99.0,3.0
2014-03-28 08:00:00+00:00,30.069,65.39737,1009.14526,14.255272,224.9999,0.0,98.0,3.0
2014-03-28 09:00:00+00:00,29.619001,67.9298,1008.1447,15.273505,224.9999,0.0,95.0,3.0
2014-03-28 10:00:00+00:00,29.169,69.08708,1007.4445,14.291592,220.91429,0.0,91.0,3.0
2014-03-28 11:00:00+00:00,28.819,69.65165,1007.54407,14.003028,223.95847,0.0,91.0,3.0
2014-03-28 12:00:00+00:00,28.319,71.26976,1007.94293,12.819235,231.84273,0.1,96.0,51.0
2014-03-28 13:00:00+00:00,27.719,74.481606,1008.8417,10.1887,237.99466,0.0,86.0,3.0
2014-03-28 14:00:00+00:00,27.119001,78.322174,1009.94025,8.0899935,237.72438,0.0,90.0,3.0
2014-03-28 15:00:00+00:00,26.619001,82.63222,1010.83905,5.991594,237.26477,0.0,85.0,3.0
2014-03-28 16:00:00+00:00,26.019001,88.494225,1011.9376,4.829907,243.43501,0.0,88.0,3.0
2014-03-28 17:00:00+00:00,25.969,87.43203,1011.83765,5.3999996,270.0,0.0,56.0,2.0
2014-03-28 18:00:00+00:00,24.869001,93.05879,1011.43604,4.8433046,311.98712,0.0,24.0,1.0
2014-03-28 19:00:00+00:00,25.869001,86.3755,1010.4381,4.379589,350.53775,0.0,26.0,1.0
2014-03-28 20:00:00+00:00,24.819,90.01743,1009.7368,4.802999,12.99463,0.0,23.0,1.0
2014-03-28 21:00:00+00:00,24.369001,90.80796,1009.03644,4.0249224,26.564985,0.0,13.0,0.0
2014-03-28 22:00:00+00:00,24.269001,90.25193,1008.83624,3.8268526,41.185837,0.0,11.0,0.0
2014-03-28 23:00:00+00:00,24.169,89.69808,1008.63635,3.319036,49.398785,0.0,12.0,0.0
2014-03-29 00:00:00+00:00,23.869001,89.67605,1008.9359,3.319036,40.601215,0.0,5.0,0.0
2014-03-29 01:00:00+00:00,23.469,90.19615,1009.6349,4.3349743,41.63345,0.0,5.0,0.0
2014-03-29 02:00:00+00:00,24.419,90.81123,1010.5357,4.6102495,38.65983,0.0,2.0,0.0
2014-03-29 03:00:00+00:00,27.069,79.50815,1010.93976,3.6179552,5.7105074,0.0,2.0,0.0
2014-03-29 04:00:00+00:00,28.269001,71.69459,1011.1415,3.219938,333.43503,0.0,1.0,0.0
2014-03-29 05:00:00+00:00,29.319,66.04153,1010.84326,3.8773184,291.80148,0.0,2.0,0.0
2014-03-29 06:00:00+00:00,30.069,64.02351,1009.94495,5.4477882,262.40546,0.0,3.0,0.0
2014-03-29 07:00:00+00:00,30.869001,61.156788,1008.6464,9.360001,247.3801,0.0,15.0,0.0
2014-03-29 08:00:00+00:00,30.469,67.48352,1007.5463,12.4811535,236.76828,0.0,37.0,1.0
2014-03-29 09:00:00+00:00,30.069,69.88472,1006.74634,13.551501,230.38934,0.0,56.0,2.0
2014-03-29 10:00:00+00:00,29.569,71.27865,1006.3456,16.548256,225.8813,0.0,61.0,2.0
2014-03-29 11:00:00+00:00,29.069,72.70735,1005.84515,16.299694,226.78989,0.0,46.0,1.0
2014-03-29 12:00:00+00:00,28.519001,74.83713,1006.74384,15.546833,227.81563,0.2,29.0,51.0
2014-03-29 13:00:00+00:00,28.019001,77.04665,1007.0431,13.104198,232.81522,0.0,26.0,1.0
2014-03-29 14:00:00+00:00,27.469,79.80241,1008.4415,10.464797,243.43501,0.0,36.0,1.0
2014-03-29 15:00:00+00:00,26.969,83.17212,1009.4405,8.12197,257.19574,0.0,47.0,1.0
2014-03-29 16:00:00+00:00,26.419,86.94797,1010.13916,6.849467,273.01273,0.0,31.0,1.0
2014-03-29 17:00:00+00:00,25.969,88.7565,1010.9381,6.6185193,292.3802,0.0,23.0,1.0
2014-03-29 18:00:00+00:00,25.969,88.7565,1010.43835,7.2,306.86996,0.0,38.0,1.0
2014-03-29 19:00:00+00:00,26.119001,83.07463,1009.739,8.404285,316.73566,0.0,39.0,1.0
2014-03-29 20:00:00+00:00,26.119001,82.8236,1009.43915,8.707237,330.25522,0.0,43.0,1.0
2014-03-29 21:00:00+00:00,25.869001,84.05813,1008.9388,8.766573,340.8209,0.0,47.0,1.0
2014-03-29 22:00:00+00:00,25.219,86.57584,1008.7379,8.427383,340.0168,0.0,25.0,1.0
2014-03-29 23:00:00+00:00,25.019001,87.61344,1008.73755,8.825508,348.23172,0.0,37.0,1.0
2014-03-30 00:00:00+00:00,24.869001,87.86653,1008.9372,9.028754,355.42615,0.0,76.0,2.0
2014-03-30 01:00:00+00:00,24.719,87.5874,1009.63684,8.669949,4.763556,0.0,76.0,2.0
2014-03-30 02:00:00+00:00,25.169,87.62646,1010.53705,7.2359104,5.7105074,0.0,83.0,3.0
2014-03-30 03:00:00+00:00,26.719,83.14353,1011.039,8.759178,350.53775,0.0,91.0,3.0
2014-03-30 04:00:00+00:00,28.119001,75.452896,1011.2412,7.5170207,343.3007,0.0,92.0,3.0
2014-03-30 05:00:00+00:00,29.369001,67.47069,1011.2431,5.0911684,315.0001,0.0,89.0,3.0
2014-03-30 06:00:00+00:00,30.319,63.689037,1010.64496,4.6938252,274.39862,0.0,83.0,3.0
2014-03-30 07:00:00+00:00,31.119001,61.212498,1009.3465,7.754637,248.19853,0.0,89.0,3.0
2014-03-30 08:00:00+00:00,30.969,65.18864,1008.247,10.685391,237.38077,0.0,90.0,3.0
2014-03-30 09:00:00+00:00,30.419,68.2903,1007.2465,14.20062,239.53453,0.0,95.0,3.0
2014-03-30 10:00:00+00:00,29.619001,71.07355,1006.44556,14.081477,237.52882,0.3,94.0,51.0
2014-03-30 11:00:00+00:00,28.869001,74.221115,1006.4446,14.904173,232.85323,0.3,96.0,51.0
2014-03-30 12:00:00+00:00,28.519001,75.062836,1007.34357,14.081477,237.52882,0.4,96.0,51.0
2014-03-30 13:00:00+00:00,27.969,77.504684,1007.6428,11.4862,237.80429,0.1,88.0,51.0
2014-03-30 14:00:00+00:00,27.369001,79.78896,1008.9413,9.693296,248.19853,0.2,86.0,51.0
2014-03-30 15:00:00+00:00,27.019001,81.443985,1009.8403,7.2805495,261.46933,0.0,46.0,1.0
2014-03-30 16:00:00+00:00,26.469,84.37729,1010.539,7.8625183,285.94547,0.0,49.0,1.0
2014-03-30 17:00:00+00:00,25.919,87.427635,1010.53827,7.928177,309.47244,0.0,67.0,2.0
2014-03-30 18:00:00+00:00,25.619001,88.46187,1011.0374,7.491114,324.78232,0.0,87.0,3.0
2014-03-30 19:00:00+00:00,25.519001,85.82143,1010.3377,7.5942082,328.5705,0.2,74.0,51.0
2014-03-30 20:00:00+00:00,25.519001,85.04523,1009.73804,7.8954163,335.77228,0.2,76.0,51.0
2014-03-30 21:00:00+00:00,25.669,84.29136,1009.0383,6.792466,327.99466,0.3,82.0,51.0
2014-03-30 22:00:00+00:00,25.469,85.29822,1009.33795,8.0899935,327.72437,0.4,67.0,51.0
2014-03-30 23:00:00+00:00,25.319,85.8018,1008.8382,6.696387,323.74606,0.3,63.0,51.0
2014-03-31 00:00:00+00:00,25.319,86.32339,1009.6378,6.9153743,321.34018,0.2,88.0,51.0
2014-03-31 01:00:00+00:00,25.069,88.150024,1009.837,6.989936,325.4914,0.1,91.0,51.0
2014-03-31 02:00:00+00:00,25.619001,86.875175,1011.0374,9.693296,328.67136,0.0,96.0,3.0
2014-03-31 03:00:00+00:00,26.369001,83.60666,1011.4386,10.739832,320.44037,0.3,94.0,51.0
2014-03-31 04:00:00+00:00,27.569,78.623,1012.0402,11.885453,305.13428,0.3,91.0,51.0
2014-03-31 05:00:00+00:00,28.619001,73.734146,1012.1417,12.904882,292.98874,0.2,91.0,51.0
2014-03-31 06:00:00+00:00,29.469,69.98402,1011.24335,13.556282,280.71307,0.2,92.0,51.0
2014-03-31 07:00:00+00:00,29.519001,70.62897,1010.24384,16.595179,266.26868,0.8,95.0,53.0
2014-03-31 08:00:00+00:00,28.719,76.460175,1009.343,19.914217,257.4712,1.0,99.0,55.0
2014-03-31 09:00:00+00:00,28.219,78.00868,1008.3427,20.545246,258.887,0.5,95.0,53.0
2014-03-31 10:00:00+00:00,28.069,78.92984,1007.24304,19.852295,265.84042,0.6,92.0,53.0
2014-03-31 11:00:00+00:00,28.019001,79.1602,1007.6428,19.44,270.0,0.5,91.0,53.0
2014-03-31 12:00:00+00:00,27.369001,81.73274,1008.0417,14.869351,276.95285,0.7,95.0,53.0
2014-03-31 13:00:00+00:00,27.069,82.43676,1008.6408,11.874544,284.03625,0.4,98.0,51.0
2014-03-31 14:00:00+00:00,26.869001,83.41119,1009.4401,9.449572,287.74475,0.2,95.0,51.0
2014-03-31 15:00:00+00:00,26.469,86.17281,1010.33905,8.0899935,302.27563,0.4,94.0,51.0
2014-03-31 16:00:00+00:00,26.269001,87.19598,1011.0384,8.209263,307.87503,0.5,92.0,53.0
2014-03-31 17:00:00+00:00,26.019001,87.96394,1011.13794,8.942214,310.10083,0.3,90.0,51.0
2014-03-31 18:00:00+00:00,25.719,89.54117,1010.8379,9.449572,310.36444,0.0,93.0,3.0
2014-03-31 19:00:00+00:00,26.319,87.72558,1010.13916,9.686609,311.98712,0.0,94.0,3.0
2014-03-31 20:00:00+00:00,25.969,89.828705,1009.3388,9.931042,313.53125,0.0,96.0,3.0
2014-03-31 21:00:00+00:00,25.619001,91.43687,1008.43866,9.673221,315.0001,0.0,100.0,3.0
2014-03-31 22:00:00+00:00,25.419,92.25215,1008.23846,10.97262,318.991,0.0,99.0,3.0
2014-03-31 23:00:00+00:00,25.469,91.4277,1008.1385,12.287555,328.17258,0.0,98.0,3.0
2014-04-01 00:00:00+00:00,25.469,91.15341,1008.1385,12.397806,334.17905,0.0,98.0,3.0
2014-04-01 01:00:00+00:00,25.469,90.60694,1008.3384,11.966953,338.83865,0.0,99.0,3.0
2014-04-01 02:00:00+00:00,25.819,89.27987,1009.53845,13.684735,333.43503,0.0,96.0,3.0
2014-04-01 03:00:00+00:00,26.819,83.40558,1010.1397,15.379206,327.42596,0.0,99.0,3.0
2014-04-01 04:00:00+00:00,27.869001,78.42888,1010.54114,16.08761,319.53784,0.1,95.0,51.0
2014-04-01 05:00:00+00:00,28.869001,74.221115,1010.3428,16.08761,310.46216,0.1,99.0,51.0
2014-04-01 06:00:00+00:00,29.519001,72.131935,1010.24384,15.617529,295.97433,0.3,97.0,51.0
2014-04-01 07:00:00+00:00,29.769001,70.03952,1008.94476,17.026896,283.44864,0.2,100.0,51.0
2014-04-01 08:00:00+00:00,29.769001,69.82901,1008.24506,19.134262,274.31595,1.1,99.0,55.0
2014-04-01 09:00:00+00:00,28.969,76.0413,1006.74445,20.883104,269.01227,0.7,100.0,53.0
2014-04-01 10:00:00+00:00,28.369001,80.40184,1006.3436,20.892412,268.02512,0.3,99.0,51.0
2014-04-01 11:00:00+00:00,28.319,78.72823,1006.5436,20.929596,273.9451,0.6,100.0,53.0
2014-04-01 12:00:00+00:00,27.819,81.54332,1006.9428,15.328561,279.46225,1.2,95.0,55.0
2014-04-01 13:00:00+00:00,27.469,83.47866,1007.7418,10.163227,292.93213,0.0,91.0,3.0
2014-04-01 14:00:00+00:00,27.269001,84.20992,1008.64105,8.0899935,302.27563,0.0,87.0,3.0
2014-04-01 15:00:00+00:00,27.119001,84.69998,1009.5404,7.145796,310.91428,0.0,91.0,3.0
2014-04-01 16:00:00+00:00,26.769001,85.42936,1010.1397,8.913181,316.63654,0.0,90.0,3.0
2014-04-01 17:00:00+00:00,26.369001,86.422646,1010.23914,9.504272,322.69595,0.0,83.0,3.0
2014-04-01 18:00:00+00:00,26.219,86.66883,1010.0388,10.383987,326.3099,0.0,72.0,2.0
2014-04-01 19:00:00+00:00,26.269001,85.8948,1009.2392,11.384198,325.30478,0.0,74.0,2.0
2014-04-01 20:00:00+00:00,26.069,86.1345,1008.6391,10.883676,325.78424,0.0,53.0,2.0
2014-04-01 21:00:00+00:00,25.919,86.120094,1007.8395,11.609651,330.25522,0.0,20.0,1.0
2014-04-01 22:00:00+00:00,25.769001,86.36603,1007.3395,12.879752,333.43503,0.0,31.0,1.0
2014-04-01 23:00:00+00:00,25.569,87.13341,1007.3391,12.979984,340.55988,0.0,31.0,1.0
2014-04-02 00:00:00+00:00,25.419,87.6481,1007.63873,13.207634,342.5527,0.0,26.0,1.0
2014-04-02 01:00:00+00:00,25.319,88.170815,1008.23846,13.009903,345.5792,0.0,66.0,2.0
2014-04-02 02:00:00+00:00,25.719,87.674034,1008.9388,13.358861,345.9637,0.0,100.0,3.0
2014-04-02 03:00:00+00:00,26.719,83.6457,1009.6396,13.32,341.07526,0.0,100.0,3.0
2014-04-02 04:00:00+00:00,27.919,77.73106,1010.0414,15.496736,329.2646,0.0,96.0,3.0
2014-04-02 05:00:00+00:00,29.169,72.28807,1009.74347,15.03835,317.91092,0.0,100.0,3.0
2014-04-02 06:00:00+00:00,30.019001,69.039856,1009.1449,14.480773,304.8754,0.2,100.0,51.0
2014-04-02 07:00:00+00:00,30.469,67.686806,1007.8462,16.055353,289.6539,0.0,100.0,3.0
2014-04-02 08:00:00+00:00,30.419,69.32324,1006.6467,18.844202,276.58185,0.3,100.0,51.0
2014-04-02 09:00:00+00:00,29.869001,72.626755,1005.8464,20.5484,273.01273,0.7,100.0,53.0
2014-04-02 10:00:00+00:00,29.069,78.83275,1004.84564,21.2522,268.05856,0.0,100.0,3.0
2014-04-02 11:00:00+00:00,28.969,78.11627,1005.0452,19.134262,274.31595,0.0,81.0,3.0
2014-04-02 12:00:00+00:00,28.769001,79.0267,1005.54474,16.62249,274.96964,0.0,48.0,1.0
2014-04-02 13:00:00+00:00,28.269001,81.59881,1006.6435,13.627795,282.20044,0.0,46.0,1.0
2014-04-02 14:00:00+00:00,27.869001,84.023346,1007.5425,11.592895,295.76926,0.0,52.0,2.0
2014-04-02 15:00:00+00:00,27.669,85.26456,1008.3419,7.7879906,303.6901,0.1,38.0,51.0
2014-04-02 16:00:00+00:00,27.469,86.52554,1009.44104,6.4096174,308.15726,0.0,40.0,1.0
2014-04-02 17:00:00+00:00,27.319,87.02921,1009.3407,6.3690495,312.70938,0.0,46.0,1.0
2014-04-02 18:00:00+00:00,27.069,87.78957,1009.4405,7.386582,313.0251,0.0,92.0,3.0
2014-04-02 19:00:00+00:00,26.919,88.56654,1008.64044,7.6367526,315.0001,0.0,100.0,3.0
2014-04-02 20:00:00+00:00,26.719,89.34756,1008.04034,7.8954163,316.8476,0.0,98.0,3.0
2014-04-02 21:00:00+00:00,26.569,89.8717,1007.2407,7.7043357,322.59457,0.0,92.0,3.0
2014-04-02 22:00:00+00:00,26.419,90.129944,1006.64075,6.9247384,332.1028,0.0,88.0,3.0
2014-04-02 23:00:00+00:00,26.369001,90.12647,1006.54083,7.289444,339.77505,0.0,70.0,2.0
2014-04-03 00:00:00+00:00,26.219,90.92833,1006.9403,6.924738,351.02744,0.0,78.0,2.0
2014-04-03 01:00:00+00:00,26.119001,91.19423,1007.83984,6.4799995,360.0,0.0,80.0,3.0
2014-04-03 02:00:00+00:00,26.319,91.20679,1008.24005,8.669949,4.763556,0.0,72.0,2.0
2014-04-03 03:00:00+00:00,27.119001,87.271385,1008.8407,9.0,360.0,0.2,36.0,51.0
2014-04-03 04:00:00+00:00,28.469,80.17503,1009.0428,7.342588,348.6901,0.2,23.0,51.0
2014-04-03 05:00:00+00:00,29.569,74.33579,1009.0444,4.8433046,311.98712,0.0,9.0,0.0
2014-04-03 06:00:00+00:00,30.269001,71.40355,1008.54553,6.519877,263.6599,0.0,13.0,0.0
2014-04-03 07:00:00+00:00,30.969,68.806595,1007.94714,10.495713,247.8336,0.0,18.0,0.0
2014-04-03 08:00:00+00:00,30.619001,72.3232,1006.74695,15.315873,240.42226,0.4,54.0,51.0
2014-04-03 09:00:00+00:00,29.519001,78.89506,1006.5455,17.786331,234.0578,0.7,66.0,53.0
2014-04-03 10:00:00+00:00,28.719,82.14126,1006.34436,15.277749,235.56094,1.6,51.0,61.0
2014-04-03 11:00:00+00:00,28.669,82.62507,1006.1444,13.608762,232.52374,0.0,68.0,2.0
2014-04-03 12:00:00+00:00,28.319,81.361786,1007.04333,9.220499,231.34016,0.8,73.0,53.0
2014-04-03 13:00:00+00:00,27.269001,87.28462,1007.54156,6.696387,216.25392,0.7,59.0,53.0
2014-04-03 14:00:00+00:00,26.919,89.62921,1008.24066,5.1919937,213.6901,0.3,46.0,51.0
2014-04-03 15:00:00+00:00,26.519001,92.58812,1009.33954,1.5273507,315.0001,0.4,23.0,51.0
2014-04-03 16:00:00+00:00,25.869001,93.666565,1009.6384,2.9024127,352.87506,0.4,21.0,51.0
2014-04-03 17:00:00+00:00,25.719,93.9401,1009.7384,3.9763298,5.19435,0.0,25.0,1.0
2014-04-03 18:00:00+00:00,25.569,93.933525,1010.0379,3.671294,11.3098955,0.2,22.0,51.0
2014-04-03 19:00:00+00:00,25.769001,94.22329,1009.23865,3.0758414,20.556128,0.0,10.0,0.0
2014-04-03 20:00:00+00:00,25.619001,93.37528,1009.13824,1.8,36.86999,0.0,11.0,0.0
2014-04-03 21:00:00+00:00,25.619001,93.37528,1008.83844,1.1384199,71.564964,0.0,17.0,0.0
2014-04-03 22:00:00+00:00,25.569,92.81524,1009.3382,2.8116899,39.805527,0.0,13.0,0.0
2014-04-03 23:00:00+00:00,25.619001,92.26327,1009.3382,2.6208394,15.945477,0.0,11.0,0.0
2014-04-04 00:00:00+00:00,25.869001,90.905716,1009.43854,3.6,360.0,0.0,19.0,0.0
2014-04-04 01:00:00+00:00,24.919,93.62294,1010.0369,2.7416782,23.198618,0.0,17.0,0.0
2014-04-04 02:00:00+00:00,26.119001,91.46735,1010.7385,1.0182338,135.0001,0.1,45.0,51.0
2014-04-04 03:00:00+00:00,26.869001,86.46954,1011.5391,2.9024127,209.7448,0.0,46.0,1.0
2014-04-04 04:00:00+00:00,27.469,85.49926,1011.83997,4.510787,241.38963,0.0,45.0,1.0
2014-04-04 05:00:00+00:00,27.869001,86.820206,1011.5407,6.379216,253.61038,0.0,62.0,2.0
2014-04-04 06:00:00+00:00,28.369001,86.0973,1010.9416,8.825508,258.23172,0.1,58.0,51.0
2014-04-04 07:00:00+00:00,28.669,79.24932,1009.74286,10.239453,259.8754,0.5,58.0,53.0
2014-04-04 08:00:00+00:00,28.569,78.5278,1009.1427,11.043261,250.9743,1.3,66.0,61.0
2014-04-04 09:00:00+00:00,28.169,81.83056,1008.24255,12.10157,239.62096,0.7,78.0,53.0
2014-04-04 10:00:00+00:00,27.669,85.01066,1007.1424,10.44,226.39711,1.2,71.0,55.0
2014-04-04 11:00:00+00:00,27.819,86.30102,1007.2427,10.009036,217.6943,0.8,70.0,53.0
2014-04-04 12:00:00+00:00,27.769001,86.2963,1007.64246,9.659814,206.56499,0.3,80.0,51.0
2014-04-04 13:00:00+00:00,27.169,85.213974,1008.64105,6.439876,206.56499,0.6,77.0,53.0
2014-04-04 14:00:00+00:00,26.819,87.506226,1009.7399,5.6233797,219.80553,0.0,51.0,2.0
2014-04-04 15:00:00+00:00,26.469,89.86454,1010.7389,4.6938257,212.47118,0.0,42.0,1.0
2014-04-04 16:00:00+00:00,26.019001,92.2854,1011.63776,4.5536795,198.43504,0.0,81.0,3.0
2014-04-04 17:00:00+00:00,25.619001,93.93568,1012.037,1.0182338,224.9999,0.1,94.0,51.0
2014-04-04 18:00:00+00:00,25.619001,93.0962,1011.63715,3.096837,324.46225,0.0,100.0,3.0
2014-04-04 19:00:00+00:00,25.519001,91.156525,1011.0374,4.3498964,335.55606,0.0,100.0,3.0
2014-04-04 20:00:00+00:00,25.269001,92.799736,1010.33716,5.0142193,338.9624,0.0,100.0,3.0
2014-04-04 21:00:00+00:00,25.369001,91.696785,1010.1376,1.9386592,21.801476,0.0,100.0,3.0
2014-04-04 22:00:00+00:00,25.419,91.150246,1009.53784,2.0364676,44.999897,0.0,100.0,3.0
2014-04-04 23:00:00+00:00,25.719,89.81071,1009.7384,2.5959969,33.6901,0.0,100.0,3.0
2014-04-05 00:00:00+00:00,24.519001,94.17069,1009.9364,2.0991426,59.03632,0.0,100.0,3.0
2014-04-05 01:00:00+00:00,24.519001,94.17069,1010.3362,2.7416782,66.801384,0.0,100.0,3.0
2014-04-05 02:00:00+00:00,26.169,89.03891,1011.2383,2.2768397,71.564964,0.0,98.0,3.0
2014-04-05 03:00:00+00:00,27.219,82.45454,1011.63965,1.08,90.0,0.2,98.0,51.0
2014-04-05 04:00:00+00:00,28.069,77.98707,1012.04083,1.4399999,180.0,0.3,84.0,51.0
2014-04-05 05:00:00+00:00,28.519001,78.05177,1011.9415,4.198285,210.96368,0.1,74.0,51.0
2014-04-05 06:00:00+00:00,28.219,78.71425,1011.3414,6.989936,214.50858,0.9,54.0,53.0
2014-04-05 07:00:00+00:00,28.519001,75.28913,1011.1418,9.504272,217.30403,2.6,62.0,63.0
2014-04-05 08:00:00+00:00,28.319,79.20144,1010.042,10.703569,222.27362,0.7,85.0,53.0
2014-04-05 09:00:00+00:00,27.669,81.28062,1009.04156,11.753876,229.9698,2.3,97.0,61.0
2014-04-05 10:00:00+00:00,27.919,83.28004,1008.2422,9.686609,228.01286,0.3,90.0,51.0
2014-04-05 11:00:00+00:00,27.819,83.020325,1007.84235,7.145796,229.08571,0.8,89.0,53.0
2014-04-05 12:00:00+00:00,27.319,83.461845,1008.5411,5.5887027,255.06853,0.8,79.0,53.0
2014-04-05 13:00:00+00:00,26.969,86.220505,1008.8407,5.8603754,259.3804,0.0,73.0,2.0
2014-04-05 14:00:00+00:00,26.619001,89.073524,1010.2394,4.68,270.0,0.0,81.0,3.0
2014-04-05 15:00:00+00:00,26.369001,92.58018,1011.1387,4.2136917,250.0168,0.0,98.0,3.0
2014-04-05 16:00:00+00:00,26.469,90.40307,1011.5385,3.8939953,236.3099,0.0,100.0,3.0
2014-04-05 17:00:00+00:00,26.119001,93.12097,1012.23785,3.396233,237.99466,0.0,100.0,3.0
2014-04-05 18:00:00+00:00,25.569,95.34793,1012.037,1.2979984,213.6901,0.0,100.0,3.0
2014-04-05 19:00:00+00:00,25.019001,92.78675,1011.53625,1.8,90.0,1.1,100.0,55.0
2014-04-05 20:00:00+00:00,25.069,91.67896,1010.73663,3.9763298,84.805664,0.3,100.0,51.0
2014-04-05 21:00:00+00:00,24.969,92.227135,1010.0369,4.6938252,85.60138,0.0,100.0,3.0
2014-04-05 22:00:00+00:00,24.919,92.50259,1009.6371,1.2979984,56.309914,0.0,100.0,3.0
2014-04-05 23:00:00+00:00,24.769001,92.77376,1009.7368,1.2979984,56.309914,0.0,99.0,3.0
2014-04-06 00:00:00+00:00,24.769001,92.215935,1010.33655,3.9763298,174.80566,0.0,85.0,3.0
2014-04-06 01:00:00+00:00,24.869001,91.66703,1011.0362,5.495161,148.39255,0.3,96.0,51.0
2014-04-06 02:00:00+00:00,25.469,89.79267,1012.23663,7.653705,138.81418,0.3,97.0,51.0
2014-04-06 03:00:00+00:00,26.319,85.64158,1012.738,7.2,143.13002,0.1,99.0,51.0
2014-04-06 04:00:00+00:00,26.869001,82.91078,1013.3383,6.9153743,141.34016,0.1,97.0,51.0
2014-04-06 05:00:00+00:00,27.419,81.49373,1013.2393,5.634891,153.43501,0.0,99.0,3.0
2014-04-06 06:00:00+00:00,27.519001,81.26181,1012.73956,5.771239,183.57626,1.1,97.0,55.0
2014-04-06 07:00:00+00:00,28.219,78.95067,1011.5413,6.28713,193.24052,0.4,86.0,51.0
2014-04-06 08:00:00+00:00,28.069,80.12236,1010.4416,6.638072,192.5288,2.6,84.0,63.0
2014-04-06 09:00:00+00:00,27.719,80.07612,1009.6413,7.754637,201.80147,1.8,87.0,61.0
2014-04-06 10:00:00+00:00,27.319,83.461845,1008.44116,10.636766,203.9625,0.3,57.0,51.0
2014-04-06 11:00:00+00:00,26.919,83.919716,1008.9403,7.5599995,180.0,5.1,88.0,63.0
2014-04-06 12:00:00+00:00,26.819,83.40558,1009.4401,4.379589,170.53775,2.5,80.0,63.0
2014-04-06 13:00:00+00:00,26.319,85.899704,1010.439,1.8,216.86998,0.0,35.0,1.0
2014-04-06 14:00:00+00:00,26.219,87.19155,1011.2383,2.0364676,224.9999,0.0,45.0,1.0
2014-04-06 15:00:00+00:00,26.019001,89.56326,1012.2375,3.096837,215.53777,0.0,62.0,2.0
2014-04-06 16:00:00+00:00,25.969,89.5596,1012.9372,4.3498964,155.55606,0.0,93.0,3.0
2014-04-06 17:00:00+00:00,25.219,93.07631,1013.33575,6.4096174,141.84273,0.0,97.0,3.0
2014-04-06 18:00:00+00:00,25.069,93.629875,1013.0355,9.178235,154.44008,0.1,98.0,51.0
2014-04-06 19:00:00+00:00,25.169,89.23056,1013.0359,10.97262,131.00899,0.6,100.0,53.0
2014-04-06 20:00:00+00:00,25.319,88.97314,1011.93677,8.534353,117.64589,0.0,94.0,3.0
2014-04-06 21:00:00+00:00,25.419,88.1791,1011.1371,6.763786,115.20109,0.0,99.0,3.0
2014-04-06 22:00:00+00:00,25.369001,88.174965,1010.93726,5.815978,111.801476,0.0,100.0,3.0
2014-04-06 23:00:00+00:00,25.369001,88.174965,1011.0372,6.489992,123.6901,0.0,94.0,3.0
2014-04-07 00:00:00+00:00,25.369001,87.6438,1011.8368,8.534353,117.64589,0.0,89.0,3.0
2014-04-07 01:00:00+00:00,25.519001,87.39249,1012.037,7.5170207,106.699326,0.0,92.0,3.0
2014-04-07 02:00:00+00:00,26.169,85.88507,1012.93756,7.9932976,97.76508,0.0,88.0,3.0
2014-04-07 03:00:00+00:00,27.069,81.450264,1013.7385,8.049845,100.30479,0.3,85.0,51.0
2014-04-07 04:00:00+00:00,27.219,81.468925,1014.13855,8.225035,113.198616,0.4,79.0,51.0
2014-04-07 05:00:00+00:00,27.369001,83.717865,1014.03894,7.653705,138.81418,0.2,86.0,51.0
2014-04-07 06:00:00+00:00,28.019001,82.79573,1013.4402,7.8625183,164.05453,0.0,86.0,3.0
2014-04-07 07:00:00+00:00,29.169,72.07071,1012.44226,8.557102,165.37909,0.0,90.0,3.0
2014-04-07 08:00:00+00:00,28.869001,72.23576,1010.94257,10.086427,182.04536,0.9,90.0,53.0
2014-04-07 09:00:00+00:00,28.469,76.652,1010.1423,11.570515,185.35573,0.1,82.0,51.0
2014-04-07 10:00:00+00:00,28.669,74.188255,1009.443,10.137692,196.50444,0.6,93.0,53.0
2014-04-07 11:00:00+00:00,28.219,76.61411,1009.64215,8.854829,206.56499,0.9,92.0,53.0
2014-04-07 12:00:00+00:00,27.919,78.20038,1010.54114,5.315336,208.30066,0.2,83.0,51.0
2014-04-07 13:00:00+00:00,27.569,81.02446,1011.3405,2.8116899,219.80553,0.0,83.0,3.0
2014-04-07 14:00:00+00:00,27.219,83.450615,1012.0395,1.835647,258.6901,0.0,44.0,1.0
2014-04-07 15:00:00+00:00,26.669,88.01847,1012.63824,2.0991426,329.03632,0.0,38.0,1.0
2014-04-07 16:00:00+00:00,26.269001,88.51439,1013.2374,2.5455842,351.87,0.2,35.0,51.0
2014-04-07 17:00:00+00:00,26.119001,88.76834,1013.7372,2.1897945,9.462248,0.0,37.0,1.0
2014-04-07 18:00:00+00:00,26.219,87.45391,1013.6372,1.484318,104.03627,0.0,39.0,1.0
2014-04-07 19:00:00+00:00,26.069,87.70415,1012.63727,1.1384199,108.43504,0.0,22.0,1.0
2014-04-07 20:00:00+00:00,25.569,90.0704,1012.037,1.609969,116.56499,0.0,15.0,0.0
2014-04-07 21:00:00+00:00,25.219,91.41237,1011.3367,1.835647,101.3099,0.0,29.0,1.0
2014-04-07 22:00:00+00:00,25.019001,91.95256,1010.73663,3.5455887,113.962494,0.0,77.0,2.0
2014-04-07 23:00:00+00:00,25.169,90.860275,1010.8369,3.319036,130.60121,0.0,70.0,2.0
2014-04-08 00:00:00+00:00,24.719,92.77115,1011.33606,3.8268526,138.81418,0.0,77.0,2.0
2014-04-08 01:00:00+00:00,24.319,93.59519,1011.73517,4.8433046,131.98714,0.0,31.0,1.0
2014-04-08 02:00:00+00:00,26.169,87.712685,1012.63763,3.096837,144.46223,0.0,20.0,1.0
2014-04-08 03:00:00+00:00,27.219,81.71434,1013.139,3.319036,192.5288,0.0,36.0,1.0
2014-04-08 04:00:00+00:00,27.919,78.67219,1013.93964,4.8965297,216.02747,0.0,40.0,1.0
2014-04-08 05:00:00+00:00,28.419,76.64443,1013.6407,6.9153743,231.34016,0.0,41.0,1.0
2014-04-08 06:00:00+00:00,28.769001,76.01039,1013.3412,9.021574,241.38963,0.1,32.0,51.0
2014-04-08 07:00:00+00:00,29.219,73.391975,1012.3422,8.854829,243.43501,2.6,53.0,63.0
2014-04-08 08:00:00+00:00,28.869001,75.79818,1011.0425,8.707237,240.2552,0.6,65.0,53.0
2014-04-08 09:00:00+00:00,28.819,76.7049,1010.94257,4.1046314,217.87505,0.8,92.0,53.0
2014-04-08 10:00:00+00:00,28.619001,76.6747,1009.74286,6.989936,235.49141,0.2,90.0,51.0
2014-04-08 11:00:00+00:00,28.219,77.076515,1009.942,5.8603754,259.3804,1.1,90.0,55.0
2014-04-08 12:00:00+00:00,27.619001,79.58274,1010.441,4.510787,298.61035,0.2,93.0,51.0
2014-04-08 13:00:00+00:00,26.519001,86.436714,1011.03876,4.1046314,307.87503,0.0,93.0,3.0
2014-04-08 14:00:00+00:00,26.269001,87.4583,1011.43823,3.8268526,311.18582,0.0,96.0,3.0
2014-04-08 15:00:00+00:00,26.119001,88.23699,1012.5377,5.1165614,309.28937,0.0,94.0,3.0
2014-04-08 16:00:00+00:00,25.969,89.02351,1012.73724,5.1165614,309.28937,0.0,95.0,3.0
2014-04-08 17:00:00+00:00,25.719,90.62361,1013.1368,5.6002855,315.0001,0.0,93.0,3.0
2014-04-08 18:00:00+00:00,25.369001,92.80491,1012.93634,5.1165614,320.7106,0.0,87.0,3.0
2014-04-08 19:00:00+00:00,25.719,90.35195,1012.13727,4.8433046,318.01288,0.0,84.0,3.0
2014-04-08 20:00:00+00:00,25.819,89.548515,1011.1377,4.072935,315.0001,0.0,83.0,3.0
2014-04-08 21:00:00+00:00,25.869001,89.015755,1010.4381,4.5820518,315.0001,0.0,85.0,3.0
2014-04-08 22:00:00+00:00,26.019001,88.494225,1010.6382,6.792466,327.99466,0.0,95.0,3.0
2014-04-08 23:00:00+00:00,25.869001,88.7486,1010.8379,7.10031,329.53452,0.0,96.0,3.0
2014-04-09 00:00:00+00:00,25.719,88.47001,1011.1377,8.587338,326.97614,0.0,96.0,3.0
2014-04-09 01:00:00+00:00,25.719,88.47001,1011.53754,8.707237,330.25522,0.0,94.0,3.0
2014-04-09 02:00:00+00:00,26.069,87.17818,1012.3374,9.693296,328.67136,0.0,98.0,3.0
2014-04-09 03:00:00+00:00,26.819,83.40558,1013.4383,9.511088,330.5242,0.0,96.0,3.0
2014-04-09 04:00:00+00:00,27.619001,80.54554,1013.73944,10.990322,328.39255,0.0,96.0,3.0
2014-04-09 05:00:00+00:00,28.569,76.208046,1013.74066,11.480557,318.81418,0.0,97.0,3.0
2014-04-09 06:00:00+00:00,29.219,73.8341,1012.84204,12.496718,311.49637,0.0,98.0,3.0
2014-04-09 07:00:00+00:00,29.169,73.38354,1012.2423,12.979984,303.6901,0.0,94.0,3.0
2014-04-09 08:00:00+00:00,29.469,72.12322,1010.6436,13.202726,295.8663,0.0,88.0,3.0
2014-04-09 09:00:00+00:00,29.519001,72.131935,1010.14386,14.003029,287.96924,0.2,78.0,51.0
2014-04-09 10:00:00+00:00,29.419,73.646164,1008.5443,14.264361,280.17545,0.1,59.0,51.0
2014-04-09 11:00:00+00:00,29.219,74.27857,1009.04376,15.596767,288.85324,0.1,59.0,51.0
2014-04-09 12:00:00+00:00,28.819,77.16579,1009.0434,12.768586,291.5015,0.1,55.0,51.0
2014-04-09 13:00:00+00:00,28.119001,80.36928,1009.54193,11.966954,285.7087,0.0,16.0,0.0
2014-04-09 14:00:00+00:00,27.619001,82.50182,1010.241,11.298495,292.47946,0.0,16.0,0.0
2014-04-09 15:00:00+00:00,27.369001,82.96855,1011.34015,10.495713,300.96368,0.0,16.0,0.0
2014-04-09 16:00:00+00:00,27.069,83.93618,1011.6394,10.296251,306.46933,0.0,34.0,1.0
2014-04-09 17:00:00+00:00,26.819,84.66858,1012.33875,10.97262,311.009,0.0,39.0,1.0
2014-04-09 18:00:00+00:00,26.519001,85.66136,1011.93835,11.709688,315.0001,0.0,32.0,1.0
2014-04-09 19:00:00+00:00,26.869001,86.21099,1011.839,12.496718,318.50363,0.1,38.0,51.0
2014-04-09 20:00:00+00:00,26.669,86.191925,1010.73914,12.88981,324.09018,0.0,39.0,1.0
2014-04-09 21:00:00+00:00,26.469,86.95254,1010.439,13.104198,322.81522,0.0,41.0,1.0
2014-04-09 22:00:00+00:00,26.269001,87.4583,1010.43866,11.988594,318.6523,0.0,40.0,1.0
2014-04-09 23:00:00+00:00,26.069,88.49831,1010.6382,12.88981,324.09018,0.0,45.0,1.0
2014-04-10 00:00:00+00:00,26.019001,88.494225,1011.038,11.983188,327.26477,0.0,36.0,1.0
2014-04-10 01:00:00+00:00,26.019001,88.76045,1011.5378,12.10157,329.62094,0.0,33.0,1.0
2014-04-10 02:00:00+00:00,26.319,87.989174,1012.5381,12.397806,334.17905,0.0,31.0,1.0
2014-04-10 03:00:00+00:00,27.269001,82.95703,1013.139,12.7279215,331.26028,0.0,14.0,0.0
2014-04-10 04:00:00+00:00,28.419,77.570656,1013.4408,14.113652,322.25314,0.0,12.0,0.0
2014-04-10 05:00:00+00:00,29.469,72.34025,1013.2425,14.264361,312.9546,0.0,4.0,0.0
2014-04-10 06:00:00+00:00,30.319,69.09669,1012.44415,12.904882,300.1413,0.0,7.0,0.0
2014-04-10 07:00:00+00:00,30.119001,69.47531,1011.5442,13.138765,279.46225,0.7,54.0,53.0
2014-04-10 08:00:00+00:00,29.669,74.79782,1010.544,14.471821,264.2895,0.5,51.0,53.0
2014-04-10 09:00:00+00:00,29.469,75.21422,1009.744,14.973576,260.31128,2.3,81.0,61.0
2014-04-10 10:00:00+00:00,28.569,80.18816,1009.4426,11.928989,264.80566,3.1,95.0,63.0
2014-04-10 11:00:00+00:00,28.269001,81.84272,1008.74255,10.440001,270.0,2.4,70.0,61.0
2014-04-10 12:00:00+00:00,28.019001,83.04323,1009.442,7.92,270.0,0.4,54.0,51.0
2014-04-10 13:00:00+00:00,27.269001,82.95703,1010.24036,6.9899354,281.88864,1.5,52.0,61.0
2014-04-10 14:00:00+00:00,26.619001,86.96611,1010.83905,10.630672,298.30066,0.0,50.0,2.0
2014-04-10 15:00:00+00:00,26.569,87.74696,1011.9386,10.296251,306.46933,0.0,63.0,2.0
2014-04-10 16:00:00+00:00,26.469,88.001724,1012.9379,11.681987,326.3099,0.0,59.0,2.0
2014-04-10 17:00:00+00:00,26.469,88.001724,1013.13776,9.504273,335.37646,0.0,35.0,1.0
2014-04-10 18:00:00+00:00,26.369001,88.25755,1012.9379,8.089993,339.14545,0.0,30.0,1.0
2014-04-10 19:00:00+00:00,25.869001,88.4821,1012.13727,6.830519,341.56494,0.0,27.0,1.0
2014-04-10 20:00:00+00:00,25.719,88.203995,1011.1377,6.28713,336.3706,0.0,23.0,1.0
2014-04-10 21:00:00+00:00,25.619001,88.195694,1010.53766,6.439876,333.43503,0.0,34.0,1.0
2014-04-10 22:00:00+00:00,25.519001,88.187416,1010.43774,7.42159,337.1663,0.0,30.0,1.0
2014-04-10 23:00:00+00:00,25.469,88.44975,1009.9377,8.557102,337.75092,0.0,84.0,3.0
2014-04-11 00:00:00+00:00,25.419,88.980865,1010.93726,10.365251,339.6768,0.0,69.0,2.0
2014-04-11 01:00:00+00:00,25.369001,90.05633,1011.2371,10.703569,340.3461,0.0,46.0,1.0
2014-04-11 02:00:00+00:00,25.969,89.02351,1012.1375,11.269782,333.43503,0.0,38.0,1.0
2014-04-11 03:00:00+00:00,26.969,84.68431,1012.9389,13.979872,325.4914,0.0,53.0,2.0
2014-04-11 04:00:00+00:00,27.919,81.068756,1013.13995,15.580141,310.31403,0.1,25.0,51.0
2014-04-11 05:00:00+00:00,28.769001,78.32149,1013.44116,17.10284,300.34317,0.0,31.0,1.0
2014-04-11 06:00:00+00:00,29.419,76.11067,1012.8424,18.193361,297.072,0.1,56.0,51.0
2014-04-11 07:00:00+00:00,29.119001,78.13767,1011.74255,18.057508,293.49857,0.0,55.0,2.0
2014-04-11 08:00:00+00:00,29.019001,79.061134,1010.743,16.676977,302.6609,0.1,54.0,51.0
2014-04-11 09:00:00+00:00,28.819,79.74413,1009.843,14.186923,305.7068,0.3,67.0,51.0
2014-04-11 10:00:00+00:00,28.719,80.20785,1008.6433,14.48972,296.56497,0.2,35.0,51.0
2014-04-11 11:00:00+00:00,28.569,79.23568,1007.9433,13.584932,302.00534,0.0,37.0,1.0
2014-04-11 12:00:00+00:00,28.519001,77.81823,1008.7429,13.104198,307.18478,0.0,36.0,1.0
2014-04-11 13:00:00+00:00,28.019001,78.214676,1009.54193,13.755579,312.8789,0.0,48.0,1.0
2014-04-11 14:00:00+00:00,27.619001,79.3436,1010.341,14.264361,317.0454,0.0,56.0,2.0
2014-04-11 15:00:00+00:00,27.269001,80.50011,1010.94,14.618837,322.00122,0.0,52.0,2.0
2014-04-11 16:00:00+00:00,26.969,81.68357,1011.03973,14.88242,327.84772,0.0,68.0,2.0
2014-04-11 17:00:00+00:00,26.669,83.137764,1011.53876,14.654254,332.176,0.0,53.0,2.0
2014-04-11 18:00:00+00:00,26.469,83.87032,1011.23865,13.202726,334.1337,0.0,48.0,1.0
2014-04-11 19:00:00+00:00,27.019001,82.67914,1010.5399,11.923557,331.11353,0.0,33.0,1.0
2014-04-11 20:00:00+00:00,26.819,83.65683,1009.8399,11.681987,326.3099,0.0,23.0,1.0
2014-04-11 21:00:00+00:00,26.619001,84.64752,1009.13983,11.183201,326.82147,0.0,14.0,0.0
2014-04-11 22:00:00+00:00,26.419,85.65145,1008.63983,10.805998,330.01843,0.0,16.0,0.0
2014-04-11 23:00:00+00:00,26.319,85.899704,1008.8397,10.805998,330.01843,0.0,16.0,0.0
2014-04-12 00:00:00+00:00,26.219,86.40854,1009.3392,11.119281,330.9455,0.0,8.0,0.0
2014-04-12 01:00:00+00:00,26.119001,86.65957,1009.8389,11.113451,335.09525,0.0,10.0,0.0
2014-04-12 02:00:00+00:00,26.569,85.666306,1010.83905,12.245293,335.69547,0.0,11.0,0.0
2014-04-12 03:00:00+00:00,27.419,82.23112,1011.74,13.849477,332.1028,0.0,14.0,0.0
2014-04-12 04:00:00+00:00,28.469,76.652,1011.9415,14.904173,322.85324,0.0,21.0,1.0
2014-04-12 05:00:00+00:00,29.419,72.11448,1011.84283,14.021525,311.87778,0.0,13.0,0.0
2014-04-12 06:00:00+00:00,30.169,69.27621,1010.8445,13.849477,297.8972,0.0,7.0,0.0
2014-04-12 07:00:00+00:00,30.519001,68.720924,1009.5457,14.408997,282.99463,0.0,23.0,1.0
2014-04-12 08:00:00+00:00,30.319,68.88944,1008.34595,15.941944,276.48297,0.6,47.0,53.0
2014-04-12 09:00:00+00:00,29.619001,73.679535,1008.0448,13.397612,276.17007,0.2,63.0,51.0
2014-04-12 10:00:00+00:00,29.269001,76.087585,1007.24493,14.830076,275.5721,0.2,73.0,51.0
2014-04-12 11:00:00+00:00,29.069,75.82934,1006.54486,14.685176,281.3099,0.0,77.0,2.0
2014-04-12 12:00:00+00:00,28.269001,76.85251,1007.2432,13.441071,290.37653,0.8,85.0,53.0
2014-04-12 13:00:00+00:00,27.919,78.90901,1008.3421,11.753876,310.0302,0.0,84.0,3.0
2014-04-12 14:00:00+00:00,27.519001,79.32995,1009.0412,11.480557,318.81418,0.0,91.0,3.0
2014-04-12 15:00:00+00:00,27.319,80.74933,1009.9405,9.504272,322.69595,0.0,91.0,3.0
2014-04-12 16:00:00+00:00,27.069,82.43676,1010.1401,8.435069,320.1945,0.0,90.0,3.0
2014-04-12 17:00:00+00:00,26.869001,83.66241,1010.33966,7.653705,318.81415,0.0,94.0,3.0
2014-04-12 18:00:00+00:00,26.619001,85.15805,1010.53925,7.9932966,324.16226,0.0,94.0,3.0
2014-04-12 19:00:00+00:00,26.969,83.422485,1010.1401,10.00256,329.74365,0.0,96.0,3.0
2014-04-12 20:00:00+00:00,26.669,84.39861,1009.6396,11.298495,337.5205,0.0,99.0,3.0
2014-04-12 21:00:00+00:00,26.269001,86.15368,1009.1392,10.739833,346.42953,0.0,99.0,3.0
2014-04-12 22:00:00+00:00,26.069,86.65497,1009.03894,9.255571,346.50424,0.0,97.0,3.0
2014-04-12 23:00:00+00:00,26.019001,86.38964,1009.03894,7.072878,345.25638,0.0,100.0,3.0
2014-04-13 00:00:00+00:00,25.919,86.380196,1009.3388,6.162207,353.29025,0.0,96.0,3.0
2014-04-13 01:00:00+00:00,25.869001,86.3755,1009.9383,6.28713,346.75946,0.0,97.0,3.0
2014-04-13 02:00:00+00:00,26.219,85.11719,1011.2383,5.3517847,340.3461,0.0,95.0,3.0
2014-04-13 03:00:00+00:00,27.019001,80.7107,1012.03925,5.495161,328.39255,0.0,90.0,3.0
2014-04-13 04:00:00+00:00,27.969,77.03917,1012.6405,6.3690495,317.29062,0.0,88.0,3.0
2014-04-13 05:00:00+00:00,28.819,74.43649,1012.4419,7.7043357,307.40543,0.0,86.0,3.0
2014-04-13 06:00:00+00:00,29.419,73.42563,1011.84283,9.511088,299.4758,0.0,92.0,3.0
2014-04-13 07:00:00+00:00,29.869001,72.19298,1010.44434,11.27553,286.6993,0.0,94.0,3.0
2014-04-13 08:00:00+00:00,30.069,72.01199,1009.645,12.144331,281.9761,0.0,92.0,3.0
2014-04-13 09:00:00+00:00,29.919,72.20171,1008.54517,14.081478,274.39862,0.2,72.0,51.0
2014-04-13 10:00:00+00:00,29.519001,74.77369,1007.44507,14.869351,276.95285,0.0,73.0,2.0
2014-04-13 11:00:00+00:00,29.169,76.98731,1007.0447,11.885453,268.26434,0.2,80.0,51.0
2014-04-13 12:00:00+00:00,28.819,78.562965,1007.84393,11.159999,270.0,0.0,67.0,2.0
2014-04-13 13:00:00+00:00,28.369001,81.125496,1008.3427,9.793058,287.1028,0.0,81.0,3.0
2014-04-13 14:00:00+00:00,28.019001,82.54892,1008.8423,7.5170207,286.6993,0.0,85.0,3.0
2014-04-13 15:00:00+00:00,27.719,84.510124,1009.7413,6.379216,286.38962,0.0,91.0,3.0
2014-04-13 16:00:00+00:00,27.519001,85.75971,1010.4406,6.151683,290.55612,0.0,96.0,3.0
2014-04-13 17:00:00+00:00,27.019001,87.26255,1010.44,6.379216,286.38962,0.0,97.0,3.0
2014-04-13 18:00:00+00:00,27.069,87.26701,1010.44,6.6185193,292.3802,0.0,97.0,3.0
2014-04-13 19:00:00+00:00,26.919,88.56654,1009.7399,6.763786,295.20108,0.0,98.0,3.0
2014-04-13 20:00:00+00:00,26.919,87.25372,1009.4401,7.5685663,295.34613,0.2,99.0,51.0
2014-04-13 21:00:00+00:00,26.769001,85.94341,1008.9403,6.9247384,297.8972,0.0,99.0,3.0
2014-04-13 22:00:00+00:00,26.019001,88.494225,1009.13885,7.145796,310.91428,0.0,98.0,3.0
2014-04-13 23:00:00+00:00,25.619001,89.80345,1009.4382,7.491114,324.78232,0.0,87.0,3.0
2014-04-14 00:00:00+00:00,25.469,90.06337,1009.6378,7.729527,332.24155,0.0,80.0,3.0
2014-04-14 01:00:00+00:00,25.419,89.78905,1010.23755,6.0347,342.64587,0.0,68.0,2.0
2014-04-14 02:00:00+00:00,25.969,87.959724,1010.9381,5.95906,334.98312,0.0,57.0,2.0
2014-04-14 03:00:00+00:00,26.919,84.42526,1012.13885,6.1305785,319.7637,0.0,39.0,1.0
2014-04-14 04:00:00+00:00,27.869001,81.79395,1012.6402,6.6087217,299.35767,0.0,32.0,1.0
2014-04-14 05:00:00+00:00,28.619001,80.43433,1012.6415,6.9899354,281.88864,0.0,58.0,2.0
2014-04-14 06:00:00+00:00,29.169,79.79085,1012.0424,8.350138,262.5687,0.0,55.0,2.0
2014-04-14 07:00:00+00:00,29.319,76.551315,1011.44305,8.12197,257.19574,0.5,69.0,53.0
2014-04-14 08:00:00+00:00,29.519001,78.42754,1010.24384,9.693296,248.19853,0.5,68.0,53.0
2014-04-14 09:00:00+00:00,28.769001,80.9345,1009.5429,10.787993,244.2901,4.1,79.0,63.0
2014-04-14 10:00:00+00:00,28.369001,84.077515,1008.6426,7.8954163,226.8476,1.4,81.0,61.0
2014-04-14 11:00:00+00:00,27.819,81.05612,1008.8419,6.379216,253.61038,1.5,87.0,61.0
2014-04-14 12:00:00+00:00,26.519001,88.00592,1009.7394,2.8116899,309.8055,1.5,96.0,61.0
2014-04-14 13:00:00+00:00,25.519001,91.98134,1010.43774,5.95906,334.98312,1.1,99.0,55.0
2014-04-14 14:00:00+00:00,25.019001,91.675934,1011.2364,9.0,323.13,0.3,99.0,51.0
2014-04-14 15:00:00+00:00,24.769001,91.3847,1012.03577,6.830519,341.56494,0.0,99.0,3.0
2014-04-14 16:00:00+00:00,24.719,90.55667,1012.23566,5.1544156,347.90527,0.0,100.0,3.0
2014-04-14 17:00:00+00:00,24.719,90.55667,1012.63544,4.6938252,355.60138,0.0,99.0,3.0
2014-04-14 18:00:00+00:00,24.719,90.83094,1012.4356,4.3349743,355.23645,0.0,100.0,3.0
2014-04-14 19:00:00+00:00,25.319,90.87006,1011.8368,5.4833565,336.8014,0.0,99.0,3.0
2014-04-14 20:00:00+00:00,25.419,89.78905,1011.0372,5.315336,331.69934,0.0,99.0,3.0
2014-04-14 21:00:00+00:00,25.369001,89.51524,1010.4375,5.3517847,340.3461,0.0,95.0,3.0
2014-04-14 22:00:00+00:00,25.319,89.51153,1010.7373,5.6920996,341.56494,0.0,98.0,3.0
2014-04-14 23:00:00+00:00,25.219,89.77459,1010.737,7.8625183,344.05453,0.0,95.0,3.0
2014-04-15 00:00:00+00:00,25.169,89.23056,1010.8369,8.669949,355.23645,0.0,82.0,3.0
2014-04-15 01:00:00+00:00,25.069,89.22297,1011.3363,8.759178,9.462248,0.0,46.0,1.0
2014-04-15 02:00:00+00:00,25.569,87.92598,1012.037,8.825508,11.76827,0.0,32.0,1.0
2014-04-15 03:00:00+00:00,26.269001,86.15368,1012.33777,7.5942073,5.4402504,0.0,19.0,0.0
2014-04-15 04:00:00+00:00,27.219,83.20062,1012.9391,6.725354,344.47583,0.0,6.0,0.0
2014-04-15 05:00:00+00:00,28.169,79.41858,1012.3407,5.6233797,320.1945,0.1,27.0,51.0
2014-04-15 06:00:00+00:00,28.969,75.81377,1012.04205,5.8603754,280.6196,0.0,31.0,1.0
2014-04-15 07:00:00+00:00,28.769001,74.877396,1011.14215,8.473393,257.73523,0.4,37.0,51.0
2014-04-15 08:00:00+00:00,29.119001,74.039536,1010.5431,8.654986,253.0724,1.2,59.0,55.0
2014-04-15 09:00:00+00:00,28.819,76.93505,1009.54315,9.360001,247.3801,0.8,46.0,53.0
2014-04-15 10:00:00+00:00,28.519001,77.121216,1008.64294,10.931203,252.75845,0.2,62.0,51.0
2014-04-15 11:00:00+00:00,28.419,75.72789,1008.3431,11.27553,253.30067,0.9,64.0,53.0
2014-04-15 12:00:00+00:00,28.069,78.4572,1009.2421,8.669949,274.76355,0.4,72.0,51.0
2014-04-15 13:00:00+00:00,27.719,80.317024,1009.8412,6.6087217,299.35767,0.0,77.0,2.0
2014-04-15 14:00:00+00:00,27.419,81.0054,1010.7405,5.1165614,320.7106,0.0,71.0,2.0
2014-04-15 15:00:00+00:00,27.169,81.46267,1011.3398,5.495161,328.39255,0.0,60.0,2.0
2014-04-15 16:00:00+00:00,26.869001,82.91078,1011.7391,5.5887027,345.06854,0.0,56.0,2.0
2014-04-15 17:00:00+00:00,26.569,84.387955,1012.23846,5.506941,348.6901,0.0,55.0,2.0
2014-04-15 18:00:00+00:00,26.269001,85.8948,1011.938,6.379216,343.61038,0.0,47.0,1.0
2014-04-15 19:00:00+00:00,26.369001,87.72985,1011.5385,6.6185193,337.6198,0.0,40.0,1.0
2014-04-15 20:00:00+00:00,26.169,87.44955,1010.9385,6.151683,339.44388,0.0,29.0,1.0
2014-04-15 21:00:00+00:00,25.869001,87.95127,1010.23816,7.0911775,336.0375,0.0,28.0,1.0
2014-04-15 22:00:00+00:00,25.719,88.736725,1010.1382,6.9247384,332.1028,0.0,24.0,1.0
2014-04-15 23:00:00+00:00,25.619001,88.9964,1010.0379,7.0911775,336.0375,0.0,22.0,1.0
2014-04-16 00:00:00+00:00,25.619001,88.46187,1010.2378,6.725354,344.47583,0.0,14.0,0.0
2014-04-16 01:00:00+00:00,25.569,88.72482,1010.73755,5.4477882,352.40543,0.0,11.0,0.0
2014-04-16 02:00:00+00:00,26.169,87.712685,1011.33826,6.162207,353.29025,0.0,19.0,0.0
2014-04-16 03:00:00+00:00,27.219,82.951256,1012.1394,5.815978,338.19852,0.0,20.0,1.0
2014-04-16 04:00:00+00:00,28.019001,80.11576,1012.4407,6.3690495,312.70938,0.0,33.0,1.0
2014-04-16 05:00:00+00:00,28.869001,77.404465,1012.5418,7.289444,290.22495,0.0,42.0,1.0
2014-04-16 06:00:00+00:00,29.419,76.11067,1011.9428,9.36,270.0,0.0,17.0,0.0
2014-04-16 07:00:00+00:00,29.119001,74.48539,1011.14276,10.495713,264.09396,0.3,31.0,51.0
2014-04-16 08:00:00+00:00,29.219,75.85266,1010.2432,10.308831,257.90524,0.0,47.0,1.0
2014-04-16 09:00:00+00:00,29.069,77.6655,1009.1437,10.805999,268.09088,0.0,34.0,1.0
2014-04-16 10:00:00+00:00,29.119001,78.13767,1008.0442,12.287555,264.95764,0.1,46.0,51.0
2014-04-16 11:00:00+00:00,27.969,80.34972,1007.9427,9.605998,282.99463,2.8,61.0,63.0
2014-04-16 12:00:00+00:00,27.169,83.94709,1008.3412,6.9247384,297.8972,0.4,77.0,51.0
2014-04-16 13:00:00+00:00,26.669,86.4508,1008.83997,5.6002855,315.0001,0.0,76.0,2.0
2014-04-16 14:00:00+00:00,26.419,87.47139,1009.63934,7.386582,316.9749,0.0,74.0,2.0
2014-04-16 15:00:00+00:00,26.319,87.20047,1010.539,10.703569,317.72638,0.0,87.0,3.0
2014-04-16 16:00:00+00:00,26.069,87.96816,1011.038,10.703569,317.72638,0.0,84.0,3.0
2014-04-16 17:00:00+00:00,26.019001,87.69981,1010.83813,9.504272,322.69595,0.0,77.0,2.0
2014-04-16 18:00:00+00:00,25.919,87.69121,1010.6382,9.021574,331.38962,0.0,84.0,3.0
2014-04-16 19:00:00+00:00,25.869001,87.95127,1010.3381,8.699793,335.55606,0.0,84.0,3.0
2014-04-16 20:00:00+00:00,25.619001,88.7288,1009.13824,8.891344,338.6293,0.0,77.0,2.0
2014-04-16 21:00:00+00:00,25.469,88.984795,1008.8382,8.654986,343.0724,0.0,79.0,2.0
2014-04-16 22:00:00+00:00,25.319,89.242,1008.4384,9.826088,351.57312,0.0,72.0,2.0
2014-04-16 23:00:00+00:00,25.219,89.50413,1008.6379,10.1376915,353.88458,0.0,79.0,2.0
2014-04-17 00:00:00+00:00,25.119001,89.49667,1008.8378,10.1376915,353.88458,0.0,80.0,3.0
2014-04-17 01:00:00+00:00,25.119001,89.49667,1009.3376,10.182337,351.87,0.0,50.0,2.0
2014-04-17 02:00:00+00:00,25.769001,87.94287,1010.03827,10.739833,346.42953,0.0,37.0,1.0
2014-04-17 03:00:00+00:00,26.669,83.89228,1010.73914,11.592895,334.2307,0.0,43.0,1.0
2014-04-17 04:00:00+00:00,27.569,80.53909,1011.2406,12.599998,323.13,0.0,79.0,2.0
2014-04-17 05:00:00+00:00,28.369001,77.56331,1011.24146,12.738099,312.70938,0.0,82.0,3.0
2014-04-17 06:00:00+00:00,28.919,76.261765,1010.64264,13.70839,299.93143,0.0,81.0,3.0
2014-04-17 07:00:00+00:00,29.069,74.47725,1009.8434,14.578888,290.22495,0.0,79.0,2.0
2014-04-17 08:00:00+00:00,29.119001,75.8371,1008.8438,15.815435,281.82147,0.0,78.0,2.0
2014-04-17 09:00:00+00:00,28.969,76.95748,1008.1438,16.854767,289.9832,0.0,82.0,3.0
2014-04-17 10:00:00+00:00,28.619001,79.006,1007.34393,14.408997,282.99463,0.1,83.0,51.0
2014-04-17 11:00:00+00:00,28.519001,79.94246,1007.0437,13.5515,286.9909,0.1,63.0,51.0
2014-04-17 12:00:00+00:00,27.619001,81.03076,1007.4423,12.303366,290.55612,0.4,62.0,51.0
2014-04-17 13:00:00+00:00,27.219,82.20718,1007.9414,12.287555,301.8274,0.0,53.0,2.0
2014-04-17 14:00:00+00:00,26.869001,83.66241,1009.0403,11.988594,311.3477,0.0,28.0,1.0
2014-04-17 15:00:00+00:00,26.569,84.642296,1009.9395,10.97262,318.991,0.0,24.0,1.0
2014-04-17 16:00:00+00:00,26.319,85.64158,1010.539,11.019764,321.63248,0.0,23.0,1.0
2014-04-17 17:00:00+00:00,26.169,86.1441,1010.63855,11.808878,322.43134,0.0,25.0,1.0
2014-04-17 18:00:00+00:00,26.019001,86.38964,1010.73816,11.384198,325.30478,0.0,31.0,1.0
2014-04-17 19:00:00+00:00,26.219,86.14888,1010.1388,11.298495,329.3494,0.0,34.0,1.0
2014-04-17 20:00:00+00:00,25.919,87.427635,1009.6387,11.753877,332.6502,0.0,40.0,1.0
2014-04-17 21:00:00+00:00,25.669,88.73276,1009.0383,11.269782,333.43503,0.0,48.0,1.0
2014-04-17 22:00:00+00:00,25.519001,89.526344,1009.0383,12.24,331.9276,0.0,66.0,2.0
2014-04-17 23:00:00+00:00,25.519001,89.25715,1009.2383,12.879752,333.43503,0.0,76.0,2.0
2014-04-18 00:00:00+00:00,25.469,89.25335,1009.6378,12.904882,337.01126,0.0,69.0,2.0
2014-04-18 01:00:00+00:00,25.419,89.78905,1010.1376,13.207634,342.5527,0.0,18.0,0.0
2014-04-18 02:00:00+00:00,25.969,87.69555,1011.038,14.145756,345.25638,0.0,19.0,0.0
2014-04-18 03:00:00+00:00,27.069,82.18918,1011.93933,17.31746,339.30447,0.0,38.0,1.0
2014-04-18 04:00:00+00:00,28.169,76.60652,1012.2407,17.595861,329.23734,0.0,51.0,2.0
2014-04-18 05:00:00+00:00,29.069,72.926544,1011.84247,17.429354,321.70978,0.0,37.0,1.0
2014-04-18 06:00:00+00:00,29.719,71.52,1011.84344,16.80857,313.26434,0.0,14.0,0.0
2014-04-18 07:00:00+00:00,30.269001,69.0872,1010.6446,17.57744,304.9921,0.0,24.0,1.0
2014-04-18 08:00:00+00:00,30.369001,69.73092,1009.8453,17.87718,295.01685,0.0,26.0,1.0
2014-04-18 09:00:00+00:00,30.269001,71.40355,1009.0453,19.523155,292.78244,0.0,47.0,1.0
2014-04-18 10:00:00+00:00,29.869001,73.50113,1008.7451,19.201874,300.411,0.0,29.0,1.0
2014-04-18 11:00:00+00:00,29.369001,75.198326,1008.4444,17.477621,302.38065,0.0,46.0,1.0
2014-04-18 12:00:00+00:00,29.069,76.28477,1008.544,17.477621,302.38065,0.0,50.0,2.0
2014-04-18 13:00:00+00:00,28.619001,78.06614,1009.343,16.870138,309.8055,0.0,51.0,2.0
2014-04-18 14:00:00+00:00,28.269001,78.721214,1010.042,15.530151,314.06088,0.0,53.0,2.0
2014-04-18 15:00:00+00:00,27.969,79.86929,1010.94135,15.7908325,316.8476,0.0,48.0,1.0
2014-04-18 16:00:00+00:00,27.769001,80.56499,1011.7406,16.641972,321.1466,0.0,51.0,2.0
2014-04-18 17:00:00+00:00,27.569,81.7573,1011.9403,17.0763,325.30478,0.0,46.0,1.0
2014-04-18 18:00:00+00:00,27.319,83.461845,1012.0395,17.595861,329.23734,0.0,47.0,1.0
2014-04-18 19:00:00+00:00,27.219,82.7026,1011.1399,17.068707,332.3541,0.0,50.0,2.0
2014-04-18 20:00:00+00:00,27.019001,83.67907,1010.34,16.746773,334.53668,0.0,35.0,1.0
2014-04-18 21:00:00+00:00,26.819,84.41463,1009.3401,16.1198,336.29733,0.0,32.0,1.0
2014-04-18 22:00:00+00:00,26.619001,85.41429,1009.0399,15.2947035,333.43503,0.0,36.0,1.0
2014-04-18 23:00:00+00:00,26.469,86.17281,1009.1396,15.2947035,333.43503,0.0,43.0,1.0
2014-04-19 00:00:00+00:00,26.219,87.19155,1009.43915,14.986553,335.89777,0.0,34.0,1.0
2014-04-19 01:00:00+00:00,26.119001,87.44518,1010.0388,14.118243,340.6409,0.0,40.0,1.0
2014-04-19 02:00:00+00:00,26.469,86.69193,1010.6389,14.24163,339.27435,0.0,32.0,1.0
2014-04-19 03:00:00+00:00,27.419,82.72592,1011.34015,15.7908325,335.77228,0.0,56.0,2.0
2014-04-19 04:00:00+00:00,28.669,76.68226,1011.542,16.375053,326.65927,0.0,67.0,2.0
2014-04-19 05:00:00+00:00,29.719,71.95068,1011.0438,15.782622,315.0001,0.0,36.0,1.0
2014-04-19 06:00:00+00:00,30.569,69.1439,1010.7452,16.199999,306.86996,0.1,21.0,51.0
2014-04-19 07:00:00+00:00,30.619001,71.679245,1009.7456,16.923828,299.29126,0.0,15.0,0.0
2014-04-19 08:00:00+00:00,29.919,73.72946,1008.7451,18.331741,289.50253,0.2,50.0,51.0
2014-04-19 09:00:00+00:00,30.119001,74.647415,1008.1457,18.86139,293.6294,0.2,68.0,51.0
2014-04-19 10:00:00+00:00,29.719,74.360275,1006.9457,17.114204,292.24908,1.8,31.0,61.0
2014-04-19 11:00:00+00:00,28.969,77.18801,1006.6445,16.92383,293.83875,2.0,68.0,61.0
2014-04-19 12:00:00+00:00,28.569,79.71067,1007.1436,15.463246,294.77512,0.0,66.0,2.0
2014-04-19 13:00:00+00:00,28.119001,81.82445,1007.8427,14.007655,295.90643,0.0,72.0,2.0
2014-04-19 14:00:00+00:00,27.869001,82.77833,1008.8419,12.594856,300.96368,0.0,70.0,2.0
2014-04-19 15:00:00+00:00,27.669,83.50105,1009.5414,11.304229,307.23492,0.0,58.0,2.0
2014-04-19 16:00:00+00:00,27.469,84.23142,1009.94086,11.246759,309.8055,0.0,45.0,1.0
2014-04-19 17:00:00+00:00,27.219,85.47435,1010.0404,11.988594,311.3477,0.0,25.0,1.0
2014-04-19 18:00:00+00:00,27.069,85.97248,1009.94025,11.457958,316.27295,0.0,20.0,1.0
2014-04-19 19:00:00+00:00,27.119001,87.01123,1009.34045,12.261157,319.7637,0.0,19.0,0.0
2014-04-19 20:00:00+00:00,26.919,87.77678,1008.3406,11.183201,326.82147,0.0,23.0,1.0
2014-04-19 21:00:00+00:00,26.769001,88.02684,1007.9408,10.948973,332.5925,0.0,24.0,1.0
2014-04-19 22:00:00+00:00,26.569,88.80374,1007.6405,8.699793,335.55606,0.0,37.0,1.0
2014-04-19 23:00:00+00:00,26.469,89.06202,1007.8402,8.891344,338.6293,0.0,67.0,2.0
2014-04-20 00:00:00+00:00,26.319,89.85381,1008.24005,8.427383,340.0168,0.0,85.0,3.0
2014-04-20 01:00:00+00:00,26.219,90.11598,1008.83936,8.473393,347.73523,0.0,81.0,3.0
2014-04-20 02:00:00+00:00,26.719,88.81552,1009.43976,8.473393,347.73523,0.0,71.0,2.0
2014-04-20 03:00:00+00:00,27.769001,84.26361,1010.2413,8.311245,342.34976,0.0,18.0,0.0
2014-04-20 04:00:00+00:00,28.869001,79.27663,1010.1429,7.8954163,335.77228,0.0,16.0,0.0
2014-04-20 05:00:00+00:00,29.869001,73.72115,1009.9446,6.193674,305.53775,0.0,21.0,1.0
2014-04-20 06:00:00+00:00,30.619001,70.196144,1009.5457,7.9526596,275.19434,0.0,27.0,1.0
2014-04-20 07:00:00+00:00,30.569,72.53038,1008.54614,10.948973,260.53775,0.3,26.0,51.0
2014-04-20 08:00:00+00:00,30.769001,71.279465,1007.54694,15.379206,253.68607,0.8,40.0,53.0
2014-04-20 09:00:00+00:00,29.769001,76.84766,1006.64575,15.978486,255.65063,0.8,47.0,53.0
2014-04-20 10:00:00+00:00,28.919,81.43627,1005.545,16.171976,253.17851,0.9,43.0,53.0
2014-04-20 11:00:00+00:00,28.769001,82.39165,1005.64465,13.661038,251.56496,0.9,52.0,53.0
2014-04-20 12:00:00+00:00,28.469,83.83893,1006.74384,10.182337,261.87,0.8,41.0,53.0
2014-04-20 13:00:00+00:00,28.019001,86.576515,1007.44293,7.342588,281.3099,0.5,32.0,53.0
2014-04-20 14:00:00+00:00,27.619001,88.359604,1008.04205,4.829907,296.56497,0.9,17.0,53.0
2014-04-20 15:00:00+00:00,26.969,92.61196,1008.8407,5.3517847,312.27362,0.3,18.0,51.0
2014-04-20 16:00:00+00:00,26.569,92.31568,1009.0399,6.1305785,319.7637,0.0,10.0,0.0
2014-04-20 17:00:00+00:00,26.569,90.679985,1009.13983,6.3690495,317.29062,0.0,12.0,0.0
2014-04-20 18:00:00+00:00,26.519001,90.406425,1008.8397,6.4096174,321.8427,0.0,4.0,0.0
2014-04-20 19:00:00+00:00,26.819,89.08887,1008.3406,6.792466,327.99466,0.0,6.0,0.0
2014-04-20 20:00:00+00:00,26.619001,90.14388,1007.7405,7.289444,339.77505,0.0,10.0,0.0
2014-04-20 21:00:00+00:00,26.269001,92.02422,1007.14014,6.924738,351.02744,0.0,7.0,0.0
2014-04-20 22:00:00+00:00,25.969,93.11359,1007.03986,5.5887027,345.06854,0.0,9.0,0.0
2014-04-20 23:00:00+00:00,25.769001,93.38246,1007.3395,6.489992,340.55988,0.0,11.0,0.0
2014-04-21 00:00:00+00:00,25.769001,92.82557,1008.1391,6.5693827,350.53775,0.0,18.0,0.0
2014-04-21 01:00:00+00:00,25.469,93.929146,1008.63824,6.130579,356.6336,0.0,14.0,0.0
2014-04-21 02:00:00+00:00,26.869001,89.89306,1009.1402,6.87779,353.9911,0.0,10.0,0.0
2014-04-21 03:00:00+00:00,28.119001,83.302666,1010.04175,8.557102,337.75092,0.0,41.0,1.0
2014-04-21 04:00:00+00:00,28.919,79.28344,1010.24286,7.145796,319.0857,0.0,44.0,1.0
2014-04-21 05:00:00+00:00,29.719,74.58278,1010.4441,7.172949,287.52567,0.1,49.0,51.0
2014-04-21 06:00:00+00:00,30.119001,73.32377,1009.745,9.0,270.0,0.4,33.0,51.0
2014-04-21 07:00:00+00:00,29.869001,71.33227,1009.1449,10.464798,266.0549,0.6,53.0,53.0
2014-04-21 08:00:00+00:00,29.619001,76.596664,1008.0448,11.013882,258.6901,0.0,56.0,2.0
2014-04-21 09:00:00+00:00,29.469,77.723564,1007.2452,10.931203,252.75845,0.5,73.0,53.0
2014-04-21 10:00:00+00:00,28.919,81.19457,1006.3446,11.525623,231.34016,0.7,66.0,53.0
2014-04-21 11:00:00+00:00,28.469,82.356186,1006.64386,8.891343,238.24055,1.3,59.0,61.0
2014-04-21 12:00:00+00:00,28.019001,83.54011,1007.34296,6.8399997,270.0,0.2,60.0,51.0
2014-04-21 13:00:00+00:00,27.619001,86.28215,1007.94214,6.2145634,280.0079,0.0,60.0,2.0
2014-04-21 14:00:00+00:00,27.369001,88.339294,1008.8413,6.28713,293.6294,0.0,50.0,2.0
2014-04-21 15:00:00+00:00,27.269001,88.85851,1009.74054,5.95906,295.01685,0.0,52.0,2.0
2014-04-21 16:00:00+00:00,26.819,87.768295,1010.1397,5.3999996,306.86996,0.2,55.0,51.0
2014-04-21 17:00:00+00:00,26.619001,89.87523,1010.3393,6.4096174,308.15726,0.0,74.0,2.0
2014-04-21 18:00:00+00:00,26.469,90.94441,1010.33905,6.3690495,317.29062,0.0,83.0,3.0
2014-04-21 19:00:00+00:00,26.319,90.66347,1009.63934,5.1919937,326.3099,0.0,79.0,2.0
2014-04-21 20:00:00+00:00,25.919,92.279854,1009.13885,4.39436,325.0079,0.0,64.0,2.0
2014-04-21 21:00:00+00:00,25.619001,93.0962,1008.6385,4.510787,331.38962,0.0,43.0,1.0
2014-04-21 22:00:00+00:00,25.269001,93.92033,1008.0382,5.2416787,15.945477,0.0,28.0,1.0
2014-04-21 23:00:00+00:00,25.119001,93.913704,1008.3381,5.5887027,14.931467,0.0,36.0,1.0
2014-04-22 00:00:00+00:00,25.119001,93.35134,1008.9378,5.3517847,19.653913,0.0,19.0,0.0
2014-04-22 01:00:00+00:00,25.269001,92.799736,1009.43756,4.802999,12.99463,0.0,15.0,0.0
2014-04-22 02:00:00+00:00,26.519001,89.599976,1010.13916,4.379589,350.53775,0.0,18.0,0.0
2014-04-22 03:00:00+00:00,27.919,81.80007,1011.14087,3.7064266,330.9455,0.0,21.0,1.0
2014-04-22 04:00:00+00:00,28.569,78.763145,1011.5416,3.563818,315.0001,0.0,39.0,1.0
2014-04-22 05:00:00+00:00,29.019001,76.96492,1011.6426,3.6,270.0,0.2,55.0,51.0
2014-04-22 06:00:00+00:00,29.269001,77.92652,1011.54297,5.8048253,240.2552,0.4,53.0,51.0
2014-04-22 07:00:00+00:00,30.119001,70.738,1010.74457,6.1305785,229.76372,1.3,67.0,61.0
2014-04-22 08:00:00+00:00,28.969,75.586815,1009.943,6.1305785,229.76372,4.8,89.0,63.0
2014-04-22 09:00:00+00:00,29.169,75.84485,1009.24365,7.386582,226.97493,0.7,97.0,53.0
2014-04-22 10:00:00+00:00,28.769001,79.0267,1008.6433,7.7043357,232.59457,0.0,96.0,3.0
2014-04-22 11:00:00+00:00,28.019001,79.39817,1008.94226,4.510787,208.61037,3.5,97.0,63.0
2014-04-22 12:00:00+00:00,27.819,79.609764,1010.1413,2.8116899,50.194473,0.4,99.0,51.0
2014-04-22 13:00:00+00:00,27.619001,81.03076,1010.04114,2.6208394,15.945477,0.0,97.0,3.0
2014-04-22 14:00:00+00:00,27.419,81.984665,1010.7405,1.1384199,341.56494,0.0,83.0,3.0
2014-04-22 15:00:00+00:00,27.269001,83.2063,1011.63965,0.71999997,270.0,0.0,66.0,2.0
2014-04-22 16:00:00+00:00,26.769001,86.97967,1012.0389,1.2979984,56.309914,0.0,52.0,2.0
2014-04-22 17:00:00+00:00,26.869001,85.95309,1012.33875,1.9386592,68.19853,0.0,84.0,3.0
2014-04-22 18:00:00+00:00,26.969,85.193695,1011.83936,4.1046314,142.12495,0.0,96.0,3.0
2014-04-22 19:00:00+00:00,26.369001,86.16327,1011.23865,5.991594,147.26479,0.0,98.0,3.0
2014-04-22 20:00:00+00:00,26.419,86.16804,1010.439,6.379216,163.61038,0.0,100.0,3.0
2014-04-22 21:00:00+00:00,26.269001,86.93439,1009.8389,5.154415,155.22488,0.0,99.0,3.0
2014-04-22 22:00:00+00:00,26.119001,87.44518,1008.9394,4.6800003,112.61991,0.0,100.0,3.0
2014-04-22 23:00:00+00:00,26.119001,87.70842,1009.1392,4.896529,107.10281,0.0,99.0,3.0
2014-04-23 00:00:00+00:00,26.069,87.70415,1009.5387,4.510787,118.61037,0.0,99.0,3.0
2014-04-23 01:00:00+00:00,26.069,88.76439,1009.83856,5.3999996,126.86998,0.4,96.0,51.0
2014-04-23 02:00:00+00:00,26.819,86.20622,1010.9394,5.1919937,123.690094,0.3,93.0,51.0
2014-04-23 03:00:00+00:00,27.469,82.237114,1011.64,3.096837,125.537766,0.2,69.0,51.0
2014-04-23 04:00:00+00:00,28.219,80.38233,1012.0411,1.9386592,158.19853,0.1,49.0,51.0
2014-04-23 05:00:00+00:00,28.769001,79.9756,1011.94183,3.7064266,209.0545,0.2,40.0,51.0
2014-04-23 06:00:00+00:00,29.569,74.55847,1011.5432,7.42159,230.90614,0.6,44.0,53.0
2014-04-23 07:00:00+00:00,28.919,74.22936,1010.94257,9.793059,233.97253,3.6,71.0,63.0
2014-04-23 08:00:00+00:00,29.019001,74.02301,1009.4436,9.693296,238.67136,1.4,82.0,61.0
2014-04-23 09:00:00+00:00,28.919,75.12671,1009.1433,8.654986,196.9276,0.6,84.0,53.0
2014-04-23 10:00:00+00:00,28.719,75.32089,1008.5434,7.0911775,203.9625,0.5,89.0,53.0
2014-04-23 11:00:00+00:00,28.219,76.61411,1008.2428,7.7879906,213.6901,1.9,93.0,61.0
2014-04-23 12:00:00+00:00,27.619001,79.58274,1008.8417,5.4833565,203.19862,0.2,91.0,51.0
2014-04-23 13:00:00+00:00,27.069,82.93395,1009.4405,4.1046314,232.12495,1.1,93.0,55.0
2014-04-23 14:00:00+00:00,26.369001,88.25755,1010.23914,5.00128,239.74365,1.0,88.0,55.0
2014-04-23 15:00:00+00:00,26.219,90.65682,1010.9385,4.829907,243.43501,0.2,76.0,51.0
2014-04-23 16:00:00+00:00,26.369001,87.20489,1010.93884,4.5536795,251.56496,0.0,67.0,2.0
2014-04-23 17:00:00+00:00,26.619001,85.15805,1011.43884,5.0142193,248.96242,0.0,79.0,2.0
2014-04-23 18:00:00+00:00,26.569,85.15297,1010.9391,5.2416787,254.05453,0.0,67.0,2.0
2014-04-23 19:00:00+00:00,25.519001,91.98134,1010.6376,4.5536795,288.43503,0.0,39.0,1.0
2014-04-23 20:00:00+00:00,25.469,90.87984,1009.53784,4.6102495,308.65982,0.0,37.0,1.0
2014-04-23 21:00:00+00:00,25.369001,89.7854,1009.33795,5.1919937,303.6901,0.0,52.0,2.0
2014-04-23 22:00:00+00:00,25.419,90.059845,1008.5383,6.9153743,308.65982,0.0,55.0,2.0
2014-04-23 23:00:00+00:00,25.519001,89.526344,1008.2387,7.386582,313.0251,0.0,54.0,2.0
2014-04-24 00:00:00+00:00,25.569,89.79988,1008.43866,7.9932966,324.16226,0.0,71.0,2.0
2014-04-24 01:00:00+00:00,25.669,90.620285,1008.83844,8.891343,328.24057,0.0,69.0,2.0
2014-04-24 02:00:00+00:00,26.219,88.51038,1009.739,9.693296,328.67136,0.0,59.0,2.0
2014-04-24 03:00:00+00:00,27.069,84.69479,1010.6399,10.883676,325.78424,0.0,69.0,2.0
2014-04-24 04:00:00+00:00,27.769001,83.01457,1010.841,10.44,316.3971,0.0,74.0,2.0
2014-04-24 05:00:00+00:00,28.569,80.9091,1011.2418,9.178235,295.5599,0.0,59.0,2.0
2014-04-24 06:00:00+00:00,29.019001,79.77087,1010.743,10.483357,285.94547,0.2,70.0,51.0
2014-04-24 07:00:00+00:00,28.319,80.63602,1010.54175,13.797913,285.12405,2.0,90.0,61.0
2014-04-24 08:00:00+00:00,28.369001,82.09928,1009.44226,10.086427,272.04535,0.3,99.0,51.0
2014-04-24 09:00:00+00:00,28.519001,82.85361,1008.543,10.823973,273.814,0.7,100.0,53.0
2014-04-24 10:00:00+00:00,27.869001,80.336624,1007.14264,9.449572,287.74475,3.5,98.0,63.0
2014-04-24 11:00:00+00:00,27.069,84.18839,1007.0415,9.565437,289.79895,2.1,100.0,61.0
2014-04-24 12:00:00+00:00,27.319,82.21916,1007.8414,9.826088,298.4428,0.0,98.0,3.0
2014-04-24 13:00:00+00:00,26.769001,85.17332,1008.44055,8.225035,293.1986,0.0,97.0,3.0
2014-04-24 14:00:00+00:00,26.569,86.70118,1009.5397,8.854829,296.56497,0.0,99.0,3.0
2014-04-24 15:00:00+00:00,26.669,85.67616,1010.53925,8.209263,307.87503,0.0,100.0,3.0
2014-04-24 16:00:00+00:00,26.619001,86.44612,1011.1389,5.8603754,312.5104,0.0,99.0,3.0
2014-04-24 17:00:00+00:00,26.519001,86.957054,1011.03876,6.3690495,312.70938,0.0,99.0,3.0
2014-04-24 18:00:00+00:00,26.369001,87.20489,1010.93884,7.127636,315.0001,0.0,100.0,3.0
2014-04-24 19:00:00+00:00,26.369001,87.72985,1009.8393,7.8954163,316.8476,0.0,100.0,3.0
2014-04-24 20:00:00+00:00,26.269001,88.51439,1009.0393,8.287822,325.6196,0.0,97.0,3.0
2014-04-24 21:00:00+00:00,26.119001,89.570625,1008.3396,9.19939,329.42084,0.0,94.0,3.0
2014-04-24 22:00:00+00:00,25.919,90.365585,1008.4392,10.464797,319.18503,0.0,98.0,3.0
2014-04-24 23:00:00+00:00,25.819,90.902504,1008.439,9.793059,323.97253,0.0,99.0,3.0
2014-04-25 00:00:00+00:00,25.869001,90.36218,1008.73883,8.891343,328.24057,0.0,99.0,3.0
2014-04-25 01:00:00+00:00,25.869001,91.178535,1009.6384,8.891343,328.24057,0.0,99.0,3.0
2014-04-25 02:00:00+00:00,26.169,89.84304,1010.43866,9.085988,326.3099,0.0,97.0,3.0
2014-04-25 03:00:00+00:00,27.119001,85.208916,1011.13965,10.464797,319.18503,0.1,92.0,51.0
2014-04-25 04:00:00+00:00,27.769001,82.5195,1011.44073,11.090103,305.75397,0.3,88.0,51.0
2014-04-25 05:00:00+00:00,28.019001,84.29037,1011.5411,11.298495,292.47946,0.0,80.0,3.0
2014-04-25 06:00:00+00:00,27.919,86.82478,1010.841,12.313893,285.25516,0.1,86.0,51.0
2014-04-25 07:00:00+00:00,29.369001,79.1092,1009.6438,13.138765,279.46225,0.0,78.0,2.0
2014-04-25 08:00:00+00:00,29.519001,80.07456,1008.7445,14.264361,280.17545,0.0,84.0,3.0
2014-04-25 09:00:00+00:00,29.519001,81.75178,1008.1447,13.979871,281.88864,0.2,93.0,51.0
2014-04-25 10:00:00+00:00,29.469,81.02299,1007.2452,13.797913,285.12405,0.4,81.0,51.0
2014-04-25 11:00:00+00:00,29.169,80.745026,1006.54486,13.276144,282.5288,1.0,73.0,55.0
2014-04-25 12:00:00+00:00,28.419,80.890015,1007.34357,10.966713,293.1986,0.9,62.0,53.0
2014-04-25 13:00:00+00:00,27.919,83.28004,1007.84235,8.217153,298.8107,0.0,61.0,2.0
2014-04-25 14:00:00+00:00,27.719,84.00709,1008.4419,8.587338,303.02386,0.0,78.0,2.0
2014-04-25 15:00:00+00:00,27.419,85.239296,1009.6409,8.0899935,302.27563,0.0,82.0,3.0
2014-04-25 16:00:00+00:00,27.119001,86.492905,1010.1401,8.0899935,302.27563,0.0,91.0,3.0
2014-04-25 17:00:00+00:00,26.969,87.25816,1010.5399,9.0,306.86996,0.0,97.0,3.0
2014-04-25 18:00:00+00:00,26.769001,88.02684,1010.23975,9.957108,310.60123,0.0,99.0,3.0
2014-04-25 19:00:00+00:00,27.219,85.98697,1009.44073,10.195057,312.1375,0.0,93.0,3.0
2014-04-25 20:00:00+00:00,27.019001,87.26255,1008.54083,9.673221,315.0001,0.0,77.0,2.0
2014-04-25 21:00:00+00:00,26.819,88.03103,1007.8408,10.009036,322.3057,0.0,78.0,2.0
2014-04-25 22:00:00+00:00,26.569,89.33633,1007.4407,9.957108,319.39877,0.0,74.0,2.0
2014-04-25 23:00:00+00:00,26.569,88.80374,1007.6405,9.085988,326.3099,0.0,74.0,2.0
2014-04-26 00:00:00+00:00,26.569,88.80374,1008.04034,8.854829,333.43503,0.0,68.0,2.0
2014-04-26 01:00:00+00:00,26.469,89.06202,1008.5399,9.227524,339.44388,0.0,70.0,2.0
2014-04-26 02:00:00+00:00,26.969,87.51926,1009.4405,10.24578,341.56494,0.0,55.0,2.0
2014-04-26 03:00:00+00:00,27.819,83.51784,1010.2413,10.948973,332.5925,0.0,61.0,2.0
2014-04-26 04:00:00+00:00,28.769001,79.0267,1010.5425,10.948973,316.33215,0.0,56.0,2.0
2014-04-26 05:00:00+00:00,29.619001,75.462944,1010.5437,10.685391,302.61923,0.1,54.0,51.0
2014-04-26 06:00:00+00:00,30.219,74.44162,1010.1448,11.525623,284.47034,0.0,66.0,2.0
2014-04-26 07:00:00+00:00,29.919,76.18742,1009.4448,11.609651,277.1249,0.3,68.0,51.0
2014-04-26 08:00:00+00:00,29.769001,77.76694,1008.1451,13.363711,265.36462,0.3,58.0,51.0
2014-04-26 09:00:00+00:00,29.919,78.95029,1007.74554,13.397612,276.17007,0.0,76.0,2.0
2014-04-26 10:00:00+00:00,29.669,80.80875,1006.0461,14.332341,281.59213,0.0,93.0,3.0
2014-04-26 11:00:00+00:00,29.519001,81.51033,1006.2456,12.287555,301.8274,0.2,88.0,51.0
2014-04-26 12:00:00+00:00,28.819,80.22095,1006.74445,9.83268,293.7495,1.3,90.0,61.0
2014-04-26 13:00:00+00:00,28.419,82.59584,1007.1436,9.360001,292.6199,0.0,76.0,2.0
2014-04-26 14:00:00+00:00,28.219,83.313965,1008.0429,9.885262,303.11136,0.0,52.0,2.0
2014-04-26 15:00:00+00:00,28.069,83.54573,1008.94226,10.233123,309.28937,0.0,40.0,1.0
2014-04-26 16:00:00+00:00,27.869001,84.023346,1009.84143,10.703569,312.27362,0.0,62.0,2.0
2014-04-26 17:00:00+00:00,27.669,84.757416,1010.241,11.457958,313.72705,0.0,73.0,2.0
2014-04-26 18:00:00+00:00,27.419,85.74991,1010.24066,12.261157,319.7637,0.0,66.0,2.0
2014-04-26 19:00:00+00:00,27.719,85.015785,1009.2415,11.681987,326.3099,0.0,42.0,1.0
2014-04-26 20:00:00+00:00,27.569,85.509224,1008.6417,9.511088,330.5242,0.0,34.0,1.0
2014-04-26 21:00:00+00:00,27.419,86.00623,1008.1416,9.339208,332.44727,0.0,39.0,1.0
2014-04-26 22:00:00+00:00,27.119001,87.53226,1008.0411,10.787993,334.2901,0.0,56.0,2.0
2014-04-26 23:00:00+00:00,26.919,88.30259,1007.8408,11.119281,330.9455,0.0,55.0,2.0
2014-04-27 00:00:00+00:00,26.719,89.34756,1008.3402,10.805998,330.01843,0.0,52.0,2.0
2014-04-27 01:00:00+00:00,26.719,89.61463,1008.83997,10.630672,331.69934,0.0,49.0,1.0
2014-04-27 02:00:00+00:00,27.119001,88.05601,1009.94025,11.609651,330.25522,0.0,39.0,1.0
2014-04-27 03:00:00+00:00,27.869001,85.53897,1010.54114,11.384198,325.30478,0.0,42.0,1.0
2014-04-27 04:00:00+00:00,28.819,81.66637,1010.7426,11.212135,317.6026,0.0,33.0,1.0
2014-04-27 05:00:00+00:00,29.619001,78.90888,1010.6436,12.096214,306.52896,0.0,53.0,2.0
2014-04-27 06:00:00+00:00,30.269001,77.15057,1009.94495,12.641076,289.9832,0.0,77.0,2.0
2014-04-27 07:00:00+00:00,29.869001,75.27755,1009.54474,13.004921,274.76355,0.4,95.0,51.0
2014-04-27 08:00:00+00:00,30.069,76.43715,1008.54553,14.4,270.0,0.0,99.0,3.0
2014-04-27 09:00:00+00:00,30.019001,78.730644,1007.84546,11.966953,291.16132,0.2,93.0,51.0
2014-04-27 10:00:00+00:00,29.769001,74.81389,1006.54584,15.596767,288.85324,1.5,94.0,61.0
2014-04-27 11:00:00+00:00,29.469,76.80271,1006.5455,13.004921,274.76355,0.0,97.0,3.0
2014-04-27 12:00:00+00:00,29.069,79.06801,1008.1441,9.693296,291.80148,0.0,88.0,3.0
2014-04-27 13:00:00+00:00,28.269001,81.35556,1008.54266,6.763786,295.20108,0.2,94.0,51.0
2014-04-27 14:00:00+00:00,27.969,81.56185,1009.54193,5.8603754,312.5104,1.4,96.0,61.0
2014-04-27 15:00:00+00:00,27.219,85.73034,1010.44025,6.3690495,312.70938,0.8,94.0,53.0
2014-04-27 16:00:00+00:00,26.769001,87.501884,1011.03937,5.3999996,306.86996,0.2,95.0,51.0
2014-04-27 17:00:00+00:00,26.519001,89.06582,1011.03876,5.315336,298.30066,0.0,96.0,3.0
2014-04-27 18:00:00+00:00,26.319,89.58532,1010.93884,7.289445,302.90524,0.0,100.0,3.0
2014-04-27 19:00:00+00:00,26.619001,87.75121,1010.53925,9.931042,316.46872,0.0,100.0,3.0
2014-04-27 20:00:00+00:00,26.269001,88.78016,1010.2388,11.384198,325.30478,0.0,100.0,3.0
2014-04-27 21:00:00+00:00,26.069,89.03123,1009.2389,8.049845,333.43503,0.0,98.0,3.0
2014-04-27 22:00:00+00:00,25.919,89.55587,1009.13885,7.289444,339.77505,0.0,98.0,3.0
2014-04-27 23:00:00+00:00,25.869001,89.55221,1008.73883,9.107359,341.56494,0.0,99.0,3.0
2014-04-28 00:00:00+00:00,25.819,89.548515,1009.0387,9.0,343.73972,0.0,100.0,3.0
2014-04-28 01:00:00+00:00,25.819,89.27987,1009.6384,9.0,343.73972,0.0,100.0,3.0
2014-04-28 02:00:00+00:00,26.319,87.72558,1010.6389,8.891344,338.6293,0.0,100.0,3.0
2014-04-28 03:00:00+00:00,27.219,83.70126,1011.23987,9.693296,338.19852,0.0,100.0,3.0
2014-04-28 04:00:00+00:00,28.169,79.65693,1011.4411,10.990322,328.39255,0.0,99.0,3.0
2014-04-28 05:00:00+00:00,29.069,75.37628,1011.3427,10.514218,308.0471,0.0,94.0,3.0
2014-04-28 06:00:00+00:00,29.769001,72.8274,1010.9439,11.177405,284.93146,0.0,87.0,3.0
2014-04-28 07:00:00+00:00,29.719,74.58278,1009.7444,11.901798,273.46817,0.0,57.0,2.0
2014-04-28 08:00:00+00:00,29.869001,75.502205,1008.7451,11.928989,264.80566,0.0,53.0,2.0
2014-04-28 09:00:00+00:00,29.619001,77.97678,1007.3451,14.618837,260.07382,0.0,61.0,2.0
2014-04-28 10:00:00+00:00,29.269001,80.7578,1006.1454,14.044615,271.46878,0.1,83.0,51.0
2014-04-28 11:00:00+00:00,29.019001,81.93364,1006.0451,13.358861,284.03625,0.3,95.0,51.0
2014-04-28 12:00:00+00:00,28.919,80.71306,1006.3446,12.43434,292.1095,0.0,94.0,3.0
2014-04-28 13:00:00+00:00,28.519001,80.42134,1007.34357,8.4963045,306.38446,0.2,90.0,51.0
2014-04-28 14:00:00+00:00,28.319,81.604996,1007.74304,8.714677,308.2902,0.0,55.0,2.0
2014-04-28 15:00:00+00:00,27.869001,83.27439,1008.742,7.928177,309.47244,0.0,14.0,0.0
2014-04-28 16:00:00+00:00,27.669,84.504814,1009.4414,6.638072,310.60123,0.0,6.0,0.0
2014-04-28 17:00:00+00:00,27.569,84.747025,1009.8412,6.8777895,317.1211,0.0,44.0,1.0
2014-04-28 18:00:00+00:00,27.369001,85.74503,1009.94086,8.161764,318.57642,0.0,75.0,2.0
2014-04-28 19:00:00+00:00,27.569,84.49426,1009.34143,7.7043357,322.59457,0.2,80.0,51.0
2014-04-28 20:00:00+00:00,27.419,85.239296,1008.7414,7.10031,329.53452,0.0,51.0,2.0
2014-04-28 21:00:00+00:00,27.219,85.98697,1008.64105,6.439876,333.43503,0.2,60.0,51.0
2014-04-28 22:00:00+00:00,26.419,89.05814,1007.9402,6.5693827,279.46225,0.7,84.0,53.0
2014-04-28 23:00:00+00:00,26.069,89.298744,1008.2393,5.0142193,291.03757,0.7,99.0,53.0
2014-04-29 00:00:00+00:00,25.769001,87.6783,1008.339,7.24486,333.43503,0.4,100.0,51.0
2014-04-29 01:00:00+00:00,25.669,89.537415,1008.43866,8.39657,329.03632,0.0,99.0,3.0
2014-04-29 02:00:00+00:00,26.319,87.20047,1009.7394,7.9932966,324.16226,0.0,100.0,3.0
2014-04-29 03:00:00+00:00,27.119001,84.19375,1010.5399,8.913181,316.63654,0.0,100.0,3.0
2014-04-29 04:00:00+00:00,27.819,81.78788,1011.24084,8.39657,300.96368,0.2,100.0,51.0
2014-04-29 05:00:00+00:00,28.569,79.71067,1011.4417,8.654986,286.92758,0.4,100.0,51.0
2014-04-29 06:00:00+00:00,28.869001,79.98884,1011.1424,8.28,270.0,0.3,100.0,51.0
2014-04-29 07:00:00+00:00,27.819,82.772545,1010.34125,6.725354,254.47583,1.5,100.0,61.0
2014-04-29 08:00:00+00:00,27.819,85.279724,1009.44165,4.8433046,228.01286,0.7,100.0,53.0
2014-04-29 09:00:00+00:00,27.869001,84.52595,1008.1422,6.725354,254.47583,0.2,100.0,51.0
2014-04-29 10:00:00+00:00,27.969,85.5489,1007.24304,9.028754,274.57382,0.1,100.0,51.0
2014-04-29 11:00:00+00:00,27.769001,85.78416,1006.74286,9.47012,278.74606,0.7,100.0,53.0
2014-04-29 12:00:00+00:00,27.719,85.015785,1007.24243,8.311245,274.96964,0.2,100.0,51.0
2014-04-29 13:00:00+00:00,27.469,85.49926,1008.34155,6.489992,266.82022,0.0,100.0,3.0
2014-04-29 14:00:00+00:00,26.669,85.67616,1009.0399,6.725354,254.47583,1.1,100.0,55.0
2014-04-29 15:00:00+00:00,26.269001,89.31378,1009.53906,5.154415,245.22488,0.1,100.0,51.0
2014-04-29 16:00:00+00:00,26.219,90.11598,1010.0388,4.1046314,254.74483,0.6,100.0,53.0
2014-04-29 17:00:00+00:00,26.119001,90.92187,1010.43866,4.32,270.0,0.3,100.0,51.0
2014-04-29 18:00:00+00:00,25.969,92.00711,1010.3383,4.829907,296.56497,0.0,100.0,3.0
2014-04-29 19:00:00+00:00,25.869001,91.45212,1009.8383,5.904439,307.56866,0.0,100.0,3.0
2014-04-29 20:00:00+00:00,25.869001,91.178535,1009.0387,6.193674,305.53775,0.2,100.0,51.0
2014-04-29 21:00:00+00:00,25.819,91.175446,1008.0392,6.638072,310.60123,0.2,100.0,51.0
2014-04-29 22:00:00+00:00,25.819,90.630295,1007.53937,8.534353,332.3541,0.0,99.0,3.0
2014-04-29 23:00:00+00:00,25.869001,90.09148,1007.7393,10.028439,338.9624,0.0,92.0,3.0
2014-04-30 00:00:00+00:00,25.969,89.828705,1007.93945,9.565437,340.20102,0.0,85.0,3.0
2014-04-30 01:00:00+00:00,26.019001,90.102,1008.33923,8.557102,345.3791,0.0,88.0,3.0
2014-04-30 02:00:00+00:00,26.519001,88.26986,1009.1396,9.449572,342.25522,0.0,73.0,2.0
2014-04-30 03:00:00+00:00,27.319,84.21532,1009.9405,9.983106,334.35904,0.0,59.0,2.0
2014-04-30 04:00:00+00:00,28.169,81.10033,1010.5415,9.726664,321.009,0.0,55.0,2.0
2014-04-30 05:00:00+00:00,29.169,77.448494,1010.643,9.178235,311.82007,0.0,70.0,2.0
2014-04-30 06:00:00+00:00,29.469,77.723564,1010.4437,9.028754,293.49857,0.2,82.0,51.0
2014-04-30 07:00:00+00:00,29.519001,77.96244,1009.844,10.086427,267.95465,0.2,85.0,51.0
2014-04-30 08:00:00+00:00,28.919,76.490585,1008.9435,8.647496,267.6141,2.8,89.0,63.0
2014-04-30 09:00:00+00:00,28.619001,79.006,1007.5438,9.0,270.0,0.0,86.0,3.0
2014-04-30 10:00:00+00:00,28.719,79.25619,1006.8441,3.6179552,264.2895,0.1,94.0,51.0
2014-04-30 11:00:00+00:00,27.919,81.80007,1007.3426,5.0528407,265.91446,1.5,92.0,61.0
2014-04-30 12:00:00+00:00,26.819,85.178444,1007.9408,3.6,270.0,2.4,98.0,61.0
2014-04-30 13:00:00+00:00,26.519001,87.21822,1008.1401,4.452954,345.9637,0.2,98.0,51.0
2014-04-30 14:00:00+00:00,26.469,88.001724,1009.33954,8.473393,347.73523,0.0,79.0,2.0
2014-04-30 15:00:00+00:00,26.219,90.38606,1009.639,5.5887027,345.06854,0.0,92.0,3.0
2014-04-30 16:00:00+00:00,26.069,90.375854,1010.2384,4.3349743,4.763556,0.0,78.0,2.0
2014-04-30 17:00:00+00:00,26.019001,89.83227,1010.6382,4.1046314,15.255177,0.0,86.0,3.0
2014-04-30 18:00:00+00:00,26.169,88.50634,1010.3387,3.319036,12.528798,0.0,89.0,3.0
2014-04-30 19:00:00+00:00,25.419,93.08624,1009.6378,2.16,360.0,0.0,79.0,2.0
2014-04-30 20:00:00+00:00,25.219,93.91815,1009.0377,2.4149535,333.43503,0.0,88.0,3.0
2014-04-30 21:00:00+00:00,25.369001,92.2494,1008.5383,3.6,323.13,0.0,94.0,3.0
2014-04-30 22:00:00+00:00,25.319,91.4185,1008.0386,6.8399997,360.0,0.0,83.0,3.0
2014-04-30 23:00:00+00:00,25.269001,91.41545,1007.73834,6.162207,6.70975,0.0,93.0,3.0
2014-05-01 00:00:00+00:00,25.219,91.41237,1008.1381,6.489992,19.440128,0.0,96.0,3.0
2014-05-01 01:00:00+00:00,25.169,91.684875,1008.43805,5.315336,28.30066,0.0,99.0,3.0
2014-05-01 02:00:00+00:00,26.019001,89.56326,1009.5387,3.6,36.86999,0.0,95.0,3.0
2014-05-01 03:00:00+00:00,27.169,84.19915,1010.44025,2.4149535,26.564985,0.0,96.0,3.0
2014-05-01 04:00:00+00:00,27.919,81.55565,1010.941,1.484318,345.9637,0.0,96.0,3.0
2014-05-01 05:00:00+00:00,28.669,78.30728,1010.5425,2.7416782,293.1986,0.2,97.0,51.0
2014-05-01 06:00:00+00:00,29.119001,78.37105,1010.14325,5.2416787,254.05453,0.2,97.0,51.0
2014-05-01 07:00:00+00:00,28.819,76.24645,1009.1433,8.427383,250.0168,0.4,99.0,51.0
2014-05-01 08:00:00+00:00,29.069,76.74259,1008.44403,11.503113,249.86362,0.3,94.0,51.0
2014-05-01 09:00:00+00:00,29.069,78.83275,1007.9443,9.565437,250.20103,0.0,95.0,3.0
2014-05-01 10:00:00+00:00,28.819,79.033585,1006.74445,7.9526596,264.80566,1.8,77.0,61.0
2014-05-01 11:00:00+00:00,27.819,83.51784,1007.14264,9.9571085,282.5288,2.2,77.0,61.0
2014-05-01 12:00:00+00:00,27.669,84.00162,1007.1424,6.379216,286.38962,1.1,90.0,55.0
2014-05-01 13:00:00+00:00,27.619001,83.49544,1007.24243,6.193674,305.53775,0.0,89.0,3.0
2014-05-01 14:00:00+00:00,27.469,83.97986,1007.9418,6.6087217,299.35767,0.0,80.0,3.0
2014-05-01 15:00:00+00:00,27.419,83.473045,1008.9413,7.928177,309.47244,0.0,78.0,2.0
2014-05-01 16:00:00+00:00,27.469,82.98007,1009.24115,7.8954163,313.1524,0.0,90.0,3.0
2014-05-01 17:00:00+00:00,27.369001,83.217674,1009.24115,7.653705,311.18582,0.0,86.0,3.0
2014-05-01 18:00:00+00:00,27.119001,84.19375,1009.24054,8.714677,308.2902,0.0,80.0,3.0
2014-05-01 19:00:00+00:00,27.019001,84.43592,1008.54083,9.422101,313.4519,0.0,74.0,2.0
2014-05-01 20:00:00+00:00,26.569,86.961586,1008.04034,9.931042,316.46872,0.3,69.0,51.0
2014-05-01 21:00:00+00:00,26.419,87.47139,1007.54034,9.290511,324.46225,0.2,59.0,51.0
2014-05-01 22:00:00+00:00,26.269001,87.4583,1007.0402,9.83268,336.2505,0.0,81.0,3.0
2014-05-01 23:00:00+00:00,26.219,87.98075,1006.8403,10.365251,339.6768,0.0,99.0,3.0
2014-05-02 00:00:00+00:00,26.119001,88.23699,1006.9403,10.041354,345.4655,0.0,45.0,1.0
2014-05-02 01:00:00+00:00,26.119001,87.972336,1007.54,10.661107,348.31067,0.0,32.0,1.0
2014-05-02 02:00:00+00:00,26.669,85.933716,1008.14026,9.885262,349.50858,0.0,55.0,2.0
2014-05-02 03:00:00+00:00,27.469,82.73178,1008.54144,10.483357,344.05453,0.0,47.0,1.0
2014-05-02 04:00:00+00:00,28.469,78.044624,1008.9429,10.144082,332.52567,0.0,50.0,2.0
2014-05-02 05:00:00+00:00,29.619001,73.23946,1008.54456,8.435069,309.8055,0.0,62.0,2.0
2014-05-02 06:00:00+00:00,30.369001,70.78326,1008.446,8.12197,282.80426,0.0,82.0,3.0
2014-05-02 07:00:00+00:00,30.819,70.232864,1007.64685,9.72,270.0,0.8,84.0,53.0
2014-05-02 08:00:00+00:00,29.669,74.79782,1006.9457,10.805999,268.09088,5.7,95.0,63.0
2014-05-02 09:00:00+00:00,29.369001,77.940895,1006.1454,9.0645685,263.15732,0.6,99.0,53.0
2014-05-02 10:00:00+00:00,29.769001,76.6193,1005.54626,5.495161,238.39255,3.2,98.0,63.0
2014-05-02 11:00:00+00:00,27.819,83.26874,1005.94324,5.991594,212.73521,10.1,100.0,65.0
2014-05-02 12:00:00+00:00,26.669,90.686584,1007.14075,4.8965297,233.97253,4.5,99.0,63.0
2014-05-02 13:00:00+00:00,25.919,95.35975,1007.5396,7.172949,252.47433,2.9,100.0,63.0
2014-05-02 14:00:00+00:00,25.269001,96.4851,1008.2381,8.225035,293.1986,2.4,100.0,61.0
2014-05-02 15:00:00+00:00,25.069,95.61705,1008.6375,8.891343,301.75943,0.7,100.0,53.0
2014-05-02 16:00:00+00:00,25.219,93.35616,1008.53796,4.1046314,322.12494,0.0,98.0,3.0
2014-05-02 17:00:00+00:00,25.369001,92.80491,1009.23804,3.5455887,336.0375,0.0,99.0,3.0
2014-05-02 18:00:00+00:00,25.669,91.71456,1008.9384,4.8965297,323.97253,0.0,100.0,3.0
2014-05-02 19:00:00+00:00,26.119001,90.37925,1008.53955,6.4096174,321.8427,0.0,100.0,3.0
2014-05-02 20:00:00+00:00,25.969,91.45822,1007.4397,6.1305785,319.7637,0.0,82.0,3.0
2014-05-02 21:00:00+00:00,25.969,90.91221,1007.23975,5.495161,301.60745,0.0,86.0,3.0
2014-05-02 22:00:00+00:00,25.569,93.09373,1007.3391,6.989936,325.4914,0.4,96.0,51.0
2014-05-02 23:00:00+00:00,25.319,91.96987,1006.9391,9.449572,342.25522,0.7,96.0,53.0
2014-05-03 00:00:00+00:00,25.469,91.70274,1006.8391,8.669949,355.23645,0.2,99.0,51.0
2014-05-03 01:00:00+00:00,25.769001,89.81428,1007.3395,8.28,360.0,0.0,98.0,3.0
2014-05-03 02:00:00+00:00,26.169,89.57427,1008.2397,7.6367526,8.130019,0.0,95.0,3.0
2014-05-03 03:00:00+00:00,27.069,85.4594,1008.8407,6.519877,6.3401003,0.0,94.0,3.0
2014-05-03 04:00:00+00:00,28.019001,81.081375,1008.94226,5.1544156,347.90527,0.0,89.0,3.0
2014-05-03 05:00:00+00:00,28.969,76.4982,1008.84344,5.3517847,312.27362,0.0,85.0,3.0
2014-05-03 06:00:00+00:00,29.669,74.57468,1008.1451,6.725354,285.52417,0.1,81.0,51.0
2014-05-03 07:00:00+00:00,30.219,73.55965,1007.7459,9.36,270.0,0.1,94.0,51.0
2014-05-03 08:00:00+00:00,29.219,76.536156,1007.24457,10.853866,264.2895,3.1,96.0,63.0
2014-05-03 09:00:00+00:00,28.969,79.05424,1006.4446,12.181625,251.0295,0.5,98.0,53.0
2014-05-03 10:00:00+00:00,27.869001,83.27439,1005.4435,14.113653,264.14407,2.0,98.0,61.0
2014-05-03 11:00:00+00:00,27.169,85.72539,1006.14215,8.557102,292.24908,2.4,100.0,61.0
2014-05-03 12:00:00+00:00,26.069,92.56425,1006.74,4.5536795,288.43503,3.3,100.0,63.0
2014-05-03 13:00:00+00:00,25.419,95.91438,1007.039,2.6208394,285.94547,4.5,100.0,63.0
2014-05-03 14:00:00+00:00,25.119001,96.19293,1008.1381,5.4477882,352.40543,2.5,100.0,63.0
2014-05-03 15:00:00+00:00,25.119001,95.61865,1008.1381,6.87779,6.0089183,2.5,100.0,63.0
2014-05-03 16:00:00+00:00,25.169,95.906906,1007.63837,7.2359104,5.7105074,1.5,100.0,61.0
2014-05-03 17:00:00+00:00,25.419,94.77425,1007.8386,7.208994,357.13766,0.4,100.0,51.0
2014-05-03 18:00:00+00:00,25.769001,90.89926,1008.0392,6.849467,3.0127327,0.0,99.0,3.0
2014-05-03 19:00:00+00:00,25.969,88.49023,1006.34015,5.4119864,3.8140097,0.0,99.0,3.0
2014-05-03 20:00:00+00:00,26.019001,87.96394,1006.24023,4.5536795,341.56494,0.0,100.0,3.0
2014-05-03 21:00:00+00:00,25.869001,88.7486,1006.0401,4.452954,345.9637,0.2,99.0,51.0
2014-05-03 22:00:00+00:00,25.569,90.61363,1005.8398,5.8603754,317.4896,0.3,99.0,51.0
2014-05-03 23:00:00+00:00,25.519001,90.61029,1005.93976,6.8777895,312.8789,0.0,98.0,3.0
2014-05-04 00:00:00+00:00,25.369001,91.696785,1006.53925,6.4096174,308.15726,0.0,100.0,3.0
2014-05-04 01:00:00+00:00,25.269001,93.07876,1007.1386,5.1919937,326.3099,0.1,99.0,51.0
2014-05-04 02:00:00+00:00,26.019001,92.2854,1007.5396,6.28713,346.75946,0.0,100.0,3.0
2014-05-04 03:00:00+00:00,26.419,85.909424,1008.1401,7.4128532,330.9455,0.0,100.0,3.0
2014-05-04 04:00:00+00:00,27.569,81.26808,1008.5418,8.161764,318.57642,0.0,100.0,3.0
2014-05-04 05:00:00+00:00,28.169,79.41858,1008.1426,9.686609,318.01288,0.1,100.0,51.0
2014-05-04 06:00:00+00:00,28.669,79.4864,1007.5438,9.028754,293.49857,0.0,100.0,3.0
2014-05-04 07:00:00+00:00,29.169,76.98731,1006.7448,10.8955765,277.59454,0.2,100.0,51.0
2014-05-04 08:00:00+00:00,28.719,79.73078,1006.44434,12.245294,268.31534,2.8,100.0,63.0
2014-05-04 09:00:00+00:00,28.319,83.07756,1005.6439,12.074766,280.30478,0.3,100.0,51.0
2014-05-04 10:00:00+00:00,27.919,84.5312,1004.04407,9.9571085,282.5288,2.5,100.0,63.0
2014-05-04 11:00:00+00:00,27.469,85.244385,1004.6432,6.151683,290.55612,1.8,100.0,61.0
2014-05-04 12:00:00+00:00,26.619001,86.44612,1005.34155,4.510787,298.61035,2.8,100.0,63.0
2014-05-04 13:00:00+00:00,25.869001,89.55221,1005.9401,3.7064266,299.0545,1.6,100.0,61.0
2014-05-04 14:00:00+00:00,25.469,91.15341,1007.23895,3.319036,347.4712,2.0,100.0,61.0
2014-05-04 15:00:00+00:00,25.419,90.059845,1007.7387,3.96,360.0,0.6,100.0,53.0
2014-05-04 16:00:00+00:00,25.519001,88.72086,1008.0388,4.8965297,323.97253,0.4,100.0,51.0
2014-05-04 17:00:00+00:00,25.169,91.96121,1008.43805,5.506941,348.6901,0.2,100.0,51.0
2014-05-04 18:00:00+00:00,25.269001,90.321045,1008.3381,7.172949,17.52567,0.7,100.0,53.0
2014-05-04 19:00:00+00:00,24.619001,95.02928,1007.5375,8.557102,22.249071,3.4,100.0,63.0
2014-05-04 20:00:00+00:00,24.819,91.66405,1006.83813,9.360001,22.61991,3.2,100.0,63.0
2014-05-04 21:00:00+00:00,24.919,90.02452,1006.5385,8.557102,22.249071,3.3,100.0,63.0
2014-05-04 22:00:00+00:00,24.919,89.7528,1005.539,7.5685663,25.346138,1.1,100.0,55.0
2014-05-04 23:00:00+00:00,25.069,88.95367,1005.33905,5.3999996,360.0,0.1,100.0,51.0
2014-05-05 00:00:00+00:00,25.169,87.89205,1005.53937,6.924738,351.02744,0.0,100.0,3.0
2014-05-05 01:00:00+00:00,25.219,87.89631,1006.339,6.849467,356.98727,0.0,100.0,3.0
2014-05-05 02:00:00+00:00,25.619001,87.6654,1007.13916,5.8603754,10.61961,0.0,100.0,3.0
2014-05-05 03:00:00+00:00,26.469,84.63177,1008.1401,5.315336,28.30066,0.0,100.0,3.0
2014-05-05 04:00:00+00:00,27.419,81.0054,1008.0417,4.510787,28.610369,0.0,100.0,3.0
2014-05-05 05:00:00+00:00,28.469,76.19268,1008.0432,4.452954,345.9637,0.2,100.0,51.0
2014-05-05 06:00:00+00:00,29.119001,74.933586,1007.64435,4.5820518,315.0001,0.0,100.0,3.0
2014-05-05 07:00:00+00:00,29.269001,74.286736,1006.4453,5.771239,273.57626,0.0,100.0,3.0
2014-05-05 08:00:00+00:00,29.169,74.941605,1006.145,4.379589,279.46225,1.4,100.0,61.0
2014-05-05 09:00:00+00:00,29.119001,74.933586,1005.84515,0.8049845,26.564985,0.6,100.0,53.0
2014-05-05 10:00:00+00:00,27.969,80.34972,1005.1439,6.12,241.92761,1.5,100.0,61.0
2014-05-05 11:00:00+00:00,26.719,86.45551,1005.8414,3.219938,333.43503,1.8,100.0,61.0
2014-05-05 12:00:00+00:00,26.519001,85.404274,1006.1409,2.5455842,44.999897,0.8,100.0,53.0
2014-05-05 13:00:00+00:00,26.169,87.18709,1007.2401,3.6179552,84.2895,0.7,100.0,53.0
2014-05-05 14:00:00+00:00,25.419,94.77425,1008.1385,3.96,90.0,0.9,100.0,53.0
2014-05-05 15:00:00+00:00,25.569,90.88629,1008.73846,3.2399998,90.0,1.3,100.0,61.0
2014-05-05 16:00:00+00:00,24.919,96.76552,1009.3372,4.0249224,63.435013,0.8,100.0,53.0
2014-05-05 17:00:00+00:00,24.719,97.0514,1009.5369,3.6,36.86999,0.3,100.0,51.0
2014-05-05 18:00:00+00:00,24.869001,95.038345,1008.8372,3.319036,49.398785,0.2,100.0,51.0
2014-05-05 19:00:00+00:00,25.069,91.95546,1008.3377,2.8116899,50.194473,0.4,100.0,51.0
2014-05-05 20:00:00+00:00,24.969,92.227135,1007.638,2.3051248,38.65983,0.0,100.0,3.0
2014-05-05 21:00:00+00:00,24.769001,95.03471,1006.6382,3.8939953,33.6901,0.0,100.0,3.0
2014-05-05 22:00:00+00:00,24.719,95.032936,1006.2384,3.6179552,95.7105,0.0,100.0,3.0
2014-05-05 23:00:00+00:00,24.669,95.3173,1006.6379,4.1046314,74.74483,0.7,100.0,53.0
2014-05-06 00:00:00+00:00,24.619001,95.60262,1007.0377,4.452954,104.03627,0.6,100.0,53.0
2014-05-06 01:00:00+00:00,25.319,90.59694,1007.9386,5.4477882,172.40544,0.2,100.0,51.0
2014-05-06 02:00:00+00:00,26.019001,90.372406,1008.6391,7.2359104,185.7105,0.1,100.0,51.0
2014-05-06 03:00:00+00:00,26.519001,84.89209,1009.1396,7.928178,182.60251,0.8,100.0,53.0
2014-05-06 04:00:00+00:00,27.019001,82.43083,1009.4405,5.7599998,180.0,0.4,100.0,51.0
2014-05-06 05:00:00+00:00,27.269001,82.7084,1009.1408,3.7064266,209.0545,0.6,100.0,53.0
2014-05-06 06:00:00+00:00,27.119001,83.69016,1008.7408,4.0249224,243.43501,2.2,100.0,61.0
2014-05-06 07:00:00+00:00,26.369001,92.3047,1007.54034,1.835647,258.6901,2.6,100.0,63.0
2014-05-06 08:00:00+00:00,26.519001,91.21922,1006.64075,3.8773184,338.19852,1.7,100.0,61.0
2014-05-06 09:00:00+00:00,26.369001,91.20988,1005.6412,4.73506,8.746089,1.6,100.0,61.0
2014-05-06 10:00:00+00:00,26.019001,91.46126,1004.8408,4.6800003,292.6199,2.9,100.0,63.0
2014-05-06 11:00:00+00:00,26.069,92.56425,1005.4406,2.9024127,262.8751,4.2,100.0,63.0
2014-05-06 12:00:00+00:00,25.469,94.21073,1005.9395,1.835647,191.30989,6.0,100.0,63.0
2014-05-06 13:00:00+00:00,25.069,94.47707,1006.8384,2.8116899,129.80553,6.1,100.0,63.0
2014-05-06 14:00:00+00:00,25.069,93.34898,1007.03827,4.1046314,105.25517,6.7,100.0,63.0
2014-05-06 15:00:00+00:00,25.119001,93.63218,1007.4385,6.12,118.072395,8.7,100.0,65.0
2014-05-06 16:00:00+00:00,25.069,93.34898,1007.738,9.220499,128.65984,15.3,100.0,65.0
2014-05-06 17:00:00+00:00,24.819,94.75141,1007.83765,11.592894,143.84172,21.6,100.0,65.0
2014-05-06 18:00:00+00:00,24.869001,95.3241,1007.83765,13.281023,147.17146,26.9,100.0,65.0
2014-05-06 19:00:00+00:00,25.169,93.91593,1007.03864,14.186923,144.29323,1.5,100.0,61.0
2014-05-06 20:00:00+00:00,25.719,89.00417,1006.3399,15.696165,143.39284,1.4,100.0,61.0
2014-05-06 21:00:00+00:00,25.569,89.530045,1005.93976,14.20062,149.53453,1.0,100.0,55.0
2014-05-06 22:00:00+00:00,25.319,90.59694,1006.0395,13.246826,132.79738,1.1,100.0,55.0
2014-05-06 23:00:00+00:00,24.769001,94.7495,1006.43835,12.682018,145.40765,1.4,100.0,61.0
2014-05-07 00:00:00+00:00,24.819,95.03652,1006.83813,10.805998,150.01845,2.2,100.0,61.0
2014-05-07 01:00:00+00:00,24.819,94.75141,1007.238,10.195057,137.86247,3.1,100.0,63.0
2014-05-07 02:00:00+00:00,24.719,94.74757,1008.1375,11.592894,126.15828,3.5,100.0,63.0
2014-05-07 03:00:00+00:00,24.769001,94.7495,1008.53735,11.966954,133.7812,3.3,100.0,63.0
2014-05-07 04:00:00+00:00,24.969,93.6253,1008.93744,12.387348,144.46223,2.5,100.0,63.0
2014-05-07 05:00:00+00:00,25.019001,93.909294,1008.93744,12.43434,157.8905,3.2,100.0,63.0
2014-05-07 06:00:00+00:00,25.269001,91.96699,1008.43805,15.5843,186.63242,2.4,100.0,61.0
2014-05-07 07:00:00+00:00,25.819,87.41886,1007.7393,21.900904,205.30135,7.4,100.0,63.0
2014-05-07 08:00:00+00:00,25.769001,89.54483,1007.53937,21.30093,210.46547,7.3,100.0,63.0
2014-05-07 09:00:00+00:00,25.369001,92.2494,1006.73914,16.676977,212.6609,5.3,100.0,63.0
2014-05-07 10:00:00+00:00,25.869001,90.905716,1006.43994,10.464797,220.81499,1.1,100.0,55.0
2014-05-07 11:00:00+00:00,26.369001,88.25755,1005.74115,11.808878,217.56866,0.4,100.0,51.0
2014-05-07 12:00:00+00:00,26.769001,86.71959,1005.9417,9.746631,184.23631,0.1,100.0,51.0
2014-05-07 13:00:00+00:00,26.719,85.16827,1006.541,10.446206,178.02512,0.0,100.0,3.0
2014-05-07 14:00:00+00:00,26.169,86.1441,1007.3401,13.004921,184.76355,0.5,100.0,53.0
2014-05-07 15:00:00+00:00,25.869001,88.7486,1007.83923,12.324414,186.70975,0.6,100.0,53.0
2014-05-07 16:00:00+00:00,25.369001,92.526764,1008.5383,14.081478,184.39862,0.6,100.0,53.0
2014-05-07 17:00:00+00:00,25.719,89.54117,1008.63885,15.226764,186.78888,0.9,100.0,53.0
2014-05-07 18:00:00+00:00,25.469,91.97847,1008.3384,15.273505,188.13002,1.4,100.0,61.0
2014-05-07 19:00:00+00:00,25.819,90.35879,1007.7393,15.328561,189.46225,1.7,100.0,61.0
2014-05-07 20:00:00+00:00,26.019001,89.02733,1007.1398,16.167967,191.5601,2.2,100.0,61.0
2014-05-07 21:00:00+00:00,25.669,90.620285,1006.33954,16.862455,196.1135,2.5,100.0,63.0
2014-05-07 22:00:00+00:00,25.319,91.4185,1006.63916,20.969805,191.88864,1.9,97.0,61.0
2014-05-07 23:00:00+00:00,25.119001,92.51332,1007.03864,17.377226,193.17256,1.3,99.0,61.0
2014-05-08 00:00:00+00:00,25.319,91.4185,1007.039,14.145756,194.7436,0.4,96.0,51.0
2014-05-08 01:00:00+00:00,25.719,89.00417,1007.9392,13.979871,191.88864,0.4,96.0,51.0
2014-05-08 02:00:00+00:00,25.769001,88.740685,1008.339,13.627795,192.20045,0.9,98.0,53.0
2014-05-08 03:00:00+00:00,25.769001,89.276085,1009.33856,15.379206,200.55612,0.9,95.0,53.0
2014-05-08 04:00:00+00:00,25.969,91.18487,1009.5387,19.164717,208.00908,0.7,98.0,53.0
2014-05-08 05:00:00+00:00,26.469,86.95254,1009.7394,18.388212,203.05133,1.1,97.0,55.0
2014-05-08 06:00:00+00:00,26.769001,86.71959,1009.7399,18.532135,209.0545,1.0,99.0,55.0
2014-05-08 07:00:00+00:00,26.569,86.18237,1009.3398,21.407139,227.72638,4.4,97.0,63.0
2014-05-08 08:00:00+00:00,26.869001,84.67379,1009.54004,17.174677,236.97612,2.6,97.0,63.0
2014-05-08 09:00:00+00:00,26.219,86.66883,1008.73944,18.193361,242.928,4.2,92.0,63.0
2014-05-08 10:00:00+00:00,26.569,85.92403,1008.4402,13.608762,232.52374,1.9,99.0,61.0
2014-05-08 11:00:00+00:00,26.169,86.40379,1008.4396,13.392774,233.74606,3.7,99.0,63.0
2014-05-08 12:00:00+00:00,26.169,88.50634,1008.53955,10.383987,236.3099,0.5,99.0,53.0
2014-05-08 13:00:00+00:00,25.869001,89.821465,1008.339,7.9932966,234.16226,0.2,95.0,51.0
2014-05-08 14:00:00+00:00,25.819,91.175446,1009.23865,7.8954163,223.1524,0.2,99.0,51.0
2014-05-08 15:00:00+00:00,25.869001,90.63358,1009.6384,7.9036193,210.0685,0.2,99.0,51.0
2014-05-08 16:00:00+00:00,25.769001,92.27158,1009.7384,6.725354,195.52417,0.0,99.0,3.0
2014-05-08 17:00:00+00:00,25.519001,92.81266,1009.83795,8.049845,190.3048,0.0,95.0,3.0
2014-05-08 18:00:00+00:00,25.369001,93.08376,1009.53784,9.693296,201.80147,0.0,100.0,3.0
2014-05-08 19:00:00+00:00,25.569,90.88629,1009.13824,9.659814,206.56499,0.4,100.0,51.0
2014-05-08 20:00:00+00:00,25.519001,91.430756,1008.3386,8.891343,211.75943,0.5,99.0,53.0
2014-05-08 21:00:00+00:00,25.669,90.07744,1007.639,7.7043357,217.40543,0.4,100.0,51.0
2014-05-08 22:00:00+00:00,25.819,89.548515,1007.23956,6.1305785,229.76372,0.4,100.0,51.0
2014-05-08 23:00:00+00:00,25.969,89.02351,1007.3397,5.3517847,250.34608,0.3,98.0,51.0
2014-05-09 00:00:00+00:00,25.919,89.55587,1008.2393,6.12,270.0,0.3,100.0,51.0
2014-05-09 01:00:00+00:00,25.469,92.81009,1008.9382,5.634891,296.56497,0.3,100.0,51.0
2014-05-09 02:00:00+00:00,25.969,90.0985,1009.4388,6.792466,302.00534,0.4,99.0,51.0
2014-05-09 03:00:00+00:00,26.469,88.001724,1010.0392,9.028754,293.49857,0.3,99.0,51.0
2014-05-09 04:00:00+00:00,26.869001,87.249275,1010.53955,11.27553,286.6993,0.5,100.0,53.0
2014-05-09 05:00:00+00:00,27.419,87.55822,1010.34064,14.145756,284.74362,0.2,99.0,51.0
2014-05-09 06:00:00+00:00,27.869001,87.597,1010.2413,13.527572,295.20108,0.2,98.0,51.0
2014-05-09 07:00:00+00:00,27.819,84.77304,1009.44165,15.2947035,296.56497,0.2,99.0,51.0
2014-05-09 08:00:00+00:00,27.719,84.00709,1008.5418,15.175612,292.30624,0.1,96.0,51.0
2014-05-09 09:00:00+00:00,27.869001,83.026024,1007.5425,15.175612,292.30624,0.0,95.0,3.0
2014-05-09 10:00:00+00:00,28.019001,82.057175,1006.54333,14.658676,294.67685,0.0,90.0,3.0
2014-05-09 11:00:00+00:00,27.919,82.045105,1006.54297,13.0447235,297.97937,0.0,50.0,2.0
2014-05-09 12:00:00+00:00,27.669,83.00308,1007.0425,11.113451,294.90472,0.0,55.0,2.0
2014-05-09 13:00:00+00:00,27.369001,84.473076,1007.84174,9.227524,290.55612,0.0,52.0,2.0
2014-05-09 14:00:00+00:00,26.819,86.7242,1008.7404,8.225035,293.1986,0.1,65.0,51.0
2014-05-09 15:00:00+00:00,26.569,87.74696,1009.2398,7.754637,291.80148,0.1,82.0,51.0
2014-05-09 16:00:00+00:00,26.219,89.31001,1009.9389,6.725354,285.52417,0.0,90.0,3.0
2014-05-09 17:00:00+00:00,25.869001,90.905716,1010.3381,6.5693827,279.46225,0.1,92.0,51.0
2014-05-09 18:00:00+00:00,25.519001,92.53482,1010.1378,6.162207,276.70975,0.1,97.0,51.0
2014-05-09 19:00:00+00:00,25.569,92.2605,1009.2383,5.937272,284.03625,0.2,97.0,51.0
2014-05-09 20:00:00+00:00,25.419,93.08624,1008.23846,5.315336,298.30066,0.1,96.0,51.0
2014-05-09 21:00:00+00:00,25.269001,93.639084,1007.83826,5.6233797,309.8055,0.1,98.0,51.0
2014-05-09 22:00:00+00:00,25.269001,93.639084,1007.2386,8.161764,311.42358,0.1,98.0,51.0
2014-05-09 23:00:00+00:00,25.119001,94.47906,1007.53845,8.161764,311.42358,0.0,97.0,3.0
2014-05-10 00:00:00+00:00,24.969,94.47307,1008.03784,8.161764,318.57642,0.1,98.0,51.0
2014-05-10 01:00:00+00:00,24.969,94.189705,1008.23773,9.220499,321.34018,0.2,95.0,51.0
2014-05-10 02:00:00+00:00,25.269001,93.35857,1009.1377,9.957108,310.60123,0.2,98.0,51.0
2014-05-10 03:00:00+00:00,25.919,92.00425,1009.93854,11.592895,295.76926,0.1,91.0,51.0
2014-05-10 04:00:00+00:00,26.619001,85.15805,1010.4393,11.440979,294.14554,0.4,98.0,51.0
2014-05-10 05:00:00+00:00,27.319,83.9635,1010.3403,11.609651,299.74478,0.0,97.0,3.0
2014-05-10 06:00:00+00:00,28.119001,81.093994,1009.7419,12.783802,302.3474,0.0,93.0,3.0
2014-05-10 07:00:00+00:00,28.319,81.604996,1009.14233,13.089354,301.5042,0.1,87.0,51.0
2014-05-10 08:00:00+00:00,28.819,77.39712,1008.2438,12.72283,295.1148,0.0,57.0,2.0
2014-05-10 09:00:00+00:00,28.869001,76.71245,1007.2442,13.779114,289.85532,0.0,24.0,1.0
2014-05-10 10:00:00+00:00,28.819,76.93505,1006.84436,16.965895,287.2816,0.0,21.0,1.0
2014-05-10 11:00:00+00:00,28.619001,77.59987,1006.94415,16.62249,287.6502,0.0,35.0,1.0
2014-05-10 12:00:00+00:00,28.319,78.96451,1007.2432,15.256526,289.29013,0.0,51.0,2.0
2014-05-10 13:00:00+00:00,27.919,80.82623,1008.1422,11.726277,287.87878,0.0,61.0,2.0
2014-05-10 14:00:00+00:00,27.569,82.495926,1009.2415,10.028439,291.03757,0.0,67.0,2.0
2014-05-10 15:00:00+00:00,27.319,83.712326,1009.64056,10.00256,300.25635,0.0,89.0,3.0
2014-05-10 16:00:00+00:00,26.969,85.96281,1010.34,10.009036,307.6943,0.0,99.0,3.0
2014-05-10 17:00:00+00:00,26.769001,86.71959,1010.53955,10.44,316.3971,0.0,97.0,3.0
2014-05-10 18:00:00+00:00,26.569,88.273964,1010.3393,10.195057,317.86246,0.0,97.0,3.0
2014-05-10 19:00:00+00:00,26.469,86.17281,1009.9393,9.449572,319.63553,0.0,97.0,3.0
2014-05-10 20:00:00+00:00,26.269001,87.19598,1009.0393,8.4963045,323.61554,0.0,94.0,3.0
2014-05-10 21:00:00+00:00,26.069,88.232864,1008.7391,8.0899935,327.72437,0.0,100.0,3.0
2014-05-10 22:00:00+00:00,25.969,88.49023,1008.5392,9.360001,337.3801,0.0,98.0,3.0
2014-05-10 23:00:00+00:00,25.819,89.011925,1008.73883,9.0,343.73972,0.0,97.0,3.0
2014-05-11 00:00:00+00:00,25.719,89.00417,1009.23865,9.531505,349.11453,0.0,98.0,3.0
2014-05-11 01:00:00+00:00,25.719,88.736725,1009.53845,10.1376915,353.88458,0.0,82.0,3.0
2014-05-11 02:00:00+00:00,26.269001,86.15368,1010.3387,10.182337,351.87,0.0,84.0,3.0
2014-05-11 03:00:00+00:00,27.069,82.43676,1011.4396,11.177405,345.06854,0.0,90.0,3.0
2014-05-11 04:00:00+00:00,27.969,78.91596,1011.4411,11.440979,335.85446,0.0,80.0,3.0
2014-05-11 05:00:00+00:00,28.869001,75.11875,1011.54224,11.753876,319.9698,0.0,87.0,3.0
2014-05-11 06:00:00+00:00,29.469,72.55788,1011.1434,12.4811535,303.23172,0.0,89.0,3.0
2014-05-11 07:00:00+00:00,29.969,72.4269,1010.34436,13.237039,292.3802,0.0,79.0,2.0
2014-05-11 08:00:00+00:00,30.019001,72.87011,1009.2449,15.034041,286.6993,0.0,66.0,2.0
2014-05-11 09:00:00+00:00,29.719,73.256386,1007.94525,16.595179,282.5288,0.3,63.0,51.0
2014-05-11 10:00:00+00:00,29.419,74.53415,1006.94507,15.484185,287.5925,0.0,59.0,2.0
2014-05-11 11:00:00+00:00,28.769001,77.38977,1007.144,14.039999,292.6199,0.1,63.0,51.0
2014-05-11 12:00:00+00:00,28.119001,79.88925,1008.1426,11.119281,299.0545,0.4,78.0,51.0
2014-05-11 13:00:00+00:00,27.369001,83.96894,1008.7414,9.511088,299.4758,0.2,85.0,51.0
2014-05-11 14:00:00+00:00,27.019001,86.22526,1009.6403,8.699793,294.44394,0.0,98.0,3.0
2014-05-11 15:00:00+00:00,26.819,87.24488,1010.6395,7.8954163,294.22772,0.0,96.0,3.0
2014-05-11 16:00:00+00:00,26.619001,88.27806,1011.039,7.9036193,300.06848,0.0,99.0,3.0
2014-05-11 17:00:00+00:00,26.419,89.05814,1011.1387,9.085988,303.6901,0.0,100.0,3.0
2014-05-11 18:00:00+00:00,26.319,89.58532,1010.8388,9.793059,306.02747,0.0,97.0,3.0
2014-05-11 19:00:00+00:00,26.619001,89.34005,1010.53925,9.931042,313.53125,0.0,98.0,3.0
2014-05-11 20:00:00+00:00,26.469,89.86454,1009.4395,9.449572,319.63553,0.0,97.0,3.0
2014-05-11 21:00:00+00:00,26.319,90.93476,1009.23956,8.913181,313.36346,0.0,92.0,3.0
2014-05-11 22:00:00+00:00,25.969,92.28266,1009.03894,10.739832,320.44037,0.2,88.0,51.0
2014-05-11 23:00:00+00:00,25.819,92.82814,1009.43854,11.019764,321.63248,0.3,86.0,51.0
2014-05-12 00:00:00+00:00,25.769001,91.995674,1009.9383,11.457958,316.27295,0.2,92.0,51.0
2014-05-12 01:00:00+00:00,25.819,91.99856,1010.538,12.475961,313.83093,0.2,99.0,51.0
2014-05-12 02:00:00+00:00,26.019001,91.187965,1011.13794,14.003028,316.04153,0.0,93.0,3.0
2014-05-12 03:00:00+00:00,26.619001,89.34005,1011.7387,14.529915,318.01285,0.1,56.0,51.0
2014-05-12 04:00:00+00:00,27.169,87.01572,1011.53973,15.782622,315.0001,0.0,37.0,1.0
2014-05-12 05:00:00+00:00,27.869001,84.7782,1011.34076,14.84318,309.09384,0.0,27.0,1.0
2014-05-12 06:00:00+00:00,28.769001,81.66022,1011.2422,14.88242,302.15228,0.0,33.0,1.0
2014-05-12 07:00:00+00:00,29.369001,78.17334,1010.2436,14.658676,294.67685,0.0,41.0,1.0
2014-05-12 08:00:00+00:00,29.469,78.65404,1009.64404,15.827721,287.19864,0.0,48.0,1.0
2014-05-12 09:00:00+00:00,29.319,80.286285,1008.8442,12.43434,292.1095,0.2,79.0,51.0
2014-05-12 10:00:00+00:00,29.169,81.709114,1007.7443,13.779114,289.85532,0.3,80.0,51.0
2014-05-12 11:00:00+00:00,28.269001,81.59881,1008.0429,13.479583,304.1145,2.8,89.0,63.0
2014-05-12 12:00:00+00:00,28.019001,81.567986,1008.24255,10.703569,312.27362,0.1,96.0,51.0
2014-05-12 13:00:00+00:00,27.669,83.50105,1008.8417,11.019764,321.63248,0.0,100.0,3.0
2014-05-12 14:00:00+00:00,27.219,85.21907,1009.74054,8.654987,315.0001,0.1,100.0,51.0
2014-05-12 15:00:00+00:00,27.019001,86.22526,1010.34,9.178235,311.82007,0.0,99.0,3.0
2014-05-12 16:00:00+00:00,26.869001,86.98869,1011.03937,7.8954163,316.8476,0.0,100.0,3.0
2014-05-12 17:00:00+00:00,26.719,87.497536,1011.33887,6.3690495,312.70938,0.0,99.0,3.0
2014-05-12 18:00:00+00:00,26.569,88.010124,1011.039,6.3690495,312.70938,0.0,99.0,3.0
2014-05-12 19:00:00+00:00,26.669,86.970604,1010.53925,6.193674,324.46225,0.0,58.0,2.0
2014-05-12 20:00:00+00:00,26.519001,87.21822,1009.4395,7.289444,339.77505,0.0,27.0,1.0
2014-05-12 21:00:00+00:00,26.369001,87.72985,1008.7398,7.5170207,343.3007,0.0,30.0,1.0
2014-05-12 22:00:00+00:00,26.219,87.98075,1008.83936,9.9571085,347.4712,0.0,83.0,3.0
2014-05-12 23:00:00+00:00,26.119001,88.23699,1008.73944,10.390226,345.9637,0.0,87.0,3.0
2014-05-13 00:00:00+00:00,26.069,87.96816,1009.5387,9.6932955,344.93146,0.0,73.0,2.0
2014-05-13 01:00:00+00:00,26.019001,87.96394,1009.83856,9.346143,344.3577,0.0,77.0,2.0
2014-05-13 02:00:00+00:00,26.419,86.94797,1010.6389,10.028439,338.9624,0.0,65.0,2.0
2014-05-13 03:00:00+00:00,27.219,82.45454,1011.3398,11.119281,330.9455,0.0,68.0,2.0
2014-05-13 04:00:00+00:00,28.069,78.22183,1011.8409,11.019764,321.63248,0.0,68.0,2.0
2014-05-13 05:00:00+00:00,28.919,74.00646,1011.9421,10.514218,308.0471,0.0,62.0,2.0
2014-05-13 06:00:00+00:00,29.619001,70.647156,1011.4433,11.165805,290.77234,0.0,22.0,1.0
2014-05-13 07:00:00+00:00,29.769001,68.164635,1010.9439,12.429127,280.0079,0.0,21.0,1.0
2014-05-13 08:00:00+00:00,29.869001,66.55521,1009.9446,13.441071,277.69595,0.0,18.0,0.0
2014-05-13 09:00:00+00:00,29.719,66.52503,1009.04474,14.561099,278.53067,0.0,16.0,0.0
2014-05-13 10:00:00+00:00,29.519001,66.68675,1007.44507,13.910169,280.4374,0.0,10.0,0.0
2014-05-13 11:00:00+00:00,29.269001,67.861435,1008.1445,14.113653,275.85593,0.0,3.0,0.0
2014-05-13 12:00:00+00:00,28.819,70.28785,1009.0434,13.202726,281.00348,0.0,6.0,0.0
2014-05-13 13:00:00+00:00,28.369001,72.58651,1009.64215,12.864649,287.928,0.0,34.0,1.0
2014-05-13 14:00:00+00:00,27.919,75.42124,1010.1413,11.592895,295.76926,0.0,52.0,2.0
2014-05-13 15:00:00+00:00,27.569,78.15026,1010.94073,11.304229,307.23492,0.0,49.0,1.0
2014-05-13 16:00:00+00:00,27.169,81.46267,1011.23987,10.739832,320.44037,0.0,30.0,1.0
2014-05-13 17:00:00+00:00,26.719,84.65807,1011.1389,10.315115,330.75128,0.0,36.0,1.0
2014-05-13 18:00:00+00:00,26.319,87.20047,1011.03876,10.829958,338.5522,0.0,23.0,1.0
2014-05-13 19:00:00+00:00,26.769001,85.94341,1010.33966,11.27553,343.3007,0.0,27.0,1.0
2014-05-13 20:00:00+00:00,26.569,86.961586,1009.43976,11.874544,345.9637,0.0,23.0,1.0
2014-05-13 21:00:00+00:00,26.369001,87.72985,1008.8397,11.966954,344.2913,0.0,26.0,1.0
2014-05-13 22:00:00+00:00,26.219,88.51038,1008.53955,10.703569,340.3461,0.0,22.0,1.0
2014-05-13 23:00:00+00:00,26.119001,88.76834,1008.73944,10.365251,339.6768,0.0,32.0,1.0
2014-05-14 00:00:00+00:00,26.069,89.03123,1008.939,10.028439,338.9624,0.0,31.0,1.0
2014-05-14 01:00:00+00:00,26.019001,89.29495,1009.3388,10.829958,338.5522,0.0,29.0,1.0
2014-05-14 02:00:00+00:00,26.469,87.73841,1010.539,12.904882,329.8587,0.0,41.0,1.0
2014-05-14 03:00:00+00:00,26.819,85.69099,1011.23926,15.856354,320.52756,0.3,52.0,51.0
2014-05-14 04:00:00+00:00,27.419,83.72339,1011.34015,17.566378,314.16977,0.1,47.0,51.0
2014-05-14 05:00:00+00:00,28.019001,82.30271,1011.14124,19.107151,312.70938,0.0,51.0,2.0
2014-05-14 06:00:00+00:00,28.919,77.1806,1010.5427,20.898613,312.2072,0.0,40.0,1.0
2014-05-14 07:00:00+00:00,29.569,73.45082,1009.3442,21.94524,311.009,0.0,32.0,1.0
2014-05-14 08:00:00+00:00,29.869001,72.40959,1008.44525,21.470612,304.75598,0.1,38.0,51.0
2014-05-14 09:00:00+00:00,29.719,73.256386,1007.8452,20.608229,297.01257,0.3,47.0,51.0
2014-05-14 10:00:00+00:00,29.619001,74.34393,1007.0452,20.63023,299.24872,0.1,44.0,51.0
2014-05-14 11:00:00+00:00,29.369001,74.08076,1007.14496,19.826164,299.35767,0.9,54.0,53.0
2014-05-14 12:00:00+00:00,28.469,76.652,1007.34357,19.201874,300.411,1.3,61.0,61.0
2014-05-14 13:00:00+00:00,28.169,78.00144,1008.4425,18.043148,298.61035,0.0,70.0,2.0
2014-05-14 14:00:00+00:00,28.019001,78.214676,1009.34204,17.287498,301.37296,0.0,87.0,3.0
2014-05-14 15:00:00+00:00,27.869001,79.13958,1010.34125,17.283749,305.67648,0.0,90.0,3.0
2014-05-14 16:00:00+00:00,27.669,81.03712,1010.74084,16.563911,312.3574,0.0,95.0,3.0
2014-05-14 17:00:00+00:00,27.519001,81.996796,1010.6405,15.7908325,316.8476,0.0,88.0,3.0
2014-05-14 18:00:00+00:00,27.319,82.962814,1010.44025,15.03835,317.91092,0.0,75.0,2.0
2014-05-14 19:00:00+00:00,27.369001,80.99902,1009.6409,14.773164,316.9749,0.0,88.0,3.0
2014-05-14 20:00:00+00:00,27.219,81.96045,1008.84094,15.349684,320.7106,0.0,97.0,3.0
2014-05-14 21:00:00+00:00,27.069,82.93395,1008.141,16.075521,325.954,0.0,97.0,3.0
2014-05-14 22:00:00+00:00,26.919,83.66795,1007.74084,15.277749,325.56094,0.0,99.0,3.0
2014-05-14 23:00:00+00:00,26.769001,84.66329,1008.54047,14.05845,320.1945,0.0,79.0,2.0
2014-05-15 00:00:00+00:00,26.569,85.92403,1008.5401,13.783817,319.23648,0.0,46.0,1.0
2014-05-15 01:00:00+00:00,26.469,86.69193,1009.0397,15.124284,321.7661,0.0,74.0,2.0
2014-05-15 02:00:00+00:00,26.819,85.69099,1009.7399,17.477621,327.61935,0.0,64.0,2.0
2014-05-15 03:00:00+00:00,27.519001,81.996796,1010.5405,20.073025,327.45,0.0,51.0,2.0
2014-05-15 04:00:00+00:00,28.419,77.338165,1010.04236,20.929594,319.18503,0.0,70.0,2.0
2014-05-15 05:00:00+00:00,29.219,72.952194,1010.14325,22.406927,313.69812,0.0,95.0,3.0
2014-05-15 06:00:00+00:00,29.619001,70.434814,1009.4442,24.195107,313.19128,0.0,93.0,3.0
2014-05-15 07:00:00+00:00,30.069,67.20164,1008.8454,24.72495,312.04913,0.0,93.0,3.0
2014-05-15 08:00:00+00:00,30.169,67.01892,1007.7459,24.569836,309.05313,0.0,83.0,3.0
2014-05-15 09:00:00+00:00,30.069,67.404785,1006.74634,25.264202,310.9554,0.0,81.0,3.0
2014-05-15 10:00:00+00:00,29.869001,68.18401,1005.8464,25.212852,313.26434,0.0,73.0,2.0
2014-05-15 11:00:00+00:00,29.719,68.77512,1005.8461,23.424908,316.24527,0.0,67.0,2.0
2014-05-15 12:00:00+00:00,29.319,71.01953,1006.1454,20.88,313.6029,0.0,51.0,2.0
2014-05-15 13:00:00+00:00,28.669,73.742516,1006.8441,19.373219,311.98712,0.0,29.0,1.0
2014-05-15 14:00:00+00:00,28.219,75.6966,1007.84296,18.59845,312.64667,0.0,18.0,0.0
2014-05-15 15:00:00+00:00,27.869001,77.72377,1008.742,18.328207,315.0001,0.0,19.0,0.0
2014-05-15 16:00:00+00:00,27.619001,79.10512,1009.7413,18.11841,319.02835,0.0,19.0,0.0
2014-05-15 17:00:00+00:00,27.319,80.99271,1009.74054,17.673029,326.6336,0.0,21.0,1.0
2014-05-15 18:00:00+00:00,27.069,82.18918,1009.5404,17.238699,331.29416,0.0,13.0,0.0
2014-05-15 19:00:00+00:00,27.019001,81.19893,1009.04065,16.75064,331.78275,0.0,31.0,1.0
2014-05-15 20:00:00+00:00,26.769001,82.15305,1008.1406,16.299694,329.47037,0.0,19.0,0.0
2014-05-15 21:00:00+00:00,26.519001,83.120605,1007.34045,16.434305,331.1893,0.0,24.0,1.0
2014-05-15 22:00:00+00:00,26.219,84.09629,1006.54047,17.068707,332.3541,0.0,19.0,0.0
2014-05-15 23:00:00+00:00,26.019001,84.58422,1006.74,16.746773,334.53668,0.0,24.0,1.0
2014-05-16 00:00:00+00:00,25.869001,84.56834,1007.43945,16.92383,336.16125,0.0,48.0,1.0
2014-05-16 01:00:00+00:00,25.819,84.05271,1008.0392,17.114204,337.75092,0.0,71.0,2.0
2014-05-16 02:00:00+00:00,26.169,82.57915,1008.9394,17.992796,340.11475,0.0,75.0,2.0
2014-05-16 03:00:00+00:00,26.969,79.9765,1009.5404,20.056877,338.9624,0.0,74.0,2.0
2014-05-16 04:00:00+00:00,27.919,75.878334,1009.94147,22.59699,329.3494,0.0,49.0,1.0
2014-05-16 05:00:00+00:00,28.819,70.71478,1010.0429,23.277834,320.64825,0.0,32.0,1.0
2014-05-16 06:00:00+00:00,29.569,66.49481,1009.64404,23.675303,315.61597,0.0,19.0,0.0
2014-05-16 07:00:00+00:00,30.169,63.07933,1009.34515,23.708124,311.92245,0.0,9.0,0.0
2014-05-16 08:00:00+00:00,30.319,62.349075,1008.14606,23.78453,309.47244,0.0,12.0,0.0
2014-05-16 09:00:00+00:00,30.269001,62.90946,1007.64594,24.122686,307.72504,0.0,12.0,0.0
2014-05-16 10:00:00+00:00,29.969,64.392395,1006.746,22.89611,306.68982,0.0,3.0,0.0
2014-05-16 11:00:00+00:00,29.569,66.69679,1006.9453,21.67786,305.53775,0.0,1.0,0.0
2014-05-16 12:00:00+00:00,28.969,70.103,1006.84436,19.770523,303.11136,0.0,0.0,0.0
2014-05-16 13:00:00+00:00,28.319,73.01857,1007.4432,18.289274,306.1933,0.0,0.0,0.0
2014-05-16 14:00:00+00:00,27.769001,75.62588,1008.0423,17.10284,310.73203,0.0,0.0,0.0
2014-05-16 15:00:00+00:00,27.419,77.893036,1008.7414,16.039202,314.0907,0.0,2.0,0.0
2014-05-16 16:00:00+00:00,27.119001,79.75539,1009.24054,15.815435,318.69147,0.0,11.0,0.0
2014-05-16 17:00:00+00:00,26.869001,81.425316,1009.7399,14.904173,322.85324,0.0,39.0,1.0
2014-05-16 18:00:00+00:00,26.569,83.37734,1009.7396,14.277983,326.3099,0.0,30.0,1.0
2014-05-16 19:00:00+00:00,26.569,82.87602,1009.5397,14.277983,326.3099,0.0,50.0,2.0
2014-05-16 20:00:00+00:00,26.369001,83.85931,1009.0397,14.081477,327.52884,0.0,41.0,1.0
2014-05-16 21:00:00+00:00,26.119001,84.85054,1008.2397,13.584932,327.99466,0.0,55.0,2.0
2014-05-16 22:00:00+00:00,25.969,85.34886,1008.33923,13.70839,330.06857,0.0,53.0,2.0
2014-05-16 23:00:00+00:00,25.719,86.62247,1008.63885,13.849477,332.1028,0.0,25.0,1.0
2014-05-17 00:00:00+00:00,25.619001,86.61314,1008.83844,14.039999,337.3801,0.0,21.0,1.0
2014-05-17 01:00:00+00:00,25.569,86.34711,1009.13824,15.042659,338.9624,0.0,19.0,0.0
2014-05-17 02:00:00+00:00,25.969,84.323685,1009.5387,15.937878,341.56494,0.0,17.0,0.0
2014-05-17 03:00:00+00:00,26.819,80.684875,1010.43964,18.25026,337.98865,0.0,24.0,1.0
2014-05-17 04:00:00+00:00,27.819,76.5533,1010.841,19.881649,328.3246,0.0,19.0,0.0
2014-05-17 05:00:00+00:00,28.669,71.9829,1010.9423,20.696087,319.93927,0.0,23.0,1.0
2014-05-17 06:00:00+00:00,29.419,68.30314,1010.74335,21.129883,314.3098,0.0,22.0,1.0
2014-05-17 07:00:00+00:00,29.769001,65.53406,1009.6444,21.479664,309.55963,0.0,19.0,0.0
2014-05-17 08:00:00+00:00,30.119001,64.61964,1008.8454,22.89611,306.68982,0.0,37.0,1.0
2014-05-17 09:00:00+00:00,30.119001,64.815865,1007.94586,23.185787,306.15826,0.0,51.0,2.0
2014-05-17 10:00:00+00:00,29.969,65.37675,1007.04584,21.889065,306.3046,0.0,60.0,2.0
2014-05-17 11:00:00+00:00,29.669,66.71684,1006.9457,20.808498,307.26648,0.0,79.0,2.0
2014-05-17 12:00:00+00:00,29.169,69.50657,1007.24457,18.440998,308.65982,0.0,84.0,3.0
2014-05-17 13:00:00+00:00,28.569,71.9653,1007.6434,16.595179,310.60123,0.0,82.0,3.0
2014-05-17 14:00:00+00:00,28.019001,74.756325,1008.4425,15.580141,310.31403,0.0,88.0,3.0
2014-05-17 15:00:00+00:00,27.669,76.762024,1009.14154,15.30741,311.18582,0.0,81.0,3.0
2014-05-17 16:00:00+00:00,27.419,78.36494,1009.6409,15.281989,313.09085,0.0,56.0,2.0
2014-05-17 17:00:00+00:00,27.219,79.76887,1009.74054,15.782622,315.0001,0.0,40.0,1.0
2014-05-17 18:00:00+00:00,27.019001,81.19893,1009.5404,15.815435,318.69147,0.0,45.0,1.0
2014-05-17 19:00:00+00:00,26.969,82.92236,1009.14056,15.277749,325.56094,0.0,64.0,2.0
2014-05-17 20:00:00+00:00,26.719,84.15054,1008.6401,15.141414,331.6071,0.0,71.0,2.0
2014-05-17 21:00:00+00:00,26.419,85.39421,1008.1401,14.986553,335.89777,0.0,63.0,2.0
2014-05-17 22:00:00+00:00,26.119001,86.13931,1008.03973,15.596767,341.14676,0.0,22.0,1.0
2014-05-17 23:00:00+00:00,25.969,85.60687,1007.73956,15.379206,339.44388,0.0,22.0,1.0
2014-05-18 00:00:00+00:00,25.819,84.81926,1008.8388,15.315873,336.44772,0.0,27.0,1.0
2014-05-18 01:00:00+00:00,25.769001,84.04723,1008.53894,15.646544,336.9745,0.0,52.0,2.0
2014-05-18 02:00:00+00:00,26.219,81.34394,1009.43915,15.716793,339.90466,0.0,64.0,2.0
2014-05-18 03:00:00+00:00,27.169,76.919106,1009.9405,16.92383,336.16125,0.0,69.0,2.0
2014-05-18 04:00:00+00:00,28.119001,72.76347,1010.3416,17.477621,327.61935,0.0,55.0,2.0
2014-05-18 05:00:00+00:00,28.919,69.67037,1010.1429,17.81909,315.0001,0.0,33.0,1.0
2014-05-18 06:00:00+00:00,29.619001,67.11233,1010.0439,18.0,306.86996,0.0,35.0,1.0
2014-05-18 07:00:00+00:00,30.069,65.00223,1009.14526,18.278645,302.12497,0.0,12.0,0.0
2014-05-18 08:00:00+00:00,30.419,63.71033,1008.34595,18.709612,300.01828,0.0,13.0,0.0
2014-05-18 09:00:00+00:00,30.419,64.29204,1007.2465,18.998316,297.0505,0.0,7.0,0.0
2014-05-18 10:00:00+00:00,30.169,66.2142,1006.64636,18.359999,298.0724,0.0,19.0,0.0
2014-05-18 11:00:00+00:00,29.769001,68.37075,1006.146,17.87718,295.01685,0.0,45.0,1.0
2014-05-18 12:00:00+00:00,29.219,71.21593,1006.7448,16.75064,298.21725,0.0,58.0,2.0
2014-05-18 13:00:00+00:00,28.669,74.188255,1007.04407,14.8257065,299.0545,0.0,11.0,0.0
2014-05-18 14:00:00+00:00,28.169,76.60652,1007.6428,13.217443,299.35767,0.0,10.0,0.0
2014-05-18 15:00:00+00:00,27.869001,78.66514,1008.2422,12.181624,304.15976,0.0,26.0,1.0
2014-05-18 16:00:00+00:00,27.669,80.31044,1008.74176,10.883676,304.21576,0.0,78.0,2.0
2014-05-18 17:00:00+00:00,27.469,81.74502,1008.9413,10.383987,303.6901,0.0,88.0,3.0
2014-05-18 18:00:00+00:00,27.269001,82.95703,1009.3407,10.1887,302.00534,0.0,92.0,3.0
2014-05-18 19:00:00+00:00,27.319,83.9635,1009.1408,9.19939,300.57913,0.0,93.0,3.0
2014-05-18 20:00:00+00:00,27.219,84.71049,1008.44116,8.854829,296.56497,0.0,89.0,3.0
2014-05-18 21:00:00+00:00,27.119001,85.208916,1008.241,9.085988,303.6901,0.0,94.0,3.0
2014-05-18 22:00:00+00:00,26.719,86.71498,1008.74005,10.685391,302.61923,0.0,63.0,2.0
2014-05-18 23:00:00+00:00,26.719,86.45551,1008.83997,10.685391,302.61923,0.0,58.0,2.0
2014-05-19 00:00:00+00:00,26.619001,86.44612,1009.2398,9.504272,307.30402,0.0,55.0,2.0
2014-05-19 01:00:00+00:00,26.419,87.73411,1009.4395,8.913181,313.36346,0.0,57.0,2.0
2014-05-19 02:00:00+00:00,26.819,86.46488,1009.9399,11.019764,308.36752,0.0,57.0,2.0
2014-05-19 03:00:00+00:00,27.619001,82.25501,1010.441,12.287555,301.8274,0.0,68.0,2.0
2014-05-19 04:00:00+00:00,28.419,78.27173,1010.4422,13.53236,298.61035,0.0,68.0,2.0
2014-05-19 05:00:00+00:00,29.319,74.51791,1010.04364,14.48972,296.56497,0.0,75.0,2.0
2014-05-19 06:00:00+00:00,29.819,72.61817,1009.7444,14.707222,291.54105,0.0,93.0,3.0
2014-05-19 07:00:00+00:00,29.919,70.48966,1009.0449,14.145756,284.74362,0.0,36.0,1.0
2014-05-19 08:00:00+00:00,29.619001,72.583725,1008.34467,14.869351,276.95285,0.0,66.0,2.0
2014-05-19 09:00:00+00:00,29.719,72.16687,1007.8452,15.137133,272.72626,0.0,61.0,2.0
2014-05-19 10:00:00+00:00,29.469,74.09724,1006.84534,13.849476,278.97253,0.0,63.0,2.0
2014-05-19 11:00:00+00:00,29.019001,76.27711,1006.44495,13.679999,270.0,0.0,67.0,2.0
2014-05-19 12:00:00+00:00,28.519001,79.228806,1006.9438,13.75558,276.0089,0.0,54.0,2.0
2014-05-19 13:00:00+00:00,28.019001,81.32438,1007.24304,10.948973,279.46225,0.0,69.0,2.0
2014-05-19 14:00:00+00:00,27.669,83.00308,1008.14197,9.107359,288.43503,0.0,39.0,1.0
2014-05-19 15:00:00+00:00,27.369001,84.979866,1009.24115,8.427383,289.9832,0.0,51.0,2.0
2014-05-19 16:00:00+00:00,27.069,86.488266,1009.5404,7.754637,291.80148,0.0,49.0,1.0
2014-05-19 17:00:00+00:00,26.919,87.25372,1010.1397,8.225035,293.1986,0.0,55.0,2.0
2014-05-19 18:00:00+00:00,26.719,88.28627,1010.1394,8.427383,289.9832,0.0,65.0,2.0
2014-05-19 19:00:00+00:00,27.119001,87.271385,1009.5404,8.654986,286.92758,0.0,69.0,2.0
2014-05-19 20:00:00+00:00,26.819,88.29444,1009.0403,8.473393,282.26477,0.1,81.0,51.0
2014-05-19 21:00:00+00:00,26.369001,90.12647,1008.5399,8.209263,285.25516,0.2,87.0,51.0
2014-05-19 22:00:00+00:00,26.219,90.92833,1008.53955,6.489992,273.17978,0.2,100.0,51.0
2014-05-19 23:00:00+00:00,26.069,91.73823,1008.4392,7.6367526,278.13,0.3,98.0,51.0
2014-05-20 00:00:00+00:00,26.119001,91.19423,1008.9394,7.172949,287.52567,0.5,96.0,53.0
2014-05-20 01:00:00+00:00,26.169,91.19738,1009.1392,7.0911775,293.9625,0.5,81.0,53.0
2014-05-20 02:00:00+00:00,26.419,89.32505,1009.7394,8.707237,299.74478,0.2,55.0,51.0
2014-05-20 03:00:00+00:00,27.069,87.52793,1010.34,10.948973,297.4075,0.3,65.0,51.0
2014-05-20 04:00:00+00:00,27.819,86.55804,1010.941,11.298495,300.65057,0.0,93.0,3.0
2014-05-20 05:00:00+00:00,28.269001,86.08775,1010.8416,10.630672,298.30066,0.1,98.0,51.0
2014-05-20 06:00:00+00:00,28.619001,84.855835,1010.6424,11.440979,294.14554,0.1,98.0,51.0
2014-05-20 07:00:00+00:00,28.819,83.38141,1009.943,11.966954,285.7087,0.0,91.0,3.0
2014-05-20 08:00:00+00:00,28.869001,81.91548,1008.7435,12.074766,280.30478,0.0,91.0,3.0
2014-05-20 09:00:00+00:00,28.719,81.65413,1007.94366,10.948973,279.46225,0.0,70.0,2.0
2014-05-20 10:00:00+00:00,28.519001,82.362076,1006.84375,11.090103,283.13403,0.1,69.0,51.0
2014-05-20 11:00:00+00:00,28.569,80.427864,1007.0437,13.684735,296.56497,0.0,57.0,2.0
2014-05-20 12:00:00+00:00,28.119001,82.06923,1007.54285,14.57889,302.90524,0.0,56.0,2.0
2014-05-20 13:00:00+00:00,27.519001,83.985275,1007.9418,14.84318,309.09384,0.0,71.0,2.0
2014-05-20 14:00:00+00:00,26.969,85.705765,1008.4409,11.200571,315.0001,0.0,80.0,3.0
2014-05-20 15:00:00+00:00,26.719,86.71498,1008.94,6.696387,306.25394,0.0,83.0,3.0
2014-05-20 16:00:00+00:00,26.469,88.26578,1009.33954,5.3517847,289.6539,0.0,95.0,3.0
2014-05-20 17:00:00+00:00,26.169,90.38264,1009.639,3.319036,282.5288,0.0,100.0,3.0
2014-05-20 18:00:00+00:00,26.019001,90.91541,1009.83856,2.1897945,260.53775,0.0,100.0,3.0
2014-05-20 19:00:00+00:00,26.019001,90.102,1009.5387,3.7585104,253.30067,0.0,97.0,3.0
2014-05-20 20:00:00+00:00,25.969,89.29118,1009.2389,3.319036,282.5288,0.1,100.0,51.0
2014-05-20 21:00:00+00:00,26.319,87.46266,1008.93976,2.9024127,299.74478,0.0,96.0,3.0
2014-05-20 22:00:00+00:00,26.019001,88.494225,1008.5392,2.0364676,315.0001,0.0,99.0,3.0
2014-05-20 23:00:00+00:00,26.119001,87.70842,1008.53955,1.8,306.86996,0.0,97.0,3.0
2014-05-21 00:00:00+00:00,26.269001,86.93439,1008.9394,1.8,216.86998,0.0,63.0,2.0
2014-05-21 01:00:00+00:00,26.269001,86.93439,1009.1392,2.16,180.0,0.0,58.0,2.0
2014-05-21 02:00:00+00:00,26.819,85.43438,1009.63995,3.563818,224.9999,0.0,55.0,2.0
2014-05-21 03:00:00+00:00,27.869001,79.616516,1010.54114,7.42159,247.1663,0.0,38.0,1.0
2014-05-21 04:00:00+00:00,28.469,75.50816,1010.642,10.703569,250.34608,0.0,42.0,1.0
2014-05-21 05:00:00+00:00,28.919,72.02685,1010.7426,11.631956,248.19853,0.0,47.0,1.0
2014-05-21 06:00:00+00:00,29.319,70.16772,1010.54346,11.384199,251.56496,0.0,39.0,1.0
2014-05-21 07:00:00+00:00,29.269001,70.15848,1009.74384,11.620809,253.81071,0.1,30.0,51.0
2014-05-21 08:00:00+00:00,29.519001,68.94488,1008.9444,12.224107,256.373,0.0,36.0,1.0
2014-05-21 09:00:00+00:00,29.619001,68.963905,1008.1447,12.224107,256.373,0.0,41.0,1.0
2014-05-21 10:00:00+00:00,29.419,69.763824,1007.6447,10.853866,264.2895,0.0,31.0,1.0
2014-05-21 11:00:00+00:00,29.169,70.77846,1007.54443,11.183201,266.3087,0.0,66.0,2.0
2014-05-21 12:00:00+00:00,28.719,72.866646,1007.8437,10.805999,268.09088,0.0,70.0,2.0
2014-05-21 13:00:00+00:00,28.219,75.46871,1008.6426,9.746631,274.23633,0.0,66.0,2.0
2014-05-21 14:00:00+00:00,27.819,77.95099,1009.44165,7.42159,284.03625,0.0,82.0,3.0
2014-05-21 15:00:00+00:00,27.469,80.04299,1010.1407,6.763786,295.20108,0.0,83.0,3.0
2014-05-21 16:00:00+00:00,27.269001,81.23041,1010.24036,5.95906,295.01685,0.0,70.0,2.0
2014-05-21 17:00:00+00:00,26.869001,82.91078,1010.23975,5.3517847,312.27362,0.0,72.0,2.0
2014-05-21 18:00:00+00:00,26.419,85.39421,1009.5394,6.193674,324.46225,0.0,71.0,2.0
2014-05-21 19:00:00+00:00,26.719,84.91281,1009.5397,7.9036193,329.9315,0.0,77.0,2.0
2014-05-21 20:00:00+00:00,26.419,86.16804,1008.63983,8.854829,333.43503,0.0,87.0,3.0
2014-05-21 21:00:00+00:00,26.169,87.44955,1008.03973,9.028754,336.5014,0.0,93.0,3.0
2014-05-21 22:00:00+00:00,25.919,88.486176,1007.3397,9.983106,334.35904,0.0,49.0,1.0
2014-05-21 23:00:00+00:00,25.769001,89.008,1007.63934,10.703569,340.3461,0.0,93.0,3.0
2014-05-22 00:00:00+00:00,25.669,89.00026,1007.83887,10.594036,350.21765,0.0,86.0,3.0
2014-05-22 01:00:00+00:00,25.569,89.26094,1007.73895,10.1376915,353.88458,0.0,82.0,3.0
2014-05-22 02:00:00+00:00,26.119001,86.3991,1008.4396,10.587917,342.18103,0.0,86.0,3.0
2014-05-22 03:00:00+00:00,27.019001,82.43083,1008.8407,12.387348,324.46225,0.0,86.0,3.0
2014-05-22 04:00:00+00:00,27.919,78.20038,1008.9419,13.783817,310.76352,0.0,94.0,3.0
2014-05-22 05:00:00+00:00,28.719,75.32089,1008.5434,14.168641,297.21603,0.0,97.0,3.0
2014-05-22 06:00:00+00:00,29.019001,74.02301,1008.34406,15.379206,290.55612,0.3,99.0,51.0
2014-05-22 07:00:00+00:00,29.369001,72.32288,1007.7447,16.418526,285.25516,0.2,94.0,51.0
2014-05-22 08:00:00+00:00,29.319,72.96923,1007.34485,17.581125,280.6196,0.2,97.0,51.0
2014-05-22 09:00:00+00:00,29.219,73.8341,1006.7448,18.998314,279.81924,0.1,98.0,51.0
2014-05-22 10:00:00+00:00,28.919,75.80596,1006.5445,18.0036,281.53458,0.2,96.0,51.0
2014-05-22 11:00:00+00:00,28.669,76.912575,1006.24445,18.25026,284.85864,0.2,98.0,51.0
2014-05-22 12:00:00+00:00,28.319,78.49255,1006.9434,15.978484,292.5206,0.2,99.0,51.0
2014-05-22 13:00:00+00:00,27.719,81.775635,1007.24243,15.042659,291.03757,0.1,97.0,51.0
2014-05-22 14:00:00+00:00,27.019001,85.967606,1008.141,13.854155,294.56717,0.1,92.0,51.0
2014-05-22 15:00:00+00:00,26.619001,88.01428,1008.94,13.0447235,297.97937,0.0,67.0,2.0
2014-05-22 16:00:00+00:00,26.369001,89.05432,1009.23956,12.10157,292.751,0.1,60.0,51.0
2014-05-22 17:00:00+00:00,26.269001,89.58164,1009.43915,12.57426,293.6294,0.0,71.0,2.0
2014-05-22 18:00:00+00:00,26.019001,90.91541,1009.3388,13.237039,292.3802,0.0,83.0,3.0
2014-05-22 19:00:00+00:00,26.019001,91.187965,1008.7391,12.245293,294.30453,0.7,86.0,53.0
2014-05-22 20:00:00+00:00,25.719,91.71755,1007.9392,12.43434,292.1095,0.8,87.0,53.0
2014-05-22 21:00:00+00:00,25.319,92.24661,1007.63873,14.512064,299.74478,1.0,92.0,55.0
2014-05-22 22:00:00+00:00,25.069,93.34898,1007.33813,14.904173,307.14676,1.2,97.0,55.0
2014-05-22 23:00:00+00:00,25.369001,91.696785,1006.8391,13.493999,313.91916,0.3,96.0,51.0
2014-05-23 00:00:00+00:00,25.469,91.15341,1006.8391,13.044722,320.59937,0.2,97.0,51.0
2014-05-23 01:00:00+00:00,25.369001,91.9727,1007.1389,12.181624,325.84024,0.2,99.0,51.0
2014-05-23 02:00:00+00:00,25.869001,88.7486,1007.63934,12.904882,329.8587,0.1,95.0,51.0
2014-05-23 03:00:00+00:00,26.669,86.191925,1008.14026,12.287555,328.17258,0.0,92.0,3.0
2014-05-23 04:00:00+00:00,27.769001,81.5371,1008.54205,12.261157,310.2363,0.0,95.0,3.0
2014-05-23 05:00:00+00:00,28.769001,77.62177,1008.5434,12.879752,296.56497,0.0,96.0,3.0
2014-05-23 06:00:00+00:00,29.069,76.97243,1008.0442,14.241629,286.1444,0.2,96.0,51.0
2014-05-23 07:00:00+00:00,29.469,74.09724,1007.54504,14.618837,279.92618,0.2,91.0,51.0
2014-05-23 08:00:00+00:00,29.619001,73.679535,1006.6454,14.973576,279.68872,0.0,87.0,3.0
2014-05-23 09:00:00+00:00,29.469,74.54227,1005.9458,16.75064,278.65247,0.0,82.0,3.0
2014-05-23 10:00:00+00:00,29.069,76.74259,1005.64526,17.057314,277.2749,0.1,76.0,51.0
2014-05-23 11:00:00+00:00,28.869001,77.63634,1005.84485,16.09969,280.30478,0.2,50.0,51.0
2014-05-23 12:00:00+00:00,28.719,78.314384,1005.54474,16.055353,289.6539,0.0,46.0,1.0
2014-05-23 13:00:00+00:00,28.319,80.155304,1006.2437,14.372974,292.06796,0.0,46.0,1.0
2014-05-23 14:00:00+00:00,27.919,82.784134,1006.9428,13.32,288.92474,0.0,48.0,1.0
2014-05-23 15:00:00+00:00,27.519001,85.504234,1008.1416,13.450708,285.52417,0.0,61.0,2.0
2014-05-23 16:00:00+00:00,26.969,86.997734,1009.14056,13.207634,287.44727,0.1,78.0,51.0
2014-05-23 17:00:00+00:00,26.969,87.78107,1009.14056,12.10157,292.751,0.1,93.0,51.0
2014-05-23 18:00:00+00:00,26.869001,88.03517,1009.3401,11.183201,303.17853,0.0,98.0,3.0
2014-05-23 19:00:00+00:00,26.769001,88.29035,1008.44055,11.304229,307.23492,0.2,99.0,51.0
2014-05-23 20:00:00+00:00,26.469,89.328804,1007.9402,12.261157,310.2363,0.1,100.0,51.0
2014-05-23 21:00:00+00:00,26.069,90.646904,1006.93994,13.755579,312.8789,0.1,100.0,51.0
2014-05-23 22:00:00+00:00,25.969,90.64024,1006.5401,11.720751,317.4896,0.0,100.0,3.0
2014-05-23 23:00:00+00:00,26.019001,89.83227,1006.24023,11.304229,322.76508,0.0,99.0,3.0
2014-05-24 00:00:00+00:00,25.919,90.365585,1006.8399,11.384198,325.30478,0.0,99.0,3.0
2014-05-24 01:00:00+00:00,25.969,90.0985,1006.93994,11.298495,329.3494,0.0,100.0,3.0
2014-05-24 02:00:00+00:00,26.319,88.784096,1007.8402,13.479583,325.8855,0.0,100.0,3.0
2014-05-24 03:00:00+00:00,27.319,83.712326,1008.2412,13.276144,319.39877,0.0,99.0,3.0
2014-05-24 04:00:00+00:00,28.219,80.14214,1008.74255,13.324863,308.4181,0.0,99.0,3.0
2014-05-24 05:00:00+00:00,29.119001,76.064445,1008.6439,14.168641,297.21603,0.0,97.0,3.0
2014-05-24 06:00:00+00:00,29.419,75.43148,1008.3444,15.192682,283.70697,0.1,98.0,51.0
2014-05-24 07:00:00+00:00,29.219,76.30773,1007.8443,14.685176,281.3099,0.3,97.0,51.0
2014-05-24 08:00:00+00:00,29.469,75.21422,1006.9453,15.546833,275.31445,0.4,99.0,51.0
2014-05-24 09:00:00+00:00,29.069,78.83275,1006.145,15.158522,274.08554,0.5,100.0,53.0
2014-05-24 10:00:00+00:00,28.569,82.123276,1006.0441,13.627795,282.20044,0.2,100.0,51.0
2014-05-24 11:00:00+00:00,27.419,86.00623,1005.84265,12.661564,284.8265,1.8,98.0,61.0
2014-05-24 12:00:00+00:00,26.669,89.61095,1006.3411,14.145756,284.74362,1.4,100.0,61.0
2014-05-24 13:00:00+00:00,26.369001,89.58899,1007.1405,14.934577,285.3763,0.1,99.0,51.0
2014-05-24 14:00:00+00:00,26.219,89.84664,1007.44006,12.979984,289.44012,0.2,99.0,51.0
2014-05-24 15:00:00+00:00,26.319,89.58532,1008.1401,11.440979,294.14554,0.1,100.0,51.0
2014-05-24 16:00:00+00:00,26.319,89.58532,1009.1396,11.966954,285.7087,0.2,100.0,51.0
2014-05-24 17:00:00+00:00,25.669,91.989944,1009.4382,14.440443,274.28906,0.8,96.0,53.0
2014-05-24 18:00:00+00:00,25.069,93.91155,1009.937,13.004921,274.76355,2.1,98.0,61.0
2014-05-24 19:00:00+00:00,25.669,90.620285,1009.13824,11.119281,299.0545,0.6,99.0,53.0
2014-05-24 20:00:00+00:00,25.769001,90.08447,1008.73883,11.525623,308.65982,0.4,98.0,51.0
2014-05-24 21:00:00+00:00,25.569,90.61363,1007.2392,10.195057,317.86246,0.2,99.0,51.0
2014-05-24 22:00:00+00:00,25.419,91.42464,1007.33887,10.086427,304.82455,0.4,100.0,51.0
2014-05-24 23:00:00+00:00,25.419,91.69974,1007.33887,10.799999,306.86996,0.0,100.0,3.0
2014-05-25 00:00:00+00:00,25.419,91.42464,1007.7387,10.703569,312.27362,0.0,100.0,3.0
2014-05-25 01:00:00+00:00,25.669,90.34848,1008.0388,9.19939,300.57913,0.0,100.0,3.0
2014-05-25 02:00:00+00:00,26.019001,89.29495,1009.2389,10.538843,277.8532,0.0,100.0,3.0
2014-05-25 03:00:00+00:00,26.719,86.1967,1010.2394,14.264361,280.17545,0.2,99.0,51.0
2014-05-25 04:00:00+00:00,27.219,85.21907,1010.94,18.692286,285.6423,0.4,100.0,51.0
2014-05-25 05:00:00+00:00,26.619001,86.705765,1011.6387,16.1198,299.42737,3.1,100.0,63.0
2014-05-25 06:00:00+00:00,27.269001,88.06851,1010.7401,15.530151,314.06088,1.3,100.0,61.0
2014-05-25 07:00:00+00:00,27.419,85.494286,1009.24115,15.530151,315.9391,0.1,99.0,51.0
2014-05-25 08:00:00+00:00,27.919,82.537155,1008.2422,15.021105,315.97092,0.0,97.0,3.0
2014-05-25 09:00:00+00:00,28.319,79.67712,1006.8434,17.057314,315.855,0.2,98.0,51.0
2014-05-25 10:00:00+00:00,28.469,77.57798,1006.344,18.59845,317.35333,0.0,100.0,3.0
2014-05-25 11:00:00+00:00,28.269001,77.08398,1006.3436,16.489416,306.11945,0.0,100.0,3.0
2014-05-25 12:00:00+00:00,27.819,77.482635,1006.84283,15.379206,302.57404,0.0,100.0,3.0
2014-05-25 13:00:00+00:00,27.419,77.893036,1007.1421,15.03835,312.08908,0.0,100.0,3.0
2014-05-25 14:00:00+00:00,27.069,78.552414,1007.8412,13.104198,322.81522,0.0,100.0,3.0
2014-05-25 15:00:00+00:00,26.869001,79.00124,1008.9403,11.91812,334.98312,0.0,100.0,3.0
2014-05-25 16:00:00+00:00,26.619001,79.92978,1009.2398,11.27553,343.3007,0.0,98.0,3.0
2014-05-25 17:00:00+00:00,26.369001,80.62661,1008.8397,11.090103,346.86597,0.0,89.0,3.0
2014-05-25 18:00:00+00:00,26.169,80.84566,1008.63947,10.182337,351.87,0.0,81.0,3.0
2014-05-25 19:00:00+00:00,26.119001,80.34967,1008.2397,8.759178,350.53775,0.0,91.0,3.0
2014-05-25 20:00:00+00:00,26.069,80.8328,1007.6395,8.557102,345.3791,0.0,99.0,3.0
2014-05-25 21:00:00+00:00,26.019001,81.81387,1007.73956,9.346143,344.3577,0.0,97.0,3.0
2014-05-25 22:00:00+00:00,25.969,82.8061,1007.3397,9.3669195,357.79745,0.0,98.0,3.0
2014-05-25 23:00:00+00:00,26.069,82.8178,1007.1398,11.367109,349.04596,0.0,98.0,3.0
2014-05-26 00:00:00+00:00,26.019001,83.31495,1007.4397,9.9571085,347.4712,0.0,98.0,3.0
2014-05-26 01:00:00+00:00,25.969,83.81514,1007.5396,10.105681,355.91446,0.0,100.0,3.0
2014-05-26 02:00:00+00:00,26.369001,83.60666,1008.0401,11.609651,352.87506,0.0,99.0,3.0
2014-05-26 03:00:00+00:00,27.069,81.450264,1008.7408,11.841756,340.46326,0.0,99.0,3.0
2014-05-26 04:00:00+00:00,27.969,78.679214,1009.0422,10.990322,328.39255,0.0,83.0,3.0
2014-05-26 05:00:00+00:00,28.819,75.7904,1009.34326,12.768586,310.426,0.0,80.0,3.0
2014-05-26 06:00:00+00:00,29.319,74.07253,1008.94415,14.654254,297.824,0.0,74.0,2.0
2014-05-26 07:00:00+00:00,29.219,75.85266,1008.544,15.978484,292.5206,0.0,51.0,2.0
2014-05-26 08:00:00+00:00,29.269001,76.087585,1007.4449,17.533146,289.1791,0.2,42.0,51.0
2014-05-26 09:00:00+00:00,29.319,75.64165,1006.7452,17.76081,287.7005,0.1,32.0,51.0
2014-05-26 10:00:00+00:00,29.169,76.30004,1006.54486,17.399586,294.44394,0.2,43.0,51.0
2014-05-26 11:00:00+00:00,28.919,77.64365,1005.84485,16.42247,296.0033,0.1,42.0,51.0
2014-05-26 12:00:00+00:00,28.619001,79.2425,1006.1444,13.441071,290.37653,0.0,30.0,1.0
2014-05-26 13:00:00+00:00,28.219,82.081276,1006.3436,11.367109,280.954,0.0,14.0,0.0
2014-05-26 14:00:00+00:00,27.869001,84.2743,1007.5425,10.239453,280.1246,0.0,16.0,0.0
2014-05-26 15:00:00+00:00,27.669,86.030304,1008.3419,8.557102,284.6209,0.0,36.0,1.0
2014-05-26 16:00:00+00:00,27.469,87.0427,1008.64136,6.489992,289.44012,0.0,32.0,1.0
2014-05-26 17:00:00+00:00,27.269001,88.33116,1008.9409,6.297428,300.96368,0.0,33.0,1.0
2014-05-26 18:00:00+00:00,27.019001,89.63652,1008.9407,5.0911684,315.0001,0.0,23.0,1.0
2014-05-26 19:00:00+00:00,26.919,89.62921,1008.54047,5.1919937,326.3099,0.0,28.0,1.0
2014-05-26 20:00:00+00:00,26.669,90.147354,1007.7405,5.692099,325.30478,0.0,30.0,1.0
2014-05-26 21:00:00+00:00,26.469,90.94441,1007.2405,5.3999996,323.13004,0.0,41.0,1.0
2014-05-26 22:00:00+00:00,26.319,91.479485,1007.34045,5.991594,327.26477,0.0,35.0,1.0
2014-05-26 23:00:00+00:00,25.969,92.55891,1007.6395,6.28713,336.3706,0.0,62.0,2.0
2014-05-27 00:00:00+00:00,25.919,92.00425,1008.03937,5.95906,334.98312,0.0,85.0,3.0
2014-05-27 01:00:00+00:00,26.019001,91.73523,1008.5392,6.151683,339.44388,0.0,71.0,2.0
2014-05-27 02:00:00+00:00,26.669,89.34381,1008.94,6.6185193,337.6198,0.0,64.0,2.0
2014-05-27 03:00:00+00:00,27.619001,83.74549,1009.6413,8.891343,328.24057,0.0,47.0,1.0
2014-05-27 04:00:00+00:00,28.319,80.155304,1009.64215,9.957108,319.39877,0.0,29.0,1.0
2014-05-27 05:00:00+00:00,28.969,77.18801,1009.44324,11.246759,309.8055,0.2,39.0,51.0
2014-05-27 06:00:00+00:00,29.269001,76.31535,1009.14404,11.609651,299.74478,0.2,30.0,51.0
2014-05-27 07:00:00+00:00,29.669,74.57468,1008.34503,11.91812,295.01685,0.2,31.0,51.0
2014-05-27 08:00:00+00:00,29.719,74.360275,1007.24554,13.32,288.92474,0.0,31.0,1.0
2014-05-27 09:00:00+00:00,29.719,74.360275,1006.246,14.587776,285.75125,0.0,26.0,1.0
2014-05-27 10:00:00+00:00,29.569,75.00562,1005.84576,16.311613,292.0363,0.0,38.0,1.0
2014-05-27 11:00:00+00:00,29.369001,75.423584,1005.34576,16.981165,291.1248,0.0,45.0,1.0
2014-05-27 12:00:00+00:00,28.969,77.41918,1006.04474,14.799459,288.43503,0.0,44.0,1.0
2014-05-27 13:00:00+00:00,28.469,80.17503,1006.54395,11.966954,285.7087,0.0,32.0,1.0
2014-05-27 14:00:00+00:00,28.019001,82.79573,1007.54285,9.449572,287.74475,0.0,46.0,1.0
2014-05-27 15:00:00+00:00,27.819,84.26898,1008.44214,7.289444,290.22495,0.0,31.0,1.0
2014-05-27 16:00:00+00:00,27.569,85.76461,1008.6417,6.151683,290.55612,0.0,28.0,1.0
2014-05-27 17:00:00+00:00,27.419,86.7792,1009.0412,5.495161,301.60745,0.0,35.0,1.0
2014-05-27 18:00:00+00:00,27.169,88.0602,1008.9409,6.1305785,310.2363,0.0,31.0,1.0
2014-05-27 19:00:00+00:00,27.119001,88.05601,1008.8407,5.6233797,320.1945,0.0,34.0,1.0
2014-05-27 20:00:00+00:00,26.969,88.043526,1008.141,4.6938257,327.52884,0.0,45.0,1.0
2014-05-27 21:00:00+00:00,26.769001,88.81944,1007.64087,4.829907,333.43503,0.0,58.0,2.0
2014-05-27 22:00:00+00:00,26.519001,89.86808,1007.8402,6.6185193,337.6198,0.0,53.0,2.0
2014-05-27 23:00:00+00:00,26.369001,90.39626,1007.8402,8.225035,336.8014,0.0,54.0,2.0
2014-05-28 00:00:00+00:00,26.119001,90.650185,1007.9398,9.028754,336.5014,0.0,55.0,2.0
2014-05-28 01:00:00+00:00,26.119001,90.37925,1008.53955,9.659814,333.43503,0.0,39.0,1.0
2014-05-28 02:00:00+00:00,26.619001,87.75121,1009.2398,9.659814,333.43503,0.0,25.0,1.0
2014-05-28 03:00:00+00:00,27.219,84.96443,1009.44073,9.0,323.13,0.6,30.0,53.0
2014-05-28 04:00:00+00:00,27.369001,85.74503,1009.7409,7.9036193,300.06848,0.4,31.0,51.0
2014-05-28 05:00:00+00:00,27.619001,87.05612,1009.6413,7.928178,267.3975,0.1,29.0,51.0
2014-05-28 06:00:00+00:00,28.169,85.82311,1009.6419,9.693296,248.19853,0.1,27.0,51.0
2014-05-28 07:00:00+00:00,28.919,76.490585,1009.0434,11.885453,234.86572,0.1,28.0,51.0
2014-05-28 08:00:00+00:00,28.719,77.84718,1008.34344,14.529915,228.01286,0.0,58.0,2.0
2014-05-28 09:00:00+00:00,28.669,78.073296,1007.94366,12.682018,235.40765,0.2,66.0,51.0
2014-05-28 10:00:00+00:00,28.419,78.50664,1006.2441,14.372974,247.93205,0.2,48.0,51.0
2014-05-28 11:00:00+00:00,28.319,78.02306,1006.5436,14.707222,248.45895,0.3,63.0,51.0
2014-05-28 12:00:00+00:00,28.019001,78.922905,1007.34296,13.53236,241.38963,0.2,54.0,51.0
2014-05-28 13:00:00+00:00,27.669,80.79424,1008.6417,10.041354,255.4655,0.2,43.0,51.0
2014-05-28 14:00:00+00:00,27.319,81.72664,1009.3407,6.28713,256.75946,0.1,42.0,51.0
2014-05-28 15:00:00+00:00,26.919,84.679054,1010.23975,6.28713,256.75946,0.0,70.0,2.0
2014-05-28 16:00:00+00:00,26.369001,86.943474,1010.7389,6.519877,263.6599,0.4,82.0,51.0
2014-05-28 17:00:00+00:00,25.819,89.548515,1010.93787,5.771239,273.57626,0.3,86.0,51.0
2014-05-28 18:00:00+00:00,25.769001,89.81428,1010.63794,4.0249224,296.56497,0.0,86.0,3.0
2014-05-28 19:00:00+00:00,26.569,85.15297,1010.2394,3.8939953,303.6901,0.0,91.0,3.0
2014-05-28 20:00:00+00:00,26.019001,88.76045,1009.5387,3.8268526,311.18582,0.0,94.0,3.0
2014-05-28 21:00:00+00:00,25.819,89.81792,1008.73883,2.2768397,288.43503,0.0,95.0,3.0
2014-05-28 22:00:00+00:00,25.519001,91.430756,1008.13873,4.896529,287.1028,0.0,97.0,3.0
2014-05-28 23:00:00+00:00,25.819,89.011925,1008.439,2.52,270.0,0.2,99.0,51.0
2014-05-29 00:00:00+00:00,25.869001,88.7486,1008.9388,2.6208394,195.94547,0.0,100.0,3.0
2014-05-29 01:00:00+00:00,25.869001,89.28361,1009.1386,1.9386592,201.80147,0.1,100.0,51.0
2014-05-29 02:00:00+00:00,26.319,86.93893,1009.9393,3.396233,237.99466,0.0,99.0,3.0
2014-05-29 03:00:00+00:00,27.119001,82.9397,1010.73987,5.315336,241.69934,0.0,98.0,3.0
2014-05-29 04:00:00+00:00,27.819,79.609764,1011.0409,7.4128532,240.94548,0.2,96.0,51.0
2014-05-29 05:00:00+00:00,28.069,78.69324,1011.04126,9.028754,246.50142,0.3,96.0,51.0
2014-05-29 06:00:00+00:00,28.219,78.47844,1010.8416,11.165805,249.22766,0.4,96.0,51.0
2014-05-29 07:00:00+00:00,28.219,80.62312,1010.1419,13.32,251.07526,0.2,100.0,51.0
2014-05-29 08:00:00+00:00,27.919,84.02877,1009.84143,14.689589,252.89719,0.4,98.0,51.0
2014-05-29 09:00:00+00:00,27.619001,81.7634,1009.4414,13.493999,260.78903,1.9,96.0,61.0
2014-05-29 10:00:00+00:00,27.119001,83.43934,1008.34094,9.114471,260.9098,1.3,98.0,61.0
2014-05-29 11:00:00+00:00,26.819,84.92316,1007.64087,11.183201,266.3087,0.3,98.0,51.0
2014-05-29 12:00:00+00:00,26.269001,88.51439,1008.3396,13.441071,262.30405,0.7,98.0,53.0
2014-05-29 13:00:00+00:00,25.419,90.33135,1009.33795,12.261158,266.6336,2.4,100.0,61.0
2014-05-29 14:00:00+00:00,24.969,93.06382,1010.13684,6.9899354,281.88864,2.7,100.0,63.0
2014-05-29 15:00:00+00:00,25.219,92.24107,1010.63696,5.0528407,355.91446,0.5,99.0,53.0
2014-05-29 16:00:00+00:00,25.369001,91.42158,1010.6373,6.379216,343.61038,0.1,96.0,51.0
2014-05-29 17:00:00+00:00,25.519001,89.79624,1010.73755,6.87779,353.9911,0.0,99.0,3.0
2014-05-29 18:00:00+00:00,25.469,90.06337,1010.1376,7.5599995,360.0,0.0,98.0,3.0
2014-05-29 19:00:00+00:00,25.519001,90.06689,1009.5381,5.8048253,352.87506,0.0,98.0,3.0
2014-05-29 20:00:00+00:00,25.469,90.60694,1008.5383,5.6920996,341.56494,0.0,97.0,3.0
2014-05-29 21:00:00+00:00,25.419,90.60361,1007.8386,6.830519,341.56494,0.0,96.0,3.0
2014-05-29 22:00:00+00:00,25.369001,91.14706,1008.0386,7.145796,319.0857,0.3,97.0,51.0
2014-05-29 23:00:00+00:00,25.319,91.69385,1008.5383,5.315336,298.30066,0.4,99.0,51.0
2014-05-30 00:00:00+00:00,25.219,91.96409,1008.6379,5.8048253,277.1249,0.7,100.0,53.0
2014-05-30 01:00:00+00:00,24.619001,95.315544,1009.53656,6.489992,266.82022,1.3,98.0,61.0
2014-05-30 02:00:00+00:00,24.969,93.06382,1009.4372,8.209263,322.12494,0.6,99.0,53.0
2014-05-30 03:00:00+00:00,25.869001,87.68692,1010.03827,10.464797,310.81497,0.0,96.0,3.0
2014-05-30 04:00:00+00:00,26.919,83.41685,1010.53955,10.365251,290.3232,0.0,82.0,3.0
2014-05-30 05:00:00+00:00,27.369001,82.22511,1010.4406,10.041354,284.5345,0.3,56.0,51.0
2014-05-30 06:00:00+00:00,27.919,81.068756,1009.94147,11.542478,273.57626,0.3,79.0,51.0
2014-05-30 07:00:00+00:00,28.119001,79.17397,1009.34204,12.964998,271.5911,0.2,82.0,51.0
2014-05-30 08:00:00+00:00,28.319,80.877304,1008.9425,13.679999,270.0,0.2,85.0,51.0
2014-05-30 09:00:00+00:00,26.819,83.90879,1008.0407,16.299694,263.6599,3.2,81.0,63.0
2014-05-30 10:00:00+00:00,27.119001,84.19375,1008.141,13.570615,291.80148,0.4,91.0,51.0
2014-05-30 11:00:00+00:00,26.969,84.93866,1007.1415,14.336861,298.49554,0.2,85.0,51.0
2014-05-30 12:00:00+00:00,26.969,84.177574,1007.8412,14.33234,295.27768,0.1,75.0,51.0
2014-05-30 13:00:00+00:00,26.769001,85.42936,1008.1406,12.55879,297.2995,0.0,72.0,2.0
2014-05-30 14:00:00+00:00,26.369001,87.46703,1008.63983,11.681987,303.6901,0.1,62.0,51.0
2014-05-30 15:00:00+00:00,25.969,89.828705,1009.13885,11.183201,303.17853,0.5,58.0,53.0
2014-05-30 16:00:00+00:00,26.019001,88.76045,1009.3388,10.685391,302.61923,0.2,52.0,51.0
2014-05-30 17:00:00+00:00,25.969,89.02351,1009.4388,10.514218,308.0471,0.2,40.0,51.0
2014-05-30 18:00:00+00:00,25.969,88.7565,1009.4388,10.44,313.6029,0.2,52.0,51.0
2014-05-30 19:00:00+00:00,26.019001,87.43642,1009.03894,10.948973,316.33215,0.0,61.0,2.0
2014-05-30 20:00:00+00:00,25.819,88.4781,1008.1391,11.720751,317.4896,0.0,74.0,2.0
2014-05-30 21:00:00+00:00,25.669,89.26851,1007.13916,12.475961,313.83093,0.0,64.0,2.0
2014-05-30 22:00:00+00:00,25.619001,89.2647,1007.03925,11.988594,318.6523,0.1,87.0,51.0
2014-05-30 23:00:00+00:00,25.519001,89.79624,1006.7394,11.885453,324.86572,0.0,87.0,3.0
2014-05-31 00:00:00+00:00,25.519001,89.79624,1006.83936,13.0447235,332.02063,0.0,88.0,3.0
2014-05-31 01:00:00+00:00,25.569,89.530045,1006.93933,14.48972,333.43503,0.1,85.0,51.0
2014-05-31 02:00:00+00:00,26.019001,87.69981,1007.5396,15.629971,331.07367,0.0,87.0,3.0
2014-05-31 03:00:00+00:00,27.069,82.93395,1008.34094,15.349684,320.7106,0.1,82.0,51.0
2014-05-31 04:00:00+00:00,27.869001,80.336624,1008.44214,15.072783,310.1559,0.2,86.0,51.0
2014-05-31 05:00:00+00:00,28.369001,78.73518,1008.3427,15.496736,300.7354,0.3,49.0,51.0
2014-05-31 06:00:00+00:00,28.819,77.16579,1007.84393,16.42247,296.0033,0.3,36.0,51.0
2014-05-31 07:00:00+00:00,29.269001,75.18244,1007.04504,18.11841,290.95584,0.2,42.0,51.0
2014-05-31 08:00:00+00:00,29.369001,74.97363,1006.4453,19.829433,285.80258,0.3,41.0,51.0
2014-05-31 09:00:00+00:00,29.219,75.39997,1005.64526,20.380579,287.47485,0.5,51.0,53.0
2014-05-31 10:00:00+00:00,28.969,78.81883,1005.2451,17.447933,291.80145,0.3,47.0,51.0
2014-05-31 11:00:00+00:00,28.569,79.94913,1005.14453,15.256526,289.29013,0.2,58.0,51.0
2014-05-31 12:00:00+00:00,27.969,81.806175,1005.7437,15.617529,295.97433,0.0,53.0,2.0
2014-05-31 13:00:00+00:00,27.569,82.99161,1006.4428,11.91812,295.01685,0.1,57.0,51.0
2014-05-31 14:00:00+00:00,27.219,84.71049,1007.04175,12.413477,299.5387,0.0,52.0,2.0
2014-05-31 15:00:00+00:00,26.619001,86.96611,1007.84045,13.18308,304.9921,0.0,61.0,2.0
2014-05-31 16:00:00+00:00,26.419,88.52646,1008.33997,13.513193,311.7602,0.0,81.0,3.0
2014-05-31 17:00:00+00:00,26.269001,89.31378,1008.3396,12.738099,312.70938,0.0,80.0,3.0
2014-05-31 18:00:00+00:00,26.119001,89.83944,1007.9398,11.988594,311.3477,0.0,72.0,2.0
2014-05-31 19:00:00+00:00,26.319,89.58532,1007.4404,11.988594,311.3477,0.0,85.0,3.0
2014-05-31 20:00:00+00:00,26.169,90.112495,1006.74036,12.229406,312.614,0.0,87.0,3.0
2014-05-31 21:00:00+00:00,25.919,91.45516,1006.14026,12.218805,315.0001,0.2,93.0,51.0
2014-05-31 22:00:00+00:00,25.869001,91.45212,1005.3404,11.525623,308.65982,0.0,100.0,3.0
2014-05-31 23:00:00+00:00,25.619001,92.54016,1005.73987,13.479583,304.1145,0.2,100.0,51.0
2014-06-01 00:00:00+00:00,25.619001,91.98707,1006.2396,14.4,306.86996,0.2,100.0,51.0
2014-06-01 01:00:00+00:00,25.619001,92.26327,1006.7394,15.546833,312.18436,0.2,99.0,51.0
2014-06-01 02:00:00+00:00,25.869001,90.63358,1007.43945,18.584509,315.78473,0.0,98.0,3.0
2014-06-01 03:00:00+00:00,26.469,86.43206,1008.1401,18.864824,318.09415,0.0,96.0,3.0
2014-06-01 04:00:00+00:00,27.419,82.72592,1008.0417,19.09358,315.7638,0.1,100.0,51.0
2014-06-01 05:00:00+00:00,27.969,80.59085,1007.9427,19.681828,309.8055,0.4,100.0,51.0
2014-06-01 06:00:00+00:00,28.619001,77.59987,1007.5438,20.46941,304.24908,0.3,100.0,51.0
2014-06-01 07:00:00+00:00,29.119001,78.605064,1007.0447,20.799152,293.45905,0.0,100.0,3.0
2014-06-01 08:00:00+00:00,29.019001,80.48615,1006.24506,21.194187,290.89783,0.0,99.0,3.0
2014-06-01 09:00:00+00:00,29.069,80.97248,1005.84515,20.326454,292.93213,0.2,100.0,51.0
2014-06-01 10:00:00+00:00,27.869001,81.54948,1005.04364,18.079027,305.2725,0.9,100.0,53.0
2014-06-01 11:00:00+00:00,27.519001,81.996796,1005.5428,17.072504,317.5638,0.3,97.0,51.0
2014-06-01 12:00:00+00:00,27.219,84.45719,1005.4425,18.584509,314.21527,0.0,97.0,3.0
2014-06-01 13:00:00+00:00,27.019001,85.45438,1005.54224,16.548256,314.11868,0.0,97.0,3.0
2014-06-01 14:00:00+00:00,26.869001,86.21099,1006.0416,15.408671,307.40543,0.0,68.0,2.0
2014-06-01 15:00:00+00:00,26.719,87.236015,1007.04083,15.277749,304.43906,0.0,79.0,2.0
2014-06-01 16:00:00+00:00,26.519001,88.79982,1007.1405,15.077082,303.31064,0.0,88.0,3.0
2014-06-01 17:00:00+00:00,26.419,89.05814,1007.54034,15.1884165,301.4295,0.0,98.0,3.0
2014-06-01 18:00:00+00:00,26.469,88.530495,1007.64026,14.693999,300.96368,0.0,99.0,3.0
2014-06-01 19:00:00+00:00,26.419,89.32505,1007.34045,14.386494,301.7014,0.2,98.0,51.0
2014-06-01 20:00:00+00:00,26.219,89.31001,1006.9403,14.021525,299.1974,0.2,100.0,51.0
2014-06-01 21:00:00+00:00,25.919,88.75254,1006.5401,14.973577,297.18103,0.3,99.0,51.0
2014-06-01 22:00:00+00:00,25.919,89.55587,1006.34015,16.263872,297.69937,0.8,94.0,53.0
2014-06-01 23:00:00+00:00,25.819,89.548515,1006.6398,14.88242,302.15228,0.6,86.0,53.0
2014-06-02 00:00:00+00:00,25.619001,89.2647,1007.2392,14.480773,304.8754,0.6,92.0,53.0
2014-06-02 01:00:00+00:00,25.619001,90.07393,1007.639,14.021525,311.87778,0.4,90.0,51.0
2014-06-02 02:00:00+00:00,25.919,88.75254,1007.8395,15.530151,315.9391,0.2,87.0,51.0
2014-06-02 03:00:00+00:00,26.219,87.19155,1008.63947,17.283749,305.67648,0.1,81.0,51.0
2014-06-02 04:00:00+00:00,26.669,87.75547,1009.2398,16.267857,294.86368,0.3,96.0,51.0
2014-06-02 05:00:00+00:00,26.269001,86.93439,1009.3392,17.298738,282.01144,2.1,95.0,61.0
2014-06-02 06:00:00+00:00,26.969,84.177574,1009.6403,17.555305,285.46127,0.7,92.0,53.0
2014-06-02 07:00:00+00:00,27.069,84.69479,1009.14056,18.289274,280.20392,1.0,91.0,55.0
2014-06-02 08:00:00+00:00,27.269001,83.70679,1008.3412,19.211996,282.99463,1.1,90.0,55.0
2014-06-02 09:00:00+00:00,26.869001,87.510574,1007.74084,19.386593,291.80148,0.4,80.0,51.0
2014-06-02 10:00:00+00:00,27.619001,86.53947,1006.8426,17.873556,297.5972,0.3,64.0,51.0
2014-06-02 11:00:00+00:00,26.519001,84.38261,1006.24097,21.42227,294.84235,1.9,79.0,61.0
2014-06-02 12:00:00+00:00,26.019001,86.91166,1007.3397,17.174677,303.02386,1.3,85.0,61.0
2014-06-02 13:00:00+00:00,25.919,87.69121,1007.1398,14.982228,305.21768,0.2,89.0,51.0
2014-06-02 14:00:00+00:00,25.719,89.54117,1007.43945,15.484185,305.53775,0.0,74.0,2.0
2014-06-02 15:00:00+00:00,25.669,89.26851,1008.5386,16.418526,307.87503,0.2,83.0,51.0
2014-06-02 16:00:00+00:00,25.569,90.341675,1008.73846,15.03835,312.08908,0.1,98.0,51.0
2014-06-02 17:00:00+00:00,25.469,91.15341,1008.63824,15.530151,315.9391,0.0,99.0,3.0
2014-06-02 18:00:00+00:00,25.469,91.4277,1008.5383,15.629971,321.54626,0.0,100.0,3.0
2014-06-02 19:00:00+00:00,24.969,93.06382,1008.23773,15.277749,325.56094,0.5,100.0,53.0
2014-06-02 20:00:00+00:00,25.219,90.86358,1007.63837,14.480773,325.1246,0.2,100.0,51.0
2014-06-02 21:00:00+00:00,25.319,90.87006,1006.63916,14.88242,327.84772,0.0,100.0,3.0
2014-06-02 22:00:00+00:00,25.269001,90.86681,1006.339,16.489416,323.88055,0.0,100.0,3.0
2014-06-02 23:00:00+00:00,24.919,91.39395,1006.23865,16.08761,319.53784,0.4,100.0,51.0
2014-06-03 00:00:00+00:00,24.819,91.94104,1006.2384,15.408671,322.59457,0.4,99.0,51.0
2014-06-03 01:00:00+00:00,24.869001,91.11542,1006.53827,14.186923,324.2932,0.0,97.0,3.0
2014-06-03 02:00:00+00:00,25.319,88.97314,1007.43884,17.174677,326.97614,0.0,100.0,3.0
2014-06-03 03:00:00+00:00,26.119001,86.3991,1007.83984,19.171478,325.71307,0.0,100.0,3.0
2014-06-03 04:00:00+00:00,27.019001,83.42808,1007.94116,18.899143,319.63553,0.0,100.0,3.0
2014-06-03 05:00:00+00:00,27.619001,80.78785,1008.14197,18.864824,311.90585,0.3,97.0,51.0
2014-06-03 06:00:00+00:00,28.019001,79.39817,1008.04266,21.26744,303.9591,0.5,100.0,53.0
2014-06-03 07:00:00+00:00,27.719,81.775635,1007.94214,19.878391,305.4171,0.3,99.0,51.0
2014-06-03 08:00:00+00:00,27.469,85.49926,1007.0421,18.875126,304.90256,0.0,97.0,3.0
2014-06-03 09:00:00+00:00,27.869001,84.2743,1006.1431,18.472595,303.07068,0.1,92.0,51.0
2014-06-03 10:00:00+00:00,27.469,85.244385,1005.243,17.566378,315.83023,0.0,88.0,3.0
2014-06-03 11:00:00+00:00,27.319,84.72093,1004.6428,16.199999,323.13,0.0,93.0,3.0
2014-06-03 12:00:00+00:00,26.819,86.20622,1004.94214,15.856354,320.52756,0.1,98.0,51.0
2014-06-03 13:00:00+00:00,26.419,87.47139,1005.6412,13.246826,312.7974,0.2,100.0,51.0
2014-06-03 14:00:00+00:00,26.219,87.98075,1006.4405,13.044722,309.40063,0.0,100.0,3.0
2014-06-03 15:00:00+00:00,26.069,88.232864,1007.23975,13.392774,306.25394,0.0,98.0,3.0
2014-06-03 16:00:00+00:00,26.019001,88.22874,1007.4397,11.753876,310.0302,0.0,99.0,3.0
2014-06-03 17:00:00+00:00,25.869001,89.015755,1007.53937,10.739832,309.55963,0.0,100.0,3.0
2014-06-03 18:00:00+00:00,25.719,89.81071,1007.23956,10.009036,307.6943,0.0,98.0,3.0
2014-06-03 19:00:00+00:00,26.019001,89.29495,1007.23975,10.182337,315.0001,0.0,99.0,3.0
2014-06-03 20:00:00+00:00,25.619001,90.88954,1006.7394,9.686609,318.01288,0.3,99.0,51.0
2014-06-03 21:00:00+00:00,25.469,90.60694,1006.1394,9.220499,321.34018,0.2,100.0,51.0
2014-06-03 22:00:00+00:00,25.419,90.60361,1005.9395,9.983106,334.35904,0.1,97.0,51.0
2014-06-03 23:00:00+00:00,25.319,90.87006,1005.9395,8.427383,340.0168,0.0,95.0,3.0
2014-06-04 00:00:00+00:00,25.219,90.86358,1006.43896,7.145796,319.0857,0.2,91.0,51.0
2014-06-04 01:00:00+00:00,25.019001,90.850525,1007.13824,8.587338,303.02386,0.5,98.0,53.0
2014-06-04 02:00:00+00:00,25.169,90.58688,1007.1386,7.968939,341.56494,0.4,93.0,51.0
2014-06-04 03:00:00+00:00,25.719,87.674034,1007.43945,9.793059,306.02747,0.0,95.0,3.0
2014-06-04 04:00:00+00:00,26.319,86.15847,1008.24005,11.440978,282.72437,0.3,96.0,51.0
2014-06-04 05:00:00+00:00,26.519001,88.26986,1008.1401,10.538843,277.8532,0.2,96.0,51.0
2014-06-04 06:00:00+00:00,27.169,87.01572,1007.54156,13.039754,263.6599,0.4,96.0,51.0
2014-06-04 07:00:00+00:00,26.869001,85.95309,1007.1411,15.986595,262.23492,0.8,97.0,53.0
2014-06-04 08:00:00+00:00,26.069,89.566956,1006.5401,15.546833,264.68555,1.6,97.0,61.0
2014-06-04 09:00:00+00:00,25.969,87.959724,1006.34015,13.75558,263.9911,1.9,96.0,61.0
2014-06-04 10:00:00+00:00,25.569,88.72482,1006.13965,14.830076,275.5721,1.6,96.0,61.0
2014-06-04 11:00:00+00:00,25.769001,89.81428,1005.84015,16.394829,278.84174,0.5,91.0,53.0
2014-06-04 12:00:00+00:00,25.719,89.81071,1006.3399,17.057314,277.2749,0.3,85.0,51.0
2014-06-04 13:00:00+00:00,25.169,89.770935,1006.43896,16.946787,282.26477,0.9,90.0,53.0
2014-06-04 14:00:00+00:00,25.119001,90.038666,1007.1386,16.62249,287.6502,0.9,67.0,53.0
2014-06-04 15:00:00+00:00,25.019001,90.303825,1007.9379,14.973577,297.18103,1.0,89.0,55.0
2014-06-04 16:00:00+00:00,24.819,93.33696,1008.1375,14.693999,300.96368,1.0,92.0,55.0
2014-06-04 17:00:00+00:00,24.919,92.2243,1007.738,14.88242,302.15228,0.7,98.0,53.0
2014-06-04 18:00:00+00:00,25.069,91.95546,1007.738,15.315873,299.57773,0.6,99.0,53.0
2014-06-04 19:00:00+00:00,24.869001,94.75329,1007.238,15.990646,301.1849,0.6,99.0,53.0
2014-06-04 20:00:00+00:00,24.819,95.03652,1006.43835,15.778516,304.7779,0.5,100.0,53.0
2014-06-04 21:00:00+00:00,24.719,94.74757,1006.0385,14.689588,306.02747,0.5,98.0,53.0
2014-06-04 22:00:00+00:00,24.869001,92.77898,1005.53876,11.681987,326.3099,0.4,98.0,51.0
2014-06-04 23:00:00+00:00,24.719,92.4918,1005.53876,11.4862,327.8043,0.5,97.0,53.0
2014-06-05 00:00:00+00:00,24.719,92.4918,1005.9386,11.212135,312.39737,0.7,100.0,53.0
2014-06-05 01:00:00+00:00,24.619001,93.32728,1006.5379,12.229406,312.614,0.5,100.0,53.0
2014-06-05 02:00:00+00:00,25.219,88.965355,1006.6388,12.819235,321.8427,0.2,98.0,51.0
2014-06-05 03:00:00+00:00,25.619001,88.46187,1007.3391,13.979872,304.50858,0.3,98.0,51.0
2014-06-05 04:00:00+00:00,25.819,90.35879,1007.83923,16.981165,291.1248,0.6,96.0,53.0
2014-06-05 05:00:00+00:00,26.569,87.48447,1007.5406,15.629971,298.92633,0.5,99.0,53.0
2014-06-05 06:00:00+00:00,27.219,85.21907,1007.04175,16.92383,293.83875,0.4,100.0,51.0
2014-06-05 07:00:00+00:00,27.019001,83.42808,1006.7417,19.9954,283.53586,0.7,96.0,53.0
2014-06-05 08:00:00+00:00,26.969,87.51926,1005.54224,17.377226,283.17255,0.5,97.0,53.0
2014-06-05 09:00:00+00:00,27.569,86.79292,1004.64355,15.745627,280.53912,0.2,94.0,51.0
2014-06-05 10:00:00+00:00,27.769001,85.78416,1004.9437,17.298738,282.01144,0.4,90.0,51.0
2014-06-05 11:00:00+00:00,26.369001,87.20489,1004.74164,21.349546,275.80664,3.9,90.0,63.0
2014-06-05 12:00:00+00:00,25.769001,88.47402,1005.64026,19.13426,281.94415,3.4,97.0,63.0
2014-06-05 13:00:00+00:00,25.719,89.00417,1005.9401,19.734436,284.7968,1.2,96.0,55.0
2014-06-05 14:00:00+00:00,25.169,92.516045,1006.6388,19.0392,285.3502,0.8,99.0,53.0
2014-06-05 15:00:00+00:00,24.969,93.34416,1007.33813,21.862406,287.24155,1.3,100.0,61.0
2014-06-05 16:00:00+00:00,24.769001,93.89826,1007.63776,22.657131,287.57135,2.3,100.0,61.0
2014-06-05 17:00:00+00:00,24.919,93.34176,1007.4381,19.966211,295.64096,2.1,100.0,61.0
2014-06-05 18:00:00+00:00,24.669,95.604225,1007.43756,20.991426,300.96368,1.6,100.0,61.0
2014-06-05 19:00:00+00:00,24.919,94.1876,1006.8384,20.3774,302.00534,2.0,100.0,61.0
2014-06-05 20:00:00+00:00,24.919,94.471016,1006.5385,20.073025,302.55,2.5,100.0,63.0
2014-06-05 21:00:00+00:00,24.719,94.74757,1005.9386,19.969458,303.9766,2.5,100.0,63.0
2014-06-05 22:00:00+00:00,24.619001,94.45896,1005.7383,16.055355,312.27362,2.5,100.0,63.0
2014-06-05 23:00:00+00:00,24.619001,94.45896,1006.13806,16.039202,314.0907,1.8,100.0,61.0
2014-06-06 00:00:00+00:00,24.469,95.31045,1006.1377,17.786331,305.9422,1.6,100.0,61.0
2014-06-06 01:00:00+00:00,24.469,95.597786,1006.6375,15.580141,310.31403,1.6,100.0,61.0
2014-06-06 02:00:00+00:00,25.069,93.06882,1006.93835,17.826363,313.36346,0.9,100.0,53.0
2014-06-06 03:00:00+00:00,25.569,91.4338,1007.4391,19.35314,316.5074,0.6,100.0,53.0
2014-06-06 04:00:00+00:00,25.519001,92.25772,1007.83887,19.35314,316.5074,0.7,99.0,53.0
2014-06-06 05:00:00+00:00,25.669,90.620285,1007.73895,19.64228,311.2846,1.1,100.0,55.0
2014-06-06 06:00:00+00:00,25.619001,91.71161,1007.539,17.713316,307.56866,0.9,98.0,53.0
2014-06-06 07:00:00+00:00,26.319,89.58532,1007.1405,17.10284,300.34317,0.8,100.0,53.0
2014-06-06 08:00:00+00:00,26.519001,88.79982,1007.0406,17.713316,307.56866,0.8,100.0,53.0
2014-06-06 09:00:00+00:00,26.569,88.010124,1005.94135,17.884428,310.10083,0.6,95.0,53.0
2014-06-06 10:00:00+00:00,26.919,87.77678,1004.94214,21.313093,307.45065,0.4,95.0,51.0
2014-06-06 11:00:00+00:00,26.769001,88.81944,1004.4424,21.758419,308.9559,0.2,89.0,51.0
2014-06-06 12:00:00+00:00,26.719,87.759766,1004.54193,21.650938,312.97864,0.0,94.0,3.0
2014-06-06 13:00:00+00:00,26.569,88.273964,1004.8418,19.406637,319.51407,0.0,88.0,3.0
2014-06-06 14:00:00+00:00,26.419,88.79196,1005.54126,18.171976,326.3099,0.0,89.0,3.0
2014-06-06 15:00:00+00:00,26.269001,89.31378,1006.6404,19.272614,327.20047,0.0,97.0,3.0
2014-06-06 16:00:00+00:00,26.119001,89.570625,1006.8403,18.837322,333.92468,0.0,100.0,3.0
2014-06-06 17:00:00+00:00,26.019001,89.29495,1006.64,18.03237,333.94656,0.0,91.0,3.0
2014-06-06 18:00:00+00:00,25.969,88.49023,1006.8399,18.089775,328.84076,0.0,99.0,3.0
2014-06-06 19:00:00+00:00,25.619001,90.61693,1006.6394,19.67195,325.4374,0.3,100.0,51.0
2014-06-06 20:00:00+00:00,25.569,90.88629,1005.73987,19.469976,326.3099,0.2,95.0,51.0
2014-06-06 21:00:00+00:00,25.469,91.15341,1005.13983,19.201874,329.589,0.1,84.0,51.0
2014-06-06 22:00:00+00:00,25.219,91.41237,1005.03955,18.514643,333.43503,0.1,96.0,51.0
2014-06-06 23:00:00+00:00,25.169,91.4093,1004.5398,18.514643,333.43503,0.0,91.0,3.0
2014-06-07 00:00:00+00:00,25.269001,90.86681,1004.93964,17.727943,336.0375,0.0,84.0,3.0
2014-06-07 01:00:00+00:00,25.369001,90.32793,1005.23987,17.193533,340.4268,0.0,97.0,3.0
2014-06-07 02:00:00+00:00,25.619001,89.533745,1006.13965,17.654688,339.71735,0.0,98.0,3.0
2014-06-07 03:00:00+00:00,25.969,87.959724,1007.03986,22.238562,330.9455,0.0,100.0,3.0
2014-06-07 04:00:00+00:00,26.519001,86.436714,1007.34045,22.608458,322.76508,0.2,57.0,51.0
2014-06-07 05:00:00+00:00,27.669,80.31044,1007.1424,23.950148,317.43668,0.2,62.0,51.0
2014-06-07 06:00:00+00:00,28.469,77.11376,1006.64386,24.693481,315.59058,0.2,53.0,51.0
2014-06-07 07:00:00+00:00,28.519001,75.971664,1005.9442,25.537172,310.426,0.4,74.0,51.0
2014-06-07 08:00:00+00:00,28.119001,78.22894,1005.54376,27.475807,301.60745,0.4,100.0,51.0
2014-06-07 09:00:00+00:00,27.019001,82.67914,1004.9425,28.174458,296.56497,0.6,100.0,53.0
2014-06-07 10:00:00+00:00,26.969,84.68431,1004.44275,24.29133,309.5881,0.3,100.0,51.0
2014-06-07 11:00:00+00:00,26.619001,87.227104,1004.54193,22.218153,319.60016,0.5,100.0,53.0
2014-06-07 12:00:00+00:00,26.719,86.97517,1004.54193,20.570463,327.1443,0.2,98.0,51.0
2014-06-07 13:00:00+00:00,26.319,88.25345,1004.74164,17.873556,332.4028,0.0,90.0,3.0
2014-06-07 14:00:00+00:00,25.569,91.15971,1005.6399,19.67195,325.4374,0.4,100.0,51.0
2014-06-07 15:00:00+00:00,25.669,89.00026,1006.83936,22.183128,318.28934,0.3,98.0,51.0
2014-06-07 16:00:00+00:00,25.819,88.212234,1007.0396,20.898613,317.7928,0.0,100.0,3.0
2014-06-07 17:00:00+00:00,25.769001,89.54483,1007.1395,19.878391,324.58286,0.0,100.0,3.0
2014-06-07 18:00:00+00:00,25.519001,91.430756,1007.03925,19.386593,328.67136,0.0,100.0,3.0
2014-06-07 19:00:00+00:00,25.919,89.0196,1006.4401,18.193361,332.928,0.6,100.0,53.0
2014-06-07 20:00:00+00:00,25.769001,89.008,1006.0401,16.58346,332.87878,0.2,100.0,51.0
2014-06-07 21:00:00+00:00,25.569,88.992546,1005.34,16.171976,343.1785,0.4,100.0,51.0
2014-06-07 22:00:00+00:00,25.319,89.242,1005.23987,13.797913,344.87595,0.1,100.0,51.0
2014-06-07 23:00:00+00:00,25.169,88.42534,1005.03955,12.413476,343.1415,0.1,100.0,51.0
2014-06-08 00:00:00+00:00,25.069,87.88358,1005.23914,9.83268,336.2505,0.2,100.0,51.0
2014-06-08 01:00:00+00:00,25.269001,86.84314,1005.3394,9.422101,316.5481,0.3,100.0,51.0
2014-06-08 02:00:00+00:00,25.369001,88.70895,1006.1394,11.885453,305.13428,0.5,100.0,53.0
2014-06-08 03:00:00+00:00,25.619001,87.93017,1006.7394,12.984975,316.1232,0.6,100.0,53.0
2014-06-08 04:00:00+00:00,25.819,87.9471,1006.9397,16.363178,320.35587,0.2,100.0,51.0
2014-06-08 05:00:00+00:00,26.519001,86.177605,1006.64075,17.566378,315.83023,0.3,100.0,51.0
2014-06-08 06:00:00+00:00,27.269001,84.46247,1006.14215,20.620804,314.29276,0.2,100.0,51.0
2014-06-08 07:00:00+00:00,27.469,81.74502,1005.3429,22.608458,307.23492,0.3,100.0,51.0
2014-06-08 08:00:00+00:00,27.819,80.3301,1004.9437,24.57511,301.8274,0.4,100.0,51.0
2014-06-08 09:00:00+00:00,27.619001,81.518555,1004.2438,23.664352,303.20657,0.3,100.0,51.0
2014-06-08 10:00:00+00:00,28.019001,78.68619,1003.5447,25.476198,312.70938,0.2,100.0,51.0
2014-06-08 11:00:00+00:00,27.969,77.03917,1004.1444,23.424908,313.7547,0.0,100.0,3.0
2014-06-08 12:00:00+00:00,27.669,77.6946,1004.64355,20.12461,317.17474,0.0,100.0,3.0
2014-06-08 13:00:00+00:00,27.169,80.00315,1004.94275,18.947083,321.17017,0.0,100.0,3.0
2014-06-08 14:00:00+00:00,26.869001,81.425316,1005.5419,18.171976,326.3099,0.0,100.0,3.0
2014-06-08 15:00:00+00:00,26.719,82.39517,1006.541,17.906157,329.82657,0.1,100.0,51.0
2014-06-08 16:00:00+00:00,26.519001,83.37165,1007.0406,16.981165,327.99466,0.1,100.0,51.0
2014-06-08 17:00:00+00:00,26.419,84.371895,1006.9407,15.986593,324.16226,0.0,100.0,3.0
2014-06-08 18:00:00+00:00,26.269001,85.63663,1006.54047,15.546833,317.8156,0.0,100.0,3.0
2014-06-08 19:00:00+00:00,25.969,85.60687,1006.24023,15.273505,315.0001,0.0,99.0,3.0
2014-06-08 20:00:00+00:00,25.719,87.41008,1005.5403,15.021105,315.97092,0.2,62.0,51.0
2014-06-08 21:00:00+00:00,25.569,87.66109,1005.34,14.264361,317.0454,0.2,52.0,51.0
2014-06-08 22:00:00+00:00,25.269001,87.90056,1004.6397,17.377226,309.9575,0.4,87.0,51.0
2014-06-08 23:00:00+00:00,24.769001,90.28658,1005.1389,17.31746,313.31537,0.6,96.0,53.0
2014-06-09 00:00:00+00:00,24.719,90.83094,1005.4388,17.10284,310.73203,0.5,97.0,53.0
2014-06-09 01:00:00+00:00,24.469,92.7581,1006.0378,17.283749,305.67648,0.4,95.0,51.0
2014-06-09 02:00:00+00:00,24.869001,90.84074,1006.7382,16.418526,307.87503,0.3,95.0,51.0
2014-06-09 03:00:00+00:00,25.669,88.73276,1007.539,18.374111,304.62424,0.3,68.0,51.0
2014-06-09 04:00:00+00:00,26.269001,88.24933,1007.83984,19.161337,295.60214,0.4,78.0,51.0
2014-06-09 05:00:00+00:00,26.819,85.69099,1008.24066,23.03156,294.96277,0.4,91.0,51.0
2014-06-09 06:00:00+00:00,27.619001,82.008896,1007.34235,22.930048,292.13553,0.5,95.0,53.0
2014-06-09 07:00:00+00:00,27.669,83.751015,1006.94257,19.513195,299.87592,0.4,97.0,51.0
2014-06-09 08:00:00+00:00,27.819,81.29938,1006.2431,18.11841,310.97165,0.2,97.0,51.0
2014-06-09 09:00:00+00:00,28.219,77.54138,1005.4441,19.09358,314.23618,0.2,99.0,51.0
2014-06-09 10:00:00+00:00,28.069,76.591324,1004.74414,21.470612,325.24402,0.0,100.0,3.0
2014-06-09 11:00:00+00:00,28.069,75.67306,1004.74414,24.408424,322.792,0.0,99.0,3.0
2014-06-09 12:00:00+00:00,27.869001,77.72377,1005.2436,23.4,323.13,0.0,98.0,3.0
2014-06-09 13:00:00+00:00,27.569,78.15026,1005.843,22.473343,324.78232,0.0,98.0,3.0
2014-06-09 14:00:00+00:00,27.319,78.587746,1006.542,20.570463,327.1443,0.0,94.0,3.0
2014-06-09 15:00:00+00:00,27.169,79.04286,1007.1417,18.678415,332.44727,0.0,89.0,3.0
2014-06-09 16:00:00+00:00,27.019001,80.467545,1007.3414,16.981165,338.8752,0.0,94.0,3.0
2014-06-09 17:00:00+00:00,26.769001,82.15305,1007.74084,15.379206,339.44388,0.0,96.0,3.0
2014-06-09 18:00:00+00:00,26.519001,83.623405,1007.54034,14.345898,342.47433,0.0,94.0,3.0
2014-06-09 19:00:00+00:00,26.119001,82.32356,1006.74036,14.241629,343.8556,0.0,90.0,3.0
2014-06-09 20:00:00+00:00,26.019001,83.31495,1006.0403,15.315873,330.42227,0.0,80.0,3.0
2014-06-09 21:00:00+00:00,25.769001,85.328636,1005.64026,17.826363,313.36346,0.1,81.0,51.0
2014-06-09 22:00:00+00:00,25.619001,86.35184,1004.94025,16.375053,326.65927,0.2,90.0,51.0
2014-06-09 23:00:00+00:00,25.619001,87.13787,1005.44,14.512064,330.25522,0.0,92.0,3.0
2014-06-10 00:00:00+00:00,25.619001,87.6654,1006.03973,13.392774,323.74606,0.0,99.0,3.0
2014-06-10 01:00:00+00:00,25.719,88.203995,1006.8397,13.746156,315.0001,0.0,96.0,3.0
2014-06-10 02:00:00+00:00,25.869001,88.4821,1007.7393,15.124284,308.23386,0.1,99.0,51.0
2014-06-10 03:00:00+00:00,26.119001,88.23699,1008.63947,16.595179,310.60123,0.2,96.0,51.0
2014-06-10 04:00:00+00:00,26.469,88.001724,1009.1396,16.870138,309.8055,0.2,95.0,51.0
2014-06-10 05:00:00+00:00,26.869001,86.98869,1008.84033,14.05845,309.8055,0.0,100.0,3.0
2014-06-10 06:00:00+00:00,27.219,86.760895,1008.5411,14.113652,307.74686,0.2,100.0,51.0
2014-06-10 07:00:00+00:00,27.169,85.72539,1007.9414,16.79314,300.96368,0.1,96.0,51.0
2014-06-10 08:00:00+00:00,27.269001,84.715675,1007.2417,17.388409,297.09546,0.4,98.0,51.0
2014-06-10 09:00:00+00:00,27.169,85.72539,1006.6419,19.33639,294.1791,0.2,100.0,51.0
2014-06-10 10:00:00+00:00,27.169,86.75632,1005.6424,19.803272,297.0308,0.2,99.0,51.0
2014-06-10 11:00:00+00:00,26.619001,84.64752,1005.6414,16.981165,302.00534,0.7,99.0,53.0
2014-06-10 12:00:00+00:00,26.219,87.71701,1005.94073,16.075521,304.046,0.5,100.0,53.0
2014-06-10 13:00:00+00:00,26.269001,88.51439,1006.74036,13.479583,304.1145,0.4,92.0,51.0
2014-06-10 14:00:00+00:00,26.469,88.001724,1007.54034,13.18308,304.9921,0.2,92.0,51.0
2014-06-10 15:00:00+00:00,26.519001,88.00592,1008.7398,12.7279215,298.7397,0.3,96.0,51.0
2014-06-10 16:00:00+00:00,26.169,89.57427,1009.1392,12.55879,297.2995,0.6,97.0,53.0
2014-06-10 17:00:00+00:00,26.069,89.835884,1009.2389,16.62249,287.6502,0.9,93.0,53.0
2014-06-10 18:00:00+00:00,26.019001,90.91541,1009.6387,15.893093,283.0919,0.4,94.0,51.0
2014-06-10 19:00:00+00:00,25.219,91.96409,1008.8378,17.654686,286.5874,0.9,100.0,53.0
2014-06-10 20:00:00+00:00,24.919,93.62294,1008.13776,18.057508,293.49857,1.5,100.0,61.0
2014-06-10 21:00:00+00:00,24.969,92.50529,1007.5381,18.837322,296.0753,2.0,100.0,61.0
2014-06-10 22:00:00+00:00,24.669,93.61139,1006.6379,17.935081,308.48022,1.6,91.0,61.0
2014-06-10 23:00:00+00:00,24.969,92.784164,1006.6384,16.831684,311.53168,1.5,95.0,61.0
2014-06-11 00:00:00+00:00,25.219,90.86358,1006.73883,19.09358,315.7638,0.6,99.0,53.0
2014-06-11 01:00:00+00:00,25.419,91.42464,1007.1389,17.884428,319.89914,0.7,97.0,53.0
2014-06-11 02:00:00+00:00,25.769001,89.81428,1008.2391,17.49615,323.36578,1.0,96.0,55.0
2014-06-11 03:00:00+00:00,26.019001,89.83227,1009.13885,18.391737,319.7637,0.2,97.0,51.0
2014-06-11 04:00:00+00:00,26.419,89.32505,1009.4395,18.864824,318.09415,0.3,99.0,51.0
2014-06-11 05:00:00+00:00,26.619001,86.44612,1009.3398,19.602652,315.74396,0.8,100.0,53.0
2014-06-11 06:00:00+00:00,26.619001,86.18716,1008.94,21.479664,309.55963,0.6,100.0,53.0
2014-06-11 07:00:00+00:00,27.069,85.20386,1008.141,20.46941,304.24908,0.4,100.0,51.0
2014-06-11 08:00:00+00:00,27.369001,83.46742,1007.64185,20.929594,296.56497,0.4,100.0,51.0
2014-06-11 09:00:00+00:00,27.369001,82.4723,1007.0421,22.077717,294.05734,0.6,100.0,53.0
2014-06-11 10:00:00+00:00,27.319,81.97256,1006.14215,23.068108,292.9638,0.4,96.0,51.0
2014-06-11 11:00:00+00:00,26.819,84.41463,1005.5419,21.900904,295.30136,0.4,96.0,51.0
2014-06-11 12:00:00+00:00,26.369001,87.20489,1006.3409,21.897945,297.4075,0.5,97.0,53.0
2014-06-11 13:00:00+00:00,25.769001,89.81428,1006.43994,21.749483,298.68604,0.7,100.0,53.0
2014-06-11 14:00:00+00:00,25.419,90.059845,1007.33887,21.261345,298.30066,0.8,99.0,53.0
2014-06-11 15:00:00+00:00,25.169,91.96121,1008.1381,21.67487,302.10623,0.8,100.0,53.0
2014-06-11 16:00:00+00:00,25.169,92.79454,1008.53796,22.065973,303.6901,0.5,100.0,53.0
2014-06-11 17:00:00+00:00,25.319,93.08129,1008.7382,20.87379,302.31958,0.4,99.0,51.0
2014-06-11 18:00:00+00:00,25.369001,92.2494,1008.7382,20.87379,302.31958,0.3,100.0,51.0
2014-06-11 19:00:00+00:00,25.469,91.4277,1008.4384,19.8,306.86996,0.2,99.0,51.0
2014-06-11 20:00:00+00:00,25.269001,93.35857,1007.2386,18.668005,309.52258,0.1,100.0,51.0
2014-06-11 21:00:00+00:00,25.069,93.91155,1006.8384,20.018072,307.6943,0.2,99.0,51.0
2014-06-11 22:00:00+00:00,24.919,94.471016,1006.23865,19.881649,312.06424,0.5,99.0,53.0
2014-06-11 23:00:00+00:00,24.819,93.61835,1006.43835,19.174856,309.66782,0.6,100.0,53.0
2014-06-12 00:00:00+00:00,24.819,93.33696,1007.138,19.228851,308.15726,0.7,98.0,53.0
2014-06-12 01:00:00+00:00,25.019001,91.95256,1007.2382,17.429354,308.2902,0.5,100.0,53.0
2014-06-12 02:00:00+00:00,25.019001,91.124916,1008.03784,17.884428,310.10083,0.3,100.0,51.0
2014-06-12 03:00:00+00:00,25.419,90.33135,1008.8382,18.35647,311.82007,0.3,99.0,51.0
2014-06-12 04:00:00+00:00,25.719,90.62361,1009.1386,19.64228,311.2846,0.2,100.0,51.0
2014-06-12 05:00:00+00:00,25.869001,87.68692,1009.53845,19.770523,303.11136,1.3,100.0,61.0
2014-06-12 06:00:00+00:00,26.369001,85.90453,1009.4395,22.59699,292.47946,0.7,100.0,53.0
2014-06-12 07:00:00+00:00,26.519001,85.404274,1009.0397,22.26477,292.83368,0.7,98.0,53.0
2014-06-12 08:00:00+00:00,26.719,84.91281,1008.2403,20.073025,302.55,0.9,99.0,53.0
2014-06-12 09:00:00+00:00,26.819,87.768295,1007.54095,19.586119,306.02747,0.2,95.0,51.0
2014-06-12 10:00:00+00:00,26.769001,88.29035,1006.5414,22.180206,305.75397,0.3,99.0,51.0
2014-06-12 11:00:00+00:00,26.319,89.05049,1006.24097,20.674156,305.07382,0.4,99.0,51.0
2014-06-12 12:00:00+00:00,26.269001,89.31378,1006.3405,19.95972,309.14398,0.1,99.0,51.0
2014-06-12 13:00:00+00:00,26.019001,89.56326,1006.64,19.406637,310.48593,0.2,100.0,51.0
2014-06-12 14:00:00+00:00,25.819,90.087975,1007.63934,18.584509,314.21527,0.0,99.0,3.0
2014-06-12 15:00:00+00:00,25.619001,91.43687,1008.0388,18.35647,318.1799,0.0,96.0,3.0
2014-06-12 16:00:00+00:00,25.519001,91.705666,1008.6385,20.390114,317.86246,0.0,97.0,3.0
2014-06-12 17:00:00+00:00,25.419,91.69974,1009.23804,21.915691,317.66306,0.0,99.0,3.0
2014-06-12 18:00:00+00:00,25.269001,91.41545,1009.3376,21.028437,321.9529,0.0,100.0,3.0
2014-06-12 19:00:00+00:00,25.219,91.68789,1009.0377,20.883102,324.11777,0.0,100.0,3.0
2014-06-12 20:00:00+00:00,25.119001,91.958305,1008.3381,20.380579,324.34457,0.0,100.0,3.0
2014-06-12 21:00:00+00:00,25.069,92.23268,1007.638,19.376562,324.8335,0.0,100.0,3.0
2014-06-12 22:00:00+00:00,24.919,92.78156,1007.03827,18.58451,328.46524,0.0,100.0,3.0
2014-06-12 23:00:00+00:00,24.869001,92.499855,1007.3379,17.727943,330.8325,0.0,100.0,3.0
2014-06-13 00:00:00+00:00,24.819,92.4972,1007.83765,17.595861,329.23734,0.0,100.0,3.0
2014-06-13 01:00:00+00:00,24.769001,93.05375,1007.43787,18.218275,330.39563,0.0,100.0,3.0
2014-06-13 02:00:00+00:00,25.019001,91.124916,1007.9379,21.485697,328.70703,0.0,100.0,3.0
2014-06-13 03:00:00+00:00,25.719,87.674034,1008.339,23.47741,324.3601,0.0,100.0,3.0
2014-06-13 04:00:00+00:00,26.619001,83.38296,1008.5401,23.4,323.13,0.0,99.0,3.0
2014-06-13 05:00:00+00:00,27.219,80.97998,1008.741,24.442913,316.1934,0.0,100.0,3.0
2014-06-13 06:00:00+00:00,27.369001,80.99902,1008.34155,26.787966,311.18582,0.3,100.0,51.0
2014-06-13 07:00:00+00:00,27.619001,78.86726,1008.24194,26.518099,311.69803,0.3,100.0,51.0
2014-06-13 08:00:00+00:00,27.669,79.11201,1007.6422,27.0024,312.8389,0.4,99.0,51.0
2014-06-13 09:00:00+00:00,27.719,79.35727,1007.1424,26.220753,315.55618,0.2,100.0,51.0
2014-06-13 10:00:00+00:00,27.619001,79.82247,1007.0425,26.044699,319.48468,0.1,100.0,51.0
2014-06-13 11:00:00+00:00,27.319,80.02308,1006.6419,24.29133,320.4119,0.0,100.0,3.0
2014-06-13 12:00:00+00:00,26.769001,83.90327,1007.341,24.408424,322.792,0.1,100.0,51.0
2014-06-13 13:00:00+00:00,26.319,86.15847,1007.2405,19.878391,324.58286,0.0,100.0,3.0
2014-06-13 14:00:00+00:00,25.969,87.16924,1007.6395,19.469976,326.3099,0.0,100.0,3.0
2014-06-13 15:00:00+00:00,25.769001,87.41448,1008.2391,19.386593,328.67136,0.0,98.0,3.0
2014-06-13 16:00:00+00:00,25.569,87.92598,1008.13873,18.998316,332.9495,0.0,100.0,3.0
2014-06-13 17:00:00+00:00,25.519001,87.39249,1008.5386,19.191748,336.8014,0.0,100.0,3.0
2014-06-13 18:00:00+00:00,25.419,87.383675,1008.3384,19.191748,336.8014,0.0,99.0,3.0
2014-06-13 19:00:00+00:00,25.419,87.6481,1008.3384,19.33639,335.8209,0.0,99.0,3.0
2014-06-13 20:00:00+00:00,25.369001,88.174965,1007.7387,19.319628,333.43503,0.0,100.0,3.0
2014-06-13 21:00:00+00:00,25.269001,88.701004,1007.03864,19.803272,332.9692,0.0,100.0,3.0
2014-06-13 22:00:00+00:00,25.169,89.770935,1007.2386,18.86139,336.3706,0.0,100.0,3.0
2014-06-13 23:00:00+00:00,25.069,90.5802,1007.2382,19.386593,338.19852,0.0,100.0,3.0
2014-06-14 00:00:00+00:00,25.169,90.042206,1007.63837,18.720001,337.3801,0.0,100.0,3.0
2014-06-14 01:00:00+00:00,25.219,90.31764,1007.83826,18.919704,338.80588,0.0,92.0,3.0
2014-06-14 02:00:00+00:00,25.569,88.72482,1008.43866,18.214718,341.56494,0.0,97.0,3.0
2014-06-14 03:00:00+00:00,26.319,85.12743,1008.93976,22.127556,338.02542,0.0,99.0,3.0
2014-06-14 04:00:00+00:00,27.219,80.49359,1009.3407,22.065973,331.76263,0.0,100.0,3.0
2014-06-14 05:00:00+00:00,28.069,76.82244,1009.34204,22.89611,323.31018,0.0,96.0,3.0
2014-06-14 06:00:00+00:00,28.669,74.86129,1008.94324,23.675303,315.61597,0.0,88.0,3.0
2014-06-14 07:00:00+00:00,28.869001,73.33293,1008.54364,23.977188,311.3477,0.0,94.0,3.0
2014-06-14 08:00:00+00:00,28.969,73.79251,1007.644,24.798225,309.69904,0.0,97.0,3.0
2014-06-14 09:00:00+00:00,28.869001,74.89344,1007.644,25.076267,309.17365,0.0,92.0,3.0
2014-06-14 10:00:00+00:00,28.619001,76.6747,1007.4439,24.967497,312.66266,0.0,97.0,3.0
2014-06-14 11:00:00+00:00,28.419,77.803734,1007.2436,23.977188,311.3477,0.0,97.0,3.0
2014-06-14 12:00:00+00:00,27.969,80.832664,1007.54285,22.932877,312.45514,0.0,100.0,3.0
2014-06-14 13:00:00+00:00,27.369001,83.717865,1007.9418,22.401142,315.0001,0.0,100.0,3.0
2014-06-14 14:00:00+00:00,26.919,85.95795,1008.7404,21.252197,321.1886,0.0,100.0,3.0
2014-06-14 15:00:00+00:00,26.569,87.2227,1009.13983,20.172853,325.17545,0.0,100.0,3.0
2014-06-14 16:00:00+00:00,26.269001,88.24933,1009.53906,19.171478,325.71307,0.0,100.0,3.0
2014-06-14 17:00:00+00:00,26.069,88.232864,1009.6387,18.671474,326.0035,0.0,100.0,3.0
2014-06-14 18:00:00+00:00,25.869001,88.4821,1009.9383,18.775303,327.52884,0.0,100.0,3.0
2014-06-14 19:00:00+00:00,25.619001,88.9964,1009.4382,20.87379,327.6804,0.0,100.0,3.0
2014-06-14 20:00:00+00:00,25.469,89.25335,1008.9382,21.434364,330.85202,0.0,100.0,3.0
2014-06-14 21:00:00+00:00,25.319,89.78183,1008.4384,21.09305,332.56036,0.0,100.0,3.0
2014-06-14 22:00:00+00:00,25.119001,90.5835,1008.53796,21.413193,333.00424,0.0,100.0,3.0
2014-06-14 23:00:00+00:00,25.019001,91.124916,1008.4377,21.575987,334.2901,0.0,100.0,3.0
2014-06-15 00:00:00+00:00,24.969,91.1218,1008.93744,21.096123,334.7469,0.0,97.0,3.0
2014-06-15 01:00:00+00:00,24.969,90.84728,1009.2373,20.65848,337.45688,0.0,99.0,3.0
2014-06-15 02:00:00+00:00,25.319,88.70498,1009.6378,20.523157,338.38516,0.0,98.0,3.0
2014-06-15 03:00:00+00:00,26.169,83.83721,1010.1388,25.12016,334.53668,0.0,87.0,3.0
2014-06-15 04:00:00+00:00,27.169,79.04286,1010.24036,26.576681,331.69934,0.0,91.0,3.0
2014-06-15 05:00:00+00:00,28.069,74.99067,1010.14166,23.710857,329.9315,0.0,83.0,3.0
2014-06-15 06:00:00+00:00,28.669,72.6384,1009.6429,23.904108,322.95743,0.0,80.0,3.0
2014-06-15 07:00:00+00:00,28.919,70.94722,1009.0434,25.233404,317.89133,0.0,64.0,2.0
2014-06-15 08:00:00+00:00,29.169,70.56508,1008.0442,26.729847,315.5456,0.0,53.0,2.0
2014-06-15 09:00:00+00:00,29.169,71.20695,1007.3445,27.757376,313.4235,0.0,52.0,2.0
2014-06-15 10:00:00+00:00,28.919,72.68152,1006.5445,26.230639,313.3317,0.0,53.0,2.0
2014-06-15 11:00:00+00:00,28.469,75.28121,1006.54395,25.20257,314.42133,0.0,85.0,3.0
2014-06-15 12:00:00+00:00,27.969,78.44308,1006.8432,22.401142,315.0001,0.0,95.0,3.0
2014-06-15 13:00:00+00:00,27.419,80.76215,1007.342,21.650938,317.02136,0.0,91.0,3.0
2014-06-15 14:00:00+00:00,26.969,82.673325,1007.7412,20.390114,317.86246,0.0,86.0,3.0
2014-06-15 15:00:00+00:00,26.669,85.163124,1008.74005,18.626305,318.91833,0.0,66.0,2.0
2014-06-15 16:00:00+00:00,26.369001,87.20489,1009.5394,16.641972,321.1466,0.0,59.0,2.0
2014-06-15 17:00:00+00:00,26.219,88.51038,1010.0388,15.484185,324.46225,0.0,39.0,1.0
2014-06-15 18:00:00+00:00,26.069,89.566956,1010.0385,15.277749,325.56094,0.0,43.0,1.0
2014-06-15 19:00:00+00:00,25.869001,90.09148,1009.6384,15.277749,325.56094,0.0,46.0,1.0
2014-06-15 20:00:00+00:00,25.769001,90.35533,1009.0387,15.778516,325.2221,0.0,52.0,2.0
2014-06-15 21:00:00+00:00,25.669,90.89275,1008.6385,16.79314,329.03632,0.0,80.0,3.0
2014-06-15 22:00:00+00:00,25.519001,91.430756,1008.13873,16.58346,332.87878,0.0,88.0,3.0
2014-06-15 23:00:00+00:00,25.469,91.15341,1008.3384,16.267857,335.13632,0.0,94.0,3.0
2014-06-16 00:00:00+00:00,25.319,91.14394,1008.23846,17.447933,338.19852,0.0,98.0,3.0
2014-06-16 01:00:00+00:00,25.269001,90.59359,1008.2381,18.214718,341.56494,0.0,85.0,3.0
2014-06-16 02:00:00+00:00,25.669,89.00026,1008.83844,18.11841,339.04413,0.0,62.0,2.0
2014-06-16 03:00:00+00:00,26.519001,84.63699,1009.5394,21.924562,330.4886,0.0,42.0,1.0
2014-06-16 04:00:00+00:00,27.319,80.50662,1009.8405,22.828087,322.04572,0.0,37.0,1.0
2014-06-16 05:00:00+00:00,27.869001,78.42888,1009.64154,24.442913,316.1934,0.0,33.0,1.0
2014-06-16 06:00:00+00:00,28.419,76.64443,1009.4426,23.950148,312.56332,0.0,82.0,3.0
2014-06-16 07:00:00+00:00,28.819,74.88544,1009.0434,24.192429,306.52896,0.0,97.0,3.0
2014-06-16 08:00:00+00:00,28.819,75.56325,1008.44366,24.514387,299.95352,0.0,91.0,3.0
2014-06-16 09:00:00+00:00,28.669,76.68226,1007.64374,24.95452,296.56497,0.0,94.0,3.0
2014-06-16 10:00:00+00:00,28.469,77.57798,1007.44354,24.795612,295.82092,0.0,95.0,3.0
2014-06-16 11:00:00+00:00,28.119001,78.93679,1007.54285,23.828083,296.9521,0.1,94.0,51.0
2014-06-16 12:00:00+00:00,27.719,80.55851,1007.8421,22.38378,297.80136,0.0,57.0,2.0
2014-06-16 13:00:00+00:00,27.219,82.951256,1008.3412,21.578989,297.84747,0.0,64.0,2.0
2014-06-16 14:00:00+00:00,26.769001,84.918,1008.9403,20.497883,300.61853,0.2,81.0,51.0
2014-06-16 15:00:00+00:00,26.419,86.94797,1009.7394,18.218275,307.77576,0.2,74.0,51.0
2014-06-16 16:00:00+00:00,25.819,90.35879,1010.1382,15.7908325,316.8476,0.3,69.0,51.0
2014-06-16 17:00:00+00:00,25.619001,90.88954,1010.2378,15.408671,322.59457,0.0,74.0,2.0
2014-06-16 18:00:00+00:00,25.369001,91.42158,1010.03766,15.379206,327.42596,0.0,69.0,2.0
2014-06-16 19:00:00+00:00,25.569,91.4338,1009.5381,16.1198,330.57263,0.0,69.0,2.0
2014-06-16 20:00:00+00:00,25.319,91.96987,1008.7382,17.782686,328.24057,0.0,72.0,2.0
2014-06-16 21:00:00+00:00,25.169,92.516045,1008.3381,18.775303,327.52884,0.0,81.0,3.0
2014-06-16 22:00:00+00:00,24.969,93.06382,1008.23773,17.551615,334.48618,0.0,80.0,3.0
2014-06-16 23:00:00+00:00,24.819,93.33696,1008.0376,16.595179,335.6589,0.0,78.0,2.0
2014-06-17 00:00:00+00:00,24.869001,92.499855,1008.1375,15.94601,331.69934,0.0,90.0,3.0
2014-06-17 01:00:00+00:00,24.869001,92.22153,1008.63727,17.373497,325.9806,0.0,91.0,3.0
2014-06-17 02:00:00+00:00,25.169,90.860275,1009.1377,20.696087,319.93927,0.1,93.0,51.0
2014-06-17 03:00:00+00:00,25.669,88.19981,1009.63806,22.148046,314.34152,0.4,87.0,51.0
2014-06-17 04:00:00+00:00,26.769001,82.40114,1009.8399,22.771244,309.22565,0.4,81.0,51.0
2014-06-17 05:00:00+00:00,27.669,78.40048,1009.6413,23.664352,303.20657,0.4,91.0,51.0
2014-06-17 06:00:00+00:00,27.969,76.807365,1009.7419,24.826954,299.5387,0.5,94.0,53.0
2014-06-17 07:00:00+00:00,28.019001,75.665184,1009.0422,26.564486,296.56497,0.7,96.0,53.0
2014-06-17 08:00:00+00:00,28.069,75.67306,1008.4425,27.381308,294.88034,0.8,97.0,53.0
2014-06-17 09:00:00+00:00,27.869001,77.489944,1007.9423,28.185955,298.20154,0.3,94.0,51.0
2014-06-17 10:00:00+00:00,27.869001,77.02419,1007.2427,27.381306,298.24963,0.3,94.0,51.0
2014-06-17 11:00:00+00:00,27.569,77.67999,1007.4423,25.683926,301.23917,0.3,95.0,51.0
2014-06-17 12:00:00+00:00,27.069,79.748695,1007.5413,24.408424,307.208,0.4,94.0,51.0
2014-06-17 13:00:00+00:00,26.569,83.37734,1008.04034,21.94524,311.009,0.2,96.0,51.0
2014-06-17 14:00:00+00:00,26.119001,86.3991,1008.53955,19.862083,313.53125,0.3,98.0,51.0
2014-06-17 15:00:00+00:00,25.919,87.95551,1009.3388,18.844202,316.5481,0.2,100.0,51.0
2014-06-17 16:00:00+00:00,25.769001,88.740685,1009.6384,17.072504,317.5638,0.0,100.0,3.0
2014-06-17 17:00:00+00:00,25.369001,90.05633,1010.03766,18.328207,315.0001,0.0,100.0,3.0
2014-06-17 18:00:00+00:00,25.169,91.134445,1009.9374,18.335276,313.4089,0.0,100.0,3.0
2014-06-17 19:00:00+00:00,25.169,91.96121,1009.43756,18.899143,310.36444,0.2,100.0,51.0
2014-06-17 20:00:00+00:00,24.969,91.67301,1008.6375,20.018072,307.6943,0.2,100.0,51.0
2014-06-17 21:00:00+00:00,24.969,90.57348,1008.23773,21.470612,304.75598,0.2,100.0,51.0
2014-06-17 22:00:00+00:00,24.869001,91.39086,1008.2375,22.768396,304.69522,0.3,100.0,51.0
2014-06-17 23:00:00+00:00,25.069,90.5802,1008.03784,20.969807,304.50858,0.2,100.0,51.0
2014-06-18 00:00:00+00:00,25.169,90.58688,1008.2381,21.203358,310.17917,0.2,100.0,51.0
2014-06-18 01:00:00+00:00,25.269001,91.41545,1008.6379,19.64228,311.2846,0.2,100.0,51.0
2014-06-18 02:00:00+00:00,25.619001,90.88954,1009.2383,17.309975,315.0001,0.1,100.0,51.0
2014-06-18 03:00:00+00:00,26.319,89.85381,1009.9393,16.548256,315.88132,0.0,100.0,3.0
2014-06-18 04:00:00+00:00,26.969,87.25816,1009.94025,16.831684,311.53168,0.0,100.0,3.0
2014-06-18 05:00:00+00:00,27.719,83.75653,1009.8412,20.188908,301.13892,0.0,100.0,3.0
2014-06-18 06:00:00+00:00,28.069,81.087715,1009.6419,22.539564,296.56497,0.0,100.0,3.0
2014-06-18 07:00:00+00:00,28.219,81.349335,1008.74255,22.7057,295.34613,0.0,100.0,3.0
2014-06-18 08:00:00+00:00,28.369001,81.85486,1008.0429,23.598541,291.47684,0.0,100.0,3.0
2014-06-18 09:00:00+00:00,28.369001,82.58998,1007.5431,24.344624,293.53235,0.0,100.0,3.0
2014-06-18 10:00:00+00:00,28.069,83.79506,1006.8432,22.862123,296.1615,0.0,99.0,3.0
2014-06-18 11:00:00+00:00,27.619001,85.00554,1007.1424,21.734581,296.56497,0.1,94.0,51.0
2014-06-18 12:00:00+00:00,27.119001,87.01123,1007.64124,20.140705,298.85556,0.0,86.0,3.0
2014-06-18 13:00:00+00:00,26.569,89.33633,1007.7405,19.694992,300.7841,0.1,93.0,51.0
2014-06-18 14:00:00+00:00,26.169,90.112495,1007.7399,20.87379,302.31958,0.3,92.0,51.0
2014-06-18 15:00:00+00:00,25.769001,90.89926,1008.63885,20.172853,304.82455,0.4,97.0,51.0
2014-06-18 16:00:00+00:00,25.469,91.97847,1009.0381,20.304129,307.07315,0.4,89.0,51.0
2014-06-18 17:00:00+00:00,25.369001,92.526764,1009.33795,19.373219,311.98712,0.3,83.0,51.0
2014-06-18 18:00:00+00:00,25.419,92.52947,1009.0381,18.35647,311.82007,0.4,89.0,51.0
2014-06-18 19:00:00+00:00,25.419,91.42464,1008.4384,19.681828,309.8055,0.3,96.0,51.0
2014-06-18 20:00:00+00:00,25.269001,92.799736,1008.1381,19.95972,309.14398,0.3,100.0,51.0
2014-06-18 21:00:00+00:00,25.219,91.41237,1007.83826,21.028437,308.0471,0.4,100.0,51.0
2014-06-18 22:00:00+00:00,24.769001,91.109055,1007.83765,20.371038,313.56796,0.3,99.0,51.0
2014-06-18 23:00:00+00:00,24.869001,91.66703,1007.73773,17.581125,317.4896,0.2,97.0,51.0
2014-06-19 00:00:00+00:00,24.619001,93.89162,1007.83734,19.61587,312.7688,0.2,100.0,51.0
2014-06-19 01:00:00+00:00,24.519001,95.312126,1008.13715,20.46941,304.24908,0.3,100.0,51.0
2014-06-19 02:00:00+00:00,24.769001,94.18127,1008.53735,19.826164,299.35767,0.4,100.0,51.0
2014-06-19 03:00:00+00:00,24.969,93.34416,1009.3372,21.575987,295.7099,0.3,100.0,51.0
2014-06-19 04:00:00+00:00,25.169,88.42534,1009.63745,19.966211,295.64096,0.7,100.0,53.0
2014-06-19 05:00:00+00:00,26.119001,89.83944,1009.53906,21.273533,293.9625,0.3,100.0,51.0
2014-06-19 06:00:00+00:00,26.419,87.997536,1009.23956,22.59699,292.47946,0.3,100.0,51.0
2014-06-19 07:00:00+00:00,26.819,83.90879,1009.1402,24.535526,292.4259,1.6,100.0,61.0
2014-06-19 08:00:00+00:00,26.619001,87.48883,1008.4402,22.127556,291.97455,0.5,100.0,53.0
2014-06-19 09:00:00+00:00,26.369001,89.58899,1008.1401,24.490585,294.30453,0.3,100.0,51.0
2014-06-19 10:00:00+00:00,26.419,86.16804,1007.9402,19.813087,294.7024,0.5,100.0,53.0
2014-06-19 11:00:00+00:00,25.969,88.49023,1007.4397,24.149532,296.56497,0.6,100.0,53.0
2014-06-19 12:00:00+00:00,25.919,88.22047,1008.2393,23.893261,300.81564,0.3,100.0,51.0
2014-06-19 13:00:00+00:00,25.819,87.682655,1008.1391,20.26899,303.40784,0.3,85.0,51.0
2014-06-19 14:00:00+00:00,25.469,90.334816,1008.4384,19.008545,307.30402,0.4,83.0,51.0
2014-06-19 15:00:00+00:00,25.469,90.60694,1009.0381,20.150354,311.37842,0.3,85.0,51.0
2014-06-19 16:00:00+00:00,25.219,92.518745,1009.53754,20.88,313.6029,0.4,97.0,51.0
2014-06-19 17:00:00+00:00,24.969,93.06382,1009.6371,20.898613,312.2072,0.2,84.0,51.0
2014-06-19 18:00:00+00:00,24.919,93.90492,1009.5372,21.142147,312.92996,0.3,86.0,51.0
2014-06-19 19:00:00+00:00,25.319,91.96987,1009.0381,20.12461,312.82523,0.1,87.0,51.0
2014-06-19 20:00:00+00:00,25.169,92.516045,1008.3381,20.929594,310.81497,0.3,99.0,51.0
2014-06-19 21:00:00+00:00,24.969,93.907135,1007.9379,19.881649,312.06424,0.3,95.0,51.0
2014-06-19 22:00:00+00:00,24.869001,94.469025,1007.53784,21.479664,309.55963,0.3,98.0,51.0
2014-06-19 23:00:00+00:00,24.719,93.89608,1007.83765,22.545315,308.51697,0.5,100.0,53.0
2014-06-20 00:00:00+00:00,24.719,93.332115,1008.53735,20.304129,307.07315,0.3,100.0,51.0
2014-06-20 01:00:00+00:00,24.669,93.89387,1008.63696,21.980644,301.60745,0.3,99.0,51.0
2014-06-20 02:00:00+00:00,25.019001,93.346565,1009.4372,19.171478,304.28693,0.3,99.0,51.0
2014-06-20 03:00:00+00:00,25.169,89.50038,1009.9374,22.26768,304.46088,0.7,99.0,53.0
2014-06-20 04:00:00+00:00,25.919,91.72933,1010.43835,20.883102,305.88223,0.2,97.0,51.0
2014-06-20 05:00:00+00:00,25.819,86.89343,1010.23816,23.188583,297.75842,0.9,99.0,53.0
2014-06-20 06:00:00+00:00,26.719,84.91281,1010.3393,22.7057,295.34613,0.4,96.0,51.0
2014-06-20 07:00:00+00:00,26.969,83.422485,1009.7403,20.771093,295.67676,0.4,87.0,51.0
2014-06-20 08:00:00+00:00,26.619001,84.1397,1009.13983,23.540806,293.4287,0.6,91.0,53.0
2014-06-20 09:00:00+00:00,26.669,86.970604,1008.5401,23.540806,293.4287,0.2,76.0,51.0
2014-06-20 10:00:00+00:00,26.369001,85.389175,1007.9402,23.210928,293.78204,0.5,92.0,53.0
2014-06-20 11:00:00+00:00,25.819,88.212234,1007.83923,26.944744,292.79654,0.7,81.0,53.0
2014-06-20 12:00:00+00:00,25.569,86.60851,1008.6385,23.675304,298.12363,0.6,90.0,53.0
2014-06-20 13:00:00+00:00,25.269001,90.04927,1008.9378,21.67487,302.10623,0.6,96.0,53.0
2014-06-20 14:00:00+00:00,24.869001,91.66703,1009.5369,21.868332,302.90524,0.6,99.0,53.0
2014-06-20 15:00:00+00:00,24.669,93.89387,1010.3362,21.068459,303.147,0.5,97.0,53.0
2014-06-20 16:00:00+00:00,24.669,94.17704,1010.736,21.67487,302.10623,0.4,91.0,51.0
2014-06-20 17:00:00+00:00,24.819,91.94104,1011.13617,22.104116,300.32352,0.3,92.0,51.0
2014-06-20 18:00:00+00:00,24.769001,93.05375,1011.0362,21.261345,298.30066,0.3,92.0,51.0
2014-06-20 19:00:00+00:00,24.819,92.21872,1010.63635,22.238562,299.0545,0.5,92.0,53.0
2014-06-20 20:00:00+00:00,24.669,93.61139,1009.8364,23.4,300.51016,0.4,94.0,51.0
2014-06-20 21:00:00+00:00,24.569,94.172806,1009.6365,24.066206,304.641,0.3,93.0,51.0
2014-06-20 22:00:00+00:00,24.519001,93.60448,1008.9368,23.557316,308.79657,0.3,98.0,51.0
2014-06-20 23:00:00+00:00,24.669,93.04874,1009.2367,22.218153,310.3998,0.2,99.0,51.0
2014-06-21 00:00:00+00:00,24.769001,91.109055,1009.43695,22.493519,309.8055,0.3,99.0,51.0
2014-06-21 01:00:00+00:00,24.369001,93.88053,1009.93604,23.557316,308.79657,0.3,100.0,51.0
2014-06-21 02:00:00+00:00,24.569,91.096375,1010.5361,24.014996,310.13544,0.5,100.0,53.0
2014-06-21 03:00:00+00:00,25.069,91.12813,1011.3363,22.932877,312.45514,0.4,100.0,51.0
2014-06-21 04:00:00+00:00,25.569,90.0704,1011.7371,20.620804,315.70724,0.0,100.0,3.0
2014-06-21 05:00:00+00:00,25.919,88.75254,1011.9376,21.650938,312.97864,0.0,100.0,3.0
2014-06-21 06:00:00+00:00,26.119001,88.5023,1012.1379,23.113008,307.40543,0.1,100.0,51.0
2014-06-21 07:00:00+00:00,26.719,85.42434,1011.53876,22.476227,301.90805,0.1,100.0,51.0
2014-06-21 08:00:00+00:00,26.769001,84.918,1011.1393,24.023088,299.63828,0.1,100.0,51.0
2014-06-21 09:00:00+00:00,26.819,85.43438,1010.23975,25.49908,300.5475,0.1,100.0,51.0
2014-06-21 10:00:00+00:00,26.719,86.1967,1009.9395,22.89611,306.68982,0.0,100.0,3.0
2014-06-21 11:00:00+00:00,26.569,86.70118,1010.1394,22.608458,307.23492,0.0,99.0,3.0
2014-06-21 12:00:00+00:00,25.869001,88.7486,1010.23816,23.688984,306.34756,0.2,100.0,51.0
2014-06-21 13:00:00+00:00,25.519001,88.988625,1011.23737,23.686249,313.1524,0.0,100.0,3.0
2014-06-21 14:00:00+00:00,25.319,90.05279,1011.93677,22.725668,319.49722,0.0,99.0,3.0
2014-06-21 15:00:00+00:00,25.219,90.86358,1012.63605,21.767351,325.78424,0.0,94.0,3.0
2014-06-21 16:00:00+00:00,25.119001,91.406235,1012.7361,20.808498,329.88635,0.0,90.0,3.0
2014-06-21 17:00:00+00:00,25.069,91.40315,1012.43585,20.288164,332.52567,0.0,88.0,3.0
2014-06-21 18:00:00+00:00,25.019001,91.400085,1012.43585,20.774214,332.1028,0.0,90.0,3.0
2014-06-21 19:00:00+00:00,25.069,92.51067,1011.73615,21.578989,332.1525,0.0,92.0,3.0
2014-06-21 20:00:00+00:00,25.019001,92.78675,1011.4363,20.94507,331.23245,0.0,95.0,3.0
2014-06-21 21:00:00+00:00,24.969,92.784164,1011.03644,21.30093,329.53452,0.0,82.0,3.0
2014-06-21 22:00:00+00:00,24.769001,92.77376,1010.7364,21.26744,326.0409,0.1,83.0,51.0
2014-06-21 23:00:00+00:00,24.669,92.489075,1010.83594,20.767975,326.3099,0.0,84.0,3.0
2014-06-22 00:00:00+00:00,24.569,92.48368,1011.2358,19.576189,327.77127,0.0,68.0,2.0
2014-06-22 01:00:00+00:00,24.619001,91.92941,1011.73553,19.33639,331.0491,0.0,55.0,2.0
2014-06-22 02:00:00+00:00,24.919,90.84399,1012.3359,21.897945,332.5925,0.0,70.0,2.0
2014-06-22 03:00:00+00:00,25.619001,86.61314,1012.53674,24.162947,326.54666,0.0,65.0,2.0
2014-06-22 04:00:00+00:00,26.169,84.09085,1012.7376,25.711662,315.5672,0.2,72.0,51.0
2014-06-22 05:00:00+00:00,26.319,83.09764,1012.9379,26.250393,312.22076,0.3,73.0,51.0
2014-06-22 06:00:00+00:00,27.019001,80.22502,1012.4391,25.772078,311.03525,0.4,95.0,51.0
2014-06-22 07:00:00+00:00,27.419,79.31626,1011.64,25.41763,307.5192,0.2,85.0,51.0
2014-06-22 08:00:00+00:00,27.519001,79.09129,1011.04034,26.562046,302.82855,0.2,58.0,51.0
2014-06-22 09:00:00+00:00,27.369001,79.309395,1010.4406,28.185955,298.20154,0.4,57.0,51.0
2014-06-22 10:00:00+00:00,27.069,81.20522,1009.8403,29.144442,295.61545,0.8,30.0,53.0
2014-06-22 11:00:00+00:00,26.669,83.89228,1009.83954,27.532352,297.23505,0.8,26.0,53.0
2014-06-22 12:00:00+00:00,26.619001,84.64752,1010.0394,24.696104,300.6772,0.2,24.0,51.0
2014-06-22 13:00:00+00:00,26.369001,86.68269,1010.6389,20.87379,302.31958,0.0,18.0,0.0
2014-06-22 14:00:00+00:00,26.169,88.24108,1011.43823,20.08916,306.25394,0.0,23.0,1.0
2014-06-22 15:00:00+00:00,26.069,89.566956,1011.9376,19.174856,309.66782,0.0,27.0,1.0
2014-06-22 16:00:00+00:00,25.919,90.63692,1012.3374,17.826363,313.36346,0.1,32.0,51.0
2014-06-22 17:00:00+00:00,25.669,91.989944,1012.53674,18.335276,316.5911,0.0,36.0,1.0
2014-06-22 18:00:00+00:00,25.469,92.53217,1012.6364,17.610588,319.1447,0.0,85.0,3.0
2014-06-22 19:00:00+00:00,25.519001,91.430756,1012.2369,17.10284,319.26797,0.0,68.0,2.0
2014-06-22 20:00:00+00:00,25.319,91.96987,1011.437,17.10284,319.26797,0.0,92.0,3.0
2014-06-22 21:00:00+00:00,25.219,92.24107,1010.9369,17.10284,319.26797,0.0,97.0,3.0
2014-06-22 22:00:00+00:00,25.069,92.78935,1010.73663,17.49615,323.36578,0.0,100.0,3.0
2014-06-22 23:00:00+00:00,24.869001,93.33933,1011.0362,17.283749,324.3235,0.0,90.0,3.0
2014-06-23 00:00:00+00:00,24.819,93.61835,1011.43604,17.283749,324.3235,0.1,100.0,51.0
2014-06-23 01:00:00+00:00,24.719,94.17915,1011.13617,17.57744,325.0079,0.1,100.0,51.0
2014-06-23 02:00:00+00:00,25.019001,92.507935,1011.9361,20.969807,325.4914,0.1,100.0,51.0
2014-06-23 03:00:00+00:00,25.519001,89.79624,1012.1369,22.473343,324.78232,0.2,98.0,51.0
2014-06-23 04:00:00+00:00,25.919,87.95551,1012.2375,22.771244,320.77435,0.3,99.0,51.0
2014-06-23 05:00:00+00:00,26.169,87.18709,1011.7381,24.195107,316.80872,0.2,98.0,51.0
2014-06-23 06:00:00+00:00,26.669,83.38863,1011.1389,26.230639,313.3317,0.3,100.0,51.0
2014-06-23 07:00:00+00:00,27.569,78.86028,1010.5409,26.758923,312.27362,0.1,99.0,51.0
2014-06-23 08:00:00+00:00,27.669,78.63706,1009.5414,27.534704,311.82007,0.0,96.0,3.0
2014-06-23 09:00:00+00:00,27.769001,78.17892,1008.8419,28.075384,310.84027,0.0,63.0,2.0
2014-06-23 10:00:00+00:00,27.719,78.17174,1008.24194,25.711662,315.5672,0.0,60.0,2.0
2014-06-23 11:00:00+00:00,27.519001,79.09129,1008.0417,26.474075,315.0001,0.0,59.0,2.0
2014-06-23 12:00:00+00:00,27.119001,81.70203,1008.34094,25.96995,316.1232,0.0,36.0,1.0
2014-06-23 13:00:00+00:00,26.519001,85.404274,1009.0397,22.915916,316.27295,0.0,24.0,1.0
2014-06-23 14:00:00+00:00,26.069,87.70415,1009.3388,21.407139,317.72638,0.0,27.0,1.0
2014-06-23 15:00:00+00:00,25.869001,88.7486,1009.9383,19.61587,317.2312,0.0,38.0,1.0
2014-06-23 16:00:00+00:00,25.719,89.54117,1010.3381,18.626305,318.91833,0.0,37.0,1.0
2014-06-23 17:00:00+00:00,25.519001,90.88305,1010.43774,17.610588,319.1447,0.0,78.0,2.0
2014-06-23 18:00:00+00:00,25.319,91.69385,1010.7373,17.148247,320.96448,0.0,86.0,3.0
2014-06-23 19:00:00+00:00,25.369001,90.60024,1010.23755,16.704155,322.88306,0.0,93.0,3.0
2014-06-23 20:00:00+00:00,25.119001,91.681915,1009.63745,16.489416,323.88055,0.0,96.0,3.0
2014-06-23 21:00:00+00:00,24.969,91.94968,1008.83746,15.192682,323.67307,0.0,100.0,3.0
2014-06-23 22:00:00+00:00,24.919,92.2243,1008.4377,16.279802,324.9041,0.0,99.0,3.0
2014-06-23 23:00:00+00:00,24.869001,92.22153,1008.8372,15.696165,323.39282,0.0,100.0,3.0
2014-06-24 00:00:00+00:00,24.869001,92.499855,1009.0371,16.135872,321.34018,0.0,100.0,3.0
2014-06-24 01:00:00+00:00,24.769001,93.05375,1009.1371,17.148247,320.96448,0.1,100.0,51.0
2014-06-24 02:00:00+00:00,24.919,92.50259,1009.4372,19.914215,319.39877,0.2,97.0,51.0
2014-06-24 03:00:00+00:00,25.169,91.134445,1009.63745,22.218153,319.60016,0.3,92.0,51.0
2014-06-24 04:00:00+00:00,25.769001,89.276085,1010.03827,22.183128,318.28934,0.2,100.0,51.0
2014-06-24 05:00:00+00:00,26.469,87.21381,1009.9393,22.26477,320.90613,0.0,97.0,3.0
2014-06-24 06:00:00+00:00,27.169,84.95928,1009.2408,21.166653,318.44748,0.0,89.0,3.0
2014-06-24 07:00:00+00:00,27.569,83.739975,1008.3419,22.159746,313.0251,0.0,63.0,2.0
2014-06-24 08:00:00+00:00,27.819,83.26874,1007.44257,22.771244,309.22565,0.0,65.0,2.0
2014-06-24 09:00:00+00:00,27.719,83.25743,1006.7426,22.89611,306.68982,0.1,52.0,51.0
2014-06-24 10:00:00+00:00,27.469,83.47866,1005.9427,23.333443,308.10764,0.1,60.0,51.0
2014-06-24 11:00:00+00:00,27.119001,84.44655,1005.64215,24.063513,308.92755,0.1,48.0,51.0
2014-06-24 12:00:00+00:00,26.619001,86.705765,1006.2412,24.75638,310.8723,0.1,86.0,51.0
2014-06-24 13:00:00+00:00,26.069,88.49831,1006.64,22.932877,312.45514,0.1,98.0,51.0
2014-06-24 14:00:00+00:00,25.619001,90.07393,1007.539,21.382906,315.0001,0.0,100.0,3.0
2014-06-24 15:00:00+00:00,25.469,90.87984,1008.23846,20.12461,317.17474,0.0,100.0,3.0
2014-06-24 16:00:00+00:00,25.369001,91.42158,1008.63824,20.421871,319.28925,0.0,99.0,3.0
2014-06-24 17:00:00+00:00,25.219,91.96409,1009.0377,19.228851,321.8427,0.0,100.0,3.0
2014-06-24 18:00:00+00:00,25.169,91.96121,1009.43756,18.79255,323.56903,0.0,100.0,3.0
2014-06-24 19:00:00+00:00,25.119001,91.681915,1008.9378,18.504139,322.90707,0.0,100.0,3.0
2014-06-24 20:00:00+00:00,25.119001,91.406235,1008.43805,18.79255,323.56903,0.0,100.0,3.0
2014-06-24 21:00:00+00:00,24.969,92.227135,1007.8379,18.581022,324.46225,0.0,100.0,3.0
2014-06-24 22:00:00+00:00,24.869001,92.499855,1007.43787,17.873556,325.66974,0.0,100.0,3.0
2014-06-24 23:00:00+00:00,24.819,92.77635,1007.3379,17.0763,325.30478,0.0,100.0,3.0
2014-06-25 00:00:00+00:00,24.769001,93.05375,1007.73773,17.873556,325.66974,0.0,100.0,3.0
2014-06-25 01:00:00+00:00,24.669,93.61139,1008.3371,17.935081,321.51978,0.1,100.0,51.0
2014-06-25 02:00:00+00:00,24.869001,92.77898,1008.8372,19.406637,319.51407,0.2,100.0,51.0
2014-06-25 03:00:00+00:00,25.269001,90.59359,1009.43756,21.252197,321.1886,0.4,98.0,51.0
2014-06-25 04:00:00+00:00,25.869001,87.68692,1009.43854,22.545315,321.48303,0.4,80.0,51.0
2014-06-25 05:00:00+00:00,26.919,81.92393,1009.2402,23.740902,319.30457,0.7,67.0,53.0
2014-06-25 06:00:00+00:00,27.469,79.562454,1009.0412,24.216522,311.98712,0.3,96.0,51.0
2014-06-25 07:00:00+00:00,27.569,79.09824,1008.24194,24.774696,305.53775,0.2,100.0,51.0
2014-06-25 08:00:00+00:00,27.819,77.95099,1008.0423,26.178707,301.5042,0.4,99.0,51.0
2014-06-25 09:00:00+00:00,27.719,78.88119,1007.34235,27.41678,299.93143,0.6,100.0,53.0
2014-06-25 10:00:00+00:00,27.619001,78.86726,1006.94257,26.865265,302.4123,0.5,100.0,53.0
2014-06-25 11:00:00+00:00,27.269001,81.23041,1006.94183,26.072052,305.4458,0.2,100.0,51.0
2014-06-25 12:00:00+00:00,27.019001,82.43083,1006.8416,25.076267,309.17365,0.2,100.0,51.0
2014-06-25 13:00:00+00:00,26.569,84.89727,1007.6405,22.915916,313.72705,0.1,100.0,51.0
2014-06-25 14:00:00+00:00,26.219,87.19155,1008.2397,20.65848,318.53238,0.0,100.0,3.0
2014-06-25 15:00:00+00:00,26.069,87.96816,1009.13885,18.947083,321.17017,0.0,98.0,3.0
2014-06-25 16:00:00+00:00,25.869001,89.015755,1009.6384,17.654688,320.79282,0.0,96.0,3.0
2014-06-25 17:00:00+00:00,25.669,90.07744,1009.63806,17.148247,320.96448,0.0,100.0,3.0
2014-06-25 18:00:00+00:00,25.469,90.87984,1009.6378,17.283749,324.3235,0.0,100.0,3.0
2014-06-25 19:00:00+00:00,25.319,91.96987,1009.138,16.981165,327.99466,0.0,99.0,3.0
2014-06-25 20:00:00+00:00,25.169,92.516045,1008.7379,16.610792,330.1012,0.0,100.0,3.0
2014-06-25 21:00:00+00:00,25.069,92.78935,1008.23773,15.94601,331.69934,0.0,100.0,3.0
2014-06-25 22:00:00+00:00,24.969,93.06382,1007.9379,15.2947035,333.43503,0.0,100.0,3.0
2014-06-25 23:00:00+00:00,24.919,92.78156,1008.13776,15.2947035,333.43503,0.0,100.0,3.0
2014-06-26 00:00:00+00:00,24.869001,92.77898,1008.33746,15.137133,334.65387,0.0,100.0,3.0
2014-06-26 01:00:00+00:00,24.919,92.2243,1008.5376,15.175612,337.69376,0.0,100.0,3.0
2014-06-26 02:00:00+00:00,25.269001,90.321045,1009.1377,17.533146,340.8209,0.0,100.0,3.0
2014-06-26 03:00:00+00:00,25.919,86.641045,1009.73865,19.523155,337.21756,0.0,100.0,3.0
2014-06-26 04:00:00+00:00,26.619001,82.88178,1009.9395,20.380579,324.34457,0.0,99.0,3.0
2014-06-26 05:00:00+00:00,27.119001,80.48056,1010.04016,21.382906,315.0001,0.0,97.0,3.0
2014-06-26 06:00:00+00:00,27.219,80.97998,1009.74054,21.67487,311.63345,0.1,100.0,51.0
2014-06-26 07:00:00+00:00,27.569,79.57598,1009.34143,21.533897,308.21106,0.0,100.0,3.0
2014-06-26 08:00:00+00:00,27.719,80.07612,1008.8417,21.470612,304.75598,0.0,100.0,3.0
2014-06-26 09:00:00+00:00,27.569,82.00286,1008.3419,22.288042,301.1224,0.0,98.0,3.0
2014-06-26 10:00:00+00:00,27.519001,82.49002,1007.84174,21.767351,304.21576,0.0,100.0,3.0
2014-06-26 11:00:00+00:00,27.219,83.450615,1007.6415,21.67786,305.53775,0.0,98.0,3.0
2014-06-26 12:00:00+00:00,26.919,84.933495,1007.74084,20.304129,307.07315,0.0,98.0,3.0
2014-06-26 13:00:00+00:00,26.519001,86.436714,1008.33997,17.935081,308.48022,0.0,96.0,3.0
2014-06-26 14:00:00+00:00,26.119001,88.5023,1009.1392,15.815435,311.30853,0.0,100.0,3.0
2014-06-26 15:00:00+00:00,25.869001,89.821465,1009.8383,14.76439,315.0001,0.0,100.0,3.0
2014-06-26 16:00:00+00:00,25.719,90.35195,1010.23816,14.021525,318.12222,0.0,100.0,3.0
2014-06-26 17:00:00+00:00,25.469,91.97847,1010.33746,13.104198,322.81522,0.0,100.0,3.0
2014-06-26 18:00:00+00:00,25.319,92.24661,1010.23755,12.682018,325.40765,0.0,97.0,3.0
2014-06-26 19:00:00+00:00,25.469,91.70274,1010.03766,12.10157,329.62094,0.0,100.0,3.0
2014-06-26 20:00:00+00:00,25.319,91.96987,1009.53784,11.753877,332.6502,0.0,100.0,3.0
2014-06-26 21:00:00+00:00,25.119001,92.51332,1009.0377,11.770403,336.5713,0.0,97.0,3.0
2014-06-26 22:00:00+00:00,25.019001,92.507935,1008.3377,13.1041975,339.07544,0.0,97.0,3.0
2014-06-26 23:00:00+00:00,24.869001,92.77898,1008.2375,13.661038,341.56494,0.0,98.0,3.0
2014-06-27 00:00:00+00:00,24.869001,92.22153,1008.63727,14.003029,342.03076,0.0,97.0,3.0
2014-06-27 01:00:00+00:00,24.819,92.21872,1008.9372,13.797913,344.87595,0.0,97.0,3.0
2014-06-27 02:00:00+00:00,25.219,90.31764,1009.43756,13.896187,343.44284,0.0,96.0,3.0
2014-06-27 03:00:00+00:00,26.069,85.87533,1010.2384,17.22742,333.97046,0.0,99.0,3.0
2014-06-27 04:00:00+00:00,26.969,81.93005,1010.34,16.704155,322.88306,0.0,100.0,3.0
2014-06-27 05:00:00+00:00,27.769001,78.65109,1010.34125,16.055355,312.27362,0.0,99.0,3.0
2014-06-27 06:00:00+00:00,28.119001,78.22894,1010.14166,16.299694,300.52963,0.0,100.0,3.0
2014-06-27 07:00:00+00:00,28.319,78.02306,1009.44226,16.179985,290.85452,0.0,96.0,3.0
2014-06-27 08:00:00+00:00,28.369001,79.20827,1008.9425,17.114204,284.6209,0.0,87.0,3.0
2014-06-27 09:00:00+00:00,28.119001,80.61021,1008.5424,17.026896,283.44864,0.1,30.0,51.0
2014-06-27 10:00:00+00:00,27.869001,81.54948,1007.64246,16.73516,288.8248,0.0,39.0,1.0
2014-06-27 11:00:00+00:00,27.569,82.99161,1007.6422,16.418526,285.25516,0.2,54.0,51.0
2014-06-27 12:00:00+00:00,27.019001,85.967606,1008.241,15.542662,283.39252,0.2,84.0,51.0
2014-06-27 13:00:00+00:00,26.419,87.997536,1008.5399,14.003029,287.96924,0.2,73.0,51.0
2014-06-27 14:00:00+00:00,26.119001,90.109,1008.9394,13.37825,293.80594,0.0,56.0,2.0
2014-06-27 15:00:00+00:00,25.969,90.91221,1010.0385,12.783802,302.3474,0.0,63.0,2.0
2014-06-27 16:00:00+00:00,25.819,91.723465,1010.3381,11.753876,310.0302,0.0,65.0,2.0
2014-06-27 17:00:00+00:00,25.669,92.266014,1010.43774,10.703569,317.72638,0.0,74.0,2.0
2014-06-27 18:00:00+00:00,25.469,92.81009,1010.33746,10.514218,321.9529,0.0,50.0,2.0
2014-06-27 19:00:00+00:00,25.569,93.09373,1010.0379,10.464797,319.18503,0.0,31.0,1.0
2014-06-27 20:00:00+00:00,25.419,93.365746,1009.53784,9.931042,316.46872,0.0,37.0,1.0
2014-06-27 21:00:00+00:00,25.219,93.6368,1008.9378,10.691453,315.0001,0.1,47.0,51.0
2014-06-27 22:00:00+00:00,25.119001,93.913704,1009.0377,12.738099,317.29062,0.0,63.0,2.0
2014-06-27 23:00:00+00:00,25.019001,94.19181,1008.73755,13.18308,325.0079,0.0,71.0,2.0
2014-06-28 00:00:00+00:00,24.969,94.47307,1009.1373,13.217443,330.64233,0.0,90.0,3.0
2014-06-28 01:00:00+00:00,25.019001,93.909294,1009.3372,12.55879,332.7005,0.0,83.0,3.0
2014-06-28 02:00:00+00:00,25.319,92.524124,1009.8377,14.512064,330.25522,0.0,50.0,2.0
2014-06-28 03:00:00+00:00,26.169,87.44955,1010.43866,15.696165,323.39282,0.0,52.0,2.0
2014-06-28 04:00:00+00:00,27.019001,82.92816,1010.93976,15.7908325,316.8476,0.0,48.0,1.0
2014-06-28 05:00:00+00:00,27.619001,80.3039,1010.6408,15.408671,307.40543,0.0,68.0,2.0
2014-06-28 06:00:00+00:00,28.019001,79.39817,1010.6414,16.263872,297.69937,0.2,24.0,51.0
2014-06-28 07:00:00+00:00,28.069,77.752884,1010.14166,17.76081,287.7005,0.3,39.0,51.0
2014-06-28 08:00:00+00:00,28.069,80.60378,1009.6419,17.727943,282.9074,0.2,66.0,51.0
2014-06-28 09:00:00+00:00,27.569,84.747025,1009.04156,17.015474,276.07236,0.1,73.0,51.0
2014-06-28 10:00:00+00:00,27.169,87.01572,1008.64105,16.071491,285.59286,0.2,73.0,51.0
2014-06-28 11:00:00+00:00,26.769001,83.651276,1007.8408,15.596767,288.85324,0.4,74.0,51.0
2014-06-28 12:00:00+00:00,26.169,85.11203,1008.53955,16.279802,288.03436,0.4,65.0,51.0
2014-06-28 13:00:00+00:00,25.919,86.120094,1008.5392,15.484185,287.5925,0.1,75.0,51.0
2014-06-28 14:00:00+00:00,25.719,87.674034,1009.6384,13.237039,292.3802,0.0,74.0,2.0
2014-06-28 15:00:00+00:00,25.669,88.19981,1010.1378,12.10157,300.37906,0.0,81.0,3.0
2014-06-28 16:00:00+00:00,25.569,88.72482,1010.73755,12.4811535,303.23172,0.0,94.0,3.0
2014-06-28 17:00:00+00:00,25.369001,90.05633,1011.0372,12.538134,309.17365,0.0,94.0,3.0
2014-06-28 18:00:00+00:00,25.219,90.86358,1010.63696,12.218805,315.0001,0.0,97.0,3.0
2014-06-28 19:00:00+00:00,25.269001,91.14075,1010.2372,11.200571,315.0001,0.0,94.0,3.0
2014-06-28 20:00:00+00:00,25.119001,91.13125,1009.63745,9.793059,306.02747,0.1,93.0,51.0
2014-06-28 21:00:00+00:00,24.969,91.39701,1009.2373,9.931042,316.46872,0.0,66.0,2.0
2014-06-28 22:00:00+00:00,24.869001,91.943886,1009.23706,12.229406,312.614,0.0,89.0,3.0
2014-06-28 23:00:00+00:00,24.719,92.21315,1009.1371,13.237038,315.0001,0.0,96.0,3.0
2014-06-29 00:00:00+00:00,24.669,92.21032,1009.1367,12.819235,321.8427,0.0,79.0,2.0
2014-06-29 01:00:00+00:00,24.569,92.763336,1009.0368,11.923557,331.11353,0.0,64.0,2.0
2014-06-29 02:00:00+00:00,24.719,92.21315,1009.5369,13.849477,332.1028,0.0,59.0,2.0
2014-06-29 03:00:00+00:00,25.669,86.61781,1010.0379,13.392774,323.74606,0.0,81.0,3.0
2014-06-29 04:00:00+00:00,26.569,82.87602,1010.3393,13.104198,307.18478,0.2,93.0,51.0
2014-06-29 05:00:00+00:00,27.069,80.960884,1010.5399,13.708391,293.1986,0.2,92.0,51.0
2014-06-29 06:00:00+00:00,27.569,79.57598,1010.14105,14.759999,282.68036,0.2,92.0,51.0
2014-06-29 07:00:00+00:00,27.619001,78.86726,1009.6413,16.595179,273.73132,0.3,96.0,51.0
2014-06-29 08:00:00+00:00,27.469,79.80241,1009.1412,18.72,270.0,0.6,97.0,53.0
2014-06-29 09:00:00+00:00,26.719,84.15054,1008.6401,19.09358,267.83896,0.5,78.0,53.0
2014-06-29 10:00:00+00:00,26.869001,85.69591,1007.54095,15.856356,272.6025,0.3,86.0,51.0
2014-06-29 11:00:00+00:00,26.719,88.55055,1007.14075,13.084402,277.90707,0.2,75.0,51.0
2014-06-29 12:00:00+00:00,26.569,88.53852,1007.6405,13.138765,279.46225,0.2,85.0,51.0
2014-06-29 13:00:00+00:00,25.919,86.90253,1008.4392,12.303366,290.55612,0.3,46.0,51.0
2014-06-29 14:00:00+00:00,25.319,89.51153,1009.23804,11.923557,298.88647,0.2,64.0,51.0
2014-06-29 15:00:00+00:00,25.119001,91.13125,1010.1372,12.387348,305.53775,0.2,73.0,51.0
2014-06-29 16:00:00+00:00,25.119001,90.85704,1010.2372,12.031756,308.92755,0.1,86.0,51.0
2014-06-29 17:00:00+00:00,24.969,92.227135,1010.73663,14.88242,302.15228,0.1,94.0,51.0
2014-06-29 18:00:00+00:00,24.569,92.48368,1010.9359,14.277983,303.6901,0.7,88.0,53.0
2014-06-29 19:00:00+00:00,24.719,90.55667,1010.2366,13.513193,318.23978,0.2,89.0,51.0
2014-06-29 20:00:00+00:00,24.669,91.37853,1009.3366,14.021525,318.12222,0.1,95.0,51.0
2014-06-29 21:00:00+00:00,24.569,91.6491,1008.4371,13.896187,323.42688,0.0,97.0,3.0
2014-06-29 22:00:00+00:00,24.569,91.6491,1008.73694,11.609651,330.25522,0.0,96.0,3.0
2014-06-29 23:00:00+00:00,24.519001,91.92363,1008.63696,10.97262,318.991,0.1,95.0,51.0
2014-06-30 00:00:00+00:00,24.319,93.31282,1009.03644,9.449572,319.63553,0.2,96.0,51.0
2014-06-30 01:00:00+00:00,24.419,92.47553,1008.93646,8.39657,329.03632,0.0,97.0,3.0
2014-06-30 02:00:00+00:00,24.769001,90.83419,1009.5369,8.39657,300.96368,0.0,99.0,3.0
2014-06-30 03:00:00+00:00,25.469,87.12444,1010.23755,10.495713,275.90604,0.2,100.0,51.0
2014-06-30 04:00:00+00:00,26.119001,84.85054,1010.63855,11.720751,259.3804,0.3,100.0,51.0
2014-06-30 05:00:00+00:00,25.919,87.427635,1010.43835,13.797912,262.50424,0.7,100.0,53.0
2014-06-30 06:00:00+00:00,26.419,87.73411,1010.13916,17.208603,254.21918,0.6,100.0,53.0
2014-06-30 07:00:00+00:00,25.119001,91.958305,1009.9374,20.780453,255.96373,7.5,100.0,63.0
2014-06-30 08:00:00+00:00,25.069,92.78935,1009.4372,21.434364,262.27826,7.4,100.0,63.0
2014-06-30 09:00:00+00:00,24.869001,93.05879,1009.0371,18.416384,274.48453,4.6,100.0,63.0
2014-06-30 10:00:00+00:00,25.019001,94.47502,1007.4381,14.658676,294.67685,2.4,96.0,61.0
2014-06-30 11:00:00+00:00,25.219,92.797134,1007.73834,16.42247,296.0033,1.1,100.0,55.0
2014-06-30 12:00:00+00:00,25.169,91.96121,1008.2381,17.57744,304.9921,0.6,100.0,53.0
2014-06-30 13:00:00+00:00,25.119001,92.51332,1008.1381,16.135872,308.65982,0.4,100.0,51.0
2014-06-30 14:00:00+00:00,24.919,93.62294,1008.93744,16.992609,306.38446,0.4,100.0,51.0
2014-06-30 15:00:00+00:00,24.869001,93.05879,1009.5369,17.49615,306.6342,0.2,100.0,51.0
2014-06-30 16:00:00+00:00,25.019001,91.124916,1010.2368,17.148247,309.0355,0.2,96.0,51.0
2014-06-30 17:00:00+00:00,25.069,91.40315,1010.43677,15.277749,304.43906,0.3,97.0,51.0
2014-06-30 18:00:00+00:00,24.819,93.33696,1010.7364,17.414474,299.74478,0.4,100.0,51.0
2014-06-30 19:00:00+00:00,24.919,90.84399,1009.937,16.135872,308.65982,0.3,100.0,51.0
2014-06-30 20:00:00+00:00,24.969,90.84728,1009.4372,18.11841,310.97165,0.0,100.0,3.0
2014-06-30 21:00:00+00:00,24.919,91.11861,1009.03735,19.406637,310.48593,0.1,100.0,51.0
2014-06-30 22:00:00+00:00,24.669,92.489075,1008.73694,20.65848,318.53238,0.3,100.0,51.0
2014-06-30 23:00:00+00:00,24.619001,92.48635,1008.83685,20.111729,314.27487,0.1,100.0,51.0
2014-07-01 00:00:00+00:00,24.769001,91.661026,1008.9372,19.134262,318.81415,0.0,100.0,3.0
2014-07-01 01:00:00+00:00,24.719,92.21315,1008.8372,19.513195,322.4958,0.0,100.0,3.0
2014-07-01 02:00:00+00:00,24.919,91.9468,1009.73706,21.767351,325.78424,0.0,100.0,3.0
2014-07-01 03:00:00+00:00,25.569,88.191536,1010.1378,22.9724,327.8043,0.0,98.0,3.0
2014-07-01 04:00:00+00:00,26.219,85.63169,1010.9385,23.269482,325.0805,0.2,99.0,51.0
2014-07-01 05:00:00+00:00,26.919,81.67742,1010.9394,24.29133,320.4119,0.7,100.0,53.0
2014-07-01 06:00:00+00:00,26.619001,83.8868,1010.4393,23.424908,316.24527,0.5,100.0,53.0
2014-07-01 07:00:00+00:00,27.619001,79.82247,1010.241,24.75638,310.8723,0.6,100.0,53.0
2014-07-01 08:00:00+00:00,27.169,85.213974,1009.8405,23.904108,307.04254,0.1,100.0,51.0
2014-07-01 09:00:00+00:00,26.769001,87.501884,1009.3401,21.096123,306.67444,0.3,100.0,51.0
2014-07-01 10:00:00+00:00,26.219,85.63169,1009.0393,25.72174,316.70132,0.7,100.0,53.0
2014-07-01 11:00:00+00:00,26.069,86.916214,1009.03894,23.269482,325.0805,0.7,100.0,53.0
2014-07-01 12:00:00+00:00,25.919,87.69121,1009.6387,18.971008,326.61145,0.0,100.0,3.0
2014-07-01 13:00:00+00:00,25.619001,89.80345,1010.53766,17.373497,325.9806,0.0,100.0,3.0
2014-07-01 14:00:00+00:00,25.419,91.150246,1010.6373,16.992609,323.61554,0.1,100.0,51.0
2014-07-01 15:00:00+00:00,25.319,91.69385,1011.93677,18.626305,318.91833,0.2,100.0,51.0
2014-07-01 16:00:00+00:00,25.219,91.68789,1012.4362,17.610588,319.1447,0.3,100.0,51.0
2014-07-01 17:00:00+00:00,25.069,92.23268,1012.7357,14.88242,327.84772,0.2,100.0,51.0
2014-07-01 18:00:00+00:00,24.919,92.2243,1012.53577,13.779114,340.14468,0.0,100.0,3.0
2014-07-01 19:00:00+00:00,24.719,94.74757,1011.93585,14.345898,342.47433,1.3,100.0,61.0
2014-07-01 20:00:00+00:00,24.569,94.45698,1011.1358,15.646544,336.9745,1.0,100.0,55.0
2014-07-01 21:00:00+00:00,24.419,94.736084,1010.5357,15.844089,338.682,0.8,100.0,53.0
2014-07-01 22:00:00+00:00,24.369001,94.16433,1009.93604,14.84318,345.9637,0.4,100.0,51.0
2014-07-01 23:00:00+00:00,24.369001,94.16433,1010.03595,13.797913,344.87595,0.0,99.0,3.0
2014-07-02 00:00:00+00:00,24.319,93.87835,1009.83606,14.345898,342.47433,0.0,100.0,3.0
2014-07-02 01:00:00+00:00,24.269001,94.16009,1010.0357,14.494192,345.61856,0.0,100.0,3.0
2014-07-02 02:00:00+00:00,24.519001,92.76072,1010.1362,15.725037,344.05453,0.0,100.0,3.0
2014-07-02 03:00:00+00:00,25.119001,88.95754,1010.53705,19.93048,343.20154,0.0,100.0,3.0
2014-07-02 04:00:00+00:00,25.769001,85.84595,1010.7379,21.734581,333.43503,0.0,98.0,3.0
2014-07-02 05:00:00+00:00,26.119001,84.85054,1010.43866,21.817902,322.3737,0.2,100.0,51.0
2014-07-02 06:00:00+00:00,26.719,81.65275,1010.53925,22.406927,316.30188,0.0,99.0,3.0
2014-07-02 07:00:00+00:00,27.719,77.001755,1009.8412,23.507751,310.0302,0.0,100.0,3.0
2014-07-02 08:00:00+00:00,27.919,76.79978,1009.3417,24.27265,305.34018,0.0,100.0,3.0
2014-07-02 09:00:00+00:00,27.619001,79.10512,1009.14154,24.863466,304.3804,0.0,100.0,3.0
2014-07-02 10:00:00+00:00,27.219,81.468925,1008.5411,25.02971,310.33307,0.0,99.0,3.0
2014-07-02 11:00:00+00:00,26.919,82.91659,1008.24066,23.78453,309.47244,0.0,100.0,3.0
2014-07-02 12:00:00+00:00,26.619001,84.1397,1008.83997,21.758419,308.9559,0.0,97.0,3.0
2014-07-02 13:00:00+00:00,26.269001,85.8948,1009.43915,21.407139,312.27362,0.0,96.0,3.0
2014-07-02 14:00:00+00:00,25.869001,87.95127,1009.7384,21.407139,317.72638,0.0,95.0,3.0
2014-07-02 15:00:00+00:00,25.569,89.530045,1010.2378,21.385939,323.9016,0.0,94.0,3.0
2014-07-02 16:00:00+00:00,25.369001,90.60024,1010.23755,19.770523,326.88864,0.0,90.0,3.0
2014-07-02 17:00:00+00:00,25.219,90.86358,1010.33716,18.775303,327.52884,0.0,96.0,3.0
2014-07-02 18:00:00+00:00,25.169,90.860275,1010.43713,18.775303,327.52884,0.0,81.0,3.0
2014-07-02 19:00:00+00:00,25.369001,89.51524,1009.7378,17.974781,327.26477,0.0,71.0,2.0
2014-07-02 20:00:00+00:00,25.219,90.31764,1009.2377,17.782686,328.24057,0.0,92.0,3.0
2014-07-02 21:00:00+00:00,25.019001,91.400085,1008.73755,17.673029,326.6336,0.0,94.0,3.0
2014-07-02 22:00:00+00:00,24.919,91.9468,1008.83746,17.727943,330.8325,0.0,98.0,3.0
2014-07-02 23:00:00+00:00,24.869001,92.22153,1008.53735,17.906157,329.82657,0.0,97.0,3.0
2014-07-03 00:00:00+00:00,24.819,91.94104,1009.1371,17.477621,327.61935,0.0,97.0,3.0
2014-07-03 01:00:00+00:00,24.619001,92.76594,1009.3366,17.673029,326.6336,0.0,100.0,3.0
2014-07-03 02:00:00+00:00,24.819,91.66405,1009.5369,21.175837,324.6887,0.0,94.0,3.0
2014-07-03 03:00:00+00:00,25.569,87.13341,1009.9379,23.904108,322.95743,0.0,99.0,3.0
2014-07-03 04:00:00+00:00,26.119001,84.08539,1009.8389,23.904108,322.95743,0.0,98.0,3.0
2014-07-03 05:00:00+00:00,26.969,79.73522,1009.4405,25.076267,320.82635,0.0,100.0,3.0
2014-07-03 06:00:00+00:00,27.619001,76.52281,1009.2415,26.250393,317.77924,0.0,100.0,3.0
2014-07-03 07:00:00+00:00,27.869001,74.28081,1008.3421,26.474075,315.0001,0.0,99.0,3.0
2014-07-03 08:00:00+00:00,28.169,73.65885,1007.6428,26.518099,311.69803,0.0,96.0,3.0
2014-07-03 09:00:00+00:00,28.119001,74.7725,1006.7432,26.089443,309.40063,0.0,95.0,3.0
2014-07-03 10:00:00+00:00,27.819,76.78472,1006.1431,24.569836,309.05313,0.0,96.0,3.0
2014-07-03 11:00:00+00:00,27.619001,77.92204,1005.943,23.507751,310.0302,0.0,98.0,3.0
2014-07-03 12:00:00+00:00,27.219,80.251396,1006.542,22.406927,313.69812,0.0,99.0,3.0
2014-07-03 13:00:00+00:00,26.719,83.14353,1006.74097,21.129883,314.3098,0.0,95.0,3.0
2014-07-03 14:00:00+00:00,26.269001,85.37913,1007.2401,20.371038,313.56796,0.0,90.0,3.0
2014-07-03 15:00:00+00:00,25.919,87.69121,1007.93945,19.862083,316.46872,0.0,86.0,3.0
2014-07-03 16:00:00+00:00,25.619001,88.9964,1008.2387,18.899143,319.63553,0.0,86.0,3.0
2014-07-03 17:00:00+00:00,25.419,90.059845,1008.7382,17.713316,322.43134,0.0,84.0,3.0
2014-07-03 18:00:00+00:00,25.169,91.4093,1008.7379,16.489416,323.88055,0.0,75.0,2.0
2014-07-03 19:00:00+00:00,25.119001,90.310745,1008.2381,16.375053,326.65927,0.0,85.0,3.0
2014-07-03 20:00:00+00:00,24.919,90.570114,1007.638,16.489416,323.88055,0.0,56.0,2.0
2014-07-03 21:00:00+00:00,24.569,91.37236,1007.2376,17.884428,319.89914,0.0,99.0,3.0
2014-07-03 22:00:00+00:00,24.469,91.090004,1007.737,18.59845,317.35333,0.1,95.0,51.0
2014-07-03 23:00:00+00:00,24.469,90.81455,1007.13727,17.884428,319.89914,0.1,86.0,51.0
2014-07-04 00:00:00+00:00,24.369001,91.08359,1007.5371,17.283749,324.3235,0.0,97.0,3.0
2014-07-04 01:00:00+00:00,24.419,91.0868,1007.837,18.0,323.13,0.1,100.0,51.0
2014-07-04 02:00:00+00:00,24.569,90.546585,1008.2372,21.599998,323.13004,0.2,100.0,51.0
2014-07-04 03:00:00+00:00,24.969,88.40906,1008.5376,24.162947,326.54666,0.2,92.0,51.0
2014-07-04 04:00:00+00:00,25.619001,84.79835,1008.5386,24.912935,322.63324,0.0,88.0,3.0
2014-07-04 05:00:00+00:00,26.469,80.884186,1008.43994,26.28,318.888,0.0,93.0,3.0
2014-07-04 06:00:00+00:00,27.219,77.394104,1008.14124,25.984919,317.24576,0.0,62.0,2.0
2014-07-04 07:00:00+00:00,27.319,78.587746,1007.54156,26.729847,314.4544,0.0,60.0,2.0
2014-07-04 08:00:00+00:00,27.769001,77.70919,1006.9428,26.368616,308.90414,0.1,95.0,51.0
2014-07-04 09:00:00+00:00,27.419,80.036354,1006.0426,27.558228,303.2749,0.2,92.0,51.0
2014-07-04 10:00:00+00:00,26.569,82.62634,1005.34155,28.04305,299.1974,0.5,91.0,53.0
2014-07-04 11:00:00+00:00,25.869001,84.56834,1005.9401,27.943514,308.19873,0.4,89.0,51.0
2014-07-04 12:00:00+00:00,25.569,87.39689,1006.33954,25.212852,313.26434,0.3,99.0,51.0
2014-07-04 13:00:00+00:00,25.169,89.50038,1006.83875,24.184391,314.39697,0.2,100.0,51.0
2014-07-04 14:00:00+00:00,24.869001,90.566734,1007.63776,24.703974,316.77145,0.0,99.0,3.0
2014-07-04 15:00:00+00:00,24.669,91.37853,1008.3371,22.691423,318.21558,0.0,99.0,3.0
2014-07-04 16:00:00+00:00,24.569,91.92656,1008.63696,19.914215,319.39877,0.0,100.0,3.0
2014-07-04 17:00:00+00:00,24.619001,91.65207,1008.9368,20.808498,322.73352,0.0,100.0,3.0
2014-07-04 18:00:00+00:00,24.569,91.92656,1008.83685,20.172853,325.17545,0.0,99.0,3.0
2014-07-04 19:00:00+00:00,24.719,91.93523,1008.33746,19.770523,326.88864,0.0,100.0,3.0
2014-07-04 20:00:00+00:00,24.619001,92.76594,1007.6374,18.875126,325.09744,0.0,100.0,3.0
2014-07-04 21:00:00+00:00,24.369001,93.59751,1007.33716,20.65848,318.53238,0.1,100.0,51.0
2014-07-04 22:00:00+00:00,24.219,93.026115,1006.83716,22.961115,311.18582,0.4,100.0,51.0
2014-07-04 23:00:00+00:00,24.169,93.30552,1006.73724,20.390114,312.1375,0.3,100.0,51.0
2014-07-05 00:00:00+00:00,24.269001,92.18788,1006.63727,21.437386,319.0857,0.0,83.0,3.0
2014-07-05 01:00:00+00:00,24.469,91.090004,1006.7375,21.817902,322.3737,0.0,83.0,3.0
2014-07-05 02:00:00+00:00,24.619001,91.099525,1007.73737,22.322903,322.206,0.0,85.0,3.0
2014-07-05 03:00:00+00:00,25.219,88.16252,1008.8378,23.1774,316.88815,0.0,43.0,1.0
2014-07-05 04:00:00+00:00,25.869001,84.56834,1009.33856,20.633371,317.1211,0.1,42.0,51.0
2014-07-05 05:00:00+00:00,26.619001,80.90337,1009.13983,21.407139,312.27362,0.3,36.0,51.0
2014-07-05 06:00:00+00:00,27.119001,78.0855,1009.24054,24.774696,305.53775,0.4,83.0,51.0
2014-07-05 07:00:00+00:00,26.319,84.36121,1008.93976,25.189713,300.96368,0.2,76.0,51.0
2014-07-05 08:00:00+00:00,26.469,84.63177,1008.33997,22.545315,308.51697,0.1,82.0,51.0
2014-07-05 09:00:00+00:00,26.619001,84.902466,1007.5406,23.233252,310.6012,0.0,60.0,2.0
2014-07-05 10:00:00+00:00,26.419,85.39421,1005.9411,23.4,306.86996,0.1,50.0,51.0
2014-07-05 11:00:00+00:00,26.369001,85.64654,1006.041,22.89611,306.68982,0.0,34.0,1.0
2014-07-05 12:00:00+00:00,26.069,86.1345,1007.23975,24.248611,310.78574,0.1,36.0,51.0
2014-07-05 13:00:00+00:00,25.469,87.9175,1007.63873,22.401142,315.0001,0.0,68.0,2.0
2014-07-05 14:00:00+00:00,24.919,89.21152,1008.5376,23.1774,316.88815,0.1,96.0,51.0
2014-07-05 15:00:00+00:00,24.719,90.83094,1009.1371,24.703974,316.77145,0.0,100.0,3.0
2014-07-05 16:00:00+00:00,24.669,91.37853,1009.6365,20.746122,321.34018,0.0,100.0,3.0
2014-07-05 17:00:00+00:00,24.619001,91.92941,1009.73645,19.969458,326.0234,0.0,99.0,3.0
2014-07-05 18:00:00+00:00,24.519001,92.20192,1009.6365,21.068459,326.853,0.0,93.0,3.0
2014-07-05 19:00:00+00:00,24.319,93.87835,1009.03644,21.868332,327.09476,0.0,97.0,3.0
2014-07-05 20:00:00+00:00,24.219,94.44282,1008.3365,20.87379,327.6804,0.0,100.0,3.0
2014-07-05 21:00:00+00:00,24.119001,94.724525,1008.0366,21.370783,327.38077,0.0,99.0,3.0
2014-07-05 22:00:00+00:00,24.169,94.44076,1007.9367,18.998316,332.9495,0.0,100.0,3.0
2014-07-05 23:00:00+00:00,24.219,93.873886,1007.9367,18.193361,332.928,0.0,98.0,3.0
2014-07-06 00:00:00+00:00,24.319,93.31282,1008.5366,17.555307,331.8585,0.0,98.0,3.0
2014-07-06 01:00:00+00:00,24.419,93.03617,1009.13635,18.218275,330.39563,0.0,96.0,3.0
2014-07-06 02:00:00+00:00,24.619001,92.20753,1009.43665,19.803272,332.9692,0.0,95.0,3.0
2014-07-06 03:00:00+00:00,24.919,90.570114,1009.6371,20.945072,335.63754,0.1,97.0,51.0
2014-07-06 04:00:00+00:00,25.269001,88.969215,1010.2372,20.774214,332.1028,0.0,95.0,3.0
2014-07-06 05:00:00+00:00,25.719,87.14687,1010.03827,20.08916,323.74606,0.2,92.0,51.0
2014-07-06 06:00:00+00:00,25.919,86.380196,1010.3383,21.38897,313.63614,0.3,100.0,51.0
2014-07-06 07:00:00+00:00,25.969,84.06907,1009.73865,21.479664,309.55963,0.3,100.0,51.0
2014-07-06 08:00:00+00:00,26.069,85.10182,1009.6387,20.808498,307.26648,0.2,99.0,51.0
2014-07-06 09:00:00+00:00,26.119001,85.62176,1008.9394,20.188908,301.13892,0.0,99.0,3.0
2014-07-06 10:00:00+00:00,25.819,85.591934,1007.7393,21.479664,309.55963,0.1,94.0,51.0
2014-07-06 11:00:00+00:00,25.619001,86.875175,1007.539,21.638964,314.32605,0.0,94.0,3.0
2014-07-06 12:00:00+00:00,25.469,87.9175,1008.1385,22.657131,315.64368,0.0,88.0,3.0
2014-07-06 13:00:00+00:00,25.069,89.7637,1008.73755,21.638964,315.67395,0.1,99.0,51.0
2014-07-06 14:00:00+00:00,24.669,91.37853,1009.2367,20.240198,321.49933,0.0,100.0,3.0
2014-07-06 15:00:00+00:00,24.619001,91.099525,1010.23627,20.018072,322.3057,0.0,97.0,3.0
2014-07-06 16:00:00+00:00,24.519001,91.369255,1010.3362,18.581022,324.46225,0.0,99.0,3.0
2014-07-06 17:00:00+00:00,24.469,91.64309,1010.4358,18.289274,323.8067,0.0,100.0,3.0
2014-07-06 18:00:00+00:00,24.369001,91.9149,1010.13586,18.218275,322.22424,0.0,99.0,3.0
2014-07-06 19:00:00+00:00,24.569,90.8211,1009.53656,18.668005,320.4774,0.0,100.0,3.0
2014-07-06 20:00:00+00:00,24.569,90.8211,1009.0368,18.899143,319.63553,0.0,99.0,3.0
2014-07-06 21:00:00+00:00,24.419,91.64007,1008.5366,18.668005,320.4774,0.0,100.0,3.0
2014-07-06 22:00:00+00:00,24.319,92.1907,1008.5366,17.713316,322.43134,0.0,98.0,3.0
2014-07-06 23:00:00+00:00,24.269001,92.747635,1008.43646,17.786331,324.0578,0.0,94.0,3.0
2014-07-07 00:00:00+00:00,24.169,93.023575,1008.9362,17.373497,325.9806,0.0,95.0,3.0
2014-07-07 01:00:00+00:00,24.219,92.46469,1009.43604,16.79314,329.03632,0.0,97.0,3.0
2014-07-07 02:00:00+00:00,24.319,92.1907,1009.93604,19.881649,328.3246,0.0,97.0,3.0
2014-07-07 03:00:00+00:00,24.719,89.738266,1010.53644,20.421871,319.28925,0.2,98.0,51.0
2014-07-07 04:00:00+00:00,25.119001,88.68905,1011.3367,23.424908,316.24527,0.2,100.0,51.0
2014-07-07 05:00:00+00:00,25.519001,87.92173,1010.8375,20.696087,319.93927,0.0,99.0,3.0
2014-07-07 06:00:00+00:00,25.769001,86.10566,1010.4381,20.380579,324.34457,0.1,100.0,51.0
2014-07-07 07:00:00+00:00,25.969,86.907135,1009.6387,20.808498,322.73352,0.3,98.0,51.0
2014-07-07 08:00:00+00:00,26.469,83.366035,1008.8397,23.000591,320.07965,0.1,100.0,51.0
2014-07-07 09:00:00+00:00,26.469,83.114876,1008.24005,24.993437,318.50363,0.0,100.0,3.0
2014-07-07 10:00:00+00:00,26.669,81.154724,1007.5406,24.951921,316.16904,0.0,99.0,3.0
2014-07-07 11:00:00+00:00,26.469,82.1169,1007.64026,24.458813,312.614,0.0,96.0,3.0
2014-07-07 12:00:00+00:00,25.769001,85.328636,1008.2391,24.993437,311.49637,0.2,91.0,51.0
2014-07-07 13:00:00+00:00,25.269001,87.63514,1008.8378,24.850431,308.5302,0.1,98.0,51.0
2014-07-07 14:00:00+00:00,24.919,89.48179,1009.1373,22.915916,313.72705,0.0,99.0,3.0
2014-07-07 15:00:00+00:00,24.619001,91.37544,1009.53656,22.401142,315.0001,0.0,99.0,3.0
2014-07-07 16:00:00+00:00,24.319,93.03118,1010.13586,21.142147,312.92996,0.2,100.0,51.0
2014-07-07 17:00:00+00:00,24.469,91.92074,1010.13586,21.67487,311.63345,0.2,100.0,51.0
2014-07-07 18:00:00+00:00,24.519001,92.20192,1010.1362,21.437386,310.91428,0.0,100.0,3.0
2014-07-07 19:00:00+00:00,24.519001,92.76072,1009.6365,20.150354,311.37842,0.1,100.0,51.0
2014-07-07 20:00:00+00:00,24.519001,92.20192,1008.73694,20.364674,315.0001,0.2,100.0,51.0
2014-07-07 21:00:00+00:00,24.419,92.75549,1008.33673,18.075441,315.80682,0.0,100.0,3.0
2014-07-07 22:00:00+00:00,24.319,93.03118,1008.1368,16.489416,323.88055,0.1,100.0,51.0
2014-07-07 23:00:00+00:00,24.319,93.03118,1008.5366,17.0763,325.30478,0.2,100.0,51.0
2014-07-08 00:00:00+00:00,24.319,93.03118,1008.8365,17.373497,325.9806,0.1,99.0,51.0
2014-07-08 01:00:00+00:00,24.369001,93.033676,1009.4363,16.676977,327.3391,0.0,98.0,3.0
2014-07-08 02:00:00+00:00,24.519001,92.76072,1009.8364,19.008545,322.69595,0.0,91.0,3.0
2014-07-08 03:00:00+00:00,24.719,91.93523,1010.53644,20.523157,322.12494,0.2,85.0,51.0
2014-07-08 04:00:00+00:00,25.219,89.50413,1010.737,20.696087,319.93927,0.2,76.0,51.0
2014-07-08 05:00:00+00:00,25.569,88.191536,1010.3377,21.638964,315.67395,0.0,77.0,2.0
2014-07-08 06:00:00+00:00,26.269001,84.86614,1010.0388,23.277834,309.3517,0.0,100.0,3.0
2014-07-08 07:00:00+00:00,26.319,82.84695,1009.33954,24.066206,304.641,0.2,100.0,51.0
2014-07-08 08:00:00+00:00,26.569,84.387955,1008.83997,24.522314,310.2363,0.0,100.0,3.0
2014-07-08 09:00:00+00:00,26.869001,83.66241,1007.9408,23.617756,307.56866,0.0,100.0,3.0
2014-07-08 10:00:00+00:00,26.619001,84.902466,1007.4407,23.4,306.86996,0.0,100.0,3.0
2014-07-08 11:00:00+00:00,26.019001,85.353905,1006.8399,24.408424,307.208,0.2,100.0,51.0
2014-07-08 12:00:00+00:00,25.619001,86.61314,1007.539,23.000591,309.92032,0.1,100.0,51.0
2014-07-08 13:00:00+00:00,25.019001,88.413086,1008.13776,21.897945,313.66785,0.1,100.0,51.0
2014-07-08 14:00:00+00:00,24.669,90.00679,1008.83685,21.38897,316.36386,0.1,100.0,51.0
2014-07-08 15:00:00+00:00,24.619001,90.27622,1009.43665,19.64228,318.7154,0.0,99.0,3.0
2014-07-08 16:00:00+00:00,24.669,90.82764,1009.8364,17.935081,321.51978,0.0,99.0,3.0
2014-07-08 17:00:00+00:00,24.619001,91.65207,1009.9364,17.713316,322.43134,0.0,99.0,3.0
2014-07-08 18:00:00+00:00,24.569,92.48368,1009.8364,18.161278,320.63068,0.0,99.0,3.0
2014-07-08 19:00:00+00:00,24.519001,91.646065,1009.43665,18.35647,318.1799,0.0,100.0,3.0
2014-07-08 20:00:00+00:00,24.269001,93.028625,1008.7363,18.335276,313.4089,0.0,100.0,3.0
2014-07-08 21:00:00+00:00,24.119001,93.869415,1008.13654,20.746122,308.65982,0.2,100.0,51.0
2014-07-08 22:00:00+00:00,24.219,92.74501,1007.83673,19.174856,309.66782,0.2,98.0,51.0
2014-07-08 23:00:00+00:00,24.169,94.15584,1007.83673,18.584509,314.21527,0.1,96.0,51.0
2014-07-09 00:00:00+00:00,24.169,94.15584,1008.2366,16.831684,318.46832,0.0,93.0,3.0
2014-07-09 01:00:00+00:00,24.219,94.15795,1008.43646,17.072504,317.5638,0.0,88.0,3.0
2014-07-09 02:00:00+00:00,24.419,92.75549,1009.5362,19.09358,314.23618,0.1,88.0,51.0
2014-07-09 03:00:00+00:00,24.969,90.30042,1010.0369,18.089775,312.58044,0.3,68.0,51.0
2014-07-09 04:00:00+00:00,25.419,89.51892,1010.23755,17.057314,315.855,0.1,63.0,51.0
2014-07-09 05:00:00+00:00,26.169,87.44955,1010.2388,17.581125,312.5104,0.0,61.0,2.0
2014-07-09 06:00:00+00:00,26.669,85.933716,1009.6396,17.0763,304.69522,0.0,62.0,2.0
2014-07-09 07:00:00+00:00,27.069,83.18351,1009.24054,18.681883,295.08356,0.0,75.0,2.0
2014-07-09 08:00:00+00:00,26.869001,83.91425,1008.64044,20.780453,284.03625,0.1,97.0,51.0
2014-07-09 09:00:00+00:00,26.169,83.08038,1008.1397,24.031178,278.61557,0.3,100.0,51.0
2014-07-09 10:00:00+00:00,25.169,87.89205,1008.0382,22.66857,290.44962,0.8,100.0,53.0
2014-07-09 11:00:00+00:00,25.369001,88.70895,1008.0386,18.514643,296.56497,0.2,100.0,51.0
2014-07-09 12:00:00+00:00,25.119001,89.22673,1008.6379,19.022177,299.4758,0.2,100.0,51.0
2014-07-09 13:00:00+00:00,24.569,89.18479,1009.3366,20.68356,301.47678,0.7,99.0,53.0
2014-07-09 14:00:00+00:00,24.369001,90.25889,1010.2359,16.870138,309.8055,0.3,100.0,51.0
2014-07-09 15:00:00+00:00,24.419,90.81123,1010.5357,16.29174,315.0001,0.0,100.0,3.0
2014-07-09 16:00:00+00:00,24.269001,91.63106,1011.23517,16.831684,311.53168,0.0,100.0,3.0
2014-07-09 17:00:00+00:00,24.069,92.17662,1011.43475,20.46941,304.24908,0.2,100.0,51.0
2014-07-09 18:00:00+00:00,24.069,92.17662,1011.0349,19.770523,303.11136,0.2,100.0,51.0
2014-07-09 19:00:00+00:00,24.219,92.18508,1010.63544,19.734436,308.33337,0.3,100.0,51.0
2014-07-09 20:00:00+00:00,23.819,93.85606,1010.0351,20.696087,310.0607,0.5,100.0,53.0
2014-07-09 21:00:00+00:00,23.869001,91.32893,1009.5356,19.107151,312.70938,0.2,100.0,51.0
2014-07-09 22:00:00+00:00,23.919,91.8887,1009.43567,18.844202,313.4519,0.0,100.0,3.0
2014-07-09 23:00:00+00:00,23.819,92.162506,1009.7353,20.150354,311.37842,0.1,100.0,51.0
2014-07-10 00:00:00+00:00,23.619001,94.13238,1009.9348,18.947083,308.82983,0.2,100.0,51.0
2014-07-10 01:00:00+00:00,23.619001,94.13238,1010.4346,17.935081,308.48022,0.4,100.0,51.0
2014-07-10 02:00:00+00:00,23.969,91.89164,1010.83496,17.377226,309.9575,0.4,100.0,51.0
2014-07-10 03:00:00+00:00,24.769001,89.74187,1011.536,16.548256,314.11868,0.2,100.0,51.0
2014-07-10 04:00:00+00:00,25.319,88.97314,1011.6369,15.530151,315.9391,0.0,100.0,3.0
2014-07-10 05:00:00+00:00,25.969,87.16924,1011.63776,15.9134655,307.64767,0.1,100.0,51.0
2014-07-10 06:00:00+00:00,25.919,87.427635,1011.13794,17.709658,296.56497,0.1,100.0,51.0
2014-07-10 07:00:00+00:00,26.469,84.63177,1010.6389,17.902534,285.1541,0.0,99.0,3.0
2014-07-10 08:00:00+00:00,26.419,85.909424,1010.6389,20.966715,285.94547,0.0,100.0,3.0
2014-07-10 09:00:00+00:00,26.469,82.61457,1010.23914,21.313093,285.6796,0.5,100.0,53.0
2014-07-10 10:00:00+00:00,25.969,86.12489,1009.73865,21.53089,290.55612,1.2,100.0,55.0
2014-07-10 11:00:00+00:00,26.119001,83.07463,1009.3392,18.35647,295.5599,0.3,100.0,51.0
2014-07-10 12:00:00+00:00,25.569,85.82636,1010.2378,16.923828,299.29126,0.7,100.0,53.0
2014-07-10 13:00:00+00:00,25.119001,88.95754,1010.8369,14.904173,307.14676,0.5,99.0,53.0
2014-07-10 14:00:00+00:00,24.969,90.84728,1011.4363,14.336861,308.8845,0.2,100.0,51.0
2014-07-10 15:00:00+00:00,24.719,91.93523,1012.23566,15.990646,301.1849,0.2,100.0,51.0
2014-07-10 16:00:00+00:00,24.419,91.64007,1013.0346,16.78156,305.39487,0.5,100.0,53.0
2014-07-10 17:00:00+00:00,24.219,92.18508,1012.8344,16.279802,305.0959,0.4,100.0,51.0
2014-07-10 18:00:00+00:00,24.319,91.08043,1012.93463,18.043148,298.61035,0.4,100.0,51.0
2014-07-10 19:00:00+00:00,24.269001,92.18788,1012.0348,19.008547,294.62354,0.5,100.0,53.0
2014-07-10 20:00:00+00:00,24.069,93.300705,1011.2348,20.456745,298.36896,0.4,99.0,51.0
2014-07-10 21:00:00+00:00,24.269001,91.353775,1010.3356,18.79255,306.43094,0.2,100.0,51.0
2014-07-10 22:00:00+00:00,24.169,93.30552,1010.3356,17.935081,308.48022,0.2,100.0,51.0
2014-07-10 23:00:00+00:00,24.019001,94.43468,1009.73553,16.548256,314.11868,0.0,100.0,3.0
2014-07-11 00:00:00+00:00,23.919,94.43062,1010.2353,16.299694,316.7899,0.0,100.0,3.0
2014-07-11 01:00:00+00:00,23.819,95.00015,1010.5349,17.339897,318.36655,0.1,100.0,51.0
2014-07-11 02:00:00+00:00,23.919,94.43062,1011.53467,17.654688,320.79282,0.1,100.0,51.0
2014-07-11 03:00:00+00:00,24.219,92.74501,1012.33466,17.826363,316.63654,0.2,100.0,51.0
2014-07-11 04:00:00+00:00,24.719,93.332115,1012.4356,17.713316,307.56866,0.1,100.0,51.0
2014-07-11 05:00:00+00:00,25.819,90.902504,1012.33716,16.489416,306.11945,0.1,100.0,51.0
2014-07-11 06:00:00+00:00,26.569,87.48447,1012.0385,17.727943,299.1675,0.2,100.0,51.0
2014-07-11 07:00:00+00:00,27.069,87.00674,1011.83936,19.386593,291.80148,0.2,98.0,51.0
2014-07-11 08:00:00+00:00,27.119001,86.75172,1011.03973,19.694992,288.10385,0.1,99.0,51.0
2014-07-11 09:00:00+00:00,27.219,87.02024,1010.64014,20.037485,287.78397,0.0,100.0,3.0
2014-07-11 10:00:00+00:00,27.069,87.26701,1010.04016,20.774214,297.8972,0.1,100.0,51.0
2014-07-11 11:00:00+00:00,26.519001,88.79982,1009.23956,21.749483,298.68604,0.1,100.0,51.0
2014-07-11 12:00:00+00:00,26.219,88.77622,1009.9389,21.566973,303.42484,0.1,100.0,51.0
2014-07-11 13:00:00+00:00,25.969,89.02351,1010.1384,20.592503,306.46933,0.0,100.0,3.0
2014-07-11 14:00:00+00:00,25.619001,90.61693,1010.73755,20.172853,304.82455,0.2,100.0,51.0
2014-07-11 15:00:00+00:00,25.019001,91.95256,1011.73615,20.969807,304.50858,0.6,100.0,53.0
2014-07-11 16:00:00+00:00,24.619001,92.48635,1012.0354,22.366402,303.17853,0.7,100.0,53.0
2014-07-11 17:00:00+00:00,24.719,91.65807,1012.03577,19.969458,303.9766,0.6,100.0,53.0
2014-07-11 18:00:00+00:00,24.219,93.59055,1012.0348,22.782625,301.4295,0.8,100.0,53.0
2014-07-11 19:00:00+00:00,24.419,92.47553,1011.5353,20.774214,297.8972,0.5,100.0,53.0
2014-07-11 20:00:00+00:00,24.369001,94.16433,1010.4358,19.161337,295.60214,0.3,100.0,51.0
2014-07-11 21:00:00+00:00,24.119001,94.724525,1010.0357,23.540806,293.4287,0.3,100.0,51.0
2014-07-11 22:00:00+00:00,23.969,92.73191,1010.2353,26.903828,294.5074,1.0,100.0,55.0
2014-07-11 23:00:00+00:00,24.019001,92.45377,1010.03534,25.0064,292.8737,1.0,100.0,55.0
2014-07-12 00:00:00+00:00,23.919,93.01094,1010.2353,24.967499,294.7174,0.8,100.0,53.0
2014-07-12 01:00:00+00:00,23.769001,93.28609,1010.43494,24.162947,298.4741,0.8,100.0,53.0
2014-07-12 02:00:00+00:00,23.669,93.849335,1010.8347,24.312662,297.3238,0.6,100.0,53.0
2014-07-12 03:00:00+00:00,24.469,93.88501,1011.0355,22.862123,296.1615,0.2,100.0,51.0
2014-07-12 04:00:00+00:00,25.269001,92.243835,1011.1368,21.129885,293.07043,0.2,100.0,51.0
2014-07-12 05:00:00+00:00,25.269001,86.05739,1011.1368,24.1388,287.3541,0.5,100.0,53.0
2014-07-12 06:00:00+00:00,25.469,89.25335,1011.33704,23.452555,287.87878,0.5,100.0,53.0
2014-07-12 07:00:00+00:00,26.419,86.687325,1010.33905,21.068459,286.88687,0.0,100.0,3.0
2014-07-12 08:00:00+00:00,26.719,85.68114,1009.43976,21.566975,284.5002,0.1,100.0,51.0
2014-07-12 09:00:00+00:00,25.719,85.32358,1009.23865,26.886963,296.2219,0.5,100.0,53.0
2014-07-12 10:00:00+00:00,25.669,87.93442,1008.5386,26.407907,297.6129,0.2,100.0,51.0
2014-07-12 11:00:00+00:00,25.869001,87.16025,1008.2391,25.603062,297.64587,0.2,100.0,51.0
2014-07-12 12:00:00+00:00,25.919,87.16476,1008.33923,21.09305,297.43964,0.2,85.0,51.0
2014-07-12 13:00:00+00:00,25.169,87.62646,1008.53796,25.006397,300.25635,0.6,100.0,53.0
2014-07-12 14:00:00+00:00,24.769001,91.109055,1009.23706,22.218153,310.3998,0.8,100.0,53.0
2014-07-12 15:00:00+00:00,24.319,91.91204,1009.83606,25.501621,311.56625,0.7,99.0,53.0
2014-07-12 16:00:00+00:00,24.469,90.26583,1010.2359,20.898613,317.7928,0.4,96.0,51.0
2014-07-12 17:00:00+00:00,24.469,91.366165,1010.4358,21.94524,318.991,0.0,90.0,3.0
2014-07-12 18:00:00+00:00,24.269001,91.90911,1010.53546,24.248611,310.78574,0.3,93.0,51.0
2014-07-12 19:00:00+00:00,24.719,90.01033,1009.83673,21.479664,309.55963,0.3,93.0,51.0
2014-07-12 20:00:00+00:00,24.719,90.55667,1009.337,21.470612,304.75598,0.2,93.0,51.0
2014-07-12 21:00:00+00:00,24.269001,93.028625,1008.9362,22.366402,303.17853,0.7,92.0,53.0
2014-07-12 22:00:00+00:00,24.019001,93.864944,1008.1362,23.4,306.86996,0.6,96.0,53.0
2014-07-12 23:00:00+00:00,23.969,94.14733,1008.4361,21.533897,308.21106,0.5,97.0,53.0
2014-07-13 00:00:00+00:00,24.369001,91.35998,1009.13635,20.421871,310.71075,0.5,98.0,53.0
2014-07-13 01:00:00+00:00,24.119001,92.45921,1009.2361,19.174856,309.66782,0.5,99.0,53.0
2014-07-13 02:00:00+00:00,24.369001,92.19349,1009.83606,18.0,306.86996,0.2,99.0,51.0
2014-07-13 03:00:00+00:00,25.019001,90.57681,1010.13684,17.373497,304.01938,0.2,99.0,51.0
2014-07-13 04:00:00+00:00,25.119001,86.829346,1010.2372,18.514643,296.56497,0.5,94.0,53.0
2014-07-13 05:00:00+00:00,25.469,87.65246,1010.4375,19.694992,300.7841,0.4,93.0,51.0
2014-07-13 06:00:00+00:00,25.469,87.12444,1010.03766,19.08,301.89075,0.4,92.0,51.0
2014-07-13 07:00:00+00:00,26.319,87.20047,1009.8393,18.532135,299.0545,0.0,95.0,3.0
2014-07-13 08:00:00+00:00,26.769001,85.42936,1008.84033,19.523155,292.78244,0.0,98.0,3.0
2014-07-13 09:00:00+00:00,26.769001,85.68606,1008.54047,22.73707,293.31772,0.0,99.0,3.0
2014-07-13 10:00:00+00:00,25.819,85.85088,1008.339,23.584808,301.26367,0.3,97.0,51.0
2014-07-13 11:00:00+00:00,25.719,85.84109,1007.9392,23.532547,299.3099,0.4,93.0,51.0
2014-07-13 12:00:00+00:00,25.519001,88.72086,1007.93884,23.871555,293.08514,0.0,87.0,3.0
2014-07-13 13:00:00+00:00,24.869001,88.93805,1008.7373,22.862123,296.1615,0.7,97.0,53.0
2014-07-13 14:00:00+00:00,24.719,90.01033,1009.7368,20.808498,300.11365,0.6,98.0,53.0
2014-07-13 15:00:00+00:00,24.769001,90.56003,1010.33655,17.0763,304.69522,0.4,99.0,51.0
2014-07-13 16:00:00+00:00,24.819,90.563416,1010.7364,18.218275,299.60434,0.3,99.0,51.0
2014-07-13 17:00:00+00:00,24.819,90.83746,1010.8363,17.709658,296.56497,0.4,97.0,51.0
2014-07-13 18:00:00+00:00,24.619001,92.20753,1010.736,17.22742,296.02954,0.6,91.0,53.0
2014-07-13 19:00:00+00:00,24.469,91.92074,1009.93604,15.617529,295.97433,0.5,93.0,53.0
2014-07-13 20:00:00+00:00,24.269001,93.87608,1009.336,15.778518,297.1496,0.4,91.0,51.0
2014-07-13 21:00:00+00:00,24.119001,94.724525,1008.7363,18.681883,295.08356,0.7,94.0,53.0
2014-07-13 22:00:00+00:00,23.919,93.860504,1008.03625,18.278645,302.12497,1.2,97.0,55.0
2014-07-13 23:00:00+00:00,24.019001,93.01599,1008.03625,19.272614,302.79953,0.9,98.0,53.0
2014-07-14 00:00:00+00:00,24.119001,93.02107,1008.5364,18.892282,300.96368,1.0,97.0,55.0
2014-07-14 01:00:00+00:00,24.019001,93.29825,1008.73596,17.974781,302.7352,0.7,98.0,53.0
2014-07-14 02:00:00+00:00,24.369001,91.637085,1009.4363,19.64228,296.09537,0.9,97.0,53.0
2014-07-14 03:00:00+00:00,24.419,92.75549,1009.7361,23.068108,292.9638,1.7,99.0,61.0
2014-07-14 04:00:00+00:00,24.569,89.72733,1010.5361,21.933426,293.1986,2.9,100.0,63.0
2014-07-14 05:00:00+00:00,25.169,87.89205,1010.33716,24.627787,285.25516,1.8,96.0,61.0
2014-07-14 06:00:00+00:00,25.069,88.150024,1010.2368,24.975283,285.03787,2.4,97.0,61.0
2014-07-14 07:00:00+00:00,26.069,86.65497,1009.73865,21.218632,284.74362,1.0,99.0,55.0
2014-07-14 08:00:00+00:00,25.719,86.62247,1008.9388,25.582806,283.84073,1.6,88.0,61.0
2014-07-14 09:00:00+00:00,25.819,85.591934,1008.63885,28.385262,285.44638,1.7,95.0,61.0
2014-07-14 10:00:00+00:00,25.969,86.38497,1007.8395,20.948164,289.0578,1.0,88.0,55.0
2014-07-14 11:00:00+00:00,26.069,87.44079,1007.6395,20.188908,291.99118,0.2,78.0,51.0
2014-07-14 12:00:00+00:00,25.819,87.9471,1007.9392,17.709658,296.56497,0.3,86.0,51.0
2014-07-14 13:00:00+00:00,24.969,88.141716,1008.4377,21.578989,297.84747,0.7,100.0,53.0
2014-07-14 14:00:00+00:00,24.819,90.29007,1009.0371,18.171976,303.6901,0.5,100.0,53.0
2014-07-14 15:00:00+00:00,24.919,91.66998,1009.6371,16.992609,306.38446,0.2,100.0,51.0
2014-07-14 16:00:00+00:00,24.969,91.67301,1009.937,15.021105,315.97092,0.1,100.0,51.0
2014-07-14 17:00:00+00:00,24.969,91.67301,1010.3368,14.773164,316.9749,0.0,91.0,3.0
2014-07-14 18:00:00+00:00,24.819,91.66405,1010.0367,13.004922,318.36655,0.1,96.0,51.0
2014-07-14 19:00:00+00:00,24.669,91.655045,1009.6365,15.281989,313.09085,0.4,97.0,51.0
2014-07-14 20:00:00+00:00,24.469,92.47826,1008.7366,16.595179,310.60123,0.8,95.0,53.0
2014-07-14 21:00:00+00:00,24.169,93.30552,1008.5364,17.057314,314.145,0.6,96.0,53.0
2014-07-14 22:00:00+00:00,23.969,94.71878,1007.6364,15.876775,327.03058,0.3,99.0,51.0
2014-07-14 23:00:00+00:00,23.769001,95.28632,1007.53625,16.78156,324.6051,0.4,99.0,51.0
2014-07-15 00:00:00+00:00,23.969,93.29582,1007.83636,17.10284,319.26797,0.4,99.0,51.0
2014-07-15 01:00:00+00:00,24.069,93.86721,1008.4361,15.379206,327.42596,0.2,100.0,51.0
2014-07-15 02:00:00+00:00,24.419,92.47553,1008.6366,14.512064,330.25522,0.1,100.0,51.0
2014-07-15 03:00:00+00:00,24.869001,91.943886,1009.337,15.7908325,316.8476,0.2,100.0,51.0
2014-07-15 04:00:00+00:00,25.569,89.79988,1009.4382,20.380579,305.65543,0.1,100.0,51.0
2014-07-15 05:00:00+00:00,25.919,86.380196,1009.5387,19.770523,303.11136,0.3,99.0,51.0
2014-07-15 06:00:00+00:00,26.169,86.664215,1009.53906,18.193361,297.072,0.2,100.0,51.0
2014-07-15 07:00:00+00:00,26.069,86.916214,1008.939,20.966715,285.94547,0.2,100.0,51.0
2014-07-15 08:00:00+00:00,26.119001,83.07463,1008.83936,25.501621,288.9466,0.5,96.0,53.0
2014-07-15 09:00:00+00:00,25.469,86.07673,1008.5383,21.53089,290.55612,0.6,99.0,53.0
2014-07-15 10:00:00+00:00,25.619001,87.93017,1007.13916,22.539564,296.56497,0.1,100.0,51.0
2014-07-15 11:00:00+00:00,25.519001,86.34234,1007.3391,19.161337,295.60214,0.5,95.0,53.0
2014-07-15 12:00:00+00:00,25.219,88.42942,1007.73834,18.204042,294.53772,0.7,91.0,53.0
2014-07-15 13:00:00+00:00,24.719,90.28315,1008.33746,20.447239,296.11386,0.4,100.0,51.0
2014-07-15 14:00:00+00:00,24.519001,90.26927,1009.0368,17.174677,303.02386,0.6,100.0,53.0
2014-07-15 15:00:00+00:00,24.269001,91.63106,1009.9358,15.778516,304.7779,0.7,100.0,53.0
2014-07-15 16:00:00+00:00,24.369001,91.35998,1010.2359,12.538134,309.17365,0.1,100.0,51.0
2014-07-15 17:00:00+00:00,24.369001,91.9149,1010.4358,11.720751,312.5104,0.0,99.0,3.0
2014-07-15 18:00:00+00:00,24.419,92.47553,1010.4358,13.237038,315.0001,0.2,100.0,51.0
2014-07-15 19:00:00+00:00,24.319,93.59519,1010.2359,12.538134,320.82635,0.3,100.0,51.0
2014-07-15 20:00:00+00:00,24.369001,92.75288,1009.6361,11.808878,322.43134,0.1,100.0,51.0
2014-07-15 21:00:00+00:00,24.269001,93.87608,1009.2361,12.218805,315.0001,0.3,99.0,51.0
2014-07-15 22:00:00+00:00,24.269001,93.87608,1008.7363,15.815435,311.30853,0.4,100.0,51.0
2014-07-15 23:00:00+00:00,24.369001,94.448875,1008.5366,15.273505,315.0001,0.3,100.0,51.0
2014-07-16 00:00:00+00:00,24.369001,94.448875,1008.1368,15.530151,314.06088,0.2,100.0,51.0
2014-07-16 01:00:00+00:00,24.469,94.73799,1008.6366,16.641972,308.8534,0.3,98.0,51.0
2014-07-16 02:00:00+00:00,24.519001,95.02565,1009.3366,16.870138,309.8055,0.4,94.0,51.0
2014-07-16 03:00:00+00:00,25.019001,93.909294,1009.937,18.0,306.86996,0.4,76.0,51.0
2014-07-16 04:00:00+00:00,25.619001,92.26327,1010.1378,16.575644,304.3804,0.2,78.0,51.0
2014-07-16 05:00:00+00:00,26.419,89.59263,1009.9393,16.923828,299.29126,0.2,79.0,51.0
2014-07-16 06:00:00+00:00,26.819,87.24488,1009.63995,18.057508,293.49857,0.1,79.0,51.0
2014-07-16 07:00:00+00:00,27.019001,87.26255,1009.24054,21.194187,290.89783,0.2,85.0,51.0
2014-07-16 08:00:00+00:00,26.719,87.236015,1008.94,23.224882,288.99673,0.5,83.0,53.0
2014-07-16 09:00:00+00:00,26.969,86.997734,1008.4409,21.273533,293.9625,0.2,63.0,51.0
2014-07-16 10:00:00+00:00,26.669,88.01847,1007.7405,21.413193,296.99576,0.1,49.0,51.0
2014-07-16 11:00:00+00:00,26.519001,88.79982,1007.64026,19.966211,295.64096,0.1,38.0,51.0
2014-07-16 12:00:00+00:00,26.069,90.10549,1007.8395,18.057508,293.49857,0.1,42.0,51.0
2014-07-16 13:00:00+00:00,25.669,90.89275,1008.43866,18.514643,296.56497,0.1,30.0,51.0
2014-07-16 14:00:00+00:00,25.119001,92.51332,1008.8378,16.375053,303.34073,0.2,70.0,51.0
2014-07-16 15:00:00+00:00,24.719,93.05129,1009.5369,16.870138,309.8055,0.3,69.0,51.0
2014-07-16 16:00:00+00:00,24.669,93.04874,1009.8364,16.870138,309.8055,0.2,90.0,51.0
2014-07-16 17:00:00+00:00,24.569,92.763336,1010.1362,17.610588,310.8553,0.2,89.0,51.0
2014-07-16 18:00:00+00:00,24.569,92.763336,1009.9364,18.089775,312.58044,0.1,82.0,51.0
2014-07-16 19:00:00+00:00,24.619001,94.74373,1009.73645,17.31746,313.31537,0.1,95.0,51.0
2014-07-16 20:00:00+00:00,24.469,95.023865,1009.33624,18.584509,314.21527,0.0,98.0,3.0
2014-07-16 21:00:00+00:00,24.469,94.452934,1008.6366,16.80857,316.73566,0.0,99.0,3.0
2014-07-16 22:00:00+00:00,24.469,94.452934,1008.7366,16.641972,321.1466,0.0,100.0,3.0
2014-07-16 23:00:00+00:00,24.469,94.452934,1008.5366,16.039202,315.90927,0.1,100.0,51.0
2014-07-17 00:00:00+00:00,24.519001,94.73992,1008.83685,16.055355,312.27362,0.0,99.0,3.0
2014-07-17 01:00:00+00:00,24.619001,94.45896,1009.1367,16.039202,314.0907,0.0,99.0,3.0
2014-07-17 02:00:00+00:00,24.869001,93.33933,1009.63684,17.072504,317.5638,0.1,99.0,51.0
2014-07-17 03:00:00+00:00,25.419,90.33135,1009.8377,17.84816,318.27057,0.3,98.0,51.0
2014-07-17 04:00:00+00:00,26.069,86.916214,1010.0385,18.075441,315.80682,0.0,99.0,3.0
2014-07-17 05:00:00+00:00,26.819,82.905014,1009.9399,18.626305,311.08167,0.0,83.0,3.0
2014-07-17 06:00:00+00:00,27.369001,80.271095,1009.24115,19.228851,308.15726,0.0,66.0,2.0
2014-07-17 07:00:00+00:00,27.719,77.23453,1009.14154,20.26899,303.40784,0.0,80.0,3.0
2014-07-17 08:00:00+00:00,27.869001,77.25678,1008.1422,20.929594,296.56497,0.0,93.0,3.0
2014-07-17 09:00:00+00:00,27.719,78.40762,1008.04205,22.077717,294.05734,0.0,74.0,2.0
2014-07-17 10:00:00+00:00,27.469,80.04299,1007.1421,21.900904,295.30136,0.1,78.0,51.0
2014-07-17 11:00:00+00:00,27.019001,82.18313,1006.9416,19.64228,296.09537,0.0,70.0,2.0
2014-07-17 12:00:00+00:00,26.619001,84.393295,1007.6405,19.022177,299.4758,0.0,25.0,1.0
2014-07-17 13:00:00+00:00,26.069,87.70415,1007.8395,17.287498,301.37296,0.0,16.0,0.0
2014-07-17 14:00:00+00:00,25.669,89.80709,1008.6385,17.283749,305.67648,0.0,18.0,0.0
2014-07-17 15:00:00+00:00,25.369001,91.696785,1009.0381,16.055355,312.27362,0.0,13.0,0.0
2014-07-17 16:00:00+00:00,25.269001,92.243835,1009.63745,15.03835,317.91092,0.0,16.0,0.0
2014-07-17 17:00:00+00:00,25.119001,92.51332,1009.83734,14.529915,318.01285,0.0,10.0,0.0
2014-07-17 18:00:00+00:00,24.919,93.06127,1009.5372,13.755579,317.1211,0.0,9.0,0.0
2014-07-17 19:00:00+00:00,24.869001,91.66703,1009.1371,13.493999,313.91916,0.0,19.0,0.0
2014-07-17 20:00:00+00:00,24.619001,91.37544,1009.0368,15.580141,310.31403,0.0,50.0,2.0
2014-07-17 21:00:00+00:00,24.319,92.1907,1008.4367,18.11841,310.97165,0.0,73.0,2.0
2014-07-17 22:00:00+00:00,24.069,93.300705,1007.93634,18.075441,315.80682,0.0,90.0,3.0
2014-07-17 23:00:00+00:00,24.019001,93.58123,1007.6364,16.363178,320.35587,0.0,90.0,3.0
2014-07-18 00:00:00+00:00,24.069,93.01856,1008.636,15.077082,326.68936,0.0,91.0,3.0
2014-07-18 01:00:00+00:00,24.019001,92.45377,1008.73596,14.512064,330.25522,0.0,96.0,3.0
2014-07-18 02:00:00+00:00,24.269001,90.8014,1009.53595,16.79314,329.03632,0.0,99.0,3.0
2014-07-18 03:00:00+00:00,24.869001,87.60045,1010.4365,16.870138,320.1945,0.0,92.0,3.0
2014-07-18 04:00:00+00:00,25.569,85.30838,1010.53766,17.377226,309.9575,0.1,58.0,51.0
2014-07-18 05:00:00+00:00,26.169,82.82944,1010.2388,18.0,306.86996,0.1,37.0,51.0
2014-07-18 06:00:00+00:00,26.769001,80.922554,1009.7399,16.981165,302.00534,0.4,50.0,51.0
2014-07-18 07:00:00+00:00,26.969,84.43062,1009.4405,16.434305,298.8107,0.0,60.0,2.0
2014-07-18 08:00:00+00:00,27.069,84.69479,1008.9407,17.58481,292.8906,0.0,63.0,2.0
2014-07-18 09:00:00+00:00,26.919,85.18859,1008.54047,18.204042,294.53772,0.1,66.0,51.0
2014-07-18 10:00:00+00:00,26.869001,86.21099,1007.74084,18.678415,297.55273,0.0,55.0,2.0
2014-07-18 11:00:00+00:00,26.369001,88.78803,1007.8402,19.161337,295.60214,0.0,30.0,1.0
2014-07-18 12:00:00+00:00,25.269001,88.43346,1008.7379,21.09305,297.43964,0.5,56.0,53.0
2014-07-18 13:00:00+00:00,24.769001,90.01387,1009.1371,21.578989,297.84747,0.6,92.0,53.0
2014-07-18 14:00:00+00:00,24.519001,92.20192,1009.6365,18.998316,297.0505,0.6,100.0,53.0
2014-07-18 15:00:00+00:00,24.569,92.763336,1010.43616,15.277749,304.43906,0.2,99.0,51.0
2014-07-18 16:00:00+00:00,24.569,93.043755,1010.5361,12.768586,310.426,0.0,98.0,3.0
2014-07-18 17:00:00+00:00,24.719,91.65807,1011.23615,12.738099,317.29062,0.0,93.0,3.0
2014-07-18 18:00:00+00:00,24.569,93.88945,1010.83594,14.003028,313.95847,0.2,99.0,51.0
2014-07-18 19:00:00+00:00,24.569,91.6491,1010.3362,17.0763,304.69522,0.2,99.0,51.0
2014-07-18 20:00:00+00:00,24.469,91.090004,1009.83606,17.57744,304.9921,0.4,99.0,51.0
2014-07-18 21:00:00+00:00,24.519001,91.92363,1009.1367,15.9134655,307.64767,0.1,100.0,51.0
2014-07-18 22:00:00+00:00,24.319,93.59519,1009.13635,19.174856,309.66782,0.0,98.0,3.0
2014-07-18 23:00:00+00:00,24.269001,93.31038,1009.2361,18.626305,311.08167,0.1,100.0,51.0
2014-07-19 00:00:00+00:00,24.119001,94.43875,1009.73584,17.072504,312.4362,0.0,100.0,3.0
2014-07-19 01:00:00+00:00,24.069,93.01856,1009.83545,17.057314,314.145,0.1,100.0,51.0
2014-07-19 02:00:00+00:00,24.419,91.36308,1010.73566,16.80857,313.26434,0.0,99.0,3.0
2014-07-19 03:00:00+00:00,24.869001,89.47807,1011.23615,17.566378,315.83023,0.3,99.0,51.0
2014-07-19 04:00:00+00:00,25.319,87.63949,1011.33704,17.581125,317.4896,0.4,97.0,51.0
2014-07-19 05:00:00+00:00,26.319,83.601074,1011.23865,18.161278,309.3693,0.4,99.0,51.0
2014-07-19 06:00:00+00:00,26.819,81.17369,1010.8394,19.33639,298.9509,0.4,96.0,51.0
2014-07-19 07:00:00+00:00,26.819,85.69099,1010.33966,19.721298,291.41302,0.2,99.0,51.0
2014-07-19 08:00:00+00:00,27.069,84.441246,1009.7403,20.523157,291.61484,0.0,91.0,3.0
2014-07-19 09:00:00+00:00,27.019001,82.18313,1009.24054,21.603,293.5747,0.3,91.0,51.0
2014-07-19 10:00:00+00:00,26.569,85.4093,1008.2403,20.291357,295.20108,0.1,67.0,51.0
2014-07-19 11:00:00+00:00,26.419,85.65145,1008.33997,18.388212,293.05133,0.0,66.0,2.0
2014-07-19 12:00:00+00:00,26.169,87.44955,1008.9394,18.388212,293.05133,0.0,61.0,2.0
2014-07-19 13:00:00+00:00,25.369001,89.51524,1009.6378,18.775303,302.47116,0.3,52.0,51.0
2014-07-19 14:00:00+00:00,25.169,89.770935,1010.2372,14.76439,315.0001,0.2,55.0,51.0
2014-07-19 15:00:00+00:00,24.919,90.570114,1010.9365,15.281989,316.90915,0.0,88.0,3.0
2014-07-19 16:00:00+00:00,24.719,91.93523,1011.43604,19.85556,315.0001,0.1,96.0,51.0
2014-07-19 17:00:00+00:00,24.669,92.489075,1011.63556,17.610588,319.1447,0.0,97.0,3.0
2014-07-19 18:00:00+00:00,24.469,93.03873,1011.43536,15.9134655,322.3523,0.0,94.0,3.0
2014-07-19 19:00:00+00:00,24.619001,92.76594,1011.2358,18.11841,319.02835,0.0,100.0,3.0
2014-07-19 20:00:00+00:00,24.519001,92.48093,1010.63605,16.055355,317.72638,0.1,99.0,51.0
2014-07-19 21:00:00+00:00,24.419,93.599815,1009.83606,14.512064,316.00497,0.0,97.0,3.0
2014-07-19 22:00:00+00:00,24.319,94.16222,1009.4363,15.530151,315.9391,0.0,98.0,3.0
2014-07-19 23:00:00+00:00,24.169,93.30552,1009.43604,20.018072,307.6943,0.3,99.0,51.0
2014-07-20 00:00:00+00:00,24.169,92.74241,1009.73584,18.374111,304.62424,0.4,99.0,51.0
2014-07-20 01:00:00+00:00,24.219,93.30795,1010.3356,16.279802,305.0959,0.2,99.0,51.0
2014-07-20 02:00:00+00:00,24.619001,91.37544,1010.83594,17.283749,305.67648,0.2,100.0,51.0
2014-07-20 03:00:00+00:00,25.069,92.51067,1011.4363,17.287498,301.37296,0.1,100.0,51.0
2014-07-20 04:00:00+00:00,25.569,89.79988,1011.83704,19.652176,298.4428,0.3,100.0,51.0
2014-07-20 05:00:00+00:00,25.919,88.75254,1011.43787,17.906157,300.17343,0.2,100.0,51.0
2014-07-20 06:00:00+00:00,26.419,86.427315,1011.23865,17.414474,299.74478,0.1,100.0,51.0
2014-07-20 07:00:00+00:00,27.169,84.19915,1010.54016,18.720001,292.6199,0.1,100.0,51.0
2014-07-20 08:00:00+00:00,26.519001,85.14782,1010.33905,23.933907,291.16132,0.2,100.0,51.0
2014-07-20 09:00:00+00:00,26.219,86.92986,1010.1388,21.09305,297.43964,0.2,99.0,51.0
2014-07-20 10:00:00+00:00,26.319,86.93893,1009.1396,20.87379,302.31958,0.2,100.0,51.0
2014-07-20 11:00:00+00:00,26.119001,87.44518,1009.1392,22.476227,301.90805,0.1,98.0,51.0
2014-07-20 12:00:00+00:00,25.769001,89.276085,1009.7384,22.59699,300.65057,0.1,99.0,51.0
2014-07-20 13:00:00+00:00,25.519001,90.88305,1009.73804,18.775303,302.47116,0.0,98.0,3.0
2014-07-20 14:00:00+00:00,25.219,91.96409,1010.737,18.668005,309.52258,0.1,99.0,51.0
2014-07-20 15:00:00+00:00,25.069,92.51067,1011.4363,17.057314,314.145,0.0,99.0,3.0
2014-07-20 16:00:00+00:00,25.019001,92.78675,1011.73615,14.003028,316.04153,0.0,100.0,3.0
2014-07-20 17:00:00+00:00,24.969,93.06382,1011.83606,14.529915,318.01285,0.1,100.0,51.0
2014-07-20 18:00:00+00:00,24.819,93.33696,1011.536,15.546833,317.8156,0.0,99.0,3.0
2014-07-20 19:00:00+00:00,24.919,92.50259,1010.83655,16.563911,317.64258,0.1,100.0,51.0
2014-07-20 20:00:00+00:00,24.669,91.655045,1010.5361,18.864824,318.09415,0.2,100.0,51.0
2014-07-20 21:00:00+00:00,24.319,92.470116,1010.03595,19.134262,318.81415,0.3,100.0,51.0
2014-07-20 22:00:00+00:00,24.319,91.6341,1009.83606,18.504139,322.90707,0.1,100.0,51.0
2014-07-20 23:00:00+00:00,24.219,92.46469,1009.2361,18.723461,322.02835,0.2,100.0,51.0
2014-07-21 00:00:00+00:00,24.369001,91.637085,1009.4363,18.218275,322.22424,0.1,100.0,51.0
2014-07-21 01:00:00+00:00,24.569,90.546585,1009.8364,17.208603,322.65057,0.1,100.0,51.0
2014-07-21 02:00:00+00:00,24.769001,90.83419,1010.0367,19.228851,321.8427,0.0,100.0,3.0
2014-07-21 03:00:00+00:00,25.069,90.30731,1011.1364,20.12461,317.17474,0.3,100.0,51.0
2014-07-21 04:00:00+00:00,25.769001,87.151306,1011.0378,20.12461,312.82523,0.4,100.0,51.0
2014-07-21 05:00:00+00:00,26.369001,83.60666,1010.8388,21.096123,306.67444,0.4,100.0,51.0
2014-07-21 06:00:00+00:00,26.569,83.12633,1010.73914,22.17144,302.3998,0.6,100.0,53.0
2014-07-21 07:00:00+00:00,26.869001,79.96317,1010.33966,23.584808,301.26367,0.4,100.0,51.0
2014-07-21 08:00:00+00:00,26.769001,81.16737,1009.3401,23.847115,298.88647,0.4,100.0,51.0
2014-07-21 09:00:00+00:00,26.919,80.4545,1008.7404,24.312662,297.3238,0.3,99.0,51.0
2014-07-21 10:00:00+00:00,26.869001,80.93533,1007.9408,24.826954,299.5387,0.3,100.0,51.0
2014-07-21 11:00:00+00:00,26.819,81.17369,1008.0407,23.532547,299.3099,0.5,100.0,53.0
2014-07-21 12:00:00+00:00,26.419,83.360344,1008.63983,21.924562,299.51138,0.2,95.0,51.0
2014-07-21 13:00:00+00:00,25.819,87.682655,1008.9388,20.188908,301.13892,0.3,99.0,51.0
2014-07-21 14:00:00+00:00,25.419,90.33135,1009.7378,20.46941,304.24908,0.4,95.0,51.0
2014-07-21 15:00:00+00:00,25.169,91.96121,1010.43713,20.808498,307.26648,0.2,95.0,51.0
2014-07-21 16:00:00+00:00,24.769001,91.661026,1010.7364,18.626305,311.08167,0.2,94.0,51.0
2014-07-21 17:00:00+00:00,24.469,93.32006,1010.73566,18.335276,313.4089,0.2,95.0,51.0
2014-07-21 18:00:00+00:00,24.419,93.31764,1010.73566,19.09358,314.23618,0.2,95.0,51.0
2014-07-21 19:00:00+00:00,24.519001,94.17069,1010.1362,18.335276,313.4089,0.1,94.0,51.0
2014-07-21 20:00:00+00:00,24.469,93.88501,1009.4363,18.899143,310.36444,0.2,96.0,51.0
2014-07-21 21:00:00+00:00,24.419,93.599815,1009.33624,18.723461,307.97165,0.3,97.0,51.0
2014-07-21 22:00:00+00:00,24.369001,93.033676,1009.03644,18.35647,311.82007,0.2,99.0,51.0
2014-07-21 23:00:00+00:00,24.269001,92.747635,1009.63586,17.826363,313.36346,0.3,100.0,51.0
2014-07-22 00:00:00+00:00,24.169,93.5882,1009.9358,16.80857,316.73566,0.2,100.0,51.0
2014-07-22 01:00:00+00:00,24.219,92.46469,1010.43555,18.59845,317.35333,0.2,100.0,51.0
2014-07-22 02:00:00+00:00,24.419,91.91782,1010.6357,19.64228,318.7154,0.1,100.0,51.0
2014-07-22 03:00:00+00:00,24.919,90.296936,1011.2364,18.35647,318.1799,0.0,100.0,3.0
2014-07-22 04:00:00+00:00,25.519001,88.45376,1011.23737,17.81909,315.0001,0.2,100.0,51.0
2014-07-22 05:00:00+00:00,26.219,87.19155,1011.2383,15.9134655,307.64767,0.0,100.0,3.0
2014-07-22 06:00:00+00:00,26.569,87.2227,1011.039,15.990646,301.1849,0.0,100.0,3.0
2014-07-22 07:00:00+00:00,26.769001,84.15597,1010.33966,17.388409,297.09546,0.0,100.0,3.0
2014-07-22 08:00:00+00:00,26.519001,84.89209,1009.63934,19.33639,294.1791,0.0,100.0,3.0
2014-07-22 09:00:00+00:00,26.169,86.40379,1009.53906,21.575987,295.7099,0.3,100.0,51.0
2014-07-22 10:00:00+00:00,25.669,86.35655,1008.2387,18.875126,304.90256,1.3,100.0,61.0
2014-07-22 11:00:00+00:00,25.669,87.93442,1007.73895,17.935081,308.48022,0.1,99.0,51.0
2014-07-22 12:00:00+00:00,25.619001,88.195694,1008.5386,16.704155,307.11694,0.0,100.0,3.0
2014-07-22 13:00:00+00:00,25.069,89.49296,1009.1373,18.504139,307.09293,0.1,100.0,51.0
2014-07-22 14:00:00+00:00,24.769001,90.83419,1010.4365,17.84816,311.72943,0.1,99.0,51.0
2014-07-22 15:00:00+00:00,24.669,91.655045,1010.83594,16.055355,317.72638,0.0,100.0,3.0
2014-07-22 16:00:00+00:00,24.619001,92.20753,1011.1358,18.218275,322.22424,0.0,100.0,3.0
2014-07-22 17:00:00+00:00,24.469,93.03873,1011.43536,19.174856,320.33218,0.0,100.0,3.0
2014-07-22 18:00:00+00:00,24.369001,93.59751,1010.6357,20.240198,321.49933,0.0,100.0,3.0
2014-07-22 19:00:00+00:00,24.319,93.59519,1010.73566,19.453327,321.009,0.4,100.0,51.0
2014-07-22 20:00:00+00:00,24.069,94.436745,1009.83545,19.134262,318.81415,0.3,100.0,51.0
2014-07-22 21:00:00+00:00,24.069,94.151596,1010.03534,18.075441,315.80682,0.3,100.0,51.0
2014-07-22 22:00:00+00:00,23.919,93.860504,1009.2357,17.84816,318.27057,0.3,100.0,51.0
2014-07-22 23:00:00+00:00,23.669,94.13452,1009.53534,16.08761,319.53784,0.6,100.0,53.0
2014-07-23 00:00:00+00:00,23.569,94.13025,1010.1347,14.05845,320.1945,0.3,100.0,51.0
2014-07-23 01:00:00+00:00,23.519001,94.98914,1010.2347,14.799459,318.94528,0.1,100.0,51.0
2014-07-23 02:00:00+00:00,23.869001,93.29093,1010.6351,16.870138,320.1945,1.1,100.0,55.0
2014-07-23 03:00:00+00:00,24.069,92.73716,1011.2348,17.581125,317.4896,0.9,100.0,53.0
2014-07-23 04:00:00+00:00,24.519001,90.26927,1011.3357,18.075441,315.80682,0.0,100.0,3.0
2014-07-23 05:00:00+00:00,25.269001,86.58053,1011.1368,19.35314,313.4926,0.2,95.0,51.0
2014-07-23 06:00:00+00:00,25.969,83.3093,1010.6382,21.166653,311.55252,0.4,96.0,51.0
2014-07-23 07:00:00+00:00,26.419,82.35942,1010.0392,21.252197,308.8114,0.0,77.0,2.0
2014-07-23 08:00:00+00:00,26.919,80.4545,1008.9403,23.770906,305.13428,0.1,69.0,51.0
2014-07-23 09:00:00+00:00,26.969,80.46103,1008.7408,25.364037,304.59235,0.2,92.0,51.0
2014-07-23 10:00:00+00:00,26.769001,81.65892,1007.8408,25.992401,306.55255,0.2,97.0,51.0
2014-07-23 11:00:00+00:00,26.369001,83.35468,1007.7403,23.617756,307.56866,0.1,97.0,51.0
2014-07-23 12:00:00+00:00,26.019001,85.096664,1008.6391,21.650938,312.97864,0.0,93.0,3.0
2014-07-23 13:00:00+00:00,25.719,86.62247,1009.33856,19.61587,317.2312,0.0,95.0,3.0
2014-07-23 14:00:00+00:00,25.369001,88.70895,1010.03766,18.391737,319.7637,0.0,89.0,3.0
2014-07-23 15:00:00+00:00,25.119001,90.038666,1010.737,18.504139,322.90707,0.0,90.0,3.0
2014-07-23 16:00:00+00:00,24.869001,90.566734,1011.536,18.218275,322.22424,0.0,92.0,3.0
2014-07-23 17:00:00+00:00,24.719,90.55667,1011.536,16.87398,326.3099,0.0,97.0,3.0
2014-07-23 18:00:00+00:00,24.569,90.546585,1011.1358,15.496736,329.2646,0.0,97.0,3.0
2014-07-23 19:00:00+00:00,24.669,90.27966,1010.83594,14.336861,331.50446,0.0,96.0,3.0
2014-07-23 20:00:00+00:00,24.519001,90.26927,1010.3362,15.94601,331.69934,0.0,98.0,3.0
2014-07-23 21:00:00+00:00,24.319,91.08043,1009.83606,17.673029,326.6336,0.0,97.0,3.0
2014-07-23 22:00:00+00:00,24.219,91.628075,1009.43604,17.373497,325.9806,0.0,90.0,3.0
2014-07-23 23:00:00+00:00,24.119001,92.17943,1009.63586,17.595861,329.23734,0.0,88.0,3.0
2014-07-24 00:00:00+00:00,24.069,92.45653,1009.83545,17.068707,332.3541,0.0,89.0,3.0
2014-07-24 01:00:00+00:00,24.069,92.45653,1010.3352,17.873556,332.4028,0.0,95.0,3.0
2014-07-24 02:00:00+00:00,24.169,91.90328,1010.7354,20.94507,331.23245,0.0,93.0,3.0
2014-07-24 03:00:00+00:00,24.619001,89.45941,1011.0359,21.26744,326.0409,0.1,98.0,51.0
2014-07-24 04:00:00+00:00,25.519001,84.78787,1011.3373,21.166653,318.44748,0.1,91.0,51.0
2014-07-24 05:00:00+00:00,26.369001,81.11673,1010.93884,20.65848,311.46762,0.1,94.0,51.0
2014-07-24 06:00:00+00:00,26.869001,79.48093,1010.7395,21.26744,303.9591,0.1,92.0,51.0
2014-07-24 07:00:00+00:00,27.319,77.40888,1009.9405,22.553936,298.61035,0.2,95.0,51.0
2014-07-24 08:00:00+00:00,27.269001,78.107124,1009.44073,23.34455,296.56497,0.2,92.0,51.0
2014-07-24 09:00:00+00:00,27.269001,78.34358,1009.0409,23.83624,295.01685,0.2,82.0,51.0
2014-07-24 10:00:00+00:00,26.969,79.9765,1008.6408,24.387178,301.10873,0.1,88.0,51.0
2014-07-24 11:00:00+00:00,26.719,80.91619,1008.5401,22.9724,302.1957,0.2,88.0,51.0
2014-07-24 12:00:00+00:00,26.269001,83.595474,1008.83936,20.26899,303.40784,0.1,99.0,51.0
2014-07-24 13:00:00+00:00,25.719,87.41008,1009.23865,18.504139,307.09293,0.0,98.0,3.0
2014-07-24 14:00:00+00:00,25.319,89.51153,1010.23755,16.831684,311.53168,0.0,99.0,3.0
2014-07-24 15:00:00+00:00,24.969,90.02806,1011.3363,18.335276,313.4089,0.0,100.0,3.0
2014-07-24 16:00:00+00:00,24.869001,89.74915,1011.93585,18.161278,320.63068,0.0,100.0,3.0
2014-07-24 17:00:00+00:00,24.719,90.28315,1012.4356,17.873556,325.66974,0.0,100.0,3.0
2014-07-24 18:00:00+00:00,24.669,90.82764,1012.1353,15.990646,328.8151,0.0,100.0,3.0
2014-07-24 19:00:00+00:00,24.619001,90.82436,1011.63556,13.849477,332.1028,0.0,100.0,3.0
2014-07-24 20:00:00+00:00,24.519001,91.093155,1011.1358,14.336861,331.50446,0.0,100.0,3.0
2014-07-24 21:00:00+00:00,24.469,91.366165,1010.8356,15.876775,327.03058,0.0,100.0,3.0
2014-07-24 22:00:00+00:00,24.319,91.6341,1010.13586,16.434305,331.1893,0.0,99.0,3.0
2014-07-24 23:00:00+00:00,24.169,92.46195,1010.0357,15.459054,332.24155,0.0,100.0,3.0
2014-07-25 00:00:00+00:00,24.019001,93.01599,1010.5351,16.09969,333.43503,0.0,99.0,3.0
2014-07-25 01:00:00+00:00,23.969,93.29582,1010.5351,16.1198,336.29733,0.0,100.0,3.0
2014-07-25 02:00:00+00:00,24.169,91.90328,1011.3351,18.681883,334.9164,0.0,100.0,3.0
2014-07-25 03:00:00+00:00,24.969,87.609146,1011.9361,20.3774,327.99466,0.0,100.0,3.0
2014-07-25 04:00:00+00:00,25.769001,83.03427,1012.23724,19.95972,320.85602,0.0,99.0,3.0
2014-07-25 05:00:00+00:00,26.719,78.98038,1011.9386,20.111729,314.27487,0.0,97.0,3.0
2014-07-25 06:00:00+00:00,27.269001,76.934166,1011.7396,21.479664,309.55963,0.0,92.0,3.0
2014-07-25 07:00:00+00:00,27.319,76.47697,1011.23987,22.768396,304.69522,0.0,76.0,2.0
2014-07-25 08:00:00+00:00,27.469,76.73177,1010.6405,23.363974,303.6901,0.0,84.0,3.0
2014-07-25 09:00:00+00:00,27.369001,77.65073,1009.8408,23.966375,302.7352,0.0,92.0,3.0
2014-07-25 10:00:00+00:00,27.219,78.33647,1008.9409,24.27265,305.34018,0.0,84.0,3.0
2014-07-25 11:00:00+00:00,26.769001,80.67842,1008.7404,23.838959,308.25446,0.0,87.0,3.0
2014-07-25 12:00:00+00:00,26.369001,82.602776,1009.23956,22.039528,308.36752,0.0,93.0,3.0
2014-07-25 13:00:00+00:00,25.719,86.36133,1009.9383,19.453327,308.991,0.0,95.0,3.0
2014-07-25 14:00:00+00:00,25.319,88.43756,1010.5374,18.59845,312.64667,0.0,95.0,3.0
2014-07-25 15:00:00+00:00,25.119001,88.95754,1011.43665,18.089775,317.41956,0.0,93.0,3.0
2014-07-25 16:00:00+00:00,24.919,89.48179,1012.3359,17.283749,324.3235,0.0,98.0,3.0
2014-07-25 17:00:00+00:00,24.769001,89.47062,1012.5355,17.477621,327.61935,0.0,99.0,3.0
2014-07-25 18:00:00+00:00,24.569,89.72733,1012.43524,17.595861,329.23734,0.0,100.0,3.0
2014-07-25 19:00:00+00:00,24.619001,89.73094,1011.63556,17.727943,330.8325,0.0,98.0,3.0
2014-07-25 20:00:00+00:00,24.419,90.53644,1010.8356,17.388409,332.90454,0.0,99.0,3.0
2014-07-25 21:00:00+00:00,24.319,91.08043,1010.2359,17.22742,333.97046,0.0,100.0,3.0
2014-07-25 22:00:00+00:00,24.169,91.62505,1010.0357,18.775303,327.52884,0.0,100.0,3.0
2014-07-25 23:00:00+00:00,24.169,91.62505,1009.9358,19.08,328.10925,0.0,100.0,3.0
2014-07-26 00:00:00+00:00,24.119001,91.90036,1010.43555,18.892282,329.03632,0.0,100.0,3.0
2014-07-26 01:00:00+00:00,24.169,91.62505,1010.8353,18.03237,333.94656,0.0,100.0,3.0
2014-07-26 02:00:00+00:00,24.419,90.262344,1011.73517,21.413193,333.00424,0.0,100.0,3.0
2014-07-26 03:00:00+00:00,25.019001,86.82016,1012.2359,23.893261,329.18436,0.0,100.0,3.0
2014-07-26 04:00:00+00:00,25.719,83.53378,1012.637,24.627789,322.12497,0.0,100.0,3.0
2014-07-26 05:00:00+00:00,26.219,81.59084,1012.33777,24.72495,317.95087,0.2,100.0,51.0
2014-07-26 06:00:00+00:00,26.969,78.53826,1012.13916,24.184391,315.60303,0.1,100.0,51.0
2014-07-26 07:00:00+00:00,27.369001,77.41626,1011.64,24.442913,313.8066,0.1,100.0,51.0
2014-07-26 08:00:00+00:00,27.319,78.35071,1011.04,25.076267,309.17365,0.1,98.0,51.0
2014-07-26 09:00:00+00:00,26.919,79.487724,1010.23975,25.762016,303.02386,0.2,99.0,51.0
2014-07-26 10:00:00+00:00,25.869001,85.08127,1009.23865,26.072052,305.4458,0.2,99.0,51.0
2014-07-26 11:00:00+00:00,25.769001,84.814026,1009.33856,25.862436,308.78436,0.3,95.0,51.0
2014-07-26 12:00:00+00:00,25.369001,86.06706,1010.4375,21.710716,310.29205,0.3,95.0,51.0
2014-07-26 13:00:00+00:00,25.019001,88.14585,1010.6366,19.881649,312.06424,0.0,99.0,3.0
2014-07-26 14:00:00+00:00,24.819,88.93416,1011.43604,22.45315,318.9006,0.0,98.0,3.0
2014-07-26 15:00:00+00:00,24.719,90.01033,1012.4356,21.38897,316.36386,0.0,99.0,3.0
2014-07-26 16:00:00+00:00,24.619001,90.82436,1012.53516,21.38897,316.36386,0.0,100.0,3.0
2014-07-26 17:00:00+00:00,24.469,91.92074,1012.5348,18.626305,318.91833,0.0,100.0,3.0
2014-07-26 18:00:00+00:00,24.369001,92.4728,1012.63477,17.84816,318.27057,0.0,100.0,3.0
2014-07-26 19:00:00+00:00,24.519001,91.92363,1011.9355,17.057314,315.855,0.0,100.0,3.0
2014-07-26 20:00:00+00:00,24.519001,91.646065,1011.73553,18.075441,315.80682,0.0,100.0,3.0
2014-07-26 21:00:00+00:00,24.369001,91.9149,1010.93555,19.64228,318.7154,0.0,100.0,3.0
2014-07-26 22:00:00+00:00,24.369001,91.637085,1011.0355,19.681828,320.1945,0.0,100.0,3.0
2014-07-26 23:00:00+00:00,24.219,92.18508,1010.9353,19.228851,321.8427,0.0,100.0,3.0
2014-07-27 00:00:00+00:00,24.119001,92.739784,1011.4351,19.008545,322.69595,0.0,100.0,3.0
2014-07-27 01:00:00+00:00,24.019001,93.01599,1011.6346,19.64228,318.7154,0.0,100.0,3.0
2014-07-27 02:00:00+00:00,24.219,92.18508,1012.1347,22.961115,311.18582,0.3,100.0,51.0
2014-07-27 03:00:00+00:00,24.869001,87.86653,1013.13525,24.43761,315.0001,0.5,100.0,53.0
2014-07-27 04:00:00+00:00,25.219,87.63082,1013.23584,23.78453,320.52756,0.1,100.0,51.0
2014-07-27 05:00:00+00:00,25.619001,85.313416,1012.9366,23.469128,311.2685,0.0,100.0,3.0
2014-07-27 06:00:00+00:00,26.269001,81.59705,1013.2374,24.774696,305.53775,0.3,100.0,51.0
2014-07-27 07:00:00+00:00,26.219,81.34394,1012.33777,25.762016,303.02386,0.5,100.0,53.0
2014-07-27 08:00:00+00:00,26.519001,80.40219,1011.93835,25.49908,300.5475,0.4,93.0,51.0
2014-07-27 09:00:00+00:00,25.869001,83.804054,1010.7379,24.863466,304.3804,0.4,97.0,51.0
2014-07-27 10:00:00+00:00,26.019001,83.063126,1010.43835,26.826641,310.10083,0.3,99.0,51.0
2014-07-27 11:00:00+00:00,25.869001,84.05813,1010.3381,26.31942,310.0062,0.4,100.0,51.0
2014-07-27 12:00:00+00:00,25.719,84.80881,1010.8379,23.557316,308.79657,0.4,100.0,51.0
2014-07-27 13:00:00+00:00,25.269001,88.166664,1011.3367,21.203358,310.17917,0.2,100.0,51.0
2014-07-27 14:00:00+00:00,24.819,90.563416,1011.93585,18.864824,311.90585,0.0,100.0,3.0
2014-07-27 15:00:00+00:00,24.619001,90.82436,1012.43524,19.862083,313.53125,0.0,100.0,3.0
2014-07-27 16:00:00+00:00,24.519001,91.369255,1012.835,19.602652,315.74396,0.0,100.0,3.0
2014-07-27 17:00:00+00:00,24.469,91.64309,1012.83466,19.09358,315.7638,0.0,100.0,3.0
2014-07-27 18:00:00+00:00,24.419,92.1963,1013.0346,18.864824,311.90585,0.0,100.0,3.0
2014-07-27 19:00:00+00:00,24.369001,92.4728,1012.13495,18.947083,308.82983,0.2,100.0,51.0
2014-07-27 20:00:00+00:00,24.119001,92.45921,1011.53503,20.380579,305.65543,0.2,100.0,51.0
2014-07-27 21:00:00+00:00,23.919,93.860504,1010.83496,22.065973,303.6901,0.3,100.0,51.0
2014-07-27 22:00:00+00:00,23.869001,93.858246,1010.2353,19.453327,308.991,0.3,100.0,51.0
2014-07-27 23:00:00+00:00,23.819,94.14093,1010.1351,20.696087,310.0607,0.3,100.0,51.0
2014-07-28 00:00:00+00:00,23.869001,93.858246,1010.2353,19.734436,308.33337,0.2,100.0,51.0
2014-07-28 01:00:00+00:00,23.869001,94.14305,1010.83496,21.313093,307.45065,0.2,100.0,51.0
2014-07-28 02:00:00+00:00,24.019001,93.58123,1011.3347,21.817902,307.6263,0.2,100.0,51.0
2014-07-28 03:00:00+00:00,24.419,92.47553,1012.03503,21.175837,305.31128,0.3,99.0,51.0
2014-07-28 04:00:00+00:00,24.919,88.6731,1012.3359,19.272614,302.79953,0.3,100.0,51.0
2014-07-28 05:00:00+00:00,24.969,88.40906,1011.83606,19.8,306.86996,0.7,100.0,53.0
2014-07-28 06:00:00+00:00,25.369001,88.97701,1011.5369,20.08916,306.25394,0.2,100.0,51.0
2014-07-28 07:00:00+00:00,25.969,86.64568,1010.53827,20.46941,304.24908,0.0,100.0,3.0
2014-07-28 08:00:00+00:00,26.369001,86.16327,1010.0392,20.570463,302.8557,0.0,100.0,3.0
2014-07-28 09:00:00+00:00,26.169,86.664215,1009.43915,20.3774,302.00534,0.1,100.0,51.0
2014-07-28 10:00:00+00:00,26.069,86.65497,1009.03894,22.238562,299.0545,0.1,100.0,51.0
2014-07-28 11:00:00+00:00,25.869001,87.16025,1009.0387,20.3774,302.00534,0.0,100.0,3.0
2014-07-28 12:00:00+00:00,25.569,87.92598,1008.9384,19.878391,305.4171,0.0,100.0,3.0
2014-07-28 13:00:00+00:00,25.169,89.770935,1009.3376,18.504139,307.09293,0.0,100.0,3.0
2014-07-28 14:00:00+00:00,24.769001,90.83419,1010.33655,19.008545,307.30402,0.1,100.0,51.0
2014-07-28 15:00:00+00:00,24.519001,91.92363,1011.2358,18.947083,308.82983,0.2,100.0,51.0
2014-07-28 16:00:00+00:00,24.419,92.47553,1011.5353,19.64228,311.2846,0.1,100.0,51.0
2014-07-28 17:00:00+00:00,24.469,92.47826,1011.5353,20.111729,314.27487,0.0,100.0,3.0
2014-07-28 18:00:00+00:00,24.419,92.47553,1011.3353,20.929594,319.18503,0.0,100.0,3.0
2014-07-28 19:00:00+00:00,24.369001,93.31519,1010.5357,21.533897,321.78894,0.0,100.0,3.0
2014-07-28 20:00:00+00:00,24.369001,92.75288,1010.2359,20.746122,321.34018,0.0,100.0,3.0
2014-07-28 21:00:00+00:00,24.269001,93.31038,1009.73584,19.914215,319.39877,0.0,100.0,3.0
2014-07-28 22:00:00+00:00,24.119001,94.15372,1009.1361,18.440998,321.34018,0.1,100.0,51.0
2014-07-28 23:00:00+00:00,24.119001,93.869415,1009.2361,18.35647,318.1799,0.1,100.0,51.0
2014-07-29 00:00:00+00:00,24.119001,93.869415,1009.63586,17.84816,318.27057,0.0,100.0,3.0
2014-07-29 01:00:00+00:00,24.119001,93.585884,1010.23566,18.440998,321.34018,0.0,100.0,3.0
2014-07-29 02:00:00+00:00,24.269001,92.747635,1010.63544,18.289274,323.8067,0.1,100.0,51.0
2014-07-29 03:00:00+00:00,24.669,90.27966,1011.0359,18.723461,322.02835,0.0,99.0,3.0
2014-07-29 04:00:00+00:00,25.169,87.89205,1011.0368,20.390114,317.86246,0.2,100.0,51.0
2014-07-29 05:00:00+00:00,25.669,85.57697,1010.9375,20.620804,314.29276,0.2,100.0,51.0
2014-07-29 06:00:00+00:00,26.319,82.34749,1010.8388,20.633371,312.8789,0.4,98.0,51.0
2014-07-29 07:00:00+00:00,26.269001,84.355865,1009.8389,20.808498,307.26648,0.5,95.0,53.0
2014-07-29 08:00:00+00:00,26.969,84.43062,1009.04065,20.87379,302.31958,0.3,90.0,51.0
2014-07-29 09:00:00+00:00,27.169,84.70524,1008.64105,22.057161,296.1468,0.0,72.0,2.0
2014-07-29 10:00:00+00:00,27.019001,85.967606,1008.241,21.325253,291.80148,0.1,65.0,51.0
2014-07-29 11:00:00+00:00,26.769001,87.240425,1007.8408,20.858265,291.25058,0.1,87.0,51.0
2014-07-29 12:00:00+00:00,26.369001,88.25755,1008.8397,20.188908,291.99118,0.3,90.0,51.0
2014-07-29 13:00:00+00:00,25.819,87.9471,1009.1386,20.46941,293.86017,0.3,93.0,51.0
2014-07-29 14:00:00+00:00,25.669,88.73276,1009.9379,23.03156,294.96277,0.3,91.0,51.0
2014-07-29 15:00:00+00:00,25.569,89.26094,1010.73755,21.2522,296.13095,0.4,96.0,51.0
2014-07-29 16:00:00+00:00,25.469,89.522675,1011.0372,18.847641,298.523,0.2,97.0,51.0
2014-07-29 17:00:00+00:00,25.269001,90.59359,1011.43665,18.892282,300.96368,0.2,100.0,51.0
2014-07-29 18:00:00+00:00,25.069,91.95546,1011.4363,18.709612,300.01828,0.1,100.0,51.0
2014-07-29 19:00:00+00:00,24.919,91.39395,1011.03644,18.218275,299.60434,0.1,100.0,51.0
2014-07-29 20:00:00+00:00,24.569,92.763336,1010.3362,17.399586,294.44394,0.2,100.0,51.0
2014-07-29 21:00:00+00:00,24.369001,92.75288,1010.03595,18.388212,293.05133,0.3,100.0,51.0
2014-07-29 22:00:00+00:00,24.169,91.62505,1010.0357,19.586119,306.02747,0.3,100.0,51.0
2014-07-29 23:00:00+00:00,24.269001,90.8014,1009.73584,16.870138,309.8055,0.2,100.0,51.0
2014-07-30 00:00:00+00:00,24.219,91.35068,1010.23566,17.10284,310.73203,0.2,100.0,51.0
2014-07-30 01:00:00+00:00,24.119001,92.739784,1010.43555,17.884428,310.10083,0.2,100.0,51.0
2014-07-30 02:00:00+00:00,24.219,92.74501,1011.0353,19.296135,306.6562,0.2,99.0,51.0
2014-07-30 03:00:00+00:00,24.619001,90.54991,1011.4357,21.178896,301.79886,0.3,99.0,51.0
2014-07-30 04:00:00+00:00,25.069,88.4172,1011.53625,20.456745,298.36896,0.5,100.0,53.0
2014-07-30 05:00:00+00:00,26.069,86.1345,1011.13794,19.191748,293.1986,0.4,99.0,51.0
2014-07-30 06:00:00+00:00,26.869001,84.166756,1011.03937,18.899143,287.74475,0.1,98.0,51.0
2014-07-30 07:00:00+00:00,27.219,83.70126,1010.3403,19.586117,287.1028,0.2,99.0,51.0
2014-07-30 08:00:00+00:00,27.369001,83.96894,1009.541,20.523157,285.25516,0.2,100.0,51.0
2014-07-30 09:00:00+00:00,27.469,83.97986,1008.7414,21.068459,286.88687,0.2,99.0,51.0
2014-07-30 10:00:00+00:00,27.319,83.9635,1008.3412,21.862406,287.24155,0.2,97.0,51.0
2014-07-30 11:00:00+00:00,27.019001,84.18297,1008.4409,22.545315,289.59238,0.2,98.0,51.0
2014-07-30 12:00:00+00:00,26.619001,85.15805,1008.94,21.129885,293.07043,0.0,97.0,3.0
2014-07-30 13:00:00+00:00,25.819,86.63178,1009.43854,20.00512,300.25635,0.1,100.0,51.0
2014-07-30 14:00:00+00:00,25.569,87.66109,1010.3377,19.734436,308.33337,0.3,99.0,51.0
2014-07-30 15:00:00+00:00,25.219,90.59022,1010.737,18.844202,313.4519,0.2,99.0,51.0
2014-07-30 16:00:00+00:00,25.069,91.67896,1010.9365,18.11841,319.02835,0.1,100.0,51.0
2014-07-30 17:00:00+00:00,24.919,92.2243,1011.2364,17.713316,322.43134,0.0,100.0,3.0
2014-07-30 18:00:00+00:00,24.669,92.489075,1011.0359,18.218275,322.22424,0.0,100.0,3.0
2014-07-30 19:00:00+00:00,24.569,91.92656,1010.83594,17.935081,321.51978,0.0,100.0,3.0
2014-07-30 20:00:00+00:00,24.419,91.64007,1010.03595,16.489416,323.88055,0.0,100.0,3.0
2014-07-30 21:00:00+00:00,24.269001,91.90911,1009.73584,15.484185,324.46225,0.0,100.0,3.0
2014-07-30 22:00:00+00:00,24.169,92.18223,1009.9358,16.595179,319.39877,0.0,100.0,3.0
2014-07-30 23:00:00+00:00,24.069,92.45653,1009.5356,16.323528,318.57642,0.0,100.0,3.0
2014-07-31 00:00:00+00:00,24.069,92.17662,1009.5356,15.856354,320.52756,0.0,100.0,3.0
2014-07-31 01:00:00+00:00,24.019001,92.73452,1009.83545,16.595179,319.39877,0.0,100.0,3.0
2014-07-31 02:00:00+00:00,24.419,89.989,1010.03595,16.595179,319.39877,0.0,100.0,3.0
2014-07-31 03:00:00+00:00,25.219,86.57584,1010.2372,17.309975,315.0001,0.0,99.0,3.0
2014-07-31 04:00:00+00:00,25.919,83.55626,1010.73816,19.8,306.86996,0.2,100.0,51.0
2014-07-31 05:00:00+00:00,26.419,81.36901,1010.8388,18.374111,304.62424,0.4,98.0,51.0
2014-07-31 06:00:00+00:00,26.769001,80.19204,1010.53955,18.86139,293.6294,0.3,92.0,51.0
2014-07-31 07:00:00+00:00,27.169,82.69671,1010.0404,18.692286,285.6423,0.2,97.0,51.0
2014-07-31 08:00:00+00:00,27.269001,82.460464,1009.2408,18.079027,282.65256,0.1,99.0,51.0
2014-07-31 09:00:00+00:00,27.019001,84.18297,1008.7408,18.448023,275.59924,0.3,92.0,51.0
2014-07-31 10:00:00+00:00,26.919,82.41895,1008.0407,20.523157,285.25516,0.9,99.0,53.0
2014-07-31 11:00:00+00:00,26.369001,85.64654,1008.1401,17.193533,289.5732,0.6,100.0,53.0
2014-07-31 12:00:00+00:00,25.819,83.54502,1008.53894,20.60823,289.3846,1.3,91.0,61.0
2014-07-31 13:00:00+00:00,25.219,87.10195,1008.9378,21.129885,293.07043,0.6,83.0,53.0
2014-07-31 14:00:00+00:00,25.069,87.88358,1009.4372,17.873556,297.5972,0.4,82.0,51.0
2014-07-31 15:00:00+00:00,24.919,89.48179,1009.937,16.75064,298.21725,0.3,83.0,51.0
2014-07-31 16:00:00+00:00,24.769001,90.83419,1010.4365,14.512064,299.74478,0.5,83.0,53.0
2014-07-31 17:00:00+00:00,24.469,92.7581,1011.0355,14.689588,306.02747,0.4,83.0,51.0
2014-07-31 18:00:00+00:00,24.469,92.7581,1011.0355,16.375053,303.34073,0.4,89.0,51.0
2014-07-31 19:00:00+00:00,24.319,93.59519,1010.73566,17.673029,303.36636,0.9,85.0,53.0
2014-07-31 20:00:00+00:00,24.119001,93.585884,1009.8358,16.704155,307.11694,0.9,83.0,53.0
2014-07-31 21:00:00+00:00,24.269001,93.31038,1009.73584,16.489416,306.11945,0.6,87.0,53.0
2014-07-31 22:00:00+00:00,24.319,93.03118,1008.93646,17.429354,308.2902,0.2,83.0,51.0
2014-07-31 23:00:00+00:00,24.319,93.03118,1009.33624,16.08761,310.46216,0.3,88.0,51.0
2014-08-01 00:00:00+00:00,24.169,93.5882,1009.53595,16.323528,311.42358,0.3,99.0,51.0
2014-08-01 01:00:00+00:00,24.119001,94.724525,1009.9358,17.884428,310.10083,0.3,95.0,51.0
2014-08-01 02:00:00+00:00,24.319,91.6341,1009.93604,19.228851,308.15726,0.6,99.0,53.0
2014-08-01 03:00:00+00:00,24.869001,91.943886,1010.53644,16.08761,310.46216,0.3,98.0,51.0
2014-08-01 04:00:00+00:00,25.619001,90.34508,1010.8375,16.323528,311.42358,0.2,100.0,51.0
2014-08-01 05:00:00+00:00,26.369001,87.99335,1010.8388,15.629971,308.45374,0.1,100.0,51.0
2014-08-01 06:00:00+00:00,26.869001,82.91078,1011.03937,15.778516,304.7779,0.3,100.0,51.0
2014-08-01 07:00:00+00:00,25.569,91.15971,1010.6376,17.595861,300.76263,1.2,99.0,55.0
2014-08-01 08:00:00+00:00,25.319,91.96987,1009.7378,16.746773,295.46332,2.2,100.0,61.0
2014-08-01 09:00:00+00:00,24.819,95.60904,1009.23706,17.654688,290.28265,2.3,100.0,61.0
2014-08-01 10:00:00+00:00,24.719,92.77115,1008.53735,18.514643,296.56497,2.6,100.0,63.0
2014-08-01 11:00:00+00:00,24.469,93.88501,1008.1368,18.998316,297.0505,2.3,100.0,61.0
2014-08-01 12:00:00+00:00,24.519001,93.887184,1008.9368,15.408671,307.40543,1.7,100.0,61.0
2014-08-01 13:00:00+00:00,24.569,94.172806,1008.73694,14.4,306.86996,1.4,100.0,61.0
2014-08-01 14:00:00+00:00,24.469,95.597786,1009.5362,19.376562,305.1665,1.5,100.0,61.0
2014-08-01 15:00:00+00:00,24.119001,95.2984,1010.23566,17.309975,315.0001,1.9,100.0,61.0
2014-08-01 16:00:00+00:00,24.619001,91.92941,1010.736,16.641972,321.1466,1.4,100.0,61.0
2014-08-01 17:00:00+00:00,24.569,92.48368,1011.2358,19.406637,319.51407,1.2,100.0,55.0
2014-08-01 18:00:00+00:00,24.419,92.75549,1010.8356,19.8,323.13,1.0,100.0,55.0
2014-08-01 19:00:00+00:00,24.269001,93.31038,1010.1356,18.0,323.13,0.6,100.0,53.0
2014-08-01 20:00:00+00:00,24.219,93.873886,1009.73584,20.633371,317.1211,0.3,100.0,51.0
2014-08-01 21:00:00+00:00,24.119001,93.585884,1009.53595,19.602652,314.256,0.4,99.0,51.0
2014-08-01 22:00:00+00:00,24.069,94.72265,1009.0358,18.844202,316.5481,0.3,100.0,51.0
2014-08-01 23:00:00+00:00,24.069,94.151596,1009.0358,18.723461,322.02835,0.2,100.0,51.0
2014-08-02 00:00:00+00:00,24.069,93.583565,1009.5356,20.620804,315.70724,0.3,100.0,51.0
2014-08-02 01:00:00+00:00,24.019001,94.43468,1009.73553,20.620804,315.70724,0.3,100.0,51.0
2014-08-02 02:00:00+00:00,24.269001,93.028625,1010.1356,18.947083,321.17017,0.1,100.0,51.0
2014-08-02 03:00:00+00:00,24.719,91.38161,1010.7364,19.008545,322.69595,0.2,97.0,51.0
2014-08-02 04:00:00+00:00,25.519001,86.08155,1011.0374,19.602652,315.74396,0.3,97.0,51.0
2014-08-02 05:00:00+00:00,25.369001,84.77216,1011.0372,18.584509,314.21527,0.7,99.0,53.0
2014-08-02 06:00:00+00:00,25.719,87.674034,1010.63794,19.61587,312.7688,0.2,98.0,51.0
2014-08-02 07:00:00+00:00,26.819,84.41463,1010.33966,20.929594,310.81497,0.0,97.0,3.0
2014-08-02 08:00:00+00:00,27.019001,83.67907,1009.5404,21.203358,310.17917,0.0,96.0,3.0
2014-08-02 09:00:00+00:00,27.419,81.24925,1008.8413,22.180206,305.75397,0.0,99.0,3.0
2014-08-02 10:00:00+00:00,27.169,81.46267,1008.14124,23.584808,301.26367,0.2,98.0,51.0
2014-08-02 11:00:00+00:00,26.219,83.33769,1008.1397,24.063513,308.92755,0.3,100.0,51.0
2014-08-02 12:00:00+00:00,26.069,83.320656,1008.5392,20.111729,314.27487,0.1,100.0,51.0
2014-08-02 13:00:00+00:00,25.769001,85.84595,1008.73883,16.80857,316.73566,0.0,100.0,3.0
2014-08-02 14:00:00+00:00,25.519001,87.39249,1009.5381,16.299694,316.7899,0.0,100.0,3.0
2014-08-02 15:00:00+00:00,25.219,89.23437,1010.43713,17.84816,311.72943,0.0,100.0,3.0
2014-08-02 16:00:00+00:00,24.969,90.02806,1011.03644,20.696087,310.0607,0.0,100.0,3.0
2014-08-02 17:00:00+00:00,24.919,90.02452,1011.2364,17.826363,316.63654,0.0,99.0,3.0
2014-08-02 18:00:00+00:00,24.819,90.29007,1011.13617,17.339897,318.36655,0.0,100.0,3.0
2014-08-02 19:00:00+00:00,24.719,90.01033,1010.4365,18.075441,314.19315,0.0,100.0,3.0
2014-08-02 20:00:00+00:00,24.519001,91.369255,1009.8364,18.075441,315.80682,0.0,100.0,3.0
2014-08-02 21:00:00+00:00,24.269001,92.747635,1009.336,18.335276,316.5911,0.1,100.0,51.0
2014-08-02 22:00:00+00:00,24.119001,92.17943,1008.7363,19.373219,311.98712,0.4,100.0,51.0
2014-08-02 23:00:00+00:00,24.019001,92.45377,1008.73596,21.313093,307.45065,0.4,100.0,51.0
2014-08-03 00:00:00+00:00,23.919,92.44835,1009.2357,22.392464,306.50153,0.5,100.0,53.0
2014-08-03 01:00:00+00:00,23.819,93.85606,1009.4354,19.95972,309.14398,0.6,100.0,53.0
2014-08-03 02:00:00+00:00,23.969,93.578926,1010.03534,19.914215,310.60123,0.3,100.0,51.0
2014-08-03 03:00:00+00:00,24.519001,92.48093,1010.83594,20.188908,309.9363,0.3,100.0,51.0
2014-08-03 04:00:00+00:00,25.219,87.63082,1010.9369,21.67786,305.53775,0.2,100.0,51.0
2014-08-03 05:00:00+00:00,25.719,85.06586,1010.8379,22.288042,301.1224,0.3,98.0,51.0
2014-08-03 06:00:00+00:00,26.069,84.58955,1010.6382,20.929594,296.56497,0.3,96.0,51.0
2014-08-03 07:00:00+00:00,26.369001,83.85931,1010.13916,20.730501,290.3232,0.3,83.0,51.0
2014-08-03 08:00:00+00:00,26.169,86.664215,1009.3392,25.959969,289.44012,0.5,85.0,53.0
2014-08-03 09:00:00+00:00,25.619001,87.40128,1009.0383,23.871555,293.08514,1.1,83.0,55.0
2014-08-03 10:00:00+00:00,26.169,86.92528,1008.1397,21.470612,304.75598,0.3,64.0,51.0
2014-08-03 11:00:00+00:00,25.719,83.787445,1007.83923,21.794127,300.80136,0.5,94.0,53.0
2014-08-03 12:00:00+00:00,25.019001,86.294785,1008.5376,23.86341,303.92984,0.5,97.0,53.0
2014-08-03 13:00:00+00:00,24.769001,88.93021,1008.53735,24.066206,304.641,0.5,98.0,53.0
2014-08-03 14:00:00+00:00,24.569,89.99968,1009.3366,21.252197,308.8114,0.2,100.0,51.0
2014-08-03 15:00:00+00:00,24.619001,90.54991,1010.0363,21.650938,312.97864,0.0,100.0,3.0
2014-08-03 16:00:00+00:00,24.419,92.47553,1010.4358,21.892027,315.0001,0.1,99.0,51.0
2014-08-03 17:00:00+00:00,24.319,93.31282,1010.5357,22.148046,314.34152,0.1,89.0,51.0
2014-08-03 18:00:00+00:00,24.169,93.30552,1010.43555,20.88,313.6029,0.1,97.0,51.0
2014-08-03 19:00:00+00:00,24.369001,92.75288,1009.93604,20.633371,312.8789,0.2,100.0,51.0
2014-08-03 20:00:00+00:00,24.019001,93.29825,1009.3357,22.26477,309.09384,0.2,100.0,51.0
2014-08-03 21:00:00+00:00,23.769001,93.85378,1008.93567,21.758419,308.9559,0.4,100.0,51.0
2014-08-03 22:00:00+00:00,23.719,93.851585,1008.036,21.758419,308.9559,0.5,100.0,53.0
2014-08-03 23:00:00+00:00,23.669,94.420456,1008.136,22.039528,308.36752,0.4,100.0,51.0
2014-08-04 00:00:00+00:00,23.669,93.56488,1008.5358,21.385939,306.09836,0.3,99.0,51.0
2014-08-04 01:00:00+00:00,24.019001,91.89455,1009.43567,21.479664,309.55963,0.1,100.0,51.0
2014-08-04 02:00:00+00:00,24.369001,90.25889,1009.7361,21.638964,315.67395,0.1,100.0,51.0
2014-08-04 03:00:00+00:00,24.669,89.19241,1010.23627,22.218153,319.60016,0.2,100.0,51.0
2014-08-04 04:00:00+00:00,25.169,87.62646,1010.43713,23.708124,318.07755,0.2,100.0,51.0
2014-08-04 05:00:00+00:00,25.569,85.30838,1010.2378,24.485292,311.42358,0.6,100.0,53.0
2014-08-04 06:00:00+00:00,25.969,84.83491,1010.1384,26.208397,307.18478,0.2,99.0,51.0
2014-08-04 07:00:00+00:00,26.319,80.620125,1009.23956,25.922499,307.66568,0.4,100.0,51.0
2014-08-04 08:00:00+00:00,26.619001,78.966446,1008.3402,25.63847,308.15726,0.4,100.0,51.0
2014-08-04 09:00:00+00:00,26.719,79.2201,1007.5406,25.7041,307.0305,0.2,100.0,51.0
2014-08-04 10:00:00+00:00,26.769001,79.46731,1006.74133,25.762016,303.02386,0.4,99.0,51.0
2014-08-04 11:00:00+00:00,26.469,81.1294,1007.0406,25.959969,303.6901,0.4,97.0,51.0
2014-08-04 12:00:00+00:00,26.069,82.068474,1007.4397,21.313093,307.45065,0.3,92.0,51.0
2014-08-04 13:00:00+00:00,25.519001,85.82143,1007.93884,21.67487,311.63345,0.0,85.0,3.0
2014-08-04 14:00:00+00:00,25.219,87.36602,1008.43805,20.88,316.3971,0.0,77.0,2.0
2014-08-04 15:00:00+00:00,24.969,89.48554,1009.5372,19.174856,320.33218,0.0,68.0,2.0
2014-08-04 16:00:00+00:00,24.819,90.83746,1009.93677,17.935081,321.51978,0.0,76.0,2.0
2014-08-04 17:00:00+00:00,24.469,91.92074,1010.4358,17.884428,319.89914,0.0,89.0,3.0
2014-08-04 18:00:00+00:00,24.419,92.1963,1010.13586,18.59845,317.35333,0.0,95.0,3.0
2014-08-04 19:00:00+00:00,24.569,90.8211,1009.3366,19.09358,315.7638,0.0,96.0,3.0
2014-08-04 20:00:00+00:00,24.469,91.366165,1009.13635,18.075441,315.80682,0.0,96.0,3.0
2014-08-04 21:00:00+00:00,24.219,92.46469,1008.43646,19.862083,313.53125,0.2,100.0,51.0
2014-08-04 22:00:00+00:00,24.219,91.90619,1008.13654,18.075441,314.19315,0.2,100.0,51.0
2014-08-04 23:00:00+00:00,24.319,91.6341,1008.4367,18.837324,315.0001,0.0,100.0,3.0
2014-08-05 00:00:00+00:00,24.269001,92.18788,1008.63635,19.35314,316.5074,0.1,100.0,51.0
2014-08-05 01:00:00+00:00,24.319,91.91204,1009.03644,18.899143,319.63553,0.0,100.0,3.0
2014-08-05 02:00:00+00:00,24.519001,91.093155,1009.9364,19.406637,319.51407,0.0,100.0,3.0
2014-08-05 03:00:00+00:00,24.819,89.74554,1010.53644,22.45315,318.9006,0.2,100.0,51.0
2014-08-05 04:00:00+00:00,25.219,88.42942,1010.53705,22.66857,316.93057,0.3,99.0,51.0
2014-08-05 05:00:00+00:00,25.519001,87.92173,1010.43774,24.216522,311.98712,0.5,99.0,53.0
2014-08-05 06:00:00+00:00,25.869001,84.82447,1010.3381,22.828087,307.95428,0.7,98.0,53.0
2014-08-05 07:00:00+00:00,26.769001,82.899216,1009.8399,23.4,300.51016,0.0,99.0,3.0
2014-08-05 08:00:00+00:00,26.819,83.40558,1009.54004,22.415602,299.85892,0.0,98.0,3.0
2014-08-05 09:00:00+00:00,26.919,84.17218,1008.84033,21.900904,295.30136,0.0,98.0,3.0
2014-08-05 10:00:00+00:00,26.769001,84.918,1008.44055,21.67487,302.10623,0.0,89.0,3.0
2014-08-05 11:00:00+00:00,26.469,86.69193,1008.33997,21.370783,302.61923,0.0,85.0,3.0
2014-08-05 12:00:00+00:00,25.769001,86.36603,1008.439,21.028437,308.0471,0.3,68.0,51.0
2014-08-05 13:00:00+00:00,25.519001,86.86603,1008.9384,20.696087,310.0607,0.0,79.0,2.0
2014-08-05 14:00:00+00:00,24.819,89.47435,1009.83673,20.898613,312.2072,0.0,90.0,3.0
2014-08-05 15:00:00+00:00,24.669,90.82764,1010.63605,17.81909,315.0001,0.0,88.0,3.0
2014-08-05 16:00:00+00:00,24.469,91.64309,1010.93555,18.947083,321.17017,0.0,96.0,3.0
2014-08-05 17:00:00+00:00,24.269001,92.46737,1011.1352,19.296135,323.34378,0.0,100.0,3.0
2014-08-05 18:00:00+00:00,24.019001,93.864944,1011.1348,18.374111,325.37576,0.0,91.0,3.0
2014-08-05 19:00:00+00:00,24.019001,93.01599,1010.5351,18.709612,329.98172,0.0,94.0,3.0
2014-08-05 20:00:00+00:00,23.869001,93.57422,1010.03534,18.204042,335.46228,0.0,100.0,3.0
2014-08-05 21:00:00+00:00,23.719,93.851585,1009.4354,17.193533,340.4268,0.0,100.0,3.0
2014-08-05 22:00:00+00:00,23.669,93.56488,1009.33545,15.484185,342.40747,0.0,100.0,3.0
2014-08-05 23:00:00+00:00,23.719,92.71875,1009.2355,15.042659,338.9624,0.0,100.0,3.0
2014-08-06 00:00:00+00:00,23.769001,91.879944,1009.8352,15.042659,338.9624,0.0,100.0,3.0
2014-08-06 01:00:00+00:00,23.819,91.04843,1010.1351,14.372974,337.93204,0.0,100.0,3.0
2014-08-06 02:00:00+00:00,24.119001,89.967606,1010.53546,14.84318,337.1663,0.0,100.0,3.0
2014-08-06 03:00:00+00:00,24.869001,86.01861,1010.8363,19.33639,331.0491,0.0,99.0,3.0
2014-08-06 04:00:00+00:00,25.719,83.02851,1011.23773,21.313093,322.54935,0.0,80.0,3.0
2014-08-06 05:00:00+00:00,26.469,79.66771,1010.8388,21.129883,315.6902,0.0,56.0,2.0
2014-08-06 06:00:00+00:00,27.019001,77.59938,1010.5399,21.650938,312.97864,0.0,37.0,1.0
2014-08-06 07:00:00+00:00,27.169,75.991356,1010.24036,22.26477,309.09384,0.0,40.0,1.0
2014-08-06 08:00:00+00:00,27.319,76.01472,1009.64056,22.768396,304.69522,0.1,61.0,51.0
2014-08-06 09:00:00+00:00,27.169,77.38669,1008.9409,22.9724,302.1957,0.0,91.0,3.0
2014-08-06 10:00:00+00:00,26.969,79.01514,1008.141,23.363974,303.6901,0.2,100.0,51.0
2014-08-06 11:00:00+00:00,26.669,80.665474,1008.3402,24.014996,310.13544,0.0,100.0,3.0
2014-08-06 12:00:00+00:00,26.319,82.84695,1008.33997,21.142147,312.92996,0.0,100.0,3.0
2014-08-06 13:00:00+00:00,25.869001,84.56834,1008.73883,20.364674,315.0001,0.0,100.0,3.0
2014-08-06 14:00:00+00:00,25.519001,85.82143,1009.73804,18.668005,320.4774,0.0,100.0,3.0
2014-08-06 15:00:00+00:00,25.169,87.3616,1010.33716,16.375053,326.65927,0.0,100.0,3.0
2014-08-06 16:00:00+00:00,24.969,87.609146,1011.03644,15.94601,331.69934,0.0,99.0,3.0
2014-08-06 17:00:00+00:00,24.819,87.862305,1011.23615,16.58346,332.87878,0.0,100.0,3.0
2014-08-06 18:00:00+00:00,24.619001,88.11246,1011.0359,16.904673,333.43503,0.0,97.0,3.0
2014-08-06 19:00:00+00:00,24.569,87.57434,1010.9359,16.92383,336.16125,0.0,100.0,3.0
2014-08-06 20:00:00+00:00,24.419,87.82812,1009.93604,17.447933,338.19852,0.0,100.0,3.0
2014-08-06 21:00:00+00:00,24.269001,88.3517,1009.43604,17.551615,334.48618,0.0,100.0,3.0
2014-08-06 22:00:00+00:00,24.169,88.61296,1008.63635,17.414474,330.25522,0.0,100.0,3.0
2014-08-06 23:00:00+00:00,24.119001,88.60895,1008.9362,17.727943,330.8325,0.0,100.0,3.0
2014-08-07 00:00:00+00:00,24.119001,88.60895,1009.2361,17.727943,330.8325,0.0,100.0,3.0
2014-08-07 01:00:00+00:00,24.069,89.1464,1009.5356,17.072504,335.05612,0.0,100.0,3.0
2014-08-07 02:00:00+00:00,24.269001,88.62101,1009.8358,17.22742,333.97046,0.0,100.0,3.0
2014-08-07 03:00:00+00:00,24.869001,86.01861,1010.2366,20.456745,331.63104,0.0,100.0,3.0
2014-08-07 04:00:00+00:00,25.469,83.25228,1010.23755,20.00512,329.74365,0.0,100.0,3.0
2014-08-07 05:00:00+00:00,26.219,79.87617,1010.0388,20.808498,322.73352,0.0,100.0,3.0
2014-08-07 06:00:00+00:00,26.519001,78.952484,1009.63934,20.390114,317.86246,0.0,100.0,3.0
2014-08-07 07:00:00+00:00,26.719,77.79121,1008.83997,20.87379,315.0001,0.0,100.0,3.0
2014-08-07 08:00:00+00:00,26.869001,77.34221,1007.8408,21.897945,313.66785,0.0,100.0,3.0
2014-08-07 09:00:00+00:00,26.919,78.05666,1007.44104,21.67487,311.63345,0.0,100.0,3.0
2014-08-07 10:00:00+00:00,26.769001,79.46731,1006.64136,19.107151,312.70938,0.0,100.0,3.0
2014-08-07 11:00:00+00:00,26.469,81.3753,1006.84064,21.129883,314.3098,0.0,100.0,3.0
2014-08-07 12:00:00+00:00,26.069,83.06888,1007.73956,19.373219,318.01288,0.0,100.0,3.0
2014-08-07 13:00:00+00:00,25.569,84.793106,1008.2387,17.713316,322.43134,0.0,100.0,3.0
2014-08-07 14:00:00+00:00,25.219,86.313866,1008.8378,17.174677,326.97614,0.0,100.0,3.0
2014-08-07 15:00:00+00:00,24.969,87.34391,1009.5372,16.485485,328.39255,0.0,100.0,3.0
2014-08-07 16:00:00+00:00,24.819,87.596115,1010.0367,15.807239,329.9315,0.0,100.0,3.0
2014-08-07 17:00:00+00:00,24.719,87.5874,1010.53644,15.496736,329.2646,0.0,100.0,3.0
2014-08-07 18:00:00+00:00,24.569,87.84097,1010.736,15.629971,331.07367,0.0,100.0,3.0
2014-08-07 19:00:00+00:00,24.819,87.33062,1010.2366,15.629971,331.07367,0.0,100.0,3.0
2014-08-07 20:00:00+00:00,24.719,87.32173,1009.43695,15.0038395,329.74365,0.0,100.0,3.0
2014-08-07 21:00:00+00:00,24.469,88.09992,1008.6366,15.496736,329.2646,0.0,100.0,3.0
2014-08-07 22:00:00+00:00,24.169,88.88315,1008.63635,16.870138,320.1945,0.4,99.0,51.0
2014-08-07 23:00:00+00:00,24.069,88.87531,1008.4361,16.704155,322.88306,0.4,100.0,51.0
2014-08-08 00:00:00+00:00,24.019001,89.687065,1008.5361,16.575644,325.6196,0.0,100.0,3.0
2014-08-08 01:00:00+00:00,24.069,89.69077,1009.3357,16.87398,326.3099,0.1,100.0,51.0
2014-08-08 02:00:00+00:00,24.269001,89.161766,1009.73584,17.208603,322.65057,0.0,100.0,3.0
2014-08-08 03:00:00+00:00,24.419,89.17326,1010.6357,16.831684,318.46832,0.2,100.0,51.0
2014-08-08 04:00:00+00:00,25.219,84.75641,1010.737,18.335276,316.5911,0.1,100.0,51.0
2014-08-08 05:00:00+00:00,25.619001,83.77634,1010.9375,20.87379,315.0001,0.3,99.0,51.0
2014-08-08 06:00:00+00:00,26.119001,81.33138,1010.7385,20.929594,310.81497,0.4,100.0,51.0
2014-08-08 07:00:00+00:00,25.569,86.60851,1010.43774,21.9718,304.9921,0.4,100.0,51.0
2014-08-08 08:00:00+00:00,25.119001,88.68905,1009.53754,23.188583,297.75842,0.5,100.0,53.0
2014-08-08 09:00:00+00:00,24.819,89.2039,1008.9372,23.584808,301.26367,2.3,100.0,61.0
2014-08-08 10:00:00+00:00,24.419,89.71638,1008.4367,19.8,306.86996,2.5,100.0,63.0
2014-08-08 11:00:00+00:00,24.269001,90.8014,1008.13654,19.862083,313.53125,1.0,100.0,55.0
2014-08-08 12:00:00+00:00,24.319,90.52971,1008.5366,18.391737,319.7637,0.5,100.0,53.0
2014-08-08 13:00:00+00:00,24.319,90.804695,1008.6366,18.089775,328.84076,0.0,100.0,3.0
2014-08-08 14:00:00+00:00,24.219,91.35068,1009.53595,17.917007,337.5572,0.0,100.0,3.0
2014-08-08 15:00:00+00:00,24.169,91.34758,1010.3356,17.654686,343.41257,0.0,100.0,3.0
2014-08-08 16:00:00+00:00,24.119001,91.34448,1010.7354,17.227419,349.15973,0.0,99.0,3.0
2014-08-08 17:00:00+00:00,24.169,90.51953,1011.0353,17.518356,350.53775,0.0,100.0,3.0
2014-08-08 18:00:00+00:00,24.119001,89.967606,1010.43555,17.935081,349.59235,0.1,100.0,51.0
2014-08-08 19:00:00+00:00,24.169,88.61296,1009.9358,18.25026,345.14133,0.0,100.0,3.0
2014-08-08 20:00:00+00:00,24.119001,88.87922,1008.9362,18.1041,342.64587,0.0,100.0,3.0
2014-08-08 21:00:00+00:00,24.069,88.87531,1008.73596,17.654688,339.71735,0.0,100.0,3.0
2014-08-08 22:00:00+00:00,24.019001,89.14254,1008.2362,17.447933,338.19852,0.0,100.0,3.0
2014-08-08 23:00:00+00:00,24.019001,89.14254,1008.73596,14.707222,338.45895,0.0,100.0,3.0
2014-08-09 00:00:00+00:00,24.019001,88.87133,1009.43567,15.646544,336.9745,0.0,100.0,3.0
2014-08-09 01:00:00+00:00,23.969,88.86743,1009.9354,15.937878,341.56494,0.0,100.0,3.0
2014-08-09 02:00:00+00:00,24.119001,88.33936,1010.3356,15.978486,345.65063,0.0,100.0,3.0
2014-08-09 03:00:00+00:00,24.569,86.7787,1010.9359,15.893093,346.90808,0.0,100.0,3.0
2014-08-09 04:00:00+00:00,25.219,84.24278,1011.23676,16.167967,348.4399,0.0,100.0,3.0
2014-08-09 05:00:00+00:00,25.869001,81.54732,1011.0378,16.24394,347.19574,0.0,100.0,3.0
2014-08-09 06:00:00+00:00,26.419,78.93852,1011.1387,18.671474,340.86627,0.0,100.0,3.0
2014-08-09 07:00:00+00:00,27.069,70.8264,1010.5399,18.35647,334.44006,0.0,99.0,3.0
2014-08-09 08:00:00+00:00,27.169,70.84467,1009.8405,17.782686,328.24057,0.0,100.0,3.0
2014-08-09 09:00:00+00:00,27.219,72.386444,1009.2408,17.377226,320.0425,0.0,100.0,3.0
2014-08-09 10:00:00+00:00,27.069,74.60182,1008.7408,19.881649,312.06424,0.0,99.0,3.0
2014-08-09 11:00:00+00:00,26.669,77.783875,1008.2403,19.513195,307.5042,0.0,100.0,3.0
2014-08-09 12:00:00+00:00,26.219,81.09768,1008.83936,18.723461,307.97165,0.0,100.0,3.0
2014-08-09 13:00:00+00:00,25.819,82.2876,1009.23865,18.35647,311.82007,0.0,100.0,3.0
2014-08-09 14:00:00+00:00,25.469,83.25228,1010.1376,18.35647,318.1799,0.0,100.0,3.0
2014-08-09 15:00:00+00:00,25.219,83.731865,1010.8369,17.786331,324.0578,0.0,100.0,3.0
2014-08-09 16:00:00+00:00,24.919,84.724846,1011.53625,17.414474,330.25522,0.0,100.0,3.0
2014-08-09 17:00:00+00:00,24.669,85.73763,1012.1353,18.043148,331.38962,0.0,100.0,3.0
2014-08-09 18:00:00+00:00,24.519001,86.246994,1011.83545,17.072504,335.05612,0.0,97.0,3.0
2014-08-09 19:00:00+00:00,24.519001,85.98454,1011.73553,16.311613,337.9637,0.0,93.0,3.0
2014-08-09 20:00:00+00:00,24.369001,85.969894,1010.93555,16.1198,336.29733,0.0,93.0,3.0
2014-08-09 21:00:00+00:00,24.269001,85.96013,1010.23566,16.595179,335.6589,0.0,98.0,3.0
2014-08-09 22:00:00+00:00,24.219,85.95524,1009.73584,17.727943,330.8325,0.0,100.0,3.0
2014-08-09 23:00:00+00:00,24.219,85.69297,1009.73584,16.263872,332.30063,0.0,100.0,3.0
2014-08-10 00:00:00+00:00,24.169,86.2134,1010.3356,15.315873,330.42227,0.0,98.0,3.0
2014-08-10 01:00:00+00:00,24.119001,87.0023,1010.53546,15.077082,326.68936,0.0,100.0,3.0
2014-08-10 02:00:00+00:00,24.219,87.54376,1010.9353,14.88242,327.84772,0.0,100.0,3.0
2014-08-10 03:00:00+00:00,24.819,85.4919,1011.8358,19.576189,327.77127,0.0,99.0,3.0
2014-08-10 04:00:00+00:00,25.319,83.743004,1011.93677,20.523157,322.12494,0.0,98.0,3.0
2014-08-10 05:00:00+00:00,25.769001,82.032005,1012.03735,21.638964,315.67395,0.1,99.0,51.0
2014-08-10 06:00:00+00:00,26.119001,80.594124,1011.63806,22.932877,312.45514,0.1,99.0,51.0
2014-08-10 07:00:00+00:00,26.419,79.66093,1011.03876,23.051247,308.65982,0.2,97.0,51.0
2014-08-10 08:00:00+00:00,26.519001,79.67444,1009.9393,23.979893,305.83774,0.4,94.0,51.0
2014-08-10 09:00:00+00:00,26.519001,80.64606,1009.8393,24.464113,302.98853,0.3,93.0,51.0
2014-08-10 10:00:00+00:00,26.169,82.329544,1009.0393,24.696102,306.70294,0.3,98.0,51.0
2014-08-10 11:00:00+00:00,25.369001,86.58984,1009.33795,24.29133,309.5881,0.4,99.0,51.0
2014-08-10 12:00:00+00:00,24.869001,88.93805,1009.7368,22.148046,314.34152,0.4,100.0,51.0
2014-08-10 13:00:00+00:00,24.619001,89.73094,1009.9364,19.61587,317.2312,0.3,100.0,51.0
2014-08-10 14:00:00+00:00,24.419,91.0868,1010.8356,18.440998,321.34018,0.3,98.0,51.0
2014-08-10 15:00:00+00:00,24.319,91.6341,1011.6352,17.873556,325.66974,0.2,99.0,51.0
2014-08-10 16:00:00+00:00,24.219,91.90619,1011.9349,17.373497,325.9806,0.0,98.0,3.0
2014-08-10 17:00:00+00:00,24.219,91.628075,1012.1347,18.39878,329.42084,0.0,97.0,3.0
2014-08-10 18:00:00+00:00,24.119001,91.34448,1011.7349,18.514643,333.43503,0.0,100.0,3.0
2014-08-10 19:00:00+00:00,24.219,89.97473,1011.0353,18.532133,335.9245,0.0,100.0,3.0
2014-08-10 20:00:00+00:00,24.069,90.78823,1010.13525,18.218275,330.39563,0.0,99.0,3.0
2014-08-10 21:00:00+00:00,24.019001,90.784935,1010.13525,18.581022,324.46225,0.0,100.0,3.0
2014-08-10 22:00:00+00:00,23.919,91.332054,1009.13574,19.406637,319.51407,0.1,100.0,51.0
2014-08-10 23:00:00+00:00,23.969,90.506004,1009.73553,19.373219,318.01288,0.1,100.0,51.0
2014-08-11 00:00:00+00:00,23.969,90.506004,1010.2353,16.80857,316.73566,0.2,100.0,51.0
2014-08-11 01:00:00+00:00,23.819,91.325836,1010.43494,15.072783,319.84406,0.3,100.0,51.0
2014-08-11 02:00:00+00:00,23.969,90.23109,1011.0349,15.072783,319.84406,0.1,100.0,51.0
2014-08-11 03:00:00+00:00,24.319,88.625046,1011.73517,15.03835,312.08908,0.2,100.0,51.0
2014-08-11 04:00:00+00:00,25.219,83.731865,1012.23627,14.291592,310.91428,0.1,100.0,51.0
2014-08-11 05:00:00+00:00,25.919,81.30619,1011.9376,16.039202,314.0907,0.5,100.0,53.0
2014-08-11 06:00:00+00:00,26.419,80.1457,1011.93835,16.831684,311.53168,0.9,100.0,53.0
2014-08-11 07:00:00+00:00,25.269001,85.019424,1011.0368,19.376562,305.1665,0.4,100.0,51.0
2014-08-11 08:00:00+00:00,24.969,86.29005,1010.2368,20.497883,300.61853,0.6,99.0,53.0
2014-08-11 09:00:00+00:00,24.919,88.6731,1009.6371,21.749483,298.68604,0.7,99.0,53.0
2014-08-11 10:00:00+00:00,24.569,91.6491,1008.83685,19.161337,295.60214,0.8,100.0,53.0
2014-08-11 11:00:00+00:00,24.369001,94.448875,1008.8365,19.969458,297.95087,1.0,100.0,55.0
2014-08-11 12:00:00+00:00,24.169,91.07084,1009.0362,19.08,301.89075,1.1,100.0,55.0
2014-08-11 13:00:00+00:00,24.019001,91.61602,1009.73553,20.188908,309.9363,0.8,100.0,53.0
2014-08-11 14:00:00+00:00,23.969,91.89164,1010.2353,18.335276,316.5911,0.6,100.0,53.0
2014-08-11 15:00:00+00:00,23.919,92.72928,1011.2348,17.84816,318.27057,0.5,100.0,53.0
2014-08-11 16:00:00+00:00,23.819,92.4429,1011.33453,17.826363,316.63654,0.4,100.0,51.0
2014-08-11 17:00:00+00:00,23.869001,92.16531,1011.53467,18.59845,317.35333,0.4,100.0,51.0
2014-08-11 18:00:00+00:00,23.919,91.8887,1011.3347,19.373219,318.01288,0.3,100.0,51.0
2014-08-11 19:00:00+00:00,24.019001,92.45377,1010.83496,19.602652,315.74396,0.7,100.0,53.0
2014-08-11 20:00:00+00:00,24.069,91.897484,1009.83545,19.85556,315.0001,0.8,100.0,53.0
2014-08-11 21:00:00+00:00,24.119001,90.516136,1009.336,19.107151,312.70938,0.5,100.0,53.0
2014-08-11 22:00:00+00:00,24.069,89.96404,1009.3357,17.826363,313.36346,0.4,100.0,51.0
2014-08-11 23:00:00+00:00,24.119001,90.516136,1009.43604,18.668005,320.4774,0.4,100.0,51.0
2014-08-12 00:00:00+00:00,24.219,91.35068,1009.8358,17.673029,326.6336,0.7,100.0,53.0
2014-08-12 01:00:00+00:00,24.219,92.18508,1009.9358,16.42247,333.9967,1.1,100.0,55.0
2014-08-12 02:00:00+00:00,24.319,90.25544,1010.3358,16.516901,339.59003,1.1,100.0,55.0
2014-08-12 03:00:00+00:00,24.469,90.53981,1010.93555,18.720001,337.3801,1.0,100.0,55.0
2014-08-12 04:00:00+00:00,24.819,89.74554,1011.13617,20.63023,330.75128,0.3,100.0,51.0
2014-08-12 05:00:00+00:00,25.069,89.49296,1010.83655,23.113008,322.59457,0.2,98.0,51.0
2014-08-12 06:00:00+00:00,25.169,89.23056,1010.33716,24.195107,316.80872,0.1,99.0,51.0
2014-08-12 07:00:00+00:00,27.119001,75.0654,1010.04016,25.476198,312.70938,0.0,98.0,3.0
2014-08-12 08:00:00+00:00,27.169,75.531166,1009.2408,25.772078,311.03525,0.0,98.0,3.0
2014-08-12 09:00:00+00:00,26.969,76.888954,1008.7408,25.264202,310.9554,0.1,97.0,51.0
2014-08-12 10:00:00+00:00,26.719,78.264984,1008.2403,25.984919,312.75424,0.0,95.0,3.0
2014-08-12 11:00:00+00:00,26.369001,79.89631,1007.9402,23.950148,312.56332,0.0,98.0,3.0
2014-08-12 12:00:00+00:00,26.069,81.07862,1008.6391,21.897945,313.66785,0.0,90.0,3.0
2014-08-12 13:00:00+00:00,25.669,82.26957,1008.9384,20.111729,314.27487,0.0,98.0,3.0
2014-08-12 14:00:00+00:00,25.269001,83.48306,1009.9374,18.668005,320.4774,0.0,96.0,3.0
2014-08-12 15:00:00+00:00,24.969,84.472565,1010.73663,18.0,323.13,0.0,96.0,3.0
2014-08-12 16:00:00+00:00,24.719,85.22178,1011.13617,18.079027,324.72748,0.0,98.0,3.0
2014-08-12 17:00:00+00:00,24.519001,86.246994,1011.63556,17.57744,325.0079,0.0,99.0,3.0
2014-08-12 18:00:00+00:00,24.319,86.75558,1011.5353,17.283749,324.3235,0.0,100.0,3.0
2014-08-12 19:00:00+00:00,24.169,88.07472,1011.23517,16.676977,327.3391,0.0,100.0,3.0
2014-08-12 20:00:00+00:00,24.119001,87.80239,1010.63544,16.263872,332.30063,0.0,100.0,3.0
2014-08-12 21:00:00+00:00,24.019001,88.0621,1009.9354,15.978484,337.4794,0.0,99.0,3.0
2014-08-12 22:00:00+00:00,23.869001,88.04948,1009.2357,15.484185,342.40747,0.0,100.0,3.0
2014-08-12 23:00:00+00:00,23.719,88.306404,1009.53534,15.379206,339.44388,0.0,100.0,3.0
2014-08-13 00:00:00+00:00,23.619001,88.56857,1010.2347,16.595179,335.6589,0.0,99.0,3.0
2014-08-13 01:00:00+00:00,23.569,89.10783,1010.63446,15.646544,336.9745,0.0,100.0,3.0
2014-08-13 02:00:00+00:00,23.869001,88.318756,1011.3347,14.81259,334.05774,0.0,97.0,3.0
2014-08-13 03:00:00+00:00,24.469,86.24224,1011.9351,18.171976,326.3099,0.0,100.0,3.0
2014-08-13 04:00:00+00:00,25.019001,83.45478,1012.7357,19.602652,315.74396,0.1,99.0,51.0
2014-08-13 05:00:00+00:00,25.619001,80.77474,1012.4368,21.710716,310.29205,0.0,96.0,3.0
2014-08-13 06:00:00+00:00,26.369001,77.50362,1012.4381,21.437386,310.91428,0.0,84.0,3.0
2014-08-13 07:00:00+00:00,26.519001,77.761955,1011.73846,22.45315,311.0994,0.1,99.0,51.0
2014-08-13 08:00:00+00:00,26.569,77.29764,1010.83905,23.507751,310.0302,0.0,94.0,3.0
2014-08-13 09:00:00+00:00,26.669,77.077736,1010.2394,23.977188,311.3477,0.0,79.0,2.0
2014-08-13 10:00:00+00:00,26.569,77.53314,1008.94,23.686249,313.1524,0.0,87.0,3.0
2014-08-13 11:00:00+00:00,26.319,78.44594,1008.93976,22.915916,313.72705,0.0,85.0,3.0
2014-08-13 12:00:00+00:00,25.969,79.842575,1009.2389,21.650938,317.02136,0.0,91.0,3.0
2014-08-13 13:00:00+00:00,25.519001,82.001564,1009.83795,19.734436,321.66663,0.0,88.0,3.0
2014-08-13 14:00:00+00:00,25.169,83.21792,1010.63696,18.58451,328.46524,0.2,95.0,51.0
2014-08-13 15:00:00+00:00,24.919,83.953964,1011.1364,17.595861,329.23734,0.3,96.0,51.0
2014-08-13 16:00:00+00:00,24.669,85.47678,1011.73553,17.287498,328.62704,0.1,97.0,51.0
2014-08-13 17:00:00+00:00,24.469,87.034134,1011.73517,16.676977,327.3391,0.0,88.0,3.0
2014-08-13 18:00:00+00:00,24.369001,87.82382,1011.9351,15.379206,327.42596,0.0,82.0,3.0
2014-08-13 19:00:00+00:00,24.369001,86.76021,1011.3353,15.1884165,328.5705,0.0,96.0,3.0
2014-08-13 20:00:00+00:00,24.269001,87.28169,1010.8353,15.459054,332.24155,0.0,100.0,3.0
2014-08-13 21:00:00+00:00,24.219,87.54376,1010.43555,15.1884165,328.5705,0.0,99.0,3.0
2014-08-13 22:00:00+00:00,24.069,88.33529,1010.03534,15.459054,332.24155,0.0,98.0,3.0
2014-08-13 23:00:00+00:00,24.019001,88.33112,1010.13525,14.8257065,330.9455,0.0,99.0,3.0
2014-08-14 00:00:00+00:00,24.069,87.79812,1010.4352,15.459054,332.24155,0.0,97.0,3.0
2014-08-14 01:00:00+00:00,23.969,88.327034,1010.83496,16.267857,335.13632,0.0,99.0,3.0
2014-08-14 02:00:00+00:00,24.269001,87.5481,1011.1352,15.978484,337.4794,0.0,100.0,3.0
2014-08-14 03:00:00+00:00,24.869001,84.978,1011.93585,17.388409,332.90454,0.0,99.0,3.0
2014-08-14 04:00:00+00:00,25.469,82.74755,1012.03674,19.453327,321.009,0.4,100.0,51.0
2014-08-14 05:00:00+00:00,25.319,85.02462,1011.7369,20.12461,312.82523,0.7,100.0,53.0
2014-08-14 06:00:00+00:00,25.169,86.83393,1011.63654,21.175837,305.31128,0.6,94.0,53.0
2014-08-14 07:00:00+00:00,27.069,75.51537,1011.33954,21.794127,300.80136,0.2,100.0,51.0
2014-08-14 08:00:00+00:00,26.769001,77.327354,1010.6395,22.077717,294.05734,0.4,93.0,51.0
2014-08-14 09:00:00+00:00,26.569,81.142075,1010.3393,21.273533,293.9625,0.1,92.0,51.0
2014-08-14 10:00:00+00:00,26.269001,83.091896,1009.739,21.175837,305.31128,0.3,71.0,51.0
2014-08-14 11:00:00+00:00,26.219,83.33769,1009.2392,21.767351,304.21576,0.0,82.0,3.0
2014-08-14 12:00:00+00:00,26.019001,83.56747,1009.93854,21.599998,306.86996,0.0,99.0,3.0
2014-08-14 13:00:00+00:00,25.619001,85.05555,1010.3377,19.134262,311.18582,0.0,95.0,3.0
2014-08-14 14:00:00+00:00,25.269001,86.58053,1011.23676,18.59845,317.35333,0.0,94.0,3.0
2014-08-14 15:00:00+00:00,25.019001,87.8793,1011.73615,17.49615,323.36578,0.0,92.0,3.0
2014-08-14 16:00:00+00:00,24.819,88.93416,1012.23566,18.079027,324.72748,0.0,96.0,3.0
2014-08-14 17:00:00+00:00,24.619001,90.00323,1012.2353,18.671474,326.0035,0.0,99.0,3.0
2014-08-14 18:00:00+00:00,24.469,90.53981,1012.5348,19.576189,327.77127,0.0,100.0,3.0
2014-08-14 19:00:00+00:00,24.569,88.6451,1012.0354,20.00512,329.74365,0.0,100.0,3.0
2014-08-14 20:00:00+00:00,24.369001,89.440704,1011.2354,17.87718,334.98312,0.0,100.0,3.0
2014-08-14 21:00:00+00:00,24.219,89.97473,1010.7354,16.981165,338.8752,0.0,100.0,3.0
2014-08-14 22:00:00+00:00,24.069,90.23805,1010.2353,15.596767,341.14676,0.0,99.0,3.0
2014-08-14 23:00:00+00:00,23.919,90.502594,1010.3352,14.168641,332.78397,0.0,100.0,3.0
2014-08-15 00:00:00+00:00,23.969,89.68343,1010.5351,14.33234,334.72232,0.0,99.0,3.0
2014-08-15 01:00:00+00:00,24.169,88.61296,1010.7354,15.941944,334.59232,0.2,100.0,51.0
2014-08-15 02:00:00+00:00,24.369001,88.35992,1011.2354,16.75064,331.78275,0.3,100.0,51.0
2014-08-15 03:00:00+00:00,24.869001,86.806366,1012.03577,18.043148,331.38962,0.0,100.0,3.0
2014-08-15 04:00:00+00:00,25.769001,82.53181,1012.33716,17.786331,324.0578,0.0,100.0,3.0
2014-08-15 05:00:00+00:00,26.469,79.66771,1012.13824,19.881649,317.93573,0.2,99.0,51.0
2014-08-15 06:00:00+00:00,26.769001,78.74829,1011.839,22.42427,312.39737,0.2,99.0,51.0
2014-08-15 07:00:00+00:00,27.069,77.84223,1011.33954,25.488914,306.38446,0.2,99.0,51.0
2014-08-15 08:00:00+00:00,27.119001,77.84949,1010.5399,24.162947,303.45334,0.8,99.0,53.0
2014-08-15 09:00:00+00:00,27.019001,79.26139,1009.8403,24.344624,308.3952,0.5,99.0,53.0
2014-08-15 10:00:00+00:00,27.219,77.86403,1009.2408,26.28,311.112,0.3,96.0,51.0
2014-08-15 11:00:00+00:00,26.769001,80.19204,1009.4401,24.43761,315.0001,0.0,95.0,3.0
2014-08-15 12:00:00+00:00,26.469,82.36538,1009.9393,22.657131,315.64368,0.0,96.0,3.0
2014-08-15 13:00:00+00:00,25.919,84.573654,1010.53827,22.039528,321.63248,0.0,100.0,3.0
2014-08-15 14:00:00+00:00,25.469,86.5992,1011.2371,20.172853,325.17545,0.0,100.0,3.0
2014-08-15 15:00:00+00:00,25.219,87.63082,1011.63654,19.171478,325.71307,0.0,100.0,3.0
2014-08-15 16:00:00+00:00,25.069,88.150024,1012.036,17.974781,327.26477,0.0,100.0,3.0
2014-08-15 17:00:00+00:00,24.919,88.6731,1012.3359,17.555307,331.8585,0.0,100.0,3.0
2014-08-15 18:00:00+00:00,24.769001,88.93021,1012.33563,17.22742,333.97046,0.0,100.0,3.0
2014-08-15 19:00:00+00:00,24.819,87.596115,1011.43604,17.551615,334.48618,0.0,98.0,3.0
2014-08-15 20:00:00+00:00,24.719,87.5874,1010.7364,17.727943,336.0375,0.0,98.0,3.0
2014-08-15 21:00:00+00:00,24.619001,87.31285,1010.23627,18.388212,336.94867,0.0,100.0,3.0
2014-08-15 22:00:00+00:00,24.519001,87.03865,1010.1362,19.130875,340.20102,0.0,99.0,3.0
2014-08-15 23:00:00+00:00,24.469,87.034134,1010.3358,17.782688,338.6293,0.0,100.0,3.0
2014-08-16 00:00:00+00:00,24.419,87.29505,1010.5357,16.595179,335.6589,0.0,99.0,3.0
2014-08-16 01:00:00+00:00,24.419,87.029594,1010.73566,15.778518,332.8504,0.0,100.0,3.0
2014-08-16 02:00:00+00:00,24.619001,87.04772,1011.4357,15.629971,331.07367,0.0,100.0,3.0
2014-08-16 03:00:00+00:00,25.169,85.2677,1012.0364,16.179987,327.72437,0.0,99.0,3.0
2014-08-16 04:00:00+00:00,25.869001,81.79542,1012.4372,18.79255,323.56903,0.0,100.0,3.0
2014-08-16 05:00:00+00:00,26.569,79.44,1012.3384,20.371038,316.43204,0.0,100.0,3.0
2014-08-16 06:00:00+00:00,26.969,77.82766,1011.7394,22.148046,314.34152,0.3,100.0,51.0
2014-08-16 07:00:00+00:00,27.019001,78.3079,1010.93976,22.183128,311.71066,0.1,100.0,51.0
2014-08-16 08:00:00+00:00,27.319,77.6434,1010.24036,22.45315,311.0994,0.0,100.0,3.0
2014-08-16 09:00:00+00:00,26.969,80.46103,1009.34045,23.688984,306.34756,0.1,100.0,51.0
2014-08-16 10:00:00+00:00,26.869001,80.44795,1008.84033,24.063513,308.92755,0.3,100.0,51.0
2014-08-16 11:00:00+00:00,26.619001,80.415276,1008.94,20.390114,312.1375,0.4,100.0,51.0
2014-08-16 12:00:00+00:00,26.069,83.320656,1009.4388,20.371038,313.56796,0.3,100.0,51.0
2014-08-16 13:00:00+00:00,25.619001,85.572,1010.0379,18.59845,312.64667,0.0,100.0,3.0
2014-08-16 14:00:00+00:00,25.269001,88.166664,1010.53705,18.328207,315.0001,0.0,100.0,3.0
2014-08-16 15:00:00+00:00,25.069,89.22297,1011.03644,17.377226,320.0425,0.0,98.0,3.0
2014-08-16 16:00:00+00:00,24.969,90.02806,1011.63617,15.876775,327.03058,0.0,98.0,3.0
2014-08-16 17:00:00+00:00,24.869001,90.566734,1011.7359,15.496736,329.2646,0.0,97.0,3.0
2014-08-16 18:00:00+00:00,24.769001,90.83419,1011.43604,15.496736,329.2646,0.0,100.0,3.0
2014-08-16 19:00:00+00:00,24.919,88.94193,1010.73663,15.990646,328.8151,0.4,99.0,51.0
2014-08-16 20:00:00+00:00,24.719,89.4669,1010.0367,16.263872,332.30063,0.2,100.0,51.0
2014-08-16 21:00:00+00:00,24.519001,90.26927,1009.3366,16.595179,335.6589,0.0,99.0,3.0
2014-08-16 22:00:00+00:00,24.469,89.72003,1009.5362,18.25026,337.98865,0.0,100.0,3.0
2014-08-16 23:00:00+00:00,24.319,89.98188,1009.7361,18.720001,337.3801,0.0,100.0,3.0
2014-08-17 00:00:00+00:00,24.219,89.70176,1010.0357,17.782688,338.6293,0.0,100.0,3.0
2014-08-17 01:00:00+00:00,24.119001,89.967606,1010.0357,16.92383,336.16125,0.0,99.0,3.0
2014-08-17 02:00:00+00:00,24.319,89.709076,1010.5357,16.263872,332.30063,0.0,100.0,3.0
2014-08-17 03:00:00+00:00,24.919,86.54777,1011.2364,17.238699,331.29416,0.0,99.0,3.0
2014-08-17 04:00:00+00:00,25.769001,82.53181,1011.0378,20.073025,327.45,0.1,100.0,51.0
2014-08-17 05:00:00+00:00,26.419,79.66093,1011.03876,20.421871,319.28925,0.3,97.0,51.0
2014-08-17 06:00:00+00:00,26.669,80.1788,1010.63916,20.898613,312.2072,0.0,98.0,3.0
2014-08-17 07:00:00+00:00,27.119001,76.67865,1010.34,20.240198,308.50067,0.2,100.0,51.0
2014-08-17 08:00:00+00:00,27.019001,78.78337,1009.24054,21.203358,310.17917,0.3,96.0,51.0
2014-08-17 09:00:00+00:00,26.869001,80.44795,1008.84033,21.252197,308.8114,0.2,99.0,51.0
2014-08-17 10:00:00+00:00,26.669,80.42182,1008.04034,22.148046,314.34152,0.2,99.0,51.0
2014-08-17 11:00:00+00:00,26.469,81.1294,1008.0401,20.111729,315.72513,0.2,99.0,51.0
2014-08-17 12:00:00+00:00,25.919,84.318275,1009.03894,19.35314,316.5074,0.0,100.0,3.0
2014-08-17 13:00:00+00:00,25.419,87.11993,1009.23804,18.11841,319.02835,0.0,100.0,3.0
2014-08-17 14:00:00+00:00,25.119001,88.42125,1009.7374,17.873556,325.66974,0.0,99.0,3.0
2014-08-17 15:00:00+00:00,24.919,88.94193,1010.3368,17.727943,330.8325,0.0,100.0,3.0
2014-08-17 16:00:00+00:00,24.719,88.92632,1010.63635,16.746773,334.53668,0.0,100.0,3.0
2014-08-17 17:00:00+00:00,24.519001,89.45194,1010.9359,16.311613,337.9637,0.0,86.0,3.0
2014-08-17 18:00:00+00:00,24.319,90.25544,1010.73566,16.055353,340.3461,0.0,89.0,3.0
2014-08-17 19:00:00+00:00,24.519001,88.91064,1010.1362,15.379206,339.44388,0.0,89.0,3.0
2014-08-17 20:00:00+00:00,24.419,89.17326,1009.13635,14.24163,339.27435,0.0,97.0,3.0
2014-08-17 21:00:00+00:00,24.369001,89.16942,1008.5366,14.182355,336.0375,0.0,98.0,3.0
2014-08-17 22:00:00+00:00,24.319,89.16563,1009.2363,15.2947035,333.43503,0.0,99.0,3.0
2014-08-17 23:00:00+00:00,24.219,89.97473,1009.336,14.81259,334.05774,0.3,97.0,51.0
2014-08-18 00:00:00+00:00,24.319,89.16563,1008.93646,12.6462,355.10098,0.0,99.0,3.0
2014-08-18 01:00:00+00:00,24.369001,88.89889,1008.8365,11.720751,349.3804,0.0,99.0,3.0
2014-08-18 02:00:00+00:00,24.619001,88.6491,1009.53656,11.726277,342.12122,0.0,99.0,3.0
2014-08-18 03:00:00+00:00,25.419,85.29314,1010.33746,12.7279215,331.26028,0.0,93.0,3.0
2014-08-18 04:00:00+00:00,26.369001,80.382515,1010.93884,15.575981,326.3099,0.0,95.0,3.0
2014-08-18 05:00:00+00:00,26.719,80.18544,1010.63916,18.289274,323.8067,0.4,94.0,51.0
2014-08-18 06:00:00+00:00,26.919,81.92393,1010.6395,18.899143,319.63553,0.2,97.0,51.0
2014-08-18 07:00:00+00:00,28.219,72.78073,1010.1419,18.335276,313.4089,0.0,93.0,3.0
2014-08-18 08:00:00+00:00,28.219,74.7887,1009.14233,18.089775,301.15924,0.1,80.0,51.0
2014-08-18 09:00:00+00:00,27.569,78.38629,1008.94165,16.79314,300.96368,0.7,89.0,53.0
2014-08-18 10:00:00+00:00,26.769001,81.90568,1007.54095,19.881649,301.6754,0.8,98.0,53.0
2014-08-18 11:00:00+00:00,25.969,83.3093,1008.4392,19.174856,309.66782,2.1,97.0,61.0
2014-08-18 12:00:00+00:00,25.469,85.0401,1009.33795,17.713316,322.43134,2.0,98.0,61.0
2014-08-18 13:00:00+00:00,24.969,88.94587,1009.73706,16.263872,332.30063,1.3,100.0,61.0
2014-08-18 14:00:00+00:00,24.869001,89.74915,1010.2366,14.458382,341.1138,0.4,100.0,51.0
2014-08-18 15:00:00+00:00,24.719,90.55667,1010.7364,13.854155,335.43283,0.3,100.0,51.0
2014-08-18 16:00:00+00:00,24.469,91.64309,1011.2354,14.512064,330.25522,0.2,100.0,51.0
2014-08-18 17:00:00+00:00,24.369001,91.9149,1011.6352,14.186923,324.2932,0.0,99.0,3.0
2014-08-18 18:00:00+00:00,24.419,91.36308,1011.9351,14.186923,324.2932,0.0,100.0,3.0
2014-08-18 19:00:00+00:00,24.569,90.27278,1010.736,15.141414,341.99573,0.0,100.0,3.0
2014-08-18 20:00:00+00:00,24.569,89.72733,1010.0363,12.979984,340.55988,0.0,96.0,3.0
2014-08-18 21:00:00+00:00,24.519001,89.723656,1009.3366,12.10157,337.249,0.0,99.0,3.0
2014-08-18 22:00:00+00:00,24.419,89.989,1009.13635,11.165805,339.22766,0.0,98.0,3.0
2014-08-18 23:00:00+00:00,24.369001,89.98544,1009.33624,10.163227,337.06787,0.0,98.0,3.0
2014-08-19 00:00:00+00:00,24.319,90.25544,1009.93604,8.557102,337.75092,0.0,100.0,3.0
2014-08-19 01:00:00+00:00,24.369001,90.25889,1010.2359,8.209263,344.7448,0.0,99.0,3.0
2014-08-19 02:00:00+00:00,24.569,90.27278,1010.63605,8.759178,350.53775,0.0,99.0,3.0
2014-08-19 03:00:00+00:00,25.269001,86.58053,1011.3367,6.9247384,332.1028,0.1,98.0,51.0
2014-08-19 04:00:00+00:00,25.819,84.30753,1011.53754,8.942214,319.89914,0.0,97.0,3.0
2014-08-19 05:00:00+00:00,26.569,80.89699,1011.2389,10.691453,315.0001,0.0,81.0,3.0
2014-08-19 06:00:00+00:00,27.219,78.33647,1010.94,11.113451,294.90472,0.4,71.0,51.0
2014-08-19 07:00:00+00:00,27.519001,76.27635,1010.1407,13.556282,280.71307,0.3,64.0,51.0
2014-08-19 08:00:00+00:00,26.919,79.72847,1009.2402,15.484185,268.66782,0.3,73.0,51.0
2014-08-19 09:00:00+00:00,26.819,82.65573,1008.24066,14.77755,267.20737,0.3,90.0,51.0
2014-08-19 10:00:00+00:00,26.369001,83.85931,1008.24005,12.964998,268.4089,1.7,86.0,61.0
2014-08-19 11:00:00+00:00,25.919,82.80025,1008.33923,10.8955765,277.59454,3.6,81.0,63.0
2014-08-19 12:00:00+00:00,25.669,85.06068,1008.3386,9.659814,296.56497,0.6,90.0,53.0
2014-08-19 13:00:00+00:00,25.469,86.07673,1008.63824,11.090103,305.75397,0.8,97.0,53.0
2014-08-19 14:00:00+00:00,25.269001,87.63514,1009.3376,10.44,316.3971,0.1,96.0,51.0
2014-08-19 15:00:00+00:00,24.969,89.21534,1009.837,9.726664,321.009,0.0,92.0,3.0
2014-08-19 16:00:00+00:00,24.769001,90.28658,1010.2366,9.693296,328.67136,0.0,91.0,3.0
2014-08-19 17:00:00+00:00,24.569,91.096375,1010.3362,9.504273,335.37646,0.0,96.0,3.0
2014-08-19 18:00:00+00:00,24.419,91.91782,1010.13586,9.107359,341.56494,0.0,98.0,3.0
2014-08-19 19:00:00+00:00,24.369001,91.35998,1009.5362,9.565437,340.20102,0.0,100.0,3.0
2014-08-19 20:00:00+00:00,24.319,90.804695,1009.2363,9.565437,340.20102,0.1,99.0,51.0
2014-08-19 21:00:00+00:00,24.219,91.07404,1008.7363,9.605998,347.00537,0.0,98.0,3.0
2014-08-19 22:00:00+00:00,24.069,91.34138,1007.93634,8.707238,352.87506,0.0,100.0,3.0
2014-08-19 23:00:00+00:00,24.069,90.78823,1008.73596,7.6367526,351.87,0.0,100.0,3.0
2014-08-20 00:00:00+00:00,24.069,90.23805,1008.5361,8.049845,349.69522,0.0,100.0,3.0
2014-08-20 01:00:00+00:00,24.119001,89.967606,1008.7363,7.771331,346.60748,0.0,100.0,3.0
2014-08-20 02:00:00+00:00,24.619001,88.91849,1009.1367,7.342588,348.6901,0.0,100.0,3.0
2014-08-20 03:00:00+00:00,25.519001,85.82143,1009.83795,7.24486,333.43503,0.0,100.0,3.0
2014-08-20 04:00:00+00:00,26.419,81.8629,1009.9393,8.435069,309.8055,0.0,100.0,3.0
2014-08-20 05:00:00+00:00,27.169,78.8044,1009.54065,9.983106,295.64096,0.0,100.0,3.0
2014-08-20 06:00:00+00:00,27.569,79.57598,1009.8412,11.901798,273.46817,0.0,100.0,3.0
2014-08-20 07:00:00+00:00,27.569,78.623,1009.5414,13.339445,266.906,0.0,100.0,3.0
2014-08-20 08:00:00+00:00,27.219,81.71434,1008.5411,13.363711,274.63538,0.3,100.0,51.0
2014-08-20 09:00:00+00:00,27.369001,82.96855,1007.44196,13.004921,274.76355,0.2,100.0,51.0
2014-08-20 10:00:00+00:00,27.319,83.461845,1006.14215,13.441071,290.37653,0.0,100.0,3.0
2014-08-20 11:00:00+00:00,27.119001,83.43934,1005.9421,15.379206,290.55612,0.0,100.0,3.0
2014-08-20 12:00:00+00:00,26.719,84.40399,1006.74097,16.645864,291.57138,0.1,100.0,51.0
2014-08-20 13:00:00+00:00,26.169,85.88507,1007.54,15.716793,290.0953,0.1,99.0,51.0
2014-08-20 14:00:00+00:00,25.669,86.61781,1008.0388,14.007655,295.90643,0.2,100.0,51.0
2014-08-20 15:00:00+00:00,25.319,87.90481,1008.4384,13.896187,306.57312,0.0,100.0,3.0
2014-08-20 16:00:00+00:00,25.069,89.49296,1008.73755,11.966954,316.2188,0.0,98.0,3.0
2014-08-20 17:00:00+00:00,24.869001,90.2935,1008.63727,10.086427,325.17545,0.0,99.0,3.0
2014-08-20 18:00:00+00:00,24.669,91.10273,1008.3371,10.587918,324.6887,0.0,86.0,3.0
2014-08-20 19:00:00+00:00,24.819,89.2039,1007.73773,10.1887,327.99466,0.0,61.0,2.0
2014-08-20 20:00:00+00:00,24.669,89.73461,1006.93774,9.659814,333.43503,0.0,70.0,2.0
2014-08-20 21:00:00+00:00,24.469,90.53981,1006.0378,9.659814,333.43503,0.0,96.0,3.0
2014-08-20 22:00:00+00:00,24.369001,90.80796,1005.63794,10.1887,327.99466,0.0,90.0,3.0
2014-08-20 23:00:00+00:00,24.319,90.804695,1006.1377,10.009036,322.3057,0.0,96.0,3.0
2014-08-21 00:00:00+00:00,24.169,91.34758,1006.63727,9.726664,321.009,0.3,100.0,51.0
2014-08-21 01:00:00+00:00,24.169,91.62505,1006.73724,9.504272,322.69595,0.4,100.0,51.0
2014-08-21 02:00:00+00:00,24.719,89.19624,1007.3379,10.685391,327.38077,0.0,100.0,3.0
2014-08-21 03:00:00+00:00,25.519001,85.04523,1007.539,10.805998,330.01843,0.0,100.0,3.0
2014-08-21 04:00:00+00:00,26.569,80.652534,1007.6405,9.511088,330.5242,0.0,99.0,3.0
2014-08-21 05:00:00+00:00,27.769001,75.39745,1007.2427,6.763786,295.20108,0.0,100.0,3.0
2014-08-21 06:00:00+00:00,28.069,75.67306,1007.24304,9.114471,260.9098,0.0,100.0,3.0
2014-08-21 07:00:00+00:00,27.619001,77.45315,1006.5427,10.703569,250.34608,0.1,98.0,51.0
2014-08-21 08:00:00+00:00,27.219,79.52855,1005.6424,12.72283,244.8852,0.4,100.0,51.0
2014-08-21 09:00:00+00:00,26.919,80.21183,1005.0421,13.37825,246.19405,0.6,100.0,53.0
2014-08-21 10:00:00+00:00,27.019001,82.18313,1004.54266,12.594856,239.03632,0.3,96.0,51.0
2014-08-21 11:00:00+00:00,26.769001,83.90327,1004.6423,13.009903,255.5792,0.3,87.0,51.0
2014-08-21 12:00:00+00:00,25.869001,86.897995,1004.84064,10.08,270.0,5.1,91.0,63.0
2014-08-21 13:00:00+00:00,25.519001,86.34234,1005.04016,9.346143,285.6423,0.9,93.0,53.0
2014-08-21 14:00:00+00:00,25.369001,87.90901,1005.83954,8.891344,291.3707,0.1,96.0,51.0
2014-08-21 15:00:00+00:00,25.219,88.42942,1006.5389,9.021574,298.61035,0.0,100.0,3.0
2014-08-21 16:00:00+00:00,25.119001,88.68905,1007.03864,10.805998,299.98157,0.0,100.0,3.0
2014-08-21 17:00:00+00:00,24.969,89.21534,1006.93835,11.753877,297.3498,0.0,100.0,3.0
2014-08-21 18:00:00+00:00,24.869001,89.20769,1006.83813,13.684735,296.56497,0.0,100.0,3.0
2014-08-21 19:00:00+00:00,24.569,91.92656,1006.2381,14.20062,300.46545,0.7,100.0,53.0
2014-08-21 20:00:00+00:00,24.569,92.48368,1005.6383,13.397612,300.69965,0.7,100.0,53.0
2014-08-21 21:00:00+00:00,24.369001,93.31519,1005.03827,12.413477,299.5387,0.9,100.0,53.0
2014-08-21 22:00:00+00:00,23.919,96.15928,1004.6378,14.512064,293.38525,0.8,100.0,53.0
2014-08-21 23:00:00+00:00,24.169,93.5882,1004.8381,14.81259,295.94223,0.6,100.0,53.0
2014-08-22 00:00:00+00:00,24.169,94.44076,1004.6382,14.973577,297.18103,0.8,100.0,53.0
2014-08-22 01:00:00+00:00,23.919,96.45005,1005.23755,14.168641,297.21603,1.1,100.0,55.0
2014-08-22 02:00:00+00:00,24.319,92.470116,1006.0378,14.007655,295.90643,1.2,100.0,55.0
2014-08-22 03:00:00+00:00,25.019001,88.413086,1006.93835,13.089354,301.5042,0.6,99.0,53.0
2014-08-22 04:00:00+00:00,25.669,86.61781,1007.03925,10.685391,302.61923,0.2,94.0,51.0
2014-08-22 05:00:00+00:00,26.669,83.64013,1006.8409,10.594036,279.78235,0.1,92.0,51.0
2014-08-22 06:00:00+00:00,26.869001,84.41996,1006.9412,13.627795,257.79956,0.3,95.0,51.0
2014-08-22 07:00:00+00:00,26.119001,84.33978,1007.0402,16.965895,252.71841,3.5,100.0,63.0
2014-08-22 08:00:00+00:00,25.119001,89.49667,1005.9392,15.815435,258.17853,7.3,98.0,63.0
2014-08-22 09:00:00+00:00,24.469,91.92074,1005.23816,17.163355,260.34018,2.9,100.0,63.0
2014-08-22 10:00:00+00:00,24.619001,92.48635,1004.93866,19.296133,261.41647,3.5,100.0,63.0
2014-08-22 11:00:00+00:00,24.219,93.59055,1005.3379,22.45315,257.96942,4.2,100.0,63.0
2014-08-22 12:00:00+00:00,24.419,91.91782,1006.1377,22.805367,258.15796,4.7,100.0,63.0
2014-08-22 13:00:00+00:00,24.519001,91.646065,1006.2381,23.936617,257.84506,4.3,100.0,63.0
2014-08-22 14:00:00+00:00,24.719,91.10592,1007.53784,24.216522,258.85715,2.8,100.0,63.0
2014-08-22 15:00:00+00:00,24.869001,90.84074,1008.53735,21.2522,259.26114,2.4,100.0,61.0
2014-08-22 16:00:00+00:00,24.969,90.57348,1009.1373,19.296133,255.96373,2.4,99.0,61.0
2014-08-22 17:00:00+00:00,25.469,86.07673,1009.6378,16.171976,253.17851,2.3,100.0,61.0
2014-08-22 18:00:00+00:00,25.369001,87.6438,1009.33795,15.725037,254.05453,1.6,100.0,61.0
2014-08-22 19:00:00+00:00,25.419,87.11993,1008.9382,14.973576,260.31128,0.7,100.0,53.0
2014-08-22 20:00:00+00:00,25.019001,87.61344,1008.3377,14.799459,265.81516,0.8,100.0,53.0
2014-08-22 21:00:00+00:00,24.869001,88.400856,1007.83765,13.363711,265.36462,0.8,100.0,53.0
2014-08-22 22:00:00+00:00,24.669,89.19241,1007.2376,11.525623,271.78986,1.0,100.0,55.0
2014-08-22 23:00:00+00:00,24.369001,91.08359,1007.33716,12.605142,271.63654,1.7,100.0,61.0
2014-08-23 00:00:00+00:00,24.119001,91.90036,1007.83673,14.113653,264.14407,1.2,100.0,55.0
2014-08-23 01:00:00+00:00,24.069,93.300705,1007.93634,14.618837,260.07382,1.1,100.0,55.0
2014-08-23 02:00:00+00:00,23.919,93.860504,1008.73596,15.941944,263.51703,1.1,100.0,55.0
2014-08-23 03:00:00+00:00,24.069,92.17662,1009.83545,15.84409,268.6981,1.8,100.0,61.0
2014-08-23 04:00:00+00:00,24.269001,91.90911,1010.0357,14.417988,272.86234,1.4,100.0,61.0
2014-08-23 05:00:00+00:00,25.119001,89.22673,1010.33716,14.440443,274.28906,0.6,100.0,53.0
2014-08-23 06:00:00+00:00,25.069,85.25754,1010.43677,16.203999,271.273,1.3,100.0,61.0
2014-08-23 07:00:00+00:00,24.569,92.763336,1010.0363,14.404499,271.43207,1.3,100.0,61.0
2014-08-23 08:00:00+00:00,24.469,91.64309,1009.03644,15.496736,267.33704,1.9,100.0,61.0
2014-08-23 09:00:00+00:00,24.669,91.655045,1008.537,17.339897,265.23645,1.2,100.0,55.0
2014-08-23 10:00:00+00:00,24.819,90.01743,1007.63776,14.417988,272.86234,1.3,100.0,61.0
2014-08-23 11:00:00+00:00,24.919,88.40496,1007.5381,13.627795,282.20044,0.5,100.0,53.0
2014-08-23 12:00:00+00:00,24.869001,88.400856,1007.53784,14.685176,281.3099,0.5,99.0,53.0
2014-08-23 13:00:00+00:00,24.569,90.27278,1008.13715,13.358861,284.03625,0.5,95.0,53.0
2014-08-23 14:00:00+00:00,24.169,93.30552,1009.336,11.841756,289.53674,0.6,97.0,53.0
2014-08-23 15:00:00+00:00,24.169,93.87165,1010.3356,10.966713,293.1986,0.7,87.0,53.0
2014-08-23 16:00:00+00:00,24.019001,93.29825,1010.5351,8.707237,299.74478,1.1,98.0,55.0
2014-08-23 17:00:00+00:00,24.069,92.45653,1010.4352,7.289445,302.90524,0.8,88.0,53.0
2014-08-23 18:00:00+00:00,24.019001,93.58123,1010.3352,6.4096174,308.15726,0.6,92.0,53.0
2014-08-23 19:00:00+00:00,24.269001,91.63106,1009.8358,7.653705,311.18582,0.2,95.0,51.0
2014-08-23 20:00:00+00:00,24.269001,91.90911,1009.336,7.928177,320.52756,0.0,94.0,3.0
2014-08-23 21:00:00+00:00,23.919,93.29338,1008.73596,8.14587,315.0001,0.3,97.0,51.0
2014-08-23 22:00:00+00:00,23.819,93.57191,1008.93567,9.673221,315.0001,0.6,98.0,53.0
2014-08-23 23:00:00+00:00,23.869001,93.858246,1008.636,8.14587,315.0001,0.3,94.0,51.0
2014-08-24 00:00:00+00:00,23.969,93.013504,1009.13574,7.145796,319.0857,0.1,95.0,51.0
2014-08-24 01:00:00+00:00,23.969,93.29582,1009.73553,7.4128532,330.9455,0.1,87.0,51.0
2014-08-24 02:00:00+00:00,24.319,92.470116,1010.13586,9.339208,332.44727,0.1,82.0,51.0
2014-08-24 03:00:00+00:00,24.669,90.00679,1010.63605,11.988594,318.6523,0.3,47.0,51.0
2014-08-24 04:00:00+00:00,25.469,86.33762,1010.93726,13.044722,309.40063,0.2,48.0,51.0
2014-08-24 05:00:00+00:00,26.219,86.14888,1010.7385,13.397612,300.69965,0.0,42.0,1.0
2014-08-24 06:00:00+00:00,26.819,84.92316,1010.8394,14.039999,292.6199,0.1,46.0,51.0
2014-08-24 07:00:00+00:00,27.069,79.02903,1010.1401,14.241629,286.1444,0.2,51.0,51.0
2014-08-24 08:00:00+00:00,27.419,77.42365,1009.44104,15.03835,281.0409,0.3,54.0,51.0
2014-08-24 09:00:00+00:00,27.419,77.42365,1008.64136,15.463244,282.09473,0.1,48.0,51.0
2014-08-24 10:00:00+00:00,27.319,78.114334,1007.9414,15.937878,288.43503,0.0,23.0,1.0
2014-08-24 11:00:00+00:00,27.219,78.57362,1007.74146,15.256526,289.29013,0.0,17.0,0.0
2014-08-24 12:00:00+00:00,26.919,80.4545,1008.0407,14.707222,291.54105,0.0,30.0,1.0
2014-08-24 13:00:00+00:00,26.519001,82.62042,1008.93976,12.55879,297.2995,0.0,26.0,1.0
2014-08-24 14:00:00+00:00,26.119001,84.33978,1009.8389,10.990322,301.60745,0.0,55.0,2.0
2014-08-24 15:00:00+00:00,25.919,85.3438,1010.3383,10.383987,303.6901,0.0,64.0,2.0
2014-08-24 16:00:00+00:00,25.719,86.36133,1011.0378,10.086427,304.82455,0.0,81.0,3.0
2014-08-24 17:00:00+00:00,25.569,87.13341,1011.1373,8.714677,308.2902,0.0,58.0,2.0
2014-08-24 18:00:00+00:00,25.319,88.70498,1011.2371,8.942214,310.10083,0.0,47.0,1.0
2014-08-24 19:00:00+00:00,25.219,89.77459,1010.63696,8.654987,315.0001,0.0,51.0,2.0
2014-08-24 20:00:00+00:00,25.069,90.30731,1010.2368,8.942214,319.89914,0.0,86.0,3.0
2014-08-24 21:00:00+00:00,24.869001,90.84074,1009.63684,9.085988,326.3099,0.0,95.0,3.0
2014-08-24 22:00:00+00:00,24.719,90.83094,1009.7368,10.805998,330.01843,0.0,94.0,3.0
2014-08-24 23:00:00+00:00,24.569,91.096375,1009.43665,10.966713,336.8014,0.0,100.0,3.0
2014-08-25 00:00:00+00:00,24.469,90.81455,1010.13586,10.24578,341.56494,0.0,89.0,3.0
2014-08-25 01:00:00+00:00,24.419,90.53644,1010.2359,8.905908,345.9637,0.0,92.0,3.0
2014-08-25 02:00:00+00:00,24.819,89.2039,1011.0362,9.0,343.73972,0.0,83.0,3.0
2014-08-25 03:00:00+00:00,25.619001,85.05555,1011.43726,9.983106,334.35904,0.0,90.0,3.0
2014-08-25 04:00:00+00:00,26.469,81.1294,1011.93835,10.97262,318.991,0.0,99.0,3.0
2014-08-25 05:00:00+00:00,27.219,77.394104,1012.0395,11.090103,305.75397,0.0,100.0,3.0
2014-08-25 06:00:00+00:00,27.519001,75.12961,1011.74,11.753877,297.3498,0.0,100.0,3.0
2014-08-25 07:00:00+00:00,28.069,71.87702,1011.04126,12.979984,289.44012,0.0,98.0,3.0
2014-08-25 08:00:00+00:00,28.169,72.11318,1010.24164,13.849476,278.97253,0.0,95.0,3.0
2014-08-25 09:00:00+00:00,28.019001,72.9672,1009.34204,14.404499,271.43207,0.0,94.0,3.0
2014-08-25 10:00:00+00:00,27.669,74.473404,1008.74176,15.629972,277.9434,0.0,89.0,3.0
2014-08-25 11:00:00+00:00,27.419,75.570694,1008.7414,15.226764,276.78888,0.0,84.0,3.0
2014-08-25 12:00:00+00:00,27.019001,76.8965,1009.4405,14.113653,275.85593,0.0,90.0,3.0
2014-08-25 13:00:00+00:00,26.569,78.95949,1009.9395,12.324414,276.70975,0.0,98.0,3.0
2014-08-25 14:00:00+00:00,26.269001,80.12581,1010.63855,11.367109,280.954,0.0,100.0,3.0
2014-08-25 15:00:00+00:00,26.119001,81.084984,1011.33826,10.137692,286.50443,0.0,100.0,3.0
2014-08-25 16:00:00+00:00,25.919,82.549576,1011.43787,7.0911775,293.9625,0.0,100.0,3.0
2014-08-25 17:00:00+00:00,25.719,84.04176,1011.6375,5.692099,304.69522,0.0,97.0,3.0
2014-08-25 18:00:00+00:00,25.169,87.3616,1011.63654,5.3517847,312.27362,0.0,100.0,3.0
2014-08-25 19:00:00+00:00,25.019001,88.68106,1011.53625,5.0911684,315.0001,0.0,100.0,3.0
2014-08-25 20:00:00+00:00,24.869001,88.93805,1011.13617,5.1165614,309.28937,0.0,98.0,3.0
2014-08-25 21:00:00+00:00,24.919,88.6731,1010.9365,5.6233797,309.8055,0.0,99.0,3.0
2014-08-25 22:00:00+00:00,24.469,90.81455,1010.8356,8.587338,326.97614,0.0,100.0,3.0
2014-08-25 23:00:00+00:00,24.569,90.8211,1010.83594,9.028754,336.5014,0.0,98.0,3.0
2014-08-26 00:00:00+00:00,24.569,91.096375,1010.736,9.904906,340.9064,0.0,98.0,3.0
2014-08-26 01:00:00+00:00,24.569,91.37236,1011.2358,10.739833,346.42953,0.0,95.0,3.0
2014-08-26 02:00:00+00:00,24.869001,90.566734,1011.6359,11.966954,344.2913,0.0,87.0,3.0
2014-08-26 03:00:00+00:00,25.769001,86.10566,1012.13727,13.708391,336.8014,0.1,85.0,51.0
2014-08-26 04:00:00+00:00,26.519001,82.62042,1012.638,13.584932,327.99466,0.2,99.0,51.0
2014-08-26 05:00:00+00:00,27.119001,79.514946,1012.03925,14.565548,309.98682,0.1,100.0,51.0
2014-08-26 06:00:00+00:00,27.719,76.769615,1011.6404,15.2947035,296.56497,0.1,100.0,51.0
2014-08-26 07:00:00+00:00,28.019001,74.530594,1010.8414,15.937878,288.43503,0.0,100.0,3.0
2014-08-26 08:00:00+00:00,27.969,75.42916,1010.14166,17.462782,284.32275,0.1,96.0,51.0
2014-08-26 09:00:00+00:00,27.819,75.405396,1009.24176,18.079027,282.65256,0.1,72.0,51.0
2014-08-26 10:00:00+00:00,27.669,75.8393,1008.5418,20.268991,289.72235,0.1,44.0,51.0
2014-08-26 11:00:00+00:00,27.369001,77.18242,1008.34155,19.930477,290.07162,0.2,32.0,51.0
2014-08-26 12:00:00+00:00,26.969,79.01514,1008.7408,18.455048,290.55612,0.2,34.0,51.0
2014-08-26 13:00:00+00:00,26.369001,82.10479,1008.93976,17.193533,289.5732,0.1,34.0,51.0
2014-08-26 14:00:00+00:00,25.819,84.563065,1010.03827,15.379206,290.55612,0.3,45.0,51.0
2014-08-26 15:00:00+00:00,25.519001,87.39249,1010.9375,15.596767,288.85324,0.4,68.0,51.0
2014-08-26 16:00:00+00:00,25.319,88.70498,1011.7369,14.003029,287.96924,0.4,94.0,51.0
2014-08-26 17:00:00+00:00,25.269001,88.166664,1012.0364,13.1041975,290.92456,0.3,87.0,51.0
2014-08-26 18:00:00+00:00,24.719,91.10592,1012.03577,12.43434,292.1095,0.6,90.0,53.0
2014-08-26 19:00:00+00:00,24.519001,91.369255,1011.2358,12.57426,293.6294,0.5,97.0,53.0
2014-08-26 20:00:00+00:00,24.219,93.30795,1010.7354,13.570615,291.80148,0.4,100.0,51.0
2014-08-26 21:00:00+00:00,24.219,92.74501,1010.0357,13.202726,295.8663,0.4,100.0,51.0
2014-08-26 22:00:00+00:00,24.169,92.18223,1009.43604,14.689588,306.02747,0.4,100.0,51.0
2014-08-26 23:00:00+00:00,24.069,93.01856,1009.5356,14.021525,311.87778,0.4,99.0,51.0
2014-08-27 00:00:00+00:00,24.219,91.90619,1009.63586,13.755579,312.8789,0.4,100.0,51.0
2014-08-27 01:00:00+00:00,24.219,91.90619,1010.23566,13.746156,315.0001,0.4,99.0,51.0
2014-08-27 02:00:00+00:00,24.519001,90.81782,1010.83594,15.281989,313.09085,0.3,94.0,51.0
2014-08-27 03:00:00+00:00,25.519001,85.04523,1011.0374,16.08761,310.46216,0.6,96.0,53.0
2014-08-27 04:00:00+00:00,26.219,81.59084,1011.2383,16.135872,308.65982,0.4,97.0,51.0
2014-08-27 05:00:00+00:00,26.269001,82.59096,1011.1383,15.986593,305.83774,0.4,98.0,51.0
2014-08-27 06:00:00+00:00,26.669,80.1788,1010.73914,17.555307,298.1415,0.4,99.0,51.0
2014-08-27 07:00:00+00:00,26.519001,80.40219,1009.63934,19.008547,294.62354,0.3,100.0,51.0
2014-08-27 08:00:00+00:00,26.719,79.460495,1009.0399,19.33639,294.1791,0.3,100.0,51.0
2014-08-27 09:00:00+00:00,26.819,79.47411,1008.1406,19.33639,294.1791,0.4,100.0,51.0
2014-08-27 10:00:00+00:00,26.719,80.428375,1007.6405,20.188908,291.99118,0.4,99.0,51.0
2014-08-27 11:00:00+00:00,26.269001,82.8411,1007.54,19.995398,293.33405,0.5,100.0,53.0
2014-08-27 12:00:00+00:00,25.769001,84.814026,1008.0392,17.87718,295.01685,0.5,99.0,53.0
2014-08-27 13:00:00+00:00,25.219,87.63082,1008.7379,17.595861,300.76263,0.3,100.0,51.0
2014-08-27 14:00:00+00:00,24.769001,90.28658,1009.337,16.704155,307.11694,0.2,100.0,51.0
2014-08-27 15:00:00+00:00,24.569,91.37236,1009.8364,16.595179,310.60123,0.2,100.0,51.0
2014-08-27 16:00:00+00:00,24.369001,91.9149,1010.2359,15.629971,308.45374,0.4,100.0,51.0
2014-08-27 17:00:00+00:00,24.319,91.91204,1010.4358,15.575981,303.6901,0.3,100.0,51.0
2014-08-27 18:00:00+00:00,24.169,93.023575,1010.3356,15.141414,298.3929,0.3,100.0,51.0
2014-08-27 19:00:00+00:00,24.119001,91.90036,1009.8358,14.973577,297.18103,0.3,100.0,51.0
2014-08-27 20:00:00+00:00,23.719,94.422516,1009.33545,15.137133,295.34613,0.3,100.0,51.0
2014-08-27 21:00:00+00:00,23.519001,93.27389,1009.0352,15.978484,292.5206,0.4,100.0,51.0
2014-08-27 22:00:00+00:00,23.619001,92.99575,1008.83527,14.654254,297.824,0.4,100.0,51.0
2014-08-27 23:00:00+00:00,23.369001,93.55084,1008.735,11.435313,298.1785,0.6,100.0,53.0
2014-08-28 00:00:00+00:00,23.519001,92.42647,1008.9353,10.315115,299.24872,0.6,100.0,53.0
2014-08-28 01:00:00+00:00,23.469,92.705574,1009.43506,10.805998,299.98157,0.5,100.0,53.0
2014-08-28 02:00:00+00:00,23.669,91.31647,1010.0351,13.527572,295.20108,0.5,100.0,53.0
2014-08-28 03:00:00+00:00,24.069,88.87531,1010.6351,13.905509,291.25058,0.6,100.0,53.0
2014-08-28 04:00:00+00:00,24.269001,89.161766,1010.8353,14.934577,285.3763,0.4,100.0,51.0
2014-08-28 05:00:00+00:00,25.069,85.51699,1010.6366,16.520823,281.3099,0.5,98.0,53.0
2014-08-28 06:00:00+00:00,25.069,85.51699,1010.5367,16.167967,281.5601,0.9,100.0,53.0
2014-08-28 07:00:00+00:00,25.469,82.99958,1009.7378,17.935081,280.40765,0.6,98.0,53.0
2014-08-28 08:00:00+00:00,25.569,85.30838,1009.0383,16.862455,286.1135,0.3,100.0,51.0
2014-08-28 09:00:00+00:00,25.619001,86.875175,1008.43866,17.193533,289.5732,0.3,99.0,51.0
2014-08-28 10:00:00+00:00,25.369001,86.32812,1008.4384,16.645864,291.57138,0.6,99.0,53.0
2014-08-28 11:00:00+00:00,25.319,87.90481,1007.8386,15.509274,291.80148,0.3,100.0,51.0
2014-08-28 12:00:00+00:00,24.919,90.02452,1007.8379,15.617529,295.97433,0.3,100.0,51.0
2014-08-28 13:00:00+00:00,24.269001,90.8014,1008.3365,15.94601,298.30066,0.3,100.0,51.0
2014-08-28 14:00:00+00:00,24.169,91.62505,1008.83624,15.683774,301.86594,0.3,100.0,51.0
2014-08-28 15:00:00+00:00,24.019001,91.33826,1009.43567,15.496736,300.7354,0.6,98.0,53.0
2014-08-28 16:00:00+00:00,23.969,91.61304,1009.83545,14.168641,297.21603,0.4,99.0,51.0
2014-08-28 17:00:00+00:00,23.769001,92.721375,1009.8352,15.315873,299.57773,0.4,100.0,51.0
2014-08-28 18:00:00+00:00,23.819,92.162506,1009.9352,17.414474,299.74478,0.3,98.0,51.0
2014-08-28 19:00:00+00:00,23.719,92.71875,1009.33545,18.204042,294.53772,0.8,97.0,53.0
2014-08-28 20:00:00+00:00,23.719,93.56725,1008.5358,16.92383,293.83875,0.3,100.0,51.0
2014-08-28 21:00:00+00:00,23.769001,93.00334,1008.23596,15.2947035,296.56497,0.5,99.0,53.0
2014-08-28 22:00:00+00:00,23.719,94.13666,1008.036,15.192682,306.3269,0.5,95.0,53.0
2014-08-28 23:00:00+00:00,23.919,92.72928,1008.1362,14.113652,307.74686,0.4,95.0,51.0
2014-08-29 00:00:00+00:00,23.819,93.57191,1008.136,13.746156,315.0001,0.3,96.0,51.0
2014-08-29 01:00:00+00:00,23.819,93.57191,1008.43585,14.021525,318.12222,0.4,99.0,51.0
2014-08-29 02:00:00+00:00,24.169,93.023575,1008.83624,15.530151,314.06088,0.2,86.0,51.0
2014-08-29 03:00:00+00:00,25.019001,90.57681,1009.3372,14.003028,316.04153,0.0,68.0,2.0
2014-08-29 04:00:00+00:00,25.519001,89.25715,1009.73804,14.291592,310.91428,0.1,80.0,51.0
2014-08-29 05:00:00+00:00,25.869001,87.95127,1009.6384,14.480773,304.8754,0.2,83.0,51.0
2014-08-29 06:00:00+00:00,26.269001,87.4583,1009.3392,14.372974,292.06796,0.2,80.0,51.0
2014-08-29 07:00:00+00:00,26.869001,86.21099,1008.54047,15.596767,288.85324,0.3,82.0,51.0
2014-08-29 08:00:00+00:00,26.919,85.95795,1007.9408,16.766108,284.93146,0.2,95.0,51.0
2014-08-29 09:00:00+00:00,26.869001,86.98869,1007.2411,18.692286,285.6423,0.3,100.0,51.0
2014-08-29 10:00:00+00:00,26.569,87.74696,1006.94086,16.862455,286.1135,0.3,100.0,51.0
2014-08-29 11:00:00+00:00,26.119001,87.44518,1006.8403,17.533146,289.1791,0.5,98.0,53.0
2014-08-29 12:00:00+00:00,25.369001,90.05633,1007.33887,17.31746,290.69553,0.4,96.0,51.0
2014-08-29 13:00:00+00:00,24.419,92.47553,1007.737,19.011953,288.77814,0.8,99.0,53.0
2014-08-29 14:00:00+00:00,24.119001,93.869415,1008.5364,17.782688,291.3707,0.8,99.0,53.0
2014-08-29 15:00:00+00:00,23.969,95.00565,1009.2357,17.22742,296.02954,1.0,98.0,55.0
2014-08-29 16:00:00+00:00,24.019001,93.58123,1009.6355,16.746773,295.46332,0.9,99.0,53.0
2014-08-29 17:00:00+00:00,24.469,89.44822,1010.03595,15.941944,295.40768,0.5,99.0,53.0
2014-08-29 18:00:00+00:00,24.519001,90.26927,1009.8364,13.53236,298.61035,0.3,99.0,51.0
2014-08-29 19:00:00+00:00,24.069,94.151596,1009.3357,14.48972,296.56497,0.5,100.0,53.0
2014-08-29 20:00:00+00:00,24.069,94.72265,1008.73596,14.33234,295.27768,0.5,100.0,53.0
2014-08-29 21:00:00+00:00,23.969,94.14733,1008.3361,15.844089,291.318,0.5,98.0,53.0
2014-08-29 22:00:00+00:00,23.919,94.716835,1008.1362,15.256526,289.29013,0.5,94.0,53.0
2014-08-29 23:00:00+00:00,23.869001,94.14305,1008.2362,14.917212,289.74692,0.8,84.0,53.0
2014-08-30 00:00:00+00:00,23.919,94.145195,1008.5361,14.658676,294.67685,0.7,92.0,53.0
2014-08-30 01:00:00+00:00,23.869001,94.428604,1008.73596,14.007655,295.90643,0.6,91.0,53.0
2014-08-30 02:00:00+00:00,24.219,94.15795,1009.43604,13.849477,297.8972,0.3,95.0,51.0
2014-08-30 03:00:00+00:00,24.669,89.73461,1010.0363,15.827721,287.19864,1.3,96.0,61.0
2014-08-30 04:00:00+00:00,25.519001,86.86603,1010.3377,16.595179,273.73132,0.7,99.0,53.0
2014-08-30 05:00:00+00:00,25.419,89.51892,1010.5374,16.946787,282.26477,1.3,99.0,61.0
2014-08-30 06:00:00+00:00,26.119001,86.65957,1010.3387,18.709612,281.0937,0.5,92.0,53.0
2014-08-30 07:00:00+00:00,26.169,89.30626,1009.3392,17.026896,283.44864,0.4,74.0,51.0
2014-08-30 08:00:00+00:00,26.519001,88.26986,1008.93976,18.511143,283.49576,0.4,85.0,51.0
2014-08-30 09:00:00+00:00,26.419,83.10911,1007.64026,22.963936,283.60056,0.9,71.0,53.0
2014-08-30 10:00:00+00:00,25.919,82.80025,1007.4397,20.49156,288.43503,1.0,73.0,55.0
2014-08-30 11:00:00+00:00,25.919,86.641045,1007.1398,20.780453,284.03625,0.5,67.0,53.0
2014-08-30 12:00:00+00:00,25.319,86.06223,1007.7387,21.746502,289.3349,1.1,79.0,55.0
2014-08-30 13:00:00+00:00,24.469,90.81455,1008.4367,22.127556,291.97455,1.6,92.0,61.0
2014-08-30 14:00:00+00:00,24.219,92.74501,1008.9362,19.008547,294.62354,0.8,89.0,53.0
2014-08-30 15:00:00+00:00,24.619001,89.188576,1009.53656,17.873556,297.5972,0.5,97.0,53.0
2014-08-30 16:00:00+00:00,24.719,88.657104,1010.1366,19.469976,303.6901,0.2,94.0,51.0
2014-08-30 17:00:00+00:00,24.319,91.91204,1010.3358,20.188908,301.13892,0.3,95.0,51.0
2014-08-30 18:00:00+00:00,24.319,91.91204,1010.3358,21.30093,300.46545,0.2,99.0,51.0
2014-08-30 19:00:00+00:00,24.569,91.6491,1009.53656,20.767975,303.6901,0.3,93.0,51.0
2014-08-30 20:00:00+00:00,24.219,92.74501,1008.83624,20.304129,307.07315,0.4,95.0,51.0
2014-08-30 21:00:00+00:00,23.969,93.86276,1008.3361,20.523157,307.87503,0.8,98.0,53.0
2014-08-30 22:00:00+00:00,23.919,94.43062,1008.03625,19.95972,309.14398,0.7,98.0,53.0
2014-08-30 23:00:00+00:00,23.869001,94.71488,1007.73645,18.668005,309.52258,0.6,97.0,53.0
2014-08-31 00:00:00+00:00,23.969,93.86276,1007.83636,18.668005,309.52258,0.4,99.0,51.0
2014-08-31 01:00:00+00:00,24.469,90.81455,1008.03687,17.10284,310.73203,0.2,99.0,51.0
2014-08-31 02:00:00+00:00,24.769001,90.28658,1008.33746,16.831684,311.53168,0.0,99.0,3.0
2014-08-31 03:00:00+00:00,25.319,90.324524,1009.23804,17.339897,311.63345,0.1,100.0,51.0
2014-08-31 04:00:00+00:00,25.719,89.54117,1009.7384,16.135872,308.65982,0.4,99.0,51.0
2014-08-31 05:00:00+00:00,26.219,87.98075,1009.3392,17.727943,299.1675,0.6,95.0,53.0
2014-08-31 06:00:00+00:00,26.619001,86.96611,1009.3398,18.681883,295.08356,0.6,79.0,53.0
2014-08-31 07:00:00+00:00,27.169,83.94709,1008.3412,19.386593,291.80148,0.2,84.0,51.0
2014-08-31 08:00:00+00:00,27.369001,84.473076,1007.64185,19.242327,287.41806,0.3,94.0,51.0
2014-08-31 09:00:00+00:00,27.119001,86.234764,1006.7417,19.592731,290.43292,0.4,100.0,51.0
2014-08-31 10:00:00+00:00,26.719,87.236015,1006.3411,23.068108,292.9638,0.4,97.0,51.0
2014-08-31 11:00:00+00:00,26.419,87.73411,1006.041,19.008547,294.62354,0.2,89.0,51.0
2014-08-31 12:00:00+00:00,25.969,88.7565,1006.74,17.22742,296.02954,0.2,93.0,51.0
2014-08-31 13:00:00+00:00,25.469,90.06337,1007.1389,18.35647,295.5599,0.2,93.0,51.0
2014-08-31 14:00:00+00:00,24.919,90.02452,1008.13776,17.906157,300.17343,0.4,97.0,51.0
2014-08-31 15:00:00+00:00,24.769001,90.83419,1008.53735,17.974781,302.7352,0.3,100.0,51.0
2014-08-31 16:00:00+00:00,24.719,91.10592,1009.23706,14.904173,307.14676,0.4,97.0,51.0
2014-08-31 17:00:00+00:00,24.719,91.10592,1009.337,14.336861,308.8845,0.2,99.0,51.0
2014-08-31 18:00:00+00:00,24.319,93.59519,1009.33624,16.075521,304.046,0.3,100.0,51.0
2014-08-31 19:00:00+00:00,24.269001,93.592865,1008.7363,15.0038395,300.25635,0.4,100.0,51.0
2014-08-31 20:00:00+00:00,24.419,92.75549,1008.2368,14.372974,292.06796,0.5,100.0,53.0
2014-08-31 21:00:00+00:00,24.069,92.73716,1007.5365,17.654686,286.5874,0.7,100.0,53.0
2014-08-31 22:00:00+00:00,24.069,93.01856,1007.13666,16.09969,296.56497,0.8,100.0,53.0
2014-08-31 23:00:00+00:00,23.819,94.713005,1007.43634,16.1198,293.70264,0.8,100.0,53.0
2014-09-01 00:00:00+00:00,23.769001,94.424515,1007.53625,15.629971,298.92633,0.6,100.0,53.0
2014-09-01 01:00:00+00:00,23.769001,93.85378,1008.036,14.982228,305.21768,0.6,100.0,53.0
2014-09-01 02:00:00+00:00,24.069,90.78823,1008.4361,15.696165,306.60718,0.8,96.0,53.0
2014-09-01 03:00:00+00:00,24.419,91.0868,1008.93646,12.4811535,303.23172,0.9,98.0,53.0
2014-09-01 04:00:00+00:00,25.219,91.41237,1009.43756,12.24,298.0724,0.3,99.0,51.0
2014-09-01 05:00:00+00:00,25.769001,87.151306,1009.23865,13.237039,292.3802,0.4,100.0,51.0
2014-09-01 06:00:00+00:00,26.119001,85.62176,1009.2392,17.114204,284.6209,0.5,100.0,53.0
2014-09-01 07:00:00+00:00,26.669,84.90764,1008.2403,17.727943,282.9074,0.5,93.0,53.0
2014-09-01 08:00:00+00:00,26.969,87.51926,1007.4414,15.542662,283.39252,0.4,99.0,51.0
2014-09-01 09:00:00+00:00,27.069,87.00674,1006.8416,14.24163,290.72565,0.4,98.0,51.0
2014-09-01 10:00:00+00:00,26.769001,87.764,1006.14154,16.394829,289.23077,0.5,99.0,53.0
2014-09-01 11:00:00+00:00,26.219,87.71701,1006.2406,16.516901,286.46008,1.3,98.0,61.0
2014-09-01 12:00:00+00:00,25.869001,87.95127,1006.73975,14.917212,289.74692,0.7,99.0,53.0
2014-09-01 13:00:00+00:00,25.219,89.50413,1007.1386,14.007655,295.90643,0.2,94.0,51.0
2014-09-01 14:00:00+00:00,24.719,91.65807,1008.0376,11.983188,302.7352,0.4,96.0,51.0
2014-09-01 15:00:00+00:00,24.519001,91.369255,1008.9368,12.979984,303.6901,0.7,96.0,53.0
2014-09-01 16:00:00+00:00,24.369001,91.637085,1009.6361,12.879752,296.56497,0.4,98.0,51.0
2014-09-01 17:00:00+00:00,24.319,90.804695,1010.03595,10.464797,296.56497,0.2,100.0,51.0
2014-09-01 18:00:00+00:00,24.119001,91.90036,1009.9358,10.829958,291.4478,0.7,99.0,53.0
2014-09-01 19:00:00+00:00,24.219,90.79813,1009.2361,11.298495,292.47946,0.2,97.0,51.0
2014-09-01 20:00:00+00:00,24.219,90.79813,1008.43646,11.298495,300.65057,0.3,97.0,51.0
2014-09-01 21:00:00+00:00,24.269001,90.52631,1008.0366,12.387348,305.53775,0.2,99.0,51.0
2014-09-01 22:00:00+00:00,24.169,91.62505,1007.43695,10.195057,312.1375,0.0,99.0,3.0
2014-09-01 23:00:00+00:00,24.169,91.07084,1007.3369,11.304229,307.23492,0.1,100.0,51.0
2014-09-02 00:00:00+00:00,24.119001,91.34448,1008.2366,11.435313,298.1785,0.3,98.0,51.0
2014-09-02 01:00:00+00:00,23.969,92.45109,1008.3361,10.805998,299.98157,0.6,93.0,53.0
2014-09-02 02:00:00+00:00,24.269001,92.46737,1009.336,9.693296,291.80148,0.4,88.0,51.0
2014-09-02 03:00:00+00:00,24.969,89.756454,1010.0369,7.754637,291.80148,0.4,94.0,51.0
2014-09-02 04:00:00+00:00,25.269001,88.43346,1009.7374,11.440978,282.72437,0.8,93.0,53.0
2014-09-02 05:00:00+00:00,25.769001,84.55774,1010.1382,12.261158,273.3664,1.1,95.0,55.0
2014-09-02 06:00:00+00:00,26.269001,82.3415,1009.8389,14.264361,259.82455,1.6,100.0,61.0
2014-09-02 07:00:00+00:00,26.669,83.89228,1009.43976,11.525623,255.52966,0.5,100.0,53.0
2014-09-02 08:00:00+00:00,26.269001,84.86614,1008.1397,15.716793,249.90468,1.0,100.0,55.0
2014-09-02 09:00:00+00:00,26.219,83.842766,1007.83984,17.873556,260.72748,2.1,100.0,61.0
2014-09-02 10:00:00+00:00,25.769001,85.328636,1007.83923,10.308831,257.90524,3.5,100.0,63.0
2014-09-02 11:00:00+00:00,25.269001,83.73741,1007.4385,10.8955765,262.40546,5.0,100.0,63.0
2014-09-02 12:00:00+00:00,24.969,87.34391,1008.03784,13.627795,282.20044,0.7,99.0,53.0
2014-09-02 13:00:00+00:00,24.619001,89.73094,1008.83685,12.57426,283.24054,1.3,100.0,61.0
2014-09-02 14:00:00+00:00,24.169,92.46195,1009.8358,12.074766,280.30478,0.9,99.0,53.0
2014-09-02 15:00:00+00:00,24.119001,91.622055,1010.9353,10.661107,281.68933,2.8,99.0,63.0
2014-09-02 16:00:00+00:00,23.719,94.709114,1010.93475,9.6932955,285.06854,2.9,100.0,63.0
2014-09-02 17:00:00+00:00,23.769001,94.424515,1011.33453,9.178235,281.3099,1.8,99.0,61.0
2014-09-02 18:00:00+00:00,23.569,94.70333,1011.43414,10.163227,292.93213,1.7,100.0,61.0
2014-09-02 19:00:00+00:00,23.969,93.86276,1010.93494,11.770403,293.4287,2.3,100.0,61.0
2014-09-02 20:00:00+00:00,24.019001,93.58123,1010.3352,10.587917,287.81897,1.5,100.0,61.0
2014-09-02 21:00:00+00:00,24.069,93.300705,1009.73553,10.594036,279.78235,1.3,100.0,61.0
2014-09-02 22:00:00+00:00,24.019001,91.89455,1010.5351,9.178235,295.5599,1.8,100.0,61.0
2014-09-02 23:00:00+00:00,23.819,93.00592,1010.7348,8.089993,290.85452,2.1,100.0,61.0
2014-09-03 00:00:00+00:00,24.269001,89.43323,1010.3356,8.557102,284.6209,2.3,100.0,61.0
2014-09-03 01:00:00+00:00,23.719,93.851585,1010.5349,7.42159,284.03625,1.7,100.0,61.0
2014-09-03 02:00:00+00:00,23.869001,93.008415,1011.3347,7.072878,284.74362,1.4,100.0,61.0
2014-09-03 03:00:00+00:00,24.169,91.34758,1012.0348,8.12197,282.80426,1.9,99.0,61.0
2014-09-03 04:00:00+00:00,24.319,90.52971,1012.5348,10.805999,271.90912,2.9,100.0,63.0
2014-09-03 05:00:00+00:00,24.669,91.10273,1012.53516,14.154915,262.69434,0.9,100.0,53.0
2014-09-03 06:00:00+00:00,24.719,88.92632,1012.33563,14.471821,264.2895,4.5,100.0,63.0
2014-09-03 07:00:00+00:00,24.569,88.108284,1011.73553,14.917212,261.67444,1.8,100.0,61.0
2014-09-03 08:00:00+00:00,25.419,83.7541,1010.8373,18.129137,263.15732,2.5,98.0,63.0
2014-09-03 09:00:00+00:00,25.219,86.05255,1010.2372,19.164719,264.61078,2.8,92.0,63.0
2014-09-03 10:00:00+00:00,25.219,85.014275,1009.1377,15.827721,287.19864,1.6,100.0,61.0
2014-09-03 11:00:00+00:00,25.269001,82.724045,1008.9378,17.114204,284.6209,1.2,89.0,55.0
2014-09-03 12:00:00+00:00,25.119001,84.231926,1009.7374,16.171976,286.8215,0.7,93.0,53.0
2014-09-03 13:00:00+00:00,24.569,88.108284,1010.3362,16.055353,289.6539,0.6,95.0,53.0
2014-09-03 14:00:00+00:00,23.919,91.8887,1011.43475,14.372974,292.06796,0.9,97.0,53.0
2014-09-03 15:00:00+00:00,23.769001,92.15968,1012.23413,14.33234,295.27768,0.7,100.0,53.0
2014-09-03 16:00:00+00:00,23.769001,91.879944,1012.434,13.397612,300.69965,0.7,100.0,53.0
2014-09-03 17:00:00+00:00,23.919,91.05483,1012.5342,12.10157,300.37906,0.5,100.0,53.0
2014-09-03 18:00:00+00:00,23.969,91.61304,1012.2344,12.181624,304.15976,0.5,100.0,53.0
2014-09-03 19:00:00+00:00,24.069,91.064445,1011.73456,14.689588,306.02747,0.7,100.0,53.0
2014-09-03 20:00:00+00:00,24.169,90.24497,1010.8353,14.618837,307.99878,0.3,100.0,51.0
2014-09-03 21:00:00+00:00,24.219,90.248474,1010.0357,16.08761,310.46216,0.2,100.0,51.0
2014-09-03 22:00:00+00:00,24.169,91.07084,1009.9358,13.783817,319.23648,0.2,100.0,51.0
2014-09-03 23:00:00+00:00,24.169,91.07084,1009.9358,13.891522,328.78165,0.1,100.0,51.0
2014-09-04 00:00:00+00:00,24.119001,91.34448,1010.0357,13.441071,339.62347,0.0,99.0,3.0
2014-09-04 01:00:00+00:00,23.919,93.29338,1010.93494,10.931203,342.75845,0.2,99.0,51.0
2014-09-04 02:00:00+00:00,23.969,93.29582,1011.6346,9.659814,333.43503,0.4,99.0,51.0
2014-09-04 03:00:00+00:00,24.269001,91.07721,1012.1347,9.021574,331.38962,0.3,93.0,51.0
2014-09-04 04:00:00+00:00,24.769001,88.125,1012.63544,10.144082,332.52567,0.1,97.0,51.0
2014-09-04 05:00:00+00:00,25.269001,85.53704,1012.936,9.793059,323.97253,0.2,100.0,51.0
2014-09-04 06:00:00+00:00,25.519001,84.019875,1012.3368,10.514218,308.0471,0.3,99.0,51.0
2014-09-04 07:00:00+00:00,26.369001,80.87133,1011.6384,11.923557,298.88647,0.3,100.0,51.0
2014-09-04 08:00:00+00:00,26.319,81.85067,1010.539,13.397612,300.69965,0.2,99.0,51.0
2014-09-04 09:00:00+00:00,26.469,81.3753,1009.63934,13.891522,301.21835,0.2,100.0,51.0
2014-09-04 10:00:00+00:00,26.519001,80.89056,1009.0397,12.879752,296.56497,0.2,100.0,51.0
2014-09-04 11:00:00+00:00,26.219,81.838425,1009.0393,13.37825,293.80594,0.2,100.0,51.0
2014-09-04 12:00:00+00:00,26.069,82.56736,1009.6387,12.074766,296.56497,0.2,100.0,51.0
2014-09-04 13:00:00+00:00,25.819,83.79854,1010.538,10.805998,299.98157,0.1,100.0,51.0
2014-09-04 14:00:00+00:00,25.569,85.56701,1011.1373,10.383987,303.6901,0.2,100.0,51.0
2014-09-04 15:00:00+00:00,25.419,86.33285,1012.03674,11.019764,308.36752,0.0,100.0,3.0
2014-09-04 16:00:00+00:00,25.269001,86.84314,1012.63605,15.546833,312.18436,0.0,99.0,3.0
2014-09-04 17:00:00+00:00,25.069,87.088425,1013.2355,16.08761,310.46216,0.0,92.0,3.0
2014-09-04 18:00:00+00:00,24.569,89.45569,1013.23486,13.551501,320.38934,0.1,100.0,51.0
2014-09-04 19:00:00+00:00,24.119001,89.69441,1012.43463,14.480773,325.1246,0.0,97.0,3.0
2014-09-04 20:00:00+00:00,24.169,89.69808,1011.63495,14.113652,322.25314,0.2,99.0,51.0
2014-09-04 21:00:00+00:00,23.969,91.33516,1010.6351,12.074766,333.43503,0.0,94.0,3.0
2014-09-04 22:00:00+00:00,23.919,91.332054,1010.13525,13.527572,334.79892,0.0,91.0,3.0
2014-09-04 23:00:00+00:00,23.919,91.332054,1010.6351,12.72283,334.8852,0.0,93.0,3.0
2014-09-05 00:00:00+00:00,23.869001,91.60699,1010.93494,11.923557,331.11353,0.2,95.0,51.0
2014-09-05 01:00:00+00:00,23.869001,90.77503,1011.53467,12.7279215,331.26028,0.3,87.0,51.0
2014-09-05 02:00:00+00:00,24.069,91.064445,1012.43427,13.830749,321.34018,0.5,85.0,53.0
2014-09-05 03:00:00+00:00,24.669,88.11664,1012.7351,14.799459,318.94528,0.3,94.0,51.0
2014-09-05 04:00:00+00:00,25.619001,82.26356,1012.4368,14.4,306.86996,0.2,95.0,51.0
2014-09-05 05:00:00+00:00,26.119001,81.084984,1012.33777,16.1198,299.42737,0.2,98.0,51.0
2014-09-05 06:00:00+00:00,26.569,79.19943,1012.23846,17.072504,294.94388,0.3,58.0,51.0
2014-09-05 07:00:00+00:00,26.819,78.2793,1011.4392,19.05281,292.20352,0.4,74.0,51.0
2014-09-05 08:00:00+00:00,26.819,80.684875,1010.23975,19.011953,288.77814,0.2,73.0,51.0
2014-09-05 09:00:00+00:00,25.869001,82.54366,1009.53845,21.933426,293.1986,0.7,87.0,53.0
2014-09-05 10:00:00+00:00,25.769001,85.070984,1008.2391,21.566973,303.42484,0.2,79.0,51.0
2014-09-05 11:00:00+00:00,25.769001,84.55774,1008.439,21.67786,305.53775,0.2,90.0,51.0
2014-09-05 12:00:00+00:00,25.569,85.05041,1009.0383,20.523157,307.87503,0.2,77.0,51.0
2014-09-05 13:00:00+00:00,24.969,88.141716,1009.937,17.84816,311.72943,0.2,76.0,51.0
2014-09-05 14:00:00+00:00,24.619001,88.91849,1010.736,17.31746,316.68463,0.3,83.0,51.0
2014-09-05 15:00:00+00:00,24.469,89.44822,1011.83514,15.629971,321.54626,0.3,80.0,51.0
2014-09-05 16:00:00+00:00,24.219,90.79813,1012.0348,14.689588,323.97253,0.3,79.0,51.0
2014-09-05 17:00:00+00:00,24.269001,89.9783,1012.53455,14.386494,328.2986,0.0,84.0,3.0
2014-09-05 18:00:00+00:00,24.119001,90.79152,1012.53455,13.53236,331.38962,0.3,98.0,51.0
2014-09-05 19:00:00+00:00,24.269001,90.25193,1011.63495,13.397612,329.30035,0.3,100.0,51.0
2014-09-05 20:00:00+00:00,24.119001,91.06762,1011.1352,14.689588,323.97253,0.0,100.0,3.0
2014-09-05 21:00:00+00:00,24.019001,91.61602,1010.2353,16.279802,324.9041,0.0,100.0,3.0
2014-09-05 22:00:00+00:00,23.869001,92.16531,1009.43567,17.935081,321.51978,0.0,100.0,3.0
2014-09-05 23:00:00+00:00,23.769001,92.44013,1009.63525,16.92383,321.91116,0.1,100.0,51.0
2014-09-06 00:00:00+00:00,23.619001,92.71348,1010.0347,16.981165,327.99466,0.5,99.0,53.0
2014-09-06 01:00:00+00:00,23.619001,92.431946,1010.53455,17.174677,326.97614,0.5,99.0,53.0
2014-09-06 02:00:00+00:00,23.819,91.8829,1011.1346,16.489416,323.88055,0.4,100.0,51.0
2014-09-06 03:00:00+00:00,24.069,90.78823,1011.6346,17.884428,319.89914,0.3,99.0,51.0
2014-09-06 04:00:00+00:00,24.519001,89.45194,1012.0354,18.864824,311.90585,0.4,100.0,51.0
2014-09-06 05:00:00+00:00,25.319,88.170815,1011.93677,20.674156,305.07382,0.3,100.0,51.0
2014-09-06 06:00:00+00:00,25.319,88.97314,1011.93677,20.3774,302.00534,0.4,100.0,51.0
2014-09-06 07:00:00+00:00,26.869001,77.81308,1011.03937,20.94507,298.76755,0.4,100.0,51.0
2014-09-06 08:00:00+00:00,26.869001,78.04944,1009.9399,23.042812,298.96756,0.3,100.0,51.0
2014-09-06 09:00:00+00:00,26.369001,80.382515,1009.23956,23.277834,301.72354,0.2,100.0,51.0
2014-09-06 10:00:00+00:00,26.269001,80.613625,1008.2397,24.627789,307.87503,0.3,99.0,51.0
2014-09-06 11:00:00+00:00,26.069,81.07862,1008.13934,25.35637,308.65982,0.3,100.0,51.0
2014-09-06 12:00:00+00:00,25.169,85.52701,1008.9378,22.725668,310.50278,0.2,98.0,51.0
2014-09-06 13:00:00+00:00,24.819,87.33062,1009.0371,20.65848,311.46762,0.0,98.0,3.0
2014-09-06 14:00:00+00:00,24.619001,88.38042,1009.9364,20.111729,315.72513,0.0,97.0,3.0
2014-09-06 15:00:00+00:00,24.519001,89.18094,1010.63605,19.681828,320.1945,0.0,99.0,3.0
2014-09-06 16:00:00+00:00,24.419,89.71638,1010.93555,19.513195,322.4958,0.0,98.0,3.0
2014-09-06 17:00:00+00:00,24.319,90.25544,1011.3353,19.770523,326.88864,0.0,100.0,3.0
2014-09-06 18:00:00+00:00,24.219,90.79813,1011.23517,19.652176,331.55716,0.0,99.0,3.0
2014-09-06 19:00:00+00:00,24.219,90.79813,1010.8353,20.456745,331.63104,0.0,99.0,3.0
2014-09-06 20:00:00+00:00,23.969,91.61304,1010.3352,20.497883,329.38147,0.0,100.0,3.0
2014-09-06 21:00:00+00:00,23.819,91.8829,1009.7353,19.386593,328.67136,0.0,100.0,3.0
2014-09-06 22:00:00+00:00,23.669,92.43469,1009.53534,18.089775,328.84076,0.1,100.0,51.0
2014-09-06 23:00:00+00:00,23.519001,92.99066,1009.43506,17.287498,328.62704,0.0,100.0,3.0
2014-09-07 00:00:00+00:00,23.569,92.429245,1009.535,16.179987,327.72437,0.0,100.0,3.0
2014-09-07 01:00:00+00:00,23.769001,91.600945,1009.9352,16.179987,327.72437,0.0,100.0,3.0
2014-09-07 02:00:00+00:00,23.919,91.332054,1010.83496,17.10284,329.65683,0.0,100.0,3.0
2014-09-07 03:00:00+00:00,24.369001,88.62904,1011.3353,19.386593,328.67136,0.2,100.0,51.0
2014-09-07 04:00:00+00:00,25.069,84.48325,1011.83606,19.134262,318.81415,0.2,100.0,51.0
2014-09-07 05:00:00+00:00,25.369001,84.51522,1012.03674,19.228851,308.15726,0.2,100.0,51.0
2014-09-07 06:00:00+00:00,25.719,85.84109,1012.33716,17.873556,297.5972,0.3,100.0,51.0
2014-09-07 07:00:00+00:00,26.019001,85.353905,1011.73773,17.782688,291.3707,0.2,100.0,51.0
2014-09-07 08:00:00+00:00,26.019001,86.12971,1010.53827,19.130875,289.79895,0.2,100.0,51.0
2014-09-07 09:00:00+00:00,26.119001,85.36398,1009.53906,21.096123,295.2531,0.1,100.0,51.0
2014-09-07 10:00:00+00:00,26.019001,84.32904,1009.4388,21.370783,302.61923,0.1,100.0,51.0
2014-09-07 11:00:00+00:00,25.919,84.318275,1009.73865,19.008545,307.30402,0.0,100.0,3.0
2014-09-07 12:00:00+00:00,25.569,85.82636,1010.0379,17.935081,308.48022,0.0,93.0,3.0
2014-09-07 13:00:00+00:00,25.169,87.62646,1010.53705,17.148247,309.0355,0.0,69.0,2.0
2014-09-07 14:00:00+00:00,24.769001,89.47062,1011.33606,15.580141,310.31403,0.1,48.0,51.0
2014-09-07 15:00:00+00:00,24.519001,90.54319,1012.43524,14.799459,311.05472,0.1,39.0,51.0
2014-09-07 16:00:00+00:00,24.119001,92.17943,1012.9344,14.512064,316.00497,0.1,68.0,51.0
2014-09-07 17:00:00+00:00,24.119001,91.90036,1013.1343,14.113652,322.25314,0.1,80.0,51.0
2014-09-07 18:00:00+00:00,24.019001,91.89455,1012.934,12.979984,326.3099,0.1,85.0,51.0
2014-09-07 19:00:00+00:00,24.019001,91.06121,1012.83405,14.4,323.13,0.1,98.0,51.0
2014-09-07 20:00:00+00:00,23.869001,91.60699,1011.9345,14.186923,324.2932,0.1,93.0,51.0
2014-09-07 21:00:00+00:00,23.769001,91.879944,1011.33453,14.336861,321.1155,0.1,99.0,51.0
2014-09-07 22:00:00+00:00,23.669,92.154015,1010.7348,14.386494,328.2986,0.1,62.0,51.0
2014-09-07 23:00:00+00:00,23.569,92.71085,1011.33417,12.287555,328.17258,0.1,55.0,51.0
2014-09-08 00:00:00+00:00,23.519001,92.99066,1011.33417,10.990322,328.39255,0.1,71.0,51.0
2014-09-08 01:00:00+00:00,23.369001,93.55084,1011.6336,11.298495,329.3494,0.1,62.0,51.0
2014-09-08 02:00:00+00:00,23.569,93.27636,1012.3337,12.783802,327.6526,0.2,58.0,51.0
2014-09-08 03:00:00+00:00,24.269001,91.353775,1012.9344,14.565548,320.01315,0.2,49.0,51.0
2014-09-08 04:00:00+00:00,24.969,87.87506,1013.2355,16.641972,308.8534,0.0,65.0,2.0
2014-09-08 05:00:00+00:00,25.319,85.54204,1012.93634,17.595861,300.76263,0.2,64.0,51.0
2014-09-08 06:00:00+00:00,25.919,82.29959,1012.8372,18.03237,296.05344,0.4,38.0,51.0
2014-09-08 07:00:00+00:00,27.069,75.51537,1011.83936,18.455048,290.55612,0.1,30.0,51.0
2014-09-08 08:00:00+00:00,27.319,74.64262,1010.94,19.483284,286.09088,0.2,44.0,51.0
2014-09-08 09:00:00+00:00,27.319,74.86977,1010.0404,20.870687,284.99512,0.2,38.0,51.0
2014-09-08 10:00:00+00:00,27.219,75.76882,1010.0404,20.833395,288.12195,0.1,30.0,51.0
2014-09-08 11:00:00+00:00,26.919,76.88139,1009.9399,20.188908,291.99118,0.1,35.0,51.0
2014-09-08 12:00:00+00:00,26.719,77.319954,1010.1394,19.995398,293.33405,0.1,43.0,51.0
2014-09-08 13:00:00+00:00,26.269001,79.88288,1010.53864,18.837322,296.0753,0.0,49.0,1.0
2014-09-08 14:00:00+00:00,25.819,82.03812,1011.53754,19.386593,301.32864,0.2,39.0,51.0
2014-09-08 15:00:00+00:00,25.519001,84.019875,1012.4368,17.935081,308.48022,0.0,41.0,1.0
2014-09-08 16:00:00+00:00,25.269001,85.79686,1013.23584,16.055355,312.27362,0.0,80.0,3.0
2014-09-08 17:00:00+00:00,24.869001,88.400856,1013.33514,14.512064,313.995,0.0,73.0,2.0
2014-09-08 18:00:00+00:00,24.619001,89.73094,1013.23486,14.021525,318.12222,0.0,55.0,2.0
2014-09-08 19:00:00+00:00,24.819,87.33062,1013.0353,14.904173,322.85324,0.0,68.0,2.0
2014-09-08 20:00:00+00:00,24.469,89.17711,1012.03503,14.081477,327.52884,0.0,84.0,3.0
2014-09-08 21:00:00+00:00,24.119001,91.06762,1011.63495,14.168641,332.78397,0.0,97.0,3.0
2014-09-08 22:00:00+00:00,23.869001,92.16531,1011.3347,15.978484,337.4794,0.0,98.0,3.0
2014-09-08 23:00:00+00:00,23.769001,91.600945,1011.63434,16.42247,333.9967,0.1,97.0,51.0
2014-09-09 00:00:00+00:00,23.619001,91.87115,1011.9339,15.496736,329.2646,0.2,98.0,51.0
2014-09-09 01:00:00+00:00,23.569,92.14836,1012.23376,14.88242,327.84772,0.2,97.0,51.0
2014-09-09 02:00:00+00:00,23.769001,91.32271,1012.9338,17.57744,325.0079,0.3,90.0,51.0
2014-09-09 03:00:00+00:00,24.269001,88.89102,1013.4342,19.134262,318.81415,0.3,98.0,51.0
2014-09-09 04:00:00+00:00,24.769001,85.74751,1013.8349,20.111729,314.27487,0.3,97.0,51.0
2014-09-09 05:00:00+00:00,25.469,82.4962,1013.8359,20.12461,312.82523,0.1,98.0,51.0
2014-09-09 06:00:00+00:00,26.069,79.61347,1013.137,20.972897,309.42776,0.2,94.0,51.0
2014-09-09 07:00:00+00:00,26.769001,75.69806,1012.0389,20.808498,307.26648,0.0,97.0,3.0
2014-09-09 08:00:00+00:00,27.169,73.93972,1010.84,20.674156,305.07382,0.0,91.0,3.0
2014-09-09 09:00:00+00:00,27.319,73.5158,1009.9405,21.566973,303.42484,0.0,54.0,2.0
2014-09-09 10:00:00+00:00,27.219,74.17353,1009.1408,21.26744,303.9591,0.0,23.0,1.0
2014-09-09 11:00:00+00:00,26.969,76.19147,1009.4405,21.758419,308.9559,0.0,20.0,1.0
2014-09-09 12:00:00+00:00,26.669,78.02052,1009.83954,19.453327,308.991,0.0,29.0,1.0
2014-09-09 13:00:00+00:00,26.269001,79.88288,1010.1388,17.283749,305.67648,0.0,54.0,2.0
2014-09-09 14:00:00+00:00,25.869001,82.04417,1011.33765,16.418526,307.87503,0.0,84.0,3.0
2014-09-09 15:00:00+00:00,25.669,83.0227,1011.83704,16.055355,312.27362,0.0,98.0,3.0
2014-09-09 16:00:00+00:00,25.469,84.26982,1012.03674,15.7908325,316.8476,0.0,98.0,3.0
2014-09-09 17:00:00+00:00,25.219,85.53205,1012.1363,14.84318,320.90613,0.0,75.0,2.0
2014-09-09 18:00:00+00:00,24.919,87.339485,1012.036,13.896187,323.42688,0.0,55.0,2.0
2014-09-09 19:00:00+00:00,24.869001,87.07034,1011.8358,13.684735,324.63745,0.0,48.0,1.0
2014-09-09 20:00:00+00:00,24.819,86.538414,1011.33606,12.979984,326.3099,0.0,46.0,1.0
2014-09-09 21:00:00+00:00,24.569,87.30842,1010.63605,13.979872,325.4914,0.0,59.0,2.0
2014-09-09 22:00:00+00:00,24.319,88.35584,1010.03595,17.595861,329.23734,0.0,73.0,2.0
2014-09-09 23:00:00+00:00,24.169,88.88315,1010.1356,17.238699,331.29416,0.0,82.0,3.0
2014-09-10 00:00:00+00:00,24.069,88.87531,1010.6351,16.1198,330.57263,0.0,87.0,3.0
2014-09-10 01:00:00+00:00,23.969,89.41072,1010.83496,16.299694,329.47037,0.0,84.0,3.0
2014-09-10 02:00:00+00:00,24.369001,87.82382,1011.5353,18.278645,327.87503,0.0,71.0,2.0
2014-09-10 03:00:00+00:00,25.019001,85.25242,1012.1359,19.881649,328.3246,0.0,65.0,2.0
2014-09-10 04:00:00+00:00,25.919,80.81348,1012.1375,19.95972,320.85602,0.0,77.0,2.0
2014-09-10 05:00:00+00:00,26.519001,78.71311,1012.33813,20.12461,312.82523,0.2,36.0,51.0
2014-09-10 06:00:00+00:00,26.869001,77.81308,1011.839,21.028437,308.0471,0.3,37.0,51.0
2014-09-10 07:00:00+00:00,27.169,74.61814,1011.04,21.924562,299.51138,0.1,33.0,51.0
2014-09-10 08:00:00+00:00,27.269001,75.54699,1010.0404,23.042812,298.96756,0.2,25.0,51.0
2014-09-10 09:00:00+00:00,27.119001,76.67865,1009.24054,23.219301,299.74478,0.0,37.0,1.0
2014-09-10 10:00:00+00:00,27.119001,76.91156,1008.6408,24.27265,305.34018,0.0,24.0,1.0
2014-09-10 11:00:00+00:00,26.869001,78.52406,1008.7404,22.86496,303.43988,0.0,37.0,1.0
2014-09-10 12:00:00+00:00,26.419,80.877754,1009.1396,20.570463,302.8557,0.0,50.0,2.0
2014-09-10 13:00:00+00:00,26.019001,83.56747,1009.6387,18.671474,303.9965,0.0,49.0,1.0
2014-09-10 14:00:00+00:00,25.619001,85.572,1010.6376,17.429354,308.2902,0.0,55.0,2.0
2014-09-10 15:00:00+00:00,25.169,87.89205,1011.63654,17.31746,313.31537,0.0,55.0,2.0
2014-09-10 16:00:00+00:00,24.819,89.2039,1012.5355,18.089775,317.41956,0.0,63.0,2.0
2014-09-10 17:00:00+00:00,24.369001,91.08359,1012.83466,18.0,323.13,0.0,53.0,2.0
2014-09-10 18:00:00+00:00,24.169,92.18223,1012.53455,17.0763,325.30478,0.0,78.0,2.0
2014-09-10 19:00:00+00:00,24.219,91.35068,1012.43463,16.575644,325.6196,0.0,83.0,3.0
2014-09-10 20:00:00+00:00,24.069,91.61907,1011.53467,16.485485,328.39255,0.0,83.0,3.0
2014-09-10 21:00:00+00:00,23.869001,92.16531,1010.93494,17.22742,333.97046,0.0,83.0,3.0
2014-09-10 22:00:00+00:00,23.769001,92.44013,1010.5349,18.388212,336.94867,0.0,87.0,3.0
2014-09-10 23:00:00+00:00,23.769001,91.600945,1010.43494,18.331741,340.49747,0.0,93.0,3.0
2014-09-11 00:00:00+00:00,23.719,91.042,1010.6348,17.533146,340.8209,0.0,100.0,3.0
2014-09-11 01:00:00+00:00,23.669,90.7618,1010.6348,16.62249,342.34976,0.0,100.0,3.0
2014-09-11 02:00:00+00:00,23.969,89.41072,1011.1348,15.827721,342.80136,0.0,100.0,3.0
2014-09-11 03:00:00+00:00,24.819,84.97284,1011.93585,16.179985,339.14545,0.0,99.0,3.0
2014-09-11 04:00:00+00:00,25.969,78.63547,1012.3374,17.414474,330.25522,0.0,99.0,3.0
2014-09-11 05:00:00+00:00,26.969,74.132095,1011.93933,19.95972,320.85602,0.0,100.0,3.0
2014-09-11 06:00:00+00:00,27.769001,71.82386,1011.7406,20.371038,313.56796,0.0,98.0,3.0
2014-09-11 07:00:00+00:00,28.169,69.529465,1010.94135,20.380579,305.65543,0.0,93.0,3.0
2014-09-11 08:00:00+00:00,28.269001,70.39997,1010.2419,20.608229,297.01257,0.0,90.0,3.0
2014-09-11 09:00:00+00:00,27.969,73.4025,1009.442,21.749481,294.44394,0.0,66.0,2.0
2014-09-11 10:00:00+00:00,27.769001,74.26434,1009.1418,22.17144,302.3998,0.0,60.0,2.0
2014-09-11 11:00:00+00:00,27.369001,77.41626,1008.8413,20.774214,297.8972,0.0,38.0,1.0
2014-09-11 12:00:00+00:00,26.869001,79.96317,1009.54004,19.969458,297.95087,0.0,16.0,0.0
2014-09-11 13:00:00+00:00,26.369001,81.85679,1010.13916,18.671474,303.9965,0.0,22.0,1.0
2014-09-11 14:00:00+00:00,25.919,83.80957,1011.038,17.884428,310.10083,0.0,27.0,1.0
2014-09-11 15:00:00+00:00,25.719,85.06586,1012.23724,17.31746,316.68463,0.0,38.0,1.0
2014-09-11 16:00:00+00:00,25.369001,87.11542,1012.93634,17.429354,321.70978,0.0,28.0,1.0
2014-09-11 17:00:00+00:00,25.219,87.89631,1013.23584,17.49615,323.36578,0.0,47.0,1.0
2014-09-11 18:00:00+00:00,25.019001,88.94973,1013.2355,17.713316,322.43134,0.0,57.0,2.0
2014-09-11 19:00:00+00:00,25.069,87.61783,1012.53577,17.673029,326.6336,0.0,64.0,2.0
2014-09-11 20:00:00+00:00,24.769001,88.6611,1011.93585,17.906157,329.82657,0.1,77.0,51.0
2014-09-11 21:00:00+00:00,24.569,88.9146,1011.2358,18.204042,335.46228,0.1,71.0,51.0
2014-09-11 22:00:00+00:00,24.369001,89.16942,1011.2354,18.720001,337.3801,0.0,90.0,3.0
2014-09-11 23:00:00+00:00,24.319,88.35584,1010.93555,18.671474,340.86627,0.0,98.0,3.0
2014-09-12 00:00:00+00:00,24.169,88.07472,1011.1352,17.76081,342.29947,0.0,94.0,3.0
2014-09-12 01:00:00+00:00,24.169,87.00686,1011.23517,16.862455,343.8865,0.0,93.0,3.0
2014-09-12 02:00:00+00:00,24.569,85.46673,1011.83545,16.071491,344.40714,0.0,64.0,2.0
2014-09-12 03:00:00+00:00,25.469,81.497444,1012.6364,17.193533,340.4268,0.0,46.0,1.0
2014-09-12 04:00:00+00:00,26.519001,77.29016,1012.8379,17.873556,332.4028,0.0,31.0,1.0
2014-09-12 05:00:00+00:00,27.419,73.756714,1012.6396,20.304129,322.92685,0.0,43.0,1.0
2014-09-12 06:00:00+00:00,28.169,71.026596,1012.4407,19.85556,315.0001,0.0,55.0,2.0
2014-09-12 07:00:00+00:00,28.519001,69.173416,1011.6416,20.08916,306.25394,0.0,37.0,1.0
2014-09-12 08:00:00+00:00,28.319,71.703476,1011.0415,20.774214,297.8972,0.0,23.0,1.0
2014-09-12 09:00:00+00:00,28.019001,73.857025,1010.24164,21.575987,295.7099,0.1,29.0,51.0
2014-09-12 10:00:00+00:00,27.819,75.177635,1009.5416,22.539564,296.56497,0.0,33.0,1.0
2014-09-12 11:00:00+00:00,27.469,77.19734,1009.1412,22.59699,300.65057,0.0,28.0,1.0
2014-09-12 12:00:00+00:00,26.969,79.73522,1009.94025,20.570463,302.8557,0.0,22.0,1.0
2014-09-12 13:00:00+00:00,26.419,82.35942,1010.6389,18.723461,307.97165,0.0,37.0,1.0
2014-09-12 14:00:00+00:00,25.869001,85.33872,1011.33765,18.35647,311.82007,0.0,89.0,3.0
2014-09-12 15:00:00+00:00,25.469,87.9175,1012.03674,18.328207,315.0001,0.0,97.0,3.0
2014-09-12 16:00:00+00:00,25.169,89.50038,1012.4362,17.610588,319.1447,0.0,98.0,3.0
2014-09-12 17:00:00+00:00,25.019001,89.76003,1013.0355,17.208603,322.65057,0.0,96.0,3.0
2014-09-12 18:00:00+00:00,24.819,90.563416,1012.63544,16.87398,326.3099,0.0,93.0,3.0
2014-09-12 19:00:00+00:00,24.819,89.74554,1012.33563,16.981165,327.99466,0.0,81.0,3.0
2014-09-12 20:00:00+00:00,24.569,90.546585,1011.9355,16.434305,331.1893,0.0,88.0,3.0
2014-09-12 21:00:00+00:00,24.419,91.0868,1011.3353,16.434305,331.1893,0.0,99.0,3.0
2014-09-12 22:00:00+00:00,24.319,91.08043,1010.93555,16.904673,333.43503,0.0,100.0,3.0
2014-09-12 23:00:00+00:00,24.169,91.07084,1010.9353,16.746773,334.53668,0.0,99.0,3.0
2014-09-13 00:00:00+00:00,24.069,91.064445,1011.1348,17.287498,328.62704,0.0,98.0,3.0
2014-09-13 01:00:00+00:00,24.069,90.78823,1011.3347,18.472595,326.92932,0.0,96.0,3.0
2014-09-13 02:00:00+00:00,24.319,89.709076,1012.13495,21.67786,324.46225,0.0,96.0,3.0
2014-09-13 03:00:00+00:00,25.169,84.49391,1012.7361,21.175837,324.6887,0.0,78.0,2.0
2014-09-13 04:00:00+00:00,26.219,79.87617,1013.0375,19.95972,320.85602,0.0,80.0,3.0
2014-09-13 05:00:00+00:00,26.919,76.88139,1012.8385,20.111729,315.72513,0.2,47.0,51.0
2014-09-13 06:00:00+00:00,27.419,75.11359,1012.73956,20.746122,308.65982,0.0,45.0,1.0
2014-09-13 07:00:00+00:00,27.719,74.93437,1011.84033,20.808498,307.26648,0.2,50.0,51.0
2014-09-13 08:00:00+00:00,27.519001,76.0458,1010.5405,21.178896,301.79886,0.1,36.0,51.0
2014-09-13 09:00:00+00:00,27.469,76.96424,1009.34106,22.476227,301.90805,0.0,29.0,1.0
2014-09-13 10:00:00+00:00,27.069,79.02903,1008.8407,22.725668,310.50278,0.0,40.0,1.0
2014-09-13 11:00:00+00:00,26.969,79.01514,1008.4409,23.199759,311.85495,0.0,30.0,1.0
2014-09-13 12:00:00+00:00,25.919,84.0636,1009.2389,22.148046,314.34152,0.2,48.0,51.0
2014-09-13 13:00:00+00:00,25.369001,86.32812,1009.7378,18.59845,317.35333,0.0,36.0,1.0
2014-09-13 14:00:00+00:00,24.969,88.141716,1010.43677,17.148247,320.96448,0.1,48.0,51.0
2014-09-13 15:00:00+00:00,24.869001,87.33505,1011.13617,17.072504,317.5638,0.2,54.0,51.0
2014-09-13 16:00:00+00:00,24.469,90.53981,1011.83514,16.418526,322.12494,0.3,52.0,51.0
2014-09-13 17:00:00+00:00,24.369001,90.80796,1011.83514,16.485485,328.39255,0.1,75.0,51.0
2014-09-13 18:00:00+00:00,24.319,90.52971,1011.6352,16.981165,327.99466,0.0,79.0,2.0
2014-09-13 19:00:00+00:00,24.419,89.71638,1011.2354,16.676977,327.3391,0.0,83.0,3.0
2014-09-13 20:00:00+00:00,24.269001,90.25193,1010.3356,16.179987,327.72437,0.0,81.0,3.0
2014-09-13 21:00:00+00:00,24.219,89.70176,1010.0357,16.179987,327.72437,0.0,71.0,2.0
2014-09-13 22:00:00+00:00,24.169,89.42571,1010.23566,18.043148,331.38962,0.0,85.0,3.0
2014-09-13 23:00:00+00:00,24.069,89.96404,1010.13525,17.068707,332.3541,0.0,77.0,2.0
2014-09-14 00:00:00+00:00,24.019001,89.96045,1010.3352,16.746773,334.53668,0.0,77.0,2.0
2014-09-14 01:00:00+00:00,24.069,89.41821,1010.6351,17.072504,335.05612,0.0,67.0,2.0
2014-09-14 02:00:00+00:00,24.419,88.36404,1010.93555,19.652176,331.55716,0.1,61.0,51.0
2014-09-14 03:00:00+00:00,25.219,85.53205,1011.63654,22.97522,324.5666,0.4,73.0,51.0
2014-09-14 04:00:00+00:00,25.869001,81.79542,1011.53754,20.111729,315.72513,0.7,86.0,53.0
2014-09-14 05:00:00+00:00,26.519001,78.952484,1012.13824,19.376562,305.1665,0.5,43.0,53.0
2014-09-14 06:00:00+00:00,26.419,83.360344,1011.73846,19.881649,301.6754,0.5,50.0,53.0
2014-09-14 07:00:00+00:00,26.719,79.70151,1010.83905,19.386593,301.32864,0.5,54.0,53.0
2014-09-14 08:00:00+00:00,26.619001,79.92978,1010.0394,23.710857,300.06848,0.2,46.0,51.0
2014-09-14 09:00:00+00:00,26.069,82.56736,1009.5387,23.199759,311.85495,0.3,53.0,51.0
2014-09-14 10:00:00+00:00,26.069,82.31757,1008.2393,23.441502,312.5104,0.0,74.0,2.0
2014-09-14 11:00:00+00:00,26.019001,82.062386,1008.5392,23.950148,312.56332,0.3,66.0,51.0
2014-09-14 12:00:00+00:00,25.869001,82.54366,1009.0387,21.650938,312.97864,0.0,87.0,3.0
2014-09-14 13:00:00+00:00,25.469,84.525894,1009.7378,19.862083,313.53125,0.0,85.0,3.0
2014-09-14 14:00:00+00:00,25.169,86.04771,1010.53705,19.09358,315.7638,0.0,86.0,3.0
2014-09-14 15:00:00+00:00,24.969,87.07941,1011.3363,17.84816,318.27057,0.0,94.0,3.0
2014-09-14 16:00:00+00:00,24.819,87.862305,1011.7359,17.610588,319.1447,0.0,81.0,3.0
2014-09-14 17:00:00+00:00,24.519001,89.99611,1011.73553,16.595179,319.39877,0.0,86.0,3.0
2014-09-14 18:00:00+00:00,24.319,90.804695,1011.5353,16.831684,318.46832,0.0,91.0,3.0
2014-09-14 19:00:00+00:00,24.119001,92.45921,1011.1352,18.335276,316.5911,0.6,88.0,53.0
2014-09-14 20:00:00+00:00,24.119001,91.34448,1010.3356,17.581125,317.4896,0.7,73.0,53.0
2014-09-14 21:00:00+00:00,24.369001,89.16942,1009.5362,17.84816,318.27057,0.3,89.0,51.0
2014-09-14 22:00:00+00:00,24.169,90.79481,1008.63635,18.089775,317.41956,0.4,85.0,51.0
2014-09-14 23:00:00+00:00,24.219,90.79813,1008.9362,18.59845,317.35333,0.3,92.0,51.0
2014-09-15 00:00:00+00:00,24.119001,91.622055,1009.336,18.0,323.13,0.3,92.0,51.0
2014-09-15 01:00:00+00:00,24.119001,92.45921,1009.9358,16.489416,323.88055,0.6,90.0,53.0
2014-09-15 02:00:00+00:00,24.169,93.023575,1010.53546,16.075521,325.954,0.5,92.0,53.0
2014-09-15 03:00:00+00:00,24.519001,92.20192,1011.2358,20.08916,323.74606,0.2,74.0,51.0
2014-09-15 04:00:00+00:00,25.069,88.4172,1011.03644,21.407139,317.72638,0.1,71.0,51.0
2014-09-15 05:00:00+00:00,25.619001,86.0912,1011.3373,21.38897,313.63614,0.4,82.0,51.0
2014-09-15 06:00:00+00:00,25.919,85.60187,1010.6382,21.252197,308.8114,0.5,77.0,53.0
2014-09-15 07:00:00+00:00,26.819,78.9943,1009.7399,22.476227,301.90805,0.3,60.0,51.0
2014-09-15 08:00:00+00:00,26.869001,78.52406,1009.0403,21.794127,300.80136,0.3,64.0,51.0
2014-09-15 09:00:00+00:00,26.419,81.36901,1008.5399,22.104116,300.32352,0.3,74.0,51.0
2014-09-15 10:00:00+00:00,25.769001,85.58696,1007.9392,22.26768,304.46088,0.6,54.0,53.0
2014-09-15 11:00:00+00:00,25.519001,86.34234,1007.639,21.370783,302.61923,0.6,58.0,53.0
2014-09-15 12:00:00+00:00,25.169,88.69303,1008.3381,20.073025,302.55,0.5,70.0,53.0
2014-09-15 13:00:00+00:00,24.969,89.21534,1008.93744,19.171478,304.28693,0.2,67.0,51.0
2014-09-15 14:00:00+00:00,24.569,91.6491,1009.6365,18.440998,308.65982,0.1,72.0,51.0
2014-09-15 15:00:00+00:00,24.419,92.47553,1010.2359,18.335276,313.4089,0.0,86.0,3.0
2014-09-15 16:00:00+00:00,24.419,92.1963,1010.73566,16.870138,320.1945,0.0,98.0,3.0
2014-09-15 17:00:00+00:00,24.419,91.91782,1011.13544,16.418526,322.12494,0.0,99.0,3.0
2014-09-15 18:00:00+00:00,24.319,92.470116,1010.3358,16.595179,319.39877,0.0,98.0,3.0
2014-09-15 19:00:00+00:00,24.419,91.64007,1009.7361,15.856354,320.52756,0.0,100.0,3.0
2014-09-15 20:00:00+00:00,24.219,92.74501,1009.1361,16.199999,323.13,0.0,100.0,3.0
2014-09-15 21:00:00+00:00,24.069,93.300705,1008.636,16.489416,323.88055,0.0,100.0,3.0
2014-09-15 22:00:00+00:00,23.869001,93.858246,1008.03625,16.575644,325.6196,0.1,99.0,51.0
2014-09-15 23:00:00+00:00,23.869001,93.858246,1008.03625,15.484185,324.46225,0.0,99.0,3.0
2014-09-16 00:00:00+00:00,23.769001,93.569565,1008.3359,14.88242,327.84772,0.0,98.0,3.0
2014-09-16 01:00:00+00:00,23.719,93.56725,1009.0356,14.693999,329.03632,0.0,99.0,3.0
2014-09-16 02:00:00+00:00,23.969,92.171005,1009.83545,16.1198,330.57263,0.0,100.0,3.0
2014-09-16 03:00:00+00:00,24.419,89.17326,1010.73566,17.782686,328.24057,0.1,99.0,51.0
2014-09-16 04:00:00+00:00,25.119001,85.782074,1010.9369,18.775303,327.52884,0.2,99.0,51.0
2014-09-16 05:00:00+00:00,25.869001,82.54366,1010.7379,19.453327,321.009,0.0,100.0,3.0
2014-09-16 06:00:00+00:00,26.569,79.92308,1010.0394,19.61587,312.7688,0.1,100.0,51.0
2014-09-16 07:00:00+00:00,27.019001,75.96799,1009.14056,20.523157,307.87503,0.0,100.0,3.0
2014-09-16 08:00:00+00:00,27.369001,74.877846,1008.1416,21.26744,303.9591,0.0,100.0,3.0
2014-09-16 09:00:00+00:00,27.269001,76.006935,1007.2417,20.991426,300.96368,0.0,100.0,3.0
2014-09-16 10:00:00+00:00,27.119001,76.91156,1006.54175,23.0653,304.18616,0.0,100.0,3.0
2014-09-16 11:00:00+00:00,26.769001,79.227,1006.5414,23.688984,306.34756,0.0,100.0,3.0
2014-09-16 12:00:00+00:00,26.319,81.35651,1006.64075,22.493519,309.8055,0.0,99.0,3.0
2014-09-16 13:00:00+00:00,25.819,84.30753,1007.43945,20.12461,312.82523,0.0,98.0,3.0
2014-09-16 14:00:00+00:00,25.369001,86.32812,1008.4384,19.35314,316.5074,0.0,99.0,3.0
2014-09-16 15:00:00+00:00,25.219,86.83856,1009.3376,17.654688,320.79282,0.0,99.0,3.0
2014-09-16 16:00:00+00:00,24.819,89.47435,1010.1366,17.208603,322.65057,0.0,99.0,3.0
2014-09-16 17:00:00+00:00,24.569,90.546585,1010.1362,16.992609,323.61554,0.0,99.0,3.0
2014-09-16 18:00:00+00:00,24.369001,91.9149,1009.6361,16.075521,325.954,0.0,97.0,3.0
2014-09-16 19:00:00+00:00,24.469,90.53981,1008.93646,15.807239,329.9315,0.0,95.0,3.0
2014-09-16 20:00:00+00:00,24.369001,90.80796,1008.2368,15.683774,328.13406,0.0,86.0,3.0
2014-09-16 21:00:00+00:00,24.169,91.62505,1007.83673,15.876775,327.03058,0.0,90.0,3.0
2014-09-16 22:00:00+00:00,24.069,91.897484,1007.73645,16.676977,327.3391,0.0,93.0,3.0
2014-09-16 23:00:00+00:00,23.969,91.89164,1007.4366,16.58346,332.87878,0.0,99.0,3.0
2014-09-17 00:00:00+00:00,23.869001,91.60699,1007.5365,17.399586,335.55606,0.0,95.0,3.0
2014-09-17 01:00:00+00:00,23.869001,91.32893,1008.03625,18.057508,336.5014,0.1,98.0,51.0
2014-09-17 02:00:00+00:00,24.069,90.23805,1008.73596,19.721298,338.58694,0.0,96.0,3.0
2014-09-17 03:00:00+00:00,24.869001,86.01861,1009.43695,21.575987,334.2901,0.0,97.0,3.0
2014-09-17 04:00:00+00:00,25.669,82.01985,1009.73804,21.26744,326.0409,0.2,98.0,51.0
2014-09-17 05:00:00+00:00,26.469,78.22912,1009.8393,21.437386,319.0857,0.2,100.0,51.0
2014-09-17 06:00:00+00:00,26.969,76.65584,1009.24054,22.218153,310.3998,0.0,100.0,3.0
2014-09-17 07:00:00+00:00,27.469,72.43011,1008.1416,23.0653,304.18616,0.0,99.0,3.0
2014-09-17 08:00:00+00:00,27.569,72.668465,1007.0425,24.387178,301.10873,0.0,100.0,3.0
2014-09-17 09:00:00+00:00,27.319,74.41605,1005.9423,24.33664,299.21915,0.0,100.0,3.0
2014-09-17 10:00:00+00:00,27.119001,75.983574,1006.1419,22.702845,297.37762,0.0,99.0,3.0
2014-09-17 11:00:00+00:00,26.819,78.2793,1006.44147,19.813087,294.7024,0.0,96.0,3.0
2014-09-17 12:00:00+00:00,26.469,80.39564,1007.34045,19.05281,292.20352,0.0,95.0,3.0
2014-09-17 13:00:00+00:00,26.019001,83.31495,1008.13934,16.45007,293.1986,0.0,90.0,3.0
2014-09-17 14:00:00+00:00,25.819,84.563065,1009.1386,16.263872,297.69937,0.0,92.0,3.0
2014-09-17 15:00:00+00:00,25.669,85.57697,1010.2378,15.077082,303.31064,0.0,96.0,3.0
2014-09-17 16:00:00+00:00,25.119001,88.68905,1010.43713,14.618837,307.99878,0.0,97.0,3.0
2014-09-17 17:00:00+00:00,24.919,90.296936,1010.5367,14.799459,311.05472,0.0,100.0,3.0
2014-09-17 18:00:00+00:00,24.669,91.655045,1009.73645,14.76439,315.0001,0.1,100.0,51.0
2014-09-17 19:00:00+00:00,24.819,88.3968,1009.0371,15.273505,315.0001,0.0,100.0,3.0
2014-09-17 20:00:00+00:00,24.569,89.72733,1008.4371,15.782622,315.0001,0.0,99.0,3.0
2014-09-17 21:00:00+00:00,24.319,90.25544,1008.1368,16.299694,316.7899,0.0,100.0,3.0
2014-09-17 22:00:00+00:00,24.119001,91.06762,1008.3365,15.9134655,322.3523,0.0,100.0,3.0
2014-09-17 23:00:00+00:00,23.969,91.89164,1008.4361,15.575981,326.3099,0.0,100.0,3.0
2014-09-18 00:00:00+00:00,23.919,92.168144,1008.636,15.990646,328.8151,0.1,100.0,51.0
2014-09-18 01:00:00+00:00,24.019001,91.33826,1009.13574,16.263872,332.30063,0.0,93.0,3.0
2014-09-18 02:00:00+00:00,24.269001,89.9783,1009.63586,17.709658,333.43503,0.0,88.0,3.0
2014-09-18 03:00:00+00:00,25.069,85.51699,1010.3368,19.083395,324.21094,0.0,90.0,3.0
2014-09-18 04:00:00+00:00,25.769001,82.032005,1010.538,19.35314,316.5074,0.1,67.0,51.0
2014-09-18 05:00:00+00:00,26.469,79.426346,1010.439,19.914215,310.60123,0.2,60.0,51.0
2014-09-18 06:00:00+00:00,27.019001,77.834915,1009.8403,21.313093,307.45065,0.1,39.0,51.0
2014-09-18 07:00:00+00:00,27.669,74.473404,1009.2415,22.065973,303.6901,0.0,47.0,1.0
2014-09-18 08:00:00+00:00,27.919,73.84033,1008.44214,22.728518,299.4071,0.0,98.0,3.0
2014-09-18 09:00:00+00:00,27.819,74.49796,1007.9423,22.553936,298.61035,0.0,99.0,3.0
2014-09-18 10:00:00+00:00,27.669,75.15364,1007.6422,23.966375,302.7352,0.0,99.0,3.0
2014-09-18 11:00:00+00:00,27.369001,76.949196,1008.2416,21.9718,304.9921,0.0,100.0,3.0
2014-09-18 12:00:00+00:00,26.969,79.01514,1009.04065,19.878391,305.4171,0.0,100.0,3.0
2014-09-18 13:00:00+00:00,26.469,81.62183,1009.63934,17.786331,305.9422,0.0,99.0,3.0
2014-09-18 14:00:00+00:00,26.119001,83.83171,1010.53864,17.148247,309.0355,0.0,100.0,3.0
2014-09-18 15:00:00+00:00,25.869001,85.59691,1011.1377,17.072504,312.4362,0.0,99.0,3.0
2014-09-18 16:00:00+00:00,25.419,87.91327,1011.7369,16.831684,318.46832,0.0,100.0,3.0
2014-09-18 17:00:00+00:00,24.969,90.02806,1011.73615,16.375053,326.65927,0.0,100.0,3.0
2014-09-18 18:00:00+00:00,24.669,90.82764,1011.3357,16.434305,331.1893,0.0,100.0,3.0
2014-09-18 19:00:00+00:00,24.569,88.9146,1010.83594,16.09969,333.43503,0.0,100.0,3.0
2014-09-18 20:00:00+00:00,24.419,89.17326,1010.13586,15.137133,334.65387,0.0,100.0,3.0
2014-09-18 21:00:00+00:00,24.269001,89.70538,1009.63586,14.512064,336.61475,0.0,99.0,3.0
2014-09-18 22:00:00+00:00,24.169,90.24497,1009.2361,15.646544,336.9745,0.0,99.0,3.0
2014-09-18 23:00:00+00:00,24.119001,90.241516,1009.43604,14.986553,335.89777,0.0,99.0,3.0
2014-09-19 00:00:00+00:00,24.169,89.69808,1009.53595,14.84318,337.1663,0.0,99.0,3.0
2014-09-19 01:00:00+00:00,24.169,89.69808,1010.23566,14.917212,340.25308,0.0,100.0,3.0
2014-09-19 02:00:00+00:00,24.319,89.436966,1010.93555,16.055353,340.3461,0.0,100.0,3.0
2014-09-19 03:00:00+00:00,25.019001,85.7722,1011.53625,18.35647,334.44006,0.0,100.0,3.0
2014-09-19 04:00:00+00:00,25.919,81.30619,1011.73773,17.208603,322.65057,0.0,100.0,3.0
2014-09-19 05:00:00+00:00,26.819,78.04224,1011.7391,17.84816,311.72943,0.0,100.0,3.0
2014-09-19 06:00:00+00:00,27.469,75.3498,1010.8404,20.073025,302.55,0.0,100.0,3.0
2014-09-19 07:00:00+00:00,27.769001,73.36862,1010.0414,22.238562,299.0545,0.0,99.0,3.0
2014-09-19 08:00:00+00:00,27.969,72.517166,1009.0422,23.847115,298.88647,0.0,97.0,3.0
2014-09-19 09:00:00+00:00,27.919,72.95007,1008.44214,23.847115,298.88647,0.0,100.0,3.0
2014-09-19 10:00:00+00:00,27.719,74.03124,1007.94214,23.773632,302.00534,0.0,100.0,3.0
2014-09-19 11:00:00+00:00,27.319,76.47697,1007.9414,23.664352,303.20657,0.0,96.0,3.0
2014-09-19 12:00:00+00:00,26.819,78.75532,1008.44055,21.566973,303.42484,0.0,48.0,1.0
2014-09-19 13:00:00+00:00,26.269001,81.3502,1009.1392,20.592503,306.46933,0.0,63.0,2.0
2014-09-19 14:00:00+00:00,25.769001,84.302155,1009.9383,19.681828,309.8055,0.2,69.0,51.0
2014-09-19 15:00:00+00:00,25.319,86.84772,1010.6373,19.09358,314.23618,0.3,66.0,51.0
2014-09-19 16:00:00+00:00,24.919,89.21152,1011.53625,17.935081,321.51978,0.1,50.0,51.0
2014-09-19 17:00:00+00:00,24.619001,90.54991,1011.4357,17.174677,326.97614,0.0,43.0,1.0
2014-09-19 18:00:00+00:00,24.369001,91.637085,1011.43536,17.10284,329.65683,0.0,40.0,1.0
2014-09-19 19:00:00+00:00,24.269001,90.52631,1010.7354,17.238699,331.29416,0.0,69.0,2.0
2014-09-19 20:00:00+00:00,24.069,91.064445,1009.73553,16.75064,331.78275,0.0,51.0,2.0
2014-09-19 21:00:00+00:00,23.969,91.05806,1008.8359,15.778518,332.8504,0.0,42.0,1.0
2014-09-19 22:00:00+00:00,23.819,91.8829,1008.93567,16.311613,337.9637,0.0,79.0,2.0
2014-09-19 23:00:00+00:00,23.769001,91.879944,1008.7357,15.978484,337.4794,0.0,60.0,2.0
2014-09-20 00:00:00+00:00,23.719,91.87703,1009.4354,16.267857,335.13632,0.0,77.0,2.0
2014-09-20 01:00:00+00:00,23.669,91.87409,1009.63525,16.75064,331.78275,0.0,94.0,3.0
2014-09-20 02:00:00+00:00,24.119001,89.69441,1010.63544,20.140705,331.14444,0.0,75.0,2.0
2014-09-20 03:00:00+00:00,24.919,85.76236,1011.2364,21.67487,327.89377,0.0,91.0,3.0
2014-09-20 04:00:00+00:00,26.019001,80.581116,1011.43787,22.322903,322.206,0.0,98.0,3.0
2014-09-20 05:00:00+00:00,26.869001,76.87384,1011.03937,22.657131,315.64368,0.0,97.0,3.0
2014-09-20 06:00:00+00:00,27.469,74.89403,1009.8408,23.78453,309.47244,0.2,96.0,51.0
2014-09-20 07:00:00+00:00,27.719,73.13765,1008.8417,23.86341,303.92984,0.0,72.0,2.0
2014-09-20 08:00:00+00:00,27.819,72.93292,1008.0423,24.387178,301.10873,0.0,61.0,2.0
2014-09-20 09:00:00+00:00,27.819,73.15472,1007.3426,24.514387,299.95352,0.0,49.0,1.0
2014-09-20 10:00:00+00:00,27.619001,74.465225,1006.1429,24.696102,306.70294,0.1,51.0,51.0
2014-09-20 11:00:00+00:00,27.319,76.01472,1006.2421,25.277023,305.72748,0.0,58.0,2.0
2014-09-20 12:00:00+00:00,26.869001,78.52406,1007.0412,22.476227,301.90805,0.0,27.0,1.0
2014-09-20 13:00:00+00:00,26.369001,81.36277,1007.64026,21.068459,303.147,0.0,27.0,1.0
2014-09-20 14:00:00+00:00,25.969,83.81514,1008.83905,19.681828,309.8055,0.0,31.0,1.0
2014-09-20 15:00:00+00:00,25.719,85.32358,1010.03827,19.107151,312.70938,0.0,28.0,1.0
2014-09-20 16:00:00+00:00,25.519001,86.34234,1010.43774,18.844202,316.5481,0.0,28.0,1.0
2014-09-20 17:00:00+00:00,25.319,87.37486,1010.5374,18.864824,318.09415,0.0,31.0,1.0
2014-09-20 18:00:00+00:00,25.119001,88.68905,1010.0373,18.79255,323.56903,0.0,44.0,1.0
2014-09-20 19:00:00+00:00,24.869001,89.47807,1009.63684,17.727943,330.8325,0.0,50.0,2.0
2014-09-20 20:00:00+00:00,24.569,90.8211,1008.83685,16.42247,333.9967,0.0,65.0,2.0
2014-09-20 21:00:00+00:00,24.369001,91.35998,1008.5366,15.978484,337.4794,0.0,49.0,1.0
2014-09-20 22:00:00+00:00,24.169,91.62505,1008.3365,16.394829,340.76923,0.0,25.0,1.0
2014-09-20 23:00:00+00:00,24.019001,91.61602,1007.73645,16.73516,341.1752,0.0,17.0,0.0
2014-09-21 00:00:00+00:00,24.019001,90.784935,1008.4361,15.978486,345.65063,0.0,12.0,0.0
2014-09-21 01:00:00+00:00,24.119001,89.69441,1008.63635,15.815435,348.17853,0.0,28.0,1.0
2014-09-21 02:00:00+00:00,24.569,87.57434,1009.53656,15.893093,346.90808,0.0,21.0,1.0
2014-09-21 03:00:00+00:00,25.419,84.26439,1010.33746,16.055353,340.3461,0.0,40.0,1.0
2014-09-21 04:00:00+00:00,26.619001,78.488594,1010.73914,16.75064,331.78275,0.0,35.0,1.0
2014-09-21 05:00:00+00:00,27.669,74.24787,1010.5409,18.161278,320.63068,0.0,34.0,1.0
2014-09-21 06:00:00+00:00,28.419,72.15705,1009.6425,19.881649,312.06424,0.0,36.0,1.0
2014-09-21 07:00:00+00:00,28.469,73.486885,1008.8429,20.570463,302.8557,0.0,46.0,1.0
2014-09-21 08:00:00+00:00,28.369001,75.26528,1007.5431,21.09305,297.43964,0.0,73.0,2.0
2014-09-21 09:00:00+00:00,28.269001,75.93284,1007.14325,21.434364,299.14798,0.0,56.0,2.0
2014-09-21 10:00:00+00:00,27.919,77.0317,1006.44305,20.969807,304.50858,0.0,35.0,1.0
2014-09-21 11:00:00+00:00,27.669,78.16458,1006.24286,22.180206,305.75397,0.0,47.0,1.0
2014-09-21 12:00:00+00:00,27.169,80.97361,1007.1417,21.385939,306.09836,0.0,48.0,1.0
2014-09-21 13:00:00+00:00,26.619001,84.1397,1007.9404,19.734436,308.33337,0.0,60.0,2.0
2014-09-21 14:00:00+00:00,26.269001,85.8948,1009.3392,18.335276,313.4089,0.0,58.0,2.0
2014-09-21 15:00:00+00:00,25.969,87.43203,1009.93854,17.072504,317.5638,0.0,60.0,2.0
2014-09-21 16:00:00+00:00,25.769001,88.47402,1011.0378,15.856354,320.52756,0.0,89.0,3.0
2014-09-21 17:00:00+00:00,25.469,90.334816,1010.8373,15.408671,322.59457,0.0,94.0,3.0
2014-09-21 18:00:00+00:00,25.219,91.41237,1010.9369,15.349684,320.7106,0.0,58.0,2.0
2014-09-21 19:00:00+00:00,25.119001,90.5835,1010.0373,15.696165,323.39282,0.0,39.0,1.0
2014-09-21 20:00:00+00:00,24.919,91.39395,1009.1373,15.876775,327.03058,0.0,75.0,2.0
2014-09-21 21:00:00+00:00,24.769001,91.93812,1008.63727,15.629971,331.07367,0.0,87.0,3.0
2014-09-21 22:00:00+00:00,24.669,92.21032,1008.03723,16.42247,333.9967,0.0,94.0,3.0
2014-09-21 23:00:00+00:00,24.619001,92.20753,1007.9373,16.09969,333.43503,0.0,89.0,3.0
2014-09-22 00:00:00+00:00,24.569,91.92656,1008.2372,15.2947035,333.43503,0.0,76.0,2.0
2014-09-22 01:00:00+00:00,24.569,91.92656,1008.537,14.81259,334.05774,0.0,58.0,2.0
2014-09-22 02:00:00+00:00,25.169,89.23056,1009.43756,14.658676,335.32315,0.0,24.0,1.0
2014-09-22 03:00:00+00:00,26.269001,83.595474,1010.53864,18.359999,331.9276,0.0,46.0,1.0
2014-09-22 04:00:00+00:00,27.319,78.82538,1010.3403,17.49615,323.36578,0.0,44.0,1.0
2014-09-22 05:00:00+00:00,28.219,74.7887,1010.2419,17.31746,313.31537,0.0,36.0,1.0
2014-09-22 06:00:00+00:00,28.619001,75.30499,1009.94275,17.414474,299.74478,0.0,8.0,0.0
2014-09-22 07:00:00+00:00,28.469,77.11376,1009.4426,18.919704,291.19412,0.1,38.0,51.0
2014-09-22 08:00:00+00:00,28.319,79.20144,1008.2428,18.1041,287.3541,0.3,77.0,51.0
2014-09-22 09:00:00+00:00,28.019001,82.54892,1007.8427,19.242327,287.41806,0.1,80.0,51.0
2014-09-22 10:00:00+00:00,27.669,84.757416,1007.4423,17.072504,294.94388,0.1,56.0,51.0
2014-09-22 11:00:00+00:00,27.369001,86.0014,1007.84174,14.982228,305.21768,0.2,62.0,51.0
2014-09-22 12:00:00+00:00,26.569,85.666306,1008.2403,15.124284,308.23386,1.3,54.0,61.0
2014-09-22 13:00:00+00:00,25.869001,89.28361,1009.0387,15.530151,314.06088,0.0,58.0,2.0
2014-09-22 14:00:00+00:00,25.469,90.06337,1009.53784,13.608762,322.52374,0.0,39.0,1.0
2014-09-22 15:00:00+00:00,25.319,90.324524,1010.4375,13.276144,319.39877,0.0,45.0,1.0
2014-09-22 16:00:00+00:00,25.269001,90.321045,1011.1368,14.773164,316.9749,0.0,83.0,3.0
2014-09-22 17:00:00+00:00,25.219,90.59022,1011.1368,15.815435,318.69147,0.0,93.0,3.0
2014-09-22 18:00:00+00:00,25.169,90.58688,1010.737,15.629971,321.54626,0.0,92.0,3.0
2014-09-22 19:00:00+00:00,25.069,91.12813,1009.837,16.575644,325.6196,0.0,98.0,3.0
2014-09-22 20:00:00+00:00,24.919,91.9468,1008.93744,15.990646,328.8151,0.0,100.0,3.0
2014-09-22 21:00:00+00:00,24.769001,92.77376,1008.63727,15.496736,329.2646,0.0,100.0,3.0
2014-09-22 22:00:00+00:00,24.719,92.77115,1008.8372,15.94601,331.69934,0.1,99.0,51.0
2014-09-22 23:00:00+00:00,24.719,92.4918,1008.7373,15.7908325,335.77228,0.2,76.0,51.0
2014-09-23 00:00:00+00:00,24.619001,92.76594,1008.63696,15.716793,339.90466,0.2,68.0,51.0
2014-09-23 01:00:00+00:00,24.669,92.768555,1008.73694,16.854767,340.0168,0.0,76.0,2.0
2014-09-23 02:00:00+00:00,25.119001,90.038666,1009.2377,18.331741,340.49747,0.0,89.0,3.0
2014-09-23 03:00:00+00:00,25.769001,86.62711,1009.9383,17.114204,337.75092,0.3,96.0,51.0
2014-09-23 04:00:00+00:00,26.719,82.8934,1009.9395,15.629971,331.07367,0.1,98.0,51.0
2014-09-23 05:00:00+00:00,27.519001,79.56921,1010.0408,15.530151,315.9391,0.0,79.0,2.0
2014-09-23 06:00:00+00:00,28.069,78.22183,1009.54193,18.678415,297.55273,0.0,45.0,1.0
2014-09-23 07:00:00+00:00,27.019001,80.467545,1008.6408,21.99538,291.10492,0.5,60.0,53.0
2014-09-23 08:00:00+00:00,27.119001,83.18921,1007.8412,19.33639,294.1791,0.4,83.0,51.0
2014-09-23 09:00:00+00:00,27.319,84.21532,1006.94183,16.434305,298.8107,0.1,77.0,51.0
2014-09-23 10:00:00+00:00,27.069,86.23002,1006.34186,16.575644,304.3804,0.2,39.0,51.0
2014-09-23 11:00:00+00:00,26.819,85.69099,1006.3415,20.767975,303.6901,0.2,33.0,51.0
2014-09-23 12:00:00+00:00,26.519001,85.66136,1006.9407,20.592503,306.46933,0.0,62.0,2.0
2014-09-23 13:00:00+00:00,26.119001,87.44518,1008.03973,17.566378,314.16977,0.0,65.0,2.0
2014-09-23 14:00:00+00:00,25.819,88.4781,1008.63885,16.595179,319.39877,0.0,76.0,2.0
2014-09-23 15:00:00+00:00,25.669,89.00026,1009.4382,15.408671,322.59457,0.0,81.0,3.0
2014-09-23 16:00:00+00:00,25.569,88.992546,1010.2378,14.081477,327.52884,0.0,86.0,3.0
2014-09-23 17:00:00+00:00,25.419,89.51892,1010.03766,13.584932,327.99466,0.0,83.0,3.0
2014-09-23 18:00:00+00:00,25.219,90.59022,1010.33716,13.202726,334.1337,0.0,88.0,3.0
2014-09-23 19:00:00+00:00,25.369001,89.7854,1009.23804,12.397806,334.17905,0.0,81.0,3.0
2014-09-23 20:00:00+00:00,25.219,90.59022,1008.43805,12.10157,337.249,0.0,80.0,3.0
2014-09-23 21:00:00+00:00,25.119001,91.13125,1007.9383,11.841756,340.46326,0.0,54.0,2.0
2014-09-23 22:00:00+00:00,24.969,91.94968,1008.3377,12.313893,344.7448,0.0,60.0,2.0
2014-09-23 23:00:00+00:00,24.919,91.9468,1007.9379,10.587917,342.18103,0.0,67.0,2.0
2014-09-24 00:00:00+00:00,24.869001,91.66703,1008.43744,13.684735,324.63745,0.1,85.0,51.0
2014-09-24 01:00:00+00:00,24.819,91.112274,1009.0371,14.88242,327.84772,0.0,90.0,3.0
2014-09-24 02:00:00+00:00,25.219,90.31764,1009.0377,15.379206,339.44388,0.0,97.0,3.0
2014-09-24 03:00:00+00:00,26.219,84.86093,1009.3392,15.141414,341.99573,0.0,98.0,3.0
2014-09-24 04:00:00+00:00,27.169,80.97361,1009.74054,12.599998,323.13,0.0,97.0,3.0
2014-09-24 05:00:00+00:00,27.819,80.3301,1010.1413,13.70839,299.93143,0.0,99.0,3.0
2014-09-24 06:00:00+00:00,28.119001,80.36928,1009.7419,15.459054,297.75842,0.0,96.0,3.0
2014-09-24 07:00:00+00:00,28.169,80.61668,1008.5424,14.658676,294.67685,0.4,99.0,51.0
2014-09-24 08:00:00+00:00,28.319,81.361786,1007.64307,13.584932,302.00534,0.1,98.0,51.0
2014-09-24 09:00:00+00:00,28.169,83.3083,1006.9432,12.245293,294.30453,0.4,97.0,51.0
2014-09-24 10:00:00+00:00,27.869001,85.28474,1006.343,12.864649,287.928,0.3,97.0,51.0
2014-09-24 11:00:00+00:00,26.919,86.99319,1006.5414,14.512064,293.38525,2.1,91.0,61.0
2014-09-24 12:00:00+00:00,26.119001,89.03507,1007.2401,14.4,306.86996,1.2,98.0,55.0
2014-09-24 13:00:00+00:00,25.819,89.548515,1007.7393,14.773164,316.9749,0.0,97.0,3.0
2014-09-24 14:00:00+00:00,25.669,89.00026,1008.43866,13.608762,322.52374,0.0,98.0,3.0
2014-09-24 15:00:00+00:00,25.519001,89.526344,1009.4382,12.979984,326.3099,0.0,70.0,2.0
2014-09-24 16:00:00+00:00,25.419,89.78905,1009.7378,10.805998,330.01843,0.0,75.0,2.0
2014-09-24 17:00:00+00:00,25.319,90.324524,1010.1376,10.636766,336.0375,0.0,82.0,3.0
2014-09-24 18:00:00+00:00,25.169,91.4093,1009.9374,10.464797,333.43503,0.0,81.0,3.0
2014-09-24 19:00:00+00:00,25.369001,91.9727,1009.33795,10.630672,331.69934,0.0,69.0,2.0
2014-09-24 20:00:00+00:00,25.269001,92.243835,1008.1381,11.165805,339.22766,0.0,56.0,2.0
2014-09-24 21:00:00+00:00,25.219,92.24107,1007.83826,11.841756,340.46326,0.0,59.0,2.0
2014-09-24 22:00:00+00:00,25.119001,92.791954,1007.63837,13.849476,351.02744,0.0,60.0,2.0
2014-09-24 23:00:00+00:00,25.069,92.51067,1007.03827,13.75558,353.9911,0.0,55.0,2.0
2014-09-25 00:00:00+00:00,24.969,92.784164,1007.03827,12.605142,358.36346,0.0,70.0,2.0
2014-09-25 01:00:00+00:00,25.019001,92.507935,1007.2382,8.287822,357.5105,0.0,49.0,1.0
2014-09-25 02:00:00+00:00,25.619001,91.16282,1008.13873,5.3517847,340.3461,0.0,24.0,1.0
2014-09-25 03:00:00+00:00,26.669,86.71038,1009.3398,3.2599385,276.3401,0.0,10.0,0.0
2014-09-25 04:00:00+00:00,27.419,83.97438,1010.0408,4.3349743,265.23645,0.2,48.0,51.0
2014-09-25 05:00:00+00:00,27.119001,82.9397,1010.04016,5.4477882,277.59454,1.9,37.0,61.0
2014-09-25 06:00:00+00:00,26.319,87.20047,1009.33954,6.8399997,270.0,1.8,30.0,61.0
2014-09-25 07:00:00+00:00,28.719,80.92818,1008.0436,11.304229,260.83774,0.2,38.0,51.0
2014-09-25 08:00:00+00:00,28.269001,82.33243,1007.64307,12.758432,253.61038,3.3,51.0,63.0
2014-09-25 09:00:00+00:00,28.319,84.322395,1007.14325,11.503113,249.86362,1.4,90.0,61.0
2014-09-25 10:00:00+00:00,26.869001,86.46954,1007.1411,13.37825,246.19405,4.8,60.0,63.0
2014-09-25 11:00:00+00:00,25.969,87.16924,1007.73956,10.636766,246.0375,6.8,85.0,63.0
2014-09-25 12:00:00+00:00,25.719,88.47001,1008.53894,9.47012,261.2539,1.0,95.0,55.0
2014-09-25 13:00:00+00:00,25.269001,90.86681,1009.0377,7.928178,272.6025,1.0,98.0,55.0
2014-09-25 14:00:00+00:00,24.519001,95.312126,1009.6365,5.3517847,289.6539,2.2,88.0,61.0
2014-09-25 15:00:00+00:00,24.519001,95.312126,1010.5361,5.6920996,288.43503,2.7,88.0,63.0
2014-09-25 16:00:00+00:00,24.319,96.17057,1010.5357,7.0911775,293.9625,4.3,100.0,63.0
2014-09-25 17:00:00+00:00,24.119001,97.03832,1010.9353,7.7043357,307.40543,1.8,97.0,61.0
2014-09-25 18:00:00+00:00,24.119001,97.03832,1010.8353,6.12,331.9276,0.4,99.0,51.0
2014-09-25 19:00:00+00:00,24.119001,95.58649,1010.23566,4.6800003,337.3801,0.2,100.0,51.0
2014-09-25 20:00:00+00:00,23.969,95.870804,1009.5356,5.315336,331.69934,0.2,99.0,51.0
2014-09-25 21:00:00+00:00,24.269001,93.028625,1009.43604,6.6185193,337.6198,0.1,100.0,51.0
2014-09-25 22:00:00+00:00,24.219,93.026115,1008.83624,6.162207,353.29025,0.2,100.0,51.0
2014-09-25 23:00:00+00:00,24.169,92.46195,1009.0362,5.937272,345.9637,0.0,99.0,3.0
2014-09-26 00:00:00+00:00,24.169,92.18223,1008.7363,6.130579,3.3664,0.0,98.0,3.0
2014-09-26 01:00:00+00:00,24.219,92.46469,1009.336,4.1046314,37.875053,0.0,92.0,3.0
2014-09-26 02:00:00+00:00,24.969,88.141716,1010.0369,1.835647,78.6901,0.0,86.0,3.0
2014-09-26 03:00:00+00:00,25.919,84.0636,1010.6382,1.08,270.0,0.0,67.0,2.0
2014-09-26 04:00:00+00:00,26.519001,82.371346,1011.4386,5.3999996,270.0,0.2,48.0,51.0
2014-09-26 05:00:00+00:00,26.869001,82.413025,1011.33923,7.342588,258.6901,0.2,78.0,51.0
2014-09-26 06:00:00+00:00,26.519001,83.37165,1011.23865,9.565437,250.20103,1.8,68.0,61.0
2014-09-26 07:00:00+00:00,27.019001,81.93611,1010.5399,10.163227,247.06787,0.6,92.0,53.0
2014-09-26 08:00:00+00:00,27.319,82.962814,1009.3407,8.766573,250.82089,0.7,93.0,53.0
2014-09-26 09:00:00+00:00,27.169,82.69671,1008.741,6.9527545,248.74942,2.7,97.0,63.0
2014-09-26 10:00:00+00:00,26.569,83.88133,1008.2403,9.726664,231.009,2.8,99.0,63.0
2014-09-26 11:00:00+00:00,26.169,85.62669,1008.9394,10.703569,222.27362,2.1,97.0,61.0
2014-09-26 12:00:00+00:00,25.269001,89.507835,1009.7374,9.422101,223.45189,3.6,100.0,63.0
2014-09-26 13:00:00+00:00,24.969,91.67301,1010.6366,6.9153743,218.65984,0.5,100.0,53.0
2014-09-26 14:00:00+00:00,25.219,90.31764,1011.0368,4.3349743,184.76355,0.0,100.0,3.0
2014-09-26 15:00:00+00:00,24.969,92.227135,1011.63617,3.319036,139.39879,0.0,100.0,3.0
2014-09-26 16:00:00+00:00,24.369001,95.59457,1012.13495,3.6,143.13002,0.4,100.0,51.0
2014-09-26 17:00:00+00:00,24.269001,95.59134,1012.1347,2.0991426,120.96369,0.1,100.0,51.0
2014-09-26 18:00:00+00:00,24.119001,95.0111,1012.0348,2.2768397,288.43503,0.4,100.0,51.0
2014-09-26 19:00:00+00:00,24.019001,95.007454,1011.43475,5.0528407,274.08554,1.2,100.0,55.0
2014-09-26 20:00:00+00:00,23.969,96.1607,1010.5351,3.6,270.0,1.5,100.0,61.0
2014-09-26 21:00:00+00:00,24.219,93.59055,1009.8358,1.609969,206.56499,1.3,100.0,61.0
2014-09-26 22:00:00+00:00,24.519001,91.369255,1010.0363,2.9024127,299.74478,1.0,100.0,55.0
2014-09-26 23:00:00+00:00,23.919,95.86924,1009.9354,4.379589,350.53775,0.5,100.0,53.0
2014-09-27 00:00:00+00:00,23.969,95.00565,1009.6355,3.2399998,360.0,0.2,100.0,51.0
2014-09-27 01:00:00+00:00,24.469,91.090004,1010.2359,4.32,360.0,0.0,100.0,3.0
2014-09-27 02:00:00+00:00,25.219,88.42942,1011.23676,6.519877,353.6599,0.0,100.0,3.0
2014-09-27 03:00:00+00:00,26.019001,83.82065,1011.83765,5.4477882,352.40543,0.0,100.0,3.0
2014-09-27 04:00:00+00:00,26.619001,80.659004,1012.0385,3.0758414,20.556128,0.0,99.0,3.0
2014-09-27 05:00:00+00:00,27.269001,78.34358,1011.63965,1.484318,104.03627,0.0,100.0,3.0
2014-09-27 06:00:00+00:00,27.819,76.09231,1010.941,2.2768397,161.56496,0.0,100.0,3.0
2014-09-27 07:00:00+00:00,28.319,74.579506,1009.7421,4.1046314,195.25517,0.0,99.0,3.0
2014-09-27 08:00:00+00:00,28.369001,75.49239,1008.9425,7.5685663,205.34613,0.2,98.0,51.0
2014-09-27 09:00:00+00:00,27.669,78.63706,1008.3419,10.464797,206.56499,2.0,99.0,61.0
2014-09-27 10:00:00+00:00,27.119001,80.23822,1008.54083,11.367109,190.95403,0.6,99.0,53.0
2014-09-27 11:00:00+00:00,27.069,80.23164,1008.7408,8.12197,192.80426,0.8,94.0,53.0
2014-09-27 12:00:00+00:00,26.719,81.16105,1009.13983,6.849467,183.01273,0.6,91.0,53.0
2014-09-27 13:00:00+00:00,26.169,84.09085,1009.8389,4.896529,162.89719,0.4,97.0,51.0
2014-09-27 14:00:00+00:00,25.719,86.88433,1010.7379,3.671294,168.69011,0.2,98.0,51.0
2014-09-27 15:00:00+00:00,25.219,90.86358,1011.5366,2.1897945,170.53775,0.0,97.0,3.0
2014-09-27 16:00:00+00:00,25.069,91.12813,1012.036,3.0758414,159.44388,0.2,98.0,51.0
2014-09-27 17:00:00+00:00,24.769001,92.49445,1011.7359,2.968636,165.96373,0.3,94.0,51.0
2014-09-27 18:00:00+00:00,24.619001,92.48635,1011.4357,2.5959969,123.690094,0.0,94.0,3.0
2014-09-27 19:00:00+00:00,24.519001,93.04121,1010.736,2.5455842,81.86999,0.0,91.0,3.0
2014-09-27 20:00:00+00:00,24.369001,94.16433,1010.13586,2.8799999,90.0,0.0,81.0,3.0
2014-09-27 21:00:00+00:00,24.369001,93.31519,1009.5362,3.5455887,113.962494,0.0,70.0,2.0
2014-09-27 22:00:00+00:00,24.269001,93.31038,1009.336,3.96,90.0,0.0,23.0,1.0
2014-09-27 23:00:00+00:00,24.469,92.47826,1009.13635,4.452954,104.03627,0.0,38.0,1.0
2014-09-28 00:00:00+00:00,24.519001,92.20192,1009.6365,4.5536795,108.43504,0.0,42.0,1.0
2014-09-28 01:00:00+00:00,24.719,90.83094,1010.2366,4.3498964,114.44395,0.0,47.0,1.0
2014-09-28 02:00:00+00:00,25.469,88.716896,1010.8373,5.2416787,105.945465,0.0,41.0,1.0
2014-09-28 03:00:00+00:00,26.569,82.12897,1011.43884,5.937272,104.03627,0.0,47.0,1.0
2014-09-28 04:00:00+00:00,27.269001,78.81839,1011.53973,5.8048253,119.74479,0.0,39.0,1.0
2014-09-28 05:00:00+00:00,27.969,76.11554,1011.4411,6.792466,147.99466,0.3,25.0,51.0
2014-09-28 06:00:00+00:00,28.319,75.94062,1011.44135,7.9932976,172.23492,0.0,34.0,1.0
2014-09-28 07:00:00+00:00,28.669,75.31295,1010.44257,9.3669195,182.20255,0.1,60.0,51.0
2014-09-28 08:00:00+00:00,27.569,80.05626,1009.9412,11.5199995,180.0,5.4,58.0,63.0
2014-09-28 09:00:00+00:00,27.369001,80.271095,1008.8413,11.252519,172.64772,0.1,60.0,51.0
2014-09-28 10:00:00+00:00,27.419,80.27764,1008.1416,8.217153,151.1893,0.3,82.0,51.0
2014-09-28 11:00:00+00:00,27.369001,80.02973,1008.1416,5.315336,151.69934,0.1,70.0,51.0
2014-09-28 12:00:00+00:00,27.369001,80.271095,1008.8413,5.692099,145.30478,0.0,61.0,2.0
2014-09-28 13:00:00+00:00,27.069,81.9422,1009.8403,2.9024127,150.2552,0.0,85.0,3.0
2014-09-28 14:00:00+00:00,26.769001,83.651276,1010.6395,2.0991426,120.96369,0.0,97.0,3.0
2014-09-28 15:00:00+00:00,26.519001,85.14782,1011.1387,3.671294,101.3099,0.0,99.0,3.0
2014-09-28 16:00:00+00:00,26.069,88.49831,1011.5378,3.2599385,83.659904,0.0,100.0,3.0
2014-09-28 17:00:00+00:00,25.769001,90.08447,1011.4376,2.0991426,120.96369,0.0,97.0,3.0
2014-09-28 18:00:00+00:00,25.219,91.68789,1011.3367,3.319036,139.39879,0.0,98.0,3.0
2014-09-28 19:00:00+00:00,25.019001,91.400085,1010.83655,3.5455887,113.962494,0.0,97.0,3.0
2014-09-28 20:00:00+00:00,24.669,92.489075,1010.3362,3.671294,101.3099,0.1,99.0,51.0
2014-09-28 21:00:00+00:00,24.369001,93.88053,1010.03595,3.396233,122.00535,0.2,98.0,51.0
2014-09-28 22:00:00+00:00,24.219,94.44282,1009.63586,0.71999997,90.0,0.2,98.0,51.0
2014-09-28 23:00:00+00:00,24.269001,93.592865,1009.53595,3.6179552,84.2895,0.0,100.0,3.0
2014-09-29 00:00:00+00:00,24.669,91.37853,1010.0363,4.452954,75.96373,0.0,100.0,3.0
2014-09-29 01:00:00+00:00,24.819,90.563416,1010.33655,4.1046314,74.74483,0.0,98.0,3.0
2014-09-29 02:00:00+00:00,25.569,88.72482,1011.1373,5.4477882,97.59455,0.0,92.0,3.0
2014-09-29 03:00:00+00:00,26.519001,83.875786,1011.8384,7.42159,112.833694,0.0,88.0,3.0
2014-09-29 04:00:00+00:00,27.369001,79.54889,1012.03986,7.7879906,123.6901,0.0,82.0,3.0
2014-09-29 05:00:00+00:00,28.119001,76.36849,1011.74097,8.0899935,147.72438,0.0,85.0,3.0
2014-09-29 06:00:00+00:00,28.569,75.97942,1011.34174,11.252519,172.64772,0.0,85.0,3.0
2014-09-29 07:00:00+00:00,27.169,83.69572,1010.0404,15.986595,187.76508,8.9,80.0,65.0
2014-09-29 08:00:00+00:00,26.419,87.73411,1009.5394,16.171976,163.17851,9.6,97.0,65.0
2014-09-29 09:00:00+00:00,26.519001,86.957054,1008.1401,10.296251,143.53067,0.7,99.0,53.0
2014-09-29 10:00:00+00:00,27.019001,83.67907,1007.3414,9.360001,157.3801,0.3,99.0,51.0
2014-09-29 11:00:00+00:00,26.769001,83.651276,1007.54095,9.028754,175.42616,3.1,93.0,63.0
2014-09-29 12:00:00+00:00,26.519001,82.62042,1009.0397,8.287822,177.5105,1.3,98.0,61.0
2014-09-29 13:00:00+00:00,26.169,83.58428,1009.739,6.379216,163.61038,0.7,100.0,53.0
2014-09-29 14:00:00+00:00,25.519001,87.39249,1010.73755,3.8268526,138.81418,1.2,100.0,55.0
2014-09-29 15:00:00+00:00,24.919,90.570114,1011.73615,3.0547013,135.0001,6.0,100.0,63.0
2014-09-29 16:00:00+00:00,24.919,90.84399,1011.9361,2.9024127,119.74479,1.3,99.0,61.0
2014-09-29 17:00:00+00:00,25.069,89.22297,1011.63617,3.7585104,106.699326,0.0,97.0,3.0
2014-09-29 18:00:00+00:00,25.069,89.22297,1011.3363,3.563818,135.0001,0.0,96.0,3.0
2014-09-29 19:00:00+00:00,25.019001,90.303825,1010.5367,4.6102495,128.65984,0.1,97.0,51.0
2014-09-29 20:00:00+00:00,25.019001,90.031586,1009.6371,5.00128,120.256355,0.0,97.0,3.0
2014-09-29 21:00:00+00:00,24.869001,90.566734,1009.0371,4.8965297,143.97253,0.0,91.0,3.0
2014-09-29 22:00:00+00:00,24.669,92.489075,1009.0368,6.5693827,189.46225,0.3,96.0,51.0
2014-09-29 23:00:00+00:00,24.519001,91.369255,1009.43665,5.0528407,184.08554,0.6,99.0,53.0
2014-09-30 00:00:00+00:00,24.469,90.81455,1010.2359,4.379589,170.53775,0.6,97.0,53.0
2014-09-30 01:00:00+00:00,24.119001,91.622055,1010.63544,3.319036,139.39879,1.0,97.0,55.0
2014-09-30 02:00:00+00:00,24.619001,89.73094,1011.2358,5.04,90.0,0.0,84.0,3.0
2014-09-30 03:00:00+00:00,25.519001,86.08155,1011.937,5.95906,115.01687,0.0,82.0,3.0
2014-09-30 04:00:00+00:00,26.619001,81.88737,1012.3384,6.0347,162.64589,0.0,81.0,3.0
2014-09-30 05:00:00+00:00,27.019001,81.443985,1012.539,9.178235,191.30989,0.2,98.0,51.0
2014-09-30 06:00:00+00:00,27.519001,78.37919,1012.3397,11.874544,194.03627,1.0,100.0,55.0
2014-09-30 07:00:00+00:00,25.969,84.83491,1011.038,10.538843,172.14677,3.9,100.0,63.0
2014-09-30 08:00:00+00:00,26.019001,84.32904,1009.83856,5.634891,153.43501,0.2,97.0,51.0
2014-09-30 09:00:00+00:00,26.519001,81.87514,1008.93976,6.924738,171.02745,0.2,100.0,51.0
2014-09-30 10:00:00+00:00,26.669,82.38923,1008.04034,8.350138,172.56868,0.0,99.0,3.0
2014-09-30 11:00:00+00:00,26.619001,81.39407,1007.84045,7.5599995,180.0,0.3,99.0,51.0
2014-09-30 12:00:00+00:00,26.319,80.620125,1008.8397,6.763786,205.2011,0.6,100.0,53.0
2014-09-30 13:00:00+00:00,25.719,83.787445,1009.9383,4.8433046,228.01286,0.7,100.0,53.0
2014-09-30 14:00:00+00:00,25.369001,86.32812,1010.8373,3.8268526,221.18582,0.7,100.0,53.0
2014-09-30 15:00:00+00:00,25.169,87.89205,1011.63654,1.4399999,270.0,0.6,99.0,53.0
2014-09-30 16:00:00+00:00,24.769001,90.28658,1012.33563,4.802999,257.00537,0.3,100.0,51.0
2014-09-30 17:00:00+00:00,24.419,93.03617,1012.63477,4.3498964,245.55606,0.4,100.0,51.0
2014-09-30 18:00:00+00:00,24.319,92.470116,1012.235,2.3051248,38.65983,0.2,95.0,51.0
2014-09-30 19:00:00+00:00,23.769001,94.424515,1011.4345,2.7416782,23.198618,0.0,74.0,2.0
2014-09-30 20:00:00+00:00,23.719,94.13666,1010.5349,3.2599385,6.3401003,0.0,65.0,2.0
2014-09-30 21:00:00+00:00,24.019001,92.17379,1010.2353,4.3498964,24.443953,0.0,66.0,2.0
2014-09-30 22:00:00+00:00,24.269001,90.8014,1010.0357,2.968636,14.036275,0.0,69.0,2.0
2014-09-30 23:00:00+00:00,24.219,90.79813,1009.73584,3.671294,11.3098955,0.0,72.0,2.0
2014-10-01 00:00:00+00:00,24.219,91.07404,1010.1356,4.1046314,15.255177,0.0,79.0,2.0
2014-10-01 01:00:00+00:00,23.969,93.578926,1010.6351,4.3498964,24.443953,0.0,90.0,3.0
2014-10-01 02:00:00+00:00,25.369001,88.97701,1011.33704,4.3498964,24.443953,0.0,79.0,2.0
2014-10-01 03:00:00+00:00,26.469,82.86438,1011.8384,1.835647,348.6901,0.0,61.0,2.0
2014-10-01 04:00:00+00:00,27.169,80.24478,1011.9396,2.2768397,251.56496,0.0,58.0,2.0
2014-10-01 05:00:00+00:00,27.969,78.44308,1011.8409,5.1919937,236.3099,0.0,50.0,2.0
2014-10-01 06:00:00+00:00,28.219,78.95067,1011.3414,7.9932966,234.16226,0.1,33.0,51.0
2014-10-01 07:00:00+00:00,27.469,79.562454,1010.5405,8.714677,231.7098,4.1,68.0,63.0
2014-10-01 08:00:00+00:00,27.669,80.31044,1009.14154,9.085988,236.3099,0.4,67.0,51.0
2014-10-01 09:00:00+00:00,27.719,80.317024,1009.04156,6.792466,237.99466,0.2,86.0,51.0
2014-10-01 10:00:00+00:00,27.469,79.08442,1007.9418,6.9899354,258.11136,1.0,80.0,55.0
2014-10-01 11:00:00+00:00,27.269001,79.77554,1007.8414,4.379589,279.46225,0.0,94.0,3.0
2014-10-01 12:00:00+00:00,27.119001,80.96721,1009.14056,3.319036,310.60123,0.0,99.0,3.0
2014-10-01 13:00:00+00:00,26.869001,82.16509,1009.9399,3.219938,333.43503,0.0,93.0,3.0
2014-10-01 14:00:00+00:00,26.169,88.772285,1011.1383,3.9763298,5.19435,0.0,93.0,3.0
2014-10-01 15:00:00+00:00,26.119001,87.44518,1011.938,3.7064266,29.054508,0.0,99.0,3.0
2014-10-01 16:00:00+00:00,25.669,89.00026,1012.63666,3.319036,40.601215,0.5,99.0,53.0
2014-10-01 17:00:00+00:00,26.219,84.6054,1012.23785,3.319036,40.601215,1.0,99.0,55.0
2014-10-01 18:00:00+00:00,26.119001,85.10694,1012.1379,2.3051248,38.65983,0.6,99.0,53.0
2014-10-01 19:00:00+00:00,24.319,92.470116,1011.43536,2.4149535,26.564985,0.6,97.0,53.0
2014-10-01 20:00:00+00:00,24.219,92.18508,1010.8353,3.671294,11.3098955,0.3,100.0,51.0
2014-10-01 21:00:00+00:00,24.219,91.628075,1010.43555,5.4477882,7.59456,0.0,98.0,3.0
2014-10-01 22:00:00+00:00,24.219,90.248474,1009.73584,6.87779,353.9911,0.0,97.0,3.0
2014-10-01 23:00:00+00:00,24.269001,88.89102,1009.63586,6.87779,6.0089183,0.0,98.0,3.0
2014-10-02 00:00:00+00:00,24.219,88.61699,1010.0357,6.519877,6.3401003,0.0,99.0,3.0
2014-10-02 01:00:00+00:00,24.069,89.96404,1010.4352,6.87779,6.0089183,0.0,99.0,3.0
2014-10-02 02:00:00+00:00,24.569,89.72733,1011.1358,6.489992,3.179772,0.0,99.0,3.0
2014-10-02 03:00:00+00:00,25.619001,84.79835,1011.7371,6.9899354,348.11136,0.0,98.0,3.0
2014-10-02 04:00:00+00:00,26.619001,80.90337,1012.3384,6.28713,336.3706,0.0,99.0,3.0
2014-10-02 05:00:00+00:00,27.419,76.95672,1011.83997,4.8965297,323.97253,0.0,99.0,3.0
2014-10-02 06:00:00+00:00,27.819,76.32252,1011.24084,4.0249224,296.56497,0.2,97.0,51.0
2014-10-02 07:00:00+00:00,28.269001,75.249374,1010.44183,5.937272,255.96373,0.3,93.0,51.0
2014-10-02 08:00:00+00:00,27.669,77.46053,1009.5414,9.227524,249.44388,3.3,93.0,63.0
2014-10-02 09:00:00+00:00,27.669,78.40048,1008.94165,9.826088,241.55717,1.0,99.0,55.0
2014-10-02 10:00:00+00:00,27.019001,81.443985,1008.0411,4.6102495,231.34016,3.4,99.0,63.0
2014-10-02 11:00:00+00:00,26.719,81.406586,1008.4402,2.8116899,309.8055,3.5,100.0,63.0
2014-10-02 12:00:00+00:00,25.819,85.85088,1008.9388,1.4399999,360.0,2.9,100.0,63.0
2014-10-02 13:00:00+00:00,25.469,87.12444,1009.7378,2.8116899,320.1945,0.2,100.0,51.0
2014-10-02 14:00:00+00:00,24.669,93.89387,1010.5361,3.563818,315.0001,0.6,100.0,53.0
2014-10-02 15:00:00+00:00,24.519001,93.60448,1010.83594,4.198285,329.03632,0.2,100.0,51.0
2014-10-02 16:00:00+00:00,24.069,96.16354,1011.43475,4.5536795,341.56494,0.0,100.0,3.0
2014-10-02 17:00:00+00:00,23.919,96.15928,1011.53467,3.6179552,354.2895,0.0,100.0,3.0
2014-10-02 18:00:00+00:00,24.319,93.31282,1011.13544,3.2599385,353.6599,0.0,98.0,3.0
2014-10-02 19:00:00+00:00,24.369001,94.448875,1010.8356,5.00128,329.74365,0.1,99.0,51.0
2014-10-02 20:00:00+00:00,24.019001,95.87228,1009.83545,5.692099,325.30478,0.2,97.0,51.0
2014-10-02 21:00:00+00:00,24.119001,94.43875,1009.336,6.28713,336.3706,0.1,97.0,51.0
2014-10-02 22:00:00+00:00,24.669,90.82764,1009.53656,5.815978,338.19852,0.0,93.0,3.0
2014-10-02 23:00:00+00:00,24.619001,91.099525,1009.73645,5.771239,356.42374,0.0,94.0,3.0
2014-10-03 00:00:00+00:00,24.569,91.096375,1009.6365,5.4477882,352.40543,0.0,100.0,3.0
2014-10-03 01:00:00+00:00,24.619001,91.65207,1010.23627,4.6938252,355.60138,0.0,100.0,3.0
2014-10-03 02:00:00+00:00,25.219,90.59022,1011.43665,5.6920996,341.56494,0.0,99.0,3.0
2014-10-03 03:00:00+00:00,26.119001,86.92076,1012.23785,7.2,323.13,0.0,99.0,3.0
2014-10-03 04:00:00+00:00,27.119001,81.45646,1012.73895,9.178235,311.82007,0.1,100.0,51.0
2014-10-03 05:00:00+00:00,27.819,78.18608,1012.5402,9.511088,299.4758,0.2,100.0,51.0
2014-10-03 06:00:00+00:00,28.119001,77.52667,1011.9409,10.137692,286.50443,0.3,100.0,51.0
2014-10-03 07:00:00+00:00,27.269001,80.50011,1010.7401,10.948973,279.46225,0.0,99.0,3.0
2014-10-03 08:00:00+00:00,27.419,79.55564,1009.7409,12.324414,276.70975,0.3,100.0,51.0
2014-10-03 09:00:00+00:00,27.519001,79.80908,1008.7414,12.661564,284.8265,0.0,99.0,3.0
2014-10-03 10:00:00+00:00,27.669,80.0695,1007.8421,13.202726,295.8663,0.0,99.0,3.0
2014-10-03 11:00:00+00:00,26.819,81.665115,1007.54095,13.570615,291.80148,3.4,100.0,63.0
2014-10-03 12:00:00+00:00,26.069,83.320656,1008.939,12.303366,290.55612,3.2,100.0,63.0
2014-10-03 13:00:00+00:00,25.219,88.965355,1009.63745,9.793058,287.1028,0.7,100.0,53.0
2014-10-03 14:00:00+00:00,24.969,91.1218,1010.43677,9.983106,295.64096,0.3,100.0,51.0
2014-10-03 15:00:00+00:00,25.019001,90.031586,1010.9365,10.383987,303.6901,0.0,100.0,3.0
2014-10-03 16:00:00+00:00,25.019001,89.21913,1011.63617,9.585739,304.28693,0.0,100.0,3.0
2014-10-03 17:00:00+00:00,24.919,89.48179,1011.63617,9.290511,305.53775,0.0,100.0,3.0
2014-10-03 18:00:00+00:00,24.869001,89.74915,1011.536,8.4963045,306.38446,0.0,100.0,3.0
2014-10-03 19:00:00+00:00,24.919,90.296936,1011.3363,7.9036193,300.06848,0.7,99.0,53.0
2014-10-03 20:00:00+00:00,24.169,91.62505,1010.9353,7.754637,291.80148,0.6,100.0,53.0
2014-10-03 21:00:00+00:00,24.169,91.34758,1010.43555,8.699793,294.44394,0.2,99.0,51.0
2014-10-03 22:00:00+00:00,24.019001,92.45377,1010.83496,7.2,323.13,0.0,82.0,3.0
2014-10-03 23:00:00+00:00,24.019001,92.17379,1010.5351,9.339208,332.44727,0.0,98.0,3.0
2014-10-04 00:00:00+00:00,24.169,90.79481,1010.9353,9.19939,329.42084,0.0,91.0,3.0
2014-10-04 01:00:00+00:00,24.319,90.804695,1011.2354,6.696387,323.74606,0.0,74.0,2.0
2014-10-04 02:00:00+00:00,24.719,88.92632,1012.23566,7.8954163,316.8476,0.0,72.0,2.0
2014-10-04 03:00:00+00:00,25.569,84.53652,1013.1364,10.587918,305.31128,0.0,96.0,3.0
2014-10-04 04:00:00+00:00,26.269001,82.8411,1013.4373,9.726664,308.991,0.0,99.0,3.0
2014-10-04 05:00:00+00:00,27.069,80.960884,1013.3387,10.086427,304.82455,0.0,100.0,3.0
2014-10-04 06:00:00+00:00,27.669,78.87422,1012.63995,11.298495,300.65057,0.0,100.0,3.0
2014-10-04 07:00:00+00:00,27.619001,80.3039,1011.6404,11.91812,295.01685,0.2,100.0,51.0
2014-10-04 08:00:00+00:00,27.669,80.31044,1010.5409,13.32,288.92474,0.3,97.0,51.0
2014-10-04 09:00:00+00:00,27.819,80.08935,1009.94147,13.854155,294.56717,0.6,92.0,53.0
2014-10-04 10:00:00+00:00,26.969,81.19261,1009.5404,15.03835,317.91092,3.6,95.0,63.0
2014-10-04 11:00:00+00:00,26.469,82.86438,1008.93976,12.218805,315.0001,2.1,80.0,61.0
2014-10-04 12:00:00+00:00,26.219,83.589874,1010.1388,15.072783,319.84406,0.1,94.0,51.0
2014-10-04 13:00:00+00:00,25.719,86.36133,1010.3381,14.081477,327.52884,0.0,94.0,3.0
2014-10-04 14:00:00+00:00,25.369001,87.90901,1011.2371,13.049689,335.55606,0.0,100.0,3.0
2014-10-04 15:00:00+00:00,25.119001,88.68905,1012.1363,12.0694,342.64587,0.0,98.0,3.0
2014-10-04 16:00:00+00:00,24.919,88.94193,1012.43585,11.440978,347.27563,0.0,96.0,3.0
2014-10-04 17:00:00+00:00,24.819,88.66511,1012.4356,10.182337,351.87,0.0,96.0,3.0
2014-10-04 18:00:00+00:00,24.719,88.388626,1012.03577,8.707238,352.87506,0.0,95.0,3.0
2014-10-04 19:00:00+00:00,25.169,86.83393,1011.63654,7.2805495,351.4693,0.0,98.0,3.0
2014-10-04 20:00:00+00:00,25.069,87.088425,1010.9365,6.924738,351.02744,0.0,98.0,3.0
2014-10-04 21:00:00+00:00,24.969,87.34391,1010.43677,6.638072,347.4712,0.0,98.0,3.0
2014-10-04 22:00:00+00:00,24.919,87.604774,1010.2368,8.0899935,327.72437,0.0,96.0,3.0
2014-10-04 23:00:00+00:00,24.869001,88.13335,1010.63635,7.9036193,329.9315,0.0,94.0,3.0
2014-10-05 00:00:00+00:00,24.819,88.3968,1010.63635,6.792466,327.99466,0.0,68.0,2.0
2014-10-05 01:00:00+00:00,24.719,89.4669,1011.536,6.193674,324.46225,0.0,28.0,1.0
2014-10-05 02:00:00+00:00,25.469,87.65246,1012.4366,7.145796,319.0857,0.0,35.0,1.0
2014-10-05 03:00:00+00:00,26.469,84.12344,1013.03784,9.220499,308.65982,0.0,70.0,2.0
2014-10-05 04:00:00+00:00,27.269001,81.4751,1013.63873,9.83268,293.7495,0.0,89.0,3.0
2014-10-05 05:00:00+00:00,27.869001,79.8559,1013.2399,10.390226,284.03625,0.1,88.0,51.0
2014-10-05 06:00:00+00:00,28.169,80.61668,1012.6405,11.659777,278.88058,0.0,76.0,2.0
2014-10-05 07:00:00+00:00,28.269001,79.67039,1011.3414,12.324414,276.70975,0.2,76.0,51.0
2014-10-05 08:00:00+00:00,28.219,80.38233,1010.7417,11.252519,277.3523,0.2,97.0,51.0
2014-10-05 09:00:00+00:00,27.969,81.07509,1010.04175,9.904906,289.0936,0.3,92.0,51.0
2014-10-05 10:00:00+00:00,27.719,81.043465,1009.5414,13.708391,293.1986,0.2,85.0,51.0
2014-10-05 11:00:00+00:00,27.219,81.71434,1009.2408,13.570615,291.80148,0.5,66.0,53.0
2014-10-05 12:00:00+00:00,26.919,82.171135,1010.53955,14.20062,300.46545,0.0,58.0,2.0
2014-10-05 13:00:00+00:00,26.369001,84.36658,1011.1387,10.97262,311.009,0.1,48.0,51.0
2014-10-05 14:00:00+00:00,26.119001,86.13931,1011.838,6.9153743,321.34018,0.0,50.0,2.0
2014-10-05 15:00:00+00:00,25.919,86.90253,1012.63727,7.145796,319.0857,0.0,53.0,2.0
2014-10-05 16:00:00+00:00,25.769001,87.6783,1013.1368,7.7043357,322.59457,0.0,69.0,2.0
2014-10-05 17:00:00+00:00,25.569,88.191536,1013.1364,7.10031,329.53452,0.0,90.0,3.0
2014-10-05 18:00:00+00:00,25.419,88.44567,1013.03625,6.763786,334.79892,0.0,94.0,3.0
2014-10-05 19:00:00+00:00,25.719,87.93864,1012.4372,9.339208,332.44727,0.0,99.0,3.0
2014-10-05 20:00:00+00:00,25.519001,88.187416,1011.63715,9.028754,336.5014,0.0,95.0,3.0
2014-10-05 21:00:00+00:00,25.319,88.70498,1011.1371,8.766573,340.8209,0.0,76.0,2.0
2014-10-05 22:00:00+00:00,25.069,88.95367,1011.03644,9.504273,335.37646,0.3,56.0,51.0
2014-10-05 23:00:00+00:00,25.069,88.4172,1011.03644,9.178235,334.44006,0.2,64.0,51.0
2014-10-06 00:00:00+00:00,24.919,88.6731,1011.53625,8.39657,329.03632,0.2,90.0,51.0
2014-10-06 01:00:00+00:00,24.969,88.40906,1012.1359,7.7043357,322.59457,0.1,99.0,51.0
2014-10-06 02:00:00+00:00,25.469,86.86147,1013.13617,7.6367526,315.0001,0.1,99.0,51.0
2014-10-06 03:00:00+00:00,26.069,84.84534,1013.53687,10.233123,309.28937,0.0,100.0,3.0
2014-10-06 04:00:00+00:00,26.969,80.948135,1014.1383,12.7279215,298.7397,0.0,99.0,3.0
2014-10-06 05:00:00+00:00,27.719,78.6441,1013.63947,14.512064,293.38525,0.1,100.0,51.0
2014-10-06 06:00:00+00:00,27.869001,77.95818,1013.04004,17.31746,290.69553,0.1,96.0,51.0
2014-10-06 07:00:00+00:00,27.369001,81.97863,1011.74,16.179985,290.85452,0.1,95.0,51.0
2014-10-06 08:00:00+00:00,27.569,80.53909,1010.6408,15.137133,295.34613,0.3,98.0,51.0
2014-10-06 09:00:00+00:00,27.769001,77.94372,1009.5416,14.84318,292.83368,0.3,94.0,51.0
2014-10-06 10:00:00+00:00,27.669,78.16458,1008.8417,16.394829,289.23077,0.0,90.0,3.0
2014-10-06 11:00:00+00:00,27.469,78.37208,1008.54144,15.716793,290.0953,0.1,77.0,51.0
2014-10-06 12:00:00+00:00,27.219,79.76887,1009.44073,14.241629,286.1444,0.0,56.0,2.0
2014-10-06 13:00:00+00:00,26.719,82.14707,1009.9395,11.503113,290.13638,0.0,31.0,1.0
2014-10-06 14:00:00+00:00,26.419,83.86478,1010.93884,11.298495,292.47946,0.0,43.0,1.0
2014-10-06 15:00:00+00:00,26.119001,85.36398,1012.0379,11.298495,300.65057,0.0,40.0,1.0
2014-10-06 16:00:00+00:00,25.519001,87.656746,1012.63666,10.739832,309.55963,0.0,33.0,1.0
2014-10-06 17:00:00+00:00,25.169,89.50038,1012.63605,9.220499,308.65982,0.0,31.0,1.0
2014-10-06 18:00:00+00:00,24.969,90.57348,1012.43585,9.931042,313.53125,0.0,62.0,2.0
2014-10-06 19:00:00+00:00,25.269001,88.43346,1011.43665,10.086427,325.17545,0.0,68.0,2.0
2014-10-06 20:00:00+00:00,25.019001,88.413086,1010.6366,11.298495,329.3494,0.0,72.0,2.0
2014-10-06 21:00:00+00:00,24.869001,88.669106,1009.93677,12.4811535,326.76828,0.0,79.0,2.0
2014-10-06 22:00:00+00:00,24.869001,88.93805,1009.43695,10.495713,329.03632,0.0,80.0,3.0
2014-10-06 23:00:00+00:00,24.719,89.738266,1010.0367,11.298495,329.3494,0.0,88.0,3.0
2014-10-07 00:00:00+00:00,24.669,90.00679,1010.43616,10.315115,330.75128,0.0,85.0,3.0
2014-10-07 01:00:00+00:00,24.719,89.738266,1010.63635,10.30883,335.22488,0.0,67.0,2.0
2014-10-07 02:00:00+00:00,25.169,88.15833,1011.43665,11.753877,332.6502,0.0,59.0,2.0
2014-10-07 03:00:00+00:00,25.869001,85.08127,1012.03735,14.336861,321.1155,0.1,67.0,51.0
2014-10-07 04:00:00+00:00,26.619001,81.88737,1012.43835,15.629971,308.45374,0.3,68.0,51.0
2014-10-07 05:00:00+00:00,27.069,81.695915,1012.3391,15.575981,303.6901,0.2,85.0,51.0
2014-10-07 06:00:00+00:00,27.019001,80.95447,1011.5395,15.2947035,296.56497,0.4,76.0,51.0
2014-10-07 07:00:00+00:00,27.819,78.42179,1010.54114,15.827721,287.19864,0.1,70.0,51.0
2014-10-07 08:00:00+00:00,27.619001,80.3039,1009.34143,16.700275,277.4313,0.2,61.0,51.0
2014-10-07 09:00:00+00:00,26.069,84.334404,1008.6391,18.72346,271.10168,2.0,91.0,61.0
2014-10-07 10:00:00+00:00,25.369001,88.97701,1007.7387,16.904673,296.56497,1.2,96.0,55.0
2014-10-07 11:00:00+00:00,25.369001,89.24574,1007.63873,14.57889,302.90524,0.2,91.0,51.0
2014-10-07 12:00:00+00:00,25.469,87.65246,1008.23846,13.004922,311.63345,0.1,86.0,51.0
2014-10-07 13:00:00+00:00,25.319,88.170815,1008.63824,11.720751,317.4896,0.0,82.0,3.0
2014-10-07 14:00:00+00:00,25.069,89.22297,1009.837,10.703569,317.72638,0.1,78.0,51.0
2014-10-07 15:00:00+00:00,24.819,90.29007,1010.53644,11.113451,294.90472,0.2,96.0,51.0
2014-10-07 16:00:00+00:00,24.469,91.090004,1011.5353,12.864649,287.928,0.2,100.0,51.0
2014-10-07 17:00:00+00:00,24.419,91.36308,1011.5353,11.792404,301.26367,0.2,99.0,51.0
2014-10-07 18:00:00+00:00,24.519001,90.81782,1011.1358,11.720751,312.5104,0.0,99.0,3.0
2014-10-07 19:00:00+00:00,24.169,93.023575,1010.53546,13.246826,312.7974,0.4,99.0,51.0
2014-10-07 20:00:00+00:00,24.169,92.74241,1009.63586,12.475961,313.83093,0.4,99.0,51.0
2014-10-07 21:00:00+00:00,23.969,94.14733,1008.636,10.739832,309.55963,0.3,97.0,51.0
2014-10-07 22:00:00+00:00,23.869001,94.428604,1009.2357,11.019764,308.36752,0.2,99.0,51.0
2014-10-07 23:00:00+00:00,24.069,91.61907,1009.3357,11.808878,322.43134,0.2,100.0,51.0
2014-10-08 00:00:00+00:00,23.919,93.29338,1009.3357,13.217443,330.64233,0.2,99.0,51.0
2014-10-08 01:00:00+00:00,23.969,92.171005,1009.6355,13.896187,343.44284,0.2,99.0,51.0
2014-10-08 02:00:00+00:00,24.319,91.08043,1010.2359,12.7279215,351.87,0.0,94.0,3.0
2014-10-08 03:00:00+00:00,25.169,86.83393,1011.23676,12.879752,333.43503,0.2,94.0,51.0
2014-10-08 04:00:00+00:00,25.669,86.09602,1011.23737,13.281023,327.17145,0.3,97.0,51.0
2014-10-08 05:00:00+00:00,26.319,82.59689,1011.23865,13.979872,325.4914,0.1,94.0,51.0
2014-10-08 06:00:00+00:00,27.319,77.6434,1010.84,14.565548,309.98682,0.0,93.0,3.0
2014-10-08 07:00:00+00:00,27.219,77.628746,1010.24036,15.575981,303.6901,0.2,84.0,51.0
2014-10-08 08:00:00+00:00,27.219,78.09993,1008.741,17.713316,307.56866,0.2,82.0,51.0
2014-10-08 09:00:00+00:00,27.169,78.329315,1007.8414,16.363178,309.64413,0.2,77.0,51.0
2014-10-08 10:00:00+00:00,27.219,78.33647,1007.1417,15.7908325,294.22772,0.3,90.0,51.0
2014-10-08 11:00:00+00:00,26.919,80.4545,1006.64136,15.7908325,294.22772,0.0,93.0,3.0
2014-10-08 12:00:00+00:00,26.669,82.141014,1007.7405,14.24163,290.72565,0.0,80.0,3.0
2014-10-08 13:00:00+00:00,26.069,85.358986,1008.33923,13.1041975,290.92456,0.2,85.0,51.0
2014-10-08 14:00:00+00:00,25.519001,87.92173,1009.4382,11.770403,293.4287,0.3,82.0,51.0
2014-10-08 15:00:00+00:00,25.419,87.91327,1010.6373,10.636766,293.9625,0.2,78.0,51.0
2014-10-08 16:00:00+00:00,25.369001,87.6438,1011.1371,9.693296,301.32864,0.1,79.0,51.0
2014-10-08 17:00:00+00:00,25.219,88.42942,1011.43665,8.854829,296.56497,0.0,82.0,3.0
2014-10-08 18:00:00+00:00,24.969,89.756454,1010.9365,8.707237,299.74478,0.1,73.0,51.0
2014-10-08 19:00:00+00:00,25.069,90.03513,1010.13684,10.1887,302.00534,0.0,85.0,3.0
2014-10-08 20:00:00+00:00,25.019001,90.303825,1009.5372,11.983188,302.7352,0.0,96.0,3.0
2014-10-08 21:00:00+00:00,24.919,90.296936,1008.6375,10.464797,319.18503,0.0,90.0,3.0
2014-10-08 22:00:00+00:00,24.719,91.10592,1008.63727,8.404285,316.73566,0.1,88.0,51.0
2014-10-08 23:00:00+00:00,24.369001,92.19349,1008.93646,8.209263,322.12494,0.3,96.0,51.0
2014-10-09 00:00:00+00:00,24.519001,91.646065,1009.2367,9.885262,326.88864,0.2,99.0,51.0
2014-10-09 01:00:00+00:00,24.619001,90.82436,1009.53656,10.805998,330.01843,0.0,98.0,3.0
2014-10-09 02:00:00+00:00,25.169,88.15833,1010.33716,11.770403,336.5713,0.0,99.0,3.0
2014-10-09 03:00:00+00:00,25.719,85.32358,1010.93787,13.53236,331.38962,0.0,99.0,3.0
2014-10-09 04:00:00+00:00,26.469,81.86904,1011.1387,12.261157,310.2363,0.1,99.0,51.0
2014-10-09 05:00:00+00:00,26.869001,80.69134,1010.9394,12.4811535,303.23172,0.2,100.0,51.0
2014-10-09 06:00:00+00:00,27.419,80.76215,1010.34064,14.20062,300.46545,0.0,100.0,3.0
2014-10-09 07:00:00+00:00,28.069,76.82244,1009.1421,16.09969,296.56497,0.2,99.0,51.0
2014-10-09 08:00:00+00:00,27.819,78.18608,1008.2422,15.315873,293.55228,0.3,94.0,51.0
2014-10-09 09:00:00+00:00,27.719,80.07612,1007.5423,14.512064,293.38525,0.2,82.0,51.0
2014-10-09 10:00:00+00:00,27.369001,81.73274,1007.24207,14.986553,294.10223,0.2,98.0,51.0
2014-10-09 11:00:00+00:00,27.319,81.97256,1006.74194,15.484185,287.5925,0.0,99.0,3.0
2014-10-09 12:00:00+00:00,26.969,83.17212,1007.64124,15.2947035,296.56497,0.0,100.0,3.0
2014-10-09 13:00:00+00:00,26.569,85.4093,1007.84045,15.1884165,301.4295,0.0,100.0,3.0
2014-10-09 14:00:00+00:00,26.269001,87.19598,1008.9394,14.05845,309.8055,0.0,100.0,3.0
2014-10-09 15:00:00+00:00,25.969,89.02351,1010.0385,12.768586,319.574,0.0,100.0,3.0
2014-10-09 16:00:00+00:00,25.769001,89.54483,1010.538,10.514218,321.9529,0.0,100.0,3.0
2014-10-09 17:00:00+00:00,25.519001,90.3382,1010.6376,9.0,323.13,0.0,100.0,3.0
2014-10-09 18:00:00+00:00,25.419,90.33135,1010.33746,9.178235,318.1799,0.0,100.0,3.0
2014-10-09 19:00:00+00:00,25.519001,89.25715,1009.4382,11.525623,321.34018,0.0,100.0,3.0
2014-10-09 20:00:00+00:00,25.369001,89.51524,1008.5383,13.479583,325.8855,0.0,100.0,3.0
2014-10-09 21:00:00+00:00,25.169,90.58688,1008.3381,12.682018,325.40765,0.0,98.0,3.0
2014-10-09 22:00:00+00:00,24.869001,91.943886,1008.33746,11.212135,317.6026,0.1,100.0,51.0
2014-10-09 23:00:00+00:00,25.069,89.49296,1008.4377,10.691453,315.0001,0.1,100.0,51.0
2014-10-10 00:00:00+00:00,24.819,90.563416,1009.1371,11.709688,315.0001,0.0,100.0,3.0
2014-10-10 01:00:00+00:00,24.819,90.563416,1009.1371,12.387348,324.46225,0.0,97.0,3.0
2014-10-10 02:00:00+00:00,25.069,89.49296,1009.73706,15.778516,325.2221,0.0,98.0,3.0
2014-10-10 03:00:00+00:00,25.769001,85.58696,1010.538,16.135872,321.34018,0.2,98.0,51.0
2014-10-10 04:00:00+00:00,26.419,83.10911,1011.03876,16.299694,313.2101,0.2,96.0,51.0
2014-10-10 05:00:00+00:00,27.119001,80.72359,1011.03973,16.489416,306.11945,0.3,89.0,51.0
2014-10-10 06:00:00+00:00,27.519001,81.50614,1010.34064,16.299694,300.52963,0.0,84.0,3.0
2014-10-10 07:00:00+00:00,28.119001,79.17397,1009.1421,17.551615,295.51382,0.0,65.0,2.0
2014-10-10 08:00:00+00:00,28.119001,77.76018,1008.04266,18.388212,293.05133,0.0,74.0,2.0
2014-10-10 09:00:00+00:00,27.869001,77.95818,1007.5425,18.919704,291.19412,0.1,98.0,51.0
2014-10-10 10:00:00+00:00,27.719,77.23453,1006.7426,18.792551,290.17075,0.2,99.0,51.0
2014-10-10 11:00:00+00:00,27.419,77.65804,1007.0421,19.008547,294.62354,0.1,100.0,51.0
2014-10-10 12:00:00+00:00,27.069,78.7904,1007.8412,17.595861,300.76263,0.0,99.0,3.0
2014-10-10 13:00:00+00:00,26.669,80.42182,1008.6401,15.986593,305.83774,0.0,100.0,3.0
2014-10-10 14:00:00+00:00,26.419,81.8629,1009.9393,14.565548,309.98682,0.0,100.0,3.0
2014-10-10 15:00:00+00:00,26.169,83.08038,1010.7385,14.003028,316.04153,0.0,100.0,3.0
2014-10-10 16:00:00+00:00,25.919,84.573654,1011.13794,13.237038,315.0001,0.0,100.0,3.0
2014-10-10 17:00:00+00:00,25.669,86.09602,1010.8375,13.004922,318.36655,0.0,100.0,3.0
2014-10-10 18:00:00+00:00,25.469,87.38808,1010.23755,13.044722,320.59937,0.0,100.0,3.0
2014-10-10 19:00:00+00:00,25.469,86.33762,1009.6378,13.324863,321.5819,0.0,100.0,3.0
2014-10-10 20:00:00+00:00,25.369001,86.85229,1008.63824,13.18308,325.0079,0.0,100.0,3.0
2014-10-10 21:00:00+00:00,25.269001,87.37044,1008.43805,12.594856,329.03632,0.0,100.0,3.0
2014-10-10 22:00:00+00:00,25.169,88.15833,1008.3381,12.074766,333.43503,0.0,100.0,3.0
2014-10-10 23:00:00+00:00,25.069,88.95367,1008.3377,12.24,331.9276,0.0,100.0,3.0
2014-10-11 00:00:00+00:00,25.069,88.95367,1008.6375,11.440979,335.85446,0.0,100.0,3.0
2014-10-11 01:00:00+00:00,25.169,88.42534,1008.8378,10.495713,337.8336,0.0,100.0,3.0
2014-10-11 02:00:00+00:00,25.469,87.65246,1009.4379,13.217443,330.64233,0.0,100.0,3.0
2014-10-11 03:00:00+00:00,26.219,83.589874,1009.739,14.264361,317.0454,0.0,99.0,3.0
2014-10-11 04:00:00+00:00,27.119001,78.55946,1010.34,14.982228,305.21768,0.0,89.0,3.0
2014-10-11 05:00:00+00:00,27.819,73.823654,1010.2413,16.1198,299.42737,0.0,97.0,3.0
2014-10-11 06:00:00+00:00,28.319,70.409195,1009.7421,16.981165,291.1248,0.0,97.0,3.0
2014-10-11 07:00:00+00:00,28.619001,66.9127,1008.7433,17.462782,284.32275,0.0,100.0,3.0
2014-10-11 08:00:00+00:00,28.769001,66.13078,1007.7438,19.48661,281.72507,0.0,100.0,3.0
2014-10-11 09:00:00+00:00,28.669,66.31266,1007.34393,20.617662,282.09473,0.0,100.0,3.0
2014-10-11 10:00:00+00:00,28.619001,66.10019,1006.54425,20.265795,282.30798,0.0,97.0,3.0
2014-10-11 11:00:00+00:00,28.319,67.262596,1006.3436,19.011953,288.77814,0.0,86.0,3.0
2014-10-11 12:00:00+00:00,27.819,69.67595,1007.14264,17.22742,296.02954,0.0,94.0,3.0
2014-10-11 13:00:00+00:00,27.369001,72.19211,1007.7418,15.683774,301.86594,0.0,100.0,3.0
2014-10-11 14:00:00+00:00,27.119001,74.156975,1008.9407,14.57889,302.90524,0.0,100.0,3.0
2014-10-11 15:00:00+00:00,26.869001,76.87384,1009.8399,13.684735,305.36255,0.0,100.0,3.0
2014-10-11 16:00:00+00:00,26.469,79.426346,1010.13916,13.104198,307.18478,0.0,100.0,3.0
2014-10-11 17:00:00+00:00,26.219,81.34394,1009.9389,12.538134,309.17365,0.0,100.0,3.0
2014-10-11 18:00:00+00:00,26.019001,82.81194,1009.4388,11.966954,316.2188,0.0,98.0,3.0
2014-10-11 19:00:00+00:00,25.919,84.0636,1008.5392,12.313894,322.12497,0.0,95.0,3.0
2014-10-11 20:00:00+00:00,25.819,84.563065,1007.83923,11.304229,322.76508,0.0,100.0,3.0
2014-10-11 21:00:00+00:00,25.669,85.3185,1007.4391,12.783802,327.6526,0.0,100.0,3.0
2014-10-11 22:00:00+00:00,25.519001,86.08155,1007.639,13.37825,336.19403,0.1,100.0,51.0
2014-10-11 23:00:00+00:00,25.419,86.59452,1007.53876,12.904882,337.01126,0.0,100.0,3.0
2014-10-12 00:00:00+00:00,25.319,87.11095,1008.0386,12.57426,336.3706,0.0,100.0,3.0
2014-10-12 01:00:00+00:00,25.319,87.37486,1008.23846,13.849477,332.1028,0.0,100.0,3.0
2014-10-12 02:00:00+00:00,25.669,86.09602,1009.13824,14.904173,322.85324,0.0,100.0,3.0
2014-10-12 03:00:00+00:00,26.469,81.86904,1009.4395,17.826363,316.63654,0.0,100.0,3.0
2014-10-12 04:00:00+00:00,27.319,77.6434,1009.74054,18.79255,306.43094,0.0,98.0,3.0
2014-10-12 05:00:00+00:00,27.969,74.297264,1009.7419,19.64228,296.09537,0.2,98.0,51.0
2014-10-12 06:00:00+00:00,28.319,72.13951,1009.3423,20.948164,289.0578,0.4,99.0,51.0
2014-10-12 07:00:00+00:00,28.569,70.88377,1008.3431,21.67487,281.49652,0.3,89.0,51.0
2014-10-12 08:00:00+00:00,28.519001,70.87467,1007.44354,21.746504,276.65433,0.4,86.0,51.0
2014-10-12 09:00:00+00:00,28.469,71.080864,1006.84375,21.897945,279.46225,0.3,88.0,51.0
2014-10-12 10:00:00+00:00,28.319,71.92121,1006.2437,20.724247,287.176,0.0,93.0,3.0
2014-10-12 11:00:00+00:00,28.069,73.19729,1006.3434,19.930477,290.07162,0.0,48.0,1.0
2014-10-12 12:00:00+00:00,27.569,75.823685,1007.6422,17.072504,294.94388,0.0,100.0,3.0
2014-10-12 13:00:00+00:00,26.669,81.154724,1007.9404,15.844089,291.318,0.0,100.0,3.0
2014-10-12 14:00:00+00:00,26.169,84.34513,1008.63947,15.256526,289.29013,0.0,100.0,3.0
2014-10-12 15:00:00+00:00,25.969,85.60687,1009.5387,14.658676,294.67685,0.0,99.0,3.0
2014-10-12 16:00:00+00:00,25.769001,86.62711,1010.1382,14.021525,299.1974,0.0,99.0,3.0
2014-10-12 17:00:00+00:00,25.719,86.62247,1009.9383,13.684735,305.36255,0.0,98.0,3.0
2014-10-12 18:00:00+00:00,25.519001,87.39249,1009.3382,13.004922,311.63345,0.0,96.0,3.0
2014-10-12 19:00:00+00:00,25.719,86.36133,1008.9388,12.738099,312.70938,0.1,100.0,51.0
2014-10-12 20:00:00+00:00,25.669,86.09602,1008.2387,12.496718,318.50363,0.0,100.0,3.0
2014-10-12 21:00:00+00:00,25.519001,86.08155,1007.539,12.538134,320.82635,0.0,100.0,3.0
2014-10-12 22:00:00+00:00,25.319,86.58521,1007.53876,11.435313,331.8215,0.0,100.0,3.0
2014-10-12 23:00:00+00:00,25.119001,87.092896,1007.53845,10.00256,329.74365,0.0,100.0,3.0
2014-10-13 00:00:00+00:00,24.969,87.34391,1007.9379,9.826088,331.55716,0.0,100.0,3.0
2014-10-13 01:00:00+00:00,24.919,87.339485,1008.23773,10.787993,334.2901,0.0,100.0,3.0
2014-10-13 02:00:00+00:00,25.319,85.8018,1008.9382,11.440979,335.85446,0.0,97.0,3.0
2014-10-13 03:00:00+00:00,26.069,82.31757,1009.5387,13.684735,324.63745,0.2,99.0,51.0
2014-10-13 04:00:00+00:00,26.669,80.1788,1009.7396,14.003028,313.95847,0.2,99.0,51.0
2014-10-13 05:00:00+00:00,27.119001,78.55946,1009.5404,14.8257065,299.0545,0.2,100.0,51.0
2014-10-13 06:00:00+00:00,27.169,78.329315,1008.64105,15.141414,288.00424,0.5,98.0,53.0
2014-10-13 07:00:00+00:00,28.169,75.91729,1008.04266,15.683776,279.24603,0.4,95.0,51.0
2014-10-13 08:00:00+00:00,28.219,77.774704,1007.3432,15.158522,274.08554,0.2,97.0,51.0
2014-10-13 09:00:00+00:00,28.069,79.88262,1006.9432,13.722565,274.5139,0.0,97.0,3.0
2014-10-13 10:00:00+00:00,27.619001,82.99732,1006.5427,14.113653,275.85593,0.2,96.0,51.0
2014-10-13 11:00:00+00:00,26.019001,84.07452,1007.1398,11.928989,275.19434,2.7,98.0,63.0
2014-10-13 12:00:00+00:00,25.469,88.18328,1007.7387,10.495713,275.90604,1.0,92.0,55.0
2014-10-13 13:00:00+00:00,25.269001,89.77817,1007.63837,5.937272,284.03625,0.1,95.0,51.0
2014-10-13 14:00:00+00:00,25.319,89.78183,1008.63824,5.0528407,274.08554,0.0,99.0,3.0
2014-10-13 15:00:00+00:00,25.269001,90.59359,1009.7374,3.671294,281.3099,0.0,97.0,3.0
2014-10-13 16:00:00+00:00,25.019001,92.507935,1010.2368,4.3349743,265.23645,0.2,100.0,51.0
2014-10-13 17:00:00+00:00,24.769001,93.616035,1010.33655,5.154415,245.22488,0.2,100.0,51.0
2014-10-13 18:00:00+00:00,24.719,92.21315,1010.1366,5.0528407,265.91446,0.0,100.0,3.0
2014-10-13 19:00:00+00:00,24.819,92.4972,1009.83673,5.6920996,288.43503,0.1,99.0,51.0
2014-10-13 20:00:00+00:00,24.769001,92.215935,1009.23706,7.0911775,293.9625,0.2,98.0,51.0
2014-10-13 21:00:00+00:00,24.869001,90.84074,1008.53735,4.8965297,306.02747,0.2,99.0,51.0
2014-10-13 22:00:00+00:00,24.569,92.48368,1008.63696,2.9024127,299.74478,0.2,98.0,51.0
2014-10-13 23:00:00+00:00,24.469,93.03873,1008.33673,3.671294,258.6901,0.0,96.0,3.0
2014-10-14 00:00:00+00:00,24.619001,91.92941,1008.83685,1.835647,258.6901,0.0,100.0,3.0
2014-10-14 01:00:00+00:00,24.619001,92.20753,1009.3366,1.9386592,291.80148,0.0,99.0,3.0
2014-10-14 02:00:00+00:00,25.369001,90.32793,1009.6378,1.8,323.13,0.0,79.0,2.0
2014-10-14 03:00:00+00:00,25.769001,86.62711,1010.03827,3.8268526,318.81415,0.0,83.0,3.0
2014-10-14 04:00:00+00:00,26.819,82.15911,1010.33966,4.379589,279.46225,0.0,69.0,2.0
2014-10-14 05:00:00+00:00,27.469,79.80241,1010.0408,7.342588,258.6901,0.2,36.0,51.0
2014-10-14 06:00:00+00:00,27.769001,80.80707,1009.5416,9.793058,252.89719,0.1,46.0,51.0
2014-10-14 07:00:00+00:00,28.069,77.752884,1008.64233,9.178235,258.6901,0.2,58.0,51.0
2014-10-14 08:00:00+00:00,27.969,78.679214,1008.04266,7.9526596,264.80566,0.3,82.0,51.0
2014-10-14 09:00:00+00:00,27.869001,80.336624,1007.0427,9.793058,252.89719,0.2,86.0,51.0
2014-10-14 10:00:00+00:00,27.769001,80.80707,1006.6429,7.771331,256.60748,0.0,64.0,2.0
2014-10-14 11:00:00+00:00,27.619001,81.274345,1006.64264,8.049845,259.69522,0.3,64.0,51.0
2014-10-14 12:00:00+00:00,27.369001,80.99902,1007.44196,6.379216,253.61038,0.6,56.0,53.0
2014-10-14 13:00:00+00:00,26.819,82.15911,1008.44055,5.2416787,254.05453,0.4,51.0,51.0
2014-10-14 14:00:00+00:00,26.319,85.899704,1009.5394,4.6800003,247.3801,0.0,73.0,2.0
2014-10-14 15:00:00+00:00,25.819,89.81792,1010.538,4.072935,224.9999,0.0,87.0,3.0
2014-10-14 16:00:00+00:00,25.119001,93.07128,1011.0368,5.1919937,213.6901,0.0,88.0,3.0
2014-10-14 17:00:00+00:00,24.619001,95.315544,1011.3357,5.6233797,230.19447,0.1,85.0,51.0
2014-10-14 18:00:00+00:00,24.919,92.78156,1010.9365,4.39436,214.9921,0.7,86.0,53.0
2014-10-14 19:00:00+00:00,24.919,91.39395,1010.9365,3.7585104,196.69933,0.0,80.0,3.0
2014-10-14 20:00:00+00:00,24.919,90.84399,1010.3368,2.9024127,187.12492,0.1,75.0,51.0
2014-10-14 21:00:00+00:00,24.869001,91.11542,1009.7368,1.835647,168.69011,0.2,74.0,51.0
2014-10-14 22:00:00+00:00,25.019001,89.76003,1009.6371,1.609969,333.43503,0.0,43.0,1.0
2014-10-14 23:00:00+00:00,23.969,95.581635,1009.13574,3.396233,32.005356,0.0,54.0,2.0
2014-10-15 00:00:00+00:00,24.119001,94.43875,1009.63586,3.8268526,41.185837,0.0,65.0,2.0
2014-10-15 01:00:00+00:00,24.019001,95.294945,1010.03534,4.8965297,53.972538,0.0,80.0,3.0
2014-10-15 02:00:00+00:00,25.469,89.79267,1010.6373,5.1919937,56.309914,0.0,80.0,3.0
2014-10-15 03:00:00+00:00,26.669,84.39861,1011.53876,3.6,90.0,0.0,71.0,2.0
2014-10-15 04:00:00+00:00,27.569,78.86028,1011.84033,4.0249224,153.43501,0.0,52.0,2.0
2014-10-15 05:00:00+00:00,27.969,77.03917,1011.5411,6.12,180.0,0.1,47.0,51.0
2014-10-15 06:00:00+00:00,28.369001,77.79648,1011.1415,8.699793,204.44394,0.0,49.0,1.0
2014-10-15 07:00:00+00:00,27.269001,80.25793,1010.54016,9.107359,198.43504,5.0,80.0,63.0
2014-10-15 08:00:00+00:00,27.319,81.72664,1008.9409,11.269782,206.56499,0.3,80.0,51.0
2014-10-15 09:00:00+00:00,27.669,82.01492,1008.6417,8.534353,207.64589,0.2,79.0,51.0
2014-10-15 10:00:00+00:00,27.269001,80.25793,1007.3416,7.10031,210.46547,2.5,73.0,63.0
2014-10-15 11:00:00+00:00,27.069,81.20522,1007.8412,4.452954,194.03627,1.9,86.0,61.0
2014-10-15 12:00:00+00:00,26.219,83.33769,1009.2392,3.096837,125.537766,3.0,90.0,63.0
2014-10-15 13:00:00+00:00,25.169,90.042206,1010.1372,4.0249224,79.69521,1.8,92.0,61.0
2014-10-15 14:00:00+00:00,24.569,95.31389,1010.9359,4.829907,26.564985,1.4,92.0,61.0
2014-10-15 15:00:00+00:00,24.469,94.452934,1011.73517,5.815978,21.801476,0.6,88.0,53.0
2014-10-15 16:00:00+00:00,24.819,90.563416,1012.03577,4.1046314,15.255177,0.0,85.0,3.0
2014-10-15 17:00:00+00:00,24.669,91.655045,1011.53564,3.2599385,6.3401003,0.0,82.0,3.0
2014-10-15 18:00:00+00:00,24.519001,93.60448,1011.53564,4.0249224,10.304792,0.0,93.0,3.0
2014-10-15 19:00:00+00:00,24.469,91.64309,1010.8356,5.4119864,3.8140097,0.0,91.0,3.0
2014-10-15 20:00:00+00:00,24.619001,90.27622,1009.6365,5.3999996,360.0,0.0,97.0,3.0
2014-10-15 21:00:00+00:00,24.669,89.73461,1009.43665,4.452954,14.036275,0.0,95.0,3.0
2014-10-15 22:00:00+00:00,24.519001,91.093155,1008.83685,3.7064266,29.054508,0.0,99.0,3.0
2014-10-15 23:00:00+00:00,24.169,93.023575,1009.2361,3.8268526,41.185837,0.3,97.0,51.0
2014-10-16 00:00:00+00:00,24.219,92.74501,1009.8358,4.5820518,44.999897,0.0,98.0,3.0
2014-10-16 01:00:00+00:00,24.469,91.366165,1010.2359,4.510787,28.610369,0.0,88.0,3.0
2014-10-16 02:00:00+00:00,25.369001,88.174965,1011.1371,4.8433046,48.01287,0.0,94.0,3.0
2014-10-16 03:00:00+00:00,26.419,82.85856,1011.8384,3.96,90.0,0.0,96.0,3.0
2014-10-16 04:00:00+00:00,27.069,79.50815,1011.93933,4.5820518,135.0001,0.0,98.0,3.0
2014-10-16 05:00:00+00:00,27.719,76.30715,1011.84033,5.937272,165.96373,0.0,100.0,3.0
2014-10-16 06:00:00+00:00,28.219,73.890366,1010.8416,6.379216,196.38962,0.0,100.0,3.0
2014-10-16 07:00:00+00:00,27.919,76.33785,1009.7415,8.217153,208.8107,2.2,100.0,61.0
2014-10-16 08:00:00+00:00,27.769001,79.12579,1009.24176,7.9036193,210.0685,0.2,100.0,51.0
2014-10-16 09:00:00+00:00,27.669,80.55205,1008.3419,7.5942082,211.42952,0.1,100.0,51.0
2014-10-16 10:00:00+00:00,26.969,80.70426,1007.94116,3.563818,224.9999,3.2,100.0,63.0
2014-10-16 11:00:00+00:00,26.919,80.94173,1007.54095,2.0991426,210.96368,0.1,100.0,51.0
2014-10-16 12:00:00+00:00,26.619001,81.39407,1008.14026,1.1384199,288.43503,0.9,100.0,53.0
2014-10-16 13:00:00+00:00,25.719,85.32358,1009.23865,0.71999997,270.0,0.6,97.0,53.0
2014-10-16 14:00:00+00:00,25.419,90.60361,1009.9377,3.319036,229.39879,0.0,100.0,3.0
2014-10-16 15:00:00+00:00,25.519001,86.86603,1010.8375,3.6,180.0,0.0,100.0,3.0
2014-10-16 16:00:00+00:00,24.869001,91.66703,1011.6359,6.989936,145.49142,0.0,100.0,3.0
2014-10-16 17:00:00+00:00,24.869001,91.39086,1011.43604,6.3690495,137.29063,0.4,100.0,51.0
2014-10-16 18:00:00+00:00,24.919,89.48179,1011.1364,6.28713,156.3706,0.2,100.0,51.0
2014-10-16 19:00:00+00:00,24.819,90.29007,1010.53644,5.0528407,175.91446,0.0,100.0,3.0
2014-10-16 20:00:00+00:00,24.769001,88.6611,1010.0367,4.2136917,199.9832,0.4,100.0,51.0
2014-10-16 21:00:00+00:00,24.719,89.4669,1009.5369,3.219938,206.56499,0.2,100.0,51.0
2014-10-16 22:00:00+00:00,25.119001,86.30433,1009.1377,1.484318,104.03627,0.0,100.0,3.0
2014-10-16 23:00:00+00:00,24.719,89.738266,1009.63684,1.08,270.0,0.0,100.0,3.0
2014-10-17 00:00:00+00:00,24.569,91.096375,1009.2367,0.5091169,315.0001,0.0,100.0,3.0
2014-10-17 01:00:00+00:00,24.769001,90.56003,1010.0367,2.2768397,71.564964,0.0,100.0,3.0
2014-10-17 02:00:00+00:00,25.469,90.60694,1011.2371,2.9024127,29.744795,0.2,98.0,51.0
2014-10-17 03:00:00+00:00,25.769001,85.070984,1011.9374,3.396233,32.005356,0.1,96.0,51.0
2014-10-17 04:00:00+00:00,26.469,82.86438,1012.33813,2.2768397,18.435053,0.2,63.0,51.0
2014-10-17 05:00:00+00:00,26.919,80.4545,1012.13885,0.35999998,360.0,0.3,76.0,51.0
2014-10-17 06:00:00+00:00,27.369001,79.07059,1011.34015,2.1897945,260.53775,0.5,94.0,53.0
2014-10-17 07:00:00+00:00,27.919,76.79978,1009.94147,4.896529,252.89719,0.7,87.0,53.0
2014-10-17 08:00:00+00:00,26.969,82.177155,1009.04065,7.42159,247.1663,6.4,96.0,63.0
2014-10-17 09:00:00+00:00,26.619001,82.63222,1008.5401,9.339208,242.44727,2.6,99.0,63.0
2014-10-17 10:00:00+00:00,26.219,83.33769,1008.1397,12.7279215,224.9999,0.6,99.0,53.0
2014-10-17 11:00:00+00:00,25.569,87.39689,1008.5386,10.464797,229.18501,2.4,100.0,61.0
2014-10-17 12:00:00+00:00,24.819,93.90051,1009.337,8.287822,214.3804,3.2,100.0,63.0
2014-10-17 13:00:00+00:00,24.469,93.602165,1010.2359,7.5942082,211.42952,5.1,100.0,63.0
2014-10-17 14:00:00+00:00,24.119001,95.58649,1010.9353,5.692099,214.69522,7.3,100.0,63.0
2014-10-17 15:00:00+00:00,24.219,95.58971,1011.8349,4.072935,224.9999,11.5,100.0,65.0
2014-10-17 16:00:00+00:00,24.169,96.456566,1012.23474,1.5273507,224.9999,13.9,100.0,65.0
2014-10-17 17:00:00+00:00,24.219,95.878365,1011.8349,1.835647,258.6901,12.7,100.0,65.0
2014-10-17 18:00:00+00:00,23.919,96.45005,1011.2348,3.2599385,276.3401,8.3,100.0,65.0
2014-10-17 19:00:00+00:00,23.969,95.581635,1010.5351,3.396233,302.00534,9.2,100.0,65.0
2014-10-17 20:00:00+00:00,23.919,96.15928,1009.83545,3.7064266,299.0545,8.5,100.0,65.0
2014-10-17 21:00:00+00:00,23.919,96.15928,1009.43567,3.319036,319.39877,7.0,100.0,63.0
2014-10-17 22:00:00+00:00,24.119001,93.869415,1009.9358,4.896529,287.1028,6.7,100.0,63.0
2014-10-17 23:00:00+00:00,23.969,96.1607,1009.73553,5.5887027,284.93146,6.2,100.0,63.0
2014-10-18 00:00:00+00:00,24.069,92.17662,1009.83545,3.8939953,303.6901,6.1,100.0,63.0
2014-10-18 01:00:00+00:00,23.819,95.576775,1010.43494,4.3349743,318.36655,5.4,100.0,63.0
2014-10-18 02:00:00+00:00,24.119001,95.2984,1011.0353,4.6102495,321.34018,4.6,100.0,63.0
2014-10-18 03:00:00+00:00,24.369001,93.033676,1012.13495,5.3999996,323.13004,3.9,100.0,63.0
2014-10-18 04:00:00+00:00,25.019001,90.850525,1012.3359,6.696387,323.74606,2.5,100.0,63.0
2014-10-18 05:00:00+00:00,25.269001,92.5214,1012.23627,7.127636,315.0001,1.7,100.0,61.0
2014-10-18 06:00:00+00:00,25.669,85.06068,1011.43726,7.145796,310.91428,1.1,100.0,55.0
2014-10-18 07:00:00+00:00,26.019001,80.82634,1010.3383,8.209263,307.87503,1.6,100.0,61.0
2014-10-18 08:00:00+00:00,26.119001,81.57842,1009.43915,7.7879906,303.6901,0.7,100.0,53.0
2014-10-18 09:00:00+00:00,26.469,79.18561,1008.5399,7.2,306.86996,0.7,100.0,53.0
2014-10-18 10:00:00+00:00,26.019001,80.82634,1008.33923,9.931042,316.46872,1.0,100.0,55.0
2014-10-18 11:00:00+00:00,25.869001,81.05314,1009.0387,5.991594,302.7352,1.3,100.0,61.0
2014-10-18 12:00:00+00:00,25.069,87.88358,1009.2373,3.396233,302.00534,0.9,100.0,53.0
2014-10-18 13:00:00+00:00,24.169,94.15584,1009.9358,1.1384199,341.56494,0.7,100.0,53.0
2014-10-18 14:00:00+00:00,23.919,93.01094,1010.6351,2.968636,14.036275,0.3,100.0,51.0
2014-10-18 15:00:00+00:00,23.919,93.860504,1011.3347,3.4152596,18.435053,0.2,100.0,51.0
2014-10-18 16:00:00+00:00,24.019001,93.29825,1011.43475,2.9024127,7.12493,0.0,100.0,3.0
2014-10-18 17:00:00+00:00,24.419,90.262344,1011.2354,4.73506,351.2539,0.0,100.0,3.0
2014-10-18 18:00:00+00:00,23.969,94.14733,1011.0349,3.6179552,354.2895,0.1,100.0,51.0
2014-10-18 19:00:00+00:00,23.569,96.14939,1010.3346,2.1897945,9.462248,1.1,100.0,55.0
2014-10-18 20:00:00+00:00,23.519001,96.73195,1009.43506,1.0182338,44.999897,0.9,100.0,53.0
2014-10-18 21:00:00+00:00,23.969,92.73191,1008.9359,0.0,270.0,0.5,100.0,53.0
2014-10-18 22:00:00+00:00,23.569,95.85864,1008.4355,3.563818,135.0001,0.5,100.0,53.0
2014-10-18 23:00:00+00:00,23.469,96.7308,1008.3355,3.8773184,158.19853,0.8,100.0,53.0
2014-10-19 00:00:00+00:00,23.969,91.61304,1008.9359,5.04,180.0,0.9,100.0,53.0
2014-10-19 01:00:00+00:00,23.569,95.85864,1009.3351,4.802999,192.99461,0.8,100.0,53.0
2014-10-19 02:00:00+00:00,24.319,93.31282,1010.13586,4.896529,197.10281,0.8,100.0,53.0
2014-10-19 03:00:00+00:00,24.819,91.66405,1010.63635,4.6102495,218.65984,0.7,100.0,53.0
2014-10-19 04:00:00+00:00,25.019001,91.675934,1011.2364,3.319036,257.4712,0.3,99.0,51.0
2014-10-19 05:00:00+00:00,25.719,86.62247,1010.8379,3.4152596,251.56496,0.4,100.0,51.0
2014-10-19 06:00:00+00:00,26.269001,84.86614,1010.0388,5.8048253,240.2552,0.4,100.0,51.0
2014-10-19 07:00:00+00:00,26.919,80.21183,1009.1402,7.289445,237.09476,4.2,89.0,63.0
2014-10-19 08:00:00+00:00,26.719,80.18544,1008.14026,6.489992,236.3099,1.9,91.0,61.0
2014-10-19 09:00:00+00:00,27.119001,79.75539,1007.1415,7.9036193,239.9315,0.1,85.0,51.0
2014-10-19 10:00:00+00:00,27.219,79.28886,1006.94183,3.396233,237.99466,0.5,88.0,53.0
2014-10-19 11:00:00+00:00,26.769001,77.327354,1006.9412,4.2136917,250.0168,2.7,93.0,63.0
2014-10-19 12:00:00+00:00,26.319,80.86494,1007.8402,2.7416782,246.80138,0.2,95.0,51.0
2014-10-19 13:00:00+00:00,25.819,82.78858,1008.8388,2.5455842,261.87,0.7,94.0,53.0
2014-10-19 14:00:00+00:00,25.369001,86.06706,1009.8377,1.5273507,315.0001,0.1,99.0,51.0
2014-10-19 15:00:00+00:00,25.119001,87.62215,1010.43713,1.1384199,341.56494,0.0,100.0,3.0
2014-10-19 16:00:00+00:00,25.069,87.88358,1010.83655,1.8,36.86999,0.0,100.0,3.0
2014-10-19 17:00:00+00:00,24.569,91.37236,1010.63605,2.5455842,44.999897,0.0,100.0,3.0
2014-10-19 18:00:00+00:00,24.469,91.366165,1010.5357,3.219938,63.435013,0.0,98.0,3.0
2014-10-19 19:00:00+00:00,24.219,93.59055,1009.8358,3.6,90.0,0.2,100.0,51.0
2014-10-19 20:00:00+00:00,24.319,93.31282,1008.93646,4.379589,99.46225,0.0,99.0,3.0
2014-10-19 21:00:00+00:00,24.919,88.6731,1008.5376,2.1897945,80.53775,0.0,100.0,3.0
2014-10-19 22:00:00+00:00,24.819,89.2039,1008.33746,3.0758414,69.44387,0.0,100.0,3.0
2014-10-19 23:00:00+00:00,23.819,92.4429,1008.23596,2.968636,75.96373,0.0,100.0,3.0
2014-10-20 00:00:00+00:00,23.419,94.41025,1008.735,3.96,90.0,0.0,100.0,3.0
2014-10-20 01:00:00+00:00,23.619001,93.84707,1009.0352,5.4119864,86.186005,0.1,100.0,51.0
2014-10-20 02:00:00+00:00,25.119001,88.42125,1010.2372,6.130579,93.366394,0.0,100.0,3.0
2014-10-20 03:00:00+00:00,25.869001,84.312904,1011.1377,5.815978,111.801476,0.0,100.0,3.0
2014-10-20 04:00:00+00:00,26.519001,80.64606,1011.23865,4.896529,107.10281,0.0,100.0,3.0
2014-10-20 05:00:00+00:00,27.069,78.07834,1010.8398,3.7585104,106.699326,0.0,100.0,3.0
2014-10-20 06:00:00+00:00,27.419,76.72417,1010.24066,4.452954,165.96373,0.2,100.0,51.0
2014-10-20 07:00:00+00:00,27.869001,74.05609,1009.3417,6.162207,186.70975,0.2,100.0,51.0
2014-10-20 08:00:00+00:00,27.719,74.25611,1008.74176,7.9932976,187.76508,0.7,100.0,53.0
2014-10-20 09:00:00+00:00,27.269001,77.63607,1007.54156,8.311245,184.96965,0.2,100.0,51.0
2014-10-20 10:00:00+00:00,26.769001,79.227,1007.74084,9.47012,171.25392,0.4,100.0,51.0
2014-10-20 11:00:00+00:00,26.169,80.84566,1007.83984,7.754637,158.19853,1.5,99.0,61.0
2014-10-20 12:00:00+00:00,25.769001,83.5394,1008.1391,8.699793,155.55606,0.5,100.0,53.0
2014-10-20 13:00:00+00:00,25.169,87.3616,1009.2377,8.404285,136.73567,1.3,100.0,61.0
2014-10-20 14:00:00+00:00,25.319,86.58521,1009.53784,6.4096174,128.15727,0.4,100.0,51.0
2014-10-20 15:00:00+00:00,25.269001,87.37044,1010.63696,6.792466,122.00535,0.0,99.0,3.0
2014-10-20 16:00:00+00:00,25.169,87.62646,1011.3367,6.696387,126.25393,0.2,98.0,51.0
2014-10-20 17:00:00+00:00,24.569,92.20473,1011.3357,6.989936,124.50858,1.1,100.0,55.0
2014-10-20 18:00:00+00:00,24.569,91.92656,1011.2358,8.14587,135.0001,0.8,100.0,53.0
2014-10-20 19:00:00+00:00,24.619001,90.54991,1010.9359,7.7043357,142.59457,0.4,100.0,51.0
2014-10-20 20:00:00+00:00,24.669,88.65311,1010.23627,7.7879906,123.6901,0.4,100.0,51.0
2014-10-20 21:00:00+00:00,24.769001,87.858025,1009.7368,9.0,126.86999,0.3,100.0,51.0
2014-10-20 22:00:00+00:00,24.519001,89.723656,1009.2367,7.386582,136.97493,0.4,100.0,51.0
2014-10-20 23:00:00+00:00,24.569,88.9146,1009.53656,7.289445,122.90524,0.3,100.0,51.0
2014-10-21 00:00:00+00:00,24.819,87.06585,1010.1366,5.991594,122.73522,0.1,100.0,51.0
2014-10-21 01:00:00+00:00,24.769001,87.59173,1010.53644,6.28713,113.62939,0.3,99.0,51.0
2014-10-21 02:00:00+00:00,24.919,88.13751,1011.73615,7.42159,112.833694,0.5,100.0,53.0
2014-10-21 03:00:00+00:00,25.369001,86.06706,1012.33655,7.42159,112.833694,0.3,100.0,51.0
2014-10-21 04:00:00+00:00,25.969,83.56187,1012.8372,7.0911775,113.962494,0.0,100.0,3.0
2014-10-21 05:00:00+00:00,26.719,80.428375,1012.83813,6.763786,115.20109,0.1,100.0,51.0
2014-10-21 06:00:00+00:00,27.369001,79.07059,1012.03986,6.489992,123.6901,0.2,100.0,51.0
2014-10-21 07:00:00+00:00,26.569,80.40876,1011.1389,6.9153743,141.34016,0.3,100.0,51.0
2014-10-21 08:00:00+00:00,26.819,79.715,1010.23975,6.28713,156.3706,0.3,99.0,51.0
2014-10-21 09:00:00+00:00,26.719,80.18544,1009.2398,5.0528407,175.91446,0.5,100.0,53.0
2014-10-21 10:00:00+00:00,26.369001,82.10479,1008.63983,1.484318,75.96373,4.6,100.0,63.0
2014-10-21 11:00:00+00:00,25.819,85.591934,1008.53894,2.1897945,99.46225,3.2,100.0,63.0
2014-10-21 12:00:00+00:00,25.519001,86.86603,1009.0383,3.5455887,113.962494,0.8,100.0,53.0
2014-10-21 13:00:00+00:00,25.419,87.91327,1010.03766,4.5536795,108.43504,0.3,100.0,51.0
2014-10-21 14:00:00+00:00,24.769001,92.77376,1010.9363,5.0911684,98.13002,0.2,100.0,51.0
2014-10-21 15:00:00+00:00,24.669,92.489075,1012.0354,5.771239,93.57626,0.4,100.0,51.0
2014-10-21 16:00:00+00:00,24.869001,89.74915,1012.7355,5.8603754,100.619606,0.5,100.0,53.0
2014-10-21 17:00:00+00:00,24.369001,93.59751,1013.1345,6.28713,103.24053,0.8,100.0,53.0
2014-10-21 18:00:00+00:00,24.219,93.873886,1012.7345,7.2,90.0,1.8,100.0,61.0
2014-10-21 19:00:00+00:00,24.969,88.94587,1012.036,8.905908,75.96373,0.4,100.0,51.0
2014-10-21 20:00:00+00:00,24.819,88.93416,1010.7364,8.311245,72.34979,0.3,100.0,51.0
2014-10-21 21:00:00+00:00,24.719,89.738266,1010.4365,6.28713,76.75947,0.2,100.0,51.0
2014-10-21 22:00:00+00:00,24.669,90.27966,1009.73645,3.6179552,95.7105,0.4,100.0,51.0
2014-10-21 23:00:00+00:00,24.069,94.436745,1010.13525,6.0347,72.64589,1.0,100.0,55.0
2014-10-22 00:00:00+00:00,24.519001,90.54319,1010.5361,5.0528407,85.91447,2.7,100.0,63.0
2014-10-22 01:00:00+00:00,23.919,96.15928,1011.1348,3.9763298,95.19434,3.9,100.0,63.0
2014-10-22 02:00:00+00:00,25.169,92.516045,1011.93646,5.0142193,68.96242,5.3,100.0,63.0
2014-10-22 03:00:00+00:00,24.969,92.50529,1012.7357,7.289444,69.775055,4.9,100.0,63.0
2014-10-22 04:00:00+00:00,25.069,91.67896,1013.3354,5.8603754,79.380394,5.0,100.0,63.0
2014-10-22 05:00:00+00:00,25.719,89.272285,1013.1368,3.319036,102.5288,4.8,100.0,63.0
2014-10-22 06:00:00+00:00,25.969,87.959724,1012.73724,2.2768397,108.43504,4.2,100.0,63.0
2014-10-22 07:00:00+00:00,25.819,85.07615,1011.8374,2.1897945,170.53775,7.7,100.0,65.0
2014-10-22 08:00:00+00:00,25.419,88.1791,1011.0372,4.510787,241.38963,7.4,100.0,63.0
2014-10-22 09:00:00+00:00,25.219,89.50413,1010.33716,6.489992,250.55988,6.6,100.0,63.0
2014-10-22 10:00:00+00:00,25.119001,90.310745,1009.2377,5.1544156,257.90524,4.0,100.0,63.0
2014-10-22 11:00:00+00:00,24.969,91.67301,1009.6371,5.2416787,254.05453,2.1,100.0,61.0
2014-10-22 12:00:00+00:00,24.619001,93.32728,1010.23627,6.162207,263.29025,0.6,100.0,53.0
2014-10-22 13:00:00+00:00,24.269001,94.730316,1011.0353,6.792466,302.00534,0.5,100.0,53.0
2014-10-22 14:00:00+00:00,24.019001,95.87228,1011.73456,6.297428,329.03632,0.2,100.0,51.0
2014-10-22 15:00:00+00:00,23.869001,95.28978,1012.934,6.6185193,337.6198,0.0,99.0,3.0
2014-10-22 16:00:00+00:00,23.819,95.00015,1013.03375,5.6920996,341.56494,0.2,99.0,51.0
2014-10-22 17:00:00+00:00,23.669,94.70718,1013.03375,5.506941,348.6901,0.3,99.0,51.0
2014-10-22 18:00:00+00:00,23.569,94.99099,1012.63354,4.32,360.0,0.6,94.0,53.0
2014-10-22 19:00:00+00:00,23.369001,95.562126,1012.3333,3.9763298,5.19435,1.0,100.0,55.0
2014-10-22 20:00:00+00:00,23.569,95.27944,1011.33417,3.2599385,353.6599,1.2,99.0,55.0
2014-10-22 21:00:00+00:00,23.669,94.70718,1010.6348,4.5536795,18.435053,0.8,99.0,53.0
2014-10-22 22:00:00+00:00,23.619001,94.13238,1010.0347,6.2145634,79.99209,0.3,97.0,51.0
2014-10-22 23:00:00+00:00,23.569,93.844864,1009.6349,6.849467,93.012726,0.3,90.0,51.0
2014-10-23 00:00:00+00:00,24.019001,89.41444,1010.03534,5.1165614,129.28938,0.0,90.0,3.0
2014-10-23 01:00:00+00:00,23.669,93.56488,1011.1346,7.42159,140.90616,0.0,99.0,3.0
2014-10-23 02:00:00+00:00,24.869001,88.13335,1011.8358,8.714677,141.7098,0.0,100.0,3.0
2014-10-23 03:00:00+00:00,25.169,87.89205,1012.836,8.913181,136.63654,1.3,97.0,61.0
2014-10-23 04:00:00+00:00,25.569,86.8706,1013.53625,5.692099,145.30478,1.7,99.0,61.0
2014-10-23 05:00:00+00:00,25.769001,85.58696,1013.6366,5.3517847,137.72638,1.6,99.0,61.0
2014-10-23 06:00:00+00:00,26.269001,83.84825,1013.1374,5.3517847,132.27362,1.7,96.0,61.0
2014-10-23 07:00:00+00:00,26.269001,84.61064,1012.23785,4.6102495,128.65984,1.2,98.0,55.0
2014-10-23 08:00:00+00:00,26.469,84.63177,1010.8388,2.8116899,129.80553,1.2,100.0,55.0
2014-10-23 09:00:00+00:00,26.319,86.93893,1009.8393,3.0758414,200.55612,1.1,100.0,55.0
2014-10-23 10:00:00+00:00,25.819,87.41886,1009.33856,5.6002855,224.9999,2.3,99.0,61.0
2014-10-23 11:00:00+00:00,25.419,87.6481,1009.23804,7.127636,224.9999,1.1,100.0,55.0
2014-10-23 12:00:00+00:00,25.269001,90.04927,1009.9374,4.5820518,224.9999,0.6,100.0,53.0
2014-10-23 13:00:00+00:00,25.569,85.82636,1010.9375,4.1046314,217.87505,0.6,100.0,53.0
2014-10-23 14:00:00+00:00,25.219,88.16252,1011.8364,4.3349743,221.63345,0.9,100.0,53.0
2014-10-23 15:00:00+00:00,24.969,89.48554,1012.7357,5.495161,211.60745,0.7,100.0,53.0
2014-10-23 16:00:00+00:00,24.769001,90.01387,1013.13525,1.1384199,198.43504,0.5,100.0,53.0
2014-10-23 17:00:00+00:00,24.019001,94.43468,1013.034,0.8049845,116.56499,0.4,99.0,51.0
2014-10-23 18:00:00+00:00,24.169,92.74241,1012.7345,0.8049845,153.43501,0.1,100.0,51.0
2014-10-23 19:00:00+00:00,24.169,89.971176,1012.23474,1.08,360.0,0.2,99.0,51.0
2014-10-23 20:00:00+00:00,23.119001,97.016335,1010.9338,2.1897945,350.53775,0.0,97.0,3.0
2014-10-23 21:00:00+00:00,23.169,96.13799,1010.1341,2.5455842,351.87,0.0,97.0,3.0
2014-10-23 22:00:00+00:00,23.069,96.72109,1010.2341,2.5455842,8.130019,0.0,98.0,3.0
2014-10-23 23:00:00+00:00,23.069,96.72109,1010.334,1.8,360.0,0.3,99.0,51.0
2014-10-24 00:00:00+00:00,23.619001,94.13238,1010.73444,3.5455887,66.037506,0.1,99.0,51.0
2014-10-24 01:00:00+00:00,23.519001,95.567,1011.1342,4.2136917,70.01681,0.0,97.0,3.0
2014-10-24 02:00:00+00:00,24.419,91.0868,1012.03503,5.1919937,56.309914,0.0,100.0,3.0
2014-10-24 03:00:00+00:00,25.719,85.58199,1012.5371,5.1919937,56.309914,0.0,98.0,3.0
2014-10-24 04:00:00+00:00,26.919,79.247635,1012.5387,4.1046314,74.74483,0.0,82.0,3.0
2014-10-24 05:00:00+00:00,27.719,75.38953,1012.14014,1.5273507,135.0001,0.0,86.0,3.0
2014-10-24 06:00:00+00:00,28.119001,74.321915,1011.4411,3.4152596,198.43504,0.0,97.0,3.0
2014-10-24 07:00:00+00:00,28.019001,74.530594,1010.24164,6.297428,210.96368,0.1,98.0,51.0
2014-10-24 08:00:00+00:00,27.569,77.44581,1009.14154,10.086427,214.82455,1.3,91.0,61.0
2014-10-24 09:00:00+00:00,27.269001,78.58065,1009.1408,8.049845,206.56499,1.2,97.0,55.0
2014-10-24 10:00:00+00:00,26.819,80.44146,1008.44055,5.3517847,222.27362,0.4,99.0,51.0
2014-10-24 11:00:00+00:00,26.569,80.89699,1007.9404,3.6,233.13002,0.5,98.0,53.0
2014-10-24 12:00:00+00:00,26.369001,82.10479,1008.8397,2.6208394,195.94547,0.1,100.0,51.0
2014-10-24 13:00:00+00:00,26.019001,85.353905,1009.4388,3.7064266,209.0545,0.0,100.0,3.0
2014-10-24 14:00:00+00:00,26.269001,81.59705,1010.83844,3.396233,237.99466,0.0,99.0,3.0
2014-10-24 15:00:00+00:00,25.619001,86.61314,1011.7371,3.2399998,270.0,0.0,96.0,3.0
2014-10-24 16:00:00+00:00,25.069,90.03513,1012.3359,3.2599385,276.3401,0.0,94.0,3.0
2014-10-24 17:00:00+00:00,24.769001,90.83419,1012.03577,4.198285,300.96368,0.0,91.0,3.0
2014-10-24 18:00:00+00:00,24.519001,91.92363,1011.63556,1.9386592,338.19852,0.1,54.0,51.0
2014-10-24 19:00:00+00:00,25.319,85.02462,1011.33704,0.5091169,315.0001,0.0,58.0,2.0
2014-10-24 20:00:00+00:00,24.619001,88.38042,1010.43616,2.7416782,23.198618,0.0,54.0,2.0
2014-10-24 21:00:00+00:00,23.869001,92.72665,1010.03534,3.7064266,29.054508,0.0,55.0,2.0
2014-10-24 22:00:00+00:00,23.969,91.61304,1009.5356,4.452954,14.036275,0.0,77.0,2.0
2014-10-24 23:00:00+00:00,24.369001,88.89889,1009.2363,4.39436,34.9921,0.0,90.0,3.0
2014-10-25 00:00:00+00:00,24.219,89.97473,1009.63586,4.1046314,52.124958,0.0,96.0,3.0
2014-10-25 01:00:00+00:00,23.969,92.45109,1010.5351,3.7064266,29.054508,0.0,100.0,3.0
2014-10-25 02:00:00+00:00,25.369001,87.11542,1011.5369,3.8939953,33.6901,0.0,96.0,3.0
2014-10-25 03:00:00+00:00,26.269001,80.12581,1012.1379,2.1897945,350.53775,0.0,96.0,3.0
2014-10-25 04:00:00+00:00,26.719,76.85119,1012.83813,2.4149535,296.56497,0.0,82.0,3.0
2014-10-25 05:00:00+00:00,27.219,74.626305,1012.7392,3.319036,282.5288,0.4,73.0,51.0
2014-10-25 06:00:00+00:00,27.519001,74.67517,1011.74,3.0758414,249.44386,2.0,82.0,61.0
2014-10-25 07:00:00+00:00,28.569,72.18333,1010.742,4.896529,252.89719,0.0,93.0,3.0
2014-10-25 08:00:00+00:00,28.269001,74.122284,1009.84204,8.225035,246.80139,0.2,98.0,51.0
2014-10-25 09:00:00+00:00,27.819,75.86275,1008.9419,6.3690495,227.29063,1.0,100.0,55.0
2014-10-25 10:00:00+00:00,27.519001,78.37919,1008.2416,8.12197,257.19574,0.0,100.0,3.0
2014-10-25 11:00:00+00:00,27.369001,78.59477,1008.1416,6.4799995,270.0,0.0,97.0,3.0
2014-10-25 12:00:00+00:00,27.219,79.28886,1009.2408,5.771239,273.57626,0.1,97.0,51.0
2014-10-25 13:00:00+00:00,26.569,81.88125,1009.83954,5.6002855,315.0001,0.0,97.0,3.0
2014-10-25 14:00:00+00:00,26.219,83.589874,1010.7385,4.379589,350.53775,0.2,99.0,51.0
2014-10-25 15:00:00+00:00,26.119001,84.08539,1011.53815,4.802999,12.99463,0.0,99.0,3.0
2014-10-25 16:00:00+00:00,25.819,85.591934,1011.9374,5.154415,24.775122,0.0,94.0,3.0
2014-10-25 17:00:00+00:00,25.669,86.35655,1011.83704,5.00128,30.256361,0.0,86.0,3.0
2014-10-25 18:00:00+00:00,25.469,87.38808,1012.13666,4.510787,28.610369,0.0,89.0,3.0
2014-10-25 19:00:00+00:00,25.419,87.6481,1011.437,4.3498964,24.443953,0.0,84.0,3.0
2014-10-25 20:00:00+00:00,24.919,90.570114,1011.03644,3.671294,11.3098955,0.0,91.0,3.0
2014-10-25 21:00:00+00:00,24.719,91.10592,1010.4365,3.319036,12.528798,0.0,98.0,3.0
2014-10-25 22:00:00+00:00,24.569,91.37236,1010.63605,5.506941,11.3098955,0.0,100.0,3.0
2014-10-25 23:00:00+00:00,24.569,91.096375,1010.736,5.4833565,23.198618,0.0,100.0,3.0
2014-10-26 00:00:00+00:00,24.519001,91.093155,1011.1358,5.4833565,23.198618,0.0,100.0,3.0
2014-10-26 01:00:00+00:00,24.519001,91.369255,1011.73553,5.0142193,21.037588,0.0,99.0,3.0
2014-10-26 02:00:00+00:00,25.619001,88.195694,1012.73663,5.0142193,21.037588,0.0,99.0,3.0
2014-10-26 03:00:00+00:00,26.769001,81.65892,1013.4383,4.6938252,4.398633,0.0,100.0,3.0
2014-10-26 04:00:00+00:00,27.719,76.30715,1013.9394,4.802999,347.00537,0.0,100.0,3.0
2014-10-26 05:00:00+00:00,28.469,72.16581,1013.5408,4.198285,329.03632,0.0,94.0,3.0
2014-10-26 06:00:00+00:00,28.969,70.956276,1012.8417,2.2768397,288.43503,0.0,87.0,3.0
2014-10-26 07:00:00+00:00,29.619001,67.724625,1011.3433,4.6938257,237.52882,0.0,60.0,2.0
2014-10-26 08:00:00+00:00,29.619001,68.963905,1010.14386,7.653705,221.18582,0.7,59.0,53.0
2014-10-26 09:00:00+00:00,28.369001,73.692345,1010.042,10.365251,159.67677,3.4,91.0,63.0
2014-10-26 10:00:00+00:00,28.119001,74.54691,1009.54193,6.8777895,132.87889,0.0,89.0,3.0
2014-10-26 11:00:00+00:00,27.819,76.5533,1008.8419,7.2,143.13002,0.0,77.0,2.0
2014-10-26 12:00:00+00:00,27.719,77.70189,1009.8412,4.896529,162.89719,0.0,77.0,2.0
2014-10-26 13:00:00+00:00,27.319,80.50662,1010.7401,4.6938252,184.39862,0.0,68.0,2.0
2014-10-26 14:00:00+00:00,26.969,82.673325,1011.5395,5.3517847,199.65392,0.0,62.0,2.0
2014-10-26 15:00:00+00:00,26.819,83.90879,1012.7386,5.6920996,198.43504,0.0,56.0,2.0
2014-10-26 16:00:00+00:00,26.619001,85.15805,1013.138,5.0911684,171.86998,0.0,58.0,2.0
2014-10-26 17:00:00+00:00,25.919,85.86064,1013.63684,3.396233,147.99466,2.1,95.0,61.0
2014-10-26 18:00:00+00:00,25.219,89.50413,1013.33575,4.3349743,94.76356,1.4,95.0,61.0
2014-10-26 19:00:00+00:00,24.619001,91.099525,1013.23486,3.219938,26.564985,1.3,94.0,61.0
2014-10-26 20:00:00+00:00,24.319,92.1907,1012.3349,3.4152596,18.435053,1.7,94.0,61.0
2014-10-26 21:00:00+00:00,24.219,91.90619,1012.0348,4.0249224,10.304792,1.7,96.0,61.0
2014-10-26 22:00:00+00:00,24.169,91.07084,1011.53503,3.2399998,360.0,1.0,81.0,55.0
2014-10-26 23:00:00+00:00,24.019001,90.50938,1011.83453,5.00128,30.256361,1.0,99.0,55.0
2014-10-27 00:00:00+00:00,23.919,89.679756,1012.0344,5.495161,58.392544,0.3,85.0,51.0
2014-10-27 01:00:00+00:00,24.019001,89.14254,1012.43427,5.6233797,50.194473,0.0,69.0,2.0
2014-10-27 02:00:00+00:00,24.919,86.02347,1013.2355,5.506941,11.3098955,0.0,90.0,3.0
2014-10-27 03:00:00+00:00,26.019001,80.82634,1013.9367,5.4477882,7.59456,0.0,70.0,2.0
2014-10-27 04:00:00+00:00,26.869001,78.762344,1013.93805,4.6102495,51.34017,0.0,38.0,1.0
2014-10-27 05:00:00+00:00,27.619001,77.21965,1013.63947,2.3051248,38.65983,0.0,21.0,1.0
2014-10-27 06:00:00+00:00,27.969,76.34555,1012.9404,2.5455842,261.87,0.2,17.0,51.0
2014-10-27 07:00:00+00:00,28.069,75.90173,1011.641,6.439876,243.43501,2.9,49.0,63.0
2014-10-27 08:00:00+00:00,27.469,77.19734,1011.04034,8.39657,239.0363,3.7,82.0,63.0
2014-10-27 09:00:00+00:00,27.369001,78.357834,1010.1407,8.714677,218.2902,0.9,88.0,53.0
2014-10-27 10:00:00+00:00,26.969,80.46103,1010.04016,5.2416787,195.94547,2.0,82.0,61.0
2014-10-27 11:00:00+00:00,27.019001,79.50134,1009.5404,3.5455887,203.9625,0.9,74.0,53.0
2014-10-27 12:00:00+00:00,26.619001,80.659004,1010.1394,2.6208394,254.05453,0.5,75.0,53.0
2014-10-27 13:00:00+00:00,25.969,84.323685,1010.6382,2.9024127,330.25522,0.4,33.0,51.0
2014-10-27 14:00:00+00:00,25.519001,86.34234,1011.63715,5.315336,331.69934,0.7,16.0,53.0
2014-10-27 15:00:00+00:00,25.369001,86.58984,1012.6364,5.2416787,344.05453,0.2,23.0,51.0
2014-10-27 16:00:00+00:00,25.119001,87.35718,1013.13586,5.0528407,355.91446,0.0,16.0,0.0
2014-10-27 17:00:00+00:00,24.919,88.6731,1012.9356,5.04,360.0,0.0,21.0,1.0
2014-10-27 18:00:00+00:00,24.469,91.92074,1012.63477,4.6938252,4.398633,0.0,23.0,1.0
2014-10-27 19:00:00+00:00,24.619001,91.37544,1012.2353,3.9763298,354.80566,0.0,34.0,1.0
2014-10-27 20:00:00+00:00,24.369001,92.4728,1011.5353,6.489992,340.55988,0.8,41.0,53.0
2014-10-27 21:00:00+00:00,23.919,93.860504,1010.93494,5.6920996,341.56494,1.1,40.0,55.0
2014-10-27 22:00:00+00:00,24.119001,91.90036,1011.1352,6.924738,351.02744,0.4,89.0,51.0
2014-10-27 23:00:00+00:00,24.219,92.18508,1011.1352,8.049845,349.69522,0.3,99.0,51.0
2014-10-28 00:00:00+00:00,24.419,90.53644,1011.43536,7.928178,2.6025116,0.0,60.0,2.0
2014-10-28 01:00:00+00:00,24.369001,91.08359,1011.73517,8.350138,7.4313188,0.0,57.0,2.0
2014-10-28 02:00:00+00:00,25.119001,88.68905,1012.33624,9.422101,6.581848,0.0,51.0,2.0
2014-10-28 03:00:00+00:00,26.119001,83.83171,1012.7376,8.350138,7.4313188,0.0,35.0,1.0
2014-10-28 04:00:00+00:00,26.869001,81.425316,1012.7386,5.771239,356.42374,0.0,14.0,0.0
2014-10-28 05:00:00+00:00,27.419,80.5196,1012.4397,2.3051248,308.65982,0.0,9.0,0.0
2014-10-28 06:00:00+00:00,27.969,80.10918,1011.641,4.5536795,251.56496,0.0,18.0,0.0
2014-10-28 07:00:00+00:00,28.469,76.42204,1010.642,7.5170207,253.30067,0.0,72.0,2.0
2014-10-28 08:00:00+00:00,28.169,77.301216,1009.442,8.825508,258.23172,2.1,60.0,61.0
2014-10-28 09:00:00+00:00,27.519001,79.32995,1008.8413,9.0,253.73972,3.0,74.0,63.0
2014-10-28 10:00:00+00:00,27.619001,80.06289,1008.14197,7.9932976,277.76508,0.1,81.0,51.0
2014-10-28 11:00:00+00:00,27.369001,80.51309,1008.34155,9.0,286.26028,2.0,80.0,61.0
2014-10-28 12:00:00+00:00,26.819,79.715,1009.63995,5.634891,296.56497,2.7,80.0,63.0
2014-10-28 13:00:00+00:00,26.019001,82.81194,1010.2384,4.8965297,306.02747,1.0,82.0,55.0
2014-10-28 14:00:00+00:00,25.169,87.89205,1011.23676,3.2599385,353.6599,0.5,86.0,53.0
2014-10-28 15:00:00+00:00,25.069,87.35276,1012.2359,4.829907,26.564985,0.0,82.0,3.0
2014-10-28 16:00:00+00:00,25.019001,87.08388,1012.6357,5.4833565,23.198618,0.0,93.0,3.0
2014-10-28 17:00:00+00:00,24.919,87.07488,1012.3359,4.6102495,38.65983,0.0,66.0,2.0
2014-10-28 18:00:00+00:00,24.869001,87.07034,1011.8358,4.198285,30.963696,0.0,67.0,2.0
2014-10-28 19:00:00+00:00,25.269001,87.90056,1011.3367,4.452954,14.036275,0.0,82.0,3.0
2014-10-28 20:00:00+00:00,25.219,86.83856,1010.53705,4.6938252,4.398633,0.1,75.0,51.0
2014-10-28 21:00:00+00:00,24.969,87.609146,1010.5367,5.0911684,351.87,0.7,74.0,53.0
2014-10-28 22:00:00+00:00,24.519001,88.91064,1010.736,6.6185193,337.6198,0.5,84.0,53.0
2014-10-28 23:00:00+00:00,24.469,88.63707,1010.93555,6.830519,341.56494,0.3,85.0,51.0
2014-10-29 00:00:00+00:00,24.419,88.633064,1011.3353,7.69592,349.21573,0.2,87.0,51.0
2014-10-29 01:00:00+00:00,24.419,89.44445,1011.73517,6.2145634,349.99207,0.0,85.0,3.0
2014-10-29 02:00:00+00:00,24.969,88.40906,1012.83563,6.792466,327.99466,0.1,77.0,51.0
2014-10-29 03:00:00+00:00,25.519001,86.60384,1013.1364,8.0899935,327.72437,0.4,75.0,51.0
2014-10-29 04:00:00+00:00,26.319,84.87133,1013.03784,8.12197,347.19574,0.2,96.0,51.0
2014-10-29 05:00:00+00:00,26.919,82.91659,1012.4387,8.225035,336.8014,0.0,100.0,3.0
2014-10-29 06:00:00+00:00,27.569,80.29738,1011.74036,7.9932966,305.83774,0.0,94.0,3.0
2014-10-29 07:00:00+00:00,28.419,74.821,1010.24225,9.178235,281.3099,0.0,98.0,3.0
2014-10-29 08:00:00+00:00,27.619001,76.52281,1009.6413,9.007196,272.29056,2.8,98.0,63.0
2014-10-29 09:00:00+00:00,27.619001,78.63,1008.74176,8.350138,277.4313,0.0,98.0,3.0
2014-10-29 10:00:00+00:00,27.619001,79.3436,1008.3419,8.825508,281.76825,0.1,98.0,51.0
2014-10-29 11:00:00+00:00,27.369001,76.71661,1008.4415,8.587338,303.02386,1.3,76.0,61.0
2014-10-29 12:00:00+00:00,26.469,81.62183,1009.0397,5.2416787,344.05453,1.7,84.0,61.0
2014-10-29 13:00:00+00:00,25.619001,86.61314,1009.73804,4.3349743,4.763556,1.3,92.0,61.0
2014-10-29 14:00:00+00:00,25.069,89.22297,1010.6366,3.319036,12.528798,1.5,99.0,61.0
2014-10-29 15:00:00+00:00,24.769001,89.74187,1011.6359,2.4149535,26.564985,1.3,93.0,61.0
2014-10-29 16:00:00+00:00,24.219,94.44282,1011.8349,2.5959969,33.6901,1.3,81.0,61.0
2014-10-29 17:00:00+00:00,24.069,93.300705,1011.83453,3.0758414,20.556128,0.7,93.0,53.0
2014-10-29 18:00:00+00:00,24.569,87.57434,1011.63556,3.0547013,44.999897,0.0,100.0,3.0
2014-10-29 19:00:00+00:00,24.069,91.61907,1010.93494,4.5820518,44.999897,1.5,100.0,61.0
2014-10-29 20:00:00+00:00,23.569,94.70333,1010.2347,5.1165614,39.289394,1.2,100.0,55.0
2014-10-29 21:00:00+00:00,23.469,94.69944,1009.7349,6.3690495,42.709366,0.9,99.0,53.0
2014-10-29 22:00:00+00:00,23.719,91.319595,1009.1355,9.227524,20.556128,0.5,100.0,53.0
2014-10-29 23:00:00+00:00,23.869001,89.67605,1009.0358,8.905908,14.036275,0.0,100.0,3.0
2014-10-30 00:00:00+00:00,23.919,89.95329,1009.2357,7.342588,11.3098955,0.0,100.0,3.0
2014-10-30 01:00:00+00:00,23.869001,91.051605,1009.9354,5.3517847,19.653913,0.0,100.0,3.0
2014-10-30 02:00:00+00:00,24.769001,88.125,1011.0362,4.3349743,41.63345,0.0,100.0,3.0
2014-10-30 03:00:00+00:00,25.519001,84.53118,1011.7371,4.6800003,67.3801,0.3,100.0,51.0
2014-10-30 04:00:00+00:00,26.019001,81.31879,1012.3374,5.3999996,90.0,0.2,100.0,51.0
2014-10-30 05:00:00+00:00,26.219,80.60715,1011.938,4.510787,118.61037,0.2,100.0,51.0
2014-10-30 06:00:00+00:00,26.319,81.11038,1011.3386,4.6800003,157.3801,0.9,100.0,53.0
2014-10-30 07:00:00+00:00,26.669,78.495705,1010.3393,6.519877,186.3401,0.4,100.0,51.0
2014-10-30 08:00:00+00:00,26.319,80.620125,1009.5394,8.12197,192.80426,0.4,100.0,51.0
2014-10-30 09:00:00+00:00,26.269001,80.85849,1008.9394,11.013882,191.30989,0.5,100.0,53.0
2014-10-30 10:00:00+00:00,26.069,82.8178,1008.7391,12.758432,196.38962,0.4,100.0,51.0
2014-10-30 11:00:00+00:00,26.069,82.068474,1009.3388,9.565437,199.79897,0.2,100.0,51.0
2014-10-30 12:00:00+00:00,25.869001,82.54366,1009.43854,6.9527545,201.25058,0.2,100.0,51.0
2014-10-30 13:00:00+00:00,25.619001,84.03081,1009.73804,4.3349743,228.36655,0.0,100.0,3.0
2014-10-30 14:00:00+00:00,25.069,89.7637,1010.6366,6.1305785,220.23628,0.0,99.0,3.0
2014-10-30 15:00:00+00:00,25.619001,84.28598,1011.3373,5.904439,232.43134,0.0,100.0,3.0
2014-10-30 16:00:00+00:00,25.519001,84.78787,1012.037,6.193674,234.46223,0.0,100.0,3.0
2014-10-30 17:00:00+00:00,24.519001,90.26927,1012.2353,4.2136917,199.9832,0.0,100.0,3.0
2014-10-30 18:00:00+00:00,24.319,89.98188,1011.6352,2.5455842,171.86998,0.3,100.0,51.0
2014-10-30 19:00:00+00:00,23.619001,94.13238,1011.634,1.5273507,224.9999,0.7,100.0,53.0
2014-10-30 20:00:00+00:00,23.369001,93.55084,1010.3342,1.5273507,224.9999,1.0,100.0,55.0
2014-10-30 21:00:00+00:00,23.069,97.01523,1009.7343,2.9024127,187.12492,0.5,100.0,53.0
2014-10-30 22:00:00+00:00,22.969,97.30817,1009.83386,2.968636,194.03627,0.7,100.0,53.0
2014-10-30 23:00:00+00:00,23.019001,96.71986,1009.2342,1.1384199,108.43504,1.1,100.0,55.0
2014-10-31 00:00:00+00:00,23.419,92.70291,1009.73456,3.319036,40.601215,0.1,97.0,51.0
2014-10-31 01:00:00+00:00,23.119001,94.397995,1010.2341,4.510787,28.610369,0.0,96.0,3.0
2014-10-31 02:00:00+00:00,24.169,89.69808,1010.9353,5.315336,28.30066,0.0,98.0,3.0
2014-10-31 03:00:00+00:00,25.469,84.782646,1011.6369,2.9024127,352.87506,0.0,80.0,3.0
2014-10-31 04:00:00+00:00,26.419,80.38908,1012.13824,4.1046314,254.74483,0.0,61.0,2.0
2014-10-31 05:00:00+00:00,26.919,79.247635,1011.839,6.638072,229.39879,0.0,55.0,2.0
2014-10-31 06:00:00+00:00,27.419,77.189865,1011.24023,6.638072,229.39879,1.2,70.0,55.0
2014-10-31 07:00:00+00:00,26.669,83.137764,1010.4393,6.489992,213.6901,0.3,86.0,51.0
2014-10-31 08:00:00+00:00,27.019001,83.930664,1009.6403,6.0347,197.35411,0.4,89.0,51.0
2014-10-31 09:00:00+00:00,26.869001,83.91425,1008.64044,6.9247384,207.89717,0.5,96.0,53.0
2014-10-31 10:00:00+00:00,26.269001,83.84825,1008.73944,9.085988,213.6901,2.1,99.0,61.0
2014-10-31 11:00:00+00:00,25.919,84.573654,1008.7391,4.6102495,218.65984,1.0,100.0,55.0
2014-10-31 12:00:00+00:00,25.269001,85.2779,1009.63745,1.484318,165.96373,2.1,100.0,61.0
2014-10-31 13:00:00+00:00,24.419,92.47553,1009.83606,1.5273507,135.0001,1.1,99.0,55.0
2014-10-31 14:00:00+00:00,24.119001,95.58649,1010.43555,1.8,143.13002,1.0,99.0,55.0
2014-10-31 15:00:00+00:00,24.019001,96.162094,1010.93494,2.0364676,135.0001,0.5,98.0,53.0
2014-10-31 16:00:00+00:00,23.769001,96.44614,1011.1346,2.8116899,129.80553,0.3,100.0,51.0
2014-10-31 17:00:00+00:00,23.519001,96.14794,1011.1342,3.8268526,131.18582,0.2,100.0,51.0
2014-10-31 18:00:00+00:00,23.469,96.14653,1010.9344,4.1046314,127.875046,0.0,100.0,3.0
2014-10-31 19:00:00+00:00,23.869001,94.71488,1010.6351,3.396233,122.00535,0.0,100.0,3.0
2014-10-31 20:00:00+00:00,24.219,93.026115,1009.63586,3.4152596,108.43504,0.0,100.0,3.0
2014-10-31 21:00:00+00:00,24.069,93.300705,1008.8359,3.7064266,119.05451,0.0,98.0,3.0
2014-10-31 22:00:00+00:00,23.719,94.996506,1008.83563,2.968636,104.03627,0.0,99.0,3.0
2014-10-31 23:00:00+00:00,23.669,94.13452,1009.33545,4.3349743,131.63345,0.0,91.0,3.0
2014-11-01 00:00:00+00:00,24.319,90.25544,1010.03595,4.829907,153.43501,0.2,81.0,51.0
2014-11-01 01:00:00+00:00,23.719,94.709114,1010.6348,4.5536795,161.56496,0.2,41.0,51.0
2014-11-01 02:00:00+00:00,24.619001,90.54991,1011.2358,2.9024127,150.2552,0.2,48.0,51.0
2014-11-01 03:00:00+00:00,25.669,86.35655,1011.83704,3.6,143.13002,0.0,51.0,2.0
2014-11-01 04:00:00+00:00,26.119001,85.62176,1012.0379,4.452954,165.96373,0.0,63.0,2.0
2014-11-01 05:00:00+00:00,26.919,80.4545,1011.63904,5.0911684,188.13002,0.0,59.0,2.0
2014-11-01 06:00:00+00:00,26.569,81.88125,1011.2389,7.072878,194.7436,1.3,72.0,61.0
2014-11-01 07:00:00+00:00,27.019001,76.66343,1010.04016,9.511088,209.4758,2.3,91.0,61.0
2014-11-01 08:00:00+00:00,26.769001,78.27213,1009.4401,11.298495,202.47948,0.9,94.0,53.0
2014-11-01 09:00:00+00:00,26.669,80.42182,1008.94,9.346143,195.6423,0.4,89.0,51.0
2014-11-01 10:00:00+00:00,26.619001,79.687965,1008.04034,8.647496,182.3859,0.6,87.0,53.0
2014-11-01 11:00:00+00:00,26.319,81.11038,1008.63983,7.5685663,177.27374,1.1,56.0,55.0
2014-11-01 12:00:00+00:00,25.369001,85.02976,1009.138,6.519877,186.3401,1.7,60.0,61.0
2014-11-01 13:00:00+00:00,24.869001,88.669106,1010.33655,5.3999996,180.0,0.8,69.0,53.0
2014-11-01 14:00:00+00:00,24.119001,94.724525,1011.23517,5.771239,183.57626,0.5,58.0,53.0
2014-11-01 15:00:00+00:00,24.019001,94.720695,1012.5342,6.489992,199.44012,0.2,58.0,51.0
2014-11-01 16:00:00+00:00,23.719,95.57352,1012.7339,4.6800003,202.6199,0.2,57.0,51.0
2014-11-01 17:00:00+00:00,23.519001,96.14794,1013.2333,4.2136917,199.9832,0.3,87.0,51.0
2014-11-01 18:00:00+00:00,23.719,95.284645,1012.6339,1.2979984,236.3099,0.7,94.0,53.0
2014-11-01 19:00:00+00:00,23.319,95.85101,1011.93353,2.0991426,239.0363,0.4,92.0,51.0
2014-11-01 20:00:00+00:00,23.269001,96.140854,1011.4338,1.835647,191.30989,0.6,93.0,53.0
2014-11-01 21:00:00+00:00,23.419,94.69748,1010.934,0.8049845,153.43501,0.4,95.0,51.0
2014-11-01 22:00:00+00:00,23.319,95.270775,1009.93445,4.3349743,41.63345,0.2,95.0,51.0
2014-11-01 23:00:00+00:00,23.169,96.13799,1010.2341,3.8773184,21.801476,0.1,99.0,51.0
2014-11-02 00:00:00+00:00,23.669,90.210106,1010.5349,4.32,360.0,0.0,97.0,3.0
2014-11-02 01:00:00+00:00,23.319,94.693634,1011.3338,4.2136917,340.0168,0.0,99.0,3.0
2014-11-02 02:00:00+00:00,24.869001,86.2805,1012.23566,3.563818,315.0001,0.0,100.0,3.0
2014-11-02 03:00:00+00:00,25.519001,83.25795,1013.0365,3.9763298,275.19434,0.0,98.0,3.0
2014-11-02 04:00:00+00:00,26.419,79.90299,1013.4377,5.5887027,284.93146,0.0,92.0,3.0
2014-11-02 05:00:00+00:00,26.969,79.9765,1013.2387,6.297428,300.96368,0.0,81.0,3.0
2014-11-02 06:00:00+00:00,27.369001,80.271095,1012.1398,7.10031,300.46545,0.0,100.0,3.0
2014-11-02 07:00:00+00:00,27.269001,81.4751,1010.94,9.47012,278.74606,0.3,99.0,51.0
2014-11-02 08:00:00+00:00,27.169,81.95434,1009.64056,10.739833,283.57043,2.5,85.0,63.0
2014-11-02 09:00:00+00:00,27.219,82.45454,1009.0409,8.557102,292.24908,1.3,96.0,61.0
2014-11-02 10:00:00+00:00,27.119001,82.9397,1008.241,6.151683,290.55612,0.8,96.0,53.0
2014-11-02 11:00:00+00:00,26.769001,83.90327,1008.3406,5.8603754,280.6196,1.2,99.0,55.0
2014-11-02 12:00:00+00:00,26.419,83.10911,1009.1396,6.4799995,270.0,1.6,98.0,61.0
2014-11-02 13:00:00+00:00,26.069,82.8178,1010.2384,5.5887027,255.06853,1.6,99.0,61.0
2014-11-02 14:00:00+00:00,25.269001,90.04927,1011.23676,3.096837,305.53775,0.0,98.0,3.0
2014-11-02 15:00:00+00:00,25.369001,89.7854,1012.33655,2.16,360.0,0.0,98.0,3.0
2014-11-02 16:00:00+00:00,25.169,90.58688,1012.53613,3.96,360.0,0.1,95.0,51.0
2014-11-02 17:00:00+00:00,25.119001,90.038666,1012.33624,4.32,360.0,0.0,90.0,3.0
2014-11-02 18:00:00+00:00,24.969,90.30042,1011.83606,3.319036,12.528798,0.0,92.0,3.0
2014-11-02 19:00:00+00:00,24.669,93.04874,1011.3357,3.0758414,20.556128,0.0,98.0,3.0
2014-11-02 20:00:00+00:00,24.919,90.84399,1010.43677,2.1897945,9.462248,0.0,99.0,3.0
2014-11-02 21:00:00+00:00,24.519001,92.76072,1009.9364,2.52,360.0,0.0,99.0,3.0
2014-11-02 22:00:00+00:00,24.169,94.15584,1009.73584,1.8,360.0,0.0,97.0,3.0
2014-11-02 23:00:00+00:00,23.769001,95.28632,1009.9352,1.4399999,360.0,0.0,75.0,2.0
2014-11-03 00:00:00+00:00,24.419,91.64007,1010.5357,0.71999997,90.0,0.2,66.0,51.0
2014-11-03 01:00:00+00:00,23.519001,95.85707,1011.33417,3.319036,130.60121,0.3,64.0,51.0
2014-11-03 02:00:00+00:00,25.119001,92.791954,1012.23627,2.1897945,170.53775,0.3,90.0,51.0
2014-11-03 03:00:00+00:00,25.519001,87.39249,1013.43634,3.5455887,246.0375,0.2,99.0,51.0
2014-11-03 04:00:00+00:00,26.719,81.89958,1013.8377,5.1544156,257.90524,0.0,98.0,3.0
2014-11-03 05:00:00+00:00,27.169,80.73,1013.23895,7.072878,255.2564,0.0,99.0,3.0
2014-11-03 06:00:00+00:00,26.719,82.39517,1012.5383,9.0645685,263.15732,3.8,97.0,63.0
2014-11-03 07:00:00+00:00,26.719,83.6457,1011.33887,10.538843,262.1468,1.7,98.0,61.0
2014-11-03 08:00:00+00:00,26.569,85.666306,1010.63916,10.495713,264.09396,0.6,100.0,53.0
2014-11-03 09:00:00+00:00,25.969,84.83491,1010.1384,11.885453,271.73566,2.3,100.0,61.0
2014-11-03 10:00:00+00:00,25.119001,86.56648,1009.9374,10.086427,272.04535,4.3,100.0,63.0
2014-11-03 11:00:00+00:00,24.519001,91.369255,1009.9364,8.427383,289.9832,1.5,100.0,61.0
2014-11-03 12:00:00+00:00,24.019001,94.43468,1010.83496,5.506941,348.6901,1.4,100.0,61.0
2014-11-03 13:00:00+00:00,24.019001,94.43468,1011.2348,6.87779,353.9911,1.0,100.0,55.0
2014-11-03 14:00:00+00:00,24.069,93.86721,1012.13434,5.815978,338.19852,0.7,100.0,53.0
2014-11-03 15:00:00+00:00,24.019001,94.149445,1012.83405,5.154415,335.22488,0.6,100.0,53.0
2014-11-03 16:00:00+00:00,24.019001,94.43468,1013.034,3.2599385,353.6599,0.7,100.0,53.0
2014-11-03 17:00:00+00:00,23.969,94.71878,1012.73413,2.5455842,351.87,0.7,100.0,53.0
2014-11-03 18:00:00+00:00,23.919,95.29153,1012.2344,2.7416782,336.8014,0.7,100.0,53.0
2014-11-03 19:00:00+00:00,24.019001,95.583244,1011.83453,4.2136917,340.0168,0.6,100.0,53.0
2014-11-03 20:00:00+00:00,24.069,94.72265,1010.73505,4.0249224,349.69522,0.7,100.0,53.0
2014-11-03 21:00:00+00:00,24.019001,93.58123,1010.2353,5.815978,338.19852,0.3,98.0,51.0
2014-11-03 22:00:00+00:00,24.269001,91.07721,1010.3356,6.4096174,321.8427,0.0,100.0,3.0
2014-11-03 23:00:00+00:00,24.469,88.09992,1010.13586,8.217153,331.1893,0.0,100.0,3.0
2014-11-04 00:00:00+00:00,24.469,88.09992,1010.73566,7.289444,339.77505,0.0,100.0,3.0
2014-11-04 01:00:00+00:00,24.519001,88.1041,1011.63556,6.151683,339.44388,0.0,99.0,3.0
2014-11-04 02:00:00+00:00,24.869001,87.60045,1012.4356,6.489992,340.55988,0.0,100.0,3.0
2014-11-04 03:00:00+00:00,25.469,85.29822,1013.03625,6.6087217,330.64233,0.0,100.0,3.0
2014-11-04 04:00:00+00:00,26.119001,82.8236,1013.6372,7.386582,316.9749,0.0,100.0,3.0
2014-11-04 05:00:00+00:00,26.369001,81.85679,1013.5376,9.793059,306.02747,0.2,99.0,51.0
2014-11-04 06:00:00+00:00,26.169,82.08059,1012.63763,11.609651,299.74478,0.4,100.0,51.0
2014-11-04 07:00:00+00:00,26.769001,79.70823,1011.5391,11.753877,297.3498,0.1,98.0,51.0
2014-11-04 08:00:00+00:00,26.769001,80.19204,1010.7395,11.609651,299.74478,0.1,99.0,51.0
2014-11-04 09:00:00+00:00,26.769001,79.46731,1010.23975,11.923557,298.88647,0.2,100.0,51.0
2014-11-04 10:00:00+00:00,26.419,80.63307,1010.0392,9.085988,303.6901,0.6,100.0,53.0
2014-11-04 11:00:00+00:00,26.219,81.59084,1010.1388,7.9932966,305.83774,0.6,100.0,53.0
2014-11-04 12:00:00+00:00,25.419,86.33285,1010.8373,7.10031,300.46545,0.9,100.0,53.0
2014-11-04 13:00:00+00:00,25.119001,87.092896,1011.63654,6.6185193,292.3802,0.9,100.0,53.0
2014-11-04 14:00:00+00:00,24.819,89.2039,1012.4356,6.830519,288.43503,0.6,100.0,53.0
2014-11-04 15:00:00+00:00,24.969,87.87506,1013.2355,7.172949,287.52567,0.0,100.0,3.0
2014-11-04 16:00:00+00:00,25.019001,87.8793,1013.7352,7.4128532,299.0545,0.0,100.0,3.0
2014-11-04 17:00:00+00:00,25.019001,88.14585,1013.9352,6.8777895,317.1211,0.0,99.0,3.0
2014-11-04 18:00:00+00:00,24.969,87.87506,1013.83514,7.386582,316.9749,0.1,82.0,51.0
2014-11-04 19:00:00+00:00,24.419,92.75549,1013.6343,7.928177,309.47244,0.4,99.0,51.0
2014-11-04 20:00:00+00:00,24.269001,92.747635,1012.43463,8.78872,304.9921,0.0,98.0,3.0
2014-11-04 21:00:00+00:00,24.319,91.91204,1012.13495,9.178235,311.82007,0.0,95.0,3.0
2014-11-04 22:00:00+00:00,24.169,91.62505,1011.23517,10.233123,320.7106,0.1,95.0,51.0
2014-11-04 23:00:00+00:00,24.119001,92.45921,1011.63495,10.587918,324.6887,0.1,96.0,51.0
2014-11-05 00:00:00+00:00,24.219,90.79813,1012.1347,8.707237,330.25522,0.0,95.0,3.0
2014-11-05 01:00:00+00:00,24.419,89.44445,1012.73474,8.707237,330.25522,0.0,99.0,3.0
2014-11-05 02:00:00+00:00,24.769001,88.392685,1013.5351,9.021574,331.38962,0.0,100.0,3.0
2014-11-05 03:00:00+00:00,25.669,84.29136,1014.4359,9.504272,322.69595,0.0,100.0,3.0
2014-11-05 04:00:00+00:00,26.519001,81.13573,1014.6371,11.966954,316.2188,0.0,100.0,3.0
2014-11-05 05:00:00+00:00,27.419,77.189865,1014.13885,13.783817,310.76352,0.1,100.0,51.0
2014-11-05 06:00:00+00:00,27.669,76.53044,1013.3396,14.4,306.86996,0.2,100.0,51.0
2014-11-05 07:00:00+00:00,27.919,75.878334,1012.24036,14.654254,297.824,0.2,100.0,51.0
2014-11-05 08:00:00+00:00,28.119001,77.06157,1011.4411,15.256526,289.29013,0.0,100.0,3.0
2014-11-05 09:00:00+00:00,27.519001,78.37919,1010.6405,13.708391,293.1986,0.4,93.0,51.0
2014-11-05 10:00:00+00:00,27.369001,79.54889,1009.7409,11.753877,297.3498,0.0,82.0,3.0
2014-11-05 11:00:00+00:00,27.069,81.20522,1009.7403,14.336861,298.49554,0.0,86.0,3.0
2014-11-05 12:00:00+00:00,26.719,82.39517,1010.4393,12.879752,296.56497,0.0,97.0,3.0
2014-11-05 13:00:00+00:00,26.419,84.62649,1011.4386,11.4862,302.1957,0.1,100.0,51.0
2014-11-05 14:00:00+00:00,26.219,85.37407,1012.23785,10.009036,307.6943,0.0,99.0,3.0
2014-11-05 15:00:00+00:00,25.919,86.641045,1013.137,8.435069,309.8055,0.0,100.0,3.0
2014-11-05 16:00:00+00:00,25.619001,87.93017,1013.6362,7.6367526,315.0001,0.0,100.0,3.0
2014-11-05 17:00:00+00:00,25.369001,88.70895,1013.3361,7.386582,316.9749,0.0,100.0,3.0
2014-11-05 18:00:00+00:00,25.269001,88.969215,1013.23584,7.653705,318.81415,0.0,100.0,3.0
2014-11-05 19:00:00+00:00,25.519001,88.187416,1012.3368,7.9932966,324.16226,0.0,98.0,3.0
2014-11-05 20:00:00+00:00,25.269001,88.969215,1011.7365,7.4128532,330.9455,0.0,96.0,3.0
2014-11-05 21:00:00+00:00,25.069,89.7637,1011.4363,6.6185193,337.6198,0.0,96.0,3.0
2014-11-05 22:00:00+00:00,24.869001,90.2935,1011.0362,7.0911775,336.0375,0.0,72.0,2.0
2014-11-05 23:00:00+00:00,24.819,90.563416,1010.7364,7.628263,340.70987,0.0,100.0,3.0
2014-11-06 00:00:00+00:00,24.719,90.55667,1011.0362,7.8625183,344.05453,0.0,100.0,3.0
2014-11-06 01:00:00+00:00,24.469,92.199135,1011.43536,8.4042845,350.13425,0.0,100.0,3.0
2014-11-06 02:00:00+00:00,24.969,90.57348,1012.43585,8.4042845,350.13425,0.0,99.0,3.0
2014-11-06 03:00:00+00:00,25.819,86.37079,1013.2368,8.766573,340.8209,0.0,98.0,3.0
2014-11-06 04:00:00+00:00,26.619001,82.88178,1013.33795,9.0,323.13,0.0,93.0,3.0
2014-11-06 05:00:00+00:00,27.319,79.782295,1012.7392,10.799999,306.86996,0.0,97.0,3.0
2014-11-06 06:00:00+00:00,27.919,77.0317,1011.8405,12.074766,296.56497,0.0,99.0,3.0
2014-11-06 07:00:00+00:00,28.569,71.530975,1010.842,12.641076,289.9832,0.0,98.0,3.0
2014-11-06 08:00:00+00:00,28.619001,70.89282,1009.8428,12.768586,291.5015,0.1,95.0,51.0
2014-11-06 09:00:00+00:00,28.469,71.513115,1008.7429,12.57426,293.6294,0.0,98.0,3.0
2014-11-06 10:00:00+00:00,28.419,71.50418,1008.3431,11.440979,294.14554,0.0,98.0,3.0
2014-11-06 11:00:00+00:00,28.269001,71.91236,1008.2428,10.966713,293.1986,0.0,99.0,3.0
2014-11-06 12:00:00+00:00,27.819,74.49796,1008.8419,9.107359,288.43503,0.0,99.0,3.0
2014-11-06 13:00:00+00:00,27.069,78.7904,1009.8403,7.9932976,277.76508,0.0,79.0,2.0
2014-11-06 14:00:00+00:00,26.469,81.86904,1010.6389,7.5942073,275.44025,0.0,75.0,2.0
2014-11-06 15:00:00+00:00,26.169,83.83721,1011.43823,6.725354,285.52417,0.0,100.0,3.0
2014-11-06 16:00:00+00:00,26.069,84.58955,1012.0376,6.28713,293.6294,0.0,100.0,3.0
2014-11-06 17:00:00+00:00,25.819,85.85088,1012.23724,7.4128532,299.0545,0.0,99.0,3.0
2014-11-06 18:00:00+00:00,25.619001,86.61314,1012.037,6.8777895,312.8789,0.0,100.0,3.0
2014-11-06 19:00:00+00:00,25.269001,87.10642,1011.5366,6.439876,333.43503,0.0,100.0,3.0
2014-11-06 20:00:00+00:00,24.919,88.6731,1010.83655,7.8625183,344.05453,0.0,100.0,3.0
2014-11-06 21:00:00+00:00,24.669,89.19241,1010.1362,7.2805495,351.4693,0.0,100.0,3.0
2014-11-06 22:00:00+00:00,24.569,88.9146,1009.73645,6.130579,3.3664,0.0,99.0,3.0
2014-11-06 23:00:00+00:00,24.419,89.44445,1009.83606,6.130579,356.6336,0.0,99.0,3.0
2014-11-07 00:00:00+00:00,24.319,89.98188,1010.03595,6.12,360.0,0.0,93.0,3.0
2014-11-07 01:00:00+00:00,24.069,91.064445,1010.6351,5.0528407,4.085537,0.0,92.0,3.0
2014-11-07 02:00:00+00:00,24.569,91.096375,1011.3357,5.4119864,3.8140097,0.0,96.0,3.0
2014-11-07 03:00:00+00:00,25.719,85.58199,1012.03735,4.5536795,341.56494,0.0,13.0,0.0
2014-11-07 04:00:00+00:00,26.669,80.665474,1012.3384,4.0249224,296.56497,0.0,60.0,2.0
2014-11-07 05:00:00+00:00,27.569,76.053566,1012.14014,5.3999996,270.0,0.0,70.0,2.0
2014-11-07 06:00:00+00:00,28.019001,73.857025,1011.4411,6.87779,263.9911,0.0,65.0,2.0
2014-11-07 07:00:00+00:00,28.269001,71.69459,1010.44183,8.287822,267.5105,0.1,50.0,51.0
2014-11-07 08:00:00+00:00,28.319,71.703476,1009.64215,9.0,270.0,0.1,49.0,51.0
2014-11-07 09:00:00+00:00,28.219,71.68572,1008.8425,9.3669195,272.20255,0.0,16.0,0.0
2014-11-07 10:00:00+00:00,28.019001,72.74624,1008.04266,8.12197,282.80426,0.0,16.0,0.0
2014-11-07 11:00:00+00:00,27.819,73.37711,1008.3421,8.473393,282.26477,0.0,13.0,0.0
2014-11-07 12:00:00+00:00,27.369001,75.792336,1008.9413,7.5942073,275.44025,0.0,7.0,0.0
2014-11-07 13:00:00+00:00,26.769001,79.227,1009.54004,6.12,270.0,0.0,20.0,1.0
2014-11-07 14:00:00+00:00,26.269001,82.3415,1010.63855,5.4477882,262.40546,0.0,31.0,1.0
2014-11-07 15:00:00+00:00,25.719,85.84109,1011.4376,6.924738,261.02747,0.0,57.0,2.0
2014-11-07 16:00:00+00:00,25.419,86.59452,1012.13666,6.489992,266.82022,0.0,70.0,2.0
2014-11-07 17:00:00+00:00,25.169,87.3616,1012.33624,6.162207,263.29025,0.0,71.0,2.0
2014-11-07 18:00:00+00:00,24.969,87.609146,1012.43585,5.8603754,259.3804,0.0,66.0,2.0
2014-11-07 19:00:00+00:00,24.919,87.604774,1011.9361,5.771239,273.57626,0.0,71.0,2.0
2014-11-07 20:00:00+00:00,24.769001,87.858025,1011.13617,4.6102495,321.34018,0.0,79.0,2.0
2014-11-07 21:00:00+00:00,24.769001,87.59173,1010.63635,4.802999,347.00537,0.0,76.0,2.0
2014-11-07 22:00:00+00:00,24.819,87.862305,1010.33655,6.4799995,360.0,0.0,55.0,2.0
2014-11-07 23:00:00+00:00,24.669,88.65311,1010.43616,5.04,360.0,0.0,44.0,1.0
2014-11-08 00:00:00+00:00,24.469,89.99256,1010.8356,3.6179552,5.7105074,0.0,63.0,2.0
2014-11-08 01:00:00+00:00,24.469,89.99256,1011.0355,3.7585104,16.699326,0.0,72.0,2.0
2014-11-08 02:00:00+00:00,24.919,90.02452,1011.63617,3.7585104,16.699326,0.0,79.0,2.0
2014-11-08 03:00:00+00:00,26.219,82.086655,1012.0379,3.8939953,326.3099,0.0,82.0,3.0
2014-11-08 04:00:00+00:00,27.019001,78.0711,1012.539,5.315336,298.30066,0.0,84.0,3.0
2014-11-08 05:00:00+00:00,27.669,74.69955,1011.9403,6.2145634,280.0079,0.0,57.0,2.0
2014-11-08 06:00:00+00:00,28.019001,73.41092,1011.4411,8.12197,257.19574,0.0,36.0,1.0
2014-11-08 07:00:00+00:00,28.219,72.78073,1010.44183,11.165805,249.22766,0.1,34.0,51.0
2014-11-08 08:00:00+00:00,28.019001,73.63368,1009.7419,12.641076,250.0168,0.2,36.0,51.0
2014-11-08 09:00:00+00:00,27.969,73.62529,1009.1421,11.966954,254.29129,0.1,23.0,51.0
2014-11-08 10:00:00+00:00,27.769001,74.03951,1008.9419,10.823973,266.186,0.0,14.0,0.0
2014-11-08 11:00:00+00:00,27.519001,74.90209,1009.24115,9.726665,267.87894,0.0,22.0,1.0
2014-11-08 12:00:00+00:00,27.069,76.90405,1009.94025,7.2,270.0,0.0,49.0,1.0
2014-11-08 13:00:00+00:00,26.569,79.44,1010.9391,4.6938252,274.39862,0.0,23.0,1.0
2014-11-08 14:00:00+00:00,26.019001,83.063126,1011.9376,5.04,270.0,0.0,14.0,0.0
2014-11-08 15:00:00+00:00,25.569,85.82636,1012.8366,5.506941,281.3099,0.0,13.0,0.0
2014-11-08 16:00:00+00:00,25.269001,86.84314,1013.33575,6.297428,300.96368,0.0,5.0,0.0
2014-11-08 17:00:00+00:00,25.069,86.56184,1013.0355,5.8603754,312.5104,0.0,15.0,0.0
2014-11-08 18:00:00+00:00,25.469,83.50563,1012.93634,4.198285,329.03632,0.0,54.0,2.0
2014-11-08 19:00:00+00:00,25.419,83.246544,1012.4366,3.219938,333.43503,0.0,77.0,2.0
2014-11-08 20:00:00+00:00,25.119001,85.521996,1011.93646,2.9024127,352.87506,0.0,88.0,3.0
2014-11-08 21:00:00+00:00,24.169,90.51953,1011.23517,2.9024127,7.12493,0.0,93.0,3.0
2014-11-08 22:00:00+00:00,23.469,94.12596,1010.9344,2.2768397,18.435053,0.0,92.0,3.0
2014-11-08 23:00:00+00:00,23.369001,95.852516,1010.3342,4.6800003,22.61991,0.0,93.0,3.0
2014-11-09 00:00:00+00:00,23.369001,96.43562,1010.4342,5.8048253,29.744795,0.0,83.0,3.0
2014-11-09 01:00:00+00:00,23.369001,96.14367,1010.834,5.991594,32.73523,0.0,79.0,2.0
2014-11-09 02:00:00+00:00,24.169,93.5882,1011.7349,5.634891,26.564985,0.0,67.0,2.0
2014-11-09 03:00:00+00:00,25.419,86.33285,1012.83636,5.0528407,355.91446,0.0,80.0,3.0
2014-11-09 04:00:00+00:00,26.519001,80.15895,1013.3377,6.638072,310.60123,0.0,83.0,3.0
2014-11-09 05:00:00+00:00,27.219,75.76882,1013.139,7.8954163,294.22772,0.0,81.0,3.0
2014-11-09 06:00:00+00:00,27.719,73.13765,1012.44006,8.654986,286.92758,0.0,66.0,2.0
2014-11-09 07:00:00+00:00,28.219,69.11638,1011.3414,9.9571085,282.5288,0.0,90.0,3.0
2014-11-09 08:00:00+00:00,28.369001,68.51577,1010.54175,11.609651,277.1249,0.0,62.0,2.0
2014-11-09 09:00:00+00:00,28.219,69.11638,1009.84204,12.371645,278.36578,0.0,75.0,2.0
2014-11-09 10:00:00+00:00,28.069,69.08778,1009.442,10.853866,275.7105,0.0,64.0,2.0
2014-11-09 11:00:00+00:00,27.669,70.07478,1009.5414,10.538843,277.8532,0.0,64.0,2.0
2014-11-09 12:00:00+00:00,27.169,72.15692,1009.8405,9.114471,279.09018,0.0,68.0,2.0
2014-11-09 13:00:00+00:00,26.619001,74.30074,1010.4393,7.8625183,285.94547,0.0,94.0,3.0
2014-11-09 14:00:00+00:00,26.219,76.07498,1011.53815,7.42159,292.83368,0.0,91.0,3.0
2014-11-09 15:00:00+00:00,26.019001,77.45179,1012.3374,7.5942082,301.4295,0.0,84.0,3.0
2014-11-09 16:00:00+00:00,25.869001,78.62129,1012.737,7.8954163,313.1524,0.0,55.0,2.0
2014-11-09 17:00:00+00:00,25.669,80.04591,1012.53674,8.287822,325.6196,0.0,49.0,1.0
2014-11-09 18:00:00+00:00,25.469,82.24551,1012.5365,8.707237,330.25522,0.0,58.0,2.0
2014-11-09 19:00:00+00:00,25.419,82.99376,1012.03674,8.699793,335.55606,0.0,73.0,2.0
2014-11-09 20:00:00+00:00,25.219,84.49927,1011.23676,9.227524,339.44388,0.0,71.0,2.0
2014-11-09 21:00:00+00:00,24.969,86.02832,1010.43677,10.028439,338.9624,0.0,59.0,2.0
2014-11-09 22:00:00+00:00,24.819,86.80176,1009.83673,10.24578,341.56494,0.0,27.0,1.0
2014-11-09 23:00:00+00:00,24.669,87.58302,1010.63605,10.587917,342.18103,0.0,40.0,1.0
2014-11-10 00:00:00+00:00,24.519001,88.372215,1010.1362,10.594036,350.21765,0.0,47.0,1.0
2014-11-10 01:00:00+00:00,24.419,88.36404,1010.73566,10.538843,352.14676,0.0,86.0,3.0
2014-11-10 02:00:00+00:00,24.869001,87.33505,1011.43604,10.853866,354.2895,0.0,74.0,2.0
2014-11-10 03:00:00+00:00,25.869001,83.04581,1011.9374,11.620809,343.8107,0.0,44.0,1.0
2014-11-10 04:00:00+00:00,26.819,79.2339,1011.93896,11.435313,331.8215,0.0,51.0,2.0
2014-11-10 05:00:00+00:00,27.719,75.38953,1011.84033,10.948973,316.33215,0.0,59.0,2.0
2014-11-10 06:00:00+00:00,28.269001,72.34967,1011.1415,11.090103,305.75397,0.0,72.0,2.0
2014-11-10 07:00:00+00:00,28.519001,71.95647,1010.24225,11.592895,295.76926,0.0,78.0,2.0
2014-11-10 08:00:00+00:00,28.619001,71.32362,1009.24304,13.207634,287.44727,0.2,89.0,51.0
2014-11-10 09:00:00+00:00,28.169,73.65885,1008.5424,14.05845,283.32455,0.1,97.0,51.0
2014-11-10 10:00:00+00:00,27.769001,74.94241,1008.54205,12.144331,281.9761,0.2,92.0,51.0
2014-11-10 11:00:00+00:00,27.319,76.9417,1008.44116,10.931203,287.24155,0.4,94.0,51.0
2014-11-10 12:00:00+00:00,26.819,78.517,1009.1402,9.693296,291.80148,0.4,86.0,51.0
2014-11-10 13:00:00+00:00,26.069,80.8328,1009.83856,8.534353,297.64587,0.3,67.0,51.0
2014-11-10 14:00:00+00:00,25.519001,83.76522,1010.6376,7.7879906,303.6901,0.2,82.0,51.0
2014-11-10 15:00:00+00:00,25.219,85.53205,1011.43665,6.4096174,308.15726,0.0,46.0,1.0
2014-11-10 16:00:00+00:00,25.019001,86.82016,1011.73615,7.127636,315.0001,0.0,27.0,1.0
2014-11-10 17:00:00+00:00,24.769001,87.858025,1011.536,7.10031,329.53452,0.0,17.0,0.0
2014-11-10 18:00:00+00:00,24.769001,87.858025,1011.33606,6.830519,341.56494,0.0,26.0,1.0
2014-11-10 19:00:00+00:00,25.669,84.547134,1010.73755,6.2145634,349.99207,0.0,18.0,0.0
2014-11-10 20:00:00+00:00,25.569,85.05041,1009.9379,6.519877,353.6599,0.0,14.0,0.0
2014-11-10 21:00:00+00:00,25.419,85.55202,1009.33795,6.519877,353.6599,0.0,19.0,0.0
2014-11-10 22:00:00+00:00,25.319,86.06223,1008.9382,6.2145634,349.99207,0.0,16.0,0.0
2014-11-10 23:00:00+00:00,25.219,86.05255,1009.0377,6.638072,347.4712,0.0,17.0,0.0
2014-11-11 00:00:00+00:00,25.069,86.82477,1009.1373,6.5693827,350.53775,0.0,29.0,1.0
2014-11-11 01:00:00+00:00,25.019001,87.34832,1009.6371,6.2145634,349.99207,0.0,32.0,1.0
2014-11-11 02:00:00+00:00,25.519001,86.60384,1010.43774,6.6185193,337.6198,0.0,31.0,1.0
2014-11-11 03:00:00+00:00,26.519001,81.13573,1010.8388,6.696387,323.74606,0.0,10.0,0.0
2014-11-11 04:00:00+00:00,27.319,78.35071,1010.94,6.638072,319.39877,0.0,26.0,1.0
2014-11-11 05:00:00+00:00,28.019001,76.814865,1010.94135,6.439876,296.56497,0.0,28.0,1.0
2014-11-11 06:00:00+00:00,28.469,74.379295,1010.04236,6.849467,273.01273,0.0,62.0,2.0
2014-11-11 07:00:00+00:00,28.819,73.54573,1009.54315,7.8625183,254.05453,0.3,74.0,51.0
2014-11-11 08:00:00+00:00,27.269001,79.056725,1008.5411,8.557102,247.75093,5.4,69.0,63.0
2014-11-11 09:00:00+00:00,27.469,78.60891,1008.4415,6.9527545,248.74942,0.1,86.0,51.0
2014-11-11 10:00:00+00:00,26.869001,79.96317,1008.44055,4.39436,235.0079,0.8,88.0,53.0
2014-11-11 11:00:00+00:00,26.219,83.33769,1008.4396,2.8116899,129.80553,1.5,91.0,61.0
2014-11-11 12:00:00+00:00,25.369001,88.97701,1008.5383,4.896529,107.10281,1.7,90.0,61.0
2014-11-11 13:00:00+00:00,24.619001,93.89162,1009.2367,2.7416782,66.801384,2.9,97.0,63.0
2014-11-11 14:00:00+00:00,24.169,95.58811,1010.3356,1.2979984,56.309914,4.1,98.0,63.0
2014-11-11 15:00:00+00:00,24.019001,96.162094,1011.1348,2.968636,75.96373,3.8,99.0,63.0
2014-11-11 16:00:00+00:00,24.269001,93.592865,1011.53503,2.5959969,56.309914,3.1,99.0,63.0
2014-11-11 17:00:00+00:00,24.119001,95.58649,1011.23517,2.5455842,44.999897,1.4,97.0,61.0
2014-11-11 18:00:00+00:00,24.019001,94.720695,1011.0349,3.096837,54.46224,1.0,98.0,55.0
2014-11-11 19:00:00+00:00,25.119001,84.48856,1010.2372,2.52,90.0,0.3,87.0,51.0
2014-11-11 20:00:00+00:00,25.119001,84.231926,1009.43756,2.2768397,18.435053,0.0,87.0,3.0
2014-11-11 21:00:00+00:00,23.469,93.55556,1008.83527,3.9763298,354.80566,0.0,95.0,3.0
2014-11-11 22:00:00+00:00,23.269001,94.117386,1008.4352,4.379589,9.462248,0.0,94.0,3.0
2014-11-11 23:00:00+00:00,23.169,94.40003,1008.235,4.0249224,26.564985,0.0,94.0,3.0
2014-11-12 00:00:00+00:00,23.619001,92.431946,1008.4355,4.5820518,44.999897,0.0,91.0,3.0
2014-11-12 01:00:00+00:00,23.719,92.15687,1009.1355,4.1046314,52.124958,0.0,88.0,3.0
2014-11-12 02:00:00+00:00,25.069,87.61783,1009.937,3.396233,57.99466,0.0,96.0,3.0
2014-11-12 03:00:00+00:00,26.169,82.08059,1010.53864,2.2768397,18.435053,0.0,99.0,3.0
2014-11-12 04:00:00+00:00,27.069,76.90405,1010.93976,0.5091169,315.0001,0.0,99.0,3.0
2014-11-12 05:00:00+00:00,27.669,74.926285,1011.04065,2.3051248,231.34016,0.0,98.0,3.0
2014-11-12 06:00:00+00:00,28.169,73.88201,1010.24164,4.3498964,245.55606,0.0,97.0,3.0
2014-11-12 07:00:00+00:00,27.919,74.96655,1009.24176,5.6920996,251.56496,3.3,73.0,63.0
2014-11-12 08:00:00+00:00,27.019001,78.78337,1007.94116,7.628263,250.70985,5.0,55.0,63.0
2014-11-12 09:00:00+00:00,26.819,79.2339,1006.84125,9.83268,246.25049,0.7,44.0,53.0
2014-11-12 10:00:00+00:00,27.119001,79.27511,1006.64166,6.0347,287.3541,0.7,83.0,53.0
2014-11-12 11:00:00+00:00,26.719,80.18544,1006.541,5.3517847,312.27362,2.6,90.0,63.0
2014-11-12 12:00:00+00:00,25.869001,82.54366,1007.3395,4.8965297,323.97253,3.7,94.0,63.0
2014-11-12 13:00:00+00:00,24.819,88.93416,1008.1375,4.6938257,327.52884,2.8,99.0,63.0
2014-11-12 14:00:00+00:00,24.869001,88.669106,1008.9372,3.8268526,311.18582,0.3,100.0,51.0
2014-11-12 15:00:00+00:00,25.019001,88.14585,1009.937,1.08,360.0,0.0,100.0,3.0
2014-11-12 16:00:00+00:00,24.969,88.67709,1010.43677,1.2979984,56.309914,0.3,100.0,51.0
2014-11-12 17:00:00+00:00,24.669,91.10273,1010.43616,3.6179552,185.7105,0.6,100.0,53.0
2014-11-12 18:00:00+00:00,24.119001,96.164894,1010.1356,4.73506,188.74608,0.9,100.0,53.0
2014-11-12 19:00:00+00:00,24.219,94.44282,1009.8358,5.00128,149.74365,1.8,100.0,61.0
2014-11-12 20:00:00+00:00,23.719,95.8632,1009.1355,6.489992,123.6901,2.5,100.0,63.0
2014-11-12 21:00:00+00:00,23.619001,96.150764,1008.73535,6.297428,120.963684,0.4,100.0,51.0
2014-11-12 22:00:00+00:00,23.469,97.024055,1008.73535,2.9024127,97.12492,0.3,100.0,51.0
2014-11-12 23:00:00+00:00,23.669,95.28289,1009.0356,3.2599385,83.659904,0.1,100.0,51.0
2014-11-13 00:00:00+00:00,24.019001,91.61602,1009.2357,3.319036,102.5288,0.0,100.0,3.0
2014-11-13 01:00:00+00:00,23.569,95.56864,1009.83484,3.096837,125.537766,0.0,100.0,3.0
2014-11-13 02:00:00+00:00,24.969,92.227135,1010.43677,3.6,143.13002,0.3,100.0,51.0
2014-11-13 03:00:00+00:00,25.519001,86.08155,1011.23737,5.1919937,146.3099,0.0,100.0,3.0
2014-11-13 04:00:00+00:00,26.819,80.92898,1011.7391,6.193674,144.46223,0.0,100.0,3.0
2014-11-13 05:00:00+00:00,27.319,80.26455,1011.3398,5.8048253,150.2552,0.0,98.0,3.0
2014-11-13 06:00:00+00:00,27.569,81.26808,1010.5409,6.162207,173.29025,0.0,100.0,3.0
2014-11-13 07:00:00+00:00,27.819,75.63377,1009.64154,7.771331,193.39252,0.1,100.0,51.0
2014-11-13 08:00:00+00:00,27.619001,76.75448,1008.74176,9.227524,200.55612,0.8,100.0,53.0
2014-11-13 09:00:00+00:00,27.319,78.114334,1007.74146,9.531505,190.88548,0.5,100.0,53.0
2014-11-13 10:00:00+00:00,27.269001,79.77554,1006.84186,5.5887027,194.93147,0.1,100.0,51.0
2014-11-13 11:00:00+00:00,26.919,79.96984,1007.0412,6.379216,196.38962,1.2,97.0,55.0
2014-11-13 12:00:00+00:00,26.669,82.141014,1007.6405,7.5685663,182.72626,0.0,90.0,3.0
2014-11-13 13:00:00+00:00,26.519001,81.38154,1008.7398,6.8399997,180.0,0.3,96.0,51.0
2014-11-13 14:00:00+00:00,25.769001,85.58696,1009.9383,7.9932966,144.16226,1.1,98.0,55.0
2014-11-13 15:00:00+00:00,25.119001,88.154175,1011.1368,8.669949,131.63345,1.7,100.0,61.0
2014-11-13 16:00:00+00:00,25.119001,87.88779,1011.23676,7.42159,129.09386,0.3,99.0,51.0
2014-11-13 17:00:00+00:00,25.219,87.36602,1011.23676,6.9247384,117.89718,0.0,98.0,3.0
2014-11-13 18:00:00+00:00,25.319,86.32339,1010.7373,5.2416787,105.945465,0.0,93.0,3.0
2014-11-13 19:00:00+00:00,25.419,86.59452,1010.1376,6.519877,96.340096,0.0,97.0,3.0
2014-11-13 20:00:00+00:00,25.319,87.11095,1009.7378,5.771239,86.423744,0.0,98.0,3.0
2014-11-13 21:00:00+00:00,25.269001,87.37044,1009.2377,6.489992,70.559875,0.0,96.0,3.0
2014-11-13 22:00:00+00:00,25.269001,87.37044,1009.43756,5.0911684,81.86999,0.0,98.0,3.0
2014-11-13 23:00:00+00:00,25.169,88.15833,1009.83734,5.506941,78.6901,0.0,91.0,3.0
2014-11-14 00:00:00+00:00,25.069,88.95367,1010.13684,3.671294,78.6901,0.1,92.0,51.0
2014-11-14 01:00:00+00:00,24.769001,90.83419,1011.23615,3.319036,77.4712,0.5,97.0,53.0
2014-11-14 02:00:00+00:00,24.919,89.7528,1012.3359,6.130579,86.63361,1.0,97.0,55.0
2014-11-14 03:00:00+00:00,25.369001,87.11542,1013.03625,7.92,90.0,1.5,97.0,61.0
2014-11-14 04:00:00+00:00,25.719,85.58199,1013.6366,8.707238,97.12492,1.1,97.0,55.0
2014-11-14 05:00:00+00:00,26.269001,83.091896,1013.2374,9.0645685,96.84268,0.2,97.0,51.0
2014-11-14 06:00:00+00:00,26.819,80.92898,1012.4387,9.605998,102.99462,0.0,100.0,3.0
2014-11-14 07:00:00+00:00,27.569,78.38629,1011.3405,8.766573,109.17911,0.2,96.0,51.0
2014-11-14 08:00:00+00:00,27.919,78.20038,1010.0414,6.6185193,112.38018,0.2,99.0,51.0
2014-11-14 09:00:00+00:00,27.919,77.26418,1009.44165,3.563818,135.0001,0.3,100.0,51.0
2014-11-14 10:00:00+00:00,27.769001,77.00924,1008.9419,2.16,180.0,0.3,100.0,51.0
2014-11-14 11:00:00+00:00,26.919,80.4545,1008.9403,2.9024127,97.12492,4.9,100.0,63.0
2014-11-14 12:00:00+00:00,26.469,83.114876,1009.63934,4.6938252,85.60138,0.7,100.0,53.0
2014-11-14 13:00:00+00:00,25.869001,87.95127,1009.8383,2.0991426,120.96369,0.4,99.0,51.0
2014-11-14 14:00:00+00:00,25.419,91.150246,1010.8373,1.8,36.86999,0.1,98.0,51.0
2014-11-14 15:00:00+00:00,25.019001,92.22989,1012.036,2.5959969,33.6901,0.0,97.0,3.0
2014-11-14 16:00:00+00:00,24.719,93.332115,1012.23566,2.0991426,30.963696,0.0,96.0,3.0
2014-11-14 17:00:00+00:00,24.719,93.05129,1012.33563,2.8116899,50.194473,0.0,99.0,3.0
2014-11-14 18:00:00+00:00,24.169,95.87681,1012.0348,3.4152596,71.564964,0.0,99.0,3.0
2014-11-14 19:00:00+00:00,24.869001,91.11542,1011.43604,3.8773184,68.19853,0.5,96.0,53.0
2014-11-14 20:00:00+00:00,24.919,90.84399,1010.73663,5.1544156,77.90526,0.3,99.0,51.0
2014-11-14 21:00:00+00:00,24.719,92.77115,1009.93677,4.6800003,67.3801,0.0,100.0,3.0
2014-11-14 22:00:00+00:00,24.219,95.58971,1009.2361,3.8773184,68.19853,0.0,99.0,3.0
2014-11-14 23:00:00+00:00,24.219,94.44282,1010.1356,5.00128,59.743652,0.1,97.0,51.0
2014-11-15 00:00:00+00:00,24.869001,88.400856,1010.2366,7.729527,62.24156,0.2,68.0,51.0
2014-11-15 01:00:00+00:00,24.919,87.604774,1010.73663,6.9247384,62.10283,0.0,62.0,2.0
2014-11-15 02:00:00+00:00,25.269001,86.58053,1011.7365,7.289445,57.094753,0.0,68.0,2.0
2014-11-15 03:00:00+00:00,25.819,84.30753,1012.23724,7.5685663,64.65388,0.0,77.0,2.0
2014-11-15 04:00:00+00:00,26.669,79.69473,1012.7382,7.6367526,81.86999,0.0,66.0,2.0
2014-11-15 05:00:00+00:00,27.369001,76.48462,1012.3397,7.928178,92.60251,0.0,48.0,1.0
2014-11-15 06:00:00+00:00,27.869001,73.60847,1011.5407,7.8625183,105.945465,0.0,48.0,1.0
2014-11-15 07:00:00+00:00,28.219,72.56055,1010.7417,6.763786,115.20109,0.0,34.0,1.0
2014-11-15 08:00:00+00:00,28.519001,71.52204,1009.34265,5.991594,122.73522,0.0,26.0,1.0
2014-11-15 09:00:00+00:00,28.769001,71.5666,1008.2435,5.0142193,111.03758,0.0,28.0,1.0
2014-11-15 10:00:00+00:00,29.019001,70.751205,1008.1441,2.5959969,146.3099,0.0,27.0,1.0
2014-11-15 11:00:00+00:00,28.819,71.57551,1007.84393,2.2768397,161.56496,0.0,32.0,1.0
2014-11-15 12:00:00+00:00,28.069,75.44499,1008.5424,2.8799999,180.0,0.3,33.0,51.0
2014-11-15 13:00:00+00:00,27.419,81.7389,1009.0412,3.8773184,201.80147,0.0,35.0,1.0
2014-11-15 14:00:00+00:00,26.969,83.422485,1010.1401,2.2768397,198.43504,0.0,47.0,1.0
2014-11-15 15:00:00+00:00,26.519001,84.89209,1010.7389,1.835647,348.6901,0.0,58.0,2.0
2014-11-15 16:00:00+00:00,26.519001,84.63699,1011.1387,4.32,360.0,0.0,95.0,3.0
2014-11-15 17:00:00+00:00,26.219,86.40854,1011.43823,4.68,360.0,0.0,96.0,3.0
2014-11-15 18:00:00+00:00,25.869001,88.4821,1011.1377,5.771239,3.5762644,0.0,98.0,3.0
2014-11-15 19:00:00+00:00,25.969,87.16924,1010.6382,5.8048253,7.12493,0.0,95.0,3.0
2014-11-15 20:00:00+00:00,25.769001,87.94287,1009.7384,5.506941,11.3098955,0.0,83.0,3.0
2014-11-15 21:00:00+00:00,25.469,88.716896,1008.9382,6.151683,20.556128,0.0,50.0,2.0
2014-11-15 22:00:00+00:00,25.269001,89.238174,1009.0377,4.8433046,41.98713,0.0,43.0,1.0
2014-11-15 23:00:00+00:00,25.119001,89.22673,1008.6379,5.1165614,50.710617,0.0,15.0,0.0
2014-11-16 00:00:00+00:00,24.919,89.48179,1009.3372,5.1165614,50.710617,0.0,17.0,0.0
2014-11-16 01:00:00+00:00,24.819,89.47435,1009.93677,5.692099,55.304783,0.0,43.0,1.0
2014-11-16 02:00:00+00:00,25.319,88.170815,1011.2371,6.297428,59.03632,0.0,15.0,0.0
2014-11-16 03:00:00+00:00,26.469,82.61457,1011.93835,4.8965297,53.972538,0.0,9.0,0.0
2014-11-16 04:00:00+00:00,27.419,76.260956,1012.03986,4.1046314,52.124958,0.0,8.0,0.0
2014-11-16 05:00:00+00:00,28.119001,72.54319,1011.8409,2.2768397,71.564964,0.0,12.0,0.0
2014-11-16 06:00:00+00:00,28.519001,71.738976,1010.842,1.609969,116.56499,0.0,27.0,1.0
2014-11-16 07:00:00+00:00,28.769001,67.96998,1009.74286,2.9024127,209.7448,0.0,26.0,1.0
2014-11-16 08:00:00+00:00,28.719,70.05667,1008.4434,6.439876,206.56499,0.0,22.0,1.0
2014-11-16 09:00:00+00:00,27.469,73.765114,1007.84174,7.729527,207.75845,1.8,69.0,61.0
2014-11-16 10:00:00+00:00,27.519001,74.44883,1007.84174,9.0,216.86998,0.3,49.0,51.0
2014-11-16 11:00:00+00:00,27.369001,74.877846,1008.0417,6.8777895,222.87889,0.2,27.0,51.0
2014-11-16 12:00:00+00:00,27.019001,77.130165,1008.4409,4.072935,224.9999,0.0,53.0,2.0
2014-11-16 13:00:00+00:00,26.619001,79.687965,1009.5397,1.484318,194.03627,0.0,51.0,2.0
2014-11-16 14:00:00+00:00,26.219,82.33552,1010.53864,0.0,270.0,0.0,44.0,1.0
2014-11-16 15:00:00+00:00,25.719,85.32358,1011.23773,1.1384199,18.435053,0.0,29.0,1.0
2014-11-16 16:00:00+00:00,25.319,86.84772,1011.7369,3.219938,26.564985,0.0,47.0,1.0
2014-11-16 17:00:00+00:00,25.169,87.62646,1011.5366,4.6938257,32.471172,0.0,69.0,2.0
2014-11-16 18:00:00+00:00,25.069,88.4172,1010.83655,5.3999996,36.86998,0.0,74.0,2.0
2014-11-16 19:00:00+00:00,25.019001,87.61344,1010.43677,5.1165614,39.289394,0.0,52.0,2.0
2014-11-16 20:00:00+00:00,25.019001,87.61344,1009.6371,4.8433046,41.98713,0.0,46.0,1.0
2014-11-16 21:00:00+00:00,25.019001,87.34832,1009.1373,4.8965297,53.972538,0.0,41.0,1.0
2014-11-16 22:00:00+00:00,25.019001,86.82016,1008.5376,4.452954,75.96373,0.0,89.0,3.0
2014-11-16 23:00:00+00:00,24.969,86.55246,1008.5376,4.896529,72.89719,0.0,94.0,3.0
2014-11-17 00:00:00+00:00,24.869001,86.01861,1009.0371,5.815978,68.19853,0.0,99.0,3.0
2014-11-17 01:00:00+00:00,24.819,86.27574,1009.83673,5.495161,58.392544,0.0,97.0,3.0
2014-11-17 02:00:00+00:00,25.319,85.283,1010.8373,7.127636,44.999897,0.0,99.0,3.0
2014-11-17 03:00:00+00:00,26.119001,81.084984,1011.1383,7.5942082,31.429514,0.0,95.0,3.0
2014-11-17 04:00:00+00:00,26.819,77.80581,1011.33923,7.42159,39.09386,0.0,99.0,3.0
2014-11-17 05:00:00+00:00,27.569,74.231384,1011.04065,6.193674,54.46224,0.0,98.0,3.0
2014-11-17 06:00:00+00:00,28.419,70.427574,1010.34216,5.154415,65.22488,0.0,99.0,3.0
2014-11-17 07:00:00+00:00,29.169,66.81926,1009.5435,2.7416782,66.801384,0.0,98.0,3.0
2014-11-17 08:00:00+00:00,29.319,65.84093,1008.1445,0.8049845,296.56497,0.0,99.0,3.0
2014-11-17 09:00:00+00:00,29.319,66.04153,1007.5448,3.0758414,249.44386,0.0,98.0,3.0
2014-11-17 10:00:00+00:00,28.719,69.21139,1007.24396,6.638072,229.39879,0.0,95.0,3.0
2014-11-17 11:00:00+00:00,27.919,73.39401,1007.84235,7.2,233.13002,0.0,92.0,3.0
2014-11-17 12:00:00+00:00,27.519001,76.50754,1008.34155,6.489992,236.3099,0.0,77.0,2.0
2014-11-17 13:00:00+00:00,27.019001,81.93611,1009.24054,5.4833565,246.80138,0.0,32.0,1.0
2014-11-17 14:00:00+00:00,26.319,86.15847,1010.33905,4.0249224,259.69522,0.0,30.0,1.0
2014-11-17 15:00:00+00:00,25.569,88.457855,1011.3373,4.32,270.0,0.0,27.0,1.0
2014-11-17 16:00:00+00:00,25.569,86.8706,1011.937,3.0758414,290.55612,0.0,28.0,1.0
2014-11-17 17:00:00+00:00,25.019001,88.94973,1011.83606,2.0991426,329.03632,0.0,42.0,1.0
2014-11-17 18:00:00+00:00,24.819,88.93416,1011.0362,3.2599385,6.3401003,0.0,59.0,2.0
2014-11-17 19:00:00+00:00,24.819,91.38779,1010.63635,4.452954,14.036275,0.0,73.0,2.0
2014-11-17 20:00:00+00:00,24.869001,88.669106,1009.7368,4.5536795,18.435053,0.0,93.0,3.0
2014-11-17 21:00:00+00:00,24.869001,86.806366,1008.9372,4.39436,34.9921,0.0,100.0,3.0
2014-11-17 22:00:00+00:00,24.719,86.52901,1008.7373,4.6938257,32.471172,0.0,99.0,3.0
2014-11-17 23:00:00+00:00,24.719,86.00402,1008.63727,4.5820518,44.999897,0.0,97.0,3.0
2014-11-18 00:00:00+00:00,24.519001,86.77407,1009.43665,3.8773184,68.19853,0.0,94.0,3.0
2014-11-18 01:00:00+00:00,24.269001,88.89102,1010.43555,4.379589,80.53775,0.0,93.0,3.0
2014-11-18 02:00:00+00:00,25.169,85.00907,1011.43665,5.8603754,79.380394,0.0,85.0,3.0
2014-11-18 03:00:00+00:00,26.069,80.09926,1012.2375,5.506941,78.6901,0.0,67.0,2.0
2014-11-18 04:00:00+00:00,26.819,75.24609,1012.8385,5.154415,65.22488,0.0,64.0,2.0
2014-11-18 05:00:00+00:00,27.469,70.68308,1012.4397,4.8965297,53.972538,0.0,67.0,2.0
2014-11-18 06:00:00+00:00,28.269001,66.43445,1011.7412,5.1919937,56.309914,0.0,67.0,2.0
2014-11-18 07:00:00+00:00,29.319,62.12948,1010.74335,5.4833565,66.801384,0.0,89.0,3.0
2014-11-18 08:00:00+00:00,29.769001,60.538372,1009.4446,5.2416787,74.054535,0.0,95.0,3.0
2014-11-18 09:00:00+00:00,29.669,61.074806,1008.7449,3.8939953,56.3099,0.0,97.0,3.0
2014-11-18 10:00:00+00:00,29.469,62.162518,1008.1447,1.1384199,108.43504,0.0,98.0,3.0
2014-11-18 11:00:00+00:00,29.069,64.006165,1008.94385,0.5091169,44.999897,0.0,100.0,3.0
2014-11-18 12:00:00+00:00,28.519001,67.30236,1009.4426,1.2979984,33.6901,0.0,100.0,3.0
2014-11-18 13:00:00+00:00,27.619001,73.12058,1010.14105,2.5959969,33.6901,0.0,100.0,3.0
2014-11-18 14:00:00+00:00,27.019001,74.59364,1011.2396,4.510787,28.610369,0.0,100.0,3.0
2014-11-18 15:00:00+00:00,26.669,74.99288,1012.0385,4.8965297,36.027473,0.0,100.0,3.0
2014-11-18 16:00:00+00:00,26.319,76.79057,1012.4381,4.6938257,57.528828,0.0,100.0,3.0
2014-11-18 17:00:00+00:00,26.069,78.17154,1012.1375,5.1919937,56.309914,0.0,99.0,3.0
2014-11-18 18:00:00+00:00,25.869001,79.586235,1011.8374,4.1046314,52.124958,0.0,99.0,3.0
2014-11-18 19:00:00+00:00,25.169,83.47175,1011.23676,3.563818,44.999897,0.0,100.0,3.0
2014-11-18 20:00:00+00:00,25.169,82.96473,1010.53705,3.219938,26.564985,0.0,100.0,3.0
2014-11-18 21:00:00+00:00,25.169,82.20929,1010.0373,3.219938,26.564985,0.0,100.0,3.0
2014-11-18 22:00:00+00:00,25.069,82.700485,1010.2368,2.7416782,66.801384,0.0,100.0,3.0
2014-11-18 23:00:00+00:00,25.019001,82.94729,1009.937,3.096837,35.537766,0.0,98.0,3.0
2014-11-19 00:00:00+00:00,24.919,82.43057,1010.3368,4.2136917,19.983198,1.0,81.0,55.0
2014-11-19 01:00:00+00:00,24.819,83.43211,1010.8363,3.7585104,16.699326,0.0,77.0,2.0
2014-11-19 02:00:00+00:00,25.169,83.21792,1011.43665,6.3690495,47.290634,0.0,53.0,2.0
2014-11-19 03:00:00+00:00,25.869001,80.807014,1012.03735,6.6087217,60.64234,0.0,62.0,2.0
2014-11-19 04:00:00+00:00,26.519001,78.71311,1012.5381,6.28713,66.37061,0.0,53.0,2.0
2014-11-19 05:00:00+00:00,27.219,75.30998,1012.1394,7.289444,69.775055,0.0,52.0,2.0
2014-11-19 06:00:00+00:00,27.919,72.288536,1011.7406,5.4477882,82.40546,0.0,92.0,3.0
2014-11-19 07:00:00+00:00,28.769001,68.38472,1010.6424,5.0911684,98.13002,0.0,99.0,3.0
2014-11-19 08:00:00+00:00,29.069,67.822296,1009.64343,5.0528407,94.08554,0.0,100.0,3.0
2014-11-19 09:00:00+00:00,29.119001,68.86861,1008.1441,2.2768397,108.43504,0.0,89.0,3.0
2014-11-19 10:00:00+00:00,28.969,69.679756,1008.0438,3.8773184,201.80147,0.0,91.0,3.0
2014-11-19 11:00:00+00:00,28.619001,71.75669,1008.34344,2.5455842,188.13002,0.0,100.0,3.0
2014-11-19 12:00:00+00:00,28.169,75.00673,1008.7423,2.52,180.0,0.0,100.0,3.0
2014-11-19 13:00:00+00:00,27.519001,81.26181,1009.34106,0.8049845,153.43501,0.0,100.0,3.0
2014-11-19 14:00:00+00:00,27.719,75.16166,1010.341,2.16,90.0,0.0,100.0,3.0
2014-11-19 15:00:00+00:00,26.819,82.15911,1010.9394,5.937272,75.96373,0.0,99.0,3.0
2014-11-19 16:00:00+00:00,26.369001,83.35468,1011.5385,7.968939,71.564964,0.0,98.0,3.0
2014-11-19 17:00:00+00:00,26.219,81.838425,1011.1383,6.6087217,60.64234,0.0,100.0,3.0
2014-11-19 18:00:00+00:00,26.169,80.84566,1011.0384,5.6233797,50.194473,0.0,96.0,3.0
2014-11-19 19:00:00+00:00,26.069,80.34313,1010.43835,6.8777895,42.878906,0.0,100.0,3.0
2014-11-19 20:00:00+00:00,25.869001,79.34405,1009.7384,6.9153743,38.65983,0.0,100.0,3.0
2014-11-19 21:00:00+00:00,25.519001,80.02588,1009.0383,7.0911775,23.962492,0.0,100.0,3.0
2014-11-19 22:00:00+00:00,25.319,80.735954,1008.5383,8.12197,12.804273,0.0,99.0,3.0
2014-11-19 23:00:00+00:00,25.119001,81.702835,1008.7379,6.87779,6.0089183,0.0,100.0,3.0
2014-11-20 00:00:00+00:00,25.069,81.69664,1008.93744,6.725354,15.524177,0.0,97.0,3.0
2014-11-20 01:00:00+00:00,25.019001,81.940445,1009.837,5.4833565,23.198618,0.0,99.0,3.0
2014-11-20 02:00:00+00:00,25.319,80.98286,1010.6373,6.379216,16.389616,0.0,100.0,3.0
2014-11-20 03:00:00+00:00,25.919,77.67395,1011.238,6.763786,25.201094,0.0,100.0,3.0
2014-11-20 04:00:00+00:00,26.519001,74.51175,1011.3386,7.5942082,31.429514,0.0,100.0,3.0
2014-11-20 05:00:00+00:00,27.119001,72.148125,1011.13965,7.289445,32.905247,0.0,98.0,3.0
2014-11-20 06:00:00+00:00,27.369001,70.88119,1010.34064,4.39436,34.9921,0.0,97.0,3.0
2014-11-20 07:00:00+00:00,27.669,69.01136,1009.6413,3.4152596,71.564964,0.3,95.0,51.0
2014-11-20 08:00:00+00:00,27.619001,70.279915,1008.74176,1.1384199,251.56496,0.3,84.0,51.0
2014-11-20 09:00:00+00:00,27.319,72.84691,1008.0413,2.3051248,218.65984,0.8,93.0,53.0
2014-11-20 10:00:00+00:00,27.019001,75.27806,1007.7412,3.563818,224.9999,0.8,80.0,53.0
2014-11-20 11:00:00+00:00,26.319,80.13248,1008.0401,3.319036,257.4712,1.0,99.0,55.0
2014-11-20 12:00:00+00:00,25.819,84.05271,1008.53894,5.04,270.0,1.2,100.0,55.0
2014-11-20 13:00:00+00:00,25.369001,88.44159,1009.23804,6.489992,303.6901,1.0,100.0,55.0
2014-11-20 14:00:00+00:00,24.619001,94.45896,1010.23627,7.8954163,294.22772,1.0,100.0,55.0
2014-11-20 15:00:00+00:00,24.569,94.74185,1011.1358,9.339208,297.55273,1.0,100.0,55.0
2014-11-20 16:00:00+00:00,24.469,95.023865,1012.03503,5.991594,302.7352,1.9,100.0,61.0
2014-11-20 17:00:00+00:00,24.569,94.74185,1011.83545,6.618519,315.0001,1.1,100.0,55.0
2014-11-20 18:00:00+00:00,24.519001,95.02565,1011.73553,5.495161,328.39255,1.4,100.0,61.0
2014-11-20 19:00:00+00:00,24.319,93.31282,1011.3353,5.315336,331.69934,1.2,100.0,55.0
2014-11-20 20:00:00+00:00,24.069,93.300705,1010.6351,5.5887027,345.06854,1.6,100.0,61.0
2014-11-20 21:00:00+00:00,23.969,93.013504,1010.03534,6.5693827,350.53775,1.4,100.0,61.0
2014-11-20 22:00:00+00:00,23.919,93.29338,1010.03534,6.2145634,349.99207,1.3,100.0,61.0
2014-11-20 23:00:00+00:00,23.969,93.013504,1009.9354,5.771239,3.5762644,1.4,100.0,61.0
2014-11-21 00:00:00+00:00,24.469,88.36816,1010.5357,5.8603754,10.61961,2.3,100.0,61.0
2014-11-21 01:00:00+00:00,24.019001,93.01599,1011.0349,6.763786,25.201094,3.2,100.0,63.0
2014-11-21 02:00:00+00:00,24.069,93.300705,1011.43475,9.19939,30.579157,4.2,100.0,63.0
2014-11-21 03:00:00+00:00,24.169,93.023575,1012.1347,10.703569,42.27363,4.3,100.0,63.0
2014-11-21 04:00:00+00:00,24.419,92.75549,1012.235,11.808878,52.431335,3.4,100.0,63.0
2014-11-21 05:00:00+00:00,24.569,92.763336,1012.2353,12.261157,49.76371,2.6,100.0,63.0
2014-11-21 06:00:00+00:00,25.019001,90.850525,1011.3363,12.229406,47.385983,2.1,100.0,61.0
2014-11-21 07:00:00+00:00,25.069,80.2109,1010.0369,12.475961,46.169064,0.5,100.0,53.0
2014-11-21 08:00:00+00:00,25.519001,79.53852,1008.73846,10.691453,44.999897,0.4,100.0,51.0
2014-11-21 09:00:00+00:00,25.719,80.05263,1007.9392,9.1641035,44.999897,0.4,100.0,51.0
2014-11-21 10:00:00+00:00,25.769001,80.54852,1006.9397,7.491114,35.217674,0.1,100.0,51.0
2014-11-21 11:00:00+00:00,25.869001,80.56157,1007.23956,6.489992,56.3099,0.0,100.0,3.0
2014-11-21 12:00:00+00:00,25.769001,81.53489,1007.53937,5.0142193,68.96242,0.0,100.0,3.0
2014-11-21 13:00:00+00:00,25.269001,84.76166,1008.7379,3.96,90.0,0.0,96.0,3.0
2014-11-21 14:00:00+00:00,24.819,86.538414,1009.5369,3.6,90.0,0.0,93.0,3.0
2014-11-21 15:00:00+00:00,24.419,88.633064,1010.6357,4.379589,80.53775,0.0,98.0,3.0
2014-11-21 16:00:00+00:00,24.119001,89.967606,1011.0353,4.1046314,74.74483,0.0,100.0,3.0
2014-11-21 17:00:00+00:00,23.719,91.59795,1010.93475,4.39436,55.0079,0.0,100.0,3.0
2014-11-21 18:00:00+00:00,23.519001,92.14551,1010.73444,4.1046314,37.875053,0.0,98.0,3.0
2014-11-21 19:00:00+00:00,24.119001,89.967606,1010.1356,4.510787,28.610369,0.0,98.0,3.0
2014-11-21 20:00:00+00:00,24.419,88.09571,1009.4363,5.154415,24.775122,0.0,99.0,3.0
2014-11-21 21:00:00+00:00,24.519001,86.77407,1008.9368,4.5536795,18.435053,0.0,99.0,3.0
2014-11-21 22:00:00+00:00,24.419,87.029594,1009.13635,2.0991426,30.963696,0.0,100.0,3.0
2014-11-21 23:00:00+00:00,24.469,86.76948,1009.6361,2.8799999,360.0,0.0,99.0,3.0
2014-11-22 00:00:00+00:00,24.369001,87.02503,1009.7361,6.28713,23.629398,0.0,100.0,3.0
2014-11-22 01:00:00+00:00,24.269001,87.5481,1010.53546,6.696387,36.253937,0.0,100.0,3.0
2014-11-22 02:00:00+00:00,24.719,87.05681,1011.33606,7.386582,46.97493,0.0,100.0,3.0
2014-11-22 03:00:00+00:00,25.819,82.78858,1012.03735,6.489992,56.3099,0.0,99.0,3.0
2014-11-22 04:00:00+00:00,26.619001,78.488594,1012.83813,4.2136917,70.01681,0.0,99.0,3.0
2014-11-22 05:00:00+00:00,26.919,77.82035,1012.6386,2.7416782,66.801384,0.0,100.0,3.0
2014-11-22 06:00:00+00:00,27.269001,78.107124,1012.33936,1.08,90.0,0.1,99.0,51.0
2014-11-22 07:00:00+00:00,25.919,80.56808,1011.13794,1.0182338,224.9999,1.6,100.0,61.0
2014-11-22 08:00:00+00:00,25.469,82.24551,1010.1376,1.835647,258.6901,1.3,100.0,61.0
2014-11-22 09:00:00+00:00,25.269001,84.76166,1009.1377,2.9024127,262.8751,3.3,100.0,63.0
2014-11-22 10:00:00+00:00,24.619001,88.11246,1008.3371,3.219938,296.56497,2.7,100.0,63.0
2014-11-22 11:00:00+00:00,24.169,92.18223,1008.43646,3.8268526,311.18582,2.6,100.0,63.0
2014-11-22 12:00:00+00:00,23.919,93.29338,1008.2362,5.7599998,360.0,1.7,100.0,61.0
2014-11-22 13:00:00+00:00,23.819,93.57191,1008.5358,9.0,16.26028,1.2,100.0,55.0
2014-11-22 14:00:00+00:00,23.869001,93.57422,1009.3357,9.0,16.26028,1.6,100.0,61.0
2014-11-22 15:00:00+00:00,23.869001,94.14305,1010.2353,7.5170207,16.699326,2.7,100.0,63.0
2014-11-22 16:00:00+00:00,23.869001,94.428604,1010.73505,6.12,28.072395,2.1,100.0,61.0
2014-11-22 17:00:00+00:00,23.919,93.860504,1011.0349,4.6102495,38.65983,1.7,100.0,61.0
2014-11-22 18:00:00+00:00,23.819,94.14093,1010.7348,3.0547013,44.999897,0.8,100.0,53.0
2014-11-22 19:00:00+00:00,24.119001,88.60895,1010.43555,2.8116899,50.194473,0.0,100.0,3.0
2014-11-22 20:00:00+00:00,23.919,91.05483,1009.5356,2.8116899,39.805527,0.0,100.0,3.0
2014-11-22 21:00:00+00:00,23.719,93.00084,1009.1355,3.096837,35.537766,0.0,99.0,3.0
2014-11-22 22:00:00+00:00,23.719,91.042,1009.53534,5.7599998,360.0,0.0,99.0,3.0
2014-11-22 23:00:00+00:00,24.219,87.54376,1008.9362,6.638072,12.528798,0.0,99.0,3.0
2014-11-23 00:00:00+00:00,24.069,88.33529,1009.2357,4.6938257,32.471172,0.0,100.0,3.0
2014-11-23 01:00:00+00:00,23.569,92.14836,1009.9348,4.3349743,41.63345,0.0,100.0,3.0
2014-11-23 02:00:00+00:00,24.469,88.63707,1010.8356,5.315336,61.69934,0.0,100.0,3.0
2014-11-23 03:00:00+00:00,25.319,85.54204,1011.93677,4.452954,75.96373,0.1,100.0,51.0
2014-11-23 04:00:00+00:00,26.119001,81.33138,1012.43774,3.2399998,90.0,0.7,100.0,53.0
2014-11-23 05:00:00+00:00,26.469,79.18561,1012.13824,2.52,90.0,0.7,100.0,53.0
2014-11-23 06:00:00+00:00,26.669,78.495705,1011.6387,1.609969,116.56499,0.8,100.0,53.0
2014-11-23 07:00:00+00:00,26.919,76.6482,1010.8394,1.1384199,18.435053,1.0,100.0,55.0
2014-11-23 08:00:00+00:00,26.069,80.8328,1009.2389,2.968636,345.9637,1.1,100.0,55.0
2014-11-23 09:00:00+00:00,25.369001,84.51522,1008.4384,4.452954,345.9637,0.9,100.0,53.0
2014-11-23 10:00:00+00:00,25.519001,85.04523,1007.93884,8.714677,321.70978,0.8,100.0,53.0
2014-11-23 11:00:00+00:00,25.619001,83.01692,1007.4391,9.19939,329.42084,0.6,100.0,53.0
2014-11-23 12:00:00+00:00,25.419,86.59452,1007.43884,9.693296,338.19852,0.7,100.0,53.0
2014-11-23 13:00:00+00:00,24.719,91.93523,1008.33746,6.6185193,337.6198,0.7,100.0,53.0
2014-11-23 14:00:00+00:00,24.569,92.48368,1009.43665,7.24486,333.43503,0.5,93.0,53.0
2014-11-23 15:00:00+00:00,24.469,92.7581,1010.3358,7.42159,345.9637,0.5,97.0,53.0
2014-11-23 16:00:00+00:00,24.319,93.87835,1010.73566,3.5455887,23.962492,0.3,77.0,51.0
2014-11-23 17:00:00+00:00,24.169,94.44076,1011.0353,2.5455842,8.130019,0.2,90.0,51.0
2014-11-23 18:00:00+00:00,23.969,95.581635,1010.6351,2.8116899,50.194473,0.2,99.0,51.0
2014-11-23 19:00:00+00:00,23.769001,95.575134,1010.33496,3.219938,63.435013,0.0,99.0,3.0
2014-11-23 20:00:00+00:00,23.669,95.28289,1009.63525,2.8116899,39.805527,0.0,100.0,3.0
2014-11-23 21:00:00+00:00,23.719,94.709114,1008.7357,5.00128,30.256361,0.0,99.0,3.0
2014-11-23 22:00:00+00:00,23.969,93.578926,1008.5361,5.3517847,340.3461,0.0,100.0,3.0
2014-11-23 23:00:00+00:00,23.869001,94.14305,1009.13574,4.73506,351.2539,0.0,100.0,3.0
2014-11-24 00:00:00+00:00,24.219,91.35068,1009.2361,4.68,360.0,0.0,100.0,3.0
2014-11-24 01:00:00+00:00,23.669,95.28289,1010.1351,4.0249224,10.304792,0.0,100.0,3.0
2014-11-24 02:00:00+00:00,24.519001,92.76072,1011.0359,5.154415,24.775122,0.0,99.0,3.0
2014-11-24 03:00:00+00:00,25.419,85.55202,1011.8368,3.8773184,21.801476,0.0,98.0,3.0
2014-11-24 04:00:00+00:00,26.119001,80.83922,1012.33777,2.9024127,29.744795,0.0,97.0,3.0
2014-11-24 05:00:00+00:00,26.619001,78.250626,1012.1385,2.968636,75.96373,0.0,99.0,3.0
2014-11-24 06:00:00+00:00,27.169,75.531166,1011.63965,4.379589,99.46225,0.0,100.0,3.0
2014-11-24 07:00:00+00:00,27.469,72.209694,1010.8404,4.072935,135.0001,0.1,100.0,51.0
2014-11-24 08:00:00+00:00,27.519001,72.438835,1009.44104,2.9024127,150.2552,0.1,100.0,51.0
2014-11-24 09:00:00+00:00,27.219,75.53911,1008.5411,3.7585104,196.69933,0.2,100.0,51.0
2014-11-24 10:00:00+00:00,26.719,76.85119,1009.0399,6.6185193,202.38017,0.6,100.0,53.0
2014-11-24 11:00:00+00:00,26.119001,79.86275,1009.0393,6.297428,210.96368,0.5,100.0,53.0
2014-11-24 12:00:00+00:00,25.869001,81.29991,1009.23865,4.072935,224.9999,0.1,100.0,51.0
2014-11-24 13:00:00+00:00,25.669,82.77099,1009.4382,3.319036,257.4712,0.0,100.0,3.0
2014-11-24 14:00:00+00:00,25.219,89.23437,1010.33716,2.2768397,251.56496,0.0,100.0,3.0
2014-11-24 15:00:00+00:00,25.669,83.2751,1011.23737,2.3051248,321.34018,0.0,99.0,3.0
2014-11-24 16:00:00+00:00,25.269001,86.05739,1011.63654,1.9386592,338.19852,0.0,100.0,3.0
2014-11-24 17:00:00+00:00,25.069,87.35276,1011.1364,3.4152596,18.435053,0.0,100.0,3.0
2014-11-24 18:00:00+00:00,24.869001,88.13335,1011.0362,3.9763298,5.19435,0.0,100.0,3.0
2014-11-24 19:00:00+00:00,24.069,93.86721,1010.03534,3.9763298,5.19435,0.1,100.0,51.0
2014-11-24 20:00:00+00:00,24.019001,93.58123,1009.5356,3.6179552,5.7105074,0.1,100.0,51.0
2014-11-24 21:00:00+00:00,23.919,93.29338,1008.73596,3.6179552,5.7105074,0.0,100.0,3.0
2014-11-24 22:00:00+00:00,23.869001,92.72665,1008.4361,4.73506,8.746089,0.0,100.0,3.0
2014-11-24 23:00:00+00:00,23.969,91.89164,1008.9359,3.7585104,16.699326,0.0,100.0,3.0
2014-11-25 00:00:00+00:00,24.369001,88.89889,1009.13635,4.5536795,18.435053,0.0,100.0,3.0
2014-11-25 01:00:00+00:00,23.919,92.168144,1009.9354,7.10031,30.465475,0.0,100.0,3.0
2014-11-25 02:00:00+00:00,24.519001,88.1041,1011.3357,8.161764,41.42357,0.0,100.0,3.0
2014-11-25 03:00:00+00:00,25.219,84.24278,1012.0364,7.928177,50.52757,0.0,100.0,3.0
2014-11-25 04:00:00+00:00,26.269001,76.78297,1012.63763,7.729527,62.24156,0.0,100.0,3.0
2014-11-25 05:00:00+00:00,27.069,71.48022,1012.2392,6.489992,70.559875,0.0,100.0,3.0
2014-11-25 06:00:00+00:00,27.519001,67.93266,1011.74,4.6800003,67.3801,0.0,100.0,3.0
2014-11-25 07:00:00+00:00,26.219,71.7677,1010.7385,4.198285,59.03632,0.0,100.0,3.0
2014-11-25 08:00:00+00:00,26.369001,70.48047,1009.8393,4.198285,30.963696,0.0,100.0,3.0
2014-11-25 09:00:00+00:00,26.269001,70.24492,1008.83936,5.0142193,21.037588,0.0,100.0,3.0
2014-11-25 10:00:00+00:00,26.069,70.8612,1007.4397,2.968636,345.9637,0.0,100.0,3.0
2014-11-25 11:00:00+00:00,25.969,71.502075,1008.03937,2.5959969,326.3099,0.0,100.0,3.0
2014-11-25 12:00:00+00:00,25.769001,73.02671,1008.53894,2.7416782,336.8014,0.0,100.0,3.0
2014-11-25 13:00:00+00:00,25.069,79.47695,1009.2373,2.0991426,149.03632,0.0,100.0,3.0
2014-11-25 14:00:00+00:00,24.919,80.437126,1009.937,1.609969,206.56499,0.0,100.0,3.0
2014-11-25 15:00:00+00:00,24.619001,82.394646,1010.63605,2.5455842,81.86999,0.0,100.0,3.0
2014-11-25 16:00:00+00:00,24.219,84.133965,1010.63544,2.5959969,56.309914,0.0,100.0,3.0
2014-11-25 17:00:00+00:00,24.069,84.63491,1010.2353,2.8116899,39.805527,0.0,98.0,3.0
2014-11-25 18:00:00+00:00,24.019001,84.62958,1009.83545,3.096837,54.46224,0.0,99.0,3.0
2014-11-25 19:00:00+00:00,24.469,79.63926,1009.13635,3.096837,54.46224,0.0,100.0,3.0
2014-11-25 20:00:00+00:00,23.969,83.84878,1008.2362,2.5959969,56.309914,0.0,100.0,3.0
2014-11-25 21:00:00+00:00,23.919,84.61896,1007.4366,3.096837,54.46224,0.0,99.0,3.0
2014-11-25 22:00:00+00:00,23.969,83.84878,1007.03674,1.5273507,44.999897,0.0,100.0,3.0
2014-11-25 23:00:00+00:00,23.719,84.33805,1007.33636,2.2768397,71.564964,0.0,98.0,3.0
2014-11-26 00:00:00+00:00,23.469,85.0931,1007.5359,3.2599385,83.659904,0.0,99.0,3.0
2014-11-26 01:00:00+00:00,23.419,84.5656,1008.03534,5.2416787,74.054535,0.0,99.0,3.0
2014-11-26 02:00:00+00:00,24.069,82.58203,1009.0358,6.2145634,79.99209,0.0,99.0,3.0
2014-11-26 03:00:00+00:00,25.219,77.57069,1009.53754,6.489992,70.559875,0.0,100.0,3.0
2014-11-26 04:00:00+00:00,26.319,68.96455,1009.7394,6.638072,77.4712,0.0,100.0,3.0
2014-11-26 05:00:00+00:00,27.119001,64.98294,1009.4405,3.96,90.0,0.0,100.0,3.0
2014-11-26 06:00:00+00:00,27.619001,62.717403,1008.8417,1.5273507,135.0001,0.0,100.0,3.0
2014-11-26 07:00:00+00:00,27.669,62.728374,1008.04205,1.8,233.13002,0.0,99.0,3.0
2014-11-26 08:00:00+00:00,27.919,63.3678,1006.74286,3.396233,237.99466,0.0,100.0,3.0
2014-11-26 09:00:00+00:00,27.719,65.51121,1006.1429,5.8048253,240.2552,0.0,100.0,3.0
2014-11-26 10:00:00+00:00,27.269001,68.9347,1006.2421,6.989936,235.49141,0.0,100.0,3.0
2014-11-26 11:00:00+00:00,26.819,72.09522,1006.74133,7.928177,219.47243,0.0,100.0,3.0
2014-11-26 12:00:00+00:00,26.369001,74.94437,1007.34045,6.696387,216.25392,0.0,100.0,3.0
2014-11-26 13:00:00+00:00,26.019001,76.74496,1008.03937,5.495161,211.60745,0.0,100.0,3.0
2014-11-26 14:00:00+00:00,25.769001,78.36734,1009.1386,5.8048253,187.12492,0.2,100.0,51.0
2014-11-26 15:00:00+00:00,25.669,78.11374,1009.73804,5.04,180.0,1.0,100.0,55.0
2014-11-26 16:00:00+00:00,25.219,81.71523,1009.9374,4.379589,170.53775,0.6,100.0,53.0
2014-11-26 17:00:00+00:00,24.819,84.97284,1009.43695,1.484318,165.96373,0.4,100.0,51.0
2014-11-26 18:00:00+00:00,24.369001,87.82382,1008.93646,1.835647,11.3098955,0.3,100.0,51.0
2014-11-26 19:00:00+00:00,24.119001,89.69441,1008.3365,1.9386592,338.19852,0.2,100.0,51.0
2014-11-26 20:00:00+00:00,23.919,89.95329,1007.73645,3.96,360.0,0.0,100.0,3.0
2014-11-26 21:00:00+00:00,24.119001,87.53498,1007.137,5.4477882,7.59456,0.0,100.0,3.0
2014-11-26 22:00:00+00:00,24.169,85.68799,1006.3374,7.0911775,23.962492,0.0,100.0,3.0
2014-11-26 23:00:00+00:00,24.169,84.386665,1006.63727,6.12,28.072395,0.2,100.0,51.0
2014-11-27 00:00:00+00:00,24.019001,84.11205,1007.13666,5.95906,25.016869,0.2,100.0,51.0
2014-11-27 01:00:00+00:00,23.869001,84.613625,1007.93634,6.489992,33.6901,0.3,100.0,51.0
2014-11-27 02:00:00+00:00,23.919,83.32951,1008.636,6.489992,19.440128,0.4,100.0,51.0
2014-11-27 03:00:00+00:00,24.369001,80.61221,1009.5362,6.924738,8.97255,0.5,99.0,53.0
2014-11-27 04:00:00+00:00,24.619001,77.72098,1009.9364,6.9527545,21.25058,0.6,100.0,53.0
2014-11-27 05:00:00+00:00,24.669,77.25034,1009.6365,7.289444,20.224945,0.5,99.0,53.0
2014-11-27 06:00:00+00:00,24.769001,77.50389,1009.23706,6.379216,16.389616,1.5,100.0,61.0
2014-11-27 07:00:00+00:00,26.719,69.2545,1008.4402,6.130579,3.3664,0.0,91.0,3.0
2014-11-27 08:00:00+00:00,26.819,70.13126,1007.44104,5.771239,356.42374,0.4,94.0,51.0
2014-11-27 09:00:00+00:00,26.819,71.435265,1006.84125,5.4119864,356.186,2.5,96.0,63.0
2014-11-27 10:00:00+00:00,26.319,75.627,1006.84064,3.2599385,6.3401003,1.9,100.0,61.0
2014-11-27 11:00:00+00:00,25.969,77.44438,1007.1398,2.9024127,7.12493,1.0,100.0,55.0
2014-11-27 12:00:00+00:00,25.269001,86.05739,1007.73834,0.0,270.0,1.2,99.0,55.0
2014-11-27 13:00:00+00:00,24.619001,89.45941,1008.537,1.8,180.0,0.7,100.0,53.0
2014-11-27 14:00:00+00:00,24.619001,88.38042,1009.6365,2.0991426,149.03632,0.5,100.0,53.0
2014-11-27 15:00:00+00:00,24.219,91.35068,1010.53546,2.4149535,116.56499,0.7,100.0,53.0
2014-11-27 16:00:00+00:00,23.969,93.86276,1010.83496,3.671294,101.3099,0.6,100.0,53.0
2014-11-27 17:00:00+00:00,23.869001,94.428604,1011.0349,3.9763298,84.805664,0.6,100.0,53.0
2014-11-27 18:00:00+00:00,23.919,93.860504,1010.3352,4.39436,55.0079,0.9,99.0,53.0
2014-11-27 19:00:00+00:00,23.419,94.98546,1009.8345,4.6102495,38.65983,1.4,100.0,61.0
2014-11-27 20:00:00+00:00,23.369001,95.562126,1009.13477,3.4152596,18.435053,1.3,100.0,61.0
2014-11-27 21:00:00+00:00,23.419,94.98546,1008.4352,2.1897945,350.53775,1.3,100.0,61.0
2014-11-27 22:00:00+00:00,23.419,94.69748,1008.13525,2.3051248,321.34018,1.2,100.0,55.0
2014-11-27 23:00:00+00:00,23.519001,93.55787,1008.53546,5.0142193,338.9624,1.0,100.0,55.0
2014-11-28 00:00:00+00:00,23.869001,88.318756,1008.9359,5.5887027,345.06854,1.0,100.0,55.0
2014-11-28 01:00:00+00:00,23.319,94.406204,1009.2348,5.8048253,352.87506,1.0,100.0,55.0
2014-11-28 02:00:00+00:00,23.669,94.420456,1010.1351,5.0528407,4.085537,0.9,100.0,53.0
2014-11-28 03:00:00+00:00,24.969,86.8156,1011.2364,4.73506,8.746089,0.8,100.0,53.0
2014-11-28 04:00:00+00:00,25.019001,85.51198,1011.2364,5.04,360.0,0.8,100.0,53.0
2014-11-28 05:00:00+00:00,25.169,84.23734,1011.43665,5.506941,348.6901,0.8,100.0,53.0
2014-11-28 06:00:00+00:00,25.469,84.525894,1010.7373,5.937272,345.9637,1.1,100.0,55.0
2014-11-28 07:00:00+00:00,25.219,84.49927,1009.83734,6.696387,323.74606,0.8,100.0,53.0
2014-11-28 08:00:00+00:00,25.119001,86.56648,1008.9378,6.489992,303.6901,0.6,100.0,53.0
2014-11-28 09:00:00+00:00,25.019001,87.8793,1008.5376,7.072878,284.74362,1.0,100.0,55.0
2014-11-28 10:00:00+00:00,25.119001,87.35718,1008.6379,7.072878,284.74362,1.1,100.0,55.0
2014-11-28 11:00:00+00:00,24.219,92.18508,1008.9362,6.638072,282.5288,2.2,100.0,61.0
2014-11-28 12:00:00+00:00,24.069,94.151596,1009.13574,3.671294,258.6901,1.0,100.0,55.0
2014-11-28 13:00:00+00:00,23.819,96.15647,1010.0351,3.096837,215.53777,1.2,100.0,55.0
2014-11-28 14:00:00+00:00,24.019001,93.58123,1010.73505,2.6208394,195.94547,0.5,100.0,53.0
2014-11-28 15:00:00+00:00,23.869001,93.858246,1011.6346,0.71999997,180.0,0.5,100.0,53.0
2014-11-28 16:00:00+00:00,24.169,91.62505,1011.63495,2.5959969,146.3099,0.2,100.0,51.0
2014-11-28 17:00:00+00:00,23.869001,93.57422,1011.83453,2.5455842,135.0001,0.0,100.0,3.0
2014-11-28 18:00:00+00:00,24.269001,90.25193,1011.1352,1.9386592,111.801476,0.0,100.0,3.0
2014-11-28 19:00:00+00:00,24.519001,86.77407,1010.5361,0.8049845,116.56499,0.0,100.0,3.0
2014-11-28 20:00:00+00:00,24.519001,85.98454,1010.1362,0.35999998,270.0,0.0,100.0,3.0
2014-11-28 21:00:00+00:00,24.369001,86.76021,1009.33624,1.9386592,338.19852,0.2,100.0,51.0
2014-11-28 22:00:00+00:00,24.219,87.54376,1009.8358,2.1897945,80.53775,0.4,100.0,51.0
2014-11-28 23:00:00+00:00,24.019001,88.33112,1009.6355,2.4149535,116.56499,0.7,98.0,53.0
2014-11-29 00:00:00+00:00,23.469,91.58283,1009.9348,2.9024127,119.74479,1.2,98.0,55.0
2014-11-29 01:00:00+00:00,23.069,96.13517,1010.63385,2.5959969,123.690094,1.0,98.0,55.0
2014-11-29 02:00:00+00:00,23.719,94.709114,1011.5344,1.8,126.86999,0.7,99.0,53.0
2014-11-29 03:00:00+00:00,24.269001,89.43323,1012.23474,1.8,143.13002,0.6,96.0,53.0
2014-11-29 04:00:00+00:00,24.619001,87.04772,1012.835,1.8,180.0,0.7,100.0,53.0
2014-11-29 05:00:00+00:00,24.769001,86.5337,1012.33563,2.0991426,239.0363,0.7,100.0,53.0
2014-11-29 06:00:00+00:00,26.669,77.783875,1011.7387,3.4152596,288.43503,0.8,100.0,53.0
2014-11-29 07:00:00+00:00,25.769001,82.281586,1010.63794,5.154415,294.77512,0.2,100.0,51.0
2014-11-29 08:00:00+00:00,25.469,83.75969,1009.6378,7.172949,287.52567,0.1,100.0,51.0
2014-11-29 09:00:00+00:00,25.569,84.02536,1008.83844,7.42159,292.83368,0.1,100.0,51.0
2014-11-29 10:00:00+00:00,25.319,85.02462,1008.23846,6.87779,353.9911,1.0,96.0,55.0
2014-11-29 11:00:00+00:00,25.319,85.8018,1008.4384,5.7599998,360.0,0.2,78.0,51.0
2014-11-29 12:00:00+00:00,25.119001,87.35718,1008.7379,3.7585104,16.699326,0.1,99.0,51.0
2014-11-29 13:00:00+00:00,24.919,88.6731,1009.4372,3.396233,32.005356,0.0,94.0,3.0
2014-11-29 14:00:00+00:00,24.869001,88.669106,1010.0367,3.096837,35.537766,0.0,99.0,3.0
2014-11-29 15:00:00+00:00,24.669,90.5533,1010.5361,2.3051248,38.65983,0.2,98.0,51.0
2014-11-29 16:00:00+00:00,24.719,89.738266,1010.8363,2.3051248,51.34017,0.2,95.0,51.0
2014-11-29 17:00:00+00:00,24.519001,90.54319,1010.83594,2.0364676,44.999897,0.2,90.0,51.0
2014-11-29 18:00:00+00:00,24.069,92.45653,1010.6351,2.9024127,29.744795,0.0,96.0,3.0
2014-11-29 19:00:00+00:00,23.919,92.72928,1010.03534,4.6102495,38.65983,0.0,94.0,3.0
2014-11-29 20:00:00+00:00,23.769001,93.28609,1009.33545,4.3349743,41.63345,0.0,87.0,3.0
2014-11-29 21:00:00+00:00,23.819,93.00592,1008.93567,3.8268526,48.814175,0.2,91.0,51.0
2014-11-29 22:00:00+00:00,23.719,93.28366,1008.7357,1.2979984,146.3099,0.8,99.0,53.0
2014-11-29 23:00:00+00:00,23.569,94.41642,1008.73535,1.08,90.0,1.5,100.0,61.0
2014-11-30 00:00:00+00:00,23.969,89.95689,1008.73596,2.7416782,113.19862,0.9,100.0,53.0
2014-11-30 01:00:00+00:00,23.419,93.83812,1009.5346,2.16,90.0,1.6,100.0,61.0
2014-11-30 02:00:00+00:00,23.669,94.13452,1010.1351,3.4152596,108.43504,2.4,99.0,61.0
2014-11-30 03:00:00+00:00,24.669,90.00679,1011.1358,4.0249224,116.56499,2.5,98.0,63.0
2014-11-30 04:00:00+00:00,24.819,86.013756,1011.43604,4.198285,120.96369,1.1,93.0,55.0
2014-11-30 05:00:00+00:00,25.169,83.21792,1011.0368,2.3051248,128.65984,0.4,85.0,51.0
2014-11-30 06:00:00+00:00,25.869001,79.586235,1010.1382,1.0182338,224.9999,0.9,69.0,53.0
2014-11-30 07:00:00+00:00,26.319,78.20755,1009.1396,2.9024127,240.2552,0.0,72.0,2.0
2014-11-30 08:00:00+00:00,26.719,76.38492,1007.84045,2.3051248,231.34016,0.0,84.0,3.0
2014-11-30 09:00:00+00:00,26.669,76.37721,1007.04083,1.2979984,236.3099,0.1,87.0,51.0
2014-11-30 10:00:00+00:00,26.619001,76.36953,1006.94086,1.8,360.0,0.0,83.0,3.0
2014-11-30 11:00:00+00:00,26.119001,78.89661,1006.4405,1.5273507,315.0001,0.4,73.0,51.0
2014-11-30 12:00:00+00:00,25.919,80.32335,1007.23975,1.1384199,161.56496,0.3,83.0,51.0
2014-11-30 13:00:00+00:00,25.669,84.036285,1007.83887,2.968636,165.96373,0.1,83.0,51.0
2014-11-30 14:00:00+00:00,25.269001,84.248184,1008.9378,3.0758414,159.44388,0.2,87.0,51.0
2014-11-30 15:00:00+00:00,25.019001,84.477875,1009.837,3.7585104,163.30067,0.5,81.0,53.0
2014-11-30 16:00:00+00:00,24.919,84.724846,1010.13684,3.6179552,174.2895,0.2,54.0,51.0
2014-11-30 17:00:00+00:00,24.819,84.71431,1010.4365,3.6179552,185.7105,0.2,63.0,51.0
2014-11-30 18:00:00+00:00,24.719,84.70376,1009.83673,3.0758414,200.55612,0.0,65.0,2.0
2014-11-30 19:00:00+00:00,24.969,86.02832,1009.2373,3.6,233.13002,0.0,55.0,2.0
2014-11-30 20:00:00+00:00,24.619001,87.57868,1008.537,3.9763298,264.80566,0.0,71.0,2.0
2014-11-30 21:00:00+00:00,24.469,88.63707,1008.03687,3.6179552,275.7105,0.0,50.0,2.0
2014-11-30 22:00:00+00:00,24.819,85.75249,1007.43787,1.5273507,315.0001,0.0,91.0,3.0
2014-11-30 23:00:00+00:00,24.769001,85.486855,1007.3379,2.3051248,321.34018,0.0,87.0,3.0
2014-12-01 00:00:00+00:00,24.769001,84.967606,1007.73773,3.096837,324.46225,0.0,91.0,3.0
2014-12-01 01:00:00+00:00,24.919,83.69835,1008.13776,2.9024127,352.87506,0.0,90.0,3.0
2014-12-01 02:00:00+00:00,24.819,88.93416,1009.337,2.6208394,344.05453,0.0,80.0,3.0
2014-12-01 03:00:00+00:00,25.869001,80.807014,1010.1382,2.2768397,341.56494,0.0,71.0,2.0
2014-12-01 04:00:00+00:00,26.419,76.80574,1010.6389,2.5959969,326.3099,0.0,42.0,1.0
2014-12-01 05:00:00+00:00,26.919,74.12379,1010.1397,3.096837,324.46225,0.0,56.0,2.0
2014-12-01 06:00:00+00:00,27.519001,70.69223,1009.6409,3.096837,324.46225,0.0,60.0,2.0
2014-12-01 07:00:00+00:00,27.319,71.74391,1008.84094,3.8268526,311.18582,0.0,73.0,2.0
2014-12-01 08:00:00+00:00,27.419,71.54296,1007.9418,3.8939953,303.6901,0.0,82.0,3.0
2014-12-01 09:00:00+00:00,27.319,71.74391,1007.3416,4.1046314,307.87503,0.0,77.0,2.0
2014-12-01 10:00:00+00:00,27.219,72.82964,1007.1417,5.3517847,317.72638,0.0,97.0,3.0
2014-12-01 11:00:00+00:00,26.919,74.35023,1007.0412,5.3999996,306.86996,0.0,99.0,3.0
2014-12-01 12:00:00+00:00,26.719,75.92115,1007.6405,5.0911684,315.0001,0.0,96.0,3.0
2014-12-01 13:00:00+00:00,26.419,76.338684,1007.9402,4.6938257,327.52884,0.0,95.0,3.0
2014-12-01 14:00:00+00:00,26.269001,74.699104,1008.63947,5.154415,335.22488,0.0,98.0,3.0
2014-12-01 15:00:00+00:00,26.119001,73.53755,1009.8389,5.7599998,360.0,0.0,96.0,3.0
2014-12-01 16:00:00+00:00,25.819,73.48661,1010.4381,6.28713,13.240531,0.0,98.0,3.0
2014-12-01 17:00:00+00:00,25.519001,74.57622,1010.2378,6.9527545,21.25058,0.0,95.0,3.0
2014-12-01 18:00:00+00:00,25.269001,75.926254,1009.83734,6.792466,32.005356,0.0,99.0,3.0
2014-12-01 19:00:00+00:00,25.219,76.152534,1009.2377,5.1919937,33.6901,0.0,92.0,3.0
2014-12-01 20:00:00+00:00,25.069,75.6611,1008.5376,5.1919937,33.6901,0.0,86.0,3.0
2014-12-01 21:00:00+00:00,24.819,76.32533,1008.0376,4.6102495,38.65983,0.0,91.0,3.0
2014-12-01 22:00:00+00:00,24.369001,80.11757,1008.4367,4.0249224,26.564985,0.0,95.0,3.0
2014-12-01 23:00:00+00:00,24.669,76.53813,1008.63696,4.1046314,15.255177,0.0,97.0,3.0
2014-12-02 00:00:00+00:00,24.069,82.32853,1009.3357,3.319036,12.528798,0.0,98.0,3.0
2014-12-02 01:00:00+00:00,24.069,83.091125,1010.2353,2.4149535,26.564985,0.0,100.0,3.0
2014-12-02 02:00:00+00:00,24.919,76.34082,1011.3363,3.563818,44.999897,0.0,99.0,3.0
2014-12-02 03:00:00+00:00,25.419,72.96624,1012.03674,4.3349743,48.366554,0.0,100.0,3.0
2014-12-02 04:00:00+00:00,25.919,70.39704,1012.43744,4.6938257,57.528828,0.0,95.0,3.0
2014-12-02 05:00:00+00:00,26.419,69.19716,1012.5381,3.671294,78.6901,0.0,98.0,3.0
2014-12-02 06:00:00+00:00,26.669,69.45866,1012.1385,2.2768397,108.43504,0.0,92.0,3.0
2014-12-02 07:00:00+00:00,27.419,65.85404,1011.04034,0.35999998,90.0,0.0,83.0,3.0
2014-12-02 08:00:00+00:00,27.769001,65.11922,1009.94147,0.71999997,180.0,0.0,91.0,3.0
2014-12-02 09:00:00+00:00,27.719,65.51121,1009.14154,1.609969,243.43501,0.0,94.0,3.0
2014-12-02 10:00:00+00:00,27.769001,65.72356,1007.84235,1.08,360.0,0.0,87.0,3.0
2014-12-02 11:00:00+00:00,27.619001,66.91685,1007.94214,2.16,270.0,0.0,26.0,1.0
2014-12-02 12:00:00+00:00,27.219,70.42119,1008.9409,3.4152596,198.43504,0.0,36.0,1.0
2014-12-02 13:00:00+00:00,26.469,75.881996,1009.33954,3.9763298,185.19434,0.0,39.0,1.0
2014-12-02 14:00:00+00:00,25.719,83.53378,1010.8379,4.896529,162.89719,0.0,61.0,2.0
2014-12-02 15:00:00+00:00,25.369001,87.11542,1011.437,5.00128,149.74365,0.0,97.0,3.0
2014-12-02 16:00:00+00:00,25.369001,86.85229,1011.93677,5.6233797,129.80553,0.0,99.0,3.0
2014-12-02 17:00:00+00:00,25.169,87.3616,1011.93646,4.0249224,79.69521,0.0,94.0,3.0
2014-12-02 18:00:00+00:00,24.919,88.40496,1011.53625,3.319036,40.601215,0.0,95.0,3.0
2014-12-02 19:00:00+00:00,25.019001,87.61344,1010.9365,3.0758414,20.556128,0.0,96.0,3.0
2014-12-02 20:00:00+00:00,24.669,88.11664,1010.1362,3.319036,12.528798,0.0,90.0,3.0
2014-12-02 21:00:00+00:00,24.369001,88.35992,1009.5362,3.319036,12.528798,0.0,66.0,2.0
2014-12-02 22:00:00+00:00,24.169,88.3435,1009.9358,4.8965297,323.97253,0.0,54.0,2.0
2014-12-02 23:00:00+00:00,24.019001,87.526215,1010.3352,4.5536795,341.56494,0.0,52.0,2.0
2014-12-03 00:00:00+00:00,24.019001,86.46301,1010.5351,3.6179552,354.2895,0.0,24.0,1.0
2014-12-03 01:00:00+00:00,23.869001,87.513054,1011.0349,2.968636,14.036275,0.0,22.0,1.0
2014-12-03 02:00:00+00:00,24.769001,85.486855,1011.93585,4.6938257,32.471172,0.0,9.0,0.0
2014-12-03 03:00:00+00:00,26.069,78.88963,1012.8372,4.3498964,24.443953,0.0,19.0,0.0
2014-12-03 04:00:00+00:00,27.019001,72.130486,1012.9389,5.0142193,21.037588,0.0,16.0,0.0
2014-12-03 05:00:00+00:00,27.769001,68.39956,1012.34033,4.379589,9.462248,0.0,11.0,0.0
2014-12-03 06:00:00+00:00,28.419,65.857376,1011.8415,2.6208394,344.05453,0.0,8.0,0.0
2014-12-03 07:00:00+00:00,28.819,64.14916,1010.5427,2.0991426,300.96368,0.0,17.0,0.0
2014-12-03 08:00:00+00:00,29.219,62.873486,1009.1437,2.8799999,270.0,0.0,53.0,2.0
2014-12-03 09:00:00+00:00,29.069,64.5959,1008.24414,4.896529,252.89719,0.0,74.0,2.0
2014-12-03 10:00:00+00:00,28.269001,69.97301,1008.2428,9.504272,232.69597,0.0,32.0,1.0
2014-12-03 11:00:00+00:00,27.619001,74.465225,1008.8417,9.0,233.13002,0.2,41.0,51.0
2014-12-03 12:00:00+00:00,26.919,78.29359,1009.1402,8.209263,232.12495,0.2,59.0,51.0
2014-12-03 13:00:00+00:00,26.469,79.18561,1010.13916,6.8777895,222.87889,0.2,79.0,51.0
2014-12-03 14:00:00+00:00,25.869001,84.82447,1010.93787,5.1165614,219.28938,0.0,92.0,3.0
2014-12-03 15:00:00+00:00,25.569,86.34711,1011.83704,5.3999996,216.86998,0.0,97.0,3.0
2014-12-03 16:00:00+00:00,25.369001,87.11542,1012.13666,3.8268526,221.18582,0.0,95.0,3.0
2014-12-03 17:00:00+00:00,25.269001,87.90056,1012.33624,1.5273507,224.9999,0.0,97.0,3.0
2014-12-03 18:00:00+00:00,25.469,86.5992,1011.8368,0.8049845,333.43503,0.0,98.0,3.0
2014-12-03 19:00:00+00:00,25.069,87.088425,1011.4363,1.835647,11.3098955,0.0,99.0,3.0
2014-12-03 20:00:00+00:00,24.369001,90.53305,1010.93555,2.9024127,29.744795,0.0,97.0,3.0
2014-12-03 21:00:00+00:00,23.669,92.71612,1010.5349,3.6,36.86999,0.0,99.0,3.0
2014-12-03 22:00:00+00:00,23.269001,93.26168,1010.13434,2.9024127,29.744795,0.0,96.0,3.0
2014-12-03 23:00:00+00:00,23.219,91.288345,1010.2341,2.8116899,39.805527,0.0,92.0,3.0
2014-12-04 00:00:00+00:00,23.469,88.285706,1010.63446,4.1046314,52.124958,0.0,86.0,3.0
2014-12-04 01:00:00+00:00,23.319,85.86681,1011.3338,5.3999996,53.13002,0.0,70.0,2.0
2014-12-04 02:00:00+00:00,23.919,82.05734,1012.3343,8.0899935,57.724377,0.0,56.0,2.0
2014-12-04 03:00:00+00:00,24.869001,76.097855,1012.93536,8.699793,65.55606,0.0,46.0,1.0
2014-12-04 04:00:00+00:00,25.869001,71.04371,1013.2368,7.968939,71.564964,0.0,64.0,2.0
2014-12-04 05:00:00+00:00,26.819,66.54922,1012.93854,6.519877,83.659904,0.0,54.0,2.0
2014-12-04 06:00:00+00:00,27.569,64.0801,1012.14014,4.802999,102.99462,0.0,58.0,2.0
2014-12-04 07:00:00+00:00,28.019001,65.37211,1011.04126,3.563818,135.0001,0.0,50.0,2.0
2014-12-04 08:00:00+00:00,28.319,65.83684,1009.84204,5.4119864,183.814,0.0,75.0,2.0
2014-12-04 09:00:00+00:00,27.969,69.06872,1009.2421,8.4042845,189.86574,0.0,33.0,1.0
2014-12-04 10:00:00+00:00,27.219,73.49889,1009.2408,10.308831,192.09474,0.0,50.0,2.0
2014-12-04 11:00:00+00:00,26.819,75.47572,1009.3401,9.255571,193.49574,0.0,36.0,1.0
2014-12-04 12:00:00+00:00,26.569,76.59486,1009.7396,6.638072,192.5288,0.0,47.0,1.0
2014-12-04 13:00:00+00:00,26.169,77.94801,1010.0388,5.634891,206.56499,0.0,31.0,1.0
2014-12-04 14:00:00+00:00,25.669,81.27468,1011.0374,5.1919937,213.6901,0.0,9.0,0.0
2014-12-04 15:00:00+00:00,25.669,80.53545,1011.83704,3.096837,215.53777,0.0,3.0,0.0
2014-12-04 16:00:00+00:00,26.069,77.223045,1012.73724,1.2979984,146.3099,0.0,15.0,0.0
2014-12-04 17:00:00+00:00,25.719,79.08164,1012.737,1.8,126.86999,0.0,42.0,1.0
2014-12-04 18:00:00+00:00,25.069,82.448524,1012.2359,3.9763298,84.805664,0.0,47.0,1.0
2014-12-04 19:00:00+00:00,23.719,87.232475,1011.93427,4.896529,72.89719,0.0,16.0,0.0
2014-12-04 20:00:00+00:00,23.669,86.69516,1011.03467,7.24486,63.435013,0.0,3.0,0.0
2014-12-04 21:00:00+00:00,23.869001,85.13442,1010.6351,8.707237,60.255207,0.0,3.0,0.0
2014-12-04 22:00:00+00:00,23.669,82.28016,1010.5349,10.30883,65.22488,0.0,13.0,0.0
2014-12-04 23:00:00+00:00,23.319,78.74389,1010.4342,11.298495,67.52052,0.0,4.0,0.0
2014-12-05 00:00:00+00:00,22.919,77.71056,1010.73346,11.631956,68.19853,0.0,5.0,0.0
2014-12-05 01:00:00+00:00,22.619001,77.90942,1011.23267,11.631956,68.19853,0.0,2.0,0.0
2014-12-05 02:00:00+00:00,22.919,76.985374,1011.9329,12.10157,67.24899,0.0,5.0,0.0
2014-12-05 03:00:00+00:00,24.219,71.63071,1013.03436,11.298495,67.52052,0.0,7.0,0.0
2014-12-05 04:00:00+00:00,25.619001,64.26184,1012.9366,10.30883,65.22488,0.0,18.0,0.0
2014-12-05 05:00:00+00:00,26.969,56.071934,1012.9389,8.557102,67.75093,0.0,33.0,1.0
2014-12-05 06:00:00+00:00,27.819,51.19898,1012.4403,6.5693827,80.53775,0.0,41.0,1.0
2014-12-05 07:00:00+00:00,28.469,47.451553,1011.7416,4.452954,104.03627,0.0,55.0,2.0
2014-12-05 08:00:00+00:00,28.769001,46.336056,1010.6424,3.563818,135.0001,0.0,58.0,2.0
2014-12-05 09:00:00+00:00,28.769001,47.080074,1009.5429,3.219938,153.43501,0.0,52.0,2.0
2014-12-05 10:00:00+00:00,28.619001,48.252625,1009.04315,2.16,180.0,0.0,19.0,0.0
2014-12-05 11:00:00+00:00,28.269001,50.349983,1009.3423,1.609969,206.56499,0.0,3.0,0.0
2014-12-05 12:00:00+00:00,27.469,59.083954,1009.541,2.5959969,213.6901,0.0,0.0,0.0
2014-12-05 13:00:00+00:00,26.419,66.67425,1009.9393,2.8116899,219.80553,0.0,0.0,0.0
2014-12-05 14:00:00+00:00,25.219,73.38433,1011.0368,1.484318,165.96373,0.0,7.0,0.0
2014-12-05 15:00:00+00:00,25.569,67.757095,1011.63715,2.7416782,113.19862,0.0,20.0,1.0
2014-12-05 16:00:00+00:00,24.169,75.28339,1011.9349,4.6938252,94.39862,0.0,13.0,0.0
2014-12-05 17:00:00+00:00,22.769001,83.1971,1012.33234,5.0911684,81.86999,0.0,10.0,0.0
2014-12-05 18:00:00+00:00,22.719,83.44974,1011.6327,5.0911684,81.86999,0.0,17.0,0.0
2014-12-05 19:00:00+00:00,22.319,85.237305,1011.4322,5.506941,78.6901,0.0,10.0,0.0
2014-12-05 20:00:00+00:00,22.369001,84.190865,1010.6325,6.28713,76.75947,0.0,7.0,0.0
2014-12-05 21:00:00+00:00,22.419,83.415375,1010.4327,7.172949,72.47434,0.0,2.0,0.0
2014-12-05 22:00:00+00:00,22.419,82.898285,1009.9329,7.754637,68.19853,0.0,2.0,0.0
2014-12-05 23:00:00+00:00,22.369001,82.89238,1010.13275,8.707237,60.255207,0.0,2.0,0.0
2014-12-06 00:00:00+00:00,22.269001,82.88057,1010.5326,9.511088,60.524208,0.0,1.0,0.0
2014-12-06 01:00:00+00:00,22.069,82.85699,1010.9322,10.315115,60.75127,0.0,0.0,0.0
2014-12-06 02:00:00+00:00,22.519001,80.36803,1011.63245,11.435313,61.821507,0.0,1.0,0.0
2014-12-06 03:00:00+00:00,24.069,73.18671,1012.3343,10.495713,59.03632,0.0,14.0,0.0
2014-12-06 04:00:00+00:00,25.619001,65.07192,1012.53674,9.0,53.13002,0.0,30.0,1.0
2014-12-06 05:00:00+00:00,26.869001,57.29868,1012.33875,6.4096174,51.842735,0.0,46.0,1.0
2014-12-06 06:00:00+00:00,27.719,52.987564,1011.9403,2.9024127,60.255207,0.0,57.0,2.0
2014-12-06 07:00:00+00:00,28.419,52.997738,1011.0419,1.484318,194.03627,0.0,65.0,2.0
2014-12-06 08:00:00+00:00,28.669,53.73085,1010.14264,4.6938257,212.47118,0.0,75.0,2.0
2014-12-06 09:00:00+00:00,28.519001,55.74876,1009.24274,6.696387,216.25392,0.0,62.0,2.0
2014-12-06 10:00:00+00:00,28.019001,58.479244,1008.8423,8.942214,220.10085,0.0,54.0,2.0
2014-12-06 11:00:00+00:00,27.469,60.766167,1008.9413,8.669949,228.36655,0.0,54.0,2.0
2014-12-06 12:00:00+00:00,26.869001,63.93005,1009.3401,6.9153743,231.34016,0.0,46.0,1.0
2014-12-06 13:00:00+00:00,26.069,68.06713,1009.73865,5.3999996,233.13002,0.0,38.0,1.0
2014-12-06 14:00:00+00:00,24.769001,78.46461,1010.63635,5.3999996,233.13002,0.0,42.0,1.0
2014-12-06 15:00:00+00:00,26.219,64.591385,1011.63806,3.219938,243.43501,0.0,59.0,2.0
2014-12-06 16:00:00+00:00,25.969,65.96346,1012.0376,0.35999998,270.0,0.0,73.0,2.0
2014-12-06 17:00:00+00:00,25.619001,68.190216,1012.2369,0.5091169,135.0001,0.0,68.0,2.0
2014-12-06 18:00:00+00:00,25.219,71.14531,1011.7365,2.1897945,80.53775,0.0,77.0,2.0
2014-12-06 19:00:00+00:00,25.469,72.07805,1011.437,3.8773184,68.19853,0.0,75.0,2.0
2014-12-06 20:00:00+00:00,24.269001,78.392845,1010.9353,4.0249224,63.435013,0.0,76.0,2.0
2014-12-06 21:00:00+00:00,22.769001,86.344,1010.4333,4.510787,61.389645,0.0,86.0,3.0
2014-12-06 22:00:00+00:00,22.819,87.420364,1010.23334,4.8965297,53.972538,0.0,89.0,3.0
2014-12-06 23:00:00+00:00,23.419,85.087906,1010.03436,6.1094027,44.999897,0.0,94.0,3.0
2014-12-07 00:00:00+00:00,23.469,84.83169,1010.2347,6.3690495,42.709366,0.0,99.0,3.0
2014-12-07 01:00:00+00:00,23.319,85.33992,1010.934,6.8777895,42.878906,0.0,92.0,3.0
2014-12-07 02:00:00+00:00,23.719,84.85797,1011.63434,8.435069,50.194473,0.0,72.0,2.0
2014-12-07 03:00:00+00:00,25.169,79.490654,1012.23627,7.42159,50.906155,0.0,69.0,2.0
2014-12-07 04:00:00+00:00,26.619001,70.31002,1012.23846,7.653705,48.814175,0.0,58.0,2.0
2014-12-07 05:00:00+00:00,27.619001,65.69257,1011.74036,5.3517847,42.27363,0.0,54.0,2.0
2014-12-07 06:00:00+00:00,28.419,63.280827,1011.0419,2.5455842,351.87,0.0,64.0,2.0
2014-12-07 07:00:00+00:00,28.969,62.05222,1010.1429,2.1897945,279.46225,0.0,77.0,2.0
2014-12-07 08:00:00+00:00,29.219,62.298176,1008.94385,3.7585104,253.30067,0.0,70.0,2.0
2014-12-07 09:00:00+00:00,29.219,62.873486,1008.0442,5.154415,245.22488,0.0,81.0,3.0
2014-12-07 10:00:00+00:00,28.869001,65.548134,1007.9439,7.42159,230.90614,0.0,86.0,3.0
2014-12-07 11:00:00+00:00,28.269001,68.91551,1008.1428,8.714677,231.7098,0.0,96.0,3.0
2014-12-07 12:00:00+00:00,27.619001,72.67712,1008.4419,8.4963045,233.61555,0.0,97.0,3.0
2014-12-07 13:00:00+00:00,26.919,75.95238,1009.2402,6.9153743,231.34016,0.0,99.0,3.0
2014-12-07 14:00:00+00:00,26.369001,79.41264,1010.23914,5.1165614,230.71062,0.0,99.0,3.0
2014-12-07 15:00:00+00:00,25.669,84.547134,1011.23737,5.3999996,233.13002,0.0,100.0,3.0
2014-12-07 16:00:00+00:00,25.669,84.036285,1011.5372,4.510787,241.38963,0.0,99.0,3.0
2014-12-07 17:00:00+00:00,25.969,81.5598,1011.73773,2.6208394,254.05453,0.0,99.0,3.0
2014-12-07 18:00:00+00:00,25.869001,82.04417,1011.53754,1.2979984,303.6901,0.0,99.0,3.0
2014-12-07 19:00:00+00:00,25.469,85.0401,1010.8373,2.0991426,329.03632,0.0,94.0,3.0
2014-12-07 20:00:00+00:00,25.319,86.06223,1010.4375,2.0991426,329.03632,0.0,97.0,3.0
2014-12-07 21:00:00+00:00,24.919,87.8708,1009.937,2.6208394,344.05453,0.0,96.0,3.0
2014-12-07 22:00:00+00:00,24.269001,91.07721,1009.63586,3.2599385,6.3401003,0.0,77.0,2.0
2014-12-07 23:00:00+00:00,24.369001,89.98544,1009.4363,4.379589,9.462248,0.0,68.0,2.0
2014-12-08 00:00:00+00:00,24.419,90.262344,1009.93604,4.896529,17.102825,0.0,72.0,2.0
2014-12-08 01:00:00+00:00,24.419,90.262344,1010.5357,4.896529,17.102825,0.0,61.0,2.0
2014-12-08 02:00:00+00:00,24.969,89.48554,1011.4363,6.0347,17.354122,0.0,51.0,2.0
2014-12-08 03:00:00+00:00,26.169,82.329544,1012.1379,5.5887027,14.931467,0.0,23.0,1.0
2014-12-08 04:00:00+00:00,26.969,77.82766,1012.73895,3.6179552,5.7105074,0.0,23.0,1.0
2014-12-08 05:00:00+00:00,27.669,75.38159,1012.9398,1.8,323.13,0.0,38.0,1.0
2014-12-08 06:00:00+00:00,28.069,75.44499,1011.9409,2.6208394,254.05453,0.0,38.0,1.0
2014-12-08 07:00:00+00:00,28.369001,74.138794,1011.44135,4.0249224,243.43501,0.0,75.0,2.0
2014-12-08 08:00:00+00:00,28.319,73.46161,1010.3418,6.12,241.92761,2.0,50.0,61.0
2014-12-08 09:00:00+00:00,27.269001,77.16752,1009.64056,4.829907,243.43501,3.6,85.0,63.0
2014-12-08 10:00:00+00:00,27.319,78.35071,1008.84094,1.835647,258.6901,0.1,71.0,51.0
2014-12-08 11:00:00+00:00,26.969,80.21846,1009.14056,2.7416782,293.1986,0.0,87.0,3.0
2014-12-08 12:00:00+00:00,26.869001,79.96317,1009.8399,3.2599385,276.3401,0.0,88.0,3.0
2014-12-08 13:00:00+00:00,26.269001,83.091896,1010.43866,3.319036,229.39879,0.0,90.0,3.0
2014-12-08 14:00:00+00:00,25.919,85.3438,1010.83813,3.7064266,209.0545,0.0,49.0,1.0
2014-12-08 15:00:00+00:00,25.819,86.37079,1011.9374,4.0249224,169.6952,0.0,76.0,2.0
2014-12-08 16:00:00+00:00,25.069,90.03513,1012.6357,4.510787,151.38963,0.2,89.0,51.0
2014-12-08 17:00:00+00:00,25.019001,89.489235,1012.7357,4.198285,149.03632,0.0,97.0,3.0
2014-12-08 18:00:00+00:00,25.119001,88.95754,1012.23627,4.0249224,153.43501,0.0,98.0,3.0
2014-12-08 19:00:00+00:00,25.469,86.86147,1011.6369,0.8049845,63.435013,0.0,23.0,1.0
2014-12-08 20:00:00+00:00,25.069,88.4172,1011.4363,2.5455842,351.87,0.0,17.0,0.0
2014-12-08 21:00:00+00:00,25.069,88.150024,1011.1364,3.2399998,360.0,0.0,42.0,1.0
2014-12-08 22:00:00+00:00,24.269001,91.63106,1011.0353,4.5536795,18.435053,0.0,51.0,2.0
2014-12-08 23:00:00+00:00,24.869001,89.20769,1010.8363,3.8268526,41.185837,0.1,55.0,51.0
2014-12-09 00:00:00+00:00,24.719,89.4669,1011.0362,2.8116899,129.80553,0.1,76.0,51.0
2014-12-09 01:00:00+00:00,24.169,91.90328,1011.63495,4.3349743,138.36655,0.1,82.0,51.0
2014-12-09 02:00:00+00:00,24.669,92.21032,1012.43524,2.4149535,153.43501,0.0,94.0,3.0
2014-12-09 03:00:00+00:00,26.119001,83.83171,1013.53723,2.3051248,218.65984,0.0,94.0,3.0
2014-12-09 04:00:00+00:00,26.869001,79.240746,1014.3378,2.1897945,279.46225,0.0,92.0,3.0
2014-12-09 05:00:00+00:00,27.519001,76.0458,1013.7391,3.396233,302.00534,0.0,90.0,3.0
2014-12-09 06:00:00+00:00,28.069,73.4194,1012.9404,5.4833565,293.1986,0.0,84.0,3.0
2014-12-09 07:00:00+00:00,28.469,73.931915,1012.04144,7.172949,287.52567,0.0,70.0,2.0
2014-12-09 08:00:00+00:00,28.469,75.05485,1010.642,7.5685663,267.27374,0.0,64.0,2.0
2014-12-09 09:00:00+00:00,28.419,76.414406,1009.6425,8.647496,267.6141,0.5,79.0,53.0
2014-12-09 10:00:00+00:00,27.219,81.22411,1009.1408,9.0,270.0,5.2,82.0,63.0
2014-12-09 11:00:00+00:00,27.019001,80.7107,1008.9407,8.64,270.0,0.5,85.0,53.0
2014-12-09 12:00:00+00:00,26.669,80.1788,1010.0394,6.830519,251.56496,1.0,90.0,55.0
2014-12-09 13:00:00+00:00,26.119001,84.08539,1010.43866,5.00128,239.74365,0.2,84.0,51.0
2014-12-09 14:00:00+00:00,25.619001,90.61693,1011.3373,4.072935,224.9999,0.2,73.0,51.0
2014-12-09 15:00:00+00:00,25.869001,86.11527,1012.23724,3.319036,192.5288,0.0,65.0,2.0
2014-12-09 16:00:00+00:00,25.819,86.63178,1012.737,2.9024127,187.12492,0.0,58.0,2.0
2014-12-09 17:00:00+00:00,25.369001,87.90901,1013.03625,4.0249224,206.56499,0.0,56.0,2.0
2014-12-09 18:00:00+00:00,24.719,90.83094,1012.63544,3.096837,215.53777,0.0,88.0,3.0
2014-12-09 19:00:00+00:00,24.119001,95.0111,1012.1347,2.5455842,261.87,0.8,78.0,53.0
2014-12-09 20:00:00+00:00,23.769001,97.03065,1011.7343,1.8,306.86996,0.9,78.0,53.0
2014-12-09 21:00:00+00:00,23.619001,96.150764,1011.0343,4.452954,345.9637,1.0,90.0,55.0
2014-12-09 22:00:00+00:00,23.569,95.56864,1010.53455,7.42159,50.906155,0.8,100.0,53.0
2014-12-09 23:00:00+00:00,23.419,95.56375,1010.4342,5.3999996,36.86998,0.7,100.0,53.0
2014-12-10 00:00:00+00:00,23.819,92.4429,1011.1346,5.3999996,36.86998,0.5,100.0,53.0
2014-12-10 01:00:00+00:00,23.519001,95.27768,1011.43414,4.8433046,48.01287,0.8,97.0,53.0
2014-12-10 02:00:00+00:00,24.019001,94.149445,1011.9345,7.10031,59.53454,0.8,100.0,53.0
2014-12-10 03:00:00+00:00,24.719,91.65807,1012.63544,6.3690495,47.290634,0.4,99.0,51.0
2014-12-10 04:00:00+00:00,25.319,85.02462,1013.03625,2.2768397,18.435053,0.2,99.0,51.0
2014-12-10 05:00:00+00:00,26.269001,80.3694,1013.33734,1.8,233.13002,0.2,100.0,51.0
2014-12-10 06:00:00+00:00,26.819,78.75532,1012.7386,4.072935,224.9999,0.3,100.0,51.0
2014-12-10 07:00:00+00:00,26.869001,78.286446,1012.0389,5.495161,238.39255,0.6,100.0,53.0
2014-12-10 08:00:00+00:00,25.969,82.55553,1010.73816,6.1305785,220.23628,5.7,100.0,63.0
2014-12-10 09:00:00+00:00,25.969,81.5598,1009.93854,4.829907,206.56499,2.0,100.0,61.0
2014-12-10 10:00:00+00:00,25.969,83.3093,1009.4388,5.95906,244.98314,0.7,100.0,53.0
2014-12-10 11:00:00+00:00,25.769001,83.5394,1010.1382,4.32,270.0,1.2,100.0,55.0
2014-12-10 12:00:00+00:00,25.519001,85.56203,1010.6376,2.16,270.0,0.4,100.0,51.0
2014-12-10 13:00:00+00:00,25.119001,90.85704,1011.1368,1.08,90.0,0.1,100.0,51.0
2014-12-10 14:00:00+00:00,24.819,91.94104,1011.43604,3.2599385,96.340096,0.0,100.0,3.0
2014-12-10 15:00:00+00:00,24.169,94.72647,1012.33466,3.8773184,68.19853,0.0,100.0,3.0
2014-12-10 16:00:00+00:00,25.319,87.63949,1012.5365,4.510787,61.389645,0.0,98.0,3.0
2014-12-10 17:00:00+00:00,25.319,87.63949,1012.33655,5.634891,63.435013,0.0,99.0,3.0
2014-12-10 18:00:00+00:00,23.619001,94.992805,1011.634,4.829907,63.435013,0.0,100.0,3.0
2014-12-10 19:00:00+00:00,23.419,95.56375,1011.3338,4.6938252,85.60138,0.2,97.0,51.0
2014-12-10 20:00:00+00:00,23.519001,94.98914,1010.63446,3.4152596,108.43504,0.0,97.0,3.0
2014-12-10 21:00:00+00:00,24.169,91.34758,1010.1356,3.319036,102.5288,0.0,100.0,3.0
2014-12-10 22:00:00+00:00,23.869001,92.72665,1009.5356,5.0911684,98.13002,0.0,99.0,3.0
2014-12-10 23:00:00+00:00,23.219,95.55723,1009.7343,7.2805495,81.46932,0.0,99.0,3.0
2014-12-11 00:00:00+00:00,24.119001,91.06762,1010.0357,7.8954163,65.77226,0.2,98.0,51.0
2014-12-11 01:00:00+00:00,23.619001,94.13238,1010.53455,7.10031,59.53454,0.0,99.0,3.0
2014-12-11 02:00:00+00:00,24.269001,90.52631,1011.53503,6.12,61.92762,0.0,99.0,3.0
2014-12-11 03:00:00+00:00,25.119001,87.35718,1012.53613,4.8965297,53.972538,0.0,100.0,3.0
2014-12-11 04:00:00+00:00,25.769001,84.55774,1013.2368,2.8116899,50.194473,0.2,98.0,51.0
2014-12-11 05:00:00+00:00,26.269001,81.84455,1013.2374,1.2979984,303.6901,0.0,100.0,3.0
2014-12-11 06:00:00+00:00,27.019001,79.02206,1012.73895,3.2399998,270.0,0.1,100.0,51.0
2014-12-11 07:00:00+00:00,26.919,80.94173,1011.839,5.0528407,274.08554,0.3,99.0,51.0
2014-12-11 08:00:00+00:00,26.869001,79.48093,1010.43964,5.8603754,259.3804,3.4,99.0,63.0
2014-12-11 09:00:00+00:00,25.969,83.05737,1009.73865,4.73506,261.2539,4.4,100.0,63.0
2014-12-11 10:00:00+00:00,25.919,82.549576,1008.6391,3.6,323.13,0.5,100.0,53.0
2014-12-11 11:00:00+00:00,26.069,82.31757,1009.03894,4.829907,296.56497,0.2,100.0,51.0
2014-12-11 12:00:00+00:00,25.919,83.55626,1009.73865,4.379589,279.46225,0.0,100.0,3.0
2014-12-11 13:00:00+00:00,25.669,85.57697,1010.43774,4.896529,252.89719,0.1,100.0,51.0
2014-12-11 14:00:00+00:00,25.319,88.170815,1011.33704,4.829907,243.43501,0.1,99.0,51.0
2014-12-11 15:00:00+00:00,24.819,91.66405,1012.4356,1.4399999,180.0,0.2,99.0,51.0
2014-12-11 16:00:00+00:00,24.469,93.602165,1012.83466,1.484318,14.036275,0.0,97.0,3.0
2014-12-11 17:00:00+00:00,24.169,94.72647,1012.7345,2.3051248,51.34017,0.2,96.0,51.0
2014-12-11 18:00:00+00:00,24.019001,95.007454,1012.43427,3.396233,57.99466,0.8,84.0,53.0
2014-12-11 19:00:00+00:00,24.469,90.53981,1012.03503,2.2768397,71.564964,0.4,80.0,51.0
2014-12-11 20:00:00+00:00,24.019001,93.29825,1011.53467,2.5455842,81.86999,0.5,96.0,53.0
2014-12-11 21:00:00+00:00,23.919,93.860504,1010.73505,2.9024127,97.12492,0.2,100.0,51.0
2014-12-11 22:00:00+00:00,23.919,93.860504,1009.6355,3.9763298,95.19434,0.3,91.0,51.0
2014-12-11 23:00:00+00:00,23.619001,95.57027,1009.3351,4.68,90.0,0.0,77.0,2.0
2014-12-12 00:00:00+00:00,23.769001,93.85378,1009.63525,4.379589,80.53775,0.0,93.0,3.0
2014-12-12 01:00:00+00:00,23.469,94.41233,1010.83435,3.7585104,73.300674,0.0,98.0,3.0
2014-12-12 02:00:00+00:00,24.419,94.166466,1011.9351,5.495161,58.392544,0.0,88.0,3.0
2014-12-12 03:00:00+00:00,25.719,84.55247,1012.737,5.692099,55.304783,0.0,85.0,3.0
2014-12-12 04:00:00+00:00,26.419,80.38908,1013.13776,6.3690495,47.290634,0.0,90.0,3.0
2014-12-12 05:00:00+00:00,26.869001,78.286446,1012.7386,6.696387,53.74608,0.0,86.0,3.0
2014-12-12 06:00:00+00:00,27.369001,76.949196,1012.03986,6.297428,59.03632,0.0,94.0,3.0
2014-12-12 07:00:00+00:00,28.719,69.42187,1010.9423,3.319036,77.4712,0.0,91.0,3.0
2014-12-12 08:00:00+00:00,29.069,68.85908,1009.8434,2.5455842,188.13002,0.0,95.0,3.0
2014-12-12 09:00:00+00:00,28.969,70.315475,1009.2433,4.8965297,216.02747,0.0,99.0,3.0
2014-12-12 10:00:00+00:00,27.469,77.19734,1008.9413,8.0899935,212.27562,9.3,100.0,65.0
2014-12-12 11:00:00+00:00,26.619001,80.17221,1009.13983,8.161764,228.57643,1.3,100.0,61.0
2014-12-12 12:00:00+00:00,26.319,81.35651,1010.0392,4.5536795,251.56496,0.0,100.0,3.0
2014-12-12 13:00:00+00:00,25.019001,89.76003,1010.6366,0.71999997,360.0,0.7,100.0,53.0
2014-12-12 14:00:00+00:00,24.719,92.4918,1011.536,3.319036,347.4712,0.4,100.0,51.0
2014-12-12 15:00:00+00:00,24.669,92.21032,1012.835,4.198285,329.03632,0.2,100.0,51.0
2014-12-12 16:00:00+00:00,24.769001,90.56003,1013.33514,4.896529,342.8972,0.0,100.0,3.0
2014-12-12 17:00:00+00:00,24.819,90.563416,1013.33514,3.9763298,354.80566,0.0,100.0,3.0
2014-12-12 18:00:00+00:00,24.869001,90.02098,1012.7355,4.198285,30.963696,0.0,100.0,3.0
2014-12-12 19:00:00+00:00,25.019001,87.34832,1012.2359,3.6,53.13002,0.0,100.0,3.0
2014-12-12 20:00:00+00:00,24.769001,88.6611,1011.23615,4.73506,81.25392,0.0,100.0,3.0
2014-12-12 21:00:00+00:00,24.819,86.013756,1010.4365,5.0911684,81.86999,0.0,99.0,3.0
2014-12-12 22:00:00+00:00,24.819,85.4919,1010.2366,3.8939953,56.3099,0.0,98.0,3.0
2014-12-12 23:00:00+00:00,24.569,86.514915,1010.5361,3.5455887,66.037506,0.0,90.0,3.0
2014-12-13 00:00:00+00:00,24.669,85.216675,1010.63605,5.0528407,85.91447,0.0,82.0,3.0
2014-12-13 01:00:00+00:00,24.569,85.727745,1011.2358,6.849467,93.012726,0.0,23.0,1.0
2014-12-13 02:00:00+00:00,24.969,84.730125,1012.036,6.8399997,90.0,0.0,15.0,0.0
2014-12-13 03:00:00+00:00,25.669,82.01985,1013.0365,6.849467,86.98728,0.0,22.0,1.0
2014-12-13 04:00:00+00:00,26.519001,78.952484,1013.4377,5.4119864,86.186005,0.0,12.0,0.0
2014-12-13 05:00:00+00:00,27.319,75.554924,1013.33887,3.671294,78.6901,0.0,25.0,1.0
2014-12-13 06:00:00+00:00,27.869001,72.94148,1012.4403,1.1384199,18.435053,0.0,78.0,2.0
2014-12-13 07:00:00+00:00,28.119001,72.32351,1011.641,4.1046314,254.74483,0.1,42.0,51.0
2014-12-13 08:00:00+00:00,28.119001,74.097496,1010.74146,6.28713,256.75946,0.1,61.0,51.0
2014-12-13 09:00:00+00:00,27.969,76.34555,1009.7419,8.311245,252.3498,0.3,70.0,51.0
2014-12-13 10:00:00+00:00,27.019001,78.0711,1009.7403,6.489992,266.82022,4.6,75.0,63.0
2014-12-13 11:00:00+00:00,26.969,78.06389,1009.94025,5.771239,273.57626,0.3,77.0,51.0
2014-12-13 12:00:00+00:00,26.569,78.72017,1010.3393,5.904439,307.56866,0.2,85.0,51.0
2014-12-13 13:00:00+00:00,25.369001,85.02976,1011.0372,7.289445,327.09476,0.9,92.0,53.0
2014-12-13 14:00:00+00:00,25.119001,86.829346,1011.63654,7.4128532,330.9455,0.2,95.0,51.0
2014-12-13 15:00:00+00:00,25.069,87.61783,1012.53577,6.9527545,338.74942,0.0,96.0,3.0
2014-12-13 16:00:00+00:00,25.069,88.4172,1013.1355,6.924738,351.02744,0.0,95.0,3.0
2014-12-13 17:00:00+00:00,25.119001,88.42125,1013.23584,6.489992,356.82022,0.0,88.0,3.0
2014-12-13 18:00:00+00:00,25.069,88.68507,1013.1355,5.771239,356.42374,0.0,84.0,3.0
2014-12-13 19:00:00+00:00,25.319,88.43756,1012.03674,4.379589,9.462248,0.0,58.0,2.0
2014-12-13 20:00:00+00:00,25.219,88.42942,1011.63654,4.3349743,41.63345,0.0,46.0,1.0
2014-12-13 21:00:00+00:00,24.869001,90.02098,1011.13617,3.671294,78.6901,0.0,35.0,1.0
2014-12-13 22:00:00+00:00,24.469,91.64309,1010.8356,4.0249224,100.30479,0.0,33.0,1.0
2014-12-13 23:00:00+00:00,24.269001,91.90911,1010.8353,4.6800003,112.61991,0.0,40.0,1.0
2014-12-14 00:00:00+00:00,24.219,91.35068,1011.4351,5.495161,121.60746,0.0,43.0,1.0
2014-12-14 01:00:00+00:00,24.169,91.34758,1011.9349,5.1919937,123.690094,0.0,44.0,1.0
2014-12-14 02:00:00+00:00,24.919,88.13751,1012.53577,5.3517847,109.653915,0.0,46.0,1.0
2014-12-14 03:00:00+00:00,25.969,82.05635,1013.0371,5.0528407,94.08554,0.0,51.0,2.0
2014-12-14 04:00:00+00:00,26.619001,79.20631,1013.33795,4.452954,75.96373,0.0,65.0,2.0
2014-12-14 05:00:00+00:00,27.469,74.89403,1012.93945,4.8965297,53.972538,0.0,83.0,3.0
2014-12-14 06:00:00+00:00,28.219,71.25177,1012.141,2.8116899,39.805527,0.0,92.0,3.0
2014-12-14 07:00:00+00:00,28.519001,70.23245,1011.34174,1.4399999,270.0,0.0,93.0,3.0
2014-12-14 08:00:00+00:00,28.469,71.947685,1010.34216,3.7064266,240.94548,0.1,100.0,51.0
2014-12-14 09:00:00+00:00,27.819,74.72392,1009.64154,5.154415,245.22488,0.2,98.0,51.0
2014-12-14 10:00:00+00:00,27.369001,78.12149,1009.541,5.6920996,251.56496,0.3,100.0,51.0
2014-12-14 11:00:00+00:00,27.369001,77.8858,1009.7409,6.87779,263.9911,0.2,98.0,51.0
2014-12-14 12:00:00+00:00,26.869001,80.69134,1010.1397,7.42159,284.03625,0.0,92.0,3.0
2014-12-14 13:00:00+00:00,26.469,81.1294,1011.03876,7.9036193,300.06848,0.1,82.0,51.0
2014-12-14 14:00:00+00:00,26.169,83.08038,1012.0379,7.491114,305.21768,0.0,24.0,1.0
2014-12-14 15:00:00+00:00,25.969,84.57897,1012.8372,7.42159,309.09384,0.0,29.0,1.0
2014-12-14 16:00:00+00:00,25.819,85.591934,1013.4367,6.638072,319.39877,0.0,19.0,0.0
2014-12-14 17:00:00+00:00,25.719,86.62247,1013.33673,6.696387,323.74606,0.0,26.0,1.0
2014-12-14 18:00:00+00:00,25.469,87.9175,1013.03625,6.6185193,337.6198,0.0,17.0,0.0
2014-12-14 19:00:00+00:00,25.419,88.71294,1012.4366,6.130579,356.6336,0.0,39.0,1.0
2014-12-14 20:00:00+00:00,25.169,89.770935,1011.93646,4.2136917,19.983198,0.0,13.0,0.0
2014-12-14 21:00:00+00:00,24.769001,91.93812,1011.23615,4.3349743,41.63345,0.0,22.0,1.0
2014-12-14 22:00:00+00:00,24.269001,93.028625,1010.7354,3.319036,77.4712,0.0,10.0,0.0
2014-12-14 23:00:00+00:00,23.969,93.578926,1011.0349,4.3349743,85.23644,0.0,6.0,0.0
2014-12-15 00:00:00+00:00,23.669,93.849335,1011.1346,4.0249224,79.69521,0.0,10.0,0.0
2014-12-15 01:00:00+00:00,23.519001,93.84258,1011.634,4.0249224,63.435013,0.0,7.0,0.0
2014-12-15 02:00:00+00:00,24.769001,90.28658,1012.4356,6.12,61.92762,0.0,31.0,1.0
2014-12-15 03:00:00+00:00,26.119001,82.32356,1013.1374,5.3999996,53.13002,0.0,52.0,2.0
2014-12-15 04:00:00+00:00,26.919,77.82035,1013.23834,3.8268526,48.814175,0.0,5.0,0.0
2014-12-15 05:00:00+00:00,27.719,73.80696,1013.3396,1.484318,14.036275,0.0,5.0,0.0
2014-12-15 06:00:00+00:00,28.169,71.45949,1012.5406,1.1384199,251.56496,0.0,10.0,0.0
2014-12-15 07:00:00+00:00,28.569,68.34599,1011.8415,3.7064266,240.94548,0.0,22.0,1.0
2014-12-15 08:00:00+00:00,28.469,69.79782,1010.5421,5.1919937,236.3099,0.1,28.0,51.0
2014-12-15 09:00:00+00:00,28.369001,70.8474,1009.44226,7.289445,237.09476,0.0,26.0,1.0
2014-12-15 10:00:00+00:00,27.969,74.52246,1008.8423,10.1887,237.99466,0.0,21.0,1.0
2014-12-15 11:00:00+00:00,27.519001,76.73933,1008.9413,10.630672,241.69934,0.0,14.0,0.0
2014-12-15 12:00:00+00:00,26.969,79.49456,1009.24054,9.339208,242.44727,0.0,24.0,1.0
2014-12-15 13:00:00+00:00,26.419,82.11083,1009.8393,6.725354,254.47583,0.0,52.0,2.0
2014-12-15 14:00:00+00:00,26.019001,84.32904,1011.038,5.771239,273.57626,0.0,58.0,2.0
2014-12-15 15:00:00+00:00,25.619001,86.61314,1012.3368,6.6087217,299.35767,0.0,74.0,2.0
2014-12-15 16:00:00+00:00,25.569,87.13341,1012.63666,7.42159,320.90613,0.0,67.0,2.0
2014-12-15 17:00:00+00:00,25.369001,88.70895,1012.33655,7.42159,337.1663,0.0,51.0,2.0
2014-12-15 18:00:00+00:00,25.169,90.042206,1011.8364,6.9899354,348.11136,0.0,22.0,1.0
2014-12-15 19:00:00+00:00,25.169,89.50038,1011.43665,4.6938252,4.398633,0.0,21.0,1.0
2014-12-15 20:00:00+00:00,24.769001,91.109055,1010.7364,3.8773184,21.801476,0.0,12.0,0.0
2014-12-15 21:00:00+00:00,24.219,93.30795,1010.23566,2.9024127,29.744795,0.0,11.0,0.0
2014-12-15 22:00:00+00:00,23.819,93.85606,1010.23505,4.198285,30.963696,0.0,32.0,1.0
2014-12-15 23:00:00+00:00,23.619001,93.84707,1009.9348,4.198285,30.963696,0.0,59.0,2.0
2014-12-16 00:00:00+00:00,23.969,91.61304,1010.4352,4.6102495,38.65983,0.0,76.0,2.0
2014-12-16 01:00:00+00:00,24.119001,89.967606,1010.8353,5.3517847,42.27363,0.0,89.0,3.0
2014-12-16 02:00:00+00:00,24.569,87.84097,1011.73553,6.618519,44.999897,0.0,84.0,3.0
2014-12-16 03:00:00+00:00,25.769001,81.783134,1012.737,5.3517847,47.72637,0.0,60.0,2.0
2014-12-16 04:00:00+00:00,26.819,74.56093,1013.03845,4.6102495,51.34017,0.0,53.0,2.0
2014-12-16 05:00:00+00:00,27.319,71.96332,1012.6392,4.0249224,63.435013,0.0,62.0,2.0
2014-12-16 06:00:00+00:00,27.919,69.90771,1012.1404,2.1897945,99.46225,0.0,72.0,2.0
2014-12-16 07:00:00+00:00,28.269001,69.54831,1011.0415,2.6208394,164.05453,0.0,87.0,3.0
2014-12-16 08:00:00+00:00,28.419,70.64175,1010.04236,4.0249224,190.3048,0.0,88.0,3.0
2014-12-16 09:00:00+00:00,28.269001,71.91236,1009.0424,6.28713,203.6294,0.6,89.0,53.0
2014-12-16 10:00:00+00:00,27.419,75.34184,1008.8413,4.0249224,206.56499,4.0,98.0,63.0
2014-12-16 11:00:00+00:00,26.869001,77.10772,1009.1402,2.6208394,164.05453,2.2,93.0,61.0
2014-12-16 12:00:00+00:00,26.619001,78.488594,1009.3398,1.9386592,201.80147,0.0,91.0,3.0
2014-12-16 13:00:00+00:00,26.269001,81.59705,1009.9389,3.396233,237.99466,0.0,93.0,3.0
2014-12-16 14:00:00+00:00,26.319,80.13248,1010.93884,3.9763298,264.80566,0.0,82.0,3.0
2014-12-16 15:00:00+00:00,25.769001,84.302155,1011.8374,4.0249224,280.30478,0.0,44.0,1.0
2014-12-16 16:00:00+00:00,25.069,88.4172,1012.036,4.510787,298.61035,0.0,42.0,1.0
2014-12-16 17:00:00+00:00,24.619001,90.27622,1011.9355,4.3349743,311.63345,0.0,33.0,1.0
2014-12-16 18:00:00+00:00,24.569,90.27278,1011.4357,4.829907,333.43503,0.0,39.0,1.0
2014-12-16 19:00:00+00:00,24.919,88.40496,1010.9365,5.0911684,351.87,0.0,35.0,1.0
2014-12-16 20:00:00+00:00,25.069,86.82477,1010.43677,4.6938252,355.60138,0.0,43.0,1.0
2014-12-16 21:00:00+00:00,25.069,85.77717,1009.837,3.9763298,5.19435,0.0,46.0,1.0
2014-12-16 22:00:00+00:00,24.969,85.76732,1009.4372,3.9763298,5.19435,0.0,72.0,2.0
2014-12-16 23:00:00+00:00,24.819,86.27574,1009.337,4.452954,14.036275,0.0,88.0,3.0
2014-12-17 00:00:00+00:00,24.719,86.52901,1010.0367,4.73506,8.746089,0.0,91.0,3.0
2014-12-17 01:00:00+00:00,24.619001,87.8452,1010.5361,5.04,360.0,0.0,94.0,3.0
2014-12-17 02:00:00+00:00,25.019001,87.08388,1011.3363,6.5693827,9.462261,0.0,81.0,3.0
2014-12-17 03:00:00+00:00,25.819,83.29221,1012.13727,7.5170207,16.699326,0.0,75.0,2.0
2014-12-17 04:00:00+00:00,26.519001,79.19251,1012.2382,7.754637,21.801476,0.0,83.0,3.0
2014-12-17 05:00:00+00:00,27.069,75.975784,1012.13916,6.489992,19.440128,0.0,83.0,3.0
2014-12-17 06:00:00+00:00,27.619001,72.67712,1011.3405,6.162207,6.70975,0.0,91.0,3.0
2014-12-17 07:00:00+00:00,27.769001,73.14618,1010.0414,6.28713,13.240531,0.1,98.0,51.0
2014-12-17 08:00:00+00:00,27.819,72.7117,1009.0418,5.0911684,44.999897,0.6,97.0,53.0
2014-12-17 09:00:00+00:00,27.469,75.3498,1008.54144,2.16,90.0,0.5,100.0,53.0
2014-12-17 10:00:00+00:00,27.069,77.606735,1008.0411,1.484318,104.03627,0.8,100.0,53.0
2014-12-17 11:00:00+00:00,26.519001,82.870186,1008.24005,0.8049845,26.564985,1.2,100.0,55.0
2014-12-17 12:00:00+00:00,25.769001,91.17227,1008.73883,1.08,360.0,1.4,100.0,61.0
2014-12-17 13:00:00+00:00,25.219,92.24107,1009.2377,2.7416782,23.198618,1.3,100.0,61.0
2014-12-17 14:00:00+00:00,24.819,92.77635,1009.83673,4.8965297,36.027473,1.4,100.0,61.0
2014-12-17 15:00:00+00:00,24.619001,91.92941,1010.63605,5.0911684,44.999897,1.2,100.0,55.0
2014-12-17 16:00:00+00:00,24.369001,91.9149,1010.4358,5.904439,52.431335,0.7,99.0,53.0
2014-12-17 17:00:00+00:00,24.169,91.34758,1010.7354,5.3999996,53.13002,0.6,100.0,53.0
2014-12-17 18:00:00+00:00,23.919,90.778336,1010.03534,6.6087217,60.64234,0.7,99.0,53.0
2014-12-17 19:00:00+00:00,24.169,81.08394,1009.43604,7.289444,69.775055,0.0,100.0,3.0
2014-12-17 20:00:00+00:00,24.169,80.090805,1009.53595,7.5942073,95.44024,0.0,100.0,3.0
2014-12-17 21:00:00+00:00,23.019001,91.83592,1009.2342,7.208994,87.13766,1.5,100.0,61.0
2014-12-17 22:00:00+00:00,22.969,92.67909,1009.534,4.6938252,94.39862,1.5,100.0,61.0
2014-12-17 23:00:00+00:00,23.319,88.27326,1009.8345,4.3498964,65.55606,2.6,100.0,63.0
2014-12-18 00:00:00+00:00,23.319,86.92915,1010.03436,4.452954,14.036275,2.4,100.0,61.0
2014-12-18 01:00:00+00:00,22.819,93.81113,1010.4333,5.4119864,3.8140097,1.5,100.0,61.0
2014-12-18 02:00:00+00:00,23.119001,92.404526,1011.0337,6.6185193,22.380184,0.3,100.0,51.0
2014-12-18 03:00:00+00:00,23.969,85.930756,1011.73456,7.729527,27.758451,0.1,100.0,51.0
2014-12-18 04:00:00+00:00,24.569,83.659195,1011.9355,7.127636,44.999897,0.1,100.0,51.0
2014-12-18 05:00:00+00:00,24.869001,82.67687,1011.8358,5.991594,57.264786,0.1,97.0,51.0
2014-12-18 06:00:00+00:00,25.419,80.25732,1011.2371,7.5685663,64.65388,0.2,99.0,51.0
2014-12-18 07:00:00+00:00,26.119001,79.13717,1010.2388,6.439876,63.435013,0.7,98.0,53.0
2014-12-18 08:00:00+00:00,26.719,76.61775,1009.2398,7.10031,59.53454,0.2,99.0,51.0
2014-12-18 09:00:00+00:00,26.969,75.49951,1008.4409,3.8268526,41.185837,0.6,100.0,53.0
2014-12-18 10:00:00+00:00,27.169,74.84548,1008.3412,1.9386592,248.19853,1.1,100.0,55.0
2014-12-18 11:00:00+00:00,26.719,77.319954,1008.5401,3.563818,224.9999,0.2,100.0,51.0
2014-12-18 12:00:00+00:00,26.369001,80.87133,1009.1396,3.6,216.86998,0.2,99.0,51.0
2014-12-18 13:00:00+00:00,25.819,84.563065,1009.6384,0.0,270.0,1.1,98.0,55.0
2014-12-18 14:00:00+00:00,25.569,87.13341,1010.73755,2.5959969,56.309914,0.5,100.0,53.0
2014-12-18 15:00:00+00:00,24.869001,91.11542,1011.8358,3.9763298,95.19434,0.3,100.0,51.0
2014-12-18 16:00:00+00:00,24.569,92.20473,1012.33527,5.4477882,82.40546,0.1,100.0,51.0
2014-12-18 17:00:00+00:00,24.569,91.37236,1012.43524,7.42159,75.96373,0.1,100.0,51.0
2014-12-18 18:00:00+00:00,24.719,90.28315,1012.03577,6.830519,71.564964,0.0,100.0,3.0
2014-12-18 19:00:00+00:00,24.419,89.71638,1011.6352,5.6920996,71.564964,0.6,100.0,53.0
2014-12-18 20:00:00+00:00,23.719,94.709114,1011.33453,4.5536795,71.564964,0.4,100.0,51.0
2014-12-18 21:00:00+00:00,23.719,94.13666,1010.7348,5.0911684,81.86999,0.6,100.0,53.0
2014-12-18 22:00:00+00:00,23.719,93.28366,1010.23505,4.6102495,38.65983,0.4,100.0,51.0
2014-12-18 23:00:00+00:00,23.719,92.71875,1010.6348,4.198285,59.03632,0.3,99.0,51.0
2014-12-19 00:00:00+00:00,24.169,87.53935,1011.0353,3.8268526,41.185837,0.2,100.0,51.0
2014-12-19 01:00:00+00:00,24.219,86.746315,1011.4351,3.8268526,48.814175,0.0,100.0,3.0
2014-12-19 02:00:00+00:00,24.419,85.97477,1012.13495,2.9024127,82.875084,0.0,100.0,3.0
2014-12-19 03:00:00+00:00,25.019001,84.22108,1013.0355,3.5455887,113.962494,0.0,100.0,3.0
2014-12-19 04:00:00+00:00,26.019001,80.09258,1013.53687,1.4399999,90.0,0.0,100.0,3.0
2014-12-19 05:00:00+00:00,26.869001,76.64061,1013.3383,3.0758414,69.44387,0.0,100.0,3.0
2014-12-19 06:00:00+00:00,27.519001,73.997986,1013.13934,0.35999998,90.0,0.0,100.0,3.0
2014-12-19 07:00:00+00:00,26.619001,76.83604,1012.1385,2.7416782,66.801384,0.0,98.0,3.0
2014-12-19 08:00:00+00:00,26.919,75.26208,1011.03937,2.4149535,63.435013,0.0,98.0,3.0
2014-12-19 09:00:00+00:00,26.819,76.4003,1010.43964,1.2979984,213.6901,0.0,98.0,3.0
2014-12-19 10:00:00+00:00,26.419,78.699036,1010.539,3.2399998,270.0,0.4,100.0,51.0
2014-12-19 11:00:00+00:00,26.269001,79.88288,1010.1388,2.9024127,299.74478,0.2,99.0,51.0
2014-12-19 12:00:00+00:00,26.169,80.84566,1010.9385,1.484318,255.96373,0.0,100.0,3.0
2014-12-19 13:00:00+00:00,25.969,80.81994,1011.5378,2.8799999,360.0,0.0,99.0,3.0
2014-12-19 14:00:00+00:00,25.769001,80.79412,1012.33716,3.4152596,18.435053,0.0,100.0,3.0
2014-12-19 15:00:00+00:00,25.469,81.497444,1013.13617,3.7064266,29.054508,0.0,100.0,3.0
2014-12-19 16:00:00+00:00,25.219,81.96495,1013.8355,3.8268526,41.185837,0.0,100.0,3.0
2014-12-19 17:00:00+00:00,25.019001,82.19116,1014.235,3.219938,63.435013,0.0,100.0,3.0
2014-12-19 18:00:00+00:00,24.769001,83.17195,1013.8349,3.0758414,69.44387,0.0,100.0,3.0
2014-12-19 19:00:00+00:00,24.569,88.9146,1013.0349,2.7416782,66.801384,0.4,100.0,51.0
2014-12-19 20:00:00+00:00,24.369001,89.440704,1012.63477,2.5959969,33.6901,0.5,100.0,53.0
2014-12-19 21:00:00+00:00,23.969,92.171005,1011.83453,2.7416782,23.198618,0.5,100.0,53.0
2014-12-19 22:00:00+00:00,23.619001,94.41843,1011.53406,5.6233797,309.8055,0.6,100.0,53.0
2014-12-19 23:00:00+00:00,23.469,94.12596,1011.53406,4.802999,347.00537,0.4,100.0,51.0
2014-12-20 00:00:00+00:00,23.769001,89.12325,1011.4345,6.9247384,27.897186,0.2,100.0,51.0
2014-12-20 01:00:00+00:00,23.369001,92.41825,1011.73364,9.673221,44.999897,0.1,100.0,51.0
2014-12-20 02:00:00+00:00,23.869001,86.44878,1012.13434,11.792404,58.736336,0.0,100.0,3.0
2014-12-20 03:00:00+00:00,24.219,83.61984,1012.9344,13.202726,64.133705,0.0,100.0,3.0
2014-12-20 04:00:00+00:00,24.719,78.45744,1012.5355,13.049689,65.55606,0.0,100.0,3.0
2014-12-20 05:00:00+00:00,25.219,72.93165,1012.33624,12.10157,67.24899,0.0,91.0,3.0
2014-12-20 06:00:00+00:00,25.619001,69.90632,1011.7371,10.829958,68.5522,0.0,100.0,3.0
2014-12-20 07:00:00+00:00,26.469,67.51608,1011.03876,9.227524,69.44388,0.0,100.0,3.0
2014-12-20 08:00:00+00:00,26.619001,66.50849,1010.2394,8.089993,69.14546,0.0,100.0,3.0
2014-12-20 09:00:00+00:00,26.519001,66.69456,1009.63934,6.439876,63.435013,0.0,100.0,3.0
2014-12-20 10:00:00+00:00,26.319,67.69566,1009.4395,4.3349743,41.63345,0.0,100.0,3.0
2014-12-20 11:00:00+00:00,25.869001,70.17027,1009.33856,5.8603754,47.489597,0.0,100.0,3.0
2014-12-20 12:00:00+00:00,25.419,71.18175,1009.53784,5.991594,57.264786,0.0,100.0,3.0
2014-12-20 13:00:00+00:00,25.019001,71.77474,1009.937,6.151683,69.44387,0.0,100.0,3.0
2014-12-20 14:00:00+00:00,24.769001,72.40217,1010.63635,6.725354,74.47583,0.0,63.0,2.0
2014-12-20 15:00:00+00:00,24.519001,73.950455,1011.3357,6.0347,72.64589,0.0,93.0,3.0
2014-12-20 16:00:00+00:00,24.269001,75.5336,1011.63495,6.28713,76.75947,0.0,100.0,3.0
2014-12-20 17:00:00+00:00,23.569,82.01446,1011.734,4.6938252,85.60138,0.0,100.0,3.0
2014-12-20 18:00:00+00:00,23.519001,84.05713,1011.634,3.6179552,95.7105,0.0,99.0,3.0
2014-12-20 19:00:00+00:00,23.969,78.83612,1011.2348,3.6179552,95.7105,0.0,100.0,3.0
2014-12-20 20:00:00+00:00,24.219,77.661865,1010.7354,3.219938,63.435013,0.0,95.0,3.0
2014-12-20 21:00:00+00:00,23.219,83.76504,1010.0342,2.8116899,39.805527,0.0,85.0,3.0
2014-12-20 22:00:00+00:00,22.419,88.19821,1009.9329,2.968636,75.96373,0.0,65.0,2.0
2014-12-20 23:00:00+00:00,22.869001,85.55771,1010.43365,4.802999,77.00539,0.0,96.0,3.0
2014-12-21 00:00:00+00:00,22.969,85.04117,1010.2337,6.151683,69.44387,0.0,97.0,3.0
2014-12-21 01:00:00+00:00,22.919,84.51198,1010.83344,7.5685663,64.65388,0.0,95.0,3.0
2014-12-21 02:00:00+00:00,23.269001,83.77064,1011.13385,8.707237,60.255207,0.0,85.0,3.0
2014-12-21 03:00:00+00:00,24.519001,79.40129,1011.73553,8.161764,48.57643,0.0,80.0,3.0
2014-12-21 04:00:00+00:00,25.969,70.84286,1012.2375,7.145796,40.9143,0.0,64.0,2.0
2014-12-21 05:00:00+00:00,26.969,65.761154,1012.03925,4.6800003,22.61991,0.0,71.0,2.0
2014-12-21 06:00:00+00:00,27.619001,63.695724,1011.4405,3.096837,324.46225,0.0,71.0,2.0
2014-12-21 07:00:00+00:00,28.169,62.0664,1010.24164,3.6179552,275.7105,0.0,83.0,3.0
2014-12-21 08:00:00+00:00,28.219,62.46209,1009.0424,3.9763298,264.80566,0.0,86.0,3.0
2014-12-21 09:00:00+00:00,27.919,65.15056,1007.9423,6.6185193,247.61981,0.0,91.0,3.0
2014-12-21 10:00:00+00:00,27.619001,67.536446,1007.1424,5.634891,243.43501,0.0,80.0,3.0
2014-12-21 11:00:00+00:00,27.419,69.175285,1007.1421,6.28713,246.3706,0.0,60.0,2.0
2014-12-21 12:00:00+00:00,26.969,72.1217,1007.64124,6.151683,249.44386,0.0,1.0,0.0
2014-12-21 13:00:00+00:00,26.319,75.627,1008.5399,4.1046314,254.74483,0.0,8.0,0.0
2014-12-21 14:00:00+00:00,25.869001,78.86156,1009.6384,3.96,270.0,0.0,24.0,1.0
2014-12-21 15:00:00+00:00,25.669,80.290375,1010.73755,4.5536795,288.43503,0.0,53.0,2.0
2014-12-21 16:00:00+00:00,25.619001,81.76464,1011.43726,6.193674,305.53775,0.0,69.0,2.0
2014-12-21 17:00:00+00:00,25.419,84.00891,1011.6369,5.692099,325.30478,0.0,82.0,3.0
2014-12-21 18:00:00+00:00,25.219,86.05255,1011.23676,5.6920996,341.56494,0.0,70.0,2.0
2014-12-21 19:00:00+00:00,25.019001,87.34832,1010.5367,3.96,360.0,0.0,44.0,1.0
2014-12-21 20:00:00+00:00,24.619001,90.54991,1010.0363,2.6208394,15.945477,0.0,43.0,1.0
2014-12-21 21:00:00+00:00,24.619001,89.45941,1009.2367,3.219938,26.564985,0.0,51.0,2.0
2014-12-21 22:00:00+00:00,24.469,89.17711,1008.8365,2.5959969,56.309914,0.0,68.0,2.0
2014-12-21 23:00:00+00:00,24.419,88.633064,1008.6366,4.510787,28.610369,0.0,87.0,3.0
2014-12-22 00:00:00+00:00,24.419,87.56122,1009.13635,5.1919937,33.6901,0.0,96.0,3.0
2014-12-22 01:00:00+00:00,24.419,85.71284,1009.83606,5.8603754,42.510403,0.0,99.0,3.0
2014-12-22 02:00:00+00:00,24.569,84.42971,1010.63605,7.928177,50.52757,0.0,97.0,3.0
2014-12-22 03:00:00+00:00,25.519001,76.90429,1011.5372,8.217153,61.189304,0.0,97.0,3.0
2014-12-22 04:00:00+00:00,26.169,72.42447,1012.0379,7.69592,79.21575,0.0,96.0,3.0
2014-12-22 05:00:00+00:00,26.819,69.27356,1011.7391,6.5693827,99.46225,0.0,97.0,3.0
2014-12-22 06:00:00+00:00,27.469,67.09278,1011.14026,5.154415,114.775116,0.0,82.0,3.0
2014-12-22 07:00:00+00:00,28.169,63.421867,1009.8418,2.9024127,150.2552,0.0,51.0,2.0
2014-12-22 08:00:00+00:00,28.369001,64.25052,1008.6426,2.968636,194.03627,0.0,62.0,2.0
2014-12-22 09:00:00+00:00,28.469,65.46547,1007.54346,3.6,216.86998,0.0,72.0,2.0
2014-12-22 10:00:00+00:00,28.119001,67.84258,1007.44293,7.729527,242.24155,0.0,97.0,3.0
2014-12-22 11:00:00+00:00,27.619001,71.36082,1007.7422,8.39657,239.0363,0.0,97.0,3.0
2014-12-22 12:00:00+00:00,27.019001,74.82117,1008.241,7.5942082,238.57048,0.0,99.0,3.0
2014-12-22 13:00:00+00:00,26.419,78.22191,1008.8397,6.792466,237.99466,0.0,100.0,3.0
2014-12-22 14:00:00+00:00,26.019001,80.336525,1009.83856,5.8603754,227.4896,0.0,100.0,3.0
2014-12-22 15:00:00+00:00,25.719,82.27558,1011.0378,5.8048253,209.7448,0.0,100.0,3.0
2014-12-22 16:00:00+00:00,25.219,85.79196,1011.63654,4.896529,197.10281,0.0,97.0,3.0
2014-12-22 17:00:00+00:00,25.869001,80.807014,1011.6375,2.0364676,224.9999,0.0,96.0,3.0
2014-12-22 18:00:00+00:00,25.769001,80.79412,1011.1377,1.08,360.0,0.0,96.0,3.0
2014-12-22 19:00:00+00:00,25.769001,80.54852,1010.93787,2.968636,14.036275,0.0,85.0,3.0
2014-12-22 20:00:00+00:00,24.969,84.988396,1010.2368,4.0249224,26.564985,0.0,27.0,1.0
2014-12-22 21:00:00+00:00,23.869001,90.224075,1009.83545,4.0249224,26.564985,0.0,31.0,1.0
2014-12-22 22:00:00+00:00,23.519001,91.307106,1008.6354,3.7064266,29.054508,0.0,17.0,0.0
2014-12-22 23:00:00+00:00,23.319,91.2946,1008.83496,3.8268526,41.185837,0.0,12.0,0.0
2014-12-23 00:00:00+00:00,23.319,90.18563,1008.83496,4.6102495,51.34017,0.0,12.0,0.0
2014-12-23 01:00:00+00:00,23.419,89.64294,1009.6345,4.6938257,57.528828,0.0,80.0,3.0
2014-12-23 02:00:00+00:00,23.919,88.05369,1010.83496,6.6087217,60.64234,0.0,87.0,3.0
2014-12-23 03:00:00+00:00,25.069,82.700485,1011.53625,6.4096174,51.842735,0.0,73.0,2.0
2014-12-23 04:00:00+00:00,26.219,74.462425,1011.938,6.193674,35.537766,0.0,75.0,2.0
2014-12-23 05:00:00+00:00,27.219,69.34971,1011.53973,4.8965297,36.027473,0.0,100.0,3.0
2014-12-23 06:00:00+00:00,27.869001,66.96709,1011.24084,2.8116899,39.805527,0.0,100.0,3.0
2014-12-23 07:00:00+00:00,28.319,64.43765,1010.44183,1.8,306.86996,0.0,100.0,3.0
2014-12-23 08:00:00+00:00,28.569,63.31328,1009.34265,1.08,270.0,0.0,100.0,3.0
2014-12-23 09:00:00+00:00,28.519001,64.47994,1008.64294,3.563818,224.9999,0.0,100.0,3.0
2014-12-23 10:00:00+00:00,27.969,68.229385,1008.64233,8.534353,207.64589,0.0,100.0,3.0
2014-12-23 11:00:00+00:00,27.419,71.980995,1008.7414,8.534353,207.64589,0.0,100.0,3.0
2014-12-23 12:00:00+00:00,26.919,75.03322,1009.2402,6.439876,206.56499,0.0,100.0,3.0
2014-12-23 13:00:00+00:00,26.369001,77.74001,1009.7394,5.2416787,195.94547,0.0,100.0,3.0
2014-12-23 14:00:00+00:00,25.919,80.32335,1010.73816,5.6920996,198.43504,0.0,100.0,3.0
2014-12-23 15:00:00+00:00,25.469,83.50563,1011.437,5.634891,206.56499,0.0,100.0,3.0
2014-12-23 16:00:00+00:00,24.969,87.34391,1011.9361,3.4152596,198.43504,0.0,100.0,3.0
2014-12-23 17:00:00+00:00,24.769001,88.6611,1011.7359,1.609969,206.56499,0.0,100.0,3.0
2014-12-23 18:00:00+00:00,24.969,86.8156,1011.3363,0.71999997,360.0,0.0,94.0,3.0
2014-12-23 19:00:00+00:00,25.869001,79.34405,1011.23773,1.0182338,44.999897,0.0,59.0,2.0
2014-12-23 20:00:00+00:00,25.719,80.29698,1010.7379,2.5455842,44.999897,0.0,85.0,3.0
2014-12-23 21:00:00+00:00,24.919,85.50194,1010.2368,2.5959969,56.309914,0.0,83.0,3.0
2014-12-23 22:00:00+00:00,24.219,89.70176,1009.73584,3.096837,54.46224,0.0,89.0,3.0
2014-12-23 23:00:00+00:00,24.669,87.05226,1009.6365,3.319036,40.601215,0.0,97.0,3.0
2014-12-24 00:00:00+00:00,24.619001,86.519585,1010.23627,4.8965297,53.972538,0.0,99.0,3.0
2014-12-24 01:00:00+00:00,24.619001,85.211525,1010.5361,4.6102495,38.65983,0.0,100.0,3.0
2014-12-24 02:00:00+00:00,24.719,84.70376,1011.8358,5.8048253,60.255207,0.0,100.0,3.0
2014-12-24 03:00:00+00:00,25.319,81.977196,1012.5365,5.692099,55.304783,0.0,100.0,3.0
2014-12-24 04:00:00+00:00,25.969,77.208084,1013.0371,5.904439,52.431335,0.0,100.0,3.0
2014-12-24 05:00:00+00:00,26.569,73.83937,1013.138,5.1165614,50.710617,0.0,100.0,3.0
2014-12-24 06:00:00+00:00,26.819,72.538124,1012.8385,4.3498964,65.55606,0.2,100.0,51.0
2014-12-24 07:00:00+00:00,27.219,71.071014,1011.9396,3.4152596,71.564964,0.0,93.0,3.0
2014-12-24 08:00:00+00:00,27.619001,69.85161,1010.6408,1.5273507,44.999897,0.0,100.0,3.0
2014-12-24 09:00:00+00:00,27.469,70.899414,1009.7409,1.609969,243.43501,0.0,100.0,3.0
2014-12-24 10:00:00+00:00,27.469,71.98984,1009.8408,4.1046314,232.12495,0.5,100.0,53.0
2014-12-24 11:00:00+00:00,26.419,77.04018,1009.8393,6.792466,212.00534,2.0,100.0,61.0
2014-12-24 12:00:00+00:00,25.519001,81.7523,1010.6376,7.289445,212.90524,1.2,100.0,55.0
2014-12-24 13:00:00+00:00,25.169,84.23734,1011.1368,6.792466,212.00534,0.1,100.0,51.0
2014-12-24 14:00:00+00:00,25.119001,84.48856,1012.0364,5.904439,217.56866,0.0,100.0,3.0
2014-12-24 15:00:00+00:00,24.569,89.99968,1013.1349,4.829907,206.56499,0.0,100.0,3.0
2014-12-24 16:00:00+00:00,24.269001,89.70538,1013.734,4.896529,197.10281,0.0,100.0,3.0
2014-12-24 17:00:00+00:00,24.069,91.064445,1013.63367,4.452954,194.03627,0.0,100.0,3.0
2014-12-24 18:00:00+00:00,23.969,91.33516,1013.3338,4.6938252,184.39862,0.0,100.0,3.0
2014-12-24 19:00:00+00:00,24.069,90.512794,1012.73413,3.2599385,186.3401,0.3,100.0,51.0
2014-12-24 20:00:00+00:00,24.319,88.35584,1011.9351,2.2768397,198.43504,0.0,100.0,3.0
2014-12-24 21:00:00+00:00,24.669,86.26137,1011.3357,2.9024127,277.1249,0.0,90.0,3.0
2014-12-24 22:00:00+00:00,24.019001,89.41444,1010.73505,5.771239,273.57626,0.0,87.0,3.0
2014-12-24 23:00:00+00:00,23.519001,91.585815,1011.2342,4.1046314,285.25516,0.0,99.0,3.0
2014-12-25 00:00:00+00:00,23.319,92.69763,1011.5337,4.3349743,311.63345,0.0,99.0,3.0
2014-12-25 01:00:00+00:00,23.069,92.967766,1011.8333,6.193674,324.46225,0.0,69.0,2.0
2014-12-25 02:00:00+00:00,23.919,90.778336,1012.934,5.495161,328.39255,0.0,95.0,3.0
2014-12-25 03:00:00+00:00,24.819,86.80176,1013.735,4.829907,333.43503,0.0,82.0,3.0
2014-12-25 04:00:00+00:00,25.419,82.99376,1014.0358,5.315336,331.69934,0.0,99.0,3.0
2014-12-25 05:00:00+00:00,25.969,79.59988,1013.53687,5.3999996,323.13004,0.0,100.0,3.0
2014-12-25 06:00:00+00:00,26.469,76.57957,1013.23773,4.39436,304.9921,0.0,100.0,3.0
2014-12-25 07:00:00+00:00,27.069,74.14869,1012.2392,5.5887027,284.93146,0.0,100.0,3.0
2014-12-25 08:00:00+00:00,26.769001,75.2381,1011.23926,7.5942073,264.55975,0.4,100.0,51.0
2014-12-25 09:00:00+00:00,25.919,79.109436,1010.73816,7.8625183,254.05453,1.7,100.0,61.0
2014-12-25 10:00:00+00:00,25.469,80.75536,1010.5374,7.5942082,211.42952,0.5,100.0,53.0
2014-12-25 11:00:00+00:00,25.069,84.74065,1010.2368,5.8603754,227.4896,0.0,100.0,3.0
2014-12-25 12:00:00+00:00,25.069,84.99876,1010.83655,4.0249224,280.30478,0.0,100.0,3.0
2014-12-25 13:00:00+00:00,24.919,85.242226,1011.1364,4.3349743,318.36655,0.0,100.0,3.0
2014-12-25 14:00:00+00:00,24.869001,85.23711,1012.03577,3.6179552,5.7105074,0.0,100.0,3.0
2014-12-25 15:00:00+00:00,24.669,86.52431,1012.935,4.2136917,19.983198,0.0,100.0,3.0
2014-12-25 16:00:00+00:00,24.469,87.832405,1012.93463,5.495161,31.607454,0.0,100.0,3.0
2014-12-25 17:00:00+00:00,24.369001,88.35992,1012.5348,3.396233,57.99466,0.0,100.0,3.0
2014-12-25 18:00:00+00:00,24.219,88.88711,1012.0348,2.6208394,74.054535,0.0,100.0,3.0
2014-12-25 19:00:00+00:00,24.019001,91.61602,1011.53467,3.319036,77.4712,0.0,100.0,3.0
2014-12-25 20:00:00+00:00,23.819,91.325836,1011.03467,3.6,90.0,0.0,100.0,3.0
2014-12-25 21:00:00+00:00,24.169,88.88315,1010.7354,3.2599385,83.659904,0.0,100.0,3.0
2014-12-25 22:00:00+00:00,24.719,86.00402,1009.337,0.8049845,296.56497,0.0,100.0,3.0
2014-12-25 23:00:00+00:00,24.469,87.034134,1009.7361,1.2979984,326.3099,0.0,100.0,3.0
2014-12-26 00:00:00+00:00,23.819,89.67243,1009.7353,2.3051248,38.65983,0.0,100.0,3.0
2014-12-26 01:00:00+00:00,23.219,92.41005,1010.53394,3.6,53.13002,0.0,100.0,3.0
2014-12-26 02:00:00+00:00,23.319,93.5485,1011.03394,4.8965297,53.972538,0.0,100.0,3.0
2014-12-26 03:00:00+00:00,25.219,84.49927,1011.7365,5.315336,61.69934,0.0,100.0,3.0
2014-12-26 04:00:00+00:00,25.919,79.109436,1012.1375,5.315336,61.69934,0.0,100.0,3.0
2014-12-26 05:00:00+00:00,26.519001,75.427986,1011.8384,3.8268526,41.185837,0.0,100.0,3.0
2014-12-26 06:00:00+00:00,27.119001,72.368935,1011.6394,4.0249224,26.564985,0.0,100.0,3.0
2014-12-26 07:00:00+00:00,26.119001,76.059364,1010.63855,2.9024127,60.255207,0.0,100.0,3.0
2014-12-26 08:00:00+00:00,26.169,75.60323,1009.53906,4.198285,59.03632,0.0,100.0,3.0
2014-12-26 09:00:00+00:00,26.119001,75.59529,1008.73944,4.6938257,57.528828,0.0,100.0,3.0
2014-12-26 10:00:00+00:00,25.969,76.03597,1007.93945,4.6102495,51.34017,0.0,100.0,3.0
2014-12-26 11:00:00+00:00,25.919,76.49522,1007.6395,3.6,53.13002,0.0,100.0,3.0
2014-12-26 12:00:00+00:00,25.719,78.84053,1008.1391,2.8116899,50.194473,0.0,100.0,3.0
2014-12-26 13:00:00+00:00,25.469,79.288956,1008.1385,3.6,36.86999,0.0,99.0,3.0
2014-12-26 14:00:00+00:00,25.269001,79.0189,1008.43805,3.8939953,56.3099,0.0,100.0,3.0
2014-12-26 15:00:00+00:00,25.069,79.72093,1009.4372,3.6,90.0,0.0,100.0,3.0
2014-12-26 16:00:00+00:00,24.869001,80.92507,1009.93677,3.671294,101.3099,0.0,100.0,3.0
2014-12-26 17:00:00+00:00,24.769001,81.909775,1010.4365,6.4096174,128.15727,0.0,98.0,3.0
2014-12-26 18:00:00+00:00,24.519001,83.39801,1010.23627,5.3999996,143.13002,0.0,100.0,3.0
2014-12-26 19:00:00+00:00,24.369001,85.1859,1009.83606,3.396233,122.00535,0.0,100.0,3.0
2014-12-26 20:00:00+00:00,24.269001,85.697914,1009.2361,3.8773184,111.801476,0.0,100.0,3.0
2014-12-26 21:00:00+00:00,24.169,85.68799,1009.0362,5.0142193,111.03758,0.0,100.0,3.0
2014-12-26 22:00:00+00:00,24.169,84.12847,1009.336,4.452954,104.03627,0.0,100.0,3.0
2014-12-26 23:00:00+00:00,23.969,84.1066,1009.0358,5.04,90.0,0.0,100.0,3.0
2014-12-27 00:00:00+00:00,23.919,82.31039,1009.2357,6.439876,63.435013,0.0,100.0,3.0
2014-12-27 01:00:00+00:00,23.819,81.28956,1009.8352,6.638072,49.398785,0.0,100.0,3.0
2014-12-27 02:00:00+00:00,23.869001,80.050514,1010.73505,7.289445,57.094753,0.0,100.0,3.0
2014-12-27 03:00:00+00:00,24.469,76.98197,1011.83514,8.0899935,57.724377,0.0,100.0,3.0
2014-12-27 04:00:00+00:00,25.369001,70.952225,1012.13666,8.209263,52.124958,0.0,100.0,3.0
2014-12-27 05:00:00+00:00,26.169,66.21041,1011.7381,7.386582,43.02507,0.0,100.0,3.0
2014-12-27 06:00:00+00:00,26.869001,63.533745,1011.1393,6.638072,40.601215,0.0,100.0,3.0
2014-12-27 07:00:00+00:00,26.919,61.403584,1010.43964,4.510787,28.610369,0.0,100.0,3.0
2014-12-27 08:00:00+00:00,27.069,61.055206,1009.4405,2.1897945,350.53775,0.0,100.0,3.0
2014-12-27 09:00:00+00:00,26.969,61.79927,1008.6408,2.0991426,300.96368,0.0,100.0,3.0
2014-12-27 10:00:00+00:00,26.919,63.544567,1008.0407,5.8048253,240.2552,0.0,100.0,3.0
2014-12-27 11:00:00+00:00,26.669,66.10772,1008.14026,7.289445,237.09476,0.0,100.0,3.0
2014-12-27 12:00:00+00:00,26.169,70.87949,1008.73944,6.696387,233.74606,0.0,99.0,3.0
2014-12-27 13:00:00+00:00,25.669,73.915146,1009.13824,5.3517847,227.72638,0.0,100.0,3.0
2014-12-27 14:00:00+00:00,24.969,81.4348,1010.13684,4.6102495,231.34016,0.0,100.0,3.0
2014-12-27 15:00:00+00:00,25.769001,72.80194,1010.8379,3.6,216.86998,0.0,100.0,3.0
2014-12-27 16:00:00+00:00,24.969,81.68426,1011.1364,0.35999998,180.0,0.0,100.0,3.0
2014-12-27 17:00:00+00:00,24.769001,82.41262,1011.0362,1.1384199,108.43504,0.0,100.0,3.0
2014-12-27 18:00:00+00:00,24.669,81.897514,1010.5361,2.9024127,119.74479,0.0,100.0,3.0
2014-12-27 19:00:00+00:00,24.469,87.29951,1010.13586,3.096837,125.537766,0.0,100.0,3.0
2014-12-27 20:00:00+00:00,24.419,88.09571,1009.4363,2.9024127,119.74479,0.1,100.0,51.0
2014-12-27 21:00:00+00:00,24.219,88.34761,1009.1361,3.4152596,108.43504,0.1,98.0,51.0
2014-12-27 22:00:00+00:00,23.919,87.78522,1009.0358,6.151683,110.55613,0.1,100.0,51.0
2014-12-27 23:00:00+00:00,24.119001,84.899864,1009.43604,8.049845,100.30479,0.6,99.0,53.0
2014-12-28 00:00:00+00:00,24.019001,83.85433,1009.83545,7.92,90.0,0.3,98.0,51.0
2014-12-28 01:00:00+00:00,23.769001,83.82651,1010.43494,6.9899354,78.11137,0.5,100.0,53.0
2014-12-28 02:00:00+00:00,23.369001,85.87174,1011.73364,8.825508,78.231735,0.7,100.0,53.0
2014-12-28 03:00:00+00:00,22.769001,92.10283,1012.03253,8.766573,70.8209,1.5,100.0,61.0
2014-12-28 04:00:00+00:00,23.319,87.46464,1012.3333,7.5685663,64.65388,1.0,99.0,55.0
2014-12-28 05:00:00+00:00,23.919,85.1396,1012.3343,5.6233797,50.194473,0.6,97.0,53.0
2014-12-28 06:00:00+00:00,25.019001,81.44107,1011.83606,4.6102495,38.65983,0.1,91.0,51.0
2014-12-28 07:00:00+00:00,26.019001,76.27687,1010.9381,3.6179552,5.7105074,0.0,85.0,3.0
2014-12-28 08:00:00+00:00,26.319,76.323265,1009.8393,3.0758414,339.44388,0.0,77.0,2.0
2014-12-28 09:00:00+00:00,26.169,76.76778,1009.0393,3.319036,310.60123,1.0,94.0,55.0
2014-12-28 10:00:00+00:00,26.169,77.47401,1008.83936,0.8049845,296.56497,0.1,98.0,51.0
2014-12-28 11:00:00+00:00,26.119001,78.17876,1008.83936,2.16,270.0,0.0,99.0,3.0
2014-12-28 12:00:00+00:00,25.969,78.87562,1009.4388,3.2599385,263.6599,0.0,100.0,3.0
2014-12-28 13:00:00+00:00,25.519001,81.25573,1009.73804,4.379589,279.46225,0.2,100.0,51.0
2014-12-28 14:00:00+00:00,25.219,83.731865,1010.8369,4.510787,298.61035,0.2,100.0,51.0
2014-12-28 15:00:00+00:00,25.019001,85.25242,1011.53625,5.692099,304.69522,0.3,100.0,51.0
2014-12-28 16:00:00+00:00,24.919,86.02347,1011.83606,6.1094027,315.0001,0.0,99.0,3.0
2014-12-28 17:00:00+00:00,24.769001,86.79716,1011.93585,5.495161,328.39255,0.0,100.0,3.0
2014-12-28 18:00:00+00:00,24.619001,87.57868,1011.3357,5.0142193,338.9624,0.0,100.0,3.0
2014-12-28 19:00:00+00:00,24.619001,88.11246,1010.9359,4.1046314,344.7448,0.0,100.0,3.0
2014-12-28 20:00:00+00:00,24.369001,88.09152,1010.3358,4.5536795,341.56494,0.1,100.0,51.0
2014-12-28 21:00:00+00:00,24.269001,87.81528,1009.63586,5.4833565,336.8014,0.1,100.0,51.0
2014-12-28 22:00:00+00:00,24.269001,88.3517,1009.336,3.96,360.0,0.0,98.0,3.0
2014-12-28 23:00:00+00:00,24.169,88.88315,1009.0362,3.8773184,338.19852,0.0,99.0,3.0
2014-12-29 00:00:00+00:00,24.069,89.41821,1009.3357,3.096837,324.46225,0.0,93.0,3.0
2014-12-29 01:00:00+00:00,23.869001,90.499176,1009.6355,2.0991426,329.03632,0.0,87.0,3.0
2014-12-29 02:00:00+00:00,24.419,88.90279,1010.4358,2.5455842,351.87,0.0,44.0,1.0
2014-12-29 03:00:00+00:00,25.419,82.74167,1010.8373,3.319036,347.4712,0.0,62.0,2.0
2014-12-29 04:00:00+00:00,25.919,80.07926,1011.038,4.0249224,333.43503,0.0,69.0,2.0
2014-12-29 05:00:00+00:00,26.519001,77.99881,1010.6389,5.8603754,312.5104,0.0,79.0,2.0
2014-12-29 06:00:00+00:00,27.019001,75.96799,1009.8403,7.5685663,295.34613,0.0,95.0,3.0
2014-12-29 07:00:00+00:00,27.469,74.66703,1008.9413,9.6932955,285.06854,0.0,95.0,3.0
2014-12-29 08:00:00+00:00,27.769001,74.71579,1007.64246,11.525623,284.47034,0.0,98.0,3.0
2014-12-29 09:00:00+00:00,27.769001,73.8153,1006.84283,14.154915,277.30566,0.4,90.0,51.0
2014-12-29 10:00:00+00:00,27.319,76.245544,1006.04224,10.464798,273.9451,0.0,80.0,3.0
2014-12-29 11:00:00+00:00,27.119001,76.44634,1005.84204,9.531505,280.88547,0.2,94.0,51.0
2014-12-29 12:00:00+00:00,26.819,77.80581,1006.74133,8.427383,289.9832,0.0,100.0,3.0
2014-12-29 13:00:00+00:00,26.519001,78.474365,1007.2405,7.0911775,293.9625,0.0,100.0,3.0
2014-12-29 14:00:00+00:00,26.319,78.684944,1008.33997,7.5685663,295.34613,0.0,98.0,3.0
2014-12-29 15:00:00+00:00,26.119001,79.378395,1009.3392,8.587338,303.02386,0.0,100.0,3.0
2014-12-29 16:00:00+00:00,26.019001,79.60664,1009.73865,9.178235,318.1799,0.0,99.0,3.0
2014-12-29 17:00:00+00:00,25.819,80.55505,1009.8383,8.78872,325.0079,0.0,98.0,3.0
2014-12-29 18:00:00+00:00,25.519001,82.25152,1009.5381,7.24486,333.43503,0.0,99.0,3.0
2014-12-29 19:00:00+00:00,25.569,83.770805,1009.13824,6.439876,333.43503,0.0,99.0,3.0
2014-12-29 20:00:00+00:00,25.219,84.49927,1008.6379,8.209263,322.12494,0.0,98.0,3.0
2014-12-29 21:00:00+00:00,24.969,84.988396,1008.03784,10.44,313.6029,0.0,98.0,3.0
2014-12-29 22:00:00+00:00,24.769001,85.74751,1008.0376,8.78872,325.0079,0.0,95.0,3.0
2014-12-29 23:00:00+00:00,24.719,86.00402,1007.43787,10.233123,320.7106,0.0,98.0,3.0
2014-12-30 00:00:00+00:00,24.519001,87.03865,1007.83734,11.019764,321.63248,0.0,100.0,3.0
2014-12-30 01:00:00+00:00,24.319,87.81957,1008.4367,10.495713,329.03632,0.0,100.0,3.0
2014-12-30 02:00:00+00:00,24.319,87.81957,1009.5362,11.165805,339.22766,0.0,100.0,3.0
2014-12-30 03:00:00+00:00,24.619001,86.256584,1009.9364,12.0694,342.64587,0.0,100.0,3.0
2014-12-30 04:00:00+00:00,25.169,83.98147,1010.33716,12.522619,341.56494,0.0,90.0,3.0
2014-12-30 05:00:00+00:00,25.769001,81.783134,1010.03827,12.181625,341.02948,0.0,81.0,3.0
2014-12-30 06:00:00+00:00,26.369001,78.69199,1009.23956,12.10157,337.249,0.0,74.0,2.0
2014-12-30 07:00:00+00:00,26.669,77.783875,1008.4402,12.7279215,331.26028,0.0,89.0,3.0
2014-12-30 08:00:00+00:00,26.919,76.41566,1007.0412,13.392774,323.74606,0.0,98.0,3.0
2014-12-30 09:00:00+00:00,27.319,74.19008,1006.04224,13.783817,319.23648,0.0,97.0,3.0
2014-12-30 10:00:00+00:00,27.569,72.88997,1005.6431,11.090103,324.24603,0.0,97.0,3.0
2014-12-30 11:00:00+00:00,27.469,73.54112,1005.14294,9.957108,310.60123,0.0,94.0,3.0
2014-12-30 12:00:00+00:00,27.119001,75.983574,1005.7421,8.699793,294.44394,0.0,85.0,3.0
2014-12-30 13:00:00+00:00,26.569,78.95949,1006.04126,8.4042845,279.86575,0.0,47.0,1.0
2014-12-30 14:00:00+00:00,26.119001,81.57842,1007.0402,8.669949,274.76355,0.0,93.0,3.0
2014-12-30 15:00:00+00:00,25.819,83.29221,1007.9392,7.9932976,277.76508,0.0,86.0,3.0
2014-12-30 16:00:00+00:00,25.569,84.793106,1008.5386,6.638072,282.5288,0.0,83.0,3.0
2014-12-30 17:00:00+00:00,25.369001,85.80669,1008.7382,7.172949,287.52567,0.0,79.0,2.0
2014-12-30 18:00:00+00:00,25.219,86.313866,1008.53796,7.754637,291.80148,0.0,87.0,3.0
2014-12-30 19:00:00+00:00,25.119001,86.56648,1008.3381,6.4096174,308.15726,0.0,91.0,3.0
2014-12-30 20:00:00+00:00,24.669,88.65311,1007.73737,4.829907,333.43503,0.0,98.0,3.0
2014-12-30 21:00:00+00:00,24.219,90.248474,1007.237,4.1046314,344.7448,0.0,88.0,3.0
2014-12-30 22:00:00+00:00,24.069,90.78823,1006.8368,2.968636,345.9637,0.0,29.0,1.0
2014-12-30 23:00:00+00:00,24.219,90.248474,1006.73724,4.829907,333.43503,0.0,14.0,0.0
2014-12-31 00:00:00+00:00,23.869001,91.60699,1007.3366,5.8048253,330.25522,0.0,20.0,1.0
2014-12-31 01:00:00+00:00,23.919,92.44835,1007.93634,6.12,331.9276,0.0,23.0,1.0
2014-12-31 02:00:00+00:00,24.019001,92.73452,1008.73596,7.5170207,343.3007,0.0,21.0,1.0
2014-12-31 03:00:00+00:00,24.919,88.13751,1009.5372,8.557102,345.3791,0.0,18.0,0.0
2014-12-31 04:00:00+00:00,25.869001,83.297874,1009.7384,8.654986,343.0724,0.0,30.0,1.0
2014-12-31 05:00:00+00:00,26.919,78.29359,1009.2402,8.854829,333.43503,0.0,49.0,1.0
2014-12-31 06:00:00+00:00,27.819,73.60009,1008.742,9.178235,311.82007,0.0,61.0,2.0
2014-12-31 07:00:00+00:00,28.019001,74.30547,1007.9427,10.495713,292.16638,0.2,42.0,51.0
2014-12-31 08:00:00+00:00,28.069,74.53877,1006.64325,12.144331,281.9761,0.3,32.0,51.0
2014-12-31 09:00:00+00:00,27.519001,76.73933,1006.1425,13.849476,278.97253,0.6,21.0,53.0
2014-12-31 10:00:00+00:00,27.169,80.73,1006.3421,13.1041975,285.94547,0.3,36.0,51.0
2014-12-31 11:00:00+00:00,26.669,80.665474,1005.8414,11.503113,290.13638,1.0,50.0,55.0
2014-12-31 12:00:00+00:00,26.169,83.58428,1006.54047,9.360001,292.6199,0.7,59.0,53.0
2014-12-31 13:00:00+00:00,25.369001,86.85229,1006.9391,7.10031,300.46545,0.3,70.0,51.0
2014-12-31 14:00:00+00:00,24.769001,89.74187,1008.0376,6.9153743,308.65982,0.3,85.0,51.0
2014-12-31 15:00:00+00:00,24.619001,90.27622,1009.2367,6.1305785,310.2363,0.1,86.0,51.0
2014-12-31 16:00:00+00:00,24.469,90.81455,1009.7361,5.1919937,326.3099,0.0,64.0,2.0
2014-12-31 17:00:00+00:00,24.369001,91.08359,1009.6361,6.297428,329.03632,0.0,57.0,2.0
2014-12-31 18:00:00+00:00,24.269001,90.8014,1009.73584,6.3690495,312.70938,0.0,47.0,1.0
2014-12-31 19:00:00+00:00,24.419,90.262344,1009.33624,6.6087217,299.35767,0.2,75.0,51.0
2014-12-31 20:00:00+00:00,24.369001,90.80796,1008.7366,6.193674,305.53775,0.0,68.0,2.0
2014-12-31 21:00:00+00:00,24.169,91.90328,1008.13654,6.696387,306.25394,0.0,37.0,1.0
2014-12-31 22:00:00+00:00,23.769001,93.85378,1008.136,6.1305785,310.2363,0.2,32.0,51.0
2014-12-31 23:00:00+00:00,23.819,92.72402,1008.23596,6.1305785,310.2363,0.2,35.0,51.0
