station,valid,lon,lat,tmpf,dwpf,relh,drct,sknt,p01i,alti,mslp,vsby,gust,skyc1,skyc2,skyc3,skyc4,skyl1,skyl2,skyl3,skyl4,wxcodes,ice_accretion_1hr,ice_accretion_3hr,ice_accretion_6hr,peak_wind_gust,peak_wind_drct,peak_wind_time,feel,metar,snowdepth
VOTV,2004-01-01 00:40,76.9500,8.4667,75.20,73.40,94.14,0.00,0.00,0.00,29.88,M,1.86,M,FEW,M,M,M,2000.00,M,M,M,HZ,M,M,M,M,M,M,75.20,VOTV 010040Z 00000KT 3000 HZ FEW020 24/23 Q1012 NOSIG,M
VOTV,2004-01-01 01:40,76.9500,8.4667,75.20,71.60,88.59,0.00,0.00,0.00,29.91,M,1.55,M,FEW,SCT,M,M,2000.00,25000.00,M,M,BR,M,M,M,M,M,M,75.20,VOTV 010140Z 00000KT 2500 BR FEW020 SCT250 24/22 Q1013 NOSIG,M
VOTV,2004-01-01 03:40,76.9500,8.4667,84.20,71.60,65.95,M,3.00,0.00,29.94,M,2.49,M,FEW,M,M,M,1500.00,M,M,M,HZ,M,M,M,M,M,M,89.60,VOTV 010340Z VRB03KT 4000 HZ FEW015 29/22 Q1014 NOSIG,M
VOTV,2004-01-01 04:40,76.9500,8.4667,86.00,69.80,58.55,140.00,6.00,0.00,29.94,M,4.97,M,FEW,M,M,M,1500.00,M,M,M,M,M,M,M,M,M,M,90.58,VOTV 010440Z 14006KT 8000 FEW015 30/21 Q1014 NOSIG,M
VOTV,2004-01-01 05:40,76.9500,8.4667,86.00,68.00,55.04,180.00,6.00,0.00,29.94,M,4.97,M,FEW,M,M,M,1500.00,M,M,M,M,M,M,M,M,M,M,89.41,VOTV 010540Z 18006KT 8000 FEW015 30/20 Q1014 NOSIG,M
VOTV,2004-01-01 06:40,76.9500,8.4667,86.00,71.60,62.25,250.00,6.00,M,29.91,M,5.00,M,M,M,M,M,M,M,M,M,M,M,M,M,M,M,M,91.92,VOTV 010640Z AUTO 25006KT 5SM 30/22 A2991 RMK T03000220 IEM_DS3505,M
VOTV,2004-01-01 07:40,76.9500,8.4667,86.00,69.80,58.55,200.00,6.00,M,29.85,M,5.00,M,M,M,M,M,M,M,M,M,M,M,M,M,M,M,M,90.58,VOTV 010740Z AUTO 20006KT 5SM 30/21 A2985 RMK T03000210 IEM_DS3505,M
VOTV,2004-01-01 08:40,76.9500,8.4667,87.80,71.60,58.78,220.00,8.00,M,29.83,M,5.00,M,M,M,M,M,M,M,M,M,M,M,M,M,M,M,M,94.18,VOTV 010840Z AUTO 22008KT 5SM 31/22 A2983 RMK T03100220 IEM_DS3505,M
VOTV,2004-01-01 10:40,76.9500,8.4667,87.80,71.60,58.78,0.00,0.00,M,29.83,M,M,M,M,M,M,M,M,M,M,M,M,M,M,M,M,M,M,94.18,VOTV 011040Z AUTO 00000KT 31/22 A2983 RMK T03100220 IEM_DS3505,M
VOTV,2004-01-01 11:40,76.9500,8.4667,86.00,71.60,62.25,0.00,0.00,M,29.83,M,M,M,M,M,M,M,M,M,M,M,M,M,M,M,M,M,M,91.92,VOTV 011140Z AUTO 00000KT 30/22 A2983 RMK T03000220 IEM_DS3505,M
VOTV,2004-01-01 12:40,76.9500,8.4667,84.20,73.40,70.08,0.00,0.00,M,29.85,M,M,M,M,M,M,M,M,M,M,M,M,M,M,M,M,M,M,90.94,VOTV 011240Z AUTO 00000KT 29/23 A2985 RMK T02900230 IEM_DS3505,M
VOTV,2004-01-01 13:40,76.9500,8.4667,82.40,75.20,78.90,0.00,0.00,M,29.85,M,2.50,M,M,M,M,M,M,M,M,M,M,M,M,M,M,M,M,89.48,VOTV 011340Z AUTO 00000KT 2 1/2SM 28/24 A2985 RMK T02800240 IEM_DS3505,M
VOTV,2004-01-01 14:40,76.9500,8.4667,82.40,75.20,78.90,0.00,0.00,M,29.88,M,2.50,M,M,M,M,M,M,M,M,M,M,M,M,M,M,M,M,89.48,VOTV 011440Z AUTO 00000KT 2 1/2SM 28/24 A2988 RMK T02800240 IEM_DS3505,M
VOTV,2004-01-01 15:40,76.9500,8.4667,82.40,75.20,78.90,0.00,0.00,M,29.91,M,2.50,M,M,M,M,M,M,M,M,M,M,M,M,M,M,M,M,89.48,VOTV 011540Z AUTO 00000KT 2 1/2SM 28/24 A2991 RMK T02800240 IEM_DS3505,M
VOTV,2004-01-01 23:40,76.9500,8.4667,75.20,71.60,88.59,0.00,0.00,M,29.85,M,2.50,M,M,M,M,M,M,M,M,M,M,M,M,M,M,M,M,76.58,VOTV 012340Z AUTO 00000KT 2 1/2SM 24/22 A2985 RMK T02400220 IEM_DS3505,M
VOTV,2004-01-02 00:40,76.9500,8.4667,75.20,71.60,88.59,0.00,0.00,M,29.85,M,2.00,M,M,M,M,M,M,M,M,M,M,M,M,M,M,M,M,76.58,VOTV 020040Z AUTO 00000KT 2SM 24/22 A2985 RMK T02400220 IEM_DS3505,M
VOTV,2004-01-02 01:40,76.9500,8.4667,75.20,71.60,88.59,0.00,0.00,M,29.88,M,1.50,M,M,M,M,M,M,M,M,M,M,M,M,M,M,M,M,76.58,VOTV 020140Z AUTO 00000KT 1 1/2SM 24/22 A2988 RMK T02400220 IEM_DS3505,M
VOTV,2004-01-02 07:40,76.9500,8.4667,86.00,73.40,66.15,220.00,4.00,M,29.85,M,5.00,M,M,M,M,M,M,M,M,M,M,M,M,M,M,M,M,93.45,VOTV 020740Z AUTO 22004KT 5SM 30/23 A2985 RMK T03000230 IEM_DS3505,M
VOTV,2004-01-02 08:40,76.9500,8.4667,87.80,71.60,58.78,240.00,6.00,M,29.83,M,5.00,M,M,M,M,M,M,M,M,M,M,M,M,M,M,M,M,94.18,VOTV 020840Z AUTO 24006KT 5SM 31/22 A2983 RMK T03100220 IEM_DS3505,M
VOTV,2004-01-02 10:40,76.9500,8.4667,86.00,71.60,62.25,238.00,5.00,M,29.80,M,5.00,M,M,M,M,M,M,M,M,M,M,M,M,M,M,M,M,91.92,VOTV 021040Z AUTO 23805KT 5SM 30/22 A2980 RMK T03000220 IEM_DS3505,M
VOTV,2004-01-02 11:40,76.9500,8.4667,86.00,73.40,66.15,230.00,5.00,M,29.83,M,5.00,M,M,M,M,M,M,M,M,M,M,M,M,M,M,M,M,93.45,VOTV 021140Z AUTO 23005KT 5SM 30/23 A2983 RMK T03000230 IEM_DS3505,M
VOTV,2004-01-02 12:40,76.9500,8.4667,86.00,73.40,66.15,0.00,0.00,M,29.85,M,M,M,M,M,M,M,M,M,M,M,M,M,M,M,M,M,M,93.45,VOTV 021240Z AUTO 00000KT 30/23 A2985 RMK T03000230 IEM_DS3505,M
VOTV,2004-01-02 13:48,76.9500,8.4667,82.40,73.40,74.28,0.00,0.00,M,29.85,M,4.00,M,M,M,M,M,M,M,M,M,M,M,M,M,M,M,M,88.26,VOTV 021348Z AUTO 00000KT 4SM 28/23 A2985 RMK T02800230 IEM_DS3505,M
VOTV,2004-01-02 21:40,76.9500,8.4667,77.00,75.20,94.19,0.00,0.00,M,29.88,M,2.50,M,M,M,M,M,M,M,M,M,M,M,M,M,M,M,M,78.83,VOTV 022140Z AUTO 00000KT 2 1/2SM 25/24 A2988 RMK T02500240 IEM_DS3505,M
VOTV,2004-01-02 22:40,76.9500,8.4667,77.00,73.40,88.67,0.00,0.00,M,29.88,M,2.50,M,M,M,M,M,M,M,M,M,M,M,M,M,M,M,M,78.57,VOTV 022240Z AUTO 00000KT 2 1/2SM 25/23 A2988 RMK T02500230 IEM_DS3505,M
VOTV,2004-01-02 23:40,76.9500,8.4667,75.20,73.40,94.14,0.00,0.00,M,29.88,M,2.50,M,M,M,M,M,M,M,M,M,M,M,M,M,M,M,M,76.84,VOTV 022340Z AUTO 00000KT 2 1/2SM 24/23 A2988 RMK T02400230 IEM_DS3505,M
VOTV,2004-01-03 01:40,76.9500,8.4667,75.20,73.40,94.14,0.00,0.00,M,29.88,M,1.25,M,M,M,M,M,M,M,M,M,M,M,M,M,M,M,M,76.84,VOTV 030140Z AUTO 00000KT 1 1/4SM 24/23 A2988 RMK T02400230 IEM_DS3505,M
VOTV,2004-01-03 05:40,76.9500,8.4667,84.20,69.80,62.03,0.00,0.00,M,29.91,M,M,M,M,M,M,M,M,M,M,M,M,M,M,M,M,M,M,88.43,VOTV 030540Z AUTO 00000KT 29/21 A2991 RMK T02900210 IEM_DS3505,M
VOTV,2004-01-03 07:40,76.9500,8.4667,86.00,68.00,55.04,220.00,4.00,M,29.85,M,5.00,M,M,M,M,M,M,M,M,M,M,M,M,M,M,M,M,89.41,VOTV 030740Z AUTO 22004KT 5SM 30/20 A2985 RMK T03000200 IEM_DS3505,M
VOTV,2004-01-03 08:40,76.9500,8.4667,86.00,69.80,58.55,220.00,5.00,M,29.83,M,5.00,M,M,M,M,M,M,M,M,M,M,M,M,M,M,M,M,90.58,VOTV 030840Z AUTO 22005KT 5SM 30/21 A2983 RMK T03000210 IEM_DS3505,M
VOTV,2004-01-03 09:40,76.9500,8.4667,86.00,73.40,66.15,200.00,5.00,M,29.83,M,5.00,M,M,M,M,M,M,M,M,M,M,M,M,M,M,M,M,93.45,VOTV 030940Z AUTO 20005KT 5SM 30/23 A2983 RMK T03000230 IEM_DS3505,M
VOTV,2004-01-03 10:40,76.9500,8.4667,86.00,73.40,66.15,260.00,2.00,M,29.83,M,5.00,M,M,M,M,M,M,M,M,M,M,M,M,M,M,M,M,93.45,VOTV 031040Z AUTO 26002KT 5SM 30/23 A2983 RMK T03000230 IEM_DS3505,M
VOTV,2004-01-03 11:40,76.9500,8.4667,86.00,73.40,66.15,0.00,0.00,M,29.83,M,5.00,M,M,M,M,M,M,M,M,M,M,M,M,M,M,M,M,93.45,VOTV 031140Z AUTO 00000KT 5SM 30/23 A2983 RMK T03000230 IEM_DS3505,M
VOTV,2004-01-03 12:40,76.9500,8.4667,84.20,75.20,74.44,0.00,0.00,M,29.83,M,4.00,M,M,M,M,M,M,M,M,M,M,M,M,M,M,M,M,92.45,VOTV 031240Z AUTO 00000KT 4SM 29/24 A2983 RMK T02900240 IEM_DS3505,M
VOTV,2004-01-03 13:40,76.9500,8.4667,82.40,75.20,78.90,0.00,0.00,M,29.85,M,2.50,M,M,M,M,M,M,M,M,M,M,M,M,M,M,M,M,89.48,VOTV 031340Z AUTO 00000KT 2 1/2SM 28/24 A2985 RMK T02800240 IEM_DS3505,M
VOTV,2004-01-03 14:40,76.9500,8.4667,82.40,75.20,78.90,0.00,0.00,M,29.88,M,2.50,M,M,M,M,M,M,M,M,M,M,M,M,M,M,M,M,89.48,VOTV 031440Z AUTO 00000KT 2 1/2SM 28/24 A2988 RMK T02800240 IEM_DS3505,M
VOTV,2004-01-03 15:40,76.9500,8.4667,82.40,73.40,74.28,0.00,0.00,M,29.91,M,2.50,M,M,M,M,M,M,M,M,M,M,M,M,M,M,M,M,88.26,VOTV 031540Z AUTO 00000KT 2 1/2SM 28/23 A2991 RMK T02800230 IEM_DS3505,M
VOTV,2004-01-03 16:40,76.9500,8.4667,80.60,75.20,83.66,0.00,0.00,M,29.91,M,2.50,M,M,M,M,M,M,M,M,M,M,M,M,M,M,M,M,86.17,VOTV 031640Z AUTO 00000KT 2 1/2SM 27/24 A2991 RMK T02700240 IEM_DS3505,M
VOTV,2004-01-03 17:40,76.9500,8.4667,M,M,M,0.00,0.00,M,M,M,2.50,M,M,M,M,M,M,M,M,M,M,M,M,M,M,M,M,M,VOTV 031740Z AUTO 00000KT 2 1/2SM RMK IEM_DS3505,M
VOTV,2004-01-03 18:40,76.9500,8.4667,78.80,73.40,83.55,0.00,0.00,M,29.91,M,2.50,M,M,M,M,M,M,M,M,M,M,M,M,M,M,M,M,82.03,VOTV 031840Z AUTO 00000KT 2 1/2SM 26/23 A2991 RMK T02600230 IEM_DS3505,M
VOTV,2004-01-04 00:40,76.9500,8.4667,75.20,69.80,83.32,0.00,0.00,M,29.88,M,2.50,M,M,M,M,M,M,M,M,M,M,M,M,M,M,M,M,76.34,VOTV 040040Z AUTO 00000KT 2 1/2SM 24/21 A2988 RMK T02400210 IEM_DS3505,M
VOTV,2004-01-04 01:40,76.9500,8.4667,75.20,69.80,83.32,0.00,0.00,M,29.88,M,2.00,M,M,M,M,M,M,M,M,M,M,M,M,M,M,M,M,76.34,VOTV 040140Z AUTO 00000KT 2SM 24/21 A2988 RMK T02400210 IEM_DS3505,M
VOTV,2004-01-04 02:40,76.9500,8.4667,78.80,71.60,78.62,80.00,1.00,M,29.91,M,2.00,M,M,M,M,M,M,M,M,M,M,M,M,M,M,M,M,81.70,VOTV 040240Z AUTO 08001KT 2SM 26/22 A2991 RMK T02600220 IEM_DS3505,M
VOTV,2004-01-04 04:40,76.9500,8.4667,84.20,73.40,70.08,0.00,0.00,M,29.94,M,4.00,M,M,M,M,M,M,M,M,M,M,M,M,M,M,M,M,90.94,VOTV 040440Z AUTO 00000KT 4SM 29/23 A2994 RMK T02900230 IEM_DS3505,M
VOTV,2004-01-04 05:40,76.9500,8.4667,86.00,73.40,66.15,250.00,3.00,M,29.94,M,4.00,M,M,M,M,M,M,M,M,M,M,M,M,M,M,M,M,93.45,VOTV 040540Z AUTO 25003KT 4SM 30/23 A2994 RMK T03000230 IEM_DS3505,M
VOTV,2004-01-04 06:40,76.9500,8.4667,84.20,69.80,62.03,220.00,3.00,M,29.88,M,M,M,M,M,M,M,M,M,M,M,M,M,M,M,M,M,M,88.43,VOTV 040640Z AUTO 22003KT 29/21 A2988 RMK T02900210 IEM_DS3505,M
VOTV,2004-01-04 07:40,76.9500,8.4667,86.00,71.60,62.25,220.00,4.00,M,29.85,M,M,M,M,M,M,M,M,M,M,M,M,M,M,M,M,M,M,91.92,VOTV 040740Z AUTO 22004KT 30/22 A2985 RMK T03000220 IEM_DS3505,M
VOTV,2004-01-04 08:40,76.9500,8.4667,86.00,69.80,58.55,200.00,7.00,M,29.83,M,5.00,M,M,M,M,M,M,M,M,M,M,M,M,M,M,M,M,90.58,VOTV 040840Z AUTO 20007KT 5SM 30/21 A2983 RMK T03000210 IEM_DS3505,M
VOTV,2004-01-04 09:40,76.9500,8.4667,86.00,71.60,62.25,180.00,5.00,M,29.83,M,5.00,M,M,M,M,M,M,M,M,M,M,M,M,M,M,M,M,91.92,VOTV 040940Z AUTO 18005KT 5SM 30/22 A2983 RMK T03000220 IEM_DS3505,M
VOTV,2004-01-04 10:40,76.9500,8.4667,84.20,71.60,65.95,240.00,4.00,M,29.83,M,5.00,M,M,M,M,M,M,M,M,M,M,M,M,M,M,M,M,89.60,VOTV 041040Z AUTO 24004KT 5SM 29/22 A2983 RMK T02900220 IEM_DS3505,M
VOTV,2004-01-04 11:40,76.9500,8.4667,84.20,73.40,70.08,200.00,6.00,M,29.83,M,M,M,M,M,M,M,M,M,M,M,M,M,M,M,M,M,M,90.94,VOTV 041140Z AUTO 20006KT 29/23 A2983 RMK T02900230 IEM_DS3505,M
VOTV,2004-01-04 12:40,76.9500,8.4667,82.40,73.40,74.28,190.00,2.00,M,29.83,M,2.50,M,M,M,M,M,M,M,M,M,M,M,M,M,M,M,M,88.26,VOTV 041240Z AUTO 19002KT 2 1/2SM 28/23 A2983 RMK T02800230 IEM_DS3505,M
VOTV,2004-01-04 13:40,76.9500,8.4667,82.40,75.20,78.90,0.00,0.00,M,29.85,M,2.50,M,M,M,M,M,M,M,M,M,M,M,M,M,M,M,M,89.48,VOTV 041340Z AUTO 00000KT 2 1/2SM 28/24 A2985 RMK T02800240 IEM_DS3505,M
VOTV,2004-01-04 14:40,76.9500,8.4667,82.40,73.40,74.28,0.00,0.00,M,29.88,M,2.50,M,M,M,M,M,M,M,M,M,M,M,M,M,M,M,M,88.26,VOTV 041440Z AUTO 00000KT 2 1/2SM 28/23 A2988 RMK T02800230 IEM_DS3505,M
VOTV,2004-01-04 16:40,76.9500,8.4667,82.40,73.40,74.28,0.00,0.00,M,29.91,M,2.50,M,M,M,M,M,M,M,M,M,M,M,M,M,M,M,M,88.26,VOTV 041640Z AUTO 00000KT 2 1/2SM 28/23 A2991 RMK T02800230 IEM_DS3505,M
VOTV,2004-01-04 20:40,76.9500,8.4667,77.00,M,M,0.00,0.00,M,29.88,M,2.00,M,M,M,M,M,M,M,M,M,M,M,M,M,M,M,M,M,VOTV 042040Z AUTO 00000KT 2SM 25/ A2988 RMK IEM_DS3505,M
VOTV,2004-01-04 22:40,76.9500,8.4667,77.00,73.40,88.67,0.00,0.00,M,29.88,M,2.00,M,M,M,M,M,M,M,M,M,M,M,M,M,M,M,M,78.57,VOTV 042240Z AUTO 00000KT 2SM 25/23 A2988 RMK T02500230 IEM_DS3505,M
VOTV,2004-01-04 23:40,76.9500,8.4667,75.20,69.80,83.32,0.00,0.00,M,29.88,M,2.00,M,M,M,M,M,M,M,M,M,M,M,M,M,M,M,M,76.34,VOTV 042340Z AUTO 00000KT 2SM 24/21 A2988 RMK T02400210 IEM_DS3505,M
VOTV,2004-01-05 00:40,76.9500,8.4667,75.20,71.60,88.59,0.00,0.00,M,29.88,M,2.00,M,M,M,M,M,M,M,M,M,M,M,M,M,M,M,M,76.58,VOTV 050040Z AUTO 00000KT 2SM 24/22 A2988 RMK T02400220 IEM_DS3505,M
VOTV,2004-01-05 01:40,76.9500,8.4667,M,M,M,0.00,0.00,M,M,M,1.25,M,M,M,M,M,M,M,M,M,M,M,M,M,M,M,M,M,VOTV 050140Z AUTO 00000KT 1 1/4SM RMK IEM_DS3505,M
VOTV,2004-01-05 02:40,76.9500,8.4667,78.80,71.60,78.62,0.00,0.00,M,29.94,M,1.50,M,M,M,M,M,M,M,M,M,M,M,M,M,M,M,M,81.70,VOTV 050240Z AUTO 00000KT 1 1/2SM 26/22 A2994 RMK T02600220 IEM_DS3505,M
VOTV,2004-01-05 03:40,76.9500,8.4667,84.20,73.40,70.08,0.00,0.00,M,29.97,M,2.00,M,M,M,M,M,M,M,M,M,M,M,M,M,M,M,M,90.94,VOTV 050340Z AUTO 00000KT 2SM 29/23 A2997 RMK T02900230 IEM_DS3505,M
VOTV,2004-01-05 05:40,76.9500,8.4667,86.00,75.20,70.27,200.00,5.00,M,29.94,M,5.00,M,M,M,M,M,M,M,M,M,M,M,M,M,M,M,M,95.19,VOTV 050540Z AUTO 20005KT 5SM 30/24 A2994 RMK T03000240 IEM_DS3505,M
VOTV,2004-01-05 06:40,76.9500,8.4667,86.00,73.40,66.15,230.00,5.00,M,29.91,M,5.00,M,M,M,M,M,M,M,M,M,M,M,M,M,M,M,M,93.45,VOTV 050640Z AUTO 23005KT 5SM 30/23 A2991 RMK T03000230 IEM_DS3505,M
VOTV,2004-01-05 07:40,76.9500,8.4667,86.00,71.60,62.25,240.00,5.00,M,29.88,M,5.00,M,M,M,M,M,M,M,M,M,M,M,M,M,M,M,M,91.92,VOTV 050740Z AUTO 24005KT 5SM 30/22 A2988 RMK T03000220 IEM_DS3505,M
VOTV,2004-01-05 08:40,76.9500,8.4667,86.00,71.60,62.25,180.00,4.00,M,29.85,M,5.00,M,M,M,M,M,M,M,M,M,M,M,M,M,M,M,M,91.92,VOTV 050840Z AUTO 18004KT 5SM 30/22 A2985 RMK T03000220 IEM_DS3505,M
VOTV,2004-01-05 09:40,76.9500,8.4667,86.00,71.60,62.25,240.00,5.00,M,29.83,M,5.00,M,M,M,M,M,M,M,M,M,M,M,M,M,M,M,M,91.92,VOTV 050940Z AUTO 24005KT 5SM 30/22 A2983 RMK T03000220 IEM_DS3505,M
VOTV,2004-01-05 10:40,76.9500,8.4667,86.00,71.60,62.25,250.00,4.00,M,29.83,M,5.00,M,M,M,M,M,M,M,M,M,M,M,M,M,M,M,M,91.92,VOTV 051040Z AUTO 25004KT 5SM 30/22 A2983 RMK T03000220 IEM_DS3505,M
VOTV,2004-01-05 12:40,76.9500,8.4667,84.20,73.40,70.08,0.00,0.00,M,29.85,M,M,M,M,M,M,M,M,M,M,M,M,M,M,M,M,M,M,90.94,VOTV 051240Z AUTO 00000KT 29/23 A2985 RMK T02900230 IEM_DS3505,M
VOTV,2004-01-05 13:40,76.9500,8.4667,82.40,73.40,74.28,0.00,0.00,M,29.88,M,3.00,M,M,M,M,M,M,M,M,M,M,M,M,M,M,M,M,88.26,VOTV 051340Z AUTO 00000KT 3SM 28/23 A2988 RMK T02800230 IEM_DS3505,M
VOTV,2004-01-05 14:40,76.9500,8.4667,82.40,73.40,74.28,0.00,0.00,M,29.88,M,3.00,M,M,M,M,M,M,M,M,M,M,M,M,M,M,M,M,88.26,VOTV 051440Z AUTO 00000KT 3SM 28/23 A2988 RMK T02800230 IEM_DS3505,M
VOTV,2004-01-05 15:40,76.9500,8.4667,82.40,75.20,78.90,0.00,0.00,M,29.91,M,3.00,M,M,M,M,M,M,M,M,M,M,M,M,M,M,M,M,89.48,VOTV 051540Z AUTO 00000KT 3SM 28/24 A2991 RMK T02800240 IEM_DS3505,M
VOTV,2004-01-06 01:40,76.9500,8.4667,77.00,73.40,88.67,0.00,0.00,M,29.88,M,1.00,M,M,M,M,M,M,M,M,M,M,M,M,M,M,M,M,78.57,VOTV 060140Z AUTO 00000KT 1SM 25/23 A2988 RMK T02500230 IEM_DS3505,M
VOTV,2004-01-06 02:40,76.9500,8.4667,80.60,73.40,78.76,0.00,0.00,M,29.91,M,1.00,M,M,M,M,M,M,M,M,M,M,M,M,M,M,M,M,85.32,VOTV 060240Z AUTO 00000KT 1SM 27/23 A2991 RMK T02700230 IEM_DS3505,M
VOTV,2004-01-06 04:40,76.9500,8.4667,86.00,71.60,62.25,0.00,0.00,M,29.91,M,M,M,M,M,M,M,M,M,M,M,M,M,M,M,M,M,M,91.92,VOTV 060440Z AUTO 00000KT 30/22 A2991 RMK T03000220 IEM_DS3505,M
VOTV,2004-01-06 05:40,76.9500,8.4667,86.00,71.60,62.25,0.00,0.00,M,29.91,M,M,M,M,M,M,M,M,M,M,M,M,M,M,M,M,M,M,91.92,VOTV 060540Z AUTO 00000KT 30/22 A2991 RMK T03000220 IEM_DS3505,M
VOTV,2004-01-06 06:40,76.9500,8.4667,86.00,69.80,58.55,190.00,4.00,M,29.88,M,M,M,M,M,M,M,M,M,M,M,M,M,M,M,M,M,M,90.58,VOTV 060640Z AUTO 19004KT 30/21 A2988 RMK T03000210 IEM_DS3505,M
VOTV,2004-01-06 07:40,76.9500,8.4667,86.00,71.60,62.25,240.00,6.00,M,29.85,M,M,M,M,M,M,M,M,M,M,M,M,M,M,M,M,M,M,91.92,VOTV 060740Z AUTO 24006KT 30/22 A2985 RMK T03000220 IEM_DS3505,M
VOTV,2004-01-06 08:40,76.9500,8.4667,87.80,73.40,62.47,240.00,4.00,M,29.83,M,5.00,M,M,M,M,M,M,M,M,M,M,M,M,M,M,M,M,95.86,VOTV 060840Z AUTO 24004KT 5SM 31/23 A2983 RMK T03100230 IEM_DS3505,M
VOTV,2004-01-06 10:40,76.9500,8.4667,86.00,71.60,62.25,250.00,5.00,M,29.83,M,5.00,M,M,M,M,M,M,M,M,M,M,M,M,M,M,M,M,91.92,VOTV 061040Z AUTO 25005KT 5SM 30/22 A2983 RMK T03000220 IEM_DS3505,M
VOTV,2004-01-06 12:40,76.9500,8.4667,84.20,73.40,70.08,0.00,0.00,M,29.83,M,4.00,M,M,M,M,M,M,M,M,M,M,M,M,M,M,M,M,90.94,VOTV 061240Z AUTO 00000KT 4SM 29/23 A2983 RMK T02900230 IEM_DS3505,M
VOTV,2004-01-06 13:40,76.9500,8.4667,84.20,75.20,74.44,0.00,0.00,M,29.85,M,4.00,M,M,M,M,M,M,M,M,M,M,M,M,M,M,M,M,92.45,VOTV 061340Z AUTO 00000KT 4SM 29/24 A2985 RMK T02900240 IEM_DS3505,M
VOTV,2004-01-07 01:40,76.9500,8.4667,77.00,75.20,94.19,0.00,0.00,M,29.88,M,1.00,M,M,M,M,M,M,M,M,M,M,M,M,M,M,M,M,78.83,VOTV 070140Z AUTO 00000KT 1SM 25/24 A2988 RMK T02500240 IEM_DS3505,M
VOTV,2004-01-07 02:40,76.9500,8.4667,80.60,73.40,78.76,0.00,0.00,M,29.91,M,1.00,M,M,M,M,M,M,M,M,M,M,M,M,M,M,M,M,85.32,VOTV 070240Z AUTO 00000KT 1SM 27/23 A2991 RMK T02700230 IEM_DS3505,M
VOTV,2004-01-07 05:40,76.9500,8.4667,84.20,73.40,70.08,240.00,6.00,M,29.91,M,M,M,M,M,M,M,M,M,M,M,M,M,M,M,M,M,M,90.94,VOTV 070540Z AUTO 24006KT 29/23 A2991 RMK T02900230 IEM_DS3505,M
VOTV,2004-01-07 08:40,76.9500,8.4667,87.80,73.40,62.47,250.00,2.00,M,29.83,M,5.00,M,M,M,M,M,M,M,M,M,M,M,M,M,M,M,M,95.86,VOTV 070840Z AUTO 25002KT 5SM 31/23 A2983 RMK T03100230 IEM_DS3505,M
VOTV,2004-01-07 09:40,76.9500,8.4667,M,M,M,240.00,10.00,M,M,M,5.00,M,M,M,M,M,M,M,M,M,M,M,M,M,M,M,M,M,VOTV 070940Z AUTO 24010KT 5SM RMK IEM_DS3505,M
VOTV,2004-01-07 10:40,76.9500,8.4667,87.80,73.40,62.47,230.00,4.00,M,29.83,M,M,M,M,M,M,M,M,M,M,M,M,M,M,M,M,M,M,95.86,VOTV 071040Z AUTO 23004KT 31/23 A2983 RMK T03100230 IEM_DS3505,M
VOTV,2004-01-07 11:40,76.9500,8.4667,86.00,73.40,66.15,0.00,0.00,M,29.80,M,M,M,M,M,M,M,M,M,M,M,M,M,M,M,M,M,M,93.45,VOTV 071140Z AUTO 00000KT 30/23 A2980 RMK T03000230 IEM_DS3505,M
VOTV,2004-01-07 12:40,76.9500,8.4667,84.20,71.60,65.95,0.00,0.00,M,29.80,M,M,M,M,M,M,M,M,M,M,M,M,M,M,M,M,M,M,89.60,VOTV 071240Z AUTO 00000KT 29/22 A2980 RMK T02900220 IEM_DS3505,M
VOTV,2004-01-07 13:40,76.9500,8.4667,84.20,73.40,70.08,250.00,5.00,M,29.83,M,M,M,M,M,M,M,M,M,M,M,M,M,M,M,M,M,M,90.94,VOTV 071340Z AUTO 25005KT 29/23 A2983 RMK T02900230 IEM_DS3505,M
VOTV,2004-01-07 14:40,76.9500,8.4667,84.20,71.60,65.95,M,M,M,29.85,M,M,M,M,M,M,M,M,M,M,M,M,M,M,M,M,M,M,89.60,VOTV 071440Z AUTO 29/22 A2985 RMK T02900220 IEM_DS3505,M
VOTV,2004-01-07 15:40,76.9500,8.4667,82.40,73.40,74.28,230.00,3.00,M,29.88,M,4.00,M,M,M,M,M,M,M,M,M,M,M,M,M,M,M,M,88.26,VOTV 071540Z AUTO 23003KT 4SM 28/23 A2988 RMK T02800230 IEM_DS3505,M
VOTV,2004-01-07 16:40,76.9500,8.4667,80.60,73.40,78.76,0.00,0.00,M,29.88,M,4.00,M,M,M,M,M,M,M,M,M,M,M,M,M,M,M,M,85.32,VOTV 071640Z AUTO 00000KT 4SM 27/23 A2988 RMK T02700230 IEM_DS3505,M
VOTV,2004-01-07 17:40,76.9500,8.4667,80.60,73.40,78.76,0.00,0.00,M,29.91,M,2.50,M,M,M,M,M,M,M,M,M,M,M,M,M,M,M,M,85.32,VOTV 071740Z AUTO 00000KT 2 1/2SM 27/23 A2991 RMK T02700230 IEM_DS3505,M
VOTV,2004-01-08 00:40,76.9500,8.4667,75.20,69.80,83.32,0.00,0.00,M,29.85,M,2.50,M,M,M,M,M,M,M,M,M,M,M,M,M,M,M,M,76.34,VOTV 080040Z AUTO 00000KT 2 1/2SM 24/21 A2985 RMK T02400210 IEM_DS3505,M
VOTV,2004-01-08 04:40,76.9500,8.4667,86.00,66.20,51.72,60.00,4.00,M,29.91,M,M,M,M,M,M,M,M,M,M,M,M,M,M,M,M,M,M,88.39,VOTV 080440Z AUTO 06004KT 30/19 A2991 RMK T03000190 IEM_DS3505,M
VOTV,2004-01-08 05:40,76.9500,8.4667,86.00,66.20,51.72,290.00,8.00,M,29.91,M,5.00,M,M,M,M,M,M,M,M,M,M,M,M,M,M,M,M,88.39,VOTV 080540Z AUTO 29008KT 5SM 30/19 A2991 RMK T03000190 IEM_DS3505,M
VOTV,2004-01-08 06:40,76.9500,8.4667,86.00,68.00,55.04,250.00,6.00,M,29.88,M,5.00,M,M,M,M,M,M,M,M,M,M,M,M,M,M,M,M,89.41,VOTV 080640Z AUTO 25006KT 5SM 30/20 A2988 RMK T03000200 IEM_DS3505,M
VOTV,2004-01-08 07:40,76.9500,8.4667,86.00,66.20,51.72,270.00,7.00,M,29.85,M,5.00,M,M,M,M,M,M,M,M,M,M,M,M,M,M,M,M,88.39,VOTV 080740Z AUTO 27007KT 5SM 30/19 A2985 RMK T03000190 IEM_DS3505,M
VOTV,2004-01-08 08:40,76.9500,8.4667,86.00,66.20,51.72,260.00,8.00,M,29.83,M,5.00,M,M,M,M,M,M,M,M,M,M,M,M,M,M,M,M,88.39,VOTV 080840Z AUTO 26008KT 5SM 30/19 A2983 RMK T03000190 IEM_DS3505,M
VOTV,2004-01-08 09:40,76.9500,8.4667,87.80,68.00,51.98,240.00,5.00,M,29.83,M,5.00,M,M,M,M,M,M,M,M,M,M,M,M,M,M,M,M,91.43,VOTV 080940Z AUTO 24005KT 5SM 31/20 A2983 RMK T03100200 IEM_DS3505,M
VOTV,2004-01-08 11:40,76.9500,8.4667,86.00,73.40,66.15,0.00,0.00,M,29.83,M,M,M,M,M,M,M,M,M,M,M,M,M,M,M,M,M,M,93.45,VOTV 081140Z AUTO 00000KT 30/23 A2983 RMK T03000230 IEM_DS3505,M
VOTV,2004-01-08 12:40,76.9500,8.4667,84.20,75.20,74.44,0.00,0.00,M,29.83,M,4.00,M,M,M,M,M,M,M,M,M,M,M,M,M,M,M,M,92.45,VOTV 081240Z AUTO 00000KT 4SM 29/24 A2983 RMK T02900240 IEM_DS3505,M
VOTV,2004-01-08 14:40,76.9500,8.4667,82.40,75.20,78.90,0.00,0.00,M,29.85,M,2.50,M,M,M,M,M,M,M,M,M,M,M,M,M,M,M,M,89.48,VOTV 081440Z AUTO 00000KT 2 1/2SM 28/24 A2985 RMK T02800240 IEM_DS3505,M
VOTV,2004-01-08 16:40,76.9500,8.4667,80.60,75.20,83.66,0.00,0.00,M,29.88,M,2.50,M,M,M,M,M,M,M,M,M,M,M,M,M,M,M,M,86.17,VOTV 081640Z AUTO 00000KT 2 1/2SM 27/24 A2988 RMK T02700240 IEM_DS3505,M
VOTV,2004-01-08 23:40,76.9500,8.4667,77.00,68.00,73.78,0.00,0.00,M,29.83,M,2.50,M,M,M,M,M,M,M,M,M,M,M,M,M,M,M,M,77.00,VOTV 082340Z AUTO 00000KT 2 1/2SM 25/20 A2983 RMK T02500200 IEM_DS3505,M
VOTV,2004-01-09 00:40,76.9500,8.4667,75.20,69.80,83.32,0.00,0.00,M,29.85,M,2.50,M,M,M,M,M,M,M,M,M,M,M,M,M,M,M,M,76.34,VOTV 090040Z AUTO 00000KT 2 1/2SM 24/21 A2985 RMK T02400210 IEM_DS3505,M
VOTV,2004-01-09 01:40,76.9500,8.4667,73.40,66.20,78.19,0.00,0.00,M,29.88,M,2.50,M,M,M,M,M,M,M,M,M,M,M,M,M,M,M,M,73.40,VOTV 090140Z AUTO 00000KT 2 1/2SM 23/19 A2988 RMK T02300190 IEM_DS3505,M
VOTV,2004-01-09 04:40,76.9500,8.4667,86.00,68.00,55.04,250.00,4.00,M,29.91,M,M,M,M,M,M,M,M,M,M,M,M,M,M,M,M,M,M,89.41,VOTV 090440Z AUTO 25004KT 30/20 A2991 RMK T03000200 IEM_DS3505,M
VOTV,2004-01-09 05:40,76.9500,8.4667,86.00,68.00,55.04,240.00,5.00,M,29.91,M,M,M,M,M,M,M,M,M,M,M,M,M,M,M,M,M,M,89.41,VOTV 090540Z AUTO 24005KT 30/20 A2991 RMK T03000200 IEM_DS3505,M
VOTV,2004-01-09 06:40,76.9500,8.4667,86.00,69.80,58.55,300.00,6.00,M,29.88,M,M,M,M,M,M,M,M,M,M,M,M,M,M,M,M,M,M,90.58,VOTV 090640Z AUTO 30006KT 30/21 A2988 RMK T03000210 IEM_DS3505,M
VOTV,2004-01-09 07:40,76.9500,8.4667,87.80,71.60,58.78,250.00,3.00,M,29.85,M,M,M,M,M,M,M,M,M,M,M,M,M,M,M,M,M,M,94.18,VOTV 090740Z AUTO 25003KT 31/22 A2985 RMK T03100220 IEM_DS3505,M
VOTV,2004-01-09 08:40,76.9500,8.4667,86.00,69.80,58.55,250.00,4.00,M,29.83,M,M,M,M,M,M,M,M,M,M,M,M,M,M,M,M,M,M,90.58,VOTV 090840Z AUTO 25004KT 30/21 A2983 RMK T03000210 IEM_DS3505,M
VOTV,2004-01-09 09:40,76.9500,8.4667,86.00,69.80,58.55,270.00,6.00,M,29.83,M,M,M,M,M,M,M,M,M,M,M,M,M,M,M,M,M,M,90.58,VOTV 090940Z AUTO 27006KT 30/21 A2983 RMK T03000210 IEM_DS3505,M
VOTV,2004-01-09 10:40,76.9500,8.4667,86.00,71.60,62.25,250.00,4.00,M,29.80,M,M,M,M,M,M,M,M,M,M,M,M,M,M,M,M,M,M,91.92,VOTV 091040Z AUTO 25004KT 30/22 A2980 RMK T03000220 IEM_DS3505,M
VOTV,2004-01-09 11:40,76.9500,8.4667,86.00,71.60,62.25,0.00,0.00,M,29.83,M,M,M,M,M,M,M,M,M,M,M,M,M,M,M,M,M,M,91.92,VOTV 091140Z AUTO 00000KT 30/22 A2983 RMK T03000220 IEM_DS3505,M
VOTV,2004-01-09 12:40,76.9500,8.4667,84.20,71.60,65.95,0.00,0.00,M,29.83,M,M,M,M,M,M,M,M,M,M,M,M,M,M,M,M,M,M,89.60,VOTV 091240Z AUTO 00000KT 29/22 A2983 RMK T02900220 IEM_DS3505,M
VOTV,2004-01-09 13:40,76.9500,8.4667,82.40,73.40,74.28,0.00,0.00,M,29.83,M,2.50,M,M,M,M,M,M,M,M,M,M,M,M,M,M,M,M,88.26,VOTV 091340Z AUTO 00000KT 2 1/2SM 28/23 A2983 RMK T02800230 IEM_DS3505,M
VOTV,2004-01-09 14:40,76.9500,8.4667,82.40,71.60,69.90,0.00,0.00,M,29.85,M,2.50,M,M,M,M,M,M,M,M,M,M,M,M,M,M,M,M,87.18,VOTV 091440Z AUTO 00000KT 2 1/2SM 28/22 A2985 RMK T02800220 IEM_DS3505,M
VOTV,2004-01-10 00:40,76.9500,8.4667,75.20,73.40,94.14,0.00,0.00,M,M,M,2.00,M,M,M,M,M,M,M,M,M,M,M,M,M,M,M,M,76.84,VOTV 100040Z AUTO 00000KT 2SM 24/23 RMK T02400230 IEM_DS3505,M
VOTV,2004-01-10 01:40,76.9500,8.4667,M,M,M,0.00,0.00,M,29.88,M,1.00,M,M,M,M,M,M,M,M,M,M,M,M,M,M,M,M,M,VOTV 100140Z AUTO 00000KT 1SM A2988 RMK IEM_DS3505,M
VOTV,2004-01-10 09:40,76.9500,8.4667,87.80,68.00,51.98,220.00,4.00,M,29.80,M,5.00,M,M,M,M,M,M,M,M,M,M,M,M,M,M,M,M,91.43,VOTV 100940Z AUTO 22004KT 5SM 31/20 A2980 RMK T03100200 IEM_DS3505,M
VOTV,2004-01-10 11:40,76.9500,8.4667,86.00,71.60,62.25,260.00,6.00,M,29.80,M,5.00,M,M,M,M,M,M,M,M,M,M,M,M,M,M,M,M,91.92,VOTV 101140Z AUTO 26006KT 5SM 30/22 A2980 RMK T03000220 IEM_DS3505,M
VOTV,2004-01-10 12:40,76.9500,8.4667,84.20,71.60,65.95,270.00,3.00,M,29.80,M,5.00,M,M,M,M,M,M,M,M,M,M,M,M,M,M,M,M,89.60,VOTV 101240Z AUTO 27003KT 5SM 29/22 A2980 RMK T02900220 IEM_DS3505,M
VOTV,2004-01-10 13:40,76.9500,8.4667,84.20,71.60,65.95,310.00,5.00,M,29.83,M,M,M,M,M,M,M,M,M,M,M,M,M,M,M,M,M,M,89.60,VOTV 101340Z AUTO 31005KT 29/22 A2983 RMK T02900220 IEM_DS3505,M
VOTV,2004-01-10 23:40,76.9500,8.4667,78.80,69.80,73.95,0.00,0.00,M,29.83,M,2.50,M,M,M,M,M,M,M,M,M,M,M,M,M,M,M,M,81.39,VOTV 102340Z AUTO 00000KT 2 1/2SM 26/21 A2983 RMK T02600210 IEM_DS3505,M
VOTV,2004-01-11 00:40,76.9500,8.4667,77.00,69.80,78.48,0.00,0.00,M,29.85,M,2.50,M,M,M,M,M,M,M,M,M,M,M,M,M,M,M,M,78.09,VOTV 110040Z AUTO 00000KT 2 1/2SM 25/21 A2985 RMK T02500210 IEM_DS3505,M
VOTV,2004-01-11 01:40,76.9500,8.4667,75.20,68.00,78.34,0.00,0.00,M,29.85,M,4.00,M,M,M,M,M,M,M,M,M,M,M,M,M,M,M,M,75.20,VOTV 110140Z AUTO 00000KT 4SM 24/20 A2985 RMK T02400200 IEM_DS3505,M
VOTV,2004-01-11 02:40,76.9500,8.4667,80.60,68.00,65.54,0.00,0.00,M,29.91,M,M,M,M,M,M,M,M,M,M,M,M,M,M,M,M,M,M,83.29,VOTV 110240Z AUTO 00000KT 27/20 A2991 RMK T02700200 IEM_DS3505,M
VOTV,2004-01-11 03:40,76.9500,8.4667,86.00,66.20,51.72,0.00,0.00,M,29.91,M,5.00,M,M,M,M,M,M,M,M,M,M,M,M,M,M,M,M,88.39,VOTV 110340Z AUTO 00000KT 5SM 30/19 A2991 RMK T03000190 IEM_DS3505,M
VOTV,2004-01-11 05:40,76.9500,8.4667,86.00,66.20,51.72,230.00,5.00,M,29.88,M,5.00,M,M,M,M,M,M,M,M,M,M,M,M,M,M,M,M,88.39,VOTV 110540Z AUTO 23005KT 5SM 30/19 A2988 RMK T03000190 IEM_DS3505,M
VOTV,2004-01-11 06:40,76.9500,8.4667,86.00,64.40,48.58,240.00,5.00,M,29.85,M,5.00,M,M,M,M,M,M,M,M,M,M,M,M,M,M,M,M,87.49,VOTV 110640Z AUTO 24005KT 5SM 30/18 A2985 RMK T03000180 IEM_DS3505,M
VOTV,2004-01-11 07:40,76.9500,8.4667,86.00,66.20,51.72,220.00,6.00,M,29.83,M,5.00,M,M,M,M,M,M,M,M,M,M,M,M,M,M,M,M,88.39,VOTV 110740Z AUTO 22006KT 5SM 30/19 A2983 RMK T03000190 IEM_DS3505,M
VOTV,2004-01-11 08:40,76.9500,8.4667,87.80,68.00,51.98,230.00,5.00,M,29.80,M,5.00,M,M,M,M,M,M,M,M,M,M,M,M,M,M,M,M,91.43,VOTV 110840Z AUTO 23005KT 5SM 31/20 A2980 RMK T03100200 IEM_DS3505,M
VOTV,2004-01-11 09:40,76.9500,8.4667,87.80,66.20,48.84,230.00,7.00,M,29.80,M,5.00,M,M,M,M,M,M,M,M,M,M,M,M,M,M,M,M,90.31,VOTV 110940Z AUTO 23007KT 5SM 31/19 A2980 RMK T03100190 IEM_DS3505,M
VOTV,2004-01-11 10:40,76.9500,8.4667,86.00,66.20,51.72,220.00,3.00,M,29.80,M,5.00,M,M,M,M,M,M,M,M,M,M,M,M,M,M,M,M,88.39,VOTV 111040Z AUTO 22003KT 5SM 30/19 A2980 RMK T03000190 IEM_DS3505,M
VOTV,2004-01-11 11:40,76.9500,8.4667,86.00,69.80,58.55,0.00,0.00,M,29.80,M,5.00,M,M,M,M,M,M,M,M,M,M,M,M,M,M,M,M,90.58,VOTV 111140Z AUTO 00000KT 5SM 30/21 A2980 RMK T03000210 IEM_DS3505,M
VOTV,2004-01-11 12:40,76.9500,8.4667,84.20,69.80,62.03,0.00,0.00,M,29.83,M,M,M,M,M,M,M,M,M,M,M,M,M,M,M,M,M,M,88.43,VOTV 111240Z AUTO 00000KT 29/21 A2983 RMK T02900210 IEM_DS3505,M
VOTV,2004-01-11 13:40,76.9500,8.4667,82.40,69.80,65.74,0.00,0.00,M,29.83,M,M,M,M,M,M,M,M,M,M,M,M,M,M,M,M,M,M,86.22,VOTV 111340Z AUTO 00000KT 28/21 A2983 RMK T02800210 IEM_DS3505,M
VOTV,2004-01-11 14:40,76.9500,8.4667,82.40,69.80,65.74,0.00,0.00,M,29.85,M,M,M,M,M,M,M,M,M,M,M,M,M,M,M,M,M,M,86.22,VOTV 111440Z AUTO 00000KT 28/21 A2985 RMK T02800210 IEM_DS3505,M
VOTV,2004-01-11 15:40,76.9500,8.4667,80.60,69.80,69.71,0.00,0.00,M,29.88,M,M,M,M,M,M,M,M,M,M,M,M,M,M,M,M,M,M,83.90,VOTV 111540Z AUTO 00000KT 27/21 A2988 RMK T02700210 IEM_DS3505,M
VOTV,2004-01-11 16:40,76.9500,8.4667,78.80,69.80,73.95,0.00,0.00,M,29.88,M,4.00,M,M,M,M,M,M,M,M,M,M,M,M,M,M,M,M,81.39,VOTV 111640Z AUTO 00000KT 4SM 26/21 A2988 RMK T02600210 IEM_DS3505,M
VOTV,2004-01-11 17:40,76.9500,8.4667,78.80,69.80,73.95,0.00,0.00,M,29.88,M,3.00,M,M,M,M,M,M,M,M,M,M,M,M,M,M,M,M,81.39,VOTV 111740Z AUTO 00000KT 3SM 26/21 A2988 RMK T02600210 IEM_DS3505,M
VOTV,2004-01-12 00:40,76.9500,8.4667,71.60,66.20,83.09,0.00,0.00,M,M,M,2.00,M,M,M,M,M,M,M,M,M,M,M,M,M,M,M,M,71.60,VOTV 120040Z AUTO 00000KT 2SM 22/19 RMK T02200190 IEM_DS3505,M
VOTV,2004-01-12 01:40,76.9500,8.4667,73.40,64.40,73.44,0.00,0.00,M,29.91,M,1.50,M,M,M,M,M,M,M,M,M,M,M,M,M,M,M,M,73.40,VOTV 120140Z AUTO 00000KT 1 1/2SM 23/18 A2991 RMK T02300180 IEM_DS3505,M
VOTV,2004-01-12 03:40,76.9500,8.4667,84.20,62.60,48.32,M,M,M,29.94,M,3.00,M,M,M,M,M,M,M,M,M,M,M,M,M,M,M,M,85.03,VOTV 120340Z AUTO 3SM 29/17 A2994 RMK T02900170 IEM_DS3505,M
VOTV,2004-01-12 05:40,76.9500,8.4667,84.20,62.60,48.32,270.00,5.00,M,29.94,M,M,M,M,M,M,M,M,M,M,M,M,M,M,M,M,M,M,85.03,VOTV 120540Z AUTO 27005KT 29/17 A2994 RMK T02900170 IEM_DS3505,M
VOTV,2004-01-12 06:40,76.9500,8.4667,86.00,62.60,45.61,260.00,7.00,M,29.91,M,M,M,M,M,M,M,M,M,M,M,M,M,M,M,M,M,M,86.72,VOTV 120640Z AUTO 26007KT 30/17 A2991 RMK T03000170 IEM_DS3505,M
VOTV,2004-01-12 07:40,76.9500,8.4667,86.00,64.40,48.58,280.00,6.00,M,29.88,M,5.00,M,M,M,M,M,M,M,M,M,M,M,M,M,M,M,M,87.49,VOTV 120740Z AUTO 28006KT 5SM 30/18 A2988 RMK T03000180 IEM_DS3505,M
VOTV,2004-01-12 08:40,76.9500,8.4667,86.00,64.40,48.58,280.00,8.00,M,29.85,M,7.00,M,M,M,M,M,M,M,M,M,M,M,M,M,M,M,M,87.49,VOTV 120840Z AUTO 28008KT 7SM 30/18 A2985 RMK T03000180 IEM_DS3505,M
VOTV,2004-01-12 09:40,76.9500,8.4667,86.00,66.20,51.72,240.00,6.00,M,29.83,M,7.00,M,M,M,M,M,M,M,M,M,M,M,M,M,M,M,M,88.39,VOTV 120940Z AUTO 24006KT 7SM 30/19 A2983 RMK T03000190 IEM_DS3505,M
VOTV,2004-01-12 10:40,76.9500,8.4667,86.00,66.20,51.72,280.00,7.00,M,29.80,M,7.00,M,M,M,M,M,M,M,M,M,M,M,M,M,M,M,M,88.39,VOTV 121040Z AUTO 28007KT 7SM 30/19 A2980 RMK T03000190 IEM_DS3505,M
VOTV,2004-01-12 11:40,76.9500,8.4667,84.20,68.00,58.32,270.00,6.00,M,29.80,M,5.00,M,M,M,M,M,M,M,M,M,M,M,M,M,M,M,M,87.40,VOTV 121140Z AUTO 27006KT 5SM 29/20 A2980 RMK T02900200 IEM_DS3505,M
VOTV,2004-01-12 12:40,76.9500,8.4667,82.40,75.20,78.90,290.00,4.00,M,29.83,M,4.00,M,M,M,M,M,M,M,M,M,M,M,M,M,M,M,M,89.48,VOTV 121240Z AUTO 29004KT 4SM 28/24 A2983 RMK T02800240 IEM_DS3505,M
VOTV,2004-01-12 15:40,76.9500,8.4667,78.80,69.80,73.95,0.00,0.00,M,29.85,M,4.00,M,M,M,M,M,M,M,M,M,M,M,M,M,M,M,M,81.39,VOTV 121540Z AUTO 00000KT 4SM 26/21 A2985 RMK T02600210 IEM_DS3505,M
VOTV,2004-01-12 23:40,76.9500,8.4667,71.60,64.40,78.04,0.00,0.00,M,29.83,M,2.00,M,M,M,M,M,M,M,M,M,M,M,M,M,M,M,M,71.60,VOTV 122340Z AUTO 00000KT 2SM 22/18 A2983 RMK T02200180 IEM_DS3505,M
VOTV,2004-01-13 01:40,76.9500,8.4667,71.60,68.00,88.43,0.00,0.00,M,29.85,M,1.00,M,M,M,M,M,M,M,M,M,M,M,M,M,M,M,M,72.62,VOTV 130140Z AUTO 00000KT 1SM 22/20 A2985 RMK T02200200 IEM_DS3505,M
VOTV,2004-01-13 02:40,76.9500,8.4667,77.00,66.20,69.33,0.00,0.00,M,29.88,M,1.25,M,M,M,M,M,M,M,M,M,M,M,M,M,M,M,M,77.00,VOTV 130240Z AUTO 00000KT 1 1/4SM 25/19 A2988 RMK T02500190 IEM_DS3505,M
VOTV,2004-01-13 04:40,76.9500,8.4667,84.20,69.80,62.03,0.00,0.00,M,29.91,M,M,M,M,M,M,M,M,M,M,M,M,M,M,M,M,M,M,88.43,VOTV 130440Z AUTO 00000KT 29/21 A2991 RMK T02900210 IEM_DS3505,M
VOTV,2004-01-13 05:40,76.9500,8.4667,84.20,69.80,62.03,230.00,5.00,M,29.88,M,5.00,M,M,M,M,M,M,M,M,M,M,M,M,M,M,M,M,88.43,VOTV 130540Z AUTO 23005KT 5SM 29/21 A2988 RMK T02900210 IEM_DS3505,M
VOTV,2004-01-13 06:40,76.9500,8.4667,84.20,68.00,58.32,220.00,4.00,M,29.85,M,5.00,M,M,M,M,M,M,M,M,M,M,M,M,M,M,M,M,87.40,VOTV 130640Z AUTO 22004KT 5SM 29/20 A2985 RMK T02900200 IEM_DS3505,M
VOTV,2004-01-13 07:40,76.9500,8.4667,86.00,68.00,55.04,180.00,6.00,M,29.85,M,5.00,M,M,M,M,M,M,M,M,M,M,M,M,M,M,M,M,89.41,VOTV 130740Z AUTO 18006KT 5SM 30/20 A2985 RMK T03000200 IEM_DS3505,M
VOTV,2004-01-13 08:40,76.9500,8.4667,86.00,68.00,55.04,210.00,5.00,M,29.80,M,5.00,M,M,M,M,M,M,M,M,M,M,M,M,M,M,M,M,89.41,VOTV 130840Z AUTO 21005KT 5SM 30/20 A2980 RMK T03000200 IEM_DS3505,M
VOTV,2004-01-13 09:40,76.9500,8.4667,86.00,69.80,58.55,180.00,3.00,M,29.80,M,5.00,M,M,M,M,M,M,M,M,M,M,M,M,M,M,M,M,90.58,VOTV 130940Z AUTO 18003KT 5SM 30/21 A2980 RMK T03000210 IEM_DS3505,M
VOTV,2004-01-13 10:40,76.9500,8.4667,86.00,69.80,58.55,240.00,3.00,M,29.80,M,5.00,M,M,M,M,M,M,M,M,M,M,M,M,M,M,M,M,90.58,VOTV 131040Z AUTO 24003KT 5SM 30/21 A2980 RMK T03000210 IEM_DS3505,M
VOTV,2004-01-13 11:40,76.9500,8.4667,84.20,69.80,62.03,230.00,6.00,M,29.80,M,5.00,M,M,M,M,M,M,M,M,M,M,M,M,M,M,M,M,88.43,VOTV 131140Z AUTO 23006KT 5SM 29/21 A2980 RMK T02900210 IEM_DS3505,M
VOTV,2004-01-13 12:40,76.9500,8.4667,84.20,69.80,62.03,M,M,M,29.80,M,5.00,M,M,M,M,M,M,M,M,M,M,M,M,M,M,M,M,88.43,VOTV 131240Z AUTO 5SM 29/21 A2980 RMK T02900210 IEM_DS3505,M
VOTV,2004-01-13 13:40,76.9500,8.4667,82.40,73.40,74.28,0.00,0.00,M,29.83,M,4.00,M,M,M,M,M,M,M,M,M,M,M,M,M,M,M,M,88.26,VOTV 131340Z AUTO 00000KT 4SM 28/23 A2983 RMK T02800230 IEM_DS3505,M
VOTV,2004-01-13 14:40,76.9500,8.4667,82.40,73.40,74.28,0.00,0.00,M,29.85,M,4.00,M,M,M,M,M,M,M,M,M,M,M,M,M,M,M,M,88.26,VOTV 131440Z AUTO 00000KT 4SM 28/23 A2985 RMK T02800230 IEM_DS3505,M
VOTV,2004-01-13 15:40,76.9500,8.4667,82.40,73.40,74.28,0.00,0.00,M,29.85,M,4.00,M,M,M,M,M,M,M,M,M,M,M,M,M,M,M,M,88.26,VOTV 131540Z AUTO 00000KT 4SM 28/23 A2985 RMK T02800230 IEM_DS3505,M
VOTV,2004-01-13 16:40,76.9500,8.4667,80.60,73.40,78.76,0.00,0.00,M,29.85,M,2.50,M,M,M,M,M,M,M,M,M,M,M,M,M,M,M,M,85.32,VOTV 131640Z AUTO 00000KT 2 1/2SM 27/23 A2985 RMK T02700230 IEM_DS3505,M
VOTV,2004-01-13 23:40,76.9500,8.4667,73.40,69.80,88.51,0.00,0.00,M,29.80,M,2.00,M,M,M,M,M,M,M,M,M,M,M,M,M,M,M,M,74.60,VOTV 132340Z AUTO 00000KT 2SM 23/21 A2980 RMK T02300210 IEM_DS3505,M
VOTV,2004-01-14 01:40,76.9500,8.4667,73.40,68.00,83.21,0.00,0.00,M,29.83,M,1.25,M,M,M,M,M,M,M,M,M,M,M,M,M,M,M,M,73.40,VOTV 140140Z AUTO 00000KT 1 1/4SM 23/20 A2983 RMK T02300200 IEM_DS3505,M
VOTV,2004-01-14 02:40,76.9500,8.4667,77.00,68.00,73.78,0.00,0.00,M,29.85,M,1.25,M,M,M,M,M,M,M,M,M,M,M,M,M,M,M,M,77.00,VOTV 140240Z AUTO 00000KT 1 1/4SM 25/20 A2985 RMK T02500200 IEM_DS3505,M
VOTV,2004-01-14 03:40,76.9500,8.4667,80.60,69.80,69.71,0.00,0.00,M,29.88,M,2.50,M,M,M,M,M,M,M,M,M,M,M,M,M,M,M,M,83.90,VOTV 140340Z AUTO 00000KT 2 1/2SM 27/21 A2988 RMK T02700210 IEM_DS3505,M
VOTV,2004-01-14 04:40,76.9500,8.4667,84.20,68.00,58.32,170.00,4.00,M,29.88,M,M,M,M,M,M,M,M,M,M,M,M,M,M,M,M,M,M,87.40,VOTV 140440Z AUTO 17004KT 29/20 A2988 RMK T02900200 IEM_DS3505,M
VOTV,2004-01-14 05:40,76.9500,8.4667,84.20,68.00,58.32,210.00,3.00,M,29.88,M,M,M,M,M,M,M,M,M,M,M,M,M,M,M,M,M,M,87.40,VOTV 140540Z AUTO 21003KT 29/20 A2988 RMK T02900200 IEM_DS3505,M
VOTV,2004-01-14 07:40,76.9500,8.4667,84.20,69.80,62.03,200.00,5.00,M,29.83,M,5.00,M,M,M,M,M,M,M,M,M,M,M,M,M,M,M,M,88.43,VOTV 140740Z AUTO 20005KT 5SM 29/21 A2983 RMK T02900210 IEM_DS3505,M
VOTV,2004-01-14 08:40,76.9500,8.4667,86.00,71.60,62.25,190.00,6.00,M,29.80,M,5.00,M,M,M,M,M,M,M,M,M,M,M,M,M,M,M,M,91.92,VOTV 140840Z AUTO 19006KT 5SM 30/22 A2980 RMK T03000220 IEM_DS3505,M
VOTV,2004-01-14 10:40,76.9500,8.4667,84.20,68.00,58.32,210.00,5.00,M,29.77,M,5.00,M,M,M,M,M,M,M,M,M,M,M,M,M,M,M,M,87.40,VOTV 141040Z AUTO 21005KT 5SM 29/20 A2977 RMK T02900200 IEM_DS3505,M
VOTV,2004-01-14 11:40,76.9500,8.4667,84.20,68.00,58.32,190.00,7.00,M,29.77,M,5.00,M,M,M,M,M,M,M,M,M,M,M,M,M,M,M,M,87.40,VOTV 141140Z AUTO 19007KT 5SM 29/20 A2977 RMK T02900200 IEM_DS3505,M
VOTV,2004-01-14 13:40,76.9500,8.4667,80.60,69.80,69.71,0.00,0.00,M,29.80,M,M,M,M,M,M,M,M,M,M,M,M,M,M,M,M,M,M,83.90,VOTV 141340Z AUTO 00000KT 27/21 A2980 RMK T02700210 IEM_DS3505,M
VOTV,2004-01-14 14:40,76.9500,8.4667,80.60,69.80,69.71,0.00,0.00,M,29.83,M,M,M,M,M,M,M,M,M,M,M,M,M,M,M,M,M,M,83.90,VOTV 141440Z AUTO 00000KT 27/21 A2983 RMK T02700210 IEM_DS3505,M
VOTV,2004-01-14 15:40,76.9500,8.4667,80.60,68.00,65.54,0.00,0.00,M,29.85,M,M,M,M,M,M,M,M,M,M,M,M,M,M,M,M,M,M,83.29,VOTV 141540Z AUTO 00000KT 27/20 A2985 RMK T02700200 IEM_DS3505,M
VOTV,2004-01-14 16:40,76.9500,8.4667,77.00,69.80,78.48,0.00,0.00,M,29.85,M,2.50,M,M,M,M,M,M,M,M,M,M,M,M,M,M,M,M,78.09,VOTV 141640Z AUTO 00000KT 2 1/2SM 25/21 A2985 RMK T02500210 IEM_DS3505,M
VOTV,2004-01-14 17:40,76.9500,8.4667,77.00,69.80,78.48,0.00,0.00,M,29.85,M,2.50,M,M,M,M,M,M,M,M,M,M,M,M,M,M,M,M,78.09,VOTV 141740Z AUTO 00000KT 2 1/2SM 25/21 A2985 RMK T02500210 IEM_DS3505,M
VOTV,2004-01-14 23:40,76.9500,8.4667,71.60,66.20,83.09,0.00,0.00,M,29.83,M,2.00,M,M,M,M,M,M,M,M,M,M,M,M,M,M,M,M,71.60,VOTV 142340Z AUTO 00000KT 2SM 22/19 A2983 RMK T02200190 IEM_DS3505,M
VOTV,2004-01-15 01:40,76.9500,8.4667,71.60,64.40,78.04,0.00,0.00,M,29.83,M,1.00,M,M,M,M,M,M,M,M,M,M,M,M,M,M,M,M,71.60,VOTV 150140Z AUTO 00000KT 1SM 22/18 A2983 RMK T02200180 IEM_DS3505,M
VOTV,2004-01-15 05:40,76.9500,8.4667,84.20,69.80,62.03,160.00,6.00,M,29.88,M,M,M,M,M,M,M,M,M,M,M,M,M,M,M,M,M,M,88.43,VOTV 150540Z AUTO 16006KT 29/21 A2988 RMK T02900210 IEM_DS3505,M
VOTV,2004-01-15 09:40,76.9500,8.4667,84.20,68.00,58.32,230.00,3.00,M,29.80,M,5.00,M,M,M,M,M,M,M,M,M,M,M,M,M,M,M,M,87.40,VOTV 150940Z AUTO 23003KT 5SM 29/20 A2980 RMK T02900200 IEM_DS3505,M
VOTV,2004-01-15 10:40,76.9500,8.4667,86.00,68.00,55.04,240.00,4.00,M,29.80,M,5.00,M,M,M,M,M,M,M,M,M,M,M,M,M,M,M,M,89.41,VOTV 151040Z AUTO 24004KT 5SM 30/20 A2980 RMK T03000200 IEM_DS3505,M
VOTV,2004-01-15 11:40,76.9500,8.4667,84.20,69.80,62.03,250.00,3.00,M,29.80,M,5.00,M,M,M,M,M,M,M,M,M,M,M,M,M,M,M,M,88.43,VOTV 151140Z AUTO 25003KT 5SM 29/21 A2980 RMK T02900210 IEM_DS3505,M
VOTV,2004-01-15 14:40,76.9500,8.4667,82.40,68.00,61.81,280.00,4.00,M,29.88,M,2.50,M,M,M,M,M,M,M,M,M,M,M,M,M,M,M,M,85.38,VOTV 151440Z AUTO 28004KT 2 1/2SM 28/20 A2988 RMK T02800200 IEM_DS3505,M
VOTV,2004-01-15 15:40,76.9500,8.4667,80.60,69.80,69.71,0.00,0.00,M,29.91,M,2.00,M,M,M,M,M,M,M,M,M,M,M,M,M,M,M,M,83.90,VOTV 151540Z AUTO 00000KT 2SM 27/21 A2991 RMK T02700210 IEM_DS3505,M
VOTV,2004-01-15 16:40,76.9500,8.4667,78.80,69.80,73.95,0.00,0.00,M,29.94,M,2.00,M,M,M,M,M,M,M,M,M,M,M,M,M,M,M,M,81.39,VOTV 151640Z AUTO 00000KT 2SM 26/21 A2994 RMK T02600210 IEM_DS3505,M
VOTV,2004-01-15 17:40,76.9500,8.4667,M,M,M,0.00,0.00,M,M,M,2.00,M,M,M,M,M,M,M,M,M,M,M,M,M,M,M,M,M,VOTV 151740Z AUTO 00000KT 2SM RMK IEM_DS3505,M
VOTV,2004-01-15 23:40,76.9500,8.4667,71.60,64.40,78.04,0.00,0.00,M,29.85,M,2.00,M,M,M,M,M,M,M,M,M,M,M,M,M,M,M,M,71.60,VOTV 152340Z AUTO 00000KT 2SM 22/18 A2985 RMK T02200180 IEM_DS3505,M
VOTV,2004-01-16 01:40,76.9500,8.4667,71.60,66.20,83.09,0.00,0.00,M,29.88,M,1.25,M,M,M,M,M,M,M,M,M,M,M,M,M,M,M,M,71.60,VOTV 160140Z AUTO 00000KT 1 1/4SM 22/19 A2988 RMK T02200190 IEM_DS3505,M
VOTV,2004-01-16 02:40,76.9500,8.4667,75.20,66.20,73.61,0.00,0.00,M,29.94,M,1.50,M,M,M,M,M,M,M,M,M,M,M,M,M,M,M,M,75.20,VOTV 160240Z AUTO 00000KT 1 1/2SM 24/19 A2994 RMK T02400190 IEM_DS3505,M
VOTV,2004-01-16 04:40,76.9500,8.4667,84.20,68.00,58.32,310.00,3.00,M,29.97,M,M,M,M,M,M,M,M,M,M,M,M,M,M,M,M,M,M,87.40,VOTV 160440Z AUTO 31003KT 29/20 A2997 RMK T02900200 IEM_DS3505,M
VOTV,2004-01-16 05:40,76.9500,8.4667,84.20,68.00,58.32,240.00,6.00,M,29.94,M,M,M,M,M,M,M,M,M,M,M,M,M,M,M,M,M,M,87.40,VOTV 160540Z AUTO 24006KT 29/20 A2994 RMK T02900200 IEM_DS3505,M
VOTV,2004-01-16 06:40,76.9500,8.4667,86.00,68.00,55.04,210.00,5.00,M,29.91,M,M,M,M,M,M,M,M,M,M,M,M,M,M,M,M,M,M,89.41,VOTV 160640Z AUTO 21005KT 30/20 A2991 RMK T03000200 IEM_DS3505,M
VOTV,2004-01-16 07:40,76.9500,8.4667,84.20,68.00,58.32,250.00,5.00,M,29.85,M,5.00,M,M,M,M,M,M,M,M,M,M,M,M,M,M,M,M,87.40,VOTV 160740Z AUTO 25005KT 5SM 29/20 A2985 RMK T02900200 IEM_DS3505,M
VOTV,2004-01-16 08:40,76.9500,8.4667,86.00,68.00,55.04,210.00,7.00,M,29.83,M,5.00,M,M,M,M,M,M,M,M,M,M,M,M,M,M,M,M,89.41,VOTV 160840Z AUTO 21007KT 5SM 30/20 A2983 RMK T03000200 IEM_DS3505,M
VOTV,2004-01-16 09:40,76.9500,8.4667,87.80,66.20,48.84,210.00,5.00,M,29.83,M,5.00,M,M,M,M,M,M,M,M,M,M,M,M,M,M,M,M,90.31,VOTV 160940Z AUTO 21005KT 5SM 31/19 A2983 RMK T03100190 IEM_DS3505,M
VOTV,2004-01-16 10:40,76.9500,8.4667,86.00,68.00,55.04,240.00,5.00,M,29.80,M,5.00,M,M,M,M,M,M,M,M,M,M,M,M,M,M,M,M,89.41,VOTV 161040Z AUTO 24005KT 5SM 30/20 A2980 RMK T03000200 IEM_DS3505,M
VOTV,2004-01-16 11:40,76.9500,8.4667,86.00,69.80,58.55,0.00,0.00,M,29.83,M,5.00,M,M,M,M,M,M,M,M,M,M,M,M,M,M,M,M,90.58,VOTV 161140Z AUTO 00000KT 5SM 30/21 A2983 RMK T03000210 IEM_DS3505,M
VOTV,2004-01-16 23:40,76.9500,8.4667,73.40,66.20,78.19,0.00,0.00,M,29.83,M,2.50,M,M,M,M,M,M,M,M,M,M,M,M,M,M,M,M,73.40,VOTV 162340Z AUTO 00000KT 2 1/2SM 23/19 A2983 RMK T02300190 IEM_DS3505,M
VOTV,2004-01-17 01:40,76.9500,8.4667,71.60,66.20,83.09,0.00,0.00,M,29.85,M,1.25,M,M,M,M,M,M,M,M,M,M,M,M,M,M,M,M,71.60,VOTV 170140Z AUTO 00000KT 1 1/4SM 22/19 A2985 RMK T02200190 IEM_DS3505,M
VOTV,2004-01-17 02:40,76.9500,8.4667,75.20,66.20,73.61,0.00,0.00,M,29.88,M,1.25,M,M,M,M,M,M,M,M,M,M,M,M,M,M,M,M,75.20,VOTV 170240Z AUTO 00000KT 1 1/4SM 24/19 A2988 RMK T02400190 IEM_DS3505,M
VOTV,2004-01-17 03:40,76.9500,8.4667,82.40,69.80,65.74,0.00,0.00,M,29.88,M,2.00,M,M,M,M,M,M,M,M,M,M,M,M,M,M,M,M,86.22,VOTV 170340Z AUTO 00000KT 2SM 28/21 A2988 RMK T02800210 IEM_DS3505,M
VOTV,2004-01-17 04:40,76.9500,8.4667,84.20,68.00,58.32,0.00,0.00,M,29.88,M,M,M,M,M,M,M,M,M,M,M,M,M,M,M,M,M,M,87.40,VOTV 170440Z AUTO 00000KT 29/20 A2988 RMK T02900200 IEM_DS3505,M
VOTV,2004-01-17 05:40,76.9500,8.4667,84.20,69.80,62.03,0.00,0.00,M,29.88,M,M,M,M,M,M,M,M,M,M,M,M,M,M,M,M,M,M,88.43,VOTV 170540Z AUTO 00000KT 29/21 A2988 RMK T02900210 IEM_DS3505,M
VOTV,2004-01-17 08:40,76.9500,8.4667,84.20,69.80,62.03,210.00,8.00,M,29.80,M,5.00,M,M,M,M,M,M,M,M,M,M,M,M,M,M,M,M,88.43,VOTV 170840Z AUTO 21008KT 5SM 29/21 A2980 RMK T02900210 IEM_DS3505,M
VOTV,2004-01-17 09:40,76.9500,8.4667,84.20,69.80,62.03,200.00,6.00,M,29.80,M,M,M,M,M,M,M,M,M,M,M,M,M,M,M,M,M,M,88.43,VOTV 170940Z AUTO 20006KT 29/21 A2980 RMK T02900210 IEM_DS3505,M
VOTV,2004-01-17 10:40,76.9500,8.4667,84.20,68.00,58.32,200.00,6.00,M,29.80,M,M,M,M,M,M,M,M,M,M,M,M,M,M,M,M,M,M,87.40,VOTV 171040Z AUTO 20006KT 29/20 A2980 RMK T02900200 IEM_DS3505,M
VOTV,2004-01-17 11:40,76.9500,8.4667,84.20,69.80,62.03,240.00,3.00,M,29.83,M,M,M,M,M,M,M,M,M,M,M,M,M,M,M,M,M,M,88.43,VOTV 171140Z AUTO 24003KT 29/21 A2983 RMK T02900210 IEM_DS3505,M
VOTV,2004-01-17 12:40,76.9500,8.4667,82.40,69.80,65.74,0.00,0.00,M,29.83,M,M,M,M,M,M,M,M,M,M,M,M,M,M,M,M,M,M,86.22,VOTV 171240Z AUTO 00000KT 28/21 A2983 RMK T02800210 IEM_DS3505,M
VOTV,2004-01-17 13:40,76.9500,8.4667,82.40,68.00,61.81,0.00,0.00,M,29.85,M,4.00,M,M,M,M,M,M,M,M,M,M,M,M,M,M,M,M,85.38,VOTV 171340Z AUTO 00000KT 4SM 28/20 A2985 RMK T02800200 IEM_DS3505,M
VOTV,2004-01-17 14:40,76.9500,8.4667,80.60,69.80,69.71,0.00,0.00,M,29.85,M,M,M,M,M,M,M,M,M,M,M,M,M,M,M,M,M,M,83.90,VOTV 171440Z AUTO 00000KT 27/21 A2985 RMK T02700210 IEM_DS3505,M
VOTV,2004-01-18 00:40,76.9500,8.4667,73.40,68.00,83.21,0.00,0.00,M,29.85,M,2.00,M,M,M,M,M,M,M,M,M,M,M,M,M,M,M,M,73.40,VOTV 180040Z AUTO 00000KT 2SM 23/20 A2985 RMK T02300200 IEM_DS3505,M
VOTV,2004-01-18 01:40,76.9500,8.4667,73.40,69.80,88.51,0.00,0.00,M,29.88,M,1.50,M,M,M,M,M,M,M,M,M,M,M,M,M,M,M,M,74.60,VOTV 180140Z AUTO 00000KT 1 1/2SM 23/21 A2988 RMK T02300210 IEM_DS3505,M
VOTV,2004-01-18 05:40,76.9500,8.4667,84.20,69.80,62.03,260.00,5.00,M,29.91,M,5.00,M,M,M,M,M,M,M,M,M,M,M,M,M,M,M,M,88.43,VOTV 180540Z AUTO 26005KT 5SM 29/21 A2991 RMK T02900210 IEM_DS3505,M
VOTV,2004-01-18 06:40,76.9500,8.4667,M,M,M,M,M,M,M,M,4.00,M,M,M,M,M,M,M,M,M,M,M,M,M,M,M,M,M,VOTV 180640Z AUTO 4SM RMK IEM_DS3505,M
VOTV,2004-01-18 07:40,76.9500,8.4667,86.00,68.00,55.04,240.00,6.00,M,29.85,M,5.00,M,M,M,M,M,M,M,M,M,M,M,M,M,M,M,M,89.41,VOTV 180740Z AUTO 24006KT 5SM 30/20 A2985 RMK T03000200 IEM_DS3505,M
VOTV,2004-01-18 08:40,76.9500,8.4667,86.00,68.00,55.04,200.00,5.00,M,29.80,M,5.00,M,M,M,M,M,M,M,M,M,M,M,M,M,M,M,M,89.41,VOTV 180840Z AUTO 20005KT 5SM 30/20 A2980 RMK T03000200 IEM_DS3505,M
VOTV,2004-01-18 09:40,76.9500,8.4667,87.80,71.60,58.78,230.00,5.00,M,29.80,M,5.00,M,M,M,M,M,M,M,M,M,M,M,M,M,M,M,M,94.18,VOTV 180940Z AUTO 23005KT 5SM 31/22 A2980 RMK T03100220 IEM_DS3505,M
VOTV,2004-01-18 12:40,76.9500,8.4667,82.40,69.80,65.74,0.00,0.00,M,29.80,M,M,M,M,M,M,M,M,M,M,M,M,M,M,M,M,M,M,86.22,VOTV 181240Z AUTO 00000KT 28/21 A2980 RMK T02800210 IEM_DS3505,M
VOTV,2004-01-18 13:40,76.9500,8.4667,82.40,71.60,69.90,0.00,0.00,M,29.83,M,4.00,M,M,M,M,M,M,M,M,M,M,M,M,M,M,M,M,87.18,VOTV 181340Z AUTO 00000KT 4SM 28/22 A2983 RMK T02800220 IEM_DS3505,M
VOTV,2004-01-18 14:40,76.9500,8.4667,80.60,71.60,74.11,0.00,0.00,M,29.85,M,4.00,M,M,M,M,M,M,M,M,M,M,M,M,M,M,M,M,84.57,VOTV 181440Z AUTO 00000KT 4SM 27/22 A2985 RMK T02700220 IEM_DS3505,M
VOTV,2004-01-19 06:40,76.9500,8.4667,84.20,68.00,58.32,180.00,8.00,M,29.83,M,5.00,M,M,M,M,M,M,M,M,M,M,M,M,M,M,M,M,87.40,VOTV 190640Z AUTO 18008KT 5SM 29/20 A2983 RMK T02900200 IEM_DS3505,M
VOTV,2004-01-19 10:40,76.9500,8.4667,86.00,69.80,58.55,220.00,2.00,M,29.74,M,5.00,M,M,M,M,M,M,M,M,M,M,M,M,M,M,M,M,90.58,VOTV 191040Z AUTO 22002KT 5SM 30/21 A2974 RMK T03000210 IEM_DS3505,M
VOTV,2004-01-19 11:40,76.9500,8.4667,84.20,71.60,65.95,0.00,0.00,M,29.77,M,M,M,M,M,M,M,M,M,M,M,M,M,M,M,M,M,M,89.60,VOTV 191140Z AUTO 00000KT 29/22 A2977 RMK T02900220 IEM_DS3505,M
VOTV,2004-01-19 12:40,76.9500,8.4667,84.20,71.60,65.95,0.00,0.00,M,29.77,M,M,M,M,M,M,M,M,M,M,M,M,M,M,M,M,M,M,89.60,VOTV 191240Z AUTO 00000KT 29/22 A2977 RMK T02900220 IEM_DS3505,M
VOTV,2004-01-19 13:40,76.9500,8.4667,82.40,69.80,65.74,0.00,0.00,M,29.80,M,M,M,M,M,M,M,M,M,M,M,M,M,M,M,M,M,M,86.22,VOTV 191340Z AUTO 00000KT 28/21 A2980 RMK T02800210 IEM_DS3505,M
VOTV,2004-01-19 14:40,76.9500,8.4667,82.40,71.60,69.90,0.00,0.00,M,29.80,M,M,M,M,M,M,M,M,M,M,M,M,M,M,M,M,M,M,87.18,VOTV 191440Z AUTO 00000KT 28/22 A2980 RMK T02800220 IEM_DS3505,M
VOTV,2004-01-19 15:40,76.9500,8.4667,80.60,71.60,74.11,0.00,0.00,M,29.85,M,4.00,M,M,M,M,M,M,M,M,M,M,M,M,M,M,M,M,84.57,VOTV 191540Z AUTO 00000KT 4SM 27/22 A2985 RMK T02700220 IEM_DS3505,M
VOTV,2004-01-19 16:40,76.9500,8.4667,78.80,73.40,83.55,0.00,0.00,M,29.85,M,4.00,M,M,M,M,M,M,M,M,M,M,M,M,M,M,M,M,82.03,VOTV 191640Z AUTO 00000KT 4SM 26/23 A2985 RMK T02600230 IEM_DS3505,M
VOTV,2004-01-19 17:40,76.9500,8.4667,78.80,73.40,83.55,0.00,0.00,M,29.85,M,4.00,M,M,M,M,M,M,M,M,M,M,M,M,M,M,M,M,82.03,VOTV 191740Z AUTO 00000KT 4SM 26/23 A2985 RMK T02600230 IEM_DS3505,M
VOTV,2004-01-19 23:40,76.9500,8.4667,75.20,69.80,83.32,0.00,0.00,M,29.80,M,2.50,M,M,M,M,M,M,M,M,M,M,M,M,M,M,M,M,76.34,VOTV 192340Z AUTO 00000KT 2 1/2SM 24/21 A2980 RMK T02400210 IEM_DS3505,M
VOTV,2004-01-20 01:40,76.9500,8.4667,75.20,69.80,83.32,0.00,0.00,M,29.83,M,1.25,M,M,M,M,M,M,M,M,M,M,M,M,M,M,M,M,76.34,VOTV 200140Z AUTO 00000KT 1 1/4SM 24/21 A2983 RMK T02400210 IEM_DS3505,M
VOTV,2004-01-20 02:40,76.9500,8.4667,77.00,68.00,73.78,0.00,0.00,M,29.85,M,1.25,M,M,M,M,M,M,M,M,M,M,M,M,M,M,M,M,77.00,VOTV 200240Z AUTO 00000KT 1 1/4SM 25/20 A2985 RMK T02500200 IEM_DS3505,M
VOTV,2004-01-20 03:40,76.9500,8.4667,82.40,69.80,65.74,0.00,0.00,M,29.85,M,2.50,M,M,M,M,M,M,M,M,M,M,M,M,M,M,M,M,86.22,VOTV 200340Z AUTO 00000KT 2 1/2SM 28/21 A2985 RMK T02800210 IEM_DS3505,M
VOTV,2004-01-20 04:40,76.9500,8.4667,84.20,71.60,65.95,0.00,0.00,M,29.88,M,4.00,M,M,M,M,M,M,M,M,M,M,M,M,M,M,M,M,89.60,VOTV 200440Z AUTO 00000KT 4SM 29/22 A2988 RMK T02900220 IEM_DS3505,M
VOTV,2004-01-20 05:40,76.9500,8.4667,84.20,71.60,65.95,M,M,M,29.85,M,M,M,M,M,M,M,M,M,M,M,M,M,M,M,M,M,M,89.60,VOTV 200540Z AUTO 29/22 A2985 RMK T02900220 IEM_DS3505,M
VOTV,2004-01-20 06:40,76.9500,8.4667,84.20,71.60,65.95,250.00,7.00,M,29.83,M,M,M,M,M,M,M,M,M,M,M,M,M,M,M,M,M,M,89.60,VOTV 200640Z AUTO 25007KT 29/22 A2983 RMK T02900220 IEM_DS3505,M
VOTV,2004-01-20 08:40,76.9500,8.4667,86.00,73.40,66.15,180.00,8.00,M,29.74,M,5.00,M,M,M,M,M,M,M,M,M,M,M,M,M,M,M,M,93.45,VOTV 200840Z AUTO 18008KT 5SM 30/23 A2974 RMK T03000230 IEM_DS3505,M
VOTV,2004-01-20 09:40,76.9500,8.4667,86.00,71.60,62.25,230.00,7.00,M,29.74,M,5.00,M,M,M,M,M,M,M,M,M,M,M,M,M,M,M,M,91.92,VOTV 200940Z AUTO 23007KT 5SM 30/22 A2974 RMK T03000220 IEM_DS3505,M
VOTV,2004-01-20 10:40,76.9500,8.4667,86.00,68.00,55.04,200.00,4.00,M,29.74,M,5.00,M,M,M,M,M,M,M,M,M,M,M,M,M,M,M,M,89.41,VOTV 201040Z AUTO 20004KT 5SM 30/20 A2974 RMK T03000200 IEM_DS3505,M
VOTV,2004-01-20 16:40,76.9500,8.4667,80.60,71.60,74.11,0.00,0.00,M,29.85,M,4.00,M,M,M,M,M,M,M,M,M,M,M,M,M,M,M,M,84.57,VOTV 201640Z AUTO 00000KT 4SM 27/22 A2985 RMK T02700220 IEM_DS3505,M
VOTV,2004-01-21 05:40,76.9500,8.4667,86.00,66.20,51.72,0.00,0.00,M,29.83,M,M,M,M,M,M,M,M,M,M,M,M,M,M,M,M,M,M,88.39,VOTV 210540Z AUTO 00000KT 30/19 A2983 RMK T03000190 IEM_DS3505,M
VOTV,2004-01-21 09:40,76.9500,8.4667,86.00,64.40,48.58,200.00,7.00,M,29.74,M,7.00,M,M,M,M,M,M,M,M,M,M,M,M,M,M,M,M,87.49,VOTV 210940Z AUTO 20007KT 7SM 30/18 A2974 RMK T03000180 IEM_DS3505,M
VOTV,2004-01-21 10:40,76.9500,8.4667,86.00,64.40,48.58,210.00,4.00,M,29.71,M,7.00,M,M,M,M,M,M,M,M,M,M,M,M,M,M,M,M,87.49,VOTV 211040Z AUTO 21004KT 7SM 30/18 A2971 RMK T03000180 IEM_DS3505,M
VOTV,2004-01-21 11:40,76.9500,8.4667,84.20,68.00,58.32,160.00,7.00,M,29.74,M,7.00,M,M,M,M,M,M,M,M,M,M,M,M,M,M,M,M,87.40,VOTV 211140Z AUTO 16007KT 7SM 29/20 A2974 RMK T02900200 IEM_DS3505,M
VOTV,2004-01-21 12:40,76.9500,8.4667,82.40,68.00,61.81,M,M,M,29.74,M,5.00,M,M,M,M,M,M,M,M,M,M,M,M,M,M,M,M,85.38,VOTV 211240Z AUTO 5SM 28/20 A2974 RMK T02800200 IEM_DS3505,M
VOTV,2004-01-21 13:40,76.9500,8.4667,82.40,73.40,74.28,0.00,0.00,M,29.74,M,4.00,M,M,M,M,M,M,M,M,M,M,M,M,M,M,M,M,88.26,VOTV 211340Z AUTO 00000KT 4SM 28/23 A2974 RMK T02800230 IEM_DS3505,M
VOTV,2004-01-21 14:40,76.9500,8.4667,82.40,73.40,74.28,0.00,0.00,M,29.74,M,4.00,M,M,M,M,M,M,M,M,M,M,M,M,M,M,M,M,88.26,VOTV 211440Z AUTO 00000KT 4SM 28/23 A2974 RMK T02800230 IEM_DS3505,M
VOTV,2004-01-21 16:40,76.9500,8.4667,78.80,73.40,83.55,0.00,0.00,M,29.80,M,2.50,M,M,M,M,M,M,M,M,M,M,M,M,M,M,M,M,82.03,VOTV 211640Z AUTO 00000KT 2 1/2SM 26/23 A2980 RMK T02600230 IEM_DS3505,M
VOTV,2004-01-22 01:40,76.9500,8.4667,73.40,69.80,88.51,0.00,0.00,M,29.80,M,1.50,M,M,M,M,M,M,M,M,M,M,M,M,M,M,M,M,74.60,VOTV 220140Z AUTO 00000KT 1 1/2SM 23/21 A2980 RMK T02300210 IEM_DS3505,M
VOTV,2004-01-22 03:40,76.9500,8.4667,84.20,66.20,54.80,0.00,0.00,M,29.85,M,2.50,M,M,M,M,M,M,M,M,M,M,M,M,M,M,M,M,86.50,VOTV 220340Z AUTO 00000KT 2 1/2SM 29/19 A2985 RMK T02900190 IEM_DS3505,M
VOTV,2004-01-22 09:40,76.9500,8.4667,86.00,66.20,51.72,250.00,7.00,M,29.74,M,7.00,M,M,M,M,M,M,M,M,M,M,M,M,M,M,M,M,88.39,VOTV 220940Z AUTO 25007KT 7SM 30/19 A2974 RMK T03000190 IEM_DS3505,M
VOTV,2004-01-22 12:40,76.9500,8.4667,84.20,73.40,70.08,0.00,0.00,M,29.77,M,5.00,M,M,M,M,M,M,M,M,M,M,M,M,M,M,M,M,90.94,VOTV 221240Z AUTO 00000KT 5SM 29/23 A2977 RMK T02900230 IEM_DS3505,M
VOTV,2004-01-22 23:40,76.9500,8.4667,75.20,71.60,88.59,0.00,0.00,M,29.80,M,2.50,M,M,M,M,M,M,M,M,M,M,M,M,M,M,M,M,76.58,VOTV 222340Z AUTO 00000KT 2 1/2SM 24/22 A2980 RMK T02400220 IEM_DS3505,M
VOTV,2004-01-23 01:40,76.9500,8.4667,75.20,69.80,83.32,0.00,0.00,M,29.80,M,1.50,M,M,M,M,M,M,M,M,M,M,M,M,M,M,M,M,76.34,VOTV 230140Z AUTO 00000KT 1 1/2SM 24/21 A2980 RMK T02400210 IEM_DS3505,M
VOTV,2004-01-23 05:40,76.9500,8.4667,86.00,69.80,58.55,0.00,0.00,M,29.83,M,2.50,M,M,M,M,M,M,M,M,M,M,M,M,M,M,M,M,90.58,VOTV 230540Z AUTO 00000KT 2 1/2SM 30/21 A2983 RMK T03000210 IEM_DS3505,M
VOTV,2004-01-23 06:40,76.9500,8.4667,86.00,71.60,62.25,260.00,6.00,M,29.80,M,M,M,M,M,M,M,M,M,M,M,M,M,M,M,M,M,M,91.92,VOTV 230640Z AUTO 26006KT 30/22 A2980 RMK T03000220 IEM_DS3505,M
VOTV,2004-01-23 07:40,76.9500,8.4667,86.00,71.60,62.25,230.00,6.00,M,29.80,M,M,M,M,M,M,M,M,M,M,M,M,M,M,M,M,M,M,91.92,VOTV 230740Z AUTO 23006KT 30/22 A2980 RMK T03000220 IEM_DS3505,M
VOTV,2004-01-23 08:40,76.9500,8.4667,86.00,71.60,62.25,190.00,3.00,M,29.77,M,M,M,M,M,M,M,M,M,M,M,M,M,M,M,M,M,M,91.92,VOTV 230840Z AUTO 19003KT 30/22 A2977 RMK T03000220 IEM_DS3505,M
VOTV,2004-01-23 09:40,76.9500,8.4667,86.00,71.60,62.25,160.00,4.00,M,29.74,M,M,M,M,M,M,M,M,M,M,M,M,M,M,M,M,M,M,91.92,VOTV 230940Z AUTO 16004KT 30/22 A2974 RMK T03000220 IEM_DS3505,M
VOTV,2004-01-23 10:40,76.9500,8.4667,84.20,73.40,70.08,210.00,2.00,M,29.71,M,M,M,M,M,M,M,M,M,M,M,M,M,M,M,M,M,M,90.94,VOTV 231040Z AUTO 21002KT 29/23 A2971 RMK T02900230 IEM_DS3505,M
VOTV,2004-01-23 11:40,76.9500,8.4667,84.20,71.60,65.95,190.00,4.00,M,29.74,M,M,M,M,M,M,M,M,M,M,M,M,M,M,M,M,M,M,89.60,VOTV 231140Z AUTO 19004KT 29/22 A2974 RMK T02900220 IEM_DS3505,M
VOTV,2004-01-23 12:40,76.9500,8.4667,84.20,75.20,74.44,0.00,0.00,M,29.74,M,4.00,M,M,M,M,M,M,M,M,M,M,M,M,M,M,M,M,92.45,VOTV 231240Z AUTO 00000KT 4SM 29/24 A2974 RMK T02900240 IEM_DS3505,M
VOTV,2004-01-23 14:40,76.9500,8.4667,82.40,73.40,74.28,0.00,0.00,M,29.77,M,4.00,M,M,M,M,M,M,M,M,M,M,M,M,M,M,M,M,88.26,VOTV 231440Z AUTO 00000KT 4SM 28/23 A2977 RMK T02800230 IEM_DS3505,M
VOTV,2004-01-23 15:40,76.9500,8.4667,82.40,75.20,78.90,0.00,0.00,M,29.83,M,4.00,M,M,M,M,M,M,M,M,M,M,M,M,M,M,M,M,89.48,VOTV 231540Z AUTO 00000KT 4SM 28/24 A2983 RMK T02800240 IEM_DS3505,M
VOTV,2004-01-23 16:40,76.9500,8.4667,80.60,73.40,78.76,0.00,0.00,M,29.83,M,4.00,M,M,M,M,M,M,M,M,M,M,M,M,M,M,M,M,85.32,VOTV 231640Z AUTO 00000KT 4SM 27/23 A2983 RMK T02700230 IEM_DS3505,M
VOTV,2004-01-23 17:40,76.9500,8.4667,78.80,73.40,83.55,0.00,0.00,M,29.83,M,4.00,M,M,M,M,M,M,M,M,M,M,M,M,M,M,M,M,82.03,VOTV 231740Z AUTO 00000KT 4SM 26/23 A2983 RMK T02600230 IEM_DS3505,M
VOTV,2004-01-23 19:40,76.9500,8.4667,77.00,73.40,88.67,0.00,0.00,M,29.83,M,3.00,M,M,M,M,M,M,M,M,M,M,M,M,M,M,M,M,78.57,VOTV 231940Z AUTO 00000KT 3SM 25/23 A2983 RMK T02500230 IEM_DS3505,M
VOTV,2004-01-23 23:40,76.9500,8.4667,75.20,71.60,88.59,0.00,0.00,M,29.77,M,1.50,M,M,M,M,M,M,M,M,M,M,M,M,M,M,M,M,76.58,VOTV 232340Z AUTO 00000KT 1 1/2SM 24/22 A2977 RMK T02400220 IEM_DS3505,M
VOTV,2004-01-24 00:40,76.9500,8.4667,75.20,71.60,88.59,0.00,0.00,M,29.80,M,1.50,M,M,M,M,M,M,M,M,M,M,M,M,M,M,M,M,76.58,VOTV 240040Z AUTO 00000KT 1 1/2SM 24/22 A2980 RMK T02400220 IEM_DS3505,M
VOTV,2004-01-24 01:40,76.9500,8.4667,75.20,71.60,88.59,0.00,0.00,M,29.80,M,1.50,M,M,M,M,M,M,M,M,M,M,M,M,M,M,M,M,76.58,VOTV 240140Z AUTO 00000KT 1 1/2SM 24/22 A2980 RMK T02400220 IEM_DS3505,M
VOTV,2004-01-24 02:40,76.9500,8.4667,78.80,73.40,83.55,0.00,0.00,M,29.83,M,1.50,M,M,M,M,M,M,M,M,M,M,M,M,M,M,M,M,82.03,VOTV 240240Z AUTO 00000KT 1 1/2SM 26/23 A2983 RMK T02600230 IEM_DS3505,M
VOTV,2004-01-24 03:40,76.9500,8.4667,86.00,73.40,66.15,0.00,0.00,M,29.83,M,2.00,M,M,M,M,M,M,M,M,M,M,M,M,M,M,M,M,93.45,VOTV 240340Z AUTO 00000KT 2SM 30/23 A2983 RMK T03000230 IEM_DS3505,M
VOTV,2004-01-24 04:40,76.9500,8.4667,86.00,69.80,58.55,0.00,0.00,M,29.83,M,M,M,M,M,M,M,M,M,M,M,M,M,M,M,M,M,M,90.58,VOTV 240440Z AUTO 00000KT 30/21 A2983 RMK T03000210 IEM_DS3505,M
VOTV,2004-01-24 06:40,76.9500,8.4667,86.00,69.80,58.55,240.00,4.00,M,29.80,M,M,M,M,M,M,M,M,M,M,M,M,M,M,M,M,M,M,90.58,VOTV 240640Z AUTO 24004KT 30/21 A2980 RMK T03000210 IEM_DS3505,M
VOTV,2004-01-24 07:40,76.9500,8.4667,86.00,69.80,58.55,260.00,7.00,M,29.77,M,M,M,M,M,M,M,M,M,M,M,M,M,M,M,M,M,M,90.58,VOTV 240740Z AUTO 26007KT 30/21 A2977 RMK T03000210 IEM_DS3505,M
VOTV,2004-01-24 08:40,76.9500,8.4667,87.80,69.80,55.29,240.00,6.00,M,29.74,M,M,M,M,M,M,M,M,M,M,M,M,M,M,M,M,M,M,92.71,VOTV 240840Z AUTO 24006KT 31/21 A2974 RMK T03100210 IEM_DS3505,M
VOTV,2004-01-24 10:40,76.9500,8.4667,87.80,69.80,55.29,260.00,6.00,M,29.71,M,M,M,M,M,M,M,M,M,M,M,M,M,M,M,M,M,M,92.71,VOTV 241040Z AUTO 26006KT 31/21 A2971 RMK T03100210 IEM_DS3505,M
VOTV,2004-01-24 11:40,76.9500,8.4667,86.00,71.60,62.25,270.00,4.00,M,29.71,M,M,M,M,M,M,M,M,M,M,M,M,M,M,M,M,M,M,91.92,VOTV 241140Z AUTO 27004KT 30/22 A2971 RMK T03000220 IEM_DS3505,M
VOTV,2004-01-24 12:40,76.9500,8.4667,86.00,73.40,66.15,260.00,4.00,M,29.74,M,M,M,M,M,M,M,M,M,M,M,M,M,M,M,M,M,M,93.45,VOTV 241240Z AUTO 26004KT 30/23 A2974 RMK T03000230 IEM_DS3505,M
VOTV,2004-01-24 14:40,76.9500,8.4667,84.20,75.20,74.44,0.00,0.00,M,29.77,M,4.00,M,M,M,M,M,M,M,M,M,M,M,M,M,M,M,M,92.45,VOTV 241440Z AUTO 00000KT 4SM 29/24 A2977 RMK T02900240 IEM_DS3505,M
VOTV,2004-01-24 15:40,76.9500,8.4667,82.40,73.40,74.28,0.00,0.00,M,M,M,4.00,M,M,M,M,M,M,M,M,M,M,M,M,M,M,M,M,88.26,VOTV 241540Z AUTO 00000KT 4SM 28/23 RMK T02800230 IEM_DS3505,M
VOTV,2004-01-24 21:40,76.9500,8.4667,80.60,75.20,83.66,0.00,0.00,M,29.80,M,2.50,M,M,M,M,M,M,M,M,M,M,M,M,M,M,M,M,86.17,VOTV 242140Z AUTO 00000KT 2 1/2SM 27/24 A2980 RMK T02700240 IEM_DS3505,M
VOTV,2004-01-24 23:40,76.9500,8.4667,77.00,71.60,83.44,0.00,0.00,M,M,M,2.50,M,M,M,M,M,M,M,M,M,M,M,M,M,M,M,M,78.32,VOTV 242340Z AUTO 00000KT 2 1/2SM 25/22 RMK T02500220 IEM_DS3505,M
VOTV,2004-01-25 01:40,76.9500,8.4667,77.00,73.40,88.67,0.00,0.00,M,29.83,M,1.50,M,M,M,M,M,M,M,M,M,M,M,M,M,M,M,M,78.57,VOTV 250140Z AUTO 00000KT 1 1/2SM 25/23 A2983 RMK T02500230 IEM_DS3505,M
VOTV,2004-01-25 03:40,76.9500,8.4667,84.20,73.40,70.08,0.00,0.00,M,29.85,M,M,M,M,M,M,M,M,M,M,M,M,M,M,M,M,M,M,90.94,VOTV 250340Z AUTO 00000KT 29/23 A2985 RMK T02900230 IEM_DS3505,M
VOTV,2004-01-25 04:40,76.9500,8.4667,86.00,71.60,62.25,230.00,3.00,M,29.85,M,M,M,M,M,M,M,M,M,M,M,M,M,M,M,M,M,M,91.92,VOTV 250440Z AUTO 23003KT 30/22 A2985 RMK T03000220 IEM_DS3505,M
VOTV,2004-01-25 06:40,76.9500,8.4667,86.00,71.60,62.25,200.00,4.00,M,29.83,M,5.00,M,M,M,M,M,M,M,M,M,M,M,M,M,M,M,M,91.92,VOTV 250640Z AUTO 20004KT 5SM 30/22 A2983 RMK T03000220 IEM_DS3505,M
VOTV,2004-01-25 07:40,76.9500,8.4667,87.80,71.60,58.78,190.00,8.00,M,29.80,M,5.00,M,M,M,M,M,M,M,M,M,M,M,M,M,M,M,M,94.18,VOTV 250740Z AUTO 19008KT 5SM 31/22 A2980 RMK T03100220 IEM_DS3505,M
VOTV,2004-01-25 08:40,76.9500,8.4667,87.80,69.80,55.29,210.00,5.00,M,29.77,M,5.00,M,M,M,M,M,M,M,M,M,M,M,M,M,M,M,M,92.71,VOTV 250840Z AUTO 21005KT 5SM 31/21 A2977 RMK T03100210 IEM_DS3505,M
VOTV,2004-01-25 09:40,76.9500,8.4667,87.80,71.60,58.78,210.00,4.00,M,29.74,M,5.00,M,M,M,M,M,M,M,M,M,M,M,M,M,M,M,M,94.18,VOTV 250940Z AUTO 21004KT 5SM 31/22 A2974 RMK T03100220 IEM_DS3505,M
VOTV,2004-01-25 10:40,76.9500,8.4667,87.80,71.60,58.78,270.00,5.00,M,M,M,5.00,M,M,M,M,M,M,M,M,M,M,M,M,M,M,M,M,94.18,VOTV 251040Z AUTO 27005KT 5SM 31/22 RMK T03100220 IEM_DS3505,M
VOTV,2004-01-25 11:40,76.9500,8.4667,87.80,71.60,58.78,230.00,3.00,M,29.77,M,5.00,M,M,M,M,M,M,M,M,M,M,M,M,M,M,M,M,94.18,VOTV 251140Z AUTO 23003KT 5SM 31/22 A2977 RMK T03100220 IEM_DS3505,M
VOTV,2004-01-25 12:40,76.9500,8.4667,84.20,69.80,62.03,300.00,5.00,M,29.80,M,M,M,M,M,M,M,M,M,M,M,M,M,M,M,M,M,M,88.43,VOTV 251240Z AUTO 30005KT 29/21 A2980 RMK T02900210 IEM_DS3505,M
VOTV,2004-01-25 13:40,76.9500,8.4667,84.20,73.40,70.08,0.00,0.00,M,29.83,M,M,M,M,M,M,M,M,M,M,M,M,M,M,M,M,M,M,90.94,VOTV 251340Z AUTO 00000KT 29/23 A2983 RMK T02900230 IEM_DS3505,M
VOTV,2004-01-25 14:40,76.9500,8.4667,84.20,73.40,70.08,0.00,0.00,M,29.83,M,M,M,M,M,M,M,M,M,M,M,M,M,M,M,M,M,M,90.94,VOTV 251440Z AUTO 00000KT 29/23 A2983 RMK T02900230 IEM_DS3505,M
VOTV,2004-01-25 16:40,76.9500,8.4667,82.40,75.20,78.90,0.00,0.00,M,29.88,M,2.50,M,M,M,M,M,M,M,M,M,M,M,M,M,M,M,M,89.48,VOTV 251640Z AUTO 00000KT 2 1/2SM 28/24 A2988 RMK T02800240 IEM_DS3505,M
VOTV,2004-01-26 00:40,76.9500,8.4667,78.80,68.00,69.52,0.00,0.00,M,29.83,M,2.50,M,M,M,M,M,M,M,M,M,M,M,M,M,M,M,M,81.10,VOTV 260040Z AUTO 00000KT 2 1/2SM 26/20 A2983 RMK T02600200 IEM_DS3505,M
VOTV,2004-01-26 01:40,76.9500,8.4667,78.80,64.40,61.36,340.00,4.00,M,29.83,M,2.00,M,M,M,M,M,M,M,M,M,M,M,M,M,M,M,M,80.56,VOTV 260140Z AUTO 34004KT 2SM 26/18 A2983 RMK T02600180 IEM_DS3505,M
VOTV,2004-01-26 02:40,76.9500,8.4667,80.60,68.00,65.54,350.00,3.00,M,29.85,M,M,M,M,M,M,M,M,M,M,M,M,M,M,M,M,M,M,83.29,VOTV 260240Z AUTO 35003KT 27/20 A2985 RMK T02700200 IEM_DS3505,M
VOTV,2004-01-26 03:40,76.9500,8.4667,84.20,64.40,51.47,250.00,9.00,M,29.88,M,M,M,M,M,M,M,M,M,M,M,M,M,M,M,M,M,M,85.71,VOTV 260340Z AUTO 25009KT 29/18 A2988 RMK T02900180 IEM_DS3505,M
VOTV,2004-01-26 04:40,76.9500,8.4667,86.00,64.40,48.58,340.00,6.00,M,29.88,M,5.00,M,M,M,M,M,M,M,M,M,M,M,M,M,M,M,M,87.49,VOTV 260440Z AUTO 34006KT 5SM 30/18 A2988 RMK T03000180 IEM_DS3505,M
VOTV,2004-01-26 05:40,76.9500,8.4667,89.60,64.40,43.34,340.00,8.00,M,29.85,M,5.00,M,M,M,M,M,M,M,M,M,M,M,M,M,M,M,M,91.23,VOTV 260540Z AUTO 34008KT 5SM 32/18 A2985 RMK T03200180 IEM_DS3505,M
VOTV,2004-01-26 06:40,76.9500,8.4667,87.80,68.00,51.98,270.00,7.00,M,29.85,M,5.00,M,M,M,M,M,M,M,M,M,M,M,M,M,M,M,M,91.43,VOTV 260640Z AUTO 27007KT 5SM 31/20 A2985 RMK T03100200 IEM_DS3505,M
VOTV,2004-01-26 07:40,76.9500,8.4667,87.80,68.00,51.98,310.00,11.00,M,29.83,M,5.00,M,M,M,M,M,M,M,M,M,M,M,M,M,M,M,M,91.43,VOTV 260740Z AUTO 31011KT 5SM 31/20 A2983 RMK T03100200 IEM_DS3505,M
VOTV,2004-01-26 08:40,76.9500,8.4667,86.00,68.00,55.04,300.00,10.00,M,29.80,M,5.00,20.00,M,M,M,M,M,M,M,M,M,M,M,M,M,M,M,89.41,VOTV 260840Z AUTO 30010G20KT 5SM 30/20 A2980 RMK T03000200 IEM_DS3505,M
VOTV,2004-01-26 09:40,76.9500,8.4667,86.00,69.80,58.55,300.00,10.00,M,29.77,M,5.00,20.00,M,M,M,M,M,M,M,M,M,M,M,M,M,M,M,90.58,VOTV 260940Z AUTO 30010G20KT 5SM 30/21 A2977 RMK T03000210 IEM_DS3505,M
VOTV,2004-01-26 11:40,76.9500,8.4667,84.20,68.00,58.32,290.00,12.00,M,29.77,M,5.00,M,M,M,M,M,M,M,M,M,M,M,M,M,M,M,M,87.40,VOTV 261140Z AUTO 29012KT 5SM 29/20 A2977 RMK T02900200 IEM_DS3505,M
VOTV,2004-01-26 12:40,76.9500,8.4667,84.20,69.80,62.03,300.00,10.00,M,29.80,M,5.00,M,M,M,M,M,M,M,M,M,M,M,M,M,M,M,M,88.43,VOTV 261240Z AUTO 30010KT 5SM 29/21 A2980 RMK T02900210 IEM_DS3505,M
VOTV,2004-01-26 13:40,76.9500,8.4667,82.40,66.20,58.08,310.00,10.00,M,29.80,M,4.00,M,M,M,M,M,M,M,M,M,M,M,M,M,M,M,M,84.63,VOTV 261340Z AUTO 31010KT 4SM 28/19 A2980 RMK T02800190 IEM_DS3505,M
VOTV,2004-01-26 14:40,76.9500,8.4667,82.40,69.80,65.74,340.00,5.00,M,29.83,M,M,M,M,M,M,M,M,M,M,M,M,M,M,M,M,M,M,86.22,VOTV 261440Z AUTO 34005KT 28/21 A2983 RMK T02800210 IEM_DS3505,M
VOTV,2004-01-26 23:40,76.9500,8.4667,75.20,68.00,78.34,0.00,0.00,M,29.77,M,2.50,M,M,M,M,M,M,M,M,M,M,M,M,M,M,M,M,75.20,VOTV 262340Z AUTO 00000KT 2 1/2SM 24/20 A2977 RMK T02400200 IEM_DS3505,M
VOTV,2004-01-27 00:40,76.9500,8.4667,75.20,66.20,73.61,0.00,0.00,M,29.80,M,2.50,M,M,M,M,M,M,M,M,M,M,M,M,M,M,M,M,75.20,VOTV 270040Z AUTO 00000KT 2 1/2SM 24/19 A2980 RMK T02400190 IEM_DS3505,M
VOTV,2004-01-27 03:40,76.9500,8.4667,80.60,66.20,61.58,0.00,0.00,M,29.85,M,M,M,M,M,M,M,M,M,M,M,M,M,M,M,M,M,M,82.75,VOTV 270340Z AUTO 00000KT 27/19 A2985 RMK T02700190 IEM_DS3505,M
VOTV,2004-01-27 04:40,76.9500,8.4667,84.20,66.20,54.80,M,M,M,29.85,M,M,M,M,M,M,M,M,M,M,M,M,M,M,M,M,M,M,86.50,VOTV 270440Z AUTO 29/19 A2985 RMK T02900190 IEM_DS3505,M
VOTV,2004-01-27 05:40,76.9500,8.4667,84.20,66.20,54.80,270.00,6.00,M,29.85,M,M,M,M,M,M,M,M,M,M,M,M,M,M,M,M,M,M,86.50,VOTV 270540Z AUTO 27006KT 29/19 A2985 RMK T02900190 IEM_DS3505,M
VOTV,2004-01-27 06:40,76.9500,8.4667,84.20,68.00,58.32,250.00,4.00,M,29.83,M,5.00,M,M,M,M,M,M,M,M,M,M,M,M,M,M,M,M,87.40,VOTV 270640Z AUTO 25004KT 5SM 29/20 A2983 RMK T02900200 IEM_DS3505,M
VOTV,2004-01-27 08:40,76.9500,8.4667,86.00,68.00,55.04,270.00,10.00,M,29.77,M,5.00,M,M,M,M,M,M,M,M,M,M,M,M,M,M,M,M,89.41,VOTV 270840Z AUTO 27010KT 5SM 30/20 A2977 RMK T03000200 IEM_DS3505,M
VOTV,2004-01-27 09:40,76.9500,8.4667,86.00,69.80,58.55,250.00,7.00,M,29.74,M,5.00,M,M,M,M,M,M,M,M,M,M,M,M,M,M,M,M,90.58,VOTV 270940Z AUTO 25007KT 5SM 30/21 A2974 RMK T03000210 IEM_DS3505,M
VOTV,2004-01-27 11:40,76.9500,8.4667,86.00,69.80,58.55,260.00,4.00,M,29.74,M,5.00,M,M,M,M,M,M,M,M,M,M,M,M,M,M,M,M,90.58,VOTV 271140Z AUTO 26004KT 5SM 30/21 A2974 RMK T03000210 IEM_DS3505,M
VOTV,2004-01-27 12:40,76.9500,8.4667,84.20,69.80,62.03,270.00,4.00,M,29.74,M,M,M,M,M,M,M,M,M,M,M,M,M,M,M,M,M,M,88.43,VOTV 271240Z AUTO 27004KT 29/21 A2974 RMK T02900210 IEM_DS3505,M
VOTV,2004-01-27 13:40,76.9500,8.4667,82.40,69.80,65.74,290.00,5.00,M,29.77,M,M,M,M,M,M,M,M,M,M,M,M,M,M,M,M,M,M,86.22,VOTV 271340Z AUTO 29005KT 28/21 A2977 RMK T02800210 IEM_DS3505,M
VOTV,2004-01-27 14:40,76.9500,8.4667,82.40,68.00,61.81,0.00,0.00,M,29.80,M,M,M,M,M,M,M,M,M,M,M,M,M,M,M,M,M,M,85.38,VOTV 271440Z AUTO 00000KT 28/20 A2980 RMK T02800200 IEM_DS3505,M
VOTV,2004-01-27 15:40,76.9500,8.4667,82.40,69.80,65.74,0.00,0.00,M,29.83,M,M,M,M,M,M,M,M,M,M,M,M,M,M,M,M,M,M,86.22,VOTV 271540Z AUTO 00000KT 28/21 A2983 RMK T02800210 IEM_DS3505,M
VOTV,2004-01-27 16:40,76.9500,8.4667,82.40,69.80,65.74,0.00,0.00,M,29.83,M,4.00,M,M,M,M,M,M,M,M,M,M,M,M,M,M,M,M,86.22,VOTV 271640Z AUTO 00000KT 4SM 28/21 A2983 RMK T02800210 IEM_DS3505,M
VOTV,2004-01-27 17:40,76.9500,8.4667,80.60,69.80,69.71,0.00,0.00,M,29.83,M,M,M,M,M,M,M,M,M,M,M,M,M,M,M,M,M,M,83.90,VOTV 271740Z AUTO 00000KT 27/21 A2983 RMK T02700210 IEM_DS3505,M
VOTV,2004-01-27 23:40,76.9500,8.4667,77.00,69.80,78.48,0.00,0.00,M,29.77,M,2.50,M,M,M,M,M,M,M,M,M,M,M,M,M,M,M,M,78.09,VOTV 272340Z AUTO 00000KT 2 1/2SM 25/21 A2977 RMK T02500210 IEM_DS3505,M
VOTV,2004-01-28 01:40,76.9500,8.4667,77.00,68.00,73.78,0.00,0.00,M,29.80,M,1.50,M,M,M,M,M,M,M,M,M,M,M,M,M,M,M,M,77.00,VOTV 280140Z AUTO 00000KT 1 1/2SM 25/20 A2980 RMK T02500200 IEM_DS3505,M
VOTV,2004-01-28 02:40,76.9500,8.4667,80.60,68.00,65.54,0.00,0.00,M,29.83,M,2.00,M,M,M,M,M,M,M,M,M,M,M,M,M,M,M,M,83.29,VOTV 280240Z AUTO 00000KT 2SM 27/20 A2983 RMK T02700200 IEM_DS3505,M
VOTV,2004-01-28 03:40,76.9500,8.4667,84.20,68.00,58.32,0.00,0.00,M,29.85,M,2.00,M,M,M,M,M,M,M,M,M,M,M,M,M,M,M,M,87.40,VOTV 280340Z AUTO 00000KT 2SM 29/20 A2985 RMK T02900200 IEM_DS3505,M
VOTV,2004-01-28 04:40,76.9500,8.4667,84.20,64.40,51.47,260.00,5.00,M,29.85,M,M,M,M,M,M,M,M,M,M,M,M,M,M,M,M,M,M,85.71,VOTV 280440Z AUTO 26005KT 29/18 A2985 RMK T02900180 IEM_DS3505,M
VOTV,2004-01-28 05:40,76.9500,8.4667,84.20,64.40,51.47,270.00,10.00,M,29.83,M,5.00,M,M,M,M,M,M,M,M,M,M,M,M,M,M,M,M,85.71,VOTV 280540Z AUTO 27010KT 5SM 29/18 A2983 RMK T02900180 IEM_DS3505,M
VOTV,2004-01-28 07:40,76.9500,8.4667,86.00,68.00,55.04,260.00,6.00,M,29.77,M,5.00,M,M,M,M,M,M,M,M,M,M,M,M,M,M,M,M,89.41,VOTV 280740Z AUTO 26006KT 5SM 30/20 A2977 RMK T03000200 IEM_DS3505,M
VOTV,2004-01-28 10:40,76.9500,8.4667,86.00,69.80,58.55,240.00,7.00,M,29.71,M,5.00,M,M,M,M,M,M,M,M,M,M,M,M,M,M,M,M,90.58,VOTV 281040Z AUTO 24007KT 5SM 30/21 A2971 RMK T03000210 IEM_DS3505,M
VOTV,2004-01-28 11:40,76.9500,8.4667,86.00,71.60,62.25,250.00,3.00,M,29.71,M,5.00,M,M,M,M,M,M,M,M,M,M,M,M,M,M,M,M,91.92,VOTV 281140Z AUTO 25003KT 5SM 30/22 A2971 RMK T03000220 IEM_DS3505,M
VOTV,2004-01-29 04:40,76.9500,8.4667,86.00,68.00,55.04,250.00,3.00,M,29.85,M,M,M,M,M,M,M,M,M,M,M,M,M,M,M,M,M,M,89.41,VOTV 290440Z AUTO 25003KT 30/20 A2985 RMK T03000200 IEM_DS3505,M
VOTV,2004-01-29 05:40,76.9500,8.4667,86.00,68.00,55.04,210.00,3.00,M,29.83,M,5.00,M,M,M,M,M,M,M,M,M,M,M,M,M,M,M,M,89.41,VOTV 290540Z AUTO 21003KT 5SM 30/20 A2983 RMK T03000200 IEM_DS3505,M
VOTV,2004-01-29 06:40,76.9500,8.4667,86.00,68.00,55.04,200.00,6.00,M,29.80,M,5.00,M,M,M,M,M,M,M,M,M,M,M,M,M,M,M,M,89.41,VOTV 290640Z AUTO 20006KT 5SM 30/20 A2980 RMK T03000200 IEM_DS3505,M
VOTV,2004-01-29 07:40,76.9500,8.4667,87.80,69.80,55.29,230.00,6.00,M,29.77,M,5.00,M,M,M,M,M,M,M,M,M,M,M,M,M,M,M,M,92.71,VOTV 290740Z AUTO 23006KT 5SM 31/21 A2977 RMK T03100210 IEM_DS3505,M
VOTV,2004-01-29 08:40,76.9500,8.4667,M,M,M,250.00,6.00,M,29.74,M,5.00,M,M,M,M,M,M,M,M,M,M,M,M,M,M,M,M,M,VOTV 290840Z AUTO 25006KT 5SM A2974 RMK IEM_DS3505,M
VOTV,2004-01-29 09:40,76.9500,8.4667,87.80,66.20,48.84,230.00,7.00,M,29.74,M,5.00,M,M,M,M,M,M,M,M,M,M,M,M,M,M,M,M,90.31,VOTV 290940Z AUTO 23007KT 5SM 31/19 A2974 RMK T03100190 IEM_DS3505,M
VOTV,2004-01-29 10:40,76.9500,8.4667,87.80,71.60,58.78,230.00,4.00,M,29.71,M,5.00,M,M,M,M,M,M,M,M,M,M,M,M,M,M,M,M,94.18,VOTV 291040Z AUTO 23004KT 5SM 31/22 A2971 RMK T03100220 IEM_DS3505,M
VOTV,2004-01-29 11:40,76.9500,8.4667,86.00,71.60,62.25,240.00,6.00,M,29.71,M,M,M,M,M,M,M,M,M,M,M,M,M,M,M,M,M,M,91.92,VOTV 291140Z AUTO 24006KT 30/22 A2971 RMK T03000220 IEM_DS3505,M
VOTV,2004-01-29 12:40,76.9500,8.4667,84.20,71.60,65.95,0.00,0.00,M,29.74,M,M,M,M,M,M,M,M,M,M,M,M,M,M,M,M,M,M,89.60,VOTV 291240Z AUTO 00000KT 29/22 A2974 RMK T02900220 IEM_DS3505,M
VOTV,2004-01-29 13:40,76.9500,8.4667,84.20,68.00,58.32,260.00,3.00,M,29.74,M,M,M,M,M,M,M,M,M,M,M,M,M,M,M,M,M,M,87.40,VOTV 291340Z AUTO 26003KT 29/20 A2974 RMK T02900200 IEM_DS3505,M
VOTV,2004-01-29 14:40,76.9500,8.4667,84.20,73.40,70.08,0.00,0.00,M,29.77,M,M,M,M,M,M,M,M,M,M,M,M,M,M,M,M,M,M,90.94,VOTV 291440Z AUTO 00000KT 29/23 A2977 RMK T02900230 IEM_DS3505,M
VOTV,2004-01-29 15:40,76.9500,8.4667,84.20,73.40,70.08,0.00,0.00,M,29.80,M,2.50,M,M,M,M,M,M,M,M,M,M,M,M,M,M,M,M,90.94,VOTV 291540Z AUTO 00000KT 2 1/2SM 29/23 A2980 RMK T02900230 IEM_DS3505,M
VOTV,2004-01-29 16:40,76.9500,8.4667,82.40,73.40,74.28,0.00,0.00,M,29.83,M,2.50,M,M,M,M,M,M,M,M,M,M,M,M,M,M,M,M,88.26,VOTV 291640Z AUTO 00000KT 2 1/2SM 28/23 A2983 RMK T02800230 IEM_DS3505,M
VOTV,2004-01-29 23:40,76.9500,8.4667,78.80,71.60,78.62,0.00,0.00,M,29.80,M,2.50,M,M,M,M,M,M,M,M,M,M,M,M,M,M,M,M,81.70,VOTV 292340Z AUTO 00000KT 2 1/2SM 26/22 A2980 RMK T02600220 IEM_DS3505,M
VOTV,2004-01-30 04:40,76.9500,8.4667,84.20,71.60,65.95,200.00,4.00,M,29.88,M,M,M,M,M,M,M,M,M,M,M,M,M,M,M,M,M,M,89.60,VOTV 300440Z AUTO 20004KT 29/22 A2988 RMK T02900220 IEM_DS3505,M
VOTV,2004-01-30 05:40,76.9500,8.4667,86.00,73.40,66.15,M,M,M,29.85,M,M,M,M,M,M,M,M,M,M,M,M,M,M,M,M,M,M,93.45,VOTV 300540Z AUTO 30/23 A2985 RMK T03000230 IEM_DS3505,M
VOTV,2004-01-30 06:40,76.9500,8.4667,87.80,69.80,55.29,180.00,4.00,M,29.83,M,5.00,M,M,M,M,M,M,M,M,M,M,M,M,M,M,M,M,92.71,VOTV 300640Z AUTO 18004KT 5SM 31/21 A2983 RMK T03100210 IEM_DS3505,M
VOTV,2004-01-30 07:40,76.9500,8.4667,87.80,73.40,62.47,220.00,7.00,M,29.83,M,5.00,M,M,M,M,M,M,M,M,M,M,M,M,M,M,M,M,95.86,VOTV 300740Z AUTO 22007KT 5SM 31/23 A2983 RMK T03100230 IEM_DS3505,M
VOTV,2004-01-30 08:40,76.9500,8.4667,89.60,73.40,59.01,220.00,6.00,M,29.77,M,5.00,M,M,M,M,M,M,M,M,M,M,M,M,M,M,M,M,98.20,VOTV 300840Z AUTO 22006KT 5SM 32/23 A2977 RMK T03200230 IEM_DS3505,M
VOTV,2004-01-30 09:40,76.9500,8.4667,87.80,71.60,58.78,210.00,5.00,M,29.77,M,5.00,M,M,M,M,M,M,M,M,M,M,M,M,M,M,M,M,94.18,VOTV 300940Z AUTO 21005KT 5SM 31/22 A2977 RMK T03100220 IEM_DS3505,M
VOTV,2004-01-30 10:40,76.9500,8.4667,M,M,M,240.00,6.00,M,M,M,5.00,M,M,M,M,M,M,M,M,M,M,M,M,M,M,M,M,M,VOTV 301040Z AUTO 24006KT 5SM RMK IEM_DS3505,M
VOTV,2004-01-30 11:40,76.9500,8.4667,M,M,M,260.00,6.00,M,M,M,5.00,M,M,M,M,M,M,M,M,M,M,M,M,M,M,M,M,M,VOTV 301140Z AUTO 26006KT 5SM RMK IEM_DS3505,M
VOTV,2004-01-30 14:40,76.9500,8.4667,84.20,77.00,79.04,0.00,0.00,M,29.83,M,4.00,M,M,M,M,M,M,M,M,M,M,M,M,M,M,M,M,94.16,VOTV 301440Z AUTO 00000KT 4SM 29/25 A2983 RMK T02900250 IEM_DS3505,M
VOTV,2004-01-30 23:40,76.9500,8.4667,77.00,73.40,88.67,0.00,0.00,M,29.80,M,2.50,M,M,M,M,M,M,M,M,M,M,M,M,M,M,M,M,78.57,VOTV 302340Z AUTO 00000KT 2 1/2SM 25/23 A2980 RMK T02500230 IEM_DS3505,M
VOTV,2004-01-31 00:40,76.9500,8.4667,77.00,73.40,88.67,0.00,0.00,M,29.80,M,2.50,M,M,M,M,M,M,M,M,M,M,M,M,M,M,M,M,78.57,VOTV 310040Z AUTO 00000KT 2 1/2SM 25/23 A2980 RMK T02500230 IEM_DS3505,M
VOTV,2004-01-31 06:40,76.9500,8.4667,86.00,71.60,62.25,310.00,7.00,M,29.85,M,5.00,M,M,M,M,M,M,M,M,M,M,M,M,M,M,M,M,91.92,VOTV 310640Z AUTO 31007KT 5SM 30/22 A2985 RMK T03000220 IEM_DS3505,M
VOTV,2004-01-31 08:40,76.9500,8.4667,87.80,69.80,55.29,240.00,5.00,M,29.80,M,5.00,M,M,M,M,M,M,M,M,M,M,M,M,M,M,M,M,92.71,VOTV 310840Z AUTO 24005KT 5SM 31/21 A2980 RMK T03100210 IEM_DS3505,M
VOTV,2004-01-31 09:40,76.9500,8.4667,87.80,71.60,58.78,270.00,11.00,M,29.77,M,5.00,M,M,M,M,M,M,M,M,M,M,M,M,M,M,M,M,94.18,VOTV 310940Z AUTO 27011KT 5SM 31/22 A2977 RMK T03100220 IEM_DS3505,M
VOTV,2004-01-31 10:40,76.9500,8.4667,86.00,71.60,62.25,270.00,8.00,M,29.77,M,5.00,M,M,M,M,M,M,M,M,M,M,M,M,M,M,M,M,91.92,VOTV 311040Z AUTO 27008KT 5SM 30/22 A2977 RMK T03000220 IEM_DS3505,M
VOTV,2004-01-31 11:40,76.9500,8.4667,M,M,M,300.00,12.00,M,M,M,4.00,M,M,M,M,M,M,M,M,M,M,M,M,M,M,M,M,M,VOTV 311140Z AUTO 30012KT 4SM RMK IEM_DS3505,M
VOTV,2004-01-31 14:40,76.9500,8.4667,M,M,M,0.00,0.00,M,M,M,2.50,M,M,M,M,M,M,M,M,M,M,M,M,M,M,M,M,M,VOTV 311440Z AUTO 00000KT 2 1/2SM RMK IEM_DS3505,M
VOTV,2004-01-31 15:40,76.9500,8.4667,M,M,M,0.00,0.00,M,M,M,2.50,M,M,M,M,M,M,M,M,M,M,M,M,M,M,M,M,M,VOTV 311540Z AUTO 00000KT 2 1/2SM RMK IEM_DS3505,M
VOTV,2004-01-31 16:40,76.9500,8.4667,M,M,M,0.00,0.00,M,M,M,2.50,M,M,M,M,M,M,M,M,M,M,M,M,M,M,M,M,M,VOTV 311640Z AUTO 00000KT 2 1/2SM RMK IEM_DS3505,M
VOTV,2004-01-31 17:40,76.9500,8.4667,80.60,73.40,78.76,0.00,0.00,M,29.85,M,2.50,M,M,M,M,M,M,M,M,M,M,M,M,M,M,M,M,85.32,VOTV 311740Z AUTO 00000KT 2 1/2SM 27/23 A2985 RMK T02700230 IEM_DS3505,M
VOTV,2004-01-31 18:40,76.9500,8.4667,80.60,73.40,78.76,M,M,M,29.85,M,2.50,M,M,M,M,M,M,M,M,M,M,M,M,M,M,M,M,85.32,VOTV 311840Z AUTO 2 1/2SM 27/23 A2985 RMK T02700230 IEM_DS3505,M
VOTV,2004-01-31 23:40,76.9500,8.4667,77.00,71.60,83.44,0.00,0.00,M,29.80,M,2.50,M,M,M,M,M,M,M,M,M,M,M,M,M,M,M,M,78.32,VOTV 312340Z AUTO 00000KT 2 1/2SM 25/22 A2980 RMK T02500220 IEM_DS3505,M
VOTV,2004-02-01 00:40,76.9500,8.4667,77.00,73.40,88.67,0.00,0.00,M,29.80,M,2.50,M,M,M,M,M,M,M,M,M,M,M,M,M,M,M,M,78.57,VOTV 010040Z AUTO 00000KT 2 1/2SM 25/23 A2980 RMK T02500230 IEM_DS3505,M
VOTV,2004-02-01 01:40,76.9500,8.4667,77.00,71.60,83.44,0.00,0.00,M,29.80,M,2.50,M,M,M,M,M,M,M,M,M,M,M,M,M,M,M,M,78.32,VOTV 010140Z AUTO 00000KT 2 1/2SM 25/22 A2980 RMK T02500220 IEM_DS3505,M
VOTV,2004-02-01 02:40,76.9500,8.4667,78.80,73.40,83.55,0.00,0.00,M,29.83,M,2.50,M,M,M,M,M,M,M,M,M,M,M,M,M,M,M,M,82.03,VOTV 010240Z AUTO 00000KT 2 1/2SM 26/23 A2983 RMK T02600230 IEM_DS3505,M
VOTV,2004-02-01 03:40,76.9500,8.4667,82.40,71.60,69.90,0.00,0.00,M,29.85,M,M,M,M,M,M,M,M,M,M,M,M,M,M,M,M,M,M,87.18,VOTV 010340Z AUTO 00000KT 28/22 A2985 RMK T02800220 IEM_DS3505,M
VOTV,2004-02-01 04:40,76.9500,8.4667,86.00,71.60,62.25,330.00,3.00,M,29.85,M,M,M,M,M,M,M,M,M,M,M,M,M,M,M,M,M,M,91.92,VOTV 010440Z AUTO 33003KT 30/22 A2985 RMK T03000220 IEM_DS3505,M
VOTV,2004-02-01 05:40,76.9500,8.4667,87.80,71.60,58.78,0.00,0.00,M,29.83,M,5.00,M,M,M,M,M,M,M,M,M,M,M,M,M,M,M,M,94.18,VOTV 010540Z AUTO 00000KT 5SM 31/22 A2983 RMK T03100220 IEM_DS3505,M
VOTV,2004-02-01 06:40,76.9500,8.4667,86.00,71.60,62.25,260.00,8.00,M,29.80,M,5.00,M,M,M,M,M,M,M,M,M,M,M,M,M,M,M,M,91.92,VOTV 010640Z AUTO 26008KT 5SM 30/22 A2980 RMK T03000220 IEM_DS3505,M
VOTV,2004-02-01 07:40,76.9500,8.4667,86.00,69.80,58.55,260.00,4.00,M,29.77,M,5.00,M,M,M,M,M,M,M,M,M,M,M,M,M,M,M,M,90.58,VOTV 010740Z AUTO 26004KT 5SM 30/21 A2977 RMK T03000210 IEM_DS3505,M
VOTV,2004-02-01 08:40,76.9500,8.4667,87.80,69.80,55.29,240.00,5.00,M,29.74,M,5.00,M,M,M,M,M,M,M,M,M,M,M,M,M,M,M,M,92.71,VOTV 010840Z AUTO 24005KT 5SM 31/21 A2974 RMK T03100210 IEM_DS3505,M
VOTV,2004-02-01 10:40,76.9500,8.4667,87.80,69.80,55.29,210.00,4.00,M,29.68,M,5.00,M,M,M,M,M,M,M,M,M,M,M,M,M,M,M,M,92.71,VOTV 011040Z AUTO 21004KT 5SM 31/21 A2968 RMK T03100210 IEM_DS3505,M
VOTV,2004-02-01 11:40,76.9500,8.4667,86.00,68.00,55.04,200.00,4.00,M,29.68,M,5.00,M,M,M,M,M,M,M,M,M,M,M,M,M,M,M,M,89.41,VOTV 011140Z AUTO 20004KT 5SM 30/20 A2968 RMK T03000200 IEM_DS3505,M
VOTV,2004-02-01 12:40,76.9500,8.4667,84.20,69.80,62.03,180.00,3.00,M,29.71,M,M,M,M,M,M,M,M,M,M,M,M,M,M,M,M,M,M,88.43,VOTV 011240Z AUTO 18003KT 29/21 A2971 RMK T02900210 IEM_DS3505,M
VOTV,2004-02-02 02:40,76.9500,8.4667,M,M,M,0.00,0.00,M,M,M,2.50,M,M,M,M,M,M,M,M,M,M,M,M,M,M,M,M,M,VOTV 020240Z AUTO 00000KT 2 1/2SM RMK IEM_DS3505,M
VOTV,2004-02-02 04:40,76.9500,8.4667,87.80,68.00,51.98,0.00,0.00,M,29.83,M,M,M,M,M,M,M,M,M,M,M,M,M,M,M,M,M,M,91.43,VOTV 020440Z AUTO 00000KT 31/20 A2983 RMK T03100200 IEM_DS3505,M
VOTV,2004-02-02 05:40,76.9500,8.4667,86.00,69.80,58.55,220.00,4.00,M,29.83,M,M,M,M,M,M,M,M,M,M,M,M,M,M,M,M,M,M,90.58,VOTV 020540Z AUTO 22004KT 30/21 A2983 RMK T03000210 IEM_DS3505,M
VOTV,2004-02-02 06:40,76.9500,8.4667,87.80,71.60,58.78,220.00,5.00,M,29.80,M,5.00,M,M,M,M,M,M,M,M,M,M,M,M,M,M,M,M,94.18,VOTV 020640Z AUTO 22005KT 5SM 31/22 A2980 RMK T03100220 IEM_DS3505,M
VOTV,2004-02-02 08:40,76.9500,8.4667,87.80,64.40,45.88,240.00,4.00,M,29.74,M,7.00,M,M,M,M,M,M,M,M,M,M,M,M,M,M,M,M,89.33,VOTV 020840Z AUTO 24004KT 7SM 31/18 A2974 RMK T03100180 IEM_DS3505,M
VOTV,2004-02-02 09:40,76.9500,8.4667,87.80,66.20,48.84,260.00,8.00,M,29.74,M,M,M,M,M,M,M,M,M,M,M,M,M,M,M,M,M,M,90.31,VOTV 020940Z AUTO 26008KT 31/19 A2974 RMK T03100190 IEM_DS3505,M
VOTV,2004-02-02 10:40,76.9500,8.4667,87.80,64.40,45.88,220.00,7.00,M,29.71,M,7.00,M,M,M,M,M,M,M,M,M,M,M,M,M,M,M,M,89.33,VOTV 021040Z AUTO 22007KT 7SM 31/18 A2971 RMK T03100180 IEM_DS3505,M
VOTV,2004-02-02 11:40,76.9500,8.4667,87.80,66.20,48.84,230.00,7.00,M,29.71,M,7.00,M,M,M,M,M,M,M,M,M,M,M,M,M,M,M,M,90.31,VOTV 021140Z AUTO 23007KT 7SM 31/19 A2971 RMK T03100190 IEM_DS3505,M
VOTV,2004-02-02 12:40,76.9500,8.4667,86.00,69.80,58.55,270.00,4.00,M,29.74,M,5.00,M,M,M,M,M,M,M,M,M,M,M,M,M,M,M,M,90.58,VOTV 021240Z AUTO 27004KT 5SM 30/21 A2974 RMK T03000210 IEM_DS3505,M
VOTV,2004-02-03 00:40,76.9500,8.4667,75.20,69.80,83.32,0.00,0.00,M,29.80,M,2.00,M,M,M,M,M,M,M,M,M,M,M,M,M,M,M,M,76.34,VOTV 030040Z AUTO 00000KT 2SM 24/21 A2980 RMK T02400210 IEM_DS3505,M
VOTV,2004-02-03 01:40,76.9500,8.4667,75.20,68.00,78.34,0.00,0.00,M,29.83,M,1.25,M,M,M,M,M,M,M,M,M,M,M,M,M,M,M,M,75.20,VOTV 030140Z AUTO 00000KT 1 1/4SM 24/20 A2983 RMK T02400200 IEM_DS3505,M
VOTV,2004-02-03 05:40,76.9500,8.4667,86.00,64.40,48.58,240.00,7.00,M,29.88,M,5.00,M,M,M,M,M,M,M,M,M,M,M,M,M,M,M,M,87.49,VOTV 030540Z AUTO 24007KT 5SM 30/18 A2988 RMK T03000180 IEM_DS3505,M
VOTV,2004-02-03 06:40,76.9500,8.4667,86.00,64.40,48.58,200.00,5.00,M,29.88,M,5.00,M,M,M,M,M,M,M,M,M,M,M,M,M,M,M,M,87.49,VOTV 030640Z AUTO 20005KT 5SM 30/18 A2988 RMK T03000180 IEM_DS3505,M
VOTV,2004-02-03 07:40,76.9500,8.4667,87.80,66.20,48.84,240.00,6.00,M,29.83,M,5.00,M,M,M,M,M,M,M,M,M,M,M,M,M,M,M,M,90.31,VOTV 030740Z AUTO 24006KT 5SM 31/19 A2983 RMK T03100190 IEM_DS3505,M
VOTV,2004-02-03 08:40,76.9500,8.4667,87.80,66.20,48.84,250.00,7.00,M,29.80,M,5.00,M,M,M,M,M,M,M,M,M,M,M,M,M,M,M,M,90.31,VOTV 030840Z AUTO 25007KT 5SM 31/19 A2980 RMK T03100190 IEM_DS3505,M
VOTV,2004-02-03 09:40,76.9500,8.4667,87.80,68.00,51.98,250.00,9.00,M,29.77,M,5.00,M,M,M,M,M,M,M,M,M,M,M,M,M,M,M,M,91.43,VOTV 030940Z AUTO 25009KT 5SM 31/20 A2977 RMK T03100200 IEM_DS3505,M
VOTV,2004-02-03 10:40,76.9500,8.4667,87.80,68.00,51.98,230.00,9.00,M,M,M,5.00,M,M,M,M,M,M,M,M,M,M,M,M,M,M,M,M,91.43,VOTV 031040Z AUTO 23009KT 5SM 31/20 RMK T03100200 IEM_DS3505,M
VOTV,2004-02-03 12:40,76.9500,8.4667,86.00,71.60,62.25,0.00,0.00,M,29.80,M,M,M,M,M,M,M,M,M,M,M,M,M,M,M,M,M,M,91.92,VOTV 031240Z AUTO 00000KT 30/22 A2980 RMK T03000220 IEM_DS3505,M
VOTV,2004-02-03 13:40,76.9500,8.4667,84.20,71.60,65.95,0.00,0.00,M,29.80,M,M,M,M,M,M,M,M,M,M,M,M,M,M,M,M,M,M,89.60,VOTV 031340Z AUTO 00000KT 29/22 A2980 RMK T02900220 IEM_DS3505,M
VOTV,2004-02-03 14:40,76.9500,8.4667,84.20,73.40,70.08,0.00,0.00,M,29.83,M,M,M,M,M,M,M,M,M,M,M,M,M,M,M,M,M,M,90.94,VOTV 031440Z AUTO 00000KT 29/23 A2983 RMK T02900230 IEM_DS3505,M
VOTV,2004-02-03 15:40,76.9500,8.4667,84.20,71.60,65.95,0.00,0.00,M,29.85,M,M,M,M,M,M,M,M,M,M,M,M,M,M,M,M,M,M,89.60,VOTV 031540Z AUTO 00000KT 29/22 A2985 RMK T02900220 IEM_DS3505,M
VOTV,2004-02-03 17:40,76.9500,8.4667,82.40,71.60,69.90,0.00,0.00,M,29.88,M,M,M,M,M,M,M,M,M,M,M,M,M,M,M,M,M,M,87.18,VOTV 031740Z AUTO 00000KT 28/22 A2988 RMK T02800220 IEM_DS3505,M
VOTV,2004-02-03 18:40,76.9500,8.4667,82.40,73.40,74.28,0.00,0.00,M,29.85,M,4.00,M,M,M,M,M,M,M,M,M,M,M,M,M,M,M,M,88.26,VOTV 031840Z AUTO 00000KT 4SM 28/23 A2985 RMK T02800230 IEM_DS3505,M
VOTV,2004-02-03 23:40,76.9500,8.4667,78.80,73.40,83.55,0.00,0.00,M,29.80,M,2.50,M,M,M,M,M,M,M,M,M,M,M,M,M,M,M,M,82.03,VOTV 032340Z AUTO 00000KT 2 1/2SM 26/23 A2980 RMK T02600230 IEM_DS3505,M
VOTV,2004-02-04 00:40,76.9500,8.4667,77.00,73.40,88.67,0.00,0.00,M,29.83,M,2.50,M,M,M,M,M,M,M,M,M,M,M,M,M,M,M,M,78.57,VOTV 040040Z AUTO 00000KT 2 1/2SM 25/23 A2983 RMK T02500230 IEM_DS3505,M
VOTV,2004-02-04 01:40,76.9500,8.4667,78.80,73.40,83.55,0.00,0.00,M,29.85,M,2.00,M,M,M,M,M,M,M,M,M,M,M,M,M,M,M,M,82.03,VOTV 040140Z AUTO 00000KT 2SM 26/23 A2985 RMK T02600230 IEM_DS3505,M
VOTV,2004-02-04 03:40,76.9500,8.4667,86.00,69.80,58.55,0.00,0.00,M,29.88,M,M,M,M,M,M,M,M,M,M,M,M,M,M,M,M,M,M,90.58,VOTV 040340Z AUTO 00000KT 30/21 A2988 RMK T03000210 IEM_DS3505,M
VOTV,2004-02-04 04:40,76.9500,8.4667,86.00,69.80,58.55,260.00,6.00,M,29.91,M,5.00,M,M,M,M,M,M,M,M,M,M,M,M,M,M,M,M,90.58,VOTV 040440Z AUTO 26006KT 5SM 30/21 A2991 RMK T03000210 IEM_DS3505,M
VOTV,2004-02-04 05:40,76.9500,8.4667,86.00,68.00,55.04,210.00,6.00,M,29.88,M,5.00,M,M,M,M,M,M,M,M,M,M,M,M,M,M,M,M,89.41,VOTV 040540Z AUTO 21006KT 5SM 30/20 A2988 RMK T03000200 IEM_DS3505,M
VOTV,2004-02-04 06:40,76.9500,8.4667,87.80,68.00,51.98,230.00,8.00,M,29.85,M,5.00,M,M,M,M,M,M,M,M,M,M,M,M,M,M,M,M,91.43,VOTV 040640Z AUTO 23008KT 5SM 31/20 A2985 RMK T03100200 IEM_DS3505,M
VOTV,2004-02-04 07:40,76.9500,8.4667,87.80,68.00,51.98,260.00,6.00,M,29.83,M,5.00,M,M,M,M,M,M,M,M,M,M,M,M,M,M,M,M,91.43,VOTV 040740Z AUTO 26006KT 5SM 31/20 A2983 RMK T03100200 IEM_DS3505,M
VOTV,2004-02-04 09:40,76.9500,8.4667,87.80,68.00,51.98,240.00,4.00,M,29.77,M,7.00,M,M,M,M,M,M,M,M,M,M,M,M,M,M,M,M,91.43,VOTV 040940Z AUTO 24004KT 7SM 31/20 A2977 RMK T03100200 IEM_DS3505,M
VOTV,2004-02-04 10:40,76.9500,8.4667,87.80,66.20,48.84,230.00,4.00,M,29.74,M,7.00,M,M,M,M,M,M,M,M,M,M,M,M,M,M,M,M,90.31,VOTV 041040Z AUTO 23004KT 7SM 31/19 A2974 RMK T03100190 IEM_DS3505,M
VOTV,2004-02-04 11:40,76.9500,8.4667,87.80,68.00,51.98,230.00,3.00,M,29.74,M,7.00,M,M,M,M,M,M,M,M,M,M,M,M,M,M,M,M,91.43,VOTV 041140Z AUTO 23003KT 7SM 31/20 A2974 RMK T03100200 IEM_DS3505,M
VOTV,2004-02-04 12:40,76.9500,8.4667,86.00,69.80,58.55,250.00,5.00,M,29.77,M,M,M,M,M,M,M,M,M,M,M,M,M,M,M,M,M,M,90.58,VOTV 041240Z AUTO 25005KT 30/21 A2977 RMK T03000210 IEM_DS3505,M
VOTV,2004-02-04 13:40,76.9500,8.4667,84.20,68.00,58.32,290.00,5.00,M,29.77,M,M,M,M,M,M,M,M,M,M,M,M,M,M,M,M,M,M,87.40,VOTV 041340Z AUTO 29005KT 29/20 A2977 RMK T02900200 IEM_DS3505,M
VOTV,2004-02-04 15:40,76.9500,8.4667,82.40,68.00,61.81,0.00,0.00,M,29.83,M,2.50,M,M,M,M,M,M,M,M,M,M,M,M,M,M,M,M,85.38,VOTV 041540Z AUTO 00000KT 2 1/2SM 28/20 A2983 RMK T02800200 IEM_DS3505,M
VOTV,2004-02-04 16:40,76.9500,8.4667,82.40,68.00,61.81,0.00,0.00,M,29.85,M,2.50,M,M,M,M,M,M,M,M,M,M,M,M,M,M,M,M,85.38,VOTV 041640Z AUTO 00000KT 2 1/2SM 28/20 A2985 RMK T02800200 IEM_DS3505,M
VOTV,2004-02-05 00:40,76.9500,8.4667,M,M,M,0.00,0.00,M,M,M,2.50,M,M,M,M,M,M,M,M,M,M,M,M,M,M,M,M,M,VOTV 050040Z AUTO 00000KT 2 1/2SM RMK IEM_DS3505,M
VOTV,2004-02-05 03:40,76.9500,8.4667,82.40,73.40,74.28,0.00,0.00,M,29.88,M,2.50,M,M,M,M,M,M,M,M,M,M,M,M,M,M,M,M,88.26,VOTV 050340Z AUTO 00000KT 2 1/2SM 28/23 A2988 RMK T02800230 IEM_DS3505,M
VOTV,2004-02-05 04:40,76.9500,8.4667,86.00,71.60,62.25,250.00,5.00,M,29.88,M,4.00,M,M,M,M,M,M,M,M,M,M,M,M,M,M,M,M,91.92,VOTV 050440Z AUTO 25005KT 4SM 30/22 A2988 RMK T03000220 IEM_DS3505,M
VOTV,2004-02-05 06:40,76.9500,8.4667,87.80,71.60,58.78,270.00,6.00,M,29.85,M,5.00,M,M,M,M,M,M,M,M,M,M,M,M,M,M,M,M,94.18,VOTV 050640Z AUTO 27006KT 5SM 31/22 A2985 RMK T03100220 IEM_DS3505,M
VOTV,2004-02-05 07:40,76.9500,8.4667,86.00,69.80,58.55,270.00,7.00,M,29.83,M,5.00,M,M,M,M,M,M,M,M,M,M,M,M,M,M,M,M,90.58,VOTV 050740Z AUTO 27007KT 5SM 30/21 A2983 RMK T03000210 IEM_DS3505,M
VOTV,2004-02-05 08:40,76.9500,8.4667,87.80,71.60,58.78,230.00,5.00,M,29.77,M,5.00,M,M,M,M,M,M,M,M,M,M,M,M,M,M,M,M,94.18,VOTV 050840Z AUTO 23005KT 5SM 31/22 A2977 RMK T03100220 IEM_DS3505,M
VOTV,2004-02-05 10:40,76.9500,8.4667,87.80,71.60,58.78,210.00,3.00,M,29.74,M,5.00,M,M,M,M,M,M,M,M,M,M,M,M,M,M,M,M,94.18,VOTV 051040Z AUTO 21003KT 5SM 31/22 A2974 RMK T03100220 IEM_DS3505,M
VOTV,2004-02-05 11:40,76.9500,8.4667,86.00,73.40,66.15,240.00,4.00,M,29.74,M,5.00,M,M,M,M,M,M,M,M,M,M,M,M,M,M,M,M,93.45,VOTV 051140Z AUTO 24004KT 5SM 30/23 A2974 RMK T03000230 IEM_DS3505,M
VOTV,2004-02-05 12:40,76.9500,8.4667,84.20,71.60,65.95,0.00,0.00,M,29.77,M,M,M,M,M,M,M,M,M,M,M,M,M,M,M,M,M,M,89.60,VOTV 051240Z AUTO 00000KT 29/22 A2977 RMK T02900220 IEM_DS3505,M
VOTV,2004-02-05 13:40,76.9500,8.4667,84.20,69.80,62.03,0.00,0.00,M,29.80,M,M,M,M,M,M,M,M,M,M,M,M,M,M,M,M,M,M,88.43,VOTV 051340Z AUTO 00000KT 29/21 A2980 RMK T02900210 IEM_DS3505,M
VOTV,2004-02-05 15:40,76.9500,8.4667,84.20,71.60,65.95,0.00,0.00,M,29.88,M,2.50,M,M,M,M,M,M,M,M,M,M,M,M,M,M,M,M,89.60,VOTV 051540Z AUTO 00000KT 2 1/2SM 29/22 A2988 RMK T02900220 IEM_DS3505,M
VOTV,2004-02-05 16:40,76.9500,8.4667,82.40,73.40,74.28,0.00,0.00,M,29.88,M,2.50,M,M,M,M,M,M,M,M,M,M,M,M,M,M,M,M,88.26,VOTV 051640Z AUTO 00000KT 2 1/2SM 28/23 A2988 RMK T02800230 IEM_DS3505,M
VOTV,2004-02-05 23:40,76.9500,8.4667,77.00,71.60,83.44,0.00,0.00,M,29.83,M,2.50,M,M,M,M,M,M,M,M,M,M,M,M,M,M,M,M,78.32,VOTV 052340Z AUTO 00000KT 2 1/2SM 25/22 A2983 RMK T02500220 IEM_DS3505,M
VOTV,2004-02-06 01:40,76.9500,8.4667,75.20,68.00,78.34,0.00,0.00,M,29.88,M,1.00,M,M,M,M,M,M,M,M,M,M,M,M,M,M,M,M,75.20,VOTV 060140Z AUTO 00000KT 1SM 24/20 A2988 RMK T02400200 IEM_DS3505,M
VOTV,2004-02-06 05:40,76.9500,8.4667,86.00,71.60,62.25,170.00,4.00,M,29.91,M,M,M,M,M,M,M,M,M,M,M,M,M,M,M,M,M,M,91.92,VOTV 060540Z AUTO 17004KT 30/22 A2991 RMK T03000220 IEM_DS3505,M
VOTV,2004-02-06 06:40,76.9500,8.4667,86.00,69.80,58.55,230.00,4.00,M,29.88,M,M,M,M,M,M,M,M,M,M,M,M,M,M,M,M,M,M,90.58,VOTV 060640Z AUTO 23004KT 30/21 A2988 RMK T03000210 IEM_DS3505,M
VOTV,2004-02-06 07:40,76.9500,8.4667,87.80,73.40,62.47,240.00,4.00,M,29.85,M,M,M,M,M,M,M,M,M,M,M,M,M,M,M,M,M,M,95.86,VOTV 060740Z AUTO 24004KT 31/23 A2985 RMK T03100230 IEM_DS3505,M
VOTV,2004-02-06 08:40,76.9500,8.4667,86.00,69.80,58.55,240.00,7.00,M,29.83,M,5.00,M,M,M,M,M,M,M,M,M,M,M,M,M,M,M,M,90.58,VOTV 060840Z AUTO 24007KT 5SM 30/21 A2983 RMK T03000210 IEM_DS3505,M
VOTV,2004-02-06 09:40,76.9500,8.4667,86.00,69.80,58.55,240.00,8.00,M,29.80,M,5.00,M,M,M,M,M,M,M,M,M,M,M,M,M,M,M,M,90.58,VOTV 060940Z AUTO 24008KT 5SM 30/21 A2980 RMK T03000210 IEM_DS3505,M
VOTV,2004-02-06 10:40,76.9500,8.4667,86.00,71.60,62.25,260.00,4.00,M,29.80,M,5.00,M,M,M,M,M,M,M,M,M,M,M,M,M,M,M,M,91.92,VOTV 061040Z AUTO 26004KT 5SM 30/22 A2980 RMK T03000220 IEM_DS3505,M
VOTV,2004-02-06 11:40,76.9500,8.4667,86.00,71.60,62.25,210.00,4.00,M,29.80,M,5.00,M,M,M,M,M,M,M,M,M,M,M,M,M,M,M,M,91.92,VOTV 061140Z AUTO 21004KT 5SM 30/22 A2980 RMK T03000220 IEM_DS3505,M
VOTV,2004-02-06 12:40,76.9500,8.4667,84.20,73.40,70.08,240.00,4.00,M,29.83,M,5.00,M,M,M,M,M,M,M,M,M,M,M,M,M,M,M,M,90.94,VOTV 061240Z AUTO 24004KT 5SM 29/23 A2983 RMK T02900230 IEM_DS3505,M
VOTV,2004-02-06 14:40,76.9500,8.4667,84.20,71.60,65.95,290.00,6.00,M,29.85,M,4.00,M,M,M,M,M,M,M,M,M,M,M,M,M,M,M,M,89.60,VOTV 061440Z AUTO 29006KT 4SM 29/22 A2985 RMK T02900220 IEM_DS3505,M
VOTV,2004-02-06 15:40,76.9500,8.4667,84.20,73.40,70.08,0.00,0.00,M,29.91,M,M,M,M,M,M,M,M,M,M,M,M,M,M,M,M,M,M,90.94,VOTV 061540Z AUTO 00000KT 29/23 A2991 RMK T02900230 IEM_DS3505,M
VOTV,2004-02-07 02:40,76.9500,8.4667,78.80,73.40,83.55,0.00,0.00,M,M,M,2.50,M,M,M,M,M,M,M,M,M,M,M,M,M,M,M,M,82.03,VOTV 070240Z AUTO 00000KT 2 1/2SM 26/23 RMK T02600230 IEM_DS3505,M
VOTV,2004-02-07 04:40,76.9500,8.4667,86.00,71.60,62.25,0.00,0.00,M,29.97,M,M,M,M,M,M,M,M,M,M,M,M,M,M,M,M,M,M,91.92,VOTV 070440Z AUTO 00000KT 30/22 A2997 RMK T03000220 IEM_DS3505,M
VOTV,2004-02-07 05:40,76.9500,8.4667,86.00,73.40,66.15,M,M,M,29.97,M,5.00,M,M,M,M,M,M,M,M,M,M,M,M,M,M,M,M,93.45,VOTV 070540Z AUTO 5SM 30/23 A2997 RMK T03000230 IEM_DS3505,M
VOTV,2004-02-07 06:40,76.9500,8.4667,87.80,73.40,62.47,270.00,10.00,M,29.94,M,5.00,M,M,M,M,M,M,M,M,M,M,M,M,M,M,M,M,95.86,VOTV 070640Z AUTO 27010KT 5SM 31/23 A2994 RMK T03100230 IEM_DS3505,M
VOTV,2004-02-07 07:40,76.9500,8.4667,86.00,71.60,62.25,M,M,M,29.91,M,7.00,M,M,M,M,M,M,M,M,M,M,M,M,M,M,M,M,91.92,VOTV 070740Z AUTO 7SM 30/22 A2991 RMK T03000220 IEM_DS3505,M
VOTV,2004-02-07 08:40,76.9500,8.4667,87.80,71.60,58.78,240.00,5.00,M,29.88,M,7.00,M,M,M,M,M,M,M,M,M,M,M,M,M,M,M,M,94.18,VOTV 070840Z AUTO 24005KT 7SM 31/22 A2988 RMK T03100220 IEM_DS3505,M
VOTV,2004-02-07 09:40,76.9500,8.4667,87.80,69.80,55.29,250.00,8.00,M,29.85,M,7.00,M,M,M,M,M,M,M,M,M,M,M,M,M,M,M,M,92.71,VOTV 070940Z AUTO 25008KT 7SM 31/21 A2985 RMK T03100210 IEM_DS3505,M
VOTV,2004-02-07 10:40,76.9500,8.4667,M,M,M,240.00,4.00,M,M,M,M,M,M,M,M,M,M,M,M,M,M,M,M,M,M,M,M,M,VOTV 071040Z AUTO 24004KT RMK IEM_DS3505,M
VOTV,2004-02-07 11:40,76.9500,8.4667,86.00,73.40,66.15,270.00,7.00,M,29.88,M,7.00,M,M,M,M,M,M,M,M,M,M,M,M,M,M,M,M,93.45,VOTV 071140Z AUTO 27007KT 7SM 30/23 A2988 RMK T03000230 IEM_DS3505,M
VOTV,2004-02-07 14:40,76.9500,8.4667,M,M,M,270.00,4.00,M,M,M,3.00,M,M,M,M,M,M,M,M,M,M,M,M,M,M,M,M,M,VOTV 071440Z AUTO 27004KT 3SM RMK IEM_DS3505,M
VOTV,2004-02-07 15:40,76.9500,8.4667,M,M,M,0.00,0.00,M,M,M,3.00,M,M,M,M,M,M,M,M,M,M,M,M,M,M,M,M,M,VOTV 071540Z AUTO 00000KT 3SM RMK IEM_DS3505,M
VOTV,2004-02-07 23:40,76.9500,8.4667,78.80,75.20,88.75,0.00,0.00,M,29.91,M,2.00,M,M,M,M,M,M,M,M,M,M,M,M,M,M,M,M,82.38,VOTV 072340Z AUTO 00000KT 2SM 26/24 A2991 RMK T02600240 IEM_DS3505,M
VOTV,2004-02-08 00:40,76.9500,8.4667,78.80,75.20,88.75,0.00,0.00,M,29.91,M,2.00,M,M,M,M,M,M,M,M,M,M,M,M,M,M,M,M,82.38,VOTV 080040Z AUTO 00000KT 2SM 26/24 A2991 RMK T02600240 IEM_DS3505,M
VOTV,2004-02-08 02:40,76.9500,8.4667,80.60,69.80,69.71,0.00,0.00,M,29.97,M,1.25,M,M,M,M,M,M,M,M,M,M,M,M,M,M,M,M,83.90,VOTV 080240Z AUTO 00000KT 1 1/4SM 27/21 A2997 RMK T02700210 IEM_DS3505,M
VOTV,2004-02-08 03:40,76.9500,8.4667,84.20,73.40,70.08,0.00,0.00,M,29.97,M,3.00,M,M,M,M,M,M,M,M,M,M,M,M,M,M,M,M,90.94,VOTV 080340Z AUTO 00000KT 3SM 29/23 A2997 RMK T02900230 IEM_DS3505,M
VOTV,2004-02-08 04:40,76.9500,8.4667,86.00,73.40,66.15,170.00,5.00,M,30.00,M,M,M,M,M,M,M,M,M,M,M,M,M,M,M,M,M,M,93.45,VOTV 080440Z AUTO 17005KT 30/23 A3000 RMK T03000230 IEM_DS3505,M
VOTV,2004-02-08 05:40,76.9500,8.4667,86.00,73.40,66.15,210.00,6.00,M,30.00,M,5.00,M,M,M,M,M,M,M,M,M,M,M,M,M,M,M,M,93.45,VOTV 080540Z AUTO 21006KT 5SM 30/23 A3000 RMK T03000230 IEM_DS3505,M
VOTV,2004-02-08 06:40,76.9500,8.4667,87.80,71.60,58.78,160.00,4.00,M,29.97,M,5.00,M,M,M,M,M,M,M,M,M,M,M,M,M,M,M,M,94.18,VOTV 080640Z AUTO 16004KT 5SM 31/22 A2997 RMK T03100220 IEM_DS3505,M
VOTV,2004-02-08 07:40,76.9500,8.4667,87.80,69.80,55.29,210.00,4.00,M,29.91,M,5.00,M,M,M,M,M,M,M,M,M,M,M,M,M,M,M,M,92.71,VOTV 080740Z AUTO 21004KT 5SM 31/21 A2991 RMK T03100210 IEM_DS3505,M
VOTV,2004-02-08 08:40,76.9500,8.4667,87.80,69.80,55.29,200.00,3.00,M,29.88,M,5.00,M,M,M,M,M,M,M,M,M,M,M,M,M,M,M,M,92.71,VOTV 080840Z AUTO 20003KT 5SM 31/21 A2988 RMK T03100210 IEM_DS3505,M
VOTV,2004-02-08 09:40,76.9500,8.4667,87.80,69.80,55.29,220.00,8.00,M,29.85,M,5.00,M,M,M,M,M,M,M,M,M,M,M,M,M,M,M,M,92.71,VOTV 080940Z AUTO 22008KT 5SM 31/21 A2985 RMK T03100210 IEM_DS3505,M
VOTV,2004-02-08 10:40,76.9500,8.4667,M,M,M,200.00,6.00,M,M,M,5.00,M,M,M,M,M,M,M,M,M,M,M,M,M,M,M,M,M,VOTV 081040Z AUTO 20006KT 5SM RMK IEM_DS3505,M
VOTV,2004-02-08 11:40,76.9500,8.4667,M,M,M,200.00,2.00,M,M,M,5.00,M,M,M,M,M,M,M,M,M,M,M,M,M,M,M,M,M,VOTV 081140Z AUTO 20002KT 5SM RMK IEM_DS3505,M
VOTV,2004-02-08 13:40,76.9500,8.4667,M,M,M,0.00,0.00,M,M,M,3.00,M,M,M,M,M,M,M,M,M,M,M,M,M,M,M,M,M,VOTV 081340Z AUTO 00000KT 3SM RMK IEM_DS3505,M
VOTV,2004-02-08 14:40,76.9500,8.4667,M,M,M,0.00,0.00,M,M,M,3.00,M,M,M,M,M,M,M,M,M,M,M,M,M,M,M,M,M,VOTV 081440Z AUTO 00000KT 3SM RMK IEM_DS3505,M
VOTV,2004-02-08 15:40,76.9500,8.4667,M,M,M,0.00,0.00,M,M,M,3.00,M,M,M,M,M,M,M,M,M,M,M,M,M,M,M,M,M,VOTV 081540Z AUTO 00000KT 3SM RMK IEM_DS3505,M
VOTV,2004-02-09 00:40,76.9500,8.4667,77.00,69.80,78.48,0.00,0.00,M,29.88,M,2.00,M,M,M,M,M,M,M,M,M,M,M,M,M,M,M,M,78.09,VOTV 090040Z AUTO 00000KT 2SM 25/21 A2988 RMK T02500210 IEM_DS3505,M
VOTV,2004-02-09 04:40,76.9500,8.4667,86.00,66.20,51.72,210.00,3.00,M,29.94,M,M,M,M,M,M,M,M,M,M,M,M,M,M,M,M,M,M,88.39,VOTV 090440Z AUTO 21003KT 30/19 A2994 RMK T03000190 IEM_DS3505,M
VOTV,2004-02-09 05:40,76.9500,8.4667,86.00,68.00,55.04,260.00,6.00,M,29.94,M,M,M,M,M,M,M,M,M,M,M,M,M,M,M,M,M,M,89.41,VOTV 090540Z AUTO 26006KT 30/20 A2994 RMK T03000200 IEM_DS3505,M
VOTV,2004-02-09 07:40,76.9500,8.4667,87.80,68.00,51.98,260.00,6.00,M,29.85,M,5.00,M,M,M,M,M,M,M,M,M,M,M,M,M,M,M,M,91.43,VOTV 090740Z AUTO 26006KT 5SM 31/20 A2985 RMK T03100200 IEM_DS3505,M
VOTV,2004-02-09 08:40,76.9500,8.4667,89.60,71.60,55.53,260.00,4.00,M,29.85,M,7.00,M,M,M,M,M,M,M,M,M,M,M,M,M,M,M,M,96.41,VOTV 090840Z AUTO 26004KT 7SM 32/22 A2985 RMK T03200220 IEM_DS3505,M
VOTV,2004-02-09 09:40,76.9500,8.4667,87.80,69.80,55.29,250.00,6.00,M,29.83,M,7.00,M,M,M,M,M,M,M,M,M,M,M,M,M,M,M,M,92.71,VOTV 090940Z AUTO 25006KT 7SM 31/21 A2983 RMK T03100210 IEM_DS3505,M
VOTV,2004-02-09 10:40,76.9500,8.4667,87.80,69.80,55.29,220.00,6.00,M,29.83,M,7.00,M,M,M,M,M,M,M,M,M,M,M,M,M,M,M,M,92.71,VOTV 091040Z AUTO 22006KT 7SM 31/21 A2983 RMK T03100210 IEM_DS3505,M
VOTV,2004-02-09 12:40,76.9500,8.4667,86.00,71.60,62.25,270.00,5.00,M,29.83,M,5.00,M,M,M,M,M,M,M,M,M,M,M,M,M,M,M,M,91.92,VOTV 091240Z AUTO 27005KT 5SM 30/22 A2983 RMK T03000220 IEM_DS3505,M
VOTV,2004-02-09 13:40,76.9500,8.4667,84.20,73.40,70.08,240.00,4.00,M,29.85,M,M,M,M,M,M,M,M,M,M,M,M,M,M,M,M,M,M,90.94,VOTV 091340Z AUTO 24004KT 29/23 A2985 RMK T02900230 IEM_DS3505,M
VOTV,2004-02-09 14:40,76.9500,8.4667,84.20,73.40,70.08,0.00,0.00,M,29.88,M,M,M,M,M,M,M,M,M,M,M,M,M,M,M,M,M,M,90.94,VOTV 091440Z AUTO 00000KT 29/23 A2988 RMK T02900230 IEM_DS3505,M
VOTV,2004-02-09 15:40,76.9500,8.4667,84.20,71.60,65.95,290.00,4.00,M,29.88,M,4.00,M,M,M,M,M,M,M,M,M,M,M,M,M,M,M,M,89.60,VOTV 091540Z AUTO 29004KT 4SM 29/22 A2988 RMK T02900220 IEM_DS3505,M
VOTV,2004-02-09 16:40,76.9500,8.4667,82.40,73.40,74.28,0.00,0.00,M,29.91,M,4.00,M,M,M,M,M,M,M,M,M,M,M,M,M,M,M,M,88.26,VOTV 091640Z AUTO 00000KT 4SM 28/23 A2991 RMK T02800230 IEM_DS3505,M
VOTV,2004-02-09 23:40,76.9500,8.4667,78.80,73.40,83.55,0.00,0.00,M,29.88,M,2.50,M,M,M,M,M,M,M,M,M,M,M,M,M,M,M,M,82.03,VOTV 092340Z AUTO 00000KT 2 1/2SM 26/23 A2988 RMK T02600230 IEM_DS3505,M
VOTV,2004-02-10 05:40,76.9500,8.4667,86.00,71.60,62.25,240.00,3.00,M,29.91,M,M,M,M,M,M,M,M,M,M,M,M,M,M,M,M,M,M,91.92,VOTV 100540Z AUTO 24003KT 30/22 A2991 RMK T03000220 IEM_DS3505,M
VOTV,2004-02-10 06:40,76.9500,8.4667,87.80,71.60,58.78,270.00,6.00,M,29.91,M,5.00,M,M,M,M,M,M,M,M,M,M,M,M,M,M,M,M,94.18,VOTV 100640Z AUTO 27006KT 5SM 31/22 A2991 RMK T03100220 IEM_DS3505,M
VOTV,2004-02-10 08:40,76.9500,8.4667,87.80,69.80,55.29,260.00,6.00,M,29.85,M,5.00,M,M,M,M,M,M,M,M,M,M,M,M,M,M,M,M,92.71,VOTV 100840Z AUTO 26006KT 5SM 31/21 A2985 RMK T03100210 IEM_DS3505,M
VOTV,2004-02-10 12:40,76.9500,8.4667,86.00,73.40,66.15,210.00,4.00,M,29.85,M,M,M,M,M,M,M,M,M,M,M,M,M,M,M,M,M,M,93.45,VOTV 101240Z AUTO 21004KT 30/23 A2985 RMK T03000230 IEM_DS3505,M
VOTV,2004-02-10 13:40,76.9500,8.4667,84.20,73.40,70.08,220.00,4.00,M,29.88,M,M,M,M,M,M,M,M,M,M,M,M,M,M,M,M,M,M,90.94,VOTV 101340Z AUTO 22004KT 29/23 A2988 RMK T02900230 IEM_DS3505,M
VOTV,2004-02-10 14:40,76.9500,8.4667,84.20,73.40,70.08,0.00,0.00,M,29.88,M,M,M,M,M,M,M,M,M,M,M,M,M,M,M,M,M,M,90.94,VOTV 101440Z AUTO 00000KT 29/23 A2988 RMK T02900230 IEM_DS3505,M
VOTV,2004-02-10 17:40,76.9500,8.4667,82.40,73.40,74.28,0.00,0.00,M,29.94,M,4.00,M,M,M,M,M,M,M,M,M,M,M,M,M,M,M,M,88.26,VOTV 101740Z AUTO 00000KT 4SM 28/23 A2994 RMK T02800230 IEM_DS3505,M
VOTV,2004-02-11 01:40,76.9500,8.4667,78.80,71.60,78.62,270.00,2.00,M,29.94,M,2.00,M,M,M,M,M,M,M,M,M,M,M,M,M,M,M,M,81.70,VOTV 110140Z AUTO 27002KT 2SM 26/22 A2994 RMK T02600220 IEM_DS3505,M
VOTV,2004-02-11 03:40,76.9500,8.4667,86.00,73.40,66.15,0.00,0.00,M,29.97,M,M,M,M,M,M,M,M,M,M,M,M,M,M,M,M,M,M,93.45,VOTV 110340Z AUTO 00000KT 30/23 A2997 RMK T03000230 IEM_DS3505,M
VOTV,2004-02-11 04:40,76.9500,8.4667,87.80,73.40,62.47,0.00,0.00,M,29.97,M,M,M,M,M,M,M,M,M,M,M,M,M,M,M,M,M,M,95.86,VOTV 110440Z AUTO 00000KT 31/23 A2997 RMK T03100230 IEM_DS3505,M
VOTV,2004-02-11 05:40,76.9500,8.4667,86.00,71.60,62.25,240.00,7.00,M,29.97,M,5.00,M,M,M,M,M,M,M,M,M,M,M,M,M,M,M,M,91.92,VOTV 110540Z AUTO 24007KT 5SM 30/22 A2997 RMK T03000220 IEM_DS3505,M
VOTV,2004-02-11 06:40,76.9500,8.4667,86.00,69.80,58.55,220.00,8.00,M,29.94,M,5.00,M,M,M,M,M,M,M,M,M,M,M,M,M,M,M,M,90.58,VOTV 110640Z AUTO 22008KT 5SM 30/21 A2994 RMK T03000210 IEM_DS3505,M
VOTV,2004-02-11 07:40,76.9500,8.4667,86.00,69.80,58.55,260.00,10.00,M,29.91,M,5.00,M,M,M,M,M,M,M,M,M,M,M,M,M,M,M,M,90.58,VOTV 110740Z AUTO 26010KT 5SM 30/21 A2991 RMK T03000210 IEM_DS3505,M
VOTV,2004-02-11 11:40,76.9500,8.4667,91.40,71.60,52.48,210.00,4.00,M,29.85,M,5.00,M,M,M,M,M,M,M,M,M,M,M,M,M,M,M,M,98.64,VOTV 111140Z AUTO 21004KT 5SM 33/22 A2985 RMK T03300220 IEM_DS3505,M
VOTV,2004-02-11 12:40,76.9500,8.4667,84.20,71.60,65.95,130.00,6.00,M,29.85,M,M,M,M,M,M,M,M,M,M,M,M,M,M,M,M,M,M,89.60,VOTV 111240Z AUTO 13006KT 29/22 A2985 RMK T02900220 IEM_DS3505,M
VOTV,2004-02-11 13:40,76.9500,8.4667,84.20,73.40,70.08,0.00,0.00,M,29.88,M,M,M,M,M,M,M,M,M,M,M,M,M,M,M,M,M,M,90.94,VOTV 111340Z AUTO 00000KT 29/23 A2988 RMK T02900230 IEM_DS3505,M
VOTV,2004-02-11 16:40,76.9500,8.4667,80.60,73.40,78.76,0.00,0.00,M,29.94,M,4.00,M,M,M,M,M,M,M,M,M,M,M,M,M,M,M,M,85.32,VOTV 111640Z AUTO 00000KT 4SM 27/23 A2994 RMK T02700230 IEM_DS3505,M
VOTV,2004-02-11 21:40,76.9500,8.4667,78.80,71.60,78.62,0.00,0.00,M,29.88,M,4.00,M,M,M,M,M,M,M,M,M,M,M,M,M,M,M,M,81.70,VOTV 112140Z AUTO 00000KT 4SM 26/22 A2988 RMK T02600220 IEM_DS3505,M
VOTV,2004-02-11 23:40,76.9500,8.4667,77.00,71.60,83.44,0.00,0.00,M,29.88,M,2.50,M,M,M,M,M,M,M,M,M,M,M,M,M,M,M,M,78.32,VOTV 112340Z AUTO 00000KT 2 1/2SM 25/22 A2988 RMK T02500220 IEM_DS3505,M
VOTV,2004-02-12 00:40,76.9500,8.4667,77.00,71.60,83.44,0.00,0.00,M,29.88,M,2.00,M,M,M,M,M,M,M,M,M,M,M,M,M,M,M,M,78.32,VOTV 120040Z AUTO 00000KT 2SM 25/22 A2988 RMK T02500220 IEM_DS3505,M
VOTV,2004-02-12 01:40,76.9500,8.4667,77.00,71.60,83.44,0.00,0.00,M,29.91,M,2.00,M,M,M,M,M,M,M,M,M,M,M,M,M,M,M,M,78.32,VOTV 120140Z AUTO 00000KT 2SM 25/22 A2991 RMK T02500220 IEM_DS3505,M
VOTV,2004-02-12 03:40,76.9500,8.4667,84.20,71.60,65.95,0.00,0.00,M,29.94,M,M,M,M,M,M,M,M,M,M,M,M,M,M,M,M,M,M,89.60,VOTV 120340Z AUTO 00000KT 29/22 A2994 RMK T02900220 IEM_DS3505,M
VOTV,2004-02-12 04:40,76.9500,8.4667,87.80,69.80,55.29,0.00,0.00,M,29.94,M,M,M,M,M,M,M,M,M,M,M,M,M,M,M,M,M,M,92.71,VOTV 120440Z AUTO 00000KT 31/21 A2994 RMK T03100210 IEM_DS3505,M
VOTV,2004-02-12 05:40,76.9500,8.4667,87.80,69.80,55.29,240.00,6.00,M,29.94,M,M,M,M,M,M,M,M,M,M,M,M,M,M,M,M,M,M,92.71,VOTV 120540Z AUTO 24006KT 31/21 A2994 RMK T03100210 IEM_DS3505,M
VOTV,2004-02-12 06:40,76.9500,8.4667,87.80,68.00,51.98,250.00,8.00,M,29.91,M,5.00,M,M,M,M,M,M,M,M,M,M,M,M,M,M,M,M,91.43,VOTV 120640Z AUTO 25008KT 5SM 31/20 A2991 RMK T03100200 IEM_DS3505,M
VOTV,2004-02-12 10:40,76.9500,8.4667,87.80,66.20,48.84,220.00,2.00,M,29.83,M,5.00,M,M,M,M,M,M,M,M,M,M,M,M,M,M,M,M,90.31,VOTV 121040Z AUTO 22002KT 5SM 31/19 A2983 RMK T03100190 IEM_DS3505,M
VOTV,2004-02-12 13:40,76.9500,8.4667,84.20,69.80,62.03,0.00,0.00,M,29.85,M,M,M,M,M,M,M,M,M,M,M,M,M,M,M,M,M,M,88.43,VOTV 121340Z AUTO 00000KT 29/21 A2985 RMK T02900210 IEM_DS3505,M
VOTV,2004-02-12 14:40,76.9500,8.4667,84.20,71.60,65.95,0.00,0.00,M,29.88,M,2.50,M,M,M,M,M,M,M,M,M,M,M,M,M,M,M,M,89.60,VOTV 121440Z AUTO 00000KT 2 1/2SM 29/22 A2988 RMK T02900220 IEM_DS3505,M
VOTV,2004-02-12 16:40,76.9500,8.4667,82.40,71.60,69.90,0.00,0.00,M,29.91,M,2.50,M,M,M,M,M,M,M,M,M,M,M,M,M,M,M,M,87.18,VOTV 121640Z AUTO 00000KT 2 1/2SM 28/22 A2991 RMK T02800220 IEM_DS3505,M
VOTV,2004-02-12 17:40,76.9500,8.4667,80.60,71.60,74.11,0.00,0.00,M,29.91,M,2.50,M,M,M,M,M,M,M,M,M,M,M,M,M,M,M,M,84.57,VOTV 121740Z AUTO 00000KT 2 1/2SM 27/22 A2991 RMK T02700220 IEM_DS3505,M
VOTV,2004-02-12 18:40,76.9500,8.4667,80.60,71.60,74.11,0.00,0.00,M,29.91,M,2.50,M,M,M,M,M,M,M,M,M,M,M,M,M,M,M,M,84.57,VOTV 121840Z AUTO 00000KT 2 1/2SM 27/22 A2991 RMK T02700220 IEM_DS3505,M
VOTV,2004-02-13 00:40,76.9500,8.4667,78.80,73.40,83.55,0.00,0.00,M,29.85,M,2.50,M,M,M,M,M,M,M,M,M,M,M,M,M,M,M,M,82.03,VOTV 130040Z AUTO 00000KT 2 1/2SM 26/23 A2985 RMK T02600230 IEM_DS3505,M
VOTV,2004-02-13 02:40,76.9500,8.4667,80.60,71.60,74.11,80.00,4.00,M,29.91,M,1.25,M,M,M,M,M,M,M,M,M,M,M,M,M,M,M,M,84.57,VOTV 130240Z AUTO 08004KT 1 1/4SM 27/22 A2991 RMK T02700220 IEM_DS3505,M
VOTV,2004-02-13 05:40,76.9500,8.4667,M,M,M,90.00,4.00,M,M,M,4.00,M,M,M,M,M,M,M,M,M,M,M,M,M,M,M,M,M,VOTV 130540Z AUTO 09004KT 4SM RMK IEM_DS3505,M
VOTV,2004-02-13 06:40,76.9500,8.4667,87.80,71.60,58.78,60.00,5.00,M,29.91,M,M,M,M,M,M,M,M,M,M,M,M,M,M,M,M,M,M,94.18,VOTV 130640Z AUTO 06005KT 31/22 A2991 RMK T03100220 IEM_DS3505,M
VOTV,2004-02-13 07:40,76.9500,8.4667,M,M,M,210.00,5.00,M,M,M,4.00,M,M,M,M,M,M,M,M,M,M,M,M,M,M,M,M,M,VOTV 130740Z AUTO 21005KT 4SM RMK IEM_DS3505,M
VOTV,2004-02-13 08:40,76.9500,8.4667,M,M,M,210.00,4.00,M,M,M,4.00,M,M,M,M,M,M,M,M,M,M,M,M,M,M,M,M,M,VOTV 130840Z AUTO 21004KT 4SM RMK IEM_DS3505,M
VOTV,2004-02-13 09:40,76.9500,8.4667,M,M,M,200.00,4.00,M,M,M,4.00,M,M,M,M,M,M,M,M,M,M,M,M,M,M,M,M,M,VOTV 130940Z AUTO 20004KT 4SM RMK IEM_DS3505,M
VOTV,2004-02-13 10:40,76.9500,8.4667,M,M,M,220.00,4.00,M,M,M,4.00,M,M,M,M,M,M,M,M,M,M,M,M,M,M,M,M,M,VOTV 131040Z AUTO 22004KT 4SM RMK IEM_DS3505,M
VOTV,2004-02-13 11:40,76.9500,8.4667,M,M,M,230.00,4.00,M,M,M,4.00,M,M,M,M,M,M,M,M,M,M,M,M,M,M,M,M,M,VOTV 131140Z AUTO 23004KT 4SM RMK IEM_DS3505,M
VOTV,2004-02-13 12:40,76.9500,8.4667,84.20,73.40,70.08,210.00,4.00,M,29.80,M,M,M,M,M,M,M,M,M,M,M,M,M,M,M,M,M,M,90.94,VOTV 131240Z AUTO 21004KT 29/23 A2980 RMK T02900230 IEM_DS3505,M
VOTV,2004-02-13 14:40,76.9500,8.4667,84.20,75.20,74.44,0.00,0.00,M,29.85,M,2.50,M,M,M,M,M,M,M,M,M,M,M,M,M,M,M,M,92.45,VOTV 131440Z AUTO 00000KT 2 1/2SM 29/24 A2985 RMK T02900240 IEM_DS3505,M
VOTV,2004-02-13 15:40,76.9500,8.4667,84.20,75.20,74.44,0.00,0.00,M,29.85,M,2.50,M,M,M,M,M,M,M,M,M,M,M,M,M,M,M,M,92.45,VOTV 131540Z AUTO 00000KT 2 1/2SM 29/24 A2985 RMK T02900240 IEM_DS3505,M
VOTV,2004-02-13 23:40,76.9500,8.4667,78.80,66.20,65.33,0.00,0.00,M,29.80,M,2.50,M,M,M,M,M,M,M,M,M,M,M,M,M,M,M,M,80.82,VOTV 132340Z AUTO 00000KT 2 1/2SM 26/19 A2980 RMK T02600190 IEM_DS3505,M
VOTV,2004-02-14 00:40,76.9500,8.4667,78.80,64.40,61.36,0.00,0.00,M,29.83,M,2.50,M,M,M,M,M,M,M,M,M,M,M,M,M,M,M,M,80.56,VOTV 140040Z AUTO 00000KT 2 1/2SM 26/18 A2983 RMK T02600180 IEM_DS3505,M
VOTV,2004-02-14 01:40,76.9500,8.4667,77.00,64.40,65.12,0.00,0.00,M,29.83,M,2.00,M,M,M,M,M,M,M,M,M,M,M,M,M,M,M,M,77.00,VOTV 140140Z AUTO 00000KT 2SM 25/18 A2983 RMK T02500180 IEM_DS3505,M
VOTV,2004-02-14 02:40,76.9500,8.4667,80.60,62.60,54.30,0.00,0.00,M,29.85,M,2.50,M,M,M,M,M,M,M,M,M,M,M,M,M,M,M,M,81.84,VOTV 140240Z AUTO 00000KT 2 1/2SM 27/17 A2985 RMK T02700170 IEM_DS3505,M
VOTV,2004-02-14 03:40,76.9500,8.4667,84.20,62.60,48.32,10.00,4.00,M,29.88,M,M,M,M,M,M,M,M,M,M,M,M,M,M,M,M,M,M,85.03,VOTV 140340Z AUTO 01004KT 29/17 A2988 RMK T02900170 IEM_DS3505,M
VOTV,2004-02-14 04:40,76.9500,8.4667,89.60,64.40,43.34,0.00,0.00,M,29.88,M,5.00,M,M,M,M,M,M,M,M,M,M,M,M,M,M,M,M,91.23,VOTV 140440Z AUTO 00000KT 5SM 32/18 A2988 RMK T03200180 IEM_DS3505,M
VOTV,2004-02-14 05:40,76.9500,8.4667,87.80,69.80,55.29,0.00,0.00,M,29.88,M,7.00,M,M,M,M,M,M,M,M,M,M,M,M,M,M,M,M,92.71,VOTV 140540Z AUTO 00000KT 7SM 31/21 A2988 RMK T03100210 IEM_DS3505,M
VOTV,2004-02-14 06:40,76.9500,8.4667,87.80,66.20,48.84,220.00,5.00,M,29.85,M,7.00,M,M,M,M,M,M,M,M,M,M,M,M,M,M,M,M,90.31,VOTV 140640Z AUTO 22005KT 7SM 31/19 A2985 RMK T03100190 IEM_DS3505,M
VOTV,2004-02-14 07:40,76.9500,8.4667,87.80,66.20,48.84,200.00,5.00,M,29.83,M,7.00,M,M,M,M,M,M,M,M,M,M,M,M,M,M,M,M,90.31,VOTV 140740Z AUTO 20005KT 7SM 31/19 A2983 RMK T03100190 IEM_DS3505,M
VOTV,2004-02-14 08:40,76.9500,8.4667,87.80,66.20,48.84,260.00,5.00,M,29.80,M,7.00,M,M,M,M,M,M,M,M,M,M,M,M,M,M,M,M,90.31,VOTV 140840Z AUTO 26005KT 7SM 31/19 A2980 RMK T03100190 IEM_DS3505,M
VOTV,2004-02-14 09:40,76.9500,8.4667,87.80,66.20,48.84,220.00,6.00,M,29.80,M,7.00,M,M,M,M,M,M,M,M,M,M,M,M,M,M,M,M,90.31,VOTV 140940Z AUTO 22006KT 7SM 31/19 A2980 RMK T03100190 IEM_DS3505,M
VOTV,2004-02-14 10:40,76.9500,8.4667,69.80,66.20,88.34,240.00,7.00,M,29.80,M,7.00,M,M,M,M,M,M,M,M,M,M,M,M,M,M,M,M,69.80,VOTV 141040Z AUTO 24007KT 7SM 21/19 A2980 RMK T02100190 IEM_DS3505,M
VOTV,2004-02-14 11:40,76.9500,8.4667,68.00,66.20,93.97,200.00,4.00,M,29.77,M,7.00,M,M,M,M,M,M,M,M,M,M,M,M,M,M,M,M,68.00,VOTV 141140Z AUTO 20004KT 7SM 20/19 A2977 RMK T02000190 IEM_DS3505,M
VOTV,2004-02-14 12:40,76.9500,8.4667,M,M,M,230.00,4.00,M,29.80,M,M,M,M,M,M,M,M,M,M,M,M,M,M,M,M,M,M,M,VOTV 141240Z AUTO 23004KT A2980 RMK IEM_DS3505,M
VOTV,2004-02-14 14:40,76.9500,8.4667,84.20,68.00,58.32,260.00,3.00,M,29.83,M,M,M,M,M,M,M,M,M,M,M,M,M,M,M,M,M,M,87.40,VOTV 141440Z AUTO 26003KT 29/20 A2983 RMK T02900200 IEM_DS3505,M
VOTV,2004-02-14 15:40,76.9500,8.4667,84.20,71.60,65.95,270.00,3.00,M,29.85,M,2.50,M,M,M,M,M,M,M,M,M,M,M,M,M,M,M,M,89.60,VOTV 141540Z AUTO 27003KT 2 1/2SM 29/22 A2985 RMK T02900220 IEM_DS3505,M
VOTV,2004-02-14 16:40,76.9500,8.4667,82.40,73.40,74.28,40.00,3.00,M,29.85,M,2.50,M,M,M,M,M,M,M,M,M,M,M,M,M,M,M,M,88.26,VOTV 141640Z AUTO 04003KT 2 1/2SM 28/23 A2985 RMK T02800230 IEM_DS3505,M
VOTV,2004-02-15 01:40,76.9500,8.4667,75.20,68.00,78.34,0.00,0.00,M,29.85,M,2.00,M,M,M,M,M,M,M,M,M,M,M,M,M,M,M,M,75.20,VOTV 150140Z AUTO 00000KT 2SM 24/20 A2985 RMK T02400200 IEM_DS3505,M
VOTV,2004-02-15 04:40,76.9500,8.4667,87.80,66.20,48.84,220.00,4.00,M,29.91,M,M,M,M,M,M,M,M,M,M,M,M,M,M,M,M,M,M,90.31,VOTV 150440Z AUTO 22004KT 31/19 A2991 RMK T03100190 IEM_DS3505,M
VOTV,2004-02-15 05:40,76.9500,8.4667,87.80,66.20,48.84,200.00,5.00,M,29.88,M,5.00,M,M,M,M,M,M,M,M,M,M,M,M,M,M,M,M,90.31,VOTV 150540Z AUTO 20005KT 5SM 31/19 A2988 RMK T03100190 IEM_DS3505,M
VOTV,2004-02-15 06:40,76.9500,8.4667,87.80,64.40,45.88,230.00,4.00,M,29.85,M,5.00,M,M,M,M,M,M,M,M,M,M,M,M,M,M,M,M,89.33,VOTV 150640Z AUTO 23004KT 5SM 31/18 A2985 RMK T03100180 IEM_DS3505,M
VOTV,2004-02-15 07:40,76.9500,8.4667,87.80,64.40,45.88,220.00,4.00,M,29.83,M,5.00,M,M,M,M,M,M,M,M,M,M,M,M,M,M,M,M,89.33,VOTV 150740Z AUTO 22004KT 5SM 31/18 A2983 RMK T03100180 IEM_DS3505,M
VOTV,2004-02-15 08:40,76.9500,8.4667,87.80,66.20,48.84,260.00,4.00,M,29.80,M,5.00,M,M,M,M,M,M,M,M,M,M,M,M,M,M,M,M,90.31,VOTV 150840Z AUTO 26004KT 5SM 31/19 A2980 RMK T03100190 IEM_DS3505,M
VOTV,2004-02-15 09:40,76.9500,8.4667,87.80,69.80,55.29,260.00,3.00,M,29.77,M,5.00,M,M,M,M,M,M,M,M,M,M,M,M,M,M,M,M,92.71,VOTV 150940Z AUTO 26003KT 5SM 31/21 A2977 RMK T03100210 IEM_DS3505,M
VOTV,2004-02-15 10:40,76.9500,8.4667,87.80,71.60,58.78,250.00,4.00,M,29.77,M,5.00,M,M,M,M,M,M,M,M,M,M,M,M,M,M,M,M,94.18,VOTV 151040Z AUTO 25004KT 5SM 31/22 A2977 RMK T03100220 IEM_DS3505,M
VOTV,2004-02-15 11:40,76.9500,8.4667,87.80,69.80,55.29,220.00,4.00,M,29.77,M,5.00,M,M,M,M,M,M,M,M,M,M,M,M,M,M,M,M,92.71,VOTV 151140Z AUTO 22004KT 5SM 31/21 A2977 RMK T03100210 IEM_DS3505,M
VOTV,2004-02-15 12:40,76.9500,8.4667,86.00,68.00,55.04,210.00,4.00,M,29.80,M,M,M,M,M,M,M,M,M,M,M,M,M,M,M,M,M,M,89.41,VOTV 151240Z AUTO 21004KT 30/20 A2980 RMK T03000200 IEM_DS3505,M
VOTV,2004-02-15 14:40,76.9500,8.4667,84.20,68.00,58.32,260.00,3.00,M,29.83,M,M,M,M,M,M,M,M,M,M,M,M,M,M,M,M,M,M,87.40,VOTV 151440Z AUTO 26003KT 29/20 A2983 RMK T02900200 IEM_DS3505,M
VOTV,2004-02-15 17:40,76.9500,8.4667,78.80,69.80,73.95,280.00,3.00,M,29.88,M,3.00,M,M,M,M,M,M,M,M,M,M,M,M,M,M,M,M,81.39,VOTV 151740Z AUTO 28003KT 3SM 26/21 A2988 RMK T02600210 IEM_DS3505,M
VOTV,2004-02-16 00:40,76.9500,8.4667,73.40,69.80,88.51,60.00,3.00,M,29.85,M,2.00,M,M,M,M,M,M,M,M,M,M,M,M,M,M,M,M,74.60,VOTV 160040Z AUTO 06003KT 2SM 23/21 A2985 RMK T02300210 IEM_DS3505,M
VOTV,2004-02-16 01:40,76.9500,8.4667,73.40,64.40,73.44,270.00,3.00,M,29.88,M,2.00,M,M,M,M,M,M,M,M,M,M,M,M,M,M,M,M,73.40,VOTV 160140Z AUTO 27003KT 2SM 23/18 A2988 RMK T02300180 IEM_DS3505,M
VOTV,2004-02-16 04:40,76.9500,8.4667,86.00,62.60,45.61,270.00,5.00,M,29.91,M,M,M,M,M,M,M,M,M,M,M,M,M,M,M,M,M,M,86.72,VOTV 160440Z AUTO 27005KT 30/17 A2991 RMK T03000170 IEM_DS3505,M
VOTV,2004-02-16 05:40,76.9500,8.4667,86.00,64.40,48.58,280.00,6.00,M,29.88,M,5.00,M,M,M,M,M,M,M,M,M,M,M,M,M,M,M,M,87.49,VOTV 160540Z AUTO 28006KT 5SM 30/18 A2988 RMK T03000180 IEM_DS3505,M
VOTV,2004-02-16 06:40,76.9500,8.4667,86.00,60.80,42.80,240.00,6.00,M,29.85,M,5.00,M,M,M,M,M,M,M,M,M,M,M,M,M,M,M,M,86.05,VOTV 160640Z AUTO 24006KT 5SM 30/16 A2985 RMK T03000160 IEM_DS3505,M
VOTV,2004-02-16 10:40,76.9500,8.4667,87.80,60.80,40.41,220.00,4.00,M,29.77,M,5.00,M,M,M,M,M,M,M,M,M,M,M,M,M,M,M,M,87.75,VOTV 161040Z AUTO 22004KT 5SM 31/16 A2977 RMK T03100160 IEM_DS3505,M
VOTV,2004-02-16 11:40,76.9500,8.4667,87.80,60.80,40.41,170.00,4.00,M,29.77,M,M,M,M,M,M,M,M,M,M,M,M,M,M,M,M,M,M,87.75,VOTV 161140Z AUTO 17004KT 31/16 A2977 RMK T03100160 IEM_DS3505,M
VOTV,2004-02-16 12:40,76.9500,8.4667,87.80,64.40,45.88,170.00,4.00,M,29.80,M,M,M,M,M,M,M,M,M,M,M,M,M,M,M,M,M,M,89.33,VOTV 161240Z AUTO 17004KT 31/18 A2980 RMK T03100180 IEM_DS3505,M
VOTV,2004-02-16 13:40,76.9500,8.4667,84.20,68.00,58.32,170.00,4.00,M,29.83,M,M,M,M,M,M,M,M,M,M,M,M,M,M,M,M,M,M,87.40,VOTV 161340Z AUTO 17004KT 29/20 A2983 RMK T02900200 IEM_DS3505,M
VOTV,2004-02-16 14:40,76.9500,8.4667,84.20,69.80,62.03,160.00,4.00,M,29.85,M,3.00,M,M,M,M,M,M,M,M,M,M,M,M,M,M,M,M,88.43,VOTV 161440Z AUTO 16004KT 3SM 29/21 A2985 RMK T02900210 IEM_DS3505,M
VOTV,2004-02-16 15:40,76.9500,8.4667,80.60,66.20,61.58,100.00,3.00,M,29.88,M,3.00,M,M,M,M,M,M,M,M,M,M,M,M,M,M,M,M,82.75,VOTV 161540Z AUTO 10003KT 3SM 27/19 A2988 RMK T02700190 IEM_DS3505,M
VOTV,2004-02-16 16:40,76.9500,8.4667,80.60,69.80,69.71,100.00,3.00,M,29.91,M,2.00,M,M,M,M,M,M,M,M,M,M,M,M,M,M,M,M,83.90,VOTV 161640Z AUTO 10003KT 2SM 27/21 A2991 RMK T02700210 IEM_DS3505,M
VOTV,2004-02-16 23:40,76.9500,8.4667,75.20,68.00,78.34,0.00,0.00,M,29.80,M,2.00,M,M,M,M,M,M,M,M,M,M,M,M,M,M,M,M,75.20,VOTV 162340Z AUTO 00000KT 2SM 24/20 A2980 RMK T02400200 IEM_DS3505,M
VOTV,2004-02-17 00:40,76.9500,8.4667,71.60,59.00,64.48,100.00,3.00,M,29.83,M,2.00,M,M,M,M,M,M,M,M,M,M,M,M,M,M,M,M,71.60,VOTV 170040Z AUTO 10003KT 2SM 22/15 A2983 RMK T02200150 IEM_DS3505,M
VOTV,2004-02-17 06:40,76.9500,8.4667,89.60,68.00,49.10,270.00,4.00,M,29.83,M,5.00,M,M,M,M,M,M,M,M,M,M,M,M,M,M,M,M,93.47,VOTV 170640Z AUTO 27004KT 5SM 32/20 A2983 RMK T03200200 IEM_DS3505,M
VOTV,2004-02-17 07:40,76.9500,8.4667,87.80,66.20,48.84,180.00,5.00,M,29.80,M,5.00,M,M,M,M,M,M,M,M,M,M,M,M,M,M,M,M,90.31,VOTV 170740Z AUTO 18005KT 5SM 31/19 A2980 RMK T03100190 IEM_DS3505,M
VOTV,2004-02-17 08:40,76.9500,8.4667,89.60,69.80,52.23,220.00,4.00,M,29.77,M,5.00,M,M,M,M,M,M,M,M,M,M,M,M,M,M,M,M,94.85,VOTV 170840Z AUTO 22004KT 5SM 32/21 A2977 RMK T03200210 IEM_DS3505,M
VOTV,2004-02-17 09:40,76.9500,8.4667,87.80,69.80,55.29,210.00,5.00,M,29.77,M,5.00,M,M,M,M,M,M,M,M,M,M,M,M,M,M,M,M,92.71,VOTV 170940Z AUTO 21005KT 5SM 31/21 A2977 RMK T03100210 IEM_DS3505,M
VOTV,2004-02-17 12:40,76.9500,8.4667,86.00,69.80,58.55,170.00,4.00,M,29.77,M,M,M,M,M,M,M,M,M,M,M,M,M,M,M,M,M,M,90.58,VOTV 171240Z AUTO 17004KT 30/21 A2977 RMK T03000210 IEM_DS3505,M
VOTV,2004-02-17 13:40,76.9500,8.4667,84.20,69.80,62.03,230.00,4.00,M,29.80,M,M,M,M,M,M,M,M,M,M,M,M,M,M,M,M,M,M,88.43,VOTV 171340Z AUTO 23004KT 29/21 A2980 RMK T02900210 IEM_DS3505,M
VOTV,2004-02-17 14:40,76.9500,8.4667,84.20,66.20,54.80,230.00,4.00,M,29.83,M,M,M,M,M,M,M,M,M,M,M,M,M,M,M,M,M,M,86.50,VOTV 171440Z AUTO 23004KT 29/19 A2983 RMK T02900190 IEM_DS3505,M
VOTV,2004-02-17 15:40,76.9500,8.4667,82.40,69.80,65.74,210.00,4.00,M,29.85,M,2.50,M,M,M,M,M,M,M,M,M,M,M,M,M,M,M,M,86.22,VOTV 171540Z AUTO 21004KT 2 1/2SM 28/21 A2985 RMK T02800210 IEM_DS3505,M
VOTV,2004-02-17 16:40,76.9500,8.4667,80.60,66.20,61.58,70.00,3.00,M,29.85,M,2.50,M,M,M,M,M,M,M,M,M,M,M,M,M,M,M,M,82.75,VOTV 171640Z AUTO 07003KT 2 1/2SM 27/19 A2985 RMK T02700190 IEM_DS3505,M
VOTV,2004-02-17 17:40,76.9500,8.4667,80.60,64.40,57.84,80.00,3.00,M,29.88,M,2.50,M,M,M,M,M,M,M,M,M,M,M,M,M,M,M,M,82.27,VOTV 171740Z AUTO 08003KT 2 1/2SM 27/18 A2988 RMK T02700180 IEM_DS3505,M
VOTV,2004-02-17 18:40,76.9500,8.4667,78.80,62.60,57.60,130.00,4.00,M,29.85,M,2.50,M,M,M,M,M,M,M,M,M,M,M,M,M,M,M,M,80.31,VOTV 171840Z AUTO 13004KT 2 1/2SM 26/17 A2985 RMK T02600170 IEM_DS3505,M
VOTV,2004-02-18 01:40,76.9500,8.4667,73.40,60.80,64.69,260.00,3.00,M,29.83,M,2.00,M,M,M,M,M,M,M,M,M,M,M,M,M,M,M,M,73.40,VOTV 180140Z AUTO 26003KT 2SM 23/16 A2983 RMK T02300160 IEM_DS3505,M
VOTV,2004-02-18 02:40,76.9500,8.4667,75.20,60.80,60.90,80.00,3.00,M,29.85,M,2.00,M,M,M,M,M,M,M,M,M,M,M,M,M,M,M,M,75.20,VOTV 180240Z AUTO 08003KT 2SM 24/16 A2985 RMK T02400160 IEM_DS3505,M
VOTV,2004-02-18 03:40,76.9500,8.4667,80.60,59.00,47.79,50.00,3.00,M,29.85,M,2.50,M,M,M,M,M,M,M,M,M,M,M,M,M,M,M,M,81.11,VOTV 180340Z AUTO 05003KT 2 1/2SM 27/15 A2985 RMK T02700150 IEM_DS3505,M
VOTV,2004-02-18 04:40,76.9500,8.4667,84.20,66.20,54.80,300.00,3.00,M,29.85,M,M,M,M,M,M,M,M,M,M,M,M,M,M,M,M,M,M,86.50,VOTV 180440Z AUTO 30003KT 29/19 A2985 RMK T02900190 IEM_DS3505,M
VOTV,2004-02-18 06:40,76.9500,8.4667,86.00,64.40,48.58,210.00,4.00,M,29.83,M,7.00,M,M,M,M,M,M,M,M,M,M,M,M,M,M,M,M,87.49,VOTV 180640Z AUTO 21004KT 7SM 30/18 A2983 RMK T03000180 IEM_DS3505,M
VOTV,2004-02-18 07:40,76.9500,8.4667,87.80,64.40,45.88,240.00,3.00,M,29.80,M,7.00,M,M,M,M,M,M,M,M,M,M,M,M,M,M,M,M,89.33,VOTV 180740Z AUTO 24003KT 7SM 31/18 A2980 RMK T03100180 IEM_DS3505,M
VOTV,2004-02-18 08:40,76.9500,8.4667,87.80,62.60,43.07,230.00,4.00,M,29.77,M,7.00,M,M,M,M,M,M,M,M,M,M,M,M,M,M,M,M,88.48,VOTV 180840Z AUTO 23004KT 7SM 31/17 A2977 RMK T03100170 IEM_DS3505,M
VOTV,2004-02-18 09:40,76.9500,8.4667,87.80,68.00,51.98,190.00,4.00,M,29.74,M,7.00,M,M,M,M,M,M,M,M,M,M,M,M,M,M,M,M,91.43,VOTV 180940Z AUTO 19004KT 7SM 31/20 A2974 RMK T03100200 IEM_DS3505,M
VOTV,2004-02-18 10:40,76.9500,8.4667,87.80,64.40,45.88,260.00,3.00,M,29.74,M,5.00,M,M,M,M,M,M,M,M,M,M,M,M,M,M,M,M,89.33,VOTV 181040Z AUTO 26003KT 5SM 31/18 A2974 RMK T03100180 IEM_DS3505,M
VOTV,2004-02-18 11:40,76.9500,8.4667,86.00,69.80,58.55,220.00,4.00,M,29.74,M,5.00,M,M,M,M,M,M,M,M,M,M,M,M,M,M,M,M,90.58,VOTV 181140Z AUTO 22004KT 5SM 30/21 A2974 RMK T03000210 IEM_DS3505,M
VOTV,2004-02-18 12:40,76.9500,8.4667,84.20,69.80,62.03,220.00,4.00,M,29.77,M,M,M,M,M,M,M,M,M,M,M,M,M,M,M,M,M,M,88.43,VOTV 181240Z AUTO 22004KT 29/21 A2977 RMK T02900210 IEM_DS3505,M
VOTV,2004-02-18 13:40,76.9500,8.4667,82.40,69.80,65.74,210.00,5.00,M,29.77,M,M,M,M,M,M,M,M,M,M,M,M,M,M,M,M,M,M,86.22,VOTV 181340Z AUTO 21005KT 28/21 A2977 RMK T02800210 IEM_DS3505,M
VOTV,2004-02-18 15:40,76.9500,8.4667,82.40,73.40,74.28,230.00,4.00,M,29.83,M,4.00,M,M,M,M,M,M,M,M,M,M,M,M,M,M,M,M,88.26,VOTV 181540Z AUTO 23004KT 4SM 28/23 A2983 RMK T02800230 IEM_DS3505,M
VOTV,2004-02-18 17:40,76.9500,8.4667,78.80,71.60,78.62,100.00,4.00,M,29.85,M,4.00,M,M,M,M,M,M,M,M,M,M,M,M,M,M,M,M,81.70,VOTV 181740Z AUTO 10004KT 4SM 26/22 A2985 RMK T02600220 IEM_DS3505,M
VOTV,2004-02-19 01:40,76.9500,8.4667,75.20,68.00,78.34,40.00,3.00,M,29.85,M,2.50,M,M,M,M,M,M,M,M,M,M,M,M,M,M,M,M,75.20,VOTV 190140Z AUTO 04003KT 2 1/2SM 24/20 A2985 RMK T02400200 IEM_DS3505,M
VOTV,2004-02-19 02:40,76.9500,8.4667,78.80,68.00,69.52,80.00,3.00,M,29.85,M,1.50,M,M,M,M,M,M,M,M,M,M,M,M,M,M,M,M,81.10,VOTV 190240Z AUTO 08003KT 1 1/2SM 26/20 A2985 RMK T02600200 IEM_DS3505,M
VOTV,2004-02-19 06:40,76.9500,8.4667,86.00,69.80,58.55,220.00,4.00,M,29.85,M,M,M,M,M,M,M,M,M,M,M,M,M,M,M,M,M,M,90.58,VOTV 190640Z AUTO 22004KT 30/21 A2985 RMK T03000210 IEM_DS3505,M
VOTV,2004-02-19 07:40,76.9500,8.4667,86.00,66.20,51.72,250.00,4.00,M,29.83,M,5.00,M,M,M,M,M,M,M,M,M,M,M,M,M,M,M,M,88.39,VOTV 190740Z AUTO 25004KT 5SM 30/19 A2983 RMK T03000190 IEM_DS3505,M
VOTV,2004-02-19 08:40,76.9500,8.4667,86.00,66.20,51.72,230.00,4.00,M,29.80,M,5.00,M,M,M,M,M,M,M,M,M,M,M,M,M,M,M,M,88.39,VOTV 190840Z AUTO 23004KT 5SM 30/19 A2980 RMK T03000190 IEM_DS3505,M
VOTV,2004-02-19 09:40,76.9500,8.4667,87.80,68.00,51.98,250.00,4.00,M,29.77,M,5.00,M,M,M,M,M,M,M,M,M,M,M,M,M,M,M,M,91.43,VOTV 190940Z AUTO 25004KT 5SM 31/20 A2977 RMK T03100200 IEM_DS3505,M
VOTV,2004-02-19 11:40,76.9500,8.4667,86.00,69.80,58.55,240.00,4.00,M,29.77,M,5.00,M,M,M,M,M,M,M,M,M,M,M,M,M,M,M,M,90.58,VOTV 191140Z AUTO 24004KT 5SM 30/21 A2977 RMK T03000210 IEM_DS3505,M
VOTV,2004-02-19 12:40,76.9500,8.4667,84.20,69.80,62.03,240.00,4.00,M,29.77,M,M,M,M,M,M,M,M,M,M,M,M,M,M,M,M,M,M,88.43,VOTV 191240Z AUTO 24004KT 29/21 A2977 RMK T02900210 IEM_DS3505,M
VOTV,2004-02-19 13:40,76.9500,8.4667,84.20,69.80,62.03,230.00,4.00,M,29.80,M,M,M,M,M,M,M,M,M,M,M,M,M,M,M,M,M,M,88.43,VOTV 191340Z AUTO 23004KT 29/21 A2980 RMK T02900210 IEM_DS3505,M
VOTV,2004-02-19 15:40,76.9500,8.4667,84.20,69.80,62.03,210.00,2.00,M,29.85,M,2.50,M,M,M,M,M,M,M,M,M,M,M,M,M,M,M,M,88.43,VOTV 191540Z AUTO 21002KT 2 1/2SM 29/21 A2985 RMK T02900210 IEM_DS3505,M
VOTV,2004-02-19 16:40,76.9500,8.4667,84.20,73.40,70.08,140.00,3.00,M,29.85,M,2.50,M,M,M,M,M,M,M,M,M,M,M,M,M,M,M,M,90.94,VOTV 191640Z AUTO 14003KT 2 1/2SM 29/23 A2985 RMK T02900230 IEM_DS3505,M
VOTV,2004-02-19 17:40,76.9500,8.4667,84.20,71.60,65.95,160.00,3.00,M,29.85,M,2.50,M,M,M,M,M,M,M,M,M,M,M,M,M,M,M,M,89.60,VOTV 191740Z AUTO 16003KT 2 1/2SM 29/22 A2985 RMK T02900220 IEM_DS3505,M
VOTV,2004-02-19 23:40,76.9500,8.4667,78.80,71.60,78.62,310.00,2.00,M,29.80,M,2.00,M,M,M,M,M,M,M,M,M,M,M,M,M,M,M,M,81.70,VOTV 192340Z AUTO 31002KT 2SM 26/22 A2980 RMK T02600220 IEM_DS3505,M
VOTV,2004-02-20 00:40,76.9500,8.4667,77.00,71.60,83.44,0.00,0.00,M,29.83,M,2.00,M,M,M,M,M,M,M,M,M,M,M,M,M,M,M,M,78.32,VOTV 200040Z AUTO 00000KT 2SM 25/22 A2983 RMK T02500220 IEM_DS3505,M
VOTV,2004-02-20 01:40,76.9500,8.4667,77.00,69.80,78.48,0.00,0.00,M,29.85,M,1.00,M,M,M,M,M,M,M,M,M,M,M,M,M,M,M,M,78.09,VOTV 200140Z AUTO 00000KT 1SM 25/21 A2985 RMK T02500210 IEM_DS3505,M
VOTV,2004-02-20 04:40,76.9500,8.4667,86.00,71.60,62.25,260.00,4.00,M,29.88,M,M,M,M,M,M,M,M,M,M,M,M,M,M,M,M,M,M,91.92,VOTV 200440Z AUTO 26004KT 30/22 A2988 RMK T03000220 IEM_DS3505,M
VOTV,2004-02-20 06:40,76.9500,8.4667,86.00,66.20,51.72,220.00,4.00,M,29.85,M,5.00,M,M,M,M,M,M,M,M,M,M,M,M,M,M,M,M,88.39,VOTV 200640Z AUTO 22004KT 5SM 30/19 A2985 RMK T03000190 IEM_DS3505,M
VOTV,2004-02-20 09:40,76.9500,8.4667,87.80,69.80,55.29,250.00,5.00,M,29.77,M,5.00,M,M,M,M,M,M,M,M,M,M,M,M,M,M,M,M,92.71,VOTV 200940Z AUTO 25005KT 5SM 31/21 A2977 RMK T03100210 IEM_DS3505,M
VOTV,2004-02-20 10:40,76.9500,8.4667,86.00,69.80,58.55,240.00,5.00,M,29.77,M,5.00,M,M,M,M,M,M,M,M,M,M,M,M,M,M,M,M,90.58,VOTV 201040Z AUTO 24005KT 5SM 30/21 A2977 RMK T03000210 IEM_DS3505,M
VOTV,2004-02-20 12:40,76.9500,8.4667,86.00,71.60,62.25,180.00,4.00,M,29.80,M,M,M,M,M,M,M,M,M,M,M,M,M,M,M,M,M,M,91.92,VOTV 201240Z AUTO 18004KT 30/22 A2980 RMK T03000220 IEM_DS3505,M
VOTV,2004-02-20 14:40,76.9500,8.4667,84.20,71.60,65.95,270.00,4.00,M,29.85,M,M,M,M,M,M,M,M,M,M,M,M,M,M,M,M,M,M,89.60,VOTV 201440Z AUTO 27004KT 29/22 A2985 RMK T02900220 IEM_DS3505,M
VOTV,2004-02-20 16:40,76.9500,8.4667,82.40,71.60,69.90,90.00,4.00,M,29.88,M,2.50,M,M,M,M,M,M,M,M,M,M,M,M,M,M,M,M,87.18,VOTV 201640Z AUTO 09004KT 2 1/2SM 28/22 A2988 RMK T02800220 IEM_DS3505,M
VOTV,2004-02-20 23:40,76.9500,8.4667,77.00,71.60,83.44,20.00,3.00,M,29.83,M,2.50,M,M,M,M,M,M,M,M,M,M,M,M,M,M,M,M,78.32,VOTV 202340Z AUTO 02003KT 2 1/2SM 25/22 A2983 RMK T02500220 IEM_DS3505,M
VOTV,2004-02-21 01:40,76.9500,8.4667,75.20,69.80,83.32,0.00,0.00,M,29.85,M,1.25,M,M,M,M,M,M,M,M,M,M,M,M,M,M,M,M,76.34,VOTV 210140Z AUTO 00000KT 1 1/4SM 24/21 A2985 RMK T02400210 IEM_DS3505,M
VOTV,2004-02-21 04:40,76.9500,8.4667,86.00,71.60,62.25,210.00,3.00,M,29.88,M,M,M,M,M,M,M,M,M,M,M,M,M,M,M,M,M,M,91.92,VOTV 210440Z AUTO 21003KT 30/22 A2988 RMK T03000220 IEM_DS3505,M
VOTV,2004-02-21 06:40,76.9500,8.4667,86.00,68.00,55.04,210.00,4.00,M,29.85,M,M,M,M,M,M,M,M,M,M,M,M,M,M,M,M,M,M,89.41,VOTV 210640Z AUTO 21004KT 30/20 A2985 RMK T03000200 IEM_DS3505,M
VOTV,2004-02-21 07:40,76.9500,8.4667,87.80,69.80,55.29,210.00,5.00,M,29.83,M,5.00,M,M,M,M,M,M,M,M,M,M,M,M,M,M,M,M,92.71,VOTV 210740Z AUTO 21005KT 5SM 31/21 A2983 RMK T03100210 IEM_DS3505,M
VOTV,2004-02-21 09:40,76.9500,8.4667,86.00,69.80,58.55,180.00,3.00,M,29.77,M,5.00,M,M,M,M,M,M,M,M,M,M,M,M,M,M,M,M,90.58,VOTV 210940Z AUTO 18003KT 5SM 30/21 A2977 RMK T03000210 IEM_DS3505,M
VOTV,2004-02-21 12:40,76.9500,8.4667,M,M,M,260.00,4.00,M,M,M,4.00,M,M,M,M,M,M,M,M,M,M,M,M,M,M,M,M,M,VOTV 211240Z AUTO 26004KT 4SM RMK IEM_DS3505,M
VOTV,2004-02-21 14:40,76.9500,8.4667,84.20,69.80,62.03,250.00,4.00,M,29.83,M,2.50,M,M,M,M,M,M,M,M,M,M,M,M,M,M,M,M,88.43,VOTV 211440Z AUTO 25004KT 2 1/2SM 29/21 A2983 RMK T02900210 IEM_DS3505,M
VOTV,2004-02-21 15:40,76.9500,8.4667,82.40,69.80,65.74,250.00,3.00,M,29.85,M,2.50,M,M,M,M,M,M,M,M,M,M,M,M,M,M,M,M,86.22,VOTV 211540Z AUTO 25003KT 2 1/2SM 28/21 A2985 RMK T02800210 IEM_DS3505,M
VOTV,2004-02-22 03:40,76.9500,8.4667,82.40,64.40,54.55,20.00,3.00,M,29.88,M,M,M,M,M,M,M,M,M,M,M,M,M,M,M,M,M,M,83.98,VOTV 220340Z AUTO 02003KT 28/18 A2988 RMK T02800180 IEM_DS3505,M
VOTV,2004-02-22 05:40,76.9500,8.4667,89.60,68.00,49.10,30.00,30.00,M,29.88,M,6.00,M,M,M,M,M,M,M,M,M,M,M,M,M,M,M,M,93.47,VOTV 220540Z AUTO 03030KT 6SM 32/20 A2988 RMK T03200200 IEM_DS3505,M
VOTV,2004-02-22 06:40,76.9500,8.4667,86.00,68.00,55.04,200.00,4.00,M,29.85,M,6.00,M,M,M,M,M,M,M,M,M,M,M,M,M,M,M,M,89.41,VOTV 220640Z AUTO 20004KT 6SM 30/20 A2985 RMK T03000200 IEM_DS3505,M
VOTV,2004-02-22 07:40,76.9500,8.4667,86.00,66.20,51.72,240.00,4.00,M,29.83,M,7.00,M,M,M,M,M,M,M,M,M,M,M,M,M,M,M,M,88.39,VOTV 220740Z AUTO 24004KT 7SM 30/19 A2983 RMK T03000190 IEM_DS3505,M
VOTV,2004-02-22 08:40,76.9500,8.4667,87.80,64.40,45.88,210.00,5.00,M,29.80,M,7.00,M,M,M,M,M,M,M,M,M,M,M,M,M,M,M,M,89.33,VOTV 220840Z AUTO 21005KT 7SM 31/18 A2980 RMK T03100180 IEM_DS3505,M
VOTV,2004-02-22 09:40,76.9500,8.4667,87.80,64.40,45.88,210.00,6.00,M,29.77,M,7.00,M,M,M,M,M,M,M,M,M,M,M,M,M,M,M,M,89.33,VOTV 220940Z AUTO 21006KT 7SM 31/18 A2977 RMK T03100180 IEM_DS3505,M
VOTV,2004-02-22 10:40,76.9500,8.4667,87.80,64.40,45.88,220.00,6.00,M,29.77,M,7.00,M,M,M,M,M,M,M,M,M,M,M,M,M,M,M,M,89.33,VOTV 221040Z AUTO 22006KT 7SM 31/18 A2977 RMK T03100180 IEM_DS3505,M
VOTV,2004-02-22 11:40,76.9500,8.4667,87.80,64.40,45.88,240.00,5.00,M,29.77,M,5.00,M,M,M,M,M,M,M,M,M,M,M,M,M,M,M,M,89.33,VOTV 221140Z AUTO 24005KT 5SM 31/18 A2977 RMK T03100180 IEM_DS3505,M
VOTV,2004-02-22 12:40,76.9500,8.4667,86.00,64.40,48.58,180.00,5.00,M,29.77,M,M,M,M,M,M,M,M,M,M,M,M,M,M,M,M,M,M,87.49,VOTV 221240Z AUTO 18005KT 30/18 A2977 RMK T03000180 IEM_DS3505,M
VOTV,2004-02-22 13:40,76.9500,8.4667,84.20,68.00,58.32,150.00,4.00,M,29.77,M,M,M,M,M,M,M,M,M,M,M,M,M,M,M,M,M,M,87.40,VOTV 221340Z AUTO 15004KT 29/20 A2977 RMK T02900200 IEM_DS3505,M
VOTV,2004-02-22 14:40,76.9500,8.4667,84.20,71.60,65.95,180.00,4.00,M,29.80,M,2.50,M,M,M,M,M,M,M,M,M,M,M,M,M,M,M,M,89.60,VOTV 221440Z AUTO 18004KT 2 1/2SM 29/22 A2980 RMK T02900220 IEM_DS3505,M
VOTV,2004-02-22 15:40,76.9500,8.4667,82.40,73.40,74.28,350.00,3.00,M,29.83,M,2.50,M,M,M,M,M,M,M,M,M,M,M,M,M,M,M,M,88.26,VOTV 221540Z AUTO 35003KT 2 1/2SM 28/23 A2983 RMK T02800230 IEM_DS3505,M
VOTV,2004-02-22 23:40,76.9500,8.4667,75.20,64.40,69.14,0.00,0.00,M,29.80,M,2.50,M,M,M,M,M,M,M,M,M,M,M,M,M,M,M,M,75.20,VOTV 222340Z AUTO 00000KT 2 1/2SM 24/18 A2980 RMK T02400180 IEM_DS3505,M
VOTV,2004-02-23 00:40,76.9500,8.4667,73.40,64.40,73.44,0.00,0.00,M,29.83,M,1.50,M,M,M,M,M,M,M,M,M,M,M,M,M,M,M,M,73.40,VOTV 230040Z AUTO 00000KT 1 1/2SM 23/18 A2983 RMK T02300180 IEM_DS3505,M
VOTV,2004-02-23 01:40,76.9500,8.4667,73.40,66.20,78.19,0.00,0.00,M,29.83,M,1.50,M,M,M,M,M,M,M,M,M,M,M,M,M,M,M,M,73.40,VOTV 230140Z AUTO 00000KT 1 1/2SM 23/19 A2983 RMK T02300190 IEM_DS3505,M
VOTV,2004-02-23 03:40,76.9500,8.4667,86.00,64.40,48.58,30.00,4.00,M,29.88,M,M,M,M,M,M,M,M,M,M,M,M,M,M,M,M,M,M,87.49,VOTV 230340Z AUTO 03004KT 30/18 A2988 RMK T03000180 IEM_DS3505,M
VOTV,2004-02-23 04:40,76.9500,8.4667,86.00,64.40,48.58,200.00,4.00,M,29.88,M,5.00,M,M,M,M,M,M,M,M,M,M,M,M,M,M,M,M,87.49,VOTV 230440Z AUTO 20004KT 5SM 30/18 A2988 RMK T03000180 IEM_DS3505,M
VOTV,2004-02-23 05:40,76.9500,8.4667,87.80,64.40,45.88,240.00,4.00,M,29.88,M,7.00,M,M,M,M,M,M,M,M,M,M,M,M,M,M,M,M,89.33,VOTV 230540Z AUTO 24004KT 7SM 31/18 A2988 RMK T03100180 IEM_DS3505,M
VOTV,2004-02-23 06:40,76.9500,8.4667,87.80,64.40,45.88,230.00,5.00,M,29.85,M,7.00,M,M,M,M,M,M,M,M,M,M,M,M,M,M,M,M,89.33,VOTV 230640Z AUTO 23005KT 7SM 31/18 A2985 RMK T03100180 IEM_DS3505,M
VOTV,2004-02-23 07:40,76.9500,8.4667,87.80,66.20,48.84,220.00,4.00,M,29.83,M,7.00,M,M,M,M,M,M,M,M,M,M,M,M,M,M,M,M,90.31,VOTV 230740Z AUTO 22004KT 7SM 31/19 A2983 RMK T03100190 IEM_DS3505,M
VOTV,2004-02-23 08:40,76.9500,8.4667,87.80,66.20,48.84,250.00,4.00,M,29.80,M,7.00,M,M,M,M,M,M,M,M,M,M,M,M,M,M,M,M,90.31,VOTV 230840Z AUTO 25004KT 7SM 31/19 A2980 RMK T03100190 IEM_DS3505,M
VOTV,2004-02-23 09:40,76.9500,8.4667,87.80,66.20,48.84,220.00,6.00,M,29.80,M,5.00,M,M,M,M,M,M,M,M,M,M,M,M,M,M,M,M,90.31,VOTV 230940Z AUTO 22006KT 5SM 31/19 A2980 RMK T03100190 IEM_DS3505,M
VOTV,2004-02-23 11:40,76.9500,8.4667,87.80,68.00,51.98,190.00,4.00,M,29.77,M,5.00,M,M,M,M,M,M,M,M,M,M,M,M,M,M,M,M,91.43,VOTV 231140Z AUTO 19004KT 5SM 31/20 A2977 RMK T03100200 IEM_DS3505,M
VOTV,2004-02-23 12:40,76.9500,8.4667,86.00,69.80,58.55,230.00,3.00,M,29.80,M,M,M,M,M,M,M,M,M,M,M,M,M,M,M,M,M,M,90.58,VOTV 231240Z AUTO 23003KT 30/21 A2980 RMK T03000210 IEM_DS3505,M
VOTV,2004-02-23 13:40,76.9500,8.4667,84.20,69.80,62.03,270.00,3.00,M,29.83,M,M,M,M,M,M,M,M,M,M,M,M,M,M,M,M,M,M,88.43,VOTV 231340Z AUTO 27003KT 29/21 A2983 RMK T02900210 IEM_DS3505,M
VOTV,2004-02-23 14:40,76.9500,8.4667,84.20,71.60,65.95,260.00,4.00,M,29.85,M,M,M,M,M,M,M,M,M,M,M,M,M,M,M,M,M,M,89.60,VOTV 231440Z AUTO 26004KT 29/22 A2985 RMK T02900220 IEM_DS3505,M
VOTV,2004-02-23 15:40,76.9500,8.4667,84.20,69.80,62.03,270.00,3.00,M,29.85,M,M,M,M,M,M,M,M,M,M,M,M,M,M,M,M,M,M,88.43,VOTV 231540Z AUTO 27003KT 29/21 A2985 RMK T02900210 IEM_DS3505,M
VOTV,2004-02-23 16:40,76.9500,8.4667,84.20,71.60,65.95,260.00,3.00,M,29.88,M,3.00,M,M,M,M,M,M,M,M,M,M,M,M,M,M,M,M,89.60,VOTV 231640Z AUTO 26003KT 3SM 29/22 A2988 RMK T02900220 IEM_DS3505,M
VOTV,2004-02-23 17:40,76.9500,8.4667,82.40,73.40,74.28,10.00,3.00,M,29.88,M,3.00,M,M,M,M,M,M,M,M,M,M,M,M,M,M,M,M,88.26,VOTV 231740Z AUTO 01003KT 3SM 28/23 A2988 RMK T02800230 IEM_DS3505,M
VOTV,2004-02-23 23:40,76.9500,8.4667,77.00,71.60,83.44,0.00,0.00,M,29.85,M,2.50,M,M,M,M,M,M,M,M,M,M,M,M,M,M,M,M,78.32,VOTV 232340Z AUTO 00000KT 2 1/2SM 25/22 A2985 RMK T02500220 IEM_DS3505,M
VOTV,2004-02-24 00:40,76.9500,8.4667,77.00,68.00,73.78,0.00,0.00,M,29.88,M,2.50,M,M,M,M,M,M,M,M,M,M,M,M,M,M,M,M,77.00,VOTV 240040Z AUTO 00000KT 2 1/2SM 25/20 A2988 RMK T02500200 IEM_DS3505,M
VOTV,2004-02-24 01:40,76.9500,8.4667,77.00,64.40,65.12,0.00,0.00,M,29.88,M,2.00,M,M,M,M,M,M,M,M,M,M,M,M,M,M,M,M,77.00,VOTV 240140Z AUTO 00000KT 2SM 25/18 A2988 RMK T02500180 IEM_DS3505,M
VOTV,2004-02-24 04:40,76.9500,8.4667,86.00,66.20,51.72,200.00,3.00,M,29.94,M,M,M,M,M,M,M,M,M,M,M,M,M,M,M,M,M,M,88.39,VOTV 240440Z AUTO 20003KT 30/19 A2994 RMK T03000190 IEM_DS3505,M
VOTV,2004-02-24 05:40,76.9500,8.4667,86.00,66.20,51.72,260.00,7.00,M,29.94,M,M,M,M,M,M,M,M,M,M,M,M,M,M,M,M,M,M,88.39,VOTV 240540Z AUTO 26007KT 30/19 A2994 RMK T03000190 IEM_DS3505,M
VOTV,2004-02-24 06:40,76.9500,8.4667,87.80,69.80,55.29,200.00,8.00,M,29.88,M,5.00,M,M,M,M,M,M,M,M,M,M,M,M,M,M,M,M,92.71,VOTV 240640Z AUTO 20008KT 5SM 31/21 A2988 RMK T03100210 IEM_DS3505,M
VOTV,2004-02-24 07:40,76.9500,8.4667,87.80,69.80,55.29,270.00,8.00,M,29.85,M,5.00,M,M,M,M,M,M,M,M,M,M,M,M,M,M,M,M,92.71,VOTV 240740Z AUTO 27008KT 5SM 31/21 A2985 RMK T03100210 IEM_DS3505,M
VOTV,2004-02-24 08:40,76.9500,8.4667,87.80,69.80,55.29,220.00,6.00,M,29.83,M,5.00,M,M,M,M,M,M,M,M,M,M,M,M,M,M,M,M,92.71,VOTV 240840Z AUTO 22006KT 5SM 31/21 A2983 RMK T03100210 IEM_DS3505,M
VOTV,2004-02-24 09:40,76.9500,8.4667,87.80,69.80,55.29,250.00,5.00,M,29.80,M,5.00,M,M,M,M,M,M,M,M,M,M,M,M,M,M,M,M,92.71,VOTV 240940Z AUTO 25005KT 5SM 31/21 A2980 RMK T03100210 IEM_DS3505,M
VOTV,2004-02-24 10:40,76.9500,8.4667,87.80,69.80,55.29,210.00,7.00,M,29.80,M,5.00,M,M,M,M,M,M,M,M,M,M,M,M,M,M,M,M,92.71,VOTV 241040Z AUTO 21007KT 5SM 31/21 A2980 RMK T03100210 IEM_DS3505,M
VOTV,2004-02-24 12:40,76.9500,8.4667,86.00,71.60,62.25,210.00,5.00,M,29.83,M,M,M,M,M,M,M,M,M,M,M,M,M,M,M,M,M,M,91.92,VOTV 241240Z AUTO 21005KT 30/22 A2983 RMK T03000220 IEM_DS3505,M
VOTV,2004-02-24 13:40,76.9500,8.4667,84.20,69.80,62.03,190.00,5.00,M,29.85,M,M,M,M,M,M,M,M,M,M,M,M,M,M,M,M,M,M,88.43,VOTV 241340Z AUTO 19005KT 29/21 A2985 RMK T02900210 IEM_DS3505,M
VOTV,2004-02-24 14:40,76.9500,8.4667,84.20,69.80,62.03,270.00,4.00,M,29.85,M,2.50,M,M,M,M,M,M,M,M,M,M,M,M,M,M,M,M,88.43,VOTV 241440Z AUTO 27004KT 2 1/2SM 29/21 A2985 RMK T02900210 IEM_DS3505,M
VOTV,2004-02-24 15:40,76.9500,8.4667,84.20,69.80,62.03,200.00,4.00,M,29.88,M,2.50,M,M,M,M,M,M,M,M,M,M,M,M,M,M,M,M,88.43,VOTV 241540Z AUTO 20004KT 2 1/2SM 29/21 A2988 RMK T02900210 IEM_DS3505,M
VOTV,2004-02-24 16:40,76.9500,8.4667,80.60,69.80,69.71,60.00,4.00,M,29.91,M,2.50,M,M,M,M,M,M,M,M,M,M,M,M,M,M,M,M,83.90,VOTV 241640Z AUTO 06004KT 2 1/2SM 27/21 A2991 RMK T02700210 IEM_DS3505,M
VOTV,2004-02-24 18:40,76.9500,8.4667,80.60,69.80,69.71,130.00,4.00,M,29.88,M,2.50,M,M,M,M,M,M,M,M,M,M,M,M,M,M,M,M,83.90,VOTV 241840Z AUTO 13004KT 2 1/2SM 27/21 A2988 RMK T02700210 IEM_DS3505,M
VOTV,2004-02-25 00:40,76.9500,8.4667,73.40,68.00,83.21,110.00,3.00,M,29.88,M,2.00,M,M,M,M,M,M,M,M,M,M,M,M,M,M,M,M,73.40,VOTV 250040Z AUTO 11003KT 2SM 23/20 A2988 RMK T02300200 IEM_DS3505,M
VOTV,2004-02-25 04:40,76.9500,8.4667,84.20,68.00,58.32,230.00,4.00,M,29.94,M,M,M,M,M,M,M,M,M,M,M,M,M,M,M,M,M,M,87.40,VOTV 250440Z AUTO 23004KT 29/20 A2994 RMK T02900200 IEM_DS3505,M
VOTV,2004-02-25 06:40,76.9500,8.4667,86.00,66.20,51.72,190.00,4.00,M,29.91,M,5.00,M,M,M,M,M,M,M,M,M,M,M,M,M,M,M,M,88.39,VOTV 250640Z AUTO 19004KT 5SM 30/19 A2991 RMK T03000190 IEM_DS3505,M
VOTV,2004-02-25 07:40,76.9500,8.4667,87.80,66.20,48.84,200.00,4.00,M,29.88,M,5.00,M,M,M,M,M,M,M,M,M,M,M,M,M,M,M,M,90.31,VOTV 250740Z AUTO 20004KT 5SM 31/19 A2988 RMK T03100190 IEM_DS3505,M
VOTV,2004-02-25 08:40,76.9500,8.4667,91.40,69.80,49.36,270.00,6.00,M,29.85,M,5.00,M,M,M,M,M,M,M,M,M,M,M,M,M,M,M,M,96.99,VOTV 250840Z AUTO 27006KT 5SM 33/21 A2985 RMK T03300210 IEM_DS3505,M
VOTV,2004-02-25 09:40,76.9500,8.4667,91.40,69.80,49.36,260.00,5.00,M,29.83,M,5.00,M,M,M,M,M,M,M,M,M,M,M,M,M,M,M,M,96.99,VOTV 250940Z AUTO 26005KT 5SM 33/21 A2983 RMK T03300210 IEM_DS3505,M
VOTV,2004-02-25 10:40,76.9500,8.4667,91.40,71.60,52.48,220.00,4.00,M,29.80,M,5.00,M,M,M,M,M,M,M,M,M,M,M,M,M,M,M,M,98.64,VOTV 251040Z AUTO 22004KT 5SM 33/22 A2980 RMK T03300220 IEM_DS3505,M
VOTV,2004-02-25 12:40,76.9500,8.4667,80.60,69.80,69.71,210.00,2.00,M,29.80,M,M,M,M,M,M,M,M,M,M,M,M,M,M,M,M,M,M,83.90,VOTV 251240Z AUTO 21002KT 27/21 A2980 RMK T02700210 IEM_DS3505,M
VOTV,2004-02-25 13:40,76.9500,8.4667,84.20,69.80,62.03,0.00,0.00,M,29.83,M,M,M,M,M,M,M,M,M,M,M,M,M,M,M,M,M,M,88.43,VOTV 251340Z AUTO 00000KT 29/21 A2983 RMK T02900210 IEM_DS3505,M
VOTV,2004-02-25 14:40,76.9500,8.4667,82.40,69.80,65.74,0.00,0.00,M,29.85,M,M,M,M,M,M,M,M,M,M,M,M,M,M,M,M,M,M,86.22,VOTV 251440Z AUTO 00000KT 28/21 A2985 RMK T02800210 IEM_DS3505,M
VOTV,2004-02-25 15:40,76.9500,8.4667,80.60,73.40,78.76,0.00,0.00,M,29.88,M,4.00,M,M,M,M,M,M,M,M,M,M,M,M,M,M,M,M,85.32,VOTV 251540Z AUTO 00000KT 4SM 27/23 A2988 RMK T02700230 IEM_DS3505,M
VOTV,2004-02-25 16:40,76.9500,8.4667,80.60,73.40,78.76,0.00,0.00,M,29.88,M,4.00,M,M,M,M,M,M,M,M,M,M,M,M,M,M,M,M,85.32,VOTV 251640Z AUTO 00000KT 4SM 27/23 A2988 RMK T02700230 IEM_DS3505,M
VOTV,2004-02-26 00:40,76.9500,8.4667,75.20,71.60,88.59,0.00,0.00,M,29.85,M,2.00,M,M,M,M,M,M,M,M,M,M,M,M,M,M,M,M,76.58,VOTV 260040Z AUTO 00000KT 2SM 24/22 A2985 RMK T02400220 IEM_DS3505,M
VOTV,2004-02-26 01:40,76.9500,8.4667,75.20,68.00,78.34,0.00,0.00,M,29.85,M,1.25,M,M,M,M,M,M,M,M,M,M,M,M,M,M,M,M,75.20,VOTV 260140Z AUTO 00000KT 1 1/4SM 24/20 A2985 RMK T02400200 IEM_DS3505,M
VOTV,2004-02-26 04:40,76.9500,8.4667,84.20,68.00,58.32,240.00,3.00,M,29.91,M,M,M,M,M,M,M,M,M,M,M,M,M,M,M,M,M,M,87.40,VOTV 260440Z AUTO 24003KT 29/20 A2991 RMK T02900200 IEM_DS3505,M
VOTV,2004-02-26 06:40,76.9500,8.4667,86.00,71.60,62.25,250.00,10.00,M,29.85,M,5.00,M,M,M,M,M,M,M,M,M,M,M,M,M,M,M,M,91.92,VOTV 260640Z AUTO 25010KT 5SM 30/22 A2985 RMK T03000220 IEM_DS3505,M
VOTV,2004-02-26 07:40,76.9500,8.4667,86.00,66.20,51.72,200.00,7.00,M,29.85,M,5.00,M,M,M,M,M,M,M,M,M,M,M,M,M,M,M,M,88.39,VOTV 260740Z AUTO 20007KT 5SM 30/19 A2985 RMK T03000190 IEM_DS3505,M
VOTV,2004-02-26 08:40,76.9500,8.4667,89.60,66.20,46.14,220.00,4.00,M,29.83,M,5.00,M,M,M,M,M,M,M,M,M,M,M,M,M,M,M,M,92.27,VOTV 260840Z AUTO 22004KT 5SM 32/19 A2983 RMK T03200190 IEM_DS3505,M
VOTV,2004-02-26 09:40,76.9500,8.4667,89.60,66.20,46.14,260.00,6.00,M,29.80,M,5.00,M,M,M,M,M,M,M,M,M,M,M,M,M,M,M,M,92.27,VOTV 260940Z AUTO 26006KT 5SM 32/19 A2980 RMK T03200190 IEM_DS3505,M
VOTV,2004-02-26 11:40,76.9500,8.4667,87.80,66.20,48.84,0.00,0.00,M,29.77,M,5.00,M,M,M,M,M,M,M,M,M,M,M,M,M,M,M,M,90.31,VOTV 261140Z AUTO 00000KT 5SM 31/19 A2977 RMK T03100190 IEM_DS3505,M
VOTV,2004-02-26 13:40,76.9500,8.4667,84.20,66.20,54.80,0.00,0.00,M,29.80,M,M,M,M,M,M,M,M,M,M,M,M,M,M,M,M,M,M,86.50,VOTV 261340Z AUTO 00000KT 29/19 A2980 RMK T02900190 IEM_DS3505,M
VOTV,2004-02-26 14:40,76.9500,8.4667,84.20,69.80,62.03,0.00,0.00,M,29.83,M,M,M,M,M,M,M,M,M,M,M,M,M,M,M,M,M,M,88.43,VOTV 261440Z AUTO 00000KT 29/21 A2983 RMK T02900210 IEM_DS3505,M
VOTV,2004-02-26 15:40,76.9500,8.4667,82.40,69.80,65.74,0.00,0.00,M,29.85,M,M,M,M,M,M,M,M,M,M,M,M,M,M,M,M,M,M,86.22,VOTV 261540Z AUTO 00000KT 28/21 A2985 RMK T02800210 IEM_DS3505,M
VOTV,2004-02-26 16:40,76.9500,8.4667,80.60,68.00,65.54,0.00,0.00,M,29.85,M,4.00,M,M,M,M,M,M,M,M,M,M,M,M,M,M,M,M,83.29,VOTV 261640Z AUTO 00000KT 4SM 27/20 A2985 RMK T02700200 IEM_DS3505,M
VOTV,2004-02-26 17:40,76.9500,8.4667,80.60,69.80,69.71,0.00,0.00,M,29.85,M,M,M,M,M,M,M,M,M,M,M,M,M,M,M,M,M,M,83.90,VOTV 261740Z AUTO 00000KT 27/21 A2985 RMK T02700210 IEM_DS3505,M
VOTV,2004-02-27 01:40,76.9500,8.4667,73.40,69.80,88.51,0.00,0.00,M,29.83,M,1.25,M,M,M,M,M,M,M,M,M,M,M,M,M,M,M,M,74.60,VOTV 270140Z AUTO 00000KT 1 1/4SM 23/21 A2983 RMK T02300210 IEM_DS3505,M
VOTV,2004-02-27 04:40,76.9500,8.4667,86.00,69.80,58.55,160.00,5.00,M,29.88,M,M,M,M,M,M,M,M,M,M,M,M,M,M,M,M,M,M,90.58,VOTV 270440Z AUTO 16005KT 30/21 A2988 RMK T03000210 IEM_DS3505,M
VOTV,2004-02-27 05:40,76.9500,8.4667,86.00,69.80,58.55,240.00,6.00,M,29.88,M,5.00,M,M,M,M,M,M,M,M,M,M,M,M,M,M,M,M,90.58,VOTV 270540Z AUTO 24006KT 5SM 30/21 A2988 RMK T03000210 IEM_DS3505,M
VOTV,2004-02-27 06:40,76.9500,8.4667,86.00,69.80,58.55,260.00,4.00,M,29.85,M,5.00,M,M,M,M,M,M,M,M,M,M,M,M,M,M,M,M,90.58,VOTV 270640Z AUTO 26004KT 5SM 30/21 A2985 RMK T03000210 IEM_DS3505,M
VOTV,2004-02-27 07:40,76.9500,8.4667,87.80,69.80,55.29,190.00,6.00,M,29.83,M,5.00,M,M,M,M,M,M,M,M,M,M,M,M,M,M,M,M,92.71,VOTV 270740Z AUTO 19006KT 5SM 31/21 A2983 RMK T03100210 IEM_DS3505,M
VOTV,2004-02-27 08:40,76.9500,8.4667,87.80,69.80,55.29,230.00,8.00,M,29.83,M,5.00,M,M,M,M,M,M,M,M,M,M,M,M,M,M,M,M,92.71,VOTV 270840Z AUTO 23008KT 5SM 31/21 A2983 RMK T03100210 IEM_DS3505,M
VOTV,2004-02-27 09:40,76.9500,8.4667,89.60,68.00,49.10,240.00,9.00,M,29.80,M,5.00,M,M,M,M,M,M,M,M,M,M,M,M,M,M,M,M,93.47,VOTV 270940Z AUTO 24009KT 5SM 32/20 A2980 RMK T03200200 IEM_DS3505,M
VOTV,2004-02-27 10:40,76.9500,8.4667,87.80,66.20,48.84,240.00,7.00,M,29.80,M,5.00,M,M,M,M,M,M,M,M,M,M,M,M,M,M,M,M,90.31,VOTV 271040Z AUTO 24007KT 5SM 31/19 A2980 RMK T03100190 IEM_DS3505,M
VOTV,2004-02-27 11:40,76.9500,8.4667,87.80,69.80,55.29,210.00,6.00,M,29.80,M,5.00,M,M,M,M,M,M,M,M,M,M,M,M,M,M,M,M,92.71,VOTV 271140Z AUTO 21006KT 5SM 31/21 A2980 RMK T03100210 IEM_DS3505,M
VOTV,2004-02-27 12:40,76.9500,8.4667,86.00,68.00,55.04,0.00,0.00,M,29.80,M,5.00,M,M,M,M,M,M,M,M,M,M,M,M,M,M,M,M,89.41,VOTV 271240Z AUTO 00000KT 5SM 30/20 A2980 RMK T03000200 IEM_DS3505,M
VOTV,2004-02-27 13:40,76.9500,8.4667,84.20,71.60,65.95,0.00,0.00,M,29.83,M,M,M,M,M,M,M,M,M,M,M,M,M,M,M,M,M,M,89.60,VOTV 271340Z AUTO 00000KT 29/22 A2983 RMK T02900220 IEM_DS3505,M
VOTV,2004-02-27 14:40,76.9500,8.4667,84.20,71.60,65.95,0.00,0.00,M,29.83,M,M,M,M,M,M,M,M,M,M,M,M,M,M,M,M,M,M,89.60,VOTV 271440Z AUTO 00000KT 29/22 A2983 RMK T02900220 IEM_DS3505,M
VOTV,2004-02-27 15:40,76.9500,8.4667,84.20,69.80,62.03,0.00,0.00,M,29.85,M,M,M,M,M,M,M,M,M,M,M,M,M,M,M,M,M,M,88.43,VOTV 271540Z AUTO 00000KT 29/21 A2985 RMK T02900210 IEM_DS3505,M
VOTV,2004-02-27 17:40,76.9500,8.4667,84.20,69.80,62.03,0.00,0.00,M,29.88,M,M,M,M,M,M,M,M,M,M,M,M,M,M,M,M,M,M,88.43,VOTV 271740Z AUTO 00000KT 29/21 A2988 RMK T02900210 IEM_DS3505,M
VOTV,2004-02-28 00:40,76.9500,8.4667,77.00,69.80,78.48,0.00,0.00,M,29.83,M,2.50,M,M,M,M,M,M,M,M,M,M,M,M,M,M,M,M,78.09,VOTV 280040Z AUTO 00000KT 2 1/2SM 25/21 A2983 RMK T02500210 IEM_DS3505,M
VOTV,2004-02-28 02:40,76.9500,8.4667,82.40,71.60,69.90,0.00,0.00,M,29.88,M,2.00,M,M,M,M,M,M,M,M,M,M,M,M,M,M,M,M,87.18,VOTV 280240Z AUTO 00000KT 2SM 28/22 A2988 RMK T02800220 IEM_DS3505,M
VOTV,2004-02-28 03:40,76.9500,8.4667,86.00,73.40,66.15,0.00,0.00,M,29.88,M,M,M,M,M,M,M,M,M,M,M,M,M,M,M,M,M,M,93.45,VOTV 280340Z AUTO 00000KT 30/23 A2988 RMK T03000230 IEM_DS3505,M
VOTV,2004-02-28 04:40,76.9500,8.4667,86.00,69.80,58.55,0.00,0.00,M,29.88,M,M,M,M,M,M,M,M,M,M,M,M,M,M,M,M,M,M,90.58,VOTV 280440Z AUTO 00000KT 30/21 A2988 RMK T03000210 IEM_DS3505,M
VOTV,2004-02-28 05:40,76.9500,8.4667,86.00,71.60,62.25,250.00,4.00,M,29.88,M,M,M,M,M,M,M,M,M,M,M,M,M,M,M,M,M,M,91.92,VOTV 280540Z AUTO 25004KT 30/22 A2988 RMK T03000220 IEM_DS3505,M
VOTV,2004-02-28 06:40,76.9500,8.4667,87.80,71.60,58.78,270.00,8.00,M,29.85,M,5.00,M,M,M,M,M,M,M,M,M,M,M,M,M,M,M,M,94.18,VOTV 280640Z AUTO 27008KT 5SM 31/22 A2985 RMK T03100220 IEM_DS3505,M
VOTV,2004-02-28 09:40,76.9500,8.4667,87.80,71.60,58.78,230.00,6.00,0.00,29.77,M,4.97,M,FEW,SCT,M,M,2000.00,10000.00,M,M,M,M,M,M,M,M,M,94.18,VOTV 280940Z 23006KT 8000 FEW020 SCT100 31/22 Q1008 NS,M
VOTV,2004-02-28 10:40,76.9500,8.4667,87.80,71.60,58.78,250.00,5.00,0.00,29.77,M,4.97,M,CLR,M,M,M,M,M,M,M,M,M,M,M,M,M,M,94.18,VOTV 281040Z 25005KT 8000 SKC 31/22 Q1008 NS,M
VOTV,2004-02-28 12:40,76.9500,8.4667,86.00,73.40,66.15,230.00,5.00,0.00,29.80,M,3.73,M,FEW,SCT,M,M,2000.00,25000.00,M,M,M,M,M,M,M,M,M,93.45,VOTV 281240Z 23005KT 6000 FEW020 SCT250 30/23 Q1009 NS,M
VOTV,2004-02-28 14:40,76.9500,8.4667,84.20,71.60,65.95,270.00,4.00,0.00,29.83,M,2.49,M,FEW,SCT,M,M,2000.00,10000.00,M,M,HZ,M,M,M,M,M,M,89.60,VOTV 281440Z 27004KT 4000 HZ FEW020 SCT100 29/22 Q1010 NOSIG,M
VOTV,2004-02-28 15:40,76.9500,8.4667,84.20,71.60,65.95,0.00,0.00,0.00,29.85,M,2.49,M,FEW,SCT,M,M,2000.00,10000.00,M,M,HZ,M,M,M,M,M,M,89.60,VOTV 281540Z 00000KT 4000 HZ FEW020 SCT100 29/22 Q1011 NOSIG,M
VOTV,2004-02-28 16:40,76.9500,8.4667,82.40,75.20,78.90,270.00,5.00,0.00,29.88,M,2.49,M,SCT,BKN,M,M,1500.00,9000.00,M,M,RA,M,M,M,M,M,M,89.48,VOTV 281640Z 27005KT 4000 RA SCT015 BKN090 28/24 Q1012 NOSIG,M
VOTV,2004-02-29 01:40,76.9500,8.4667,78.80,73.40,83.55,0.00,0.00,0.00,29.83,M,1.55,M,FEW,SCT,M,M,2000.00,25000.00,M,M,BR,M,M,M,M,M,M,78.80,VOTV 290140Z 00000KT 2500 BR FEW020 SCT250 26/23 Q1010 NS,M
VOTV,2004-02-29 07:40,76.9500,8.4667,87.80,73.40,62.47,270.00,9.00,M,29.80,M,M,M,M,M,M,M,M,M,M,M,M,M,M,M,M,M,M,95.86,VOTV 290740Z AUTO 27009KT 31/23 A2980 RMK T03100230 IEM_DS3505,M
VOTV,2004-02-29 08:40,76.9500,8.4667,87.80,73.40,62.47,290.00,10.00,M,29.80,M,M,M,M,M,M,M,M,M,M,M,M,M,M,M,M,M,M,95.86,VOTV 290840Z AUTO 29010KT 31/23 A2980 RMK T03100230 IEM_DS3505,M
VOTV,2004-02-29 09:40,76.9500,8.4667,87.80,73.40,62.47,280.00,11.00,M,29.77,M,M,M,M,M,M,M,M,M,M,M,M,M,M,M,M,M,M,95.86,VOTV 290940Z AUTO 28011KT 31/23 A2977 RMK T03100230 IEM_DS3505,M
VOTV,2004-02-29 10:40,76.9500,8.4667,87.80,73.40,62.47,270.00,9.00,M,29.77,M,M,M,M,M,M,M,M,M,M,M,M,M,M,M,M,M,M,95.86,VOTV 291040Z AUTO 27009KT 31/23 A2977 RMK T03100230 IEM_DS3505,M
VOTV,2004-02-29 11:40,76.9500,8.4667,77.00,M,M,270.00,7.00,M,M,M,4.00,M,M,M,M,M,M,M,M,M,M,M,M,M,M,M,M,M,VOTV 291140Z AUTO 27007KT 4SM 25/ RMK IEM_DS3505,M
VOTV,2004-02-29 12:40,76.9500,8.4667,86.00,77.00,74.61,280.00,3.00,M,29.77,M,4.00,M,M,M,M,M,M,M,M,M,M,M,M,M,M,M,M,97.15,VOTV 291240Z AUTO 28003KT 4SM 30/25 A2977 RMK T03000250 IEM_DS3505,M
VOTV,2004-02-29 15:40,76.9500,8.4667,82.40,77.00,83.77,0.00,0.00,M,29.85,M,2.50,M,M,M,M,M,M,M,M,M,M,M,M,M,M,M,M,90.85,VOTV 291540Z AUTO 00000KT 2 1/2SM 28/25 A2985 RMK T02800250 IEM_DS3505,M
VOTV,2004-02-29 16:40,76.9500,8.4667,82.40,75.20,78.90,0.00,0.00,M,29.85,M,2.50,M,M,M,M,M,M,M,M,M,M,M,M,M,M,M,M,89.48,VOTV 291640Z AUTO 00000KT 2 1/2SM 28/24 A2985 RMK T02800240 IEM_DS3505,M
VOTV,2004-02-29 20:40,76.9500,8.4667,80.60,75.20,83.66,0.00,0.00,M,29.85,M,2.50,M,M,M,M,M,M,M,M,M,M,M,M,M,M,M,M,86.17,VOTV 292040Z AUTO 00000KT 2 1/2SM 27/24 A2985 RMK T02700240 IEM_DS3505,M
VOTV,2004-02-29 23:40,76.9500,8.4667,80.60,77.00,88.83,0.00,0.00,M,29.83,M,2.50,M,M,M,M,M,M,M,M,M,M,M,M,M,M,M,M,87.10,VOTV 292340Z AUTO 00000KT 2 1/2SM 27/25 A2983 RMK T02700250 IEM_DS3505,M
VOTV,2004-03-01 00:40,76.9500,8.4667,78.80,75.20,88.75,0.00,0.00,M,29.83,M,2.00,M,M,M,M,M,M,M,M,M,M,M,M,M,M,M,M,82.38,VOTV 010040Z AUTO 00000KT 2SM 26/24 A2983 RMK T02600240 IEM_DS3505,M
VOTV,2004-03-01 01:40,76.9500,8.4667,78.80,75.20,88.75,0.00,0.00,M,29.85,M,1.25,M,M,M,M,M,M,M,M,M,M,M,M,M,M,M,M,82.38,VOTV 010140Z AUTO 00000KT 1 1/4SM 26/24 A2985 RMK T02600240 IEM_DS3505,M
VOTV,2004-03-01 02:40,76.9500,8.4667,82.40,69.80,65.74,350.00,5.00,M,29.85,M,2.00,M,M,M,M,M,M,M,M,M,M,M,M,M,M,M,M,86.22,VOTV 010240Z AUTO 35005KT 2SM 28/21 A2985 RMK T02800210 IEM_DS3505,M
VOTV,2004-03-01 03:40,76.9500,8.4667,86.00,73.40,66.15,350.00,4.00,M,29.88,M,M,M,M,M,M,M,M,M,M,M,M,M,M,M,M,M,M,93.45,VOTV 010340Z AUTO 35004KT 30/23 A2988 RMK T03000230 IEM_DS3505,M
VOTV,2004-03-01 04:40,76.9500,8.4667,87.80,71.60,58.78,310.00,5.00,M,29.88,M,5.00,M,M,M,M,M,M,M,M,M,M,M,M,M,M,M,M,94.18,VOTV 010440Z AUTO 31005KT 5SM 31/22 A2988 RMK T03100220 IEM_DS3505,M
VOTV,2004-03-01 05:40,76.9500,8.4667,87.80,71.60,58.78,280.00,9.00,M,29.88,M,5.00,M,M,M,M,M,M,M,M,M,M,M,M,M,M,M,M,94.18,VOTV 010540Z AUTO 28009KT 5SM 31/22 A2988 RMK T03100220 IEM_DS3505,M
VOTV,2004-03-01 06:40,76.9500,8.4667,87.80,71.60,58.78,280.00,10.00,M,29.83,M,5.00,M,M,M,M,M,M,M,M,M,M,M,M,M,M,M,M,94.18,VOTV 010640Z AUTO 28010KT 5SM 31/22 A2983 RMK T03100220 IEM_DS3505,M
VOTV,2004-03-01 07:40,76.9500,8.4667,87.80,73.40,62.47,280.00,12.00,M,29.80,M,5.00,M,M,M,M,M,M,M,M,M,M,M,M,M,M,M,M,95.86,VOTV 010740Z AUTO 28012KT 5SM 31/23 A2980 RMK T03100230 IEM_DS3505,M
VOTV,2004-03-01 08:40,76.9500,8.4667,87.80,71.60,58.78,280.00,11.00,M,29.77,M,5.00,M,M,M,M,M,M,M,M,M,M,M,M,M,M,M,M,94.18,VOTV 010840Z AUTO 28011KT 5SM 31/22 A2977 RMK T03100220 IEM_DS3505,M
VOTV,2004-03-01 09:40,76.9500,8.4667,87.80,71.60,58.78,280.00,10.00,M,29.74,M,5.00,M,M,M,M,M,M,M,M,M,M,M,M,M,M,M,M,94.18,VOTV 010940Z AUTO 28010KT 5SM 31/22 A2974 RMK T03100220 IEM_DS3505,M
VOTV,2004-03-01 11:40,76.9500,8.4667,87.80,78.80,74.77,260.00,3.00,M,29.74,M,5.00,M,M,M,M,M,M,M,M,M,M,M,M,M,M,M,M,102.37,VOTV 011140Z AUTO 26003KT 5SM 31/26 A2974 RMK T03100260 IEM_DS3505,M
VOTV,2004-03-01 12:40,76.9500,8.4667,86.00,75.20,70.27,0.00,0.00,M,29.74,M,M,M,M,M,M,M,M,M,M,M,M,M,M,M,M,M,M,95.19,VOTV 011240Z AUTO 00000KT 30/24 A2974 RMK T03000240 IEM_DS3505,M
VOTV,2004-03-01 13:40,76.9500,8.4667,84.20,77.00,79.04,0.00,0.00,M,29.77,M,4.00,M,M,M,M,M,M,M,M,M,M,M,M,M,M,M,M,94.16,VOTV 011340Z AUTO 00000KT 4SM 29/25 A2977 RMK T02900250 IEM_DS3505,M
VOTV,2004-03-01 14:40,76.9500,8.4667,84.20,73.40,70.08,160.00,4.00,M,29.80,M,M,M,M,M,M,M,M,M,M,M,M,M,M,M,M,M,M,90.94,VOTV 011440Z AUTO 16004KT 29/23 A2980 RMK T02900230 IEM_DS3505,M
VOTV,2004-03-02 01:40,76.9500,8.4667,78.80,73.40,83.55,0.00,0.00,M,29.80,M,2.00,M,M,M,M,M,M,M,M,M,M,M,M,M,M,M,M,82.03,VOTV 020140Z AUTO 00000KT 2SM 26/23 A2980 RMK T02600230 IEM_DS3505,M
VOTV,2004-03-02 02:40,76.9500,8.4667,80.60,73.40,78.76,0.00,0.00,M,29.83,M,2.00,M,M,M,M,M,M,M,M,M,M,M,M,M,M,M,M,85.32,VOTV 020240Z AUTO 00000KT 2SM 27/23 A2983 RMK T02700230 IEM_DS3505,M
VOTV,2004-03-02 03:40,76.9500,8.4667,84.20,69.80,62.03,340.00,4.00,M,29.85,M,4.00,M,M,M,M,M,M,M,M,M,M,M,M,M,M,M,M,88.43,VOTV 020340Z AUTO 34004KT 4SM 29/21 A2985 RMK T02900210 IEM_DS3505,M
VOTV,2004-03-02 04:40,76.9500,8.4667,87.80,73.40,62.47,0.00,0.00,M,29.85,M,M,M,M,M,M,M,M,M,M,M,M,M,M,M,M,M,M,95.86,VOTV 020440Z AUTO 00000KT 31/23 A2985 RMK T03100230 IEM_DS3505,M
VOTV,2004-03-02 05:40,76.9500,8.4667,87.80,71.60,58.78,270.00,8.00,M,29.83,M,M,M,M,M,M,M,M,M,M,M,M,M,M,M,M,M,M,94.18,VOTV 020540Z AUTO 27008KT 31/22 A2983 RMK T03100220 IEM_DS3505,M
VOTV,2004-03-02 06:40,76.9500,8.4667,87.80,69.80,55.29,270.00,9.00,M,29.80,M,5.00,M,M,M,M,M,M,M,M,M,M,M,M,M,M,M,M,92.71,VOTV 020640Z AUTO 27009KT 5SM 31/21 A2980 RMK T03100210 IEM_DS3505,M
VOTV,2004-03-02 07:40,76.9500,8.4667,87.80,71.60,58.78,190.00,10.00,M,29.77,M,5.00,M,M,M,M,M,M,M,M,M,M,M,M,M,M,M,M,94.18,VOTV 020740Z AUTO 19010KT 5SM 31/22 A2977 RMK T03100220 IEM_DS3505,M
VOTV,2004-03-02 09:40,76.9500,8.4667,87.80,73.40,62.47,240.00,8.00,M,29.74,M,5.00,M,M,M,M,M,M,M,M,M,M,M,M,M,M,M,M,95.86,VOTV 020940Z AUTO 24008KT 5SM 31/23 A2974 RMK T03100230 IEM_DS3505,M
VOTV,2004-03-02 14:40,76.9500,8.4667,82.40,73.40,74.28,0.00,0.00,M,29.80,M,4.00,M,M,M,M,M,M,M,M,M,M,M,M,M,M,M,M,88.26,VOTV 021440Z AUTO 00000KT 4SM 28/23 A2980 RMK T02800230 IEM_DS3505,M
VOTV,2004-03-02 15:40,76.9500,8.4667,82.40,75.20,78.90,0.00,0.00,M,29.83,M,4.00,M,M,M,M,M,M,M,M,M,M,M,M,M,M,M,M,89.48,VOTV 021540Z AUTO 00000KT 4SM 28/24 A2983 RMK T02800240 IEM_DS3505,M
VOTV,2004-03-03 00:40,76.9500,8.4667,77.00,73.40,88.67,0.00,0.00,M,29.80,M,2.00,M,M,M,M,M,M,M,M,M,M,M,M,M,M,M,M,78.57,VOTV 030040Z AUTO 00000KT 2SM 25/23 A2980 RMK T02500230 IEM_DS3505,M
VOTV,2004-03-03 04:40,76.9500,8.4667,84.20,73.40,70.08,0.00,0.00,M,29.85,M,M,M,M,M,M,M,M,M,M,M,M,M,M,M,M,M,M,90.94,VOTV 030440Z AUTO 00000KT 29/23 A2985 RMK T02900230 IEM_DS3505,M
VOTV,2004-03-03 05:40,76.9500,8.4667,86.00,69.80,58.55,230.00,5.00,M,29.85,M,M,M,M,M,M,M,M,M,M,M,M,M,M,M,M,M,M,90.58,VOTV 030540Z AUTO 23005KT 30/21 A2985 RMK T03000210 IEM_DS3505,M
VOTV,2004-03-03 06:40,76.9500,8.4667,87.80,68.00,51.98,270.00,8.00,M,29.83,M,5.00,M,M,M,M,M,M,M,M,M,M,M,M,M,M,M,M,91.43,VOTV 030640Z AUTO 27008KT 5SM 31/20 A2983 RMK T03100200 IEM_DS3505,M
VOTV,2004-03-03 07:40,76.9500,8.4667,87.80,66.20,48.84,180.00,4.00,M,29.80,M,5.00,M,M,M,M,M,M,M,M,M,M,M,M,M,M,M,M,90.31,VOTV 030740Z AUTO 18004KT 5SM 31/19 A2980 RMK T03100190 IEM_DS3505,M
VOTV,2004-03-03 08:40,76.9500,8.4667,87.80,68.00,51.98,240.00,8.00,M,29.74,M,5.00,M,M,M,M,M,M,M,M,M,M,M,M,M,M,M,M,91.43,VOTV 030840Z AUTO 24008KT 5SM 31/20 A2974 RMK T03100200 IEM_DS3505,M
VOTV,2004-03-03 09:40,76.9500,8.4667,87.80,69.80,55.29,230.00,5.00,M,29.71,M,5.00,M,M,M,M,M,M,M,M,M,M,M,M,M,M,M,M,92.71,VOTV 030940Z AUTO 23005KT 5SM 31/21 A2971 RMK T03100210 IEM_DS3505,M
VOTV,2004-03-03 10:40,76.9500,8.4667,87.80,68.00,51.98,210.00,5.00,M,29.71,M,5.00,M,M,M,M,M,M,M,M,M,M,M,M,M,M,M,M,91.43,VOTV 031040Z AUTO 21005KT 5SM 31/20 A2971 RMK T03100200 IEM_DS3505,M
VOTV,2004-03-03 11:40,76.9500,8.4667,87.80,68.00,51.98,200.00,5.00,M,29.71,M,5.00,M,M,M,M,M,M,M,M,M,M,M,M,M,M,M,M,91.43,VOTV 031140Z AUTO 20005KT 5SM 31/20 A2971 RMK T03100200 IEM_DS3505,M
VOTV,2004-03-03 12:40,76.9500,8.4667,86.00,71.60,62.25,210.00,5.00,M,29.74,M,M,M,M,M,M,M,M,M,M,M,M,M,M,M,M,M,M,91.92,VOTV 031240Z AUTO 21005KT 30/22 A2974 RMK T03000220 IEM_DS3505,M
VOTV,2004-03-03 15:40,76.9500,8.4667,84.20,69.80,62.03,270.00,4.00,M,29.83,M,M,M,M,M,M,M,M,M,M,M,M,M,M,M,M,M,M,88.43,VOTV 031540Z AUTO 27004KT 29/21 A2983 RMK T02900210 IEM_DS3505,M
VOTV,2004-03-03 23:40,76.9500,8.4667,77.00,71.60,83.44,0.00,0.00,M,29.80,M,2.50,M,M,M,M,M,M,M,M,M,M,M,M,M,M,M,M,78.32,VOTV 032340Z AUTO 00000KT 2 1/2SM 25/22 A2980 RMK T02500220 IEM_DS3505,M
VOTV,2004-03-04 00:40,76.9500,8.4667,77.00,69.80,78.48,0.00,0.00,M,29.80,M,2.50,M,M,M,M,M,M,M,M,M,M,M,M,M,M,M,M,78.09,VOTV 040040Z AUTO 00000KT 2 1/2SM 25/21 A2980 RMK T02500210 IEM_DS3505,M
VOTV,2004-03-04 01:40,76.9500,8.4667,75.20,69.80,83.32,0.00,0.00,M,29.83,M,2.00,M,M,M,M,M,M,M,M,M,M,M,M,M,M,M,M,76.34,VOTV 040140Z AUTO 00000KT 2SM 24/21 A2983 RMK T02400210 IEM_DS3505,M
VOTV,2004-03-04 02:40,76.9500,8.4667,78.80,69.80,73.95,0.00,0.00,M,29.85,M,2.00,M,M,M,M,M,M,M,M,M,M,M,M,M,M,M,M,81.39,VOTV 040240Z AUTO 00000KT 2SM 26/21 A2985 RMK T02600210 IEM_DS3505,M
VOTV,2004-03-04 04:40,76.9500,8.4667,87.80,69.80,55.29,0.00,0.00,M,29.88,M,M,M,M,M,M,M,M,M,M,M,M,M,M,M,M,M,M,92.71,VOTV 040440Z AUTO 00000KT 31/21 A2988 RMK T03100210 IEM_DS3505,M
VOTV,2004-03-04 05:40,76.9500,8.4667,91.40,68.00,46.41,0.00,0.00,M,29.85,M,5.00,M,M,M,M,M,M,M,M,M,M,M,M,M,M,M,M,95.55,VOTV 040540Z AUTO 00000KT 5SM 33/20 A2985 RMK T03300200 IEM_DS3505,M
VOTV,2004-03-04 06:40,76.9500,8.4667,84.20,68.00,58.32,260.00,10.00,M,29.83,M,5.00,M,M,M,M,M,M,M,M,M,M,M,M,M,M,M,M,87.40,VOTV 040640Z AUTO 26010KT 5SM 29/20 A2983 RMK T02900200 IEM_DS3505,M
VOTV,2004-03-04 07:40,76.9500,8.4667,87.80,69.80,55.29,250.00,10.00,M,29.80,M,5.00,M,M,M,M,M,M,M,M,M,M,M,M,M,M,M,M,92.71,VOTV 040740Z AUTO 25010KT 5SM 31/21 A2980 RMK T03100210 IEM_DS3505,M
VOTV,2004-03-04 08:40,76.9500,8.4667,87.80,71.60,58.78,260.00,6.00,M,29.77,M,5.00,M,M,M,M,M,M,M,M,M,M,M,M,M,M,M,M,94.18,VOTV 040840Z AUTO 26006KT 5SM 31/22 A2977 RMK T03100220 IEM_DS3505,M
VOTV,2004-03-04 09:40,76.9500,8.4667,87.80,71.60,58.78,200.00,6.00,M,29.77,M,5.00,M,M,M,M,M,M,M,M,M,M,M,M,M,M,M,M,94.18,VOTV 040940Z AUTO 20006KT 5SM 31/22 A2977 RMK T03100220 IEM_DS3505,M
VOTV,2004-03-04 10:40,76.9500,8.4667,87.80,71.60,58.78,260.00,2.00,M,29.74,M,5.00,M,M,M,M,M,M,M,M,M,M,M,M,M,M,M,M,94.18,VOTV 041040Z AUTO 26002KT 5SM 31/22 A2974 RMK T03100220 IEM_DS3505,M
VOTV,2004-03-04 11:40,76.9500,8.4667,86.00,68.00,55.04,200.00,5.00,M,29.74,M,5.00,M,M,M,M,M,M,M,M,M,M,M,M,M,M,M,M,89.41,VOTV 041140Z AUTO 20005KT 5SM 30/20 A2974 RMK T03000200 IEM_DS3505,M
VOTV,2004-03-04 12:40,76.9500,8.4667,86.00,69.80,58.55,230.00,3.00,M,29.74,M,M,M,M,M,M,M,M,M,M,M,M,M,M,M,M,M,M,90.58,VOTV 041240Z AUTO 23003KT 30/21 A2974 RMK T03000210 IEM_DS3505,M
VOTV,2004-03-04 13:40,76.9500,8.4667,84.20,68.00,58.32,140.00,6.00,M,29.77,M,M,M,M,M,M,M,M,M,M,M,M,M,M,M,M,M,M,87.40,VOTV 041340Z AUTO 14006KT 29/20 A2977 RMK T02900200 IEM_DS3505,M
VOTV,2004-03-04 14:40,76.9500,8.4667,84.20,68.00,58.32,180.00,5.00,M,29.80,M,2.50,M,M,M,M,M,M,M,M,M,M,M,M,M,M,M,M,87.40,VOTV 041440Z AUTO 18005KT 2 1/2SM 29/20 A2980 RMK T02900200 IEM_DS3505,M
VOTV,2004-03-04 16:40,76.9500,8.4667,82.40,71.60,69.90,0.00,0.00,M,29.85,M,2.50,M,M,M,M,M,M,M,M,M,M,M,M,M,M,M,M,87.18,VOTV 041640Z AUTO 00000KT 2 1/2SM 28/22 A2985 RMK T02800220 IEM_DS3505,M
VOTV,2004-03-04 17:40,76.9500,8.4667,80.60,71.60,74.11,0.00,0.00,M,29.85,M,2.50,M,M,M,M,M,M,M,M,M,M,M,M,M,M,M,M,84.57,VOTV 041740Z AUTO 00000KT 2 1/2SM 27/22 A2985 RMK T02700220 IEM_DS3505,M
VOTV,2004-03-04 18:40,76.9500,8.4667,78.80,71.60,78.62,0.00,0.00,M,29.83,M,2.50,M,M,M,M,M,M,M,M,M,M,M,M,M,M,M,M,81.70,VOTV 041840Z AUTO 00000KT 2 1/2SM 26/22 A2983 RMK T02600220 IEM_DS3505,M
VOTV,2004-03-04 23:40,76.9500,8.4667,75.20,68.00,78.34,0.00,0.00,M,29.80,M,2.50,M,M,M,M,M,M,M,M,M,M,M,M,M,M,M,M,75.20,VOTV 042340Z AUTO 00000KT 2 1/2SM 24/20 A2980 RMK T02400200 IEM_DS3505,M
VOTV,2004-03-05 00:40,76.9500,8.4667,75.20,69.80,83.32,0.00,0.00,M,29.80,M,2.50,M,M,M,M,M,M,M,M,M,M,M,M,M,M,M,M,76.34,VOTV 050040Z AUTO 00000KT 2 1/2SM 24/21 A2980 RMK T02400210 IEM_DS3505,M
VOTV,2004-03-05 01:40,76.9500,8.4667,75.20,69.80,83.32,0.00,0.00,M,29.83,M,1.50,M,M,M,M,M,M,M,M,M,M,M,M,M,M,M,M,76.34,VOTV 050140Z AUTO 00000KT 1 1/2SM 24/21 A2983 RMK T02400210 IEM_DS3505,M
VOTV,2004-03-05 04:40,76.9500,8.4667,86.00,73.40,66.15,190.00,3.00,M,29.88,M,M,M,M,M,M,M,M,M,M,M,M,M,M,M,M,M,M,93.45,VOTV 050440Z AUTO 19003KT 30/23 A2988 RMK T03000230 IEM_DS3505,M
VOTV,2004-03-05 05:40,76.9500,8.4667,87.80,69.80,55.29,250.00,4.00,M,29.85,M,5.00,M,M,M,M,M,M,M,M,M,M,M,M,M,M,M,M,92.71,VOTV 050540Z AUTO 25004KT 5SM 31/21 A2985 RMK T03100210 IEM_DS3505,M
VOTV,2004-03-05 06:40,76.9500,8.4667,87.80,68.00,51.98,250.00,8.00,M,29.83,M,5.00,M,M,M,M,M,M,M,M,M,M,M,M,M,M,M,M,91.43,VOTV 050640Z AUTO 25008KT 5SM 31/20 A2983 RMK T03100200 IEM_DS3505,M
VOTV,2004-03-05 07:40,76.9500,8.4667,87.80,68.00,51.98,250.00,10.00,M,29.80,M,7.00,M,M,M,M,M,M,M,M,M,M,M,M,M,M,M,M,91.43,VOTV 050740Z AUTO 25010KT 7SM 31/20 A2980 RMK T03100200 IEM_DS3505,M
VOTV,2004-03-05 08:40,76.9500,8.4667,87.80,68.00,51.98,270.00,9.00,M,29.77,M,7.00,M,M,M,M,M,M,M,M,M,M,M,M,M,M,M,M,91.43,VOTV 050840Z AUTO 27009KT 7SM 31/20 A2977 RMK T03100200 IEM_DS3505,M
VOTV,2004-03-05 09:40,76.9500,8.4667,89.60,68.00,49.10,210.00,5.00,M,29.74,M,7.00,M,M,M,M,M,M,M,M,M,M,M,M,M,M,M,M,93.47,VOTV 050940Z AUTO 21005KT 7SM 32/20 A2974 RMK T03200200 IEM_DS3505,M
VOTV,2004-03-05 10:40,76.9500,8.4667,87.80,64.40,45.88,190.00,5.00,M,29.71,M,7.00,M,M,M,M,M,M,M,M,M,M,M,M,M,M,M,M,89.33,VOTV 051040Z AUTO 19005KT 7SM 31/18 A2971 RMK T03100180 IEM_DS3505,M
VOTV,2004-03-05 11:40,76.9500,8.4667,87.80,69.80,55.29,120.00,5.00,M,29.71,M,5.00,M,M,M,M,M,M,M,M,M,M,M,M,M,M,M,M,92.71,VOTV 051140Z AUTO 12005KT 5SM 31/21 A2971 RMK T03100210 IEM_DS3505,M
VOTV,2004-03-05 13:40,76.9500,8.4667,84.20,69.80,62.03,0.00,0.00,M,29.74,M,M,M,M,M,M,M,M,M,M,M,M,M,M,M,M,M,M,88.43,VOTV 051340Z AUTO 00000KT 29/21 A2974 RMK T02900210 IEM_DS3505,M
VOTV,2004-03-05 15:40,76.9500,8.4667,82.40,69.80,65.74,0.00,0.00,M,29.80,M,2.50,M,M,M,M,M,M,M,M,M,M,M,M,M,M,M,M,86.22,VOTV 051540Z AUTO 00000KT 2 1/2SM 28/21 A2980 RMK T02800210 IEM_DS3505,M
VOTV,2004-03-06 01:40,76.9500,8.4667,77.00,69.80,78.48,0.00,0.00,M,29.83,M,1.50,M,M,M,M,M,M,M,M,M,M,M,M,M,M,M,M,78.09,VOTV 060140Z AUTO 00000KT 1 1/2SM 25/21 A2983 RMK T02500210 IEM_DS3505,M
VOTV,2004-03-06 03:40,76.9500,8.4667,84.20,73.40,70.08,0.00,0.00,M,29.88,M,2.00,M,M,M,M,M,M,M,M,M,M,M,M,M,M,M,M,90.94,VOTV 060340Z AUTO 00000KT 2SM 29/23 A2988 RMK T02900230 IEM_DS3505,M
VOTV,2004-03-06 04:40,76.9500,8.4667,87.80,66.20,48.84,340.00,5.00,M,29.88,M,M,M,M,M,M,M,M,M,M,M,M,M,M,M,M,M,M,90.31,VOTV 060440Z AUTO 34005KT 31/19 A2988 RMK T03100190 IEM_DS3505,M
VOTV,2004-03-06 06:40,76.9500,8.4667,89.60,68.00,49.10,290.00,12.00,M,29.85,M,M,M,M,M,M,M,M,M,M,M,M,M,M,M,M,M,M,93.47,VOTV 060640Z AUTO 29012KT 32/20 A2985 RMK T03200200 IEM_DS3505,M
VOTV,2004-03-06 07:40,76.9500,8.4667,87.80,71.60,58.78,280.00,11.00,M,29.83,M,M,M,M,M,M,M,M,M,M,M,M,M,M,M,M,M,M,94.18,VOTV 060740Z AUTO 28011KT 31/22 A2983 RMK T03100220 IEM_DS3505,M
VOTV,2004-03-06 09:40,76.9500,8.4667,87.80,69.80,55.29,270.00,8.00,M,29.77,M,M,18.00,M,M,M,M,M,M,M,M,M,M,M,M,M,M,M,92.71,VOTV 060940Z AUTO 27008G18KT 31/21 A2977 RMK T03100210 IEM_DS3505,M
VOTV,2004-03-06 11:40,76.9500,8.4667,87.80,73.40,62.47,290.00,4.00,M,29.77,M,M,M,M,M,M,M,M,M,M,M,M,M,M,M,M,M,M,95.86,VOTV 061140Z AUTO 29004KT 31/23 A2977 RMK T03100230 IEM_DS3505,M
VOTV,2004-03-06 12:40,76.9500,8.4667,86.00,71.60,62.25,270.00,7.00,M,29.77,M,M,M,M,M,M,M,M,M,M,M,M,M,M,M,M,M,M,91.92,VOTV 061240Z AUTO 27007KT 30/22 A2977 RMK T03000220 IEM_DS3505,M
VOTV,2004-03-06 13:40,76.9500,8.4667,84.20,73.40,70.08,310.00,3.00,M,29.80,M,M,M,M,M,M,M,M,M,M,M,M,M,M,M,M,M,M,90.94,VOTV 061340Z AUTO 31003KT 29/23 A2980 RMK T02900230 IEM_DS3505,M
VOTV,2004-03-06 14:40,76.9500,8.4667,84.20,73.40,70.08,0.00,0.00,M,M,M,4.00,M,M,M,M,M,M,M,M,M,M,M,M,M,M,M,M,90.94,VOTV 061440Z AUTO 00000KT 4SM 29/23 RMK T02900230 IEM_DS3505,M
VOTV,2004-03-06 15:40,76.9500,8.4667,84.20,73.40,70.08,0.00,0.00,M,M,M,2.50,M,M,M,M,M,M,M,M,M,M,M,M,M,M,M,M,90.94,VOTV 061540Z AUTO 00000KT 2 1/2SM 29/23 RMK T02900230 IEM_DS3505,M
VOTV,2004-03-07 01:40,76.9500,8.4667,78.80,71.60,78.62,0.00,0.00,M,29.85,M,1.50,M,M,M,M,M,M,M,M,M,M,M,M,M,M,M,M,81.70,VOTV 070140Z AUTO 00000KT 1 1/2SM 26/22 A2985 RMK T02600220 IEM_DS3505,M
VOTV,2004-03-07 05:40,76.9500,8.4667,89.60,69.80,52.23,260.00,6.00,M,29.85,M,5.00,M,M,M,M,M,M,M,M,M,M,M,M,M,M,M,M,94.85,VOTV 070540Z AUTO 26006KT 5SM 32/21 A2985 RMK T03200210 IEM_DS3505,M
VOTV,2004-03-07 06:40,76.9500,8.4667,87.80,71.60,58.78,240.00,6.00,M,29.83,M,5.00,M,M,M,M,M,M,M,M,M,M,M,M,M,M,M,M,94.18,VOTV 070640Z AUTO 24006KT 5SM 31/22 A2983 RMK T03100220 IEM_DS3505,M
VOTV,2004-03-07 07:40,76.9500,8.4667,89.60,71.60,55.53,270.00,8.00,M,29.80,M,M,M,M,M,M,M,M,M,M,M,M,M,M,M,M,M,M,96.41,VOTV 070740Z AUTO 27008KT 32/22 A2980 RMK T03200220 IEM_DS3505,M
VOTV,2004-03-07 08:40,76.9500,8.4667,87.80,71.60,58.78,260.00,8.00,M,29.80,M,M,M,M,M,M,M,M,M,M,M,M,M,M,M,M,M,M,94.18,VOTV 070840Z AUTO 26008KT 31/22 A2980 RMK T03100220 IEM_DS3505,M
VOTV,2004-03-07 11:40,76.9500,8.4667,86.00,73.40,66.15,270.00,5.00,M,29.77,M,M,M,M,M,M,M,M,M,M,M,M,M,M,M,M,M,M,93.45,VOTV 071140Z AUTO 27005KT 30/23 A2977 RMK T03000230 IEM_DS3505,M
VOTV,2004-03-07 12:40,76.9500,8.4667,M,M,M,260.00,4.00,M,M,M,4.00,M,M,M,M,M,M,M,M,M,M,M,M,M,M,M,M,M,VOTV 071240Z AUTO 26004KT 4SM RMK IEM_DS3505,M
VOTV,2004-03-07 13:40,76.9500,8.4667,M,M,M,290.00,7.00,M,M,M,4.00,M,M,M,M,M,M,M,M,M,M,M,M,M,M,M,M,M,VOTV 071340Z AUTO 29007KT 4SM RMK IEM_DS3505,M
VOTV,2004-03-07 14:40,76.9500,8.4667,M,M,M,290.00,8.00,M,M,M,4.00,M,M,M,M,M,M,M,M,M,M,M,M,M,M,M,M,M,VOTV 071440Z AUTO 29008KT 4SM RMK IEM_DS3505,M
VOTV,2004-03-07 16:40,76.9500,8.4667,M,M,M,0.00,0.00,M,M,M,2.50,M,M,M,M,M,M,M,M,M,M,M,M,M,M,M,M,M,VOTV 071640Z AUTO 00000KT 2 1/2SM RMK IEM_DS3505,M
VOTV,2004-03-07 17:40,76.9500,8.4667,M,M,M,0.00,0.00,M,M,M,2.50,M,M,M,M,M,M,M,M,M,M,M,M,M,M,M,M,M,VOTV 071740Z AUTO 00000KT 2 1/2SM RMK IEM_DS3505,M
VOTV,2004-03-07 23:40,76.9500,8.4667,M,M,M,0.00,0.00,M,M,M,2.00,M,M,M,M,M,M,M,M,M,M,M,M,M,M,M,M,M,VOTV 072340Z AUTO 00000KT 2SM RMK IEM_DS3505,M
VOTV,2004-03-08 00:40,76.9500,8.4667,77.00,73.40,88.67,0.00,0.00,M,29.85,M,2.00,M,M,M,M,M,M,M,M,M,M,M,M,M,M,M,M,78.57,VOTV 080040Z AUTO 00000KT 2SM 25/23 A2985 RMK T02500230 IEM_DS3505,M
VOTV,2004-03-08 01:40,76.9500,8.4667,77.00,71.60,83.44,0.00,0.00,M,29.88,M,1.25,M,M,M,M,M,M,M,M,M,M,M,M,M,M,M,M,78.32,VOTV 080140Z AUTO 00000KT 1 1/4SM 25/22 A2988 RMK T02500220 IEM_DS3505,M
VOTV,2004-03-08 02:40,76.9500,8.4667,80.60,71.60,74.11,0.00,0.00,M,29.91,M,2.00,M,M,M,M,M,M,M,M,M,M,M,M,M,M,M,M,84.57,VOTV 080240Z AUTO 00000KT 2SM 27/22 A2991 RMK T02700220 IEM_DS3505,M
VOTV,2004-03-08 04:40,76.9500,8.4667,86.00,71.60,62.25,M,M,M,29.91,M,M,M,M,M,M,M,M,M,M,M,M,M,M,M,M,M,M,91.92,VOTV 080440Z AUTO 30/22 A2991 RMK T03000220 IEM_DS3505,M
VOTV,2004-03-08 05:40,76.9500,8.4667,87.80,71.60,58.78,180.00,4.00,M,29.91,M,M,M,M,M,M,M,M,M,M,M,M,M,M,M,M,M,M,94.18,VOTV 080540Z AUTO 18004KT 31/22 A2991 RMK T03100220 IEM_DS3505,M
VOTV,2004-03-08 06:40,76.9500,8.4667,87.80,71.60,58.78,190.00,6.00,M,29.88,M,M,M,M,M,M,M,M,M,M,M,M,M,M,M,M,M,M,94.18,VOTV 080640Z AUTO 19006KT 31/22 A2988 RMK T03100220 IEM_DS3505,M
VOTV,2004-03-08 07:40,76.9500,8.4667,89.60,69.80,52.23,210.00,8.00,M,29.88,M,5.00,M,M,M,M,M,M,M,M,M,M,M,M,M,M,M,M,94.85,VOTV 080740Z AUTO 21008KT 5SM 32/21 A2988 RMK T03200210 IEM_DS3505,M
VOTV,2004-03-08 08:40,76.9500,8.4667,89.60,71.60,55.53,190.00,8.00,M,29.83,M,5.00,M,M,M,M,M,M,M,M,M,M,M,M,M,M,M,M,96.41,VOTV 080840Z AUTO 19008KT 5SM 32/22 A2983 RMK T03200220 IEM_DS3505,M
VOTV,2004-03-08 09:40,76.9500,8.4667,89.60,68.00,49.10,210.00,8.00,M,29.83,M,5.00,M,M,M,M,M,M,M,M,M,M,M,M,M,M,M,M,93.47,VOTV 080940Z AUTO 21008KT 5SM 32/20 A2983 RMK T03200200 IEM_DS3505,M
VOTV,2004-03-08 11:40,76.9500,8.4667,89.60,64.40,43.34,210.00,4.00,M,29.80,M,5.00,M,M,M,M,M,M,M,M,M,M,M,M,M,M,M,M,91.23,VOTV 081140Z AUTO 21004KT 5SM 32/18 A2980 RMK T03200180 IEM_DS3505,M
VOTV,2004-03-08 12:40,76.9500,8.4667,87.80,68.00,51.98,0.00,0.00,M,29.83,M,5.00,M,M,M,M,M,M,M,M,M,M,M,M,M,M,M,M,91.43,VOTV 081240Z AUTO 00000KT 5SM 31/20 A2983 RMK T03100200 IEM_DS3505,M
VOTV,2004-03-08 13:40,76.9500,8.4667,86.00,73.40,66.15,200.00,4.00,M,29.83,M,M,M,M,M,M,M,M,M,M,M,M,M,M,M,M,M,M,93.45,VOTV 081340Z AUTO 20004KT 30/23 A2983 RMK T03000230 IEM_DS3505,M
VOTV,2004-03-08 16:40,76.9500,8.4667,82.40,71.60,69.90,0.00,0.00,M,29.91,M,M,M,M,M,M,M,M,M,M,M,M,M,M,M,M,M,M,87.18,VOTV 081640Z AUTO 00000KT 28/22 A2991 RMK T02800220 IEM_DS3505,M
VOTV,2004-03-08 18:40,76.9500,8.4667,80.60,73.40,78.76,0.00,0.00,M,29.88,M,2.50,M,M,M,M,M,M,M,M,M,M,M,M,M,M,M,M,85.32,VOTV 081840Z AUTO 00000KT 2 1/2SM 27/23 A2988 RMK T02700230 IEM_DS3505,M
VOTV,2004-03-08 19:40,76.9500,8.4667,80.60,73.40,78.76,0.00,0.00,M,29.88,M,2.50,M,M,M,M,M,M,M,M,M,M,M,M,M,M,M,M,85.32,VOTV 081940Z AUTO 00000KT 2 1/2SM 27/23 A2988 RMK T02700230 IEM_DS3505,M
VOTV,2004-03-08 23:40,76.9500,8.4667,77.00,71.60,83.44,0.00,0.00,M,29.85,M,2.50,M,M,M,M,M,M,M,M,M,M,M,M,M,M,M,M,78.32,VOTV 082340Z AUTO 00000KT 2 1/2SM 25/22 A2985 RMK T02500220 IEM_DS3505,M
VOTV,2004-03-09 00:40,76.9500,8.4667,77.00,71.60,83.44,0.00,0.00,M,29.85,M,2.00,M,M,M,M,M,M,M,M,M,M,M,M,M,M,M,M,78.32,VOTV 090040Z AUTO 00000KT 2SM 25/22 A2985 RMK T02500220 IEM_DS3505,M
VOTV,2004-03-09 01:40,76.9500,8.4667,77.00,71.60,83.44,0.00,0.00,M,29.88,M,1.25,M,M,M,M,M,M,M,M,M,M,M,M,M,M,M,M,78.32,VOTV 090140Z AUTO 00000KT 1 1/4SM 25/22 A2988 RMK T02500220 IEM_DS3505,M
VOTV,2004-03-09 04:40,76.9500,8.4667,87.80,68.00,51.98,240.00,3.00,M,29.91,M,M,M,M,M,M,M,M,M,M,M,M,M,M,M,M,M,M,91.43,VOTV 090440Z AUTO 24003KT 31/20 A2991 RMK T03100200 IEM_DS3505,M
VOTV,2004-03-09 05:40,76.9500,8.4667,89.60,66.20,46.14,180.00,6.00,M,29.88,M,M,M,M,M,M,M,M,M,M,M,M,M,M,M,M,M,M,92.27,VOTV 090540Z AUTO 18006KT 32/19 A2988 RMK T03200190 IEM_DS3505,M
VOTV,2004-03-09 06:40,76.9500,8.4667,89.60,69.80,52.23,260.00,6.00,M,29.85,M,5.00,M,M,M,M,M,M,M,M,M,M,M,M,M,M,M,M,94.85,VOTV 090640Z AUTO 26006KT 5SM 32/21 A2985 RMK T03200210 IEM_DS3505,M
VOTV,2004-03-09 07:40,76.9500,8.4667,89.60,69.80,52.23,210.00,6.00,M,29.83,M,5.00,M,M,M,M,M,M,M,M,M,M,M,M,M,M,M,M,94.85,VOTV 090740Z AUTO 21006KT 5SM 32/21 A2983 RMK T03200210 IEM_DS3505,M
VOTV,2004-03-09 08:40,76.9500,8.4667,89.60,69.80,52.23,190.00,7.00,M,29.80,M,5.00,M,M,M,M,M,M,M,M,M,M,M,M,M,M,M,M,94.85,VOTV 090840Z AUTO 19007KT 5SM 32/21 A2980 RMK T03200210 IEM_DS3505,M
VOTV,2004-03-09 09:40,76.9500,8.4667,89.60,69.80,52.23,230.00,6.00,M,29.77,M,5.00,M,M,M,M,M,M,M,M,M,M,M,M,M,M,M,M,94.85,VOTV 090940Z AUTO 23006KT 5SM 32/21 A2977 RMK T03200210 IEM_DS3505,M
VOTV,2004-03-09 10:40,76.9500,8.4667,87.80,71.60,58.78,230.00,6.00,M,29.77,M,5.00,M,M,M,M,M,M,M,M,M,M,M,M,M,M,M,M,94.18,VOTV 091040Z AUTO 23006KT 5SM 31/22 A2977 RMK T03100220 IEM_DS3505,M
VOTV,2004-03-09 11:40,76.9500,8.4667,M,M,M,230.00,6.00,M,M,M,4.00,M,M,M,M,M,M,M,M,M,M,M,M,M,M,M,M,M,VOTV 091140Z AUTO 23006KT 4SM RMK IEM_DS3505,M
VOTV,2004-03-09 13:40,76.9500,8.4667,86.00,71.60,62.25,0.00,0.00,M,29.80,M,3.00,M,M,M,M,M,M,M,M,M,M,M,M,M,M,M,M,91.92,VOTV 091340Z AUTO 00000KT 3SM 30/22 A2980 RMK T03000220 IEM_DS3505,M
VOTV,2004-03-09 14:40,76.9500,8.4667,84.20,73.40,70.08,0.00,0.00,M,29.83,M,3.00,M,M,M,M,M,M,M,M,M,M,M,M,M,M,M,M,90.94,VOTV 091440Z AUTO 00000KT 3SM 29/23 A2983 RMK T02900230 IEM_DS3505,M
VOTV,2004-03-09 23:40,76.9500,8.4667,78.80,75.20,88.75,0.00,0.00,M,29.80,M,2.00,M,M,M,M,M,M,M,M,M,M,M,M,M,M,M,M,82.38,VOTV 092340Z AUTO 00000KT 2SM 26/24 A2980 RMK T02600240 IEM_DS3505,M
VOTV,2004-03-10 01:40,76.9500,8.4667,78.80,75.20,88.75,0.00,0.00,M,29.83,M,1.50,M,M,M,M,M,M,M,M,M,M,M,M,M,M,M,M,82.38,VOTV 100140Z AUTO 00000KT 1 1/2SM 26/24 A2983 RMK T02600240 IEM_DS3505,M
VOTV,2004-03-10 02:40,76.9500,8.4667,84.20,68.00,58.32,0.00,0.00,M,29.85,M,2.00,M,M,M,M,M,M,M,M,M,M,M,M,M,M,M,M,87.40,VOTV 100240Z AUTO 00000KT 2SM 29/20 A2985 RMK T02900200 IEM_DS3505,M
VOTV,2004-03-10 05:40,76.9500,8.4667,87.80,71.60,58.78,200.00,3.00,M,29.83,M,5.00,M,M,M,M,M,M,M,M,M,M,M,M,M,M,M,M,94.18,VOTV 100540Z AUTO 20003KT 5SM 31/22 A2983 RMK T03100220 IEM_DS3505,M
VOTV,2004-03-10 06:40,76.9500,8.4667,87.80,69.80,55.29,250.00,9.00,M,29.80,M,7.00,M,M,M,M,M,M,M,M,M,M,M,M,M,M,M,M,92.71,VOTV 100640Z AUTO 25009KT 7SM 31/21 A2980 RMK T03100210 IEM_DS3505,M
VOTV,2004-03-10 07:40,76.9500,8.4667,89.60,71.60,55.53,250.00,10.00,M,29.77,M,7.00,M,M,M,M,M,M,M,M,M,M,M,M,M,M,M,M,96.41,VOTV 100740Z AUTO 25010KT 7SM 32/22 A2977 RMK T03200220 IEM_DS3505,M
VOTV,2004-03-10 09:40,76.9500,8.4667,89.60,71.60,55.53,230.00,7.00,M,29.74,M,7.00,M,M,M,M,M,M,M,M,M,M,M,M,M,M,M,M,96.41,VOTV 100940Z AUTO 23007KT 7SM 32/22 A2974 RMK T03200220 IEM_DS3505,M
VOTV,2004-03-10 10:40,76.9500,8.4667,87.80,71.60,58.78,270.00,11.00,M,29.71,M,5.00,M,M,M,M,M,M,M,M,M,M,M,M,M,M,M,M,94.18,VOTV 101040Z AUTO 27011KT 5SM 31/22 A2971 RMK T03100220 IEM_DS3505,M
VOTV,2004-03-10 12:40,76.9500,8.4667,86.00,73.40,66.15,260.00,5.00,M,29.74,M,M,M,M,M,M,M,M,M,M,M,M,M,M,M,M,M,M,93.45,VOTV 101240Z AUTO 26005KT 30/23 A2974 RMK T03000230 IEM_DS3505,M
VOTV,2004-03-10 13:40,76.9500,8.4667,86.00,73.40,66.15,210.00,4.00,M,29.77,M,M,M,M,M,M,M,M,M,M,M,M,M,M,M,M,M,M,93.45,VOTV 101340Z AUTO 21004KT 30/23 A2977 RMK T03000230 IEM_DS3505,M
VOTV,2004-03-10 16:40,76.9500,8.4667,84.20,73.40,70.08,0.00,0.00,M,29.83,M,M,M,M,M,M,M,M,M,M,M,M,M,M,M,M,M,M,90.94,VOTV 101640Z AUTO 00000KT 29/23 A2983 RMK T02900230 IEM_DS3505,M
VOTV,2004-03-10 23:40,76.9500,8.4667,78.80,73.40,83.55,0.00,0.00,M,29.77,M,2.50,M,M,M,M,M,M,M,M,M,M,M,M,M,M,M,M,82.03,VOTV 102340Z AUTO 00000KT 2 1/2SM 26/23 A2977 RMK T02600230 IEM_DS3505,M
VOTV,2004-03-11 01:40,76.9500,8.4667,78.80,75.20,88.75,0.00,0.00,M,29.83,M,1.50,M,M,M,M,M,M,M,M,M,M,M,M,M,M,M,M,82.38,VOTV 110140Z AUTO 00000KT 1 1/2SM 26/24 A2983 RMK T02600240 IEM_DS3505,M
VOTV,2004-03-11 02:40,76.9500,8.4667,84.20,75.20,74.44,0.00,0.00,M,29.85,M,1.50,M,M,M,M,M,M,M,M,M,M,M,M,M,M,M,M,92.45,VOTV 110240Z AUTO 00000KT 1 1/2SM 29/24 A2985 RMK T02900240 IEM_DS3505,M
VOTV,2004-03-11 03:40,76.9500,8.4667,87.80,71.60,58.78,0.00,0.00,M,29.85,M,2.00,M,M,M,M,M,M,M,M,M,M,M,M,M,M,M,M,94.18,VOTV 110340Z AUTO 00000KT 2SM 31/22 A2985 RMK T03100220 IEM_DS3505,M
VOTV,2004-03-11 04:40,76.9500,8.4667,86.00,66.20,51.72,180.00,6.00,M,29.88,M,M,M,M,M,M,M,M,M,M,M,M,M,M,M,M,M,M,88.39,VOTV 110440Z AUTO 18006KT 30/19 A2988 RMK T03000190 IEM_DS3505,M
VOTV,2004-03-11 05:40,76.9500,8.4667,87.80,68.00,51.98,190.00,9.00,M,29.85,M,M,M,M,M,M,M,M,M,M,M,M,M,M,M,M,M,M,91.43,VOTV 110540Z AUTO 19009KT 31/20 A2985 RMK T03100200 IEM_DS3505,M
VOTV,2004-03-11 06:40,76.9500,8.4667,87.80,73.40,62.47,220.00,8.00,M,29.83,M,5.00,M,M,M,M,M,M,M,M,M,M,M,M,M,M,M,M,95.86,VOTV 110640Z AUTO 22008KT 5SM 31/23 A2983 RMK T03100230 IEM_DS3505,M
VOTV,2004-03-11 09:40,76.9500,8.4667,89.60,71.60,55.53,220.00,4.00,M,29.77,M,5.00,M,M,M,M,M,M,M,M,M,M,M,M,M,M,M,M,96.41,VOTV 110940Z AUTO 22004KT 5SM 32/22 A2977 RMK T03200220 IEM_DS3505,M
VOTV,2004-03-11 11:40,76.9500,8.4667,87.80,69.80,55.29,190.00,5.00,M,29.74,M,M,M,M,M,M,M,M,M,M,M,M,M,M,M,M,M,M,92.71,VOTV 111140Z AUTO 19005KT 31/21 A2974 RMK T03100210 IEM_DS3505,M
VOTV,2004-03-11 13:40,76.9500,8.4667,86.00,69.80,58.55,0.00,0.00,M,29.80,M,M,M,M,M,M,M,M,M,M,M,M,M,M,M,M,M,M,90.58,VOTV 111340Z AUTO 00000KT 30/21 A2980 RMK T03000210 IEM_DS3505,M
VOTV,2004-03-11 14:40,76.9500,8.4667,86.00,75.20,70.27,0.00,0.00,M,29.83,M,M,M,M,M,M,M,M,M,M,M,M,M,M,M,M,M,M,95.19,VOTV 111440Z AUTO 00000KT 30/24 A2983 RMK T03000240 IEM_DS3505,M
VOTV,2004-03-11 15:40,76.9500,8.4667,86.00,71.60,62.25,0.00,0.00,M,29.85,M,M,M,M,M,M,M,M,M,M,M,M,M,M,M,M,M,M,91.92,VOTV 111540Z AUTO 00000KT 30/22 A2985 RMK T03000220 IEM_DS3505,M
VOTV,2004-03-11 16:40,76.9500,8.4667,86.00,71.60,62.25,0.00,0.00,M,29.88,M,4.00,M,M,M,M,M,M,M,M,M,M,M,M,M,M,M,M,91.92,VOTV 111640Z AUTO 00000KT 4SM 30/22 A2988 RMK T03000220 IEM_DS3505,M
VOTV,2004-03-11 17:40,76.9500,8.4667,84.20,73.40,70.08,0.00,0.00,M,29.88,M,M,M,M,M,M,M,M,M,M,M,M,M,M,M,M,M,M,90.94,VOTV 111740Z AUTO 00000KT 29/23 A2988 RMK T02900230 IEM_DS3505,M
VOTV,2004-03-11 23:40,76.9500,8.4667,78.80,71.60,78.62,0.00,0.00,M,29.83,M,2.50,M,M,M,M,M,M,M,M,M,M,M,M,M,M,M,M,81.70,VOTV 112340Z AUTO 00000KT 2 1/2SM 26/22 A2983 RMK T02600220 IEM_DS3505,M
VOTV,2004-03-12 00:40,76.9500,8.4667,78.80,75.20,88.75,0.00,0.00,M,29.85,M,2.00,M,M,M,M,M,M,M,M,M,M,M,M,M,M,M,M,82.38,VOTV 120040Z AUTO 00000KT 2SM 26/24 A2985 RMK T02600240 IEM_DS3505,M
VOTV,2004-03-12 01:40,76.9500,8.4667,78.80,71.60,78.62,0.00,0.00,M,29.85,M,1.50,M,M,M,M,M,M,M,M,M,M,M,M,M,M,M,M,81.70,VOTV 120140Z AUTO 00000KT 1 1/2SM 26/22 A2985 RMK T02600220 IEM_DS3505,M
VOTV,2004-03-12 02:40,76.9500,8.4667,82.40,73.40,74.28,0.00,0.00,M,29.88,M,2.00,M,M,M,M,M,M,M,M,M,M,M,M,M,M,M,M,88.26,VOTV 120240Z AUTO 00000KT 2SM 28/23 A2988 RMK T02800230 IEM_DS3505,M
VOTV,2004-03-12 04:40,76.9500,8.4667,87.80,68.00,51.98,0.00,0.00,M,29.91,M,M,M,M,M,M,M,M,M,M,M,M,M,M,M,M,M,M,91.43,VOTV 120440Z AUTO 00000KT 31/20 A2991 RMK T03100200 IEM_DS3505,M
VOTV,2004-03-12 05:40,76.9500,8.4667,87.80,68.00,51.98,260.00,6.00,M,29.88,M,5.00,M,M,M,M,M,M,M,M,M,M,M,M,M,M,M,M,91.43,VOTV 120540Z AUTO 26006KT 5SM 31/20 A2988 RMK T03100200 IEM_DS3505,M
VOTV,2004-03-12 06:40,76.9500,8.4667,89.60,68.00,49.10,250.00,4.00,M,29.85,M,5.00,M,M,M,M,M,M,M,M,M,M,M,M,M,M,M,M,93.47,VOTV 120640Z AUTO 25004KT 5SM 32/20 A2985 RMK T03200200 IEM_DS3505,M
VOTV,2004-03-12 07:40,76.9500,8.4667,87.80,66.20,48.84,260.00,5.00,M,29.83,M,5.00,M,M,M,M,M,M,M,M,M,M,M,M,M,M,M,M,90.31,VOTV 120740Z AUTO 26005KT 5SM 31/19 A2983 RMK T03100190 IEM_DS3505,M
VOTV,2004-03-12 08:40,76.9500,8.4667,89.60,69.80,52.23,240.00,7.00,M,29.77,M,5.00,M,M,M,M,M,M,M,M,M,M,M,M,M,M,M,M,94.85,VOTV 120840Z AUTO 24007KT 5SM 32/21 A2977 RMK T03200210 IEM_DS3505,M
VOTV,2004-03-12 09:40,76.9500,8.4667,89.60,69.80,52.23,230.00,10.00,M,29.77,M,5.00,M,M,M,M,M,M,M,M,M,M,M,M,M,M,M,M,94.85,VOTV 120940Z AUTO 23010KT 5SM 32/21 A2977 RMK T03200210 IEM_DS3505,M
VOTV,2004-03-12 15:40,76.9500,8.4667,84.20,75.20,74.44,0.00,0.00,M,29.88,M,3.00,M,M,M,M,M,M,M,M,M,M,M,M,M,M,M,M,92.45,VOTV 121540Z AUTO 00000KT 3SM 29/24 A2988 RMK T02900240 IEM_DS3505,M
VOTV,2004-03-12 16:40,76.9500,8.4667,84.20,75.20,74.44,0.00,0.00,M,29.88,M,2.50,M,M,M,M,M,M,M,M,M,M,M,M,M,M,M,M,92.45,VOTV 121640Z AUTO 00000KT 2 1/2SM 29/24 A2988 RMK T02900240 IEM_DS3505,M
VOTV,2004-03-12 23:40,76.9500,8.4667,78.80,75.20,88.75,0.00,0.00,M,29.85,M,2.50,M,M,M,M,M,M,M,M,M,M,M,M,M,M,M,M,82.38,VOTV 122340Z AUTO 00000KT 2 1/2SM 26/24 A2985 RMK T02600240 IEM_DS3505,M
VOTV,2004-03-13 01:40,76.9500,8.4667,78.80,73.40,83.55,0.00,0.00,M,29.88,M,1.50,M,M,M,M,M,M,M,M,M,M,M,M,M,M,M,M,82.03,VOTV 130140Z AUTO 00000KT 1 1/2SM 26/23 A2988 RMK T02600230 IEM_DS3505,M
VOTV,2004-03-13 04:40,76.9500,8.4667,87.80,73.40,62.47,230.00,6.00,M,29.94,M,5.00,M,M,M,M,M,M,M,M,M,M,M,M,M,M,M,M,95.86,VOTV 130440Z AUTO 23006KT 5SM 31/23 A2994 RMK T03100230 IEM_DS3505,M
VOTV,2004-03-13 05:40,76.9500,8.4667,87.80,73.40,62.47,220.00,7.00,M,29.91,M,5.00,M,M,M,M,M,M,M,M,M,M,M,M,M,M,M,M,95.86,VOTV 130540Z AUTO 22007KT 5SM 31/23 A2991 RMK T03100230 IEM_DS3505,M
VOTV,2004-03-13 06:40,76.9500,8.4667,89.60,73.40,59.01,200.00,6.00,M,29.88,M,5.00,M,M,M,M,M,M,M,M,M,M,M,M,M,M,M,M,98.20,VOTV 130640Z AUTO 20006KT 5SM 32/23 A2988 RMK T03200230 IEM_DS3505,M
VOTV,2004-03-13 07:40,76.9500,8.4667,89.60,71.60,55.53,180.00,6.00,M,29.85,M,5.00,M,M,M,M,M,M,M,M,M,M,M,M,M,M,M,M,96.41,VOTV 130740Z AUTO 18006KT 5SM 32/22 A2985 RMK T03200220 IEM_DS3505,M
VOTV,2004-03-13 08:40,76.9500,8.4667,89.60,71.60,55.53,250.00,8.00,M,29.88,M,5.00,M,M,M,M,M,M,M,M,M,M,M,M,M,M,M,M,96.41,VOTV 130840Z AUTO 25008KT 5SM 32/22 A2988 RMK T03200220 IEM_DS3505,M
VOTV,2004-03-13 09:40,76.9500,8.4667,89.60,73.40,59.01,270.00,5.00,M,29.80,M,5.00,M,M,M,M,M,M,M,M,M,M,M,M,M,M,M,M,98.20,VOTV 130940Z AUTO 27005KT 5SM 32/23 A2980 RMK T03200230 IEM_DS3505,M
VOTV,2004-03-13 10:40,76.9500,8.4667,87.80,71.60,58.78,230.00,6.00,M,29.80,M,5.00,M,M,M,M,M,M,M,M,M,M,M,M,M,M,M,M,94.18,VOTV 131040Z AUTO 23006KT 5SM 31/22 A2980 RMK T03100220 IEM_DS3505,M
VOTV,2004-03-13 11:40,76.9500,8.4667,89.60,71.60,55.53,240.00,6.00,M,29.80,M,5.00,M,M,M,M,M,M,M,M,M,M,M,M,M,M,M,M,96.41,VOTV 131140Z AUTO 24006KT 5SM 32/22 A2980 RMK T03200220 IEM_DS3505,M
VOTV,2004-03-13 12:40,76.9500,8.4667,87.80,73.40,62.47,0.00,0.00,M,29.83,M,M,M,M,M,M,M,M,M,M,M,M,M,M,M,M,M,M,95.86,VOTV 131240Z AUTO 00000KT 31/23 A2983 RMK T03100230 IEM_DS3505,M
VOTV,2004-03-13 13:40,76.9500,8.4667,86.00,75.20,70.27,0.00,0.00,M,29.85,M,2.50,M,M,M,M,M,M,M,M,M,M,M,M,M,M,M,M,95.19,VOTV 131340Z AUTO 00000KT 2 1/2SM 30/24 A2985 RMK T03000240 IEM_DS3505,M
VOTV,2004-03-13 14:40,76.9500,8.4667,86.00,75.20,70.27,0.00,0.00,M,29.88,M,2.50,M,M,M,M,M,M,M,M,M,M,M,M,M,M,M,M,95.19,VOTV 131440Z AUTO 00000KT 2 1/2SM 30/24 A2988 RMK T03000240 IEM_DS3505,M
VOTV,2004-03-13 16:40,76.9500,8.4667,86.00,75.20,70.27,0.00,0.00,M,29.91,M,2.50,M,M,M,M,M,M,M,M,M,M,M,M,M,M,M,M,95.19,VOTV 131640Z AUTO 00000KT 2 1/2SM 30/24 A2991 RMK T03000240 IEM_DS3505,M
VOTV,2004-03-14 01:40,76.9500,8.4667,80.60,75.20,83.66,0.00,0.00,M,29.85,M,2.50,M,M,M,M,M,M,M,M,M,M,M,M,M,M,M,M,86.17,VOTV 140140Z AUTO 00000KT 2 1/2SM 27/24 A2985 RMK T02700240 IEM_DS3505,M
VOTV,2004-03-14 02:40,76.9500,8.4667,84.20,75.20,74.44,0.00,0.00,M,29.91,M,2.50,M,M,M,M,M,M,M,M,M,M,M,M,M,M,M,M,92.45,VOTV 140240Z AUTO 00000KT 2 1/2SM 29/24 A2991 RMK T02900240 IEM_DS3505,M
VOTV,2004-03-14 04:40,76.9500,8.4667,89.60,73.40,59.01,270.00,7.00,M,M,M,5.00,M,M,M,M,M,M,M,M,M,M,M,M,M,M,M,M,98.20,VOTV 140440Z AUTO 27007KT 5SM 32/23 RMK T03200230 IEM_DS3505,M
VOTV,2004-03-14 05:40,76.9500,8.4667,89.60,73.40,59.01,220.00,6.00,M,29.88,M,5.00,M,M,M,M,M,M,M,M,M,M,M,M,M,M,M,M,98.20,VOTV 140540Z AUTO 22006KT 5SM 32/23 A2988 RMK T03200230 IEM_DS3505,M
VOTV,2004-03-14 06:40,76.9500,8.4667,89.60,73.40,59.01,270.00,11.00,M,29.85,M,5.00,M,M,M,M,M,M,M,M,M,M,M,M,M,M,M,M,98.20,VOTV 140640Z AUTO 27011KT 5SM 32/23 A2985 RMK T03200230 IEM_DS3505,M
VOTV,2004-03-14 07:40,76.9500,8.4667,89.60,73.40,59.01,270.00,8.00,M,29.83,M,5.00,M,M,M,M,M,M,M,M,M,M,M,M,M,M,M,M,98.20,VOTV 140740Z AUTO 27008KT 5SM 32/23 A2983 RMK T03200230 IEM_DS3505,M
VOTV,2004-03-14 08:40,76.9500,8.4667,89.60,73.40,59.01,260.00,6.00,M,29.80,M,5.00,M,M,M,M,M,M,M,M,M,M,M,M,M,M,M,M,98.20,VOTV 140840Z AUTO 26006KT 5SM 32/23 A2980 RMK T03200230 IEM_DS3505,M
VOTV,2004-03-14 10:40,76.9500,8.4667,89.60,73.40,59.01,260.00,4.00,M,29.77,M,5.00,M,M,M,M,M,M,M,M,M,M,M,M,M,M,M,M,98.20,VOTV 141040Z AUTO 26004KT 5SM 32/23 A2977 RMK T03200230 IEM_DS3505,M
VOTV,2004-03-14 12:40,76.9500,8.4667,87.80,75.20,66.35,250.00,3.00,M,29.80,M,5.00,M,M,M,M,M,M,M,M,M,M,M,M,M,M,M,M,97.76,VOTV 141240Z AUTO 25003KT 5SM 31/24 A2980 RMK T03100240 IEM_DS3505,M
VOTV,2004-03-14 14:40,76.9500,8.4667,86.00,77.00,74.61,0.00,0.00,M,M,M,3.00,M,M,M,M,M,M,M,M,M,M,M,M,M,M,M,M,97.15,VOTV 141440Z AUTO 00000KT 3SM 30/25 RMK T03000250 IEM_DS3505,M
VOTV,2004-03-14 15:40,76.9500,8.4667,86.00,77.00,74.61,0.00,0.00,M,29.88,M,3.00,M,M,M,M,M,M,M,M,M,M,M,M,M,M,M,M,97.15,VOTV 141540Z AUTO 00000KT 3SM 30/25 A2988 RMK T03000250 IEM_DS3505,M
VOTV,2004-03-14 23:40,76.9500,8.4667,80.60,73.40,78.76,0.00,0.00,M,29.83,M,2.50,M,M,M,M,M,M,M,M,M,M,M,M,M,M,M,M,85.32,VOTV 142340Z AUTO 00000KT 2 1/2SM 27/23 A2983 RMK T02700230 IEM_DS3505,M
VOTV,2004-03-15 01:40,76.9500,8.4667,M,M,M,0.00,0.00,M,M,M,1.50,M,M,M,M,M,M,M,M,M,M,M,M,M,M,M,M,M,VOTV 150140Z AUTO 00000KT 1 1/2SM RMK IEM_DS3505,M
VOTV,2004-03-15 05:40,76.9500,8.4667,87.80,75.20,66.35,250.00,4.00,M,29.88,M,M,M,M,M,M,M,M,M,M,M,M,M,M,M,M,M,M,97.76,VOTV 150540Z AUTO 25004KT 31/24 A2988 RMK T03100240 IEM_DS3505,M
VOTV,2004-03-15 06:40,76.9500,8.4667,M,M,M,240.00,6.00,M,M,M,4.00,M,M,M,M,M,M,M,M,M,M,M,M,M,M,M,M,M,VOTV 150640Z AUTO 24006KT 4SM RMK IEM_DS3505,M
VOTV,2004-03-15 07:40,76.9500,8.4667,M,M,M,230.00,9.00,M,M,M,4.00,M,M,M,M,M,M,M,M,M,M,M,M,M,M,M,M,M,VOTV 150740Z AUTO 23009KT 4SM RMK IEM_DS3505,M
VOTV,2004-03-15 09:40,76.9500,8.4667,M,M,M,260.00,8.00,M,M,M,4.00,M,M,M,M,M,M,M,M,M,M,M,M,M,M,M,M,M,VOTV 150940Z AUTO 26008KT 4SM RMK IEM_DS3505,M
VOTV,2004-03-15 10:40,76.9500,8.4667,91.40,73.40,55.77,240.00,5.00,M,29.77,M,M,M,M,M,M,M,M,M,M,M,M,M,M,M,M,M,M,100.52,VOTV 151040Z AUTO 24005KT 33/23 A2977 RMK T03300230 IEM_DS3505,M
VOTV,2004-03-15 11:40,76.9500,8.4667,M,M,M,250.00,6.00,M,M,M,4.00,M,M,M,M,M,M,M,M,M,M,M,M,M,M,M,M,M,VOTV 151140Z AUTO 25006KT 4SM RMK IEM_DS3505,M
VOTV,2004-03-15 12:40,76.9500,8.4667,M,M,M,0.00,0.00,M,M,M,4.00,M,M,M,M,M,M,M,M,M,M,M,M,M,M,M,M,M,VOTV 151240Z AUTO 00000KT 4SM RMK IEM_DS3505,M
VOTV,2004-03-15 13:40,76.9500,8.4667,M,M,M,220.00,3.00,M,M,M,4.00,M,M,M,M,M,M,M,M,M,M,M,M,M,M,M,M,M,VOTV 151340Z AUTO 22003KT 4SM RMK IEM_DS3505,M
VOTV,2004-03-15 14:40,76.9500,8.4667,M,M,M,290.00,5.00,M,M,M,2.50,M,M,M,M,M,M,M,M,M,M,M,M,M,M,M,M,M,VOTV 151440Z AUTO 29005KT 2 1/2SM RMK IEM_DS3505,M
VOTV,2004-03-15 15:40,76.9500,8.4667,M,M,M,240.00,3.00,M,M,M,2.50,M,M,M,M,M,M,M,M,M,M,M,M,M,M,M,M,M,VOTV 151540Z AUTO 24003KT 2 1/2SM RMK IEM_DS3505,M
VOTV,2004-03-15 16:40,76.9500,8.4667,M,M,M,0.00,0.00,M,M,M,2.50,M,M,M,M,M,M,M,M,M,M,M,M,M,M,M,M,M,VOTV 151640Z AUTO 00000KT 2 1/2SM RMK IEM_DS3505,M
VOTV,2004-03-15 23:40,76.9500,8.4667,M,M,M,0.00,0.00,M,M,M,2.50,M,M,M,M,M,M,M,M,M,M,M,M,M,M,M,M,M,VOTV 152340Z AUTO 00000KT 2 1/2SM RMK IEM_DS3505,M
VOTV,2004-03-16 00:40,76.9500,8.4667,82.40,75.20,78.90,30.00,2.00,M,29.80,M,2.50,M,M,M,M,M,M,M,M,M,M,M,M,M,M,M,M,89.48,VOTV 160040Z AUTO 03002KT 2 1/2SM 28/24 A2980 RMK T02800240 IEM_DS3505,M
VOTV,2004-03-16 01:40,76.9500,8.4667,82.40,75.20,78.90,30.00,3.00,M,29.83,M,1.50,M,M,M,M,M,M,M,M,M,M,M,M,M,M,M,M,89.48,VOTV 160140Z AUTO 03003KT 1 1/2SM 28/24 A2983 RMK T02800240 IEM_DS3505,M
VOTV,2004-03-16 03:40,76.9500,8.4667,87.80,78.80,74.77,110.00,1.00,M,29.88,M,2.00,M,M,M,M,M,M,M,M,M,M,M,M,M,M,M,M,102.37,VOTV 160340Z AUTO 11001KT 2SM 31/26 A2988 RMK T03100260 IEM_DS3505,M
VOTV,2004-03-16 06:40,76.9500,8.4667,M,M,M,210.00,4.00,M,M,M,4.00,M,M,M,M,M,M,M,M,M,M,M,M,M,M,M,M,M,VOTV 160640Z AUTO 21004KT 4SM RMK IEM_DS3505,M
VOTV,2004-03-16 07:40,76.9500,8.4667,91.40,75.20,59.24,240.00,6.00,M,29.80,M,M,M,M,M,M,M,M,M,M,M,M,M,M,M,M,M,M,102.65,VOTV 160740Z AUTO 24006KT 33/24 A2980 RMK T03300240 IEM_DS3505,M
VOTV,2004-03-16 08:40,76.9500,8.4667,91.40,77.00,62.90,150.00,3.00,M,29.77,M,M,M,M,M,M,M,M,M,M,M,M,M,M,M,M,M,M,105.06,VOTV 160840Z AUTO 15003KT 33/25 A2977 RMK T03300250 IEM_DS3505,M
VOTV,2004-03-16 09:40,76.9500,8.4667,91.40,77.00,62.90,190.00,6.00,M,29.74,M,M,M,M,M,M,M,M,M,M,M,M,M,M,M,M,M,M,105.06,VOTV 160940Z AUTO 19006KT 33/25 A2974 RMK T03300250 IEM_DS3505,M
VOTV,2004-03-16 10:40,76.9500,8.4667,91.40,75.20,59.24,190.00,4.00,M,29.74,M,M,M,M,M,M,M,M,M,M,M,M,M,M,M,M,M,M,102.65,VOTV 161040Z AUTO 19004KT 33/24 A2974 RMK T03300240 IEM_DS3505,M
VOTV,2004-03-16 12:40,76.9500,8.4667,M,M,M,200.00,6.00,M,M,M,3.00,M,M,M,M,M,M,M,M,M,M,M,M,M,M,M,M,M,VOTV 161240Z AUTO 20006KT 3SM RMK IEM_DS3505,M
VOTV,2004-03-16 14:40,76.9500,8.4667,M,M,M,0.00,0.00,M,M,M,2.50,M,M,M,M,M,M,M,M,M,M,M,M,M,M,M,M,M,VOTV 161440Z AUTO 00000KT 2 1/2SM RMK IEM_DS3505,M
VOTV,2004-03-16 16:40,76.9500,8.4667,M,M,M,0.00,0.00,M,M,M,2.50,M,M,M,M,M,M,M,M,M,M,M,M,M,M,M,M,M,VOTV 161640Z AUTO 00000KT 2 1/2SM RMK IEM_DS3505,M
VOTV,2004-03-17 00:40,76.9500,8.4667,80.60,77.00,88.83,0.00,0.00,M,29.83,M,2.00,M,M,M,M,M,M,M,M,M,M,M,M,M,M,M,M,87.10,VOTV 170040Z AUTO 00000KT 2SM 27/25 A2983 RMK T02700250 IEM_DS3505,M
VOTV,2004-03-17 01:40,76.9500,8.4667,80.60,75.20,83.66,50.00,3.00,M,29.85,M,1.25,M,M,M,M,M,M,M,M,M,M,M,M,M,M,M,M,86.17,VOTV 170140Z AUTO 05003KT 1 1/4SM 27/24 A2985 RMK T02700240 IEM_DS3505,M
VOTV,2004-03-17 04:40,76.9500,8.4667,87.80,73.40,62.47,270.00,4.00,M,29.88,M,M,M,M,M,M,M,M,M,M,M,M,M,M,M,M,M,M,95.86,VOTV 170440Z AUTO 27004KT 31/23 A2988 RMK T03100230 IEM_DS3505,M
VOTV,2004-03-17 05:40,76.9500,8.4667,86.00,73.40,66.15,270.00,4.00,M,29.88,M,M,M,M,M,M,M,M,M,M,M,M,M,M,M,M,M,M,93.45,VOTV 170540Z AUTO 27004KT 30/23 A2988 RMK T03000230 IEM_DS3505,M
VOTV,2004-03-17 06:40,76.9500,8.4667,87.80,73.40,62.47,240.00,4.00,M,29.85,M,M,M,M,M,M,M,M,M,M,M,M,M,M,M,M,M,M,95.86,VOTV 170640Z AUTO 24004KT 31/23 A2985 RMK T03100230 IEM_DS3505,M
VOTV,2004-03-17 07:40,76.9500,8.4667,M,M,M,240.00,8.00,M,M,M,4.00,M,M,M,M,M,M,M,M,M,M,M,M,M,M,M,M,M,VOTV 170740Z AUTO 24008KT 4SM RMK IEM_DS3505,M
VOTV,2004-03-17 08:40,76.9500,8.4667,87.80,71.60,58.78,260.00,3.00,M,29.77,M,M,M,M,M,M,M,M,M,M,M,M,M,M,M,M,M,M,94.18,VOTV 170840Z AUTO 26003KT 31/22 A2977 RMK T03100220 IEM_DS3505,M
VOTV,2004-03-17 09:40,76.9500,8.4667,M,M,M,210.00,3.00,M,M,M,4.00,M,M,M,M,M,M,M,M,M,M,M,M,M,M,M,M,M,VOTV 170940Z AUTO 21003KT 4SM RMK IEM_DS3505,M
VOTV,2004-03-17 10:40,76.9500,8.4667,M,M,M,210.00,9.00,M,M,M,4.00,M,M,M,M,M,M,M,M,M,M,M,M,M,M,M,M,M,VOTV 171040Z AUTO 21009KT 4SM RMK IEM_DS3505,M
VOTV,2004-03-17 11:40,76.9500,8.4667,M,M,M,210.00,3.00,M,M,M,4.00,M,M,M,M,M,M,M,M,M,M,M,M,M,M,M,M,M,VOTV 171140Z AUTO 21003KT 4SM RMK IEM_DS3505,M
VOTV,2004-03-17 13:40,76.9500,8.4667,M,M,M,0.00,0.00,M,M,M,4.00,M,M,M,M,M,M,M,M,M,M,M,M,M,M,M,M,M,VOTV 171340Z AUTO 00000KT 4SM RMK IEM_DS3505,M
VOTV,2004-03-17 14:40,76.9500,8.4667,M,M,M,0.00,0.00,M,M,M,4.00,M,M,M,M,M,M,M,M,M,M,M,M,M,M,M,M,M,VOTV 171440Z AUTO 00000KT 4SM RMK IEM_DS3505,M
VOTV,2004-03-18 01:40,76.9500,8.4667,80.60,75.20,83.66,0.00,0.00,M,29.83,M,1.25,M,M,M,M,M,M,M,M,M,M,M,M,M,M,M,M,86.17,VOTV 180140Z AUTO 00000KT 1 1/4SM 27/24 A2983 RMK T02700240 IEM_DS3505,M
VOTV,2004-03-18 02:40,76.9500,8.4667,84.20,69.80,62.03,340.00,5.00,M,29.83,M,2.00,M,M,M,M,M,M,M,M,M,M,M,M,M,M,M,M,88.43,VOTV 180240Z AUTO 34005KT 2SM 29/21 A2983 RMK T02900210 IEM_DS3505,M
VOTV,2004-03-18 05:40,76.9500,8.4667,91.40,71.60,52.48,M,M,M,29.85,M,M,M,M,M,M,M,M,M,M,M,M,M,M,M,M,M,M,98.64,VOTV 180540Z AUTO 33/22 A2985 RMK T03300220 IEM_DS3505,M
VOTV,2004-03-18 06:40,76.9500,8.4667,91.40,75.20,59.24,270.00,8.00,M,29.83,M,M,M,M,M,M,M,M,M,M,M,M,M,M,M,M,M,M,102.65,VOTV 180640Z AUTO 27008KT 33/24 A2983 RMK T03300240 IEM_DS3505,M
VOTV,2004-03-18 07:40,76.9500,8.4667,89.60,71.60,55.53,280.00,10.00,M,29.80,M,M,M,M,M,M,M,M,M,M,M,M,M,M,M,M,M,M,96.41,VOTV 180740Z AUTO 28010KT 32/22 A2980 RMK T03200220 IEM_DS3505,M
VOTV,2004-03-18 08:40,76.9500,8.4667,M,M,M,280.00,10.00,M,M,M,4.00,M,M,M,M,M,M,M,M,M,M,M,M,M,M,M,M,M,VOTV 180840Z AUTO 28010KT 4SM RMK IEM_DS3505,M
VOTV,2004-03-18 09:40,76.9500,8.4667,M,M,M,290.00,14.00,M,M,M,4.00,M,M,M,M,M,M,M,M,M,M,M,M,M,M,M,M,M,VOTV 180940Z AUTO 29014KT 4SM RMK IEM_DS3505,M
VOTV,2004-03-18 10:40,76.9500,8.4667,M,M,M,300.00,10.00,M,M,M,4.00,M,M,M,M,M,M,M,M,M,M,M,M,M,M,M,M,M,VOTV 181040Z AUTO 30010KT 4SM RMK IEM_DS3505,M
VOTV,2004-03-18 11:40,76.9500,8.4667,87.80,71.60,58.78,300.00,11.00,M,29.74,M,M,M,M,M,M,M,M,M,M,M,M,M,M,M,M,M,M,94.18,VOTV 181140Z AUTO 30011KT 31/22 A2974 RMK T03100220 IEM_DS3505,M
VOTV,2004-03-18 12:40,76.9500,8.4667,87.80,73.40,62.47,300.00,6.00,M,29.77,M,M,M,M,M,M,M,M,M,M,M,M,M,M,M,M,M,M,95.86,VOTV 181240Z AUTO 30006KT 31/23 A2977 RMK T03100230 IEM_DS3505,M
VOTV,2004-03-18 13:40,76.9500,8.4667,86.00,77.00,74.61,290.00,6.00,M,29.80,M,4.00,M,M,M,M,M,M,M,M,M,M,M,M,M,M,M,M,97.15,VOTV 181340Z AUTO 29006KT 4SM 30/25 A2980 RMK T03000250 IEM_DS3505,M
VOTV,2004-03-18 16:40,76.9500,8.4667,84.20,77.00,79.04,0.00,0.00,M,29.85,M,2.50,M,M,M,M,M,M,M,M,M,M,M,M,M,M,M,M,94.16,VOTV 181640Z AUTO 00000KT 2 1/2SM 29/25 A2985 RMK T02900250 IEM_DS3505,M
VOTV,2004-03-18 22:40,76.9500,8.4667,80.60,75.20,83.66,0.00,0.00,M,29.77,M,2.50,M,M,M,M,M,M,M,M,M,M,M,M,M,M,M,M,86.17,VOTV 182240Z AUTO 00000KT 2 1/2SM 27/24 A2977 RMK T02700240 IEM_DS3505,M
VOTV,2004-03-18 23:40,76.9500,8.4667,80.60,75.20,83.66,0.00,0.00,M,29.77,M,2.50,M,M,M,M,M,M,M,M,M,M,M,M,M,M,M,M,86.17,VOTV 182340Z AUTO 00000KT 2 1/2SM 27/24 A2977 RMK T02700240 IEM_DS3505,M
VOTV,2004-03-19 00:40,76.9500,8.4667,80.60,75.20,83.66,0.00,0.00,M,29.77,M,1.50,M,M,M,M,M,M,M,M,M,M,M,M,M,M,M,M,86.17,VOTV 190040Z AUTO 00000KT 1 1/2SM 27/24 A2977 RMK T02700240 IEM_DS3505,M
VOTV,2004-03-19 01:40,76.9500,8.4667,80.60,73.40,78.76,0.00,0.00,M,29.80,M,1.25,M,M,M,M,M,M,M,M,M,M,M,M,M,M,M,M,85.32,VOTV 190140Z AUTO 00000KT 1 1/4SM 27/23 A2980 RMK T02700230 IEM_DS3505,M
VOTV,2004-03-19 02:40,76.9500,8.4667,84.20,71.60,65.95,350.00,5.00,M,29.83,M,1.50,M,M,M,M,M,M,M,M,M,M,M,M,M,M,M,M,89.60,VOTV 190240Z AUTO 35005KT 1 1/2SM 29/22 A2983 RMK T02900220 IEM_DS3505,M
VOTV,2004-03-19 03:40,76.9500,8.4667,87.80,73.40,62.47,340.00,4.00,M,29.83,M,2.50,M,M,M,M,M,M,M,M,M,M,M,M,M,M,M,M,95.86,VOTV 190340Z AUTO 34004KT 2 1/2SM 31/23 A2983 RMK T03100230 IEM_DS3505,M
VOTV,2004-03-19 04:40,76.9500,8.4667,87.80,73.40,62.47,270.00,7.00,M,29.83,M,M,M,M,M,M,M,M,M,M,M,M,M,M,M,M,M,M,95.86,VOTV 190440Z AUTO 27007KT 31/23 A2983 RMK T03100230 IEM_DS3505,M
VOTV,2004-03-19 05:40,76.9500,8.4667,89.60,73.40,59.01,260.00,9.00,M,29.83,M,M,M,M,M,M,M,M,M,M,M,M,M,M,M,M,M,M,98.20,VOTV 190540Z AUTO 26009KT 32/23 A2983 RMK T03200230 IEM_DS3505,M
VOTV,2004-03-19 06:40,76.9500,8.4667,89.60,73.40,59.01,270.00,7.00,M,29.80,M,5.00,17.00,M,M,M,M,M,M,M,M,M,M,M,M,M,M,M,98.20,VOTV 190640Z AUTO 27007G17KT 5SM 32/23 A2980 RMK T03200230 IEM_DS3505,M
VOTV,2004-03-19 07:40,76.9500,8.4667,89.60,73.40,59.01,280.00,9.00,M,29.77,M,5.00,M,M,M,M,M,M,M,M,M,M,M,M,M,M,M,M,98.20,VOTV 190740Z AUTO 28009KT 5SM 32/23 A2977 RMK T03200230 IEM_DS3505,M
VOTV,2004-03-19 08:40,76.9500,8.4667,89.60,73.40,59.01,280.00,11.00,M,29.74,M,5.00,M,M,M,M,M,M,M,M,M,M,M,M,M,M,M,M,98.20,VOTV 190840Z AUTO 28011KT 5SM 32/23 A2974 RMK T03200230 IEM_DS3505,M
VOTV,2004-03-19 09:40,76.9500,8.4667,89.60,73.40,59.01,280.00,8.00,M,29.71,M,5.00,M,M,M,M,M,M,M,M,M,M,M,M,M,M,M,M,98.20,VOTV 190940Z AUTO 28008KT 5SM 32/23 A2971 RMK T03200230 IEM_DS3505,M
VOTV,2004-03-19 10:40,76.9500,8.4667,M,M,M,280.00,8.00,M,M,M,4.00,M,M,M,M,M,M,M,M,M,M,M,M,M,M,M,M,M,VOTV 191040Z AUTO 28008KT 4SM RMK IEM_DS3505,M
VOTV,2004-03-19 11:40,76.9500,8.4667,M,M,M,250.00,8.00,M,M,M,4.00,M,M,M,M,M,M,M,M,M,M,M,M,M,M,M,M,M,VOTV 191140Z AUTO 25008KT 4SM RMK IEM_DS3505,M
VOTV,2004-03-19 13:40,76.9500,8.4667,M,M,M,280.00,6.00,M,M,M,4.00,M,M,M,M,M,M,M,M,M,M,M,M,M,M,M,M,M,VOTV 191340Z AUTO 28006KT 4SM RMK IEM_DS3505,M
VOTV,2004-03-19 15:40,76.9500,8.4667,84.20,75.20,74.44,0.00,0.00,M,29.80,M,4.00,M,M,M,M,M,M,M,M,M,M,M,M,M,M,M,M,92.45,VOTV 191540Z AUTO 00000KT 4SM 29/24 A2980 RMK T02900240 IEM_DS3505,M
VOTV,2004-03-19 17:40,76.9500,8.4667,84.20,75.20,74.44,0.00,0.00,M,29.83,M,2.50,M,M,M,M,M,M,M,M,M,M,M,M,M,M,M,M,92.45,VOTV 191740Z AUTO 00000KT 2 1/2SM 29/24 A2983 RMK T02900240 IEM_DS3505,M
VOTV,2004-03-19 22:40,76.9500,8.4667,80.60,73.40,78.76,0.00,0.00,M,29.74,M,2.50,M,M,M,M,M,M,M,M,M,M,M,M,M,M,M,M,85.32,VOTV 192240Z AUTO 00000KT 2 1/2SM 27/23 A2974 RMK T02700230 IEM_DS3505,M
VOTV,2004-03-19 23:40,76.9500,8.4667,80.60,73.40,78.76,0.00,0.00,M,29.74,M,2.50,M,M,M,M,M,M,M,M,M,M,M,M,M,M,M,M,85.32,VOTV 192340Z AUTO 00000KT 2 1/2SM 27/23 A2974 RMK T02700230 IEM_DS3505,M
VOTV,2004-03-20 00:40,76.9500,8.4667,80.60,75.20,83.66,0.00,0.00,M,29.74,M,2.00,M,M,M,M,M,M,M,M,M,M,M,M,M,M,M,M,86.17,VOTV 200040Z AUTO 00000KT 2SM 27/24 A2974 RMK T02700240 IEM_DS3505,M
VOTV,2004-03-20 01:40,76.9500,8.4667,80.60,73.40,78.76,0.00,0.00,M,29.77,M,2.00,M,M,M,M,M,M,M,M,M,M,M,M,M,M,M,M,85.32,VOTV 200140Z AUTO 00000KT 2SM 27/23 A2977 RMK T02700230 IEM_DS3505,M
VOTV,2004-03-20 02:40,76.9500,8.4667,84.20,73.40,70.08,0.00,0.00,M,29.80,M,2.50,M,M,M,M,M,M,M,M,M,M,M,M,M,M,M,M,90.94,VOTV 200240Z AUTO 00000KT 2 1/2SM 29/23 A2980 RMK T02900230 IEM_DS3505,M
VOTV,2004-03-20 03:40,76.9500,8.4667,M,M,M,340.00,8.00,M,29.80,M,5.00,M,M,M,M,M,M,M,M,M,M,M,M,M,M,M,M,M,VOTV 200340Z AUTO 34008KT 5SM A2980 RMK IEM_DS3505,M
VOTV,2004-03-20 04:40,76.9500,8.4667,89.60,73.40,59.01,340.00,4.00,M,29.80,M,5.00,M,M,M,M,M,M,M,M,M,M,M,M,M,M,M,M,98.20,VOTV 200440Z AUTO 34004KT 5SM 32/23 A2980 RMK T03200230 IEM_DS3505,M
VOTV,2004-03-20 05:40,76.9500,8.4667,89.60,73.40,59.01,270.00,10.00,M,29.80,M,5.00,M,M,M,M,M,M,M,M,M,M,M,M,M,M,M,M,98.20,VOTV 200540Z AUTO 27010KT 5SM 32/23 A2980 RMK T03200230 IEM_DS3505,M
VOTV,2004-03-20 06:40,76.9500,8.4667,89.60,71.60,55.53,270.00,10.00,M,29.77,M,5.00,M,M,M,M,M,M,M,M,M,M,M,M,M,M,M,M,96.41,VOTV 200640Z AUTO 27010KT 5SM 32/22 A2977 RMK T03200220 IEM_DS3505,M
VOTV,2004-03-20 07:40,76.9500,8.4667,89.60,71.60,55.53,280.00,11.00,M,29.74,M,5.00,M,M,M,M,M,M,M,M,M,M,M,M,M,M,M,M,96.41,VOTV 200740Z AUTO 28011KT 5SM 32/22 A2974 RMK T03200220 IEM_DS3505,M
VOTV,2004-03-20 09:40,76.9500,8.4667,89.60,71.60,55.53,260.00,12.00,M,29.68,M,5.00,M,M,M,M,M,M,M,M,M,M,M,M,M,M,M,M,96.41,VOTV 200940Z AUTO 26012KT 5SM 32/22 A2968 RMK T03200220 IEM_DS3505,M
VOTV,2004-03-20 10:40,76.9500,8.4667,M,M,M,290.00,12.00,M,M,M,5.00,M,M,M,M,M,M,M,M,M,M,M,M,M,M,M,M,M,VOTV 201040Z AUTO 29012KT 5SM RMK IEM_DS3505,M
VOTV,2004-03-20 12:40,76.9500,8.4667,86.00,73.40,66.15,290.00,6.00,M,29.71,M,M,M,M,M,M,M,M,M,M,M,M,M,M,M,M,M,M,93.45,VOTV 201240Z AUTO 29006KT 30/23 A2971 RMK T03000230 IEM_DS3505,M
VOTV,2004-03-20 13:40,76.9500,8.4667,86.00,73.40,66.15,300.00,6.00,M,29.71,M,4.00,M,M,M,M,M,M,M,M,M,M,M,M,M,M,M,M,93.45,VOTV 201340Z AUTO 30006KT 4SM 30/23 A2971 RMK T03000230 IEM_DS3505,M
VOTV,2004-03-20 14:40,76.9500,8.4667,86.00,73.40,66.15,310.00,6.00,M,29.77,M,2.50,M,M,M,M,M,M,M,M,M,M,M,M,M,M,M,M,93.45,VOTV 201440Z AUTO 31006KT 2 1/2SM 30/23 A2977 RMK T03000230 IEM_DS3505,M
VOTV,2004-03-20 23:40,76.9500,8.4667,80.60,75.20,83.66,0.00,0.00,M,29.74,M,2.50,M,M,M,M,M,M,M,M,M,M,M,M,M,M,M,M,86.17,VOTV 202340Z AUTO 00000KT 2 1/2SM 27/24 A2974 RMK T02700240 IEM_DS3505,M
VOTV,2004-03-21 00:40,76.9500,8.4667,80.60,75.20,83.66,0.00,0.00,M,29.74,M,2.50,M,M,M,M,M,M,M,M,M,M,M,M,M,M,M,M,86.17,VOTV 210040Z AUTO 00000KT 2 1/2SM 27/24 A2974 RMK T02700240 IEM_DS3505,M
VOTV,2004-03-21 01:40,76.9500,8.4667,80.60,73.40,78.76,340.00,2.00,M,29.77,M,1.50,M,M,M,M,M,M,M,M,M,M,M,M,M,M,M,M,85.32,VOTV 210140Z AUTO 34002KT 1 1/2SM 27/23 A2977 RMK T02700230 IEM_DS3505,M
VOTV,2004-03-21 02:40,76.9500,8.4667,84.20,71.60,65.95,350.00,4.00,M,29.80,M,1.50,M,M,M,M,M,M,M,M,M,M,M,M,M,M,M,M,89.60,VOTV 210240Z AUTO 35004KT 1 1/2SM 29/22 A2980 RMK T02900220 IEM_DS3505,M
VOTV,2004-03-21 04:40,76.9500,8.4667,89.60,69.80,52.23,350.00,10.00,M,29.83,M,M,M,M,M,M,M,M,M,M,M,M,M,M,M,M,M,M,94.85,VOTV 210440Z AUTO 35010KT 32/21 A2983 RMK T03200210 IEM_DS3505,M
VOTV,2004-03-21 05:40,76.9500,8.4667,89.60,73.40,59.01,270.00,8.00,M,29.83,M,5.00,M,M,M,M,M,M,M,M,M,M,M,M,M,M,M,M,98.20,VOTV 210540Z AUTO 27008KT 5SM 32/23 A2983 RMK T03200230 IEM_DS3505,M
VOTV,2004-03-21 06:40,76.9500,8.4667,89.60,71.60,55.53,280.00,2.00,M,29.80,M,5.00,M,M,M,M,M,M,M,M,M,M,M,M,M,M,M,M,96.41,VOTV 210640Z AUTO 28002KT 5SM 32/22 A2980 RMK T03200220 IEM_DS3505,M
VOTV,2004-03-21 07:40,76.9500,8.4667,89.60,73.40,59.01,270.00,10.00,M,29.77,M,5.00,M,M,M,M,M,M,M,M,M,M,M,M,M,M,M,M,98.20,VOTV 210740Z AUTO 27010KT 5SM 32/23 A2977 RMK T03200230 IEM_DS3505,M
VOTV,2004-03-21 08:40,76.9500,8.4667,89.60,75.20,62.68,270.00,10.00,M,29.71,M,5.00,M,M,M,M,M,M,M,M,M,M,M,M,M,M,M,M,100.23,VOTV 210840Z AUTO 27010KT 5SM 32/24 A2971 RMK T03200240 IEM_DS3505,M
VOTV,2004-03-21 09:40,76.9500,8.4667,89.60,73.40,59.01,270.00,12.00,M,29.71,M,5.00,M,M,M,M,M,M,M,M,M,M,M,M,M,M,M,M,98.20,VOTV 210940Z AUTO 27012KT 5SM 32/23 A2971 RMK T03200230 IEM_DS3505,M
VOTV,2004-03-21 11:40,76.9500,8.4667,87.80,73.40,62.47,280.00,12.00,M,29.68,M,5.00,M,M,M,M,M,M,M,M,M,M,M,M,M,M,M,M,95.86,VOTV 211140Z AUTO 28012KT 5SM 31/23 A2968 RMK T03100230 IEM_DS3505,M
VOTV,2004-03-21 12:40,76.9500,8.4667,87.80,73.40,62.47,280.00,5.00,M,29.71,M,M,M,M,M,M,M,M,M,M,M,M,M,M,M,M,M,M,95.86,VOTV 211240Z AUTO 28005KT 31/23 A2971 RMK T03100230 IEM_DS3505,M
VOTV,2004-03-21 13:40,76.9500,8.4667,86.00,75.20,70.27,300.00,4.00,M,29.74,M,3.00,M,M,M,M,M,M,M,M,M,M,M,M,M,M,M,M,95.19,VOTV 211340Z AUTO 30004KT 3SM 30/24 A2974 RMK T03000240 IEM_DS3505,M
VOTV,2004-03-21 14:40,76.9500,8.4667,M,M,M,290.00,5.00,M,29.77,M,3.00,M,M,M,M,M,M,M,M,M,M,M,M,M,M,M,M,M,VOTV 211440Z AUTO 29005KT 3SM A2977 RMK IEM_DS3505,M
VOTV,2004-03-21 15:40,76.9500,8.4667,86.00,77.00,74.61,300.00,4.00,M,29.80,M,2.50,M,M,M,M,M,M,M,M,M,M,M,M,M,M,M,M,97.15,VOTV 211540Z AUTO 30004KT 2 1/2SM 30/25 A2980 RMK T03000250 IEM_DS3505,M
VOTV,2004-03-21 19:40,76.9500,8.4667,78.80,77.00,94.23,0.00,0.00,M,29.77,M,2.50,M,M,M,M,M,M,M,M,M,M,M,M,M,M,M,M,82.75,VOTV 211940Z AUTO 00000KT 2 1/2SM 26/25 A2977 RMK T02600250 IEM_DS3505,M
VOTV,2004-03-21 23:40,76.9500,8.4667,82.40,77.00,83.77,0.00,0.00,M,29.74,M,2.50,M,M,M,M,M,M,M,M,M,M,M,M,M,M,M,M,90.85,VOTV 212340Z AUTO 00000KT 2 1/2SM 28/25 A2974 RMK T02800250 IEM_DS3505,M
VOTV,2004-03-22 00:40,76.9500,8.4667,80.60,75.20,83.66,0.00,0.00,M,29.77,M,2.50,M,M,M,M,M,M,M,M,M,M,M,M,M,M,M,M,86.17,VOTV 220040Z AUTO 00000KT 2 1/2SM 27/24 A2977 RMK T02700240 IEM_DS3505,M
VOTV,2004-03-22 01:40,76.9500,8.4667,80.60,77.00,88.83,0.00,0.00,M,29.80,M,1.50,M,M,M,M,M,M,M,M,M,M,M,M,M,M,M,M,87.10,VOTV 220140Z AUTO 00000KT 1 1/2SM 27/25 A2980 RMK T02700250 IEM_DS3505,M
VOTV,2004-03-22 04:40,76.9500,8.4667,87.80,73.40,62.47,270.00,10.00,M,29.85,M,5.00,M,M,M,M,M,M,M,M,M,M,M,M,M,M,M,M,95.86,VOTV 220440Z AUTO 27010KT 5SM 31/23 A2985 RMK T03100230 IEM_DS3505,M
VOTV,2004-03-22 05:40,76.9500,8.4667,87.80,71.60,58.78,270.00,11.00,M,29.83,M,5.00,M,M,M,M,M,M,M,M,M,M,M,M,M,M,M,M,94.18,VOTV 220540Z AUTO 27011KT 5SM 31/22 A2983 RMK T03100220 IEM_DS3505,M
VOTV,2004-03-22 06:40,76.9500,8.4667,89.60,71.60,55.53,280.00,9.00,M,29.80,M,5.00,M,M,M,M,M,M,M,M,M,M,M,M,M,M,M,M,96.41,VOTV 220640Z AUTO 28009KT 5SM 32/22 A2980 RMK T03200220 IEM_DS3505,M
VOTV,2004-03-22 07:40,76.9500,8.4667,89.60,71.60,55.53,270.00,12.00,M,29.80,M,5.00,M,M,M,M,M,M,M,M,M,M,M,M,M,M,M,M,96.41,VOTV 220740Z AUTO 27012KT 5SM 32/22 A2980 RMK T03200220 IEM_DS3505,M
VOTV,2004-03-22 08:40,76.9500,8.4667,89.60,71.60,55.53,270.00,9.00,M,29.77,M,5.00,M,M,M,M,M,M,M,M,M,M,M,M,M,M,M,M,96.41,VOTV 220840Z AUTO 27009KT 5SM 32/22 A2977 RMK T03200220 IEM_DS3505,M
VOTV,2004-03-22 10:40,76.9500,8.4667,89.60,71.60,55.53,280.00,8.00,M,29.74,M,5.00,M,M,M,M,M,M,M,M,M,M,M,M,M,M,M,M,96.41,VOTV 221040Z AUTO 28008KT 5SM 32/22 A2974 RMK T03200220 IEM_DS3505,M
VOTV,2004-03-22 11:40,76.9500,8.4667,89.60,73.40,59.01,280.00,8.00,M,29.74,M,5.00,M,M,M,M,M,M,M,M,M,M,M,M,M,M,M,M,98.20,VOTV 221140Z AUTO 28008KT 5SM 32/23 A2974 RMK T03200230 IEM_DS3505,M
VOTV,2004-03-22 17:40,76.9500,8.4667,86.00,75.20,70.27,290.00,6.00,M,29.85,M,2.50,M,M,M,M,M,M,M,M,M,M,M,M,M,M,M,M,95.19,VOTV 221740Z AUTO 29006KT 2 1/2SM 30/24 A2985 RMK T03000240 IEM_DS3505,M
VOTV,2004-03-22 23:40,76.9500,8.4667,84.20,75.20,74.44,0.00,0.00,M,29.77,M,2.50,M,M,M,M,M,M,M,M,M,M,M,M,M,M,M,M,92.45,VOTV 222340Z AUTO 00000KT 2 1/2SM 29/24 A2977 RMK T02900240 IEM_DS3505,M
VOTV,2004-03-23 00:40,76.9500,8.4667,M,M,M,0.00,0.00,M,M,M,2.50,M,M,M,M,M,M,M,M,M,M,M,M,M,M,M,M,M,VOTV 230040Z AUTO 00000KT 2 1/2SM RMK IEM_DS3505,M
VOTV,2004-03-23 01:40,76.9500,8.4667,M,M,M,340.00,5.00,M,M,M,2.00,M,M,M,M,M,M,M,M,M,M,M,M,M,M,M,M,M,VOTV 230140Z AUTO 34005KT 2SM RMK IEM_DS3505,M
VOTV,2004-03-23 04:40,76.9500,8.4667,87.80,73.40,62.47,260.00,7.00,M,29.85,M,M,M,M,M,M,M,M,M,M,M,M,M,M,M,M,M,M,95.86,VOTV 230440Z AUTO 26007KT 31/23 A2985 RMK T03100230 IEM_DS3505,M
VOTV,2004-03-23 05:40,76.9500,8.4667,89.60,69.80,52.23,290.00,9.00,M,29.85,M,M,M,M,M,M,M,M,M,M,M,M,M,M,M,M,M,M,94.85,VOTV 230540Z AUTO 29009KT 32/21 A2985 RMK T03200210 IEM_DS3505,M
VOTV,2004-03-23 06:40,76.9500,8.4667,89.60,73.40,59.01,280.00,13.00,M,29.83,M,5.00,M,M,M,M,M,M,M,M,M,M,M,M,M,M,M,M,98.20,VOTV 230640Z AUTO 28013KT 5SM 32/23 A2983 RMK T03200230 IEM_DS3505,M
VOTV,2004-03-23 07:40,76.9500,8.4667,89.60,73.40,59.01,290.00,10.00,M,29.80,M,5.00,M,M,M,M,M,M,M,M,M,M,M,M,M,M,M,M,98.20,VOTV 230740Z AUTO 29010KT 5SM 32/23 A2980 RMK T03200230 IEM_DS3505,M
VOTV,2004-03-23 08:40,76.9500,8.4667,M,M,M,260.00,10.00,M,M,M,5.00,M,M,M,M,M,M,M,M,M,M,M,M,M,M,M,M,M,VOTV 230840Z AUTO 26010KT 5SM RMK IEM_DS3505,M
VOTV,2004-03-23 09:40,76.9500,8.4667,M,M,M,290.00,12.00,M,M,M,5.00,M,M,M,M,M,M,M,M,M,M,M,M,M,M,M,M,M,VOTV 230940Z AUTO 29012KT 5SM RMK IEM_DS3505,M
VOTV,2004-03-23 11:40,76.9500,8.4667,M,M,M,290.00,8.00,M,M,M,5.00,M,M,M,M,M,M,M,M,M,M,M,M,M,M,M,M,M,VOTV 231140Z AUTO 29008KT 5SM RMK IEM_DS3505,M
VOTV,2004-03-23 12:40,76.9500,8.4667,87.80,75.20,66.35,290.00,10.00,M,29.77,M,4.00,M,M,M,M,M,M,M,M,M,M,M,M,M,M,M,M,97.76,VOTV 231240Z AUTO 29010KT 4SM 31/24 A2977 RMK T03100240 IEM_DS3505,M
VOTV,2004-03-23 13:40,76.9500,8.4667,86.00,73.40,66.15,300.00,10.00,M,29.77,M,M,M,M,M,M,M,M,M,M,M,M,M,M,M,M,M,M,93.45,VOTV 231340Z AUTO 30010KT 30/23 A2977 RMK T03000230 IEM_DS3505,M
VOTV,2004-03-23 23:40,76.9500,8.4667,80.60,77.00,88.83,0.00,0.00,M,29.77,M,2.50,M,M,M,M,M,M,M,M,M,M,M,M,M,M,M,M,87.10,VOTV 232340Z AUTO 00000KT 2 1/2SM 27/25 A2977 RMK T02700250 IEM_DS3505,M
VOTV,2004-03-24 01:40,76.9500,8.4667,82.40,73.40,74.28,0.00,0.00,M,29.80,M,2.00,M,M,M,M,M,M,M,M,M,M,M,M,M,M,M,M,88.26,VOTV 240140Z AUTO 00000KT 2SM 28/23 A2980 RMK T02800230 IEM_DS3505,M
VOTV,2004-03-24 02:40,76.9500,8.4667,84.20,71.60,65.95,20.00,6.00,M,29.83,M,2.00,M,M,M,M,M,M,M,M,M,M,M,M,M,M,M,M,89.60,VOTV 240240Z AUTO 02006KT 2SM 29/22 A2983 RMK T02900220 IEM_DS3505,M
VOTV,2004-03-24 04:40,76.9500,8.4667,87.80,73.40,62.47,290.00,12.00,M,29.85,M,M,M,M,M,M,M,M,M,M,M,M,M,M,M,M,M,M,95.86,VOTV 240440Z AUTO 29012KT 31/23 A2985 RMK T03100230 IEM_DS3505,M
VOTV,2004-03-24 05:40,76.9500,8.4667,89.60,71.60,55.53,280.00,12.00,M,29.83,M,M,M,M,M,M,M,M,M,M,M,M,M,M,M,M,M,M,96.41,VOTV 240540Z AUTO 28012KT 32/22 A2983 RMK T03200220 IEM_DS3505,M
VOTV,2004-03-24 06:40,76.9500,8.4667,M,M,M,280.00,10.00,M,M,M,5.00,20.00,M,M,M,M,M,M,M,M,M,M,M,M,M,M,M,M,VOTV 240640Z AUTO 28010G20KT 5SM RMK IEM_DS3505,M
VOTV,2004-03-24 07:40,76.9500,8.4667,91.40,75.20,59.24,270.00,12.00,M,29.77,M,5.00,M,M,M,M,M,M,M,M,M,M,M,M,M,M,M,M,102.65,VOTV 240740Z AUTO 27012KT 5SM 33/24 A2977 RMK T03300240 IEM_DS3505,M
VOTV,2004-03-24 08:40,76.9500,8.4667,91.40,75.20,59.24,270.00,10.00,M,29.77,M,5.00,M,M,M,M,M,M,M,M,M,M,M,M,M,M,M,M,102.65,VOTV 240840Z AUTO 27010KT 5SM 33/24 A2977 RMK T03300240 IEM_DS3505,M
VOTV,2004-03-24 09:40,76.9500,8.4667,89.60,71.60,55.53,290.00,14.00,M,29.74,M,5.00,M,M,M,M,M,M,M,M,M,M,M,M,M,M,M,M,96.41,VOTV 240940Z AUTO 29014KT 5SM 32/22 A2974 RMK T03200220 IEM_DS3505,M
VOTV,2004-03-24 11:40,76.9500,8.4667,87.80,71.60,58.78,280.00,12.00,M,29.71,M,5.00,M,M,M,M,M,M,M,M,M,M,M,M,M,M,M,M,94.18,VOTV 241140Z AUTO 28012KT 5SM 31/22 A2971 RMK T03100220 IEM_DS3505,M
VOTV,2004-03-24 13:40,76.9500,8.4667,M,M,M,310.00,8.00,M,M,M,4.00,M,M,M,M,M,M,M,M,M,M,M,M,M,M,M,M,M,VOTV 241340Z AUTO 31008KT 4SM RMK IEM_DS3505,M
VOTV,2004-03-24 14:40,76.9500,8.4667,86.00,73.40,66.15,290.00,8.00,M,29.80,M,4.00,M,M,M,M,M,M,M,M,M,M,M,M,M,M,M,M,93.45,VOTV 241440Z AUTO 29008KT 4SM 30/23 A2980 RMK T03000230 IEM_DS3505,M
VOTV,2004-03-24 15:40,76.9500,8.4667,M,M,M,280.00,8.00,M,M,M,3.00,M,M,M,M,M,M,M,M,M,M,M,M,M,M,M,M,M,VOTV 241540Z AUTO 28008KT 3SM RMK IEM_DS3505,M
VOTV,2004-03-25 00:40,76.9500,8.4667,M,M,M,350.00,4.00,M,M,M,1.50,M,M,M,M,M,M,M,M,M,M,M,M,M,M,M,M,M,VOTV 250040Z AUTO 35004KT 1 1/2SM RMK IEM_DS3505,M
VOTV,2004-03-25 01:40,76.9500,8.4667,M,M,M,330.00,5.00,M,M,M,2.50,M,M,M,M,M,M,M,M,M,M,M,M,M,M,M,M,M,VOTV 250140Z AUTO 33005KT 2 1/2SM RMK IEM_DS3505,M
VOTV,2004-03-25 02:40,76.9500,8.4667,M,M,M,340.00,4.00,M,M,M,2.50,M,M,M,M,M,M,M,M,M,M,M,M,M,M,M,M,M,VOTV 250240Z AUTO 34004KT 2 1/2SM RMK IEM_DS3505,M
VOTV,2004-03-25 03:40,76.9500,8.4667,M,M,M,350.00,5.00,M,M,M,2.50,M,M,M,M,M,M,M,M,M,M,M,M,M,M,M,M,M,VOTV 250340Z AUTO 35005KT 2 1/2SM RMK IEM_DS3505,M
VOTV,2004-03-25 05:40,76.9500,8.4667,80.60,69.80,69.71,340.00,4.00,M,29.85,M,M,M,M,M,M,M,M,M,M,M,M,M,M,M,M,M,M,83.90,VOTV 250540Z AUTO 34004KT 27/21 A2985 RMK T02700210 IEM_DS3505,M
VOTV,2004-03-25 06:40,76.9500,8.4667,80.60,69.80,69.71,310.00,6.00,M,29.83,M,3.00,M,M,M,M,M,M,M,M,M,M,M,M,M,M,M,M,83.90,VOTV 250640Z AUTO 31006KT 3SM 27/21 A2983 RMK T02700210 IEM_DS3505,M
VOTV,2004-03-25 07:40,76.9500,8.4667,82.40,69.80,65.74,300.00,8.00,M,29.80,M,M,M,M,M,M,M,M,M,M,M,M,M,M,M,M,M,M,86.22,VOTV 250740Z AUTO 30008KT 28/21 A2980 RMK T02800210 IEM_DS3505,M
VOTV,2004-03-25 08:40,76.9500,8.4667,84.20,71.60,65.95,290.00,6.00,M,29.77,M,M,M,M,M,M,M,M,M,M,M,M,M,M,M,M,M,M,89.60,VOTV 250840Z AUTO 29006KT 29/22 A2977 RMK T02900220 IEM_DS3505,M
VOTV,2004-03-25 09:40,76.9500,8.4667,89.60,69.80,52.23,290.00,8.00,M,29.74,M,M,M,M,M,M,M,M,M,M,M,M,M,M,M,M,M,M,94.85,VOTV 250940Z AUTO 29008KT 32/21 A2974 RMK T03200210 IEM_DS3505,M
VOTV,2004-03-25 10:40,76.9500,8.4667,87.80,66.20,48.84,300.00,18.00,M,29.74,M,M,M,M,M,M,M,M,M,M,M,M,M,M,M,M,M,M,90.31,VOTV 251040Z AUTO 30018KT 31/19 A2974 RMK T03100190 IEM_DS3505,M
VOTV,2004-03-25 11:40,76.9500,8.4667,86.00,66.20,51.72,300.00,4.00,M,29.74,M,M,M,M,M,M,M,M,M,M,M,M,M,M,M,M,M,M,88.39,VOTV 251140Z AUTO 30004KT 30/19 A2974 RMK T03000190 IEM_DS3505,M
VOTV,2004-03-25 12:40,76.9500,8.4667,84.20,69.80,62.03,280.00,6.00,M,29.74,M,M,M,M,M,M,M,M,M,M,M,M,M,M,M,M,M,M,88.43,VOTV 251240Z AUTO 28006KT 29/21 A2974 RMK T02900210 IEM_DS3505,M
VOTV,2004-03-25 14:40,76.9500,8.4667,84.20,73.40,70.08,320.00,2.00,M,29.77,M,M,M,M,M,M,M,M,M,M,M,M,M,M,M,M,M,M,90.94,VOTV 251440Z AUTO 32002KT 29/23 A2977 RMK T02900230 IEM_DS3505,M
VOTV,2004-03-25 15:40,76.9500,8.4667,M,M,M,0.00,0.00,M,M,M,4.00,M,M,M,M,M,M,M,M,M,M,M,M,M,M,M,M,M,VOTV 251540Z AUTO 00000KT 4SM RMK IEM_DS3505,M
VOTV,2004-03-25 16:40,76.9500,8.4667,82.40,73.40,74.28,0.00,0.00,M,29.80,M,4.00,M,M,M,M,M,M,M,M,M,M,M,M,M,M,M,M,88.26,VOTV 251640Z AUTO 00000KT 4SM 28/23 A2980 RMK T02800230 IEM_DS3505,M
VOTV,2004-03-26 00:40,76.9500,8.4667,80.60,73.40,78.76,0.00,0.00,M,29.74,M,2.50,M,M,M,M,M,M,M,M,M,M,M,M,M,M,M,M,85.32,VOTV 260040Z AUTO 00000KT 2 1/2SM 27/23 A2974 RMK T02700230 IEM_DS3505,M
VOTV,2004-03-26 01:40,76.9500,8.4667,80.60,73.40,78.76,0.00,0.00,M,29.77,M,2.00,M,M,M,M,M,M,M,M,M,M,M,M,M,M,M,M,85.32,VOTV 260140Z AUTO 00000KT 2SM 27/23 A2977 RMK T02700230 IEM_DS3505,M
VOTV,2004-03-26 02:40,76.9500,8.4667,84.20,71.60,65.95,10.00,3.00,M,29.80,M,2.50,M,M,M,M,M,M,M,M,M,M,M,M,M,M,M,M,89.60,VOTV 260240Z AUTO 01003KT 2 1/2SM 29/22 A2980 RMK T02900220 IEM_DS3505,M
VOTV,2004-03-26 03:40,76.9500,8.4667,87.80,71.60,58.78,310.00,7.00,M,29.80,M,4.00,M,M,M,M,M,M,M,M,M,M,M,M,M,M,M,M,94.18,VOTV 260340Z AUTO 31007KT 4SM 31/22 A2980 RMK T03100220 IEM_DS3505,M
VOTV,2004-03-26 04:40,76.9500,8.4667,M,M,M,290.00,6.00,M,M,M,4.00,M,M,M,M,M,M,M,M,M,M,M,M,M,M,M,M,M,VOTV 260440Z AUTO 29006KT 4SM RMK IEM_DS3505,M
VOTV,2004-03-26 06:40,76.9500,8.4667,87.80,71.60,58.78,270.00,9.00,M,29.80,M,M,M,M,M,M,M,M,M,M,M,M,M,M,M,M,M,M,94.18,VOTV 260640Z AUTO 27009KT 31/22 A2980 RMK T03100220 IEM_DS3505,M
VOTV,2004-03-26 08:40,76.9500,8.4667,87.80,71.60,58.78,270.00,10.00,M,29.74,M,M,M,M,M,M,M,M,M,M,M,M,M,M,M,M,M,M,94.18,VOTV 260840Z AUTO 27010KT 31/22 A2974 RMK T03100220 IEM_DS3505,M
VOTV,2004-03-26 09:40,76.9500,8.4667,87.80,71.60,58.78,290.00,10.00,M,29.71,M,M,M,M,M,M,M,M,M,M,M,M,M,M,M,M,M,M,94.18,VOTV 260940Z AUTO 29010KT 31/22 A2971 RMK T03100220 IEM_DS3505,M
VOTV,2004-03-26 10:40,76.9500,8.4667,89.60,71.60,55.53,290.00,11.00,M,29.68,M,M,M,M,M,M,M,M,M,M,M,M,M,M,M,M,M,M,96.41,VOTV 261040Z AUTO 29011KT 32/22 A2968 RMK T03200220 IEM_DS3505,M
VOTV,2004-03-26 11:40,76.9500,8.4667,89.60,71.60,55.53,290.00,11.00,M,29.71,M,M,M,M,M,M,M,M,M,M,M,M,M,M,M,M,M,M,96.41,VOTV 261140Z AUTO 29011KT 32/22 A2971 RMK T03200220 IEM_DS3505,M
VOTV,2004-03-26 13:40,76.9500,8.4667,86.00,78.80,79.18,300.00,7.00,M,29.74,M,2.50,M,M,M,M,M,M,M,M,M,M,M,M,M,M,M,M,99.38,VOTV 261340Z AUTO 30007KT 2 1/2SM 30/26 A2974 RMK T03000260 IEM_DS3505,M
VOTV,2004-03-26 14:40,76.9500,8.4667,86.00,78.80,79.18,280.00,7.00,M,29.77,M,2.50,M,M,M,M,M,M,M,M,M,M,M,M,M,M,M,M,99.38,VOTV 261440Z AUTO 28007KT 2 1/2SM 30/26 A2977 RMK T03000260 IEM_DS3505,M
VOTV,2004-03-26 16:40,76.9500,8.4667,84.20,78.80,83.88,340.00,3.00,M,29.80,M,2.50,M,M,M,M,M,M,M,M,M,M,M,M,M,M,M,M,96.10,VOTV 261640Z AUTO 34003KT 2 1/2SM 29/26 A2980 RMK T02900260 IEM_DS3505,M
VOTV,2004-03-26 17:40,76.9500,8.4667,84.20,77.00,79.04,0.00,0.00,M,29.80,M,2.50,M,M,M,M,M,M,M,M,M,M,M,M,M,M,M,M,94.16,VOTV 261740Z AUTO 00000KT 2 1/2SM 29/25 A2980 RMK T02900250 IEM_DS3505,M
VOTV,2004-03-26 18:40,76.9500,8.4667,82.40,77.00,83.77,0.00,0.00,M,29.80,M,2.50,M,M,M,M,M,M,M,M,M,M,M,M,M,M,M,M,90.85,VOTV 261840Z AUTO 00000KT 2 1/2SM 28/25 A2980 RMK T02800250 IEM_DS3505,M
VOTV,2004-03-26 22:40,76.9500,8.4667,82.40,75.20,78.90,0.00,0.00,M,29.74,M,2.50,M,M,M,M,M,M,M,M,M,M,M,M,M,M,M,M,89.48,VOTV 262240Z AUTO 00000KT 2 1/2SM 28/24 A2974 RMK T02800240 IEM_DS3505,M
VOTV,2004-03-26 23:40,76.9500,8.4667,80.60,75.20,83.66,0.00,0.00,M,29.74,M,2.50,M,M,M,M,M,M,M,M,M,M,M,M,M,M,M,M,86.17,VOTV 262340Z AUTO 00000KT 2 1/2SM 27/24 A2974 RMK T02700240 IEM_DS3505,M
VOTV,2004-03-27 00:40,76.9500,8.4667,80.60,77.00,88.83,0.00,0.00,M,29.77,M,2.50,M,M,M,M,M,M,M,M,M,M,M,M,M,M,M,M,87.10,VOTV 270040Z AUTO 00000KT 2 1/2SM 27/25 A2977 RMK T02700250 IEM_DS3505,M
VOTV,2004-03-27 02:40,76.9500,8.4667,84.20,73.40,70.08,M,M,M,29.83,M,2.00,M,M,M,M,M,M,M,M,M,M,M,M,M,M,M,M,90.94,VOTV 270240Z AUTO 2SM 29/23 A2983 RMK T02900230 IEM_DS3505,M
VOTV,2004-03-27 03:40,76.9500,8.4667,87.80,78.80,74.77,0.00,0.00,M,29.85,M,2.50,M,M,M,M,M,M,M,M,M,M,M,M,M,M,M,M,102.37,VOTV 270340Z AUTO 00000KT 2 1/2SM 31/26 A2985 RMK T03100260 IEM_DS3505,M
VOTV,2004-03-27 10:40,76.9500,8.4667,M,M,M,250.00,5.00,M,M,M,4.00,M,M,M,M,M,M,M,M,M,M,M,M,M,M,M,M,M,VOTV 271040Z AUTO 25005KT 4SM RMK IEM_DS3505,M
VOTV,2004-03-27 16:40,76.9500,8.4667,M,M,M,0.00,0.00,M,M,M,2.50,M,M,M,M,M,M,M,M,M,M,M,M,M,M,M,M,M,VOTV 271640Z AUTO 00000KT 2 1/2SM RMK IEM_DS3505,M
VOTV,2004-03-27 17:40,76.9500,8.4667,M,M,M,0.00,0.00,M,M,M,2.50,M,M,M,M,M,M,M,M,M,M,M,M,M,M,M,M,M,VOTV 271740Z AUTO 00000KT 2 1/2SM RMK IEM_DS3505,M
VOTV,2004-03-27 23:40,76.9500,8.4667,M,M,M,270.00,5.00,M,M,M,1.50,M,M,M,M,M,M,M,M,M,M,M,M,M,M,M,M,M,VOTV 272340Z AUTO 27005KT 1 1/2SM RMK IEM_DS3505,M
VOTV,2004-03-28 01:40,76.9500,8.4667,M,M,M,270.00,6.00,M,M,M,1.00,M,M,M,M,M,M,M,M,M,M,M,M,M,M,M,M,M,VOTV 280140Z AUTO 27006KT 1SM RMK IEM_DS3505,M
VOTV,2004-03-28 06:40,76.9500,8.4667,M,M,M,290.00,6.00,M,M,M,4.00,M,M,M,M,M,M,M,M,M,M,M,M,M,M,M,M,M,VOTV 280640Z AUTO 29006KT 4SM RMK IEM_DS3505,M
VOTV,2004-03-28 07:40,76.9500,8.4667,M,M,M,280.00,6.00,M,M,M,4.00,M,M,M,M,M,M,M,M,M,M,M,M,M,M,M,M,M,VOTV 280740Z AUTO 28006KT 4SM RMK IEM_DS3505,M
VOTV,2004-03-28 08:40,76.9500,8.4667,M,M,M,0.00,0.00,M,M,M,4.00,M,M,M,M,M,M,M,M,M,M,M,M,M,M,M,M,M,VOTV 280840Z AUTO 00000KT 4SM RMK IEM_DS3505,M
VOTV,2004-03-28 09:40,76.9500,8.4667,M,M,M,290.00,2.00,M,M,M,4.00,M,M,M,M,M,M,M,M,M,M,M,M,M,M,M,M,M,VOTV 280940Z AUTO 29002KT 4SM RMK IEM_DS3505,M
VOTV,2004-03-28 11:40,76.9500,8.4667,M,M,M,0.00,0.00,M,M,M,4.00,M,M,M,M,M,M,M,M,M,M,M,M,M,M,M,M,M,VOTV 281140Z AUTO 00000KT 4SM RMK IEM_DS3505,M
VOTV,2004-03-28 12:40,76.9500,8.4667,M,M,M,0.00,0.00,M,M,M,4.00,M,M,M,M,M,M,M,M,M,M,M,M,M,M,M,M,M,VOTV 281240Z AUTO 00000KT 4SM RMK IEM_DS3505,M
VOTV,2004-03-28 14:40,76.9500,8.4667,M,M,M,M,M,M,M,M,4.00,M,M,M,M,M,M,M,M,M,M,M,M,M,M,M,M,M,VOTV 281440Z AUTO 4SM RMK IEM_DS3505,M
VOTV,2004-03-28 15:40,76.9500,8.4667,M,M,M,0.00,0.00,M,M,M,4.00,M,M,M,M,M,M,M,M,M,M,M,M,M,M,M,M,M,VOTV 281540Z AUTO 00000KT 4SM RMK IEM_DS3505,M
VOTV,2004-03-28 17:40,76.9500,8.4667,82.40,80.60,94.31,0.00,0.00,M,29.85,M,2.50,M,M,M,M,M,M,M,M,M,M,M,M,M,M,M,M,94.14,VOTV 281740Z AUTO 00000KT 2 1/2SM 28/27 A2985 RMK T02800270 IEM_DS3505,M
VOTV,2004-03-28 19:40,76.9500,8.4667,M,M,M,0.00,0.00,M,M,M,2.50,M,M,M,M,M,M,M,M,M,M,M,M,M,M,M,M,M,VOTV 281940Z AUTO 00000KT 2 1/2SM RMK IEM_DS3505,M
VOTV,2004-03-28 23:40,76.9500,8.4667,M,M,M,0.00,0.00,M,M,M,2.50,M,M,M,M,M,M,M,M,M,M,M,M,M,M,M,M,M,VOTV 282340Z AUTO 00000KT 2 1/2SM RMK IEM_DS3505,M
VOTV,2004-03-29 00:40,76.9500,8.4667,78.80,75.20,88.75,0.00,0.00,M,29.83,M,2.50,M,M,M,M,M,M,M,M,M,M,M,M,M,M,M,M,82.38,VOTV 290040Z AUTO 00000KT 2 1/2SM 26/24 A2983 RMK T02600240 IEM_DS3505,M
VOTV,2004-03-29 02:40,76.9500,8.4667,84.20,75.20,74.44,0.00,0.00,M,29.88,M,2.50,M,M,M,M,M,M,M,M,M,M,M,M,M,M,M,M,92.45,VOTV 290240Z AUTO 00000KT 2 1/2SM 29/24 A2988 RMK T02900240 IEM_DS3505,M
VOTV,2004-03-29 04:40,76.9500,8.4667,87.80,73.40,62.47,M,M,M,29.91,M,M,M,M,M,M,M,M,M,M,M,M,M,M,M,M,M,M,95.86,VOTV 290440Z AUTO 31/23 A2991 RMK T03100230 IEM_DS3505,M
VOTV,2004-03-29 05:40,76.9500,8.4667,87.80,71.60,58.78,240.00,6.00,M,29.88,M,M,M,M,M,M,M,M,M,M,M,M,M,M,M,M,M,M,94.18,VOTV 290540Z AUTO 24006KT 31/22 A2988 RMK T03100220 IEM_DS3505,M
VOTV,2004-03-29 06:40,76.9500,8.4667,87.80,73.40,62.47,240.00,8.00,M,29.88,M,M,M,M,M,M,M,M,M,M,M,M,M,M,M,M,M,M,95.86,VOTV 290640Z AUTO 24008KT 31/23 A2988 RMK T03100230 IEM_DS3505,M
VOTV,2004-03-29 07:40,76.9500,8.4667,89.60,77.00,66.55,210.00,4.00,M,29.85,M,M,M,M,M,M,M,M,M,M,M,M,M,M,M,M,M,M,102.54,VOTV 290740Z AUTO 21004KT 32/25 A2985 RMK T03200250 IEM_DS3505,M
VOTV,2004-03-29 08:40,76.9500,8.4667,87.80,73.40,62.47,240.00,9.00,M,29.80,M,5.00,M,M,M,M,M,M,M,M,M,M,M,M,M,M,M,M,95.86,VOTV 290840Z AUTO 24009KT 5SM 31/23 A2980 RMK T03100230 IEM_DS3505,M
VOTV,2004-03-29 09:40,76.9500,8.4667,89.60,78.80,70.63,260.00,3.00,M,29.77,M,5.00,M,M,M,M,M,M,M,M,M,M,M,M,M,M,M,M,105.15,VOTV 290940Z AUTO 26003KT 5SM 32/26 A2977 RMK T03200260 IEM_DS3505,M
VOTV,2004-03-29 10:40,76.9500,8.4667,M,M,M,250.00,4.00,M,M,M,5.00,M,M,M,M,M,M,M,M,M,M,M,M,M,M,M,M,M,VOTV 291040Z AUTO 25004KT 5SM RMK IEM_DS3505,M
VOTV,2004-03-29 11:40,76.9500,8.4667,87.80,77.00,70.45,230.00,3.00,M,29.77,M,M,M,M,M,M,M,M,M,M,M,M,M,M,M,M,M,M,99.92,VOTV 291140Z AUTO 23003KT 31/25 A2977 RMK T03100250 IEM_DS3505,M
VOTV,2004-03-29 12:40,76.9500,8.4667,87.80,80.60,79.31,0.00,0.00,M,29.80,M,4.00,M,M,M,M,M,M,M,M,M,M,M,M,M,M,M,M,105.14,VOTV 291240Z AUTO 00000KT 4SM 31/27 A2980 RMK T03100270 IEM_DS3505,M
VOTV,2004-03-29 16:40,76.9500,8.4667,M,M,M,0.00,0.00,M,M,M,4.00,M,M,M,M,M,M,M,M,M,M,M,M,M,M,M,M,M,VOTV 291640Z AUTO 00000KT 4SM RMK IEM_DS3505,M
VOTV,2004-03-30 04:40,76.9500,8.4667,M,M,M,220.00,4.00,M,M,M,4.00,M,M,M,M,M,M,M,M,M,M,M,M,M,M,M,M,M,VOTV 300440Z AUTO 22004KT 4SM RMK IEM_DS3505,M
VOTV,2004-03-30 05:40,76.9500,8.4667,M,M,M,M,M,M,M,M,5.00,M,M,M,M,M,M,M,M,M,M,M,M,M,M,M,M,M,VOTV 300540Z AUTO 5SM RMK IEM_DS3505,M
VOTV,2004-03-30 07:40,76.9500,8.4667,89.60,73.40,59.01,220.00,5.00,M,29.88,M,5.00,M,M,M,M,M,M,M,M,M,M,M,M,M,M,M,M,98.20,VOTV 300740Z AUTO 22005KT 5SM 32/23 A2988 RMK T03200230 IEM_DS3505,M
VOTV,2004-03-30 08:40,76.9500,8.4667,M,M,M,200.00,6.00,M,M,M,5.00,M,M,M,M,M,M,M,M,M,M,M,M,M,M,M,M,M,VOTV 300840Z AUTO 20006KT 5SM RMK IEM_DS3505,M
VOTV,2004-03-30 11:40,76.9500,8.4667,89.60,73.40,59.01,0.00,0.00,M,29.80,M,5.00,M,M,M,M,M,M,M,M,M,M,M,M,M,M,M,M,98.20,VOTV 301140Z AUTO 00000KT 5SM 32/23 A2980 RMK T03200230 IEM_DS3505,M
VOTV,2004-03-30 12:40,76.9500,8.4667,87.80,75.20,66.35,0.00,0.00,M,29.80,M,5.00,M,M,M,M,M,M,M,M,M,M,M,M,M,M,M,M,97.76,VOTV 301240Z AUTO 00000KT 5SM 31/24 A2980 RMK T03100240 IEM_DS3505,M
VOTV,2004-03-30 13:40,76.9500,8.4667,86.00,75.20,70.27,0.00,0.00,M,29.83,M,M,M,M,M,M,M,M,M,M,M,M,M,M,M,M,M,M,95.19,VOTV 301340Z AUTO 00000KT 30/24 A2983 RMK T03000240 IEM_DS3505,M
VOTV,2004-03-31 00:40,76.9500,8.4667,80.60,75.20,83.66,0.00,0.00,M,29.83,M,3.00,M,M,M,M,M,M,M,M,M,M,M,M,M,M,M,M,86.17,VOTV 310040Z AUTO 00000KT 3SM 27/24 A2983 RMK T02700240 IEM_DS3505,M
VOTV,2004-03-31 01:40,76.9500,8.4667,80.60,75.20,83.66,0.00,0.00,M,29.85,M,1.50,M,M,M,M,M,M,M,M,M,M,M,M,M,M,M,M,86.17,VOTV 310140Z AUTO 00000KT 1 1/2SM 27/24 A2985 RMK T02700240 IEM_DS3505,M
VOTV,2004-03-31 03:40,76.9500,8.4667,87.80,75.20,66.35,0.00,0.00,M,29.91,M,3.00,M,M,M,M,M,M,M,M,M,M,M,M,M,M,M,M,97.76,VOTV 310340Z AUTO 00000KT 3SM 31/24 A2991 RMK T03100240 IEM_DS3505,M
VOTV,2004-03-31 04:40,76.9500,8.4667,87.80,75.20,66.35,260.00,7.00,M,29.91,M,M,M,M,M,M,M,M,M,M,M,M,M,M,M,M,M,M,97.76,VOTV 310440Z AUTO 26007KT 31/24 A2991 RMK T03100240 IEM_DS3505,M
VOTV,2004-03-31 05:40,76.9500,8.4667,87.80,71.60,58.78,290.00,8.00,M,29.88,M,M,M,M,M,M,M,M,M,M,M,M,M,M,M,M,M,M,94.18,VOTV 310540Z AUTO 29008KT 31/22 A2988 RMK T03100220 IEM_DS3505,M
VOTV,2004-03-31 06:40,76.9500,8.4667,89.60,68.00,49.10,290.00,8.00,M,29.85,M,M,M,M,M,M,M,M,M,M,M,M,M,M,M,M,M,M,93.47,VOTV 310640Z AUTO 29008KT 32/20 A2985 RMK T03200200 IEM_DS3505,M
VOTV,2004-03-31 07:40,76.9500,8.4667,89.60,71.60,55.53,240.00,6.00,M,29.83,M,5.00,M,M,M,M,M,M,M,M,M,M,M,M,M,M,M,M,96.41,VOTV 310740Z AUTO 24006KT 5SM 32/22 A2983 RMK T03200220 IEM_DS3505,M
VOTV,2004-03-31 08:40,76.9500,8.4667,M,M,M,280.00,8.00,M,M,M,5.00,M,M,M,M,M,M,M,M,M,M,M,M,M,M,M,M,M,VOTV 310840Z AUTO 28008KT 5SM RMK IEM_DS3505,M
VOTV,2004-03-31 09:40,76.9500,8.4667,M,M,M,260.00,6.00,M,M,M,5.00,M,M,M,M,M,M,M,M,M,M,M,M,M,M,M,M,M,VOTV 310940Z AUTO 26006KT 5SM RMK IEM_DS3505,M
VOTV,2004-03-31 11:40,76.9500,8.4667,M,M,M,230.00,3.00,M,M,M,4.00,M,M,M,M,M,M,M,M,M,M,M,M,M,M,M,M,M,VOTV 311140Z AUTO 23003KT 4SM RMK IEM_DS3505,M
VOTV,2004-03-31 12:40,76.9500,8.4667,M,M,M,0.00,0.00,M,M,M,4.00,M,M,M,M,M,M,M,M,M,M,M,M,M,M,M,M,M,VOTV 311240Z AUTO 00000KT 4SM RMK IEM_DS3505,M
VOTV,2004-03-31 13:40,76.9500,8.4667,M,M,M,0.00,0.00,M,M,M,4.00,M,M,M,M,M,M,M,M,M,M,M,M,M,M,M,M,M,VOTV 311340Z AUTO 00000KT 4SM RMK IEM_DS3505,M
VOTV,2004-03-31 14:40,76.9500,8.4667,M,M,M,0.00,0.00,M,M,M,4.00,M,M,M,M,M,M,M,M,M,M,M,M,M,M,M,M,M,VOTV 311440Z AUTO 00000KT 4SM RMK IEM_DS3505,M
VOTV,2004-04-01 00:40,76.9500,8.4667,M,M,M,0.00,0.00,M,M,M,2.50,M,M,M,M,M,M,M,M,M,M,M,M,M,M,M,M,M,VOTV 010040Z AUTO 00000KT 2 1/2SM RMK IEM_DS3505,M
VOTV,2004-04-01 01:40,76.9500,8.4667,80.60,75.20,83.66,0.00,0.00,M,29.88,M,2.00,M,M,M,M,M,M,M,M,M,M,M,M,M,M,M,M,86.17,VOTV 010140Z AUTO 00000KT 2SM 27/24 A2988 RMK T02700240 IEM_DS3505,M
VOTV,2004-04-01 02:40,76.9500,8.4667,86.00,75.20,70.27,0.00,0.00,M,29.91,M,3.00,M,M,M,M,M,M,M,M,M,M,M,M,M,M,M,M,95.19,VOTV 010240Z AUTO 00000KT 3SM 30/24 A2991 RMK T03000240 IEM_DS3505,M
VOTV,2004-04-01 03:40,76.9500,8.4667,89.60,75.20,62.68,0.00,0.00,M,29.94,M,M,M,M,M,M,M,M,M,M,M,M,M,M,M,M,M,M,100.23,VOTV 010340Z AUTO 00000KT 32/24 A2994 RMK T03200240 IEM_DS3505,M
VOTV,2004-04-01 04:40,76.9500,8.4667,87.80,73.40,62.47,0.00,0.00,M,29.94,M,M,M,M,M,M,M,M,M,M,M,M,M,M,M,M,M,M,95.86,VOTV 010440Z AUTO 00000KT 31/23 A2994 RMK T03100230 IEM_DS3505,M
VOTV,2004-04-01 05:40,76.9500,8.4667,89.60,73.40,59.01,250.00,5.00,M,29.91,M,5.00,M,M,M,M,M,M,M,M,M,M,M,M,M,M,M,M,98.20,VOTV 010540Z AUTO 25005KT 5SM 32/23 A2991 RMK T03200230 IEM_DS3505,M
VOTV,2004-04-01 08:40,76.9500,8.4667,M,M,M,250.00,10.00,M,M,M,5.00,M,M,M,M,M,M,M,M,M,M,M,M,M,M,M,M,M,VOTV 010840Z AUTO 25010KT 5SM RMK IEM_DS3505,M
VOTV,2004-04-01 13:40,76.9500,8.4667,M,M,M,0.00,0.00,M,M,M,2.50,M,M,M,M,M,M,M,M,M,M,M,M,M,M,M,M,M,VOTV 011340Z AUTO 00000KT 2 1/2SM RMK IEM_DS3505,M
VOTV,2004-04-01 14:40,76.9500,8.4667,M,M,M,0.00,0.00,M,M,M,2.50,M,M,M,M,M,M,M,M,M,M,M,M,M,M,M,M,M,VOTV 011440Z AUTO 00000KT 2 1/2SM RMK IEM_DS3505,M
VOTV,2004-04-01 15:40,76.9500,8.4667,M,M,M,0.00,0.00,M,M,M,2.50,M,M,M,M,M,M,M,M,M,M,M,M,M,M,M,M,M,VOTV 011540Z AUTO 00000KT 2 1/2SM RMK IEM_DS3505,M
VOTV,2004-04-01 19:40,76.9500,8.4667,M,M,M,0.00,0.00,M,M,M,2.50,M,M,M,M,M,M,M,M,M,M,M,M,M,M,M,M,M,VOTV 011940Z AUTO 00000KT 2 1/2SM RMK IEM_DS3505,M
VOTV,2004-04-02 01:40,76.9500,8.4667,80.60,75.20,83.66,0.00,0.00,M,29.88,M,2.00,M,M,M,M,M,M,M,M,M,M,M,M,M,M,M,M,86.17,VOTV 020140Z AUTO 00000KT 2SM 27/24 A2988 RMK T02700240 IEM_DS3505,M
VOTV,2004-04-02 02:40,76.9500,8.4667,84.20,75.20,74.44,0.00,0.00,M,29.91,M,2.50,M,M,M,M,M,M,M,M,M,M,M,M,M,M,M,M,92.45,VOTV 020240Z AUTO 00000KT 2 1/2SM 29/24 A2991 RMK T02900240 IEM_DS3505,M
VOTV,2004-04-02 03:40,76.9500,8.4667,87.80,73.40,62.47,350.00,4.00,M,29.91,M,4.00,M,M,M,M,M,M,M,M,M,M,M,M,M,M,M,M,95.86,VOTV 020340Z AUTO 35004KT 4SM 31/23 A2991 RMK T03100230 IEM_DS3505,M
VOTV,2004-04-02 04:40,76.9500,8.4667,87.80,75.20,66.35,260.00,5.00,M,29.91,M,5.00,M,M,M,M,M,M,M,M,M,M,M,M,M,M,M,M,97.76,VOTV 020440Z AUTO 26005KT 5SM 31/24 A2991 RMK T03100240 IEM_DS3505,M
VOTV,2004-04-02 05:40,76.9500,8.4667,87.80,75.20,66.35,270.00,5.00,M,29.91,M,5.00,M,M,M,M,M,M,M,M,M,M,M,M,M,M,M,M,97.76,VOTV 020540Z AUTO 27005KT 5SM 31/24 A2991 RMK T03100240 IEM_DS3505,M
VOTV,2004-04-02 06:40,76.9500,8.4667,M,M,M,260.00,10.00,M,M,M,7.00,M,M,M,M,M,M,M,M,M,M,M,M,M,M,M,M,M,VOTV 020640Z AUTO 26010KT 7SM RMK IEM_DS3505,M
VOTV,2004-04-02 08:40,76.9500,8.4667,M,M,M,270.00,8.00,M,M,M,7.00,M,M,M,M,M,M,M,M,M,M,M,M,M,M,M,M,M,VOTV 020840Z AUTO 27008KT 7SM RMK IEM_DS3505,M
VOTV,2004-04-02 12:40,76.9500,8.4667,84.20,73.40,70.08,220.00,4.00,M,29.83,M,M,M,M,M,M,M,M,M,M,M,M,M,M,M,M,M,M,90.94,VOTV 021240Z AUTO 22004KT 29/23 A2983 RMK T02900230 IEM_DS3505,M
VOTV,2004-04-02 13:40,76.9500,8.4667,M,M,M,330.00,4.00,M,M,M,2.50,M,M,M,M,M,M,M,M,M,M,M,M,M,M,M,M,M,VOTV 021340Z AUTO 33004KT 2 1/2SM RMK IEM_DS3505,M
VOTV,2004-04-02 14:40,76.9500,8.4667,M,M,M,50.00,4.00,M,M,M,2.50,M,M,M,M,M,M,M,M,M,M,M,M,M,M,M,M,M,VOTV 021440Z AUTO 05004KT 2 1/2SM RMK IEM_DS3505,M
VOTV,2004-04-03 00:40,76.9500,8.4667,78.80,75.20,88.75,0.00,0.00,M,29.85,M,2.50,M,M,M,M,M,M,M,M,M,M,M,M,M,M,M,M,82.38,VOTV 030040Z AUTO 00000KT 2 1/2SM 26/24 A2985 RMK T02600240 IEM_DS3505,M
VOTV,2004-04-03 01:40,76.9500,8.4667,80.60,73.40,78.76,0.00,0.00,M,29.88,M,2.50,M,M,M,M,M,M,M,M,M,M,M,M,M,M,M,M,85.32,VOTV 030140Z AUTO 00000KT 2 1/2SM 27/23 A2988 RMK T02700230 IEM_DS3505,M
VOTV,2004-04-03 03:40,76.9500,8.4667,87.80,73.40,62.47,10.00,5.00,M,29.91,M,M,M,M,M,M,M,M,M,M,M,M,M,M,M,M,M,M,95.86,VOTV 030340Z AUTO 01005KT 31/23 A2991 RMK T03100230 IEM_DS3505,M
VOTV,2004-04-03 04:40,76.9500,8.4667,91.40,71.60,52.48,M,M,M,29.91,M,M,M,M,M,M,M,M,M,M,M,M,M,M,M,M,M,M,98.64,VOTV 030440Z AUTO 33/22 A2991 RMK T03300220 IEM_DS3505,M
VOTV,2004-04-03 05:40,76.9500,8.4667,89.60,75.20,62.68,230.00,4.00,M,29.91,M,M,M,M,M,M,M,M,M,M,M,M,M,M,M,M,M,M,100.23,VOTV 030540Z AUTO 23004KT 32/24 A2991 RMK T03200240 IEM_DS3505,M
VOTV,2004-04-03 06:40,76.9500,8.4667,89.60,73.40,59.01,250.00,8.00,M,29.88,M,5.00,M,M,M,M,M,M,M,M,M,M,M,M,M,M,M,M,98.20,VOTV 030640Z AUTO 25008KT 5SM 32/23 A2988 RMK T03200230 IEM_DS3505,M
VOTV,2004-04-03 07:40,76.9500,8.4667,91.40,73.40,55.77,260.00,7.00,M,29.85,M,5.00,M,M,M,M,M,M,M,M,M,M,M,M,M,M,M,M,100.52,VOTV 030740Z AUTO 26007KT 5SM 33/23 A2985 RMK T03300230 IEM_DS3505,M
VOTV,2004-04-03 08:40,76.9500,8.4667,M,M,M,250.00,10.00,M,M,M,5.00,M,M,M,M,M,M,M,M,M,M,M,M,M,M,M,M,M,VOTV 030840Z AUTO 25010KT 5SM RMK IEM_DS3505,M
VOTV,2004-04-03 10:40,76.9500,8.4667,M,M,M,280.00,6.00,M,M,M,5.00,M,M,M,M,M,M,M,M,M,M,M,M,M,M,M,M,M,VOTV 031040Z AUTO 28006KT 5SM RMK IEM_DS3505,M
VOTV,2004-04-03 11:40,76.9500,8.4667,M,M,M,250.00,3.00,M,M,M,4.00,M,M,M,M,M,M,M,M,M,M,M,M,M,M,M,M,M,VOTV 031140Z AUTO 25003KT 4SM RMK IEM_DS3505,M
VOTV,2004-04-03 13:40,76.9500,8.4667,M,M,M,280.00,3.00,M,M,M,4.00,M,M,M,M,M,M,M,M,M,M,M,M,M,M,M,M,M,VOTV 031340Z AUTO 28003KT 4SM RMK IEM_DS3505,M
VOTV,2004-04-03 15:40,76.9500,8.4667,86.00,77.00,74.61,0.00,0.00,M,29.88,M,4.00,M,M,M,M,M,M,M,M,M,M,M,M,M,M,M,M,97.15,VOTV 031540Z AUTO 00000KT 4SM 30/25 A2988 RMK T03000250 IEM_DS3505,M
VOTV,2004-04-03 21:40,76.9500,8.4667,M,M,M,0.00,0.00,M,M,M,2.00,M,M,M,M,M,M,M,M,M,M,M,M,M,M,M,M,M,VOTV 032140Z AUTO 00000KT 2SM RMK IEM_DS3505,M
VOTV,2004-04-03 22:40,76.9500,8.4667,M,M,M,0.00,0.00,M,M,M,2.00,M,M,M,M,M,M,M,M,M,M,M,M,M,M,M,M,M,VOTV 032240Z AUTO 00000KT 2SM RMK IEM_DS3505,M
VOTV,2004-04-03 23:40,76.9500,8.4667,M,M,M,0.00,0.00,M,M,M,2.00,M,M,M,M,M,M,M,M,M,M,M,M,M,M,M,M,M,VOTV 032340Z AUTO 00000KT 2SM RMK IEM_DS3505,M
VOTV,2004-04-04 00:40,76.9500,8.4667,M,M,M,0.00,0.00,M,M,M,2.00,M,M,M,M,M,M,M,M,M,M,M,M,M,M,M,M,M,VOTV 040040Z AUTO 00000KT 2SM RMK IEM_DS3505,M
VOTV,2004-04-04 01:40,76.9500,8.4667,M,M,M,0.00,0.00,M,M,M,2.00,M,M,M,M,M,M,M,M,M,M,M,M,M,M,M,M,M,VOTV 040140Z AUTO 00000KT 2SM RMK IEM_DS3505,M
VOTV,2004-04-04 02:40,76.9500,8.4667,M,M,M,40.00,2.00,M,M,M,2.50,M,M,M,M,M,M,M,M,M,M,M,M,M,M,M,M,M,VOTV 040240Z AUTO 04002KT 2 1/2SM RMK IEM_DS3505,M
VOTV,2004-04-04 04:40,76.9500,8.4667,M,M,M,0.00,0.00,M,M,M,4.00,M,M,M,M,M,M,M,M,M,M,M,M,M,M,M,M,M,VOTV 040440Z AUTO 00000KT 4SM RMK IEM_DS3505,M
VOTV,2004-04-04 05:40,76.9500,8.4667,M,M,M,210.00,3.00,M,M,M,5.00,M,M,M,M,M,M,M,M,M,M,M,M,M,M,M,M,M,VOTV 040540Z AUTO 21003KT 5SM RMK IEM_DS3505,M
VOTV,2004-04-04 07:40,76.9500,8.4667,M,M,M,180.00,8.00,M,M,M,4.00,M,M,M,M,M,M,M,M,M,M,M,M,M,M,M,M,M,VOTV 040740Z AUTO 18008KT 4SM RMK IEM_DS3505,M
VOTV,2004-04-04 08:40,76.9500,8.4667,M,M,M,200.00,6.00,M,M,M,4.00,M,M,M,M,M,M,M,M,M,M,M,M,M,M,M,M,M,VOTV 040840Z AUTO 20006KT 4SM RMK IEM_DS3505,M
VOTV,2004-04-04 09:40,76.9500,8.4667,M,M,M,240.00,3.00,M,M,M,4.00,M,M,M,M,M,M,M,M,M,M,M,M,M,M,M,M,M,VOTV 040940Z AUTO 24003KT 4SM RMK IEM_DS3505,M
VOTV,2004-04-04 10:40,76.9500,8.4667,M,M,M,240.00,3.00,M,M,M,4.00,M,M,M,M,M,M,M,M,M,M,M,M,M,M,M,M,M,VOTV 041040Z AUTO 24003KT 4SM RMK IEM_DS3505,M
VOTV,2004-04-04 11:40,76.9500,8.4667,87.80,77.00,70.45,220.00,4.00,M,29.80,M,M,M,M,M,M,M,M,M,M,M,M,M,M,M,M,M,M,99.92,VOTV 041140Z AUTO 22004KT 31/25 A2980 RMK T03100250 IEM_DS3505,M
VOTV,2004-04-04 12:40,76.9500,8.4667,87.80,77.00,70.45,0.00,0.00,M,29.80,M,M,M,M,M,M,M,M,M,M,M,M,M,M,M,M,M,M,99.92,VOTV 041240Z AUTO 00000KT 31/25 A2980 RMK T03100250 IEM_DS3505,M
VOTV,2004-04-04 13:40,76.9500,8.4667,M,M,M,0.00,0.00,M,M,M,4.00,M,M,M,M,M,M,M,M,M,M,M,M,M,M,M,M,M,VOTV 041340Z AUTO 00000KT 4SM RMK IEM_DS3505,M
VOTV,2004-04-04 15:40,76.9500,8.4667,86.00,77.00,74.61,0.00,0.00,M,29.88,M,4.00,M,M,M,M,M,M,M,M,M,M,M,M,M,M,M,M,97.15,VOTV 041540Z AUTO 00000KT 4SM 30/25 A2988 RMK T03000250 IEM_DS3505,M
VOTV,2004-04-05 01:40,76.9500,8.4667,M,M,M,0.00,0.00,M,M,M,2.50,M,M,M,M,M,M,M,M,M,M,M,M,M,M,M,M,M,VOTV 050140Z AUTO 00000KT 2 1/2SM RMK IEM_DS3505,M
VOTV,2004-04-05 02:40,76.9500,8.4667,86.00,75.20,70.27,0.00,0.00,M,29.88,M,2.50,M,M,M,M,M,M,M,M,M,M,M,M,M,M,M,M,95.19,VOTV 050240Z AUTO 00000KT 2 1/2SM 30/24 A2988 RMK T03000240 IEM_DS3505,M
VOTV,2004-04-05 03:40,76.9500,8.4667,87.80,73.40,62.47,240.00,5.00,M,29.88,M,M,M,M,M,M,M,M,M,M,M,M,M,M,M,M,M,M,95.86,VOTV 050340Z AUTO 24005KT 31/23 A2988 RMK T03100230 IEM_DS3505,M
VOTV,2004-04-05 04:40,76.9500,8.4667,87.80,75.20,66.35,270.00,6.00,M,29.88,M,5.00,M,M,M,M,M,M,M,M,M,M,M,M,M,M,M,M,97.76,VOTV 050440Z AUTO 27006KT 5SM 31/24 A2988 RMK T03100240 IEM_DS3505,M
VOTV,2004-04-05 05:40,76.9500,8.4667,M,M,M,290.00,9.00,M,M,M,5.00,M,M,M,M,M,M,M,M,M,M,M,M,M,M,M,M,M,VOTV 050540Z AUTO 29009KT 5SM RMK IEM_DS3505,M
VOTV,2004-04-05 06:40,76.9500,8.4667,M,M,M,280.00,10.00,M,M,M,5.00,M,M,M,M,M,M,M,M,M,M,M,M,M,M,M,M,M,VOTV 050640Z AUTO 28010KT 5SM RMK IEM_DS3505,M
VOTV,2004-04-05 07:40,76.9500,8.4667,M,M,M,250.00,10.00,M,M,M,5.00,M,M,M,M,M,M,M,M,M,M,M,M,M,M,M,M,M,VOTV 050740Z AUTO 25010KT 5SM RMK IEM_DS3505,M
VOTV,2004-04-05 08:40,76.9500,8.4667,M,M,M,240.00,10.00,M,M,M,5.00,M,M,M,M,M,M,M,M,M,M,M,M,M,M,M,M,M,VOTV 050840Z AUTO 24010KT 5SM RMK IEM_DS3505,M
VOTV,2004-04-05 09:40,76.9500,8.4667,M,M,M,240.00,6.00,M,M,M,5.00,M,M,M,M,M,M,M,M,M,M,M,M,M,M,M,M,M,VOTV 050940Z AUTO 24006KT 5SM RMK IEM_DS3505,M
VOTV,2004-04-05 12:40,76.9500,8.4667,M,M,M,0.00,0.00,M,M,M,2.50,M,M,M,M,M,M,M,M,M,M,M,M,M,M,M,M,M,VOTV 051240Z AUTO 00000KT 2 1/2SM RMK IEM_DS3505,M
VOTV,2004-04-05 14:40,76.9500,8.4667,M,M,M,0.00,0.00,M,M,M,2.50,M,M,M,M,M,M,M,M,M,M,M,M,M,M,M,M,M,VOTV 051440Z AUTO 00000KT 2 1/2SM RMK IEM_DS3505,M
VOTV,2004-04-05 15:40,76.9500,8.4667,M,M,M,0.00,0.00,M,M,M,2.50,M,M,M,M,M,M,M,M,M,M,M,M,M,M,M,M,M,VOTV 051540Z AUTO 00000KT 2 1/2SM RMK IEM_DS3505,M
VOTV,2004-04-05 16:40,76.9500,8.4667,M,M,M,0.00,0.00,M,M,M,2.50,M,M,M,M,M,M,M,M,M,M,M,M,M,M,M,M,M,VOTV 051640Z AUTO 00000KT 2 1/2SM RMK IEM_DS3505,M
VOTV,2004-04-05 23:40,76.9500,8.4667,M,M,M,0.00,0.00,M,M,M,2.50,M,M,M,M,M,M,M,M,M,M,M,M,M,M,M,M,M,VOTV 052340Z AUTO 00000KT 2 1/2SM RMK IEM_DS3505,M
VOTV,2004-04-06 01:40,76.9500,8.4667,M,M,M,0.00,0.00,M,M,M,2.50,M,M,M,M,M,M,M,M,M,M,M,M,M,M,M,M,M,VOTV 060140Z AUTO 00000KT 2 1/2SM RMK IEM_DS3505,M
VOTV,2004-04-06 03:40,76.9500,8.4667,M,M,M,260.00,8.00,M,M,M,2.00,M,M,M,M,M,M,M,M,M,M,M,M,M,M,M,M,M,VOTV 060340Z AUTO 26008KT 2SM RMK IEM_DS3505,M
VOTV,2004-04-06 07:40,76.9500,8.4667,M,M,M,280.00,6.00,M,M,M,3.00,M,M,M,M,M,M,M,M,M,M,M,M,M,M,M,M,M,VOTV 060740Z AUTO 28006KT 3SM RMK IEM_DS3505,M
VOTV,2004-04-06 08:40,76.9500,8.4667,M,M,M,0.00,0.00,M,M,M,2.00,M,M,M,M,M,M,M,M,M,M,M,M,M,M,M,M,M,VOTV 060840Z AUTO 00000KT 2SM RMK IEM_DS3505,M
VOTV,2004-04-06 11:40,76.9500,8.4667,82.40,71.60,69.90,0.00,0.00,M,29.80,M,4.00,M,M,M,M,M,M,M,M,M,M,M,M,M,M,M,M,87.18,VOTV 061140Z AUTO 00000KT 4SM 28/22 A2980 RMK T02800220 IEM_DS3505,M
VOTV,2004-04-06 12:40,76.9500,8.4667,80.60,75.20,83.66,0.00,0.00,M,29.80,M,4.00,M,M,M,M,M,M,M,M,M,M,M,M,M,M,M,M,86.17,VOTV 061240Z AUTO 00000KT 4SM 27/24 A2980 RMK T02700240 IEM_DS3505,M
VOTV,2004-04-07 06:40,76.9500,8.4667,87.80,71.60,58.78,270.00,8.00,M,29.88,M,7.00,M,M,M,M,M,M,M,M,M,M,M,M,M,M,M,M,94.18,VOTV 070640Z AUTO 27008KT 7SM 31/22 A2988 RMK T03100220 IEM_DS3505,M
VOTV,2004-04-07 07:40,76.9500,8.4667,87.80,71.60,58.78,240.00,8.00,M,29.85,M,7.00,M,M,M,M,M,M,M,M,M,M,M,M,M,M,M,M,94.18,VOTV 070740Z AUTO 24008KT 7SM 31/22 A2985 RMK T03100220 IEM_DS3505,M
VOTV,2004-04-07 08:40,76.9500,8.4667,M,M,M,280.00,8.00,M,M,M,7.00,M,M,M,M,M,M,M,M,M,M,M,M,M,M,M,M,M,VOTV 070840Z AUTO 28008KT 7SM RMK IEM_DS3505,M
VOTV,2004-04-07 12:40,76.9500,8.4667,87.80,75.20,66.35,270.00,6.00,M,29.80,M,M,M,M,M,M,M,M,M,M,M,M,M,M,M,M,M,M,97.76,VOTV 071240Z AUTO 27006KT 31/24 A2980 RMK T03100240 IEM_DS3505,M
VOTV,2004-04-07 14:40,76.9500,8.4667,M,M,M,340.00,4.00,M,M,M,4.00,M,M,M,M,M,M,M,M,M,M,M,M,M,M,M,M,M,VOTV 071440Z AUTO 34004KT 4SM RMK IEM_DS3505,M
VOTV,2004-04-07 18:40,76.9500,8.4667,M,M,M,0.00,0.00,M,M,M,2.50,M,M,M,M,M,M,M,M,M,M,M,M,M,M,M,M,M,VOTV 071840Z AUTO 00000KT 2 1/2SM RMK IEM_DS3505,M
VOTV,2004-04-07 20:40,76.9500,8.4667,M,M,M,340.00,4.00,M,M,M,2.50,M,M,M,M,M,M,M,M,M,M,M,M,M,M,M,M,M,VOTV 072040Z AUTO 34004KT 2 1/2SM RMK IEM_DS3505,M
VOTV,2004-04-08 00:40,76.9500,8.4667,80.60,73.40,78.76,10.00,4.00,M,29.83,M,2.50,M,M,M,M,M,M,M,M,M,M,M,M,M,M,M,M,85.32,VOTV 080040Z AUTO 01004KT 2 1/2SM 27/23 A2983 RMK T02700230 IEM_DS3505,M
VOTV,2004-04-08 01:40,76.9500,8.4667,82.40,75.20,78.90,350.00,5.00,M,29.85,M,2.50,M,M,M,M,M,M,M,M,M,M,M,M,M,M,M,M,89.48,VOTV 080140Z AUTO 35005KT 2 1/2SM 28/24 A2985 RMK T02800240 IEM_DS3505,M
VOTV,2004-04-08 02:40,76.9500,8.4667,86.00,75.20,70.27,30.00,4.00,M,29.88,M,2.50,M,M,M,M,M,M,M,M,M,M,M,M,M,M,M,M,95.19,VOTV 080240Z AUTO 03004KT 2 1/2SM 30/24 A2988 RMK T03000240 IEM_DS3505,M
VOTV,2004-04-08 03:40,76.9500,8.4667,M,M,M,350.00,7.00,M,M,M,5.00,M,M,M,M,M,M,M,M,M,M,M,M,M,M,M,M,M,VOTV 080340Z AUTO 35007KT 5SM RMK IEM_DS3505,M
VOTV,2004-04-08 04:40,76.9500,8.4667,M,M,M,340.00,8.00,M,M,M,5.00,M,M,M,M,M,M,M,M,M,M,M,M,M,M,M,M,M,VOTV 080440Z AUTO 34008KT 5SM RMK IEM_DS3505,M
VOTV,2004-04-08 05:40,76.9500,8.4667,89.60,75.20,62.68,280.00,8.00,M,29.88,M,5.00,M,M,M,M,M,M,M,M,M,M,M,M,M,M,M,M,100.23,VOTV 080540Z AUTO 28008KT 5SM 32/24 A2988 RMK T03200240 IEM_DS3505,M
VOTV,2004-04-08 06:40,76.9500,8.4667,M,M,M,260.00,10.00,M,M,M,5.00,M,M,M,M,M,M,M,M,M,M,M,M,M,M,M,M,M,VOTV 080640Z AUTO 26010KT 5SM RMK IEM_DS3505,M
VOTV,2004-04-08 07:40,76.9500,8.4667,89.60,75.20,62.68,270.00,8.00,M,29.83,M,5.00,18.00,M,M,M,M,M,M,M,M,M,M,M,M,M,M,M,100.23,VOTV 080740Z AUTO 27008G18KT 5SM 32/24 A2983 RMK T03200240 IEM_DS3505,M
VOTV,2004-04-08 08:40,76.9500,8.4667,89.60,73.40,59.01,270.00,5.00,M,29.80,M,5.00,15.00,M,M,M,M,M,M,M,M,M,M,M,M,M,M,M,98.20,VOTV 080840Z AUTO 27005G15KT 5SM 32/23 A2980 RMK T03200230 IEM_DS3505,M
VOTV,2004-04-08 09:40,76.9500,8.4667,M,M,M,290.00,10.00,M,M,M,5.00,M,M,M,M,M,M,M,M,M,M,M,M,M,M,M,M,M,VOTV 080940Z AUTO 29010KT 5SM RMK IEM_DS3505,M
VOTV,2004-04-08 11:40,76.9500,8.4667,87.80,77.00,70.45,280.00,10.00,M,29.74,M,5.00,M,M,M,M,M,M,M,M,M,M,M,M,M,M,M,M,99.92,VOTV 081140Z AUTO 28010KT 5SM 31/25 A2974 RMK T03100250 IEM_DS3505,M
VOTV,2004-04-08 13:40,76.9500,8.4667,86.00,77.00,74.61,320.00,8.00,M,29.80,M,4.00,M,M,M,M,M,M,M,M,M,M,M,M,M,M,M,M,97.15,VOTV 081340Z AUTO 32008KT 4SM 30/25 A2980 RMK T03000250 IEM_DS3505,M
VOTV,2004-04-08 14:40,76.9500,8.4667,M,M,M,340.00,3.00,M,M,M,3.00,M,M,M,M,M,M,M,M,M,M,M,M,M,M,M,M,M,VOTV 081440Z AUTO 34003KT 3SM RMK IEM_DS3505,M
VOTV,2004-04-08 15:40,76.9500,8.4667,M,M,M,350.00,4.00,M,M,M,3.00,M,M,M,M,M,M,M,M,M,M,M,M,M,M,M,M,M,VOTV 081540Z AUTO 35004KT 3SM RMK IEM_DS3505,M
VOTV,2004-04-09 00:40,76.9500,8.4667,80.60,75.20,83.66,0.00,0.00,M,29.74,M,2.50,M,M,M,M,M,M,M,M,M,M,M,M,M,M,M,M,86.17,VOTV 090040Z AUTO 00000KT 2 1/2SM 27/24 A2974 RMK T02700240 IEM_DS3505,M
VOTV,2004-04-09 01:40,76.9500,8.4667,82.40,75.20,78.90,0.00,0.00,M,29.77,M,2.50,M,M,M,M,M,M,M,M,M,M,M,M,M,M,M,M,89.48,VOTV 090140Z AUTO 00000KT 2 1/2SM 28/24 A2977 RMK T02800240 IEM_DS3505,M
VOTV,2004-04-09 02:40,76.9500,8.4667,86.00,75.20,70.27,0.00,0.00,M,29.80,M,M,M,M,M,M,M,M,M,M,M,M,M,M,M,M,M,M,95.19,VOTV 090240Z AUTO 00000KT 30/24 A2980 RMK T03000240 IEM_DS3505,M
VOTV,2004-04-09 03:40,76.9500,8.4667,87.80,73.40,62.47,350.00,4.00,M,29.80,M,M,M,M,M,M,M,M,M,M,M,M,M,M,M,M,M,M,95.86,VOTV 090340Z AUTO 35004KT 31/23 A2980 RMK T03100230 IEM_DS3505,M
VOTV,2004-04-09 04:40,76.9500,8.4667,89.60,71.60,55.53,330.00,7.00,M,29.80,M,M,M,M,M,M,M,M,M,M,M,M,M,M,M,M,M,M,96.41,VOTV 090440Z AUTO 33007KT 32/22 A2980 RMK T03200220 IEM_DS3505,M
VOTV,2004-04-09 05:40,76.9500,8.4667,89.60,75.20,62.68,330.00,8.00,M,29.77,M,M,18.00,M,M,M,M,M,M,M,M,M,M,M,M,M,M,M,100.23,VOTV 090540Z AUTO 33008G18KT 32/24 A2977 RMK T03200240 IEM_DS3505,M
VOTV,2004-04-09 06:40,76.9500,8.4667,91.40,77.00,62.90,260.00,8.00,M,29.77,M,M,18.00,M,M,M,M,M,M,M,M,M,M,M,M,M,M,M,105.06,VOTV 090640Z AUTO 26008G18KT 33/25 A2977 RMK T03300250 IEM_DS3505,M
VOTV,2004-04-09 07:40,76.9500,8.4667,89.60,75.20,62.68,280.00,8.00,M,29.74,M,M,18.00,M,M,M,M,M,M,M,M,M,M,M,M,M,M,M,100.23,VOTV 090740Z AUTO 28008G18KT 32/24 A2974 RMK T03200240 IEM_DS3505,M
VOTV,2004-04-09 08:40,76.9500,8.4667,89.60,77.00,66.55,290.00,8.00,M,M,M,5.00,18.00,M,M,M,M,M,M,M,M,M,M,M,M,M,M,M,102.54,VOTV 090840Z AUTO 29008G18KT 5SM 32/25 RMK T03200250 IEM_DS3505,M
VOTV,2004-04-09 09:40,76.9500,8.4667,M,M,M,290.00,8.00,M,M,M,5.00,18.00,M,M,M,M,M,M,M,M,M,M,M,M,M,M,M,M,VOTV 090940Z AUTO 29008G18KT 5SM RMK IEM_DS3505,M
VOTV,2004-04-09 12:40,76.9500,8.4667,M,M,M,0.00,0.00,M,M,M,4.00,M,M,M,M,M,M,M,M,M,M,M,M,M,M,M,M,M,VOTV 091240Z AUTO 00000KT 4SM RMK IEM_DS3505,M
VOTV,2004-04-09 13:40,76.9500,8.4667,M,M,M,0.00,0.00,M,M,M,2.50,M,M,M,M,M,M,M,M,M,M,M,M,M,M,M,M,M,VOTV 091340Z AUTO 00000KT 2 1/2SM RMK IEM_DS3505,M
VOTV,2004-04-09 14:40,76.9500,8.4667,M,M,M,30.00,7.00,M,M,M,2.50,M,M,M,M,M,M,M,M,M,M,M,M,M,M,M,M,M,VOTV 091440Z AUTO 03007KT 2 1/2SM RMK IEM_DS3505,M
VOTV,2004-04-09 23:40,76.9500,8.4667,M,M,M,0.00,0.00,M,M,M,2.50,M,M,M,M,M,M,M,M,M,M,M,M,M,M,M,M,M,VOTV 092340Z AUTO 00000KT 2 1/2SM RMK IEM_DS3505,M
VOTV,2004-04-10 01:40,76.9500,8.4667,78.80,75.20,88.75,0.00,0.00,M,29.80,M,2.00,M,M,M,M,M,M,M,M,M,M,M,M,M,M,M,M,82.38,VOTV 100140Z AUTO 00000KT 2SM 26/24 A2980 RMK T02600240 IEM_DS3505,M
VOTV,2004-04-10 03:40,76.9500,8.4667,86.00,73.40,66.15,340.00,6.00,M,M,M,M,M,M,M,M,M,M,M,M,M,M,M,M,M,M,M,M,93.45,VOTV 100340Z AUTO 34006KT 30/23 RMK T03000230 IEM_DS3505,M
VOTV,2004-04-10 04:40,76.9500,8.4667,89.60,75.20,62.68,0.00,0.00,M,29.83,M,5.00,M,M,M,M,M,M,M,M,M,M,M,M,M,M,M,M,100.23,VOTV 100440Z AUTO 00000KT 5SM 32/24 A2983 RMK T03200240 IEM_DS3505,M
VOTV,2004-04-10 06:40,76.9500,8.4667,89.60,75.20,62.68,260.00,6.00,M,29.80,M,7.00,M,M,M,M,M,M,M,M,M,M,M,M,M,M,M,M,100.23,VOTV 100640Z AUTO 26006KT 7SM 32/24 A2980 RMK T03200240 IEM_DS3505,M
VOTV,2004-04-10 07:40,76.9500,8.4667,M,M,M,270.00,10.00,M,M,M,7.00,M,M,M,M,M,M,M,M,M,M,M,M,M,M,M,M,M,VOTV 100740Z AUTO 27010KT 7SM RMK IEM_DS3505,M
VOTV,2004-04-10 08:40,76.9500,8.4667,M,M,M,280.00,10.00,M,M,M,7.00,M,M,M,M,M,M,M,M,M,M,M,M,M,M,M,M,M,VOTV 100840Z AUTO 28010KT 7SM RMK IEM_DS3505,M
VOTV,2004-04-10 09:40,76.9500,8.4667,M,M,M,290.00,10.00,M,M,M,7.00,M,M,M,M,M,M,M,M,M,M,M,M,M,M,M,M,M,VOTV 100940Z AUTO 29010KT 7SM RMK IEM_DS3505,M
VOTV,2004-04-10 10:40,76.9500,8.4667,M,M,M,270.00,8.00,M,M,M,7.00,M,M,M,M,M,M,M,M,M,M,M,M,M,M,M,M,M,VOTV 101040Z AUTO 27008KT 7SM RMK IEM_DS3505,M
VOTV,2004-04-10 13:40,76.9500,8.4667,M,M,M,270.00,4.00,M,M,M,4.00,M,M,M,M,M,M,M,M,M,M,M,M,M,M,M,M,M,VOTV 101340Z AUTO 27004KT 4SM RMK IEM_DS3505,M
VOTV,2004-04-10 14:40,76.9500,8.4667,M,M,M,270.00,4.00,M,M,M,3.00,M,M,M,M,M,M,M,M,M,M,M,M,M,M,M,M,M,VOTV 101440Z AUTO 27004KT 3SM RMK IEM_DS3505,M
VOTV,2004-04-10 15:40,76.9500,8.4667,86.00,77.00,74.61,0.00,0.00,M,29.80,M,3.00,M,M,M,M,M,M,M,M,M,M,M,M,M,M,M,M,97.15,VOTV 101540Z AUTO 00000KT 3SM 30/25 A2980 RMK T03000250 IEM_DS3505,M
VOTV,2004-04-10 16:40,76.9500,8.4667,86.00,77.00,74.61,0.00,0.00,M,29.83,M,3.00,M,M,M,M,M,M,M,M,M,M,M,M,M,M,M,M,97.15,VOTV 101640Z AUTO 00000KT 3SM 30/25 A2983 RMK T03000250 IEM_DS3505,M
VOTV,2004-04-10 17:40,76.9500,8.4667,84.20,77.00,79.04,0.00,0.00,M,29.83,M,3.00,M,M,M,M,M,M,M,M,M,M,M,M,M,M,M,M,94.16,VOTV 101740Z AUTO 00000KT 3SM 29/25 A2983 RMK T02900250 IEM_DS3505,M
VOTV,2004-04-10 18:40,76.9500,8.4667,82.40,77.00,83.77,0.00,0.00,M,29.80,M,3.00,M,M,M,M,M,M,M,M,M,M,M,M,M,M,M,M,90.85,VOTV 101840Z AUTO 00000KT 3SM 28/25 A2980 RMK T02800250 IEM_DS3505,M
VOTV,2004-04-11 00:40,76.9500,8.4667,80.60,77.00,88.83,0.00,0.00,M,29.80,M,3.00,M,M,M,M,M,M,M,M,M,M,M,M,M,M,M,M,87.10,VOTV 110040Z AUTO 00000KT 3SM 27/25 A2980 RMK T02700250 IEM_DS3505,M
VOTV,2004-04-11 01:40,76.9500,8.4667,80.60,77.00,88.83,0.00,0.00,M,29.83,M,3.00,M,M,M,M,M,M,M,M,M,M,M,M,M,M,M,M,87.10,VOTV 110140Z AUTO 00000KT 3SM 27/25 A2983 RMK T02700250 IEM_DS3505,M
VOTV,2004-04-11 04:40,76.9500,8.4667,87.80,75.20,66.35,280.00,4.00,M,29.85,M,7.00,M,M,M,M,M,M,M,M,M,M,M,M,M,M,M,M,97.76,VOTV 110440Z AUTO 28004KT 7SM 31/24 A2985 RMK T03100240 IEM_DS3505,M
VOTV,2004-04-11 05:40,76.9500,8.4667,M,M,M,270.00,5.00,M,M,M,7.00,M,M,M,M,M,M,M,M,M,M,M,M,M,M,M,M,M,VOTV 110540Z AUTO 27005KT 7SM RMK IEM_DS3505,M
VOTV,2004-04-11 06:40,76.9500,8.4667,M,M,M,230.00,4.00,M,M,M,7.00,M,M,M,M,M,M,M,M,M,M,M,M,M,M,M,M,M,VOTV 110640Z AUTO 23004KT 7SM RMK IEM_DS3505,M
VOTV,2004-04-11 07:40,76.9500,8.4667,M,M,M,270.00,5.00,M,M,M,7.00,M,M,M,M,M,M,M,M,M,M,M,M,M,M,M,M,M,VOTV 110740Z AUTO 27005KT 7SM RMK IEM_DS3505,M
VOTV,2004-04-11 08:40,76.9500,8.4667,M,M,M,230.00,6.00,M,M,M,7.00,M,M,M,M,M,M,M,M,M,M,M,M,M,M,M,M,M,VOTV 110840Z AUTO 23006KT 7SM RMK IEM_DS3505,M
VOTV,2004-04-11 10:40,76.9500,8.4667,M,M,M,220.00,6.00,M,M,M,7.00,M,M,M,M,M,M,M,M,M,M,M,M,M,M,M,M,M,VOTV 111040Z AUTO 22006KT 7SM RMK IEM_DS3505,M
VOTV,2004-04-11 11:40,76.9500,8.4667,M,M,M,0.00,0.00,M,M,M,4.00,M,M,M,M,M,M,M,M,M,M,M,M,M,M,M,M,M,VOTV 111140Z AUTO 00000KT 4SM RMK IEM_DS3505,M
VOTV,2004-04-11 12:40,76.9500,8.4667,M,M,M,0.00,0.00,M,M,M,4.00,M,M,M,M,M,M,M,M,M,M,M,M,M,M,M,M,M,VOTV 111240Z AUTO 00000KT 4SM RMK IEM_DS3505,M
VOTV,2004-04-11 15:40,76.9500,8.4667,M,M,M,0.00,0.00,M,M,M,4.00,M,M,M,M,M,M,M,M,M,M,M,M,M,M,M,M,M,VOTV 111540Z AUTO 00000KT 4SM RMK IEM_DS3505,M
VOTV,2004-04-11 17:40,76.9500,8.4667,M,M,M,0.00,0.00,M,M,M,5.00,M,M,M,M,M,M,M,M,M,M,M,M,M,M,M,M,M,VOTV 111740Z AUTO 00000KT 5SM RMK IEM_DS3505,M
VOTV,2004-04-12 01:40,76.9500,8.4667,80.60,77.00,88.83,0.00,0.00,M,29.80,M,2.50,M,M,M,M,M,M,M,M,M,M,M,M,M,M,M,M,87.10,VOTV 120140Z AUTO 00000KT 2 1/2SM 27/25 A2980 RMK T02700250 IEM_DS3505,M
VOTV,2004-04-12 02:40,76.9500,8.4667,86.00,77.00,74.61,0.00,0.00,M,29.83,M,2.50,M,M,M,M,M,M,M,M,M,M,M,M,M,M,M,M,97.15,VOTV 120240Z AUTO 00000KT 2 1/2SM 30/25 A2983 RMK T03000250 IEM_DS3505,M
VOTV,2004-04-12 03:40,76.9500,8.4667,87.80,75.20,66.35,30.00,5.00,M,29.83,M,M,M,M,M,M,M,M,M,M,M,M,M,M,M,M,M,M,97.76,VOTV 120340Z AUTO 03005KT 31/24 A2983 RMK T03100240 IEM_DS3505,M
VOTV,2004-04-12 04:40,76.9500,8.4667,91.40,77.00,62.90,330.00,7.00,M,29.83,M,5.00,M,M,M,M,M,M,M,M,M,M,M,M,M,M,M,M,105.06,VOTV 120440Z AUTO 33007KT 5SM 33/25 A2983 RMK T03300250 IEM_DS3505,M
VOTV,2004-04-12 05:40,76.9500,8.4667,91.40,78.80,66.75,300.00,5.00,M,29.83,M,5.00,M,M,M,M,M,M,M,M,M,M,M,M,M,M,M,M,107.79,VOTV 120540Z AUTO 30005KT 5SM 33/26 A2983 RMK T03300260 IEM_DS3505,M
VOTV,2004-04-12 06:40,76.9500,8.4667,M,M,M,270.00,10.00,M,M,M,5.00,M,M,M,M,M,M,M,M,M,M,M,M,M,M,M,M,M,VOTV 120640Z AUTO 27010KT 5SM RMK IEM_DS3505,M
VOTV,2004-04-12 07:40,76.9500,8.4667,M,M,M,270.00,8.00,M,M,M,2.50,M,M,M,M,M,M,M,M,M,M,M,M,M,M,M,M,M,VOTV 120740Z AUTO 27008KT 2 1/2SM RMK IEM_DS3505,M
VOTV,2004-04-12 09:40,76.9500,8.4667,M,M,M,300.00,3.00,M,M,M,2.50,M,M,M,M,M,M,M,M,M,M,M,M,M,M,M,M,M,VOTV 120940Z AUTO 30003KT 2 1/2SM RMK IEM_DS3505,M
VOTV,2004-04-12 12:40,76.9500,8.4667,M,M,M,0.00,0.00,M,M,M,2.50,M,M,M,M,M,M,M,M,M,M,M,M,M,M,M,M,M,VOTV 121240Z AUTO 00000KT 2 1/2SM RMK IEM_DS3505,M
VOTV,2004-04-12 13:40,76.9500,8.4667,M,M,M,0.00,0.00,M,M,M,2.50,M,M,M,M,M,M,M,M,M,M,M,M,M,M,M,M,M,VOTV 121340Z AUTO 00000KT 2 1/2SM RMK IEM_DS3505,M
VOTV,2004-04-12 14:40,76.9500,8.4667,M,M,M,0.00,0.00,M,M,M,2.50,M,M,M,M,M,M,M,M,M,M,M,M,M,M,M,M,M,VOTV 121440Z AUTO 00000KT 2 1/2SM RMK IEM_DS3505,M
VOTV,2004-04-12 17:40,76.9500,8.4667,M,M,M,0.00,0.00,M,M,M,2.50,M,M,M,M,M,M,M,M,M,M,M,M,M,M,M,M,M,VOTV 121740Z AUTO 00000KT 2 1/2SM RMK IEM_DS3505,M
VOTV,2004-04-12 23:40,76.9500,8.4667,M,M,M,0.00,0.00,M,M,M,2.50,M,M,M,M,M,M,M,M,M,M,M,M,M,M,M,M,M,VOTV 122340Z AUTO 00000KT 2 1/2SM RMK IEM_DS3505,M
VOTV,2004-04-13 01:40,76.9500,8.4667,M,M,M,0.00,0.00,M,M,M,2.00,M,M,M,M,M,M,M,M,M,M,M,M,M,M,M,M,M,VOTV 130140Z AUTO 00000KT 2SM RMK IEM_DS3505,M
VOTV,2004-04-13 02:40,76.9500,8.4667,84.20,77.00,79.04,0.00,0.00,M,29.83,M,2.00,M,M,M,M,M,M,M,M,M,M,M,M,M,M,M,M,94.16,VOTV 130240Z AUTO 00000KT 2SM 29/25 A2983 RMK T02900250 IEM_DS3505,M
VOTV,2004-04-13 04:40,76.9500,8.4667,M,M,M,0.00,0.00,M,M,M,4.00,M,M,M,M,M,M,M,M,M,M,M,M,M,M,M,M,M,VOTV 130440Z AUTO 00000KT 4SM RMK IEM_DS3505,M
VOTV,2004-04-13 05:40,76.9500,8.4667,87.80,75.20,66.35,0.00,0.00,M,29.83,M,5.00,M,M,M,M,M,M,M,M,M,M,M,M,M,M,M,M,97.76,VOTV 130540Z AUTO 00000KT 5SM 31/24 A2983 RMK T03100240 IEM_DS3505,M
VOTV,2004-04-13 06:40,76.9500,8.4667,89.60,75.20,62.68,210.00,5.00,M,29.80,M,5.00,M,M,M,M,M,M,M,M,M,M,M,M,M,M,M,M,100.23,VOTV 130640Z AUTO 21005KT 5SM 32/24 A2980 RMK T03200240 IEM_DS3505,M
VOTV,2004-04-13 07:40,76.9500,8.4667,M,M,M,220.00,7.00,M,M,M,5.00,M,M,M,M,M,M,M,M,M,M,M,M,M,M,M,M,M,VOTV 130740Z AUTO 22007KT 5SM RMK IEM_DS3505,M
VOTV,2004-04-13 08:40,76.9500,8.4667,M,M,M,240.00,6.00,M,M,M,4.00,M,M,M,M,M,M,M,M,M,M,M,M,M,M,M,M,M,VOTV 130840Z AUTO 24006KT 4SM RMK IEM_DS3505,M
VOTV,2004-04-13 10:40,76.9500,8.4667,M,M,M,110.00,4.00,M,M,M,2.00,M,M,M,M,M,M,M,M,M,M,M,M,M,M,M,M,M,VOTV 131040Z AUTO 11004KT 2SM RMK IEM_DS3505,M
VOTV,2004-04-13 11:40,76.9500,8.4667,M,M,M,20.00,2.00,M,M,M,2.00,M,M,M,M,M,M,M,M,M,M,M,M,M,M,M,M,M,VOTV 131140Z AUTO 02002KT 2SM RMK IEM_DS3505,M
VOTV,2004-04-13 12:40,76.9500,8.4667,M,M,M,50.00,2.00,M,M,M,2.50,M,M,M,M,M,M,M,M,M,M,M,M,M,M,M,M,M,VOTV 131240Z AUTO 05002KT 2 1/2SM RMK IEM_DS3505,M
VOTV,2004-04-13 14:40,76.9500,8.4667,M,M,M,0.00,0.00,M,M,M,2.50,M,M,M,M,M,M,M,M,M,M,M,M,M,M,M,M,M,VOTV 131440Z AUTO 00000KT 2 1/2SM RMK IEM_DS3505,M
VOTV,2004-04-13 15:40,76.9500,8.4667,M,M,M,0.00,0.00,M,M,M,2.50,M,M,M,M,M,M,M,M,M,M,M,M,M,M,M,M,M,VOTV 131540Z AUTO 00000KT 2 1/2SM RMK IEM_DS3505,M
VOTV,2004-04-14 01:40,76.9500,8.4667,80.60,73.40,78.76,0.00,0.00,M,29.83,M,2.00,M,M,M,M,M,M,M,M,M,M,M,M,M,M,M,M,85.32,VOTV 140140Z AUTO 00000KT 2SM 27/23 A2983 RMK T02700230 IEM_DS3505,M
VOTV,2004-04-14 02:40,76.9500,8.4667,84.20,75.20,74.44,0.00,0.00,M,29.83,M,2.00,M,M,M,M,M,M,M,M,M,M,M,M,M,M,M,M,92.45,VOTV 140240Z AUTO 00000KT 2SM 29/24 A2983 RMK T02900240 IEM_DS3505,M
VOTV,2004-04-14 04:40,76.9500,8.4667,M,M,M,280.00,4.00,M,M,M,4.00,M,M,M,M,M,M,M,M,M,M,M,M,M,M,M,M,M,VOTV 140440Z AUTO 28004KT 4SM RMK IEM_DS3505,M
VOTV,2004-04-14 05:40,76.9500,8.4667,87.80,78.80,74.77,230.00,6.00,M,29.83,M,4.00,M,M,M,M,M,M,M,M,M,M,M,M,M,M,M,M,102.37,VOTV 140540Z AUTO 23006KT 4SM 31/26 A2983 RMK T03100260 IEM_DS3505,M
VOTV,2004-04-14 06:40,76.9500,8.4667,89.60,78.80,70.63,260.00,6.00,M,29.80,M,M,M,M,M,M,M,M,M,M,M,M,M,M,M,M,M,M,105.15,VOTV 140640Z AUTO 26006KT 32/26 A2980 RMK T03200260 IEM_DS3505,M
VOTV,2004-04-14 07:40,76.9500,8.4667,87.80,77.00,70.45,270.00,9.00,M,29.77,M,M,M,M,M,M,M,M,M,M,M,M,M,M,M,M,M,M,99.92,VOTV 140740Z AUTO 27009KT 31/25 A2977 RMK T03100250 IEM_DS3505,M
VOTV,2004-04-14 08:40,76.9500,8.4667,89.60,75.20,62.68,280.00,10.00,M,29.74,M,5.00,M,M,M,M,M,M,M,M,M,M,M,M,M,M,M,M,100.23,VOTV 140840Z AUTO 28010KT 5SM 32/24 A2974 RMK T03200240 IEM_DS3505,M
VOTV,2004-04-14 09:40,76.9500,8.4667,89.60,75.20,62.68,290.00,5.00,M,29.71,M,5.00,M,M,M,M,M,M,M,M,M,M,M,M,M,M,M,M,100.23,VOTV 140940Z AUTO 29005KT 5SM 32/24 A2971 RMK T03200240 IEM_DS3505,M
VOTV,2004-04-14 10:40,76.9500,8.4667,89.60,75.20,62.68,270.00,7.00,M,29.71,M,5.00,M,M,M,M,M,M,M,M,M,M,M,M,M,M,M,M,100.23,VOTV 141040Z AUTO 27007KT 5SM 32/24 A2971 RMK T03200240 IEM_DS3505,M
VOTV,2004-04-14 12:40,76.9500,8.4667,87.80,78.80,74.77,270.00,4.00,M,29.74,M,5.00,M,M,M,M,M,M,M,M,M,M,M,M,M,M,M,M,102.37,VOTV 141240Z AUTO 27004KT 5SM 31/26 A2974 RMK T03100260 IEM_DS3505,M
VOTV,2004-04-14 13:40,76.9500,8.4667,87.80,78.80,74.77,270.00,4.00,M,29.74,M,4.00,M,M,M,M,M,M,M,M,M,M,M,M,M,M,M,M,102.37,VOTV 141340Z AUTO 27004KT 4SM 31/26 A2974 RMK T03100260 IEM_DS3505,M
VOTV,2004-04-14 14:40,76.9500,8.4667,87.80,78.80,74.77,280.00,2.00,M,M,M,4.00,M,M,M,M,M,M,M,M,M,M,M,M,M,M,M,M,102.37,VOTV 141440Z AUTO 28002KT 4SM 31/26 RMK T03100260 IEM_DS3505,M
VOTV,2004-04-14 15:40,76.9500,8.4667,87.80,78.80,74.77,M,M,M,29.80,M,4.00,M,M,M,M,M,M,M,M,M,M,M,M,M,M,M,M,102.37,VOTV 141540Z AUTO 4SM 31/26 A2980 RMK T03100260 IEM_DS3505,M
VOTV,2004-04-14 16:40,76.9500,8.4667,86.00,77.00,74.61,260.00,3.00,M,29.80,M,4.00,M,M,M,M,M,M,M,M,M,M,M,M,M,M,M,M,97.15,VOTV 141640Z AUTO 26003KT 4SM 30/25 A2980 RMK T03000250 IEM_DS3505,M
VOTV,2004-04-14 23:40,76.9500,8.4667,86.00,78.80,79.18,0.00,0.00,M,29.74,M,3.00,M,M,M,M,M,M,M,M,M,M,M,M,M,M,M,M,99.38,VOTV 142340Z AUTO 00000KT 3SM 30/26 A2974 RMK T03000260 IEM_DS3505,M
VOTV,2004-04-15 00:40,76.9500,8.4667,M,M,M,0.00,0.00,M,M,M,3.00,M,M,M,M,M,M,M,M,M,M,M,M,M,M,M,M,M,VOTV 150040Z AUTO 00000KT 3SM RMK IEM_DS3505,M
VOTV,2004-04-15 01:40,76.9500,8.4667,M,M,M,M,M,M,M,M,2.50,M,M,M,M,M,M,M,M,M,M,M,M,M,M,M,M,M,VOTV 150140Z AUTO 2 1/2SM RMK IEM_DS3505,M
VOTV,2004-04-15 02:40,76.9500,8.4667,M,M,M,280.00,3.00,M,M,M,3.00,M,M,M,M,M,M,M,M,M,M,M,M,M,M,M,M,M,VOTV 150240Z AUTO 28003KT 3SM RMK IEM_DS3505,M
VOTV,2004-04-15 03:40,76.9500,8.4667,M,M,M,M,M,M,M,M,4.00,M,M,M,M,M,M,M,M,M,M,M,M,M,M,M,M,M,VOTV 150340Z AUTO 4SM RMK IEM_DS3505,M
VOTV,2004-04-15 04:40,76.9500,8.4667,M,M,M,270.00,6.00,M,M,M,4.00,M,M,M,M,M,M,M,M,M,M,M,M,M,M,M,M,M,VOTV 150440Z AUTO 27006KT 4SM RMK IEM_DS3505,M
VOTV,2004-04-15 05:40,76.9500,8.4667,89.60,77.00,66.55,250.00,8.00,M,29.85,M,M,M,M,M,M,M,M,M,M,M,M,M,M,M,M,M,M,102.54,VOTV 150540Z AUTO 25008KT 32/25 A2985 RMK T03200250 IEM_DS3505,M
VOTV,2004-04-15 06:40,76.9500,8.4667,89.60,78.80,70.63,240.00,6.00,M,29.85,M,5.00,M,M,M,M,M,M,M,M,M,M,M,M,M,M,M,M,105.15,VOTV 150640Z AUTO 24006KT 5SM 32/26 A2985 RMK T03200260 IEM_DS3505,M
VOTV,2004-04-15 07:40,76.9500,8.4667,89.60,78.80,70.63,270.00,8.00,M,29.80,M,5.00,M,M,M,M,M,M,M,M,M,M,M,M,M,M,M,M,105.15,VOTV 150740Z AUTO 27008KT 5SM 32/26 A2980 RMK T03200260 IEM_DS3505,M
VOTV,2004-04-15 08:40,76.9500,8.4667,M,M,M,250.00,8.00,M,M,M,5.00,M,M,M,M,M,M,M,M,M,M,M,M,M,M,M,M,M,VOTV 150840Z AUTO 25008KT 5SM RMK IEM_DS3505,M
VOTV,2004-04-15 10:40,76.9500,8.4667,89.60,75.20,62.68,270.00,10.00,M,29.74,M,5.00,M,M,M,M,M,M,M,M,M,M,M,M,M,M,M,M,100.23,VOTV 151040Z AUTO 27010KT 5SM 32/24 A2974 RMK T03200240 IEM_DS3505,M
VOTV,2004-04-15 11:40,76.9500,8.4667,89.60,75.20,62.68,280.00,8.00,M,29.74,M,5.00,M,M,M,M,M,M,M,M,M,M,M,M,M,M,M,M,100.23,VOTV 151140Z AUTO 28008KT 5SM 32/24 A2974 RMK T03200240 IEM_DS3505,M
VOTV,2004-04-15 12:40,76.9500,8.4667,M,M,M,270.00,8.00,M,M,M,4.00,M,M,M,M,M,M,M,M,M,M,M,M,M,M,M,M,M,VOTV 151240Z AUTO 27008KT 4SM RMK IEM_DS3505,M
VOTV,2004-04-15 13:40,76.9500,8.4667,87.80,75.20,66.35,270.00,5.00,M,29.77,M,M,M,M,M,M,M,M,M,M,M,M,M,M,M,M,M,M,97.76,VOTV 151340Z AUTO 27005KT 31/24 A2977 RMK T03100240 IEM_DS3505,M
VOTV,2004-04-15 14:40,76.9500,8.4667,87.80,77.00,70.45,280.00,3.00,M,29.80,M,M,M,M,M,M,M,M,M,M,M,M,M,M,M,M,M,M,99.92,VOTV 151440Z AUTO 28003KT 31/25 A2980 RMK T03100250 IEM_DS3505,M
VOTV,2004-04-15 16:40,76.9500,8.4667,86.00,77.00,74.61,0.00,0.00,M,29.83,M,4.00,M,M,M,M,M,M,M,M,M,M,M,M,M,M,M,M,97.15,VOTV 151640Z AUTO 00000KT 4SM 30/25 A2983 RMK T03000250 IEM_DS3505,M
VOTV,2004-04-15 17:40,76.9500,8.4667,86.00,77.00,74.61,M,M,M,29.85,M,2.50,M,M,M,M,M,M,M,M,M,M,M,M,M,M,M,M,97.15,VOTV 151740Z AUTO 2 1/2SM 30/25 A2985 RMK T03000250 IEM_DS3505,M
VOTV,2004-04-15 23:40,76.9500,8.4667,84.20,78.80,83.88,0.00,0.00,M,29.83,M,2.50,M,M,M,M,M,M,M,M,M,M,M,M,M,M,M,M,96.10,VOTV 152340Z AUTO 00000KT 2 1/2SM 29/26 A2983 RMK T02900260 IEM_DS3505,M
VOTV,2004-04-16 00:40,76.9500,8.4667,84.20,77.00,79.04,0.00,0.00,M,29.80,M,2.50,M,M,M,M,M,M,M,M,M,M,M,M,M,M,M,M,94.16,VOTV 160040Z AUTO 00000KT 2 1/2SM 29/25 A2980 RMK T02900250 IEM_DS3505,M
VOTV,2004-04-16 01:40,76.9500,8.4667,M,M,M,0.00,0.00,M,M,M,2.00,M,M,M,M,M,M,M,M,M,M,M,M,M,M,M,M,M,VOTV 160140Z AUTO 00000KT 2SM RMK IEM_DS3505,M
VOTV,2004-04-16 02:40,76.9500,8.4667,M,M,M,330.00,7.00,M,M,M,2.00,M,M,M,M,M,M,M,M,M,M,M,M,M,M,M,M,M,VOTV 160240Z AUTO 33007KT 2SM RMK IEM_DS3505,M
VOTV,2004-04-16 03:40,76.9500,8.4667,M,M,M,340.00,8.00,M,M,M,4.00,M,M,M,M,M,M,M,M,M,M,M,M,M,M,M,M,M,VOTV 160340Z AUTO 34008KT 4SM RMK IEM_DS3505,M
VOTV,2004-04-16 05:40,76.9500,8.4667,89.60,75.20,62.68,280.00,10.00,M,29.85,M,5.00,M,M,M,M,M,M,M,M,M,M,M,M,M,M,M,M,100.23,VOTV 160540Z AUTO 28010KT 5SM 32/24 A2985 RMK T03200240 IEM_DS3505,M
VOTV,2004-04-16 06:40,76.9500,8.4667,M,M,M,280.00,12.00,M,M,M,5.00,M,M,M,M,M,M,M,M,M,M,M,M,M,M,M,M,M,VOTV 160640Z AUTO 28012KT 5SM RMK IEM_DS3505,M
VOTV,2004-04-16 07:40,76.9500,8.4667,M,M,M,280.00,10.00,M,M,M,5.00,M,M,M,M,M,M,M,M,M,M,M,M,M,M,M,M,M,VOTV 160740Z AUTO 28010KT 5SM RMK IEM_DS3505,M
VOTV,2004-04-16 08:40,76.9500,8.4667,M,M,M,270.00,10.00,M,M,M,5.00,M,M,M,M,M,M,M,M,M,M,M,M,M,M,M,M,M,VOTV 160840Z AUTO 27010KT 5SM RMK IEM_DS3505,M
VOTV,2004-04-16 09:40,76.9500,8.4667,89.60,75.20,62.68,270.00,12.00,M,29.74,M,5.00,M,M,M,M,M,M,M,M,M,M,M,M,M,M,M,M,100.23,VOTV 160940Z AUTO 27012KT 5SM 32/24 A2974 RMK T03200240 IEM_DS3505,M
VOTV,2004-04-16 10:40,76.9500,8.4667,91.40,75.20,59.24,300.00,8.00,M,29.74,M,5.00,M,M,M,M,M,M,M,M,M,M,M,M,M,M,M,M,102.65,VOTV 161040Z AUTO 30008KT 5SM 33/24 A2974 RMK T03300240 IEM_DS3505,M
VOTV,2004-04-16 11:40,76.9500,8.4667,89.60,77.00,66.55,290.00,12.00,M,29.71,M,5.00,M,M,M,M,M,M,M,M,M,M,M,M,M,M,M,M,102.54,VOTV 161140Z AUTO 29012KT 5SM 32/25 A2971 RMK T03200250 IEM_DS3505,M
VOTV,2004-04-16 12:40,76.9500,8.4667,89.60,75.20,62.68,310.00,11.00,M,29.74,M,5.00,M,M,M,M,M,M,M,M,M,M,M,M,M,M,M,M,100.23,VOTV 161240Z AUTO 31011KT 5SM 32/24 A2974 RMK T03200240 IEM_DS3505,M
VOTV,2004-04-16 13:40,76.9500,8.4667,87.80,77.00,70.45,310.00,9.00,M,29.77,M,4.00,M,M,M,M,M,M,M,M,M,M,M,M,M,M,M,M,99.92,VOTV 161340Z AUTO 31009KT 4SM 31/25 A2977 RMK T03100250 IEM_DS3505,M
VOTV,2004-04-16 14:40,76.9500,8.4667,87.80,78.80,74.77,330.00,7.00,M,29.77,M,4.00,M,M,M,M,M,M,M,M,M,M,M,M,M,M,M,M,102.37,VOTV 161440Z AUTO 33007KT 4SM 31/26 A2977 RMK T03100260 IEM_DS3505,M
VOTV,2004-04-16 23:40,76.9500,8.4667,82.40,77.00,83.77,10.00,3.00,M,29.74,M,2.50,M,M,M,M,M,M,M,M,M,M,M,M,M,M,M,M,90.85,VOTV 162340Z AUTO 01003KT 2 1/2SM 28/25 A2974 RMK T02800250 IEM_DS3505,M
VOTV,2004-04-17 00:40,76.9500,8.4667,82.40,78.80,88.90,0.00,0.00,M,29.77,M,2.50,M,M,M,M,M,M,M,M,M,M,M,M,M,M,M,M,92.40,VOTV 170040Z AUTO 00000KT 2 1/2SM 28/26 A2977 RMK T02800260 IEM_DS3505,M
VOTV,2004-04-17 06:40,76.9500,8.4667,91.40,75.20,59.24,270.00,11.00,M,29.77,M,7.00,M,M,M,M,M,M,M,M,M,M,M,M,M,M,M,M,102.65,VOTV 170640Z AUTO 27011KT 7SM 33/24 A2977 RMK T03300240 IEM_DS3505,M
VOTV,2004-04-17 07:40,76.9500,8.4667,91.40,77.00,62.90,290.00,10.00,M,29.77,M,7.00,M,M,M,M,M,M,M,M,M,M,M,M,M,M,M,M,105.06,VOTV 170740Z AUTO 29010KT 7SM 33/25 A2977 RMK T03300250 IEM_DS3505,M
VOTV,2004-04-17 08:40,76.9500,8.4667,89.60,73.40,59.01,320.00,12.00,M,29.74,M,7.00,M,M,M,M,M,M,M,M,M,M,M,M,M,M,M,M,98.20,VOTV 170840Z AUTO 32012KT 7SM 32/23 A2974 RMK T03200230 IEM_DS3505,M
VOTV,2004-04-17 09:40,76.9500,8.4667,91.40,78.80,66.75,300.00,9.00,M,29.74,M,7.00,M,M,M,M,M,M,M,M,M,M,M,M,M,M,M,M,107.79,VOTV 170940Z AUTO 30009KT 7SM 33/26 A2974 RMK T03300260 IEM_DS3505,M
VOTV,2004-04-17 11:40,76.9500,8.4667,89.60,75.20,62.68,290.00,8.00,M,29.71,M,7.00,M,M,M,M,M,M,M,M,M,M,M,M,M,M,M,M,100.23,VOTV 171140Z AUTO 29008KT 7SM 32/24 A2971 RMK T03200240 IEM_DS3505,M
VOTV,2004-04-17 14:40,76.9500,8.4667,86.00,75.20,70.27,300.00,8.00,M,29.77,M,M,M,M,M,M,M,M,M,M,M,M,M,M,M,M,M,M,95.19,VOTV 171440Z AUTO 30008KT 30/24 A2977 RMK T03000240 IEM_DS3505,M
VOTV,2004-04-18 00:40,76.9500,8.4667,80.60,77.00,88.83,0.00,0.00,M,29.77,M,4.00,M,M,M,M,M,M,M,M,M,M,M,M,M,M,M,M,87.10,VOTV 180040Z AUTO 00000KT 4SM 27/25 A2977 RMK T02700250 IEM_DS3505,M
VOTV,2004-04-18 01:40,76.9500,8.4667,82.40,75.20,78.90,0.00,0.00,M,29.77,M,4.00,M,M,M,M,M,M,M,M,M,M,M,M,M,M,M,M,89.48,VOTV 180140Z AUTO 00000KT 4SM 28/24 A2977 RMK T02800240 IEM_DS3505,M
VOTV,2004-04-18 02:40,76.9500,8.4667,86.00,77.00,74.61,340.00,6.00,M,29.80,M,5.00,M,M,M,M,M,M,M,M,M,M,M,M,M,M,M,M,97.15,VOTV 180240Z AUTO 34006KT 5SM 30/25 A2980 RMK T03000250 IEM_DS3505,M
VOTV,2004-04-18 03:40,76.9500,8.4667,87.80,73.40,62.47,320.00,5.00,M,29.80,M,5.00,M,M,M,M,M,M,M,M,M,M,M,M,M,M,M,M,95.86,VOTV 180340Z AUTO 32005KT 5SM 31/23 A2980 RMK T03100230 IEM_DS3505,M
VOTV,2004-04-18 04:40,76.9500,8.4667,87.80,73.40,62.47,290.00,6.00,M,29.83,M,5.00,M,M,M,M,M,M,M,M,M,M,M,M,M,M,M,M,95.86,VOTV 180440Z AUTO 29006KT 5SM 31/23 A2983 RMK T03100230 IEM_DS3505,M
VOTV,2004-04-18 05:40,76.9500,8.4667,89.60,75.20,62.68,270.00,10.00,M,29.80,M,5.00,M,M,M,M,M,M,M,M,M,M,M,M,M,M,M,M,100.23,VOTV 180540Z AUTO 27010KT 5SM 32/24 A2980 RMK T03200240 IEM_DS3505,M
VOTV,2004-04-18 06:40,76.9500,8.4667,89.60,75.20,62.68,260.00,8.00,M,29.80,M,7.00,M,M,M,M,M,M,M,M,M,M,M,M,M,M,M,M,100.23,VOTV 180640Z AUTO 26008KT 7SM 32/24 A2980 RMK T03200240 IEM_DS3505,M
VOTV,2004-04-18 07:40,76.9500,8.4667,91.40,77.00,62.90,290.00,8.00,M,29.77,M,7.00,18.00,M,M,M,M,M,M,M,M,M,M,M,M,M,M,M,105.06,VOTV 180740Z AUTO 29008G18KT 7SM 33/25 A2977 RMK T03300250 IEM_DS3505,M
VOTV,2004-04-18 08:40,76.9500,8.4667,91.40,77.00,62.90,290.00,8.00,M,29.71,M,7.00,18.00,M,M,M,M,M,M,M,M,M,M,M,M,M,M,M,105.06,VOTV 180840Z AUTO 29008G18KT 7SM 33/25 A2971 RMK T03300250 IEM_DS3505,M
VOTV,2004-04-18 09:40,76.9500,8.4667,89.60,77.00,66.55,290.00,12.00,M,29.68,M,7.00,M,M,M,M,M,M,M,M,M,M,M,M,M,M,M,M,102.54,VOTV 180940Z AUTO 29012KT 7SM 32/25 A2968 RMK T03200250 IEM_DS3505,M
VOTV,2004-04-18 11:40,76.9500,8.4667,89.60,77.00,66.55,300.00,14.00,M,29.68,M,5.00,M,M,M,M,M,M,M,M,M,M,M,M,M,M,M,M,102.54,VOTV 181140Z AUTO 30014KT 5SM 32/25 A2968 RMK T03200250 IEM_DS3505,M
VOTV,2004-04-18 12:40,76.9500,8.4667,87.80,75.20,66.35,290.00,8.00,M,29.68,M,5.00,16.00,M,M,M,M,M,M,M,M,M,M,M,M,M,M,M,97.76,VOTV 181240Z AUTO 29008G16KT 5SM 31/24 A2968 RMK T03100240 IEM_DS3505,M
VOTV,2004-04-18 13:40,76.9500,8.4667,87.80,77.00,70.45,290.00,8.00,M,29.71,M,3.00,18.00,M,M,M,M,M,M,M,M,M,M,M,M,M,M,M,99.92,VOTV 181340Z AUTO 29008G18KT 3SM 31/25 A2971 RMK T03100250 IEM_DS3505,M
VOTV,2004-04-18 14:40,76.9500,8.4667,86.00,77.00,74.61,290.00,10.00,M,29.74,M,3.00,M,M,M,M,M,M,M,M,M,M,M,M,M,M,M,M,97.15,VOTV 181440Z AUTO 29010KT 3SM 30/25 A2974 RMK T03000250 IEM_DS3505,M
VOTV,2004-04-18 16:40,76.9500,8.4667,86.00,75.20,70.27,340.00,5.00,M,29.77,M,3.00,M,M,M,M,M,M,M,M,M,M,M,M,M,M,M,M,95.19,VOTV 181640Z AUTO 34005KT 3SM 30/24 A2977 RMK T03000240 IEM_DS3505,M
VOTV,2004-04-18 23:40,76.9500,8.4667,M,M,M,340.00,3.00,M,29.71,M,3.00,M,M,M,M,M,M,M,M,M,M,M,M,M,M,M,M,M,VOTV 182340Z AUTO 34003KT 3SM A2971 RMK IEM_DS3505,M
VOTV,2004-04-19 02:40,76.9500,8.4667,86.00,77.00,74.61,330.00,8.00,M,29.77,M,4.00,M,M,M,M,M,M,M,M,M,M,M,M,M,M,M,M,97.15,VOTV 190240Z AUTO 33008KT 4SM 30/25 A2977 RMK T03000250 IEM_DS3505,M
VOTV,2004-04-19 03:40,76.9500,8.4667,87.80,75.20,66.35,310.00,10.00,M,29.77,M,5.00,M,M,M,M,M,M,M,M,M,M,M,M,M,M,M,M,97.76,VOTV 190340Z AUTO 31010KT 5SM 31/24 A2977 RMK T03100240 IEM_DS3505,M
VOTV,2004-04-19 04:40,76.9500,8.4667,89.60,75.20,62.68,310.00,10.00,M,29.77,M,5.00,M,M,M,M,M,M,M,M,M,M,M,M,M,M,M,M,100.23,VOTV 190440Z AUTO 31010KT 5SM 32/24 A2977 RMK T03200240 IEM_DS3505,M
VOTV,2004-04-19 06:40,76.9500,8.4667,89.60,78.80,70.63,290.00,14.00,M,29.74,M,5.00,M,M,M,M,M,M,M,M,M,M,M,M,M,M,M,M,105.15,VOTV 190640Z AUTO 29014KT 5SM 32/26 A2974 RMK T03200260 IEM_DS3505,M
VOTV,2004-04-19 09:40,76.9500,8.4667,89.60,80.60,74.93,290.00,8.00,M,29.68,M,7.00,18.00,M,M,M,M,M,M,M,M,M,M,M,M,M,M,M,108.11,VOTV 190940Z AUTO 29008G18KT 7SM 32/27 A2968 RMK T03200270 IEM_DS3505,M
VOTV,2004-04-19 10:40,76.9500,8.4667,89.60,77.00,66.55,310.00,8.00,M,29.68,M,7.00,18.00,M,M,M,M,M,M,M,M,M,M,M,M,M,M,M,102.54,VOTV 191040Z AUTO 31008G18KT 7SM 32/25 A2968 RMK T03200250 IEM_DS3505,M
VOTV,2004-04-19 11:40,76.9500,8.4667,87.80,78.80,74.77,290.00,8.00,M,29.68,M,5.00,18.00,M,M,M,M,M,M,M,M,M,M,M,M,M,M,M,102.37,VOTV 191140Z AUTO 29008G18KT 5SM 31/26 A2968 RMK T03100260 IEM_DS3505,M
VOTV,2004-04-19 12:40,76.9500,8.4667,87.80,78.80,74.77,310.00,11.00,M,29.71,M,5.00,M,M,M,M,M,M,M,M,M,M,M,M,M,M,M,M,102.37,VOTV 191240Z AUTO 31011KT 5SM 31/26 A2971 RMK T03100260 IEM_DS3505,M
VOTV,2004-04-19 13:40,76.9500,8.4667,M,M,M,290.00,6.00,M,M,M,2.50,M,M,M,M,M,M,M,M,M,M,M,M,M,M,M,M,M,VOTV 191340Z AUTO 29006KT 2 1/2SM RMK IEM_DS3505,M
VOTV,2004-04-19 14:40,76.9500,8.4667,M,M,M,290.00,4.00,M,M,M,2.50,M,M,M,M,M,M,M,M,M,M,M,M,M,M,M,M,M,VOTV 191440Z AUTO 29004KT 2 1/2SM RMK IEM_DS3505,M
VOTV,2004-04-19 15:40,76.9500,8.4667,M,M,M,290.00,6.00,M,M,M,2.50,M,M,M,M,M,M,M,M,M,M,M,M,M,M,M,M,M,VOTV 191540Z AUTO 29006KT 2 1/2SM RMK IEM_DS3505,M
VOTV,2004-04-19 21:40,76.9500,8.4667,M,M,M,0.00,0.00,M,M,M,2.50,M,M,M,M,M,M,M,M,M,M,M,M,M,M,M,M,M,VOTV 192140Z AUTO 00000KT 2 1/2SM RMK IEM_DS3505,M
VOTV,2004-04-19 23:40,76.9500,8.4667,M,M,M,0.00,0.00,M,M,M,2.50,M,M,M,M,M,M,M,M,M,M,M,M,M,M,M,M,M,VOTV 192340Z AUTO 00000KT 2 1/2SM RMK IEM_DS3505,M
VOTV,2004-04-20 00:40,76.9500,8.4667,82.40,77.00,83.77,0.00,0.00,M,29.80,M,2.50,M,M,M,M,M,M,M,M,M,M,M,M,M,M,M,M,90.85,VOTV 200040Z AUTO 00000KT 2 1/2SM 28/25 A2980 RMK T02800250 IEM_DS3505,M
VOTV,2004-04-20 01:40,76.9500,8.4667,82.40,77.00,83.77,0.00,0.00,M,29.83,M,2.50,M,M,M,M,M,M,M,M,M,M,M,M,M,M,M,M,90.85,VOTV 200140Z AUTO 00000KT 2 1/2SM 28/25 A2983 RMK T02800250 IEM_DS3505,M
VOTV,2004-04-20 02:40,76.9500,8.4667,86.00,78.80,79.18,30.00,2.00,M,29.83,M,2.50,M,M,M,M,M,M,M,M,M,M,M,M,M,M,M,M,99.38,VOTV 200240Z AUTO 03002KT 2 1/2SM 30/26 A2983 RMK T03000260 IEM_DS3505,M
VOTV,2004-04-20 03:40,76.9500,8.4667,87.80,75.20,66.35,340.00,6.00,M,29.85,M,M,M,M,M,M,M,M,M,M,M,M,M,M,M,M,M,M,97.76,VOTV 200340Z AUTO 34006KT 31/24 A2985 RMK T03100240 IEM_DS3505,M
VOTV,2004-04-20 04:40,76.9500,8.4667,89.60,78.80,70.63,240.00,6.00,M,29.85,M,M,M,M,M,M,M,M,M,M,M,M,M,M,M,M,M,M,105.15,VOTV 200440Z AUTO 24006KT 32/26 A2985 RMK T03200260 IEM_DS3505,M
VOTV,2004-04-20 05:40,76.9500,8.4667,89.60,77.00,66.55,240.00,9.00,M,29.85,M,M,M,M,M,M,M,M,M,M,M,M,M,M,M,M,M,M,102.54,VOTV 200540Z AUTO 24009KT 32/25 A2985 RMK T03200250 IEM_DS3505,M
VOTV,2004-04-20 06:40,76.9500,8.4667,89.60,80.60,74.93,M,M,M,29.83,M,4.00,M,M,M,M,M,M,M,M,M,M,M,M,M,M,M,M,108.11,VOTV 200640Z AUTO 4SM 32/27 A2983 RMK T03200270 IEM_DS3505,M
VOTV,2004-04-20 07:40,76.9500,8.4667,89.60,80.60,74.93,280.00,7.00,M,29.83,M,4.00,M,M,M,M,M,M,M,M,M,M,M,M,M,M,M,M,108.11,VOTV 200740Z AUTO 28007KT 4SM 32/27 A2983 RMK T03200270 IEM_DS3505,M
VOTV,2004-04-20 08:40,76.9500,8.4667,89.60,78.80,70.63,240.00,6.00,M,29.80,M,M,M,M,M,M,M,M,M,M,M,M,M,M,M,M,M,M,105.15,VOTV 200840Z AUTO 24006KT 32/26 A2980 RMK T03200260 IEM_DS3505,M
VOTV,2004-04-20 09:40,76.9500,8.4667,89.60,78.80,70.63,270.00,8.00,M,29.80,M,M,M,M,M,M,M,M,M,M,M,M,M,M,M,M,M,M,105.15,VOTV 200940Z AUTO 27008KT 32/26 A2980 RMK T03200260 IEM_DS3505,M
VOTV,2004-04-20 10:40,76.9500,8.4667,89.60,78.80,70.63,270.00,8.00,M,29.77,M,M,M,M,M,M,M,M,M,M,M,M,M,M,M,M,M,M,105.15,VOTV 201040Z AUTO 27008KT 32/26 A2977 RMK T03200260 IEM_DS3505,M
VOTV,2004-04-20 11:40,76.9500,8.4667,87.80,78.80,74.77,270.00,3.00,M,29.77,M,4.00,M,M,M,M,M,M,M,M,M,M,M,M,M,M,M,M,102.37,VOTV 201140Z AUTO 27003KT 4SM 31/26 A2977 RMK T03100260 IEM_DS3505,M
VOTV,2004-04-20 12:40,76.9500,8.4667,87.80,80.60,79.31,260.00,4.00,M,29.77,M,4.00,M,M,M,M,M,M,M,M,M,M,M,M,M,M,M,M,105.14,VOTV 201240Z AUTO 26004KT 4SM 31/27 A2977 RMK T03100270 IEM_DS3505,M
VOTV,2004-04-20 17:40,76.9500,8.4667,86.00,82.40,89.06,0.00,0.00,M,29.85,M,2.50,M,M,M,M,M,M,M,M,M,M,M,M,M,M,M,M,104.74,VOTV 201740Z AUTO 00000KT 2 1/2SM 30/28 A2985 RMK T03000280 IEM_DS3505,M
VOTV,2004-04-21 00:40,76.9500,8.4667,82.40,78.80,88.90,0.00,0.00,M,29.80,M,2.50,M,M,M,M,M,M,M,M,M,M,M,M,M,M,M,M,92.40,VOTV 210040Z AUTO 00000KT 2 1/2SM 28/26 A2980 RMK T02800260 IEM_DS3505,M
VOTV,2004-04-21 01:40,76.9500,8.4667,84.20,80.60,88.98,0.00,0.00,M,29.83,M,2.00,M,M,M,M,M,M,M,M,M,M,M,M,M,M,M,M,98.28,VOTV 210140Z AUTO 00000KT 2SM 29/27 A2983 RMK T02900270 IEM_DS3505,M
VOTV,2004-04-21 02:40,76.9500,8.4667,86.00,78.80,79.18,0.00,0.00,M,29.85,M,2.00,M,M,M,M,M,M,M,M,M,M,M,M,M,M,M,M,99.38,VOTV 210240Z AUTO 00000KT 2SM 30/26 A2985 RMK T03000260 IEM_DS3505,M
VOTV,2004-04-21 03:40,76.9500,8.4667,87.80,80.60,79.31,270.00,7.00,M,29.88,M,4.00,M,M,M,M,M,M,M,M,M,M,M,M,M,M,M,M,105.14,VOTV 210340Z AUTO 27007KT 4SM 31/27 A2988 RMK T03100270 IEM_DS3505,M
VOTV,2004-04-21 04:40,76.9500,8.4667,89.60,78.80,70.63,290.00,6.00,M,29.85,M,5.00,M,M,M,M,M,M,M,M,M,M,M,M,M,M,M,M,105.15,VOTV 210440Z AUTO 29006KT 5SM 32/26 A2985 RMK T03200260 IEM_DS3505,M
VOTV,2004-04-21 05:40,76.9500,8.4667,M,M,M,300.00,5.00,M,M,M,5.00,M,M,M,M,M,M,M,M,M,M,M,M,M,M,M,M,M,VOTV 210540Z AUTO 30005KT 5SM RMK IEM_DS3505,M
VOTV,2004-04-21 07:40,76.9500,8.4667,M,M,M,280.00,8.00,M,M,M,5.00,M,M,M,M,M,M,M,M,M,M,M,M,M,M,M,M,M,VOTV 210740Z AUTO 28008KT 5SM RMK IEM_DS3505,M
VOTV,2004-04-21 08:40,76.9500,8.4667,89.60,78.80,70.63,270.00,10.00,M,29.80,M,5.00,M,M,M,M,M,M,M,M,M,M,M,M,M,M,M,M,105.15,VOTV 210840Z AUTO 27010KT 5SM 32/26 A2980 RMK T03200260 IEM_DS3505,M
VOTV,2004-04-21 09:40,76.9500,8.4667,89.60,78.80,70.63,260.00,8.00,M,29.77,M,5.00,M,M,M,M,M,M,M,M,M,M,M,M,M,M,M,M,105.15,VOTV 210940Z AUTO 26008KT 5SM 32/26 A2977 RMK T03200260 IEM_DS3505,M
VOTV,2004-04-21 10:40,76.9500,8.4667,87.80,78.80,74.77,270.00,6.00,M,29.74,M,5.00,M,M,M,M,M,M,M,M,M,M,M,M,M,M,M,M,102.37,VOTV 211040Z AUTO 27006KT 5SM 31/26 A2974 RMK T03100260 IEM_DS3505,M
VOTV,2004-04-21 11:40,76.9500,8.4667,87.80,78.80,74.77,260.00,6.00,M,29.74,M,5.00,M,M,M,M,M,M,M,M,M,M,M,M,M,M,M,M,102.37,VOTV 211140Z AUTO 26006KT 5SM 31/26 A2974 RMK T03100260 IEM_DS3505,M
VOTV,2004-04-21 14:40,76.9500,8.4667,M,M,M,0.00,0.00,M,M,M,2.50,M,M,M,M,M,M,M,M,M,M,M,M,M,M,M,M,M,VOTV 211440Z AUTO 00000KT 2 1/2SM RMK IEM_DS3505,M
VOTV,2004-04-21 16:40,76.9500,8.4667,M,M,M,270.00,6.00,M,M,M,2.50,M,M,M,M,M,M,M,M,M,M,M,M,M,M,M,M,M,VOTV 211640Z AUTO 27006KT 2 1/2SM RMK IEM_DS3505,M
VOTV,2004-04-21 23:40,76.9500,8.4667,M,M,M,0.00,0.00,M,M,M,2.50,M,M,M,M,M,M,M,M,M,M,M,M,M,M,M,M,M,VOTV 212340Z AUTO 00000KT 2 1/2SM RMK IEM_DS3505,M
VOTV,2004-04-22 00:40,76.9500,8.4667,80.60,78.80,94.27,0.00,0.00,M,29.74,M,2.50,M,M,M,M,M,M,M,M,M,M,M,M,M,M,M,M,89.33,VOTV 220040Z AUTO 00000KT 2 1/2SM 27/26 A2974 RMK T02700260 IEM_DS3505,M
VOTV,2004-04-22 04:40,76.9500,8.4667,87.80,80.60,79.31,0.00,0.00,M,29.80,M,4.00,M,M,M,M,M,M,M,M,M,M,M,M,M,M,M,M,105.14,VOTV 220440Z AUTO 00000KT 4SM 31/27 A2980 RMK T03100270 IEM_DS3505,M
VOTV,2004-04-22 05:40,76.9500,8.4667,M,M,M,270.00,4.00,M,M,M,4.00,M,M,M,M,M,M,M,M,M,M,M,M,M,M,M,M,M,VOTV 220540Z AUTO 27004KT 4SM RMK IEM_DS3505,M
VOTV,2004-04-22 06:40,76.9500,8.4667,M,M,M,290.00,6.00,M,M,M,4.00,M,M,M,M,M,M,M,M,M,M,M,M,M,M,M,M,M,VOTV 220640Z AUTO 29006KT 4SM RMK IEM_DS3505,M
VOTV,2004-04-22 07:40,76.9500,8.4667,M,M,M,260.00,5.00,M,M,M,4.00,M,M,M,M,M,M,M,M,M,M,M,M,M,M,M,M,M,VOTV 220740Z AUTO 26005KT 4SM RMK IEM_DS3505,M
VOTV,2004-04-22 09:40,76.9500,8.4667,M,M,M,250.00,8.00,M,M,M,4.00,M,M,M,M,M,M,M,M,M,M,M,M,M,M,M,M,M,VOTV 220940Z AUTO 25008KT 4SM RMK IEM_DS3505,M
VOTV,2004-04-22 10:40,76.9500,8.4667,M,M,M,230.00,5.00,M,M,M,4.00,M,M,M,M,M,M,M,M,M,M,M,M,M,M,M,M,M,VOTV 221040Z AUTO 23005KT 4SM RMK IEM_DS3505,M
VOTV,2004-04-22 13:40,76.9500,8.4667,M,M,M,50.00,2.00,M,M,M,2.00,M,M,M,M,M,M,M,M,M,M,M,M,M,M,M,M,M,VOTV 221340Z AUTO 05002KT 2SM RMK IEM_DS3505,M
VOTV,2004-04-22 14:40,76.9500,8.4667,82.40,78.80,88.90,0.00,0.00,M,29.74,M,2.00,M,M,M,M,M,M,M,M,M,M,M,M,M,M,M,M,92.40,VOTV 221440Z AUTO 00000KT 2SM 28/26 A2974 RMK T02800260 IEM_DS3505,M
VOTV,2004-04-22 15:40,76.9500,8.4667,M,M,M,0.00,0.00,M,M,M,2.00,M,M,M,M,M,M,M,M,M,M,M,M,M,M,M,M,M,VOTV 221540Z AUTO 00000KT 2SM RMK IEM_DS3505,M
VOTV,2004-04-22 16:40,76.9500,8.4667,M,M,M,0.00,0.00,M,M,M,2.00,M,M,M,M,M,M,M,M,M,M,M,M,M,M,M,M,M,VOTV 221640Z AUTO 00000KT 2SM RMK IEM_DS3505,M
VOTV,2004-04-22 23:40,76.9500,8.4667,M,M,M,0.00,0.00,M,M,M,2.00,M,M,M,M,M,M,M,M,M,M,M,M,M,M,M,M,M,VOTV 222340Z AUTO 00000KT 2SM RMK IEM_DS3505,M
VOTV,2004-04-23 00:40,76.9500,8.4667,82.40,75.20,78.90,0.00,0.00,M,29.74,M,2.00,M,M,M,M,M,M,M,M,M,M,M,M,M,M,M,M,89.48,VOTV 230040Z AUTO 00000KT 2SM 28/24 A2974 RMK T02800240 IEM_DS3505,M
VOTV,2004-04-23 01:40,76.9500,8.4667,82.40,77.00,83.77,0.00,0.00,M,29.74,M,1.50,M,M,M,M,M,M,M,M,M,M,M,M,M,M,M,M,90.85,VOTV 230140Z AUTO 00000KT 1 1/2SM 28/25 A2974 RMK T02800250 IEM_DS3505,M
VOTV,2004-04-23 02:40,76.9500,8.4667,87.80,78.80,74.77,0.00,0.00,M,29.77,M,2.00,M,M,M,M,M,M,M,M,M,M,M,M,M,M,M,M,102.37,VOTV 230240Z AUTO 00000KT 2SM 31/26 A2977 RMK T03100260 IEM_DS3505,M
VOTV,2004-04-23 05:40,76.9500,8.4667,M,M,M,270.00,6.00,M,M,M,5.00,M,M,M,M,M,M,M,M,M,M,M,M,M,M,M,M,M,VOTV 230540Z AUTO 27006KT 5SM RMK IEM_DS3505,M
VOTV,2004-04-23 06:40,76.9500,8.4667,M,M,M,270.00,6.00,M,M,M,5.00,M,M,M,M,M,M,M,M,M,M,M,M,M,M,M,M,M,VOTV 230640Z AUTO 27006KT 5SM RMK IEM_DS3505,M
VOTV,2004-04-23 08:40,76.9500,8.4667,M,M,M,250.00,10.00,M,M,M,5.00,M,M,M,M,M,M,M,M,M,M,M,M,M,M,M,M,M,VOTV 230840Z AUTO 25010KT 5SM RMK IEM_DS3505,M
VOTV,2004-04-23 09:40,76.9500,8.4667,M,M,M,260.00,8.00,M,M,M,5.00,M,M,M,M,M,M,M,M,M,M,M,M,M,M,M,M,M,VOTV 230940Z AUTO 26008KT 5SM RMK IEM_DS3505,M
VOTV,2004-04-23 10:40,76.9500,8.4667,M,M,M,280.00,10.00,M,M,M,5.00,M,M,M,M,M,M,M,M,M,M,M,M,M,M,M,M,M,VOTV 231040Z AUTO 28010KT 5SM RMK IEM_DS3505,M
VOTV,2004-04-23 11:40,76.9500,8.4667,M,M,M,270.00,7.00,M,M,M,5.00,M,M,M,M,M,M,M,M,M,M,M,M,M,M,M,M,M,VOTV 231140Z AUTO 27007KT 5SM RMK IEM_DS3505,M
VOTV,2004-04-23 12:40,76.9500,8.4667,M,M,M,270.00,5.00,M,M,M,4.00,M,M,M,M,M,M,M,M,M,M,M,M,M,M,M,M,M,VOTV 231240Z AUTO 27005KT 4SM RMK IEM_DS3505,M
VOTV,2004-04-23 13:40,76.9500,8.4667,M,M,M,290.00,7.00,M,M,M,4.00,M,M,M,M,M,M,M,M,M,M,M,M,M,M,M,M,M,VOTV 231340Z AUTO 29007KT 4SM RMK IEM_DS3505,M
VOTV,2004-04-23 14:40,76.9500,8.4667,M,M,M,290.00,5.00,M,M,M,4.00,M,M,M,M,M,M,M,M,M,M,M,M,M,M,M,M,M,VOTV 231440Z AUTO 29005KT 4SM RMK IEM_DS3505,M
VOTV,2004-04-23 23:40,76.9500,8.4667,M,M,M,0.00,0.00,M,M,M,2.50,M,M,M,M,M,M,M,M,M,M,M,M,M,M,M,M,M,VOTV 232340Z AUTO 00000KT 2 1/2SM RMK IEM_DS3505,M
VOTV,2004-04-24 00:40,76.9500,8.4667,80.60,77.00,88.83,0.00,0.00,M,29.71,M,2.50,M,M,M,M,M,M,M,M,M,M,M,M,M,M,M,M,87.10,VOTV 240040Z AUTO 00000KT 2 1/2SM 27/25 A2971 RMK T02700250 IEM_DS3505,M
VOTV,2004-04-24 01:40,76.9500,8.4667,M,M,M,0.00,0.00,M,M,M,2.50,M,M,M,M,M,M,M,M,M,M,M,M,M,M,M,M,M,VOTV 240140Z AUTO 00000KT 2 1/2SM RMK IEM_DS3505,M
VOTV,2004-04-24 02:40,76.9500,8.4667,M,M,M,340.00,4.00,M,M,M,2.50,M,M,M,M,M,M,M,M,M,M,M,M,M,M,M,M,M,VOTV 240240Z AUTO 34004KT 2 1/2SM RMK IEM_DS3505,M
VOTV,2004-04-24 04:40,76.9500,8.4667,87.80,75.20,66.35,320.00,7.00,M,29.77,M,M,M,M,M,M,M,M,M,M,M,M,M,M,M,M,M,M,97.76,VOTV 240440Z AUTO 32007KT 31/24 A2977 RMK T03100240 IEM_DS3505,M
VOTV,2004-04-24 05:40,76.9500,8.4667,89.60,78.80,70.63,270.00,6.00,M,29.77,M,M,M,M,M,M,M,M,M,M,M,M,M,M,M,M,M,M,105.15,VOTV 240540Z AUTO 27006KT 32/26 A2977 RMK T03200260 IEM_DS3505,M
VOTV,2004-04-24 06:40,76.9500,8.4667,89.60,77.00,66.55,270.00,13.00,M,29.77,M,5.00,M,M,M,M,M,M,M,M,M,M,M,M,M,M,M,M,102.54,VOTV 240640Z AUTO 27013KT 5SM 32/25 A2977 RMK T03200250 IEM_DS3505,M
VOTV,2004-04-24 07:40,76.9500,8.4667,89.60,77.00,66.55,270.00,8.00,M,29.74,M,5.00,M,M,M,M,M,M,M,M,M,M,M,M,M,M,M,M,102.54,VOTV 240740Z AUTO 27008KT 5SM 32/25 A2974 RMK T03200250 IEM_DS3505,M
VOTV,2004-04-24 08:40,76.9500,8.4667,89.60,77.00,66.55,280.00,11.00,M,29.71,M,5.00,M,M,M,M,M,M,M,M,M,M,M,M,M,M,M,M,102.54,VOTV 240840Z AUTO 28011KT 5SM 32/25 A2971 RMK T03200250 IEM_DS3505,M
VOTV,2004-04-24 12:40,76.9500,8.4667,M,M,M,110.00,5.00,M,M,M,3.00,M,M,M,M,M,M,M,M,M,M,M,M,M,M,M,M,M,VOTV 241240Z AUTO 11005KT 3SM RMK IEM_DS3505,M
VOTV,2004-04-24 14:40,76.9500,8.4667,M,M,M,0.00,0.00,M,M,M,3.00,M,M,M,M,M,M,M,M,M,M,M,M,M,M,M,M,M,VOTV 241440Z AUTO 00000KT 3SM RMK IEM_DS3505,M
VOTV,2004-04-24 15:40,76.9500,8.4667,M,M,M,0.00,0.00,M,M,M,3.00,M,M,M,M,M,M,M,M,M,M,M,M,M,M,M,M,M,VOTV 241540Z AUTO 00000KT 3SM RMK IEM_DS3505,M
VOTV,2004-04-24 16:40,76.9500,8.4667,80.60,78.80,94.27,0.00,0.00,M,29.77,M,2.50,M,M,M,M,M,M,M,M,M,M,M,M,M,M,M,M,89.33,VOTV 241640Z AUTO 00000KT 2 1/2SM 27/26 A2977 RMK T02700260 IEM_DS3505,M
VOTV,2004-04-24 17:40,76.9500,8.4667,80.60,78.80,94.27,0.00,0.00,M,29.80,M,2.50,M,M,M,M,M,M,M,M,M,M,M,M,M,M,M,M,89.33,VOTV 241740Z AUTO 00000KT 2 1/2SM 27/26 A2980 RMK T02700260 IEM_DS3505,M
VOTV,2004-04-25 00:40,76.9500,8.4667,80.60,78.80,94.27,0.00,0.00,M,29.71,M,2.50,M,M,M,M,M,M,M,M,M,M,M,M,M,M,M,M,89.33,VOTV 250040Z AUTO 00000KT 2 1/2SM 27/26 A2971 RMK T02700260 IEM_DS3505,M
VOTV,2004-04-25 01:40,76.9500,8.4667,80.60,77.00,88.83,0.00,0.00,M,29.74,M,3.00,M,M,M,M,M,M,M,M,M,M,M,M,M,M,M,M,87.10,VOTV 250140Z AUTO 00000KT 3SM 27/25 A2974 RMK T02700250 IEM_DS3505,M
VOTV,2004-04-25 04:40,76.9500,8.4667,87.80,75.20,66.35,210.00,3.00,M,29.77,M,M,M,M,M,M,M,M,M,M,M,M,M,M,M,M,M,M,97.76,VOTV 250440Z AUTO 21003KT 31/24 A2977 RMK T03100240 IEM_DS3505,M
VOTV,2004-04-25 05:40,76.9500,8.4667,89.60,75.20,62.68,230.00,5.00,M,29.77,M,5.00,M,M,M,M,M,M,M,M,M,M,M,M,M,M,M,M,100.23,VOTV 250540Z AUTO 23005KT 5SM 32/24 A2977 RMK T03200240 IEM_DS3505,M
VOTV,2004-04-25 07:40,76.9500,8.4667,M,M,M,260.00,4.00,M,M,M,5.00,M,M,M,M,M,M,M,M,M,M,M,M,M,M,M,M,M,VOTV 250740Z AUTO 26004KT 5SM RMK IEM_DS3505,M
VOTV,2004-04-25 09:40,76.9500,8.4667,M,M,M,240.00,4.00,M,M,M,4.00,M,M,M,M,M,M,M,M,M,M,M,M,M,M,M,M,M,VOTV 250940Z AUTO 24004KT 4SM RMK IEM_DS3505,M
VOTV,2004-04-25 11:40,76.9500,8.4667,M,M,M,180.00,6.00,M,M,M,4.00,M,M,M,M,M,M,M,M,M,M,M,M,M,M,M,M,M,VOTV 251140Z AUTO 18006KT 4SM RMK IEM_DS3505,M
VOTV,2004-04-25 12:40,76.9500,8.4667,M,M,M,120.00,4.00,M,M,M,4.00,M,M,M,M,M,M,M,M,M,M,M,M,M,M,M,M,M,VOTV 251240Z AUTO 12004KT 4SM RMK IEM_DS3505,M
VOTV,2004-04-25 13:40,76.9500,8.4667,M,M,M,90.00,4.00,M,M,M,4.00,M,M,M,M,M,M,M,M,M,M,M,M,M,M,M,M,M,VOTV 251340Z AUTO 09004KT 4SM RMK IEM_DS3505,M
VOTV,2004-04-25 14:40,76.9500,8.4667,M,M,M,0.00,0.00,M,M,M,4.00,M,M,M,M,M,M,M,M,M,M,M,M,M,M,M,M,M,VOTV 251440Z AUTO 00000KT 4SM RMK IEM_DS3505,M
VOTV,2004-04-25 15:40,76.9500,8.4667,M,M,M,0.00,0.00,M,M,M,4.00,M,M,M,M,M,M,M,M,M,M,M,M,M,M,M,M,M,VOTV 251540Z AUTO 00000KT 4SM RMK IEM_DS3505,M
VOTV,2004-04-25 19:40,76.9500,8.4667,M,M,M,0.00,0.00,M,M,M,4.00,M,M,M,M,M,M,M,M,M,M,M,M,M,M,M,M,M,VOTV 251940Z AUTO 00000KT 4SM RMK IEM_DS3505,M
VOTV,2004-04-26 01:40,76.9500,8.4667,M,M,M,0.00,0.00,M,M,M,2.00,M,M,M,M,M,M,M,M,M,M,M,M,M,M,M,M,M,VOTV 260140Z AUTO 00000KT 2SM RMK IEM_DS3505,M
VOTV,2004-04-26 03:40,76.9500,8.4667,M,M,M,0.00,0.00,M,M,M,4.00,M,M,M,M,M,M,M,M,M,M,M,M,M,M,M,M,M,VOTV 260340Z AUTO 00000KT 4SM RMK IEM_DS3505,M
VOTV,2004-04-26 04:40,76.9500,8.4667,M,M,M,190.00,6.00,M,M,M,5.00,M,M,M,M,M,M,M,M,M,M,M,M,M,M,M,M,M,VOTV 260440Z AUTO 19006KT 5SM RMK IEM_DS3505,M
VOTV,2004-04-26 05:40,76.9500,8.4667,M,M,M,200.00,4.00,M,M,M,5.00,M,M,M,M,M,M,M,M,M,M,M,M,M,M,M,M,M,VOTV 260540Z AUTO 20004KT 5SM RMK IEM_DS3505,M
VOTV,2004-04-26 07:40,76.9500,8.4667,M,M,M,200.00,7.00,M,M,M,5.00,M,M,M,M,M,M,M,M,M,M,M,M,M,M,M,M,M,VOTV 260740Z AUTO 20007KT 5SM RMK IEM_DS3505,M
VOTV,2004-04-26 08:40,76.9500,8.4667,M,M,M,230.00,3.00,M,M,M,5.00,M,M,M,M,M,M,M,M,M,M,M,M,M,M,M,M,M,VOTV 260840Z AUTO 23003KT 5SM RMK IEM_DS3505,M
VOTV,2004-04-26 09:40,76.9500,8.4667,M,M,M,180.00,4.00,M,M,M,5.00,M,M,M,M,M,M,M,M,M,M,M,M,M,M,M,M,M,VOTV 260940Z AUTO 18004KT 5SM RMK IEM_DS3505,M
VOTV,2004-04-26 10:40,76.9500,8.4667,M,M,M,180.00,4.00,M,M,M,5.00,M,M,M,M,M,M,M,M,M,M,M,M,M,M,M,M,M,VOTV 261040Z AUTO 18004KT 5SM RMK IEM_DS3505,M
VOTV,2004-04-26 11:40,76.9500,8.4667,M,M,M,230.00,4.00,M,M,M,5.00,M,M,M,M,M,M,M,M,M,M,M,M,M,M,M,M,M,VOTV 261140Z AUTO 23004KT 5SM RMK IEM_DS3505,M
VOTV,2004-04-26 13:40,76.9500,8.4667,M,M,M,0.00,0.00,M,M,M,4.00,M,M,M,M,M,M,M,M,M,M,M,M,M,M,M,M,M,VOTV 261340Z AUTO 00000KT 4SM RMK IEM_DS3505,M
VOTV,2004-04-26 15:40,76.9500,8.4667,M,M,M,0.00,0.00,M,M,M,2.50,M,M,M,M,M,M,M,M,M,M,M,M,M,M,M,M,M,VOTV 261540Z AUTO 00000KT 2 1/2SM RMK IEM_DS3505,M
VOTV,2004-04-26 16:40,76.9500,8.4667,M,M,M,0.00,0.00,M,M,M,2.50,M,M,M,M,M,M,M,M,M,M,M,M,M,M,M,M,M,VOTV 261640Z AUTO 00000KT 2 1/2SM RMK IEM_DS3505,M
VOTV,2004-04-26 23:40,76.9500,8.4667,M,M,M,0.00,0.00,M,M,M,2.50,M,M,M,M,M,M,M,M,M,M,M,M,M,M,M,M,M,VOTV 262340Z AUTO 00000KT 2 1/2SM RMK IEM_DS3505,M
VOTV,2004-04-27 00:40,76.9500,8.4667,M,M,M,10.00,3.00,M,M,M,2.50,M,M,M,M,M,M,M,M,M,M,M,M,M,M,M,M,M,VOTV 270040Z AUTO 01003KT 2 1/2SM RMK IEM_DS3505,M
VOTV,2004-04-27 03:40,76.9500,8.4667,82.40,78.80,88.90,0.00,0.00,M,M,M,2.50,M,M,M,M,M,M,M,M,M,M,M,M,M,M,M,M,92.40,VOTV 270340Z AUTO 00000KT 2 1/2SM 28/26 RMK T02800260 IEM_DS3505,M
VOTV,2004-04-27 05:40,76.9500,8.4667,87.80,77.00,70.45,290.00,7.00,M,29.85,M,M,M,M,M,M,M,M,M,M,M,M,M,M,M,M,M,M,99.92,VOTV 270540Z AUTO 29007KT 31/25 A2985 RMK T03100250 IEM_DS3505,M
VOTV,2004-04-27 07:40,76.9500,8.4667,89.60,80.60,74.93,270.00,12.00,M,29.80,M,5.00,M,M,M,M,M,M,M,M,M,M,M,M,M,M,M,M,108.11,VOTV 270740Z AUTO 27012KT 5SM 32/27 A2980 RMK T03200270 IEM_DS3505,M
VOTV,2004-04-27 08:40,76.9500,8.4667,89.60,77.00,66.55,280.00,12.00,M,29.77,M,5.00,M,M,M,M,M,M,M,M,M,M,M,M,M,M,M,M,102.54,VOTV 270840Z AUTO 28012KT 5SM 32/25 A2977 RMK T03200250 IEM_DS3505,M
VOTV,2004-04-27 09:40,76.9500,8.4667,89.60,75.20,62.68,280.00,12.00,M,29.74,M,5.00,M,M,M,M,M,M,M,M,M,M,M,M,M,M,M,M,100.23,VOTV 270940Z AUTO 28012KT 5SM 32/24 A2974 RMK T03200240 IEM_DS3505,M
VOTV,2004-04-27 10:40,76.9500,8.4667,89.60,75.20,62.68,270.00,10.00,M,29.74,M,5.00,M,M,M,M,M,M,M,M,M,M,M,M,M,M,M,M,100.23,VOTV 271040Z AUTO 27010KT 5SM 32/24 A2974 RMK T03200240 IEM_DS3505,M
VOTV,2004-04-27 11:40,76.9500,8.4667,89.60,77.00,66.55,280.00,8.00,M,29.74,M,5.00,M,M,M,M,M,M,M,M,M,M,M,M,M,M,M,M,102.54,VOTV 271140Z AUTO 28008KT 5SM 32/25 A2974 RMK T03200250 IEM_DS3505,M
VOTV,2004-04-27 12:40,76.9500,8.4667,M,M,M,320.00,10.00,M,M,M,4.00,M,M,M,M,M,M,M,M,M,M,M,M,M,M,M,M,M,VOTV 271240Z AUTO 32010KT 4SM RMK IEM_DS3505,M
VOTV,2004-04-27 13:40,76.9500,8.4667,M,M,M,290.00,8.00,M,M,M,4.00,M,M,M,M,M,M,M,M,M,M,M,M,M,M,M,M,M,VOTV 271340Z AUTO 29008KT 4SM RMK IEM_DS3505,M
VOTV,2004-04-27 14:40,76.9500,8.4667,M,M,M,300.00,8.00,M,M,M,4.00,M,M,M,M,M,M,M,M,M,M,M,M,M,M,M,M,M,VOTV 271440Z AUTO 30008KT 4SM RMK IEM_DS3505,M
VOTV,2004-04-27 16:40,76.9500,8.4667,M,M,M,0.00,0.00,M,M,M,4.00,M,M,M,M,M,M,M,M,M,M,M,M,M,M,M,M,M,VOTV 271640Z AUTO 00000KT 4SM RMK IEM_DS3505,M
VOTV,2004-04-27 22:40,76.9500,8.4667,M,M,M,0.00,0.00,M,M,M,4.00,M,M,M,M,M,M,M,M,M,M,M,M,M,M,M,M,M,VOTV 272240Z AUTO 00000KT 4SM RMK IEM_DS3505,M
VOTV,2004-04-27 23:40,76.9500,8.4667,M,M,M,340.00,4.00,M,M,M,4.00,M,M,M,M,M,M,M,M,M,M,M,M,M,M,M,M,M,VOTV 272340Z AUTO 34004KT 4SM RMK IEM_DS3505,M
VOTV,2004-04-28 01:40,76.9500,8.4667,82.40,78.80,88.90,360.00,4.00,M,29.77,M,4.00,M,M,M,M,M,M,M,M,M,M,M,M,M,M,M,M,92.40,VOTV 280140Z AUTO 36004KT 4SM 28/26 A2977 RMK T02800260 IEM_DS3505,M
VOTV,2004-04-28 02:40,76.9500,8.4667,84.20,75.20,74.44,340.00,7.00,M,29.80,M,4.00,M,M,M,M,M,M,M,M,M,M,M,M,M,M,M,M,92.45,VOTV 280240Z AUTO 34007KT 4SM 29/24 A2980 RMK T02900240 IEM_DS3505,M
VOTV,2004-04-28 03:40,76.9500,8.4667,87.80,75.20,66.35,350.00,7.00,M,29.80,M,M,M,M,M,M,M,M,M,M,M,M,M,M,M,M,M,M,97.76,VOTV 280340Z AUTO 35007KT 31/24 A2980 RMK T03100240 IEM_DS3505,M
VOTV,2004-04-28 04:40,76.9500,8.4667,91.40,73.40,55.77,350.00,12.00,M,29.77,M,5.00,M,M,M,M,M,M,M,M,M,M,M,M,M,M,M,M,100.52,VOTV 280440Z AUTO 35012KT 5SM 33/23 A2977 RMK T03300230 IEM_DS3505,M
VOTV,2004-04-28 05:40,76.9500,8.4667,91.40,75.20,59.24,310.00,10.00,M,29.77,M,5.00,M,M,M,M,M,M,M,M,M,M,M,M,M,M,M,M,102.65,VOTV 280540Z AUTO 31010KT 5SM 33/24 A2977 RMK T03300240 IEM_DS3505,M
VOTV,2004-04-28 06:40,76.9500,8.4667,91.40,75.20,59.24,320.00,10.00,M,29.77,M,5.00,20.00,M,M,M,M,M,M,M,M,M,M,M,M,M,M,M,102.65,VOTV 280640Z AUTO 32010G20KT 5SM 33/24 A2977 RMK T03300240 IEM_DS3505,M
VOTV,2004-04-28 07:40,76.9500,8.4667,89.60,77.00,66.55,280.00,12.00,M,29.71,M,5.00,M,M,M,M,M,M,M,M,M,M,M,M,M,M,M,M,102.54,VOTV 280740Z AUTO 28012KT 5SM 32/25 A2971 RMK T03200250 IEM_DS3505,M
VOTV,2004-04-28 09:40,76.9500,8.4667,91.40,77.00,62.90,290.00,18.00,M,29.68,M,5.00,28.00,M,M,M,M,M,M,M,M,M,M,M,M,M,M,M,105.06,VOTV 280940Z AUTO 29018G28KT 5SM 33/25 A2968 RMK T03300250 IEM_DS3505,M
VOTV,2004-04-28 10:40,76.9500,8.4667,89.60,77.00,66.55,280.00,15.00,M,29.65,M,5.00,25.00,M,M,M,M,M,M,M,M,M,M,M,M,M,M,M,102.54,VOTV 281040Z AUTO 28015G25KT 5SM 32/25 A2965 RMK T03200250 IEM_DS3505,M
VOTV,2004-04-28 11:40,76.9500,8.4667,89.60,77.00,66.55,290.00,15.00,M,29.65,M,5.00,25.00,M,M,M,M,M,M,M,M,M,M,M,M,M,M,M,102.54,VOTV 281140Z AUTO 29015G25KT 5SM 32/25 A2965 RMK T03200250 IEM_DS3505,M
VOTV,2004-04-28 12:40,76.9500,8.4667,87.80,78.80,74.77,280.00,12.00,M,29.65,M,4.00,M,M,M,M,M,M,M,M,M,M,M,M,M,M,M,M,102.37,VOTV 281240Z AUTO 28012KT 4SM 31/26 A2965 RMK T03100260 IEM_DS3505,M
VOTV,2004-04-28 13:40,76.9500,8.4667,M,M,M,20.00,7.00,M,M,M,4.00,M,M,M,M,M,M,M,M,M,M,M,M,M,M,M,M,M,VOTV 281340Z AUTO 02007KT 4SM RMK IEM_DS3505,M
VOTV,2004-04-28 14:40,76.9500,8.4667,M,M,M,320.00,3.00,M,M,M,2.50,M,M,M,M,M,M,M,M,M,M,M,M,M,M,M,M,M,VOTV 281440Z AUTO 32003KT 2 1/2SM RMK IEM_DS3505,M
VOTV,2004-04-28 16:40,76.9500,8.4667,M,M,M,0.00,0.00,M,M,M,2.50,M,M,M,M,M,M,M,M,M,M,M,M,M,M,M,M,M,VOTV 281640Z AUTO 00000KT 2 1/2SM RMK IEM_DS3505,M
VOTV,2004-04-28 17:40,76.9500,8.4667,M,M,M,0.00,0.00,M,M,M,2.50,M,M,M,M,M,M,M,M,M,M,M,M,M,M,M,M,M,VOTV 281740Z AUTO 00000KT 2 1/2SM RMK IEM_DS3505,M
VOTV,2004-04-28 23:40,76.9500,8.4667,M,M,M,0.00,0.00,M,M,M,2.50,M,M,M,M,M,M,M,M,M,M,M,M,M,M,M,M,M,VOTV 282340Z AUTO 00000KT 2 1/2SM RMK IEM_DS3505,M
VOTV,2004-04-29 00:40,76.9500,8.4667,80.60,75.20,83.66,0.00,0.00,M,29.71,M,2.50,M,M,M,M,M,M,M,M,M,M,M,M,M,M,M,M,86.17,VOTV 290040Z AUTO 00000KT 2 1/2SM 27/24 A2971 RMK T02700240 IEM_DS3505,M
VOTV,2004-04-29 01:40,76.9500,8.4667,80.60,75.20,83.66,0.00,0.00,M,29.74,M,2.50,M,M,M,M,M,M,M,M,M,M,M,M,M,M,M,M,86.17,VOTV 290140Z AUTO 00000KT 2 1/2SM 27/24 A2974 RMK T02700240 IEM_DS3505,M
VOTV,2004-04-29 02:40,76.9500,8.4667,84.20,75.20,74.44,340.00,6.00,M,29.74,M,4.00,M,M,M,M,M,M,M,M,M,M,M,M,M,M,M,M,92.45,VOTV 290240Z AUTO 34006KT 4SM 29/24 A2974 RMK T02900240 IEM_DS3505,M
VOTV,2004-04-29 03:40,76.9500,8.4667,87.80,78.80,74.77,340.00,6.00,M,29.77,M,4.00,M,M,M,M,M,M,M,M,M,M,M,M,M,M,M,M,102.37,VOTV 290340Z AUTO 34006KT 4SM 31/26 A2977 RMK T03100260 IEM_DS3505,M
VOTV,2004-04-29 04:40,76.9500,8.4667,89.60,77.00,66.55,340.00,6.00,M,29.77,M,M,M,M,M,M,M,M,M,M,M,M,M,M,M,M,M,M,102.54,VOTV 290440Z AUTO 34006KT 32/25 A2977 RMK T03200250 IEM_DS3505,M
VOTV,2004-04-29 05:40,76.9500,8.4667,87.80,77.00,70.45,290.00,12.00,M,29.77,M,M,M,M,M,M,M,M,M,M,M,M,M,M,M,M,M,M,99.92,VOTV 290540Z AUTO 29012KT 31/25 A2977 RMK T03100250 IEM_DS3505,M
VOTV,2004-04-29 06:40,76.9500,8.4667,87.80,77.00,70.45,270.00,10.00,M,29.74,M,M,M,M,M,M,M,M,M,M,M,M,M,M,M,M,M,M,99.92,VOTV 290640Z AUTO 27010KT 31/25 A2974 RMK T03100250 IEM_DS3505,M
VOTV,2004-04-29 08:40,76.9500,8.4667,M,M,M,290.00,11.00,M,M,M,4.00,M,M,M,M,M,M,M,M,M,M,M,M,M,M,M,M,M,VOTV 290840Z AUTO 29011KT 4SM RMK IEM_DS3505,M
VOTV,2004-04-29 09:40,76.9500,8.4667,M,M,M,290.00,12.00,M,M,M,4.00,M,M,M,M,M,M,M,M,M,M,M,M,M,M,M,M,M,VOTV 290940Z AUTO 29012KT 4SM RMK IEM_DS3505,M
VOTV,2004-04-29 12:40,76.9500,8.4667,M,M,M,290.00,7.00,M,M,M,4.00,M,M,M,M,M,M,M,M,M,M,M,M,M,M,M,M,M,VOTV 291240Z AUTO 29007KT 4SM RMK IEM_DS3505,M
VOTV,2004-04-29 14:40,76.9500,8.4667,M,M,M,290.00,5.00,M,M,M,4.00,M,M,M,M,M,M,M,M,M,M,M,M,M,M,M,M,M,VOTV 291440Z AUTO 29005KT 4SM RMK IEM_DS3505,M
VOTV,2004-04-29 23:40,76.9500,8.4667,M,M,M,0.00,0.00,M,M,M,2.50,M,M,M,M,M,M,M,M,M,M,M,M,M,M,M,M,M,VOTV 292340Z AUTO 00000KT 2 1/2SM RMK IEM_DS3505,M
VOTV,2004-04-30 01:40,76.9500,8.4667,78.80,73.40,83.55,0.00,0.00,M,29.71,M,2.00,M,M,M,M,M,M,M,M,M,M,M,M,M,M,M,M,82.03,VOTV 300140Z AUTO 00000KT 2SM 26/23 A2971 RMK T02600230 IEM_DS3505,M
VOTV,2004-04-30 02:40,76.9500,8.4667,82.40,73.40,74.28,340.00,6.00,M,29.74,M,2.00,M,M,M,M,M,M,M,M,M,M,M,M,M,M,M,M,88.26,VOTV 300240Z AUTO 34006KT 2SM 28/23 A2974 RMK T02800230 IEM_DS3505,M
VOTV,2004-04-30 03:40,76.9500,8.4667,86.00,75.20,70.27,340.00,4.00,M,29.77,M,M,M,M,M,M,M,M,M,M,M,M,M,M,M,M,M,M,95.19,VOTV 300340Z AUTO 34004KT 30/24 A2977 RMK T03000240 IEM_DS3505,M
VOTV,2004-04-30 05:40,76.9500,8.4667,91.40,73.40,55.77,350.00,12.00,M,29.74,M,M,M,M,M,M,M,M,M,M,M,M,M,M,M,M,M,M,100.52,VOTV 300540Z AUTO 35012KT 33/23 A2974 RMK T03300230 IEM_DS3505,M
VOTV,2004-04-30 06:40,76.9500,8.4667,89.60,75.20,62.68,290.00,8.00,M,29.71,M,M,M,M,M,M,M,M,M,M,M,M,M,M,M,M,M,M,100.23,VOTV 300640Z AUTO 29008KT 32/24 A2971 RMK T03200240 IEM_DS3505,M
VOTV,2004-04-30 07:40,76.9500,8.4667,89.60,75.20,62.68,290.00,13.00,M,29.68,M,M,M,M,M,M,M,M,M,M,M,M,M,M,M,M,M,M,100.23,VOTV 300740Z AUTO 29013KT 32/24 A2968 RMK T03200240 IEM_DS3505,M
VOTV,2004-04-30 08:40,76.9500,8.4667,89.60,75.20,62.68,290.00,14.00,M,29.65,M,M,M,M,M,M,M,M,M,M,M,M,M,M,M,M,M,M,100.23,VOTV 300840Z AUTO 29014KT 32/24 A2965 RMK T03200240 IEM_DS3505,M
VOTV,2004-04-30 10:40,76.9500,8.4667,M,M,M,290.00,10.00,M,M,M,M,M,M,M,M,M,M,M,M,M,M,M,M,M,M,M,M,M,VOTV 301040Z AUTO 29010KT RMK IEM_DS3505,M
VOTV,2004-04-30 11:40,76.9500,8.4667,M,M,M,280.00,11.00,M,M,M,M,M,M,M,M,M,M,M,M,M,M,M,M,M,M,M,M,M,VOTV 301140Z AUTO 28011KT RMK IEM_DS3505,M
VOTV,2004-04-30 12:40,76.9500,8.4667,M,M,M,300.00,11.00,M,M,M,M,M,M,M,M,M,M,M,M,M,M,M,M,M,M,M,M,M,VOTV 301240Z AUTO 30011KT RMK IEM_DS3505,M
VOTV,2004-04-30 13:40,76.9500,8.4667,M,M,M,310.00,7.00,M,M,M,M,M,M,M,M,M,M,M,M,M,M,M,M,M,M,M,M,M,VOTV 301340Z AUTO 31007KT RMK IEM_DS3505,M
VOTV,2004-04-30 14:40,76.9500,8.4667,M,M,M,M,M,M,M,M,2.50,M,M,M,M,M,M,M,M,M,M,M,M,M,M,M,M,M,VOTV 301440Z AUTO 2 1/2SM RMK IEM_DS3505,M
VOTV,2004-04-30 16:40,76.9500,8.4667,M,M,M,0.00,0.00,M,M,M,2.50,M,M,M,M,M,M,M,M,M,M,M,M,M,M,M,M,M,VOTV 301640Z AUTO 00000KT 2 1/2SM RMK IEM_DS3505,M
VOTV,2004-04-30 17:40,76.9500,8.4667,M,M,M,10.00,5.00,M,M,M,2.50,M,M,M,M,M,M,M,M,M,M,M,M,M,M,M,M,M,VOTV 301740Z AUTO 01005KT 2 1/2SM RMK IEM_DS3505,M
VOTV,2004-04-30 23:40,76.9500,8.4667,M,M,M,0.00,0.00,M,M,M,2.50,M,M,M,M,M,M,M,M,M,M,M,M,M,M,M,M,M,VOTV 302340Z AUTO 00000KT 2 1/2SM RMK IEM_DS3505,M
VOTV,2004-05-01 04:40,76.9500,8.4667,87.80,75.20,66.35,320.00,8.00,M,29.71,M,M,M,M,M,M,M,M,M,M,M,M,M,M,M,M,M,M,97.76,VOTV 010440Z AUTO 32008KT 31/24 A2971 RMK T03100240 IEM_DS3505,M
VOTV,2004-05-01 06:40,76.9500,8.4667,87.80,78.80,74.77,280.00,10.00,M,29.71,M,M,M,M,M,M,M,M,M,M,M,M,M,M,M,M,M,M,102.37,VOTV 010640Z AUTO 28010KT 31/26 A2971 RMK T03100260 IEM_DS3505,M
VOTV,2004-05-01 10:40,76.9500,8.4667,M,M,M,320.00,8.00,M,M,M,2.50,M,M,M,M,M,M,M,M,M,M,M,M,M,M,M,M,M,VOTV 011040Z AUTO 32008KT 2 1/2SM RMK IEM_DS3505,M
VOTV,2004-05-01 11:40,76.9500,8.4667,M,M,M,310.00,5.00,M,M,M,2.50,M,M,M,M,M,M,M,M,M,M,M,M,M,M,M,M,M,VOTV 011140Z AUTO 31005KT 2 1/2SM RMK IEM_DS3505,M
VOTV,2004-05-01 12:40,76.9500,8.4667,M,M,M,30.00,5.00,M,M,M,2.50,M,M,M,M,M,M,M,M,M,M,M,M,M,M,M,M,M,VOTV 011240Z AUTO 03005KT 2 1/2SM RMK IEM_DS3505,M
VOTV,2004-05-01 14:40,76.9500,8.4667,M,M,M,0.00,0.00,M,M,M,2.50,M,M,M,M,M,M,M,M,M,M,M,M,M,M,M,M,M,VOTV 011440Z AUTO 00000KT 2 1/2SM RMK IEM_DS3505,M
VOTV,2004-05-01 15:40,76.9500,8.4667,M,M,M,0.00,0.00,M,M,M,2.50,M,M,M,M,M,M,M,M,M,M,M,M,M,M,M,M,M,VOTV 011540Z AUTO 00000KT 2 1/2SM RMK IEM_DS3505,M
VOTV,2004-05-01 17:40,76.9500,8.4667,M,M,M,0.00,0.00,M,M,M,2.50,M,M,M,M,M,M,M,M,M,M,M,M,M,M,M,M,M,VOTV 011740Z AUTO 00000KT 2 1/2SM RMK IEM_DS3505,M
VOTV,2004-05-01 22:40,76.9500,8.4667,M,M,M,0.00,0.00,M,M,M,2.50,M,M,M,M,M,M,M,M,M,M,M,M,M,M,M,M,M,VOTV 012240Z AUTO 00000KT 2 1/2SM RMK IEM_DS3505,M
VOTV,2004-05-01 23:40,76.9500,8.4667,M,M,M,0.00,0.00,M,M,M,2.50,M,M,M,M,M,M,M,M,M,M,M,M,M,M,M,M,M,VOTV 012340Z AUTO 00000KT 2 1/2SM RMK IEM_DS3505,M
VOTV,2004-05-02 00:40,76.9500,8.4667,M,M,M,0.00,0.00,M,M,M,2.50,M,M,M,M,M,M,M,M,M,M,M,M,M,M,M,M,M,VOTV 020040Z AUTO 00000KT 2 1/2SM RMK IEM_DS3505,M
VOTV,2004-05-02 01:40,76.9500,8.4667,78.80,77.00,94.23,0.00,0.00,M,29.68,M,2.50,M,M,M,M,M,M,M,M,M,M,M,M,M,M,M,M,82.75,VOTV 020140Z AUTO 00000KT 2 1/2SM 26/25 A2968 RMK T02600250 IEM_DS3505,M
VOTV,2004-05-02 02:40,76.9500,8.4667,82.40,77.00,83.77,0.00,0.00,M,29.71,M,3.00,M,M,M,M,M,M,M,M,M,M,M,M,M,M,M,M,90.85,VOTV 020240Z AUTO 00000KT 3SM 28/25 A2971 RMK T02800250 IEM_DS3505,M
VOTV,2004-05-02 06:40,76.9500,8.4667,86.00,78.80,79.18,250.00,8.00,M,29.71,M,4.00,M,M,M,M,M,M,M,M,M,M,M,M,M,M,M,M,99.38,VOTV 020640Z AUTO 25008KT 4SM 30/26 A2971 RMK T03000260 IEM_DS3505,M
VOTV,2004-05-02 07:40,76.9500,8.4667,M,M,M,270.00,6.00,M,M,M,4.00,M,M,M,M,M,M,M,M,M,M,M,M,M,M,M,M,M,VOTV 020740Z AUTO 27006KT 4SM RMK IEM_DS3505,M
VOTV,2004-05-02 08:40,76.9500,8.4667,M,M,M,290.00,8.00,M,M,M,4.00,M,M,M,M,M,M,M,M,M,M,M,M,M,M,M,M,M,VOTV 020840Z AUTO 29008KT 4SM RMK IEM_DS3505,M
VOTV,2004-05-02 09:40,76.9500,8.4667,M,M,M,280.00,10.00,M,M,M,4.00,M,M,M,M,M,M,M,M,M,M,M,M,M,M,M,M,M,VOTV 020940Z AUTO 28010KT 4SM RMK IEM_DS3505,M
VOTV,2004-05-02 10:40,76.9500,8.4667,M,M,M,270.00,7.00,M,M,M,4.00,M,M,M,M,M,M,M,M,M,M,M,M,M,M,M,M,M,VOTV 021040Z AUTO 27007KT 4SM RMK IEM_DS3505,M
VOTV,2004-05-02 12:40,76.9500,8.4667,M,M,M,300.00,8.00,M,M,M,3.00,M,M,M,M,M,M,M,M,M,M,M,M,M,M,M,M,M,VOTV 021240Z AUTO 30008KT 3SM RMK IEM_DS3505,M
VOTV,2004-05-02 14:40,76.9500,8.4667,M,M,M,300.00,4.00,M,M,M,2.00,M,M,M,M,M,M,M,M,M,M,M,M,M,M,M,M,M,VOTV 021440Z AUTO 30004KT 2SM RMK IEM_DS3505,M
VOTV,2004-05-02 15:40,76.9500,8.4667,M,M,M,0.00,0.00,M,M,M,2.00,M,M,M,M,M,M,M,M,M,M,M,M,M,M,M,M,M,VOTV 021540Z AUTO 00000KT 2SM RMK IEM_DS3505,M
VOTV,2004-05-02 16:40,76.9500,8.4667,M,M,M,0.00,0.00,M,M,M,2.00,M,M,M,M,M,M,M,M,M,M,M,M,M,M,M,M,M,VOTV 021640Z AUTO 00000KT 2SM RMK IEM_DS3505,M
VOTV,2004-05-03 00:40,76.9500,8.4667,M,M,M,340.00,4.00,M,M,M,2.00,M,M,M,M,M,M,M,M,M,M,M,M,M,M,M,M,M,VOTV 030040Z AUTO 34004KT 2SM RMK IEM_DS3505,M
VOTV,2004-05-03 02:40,76.9500,8.4667,M,M,M,310.00,6.00,M,M,M,2.50,M,M,M,M,M,M,M,M,M,M,M,M,M,M,M,M,M,VOTV 030240Z AUTO 31006KT 2 1/2SM RMK IEM_DS3505,M
VOTV,2004-05-03 03:40,76.9500,8.4667,M,M,M,290.00,9.00,M,M,M,4.00,M,M,M,M,M,M,M,M,M,M,M,M,M,M,M,M,M,VOTV 030340Z AUTO 29009KT 4SM RMK IEM_DS3505,M
VOTV,2004-05-03 04:40,76.9500,8.4667,84.20,78.80,83.88,290.00,8.00,M,29.68,M,4.00,M,M,M,M,M,M,M,M,M,M,M,M,M,M,M,M,96.10,VOTV 030440Z AUTO 29008KT 4SM 29/26 A2968 RMK T02900260 IEM_DS3505,M
VOTV,2004-05-03 05:40,76.9500,8.4667,86.00,77.00,74.61,0.00,0.00,M,29.68,M,4.00,M,M,M,M,M,M,M,M,M,M,M,M,M,M,M,M,97.15,VOTV 030540Z AUTO 00000KT 4SM 30/25 A2968 RMK T03000250 IEM_DS3505,M
VOTV,2004-05-03 06:40,76.9500,8.4667,84.20,77.00,79.04,270.00,7.00,M,29.65,M,4.00,M,M,M,M,M,M,M,M,M,M,M,M,M,M,M,M,94.16,VOTV 030640Z AUTO 27007KT 4SM 29/25 A2965 RMK T02900250 IEM_DS3505,M
VOTV,2004-05-03 07:40,76.9500,8.4667,84.20,77.00,79.04,270.00,6.00,M,29.65,M,4.00,M,M,M,M,M,M,M,M,M,M,M,M,M,M,M,M,94.16,VOTV 030740Z AUTO 27006KT 4SM 29/25 A2965 RMK T02900250 IEM_DS3505,M
VOTV,2004-05-03 09:40,76.9500,8.4667,M,M,M,250.00,6.00,M,M,M,4.00,M,M,M,M,M,M,M,M,M,M,M,M,M,M,M,M,M,VOTV 030940Z AUTO 25006KT 4SM RMK IEM_DS3505,M
VOTV,2004-05-03 10:40,76.9500,8.4667,M,M,M,260.00,4.00,M,M,M,4.00,M,M,M,M,M,M,M,M,M,M,M,M,M,M,M,M,M,VOTV 031040Z AUTO 26004KT 4SM RMK IEM_DS3505,M
VOTV,2004-05-03 11:40,76.9500,8.4667,M,M,M,0.00,0.00,M,M,M,4.00,M,M,M,M,M,M,M,M,M,M,M,M,M,M,M,M,M,VOTV 031140Z AUTO 00000KT 4SM RMK IEM_DS3505,M
VOTV,2004-05-03 12:40,76.9500,8.4667,M,M,M,60.00,5.00,M,M,M,2.00,M,M,M,M,M,M,M,M,M,M,M,M,M,M,M,M,M,VOTV 031240Z AUTO 06005KT 2SM RMK IEM_DS3505,M
VOTV,2004-05-03 13:40,76.9500,8.4667,M,M,M,0.00,0.00,M,M,M,2.00,M,M,M,M,M,M,M,M,M,M,M,M,M,M,M,M,M,VOTV 031340Z AUTO 00000KT 2SM RMK IEM_DS3505,M
VOTV,2004-05-03 15:40,76.9500,8.4667,M,M,M,0.00,0.00,M,M,M,2.00,M,M,M,M,M,M,M,M,M,M,M,M,M,M,M,M,M,VOTV 031540Z AUTO 00000KT 2SM RMK IEM_DS3505,M
VOTV,2004-05-03 18:40,76.9500,8.4667,M,M,M,110.00,3.00,M,M,M,2.00,M,M,M,M,M,M,M,M,M,M,M,M,M,M,M,M,M,VOTV 031840Z AUTO 11003KT 2SM RMK IEM_DS3505,M
VOTV,2004-05-03 19:40,76.9500,8.4667,M,M,M,0.00,0.00,M,M,M,2.00,M,M,M,M,M,M,M,M,M,M,M,M,M,M,M,M,M,VOTV 031940Z AUTO 00000KT 2SM RMK IEM_DS3505,M
VOTV,2004-05-03 23:40,76.9500,8.4667,M,M,M,0.00,0.00,M,M,M,2.00,M,M,M,M,M,M,M,M,M,M,M,M,M,M,M,M,M,VOTV 032340Z AUTO 00000KT 2SM RMK IEM_DS3505,M
VOTV,2004-05-04 00:40,76.9500,8.4667,M,M,M,0.00,0.00,M,M,M,2.00,M,M,M,M,M,M,M,M,M,M,M,M,M,M,M,M,M,VOTV 040040Z AUTO 00000KT 2SM RMK IEM_DS3505,M
VOTV,2004-05-04 01:40,76.9500,8.4667,M,M,M,110.00,4.00,M,M,M,2.00,M,M,M,M,M,M,M,M,M,M,M,M,M,M,M,M,M,VOTV 040140Z AUTO 11004KT 2SM RMK IEM_DS3505,M
VOTV,2004-05-04 03:40,76.9500,8.4667,M,M,M,110.00,10.00,M,M,M,2.00,M,M,M,M,M,M,M,M,M,M,M,M,M,M,M,M,M,VOTV 040340Z AUTO 11010KT 2SM RMK IEM_DS3505,M
VOTV,2004-05-04 04:40,76.9500,8.4667,M,M,M,140.00,6.00,M,M,M,4.00,M,M,M,M,M,M,M,M,M,M,M,M,M,M,M,M,M,VOTV 040440Z AUTO 14006KT 4SM RMK IEM_DS3505,M
VOTV,2004-05-04 05:40,76.9500,8.4667,M,M,M,130.00,4.00,M,M,M,4.00,M,M,M,M,M,M,M,M,M,M,M,M,M,M,M,M,M,VOTV 040540Z AUTO 13004KT 4SM RMK IEM_DS3505,M
VOTV,2004-05-04 06:40,76.9500,8.4667,M,M,M,80.00,8.00,M,M,M,3.00,M,M,M,M,M,M,M,M,M,M,M,M,M,M,M,M,M,VOTV 040640Z AUTO 08008KT 3SM RMK IEM_DS3505,M
VOTV,2004-05-04 07:40,76.9500,8.4667,M,M,M,90.00,8.00,M,M,M,2.00,M,M,M,M,M,M,M,M,M,M,M,M,M,M,M,M,M,VOTV 040740Z AUTO 09008KT 2SM RMK IEM_DS3505,M
VOTV,2004-05-04 08:40,76.9500,8.4667,M,M,M,0.00,0.00,M,M,M,4.00,M,M,M,M,M,M,M,M,M,M,M,M,M,M,M,M,M,VOTV 040840Z AUTO 00000KT 4SM RMK IEM_DS3505,M
VOTV,2004-05-04 09:40,76.9500,8.4667,M,M,M,140.00,3.00,M,M,M,4.00,M,M,M,M,M,M,M,M,M,M,M,M,M,M,M,M,M,VOTV 040940Z AUTO 14003KT 4SM RMK IEM_DS3505,M
VOTV,2004-05-04 10:40,76.9500,8.4667,84.20,78.80,83.88,130.00,4.00,M,29.56,M,4.00,M,M,M,M,M,M,M,M,M,M,M,M,M,M,M,M,96.10,VOTV 041040Z AUTO 13004KT 4SM 29/26 A2956 RMK T02900260 IEM_DS3505,M
VOTV,2004-05-04 12:40,76.9500,8.4667,80.60,78.80,94.27,0.00,0.00,M,29.59,M,4.00,M,M,M,M,M,M,M,M,M,M,M,M,M,M,M,M,89.33,VOTV 041240Z AUTO 00000KT 4SM 27/26 A2959 RMK T02700260 IEM_DS3505,M
VOTV,2004-05-04 15:40,76.9500,8.4667,M,M,M,70.00,4.00,M,M,M,2.00,M,M,M,M,M,M,M,M,M,M,M,M,M,M,M,M,M,VOTV 041540Z AUTO 07004KT 2SM RMK IEM_DS3505,M
VOTV,2004-05-04 16:40,76.9500,8.4667,M,M,M,0.00,0.00,M,M,M,2.00,M,M,M,M,M,M,M,M,M,M,M,M,M,M,M,M,M,VOTV 041640Z AUTO 00000KT 2SM RMK IEM_DS3505,M
VOTV,2004-05-04 17:40,76.9500,8.4667,M,M,M,0.00,0.00,M,M,M,2.00,M,M,M,M,M,M,M,M,M,M,M,M,M,M,M,M,M,VOTV 041740Z AUTO 00000KT 2SM RMK IEM_DS3505,M
VOTV,2004-05-05 04:40,76.9500,8.4667,M,M,M,130.00,7.00,M,M,M,M,M,M,M,M,M,M,M,M,M,M,M,M,M,M,M,M,M,VOTV 050440Z AUTO 13007KT RMK IEM_DS3505,M
VOTV,2004-05-05 05:40,76.9500,8.4667,84.20,77.00,79.04,110.00,3.00,M,29.68,M,4.00,M,M,M,M,M,M,M,M,M,M,M,M,M,M,M,M,94.16,VOTV 050540Z AUTO 11003KT 4SM 29/25 A2968 RMK T02900250 IEM_DS3505,M
VOTV,2004-05-05 06:40,76.9500,8.4667,87.80,78.80,74.77,180.00,5.00,M,29.65,M,4.00,M,M,M,M,M,M,M,M,M,M,M,M,M,M,M,M,102.37,VOTV 050640Z AUTO 18005KT 4SM 31/26 A2965 RMK T03100260 IEM_DS3505,M
VOTV,2004-05-05 07:40,76.9500,8.4667,87.80,78.80,74.77,230.00,5.00,M,29.62,M,4.00,M,M,M,M,M,M,M,M,M,M,M,M,M,M,M,M,102.37,VOTV 050740Z AUTO 23005KT 4SM 31/26 A2962 RMK T03100260 IEM_DS3505,M
VOTV,2004-05-05 09:40,76.9500,8.4667,M,M,M,270.00,7.00,M,M,M,2.00,M,M,M,M,M,M,M,M,M,M,M,M,M,M,M,M,M,VOTV 050940Z AUTO 27007KT 2SM RMK IEM_DS3505,M
VOTV,2004-05-05 10:40,76.9500,8.4667,M,M,M,350.00,6.00,M,M,M,2.00,M,M,M,M,M,M,M,M,M,M,M,M,M,M,M,M,M,VOTV 051040Z AUTO 35006KT 2SM RMK IEM_DS3505,M
VOTV,2004-05-05 11:40,76.9500,8.4667,M,M,M,0.00,0.00,M,M,M,2.00,M,M,M,M,M,M,M,M,M,M,M,M,M,M,M,M,M,VOTV 051140Z AUTO 00000KT 2SM RMK IEM_DS3505,M
VOTV,2004-05-05 13:40,76.9500,8.4667,M,M,M,290.00,10.00,M,M,M,1.50,20.00,M,M,M,M,M,M,M,M,M,M,M,M,M,M,M,M,VOTV 051340Z AUTO 29010G20KT 1 1/2SM RMK IEM_DS3505,M
VOTV,2004-05-05 15:40,76.9500,8.4667,M,M,M,90.00,2.00,M,M,M,1.50,M,M,M,M,M,M,M,M,M,M,M,M,M,M,M,M,M,VOTV 051540Z AUTO 09002KT 1 1/2SM RMK IEM_DS3505,M
VOTV,2004-05-05 16:40,76.9500,8.4667,M,M,M,260.00,20.00,M,M,M,1.50,30.00,M,M,M,M,M,M,M,M,M,M,M,M,M,M,M,M,VOTV 051640Z AUTO 26020G30KT 1 1/2SM RMK IEM_DS3505,M
VOTV,2004-05-05 17:40,76.9500,8.4667,M,M,M,0.00,0.00,M,M,M,1.50,M,M,M,M,M,M,M,M,M,M,M,M,M,M,M,M,M,VOTV 051740Z AUTO 00000KT 1 1/2SM RMK IEM_DS3505,M
VOTV,2004-05-05 23:40,76.9500,8.4667,M,M,M,0.00,0.00,M,M,M,2.00,M,M,M,M,M,M,M,M,M,M,M,M,M,M,M,M,M,VOTV 052340Z AUTO 00000KT 2SM RMK IEM_DS3505,M
VOTV,2004-05-06 02:40,76.9500,8.4667,M,M,M,0.00,0.00,M,M,M,1.50,M,M,M,M,M,M,M,M,M,M,M,M,M,M,M,M,M,VOTV 060240Z AUTO 00000KT 1 1/2SM RMK IEM_DS3505,M
VOTV,2004-05-06 03:40,76.9500,8.4667,M,M,M,260.00,5.00,M,M,M,1.50,M,M,M,M,M,M,M,M,M,M,M,M,M,M,M,M,M,VOTV 060340Z AUTO 26005KT 1 1/2SM RMK IEM_DS3505,M
VOTV,2004-05-06 04:40,76.9500,8.4667,M,M,M,280.00,12.00,M,M,M,2.00,22.00,M,M,M,M,M,M,M,M,M,M,M,M,M,M,M,M,VOTV 060440Z AUTO 28012G22KT 2SM RMK IEM_DS3505,M
VOTV,2004-05-06 07:40,76.9500,8.4667,M,M,M,60.00,3.00,M,M,M,2.50,M,M,M,M,M,M,M,M,M,M,M,M,M,M,M,M,M,VOTV 060740Z AUTO 06003KT 2 1/2SM RMK IEM_DS3505,M
VOTV,2004-05-06 08:40,76.9500,8.4667,M,M,M,60.00,5.00,M,M,M,2.50,M,M,M,M,M,M,M,M,M,M,M,M,M,M,M,M,M,VOTV 060840Z AUTO 06005KT 2 1/2SM RMK IEM_DS3505,M
VOTV,2004-05-06 09:40,76.9500,8.4667,M,M,M,M,M,M,M,M,2.50,M,M,M,M,M,M,M,M,M,M,M,M,M,M,M,M,M,VOTV 060940Z AUTO 2 1/2SM RMK IEM_DS3505,M
VOTV,2004-05-06 11:40,76.9500,8.4667,84.20,77.00,79.04,300.00,5.00,M,29.62,M,2.00,M,M,M,M,M,M,M,M,M,M,M,M,M,M,M,M,94.16,VOTV 061140Z AUTO 30005KT 2SM 29/25 A2962 RMK T02900250 IEM_DS3505,M
VOTV,2004-05-06 12:40,76.9500,8.4667,M,M,M,290.00,9.00,M,M,M,2.00,M,M,M,M,M,M,M,M,M,M,M,M,M,M,M,M,M,VOTV 061240Z AUTO 29009KT 2SM RMK IEM_DS3505,M
VOTV,2004-05-06 13:40,76.9500,8.4667,M,M,M,0.00,0.00,M,M,M,2.00,M,M,M,M,M,M,M,M,M,M,M,M,M,M,M,M,M,VOTV 061340Z AUTO 00000KT 2SM RMK IEM_DS3505,M
VOTV,2004-05-07 00:40,76.9500,8.4667,82.40,78.80,88.90,230.00,3.00,M,29.65,M,2.00,M,M,M,M,M,M,M,M,M,M,M,M,M,M,M,M,92.40,VOTV 070040Z AUTO 23003KT 2SM 28/26 A2965 RMK T02800260 IEM_DS3505,M
VOTV,2004-05-07 02:40,76.9500,8.4667,M,M,M,0.00,0.00,M,M,M,2.00,M,M,M,M,M,M,M,M,M,M,M,M,M,M,M,M,M,VOTV 070240Z AUTO 00000KT 2SM RMK IEM_DS3505,M
VOTV,2004-05-07 03:40,76.9500,8.4667,M,M,M,210.00,3.00,M,M,M,3.00,M,M,M,M,M,M,M,M,M,M,M,M,M,M,M,M,M,VOTV 070340Z AUTO 21003KT 3SM RMK IEM_DS3505,M
VOTV,2004-05-07 05:40,76.9500,8.4667,89.60,75.20,62.68,250.00,8.00,M,29.74,M,M,M,M,M,M,M,M,M,M,M,M,M,M,M,M,M,M,100.23,VOTV 070540Z AUTO 25008KT 32/24 A2974 RMK T03200240 IEM_DS3505,M
VOTV,2004-05-07 07:40,76.9500,8.4667,M,M,M,30.00,5.00,M,M,M,2.00,M,M,M,M,M,M,M,M,M,M,M,M,M,M,M,M,M,VOTV 070740Z AUTO 03005KT 2SM RMK IEM_DS3505,M
VOTV,2004-05-07 08:40,76.9500,8.4667,M,M,M,220.00,6.00,M,M,M,1.25,M,M,M,M,M,M,M,M,M,M,M,M,M,M,M,M,M,VOTV 070840Z AUTO 22006KT 1 1/4SM RMK IEM_DS3505,M
VOTV,2004-05-07 10:40,76.9500,8.4667,M,M,M,260.00,7.00,M,M,M,2.50,M,M,M,M,M,M,M,M,M,M,M,M,M,M,M,M,M,VOTV 071040Z AUTO 26007KT 2 1/2SM RMK IEM_DS3505,M
VOTV,2004-05-07 11:40,76.9500,8.4667,M,M,M,340.00,9.00,M,M,M,2.50,M,M,M,M,M,M,M,M,M,M,M,M,M,M,M,M,M,VOTV 071140Z AUTO 34009KT 2 1/2SM RMK IEM_DS3505,M
VOTV,2004-05-07 12:40,76.9500,8.4667,M,M,M,10.00,2.00,M,M,M,2.50,M,M,M,M,M,M,M,M,M,M,M,M,M,M,M,M,M,VOTV 071240Z AUTO 01002KT 2 1/2SM RMK IEM_DS3505,M
VOTV,2004-05-07 13:40,76.9500,8.4667,M,M,M,10.00,2.00,M,M,M,2.50,M,M,M,M,M,M,M,M,M,M,M,M,M,M,M,M,M,VOTV 071340Z AUTO 01002KT 2 1/2SM RMK IEM_DS3505,M
VOTV,2004-05-07 14:40,76.9500,8.4667,M,M,M,0.00,0.00,M,M,M,2.50,M,M,M,M,M,M,M,M,M,M,M,M,M,M,M,M,M,VOTV 071440Z AUTO 00000KT 2 1/2SM RMK IEM_DS3505,M
VOTV,2004-05-07 19:40,76.9500,8.4667,73.40,69.80,88.51,50.00,5.00,M,29.68,M,1.50,M,M,M,M,M,M,M,M,M,M,M,M,M,M,M,M,74.60,VOTV 071940Z AUTO 05005KT 1 1/2SM 23/21 A2968 RMK T02300210 IEM_DS3505,M
VOTV,2004-05-08 00:40,76.9500,8.4667,M,M,M,0.00,0.00,M,M,M,2.00,M,M,M,M,M,M,M,M,M,M,M,M,M,M,M,M,M,VOTV 080040Z AUTO 00000KT 2SM RMK IEM_DS3505,M
VOTV,2004-05-08 01:40,76.9500,8.4667,77.00,73.40,88.67,0.00,0.00,M,29.71,M,2.00,M,M,M,M,M,M,M,M,M,M,M,M,M,M,M,M,78.57,VOTV 080140Z AUTO 00000KT 2SM 25/23 A2971 RMK T02500230 IEM_DS3505,M
VOTV,2004-05-08 02:40,76.9500,8.4667,77.00,73.40,88.67,0.00,0.00,M,29.71,M,2.00,M,M,M,M,M,M,M,M,M,M,M,M,M,M,M,M,78.57,VOTV 080240Z AUTO 00000KT 2SM 25/23 A2971 RMK T02500230 IEM_DS3505,M
VOTV,2004-05-08 03:40,76.9500,8.4667,87.80,75.20,66.35,0.00,0.00,M,29.74,M,M,M,M,M,M,M,M,M,M,M,M,M,M,M,M,M,M,97.76,VOTV 080340Z AUTO 00000KT 31/24 A2974 RMK T03100240 IEM_DS3505,M
VOTV,2004-05-08 04:40,76.9500,8.4667,87.80,75.20,66.35,330.00,6.00,M,29.74,M,M,M,M,M,M,M,M,M,M,M,M,M,M,M,M,M,M,97.76,VOTV 080440Z AUTO 33006KT 31/24 A2974 RMK T03100240 IEM_DS3505,M
VOTV,2004-05-08 05:40,76.9500,8.4667,87.80,75.20,66.35,0.00,0.00,M,29.74,M,M,M,M,M,M,M,M,M,M,M,M,M,M,M,M,M,M,97.76,VOTV 080540Z AUTO 00000KT 31/24 A2974 RMK T03100240 IEM_DS3505,M
VOTV,2004-05-08 06:40,76.9500,8.4667,M,M,M,270.00,3.00,M,M,M,4.00,M,M,M,M,M,M,M,M,M,M,M,M,M,M,M,M,M,VOTV 080640Z AUTO 27003KT 4SM RMK IEM_DS3505,M
VOTV,2004-05-08 07:40,76.9500,8.4667,87.80,75.20,66.35,240.00,3.00,M,29.68,M,M,M,M,M,M,M,M,M,M,M,M,M,M,M,M,M,M,97.76,VOTV 080740Z AUTO 24003KT 31/24 A2968 RMK T03100240 IEM_DS3505,M
VOTV,2004-05-08 08:40,76.9500,8.4667,87.80,77.00,70.45,340.00,12.00,M,29.68,M,M,M,M,M,M,M,M,M,M,M,M,M,M,M,M,M,M,99.92,VOTV 080840Z AUTO 34012KT 31/25 A2968 RMK T03100250 IEM_DS3505,M
VOTV,2004-05-08 09:40,76.9500,8.4667,86.00,77.00,74.61,360.00,11.00,M,29.65,M,5.00,M,M,M,M,M,M,M,M,M,M,M,M,M,M,M,M,97.15,VOTV 080940Z AUTO 36011KT 5SM 30/25 A2965 RMK T03000250 IEM_DS3505,M
VOTV,2004-05-08 10:40,76.9500,8.4667,89.60,77.00,66.55,300.00,12.00,M,29.65,M,5.00,M,M,M,M,M,M,M,M,M,M,M,M,M,M,M,M,102.54,VOTV 081040Z AUTO 30012KT 5SM 32/25 A2965 RMK T03200250 IEM_DS3505,M
VOTV,2004-05-08 11:40,76.9500,8.4667,87.80,77.00,70.45,320.00,11.00,M,29.62,M,5.00,M,M,M,M,M,M,M,M,M,M,M,M,M,M,M,M,99.92,VOTV 081140Z AUTO 32011KT 5SM 31/25 A2962 RMK T03100250 IEM_DS3505,M
VOTV,2004-05-08 12:40,76.9500,8.4667,86.00,75.20,70.27,300.00,9.00,M,29.65,M,5.00,M,M,M,M,M,M,M,M,M,M,M,M,M,M,M,M,95.19,VOTV 081240Z AUTO 30009KT 5SM 30/24 A2965 RMK T03000240 IEM_DS3505,M
VOTV,2004-05-08 13:40,76.9500,8.4667,86.00,77.00,74.61,340.00,6.00,M,29.68,M,4.00,M,M,M,M,M,M,M,M,M,M,M,M,M,M,M,M,97.15,VOTV 081340Z AUTO 34006KT 4SM 30/25 A2968 RMK T03000250 IEM_DS3505,M
VOTV,2004-05-08 14:40,76.9500,8.4667,M,M,M,300.00,16.00,M,M,M,2.50,26.00,M,M,M,M,M,M,M,M,M,M,M,M,M,M,M,M,VOTV 081440Z AUTO 30016G26KT 2 1/2SM RMK IEM_DS3505,M
VOTV,2004-05-08 15:40,76.9500,8.4667,M,M,M,360.00,7.00,M,M,M,2.50,17.00,M,M,M,M,M,M,M,M,M,M,M,M,M,M,M,M,VOTV 081540Z AUTO 36007G17KT 2 1/2SM RMK IEM_DS3505,M
VOTV,2004-05-08 16:40,76.9500,8.4667,M,M,M,10.00,6.00,M,M,M,2.50,M,M,M,M,M,M,M,M,M,M,M,M,M,M,M,M,M,VOTV 081640Z AUTO 01006KT 2 1/2SM RMK IEM_DS3505,M
VOTV,2004-05-08 17:40,76.9500,8.4667,M,M,M,10.00,4.00,M,M,M,2.50,M,M,M,M,M,M,M,M,M,M,M,M,M,M,M,M,M,VOTV 081740Z AUTO 01004KT 2 1/2SM RMK IEM_DS3505,M
VOTV,2004-05-09 00:40,76.9500,8.4667,77.00,75.20,94.19,0.00,0.00,M,29.68,M,2.50,M,M,M,M,M,M,M,M,M,M,M,M,M,M,M,M,78.83,VOTV 090040Z AUTO 00000KT 2 1/2SM 25/24 A2968 RMK T02500240 IEM_DS3505,M
VOTV,2004-05-09 01:40,76.9500,8.4667,77.00,75.20,94.19,0.00,0.00,M,29.68,M,2.50,M,M,M,M,M,M,M,M,M,M,M,M,M,M,M,M,78.83,VOTV 090140Z AUTO 00000KT 2 1/2SM 25/24 A2968 RMK T02500240 IEM_DS3505,M
VOTV,2004-05-09 02:40,76.9500,8.4667,80.60,77.00,88.83,0.00,0.00,M,29.71,M,2.50,M,M,M,M,M,M,M,M,M,M,M,M,M,M,M,M,87.10,VOTV 090240Z AUTO 00000KT 2 1/2SM 27/25 A2971 RMK T02700250 IEM_DS3505,M
VOTV,2004-05-09 05:40,76.9500,8.4667,87.80,77.00,70.45,200.00,4.00,M,29.77,M,5.00,M,M,M,M,M,M,M,M,M,M,M,M,M,M,M,M,99.92,VOTV 090540Z AUTO 20004KT 5SM 31/25 A2977 RMK T03100250 IEM_DS3505,M
VOTV,2004-05-09 07:40,76.9500,8.4667,86.00,75.20,70.27,240.00,8.00,M,29.71,M,5.00,M,M,M,M,M,M,M,M,M,M,M,M,M,M,M,M,95.19,VOTV 090740Z AUTO 24008KT 5SM 30/24 A2971 RMK T03000240 IEM_DS3505,M
VOTV,2004-05-09 08:40,76.9500,8.4667,86.00,75.20,70.27,290.00,10.00,M,29.71,M,7.00,M,M,M,M,M,M,M,M,M,M,M,M,M,M,M,M,95.19,VOTV 090840Z AUTO 29010KT 7SM 30/24 A2971 RMK T03000240 IEM_DS3505,M
VOTV,2004-05-09 09:40,76.9500,8.4667,86.00,75.20,70.27,270.00,8.00,M,29.68,M,M,M,M,M,M,M,M,M,M,M,M,M,M,M,M,M,M,95.19,VOTV 090940Z AUTO 27008KT 30/24 A2968 RMK T03000240 IEM_DS3505,M
VOTV,2004-05-09 10:40,76.9500,8.4667,86.00,75.20,70.27,300.00,7.00,M,29.68,M,M,M,M,M,M,M,M,M,M,M,M,M,M,M,M,M,M,95.19,VOTV 091040Z AUTO 30007KT 30/24 A2968 RMK T03000240 IEM_DS3505,M
VOTV,2004-05-09 11:40,76.9500,8.4667,86.00,75.20,70.27,290.00,8.00,M,29.68,M,M,M,M,M,M,M,M,M,M,M,M,M,M,M,M,M,M,95.19,VOTV 091140Z AUTO 29008KT 30/24 A2968 RMK T03000240 IEM_DS3505,M
VOTV,2004-05-09 12:40,76.9500,8.4667,86.00,75.20,70.27,280.00,8.00,M,29.71,M,M,M,M,M,M,M,M,M,M,M,M,M,M,M,M,M,M,95.19,VOTV 091240Z AUTO 28008KT 30/24 A2971 RMK T03000240 IEM_DS3505,M
VOTV,2004-05-09 13:40,76.9500,8.4667,M,M,M,310.00,7.00,M,M,M,4.00,M,M,M,M,M,M,M,M,M,M,M,M,M,M,M,M,M,VOTV 091340Z AUTO 31007KT 4SM RMK IEM_DS3505,M
VOTV,2004-05-09 15:40,76.9500,8.4667,M,M,M,330.00,6.00,M,M,M,4.00,M,M,M,M,M,M,M,M,M,M,M,M,M,M,M,M,M,VOTV 091540Z AUTO 33006KT 4SM RMK IEM_DS3505,M
VOTV,2004-05-09 23:40,76.9500,8.4667,M,M,M,340.00,5.00,M,M,M,2.00,M,M,M,M,M,M,M,M,M,M,M,M,M,M,M,M,M,VOTV 092340Z AUTO 34005KT 2SM RMK IEM_DS3505,M
VOTV,2004-05-10 00:40,76.9500,8.4667,78.80,75.20,88.75,0.00,0.00,M,29.74,M,2.50,M,M,M,M,M,M,M,M,M,M,M,M,M,M,M,M,82.38,VOTV 100040Z AUTO 00000KT 2 1/2SM 26/24 A2974 RMK T02600240 IEM_DS3505,M
VOTV,2004-05-10 01:40,76.9500,8.4667,80.60,75.20,83.66,340.00,6.00,M,29.77,M,2.50,M,M,M,M,M,M,M,M,M,M,M,M,M,M,M,M,86.17,VOTV 100140Z AUTO 34006KT 2 1/2SM 27/24 A2977 RMK T02700240 IEM_DS3505,M
VOTV,2004-05-10 02:40,76.9500,8.4667,84.20,73.40,70.08,320.00,6.00,M,29.80,M,M,M,M,M,M,M,M,M,M,M,M,M,M,M,M,M,M,90.94,VOTV 100240Z AUTO 32006KT 29/23 A2980 RMK T02900230 IEM_DS3505,M
VOTV,2004-05-10 03:40,76.9500,8.4667,M,M,M,270.00,15.00,M,M,M,1.00,25.00,M,M,M,M,M,M,M,M,M,M,M,M,M,M,M,M,VOTV 100340Z AUTO 27015G25KT 1SM RMK IEM_DS3505,M
VOTV,2004-05-10 05:40,76.9500,8.4667,M,M,M,290.00,10.00,M,M,M,4.00,20.00,M,M,M,M,M,M,M,M,M,M,M,M,M,M,M,M,VOTV 100540Z AUTO 29010G20KT 4SM RMK IEM_DS3505,M
VOTV,2004-05-10 06:40,76.9500,8.4667,M,M,M,320.00,10.00,M,M,M,5.00,20.00,M,M,M,M,M,M,M,M,M,M,M,M,M,M,M,M,VOTV 100640Z AUTO 32010G20KT 5SM RMK IEM_DS3505,M
VOTV,2004-05-10 07:40,76.9500,8.4667,M,M,M,300.00,8.00,M,M,M,5.00,18.00,M,M,M,M,M,M,M,M,M,M,M,M,M,M,M,M,VOTV 100740Z AUTO 30008G18KT 5SM RMK IEM_DS3505,M
VOTV,2004-05-10 08:40,76.9500,8.4667,M,M,M,290.00,10.00,M,M,M,5.00,20.00,M,M,M,M,M,M,M,M,M,M,M,M,M,M,M,M,VOTV 100840Z AUTO 29010G20KT 5SM RMK IEM_DS3505,M
VOTV,2004-05-10 09:40,76.9500,8.4667,M,M,M,310.00,10.00,M,M,M,5.00,20.00,M,M,M,M,M,M,M,M,M,M,M,M,M,M,M,M,VOTV 100940Z AUTO 31010G20KT 5SM RMK IEM_DS3505,M
VOTV,2004-05-10 11:40,76.9500,8.4667,86.00,77.00,74.61,290.00,10.00,M,29.71,M,5.00,20.00,M,M,M,M,M,M,M,M,M,M,M,M,M,M,M,97.15,VOTV 101140Z AUTO 29010G20KT 5SM 30/25 A2971 RMK T03000250 IEM_DS3505,M
VOTV,2004-05-10 12:40,76.9500,8.4667,86.00,77.00,74.61,310.00,10.00,M,29.71,M,5.00,20.00,M,M,M,M,M,M,M,M,M,M,M,M,M,M,M,97.15,VOTV 101240Z AUTO 31010G20KT 5SM 30/25 A2971 RMK T03000250 IEM_DS3505,M
VOTV,2004-05-10 13:40,76.9500,8.4667,84.20,77.00,79.04,310.00,6.00,M,29.74,M,4.00,M,M,M,M,M,M,M,M,M,M,M,M,M,M,M,M,94.16,VOTV 101340Z AUTO 31006KT 4SM 29/25 A2974 RMK T02900250 IEM_DS3505,M
VOTV,2004-05-10 14:40,76.9500,8.4667,84.20,77.00,79.04,310.00,9.00,M,29.77,M,4.00,M,M,M,M,M,M,M,M,M,M,M,M,M,M,M,M,94.16,VOTV 101440Z AUTO 31009KT 4SM 29/25 A2977 RMK T02900250 IEM_DS3505,M
VOTV,2004-05-10 17:40,76.9500,8.4667,82.40,75.20,78.90,320.00,4.00,M,29.80,M,2.50,M,M,M,M,M,M,M,M,M,M,M,M,M,M,M,M,89.48,VOTV 101740Z AUTO 32004KT 2 1/2SM 28/24 A2980 RMK T02800240 IEM_DS3505,M
VOTV,2004-05-11 00:40,76.9500,8.4667,80.60,75.20,83.66,320.00,4.00,M,29.77,M,2.50,M,M,M,M,M,M,M,M,M,M,M,M,M,M,M,M,86.17,VOTV 110040Z AUTO 32004KT 2 1/2SM 27/24 A2977 RMK T02700240 IEM_DS3505,M
VOTV,2004-05-11 01:40,76.9500,8.4667,M,M,M,340.00,4.00,M,M,M,2.00,M,M,M,M,M,M,M,M,M,M,M,M,M,M,M,M,M,VOTV 110140Z AUTO 34004KT 2SM RMK IEM_DS3505,M
VOTV,2004-05-11 02:40,76.9500,8.4667,M,M,M,330.00,5.00,M,M,M,2.50,M,M,M,M,M,M,M,M,M,M,M,M,M,M,M,M,M,VOTV 110240Z AUTO 33005KT 2 1/2SM RMK IEM_DS3505,M
VOTV,2004-05-11 05:40,76.9500,8.4667,M,M,M,280.00,8.00,M,M,M,4.00,M,M,M,M,M,M,M,M,M,M,M,M,M,M,M,M,M,VOTV 110540Z AUTO 28008KT 4SM RMK IEM_DS3505,M
VOTV,2004-05-11 06:40,76.9500,8.4667,M,M,M,290.00,10.00,M,M,M,4.00,M,M,M,M,M,M,M,M,M,M,M,M,M,M,M,M,M,VOTV 110640Z AUTO 29010KT 4SM RMK IEM_DS3505,M
VOTV,2004-05-11 07:40,76.9500,8.4667,M,M,M,310.00,10.00,M,M,M,4.00,M,M,M,M,M,M,M,M,M,M,M,M,M,M,M,M,M,VOTV 110740Z AUTO 31010KT 4SM RMK IEM_DS3505,M
VOTV,2004-05-11 09:40,76.9500,8.4667,M,M,M,280.00,12.00,M,M,M,3.00,M,M,M,M,M,M,M,M,M,M,M,M,M,M,M,M,M,VOTV 110940Z AUTO 28012KT 3SM RMK IEM_DS3505,M
VOTV,2004-05-11 10:40,76.9500,8.4667,M,M,M,290.00,8.00,M,M,M,3.00,M,M,M,M,M,M,M,M,M,M,M,M,M,M,M,M,M,VOTV 111040Z AUTO 29008KT 3SM RMK IEM_DS3505,M
VOTV,2004-05-11 11:40,76.9500,8.4667,86.00,75.20,70.27,300.00,9.00,M,29.71,M,3.00,M,M,M,M,M,M,M,M,M,M,M,M,M,M,M,M,95.19,VOTV 111140Z AUTO 30009KT 3SM 30/24 A2971 RMK T03000240 IEM_DS3505,M
VOTV,2004-05-11 12:40,76.9500,8.4667,86.00,75.20,70.27,300.00,6.00,M,29.74,M,3.00,M,M,M,M,M,M,M,M,M,M,M,M,M,M,M,M,95.19,VOTV 111240Z AUTO 30006KT 3SM 30/24 A2974 RMK T03000240 IEM_DS3505,M
VOTV,2004-05-11 13:40,76.9500,8.4667,84.20,71.60,65.95,300.00,6.00,M,29.74,M,2.00,M,M,M,M,M,M,M,M,M,M,M,M,M,M,M,M,89.60,VOTV 111340Z AUTO 30006KT 2SM 29/22 A2974 RMK T02900220 IEM_DS3505,M
VOTV,2004-05-11 14:40,76.9500,8.4667,84.20,71.60,65.95,300.00,8.00,M,29.77,M,2.50,M,M,M,M,M,M,M,M,M,M,M,M,M,M,M,M,89.60,VOTV 111440Z AUTO 30008KT 2 1/2SM 29/22 A2977 RMK T02900220 IEM_DS3505,M
VOTV,2004-05-11 15:40,76.9500,8.4667,84.20,71.60,65.95,310.00,4.00,M,29.80,M,2.50,M,M,M,M,M,M,M,M,M,M,M,M,M,M,M,M,89.60,VOTV 111540Z AUTO 31004KT 2 1/2SM 29/22 A2980 RMK T02900220 IEM_DS3505,M
VOTV,2004-05-11 23:40,76.9500,8.4667,78.80,73.40,83.55,0.00,0.00,M,29.74,M,2.00,M,M,M,M,M,M,M,M,M,M,M,M,M,M,M,M,82.03,VOTV 112340Z AUTO 00000KT 2SM 26/23 A2974 RMK T02600230 IEM_DS3505,M
VOTV,2004-05-12 01:40,76.9500,8.4667,80.60,75.20,83.66,0.00,0.00,M,29.77,M,2.00,M,M,M,M,M,M,M,M,M,M,M,M,M,M,M,M,86.17,VOTV 120140Z AUTO 00000KT 2SM 27/24 A2977 RMK T02700240 IEM_DS3505,M
VOTV,2004-05-12 02:40,76.9500,8.4667,M,M,M,0.00,0.00,M,M,M,2.50,M,M,M,M,M,M,M,M,M,M,M,M,M,M,M,M,M,VOTV 120240Z AUTO 00000KT 2 1/2SM RMK IEM_DS3505,M
VOTV,2004-05-12 03:40,76.9500,8.4667,M,M,M,330.00,4.00,M,M,M,4.00,M,M,M,M,M,M,M,M,M,M,M,M,M,M,M,M,M,VOTV 120340Z AUTO 33004KT 4SM RMK IEM_DS3505,M
VOTV,2004-05-12 04:40,76.9500,8.4667,M,M,M,250.00,7.00,M,M,M,2.50,M,M,M,M,M,M,M,M,M,M,M,M,M,M,M,M,M,VOTV 120440Z AUTO 25007KT 2 1/2SM RMK IEM_DS3505,M
VOTV,2004-05-12 08:40,76.9500,8.4667,87.80,75.20,66.35,280.00,12.00,M,29.68,M,5.00,M,M,M,M,M,M,M,M,M,M,M,M,M,M,M,M,97.76,VOTV 120840Z AUTO 28012KT 5SM 31/24 A2968 RMK T03100240 IEM_DS3505,M
VOTV,2004-05-12 09:40,76.9500,8.4667,87.80,75.20,66.35,290.00,14.00,M,29.65,M,5.00,M,M,M,M,M,M,M,M,M,M,M,M,M,M,M,M,97.76,VOTV 120940Z AUTO 29014KT 5SM 31/24 A2965 RMK T03100240 IEM_DS3505,M
VOTV,2004-05-12 10:40,76.9500,8.4667,87.80,75.20,66.35,300.00,14.00,M,29.65,M,5.00,M,M,M,M,M,M,M,M,M,M,M,M,M,M,M,M,97.76,VOTV 121040Z AUTO 30014KT 5SM 31/24 A2965 RMK T03100240 IEM_DS3505,M
VOTV,2004-05-12 11:40,76.9500,8.4667,86.00,75.20,70.27,290.00,12.00,M,29.65,M,5.00,M,M,M,M,M,M,M,M,M,M,M,M,M,M,M,M,95.19,VOTV 121140Z AUTO 29012KT 5SM 30/24 A2965 RMK T03000240 IEM_DS3505,M
VOTV,2004-05-12 12:40,76.9500,8.4667,84.20,75.20,74.44,290.00,13.00,M,29.68,M,5.00,M,M,M,M,M,M,M,M,M,M,M,M,M,M,M,M,92.45,VOTV 121240Z AUTO 29013KT 5SM 29/24 A2968 RMK T02900240 IEM_DS3505,M
VOTV,2004-05-12 14:40,76.9500,8.4667,84.20,77.00,79.04,320.00,5.00,M,29.71,M,3.00,M,M,M,M,M,M,M,M,M,M,M,M,M,M,M,M,94.16,VOTV 121440Z AUTO 32005KT 3SM 29/25 A2971 RMK T02900250 IEM_DS3505,M
VOTV,2004-05-12 15:40,76.9500,8.4667,82.40,77.00,83.77,330.00,3.00,M,29.74,M,2.50,M,M,M,M,M,M,M,M,M,M,M,M,M,M,M,M,90.85,VOTV 121540Z AUTO 33003KT 2 1/2SM 28/25 A2974 RMK T02800250 IEM_DS3505,M
VOTV,2004-05-12 16:40,76.9500,8.4667,82.40,77.00,83.77,300.00,3.00,M,29.74,M,2.50,M,M,M,M,M,M,M,M,M,M,M,M,M,M,M,M,90.85,VOTV 121640Z AUTO 30003KT 2 1/2SM 28/25 A2974 RMK T02800250 IEM_DS3505,M
VOTV,2004-05-13 00:40,76.9500,8.4667,78.80,75.20,88.75,M,M,M,29.68,M,2.50,M,M,M,M,M,M,M,M,M,M,M,M,M,M,M,M,78.80,VOTV 130040Z AUTO 2 1/2SM 26/24 A2968 RMK T02600240 IEM_DS3505,M
VOTV,2004-05-13 03:40,76.9500,8.4667,86.00,73.40,66.15,350.00,8.00,M,29.74,M,5.00,M,M,M,M,M,M,M,M,M,M,M,M,M,M,M,M,93.45,VOTV 130340Z AUTO 35008KT 5SM 30/23 A2974 RMK T03000230 IEM_DS3505,M
VOTV,2004-05-13 04:40,76.9500,8.4667,87.80,75.20,66.35,320.00,8.00,M,29.74,M,5.00,M,M,M,M,M,M,M,M,M,M,M,M,M,M,M,M,97.76,VOTV 130440Z AUTO 32008KT 5SM 31/24 A2974 RMK T03100240 IEM_DS3505,M
VOTV,2004-05-13 05:40,76.9500,8.4667,87.80,75.20,66.35,330.00,10.00,M,29.74,M,5.00,M,M,M,M,M,M,M,M,M,M,M,M,M,M,M,M,97.76,VOTV 130540Z AUTO 33010KT 5SM 31/24 A2974 RMK T03100240 IEM_DS3505,M
VOTV,2004-05-13 07:40,76.9500,8.4667,87.80,71.60,58.78,270.00,10.00,M,29.68,M,7.00,M,M,M,M,M,M,M,M,M,M,M,M,M,M,M,M,94.18,VOTV 130740Z AUTO 27010KT 7SM 31/22 A2968 RMK T03100220 IEM_DS3505,M
VOTV,2004-05-13 08:40,76.9500,8.4667,M,M,M,290.00,12.00,M,M,M,7.00,M,M,M,M,M,M,M,M,M,M,M,M,M,M,M,M,M,VOTV 130840Z AUTO 29012KT 7SM RMK IEM_DS3505,M
VOTV,2004-05-13 10:40,76.9500,8.4667,M,M,M,270.00,12.00,M,M,M,7.00,M,M,M,M,M,M,M,M,M,M,M,M,M,M,M,M,M,VOTV 131040Z AUTO 27012KT 7SM RMK IEM_DS3505,M
VOTV,2004-05-13 11:40,76.9500,8.4667,M,M,M,280.00,12.00,M,M,M,5.00,M,M,M,M,M,M,M,M,M,M,M,M,M,M,M,M,M,VOTV 131140Z AUTO 28012KT 5SM RMK IEM_DS3505,M
VOTV,2004-05-13 12:40,76.9500,8.4667,M,M,M,310.00,10.00,M,M,M,5.00,M,M,M,M,M,M,M,M,M,M,M,M,M,M,M,M,M,VOTV 131240Z AUTO 31010KT 5SM RMK IEM_DS3505,M
VOTV,2004-05-13 13:40,76.9500,8.4667,M,M,M,320.00,8.00,M,M,M,4.00,M,M,M,M,M,M,M,M,M,M,M,M,M,M,M,M,M,VOTV 131340Z AUTO 32008KT 4SM RMK IEM_DS3505,M
VOTV,2004-05-13 16:40,76.9500,8.4667,M,M,M,340.00,4.00,M,M,M,2.50,M,M,M,M,M,M,M,M,M,M,M,M,M,M,M,M,M,VOTV 131640Z AUTO 34004KT 2 1/2SM RMK IEM_DS3505,M
VOTV,2004-05-14 00:40,76.9500,8.4667,M,M,M,0.00,0.00,M,M,M,2.50,M,M,M,M,M,M,M,M,M,M,M,M,M,M,M,M,M,VOTV 140040Z AUTO 00000KT 2 1/2SM RMK IEM_DS3505,M
VOTV,2004-05-14 01:40,76.9500,8.4667,M,M,M,340.00,6.00,M,M,M,2.50,M,M,M,M,M,M,M,M,M,M,M,M,M,M,M,M,M,VOTV 140140Z AUTO 34006KT 2 1/2SM RMK IEM_DS3505,M
VOTV,2004-05-14 02:40,76.9500,8.4667,M,M,M,290.00,5.00,M,M,M,1.50,M,M,M,M,M,M,M,M,M,M,M,M,M,M,M,M,M,VOTV 140240Z AUTO 29005KT 1 1/2SM RMK IEM_DS3505,M
VOTV,2004-05-14 04:40,76.9500,8.4667,M,M,M,310.00,10.00,M,M,M,2.50,M,M,M,M,M,M,M,M,M,M,M,M,M,M,M,M,M,VOTV 140440Z AUTO 31010KT 2 1/2SM RMK IEM_DS3505,M
VOTV,2004-05-14 05:40,76.9500,8.4667,M,M,M,300.00,12.00,M,M,M,2.50,M,M,M,M,M,M,M,M,M,M,M,M,M,M,M,M,M,VOTV 140540Z AUTO 30012KT 2 1/2SM RMK IEM_DS3505,M
VOTV,2004-05-14 06:40,76.9500,8.4667,M,M,M,290.00,10.00,M,M,M,4.00,M,M,M,M,M,M,M,M,M,M,M,M,M,M,M,M,M,VOTV 140640Z AUTO 29010KT 4SM RMK IEM_DS3505,M
VOTV,2004-05-14 07:40,76.9500,8.4667,M,M,M,310.00,10.00,M,M,M,4.00,20.00,M,M,M,M,M,M,M,M,M,M,M,M,M,M,M,M,VOTV 140740Z AUTO 31010G20KT 4SM RMK IEM_DS3505,M
VOTV,2004-05-14 08:40,76.9500,8.4667,89.60,77.00,66.55,290.00,10.00,M,29.68,M,5.00,20.00,M,M,M,M,M,M,M,M,M,M,M,M,M,M,M,102.54,VOTV 140840Z AUTO 29010G20KT 5SM 32/25 A2968 RMK T03200250 IEM_DS3505,M
VOTV,2004-05-14 09:40,76.9500,8.4667,87.80,75.20,66.35,311.00,1.00,M,29.68,M,5.00,20.00,M,M,M,M,M,M,M,M,M,M,M,M,M,M,M,97.76,VOTV 140940Z AUTO 31101G20KT 5SM 31/24 A2968 RMK T03100240 IEM_DS3505,M
VOTV,2004-05-14 10:40,76.9500,8.4667,87.80,75.20,66.35,300.00,9.00,M,29.65,M,5.00,18.00,M,M,M,M,M,M,M,M,M,M,M,M,M,M,M,97.76,VOTV 141040Z AUTO 30009G18KT 5SM 31/24 A2965 RMK T03100240 IEM_DS3505,M
VOTV,2004-05-14 11:40,76.9500,8.4667,86.00,75.20,70.27,290.00,10.00,M,29.68,M,5.00,M,M,M,M,M,M,M,M,M,M,M,M,M,M,M,M,95.19,VOTV 141140Z AUTO 29010KT 5SM 30/24 A2968 RMK T03000240 IEM_DS3505,M
VOTV,2004-05-14 15:40,76.9500,8.4667,84.20,75.20,74.44,330.00,6.00,M,29.74,M,2.50,M,M,M,M,M,M,M,M,M,M,M,M,M,M,M,M,92.45,VOTV 141540Z AUTO 33006KT 2 1/2SM 29/24 A2974 RMK T02900240 IEM_DS3505,M
VOTV,2004-05-15 01:40,76.9500,8.4667,M,M,M,340.00,5.00,M,M,M,2.50,M,M,M,M,M,M,M,M,M,M,M,M,M,M,M,M,M,VOTV 150140Z AUTO 34005KT 2 1/2SM RMK IEM_DS3505,M
VOTV,2004-05-15 05:40,76.9500,8.4667,M,M,M,300.00,6.00,M,M,M,1.50,M,M,M,M,M,M,M,M,M,M,M,M,M,M,M,M,M,VOTV 150540Z AUTO 30006KT 1 1/2SM RMK IEM_DS3505,M
VOTV,2004-05-15 06:40,76.9500,8.4667,M,M,M,330.00,8.00,M,M,M,2.00,M,M,M,M,M,M,M,M,M,M,M,M,M,M,M,M,M,VOTV 150640Z AUTO 33008KT 2SM RMK IEM_DS3505,M
VOTV,2004-05-15 07:40,76.9500,8.4667,M,M,M,360.00,9.00,M,M,M,2.00,M,M,M,M,M,M,M,M,M,M,M,M,M,M,M,M,M,VOTV 150740Z AUTO 36009KT 2SM RMK IEM_DS3505,M
VOTV,2004-05-15 08:40,76.9500,8.4667,M,M,M,340.00,6.00,M,M,M,3.00,M,M,M,M,M,M,M,M,M,M,M,M,M,M,M,M,M,VOTV 150840Z AUTO 34006KT 3SM RMK IEM_DS3505,M
VOTV,2004-05-15 09:40,76.9500,8.4667,M,M,M,340.00,9.00,M,M,M,3.00,M,M,M,M,M,M,M,M,M,M,M,M,M,M,M,M,M,VOTV 150940Z AUTO 34009KT 3SM RMK IEM_DS3505,M
VOTV,2004-05-15 10:40,76.9500,8.4667,M,M,M,340.00,9.00,M,M,M,3.00,M,M,M,M,M,M,M,M,M,M,M,M,M,M,M,M,M,VOTV 151040Z AUTO 34009KT 3SM RMK IEM_DS3505,M
VOTV,2004-05-15 11:40,76.9500,8.4667,M,M,M,340.00,2.00,M,M,M,3.00,M,M,M,M,M,M,M,M,M,M,M,M,M,M,M,M,M,VOTV 151140Z AUTO 34002KT 3SM RMK IEM_DS3505,M
VOTV,2004-05-15 12:40,76.9500,8.4667,M,M,M,0.00,0.00,M,M,M,3.00,M,M,M,M,M,M,M,M,M,M,M,M,M,M,M,M,M,VOTV 151240Z AUTO 00000KT 3SM RMK IEM_DS3505,M
VOTV,2004-05-15 13:40,76.9500,8.4667,M,M,M,0.00,0.00,M,M,M,2.00,M,M,M,M,M,M,M,M,M,M,M,M,M,M,M,M,M,VOTV 151340Z AUTO 00000KT 2SM RMK IEM_DS3505,M
VOTV,2004-05-15 14:40,76.9500,8.4667,M,M,M,0.00,0.00,M,M,M,2.00,M,M,M,M,M,M,M,M,M,M,M,M,M,M,M,M,M,VOTV 151440Z AUTO 00000KT 2SM RMK IEM_DS3505,M
VOTV,2004-05-15 15:40,76.9500,8.4667,M,M,M,0.00,0.00,M,M,M,2.00,M,M,M,M,M,M,M,M,M,M,M,M,M,M,M,M,M,VOTV 151540Z AUTO 00000KT 2SM RMK IEM_DS3505,M
VOTV,2004-05-15 16:40,76.9500,8.4667,M,M,M,0.00,0.00,M,M,M,2.00,M,M,M,M,M,M,M,M,M,M,M,M,M,M,M,M,M,VOTV 151640Z AUTO 00000KT 2SM RMK IEM_DS3505,M
VOTV,2004-05-15 17:40,76.9500,8.4667,M,M,M,0.00,0.00,M,M,M,2.00,M,M,M,M,M,M,M,M,M,M,M,M,M,M,M,M,M,VOTV 151740Z AUTO 00000KT 2SM RMK IEM_DS3505,M
VOTV,2004-05-16 00:40,76.9500,8.4667,M,M,M,0.00,0.00,M,M,M,1.50,M,M,M,M,M,M,M,M,M,M,M,M,M,M,M,M,M,VOTV 160040Z AUTO 00000KT 1 1/2SM RMK IEM_DS3505,M
VOTV,2004-05-16 03:40,76.9500,8.4667,M,M,M,0.00,0.00,M,M,M,1.50,M,M,M,M,M,M,M,M,M,M,M,M,M,M,M,M,M,VOTV 160340Z AUTO 00000KT 1 1/2SM RMK IEM_DS3505,M
VOTV,2004-05-16 04:40,76.9500,8.4667,M,M,M,0.00,0.00,M,M,M,3.00,M,M,M,M,M,M,M,M,M,M,M,M,M,M,M,M,M,VOTV 160440Z AUTO 00000KT 3SM RMK IEM_DS3505,M
VOTV,2004-05-16 06:40,76.9500,8.4667,M,M,M,290.00,5.00,M,M,M,4.00,M,M,M,M,M,M,M,M,M,M,M,M,M,M,M,M,M,VOTV 160640Z AUTO 29005KT 4SM RMK IEM_DS3505,M
VOTV,2004-05-16 07:40,76.9500,8.4667,M,M,M,270.00,4.00,M,M,M,4.00,M,M,M,M,M,M,M,M,M,M,M,M,M,M,M,M,M,VOTV 160740Z AUTO 27004KT 4SM RMK IEM_DS3505,M
VOTV,2004-05-16 14:40,76.9500,8.4667,M,M,M,0.00,0.00,M,M,M,2.50,M,M,M,M,M,M,M,M,M,M,M,M,M,M,M,M,M,VOTV 161440Z AUTO 00000KT 2 1/2SM RMK IEM_DS3505,M
VOTV,2004-05-16 15:40,76.9500,8.4667,M,M,M,0.00,0.00,M,M,M,2.50,M,M,M,M,M,M,M,M,M,M,M,M,M,M,M,M,M,VOTV 161540Z AUTO 00000KT 2 1/2SM RMK IEM_DS3505,M
VOTV,2004-05-17 04:40,76.9500,8.4667,M,M,M,270.00,5.00,M,M,M,M,M,M,M,M,M,M,M,M,M,M,M,M,M,M,M,M,M,VOTV 170440Z AUTO 27005KT RMK IEM_DS3505,M
VOTV,2004-05-17 05:40,76.9500,8.4667,M,M,M,270.00,5.00,M,M,M,M,M,M,M,M,M,M,M,M,M,M,M,M,M,M,M,M,M,VOTV 170540Z AUTO 27005KT RMK IEM_DS3505,M
VOTV,2004-05-17 06:40,76.9500,8.4667,M,M,M,260.00,7.00,M,M,M,M,M,M,M,M,M,M,M,M,M,M,M,M,M,M,M,M,M,VOTV 170640Z AUTO 26007KT RMK IEM_DS3505,M
VOTV,2004-05-17 07:40,76.9500,8.4667,M,M,M,260.00,7.00,M,M,M,4.00,M,M,M,M,M,M,M,M,M,M,M,M,M,M,M,M,M,VOTV 170740Z AUTO 26007KT 4SM RMK IEM_DS3505,M
VOTV,2004-05-17 08:40,76.9500,8.4667,M,M,M,270.00,10.00,M,M,M,2.50,M,M,M,M,M,M,M,M,M,M,M,M,M,M,M,M,M,VOTV 170840Z AUTO 27010KT 2 1/2SM RMK IEM_DS3505,M
VOTV,2004-05-17 09:40,76.9500,8.4667,M,M,M,290.00,5.00,M,M,M,2.50,M,M,M,M,M,M,M,M,M,M,M,M,M,M,M,M,M,VOTV 170940Z AUTO 29005KT 2 1/2SM RMK IEM_DS3505,M
VOTV,2004-05-17 10:40,76.9500,8.4667,M,M,M,270.00,7.00,M,M,M,2.50,M,M,M,M,M,M,M,M,M,M,M,M,M,M,M,M,M,VOTV 171040Z AUTO 27007KT 2 1/2SM RMK IEM_DS3505,M
VOTV,2004-05-17 11:40,76.9500,8.4667,M,M,M,260.00,6.00,M,M,M,2.50,M,M,M,M,M,M,M,M,M,M,M,M,M,M,M,M,M,VOTV 171140Z AUTO 26006KT 2 1/2SM RMK IEM_DS3505,M
VOTV,2004-05-17 12:40,76.9500,8.4667,M,M,M,290.00,3.00,M,M,M,2.50,M,M,M,M,M,M,M,M,M,M,M,M,M,M,M,M,M,VOTV 171240Z AUTO 29003KT 2 1/2SM RMK IEM_DS3505,M
VOTV,2004-05-17 13:40,76.9500,8.4667,M,M,M,290.00,4.00,M,M,M,2.50,M,M,M,M,M,M,M,M,M,M,M,M,M,M,M,M,M,VOTV 171340Z AUTO 29004KT 2 1/2SM RMK IEM_DS3505,M
VOTV,2004-05-17 14:40,76.9500,8.4667,M,M,M,80.00,3.00,M,M,M,2.50,M,M,M,M,M,M,M,M,M,M,M,M,M,M,M,M,M,VOTV 171440Z AUTO 08003KT 2 1/2SM RMK IEM_DS3505,M
VOTV,2004-05-17 15:40,76.9500,8.4667,M,M,M,310.00,3.00,M,M,M,2.50,M,M,M,M,M,M,M,M,M,M,M,M,M,M,M,M,M,VOTV 171540Z AUTO 31003KT 2 1/2SM RMK IEM_DS3505,M
VOTV,2004-05-17 16:40,76.9500,8.4667,M,M,M,270.00,3.00,M,M,M,2.50,M,M,M,M,M,M,M,M,M,M,M,M,M,M,M,M,M,VOTV 171640Z AUTO 27003KT 2 1/2SM RMK IEM_DS3505,M
VOTV,2004-05-17 22:40,76.9500,8.4667,M,M,M,300.00,10.00,M,M,M,1.00,20.00,M,M,M,M,M,M,M,M,M,M,M,M,M,M,M,M,VOTV 172240Z AUTO 30010G20KT 1SM RMK IEM_DS3505,M
VOTV,2004-05-17 23:40,76.9500,8.4667,M,M,M,260.00,7.00,M,M,M,1.00,M,M,M,M,M,M,M,M,M,M,M,M,M,M,M,M,M,VOTV 172340Z AUTO 26007KT 1SM RMK IEM_DS3505,M
VOTV,2004-05-18 01:40,76.9500,8.4667,82.40,80.60,94.31,0.00,0.00,M,29.85,M,1.00,M,M,M,M,M,M,M,M,M,M,M,M,M,M,M,M,94.14,VOTV 180140Z AUTO 00000KT 1SM 28/27 A2985 RMK T02800270 IEM_DS3505,M
VOTV,2004-05-18 02:40,76.9500,8.4667,M,M,M,30.00,4.00,M,M,M,1.00,M,M,M,M,M,M,M,M,M,M,M,M,M,M,M,M,M,VOTV 180240Z AUTO 03004KT 1SM RMK IEM_DS3505,M
VOTV,2004-05-18 07:40,76.9500,8.4667,M,M,M,300.00,8.00,M,M,M,4.00,M,M,M,M,M,M,M,M,M,M,M,M,M,M,M,M,M,VOTV 180740Z AUTO 30008KT 4SM RMK IEM_DS3505,M
VOTV,2004-05-18 08:40,76.9500,8.4667,M,M,M,290.00,7.00,M,M,M,4.00,M,M,M,M,M,M,M,M,M,M,M,M,M,M,M,M,M,VOTV 180840Z AUTO 29007KT 4SM RMK IEM_DS3505,M
VOTV,2004-05-18 10:40,76.9500,8.4667,86.00,77.00,74.61,290.00,10.00,M,29.77,M,4.00,M,M,M,M,M,M,M,M,M,M,M,M,M,M,M,M,97.15,VOTV 181040Z AUTO 29010KT 4SM 30/25 A2977 RMK T03000250 IEM_DS3505,M
VOTV,2004-05-18 12:40,76.9500,8.4667,84.20,78.80,83.88,300.00,6.00,M,29.77,M,2.50,M,M,M,M,M,M,M,M,M,M,M,M,M,M,M,M,96.10,VOTV 181240Z AUTO 30006KT 2 1/2SM 29/26 A2977 RMK T02900260 IEM_DS3505,M
VOTV,2004-05-18 13:40,76.9500,8.4667,84.20,78.80,83.88,M,M,M,29.80,M,2.50,M,M,M,M,M,M,M,M,M,M,M,M,M,M,M,M,96.10,VOTV 181340Z AUTO 2 1/2SM 29/26 A2980 RMK T02900260 IEM_DS3505,M
VOTV,2004-05-18 14:40,76.9500,8.4667,84.20,78.80,83.88,290.00,4.00,M,29.83,M,2.50,M,M,M,M,M,M,M,M,M,M,M,M,M,M,M,M,96.10,VOTV 181440Z AUTO 29004KT 2 1/2SM 29/26 A2983 RMK T02900260 IEM_DS3505,M
VOTV,2004-05-18 15:40,76.9500,8.4667,84.20,78.80,83.88,290.00,5.00,M,29.83,M,2.50,M,M,M,M,M,M,M,M,M,M,M,M,M,M,M,M,96.10,VOTV 181540Z AUTO 29005KT 2 1/2SM 29/26 A2983 RMK T02900260 IEM_DS3505,M
VOTV,2004-05-18 17:40,76.9500,8.4667,84.20,78.80,83.88,290.00,4.00,M,29.85,M,2.50,M,M,M,M,M,M,M,M,M,M,M,M,M,M,M,M,96.10,VOTV 181740Z AUTO 29004KT 2 1/2SM 29/26 A2985 RMK T02900260 IEM_DS3505,M
VOTV,2004-05-19 00:40,76.9500,8.4667,80.60,78.80,94.27,0.00,0.00,M,29.77,M,2.00,M,M,M,M,M,M,M,M,M,M,M,M,M,M,M,M,89.33,VOTV 190040Z AUTO 00000KT 2SM 27/26 A2977 RMK T02700260 IEM_DS3505,M
VOTV,2004-05-19 01:40,76.9500,8.4667,80.60,77.00,88.83,0.00,0.00,M,29.80,M,2.00,M,M,M,M,M,M,M,M,M,M,M,M,M,M,M,M,87.10,VOTV 190140Z AUTO 00000KT 2SM 27/25 A2980 RMK T02700250 IEM_DS3505,M
VOTV,2004-05-19 02:40,76.9500,8.4667,M,M,M,340.00,3.00,M,M,M,2.50,M,M,M,M,M,M,M,M,M,M,M,M,M,M,M,M,M,VOTV 190240Z AUTO 34003KT 2 1/2SM RMK IEM_DS3505,M
VOTV,2004-05-19 03:40,76.9500,8.4667,M,M,M,300.00,10.00,M,M,M,4.00,M,M,M,M,M,M,M,M,M,M,M,M,M,M,M,M,M,VOTV 190340Z AUTO 30010KT 4SM RMK IEM_DS3505,M
VOTV,2004-05-19 04:40,76.9500,8.4667,M,M,M,300.00,8.00,M,M,M,4.00,M,M,M,M,M,M,M,M,M,M,M,M,M,M,M,M,M,VOTV 190440Z AUTO 30008KT 4SM RMK IEM_DS3505,M
VOTV,2004-05-19 05:40,76.9500,8.4667,M,M,M,300.00,6.00,M,M,M,3.00,M,M,M,M,M,M,M,M,M,M,M,M,M,M,M,M,M,VOTV 190540Z AUTO 30006KT 3SM RMK IEM_DS3505,M
VOTV,2004-05-19 06:40,76.9500,8.4667,M,M,M,270.00,8.00,M,M,M,2.50,M,M,M,M,M,M,M,M,M,M,M,M,M,M,M,M,M,VOTV 190640Z AUTO 27008KT 2 1/2SM RMK IEM_DS3505,M
VOTV,2004-05-19 07:40,76.9500,8.4667,M,M,M,290.00,10.00,M,M,M,4.00,M,M,M,M,M,M,M,M,M,M,M,M,M,M,M,M,M,VOTV 190740Z AUTO 29010KT 4SM RMK IEM_DS3505,M
VOTV,2004-05-19 08:40,76.9500,8.4667,M,M,M,310.00,10.00,M,M,M,4.00,M,M,M,M,M,M,M,M,M,M,M,M,M,M,M,M,M,VOTV 190840Z AUTO 31010KT 4SM RMK IEM_DS3505,M
VOTV,2004-05-19 09:40,76.9500,8.4667,M,M,M,300.00,10.00,M,M,M,4.00,M,M,M,M,M,M,M,M,M,M,M,M,M,M,M,M,M,VOTV 190940Z AUTO 30010KT 4SM RMK IEM_DS3505,M
VOTV,2004-05-19 10:40,76.9500,8.4667,M,M,M,290.00,12.00,M,M,M,4.00,M,M,M,M,M,M,M,M,M,M,M,M,M,M,M,M,M,VOTV 191040Z AUTO 29012KT 4SM RMK IEM_DS3505,M
VOTV,2004-05-19 11:40,76.9500,8.4667,M,M,M,300.00,10.00,M,M,M,4.00,M,M,M,M,M,M,M,M,M,M,M,M,M,M,M,M,M,VOTV 191140Z AUTO 30010KT 4SM RMK IEM_DS3505,M
VOTV,2004-05-19 12:40,76.9500,8.4667,M,M,M,290.00,10.00,M,M,M,4.00,M,M,M,M,M,M,M,M,M,M,M,M,M,M,M,M,M,VOTV 191240Z AUTO 29010KT 4SM RMK IEM_DS3505,M
VOTV,2004-05-19 13:40,76.9500,8.4667,M,M,M,290.00,10.00,M,M,M,2.50,M,M,M,M,M,M,M,M,M,M,M,M,M,M,M,M,M,VOTV 191340Z AUTO 29010KT 2 1/2SM RMK IEM_DS3505,M
VOTV,2004-05-19 14:40,76.9500,8.4667,M,M,M,290.00,5.00,M,M,M,2.50,M,M,M,M,M,M,M,M,M,M,M,M,M,M,M,M,M,VOTV 191440Z AUTO 29005KT 2 1/2SM RMK IEM_DS3505,M
VOTV,2004-05-19 16:40,76.9500,8.4667,M,M,M,300.00,6.00,M,M,M,2.50,M,M,M,M,M,M,M,M,M,M,M,M,M,M,M,M,M,VOTV 191640Z AUTO 30006KT 2 1/2SM RMK IEM_DS3505,M
VOTV,2004-05-19 17:40,76.9500,8.4667,M,M,M,320.00,3.00,M,M,M,2.50,M,M,M,M,M,M,M,M,M,M,M,M,M,M,M,M,M,VOTV 191740Z AUTO 32003KT 2 1/2SM RMK IEM_DS3505,M
VOTV,2004-05-19 22:40,76.9500,8.4667,M,M,M,270.00,5.00,M,M,M,2.50,M,M,M,M,M,M,M,M,M,M,M,M,M,M,M,M,M,VOTV 192240Z AUTO 27005KT 2 1/2SM RMK IEM_DS3505,M
VOTV,2004-05-20 02:40,76.9500,8.4667,M,M,M,0.00,0.00,M,M,M,2.00,M,M,M,M,M,M,M,M,M,M,M,M,M,M,M,M,M,VOTV 200240Z AUTO 00000KT 2SM RMK IEM_DS3505,M
VOTV,2004-05-20 03:40,76.9500,8.4667,M,M,M,0.00,0.00,M,M,M,2.00,M,M,M,M,M,M,M,M,M,M,M,M,M,M,M,M,M,VOTV 200340Z AUTO 00000KT 2SM RMK IEM_DS3505,M
VOTV,2004-05-20 10:40,76.9500,8.4667,M,M,M,330.00,6.00,M,M,M,2.00,M,M,M,M,M,M,M,M,M,M,M,M,M,M,M,M,M,VOTV 201040Z AUTO 33006KT 2SM RMK IEM_DS3505,M
VOTV,2004-05-20 13:40,76.9500,8.4667,M,M,M,0.00,0.00,M,M,M,2.00,M,M,M,M,M,M,M,M,M,M,M,M,M,M,M,M,M,VOTV 201340Z AUTO 00000KT 2SM RMK IEM_DS3505,M
VOTV,2004-05-20 14:40,76.9500,8.4667,M,M,M,270.00,10.00,M,M,M,1.25,M,M,M,M,M,M,M,M,M,M,M,M,M,M,M,M,M,VOTV 201440Z AUTO 27010KT 1 1/4SM RMK IEM_DS3505,M
VOTV,2004-05-20 16:40,76.9500,8.4667,M,M,M,290.00,5.00,M,M,M,2.00,M,M,M,M,M,M,M,M,M,M,M,M,M,M,M,M,M,VOTV 201640Z AUTO 29005KT 2SM RMK IEM_DS3505,M
VOTV,2004-05-21 01:40,76.9500,8.4667,M,M,M,20.00,6.00,M,M,M,2.00,M,M,M,M,M,M,M,M,M,M,M,M,M,M,M,M,M,VOTV 210140Z AUTO 02006KT 2SM RMK IEM_DS3505,M
VOTV,2004-05-21 02:40,76.9500,8.4667,M,M,M,340.00,5.00,M,M,M,2.00,M,M,M,M,M,M,M,M,M,M,M,M,M,M,M,M,M,VOTV 210240Z AUTO 34005KT 2SM RMK IEM_DS3505,M
VOTV,2004-05-21 03:40,76.9500,8.4667,M,M,M,340.00,6.00,M,M,M,2.50,M,M,M,M,M,M,M,M,M,M,M,M,M,M,M,M,M,VOTV 210340Z AUTO 34006KT 2 1/2SM RMK IEM_DS3505,M
VOTV,2004-05-21 05:40,76.9500,8.4667,M,M,M,350.00,5.00,M,M,M,4.00,M,M,M,M,M,M,M,M,M,M,M,M,M,M,M,M,M,VOTV 210540Z AUTO 35005KT 4SM RMK IEM_DS3505,M
VOTV,2004-05-21 07:40,76.9500,8.4667,M,M,M,310.00,10.00,M,M,M,4.00,M,M,M,M,M,M,M,M,M,M,M,M,M,M,M,M,M,VOTV 210740Z AUTO 31010KT 4SM RMK IEM_DS3505,M
VOTV,2004-05-21 08:40,76.9500,8.4667,M,M,M,310.00,8.00,M,M,M,4.00,M,M,M,M,M,M,M,M,M,M,M,M,M,M,M,M,M,VOTV 210840Z AUTO 31008KT 4SM RMK IEM_DS3505,M
VOTV,2004-05-21 09:40,76.9500,8.4667,M,M,M,290.00,5.00,M,M,M,3.00,M,M,M,M,M,M,M,M,M,M,M,M,M,M,M,M,M,VOTV 210940Z AUTO 29005KT 3SM RMK IEM_DS3505,M
VOTV,2004-05-21 10:40,76.9500,8.4667,M,M,M,300.00,10.00,M,M,M,3.00,M,M,M,M,M,M,M,M,M,M,M,M,M,M,M,M,M,VOTV 211040Z AUTO 30010KT 3SM RMK IEM_DS3505,M
VOTV,2004-05-21 11:40,76.9500,8.4667,M,M,M,290.00,9.00,M,M,M,3.00,M,M,M,M,M,M,M,M,M,M,M,M,M,M,M,M,M,VOTV 211140Z AUTO 29009KT 3SM RMK IEM_DS3505,M
VOTV,2004-05-21 12:40,76.9500,8.4667,M,M,M,290.00,7.00,M,M,M,2.50,M,M,M,M,M,M,M,M,M,M,M,M,M,M,M,M,M,VOTV 211240Z AUTO 29007KT 2 1/2SM RMK IEM_DS3505,M
VOTV,2004-05-21 13:40,76.9500,8.4667,82.40,77.00,83.77,M,M,M,29.77,M,2.50,M,M,M,M,M,M,M,M,M,M,M,M,M,M,M,M,90.85,VOTV 211340Z AUTO 2 1/2SM 28/25 A2977 RMK T02800250 IEM_DS3505,M
VOTV,2004-05-21 14:40,76.9500,8.4667,82.40,78.80,88.90,310.00,6.00,M,29.80,M,2.50,M,M,M,M,M,M,M,M,M,M,M,M,M,M,M,M,92.40,VOTV 211440Z AUTO 31006KT 2 1/2SM 28/26 A2980 RMK T02800260 IEM_DS3505,M
VOTV,2004-05-21 15:40,76.9500,8.4667,82.40,78.80,88.90,300.00,6.00,M,29.80,M,2.50,M,M,M,M,M,M,M,M,M,M,M,M,M,M,M,M,92.40,VOTV 211540Z AUTO 30006KT 2 1/2SM 28/26 A2980 RMK T02800260 IEM_DS3505,M
VOTV,2004-05-21 16:40,76.9500,8.4667,M,M,M,300.00,6.00,M,M,M,2.50,M,M,M,M,M,M,M,M,M,M,M,M,M,M,M,M,M,VOTV 211640Z AUTO 30006KT 2 1/2SM RMK IEM_DS3505,M
VOTV,2004-05-21 21:40,76.9500,8.4667,M,M,M,0.00,0.00,M,M,M,2.50,M,M,M,M,M,M,M,M,M,M,M,M,M,M,M,M,M,VOTV 212140Z AUTO 00000KT 2 1/2SM RMK IEM_DS3505,M
VOTV,2004-05-21 22:40,76.9500,8.4667,M,M,M,0.00,0.00,M,M,M,2.50,M,M,M,M,M,M,M,M,M,M,M,M,M,M,M,M,M,VOTV 212240Z AUTO 00000KT 2 1/2SM RMK IEM_DS3505,M
VOTV,2004-05-21 23:40,76.9500,8.4667,M,M,M,340.00,6.00,M,M,M,2.00,M,M,M,M,M,M,M,M,M,M,M,M,M,M,M,M,M,VOTV 212340Z AUTO 34006KT 2SM RMK IEM_DS3505,M
VOTV,2004-05-22 00:40,76.9500,8.4667,M,M,M,M,M,M,M,M,2.00,M,M,M,M,M,M,M,M,M,M,M,M,M,M,M,M,M,VOTV 220040Z AUTO 2SM RMK IEM_DS3505,M
VOTV,2004-05-22 01:40,76.9500,8.4667,M,M,M,M,M,M,M,M,2.00,M,M,M,M,M,M,M,M,M,M,M,M,M,M,M,M,M,VOTV 220140Z AUTO 2SM RMK IEM_DS3505,M
VOTV,2004-05-22 02:40,76.9500,8.4667,M,M,M,0.00,0.00,M,M,M,2.00,M,M,M,M,M,M,M,M,M,M,M,M,M,M,M,M,M,VOTV 220240Z AUTO 00000KT 2SM RMK IEM_DS3505,M
VOTV,2004-05-22 04:40,76.9500,8.4667,M,M,M,20.00,4.00,M,M,M,2.50,M,M,M,M,M,M,M,M,M,M,M,M,M,M,M,M,M,VOTV 220440Z AUTO 02004KT 2 1/2SM RMK IEM_DS3505,M
VOTV,2004-05-22 05:40,76.9500,8.4667,M,M,M,290.00,7.00,M,M,M,2.50,M,M,M,M,M,M,M,M,M,M,M,M,M,M,M,M,M,VOTV 220540Z AUTO 29007KT 2 1/2SM RMK IEM_DS3505,M
VOTV,2004-05-22 06:40,76.9500,8.4667,M,M,M,300.00,10.00,M,M,M,2.50,M,M,M,M,M,M,M,M,M,M,M,M,M,M,M,M,M,VOTV 220640Z AUTO 30010KT 2 1/2SM RMK IEM_DS3505,M
VOTV,2004-05-22 07:40,76.9500,8.4667,M,M,M,310.00,12.00,M,M,M,2.50,M,M,M,M,M,M,M,M,M,M,M,M,M,M,M,M,M,VOTV 220740Z AUTO 31012KT 2 1/2SM RMK IEM_DS3505,M
VOTV,2004-05-22 08:40,76.9500,8.4667,M,M,M,310.00,10.00,M,M,M,2.50,M,M,M,M,M,M,M,M,M,M,M,M,M,M,M,M,M,VOTV 220840Z AUTO 31010KT 2 1/2SM RMK IEM_DS3505,M
VOTV,2004-05-22 09:40,76.9500,8.4667,86.00,75.20,70.27,330.00,12.00,M,29.74,M,M,M,M,M,M,M,M,M,M,M,M,M,M,M,M,M,M,95.19,VOTV 220940Z AUTO 33012KT 30/24 A2974 RMK T03000240 IEM_DS3505,M
VOTV,2004-05-22 10:40,76.9500,8.4667,86.00,75.20,70.27,M,M,M,29.71,M,M,M,M,M,M,M,M,M,M,M,M,M,M,M,M,M,M,95.19,VOTV 221040Z AUTO 30/24 A2971 RMK T03000240 IEM_DS3505,M
VOTV,2004-05-22 11:40,76.9500,8.4667,84.20,77.00,79.04,290.00,10.00,M,29.74,M,2.00,M,M,M,M,M,M,M,M,M,M,M,M,M,M,M,M,94.16,VOTV 221140Z AUTO 29010KT 2SM 29/25 A2974 RMK T02900250 IEM_DS3505,M
VOTV,2004-05-22 12:40,76.9500,8.4667,84.20,77.00,79.04,320.00,8.00,M,29.74,M,2.00,M,M,M,M,M,M,M,M,M,M,M,M,M,M,M,M,94.16,VOTV 221240Z AUTO 32008KT 2SM 29/25 A2974 RMK T02900250 IEM_DS3505,M
VOTV,2004-05-22 13:40,76.9500,8.4667,80.60,78.80,94.27,340.00,3.00,M,29.77,M,2.00,M,M,M,M,M,M,M,M,M,M,M,M,M,M,M,M,89.33,VOTV 221340Z AUTO 34003KT 2SM 27/26 A2977 RMK T02700260 IEM_DS3505,M
VOTV,2004-05-22 15:40,76.9500,8.4667,80.60,78.80,94.27,350.00,2.00,M,29.80,M,2.00,M,M,M,M,M,M,M,M,M,M,M,M,M,M,M,M,89.33,VOTV 221540Z AUTO 35002KT 2SM 27/26 A2980 RMK T02700260 IEM_DS3505,M
VOTV,2004-05-22 16:40,76.9500,8.4667,M,M,M,320.00,7.00,M,M,M,2.00,M,M,M,M,M,M,M,M,M,M,M,M,M,M,M,M,M,VOTV 221640Z AUTO 32007KT 2SM RMK IEM_DS3505,M
VOTV,2004-05-22 17:40,76.9500,8.4667,M,M,M,340.00,3.00,M,M,M,2.00,M,M,M,M,M,M,M,M,M,M,M,M,M,M,M,M,M,VOTV 221740Z AUTO 34003KT 2SM RMK IEM_DS3505,M
VOTV,2004-05-22 18:40,76.9500,8.4667,M,M,M,340.00,2.00,M,M,M,2.00,M,M,M,M,M,M,M,M,M,M,M,M,M,M,M,M,M,VOTV 221840Z AUTO 34002KT 2SM RMK IEM_DS3505,M
VOTV,2004-05-23 00:40,76.9500,8.4667,M,M,M,310.00,5.00,M,M,M,2.00,M,M,M,M,M,M,M,M,M,M,M,M,M,M,M,M,M,VOTV 230040Z AUTO 31005KT 2SM RMK IEM_DS3505,M
VOTV,2004-05-23 03:40,76.9500,8.4667,M,M,M,340.00,8.00,M,M,M,2.50,M,M,M,M,M,M,M,M,M,M,M,M,M,M,M,M,M,VOTV 230340Z AUTO 34008KT 2 1/2SM RMK IEM_DS3505,M
VOTV,2004-05-23 05:40,76.9500,8.4667,M,M,M,310.00,10.00,M,M,M,1.50,M,M,M,M,M,M,M,M,M,M,M,M,M,M,M,M,M,VOTV 230540Z AUTO 31010KT 1 1/2SM RMK IEM_DS3505,M
VOTV,2004-05-23 07:40,76.9500,8.4667,M,M,M,330.00,12.00,M,M,M,2.50,22.00,M,M,M,M,M,M,M,M,M,M,M,M,M,M,M,M,VOTV 230740Z AUTO 33012G22KT 2 1/2SM RMK IEM_DS3505,M
VOTV,2004-05-23 08:40,76.9500,8.4667,M,M,M,340.00,14.00,M,M,M,3.00,24.00,M,M,M,M,M,M,M,M,M,M,M,M,M,M,M,M,VOTV 230840Z AUTO 34014G24KT 3SM RMK IEM_DS3505,M
VOTV,2004-05-23 09:40,76.9500,8.4667,M,M,M,340.00,7.00,M,M,M,3.00,M,M,M,M,M,M,M,M,M,M,M,M,M,M,M,M,M,VOTV 230940Z AUTO 34007KT 3SM RMK IEM_DS3505,M
VOTV,2004-05-23 10:40,76.9500,8.4667,84.20,59.00,42.52,330.00,8.00,M,29.77,M,M,M,M,M,M,M,M,M,M,M,M,M,M,M,M,M,M,83.92,VOTV 231040Z AUTO 33008KT 29/15 A2977 RMK T02900150 IEM_DS3505,M
VOTV,2004-05-23 11:40,76.9500,8.4667,M,M,M,320.00,12.00,M,M,M,4.00,M,M,M,M,M,M,M,M,M,M,M,M,M,M,M,M,M,VOTV 231140Z AUTO 32012KT 4SM RMK IEM_DS3505,M
VOTV,2004-05-23 12:40,76.9500,8.4667,M,M,M,330.00,11.00,M,M,M,4.00,M,M,M,M,M,M,M,M,M,M,M,M,M,M,M,M,M,VOTV 231240Z AUTO 33011KT 4SM RMK IEM_DS3505,M
VOTV,2004-05-23 13:40,76.9500,8.4667,M,M,M,340.00,8.00,M,M,M,4.00,M,M,M,M,M,M,M,M,M,M,M,M,M,M,M,M,M,VOTV 231340Z AUTO 34008KT 4SM RMK IEM_DS3505,M
VOTV,2004-05-23 14:40,76.9500,8.4667,M,M,M,320.00,8.00,M,M,M,4.00,M,M,M,M,M,M,M,M,M,M,M,M,M,M,M,M,M,VOTV 231440Z AUTO 32008KT 4SM RMK IEM_DS3505,M
VOTV,2004-05-23 19:40,76.9500,8.4667,M,M,M,340.00,6.00,M,M,M,2.50,M,M,M,M,M,M,M,M,M,M,M,M,M,M,M,M,M,VOTV 231940Z AUTO 34006KT 2 1/2SM RMK IEM_DS3505,M
VOTV,2004-05-23 23:40,76.9500,8.4667,M,M,M,M,M,M,M,M,2.50,M,M,M,M,M,M,M,M,M,M,M,M,M,M,M,M,M,VOTV 232340Z AUTO 2 1/2SM RMK IEM_DS3505,M
VOTV,2004-05-24 00:40,76.9500,8.4667,M,M,M,0.00,0.00,M,M,M,2.50,M,M,M,M,M,M,M,M,M,M,M,M,M,M,M,M,M,VOTV 240040Z AUTO 00000KT 2 1/2SM RMK IEM_DS3505,M
VOTV,2004-05-24 01:40,76.9500,8.4667,M,M,M,350.00,3.00,M,M,M,2.50,M,M,M,M,M,M,M,M,M,M,M,M,M,M,M,M,M,VOTV 240140Z AUTO 35003KT 2 1/2SM RMK IEM_DS3505,M
VOTV,2004-05-24 02:40,76.9500,8.4667,M,M,M,340.00,8.00,M,M,M,4.00,M,M,M,M,M,M,M,M,M,M,M,M,M,M,M,M,M,VOTV 240240Z AUTO 34008KT 4SM RMK IEM_DS3505,M
VOTV,2004-05-24 03:40,76.9500,8.4667,M,M,M,290.00,4.00,M,M,M,4.00,M,M,M,M,M,M,M,M,M,M,M,M,M,M,M,M,M,VOTV 240340Z AUTO 29004KT 4SM RMK IEM_DS3505,M
VOTV,2004-05-24 04:40,76.9500,8.4667,82.40,77.00,83.77,270.00,8.00,M,29.85,M,4.00,M,M,M,M,M,M,M,M,M,M,M,M,M,M,M,M,90.85,VOTV 240440Z AUTO 27008KT 4SM 28/25 A2985 RMK T02800250 IEM_DS3505,M
VOTV,2004-05-24 05:40,76.9500,8.4667,86.00,77.00,74.61,290.00,9.00,M,29.88,M,4.00,M,M,M,M,M,M,M,M,M,M,M,M,M,M,M,M,97.15,VOTV 240540Z AUTO 29009KT 4SM 30/25 A2988 RMK T03000250 IEM_DS3505,M
VOTV,2004-05-24 06:40,76.9500,8.4667,86.00,77.00,74.61,290.00,9.00,M,29.85,M,4.00,M,M,M,M,M,M,M,M,M,M,M,M,M,M,M,M,97.15,VOTV 240640Z AUTO 29009KT 4SM 30/25 A2985 RMK T03000250 IEM_DS3505,M
VOTV,2004-05-24 09:40,76.9500,8.4667,86.00,77.00,74.61,290.00,10.00,M,29.80,M,5.00,M,M,M,M,M,M,M,M,M,M,M,M,M,M,M,M,97.15,VOTV 240940Z AUTO 29010KT 5SM 30/25 A2980 RMK T03000250 IEM_DS3505,M
VOTV,2004-05-24 11:40,76.9500,8.4667,80.60,77.00,88.83,290.00,5.00,M,29.80,M,5.00,M,M,M,M,M,M,M,M,M,M,M,M,M,M,M,M,87.10,VOTV 241140Z AUTO 29005KT 5SM 27/25 A2980 RMK T02700250 IEM_DS3505,M
VOTV,2004-05-24 12:40,76.9500,8.4667,82.40,75.20,78.90,290.00,4.00,M,29.80,M,4.00,M,M,M,M,M,M,M,M,M,M,M,M,M,M,M,M,89.48,VOTV 241240Z AUTO 29004KT 4SM 28/24 A2980 RMK T02800240 IEM_DS3505,M
VOTV,2004-05-24 13:40,76.9500,8.4667,80.60,75.20,83.66,270.00,4.00,M,29.80,M,4.00,M,M,M,M,M,M,M,M,M,M,M,M,M,M,M,M,86.17,VOTV 241340Z AUTO 27004KT 4SM 27/24 A2980 RMK T02700240 IEM_DS3505,M
VOTV,2004-05-24 14:40,76.9500,8.4667,80.60,77.00,88.83,320.00,2.00,M,29.83,M,4.00,M,M,M,M,M,M,M,M,M,M,M,M,M,M,M,M,87.10,VOTV 241440Z AUTO 32002KT 4SM 27/25 A2983 RMK T02700250 IEM_DS3505,M
VOTV,2004-05-24 17:40,76.9500,8.4667,78.80,75.20,88.75,320.00,4.00,M,29.85,M,2.50,M,M,M,M,M,M,M,M,M,M,M,M,M,M,M,M,82.38,VOTV 241740Z AUTO 32004KT 2 1/2SM 26/24 A2985 RMK T02600240 IEM_DS3505,M
VOTV,2004-05-25 01:40,76.9500,8.4667,78.80,73.40,83.55,0.00,0.00,M,29.83,M,2.50,M,M,M,M,M,M,M,M,M,M,M,M,M,M,M,M,82.03,VOTV 250140Z AUTO 00000KT 2 1/2SM 26/23 A2983 RMK T02600230 IEM_DS3505,M
VOTV,2004-05-25 02:40,76.9500,8.4667,82.40,75.20,78.90,340.00,3.00,M,29.83,M,4.00,M,M,M,M,M,M,M,M,M,M,M,M,M,M,M,M,89.48,VOTV 250240Z AUTO 34003KT 4SM 28/24 A2983 RMK T02800240 IEM_DS3505,M
VOTV,2004-05-25 03:40,76.9500,8.4667,84.20,75.20,74.44,340.00,4.00,M,29.85,M,4.00,M,M,M,M,M,M,M,M,M,M,M,M,M,M,M,M,92.45,VOTV 250340Z AUTO 34004KT 4SM 29/24 A2985 RMK T02900240 IEM_DS3505,M
VOTV,2004-05-25 04:40,76.9500,8.4667,86.00,75.20,70.27,280.00,7.00,M,29.85,M,5.00,M,M,M,M,M,M,M,M,M,M,M,M,M,M,M,M,95.19,VOTV 250440Z AUTO 28007KT 5SM 30/24 A2985 RMK T03000240 IEM_DS3505,M
VOTV,2004-05-25 07:40,76.9500,8.4667,86.00,75.20,70.27,280.00,8.00,M,29.83,M,5.00,M,M,M,M,M,M,M,M,M,M,M,M,M,M,M,M,95.19,VOTV 250740Z AUTO 28008KT 5SM 30/24 A2983 RMK T03000240 IEM_DS3505,M
VOTV,2004-05-25 08:40,76.9500,8.4667,M,M,M,280.00,8.00,M,M,M,5.00,M,M,M,M,M,M,M,M,M,M,M,M,M,M,M,M,M,VOTV 250840Z AUTO 28008KT 5SM RMK IEM_DS3505,M
VOTV,2004-05-25 09:40,76.9500,8.4667,M,M,M,300.00,10.00,M,M,M,5.00,M,M,M,M,M,M,M,M,M,M,M,M,M,M,M,M,M,VOTV 250940Z AUTO 30010KT 5SM RMK IEM_DS3505,M
VOTV,2004-05-25 10:40,76.9500,8.4667,M,M,M,290.00,8.00,M,M,M,5.00,M,M,M,M,M,M,M,M,M,M,M,M,M,M,M,M,M,VOTV 251040Z AUTO 29008KT 5SM RMK IEM_DS3505,M
VOTV,2004-05-25 11:40,76.9500,8.4667,M,M,M,290.00,8.00,M,M,M,5.00,M,M,M,M,M,M,M,M,M,M,M,M,M,M,M,M,M,VOTV 251140Z AUTO 29008KT 5SM RMK IEM_DS3505,M
VOTV,2004-05-25 13:40,76.9500,8.4667,M,M,M,0.00,0.00,M,M,M,2.50,M,M,M,M,M,M,M,M,M,M,M,M,M,M,M,M,M,VOTV 251340Z AUTO 00000KT 2 1/2SM RMK IEM_DS3505,M
VOTV,2004-05-25 14:40,76.9500,8.4667,M,M,M,0.00,0.00,M,M,M,2.50,M,M,M,M,M,M,M,M,M,M,M,M,M,M,M,M,M,VOTV 251440Z AUTO 00000KT 2 1/2SM RMK IEM_DS3505,M
VOTV,2004-05-25 21:40,76.9500,8.4667,M,M,M,0.00,0.00,M,M,M,2.00,M,M,M,M,M,M,M,M,M,M,M,M,M,M,M,M,M,VOTV 252140Z AUTO 00000KT 2SM RMK IEM_DS3505,M
VOTV,2004-05-26 00:40,76.9500,8.4667,M,M,M,0.00,0.00,M,M,M,2.00,M,M,M,M,M,M,M,M,M,M,M,M,M,M,M,M,M,VOTV 260040Z AUTO 00000KT 2SM RMK IEM_DS3505,M
VOTV,2004-05-26 01:40,76.9500,8.4667,M,M,M,0.00,0.00,M,M,M,2.00,M,M,M,M,M,M,M,M,M,M,M,M,M,M,M,M,M,VOTV 260140Z AUTO 00000KT 2SM RMK IEM_DS3505,M
VOTV,2004-05-26 02:40,76.9500,8.4667,M,M,M,0.00,0.00,M,M,M,2.00,M,M,M,M,M,M,M,M,M,M,M,M,M,M,M,M,M,VOTV 260240Z AUTO 00000KT 2SM RMK IEM_DS3505,M
VOTV,2004-05-26 03:40,76.9500,8.4667,M,M,M,0.00,0.00,M,M,M,2.50,M,M,M,M,M,M,M,M,M,M,M,M,M,M,M,M,M,VOTV 260340Z AUTO 00000KT 2 1/2SM RMK IEM_DS3505,M
VOTV,2004-05-26 04:40,76.9500,8.4667,M,M,M,320.00,6.00,M,M,M,2.50,M,M,M,M,M,M,M,M,M,M,M,M,M,M,M,M,M,VOTV 260440Z AUTO 32006KT 2 1/2SM RMK IEM_DS3505,M
VOTV,2004-05-26 06:40,76.9500,8.4667,M,M,M,340.00,10.00,M,M,M,4.00,M,M,M,M,M,M,M,M,M,M,M,M,M,M,M,M,M,VOTV 260640Z AUTO 34010KT 4SM RMK IEM_DS3505,M
VOTV,2004-05-26 07:40,76.9500,8.4667,M,M,M,290.00,8.00,M,M,M,4.00,M,M,M,M,M,M,M,M,M,M,M,M,M,M,M,M,M,VOTV 260740Z AUTO 29008KT 4SM RMK IEM_DS3505,M
VOTV,2004-05-26 08:40,76.9500,8.4667,M,M,M,280.00,8.00,M,M,M,4.00,M,M,M,M,M,M,M,M,M,M,M,M,M,M,M,M,M,VOTV 260840Z AUTO 28008KT 4SM RMK IEM_DS3505,M
VOTV,2004-05-26 09:40,76.9500,8.4667,M,M,M,280.00,8.00,M,M,M,4.00,M,M,M,M,M,M,M,M,M,M,M,M,M,M,M,M,M,VOTV 260940Z AUTO 28008KT 4SM RMK IEM_DS3505,M
VOTV,2004-05-26 10:40,76.9500,8.4667,M,M,M,270.00,4.00,M,M,M,4.00,M,M,M,M,M,M,M,M,M,M,M,M,M,M,M,M,M,VOTV 261040Z AUTO 27004KT 4SM RMK IEM_DS3505,M
VOTV,2004-05-26 11:40,76.9500,8.4667,M,M,M,270.00,4.00,M,M,M,4.00,M,M,M,M,M,M,M,M,M,M,M,M,M,M,M,M,M,VOTV 261140Z AUTO 27004KT 4SM RMK IEM_DS3505,M
VOTV,2004-05-26 15:40,76.9500,8.4667,M,M,M,0.00,0.00,M,M,M,2.50,M,M,M,M,M,M,M,M,M,M,M,M,M,M,M,M,M,VOTV 261540Z AUTO 00000KT 2 1/2SM RMK IEM_DS3505,M
VOTV,2004-05-26 17:40,76.9500,8.4667,M,M,M,0.00,0.00,M,M,M,2.50,M,M,M,M,M,M,M,M,M,M,M,M,M,M,M,M,M,VOTV 261740Z AUTO 00000KT 2 1/2SM RMK IEM_DS3505,M
VOTV,2004-05-27 00:40,76.9500,8.4667,77.00,75.20,94.19,300.00,5.00,M,29.83,M,1.25,M,M,M,M,M,M,M,M,M,M,M,M,M,M,M,M,78.83,VOTV 270040Z AUTO 30005KT 1 1/4SM 25/24 A2983 RMK T02500240 IEM_DS3505,M
VOTV,2004-05-27 01:40,76.9500,8.4667,M,M,M,350.00,5.00,M,M,M,1.25,M,M,M,M,M,M,M,M,M,M,M,M,M,M,M,M,M,VOTV 270140Z AUTO 35005KT 1 1/4SM RMK IEM_DS3505,M
VOTV,2004-05-27 04:40,76.9500,8.4667,M,M,M,310.00,5.00,M,M,M,3.00,M,M,M,M,M,M,M,M,M,M,M,M,M,M,M,M,M,VOTV 270440Z AUTO 31005KT 3SM RMK IEM_DS3505,M
VOTV,2004-05-27 05:40,76.9500,8.4667,M,M,M,340.00,7.00,M,M,M,3.00,M,M,M,M,M,M,M,M,M,M,M,M,M,M,M,M,M,VOTV 270540Z AUTO 34007KT 3SM RMK IEM_DS3505,M
VOTV,2004-05-27 08:40,76.9500,8.4667,M,M,M,320.00,6.00,M,M,M,3.00,M,M,M,M,M,M,M,M,M,M,M,M,M,M,M,M,M,VOTV 270840Z AUTO 32006KT 3SM RMK IEM_DS3505,M
VOTV,2004-05-27 09:40,76.9500,8.4667,M,M,M,290.00,10.00,M,M,M,3.00,M,M,M,M,M,M,M,M,M,M,M,M,M,M,M,M,M,VOTV 270940Z AUTO 29010KT 3SM RMK IEM_DS3505,M
VOTV,2004-05-27 10:40,76.9500,8.4667,M,M,M,290.00,10.00,M,M,M,3.00,M,M,M,M,M,M,M,M,M,M,M,M,M,M,M,M,M,VOTV 271040Z AUTO 29010KT 3SM RMK IEM_DS3505,M
VOTV,2004-05-27 11:40,76.9500,8.4667,M,M,M,320.00,8.00,M,M,M,3.00,M,M,M,M,M,M,M,M,M,M,M,M,M,M,M,M,M,VOTV 271140Z AUTO 32008KT 3SM RMK IEM_DS3505,M
VOTV,2004-05-27 12:40,76.9500,8.4667,M,M,M,300.00,7.00,M,M,M,3.00,M,M,M,M,M,M,M,M,M,M,M,M,M,M,M,M,M,VOTV 271240Z AUTO 30007KT 3SM RMK IEM_DS3505,M
VOTV,2004-05-27 14:40,76.9500,8.4667,M,M,M,360.00,8.00,M,M,M,2.50,M,M,M,M,M,M,M,M,M,M,M,M,M,M,M,M,M,VOTV 271440Z AUTO 36008KT 2 1/2SM RMK IEM_DS3505,M
VOTV,2004-05-27 15:40,76.9500,8.4667,M,M,M,330.00,6.00,M,M,M,2.50,M,M,M,M,M,M,M,M,M,M,M,M,M,M,M,M,M,VOTV 271540Z AUTO 33006KT 2 1/2SM RMK IEM_DS3505,M
VOTV,2004-05-27 18:40,76.9500,8.4667,M,M,M,340.00,5.00,M,M,M,2.50,M,M,M,M,M,M,M,M,M,M,M,M,M,M,M,M,M,VOTV 271840Z AUTO 34005KT 2 1/2SM RMK IEM_DS3505,M
VOTV,2004-05-28 00:40,76.9500,8.4667,M,M,M,350.00,5.00,M,M,M,2.50,M,M,M,M,M,M,M,M,M,M,M,M,M,M,M,M,M,VOTV 280040Z AUTO 35005KT 2 1/2SM RMK IEM_DS3505,M
VOTV,2004-05-28 01:40,76.9500,8.4667,M,M,M,340.00,4.00,M,M,M,2.50,M,M,M,M,M,M,M,M,M,M,M,M,M,M,M,M,M,VOTV 280140Z AUTO 34004KT 2 1/2SM RMK IEM_DS3505,M
VOTV,2004-05-28 02:40,76.9500,8.4667,M,M,M,340.00,5.00,M,M,M,3.00,M,M,M,M,M,M,M,M,M,M,M,M,M,M,M,M,M,VOTV 280240Z AUTO 34005KT 3SM RMK IEM_DS3505,M
VOTV,2004-05-28 03:40,76.9500,8.4667,M,M,M,340.00,7.00,M,M,M,3.00,M,M,M,M,M,M,M,M,M,M,M,M,M,M,M,M,M,VOTV 280340Z AUTO 34007KT 3SM RMK IEM_DS3505,M
VOTV,2004-05-28 04:40,76.9500,8.4667,M,M,M,290.00,7.00,M,M,M,3.00,M,M,M,M,M,M,M,M,M,M,M,M,M,M,M,M,M,VOTV 280440Z AUTO 29007KT 3SM RMK IEM_DS3505,M
VOTV,2004-05-28 06:40,76.9500,8.4667,86.00,77.00,74.61,270.00,7.00,M,29.83,M,4.00,M,M,M,M,M,M,M,M,M,M,M,M,M,M,M,M,97.15,VOTV 280640Z AUTO 27007KT 4SM 30/25 A2983 RMK T03000250 IEM_DS3505,M
VOTV,2004-05-28 07:40,76.9500,8.4667,84.20,75.20,74.44,290.00,8.00,M,29.80,M,5.00,M,M,M,M,M,M,M,M,M,M,M,M,M,M,M,M,92.45,VOTV 280740Z AUTO 29008KT 5SM 29/24 A2980 RMK T02900240 IEM_DS3505,M
VOTV,2004-05-28 08:40,76.9500,8.4667,84.20,75.20,74.44,270.00,12.00,M,29.77,M,5.00,M,M,M,M,M,M,M,M,M,M,M,M,M,M,M,M,92.45,VOTV 280840Z AUTO 27012KT 5SM 29/24 A2977 RMK T02900240 IEM_DS3505,M
VOTV,2004-05-28 09:40,76.9500,8.4667,82.40,75.20,78.90,310.00,8.00,M,29.77,M,5.00,M,M,M,M,M,M,M,M,M,M,M,M,M,M,M,M,89.48,VOTV 280940Z AUTO 31008KT 5SM 28/24 A2977 RMK T02800240 IEM_DS3505,M
VOTV,2004-05-28 10:40,76.9500,8.4667,84.20,77.00,79.04,280.00,10.00,M,29.77,M,5.00,M,M,M,M,M,M,M,M,M,M,M,M,M,M,M,M,94.16,VOTV 281040Z AUTO 28010KT 5SM 29/25 A2977 RMK T02900250 IEM_DS3505,M
VOTV,2004-05-28 11:40,76.9500,8.4667,84.20,75.20,74.44,280.00,8.00,M,29.77,M,5.00,M,M,M,M,M,M,M,M,M,M,M,M,M,M,M,M,92.45,VOTV 281140Z AUTO 28008KT 5SM 29/24 A2977 RMK T02900240 IEM_DS3505,M
VOTV,2004-05-28 12:40,76.9500,8.4667,82.40,77.00,83.77,270.00,8.00,M,29.77,M,4.00,M,M,M,M,M,M,M,M,M,M,M,M,M,M,M,M,90.85,VOTV 281240Z AUTO 27008KT 4SM 28/25 A2977 RMK T02800250 IEM_DS3505,M
VOTV,2004-05-28 13:40,76.9500,8.4667,82.40,77.00,83.77,290.00,4.00,M,29.80,M,4.00,M,M,M,M,M,M,M,M,M,M,M,M,M,M,M,M,90.85,VOTV 281340Z AUTO 29004KT 4SM 28/25 A2980 RMK T02800250 IEM_DS3505,M
VOTV,2004-05-28 14:40,76.9500,8.4667,82.40,77.00,83.77,290.00,6.00,M,29.80,M,2.50,M,M,M,M,M,M,M,M,M,M,M,M,M,M,M,M,90.85,VOTV 281440Z AUTO 29006KT 2 1/2SM 28/25 A2980 RMK T02800250 IEM_DS3505,M
VOTV,2004-05-28 15:40,76.9500,8.4667,80.60,77.00,88.83,280.00,3.00,M,29.83,M,2.50,M,M,M,M,M,M,M,M,M,M,M,M,M,M,M,M,87.10,VOTV 281540Z AUTO 28003KT 2 1/2SM 27/25 A2983 RMK T02700250 IEM_DS3505,M
VOTV,2004-05-28 16:40,76.9500,8.4667,80.60,77.00,88.83,300.00,3.00,M,29.83,M,2.50,M,M,M,M,M,M,M,M,M,M,M,M,M,M,M,M,87.10,VOTV 281640Z AUTO 30003KT 2 1/2SM 27/25 A2983 RMK T02700250 IEM_DS3505,M
VOTV,2004-05-28 23:40,76.9500,8.4667,78.80,75.20,88.75,0.00,0.00,M,29.74,M,2.50,M,M,M,M,M,M,M,M,M,M,M,M,M,M,M,M,82.38,VOTV 282340Z AUTO 00000KT 2 1/2SM 26/24 A2974 RMK T02600240 IEM_DS3505,M
VOTV,2004-05-29 00:40,76.9500,8.4667,78.80,75.20,88.75,0.00,0.00,M,29.77,M,2.50,M,M,M,M,M,M,M,M,M,M,M,M,M,M,M,M,82.38,VOTV 290040Z AUTO 00000KT 2 1/2SM 26/24 A2977 RMK T02600240 IEM_DS3505,M
VOTV,2004-05-29 05:40,76.9500,8.4667,84.20,77.00,79.04,290.00,6.00,M,29.83,M,5.00,M,M,M,M,M,M,M,M,M,M,M,M,M,M,M,M,94.16,VOTV 290540Z AUTO 29006KT 5SM 29/25 A2983 RMK T02900250 IEM_DS3505,M
VOTV,2004-05-29 06:40,76.9500,8.4667,86.00,77.00,74.61,300.00,9.00,M,29.80,M,5.00,M,M,M,M,M,M,M,M,M,M,M,M,M,M,M,M,97.15,VOTV 290640Z AUTO 30009KT 5SM 30/25 A2980 RMK T03000250 IEM_DS3505,M
VOTV,2004-05-29 07:40,76.9500,8.4667,M,M,M,280.00,8.00,M,M,M,5.00,M,M,M,M,M,M,M,M,M,M,M,M,M,M,M,M,M,VOTV 290740Z AUTO 28008KT 5SM RMK IEM_DS3505,M
VOTV,2004-05-29 08:40,76.9500,8.4667,M,M,M,290.00,10.00,M,M,M,5.00,M,M,M,M,M,M,M,M,M,M,M,M,M,M,M,M,M,VOTV 290840Z AUTO 29010KT 5SM RMK IEM_DS3505,M
VOTV,2004-05-29 09:40,76.9500,8.4667,M,M,M,300.00,12.00,M,M,M,4.00,M,M,M,M,M,M,M,M,M,M,M,M,M,M,M,M,M,VOTV 290940Z AUTO 30012KT 4SM RMK IEM_DS3505,M
VOTV,2004-05-29 10:40,76.9500,8.4667,M,M,M,290.00,10.00,M,M,M,4.00,M,M,M,M,M,M,M,M,M,M,M,M,M,M,M,M,M,VOTV 291040Z AUTO 29010KT 4SM RMK IEM_DS3505,M
VOTV,2004-05-29 11:40,76.9500,8.4667,M,M,M,290.00,10.00,M,M,M,4.00,M,M,M,M,M,M,M,M,M,M,M,M,M,M,M,M,M,VOTV 291140Z AUTO 29010KT 4SM RMK IEM_DS3505,M
VOTV,2004-05-29 12:40,76.9500,8.4667,82.40,77.00,83.77,290.00,8.00,M,29.74,M,4.00,M,M,M,M,M,M,M,M,M,M,M,M,M,M,M,M,90.85,VOTV 291240Z AUTO 29008KT 4SM 28/25 A2974 RMK T02800250 IEM_DS3505,M
VOTV,2004-05-29 13:40,76.9500,8.4667,82.40,78.80,88.90,290.00,8.00,M,29.77,M,4.00,M,M,M,M,M,M,M,M,M,M,M,M,M,M,M,M,92.40,VOTV 291340Z AUTO 29008KT 4SM 28/26 A2977 RMK T02800260 IEM_DS3505,M
VOTV,2004-05-29 21:40,76.9500,8.4667,M,M,M,340.00,6.00,M,M,M,4.00,M,M,M,M,M,M,M,M,M,M,M,M,M,M,M,M,M,VOTV 292140Z AUTO 34006KT 4SM RMK IEM_DS3505,M
VOTV,2004-05-30 00:40,76.9500,8.4667,M,M,M,340.00,3.00,M,M,M,2.50,M,M,M,M,M,M,M,M,M,M,M,M,M,M,M,M,M,VOTV 300040Z AUTO 34003KT 2 1/2SM RMK IEM_DS3505,M
VOTV,2004-05-30 01:40,76.9500,8.4667,M,M,M,0.00,0.00,M,M,M,2.50,M,M,M,M,M,M,M,M,M,M,M,M,M,M,M,M,M,VOTV 300140Z AUTO 00000KT 2 1/2SM RMK IEM_DS3505,M
VOTV,2004-05-30 02:40,76.9500,8.4667,M,M,M,290.00,5.00,M,M,M,2.50,M,M,M,M,M,M,M,M,M,M,M,M,M,M,M,M,M,VOTV 300240Z AUTO 29005KT 2 1/2SM RMK IEM_DS3505,M
VOTV,2004-05-30 04:40,76.9500,8.4667,82.40,75.20,78.90,0.00,0.00,M,29.83,M,4.00,M,M,M,M,M,M,M,M,M,M,M,M,M,M,M,M,89.48,VOTV 300440Z AUTO 00000KT 4SM 28/24 A2983 RMK T02800240 IEM_DS3505,M
VOTV,2004-05-30 05:40,76.9500,8.4667,84.20,77.00,79.04,260.00,6.00,M,29.83,M,4.00,M,M,M,M,M,M,M,M,M,M,M,M,M,M,M,M,94.16,VOTV 300540Z AUTO 26006KT 4SM 29/25 A2983 RMK T02900250 IEM_DS3505,M
VOTV,2004-05-30 06:40,76.9500,8.4667,84.20,75.20,74.44,290.00,10.00,M,29.83,M,4.00,M,M,M,M,M,M,M,M,M,M,M,M,M,M,M,M,92.45,VOTV 300640Z AUTO 29010KT 4SM 29/24 A2983 RMK T02900240 IEM_DS3505,M
VOTV,2004-05-30 07:40,76.9500,8.4667,84.20,75.20,74.44,290.00,9.00,M,29.80,M,5.00,M,M,M,M,M,M,M,M,M,M,M,M,M,M,M,M,92.45,VOTV 300740Z AUTO 29009KT 5SM 29/24 A2980 RMK T02900240 IEM_DS3505,M
VOTV,2004-05-30 09:40,76.9500,8.4667,84.20,77.00,79.04,270.00,10.00,M,29.74,M,5.00,M,M,M,M,M,M,M,M,M,M,M,M,M,M,M,M,94.16,VOTV 300940Z AUTO 27010KT 5SM 29/25 A2974 RMK T02900250 IEM_DS3505,M
VOTV,2004-05-30 10:40,76.9500,8.4667,84.20,77.00,79.04,280.00,12.00,M,29.74,M,5.00,M,M,M,M,M,M,M,M,M,M,M,M,M,M,M,M,94.16,VOTV 301040Z AUTO 28012KT 5SM 29/25 A2974 RMK T02900250 IEM_DS3505,M
VOTV,2004-05-30 11:40,76.9500,8.4667,84.20,77.00,79.04,290.00,10.00,M,29.74,M,5.00,M,M,M,M,M,M,M,M,M,M,M,M,M,M,M,M,94.16,VOTV 301140Z AUTO 29010KT 5SM 29/25 A2974 RMK T02900250 IEM_DS3505,M
VOTV,2004-05-30 12:40,76.9500,8.4667,82.40,77.00,83.77,300.00,8.00,M,29.77,M,4.00,M,M,M,M,M,M,M,M,M,M,M,M,M,M,M,M,90.85,VOTV 301240Z AUTO 30008KT 4SM 28/25 A2977 RMK T02800250 IEM_DS3505,M
VOTV,2004-05-30 15:40,76.9500,8.4667,80.60,77.00,88.83,0.00,0.00,M,29.80,M,2.50,M,M,M,M,M,M,M,M,M,M,M,M,M,M,M,M,87.10,VOTV 301540Z AUTO 00000KT 2 1/2SM 27/25 A2980 RMK T02700250 IEM_DS3505,M
VOTV,2004-05-30 16:40,76.9500,8.4667,80.60,77.00,88.83,0.00,0.00,M,29.83,M,2.50,M,M,M,M,M,M,M,M,M,M,M,M,M,M,M,M,87.10,VOTV 301640Z AUTO 00000KT 2 1/2SM 27/25 A2983 RMK T02700250 IEM_DS3505,M
VOTV,2004-05-31 00:40,76.9500,8.4667,78.80,77.00,94.23,0.00,0.00,M,29.80,M,2.50,M,M,M,M,M,M,M,M,M,M,M,M,M,M,M,M,82.75,VOTV 310040Z AUTO 00000KT 2 1/2SM 26/25 A2980 RMK T02600250 IEM_DS3505,M
VOTV,2004-05-31 01:40,76.9500,8.4667,78.80,77.00,94.23,0.00,0.00,M,29.83,M,2.50,M,M,M,M,M,M,M,M,M,M,M,M,M,M,M,M,82.75,VOTV 310140Z AUTO 00000KT 2 1/2SM 26/25 A2983 RMK T02600250 IEM_DS3505,M
VOTV,2004-05-31 03:40,76.9500,8.4667,84.20,77.00,79.04,340.00,5.00,M,29.83,M,4.00,M,M,M,M,M,M,M,M,M,M,M,M,M,M,M,M,94.16,VOTV 310340Z AUTO 34005KT 4SM 29/25 A2983 RMK T02900250 IEM_DS3505,M
VOTV,2004-05-31 04:40,76.9500,8.4667,84.20,75.20,74.44,290.00,7.00,M,29.83,M,5.00,M,M,M,M,M,M,M,M,M,M,M,M,M,M,M,M,92.45,VOTV 310440Z AUTO 29007KT 5SM 29/24 A2983 RMK T02900240 IEM_DS3505,M
VOTV,2004-05-31 05:40,76.9500,8.4667,86.00,73.40,66.15,300.00,11.00,M,29.83,M,M,M,M,M,M,M,M,M,M,M,M,M,M,M,M,M,M,93.45,VOTV 310540Z AUTO 30011KT 30/23 A2983 RMK T03000230 IEM_DS3505,M
VOTV,2004-05-31 06:40,76.9500,8.4667,86.00,77.00,74.61,290.00,10.00,M,29.83,M,5.00,M,M,M,M,M,M,M,M,M,M,M,M,M,M,M,M,97.15,VOTV 310640Z AUTO 29010KT 5SM 30/25 A2983 RMK T03000250 IEM_DS3505,M
VOTV,2004-05-31 07:40,76.9500,8.4667,84.20,77.00,79.04,280.00,6.00,M,29.80,M,5.00,M,M,M,M,M,M,M,M,M,M,M,M,M,M,M,M,94.16,VOTV 310740Z AUTO 28006KT 5SM 29/25 A2980 RMK T02900250 IEM_DS3505,M
VOTV,2004-05-31 08:40,76.9500,8.4667,86.00,77.00,74.61,270.00,6.00,M,29.77,M,5.00,M,M,M,M,M,M,M,M,M,M,M,M,M,M,M,M,97.15,VOTV 310840Z AUTO 27006KT 5SM 30/25 A2977 RMK T03000250 IEM_DS3505,M
VOTV,2004-05-31 10:40,76.9500,8.4667,M,M,M,280.00,6.00,M,M,M,5.00,M,M,M,M,M,M,M,M,M,M,M,M,M,M,M,M,M,VOTV 311040Z AUTO 28006KT 5SM RMK IEM_DS3505,M
VOTV,2004-05-31 11:40,76.9500,8.4667,86.00,77.00,74.61,280.00,6.00,M,29.74,M,5.00,M,M,M,M,M,M,M,M,M,M,M,M,M,M,M,M,97.15,VOTV 311140Z AUTO 28006KT 5SM 30/25 A2974 RMK T03000250 IEM_DS3505,M
VOTV,2004-05-31 12:40,76.9500,8.4667,86.00,77.00,74.61,280.00,6.00,M,29.77,M,5.00,M,M,M,M,M,M,M,M,M,M,M,M,M,M,M,M,97.15,VOTV 311240Z AUTO 28006KT 5SM 30/25 A2977 RMK T03000250 IEM_DS3505,M
VOTV,2004-06-01 00:40,76.9500,8.4667,78.80,75.20,88.75,0.00,0.00,M,29.80,M,2.50,M,M,M,M,M,M,M,M,M,M,M,M,M,M,M,M,82.38,VOTV 010040Z AUTO 00000KT 2 1/2SM 26/24 A2980 RMK T02600240 IEM_DS3505,M
VOTV,2004-06-01 01:40,76.9500,8.4667,80.60,75.20,83.66,0.00,0.00,M,29.83,M,2.50,M,M,M,M,M,M,M,M,M,M,M,M,M,M,M,M,86.17,VOTV 010140Z AUTO 00000KT 2 1/2SM 27/24 A2983 RMK T02700240 IEM_DS3505,M
VOTV,2004-06-01 03:40,76.9500,8.4667,84.20,75.20,74.44,340.00,6.00,M,29.85,M,4.00,M,M,M,M,M,M,M,M,M,M,M,M,M,M,M,M,92.45,VOTV 010340Z AUTO 34006KT 4SM 29/24 A2985 RMK T02900240 IEM_DS3505,M
VOTV,2004-06-01 04:40,76.9500,8.4667,M,M,M,290.00,8.00,M,M,M,4.00,M,M,M,M,M,M,M,M,M,M,M,M,M,M,M,M,M,VOTV 010440Z AUTO 29008KT 4SM RMK IEM_DS3505,M
VOTV,2004-06-01 05:40,76.9500,8.4667,M,M,M,290.00,8.00,M,M,M,5.00,M,M,M,M,M,M,M,M,M,M,M,M,M,M,M,M,M,VOTV 010540Z AUTO 29008KT 5SM RMK IEM_DS3505,M
VOTV,2004-06-01 06:40,76.9500,8.4667,M,M,M,280.00,10.00,M,M,M,5.00,M,M,M,M,M,M,M,M,M,M,M,M,M,M,M,M,M,VOTV 010640Z AUTO 28010KT 5SM RMK IEM_DS3505,M
VOTV,2004-06-01 08:40,76.9500,8.4667,M,M,M,300.00,8.00,M,M,M,M,M,M,M,M,M,M,M,M,M,M,M,M,M,M,M,M,M,VOTV 010840Z AUTO 30008KT RMK IEM_DS3505,M
VOTV,2004-06-01 16:40,76.9500,8.4667,M,M,M,0.00,0.00,M,M,M,2.50,M,M,M,M,M,M,M,M,M,M,M,M,M,M,M,M,M,VOTV 011640Z AUTO 00000KT 2 1/2SM RMK IEM_DS3505,M
VOTV,2004-06-01 17:40,76.9500,8.4667,M,M,M,0.00,0.00,M,M,M,2.50,M,M,M,M,M,M,M,M,M,M,M,M,M,M,M,M,M,VOTV 011740Z AUTO 00000KT 2 1/2SM RMK IEM_DS3505,M
VOTV,2004-06-02 00:40,76.9500,8.4667,M,M,M,0.00,0.00,M,M,M,2.50,M,M,M,M,M,M,M,M,M,M,M,M,M,M,M,M,M,VOTV 020040Z AUTO 00000KT 2 1/2SM RMK IEM_DS3505,M
VOTV,2004-06-02 04:40,76.9500,8.4667,M,M,M,290.00,6.00,M,M,M,4.00,M,M,M,M,M,M,M,M,M,M,M,M,M,M,M,M,M,VOTV 020440Z AUTO 29006KT 4SM RMK IEM_DS3505,M
VOTV,2004-06-02 07:40,76.9500,8.4667,86.00,77.00,74.61,290.00,10.00,M,29.83,M,5.00,M,M,M,M,M,M,M,M,M,M,M,M,M,M,M,M,97.15,VOTV 020740Z AUTO 29010KT 5SM 30/25 A2983 RMK T03000250 IEM_DS3505,M
VOTV,2004-06-02 08:40,76.9500,8.4667,86.00,77.00,74.61,280.00,12.00,M,29.80,M,5.00,M,M,M,M,M,M,M,M,M,M,M,M,M,M,M,M,97.15,VOTV 020840Z AUTO 28012KT 5SM 30/25 A2980 RMK T03000250 IEM_DS3505,M
VOTV,2004-06-02 09:40,76.9500,8.4667,M,M,M,270.00,12.00,M,M,M,5.00,M,M,M,M,M,M,M,M,M,M,M,M,M,M,M,M,M,VOTV 020940Z AUTO 27012KT 5SM RMK IEM_DS3505,M
VOTV,2004-06-02 10:40,76.9500,8.4667,M,M,M,260.00,10.00,M,M,M,5.00,M,M,M,M,M,M,M,M,M,M,M,M,M,M,M,M,M,VOTV 021040Z AUTO 26010KT 5SM RMK IEM_DS3505,M
VOTV,2004-06-02 12:40,76.9500,8.4667,M,M,M,270.00,6.00,M,M,M,4.00,M,M,M,M,M,M,M,M,M,M,M,M,M,M,M,M,M,VOTV 021240Z AUTO 27006KT 4SM RMK IEM_DS3505,M
VOTV,2004-06-02 13:40,76.9500,8.4667,M,M,M,290.00,8.00,M,M,M,3.00,M,M,M,M,M,M,M,M,M,M,M,M,M,M,M,M,M,VOTV 021340Z AUTO 29008KT 3SM RMK IEM_DS3505,M
VOTV,2004-06-02 15:40,76.9500,8.4667,M,M,M,0.00,0.00,M,M,M,2.50,M,M,M,M,M,M,M,M,M,M,M,M,M,M,M,M,M,VOTV 021540Z AUTO 00000KT 2 1/2SM RMK IEM_DS3505,M
VOTV,2004-06-02 23:40,76.9500,8.4667,M,M,M,0.00,0.00,M,M,M,2.00,M,M,M,M,M,M,M,M,M,M,M,M,M,M,M,M,M,VOTV 022340Z AUTO 00000KT 2SM RMK IEM_DS3505,M
VOTV,2004-06-03 00:40,76.9500,8.4667,M,M,M,0.00,0.00,M,M,M,2.00,M,M,M,M,M,M,M,M,M,M,M,M,M,M,M,M,M,VOTV 030040Z AUTO 00000KT 2SM RMK IEM_DS3505,M
VOTV,2004-06-03 01:40,76.9500,8.4667,M,M,M,0.00,0.00,M,M,M,2.00,M,M,M,M,M,M,M,M,M,M,M,M,M,M,M,M,M,VOTV 030140Z AUTO 00000KT 2SM RMK IEM_DS3505,M
VOTV,2004-06-03 02:40,76.9500,8.4667,M,M,M,0.00,0.00,M,M,M,2.50,M,M,M,M,M,M,M,M,M,M,M,M,M,M,M,M,M,VOTV 030240Z AUTO 00000KT 2 1/2SM RMK IEM_DS3505,M
VOTV,2004-06-03 03:40,76.9500,8.4667,M,M,M,340.00,6.00,M,M,M,3.00,M,M,M,M,M,M,M,M,M,M,M,M,M,M,M,M,M,VOTV 030340Z AUTO 34006KT 3SM RMK IEM_DS3505,M
VOTV,2004-06-03 04:40,76.9500,8.4667,M,M,M,270.00,8.00,M,M,M,3.00,M,M,M,M,M,M,M,M,M,M,M,M,M,M,M,M,M,VOTV 030440Z AUTO 27008KT 3SM RMK IEM_DS3505,M
VOTV,2004-06-03 05:40,76.9500,8.4667,M,M,M,290.00,10.00,M,M,M,3.00,M,M,M,M,M,M,M,M,M,M,M,M,M,M,M,M,M,VOTV 030540Z AUTO 29010KT 3SM RMK IEM_DS3505,M
VOTV,2004-06-03 07:40,76.9500,8.4667,M,M,M,290.00,10.00,M,M,M,3.00,M,M,M,M,M,M,M,M,M,M,M,M,M,M,M,M,M,VOTV 030740Z AUTO 29010KT 3SM RMK IEM_DS3505,M
VOTV,2004-06-03 09:40,76.9500,8.4667,M,M,M,360.00,4.00,M,M,M,1.00,M,M,M,M,M,M,M,M,M,M,M,M,M,M,M,M,M,VOTV 030940Z AUTO 36004KT 1SM RMK IEM_DS3505,M
VOTV,2004-06-03 10:40,76.9500,8.4667,M,M,M,0.00,0.00,M,M,M,1.00,M,M,M,M,M,M,M,M,M,M,M,M,M,M,M,M,M,VOTV 031040Z AUTO 00000KT 1SM RMK IEM_DS3505,M
VOTV,2004-06-03 11:40,76.9500,8.4667,M,M,M,260.00,4.00,M,M,M,1.00,M,M,M,M,M,M,M,M,M,M,M,M,M,M,M,M,M,VOTV 031140Z AUTO 26004KT 1SM RMK IEM_DS3505,M
VOTV,2004-06-03 12:40,76.9500,8.4667,M,M,M,290.00,6.00,M,M,M,1.00,M,M,M,M,M,M,M,M,M,M,M,M,M,M,M,M,M,VOTV 031240Z AUTO 29006KT 1SM RMK IEM_DS3505,M
VOTV,2004-06-03 13:40,76.9500,8.4667,M,M,M,10.00,6.00,M,M,M,1.00,M,M,M,M,M,M,M,M,M,M,M,M,M,M,M,M,M,VOTV 031340Z AUTO 01006KT 1SM RMK IEM_DS3505,M
VOTV,2004-06-03 23:40,76.9500,8.4667,M,M,M,340.00,6.00,M,M,M,1.25,M,M,M,M,M,M,M,M,M,M,M,M,M,M,M,M,M,VOTV 032340Z AUTO 34006KT 1 1/4SM RMK IEM_DS3505,M
VOTV,2004-06-04 01:40,76.9500,8.4667,M,M,M,320.00,9.00,M,M,M,2.50,M,M,M,M,M,M,M,M,M,M,M,M,M,M,M,M,M,VOTV 040140Z AUTO 32009KT 2 1/2SM RMK IEM_DS3505,M
VOTV,2004-06-04 02:40,76.9500,8.4667,80.60,73.40,78.76,320.00,7.00,M,29.83,M,4.00,M,M,M,M,M,M,M,M,M,M,M,M,M,M,M,M,85.32,VOTV 040240Z AUTO 32007KT 4SM 27/23 A2983 RMK T02700230 IEM_DS3505,M
VOTV,2004-06-04 03:40,76.9500,8.4667,82.40,75.20,78.90,330.00,8.00,M,29.83,M,5.00,M,M,M,M,M,M,M,M,M,M,M,M,M,M,M,M,89.48,VOTV 040340Z AUTO 33008KT 5SM 28/24 A2983 RMK T02800240 IEM_DS3505,M
VOTV,2004-06-04 04:40,76.9500,8.4667,86.00,75.20,70.27,340.00,8.00,M,29.83,M,5.00,M,M,M,M,M,M,M,M,M,M,M,M,M,M,M,M,95.19,VOTV 040440Z AUTO 34008KT 5SM 30/24 A2983 RMK T03000240 IEM_DS3505,M
VOTV,2004-06-04 05:40,76.9500,8.4667,86.00,77.00,74.61,270.00,10.00,M,29.83,M,5.00,M,M,M,M,M,M,M,M,M,M,M,M,M,M,M,M,97.15,VOTV 040540Z AUTO 27010KT 5SM 30/25 A2983 RMK T03000250 IEM_DS3505,M
VOTV,2004-06-04 06:40,76.9500,8.4667,M,M,M,280.00,14.00,M,M,M,5.00,M,M,M,M,M,M,M,M,M,M,M,M,M,M,M,M,M,VOTV 040640Z AUTO 28014KT 5SM RMK IEM_DS3505,M
VOTV,2004-06-04 07:40,76.9500,8.4667,M,M,M,290.00,10.00,M,M,M,5.00,M,M,M,M,M,M,M,M,M,M,M,M,M,M,M,M,M,VOTV 040740Z AUTO 29010KT 5SM RMK IEM_DS3505,M
VOTV,2004-06-04 08:40,76.9500,8.4667,86.00,77.00,74.61,300.00,10.00,M,29.77,M,5.00,M,M,M,M,M,M,M,M,M,M,M,M,M,M,M,M,97.15,VOTV 040840Z AUTO 30010KT 5SM 30/25 A2977 RMK T03000250 IEM_DS3505,M
VOTV,2004-06-04 12:40,76.9500,8.4667,80.60,77.00,88.83,290.00,8.00,M,29.77,M,4.00,M,M,M,M,M,M,M,M,M,M,M,M,M,M,M,M,87.10,VOTV 041240Z AUTO 29008KT 4SM 27/25 A2977 RMK T02700250 IEM_DS3505,M
VOTV,2004-06-04 14:40,76.9500,8.4667,M,M,M,360.00,6.00,M,M,M,4.00,M,M,M,M,M,M,M,M,M,M,M,M,M,M,M,M,M,VOTV 041440Z AUTO 36006KT 4SM RMK IEM_DS3505,M
VOTV,2004-06-04 23:40,76.9500,8.4667,M,M,M,M,M,M,M,M,2.00,M,M,M,M,M,M,M,M,M,M,M,M,M,M,M,M,M,VOTV 042340Z AUTO 2SM RMK IEM_DS3505,M
VOTV,2004-06-05 00:40,76.9500,8.4667,M,M,M,340.00,10.00,M,M,M,2.00,M,M,M,M,M,M,M,M,M,M,M,M,M,M,M,M,M,VOTV 050040Z AUTO 34010KT 2SM RMK IEM_DS3505,M
VOTV,2004-06-05 01:40,76.9500,8.4667,M,M,M,320.00,10.00,M,M,M,2.50,M,M,M,M,M,M,M,M,M,M,M,M,M,M,M,M,M,VOTV 050140Z AUTO 32010KT 2 1/2SM RMK IEM_DS3505,M
VOTV,2004-06-05 02:40,76.9500,8.4667,M,M,M,340.00,10.00,M,M,M,2.00,M,M,M,M,M,M,M,M,M,M,M,M,M,M,M,M,M,VOTV 050240Z AUTO 34010KT 2SM RMK IEM_DS3505,M
VOTV,2004-06-05 03:40,76.9500,8.4667,77.00,73.40,88.67,340.00,6.00,M,29.88,M,2.00,M,M,M,M,M,M,M,M,M,M,M,M,M,M,M,M,78.57,VOTV 050340Z AUTO 34006KT 2SM 25/23 A2988 RMK T02500230 IEM_DS3505,M
VOTV,2004-06-05 05:40,76.9500,8.4667,M,M,M,320.00,8.00,M,M,M,4.00,M,M,M,M,M,M,M,M,M,M,M,M,M,M,M,M,M,VOTV 050540Z AUTO 32008KT 4SM RMK IEM_DS3505,M
VOTV,2004-06-05 06:40,76.9500,8.4667,M,M,M,270.00,8.00,M,M,M,4.00,M,M,M,M,M,M,M,M,M,M,M,M,M,M,M,M,M,VOTV 050640Z AUTO 27008KT 4SM RMK IEM_DS3505,M
VOTV,2004-06-05 14:40,76.9500,8.4667,M,M,M,0.00,0.00,M,M,M,2.00,M,M,M,M,M,M,M,M,M,M,M,M,M,M,M,M,M,VOTV 051440Z AUTO 00000KT 2SM RMK IEM_DS3505,M
VOTV,2004-06-05 15:40,76.9500,8.4667,M,M,M,350.00,3.00,M,M,M,2.00,M,M,M,M,M,M,M,M,M,M,M,M,M,M,M,M,M,VOTV 051540Z AUTO 35003KT 2SM RMK IEM_DS3505,M
VOTV,2004-06-05 16:40,76.9500,8.4667,M,M,M,20.00,4.00,M,M,M,2.00,M,M,M,M,M,M,M,M,M,M,M,M,M,M,M,M,M,VOTV 051640Z AUTO 02004KT 2SM RMK IEM_DS3505,M
VOTV,2004-06-05 18:40,76.9500,8.4667,M,M,M,340.00,12.00,M,M,M,2.00,M,M,M,M,M,M,M,M,M,M,M,M,M,M,M,M,M,VOTV 051840Z AUTO 34012KT 2SM RMK IEM_DS3505,M
VOTV,2004-06-06 00:40,76.9500,8.4667,M,M,M,340.00,6.00,M,M,M,2.00,M,M,M,M,M,M,M,M,M,M,M,M,M,M,M,M,M,VOTV 060040Z AUTO 34006KT 2SM RMK IEM_DS3505,M
VOTV,2004-06-06 03:40,76.9500,8.4667,82.40,71.60,69.90,350.00,10.00,M,29.83,M,M,M,M,M,M,M,M,M,M,M,M,M,M,M,M,M,M,87.18,VOTV 060340Z AUTO 35010KT 28/22 A2983 RMK T02800220 IEM_DS3505,M
VOTV,2004-06-06 05:40,76.9500,8.4667,M,M,M,290.00,7.00,M,M,M,4.00,17.00,M,M,M,M,M,M,M,M,M,M,M,M,M,M,M,M,VOTV 060540Z AUTO 29007G17KT 4SM RMK IEM_DS3505,M
VOTV,2004-06-06 07:40,76.9500,8.4667,84.20,73.40,70.08,260.00,12.00,M,29.83,M,5.00,M,M,M,M,M,M,M,M,M,M,M,M,M,M,M,M,90.94,VOTV 060740Z AUTO 26012KT 5SM 29/23 A2983 RMK T02900230 IEM_DS3505,M
VOTV,2004-06-06 08:40,76.9500,8.4667,82.40,77.00,83.77,290.00,10.00,M,29.80,M,5.00,M,M,M,M,M,M,M,M,M,M,M,M,M,M,M,M,90.85,VOTV 060840Z AUTO 29010KT 5SM 28/25 A2980 RMK T02800250 IEM_DS3505,M
VOTV,2004-06-06 09:40,76.9500,8.4667,82.40,75.20,78.90,330.00,7.00,M,29.80,M,5.00,M,M,M,M,M,M,M,M,M,M,M,M,M,M,M,M,89.48,VOTV 060940Z AUTO 33007KT 5SM 28/24 A2980 RMK T02800240 IEM_DS3505,M
VOTV,2004-06-06 10:40,76.9500,8.4667,M,M,M,300.00,12.00,M,M,M,5.00,M,M,M,M,M,M,M,M,M,M,M,M,M,M,M,M,M,VOTV 061040Z AUTO 30012KT 5SM RMK IEM_DS3505,M
VOTV,2004-06-06 11:40,76.9500,8.4667,M,M,M,290.00,10.00,M,M,M,5.00,M,M,M,M,M,M,M,M,M,M,M,M,M,M,M,M,M,VOTV 061140Z AUTO 29010KT 5SM RMK IEM_DS3505,M
VOTV,2004-06-06 12:40,76.9500,8.4667,M,M,M,300.00,11.00,M,M,M,1.50,M,M,M,M,M,M,M,M,M,M,M,M,M,M,M,M,M,VOTV 061240Z AUTO 30011KT 1 1/2SM RMK IEM_DS3505,M
VOTV,2004-06-06 13:40,76.9500,8.4667,M,M,M,350.00,4.00,M,M,M,1.50,M,M,M,M,M,M,M,M,M,M,M,M,M,M,M,M,M,VOTV 061340Z AUTO 35004KT 1 1/2SM RMK IEM_DS3505,M
VOTV,2004-06-06 22:40,76.9500,8.4667,77.00,73.40,88.67,0.00,0.00,M,29.80,M,2.00,M,M,M,M,M,M,M,M,M,M,M,M,M,M,M,M,78.57,VOTV 062240Z AUTO 00000KT 2SM 25/23 A2980 RMK T02500230 IEM_DS3505,M
VOTV,2004-06-07 00:40,76.9500,8.4667,M,M,M,300.00,3.00,M,M,M,1.50,M,M,M,M,M,M,M,M,M,M,M,M,M,M,M,M,M,VOTV 070040Z AUTO 30003KT 1 1/2SM RMK IEM_DS3505,M
VOTV,2004-06-07 01:40,76.9500,8.4667,M,M,M,310.00,12.00,M,M,M,1.25,M,M,M,M,M,M,M,M,M,M,M,M,M,M,M,M,M,VOTV 070140Z AUTO 31012KT 1 1/4SM RMK IEM_DS3505,M
VOTV,2004-06-07 03:40,76.9500,8.4667,77.00,73.40,88.67,0.00,0.00,M,29.85,M,2.00,M,M,M,M,M,M,M,M,M,M,M,M,M,M,M,M,78.57,VOTV 070340Z AUTO 00000KT 2SM 25/23 A2985 RMK T02500230 IEM_DS3505,M
VOTV,2004-06-07 05:40,76.9500,8.4667,80.60,77.00,88.83,10.00,5.00,M,29.83,M,4.00,M,M,M,M,M,M,M,M,M,M,M,M,M,M,M,M,87.10,VOTV 070540Z AUTO 01005KT 4SM 27/25 A2983 RMK T02700250 IEM_DS3505,M
VOTV,2004-06-07 06:40,76.9500,8.4667,M,M,M,320.00,4.00,M,M,M,4.00,M,M,M,M,M,M,M,M,M,M,M,M,M,M,M,M,M,VOTV 070640Z AUTO 32004KT 4SM RMK IEM_DS3505,M
VOTV,2004-06-07 10:40,76.9500,8.4667,M,M,M,320.00,34.00,M,M,M,4.00,M,M,M,M,M,M,M,M,M,M,M,M,M,M,M,M,M,VOTV 071040Z AUTO 32034KT 4SM RMK IEM_DS3505,M
VOTV,2004-06-07 12:40,76.9500,8.4667,M,M,M,260.00,6.00,M,M,M,1.50,M,M,M,M,M,M,M,M,M,M,M,M,M,M,M,M,M,VOTV 071240Z AUTO 26006KT 1 1/2SM RMK IEM_DS3505,M
VOTV,2004-06-07 13:40,76.9500,8.4667,M,M,M,10.00,3.00,M,M,M,1.50,M,M,M,M,M,M,M,M,M,M,M,M,M,M,M,M,M,VOTV 071340Z AUTO 01003KT 1 1/2SM RMK IEM_DS3505,M
VOTV,2004-06-07 15:40,76.9500,8.4667,M,M,M,0.00,0.00,M,M,M,1.50,M,M,M,M,M,M,M,M,M,M,M,M,M,M,M,M,M,VOTV 071540Z AUTO 00000KT 1 1/2SM RMK IEM_DS3505,M
VOTV,2004-06-08 01:40,76.9500,8.4667,M,M,M,0.00,0.00,M,M,M,2.50,M,M,M,M,M,M,M,M,M,M,M,M,M,M,M,M,M,VOTV 080140Z AUTO 00000KT 2 1/2SM RMK IEM_DS3505,M
VOTV,2004-06-08 03:40,76.9500,8.4667,M,M,M,330.00,4.00,M,M,M,4.00,M,M,M,M,M,M,M,M,M,M,M,M,M,M,M,M,M,VOTV 080340Z AUTO 33004KT 4SM RMK IEM_DS3505,M
VOTV,2004-06-08 04:40,76.9500,8.4667,M,M,M,340.00,8.00,M,M,M,4.00,M,M,M,M,M,M,M,M,M,M,M,M,M,M,M,M,M,VOTV 080440Z AUTO 34008KT 4SM RMK IEM_DS3505,M
VOTV,2004-06-08 05:40,76.9500,8.4667,M,M,M,310.00,11.00,M,M,M,1.50,M,M,M,M,M,M,M,M,M,M,M,M,M,M,M,M,M,VOTV 080540Z AUTO 31011KT 1 1/2SM RMK IEM_DS3505,M
VOTV,2004-06-08 06:40,76.9500,8.4667,M,M,M,290.00,8.00,M,M,M,4.00,M,M,M,M,M,M,M,M,M,M,M,M,M,M,M,M,M,VOTV 080640Z AUTO 29008KT 4SM RMK IEM_DS3505,M
VOTV,2004-06-08 07:40,76.9500,8.4667,M,M,M,290.00,12.00,M,M,M,4.00,M,M,M,M,M,M,M,M,M,M,M,M,M,M,M,M,M,VOTV 080740Z AUTO 29012KT 4SM RMK IEM_DS3505,M
VOTV,2004-06-08 08:40,76.9500,8.4667,M,M,M,280.00,8.00,M,M,M,4.00,M,M,M,M,M,M,M,M,M,M,M,M,M,M,M,M,M,VOTV 080840Z AUTO 28008KT 4SM RMK IEM_DS3505,M
VOTV,2004-06-08 10:40,76.9500,8.4667,M,M,M,270.00,8.00,M,M,M,4.00,M,M,M,M,M,M,M,M,M,M,M,M,M,M,M,M,M,VOTV 081040Z AUTO 27008KT 4SM RMK IEM_DS3505,M
VOTV,2004-06-08 11:40,76.9500,8.4667,M,M,M,280.00,5.00,M,M,M,4.00,M,M,M,M,M,M,M,M,M,M,M,M,M,M,M,M,M,VOTV 081140Z AUTO 28005KT 4SM RMK IEM_DS3505,M
VOTV,2004-06-08 13:40,76.9500,8.4667,M,M,M,300.00,10.00,M,M,M,4.00,20.00,M,M,M,M,M,M,M,M,M,M,M,M,M,M,M,M,VOTV 081340Z AUTO 30010G20KT 4SM RMK IEM_DS3505,M
VOTV,2004-06-08 14:40,76.9500,8.4667,M,M,M,310.00,12.00,M,M,M,4.00,M,M,M,M,M,M,M,M,M,M,M,M,M,M,M,M,M,VOTV 081440Z AUTO 31012KT 4SM RMK IEM_DS3505,M
VOTV,2004-06-08 15:40,76.9500,8.4667,M,M,M,300.00,8.00,M,M,M,2.00,M,M,M,M,M,M,M,M,M,M,M,M,M,M,M,M,M,VOTV 081540Z AUTO 30008KT 2SM RMK IEM_DS3505,M
VOTV,2004-06-09 00:40,76.9500,8.4667,75.20,73.40,94.14,0.00,0.00,M,29.83,M,2.00,M,M,M,M,M,M,M,M,M,M,M,M,M,M,M,M,76.84,VOTV 090040Z AUTO 00000KT 2SM 24/23 A2983 RMK T02400230 IEM_DS3505,M
VOTV,2004-06-09 01:40,76.9500,8.4667,M,M,M,0.00,0.00,M,M,M,2.00,M,M,M,M,M,M,M,M,M,M,M,M,M,M,M,M,M,VOTV 090140Z AUTO 00000KT 2SM RMK IEM_DS3505,M
VOTV,2004-06-09 02:40,76.9500,8.4667,M,M,M,340.00,6.00,M,M,M,2.00,M,M,M,M,M,M,M,M,M,M,M,M,M,M,M,M,M,VOTV 090240Z AUTO 34006KT 2SM RMK IEM_DS3505,M
VOTV,2004-06-09 03:40,76.9500,8.4667,M,M,M,0.00,0.00,M,M,M,2.00,M,M,M,M,M,M,M,M,M,M,M,M,M,M,M,M,M,VOTV 090340Z AUTO 00000KT 2SM RMK IEM_DS3505,M
VOTV,2004-06-09 04:40,76.9500,8.4667,M,M,M,0.00,0.00,M,M,M,4.00,M,M,M,M,M,M,M,M,M,M,M,M,M,M,M,M,M,VOTV 090440Z AUTO 00000KT 4SM RMK IEM_DS3505,M
VOTV,2004-06-09 05:40,76.9500,8.4667,82.40,77.00,83.77,290.00,6.00,0.00,29.85,M,3.73,M,SCT,BKN,M,M,1800.00,10000.00,M,M,M,M,M,M,M,M,M,90.85,VOTV 090540Z 29006KT 6000 SCT018 FEW025CB(NW/S) BKN100 28/25 Q 1011 NO SIG,M
VOTV,2004-06-09 06:40,76.9500,8.4667,M,M,M,250.00,6.00,M,M,M,4.00,M,M,M,M,M,M,M,M,M,M,M,M,M,M,M,M,M,VOTV 090640Z AUTO 25006KT 4SM RMK IEM_DS3505,M
VOTV,2004-06-09 08:40,76.9500,8.4667,M,M,M,260.00,7.00,M,M,M,3.00,M,M,M,M,M,M,M,M,M,M,M,M,M,M,M,M,M,VOTV 090840Z AUTO 26007KT 3SM RMK IEM_DS3505,M
VOTV,2004-06-09 14:40,76.9500,8.4667,M,M,M,0.00,0.00,M,M,M,1.50,M,M,M,M,M,M,M,M,M,M,M,M,M,M,M,M,M,VOTV 091440Z AUTO 00000KT 1 1/2SM RMK IEM_DS3505,M
VOTV,2004-06-09 16:40,76.9500,8.4667,M,M,M,0.00,0.00,M,M,M,2.00,M,M,M,M,M,M,M,M,M,M,M,M,M,M,M,M,M,VOTV 091640Z AUTO 00000KT 2SM RMK IEM_DS3505,M
VOTV,2004-06-09 23:40,76.9500,8.4667,M,M,M,0.00,0.00,M,M,M,2.00,M,M,M,M,M,M,M,M,M,M,M,M,M,M,M,M,M,VOTV 092340Z AUTO 00000KT 2SM RMK IEM_DS3505,M
VOTV,2004-06-10 00:40,76.9500,8.4667,75.20,73.40,94.14,0.00,0.00,M,29.77,M,2.50,M,M,M,M,M,M,M,M,M,M,M,M,M,M,M,M,76.84,VOTV 100040Z AUTO 00000KT 2 1/2SM 24/23 A2977 RMK T02400230 IEM_DS3505,M
VOTV,2004-06-10 02:40,76.9500,8.4667,78.80,75.20,88.75,10.00,4.00,M,29.80,M,2.50,M,M,M,M,M,M,M,M,M,M,M,M,M,M,M,M,82.38,VOTV 100240Z AUTO 01004KT 2 1/2SM 26/24 A2980 RMK T02600240 IEM_DS3505,M
VOTV,2004-06-10 09:40,76.9500,8.4667,M,M,M,320.00,5.00,M,M,M,2.00,M,M,M,M,M,M,M,M,M,M,M,M,M,M,M,M,M,VOTV 100940Z AUTO 32005KT 2SM RMK IEM_DS3505,M
VOTV,2004-06-10 10:40,76.9500,8.4667,M,M,M,340.00,4.00,M,M,M,2.00,M,M,M,M,M,M,M,M,M,M,M,M,M,M,M,M,M,VOTV 101040Z AUTO 34004KT 2SM RMK IEM_DS3505,M
VOTV,2004-06-10 11:40,76.9500,8.4667,M,M,M,310.00,7.00,M,M,M,2.00,M,M,M,M,M,M,M,M,M,M,M,M,M,M,M,M,M,VOTV 101140Z AUTO 31007KT 2SM RMK IEM_DS3505,M
VOTV,2004-06-10 12:40,76.9500,8.4667,M,M,M,340.00,5.00,M,M,M,2.00,M,M,M,M,M,M,M,M,M,M,M,M,M,M,M,M,M,VOTV 101240Z AUTO 34005KT 2SM RMK IEM_DS3505,M
VOTV,2004-06-10 13:40,76.9500,8.4667,M,M,M,0.00,0.00,M,M,M,2.00,M,M,M,M,M,M,M,M,M,M,M,M,M,M,M,M,M,VOTV 101340Z AUTO 00000KT 2SM RMK IEM_DS3505,M
VOTV,2004-06-10 15:40,76.9500,8.4667,M,M,M,0.00,0.00,M,M,M,2.00,M,M,M,M,M,M,M,M,M,M,M,M,M,M,M,M,M,VOTV 101540Z AUTO 00000KT 2SM RMK IEM_DS3505,M
VOTV,2004-06-10 17:40,76.9500,8.4667,M,M,M,0.00,0.00,M,M,M,2.00,M,M,M,M,M,M,M,M,M,M,M,M,M,M,M,M,M,VOTV 101740Z AUTO 00000KT 2SM RMK IEM_DS3505,M
VOTV,2004-06-11 00:40,76.9500,8.4667,M,M,M,0.00,0.00,M,M,M,1.50,M,M,M,M,M,M,M,M,M,M,M,M,M,M,M,M,M,VOTV 110040Z AUTO 00000KT 1 1/2SM RMK IEM_DS3505,M
VOTV,2004-06-11 01:40,76.9500,8.4667,M,M,M,0.00,0.00,M,M,M,1.50,M,M,M,M,M,M,M,M,M,M,M,M,M,M,M,M,M,VOTV 110140Z AUTO 00000KT 1 1/2SM RMK IEM_DS3505,M
VOTV,2004-06-11 05:40,76.9500,8.4667,M,M,M,290.00,5.00,M,M,M,5.00,M,M,M,M,M,M,M,M,M,M,M,M,M,M,M,M,M,VOTV 110540Z AUTO 29005KT 5SM RMK IEM_DS3505,M
VOTV,2004-06-11 06:40,76.9500,8.4667,M,M,M,280.00,10.00,M,M,M,5.00,M,M,M,M,M,M,M,M,M,M,M,M,M,M,M,M,M,VOTV 110640Z AUTO 28010KT 5SM RMK IEM_DS3505,M
VOTV,2004-06-11 07:40,76.9500,8.4667,M,M,M,290.00,8.00,M,M,M,5.00,M,M,M,M,M,M,M,M,M,M,M,M,M,M,M,M,M,VOTV 110740Z AUTO 29008KT 5SM RMK IEM_DS3505,M
VOTV,2004-06-11 08:40,76.9500,8.4667,M,M,M,290.00,9.00,M,M,M,4.00,M,M,M,M,M,M,M,M,M,M,M,M,M,M,M,M,M,VOTV 110840Z AUTO 29009KT 4SM RMK IEM_DS3505,M
VOTV,2004-06-11 09:40,76.9500,8.4667,M,M,M,290.00,8.00,M,M,M,1.50,M,M,M,M,M,M,M,M,M,M,M,M,M,M,M,M,M,VOTV 110940Z AUTO 29008KT 1 1/2SM RMK IEM_DS3505,M
VOTV,2004-06-11 10:40,76.9500,8.4667,M,M,M,290.00,7.00,M,M,M,1.50,M,M,M,M,M,M,M,M,M,M,M,M,M,M,M,M,M,VOTV 111040Z AUTO 29007KT 1 1/2SM RMK IEM_DS3505,M
VOTV,2004-06-11 11:40,76.9500,8.4667,M,M,M,290.00,7.00,M,M,M,1.25,M,M,M,M,M,M,M,M,M,M,M,M,M,M,M,M,M,VOTV 111140Z AUTO 29007KT 1 1/4SM RMK IEM_DS3505,M
VOTV,2004-06-11 12:40,76.9500,8.4667,M,M,M,290.00,7.00,M,M,M,1.25,M,M,M,M,M,M,M,M,M,M,M,M,M,M,M,M,M,VOTV 111240Z AUTO 29007KT 1 1/4SM RMK IEM_DS3505,M
VOTV,2004-06-11 13:40,76.9500,8.4667,M,M,M,290.00,6.00,M,M,M,1.25,M,M,M,M,M,M,M,M,M,M,M,M,M,M,M,M,M,VOTV 111340Z AUTO 29006KT 1 1/4SM RMK IEM_DS3505,M
VOTV,2004-06-12 05:40,76.9500,8.4667,M,M,M,290.00,6.00,M,M,M,3.00,M,M,M,M,M,M,M,M,M,M,M,M,M,M,M,M,M,VOTV 120540Z AUTO 29006KT 3SM RMK IEM_DS3505,M
VOTV,2004-06-12 06:40,76.9500,8.4667,M,M,M,270.00,8.00,M,M,M,3.00,M,M,M,M,M,M,M,M,M,M,M,M,M,M,M,M,M,VOTV 120640Z AUTO 27008KT 3SM RMK IEM_DS3505,M
VOTV,2004-06-12 08:40,76.9500,8.4667,M,M,M,310.00,7.00,M,M,M,1.25,M,M,M,M,M,M,M,M,M,M,M,M,M,M,M,M,M,VOTV 120840Z AUTO 31007KT 1 1/4SM RMK IEM_DS3505,M
VOTV,2004-06-12 09:40,76.9500,8.4667,M,M,M,310.00,12.00,M,M,M,1.00,M,M,M,M,M,M,M,M,M,M,M,M,M,M,M,M,M,VOTV 120940Z AUTO 31012KT 1SM RMK IEM_DS3505,M
VOTV,2004-06-12 10:40,76.9500,8.4667,M,M,M,290.00,4.00,M,M,M,1.25,M,M,M,M,M,M,M,M,M,M,M,M,M,M,M,M,M,VOTV 121040Z AUTO 29004KT 1 1/4SM RMK IEM_DS3505,M
VOTV,2004-06-12 13:40,76.9500,8.4667,78.80,75.20,88.75,0.00,0.00,M,29.77,M,2.50,M,M,M,M,M,M,M,M,M,M,M,M,M,M,M,M,82.38,VOTV 121340Z AUTO 00000KT 2 1/2SM 26/24 A2977 RMK T02600240 IEM_DS3505,M
VOTV,2004-06-12 14:40,76.9500,8.4667,M,M,M,310.00,12.00,M,M,M,2.00,M,M,M,M,M,M,M,M,M,M,M,M,M,M,M,M,M,VOTV 121440Z AUTO 31012KT 2SM RMK IEM_DS3505,M
VOTV,2004-06-12 15:40,76.9500,8.4667,M,M,M,320.00,5.00,M,M,M,2.00,M,M,M,M,M,M,M,M,M,M,M,M,M,M,M,M,M,VOTV 121540Z AUTO 32005KT 2SM RMK IEM_DS3505,M
VOTV,2004-06-12 19:40,76.9500,8.4667,M,M,M,320.00,5.00,M,M,M,2.00,M,M,M,M,M,M,M,M,M,M,M,M,M,M,M,M,M,VOTV 121940Z AUTO 32005KT 2SM RMK IEM_DS3505,M
VOTV,2004-06-13 01:40,76.9500,8.4667,M,M,M,330.00,6.00,M,M,M,2.00,M,M,M,M,M,M,M,M,M,M,M,M,M,M,M,M,M,VOTV 130140Z AUTO 33006KT 2SM RMK IEM_DS3505,M
VOTV,2004-06-13 02:40,76.9500,8.4667,M,M,M,340.00,5.00,M,M,M,2.00,M,M,M,M,M,M,M,M,M,M,M,M,M,M,M,M,M,VOTV 130240Z AUTO 34005KT 2SM RMK IEM_DS3505,M
VOTV,2004-06-13 03:40,76.9500,8.4667,80.60,75.20,83.66,0.00,0.00,M,29.80,M,2.50,M,M,M,M,M,M,M,M,M,M,M,M,M,M,M,M,86.17,VOTV 130340Z AUTO 00000KT 2 1/2SM 27/24 A2980 RMK T02700240 IEM_DS3505,M
VOTV,2004-06-13 04:40,76.9500,8.4667,82.40,75.20,78.90,270.00,5.00,M,29.80,M,2.50,M,M,M,M,M,M,M,M,M,M,M,M,M,M,M,M,89.48,VOTV 130440Z AUTO 27005KT 2 1/2SM 28/24 A2980 RMK T02800240 IEM_DS3505,M
VOTV,2004-06-13 06:40,76.9500,8.4667,M,M,M,300.00,8.00,M,M,M,2.50,M,M,M,M,M,M,M,M,M,M,M,M,M,M,M,M,M,VOTV 130640Z AUTO 30008KT 2 1/2SM RMK IEM_DS3505,M
VOTV,2004-06-13 07:40,76.9500,8.4667,84.20,75.20,74.44,310.00,10.00,M,29.77,M,2.50,M,M,M,M,M,M,M,M,M,M,M,M,M,M,M,M,92.45,VOTV 130740Z AUTO 31010KT 2 1/2SM 29/24 A2977 RMK T02900240 IEM_DS3505,M
VOTV,2004-06-13 08:40,76.9500,8.4667,M,M,M,300.00,8.00,M,M,M,2.50,M,M,M,M,M,M,M,M,M,M,M,M,M,M,M,M,M,VOTV 130840Z AUTO 30008KT 2 1/2SM RMK IEM_DS3505,M
VOTV,2004-06-13 09:40,76.9500,8.4667,M,M,M,310.00,9.00,M,M,M,2.50,M,M,M,M,M,M,M,M,M,M,M,M,M,M,M,M,M,VOTV 130940Z AUTO 31009KT 2 1/2SM RMK IEM_DS3505,M
VOTV,2004-06-13 10:40,76.9500,8.4667,M,M,M,300.00,10.00,M,M,M,2.50,M,M,M,M,M,M,M,M,M,M,M,M,M,M,M,M,M,VOTV 131040Z AUTO 30010KT 2 1/2SM RMK IEM_DS3505,M
VOTV,2004-06-13 12:40,76.9500,8.4667,M,M,M,290.00,7.00,M,M,M,2.50,M,M,M,M,M,M,M,M,M,M,M,M,M,M,M,M,M,VOTV 131240Z AUTO 29007KT 2 1/2SM RMK IEM_DS3505,M
VOTV,2004-06-13 13:40,76.9500,8.4667,M,M,M,0.00,0.00,M,M,M,2.50,M,M,M,M,M,M,M,M,M,M,M,M,M,M,M,M,M,VOTV 131340Z AUTO 00000KT 2 1/2SM RMK IEM_DS3505,M
VOTV,2004-06-13 14:40,76.9500,8.4667,80.60,77.00,88.83,340.00,4.00,M,29.77,M,2.50,M,M,M,M,M,M,M,M,M,M,M,M,M,M,M,M,87.10,VOTV 131440Z AUTO 34004KT 2 1/2SM 27/25 A2977 RMK T02700250 IEM_DS3505,M
VOTV,2004-06-14 00:40,76.9500,8.4667,M,M,M,0.00,0.00,M,M,M,1.25,M,M,M,M,M,M,M,M,M,M,M,M,M,M,M,M,M,VOTV 140040Z AUTO 00000KT 1 1/4SM RMK IEM_DS3505,M
VOTV,2004-06-14 01:40,76.9500,8.4667,M,M,M,0.00,0.00,M,M,M,1.00,M,M,M,M,M,M,M,M,M,M,M,M,M,M,M,M,M,VOTV 140140Z AUTO 00000KT 1SM RMK IEM_DS3505,M
VOTV,2004-06-14 04:40,76.9500,8.4667,84.20,77.00,79.04,270.00,3.00,M,29.80,M,2.00,M,M,M,M,M,M,M,M,M,M,M,M,M,M,M,M,94.16,VOTV 140440Z AUTO 27003KT 2SM 29/25 A2980 RMK T02900250 IEM_DS3505,M
VOTV,2004-06-14 07:40,76.9500,8.4667,M,M,M,290.00,10.00,M,M,M,3.00,M,M,M,M,M,M,M,M,M,M,M,M,M,M,M,M,M,VOTV 140740Z AUTO 29010KT 3SM RMK IEM_DS3505,M
VOTV,2004-06-14 11:40,76.9500,8.4667,84.20,77.00,79.04,310.00,10.00,M,29.71,M,3.00,M,M,M,M,M,M,M,M,M,M,M,M,M,M,M,M,94.16,VOTV 141140Z AUTO 31010KT 3SM 29/25 A2971 RMK T02900250 IEM_DS3505,M
VOTV,2004-06-14 13:40,76.9500,8.4667,M,M,M,310.00,5.00,M,M,M,2.00,M,M,M,M,M,M,M,M,M,M,M,M,M,M,M,M,M,VOTV 141340Z AUTO 31005KT 2SM RMK IEM_DS3505,M
VOTV,2004-06-14 20:40,76.9500,8.4667,78.80,75.20,88.75,0.00,0.00,M,29.77,M,2.00,M,M,M,M,M,M,M,M,M,M,M,M,M,M,M,M,82.38,VOTV 142040Z AUTO 00000KT 2SM 26/24 A2977 RMK T02600240 IEM_DS3505,M
VOTV,2004-06-14 22:40,76.9500,8.4667,M,M,M,0.00,0.00,M,M,M,2.00,M,M,M,M,M,M,M,M,M,M,M,M,M,M,M,M,M,VOTV 142240Z AUTO 00000KT 2SM RMK IEM_DS3505,M
VOTV,2004-06-15 00:40,76.9500,8.4667,M,M,M,0.00,0.00,M,M,M,1.25,M,M,M,M,M,M,M,M,M,M,M,M,M,M,M,M,M,VOTV 150040Z AUTO 00000KT 1 1/4SM RMK IEM_DS3505,M
VOTV,2004-06-15 01:40,76.9500,8.4667,M,M,M,0.00,0.00,M,M,M,1.25,M,M,M,M,M,M,M,M,M,M,M,M,M,M,M,M,M,VOTV 150140Z AUTO 00000KT 1 1/4SM RMK IEM_DS3505,M
VOTV,2004-06-15 05:40,76.9500,8.4667,M,M,M,280.00,4.00,M,M,M,2.50,M,M,M,M,M,M,M,M,M,M,M,M,M,M,M,M,M,VOTV 150540Z AUTO 28004KT 2 1/2SM RMK IEM_DS3505,M
VOTV,2004-06-15 06:40,76.9500,8.4667,M,M,M,0.00,0.00,M,M,M,2.50,M,M,M,M,M,M,M,M,M,M,M,M,M,M,M,M,M,VOTV 150640Z AUTO 00000KT 2 1/2SM RMK IEM_DS3505,M
VOTV,2004-06-15 07:40,76.9500,8.4667,M,M,M,250.00,6.00,M,M,M,2.50,M,M,M,M,M,M,M,M,M,M,M,M,M,M,M,M,M,VOTV 150740Z AUTO 25006KT 2 1/2SM RMK IEM_DS3505,M
VOTV,2004-06-15 08:40,76.9500,8.4667,84.20,77.00,79.04,280.00,6.00,M,29.77,M,4.00,M,M,M,M,M,M,M,M,M,M,M,M,M,M,M,M,94.16,VOTV 150840Z AUTO 28006KT 4SM 29/25 A2977 RMK T02900250 IEM_DS3505,M
VOTV,2004-06-15 09:40,76.9500,8.4667,84.20,78.80,83.88,300.00,6.00,M,29.77,M,4.00,M,M,M,M,M,M,M,M,M,M,M,M,M,M,M,M,96.10,VOTV 150940Z AUTO 30006KT 4SM 29/26 A2977 RMK T02900260 IEM_DS3505,M
VOTV,2004-06-15 10:40,76.9500,8.4667,M,M,M,260.00,8.00,M,M,M,4.00,M,M,M,M,M,M,M,M,M,M,M,M,M,M,M,M,M,VOTV 151040Z AUTO 26008KT 4SM RMK IEM_DS3505,M
VOTV,2004-06-15 11:40,76.9500,8.4667,84.20,77.00,79.04,270.00,4.00,M,29.74,M,4.00,M,M,M,M,M,M,M,M,M,M,M,M,M,M,M,M,94.16,VOTV 151140Z AUTO 27004KT 4SM 29/25 A2974 RMK T02900250 IEM_DS3505,M
VOTV,2004-06-15 12:40,76.9500,8.4667,82.40,78.80,88.90,260.00,3.00,M,29.77,M,4.00,M,M,M,M,M,M,M,M,M,M,M,M,M,M,M,M,92.40,VOTV 151240Z AUTO 26003KT 4SM 28/26 A2977 RMK T02800260 IEM_DS3505,M
VOTV,2004-06-15 16:40,76.9500,8.4667,80.60,78.80,94.27,0.00,0.00,M,29.83,M,2.50,M,M,M,M,M,M,M,M,M,M,M,M,M,M,M,M,89.33,VOTV 151640Z AUTO 00000KT 2 1/2SM 27/26 A2983 RMK T02700260 IEM_DS3505,M
VOTV,2004-06-16 00:40,76.9500,8.4667,M,M,M,0.00,0.00,M,M,M,1.50,M,M,M,M,M,M,M,M,M,M,M,M,M,M,M,M,M,VOTV 160040Z AUTO 00000KT 1 1/2SM RMK IEM_DS3505,M
VOTV,2004-06-16 01:40,76.9500,8.4667,M,M,M,0.00,0.00,M,M,M,1.50,M,M,M,M,M,M,M,M,M,M,M,M,M,M,M,M,M,VOTV 160140Z AUTO 00000KT 1 1/2SM RMK IEM_DS3505,M
VOTV,2004-06-16 04:40,76.9500,8.4667,M,M,M,300.00,7.00,M,M,M,2.00,M,M,M,M,M,M,M,M,M,M,M,M,M,M,M,M,M,VOTV 160440Z AUTO 30007KT 2SM RMK IEM_DS3505,M
VOTV,2004-06-16 07:40,76.9500,8.4667,M,M,M,0.00,0.00,M,M,M,2.00,M,M,M,M,M,M,M,M,M,M,M,M,M,M,M,M,M,VOTV 160740Z AUTO 00000KT 2SM RMK IEM_DS3505,M
VOTV,2004-06-16 08:40,76.9500,8.4667,M,M,M,0.00,0.00,M,M,M,2.00,M,M,M,M,M,M,M,M,M,M,M,M,M,M,M,M,M,VOTV 160840Z AUTO 00000KT 2SM RMK IEM_DS3505,M
VOTV,2004-06-16 09:40,76.9500,8.4667,M,M,M,270.00,12.00,M,M,M,1.25,M,M,M,M,M,M,M,M,M,M,M,M,M,M,M,M,M,VOTV 160940Z AUTO 27012KT 1 1/4SM RMK IEM_DS3505,M
VOTV,2004-06-16 11:40,76.9500,8.4667,M,M,M,280.00,8.00,M,M,M,2.00,M,M,M,M,M,M,M,M,M,M,M,M,M,M,M,M,M,VOTV 161140Z AUTO 28008KT 2SM RMK IEM_DS3505,M
VOTV,2004-06-16 12:40,76.9500,8.4667,M,M,M,280.00,5.00,M,M,M,2.00,M,M,M,M,M,M,M,M,M,M,M,M,M,M,M,M,M,VOTV 161240Z AUTO 28005KT 2SM RMK IEM_DS3505,M
VOTV,2004-06-16 13:40,76.9500,8.4667,80.60,75.20,83.66,250.00,5.00,M,29.80,M,2.00,M,M,M,M,M,M,M,M,M,M,M,M,M,M,M,M,86.17,VOTV 161340Z AUTO 25005KT 2SM 27/24 A2980 RMK T02700240 IEM_DS3505,M
VOTV,2004-06-16 16:40,76.9500,8.4667,80.60,78.80,94.27,320.00,3.00,M,29.83,M,2.00,M,M,M,M,M,M,M,M,M,M,M,M,M,M,M,M,89.33,VOTV 161640Z AUTO 32003KT 2SM 27/26 A2983 RMK T02700260 IEM_DS3505,M
VOTV,2004-06-16 22:40,76.9500,8.4667,80.60,77.00,88.83,260.00,4.00,M,29.77,M,2.00,M,M,M,M,M,M,M,M,M,M,M,M,M,M,M,M,87.10,VOTV 162240Z AUTO 26004KT 2SM 27/25 A2977 RMK T02700250 IEM_DS3505,M
VOTV,2004-06-16 23:40,76.9500,8.4667,M,M,M,290.00,6.00,M,M,M,1.25,M,M,M,M,M,M,M,M,M,M,M,M,M,M,M,M,M,VOTV 162340Z AUTO 29006KT 1 1/4SM RMK IEM_DS3505,M
VOTV,2004-06-17 00:40,76.9500,8.4667,M,M,M,340.00,4.00,M,M,M,1.25,M,M,M,M,M,M,M,M,M,M,M,M,M,M,M,M,M,VOTV 170040Z AUTO 34004KT 1 1/4SM RMK IEM_DS3505,M
VOTV,2004-06-17 01:40,76.9500,8.4667,78.80,75.20,88.75,350.00,5.00,M,29.80,M,1.50,M,M,M,M,M,M,M,M,M,M,M,M,M,M,M,M,82.38,VOTV 170140Z AUTO 35005KT 1 1/2SM 26/24 A2980 RMK T02600240 IEM_DS3505,M
VOTV,2004-06-17 02:40,76.9500,8.4667,80.60,75.20,83.66,0.00,0.00,M,29.83,M,2.00,M,M,M,M,M,M,M,M,M,M,M,M,M,M,M,M,86.17,VOTV 170240Z AUTO 00000KT 2SM 27/24 A2983 RMK T02700240 IEM_DS3505,M
VOTV,2004-06-17 03:40,76.9500,8.4667,82.40,75.20,78.90,0.00,0.00,M,29.83,M,3.00,M,M,M,M,M,M,M,M,M,M,M,M,M,M,M,M,89.48,VOTV 170340Z AUTO 00000KT 3SM 28/24 A2983 RMK T02800240 IEM_DS3505,M
VOTV,2004-06-17 05:40,76.9500,8.4667,M,M,M,0.00,0.00,M,M,M,1.50,M,M,M,M,M,M,M,M,M,M,M,M,M,M,M,M,M,VOTV 170540Z AUTO 00000KT 1 1/2SM RMK IEM_DS3505,M
VOTV,2004-06-17 06:40,76.9500,8.4667,80.60,75.20,83.66,270.00,4.00,M,29.83,M,1.50,M,M,M,M,M,M,M,M,M,M,M,M,M,M,M,M,86.17,VOTV 170640Z AUTO 27004KT 1 1/2SM 27/24 A2983 RMK T02700240 IEM_DS3505,M
VOTV,2004-06-17 07:40,76.9500,8.4667,78.80,75.20,88.75,280.00,4.00,M,29.80,M,2.00,M,M,M,M,M,M,M,M,M,M,M,M,M,M,M,M,82.38,VOTV 170740Z AUTO 28004KT 2SM 26/24 A2980 RMK T02600240 IEM_DS3505,M
VOTV,2004-06-17 08:40,76.9500,8.4667,82.40,77.00,83.77,300.00,4.00,M,29.74,M,2.00,M,M,M,M,M,M,M,M,M,M,M,M,M,M,M,M,90.85,VOTV 170840Z AUTO 30004KT 2SM 28/25 A2974 RMK T02800250 IEM_DS3505,M
VOTV,2004-06-17 09:40,76.9500,8.4667,82.40,78.80,88.90,280.00,6.00,M,29.74,M,2.00,M,M,M,M,M,M,M,M,M,M,M,M,M,M,M,M,92.40,VOTV 170940Z AUTO 28006KT 2SM 28/26 A2974 RMK T02800260 IEM_DS3505,M
VOTV,2004-06-17 10:40,76.9500,8.4667,82.40,78.80,88.90,290.00,4.00,M,29.71,M,2.50,M,M,M,M,M,M,M,M,M,M,M,M,M,M,M,M,92.40,VOTV 171040Z AUTO 29004KT 2 1/2SM 28/26 A2971 RMK T02800260 IEM_DS3505,M
VOTV,2004-06-17 11:40,76.9500,8.4667,82.40,78.80,88.90,280.00,7.00,M,29.74,M,2.50,M,M,M,M,M,M,M,M,M,M,M,M,M,M,M,M,92.40,VOTV 171140Z AUTO 28007KT 2 1/2SM 28/26 A2974 RMK T02800260 IEM_DS3505,M
VOTV,2004-06-17 14:40,76.9500,8.4667,M,M,M,280.00,5.00,M,M,M,2.50,M,M,M,M,M,M,M,M,M,M,M,M,M,M,M,M,M,VOTV 171440Z AUTO 28005KT 2 1/2SM RMK IEM_DS3505,M
VOTV,2004-06-17 16:40,76.9500,8.4667,M,M,M,320.00,16.00,M,M,M,2.00,M,M,M,M,M,M,M,M,M,M,M,M,M,M,M,M,M,VOTV 171640Z AUTO 32016KT 2SM RMK IEM_DS3505,M
VOTV,2004-06-17 23:40,76.9500,8.4667,M,M,M,0.00,0.00,M,M,M,1.50,M,M,M,M,M,M,M,M,M,M,M,M,M,M,M,M,M,VOTV 172340Z AUTO 00000KT 1 1/2SM RMK IEM_DS3505,M
VOTV,2004-06-18 05:40,76.9500,8.4667,84.20,77.00,79.04,280.00,5.00,M,29.85,M,4.00,M,M,M,M,M,M,M,M,M,M,M,M,M,M,M,M,94.16,VOTV 180540Z AUTO 28005KT 4SM 29/25 A2985 RMK T02900250 IEM_DS3505,M
VOTV,2004-06-18 07:40,76.9500,8.4667,86.00,78.80,79.18,280.00,7.00,M,29.85,M,4.00,M,M,M,M,M,M,M,M,M,M,M,M,M,M,M,M,99.38,VOTV 180740Z AUTO 28007KT 4SM 30/26 A2985 RMK T03000260 IEM_DS3505,M
VOTV,2004-06-18 08:40,76.9500,8.4667,84.20,77.00,79.04,290.00,8.00,M,29.83,M,4.00,M,M,M,M,M,M,M,M,M,M,M,M,M,M,M,M,94.16,VOTV 180840Z AUTO 29008KT 4SM 29/25 A2983 RMK T02900250 IEM_DS3505,M
VOTV,2004-06-18 09:40,76.9500,8.4667,84.20,77.00,79.04,290.00,10.00,M,29.80,M,4.00,M,M,M,M,M,M,M,M,M,M,M,M,M,M,M,M,94.16,VOTV 180940Z AUTO 29010KT 4SM 29/25 A2980 RMK T02900250 IEM_DS3505,M
VOTV,2004-06-18 11:40,76.9500,8.4667,M,M,M,280.00,10.00,M,M,M,4.00,M,M,M,M,M,M,M,M,M,M,M,M,M,M,M,M,M,VOTV 181140Z AUTO 28010KT 4SM RMK IEM_DS3505,M
VOTV,2004-06-18 14:40,76.9500,8.4667,80.60,77.00,88.83,310.00,8.00,M,29.85,M,2.50,M,M,M,M,M,M,M,M,M,M,M,M,M,M,M,M,87.10,VOTV 181440Z AUTO 31008KT 2 1/2SM 27/25 A2985 RMK T02700250 IEM_DS3505,M
VOTV,2004-06-18 15:40,76.9500,8.4667,80.60,77.00,88.83,320.00,6.00,M,29.85,M,2.50,M,M,M,M,M,M,M,M,M,M,M,M,M,M,M,M,87.10,VOTV 181540Z AUTO 32006KT 2 1/2SM 27/25 A2985 RMK T02700250 IEM_DS3505,M
VOTV,2004-06-18 23:40,76.9500,8.4667,M,M,M,300.00,6.00,M,M,M,2.00,M,M,M,M,M,M,M,M,M,M,M,M,M,M,M,M,M,VOTV 182340Z AUTO 30006KT 2SM RMK IEM_DS3505,M
VOTV,2004-06-19 00:40,76.9500,8.4667,M,M,M,300.00,6.00,M,M,M,2.00,M,M,M,M,M,M,M,M,M,M,M,M,M,M,M,M,M,VOTV 190040Z AUTO 30006KT 2SM RMK IEM_DS3505,M
VOTV,2004-06-19 01:40,76.9500,8.4667,80.60,77.00,88.83,290.00,8.00,M,29.83,M,2.00,M,M,M,M,M,M,M,M,M,M,M,M,M,M,M,M,87.10,VOTV 190140Z AUTO 29008KT 2SM 27/25 A2983 RMK T02700250 IEM_DS3505,M
VOTV,2004-06-19 02:40,76.9500,8.4667,82.40,77.00,83.77,280.00,8.00,M,29.83,M,2.00,M,M,M,M,M,M,M,M,M,M,M,M,M,M,M,M,90.85,VOTV 190240Z AUTO 28008KT 2SM 28/25 A2983 RMK T02800250 IEM_DS3505,M
VOTV,2004-06-19 03:40,76.9500,8.4667,82.40,73.40,74.28,290.00,8.00,M,29.85,M,2.00,M,M,M,M,M,M,M,M,M,M,M,M,M,M,M,M,88.26,VOTV 190340Z AUTO 29008KT 2SM 28/23 A2985 RMK T02800230 IEM_DS3505,M
VOTV,2004-06-19 05:40,76.9500,8.4667,86.00,77.00,74.61,290.00,8.00,M,29.85,M,4.00,M,M,M,M,M,M,M,M,M,M,M,M,M,M,M,M,97.15,VOTV 190540Z AUTO 29008KT 4SM 30/25 A2985 RMK T03000250 IEM_DS3505,M
VOTV,2004-06-19 06:40,76.9500,8.4667,86.00,77.00,74.61,310.00,10.00,M,29.83,M,4.00,M,M,M,M,M,M,M,M,M,M,M,M,M,M,M,M,97.15,VOTV 190640Z AUTO 31010KT 4SM 30/25 A2983 RMK T03000250 IEM_DS3505,M
VOTV,2004-06-19 07:40,76.9500,8.4667,86.00,75.20,70.27,300.00,10.00,M,29.83,M,M,M,M,M,M,M,M,M,M,M,M,M,M,M,M,M,M,95.19,VOTV 190740Z AUTO 30010KT 30/24 A2983 RMK T03000240 IEM_DS3505,M
VOTV,2004-06-19 08:40,76.9500,8.4667,86.00,75.20,70.27,310.00,11.00,M,29.80,M,M,M,M,M,M,M,M,M,M,M,M,M,M,M,M,M,M,95.19,VOTV 190840Z AUTO 31011KT 30/24 A2980 RMK T03000240 IEM_DS3505,M
VOTV,2004-06-19 09:40,76.9500,8.4667,86.00,77.00,74.61,290.00,10.00,M,29.80,M,4.00,M,M,M,M,M,M,M,M,M,M,M,M,M,M,M,M,97.15,VOTV 190940Z AUTO 29010KT 4SM 30/25 A2980 RMK T03000250 IEM_DS3505,M
VOTV,2004-06-19 10:40,76.9500,8.4667,84.20,77.00,79.04,290.00,11.00,M,29.77,M,4.00,M,M,M,M,M,M,M,M,M,M,M,M,M,M,M,M,94.16,VOTV 191040Z AUTO 29011KT 4SM 29/25 A2977 RMK T02900250 IEM_DS3505,M
VOTV,2004-06-19 11:40,76.9500,8.4667,82.40,75.20,78.90,280.00,9.00,M,29.77,M,4.00,M,M,M,M,M,M,M,M,M,M,M,M,M,M,M,M,89.48,VOTV 191140Z AUTO 28009KT 4SM 28/24 A2977 RMK T02800240 IEM_DS3505,M
VOTV,2004-06-19 12:40,76.9500,8.4667,82.40,77.00,83.77,290.00,11.00,M,29.77,M,4.00,M,M,M,M,M,M,M,M,M,M,M,M,M,M,M,M,90.85,VOTV 191240Z AUTO 29011KT 4SM 28/25 A2977 RMK T02800250 IEM_DS3505,M
VOTV,2004-06-20 00:40,76.9500,8.4667,78.80,75.20,88.75,340.00,7.00,0.00,29.83,M,2.49,M,FEW,SCT,M,M,1500.00,25000.00,M,M,HZ,M,M,M,M,M,M,78.80,VOTV 200040Z 34007KT 4000 HZ FEW015 SCT250 26/24 Q1010 NS,M
VOTV,2004-06-20 01:40,76.9500,8.4667,78.80,75.20,88.75,350.00,5.00,M,29.83,M,2.50,M,M,M,M,M,M,M,M,M,M,M,M,M,M,M,M,82.38,VOTV 200140Z AUTO 35005KT 2 1/2SM 26/24 A2983 RMK T02600240 IEM_DS3505,M
VOTV,2004-06-20 02:40,76.9500,8.4667,80.60,75.20,83.66,340.00,6.00,M,29.85,M,2.50,M,M,M,M,M,M,M,M,M,M,M,M,M,M,M,M,86.17,VOTV 200240Z AUTO 34006KT 2 1/2SM 27/24 A2985 RMK T02700240 IEM_DS3505,M
VOTV,2004-06-20 03:40,76.9500,8.4667,84.20,77.00,79.04,320.00,9.00,M,29.88,M,4.00,M,M,M,M,M,M,M,M,M,M,M,M,M,M,M,M,94.16,VOTV 200340Z AUTO 32009KT 4SM 29/25 A2988 RMK T02900250 IEM_DS3505,M
VOTV,2004-06-20 05:40,76.9500,8.4667,84.20,77.00,79.04,320.00,12.00,M,29.88,M,4.00,M,M,M,M,M,M,M,M,M,M,M,M,M,M,M,M,94.16,VOTV 200540Z AUTO 32012KT 4SM 29/25 A2988 RMK T02900250 IEM_DS3505,M
VOTV,2004-06-20 06:40,76.9500,8.4667,84.20,77.00,79.04,320.00,11.00,M,29.88,M,4.00,M,M,M,M,M,M,M,M,M,M,M,M,M,M,M,M,94.16,VOTV 200640Z AUTO 32011KT 4SM 29/25 A2988 RMK T02900250 IEM_DS3505,M
VOTV,2004-06-20 07:40,76.9500,8.4667,84.20,78.80,83.88,290.00,15.00,M,29.85,M,4.00,M,M,M,M,M,M,M,M,M,M,M,M,M,M,M,M,96.10,VOTV 200740Z AUTO 29015KT 4SM 29/26 A2985 RMK T02900260 IEM_DS3505,M
VOTV,2004-06-20 08:40,76.9500,8.4667,86.00,75.20,70.27,290.00,15.00,M,29.83,M,M,25.00,M,M,M,M,M,M,M,M,M,M,M,M,M,M,M,95.19,VOTV 200840Z AUTO 29015G25KT 30/24 A2983 RMK T03000240 IEM_DS3505,M
VOTV,2004-06-20 09:40,76.9500,8.4667,86.00,75.20,70.27,280.00,8.00,M,29.83,M,M,M,M,M,M,M,M,M,M,M,M,M,M,M,M,M,M,95.19,VOTV 200940Z AUTO 28008KT 30/24 A2983 RMK T03000240 IEM_DS3505,M
VOTV,2004-06-20 10:40,76.9500,8.4667,84.20,75.20,74.44,320.00,10.00,M,29.83,M,4.00,M,M,M,M,M,M,M,M,M,M,M,M,M,M,M,M,92.45,VOTV 201040Z AUTO 32010KT 4SM 29/24 A2983 RMK T02900240 IEM_DS3505,M
VOTV,2004-06-20 12:40,76.9500,8.4667,82.40,75.20,78.90,200.00,10.00,M,29.83,M,3.00,M,M,M,M,M,M,M,M,M,M,M,M,M,M,M,M,89.48,VOTV 201240Z AUTO 20010KT 3SM 28/24 A2983 RMK T02800240 IEM_DS3505,M
VOTV,2004-06-20 14:40,76.9500,8.4667,80.60,77.00,88.83,310.00,7.00,M,29.85,M,2.00,M,M,M,M,M,M,M,M,M,M,M,M,M,M,M,M,87.10,VOTV 201440Z AUTO 31007KT 2SM 27/25 A2985 RMK T02700250 IEM_DS3505,M
VOTV,2004-06-20 23:40,76.9500,8.4667,77.00,73.40,88.67,10.00,5.00,0.00,29.85,M,1.86,M,FEW,SCT,M,M,1500.00,9000.00,M,M,HZ,M,M,M,M,M,M,77.00,VOTV 202340Z 01005KT 3000 HZ FEW015 SCT090 25/23 Q1011 NOSIG,M
VOTV,2004-06-21 00:40,76.9500,8.4667,77.00,73.40,88.67,340.00,4.00,M,29.85,M,2.00,M,M,M,M,M,M,M,M,M,M,M,M,M,M,M,M,78.57,VOTV 210040Z AUTO 34004KT 2SM 25/23 A2985 RMK T02500230 IEM_DS3505,M
VOTV,2004-06-21 01:40,76.9500,8.4667,77.00,73.40,88.67,340.00,6.00,M,29.88,M,2.00,M,M,M,M,M,M,M,M,M,M,M,M,M,M,M,M,78.57,VOTV 210140Z AUTO 34006KT 2SM 25/23 A2988 RMK T02500230 IEM_DS3505,M
VOTV,2004-06-21 02:40,76.9500,8.4667,80.60,73.40,78.76,330.00,5.00,M,29.88,M,2.00,M,M,M,M,M,M,M,M,M,M,M,M,M,M,M,M,85.32,VOTV 210240Z AUTO 33005KT 2SM 27/23 A2988 RMK T02700230 IEM_DS3505,M
VOTV,2004-06-21 04:40,76.9500,8.4667,84.20,75.20,74.44,310.00,8.00,M,29.91,M,4.00,M,M,M,M,M,M,M,M,M,M,M,M,M,M,M,M,92.45,VOTV 210440Z AUTO 31008KT 4SM 29/24 A2991 RMK T02900240 IEM_DS3505,M
VOTV,2004-06-21 06:40,76.9500,8.4667,86.00,75.20,70.27,300.00,10.00,M,29.88,M,M,M,M,M,M,M,M,M,M,M,M,M,M,M,M,M,M,95.19,VOTV 210640Z AUTO 30010KT 30/24 A2988 RMK T03000240 IEM_DS3505,M
VOTV,2004-06-21 07:40,76.9500,8.4667,86.00,75.20,70.27,290.00,14.00,0.00,29.88,M,3.73,M,SCT,SCT,M,M,1500.00,25000.00,M,M,M,M,M,M,M,M,M,95.19,VOTV 210740Z 29014KT 6000 SCT015 SCT250 30/24 Q1012 NOSIG,M
VOTV,2004-06-21 08:40,76.9500,8.4667,84.20,75.20,74.44,290.00,10.00,M,29.85,M,4.00,M,M,M,M,M,M,M,M,M,M,M,M,M,M,M,M,92.45,VOTV 210840Z AUTO 29010KT 4SM 29/24 A2985 RMK T02900240 IEM_DS3505,M
VOTV,2004-06-21 10:40,76.9500,8.4667,84.20,75.20,74.44,280.00,12.00,M,29.85,M,4.00,M,M,M,M,M,M,M,M,M,M,M,M,M,M,M,M,92.45,VOTV 211040Z AUTO 28012KT 4SM 29/24 A2985 RMK T02900240 IEM_DS3505,M
VOTV,2004-06-21 11:40,76.9500,8.4667,82.40,69.80,65.74,300.00,10.00,M,29.85,M,M,M,M,M,M,M,M,M,M,M,M,M,M,M,M,M,M,86.22,VOTV 211140Z AUTO 30010KT 28/21 A2985 RMK T02800210 IEM_DS3505,M
VOTV,2004-06-21 12:40,76.9500,8.4667,82.40,75.20,78.90,300.00,12.00,M,29.85,M,4.00,M,M,M,M,M,M,M,M,M,M,M,M,M,M,M,M,89.48,VOTV 211240Z AUTO 30012KT 4SM 28/24 A2985 RMK T02800240 IEM_DS3505,M
VOTV,2004-06-21 13:40,76.9500,8.4667,82.40,73.40,74.28,300.00,11.00,M,29.88,M,4.00,M,M,M,M,M,M,M,M,M,M,M,M,M,M,M,M,88.26,VOTV 211340Z AUTO 30011KT 4SM 28/23 A2988 RMK T02800230 IEM_DS3505,M
VOTV,2004-06-21 14:40,76.9500,8.4667,80.60,75.20,83.66,310.00,8.00,M,29.91,M,2.50,M,M,M,M,M,M,M,M,M,M,M,M,M,M,M,M,86.17,VOTV 211440Z AUTO 31008KT 2 1/2SM 27/24 A2991 RMK T02700240 IEM_DS3505,M
VOTV,2004-06-21 15:40,76.9500,8.4667,80.60,75.20,83.66,340.00,6.00,M,29.91,M,2.50,M,M,M,M,M,M,M,M,M,M,M,M,M,M,M,M,86.17,VOTV 211540Z AUTO 34006KT 2 1/2SM 27/24 A2991 RMK T02700240 IEM_DS3505,M
VOTV,2004-06-21 16:40,76.9500,8.4667,80.60,75.20,83.66,330.00,4.00,M,29.91,M,2.50,M,M,M,M,M,M,M,M,M,M,M,M,M,M,M,M,86.17,VOTV 211640Z AUTO 33004KT 2 1/2SM 27/24 A2991 RMK T02700240 IEM_DS3505,M
VOTV,2004-06-21 17:40,76.9500,8.4667,78.80,75.20,88.75,320.00,3.00,M,29.91,M,2.50,M,M,M,M,M,M,M,M,M,M,M,M,M,M,M,M,82.38,VOTV 211740Z AUTO 32003KT 2 1/2SM 26/24 A2991 RMK T02600240 IEM_DS3505,M
VOTV,2004-06-21 23:40,76.9500,8.4667,77.00,75.20,94.19,0.00,0.00,M,29.88,M,2.50,M,M,M,M,M,M,M,M,M,M,M,M,M,M,M,M,78.83,VOTV 212340Z AUTO 00000KT 2 1/2SM 25/24 A2988 RMK T02500240 IEM_DS3505,M
VOTV,2004-06-22 00:40,76.9500,8.4667,77.00,75.20,94.19,0.00,0.00,M,29.88,M,2.50,M,M,M,M,M,M,M,M,M,M,M,M,M,M,M,M,78.83,VOTV 220040Z AUTO 00000KT 2 1/2SM 25/24 A2988 RMK T02500240 IEM_DS3505,M
VOTV,2004-06-22 01:40,76.9500,8.4667,78.80,75.20,88.75,10.00,4.00,M,29.91,M,2.50,M,M,M,M,M,M,M,M,M,M,M,M,M,M,M,M,82.38,VOTV 220140Z AUTO 01004KT 2 1/2SM 26/24 A2991 RMK T02600240 IEM_DS3505,M
VOTV,2004-06-22 03:40,76.9500,8.4667,82.40,75.20,78.90,290.00,4.00,M,29.94,M,4.00,M,M,M,M,M,M,M,M,M,M,M,M,M,M,M,M,89.48,VOTV 220340Z AUTO 29004KT 4SM 28/24 A2994 RMK T02800240 IEM_DS3505,M
VOTV,2004-06-22 07:40,76.9500,8.4667,M,M,M,270.00,13.00,M,M,M,4.00,M,M,M,M,M,M,M,M,M,M,M,M,M,M,M,M,M,VOTV 220740Z AUTO 27013KT 4SM RMK IEM_DS3505,M
VOTV,2004-06-22 08:40,76.9500,8.4667,M,M,M,290.00,10.00,M,M,M,4.00,M,M,M,M,M,M,M,M,M,M,M,M,M,M,M,M,M,VOTV 220840Z AUTO 29010KT 4SM RMK IEM_DS3505,M
VOTV,2004-06-22 09:40,76.9500,8.4667,M,M,M,280.00,8.00,M,M,M,4.00,M,M,M,M,M,M,M,M,M,M,M,M,M,M,M,M,M,VOTV 220940Z AUTO 28008KT 4SM RMK IEM_DS3505,M
VOTV,2004-06-22 11:40,76.9500,8.4667,84.20,75.20,74.44,290.00,12.00,M,29.85,M,4.00,M,M,M,M,M,M,M,M,M,M,M,M,M,M,M,M,92.45,VOTV 221140Z AUTO 29012KT 4SM 29/24 A2985 RMK T02900240 IEM_DS3505,M
VOTV,2004-06-22 13:40,76.9500,8.4667,80.60,75.20,83.66,310.00,10.00,M,29.85,M,2.50,M,M,M,M,M,M,M,M,M,M,M,M,M,M,M,M,86.17,VOTV 221340Z AUTO 31010KT 2 1/2SM 27/24 A2985 RMK T02700240 IEM_DS3505,M
VOTV,2004-06-22 14:40,76.9500,8.4667,80.60,75.20,83.66,310.00,8.00,M,29.88,M,2.50,M,M,M,M,M,M,M,M,M,M,M,M,M,M,M,M,86.17,VOTV 221440Z AUTO 31008KT 2 1/2SM 27/24 A2988 RMK T02700240 IEM_DS3505,M
VOTV,2004-06-22 15:40,76.9500,8.4667,80.60,73.40,78.76,340.00,5.00,M,29.88,M,2.50,M,M,M,M,M,M,M,M,M,M,M,M,M,M,M,M,85.32,VOTV 221540Z AUTO 34005KT 2 1/2SM 27/23 A2988 RMK T02700230 IEM_DS3505,M
VOTV,2004-06-22 21:40,76.9500,8.4667,78.80,75.20,88.75,0.00,0.00,M,29.85,M,2.50,M,M,M,M,M,M,M,M,M,M,M,M,M,M,M,M,82.38,VOTV 222140Z AUTO 00000KT 2 1/2SM 26/24 A2985 RMK T02600240 IEM_DS3505,M
VOTV,2004-06-22 22:40,76.9500,8.4667,77.00,73.40,88.67,0.00,0.00,M,29.85,M,2.50,M,M,M,M,M,M,M,M,M,M,M,M,M,M,M,M,78.57,VOTV 222240Z AUTO 00000KT 2 1/2SM 25/23 A2985 RMK T02500230 IEM_DS3505,M
VOTV,2004-06-22 23:40,76.9500,8.4667,77.00,73.40,88.67,0.00,0.00,0.00,29.85,M,2.49,M,FEW,SCT,M,M,2000.00,25000.00,M,M,HZ,M,M,M,M,M,M,77.00,VOTV 222340Z 00000KT 4000 HZ FEW020 SCT250 25/23 Q1011 NOSIG,M
VOTV,2004-06-23 01:40,76.9500,8.4667,78.80,75.20,88.75,0.00,0.00,M,29.88,M,2.00,M,M,M,M,M,M,M,M,M,M,M,M,M,M,M,M,82.38,VOTV 230140Z AUTO 00000KT 2SM 26/24 A2988 RMK T02600240 IEM_DS3505,M
VOTV,2004-06-23 02:40,76.9500,8.4667,80.60,75.20,83.66,340.00,6.00,M,29.88,M,3.00,M,M,M,M,M,M,M,M,M,M,M,M,M,M,M,M,86.17,VOTV 230240Z AUTO 34006KT 3SM 27/24 A2988 RMK T02700240 IEM_DS3505,M
VOTV,2004-06-23 03:40,76.9500,8.4667,82.40,75.20,78.90,320.00,10.00,M,29.88,M,4.00,M,M,M,M,M,M,M,M,M,M,M,M,M,M,M,M,89.48,VOTV 230340Z AUTO 32010KT 4SM 28/24 A2988 RMK T02800240 IEM_DS3505,M
VOTV,2004-06-23 04:40,76.9500,8.4667,84.20,77.00,79.04,300.00,10.00,M,29.88,M,4.00,M,M,M,M,M,M,M,M,M,M,M,M,M,M,M,M,94.16,VOTV 230440Z AUTO 30010KT 4SM 29/25 A2988 RMK T02900250 IEM_DS3505,M
VOTV,2004-06-23 05:40,76.9500,8.4667,84.20,75.20,74.44,280.00,12.00,M,29.85,M,4.00,M,M,M,M,M,M,M,M,M,M,M,M,M,M,M,M,92.45,VOTV 230540Z AUTO 28012KT 4SM 29/24 A2985 RMK T02900240 IEM_DS3505,M
VOTV,2004-06-23 06:40,76.9500,8.4667,84.20,75.20,74.44,290.00,10.00,M,29.85,M,4.00,20.00,M,M,M,M,M,M,M,M,M,M,M,M,M,M,M,92.45,VOTV 230640Z AUTO 29010G20KT 4SM 29/24 A2985 RMK T02900240 IEM_DS3505,M
VOTV,2004-06-23 07:40,76.9500,8.4667,84.20,75.20,74.44,280.00,8.00,M,29.83,M,4.00,18.00,M,M,M,M,M,M,M,M,M,M,M,M,M,M,M,92.45,VOTV 230740Z AUTO 28008G18KT 4SM 29/24 A2983 RMK T02900240 IEM_DS3505,M
VOTV,2004-06-23 08:40,76.9500,8.4667,84.20,75.20,74.44,280.00,5.00,M,29.80,M,4.00,18.00,M,M,M,M,M,M,M,M,M,M,M,M,M,M,M,92.45,VOTV 230840Z AUTO 28005G18KT 4SM 29/24 A2980 RMK T02900240 IEM_DS3505,M
VOTV,2004-06-23 09:40,76.9500,8.4667,84.20,75.20,74.44,280.00,10.00,M,29.77,M,4.00,20.00,M,M,M,M,M,M,M,M,M,M,M,M,M,M,M,92.45,VOTV 230940Z AUTO 28010G20KT 4SM 29/24 A2977 RMK T02900240 IEM_DS3505,M
VOTV,2004-06-23 10:40,76.9500,8.4667,84.20,75.20,74.44,280.00,10.00,M,29.77,M,4.00,20.00,M,M,M,M,M,M,M,M,M,M,M,M,M,M,M,92.45,VOTV 231040Z AUTO 28010G20KT 4SM 29/24 A2977 RMK T02900240 IEM_DS3505,M
VOTV,2004-06-23 11:40,76.9500,8.4667,82.40,75.20,78.90,280.00,10.00,M,29.77,M,4.00,20.00,M,M,M,M,M,M,M,M,M,M,M,M,M,M,M,89.48,VOTV 231140Z AUTO 28010G20KT 4SM 28/24 A2977 RMK T02800240 IEM_DS3505,M
VOTV,2004-06-23 12:40,76.9500,8.4667,82.40,75.20,78.90,300.00,10.00,M,29.80,M,4.00,M,M,M,M,M,M,M,M,M,M,M,M,M,M,M,M,89.48,VOTV 231240Z AUTO 30010KT 4SM 28/24 A2980 RMK T02800240 IEM_DS3505,M
VOTV,2004-06-23 14:40,76.9500,8.4667,80.60,77.00,88.83,320.00,7.00,M,29.83,M,2.50,M,M,M,M,M,M,M,M,M,M,M,M,M,M,M,M,87.10,VOTV 231440Z AUTO 32007KT 2 1/2SM 27/25 A2983 RMK T02700250 IEM_DS3505,M
VOTV,2004-06-24 00:40,76.9500,8.4667,77.00,73.40,88.67,M,M,M,29.83,M,2.50,M,M,M,M,M,M,M,M,M,M,M,M,M,M,M,M,77.00,VOTV 240040Z AUTO 2 1/2SM 25/23 A2983 RMK T02500230 IEM_DS3505,M
VOTV,2004-06-24 01:40,76.9500,8.4667,78.80,75.20,88.75,340.00,4.00,M,29.85,M,2.50,M,M,M,M,M,M,M,M,M,M,M,M,M,M,M,M,82.38,VOTV 240140Z AUTO 34004KT 2 1/2SM 26/24 A2985 RMK T02600240 IEM_DS3505,M
VOTV,2004-06-24 02:40,76.9500,8.4667,80.60,75.20,83.66,340.00,5.00,M,29.85,M,3.00,M,M,M,M,M,M,M,M,M,M,M,M,M,M,M,M,86.17,VOTV 240240Z AUTO 34005KT 3SM 27/24 A2985 RMK T02700240 IEM_DS3505,M
VOTV,2004-06-24 03:40,76.9500,8.4667,84.20,75.20,74.44,310.00,10.00,0.00,29.88,M,3.73,M,FEW,M,M,M,1500.00,M,M,M,M,M,M,M,M,M,M,92.45,VOTV 240340Z 31010KT 6000 FEW015 29/24 Q1012 NOSIG,M
VOTV,2004-06-24 04:40,76.9500,8.4667,84.20,75.20,74.44,290.00,10.00,M,29.88,M,4.00,M,M,M,M,M,M,M,M,M,M,M,M,M,M,M,M,92.45,VOTV 240440Z AUTO 29010KT 4SM 29/24 A2988 RMK T02900240 IEM_DS3505,M
VOTV,2004-06-24 05:40,76.9500,8.4667,84.20,75.20,74.44,300.00,12.00,0.00,29.88,M,3.73,M,FEW,M,M,M,2000.00,M,M,M,M,M,M,M,M,M,M,92.45,VOTV 240540Z 30012KT 6000 FEW020 29/24 Q1012 NOSIG,M
VOTV,2004-06-24 06:40,76.9500,8.4667,86.00,75.20,70.27,290.00,10.00,M,29.88,M,M,M,M,M,M,M,M,M,M,M,M,M,M,M,M,M,M,95.19,VOTV 240640Z AUTO 29010KT 30/24 A2988 RMK T03000240 IEM_DS3505,M
VOTV,2004-06-24 07:40,76.9500,8.4667,84.20,75.20,74.44,290.00,13.00,M,29.85,M,4.00,M,M,M,M,M,M,M,M,M,M,M,M,M,M,M,M,92.45,VOTV 240740Z AUTO 29013KT 4SM 29/24 A2985 RMK T02900240 IEM_DS3505,M
VOTV,2004-06-24 08:40,76.9500,8.4667,84.20,75.20,74.44,300.00,12.00,M,29.83,M,4.00,M,M,M,M,M,M,M,M,M,M,M,M,M,M,M,M,92.45,VOTV 240840Z AUTO 30012KT 4SM 29/24 A2983 RMK T02900240 IEM_DS3505,M
VOTV,2004-06-24 09:40,76.9500,8.4667,84.20,75.20,74.44,290.00,15.00,M,29.83,M,4.00,M,M,M,M,M,M,M,M,M,M,M,M,M,M,M,M,92.45,VOTV 240940Z AUTO 29015KT 4SM 29/24 A2983 RMK T02900240 IEM_DS3505,M
VOTV,2004-06-24 11:40,76.9500,8.4667,84.20,75.20,74.44,290.00,12.00,M,29.80,M,4.00,M,M,M,M,M,M,M,M,M,M,M,M,M,M,M,M,92.45,VOTV 241140Z AUTO 29012KT 4SM 29/24 A2980 RMK T02900240 IEM_DS3505,M
VOTV,2004-06-24 12:40,76.9500,8.4667,82.40,75.20,78.90,290.00,10.00,M,29.83,M,4.00,M,M,M,M,M,M,M,M,M,M,M,M,M,M,M,M,89.48,VOTV 241240Z AUTO 29010KT 4SM 28/24 A2983 RMK T02800240 IEM_DS3505,M
VOTV,2004-06-24 13:40,76.9500,8.4667,80.60,75.20,83.66,310.00,10.00,M,29.85,M,4.00,M,M,M,M,M,M,M,M,M,M,M,M,M,M,M,M,86.17,VOTV 241340Z AUTO 31010KT 4SM 27/24 A2985 RMK T02700240 IEM_DS3505,M
VOTV,2004-06-24 14:40,76.9500,8.4667,80.60,73.40,78.76,290.00,12.00,M,29.88,M,4.00,M,M,M,M,M,M,M,M,M,M,M,M,M,M,M,M,85.32,VOTV 241440Z AUTO 29012KT 4SM 27/23 A2988 RMK T02700230 IEM_DS3505,M
VOTV,2004-06-24 15:40,76.9500,8.4667,80.60,75.20,83.66,320.00,6.00,M,29.88,M,4.00,M,M,M,M,M,M,M,M,M,M,M,M,M,M,M,M,86.17,VOTV 241540Z AUTO 32006KT 4SM 27/24 A2988 RMK T02700240 IEM_DS3505,M
VOTV,2004-06-24 22:40,76.9500,8.4667,78.80,73.40,83.55,0.00,0.00,M,29.85,M,2.50,M,M,M,M,M,M,M,M,M,M,M,M,M,M,M,M,82.03,VOTV 242240Z AUTO 00000KT 2 1/2SM 26/23 A2985 RMK T02600230 IEM_DS3505,M
VOTV,2004-06-24 23:40,76.9500,8.4667,77.00,73.40,88.67,0.00,0.00,M,29.85,M,2.50,M,M,M,M,M,M,M,M,M,M,M,M,M,M,M,M,78.57,VOTV 242340Z AUTO 00000KT 2 1/2SM 25/23 A2985 RMK T02500230 IEM_DS3505,M
VOTV,2004-06-25 00:40,76.9500,8.4667,77.00,73.40,88.67,0.00,0.00,M,29.85,M,2.50,M,M,M,M,M,M,M,M,M,M,M,M,M,M,M,M,78.57,VOTV 250040Z AUTO 00000KT 2 1/2SM 25/23 A2985 RMK T02500230 IEM_DS3505,M
VOTV,2004-06-25 01:40,76.9500,8.4667,M,M,M,340.00,4.00,M,M,M,2.50,M,M,M,M,M,M,M,M,M,M,M,M,M,M,M,M,M,VOTV 250140Z AUTO 34004KT 2 1/2SM RMK IEM_DS3505,M
VOTV,2004-06-25 02:40,76.9500,8.4667,M,M,M,340.00,8.00,M,M,M,2.50,M,M,M,M,M,M,M,M,M,M,M,M,M,M,M,M,M,VOTV 250240Z AUTO 34008KT 2 1/2SM RMK IEM_DS3505,M
VOTV,2004-06-25 03:40,76.9500,8.4667,M,M,M,340.00,12.00,M,M,M,2.50,M,M,M,M,M,M,M,M,M,M,M,M,M,M,M,M,M,VOTV 250340Z AUTO 34012KT 2 1/2SM RMK IEM_DS3505,M
VOTV,2004-06-25 05:40,76.9500,8.4667,84.20,73.40,70.08,290.00,10.00,M,29.88,M,M,M,M,M,M,M,M,M,M,M,M,M,M,M,M,M,M,90.94,VOTV 250540Z AUTO 29010KT 29/23 A2988 RMK T02900230 IEM_DS3505,M
VOTV,2004-06-25 06:40,76.9500,8.4667,84.20,75.20,74.44,290.00,8.00,M,29.85,M,4.00,M,M,M,M,M,M,M,M,M,M,M,M,M,M,M,M,92.45,VOTV 250640Z AUTO 29008KT 4SM 29/24 A2985 RMK T02900240 IEM_DS3505,M
VOTV,2004-06-25 07:40,76.9500,8.4667,84.20,73.40,70.08,280.00,14.00,M,29.85,M,M,M,M,M,M,M,M,M,M,M,M,M,M,M,M,M,M,90.94,VOTV 250740Z AUTO 28014KT 29/23 A2985 RMK T02900230 IEM_DS3505,M
VOTV,2004-06-25 08:40,76.9500,8.4667,84.20,73.40,70.08,290.00,16.00,M,29.83,M,M,M,M,M,M,M,M,M,M,M,M,M,M,M,M,M,M,90.94,VOTV 250840Z AUTO 29016KT 29/23 A2983 RMK T02900230 IEM_DS3505,M
VOTV,2004-06-25 12:40,76.9500,8.4667,82.40,77.00,83.77,290.00,10.00,M,29.83,M,4.00,M,M,M,M,M,M,M,M,M,M,M,M,M,M,M,M,90.85,VOTV 251240Z AUTO 29010KT 4SM 28/25 A2983 RMK T02800250 IEM_DS3505,M
VOTV,2004-06-25 13:40,76.9500,8.4667,80.60,77.00,88.83,280.00,11.00,M,29.83,M,2.50,M,M,M,M,M,M,M,M,M,M,M,M,M,M,M,M,87.10,VOTV 251340Z AUTO 28011KT 2 1/2SM 27/25 A2983 RMK T02700250 IEM_DS3505,M
VOTV,2004-06-25 15:40,76.9500,8.4667,80.60,75.20,83.66,300.00,4.00,M,29.88,M,2.50,M,M,M,M,M,M,M,M,M,M,M,M,M,M,M,M,86.17,VOTV 251540Z AUTO 30004KT 2 1/2SM 27/24 A2988 RMK T02700240 IEM_DS3505,M
VOTV,2004-06-25 16:40,76.9500,8.4667,80.60,75.20,83.66,310.00,3.00,M,29.88,M,2.50,M,M,M,M,M,M,M,M,M,M,M,M,M,M,M,M,86.17,VOTV 251640Z AUTO 31003KT 2 1/2SM 27/24 A2988 RMK T02700240 IEM_DS3505,M
VOTV,2004-06-26 00:40,76.9500,8.4667,M,M,M,0.00,0.00,M,M,M,2.50,M,M,M,M,M,M,M,M,M,M,M,M,M,M,M,M,M,VOTV 260040Z AUTO 00000KT 2 1/2SM RMK IEM_DS3505,M
VOTV,2004-06-26 01:40,76.9500,8.4667,77.00,75.20,94.19,340.00,4.00,M,M,M,2.50,M,M,M,M,M,M,M,M,M,M,M,M,M,M,M,M,78.83,VOTV 260140Z AUTO 34004KT 2 1/2SM 25/24 RMK T02500240 IEM_DS3505,M
VOTV,2004-06-26 02:40,76.9500,8.4667,80.60,75.20,83.66,340.00,6.00,M,29.85,M,4.00,M,M,M,M,M,M,M,M,M,M,M,M,M,M,M,M,86.17,VOTV 260240Z AUTO 34006KT 4SM 27/24 A2985 RMK T02700240 IEM_DS3505,M
VOTV,2004-06-26 03:40,76.9500,8.4667,84.20,75.20,74.44,310.00,5.00,M,29.85,M,4.00,M,M,M,M,M,M,M,M,M,M,M,M,M,M,M,M,92.45,VOTV 260340Z AUTO 31005KT 4SM 29/24 A2985 RMK T02900240 IEM_DS3505,M
VOTV,2004-06-26 04:40,76.9500,8.4667,M,M,M,310.00,9.00,M,M,M,4.00,M,M,M,M,M,M,M,M,M,M,M,M,M,M,M,M,M,VOTV 260440Z AUTO 31009KT 4SM RMK IEM_DS3505,M
VOTV,2004-06-26 07:40,76.9500,8.4667,M,M,M,270.00,10.00,M,M,M,4.00,M,M,M,M,M,M,M,M,M,M,M,M,M,M,M,M,M,VOTV 260740Z AUTO 27010KT 4SM RMK IEM_DS3505,M
VOTV,2004-06-26 08:40,76.9500,8.4667,M,M,M,290.00,8.00,M,M,M,4.00,18.00,M,M,M,M,M,M,M,M,M,M,M,M,M,M,M,M,VOTV 260840Z AUTO 29008G18KT 4SM RMK IEM_DS3505,M
VOTV,2004-06-26 10:40,76.9500,8.4667,84.20,69.80,62.03,310.00,10.00,M,29.80,M,M,M,M,M,M,M,M,M,M,M,M,M,M,M,M,M,M,88.43,VOTV 261040Z AUTO 31010KT 29/21 A2980 RMK T02900210 IEM_DS3505,M
VOTV,2004-06-26 13:40,76.9500,8.4667,82.40,71.60,69.90,290.00,8.00,M,29.83,M,2.50,M,M,M,M,M,M,M,M,M,M,M,M,M,M,M,M,87.18,VOTV 261340Z AUTO 29008KT 2 1/2SM 28/22 A2983 RMK T02800220 IEM_DS3505,M
VOTV,2004-06-26 14:40,76.9500,8.4667,82.40,71.60,69.90,290.00,7.00,M,29.85,M,2.50,M,M,M,M,M,M,M,M,M,M,M,M,M,M,M,M,87.18,VOTV 261440Z AUTO 29007KT 2 1/2SM 28/22 A2985 RMK T02800220 IEM_DS3505,M
VOTV,2004-06-26 15:40,76.9500,8.4667,80.60,69.80,69.71,310.00,8.00,M,29.85,M,2.50,M,M,M,M,M,M,M,M,M,M,M,M,M,M,M,M,83.90,VOTV 261540Z AUTO 31008KT 2 1/2SM 27/21 A2985 RMK T02700210 IEM_DS3505,M
VOTV,2004-06-26 21:40,76.9500,8.4667,78.80,64.40,61.36,0.00,0.00,M,29.83,M,2.50,M,M,M,M,M,M,M,M,M,M,M,M,M,M,M,M,80.56,VOTV 262140Z AUTO 00000KT 2 1/2SM 26/18 A2983 RMK T02600180 IEM_DS3505,M
VOTV,2004-06-26 23:40,76.9500,8.4667,77.00,64.40,65.12,340.00,6.00,M,29.83,M,2.50,M,M,M,M,M,M,M,M,M,M,M,M,M,M,M,M,77.00,VOTV 262340Z AUTO 34006KT 2 1/2SM 25/18 A2983 RMK T02500180 IEM_DS3505,M
VOTV,2004-06-27 00:40,76.9500,8.4667,77.00,64.40,65.12,340.00,4.00,M,29.85,M,2.50,M,M,M,M,M,M,M,M,M,M,M,M,M,M,M,M,77.00,VOTV 270040Z AUTO 34004KT 2 1/2SM 25/18 A2985 RMK T02500180 IEM_DS3505,M
VOTV,2004-06-27 01:40,76.9500,8.4667,77.00,64.40,65.12,340.00,5.00,M,29.85,M,2.50,M,M,M,M,M,M,M,M,M,M,M,M,M,M,M,M,77.00,VOTV 270140Z AUTO 34005KT 2 1/2SM 25/18 A2985 RMK T02500180 IEM_DS3505,M
VOTV,2004-06-27 03:40,76.9500,8.4667,82.40,71.60,69.90,350.00,12.00,M,29.88,M,M,M,M,M,M,M,M,M,M,M,M,M,M,M,M,M,M,87.18,VOTV 270340Z AUTO 35012KT 28/22 A2988 RMK T02800220 IEM_DS3505,M
VOTV,2004-06-27 04:40,76.9500,8.4667,M,M,M,340.00,10.00,M,M,M,5.00,M,M,M,M,M,M,M,M,M,M,M,M,M,M,M,M,M,VOTV 270440Z AUTO 34010KT 5SM RMK IEM_DS3505,M
VOTV,2004-06-27 05:40,76.9500,8.4667,84.20,69.80,62.03,280.00,12.00,M,29.85,M,5.00,M,M,M,M,M,M,M,M,M,M,M,M,M,M,M,M,88.43,VOTV 270540Z AUTO 28012KT 5SM 29/21 A2985 RMK T02900210 IEM_DS3505,M
VOTV,2004-06-27 06:40,76.9500,8.4667,86.00,69.80,58.55,280.00,13.00,M,29.85,M,5.00,M,M,M,M,M,M,M,M,M,M,M,M,M,M,M,M,90.58,VOTV 270640Z AUTO 28013KT 5SM 30/21 A2985 RMK T03000210 IEM_DS3505,M
VOTV,2004-06-27 07:40,76.9500,8.4667,86.00,68.00,55.04,300.00,8.00,M,29.85,M,5.00,18.00,M,M,M,M,M,M,M,M,M,M,M,M,M,M,M,89.41,VOTV 270740Z AUTO 30008G18KT 5SM 30/20 A2985 RMK T03000200 IEM_DS3505,M
VOTV,2004-06-27 08:40,76.9500,8.4667,86.00,73.40,66.15,300.00,10.00,M,29.83,M,5.00,M,M,M,M,M,M,M,M,M,M,M,M,M,M,M,M,93.45,VOTV 270840Z AUTO 30010KT 5SM 30/23 A2983 RMK T03000230 IEM_DS3505,M
VOTV,2004-06-27 09:40,76.9500,8.4667,84.20,75.20,74.44,300.00,10.00,M,29.83,M,5.00,M,M,M,M,M,M,M,M,M,M,M,M,M,M,M,M,92.45,VOTV 270940Z AUTO 30010KT 5SM 29/24 A2983 RMK T02900240 IEM_DS3505,M
VOTV,2004-06-27 10:40,76.9500,8.4667,84.20,75.20,74.44,310.00,10.00,0.00,29.56,M,4.97,M,FEW,M,M,M,2000.00,M,M,M,M,M,M,M,M,M,M,92.45,VOTV 271040Z 31010KT 8000 FEW020 29/24 Q1001 NOSIG,M
VOTV,2004-06-27 11:40,76.9500,8.4667,84.20,75.20,74.44,290.00,8.00,M,29.80,M,5.00,M,M,M,M,M,M,M,M,M,M,M,M,M,M,M,M,92.45,VOTV 271140Z AUTO 29008KT 5SM 29/24 A2980 RMK T02900240 IEM_DS3505,M
VOTV,2004-06-27 12:40,76.9500,8.4667,80.60,75.20,83.66,310.00,5.00,M,29.83,M,4.00,M,M,M,M,M,M,M,M,M,M,M,M,M,M,M,M,86.17,VOTV 271240Z AUTO 31005KT 4SM 27/24 A2983 RMK T02700240 IEM_DS3505,M
VOTV,2004-06-27 14:40,76.9500,8.4667,80.60,75.20,83.66,290.00,3.00,M,29.85,M,2.50,M,M,M,M,M,M,M,M,M,M,M,M,M,M,M,M,86.17,VOTV 271440Z AUTO 29003KT 2 1/2SM 27/24 A2985 RMK T02700240 IEM_DS3505,M
VOTV,2004-06-28 00:40,76.9500,8.4667,77.00,75.20,94.19,0.00,0.00,M,29.85,M,2.50,M,M,M,M,M,M,M,M,M,M,M,M,M,M,M,M,78.83,VOTV 280040Z AUTO 00000KT 2 1/2SM 25/24 A2985 RMK T02500240 IEM_DS3505,M
VOTV,2004-06-28 04:40,76.9500,8.4667,78.80,75.20,88.75,330.00,3.00,M,29.88,M,2.00,M,M,M,M,M,M,M,M,M,M,M,M,M,M,M,M,82.38,VOTV 280440Z AUTO 33003KT 2SM 26/24 A2988 RMK T02600240 IEM_DS3505,M
VOTV,2004-06-28 06:40,76.9500,8.4667,M,M,M,280.00,6.00,M,M,M,3.00,M,M,M,M,M,M,M,M,M,M,M,M,M,M,M,M,M,VOTV 280640Z AUTO 28006KT 3SM RMK IEM_DS3505,M
VOTV,2004-06-28 07:40,76.9500,8.4667,M,M,M,280.00,10.00,M,M,M,2.50,M,M,M,M,M,M,M,M,M,M,M,M,M,M,M,M,M,VOTV 280740Z AUTO 28010KT 2 1/2SM RMK IEM_DS3505,M
VOTV,2004-06-28 10:40,76.9500,8.4667,M,M,M,350.00,4.00,M,M,M,2.00,M,M,M,M,M,M,M,M,M,M,M,M,M,M,M,M,M,VOTV 281040Z AUTO 35004KT 2SM RMK IEM_DS3505,M
VOTV,2004-06-28 11:40,76.9500,8.4667,M,M,M,310.00,5.00,M,M,M,2.00,M,M,M,M,M,M,M,M,M,M,M,M,M,M,M,M,M,VOTV 281140Z AUTO 31005KT 2SM RMK IEM_DS3505,M
VOTV,2004-06-28 12:40,76.9500,8.4667,M,M,M,0.00,0.00,M,M,M,2.00,M,M,M,M,M,M,M,M,M,M,M,M,M,M,M,M,M,VOTV 281240Z AUTO 00000KT 2SM RMK IEM_DS3505,M
VOTV,2004-06-28 14:40,76.9500,8.4667,M,M,M,320.00,4.00,M,M,M,2.00,M,M,M,M,M,M,M,M,M,M,M,M,M,M,M,M,M,VOTV 281440Z AUTO 32004KT 2SM RMK IEM_DS3505,M
VOTV,2004-06-29 03:40,76.9500,8.4667,M,M,M,0.00,0.00,M,M,M,2.00,M,M,M,M,M,M,M,M,M,M,M,M,M,M,M,M,M,VOTV 290340Z AUTO 00000KT 2SM RMK IEM_DS3505,M
VOTV,2004-06-29 04:40,76.9500,8.4667,M,M,M,0.00,0.00,M,M,M,2.00,M,M,M,M,M,M,M,M,M,M,M,M,M,M,M,M,M,VOTV 290440Z AUTO 00000KT 2SM RMK IEM_DS3505,M
VOTV,2004-06-29 06:40,76.9500,8.4667,M,M,M,0.00,0.00,M,M,M,3.00,M,M,M,M,M,M,M,M,M,M,M,M,M,M,M,M,M,VOTV 290640Z AUTO 00000KT 3SM RMK IEM_DS3505,M
VOTV,2004-06-29 09:40,76.9500,8.4667,M,M,M,260.00,4.00,M,M,M,1.25,M,M,M,M,M,M,M,M,M,M,M,M,M,M,M,M,M,VOTV 290940Z AUTO 26004KT 1 1/4SM RMK IEM_DS3505,M
VOTV,2004-06-29 14:40,76.9500,8.4667,78.80,75.20,88.75,0.00,0.00,M,29.83,M,2.00,M,M,M,M,M,M,M,M,M,M,M,M,M,M,M,M,82.38,VOTV 291440Z AUTO 00000KT 2SM 26/24 A2983 RMK T02600240 IEM_DS3505,M
VOTV,2004-06-29 15:40,76.9500,8.4667,78.80,75.20,88.75,0.00,0.00,M,29.85,M,2.00,M,M,M,M,M,M,M,M,M,M,M,M,M,M,M,M,82.38,VOTV 291540Z AUTO 00000KT 2SM 26/24 A2985 RMK T02600240 IEM_DS3505,M
VOTV,2004-06-29 16:40,76.9500,8.4667,78.80,75.20,88.75,0.00,0.00,M,29.85,M,2.00,M,M,M,M,M,M,M,M,M,M,M,M,M,M,M,M,82.38,VOTV 291640Z AUTO 00000KT 2SM 26/24 A2985 RMK T02600240 IEM_DS3505,M
VOTV,2004-06-29 17:40,76.9500,8.4667,78.80,75.20,88.75,0.00,0.00,0.00,29.85,M,1.86,M,FEW,SCT,BKN,M,1500.00,2000.00,25000.00,M,HZ,M,M,M,M,M,M,78.80,VOTV 291740Z 00000KT 3000 HZ FEW015 SCT020 BKN250 26/24 Q1011 NOSIG,M
VOTV,2004-06-30 00:40,76.9500,8.4667,77.00,75.20,94.19,0.00,0.00,M,29.80,M,2.00,M,M,M,M,M,M,M,M,M,M,M,M,M,M,M,M,78.83,VOTV 300040Z AUTO 00000KT 2SM 25/24 A2980 RMK T02500240 IEM_DS3505,M
VOTV,2004-06-30 01:40,76.9500,8.4667,77.00,75.20,94.19,0.00,0.00,0.00,29.83,M,1.24,M,SCT,BKN,M,M,1500.00,8000.00,M,M,M,M,M,M,M,M,M,77.00,VOTV 300140Z 00000KT 2000 HZ SCT015 FEW025CB(N NE) BKN080 25/24 Q1010 TEMPO 1500M IN HZ,M
VOTV,2004-06-30 02:40,76.9500,8.4667,M,M,M,330.00,8.00,M,M,M,2.00,M,M,M,M,M,M,M,M,M,M,M,M,M,M,M,M,M,VOTV 300240Z AUTO 33008KT 2SM RMK IEM_DS3505,M
VOTV,2004-06-30 03:40,76.9500,8.4667,80.60,75.20,83.66,320.00,5.00,M,29.85,M,4.00,M,M,M,M,M,M,M,M,M,M,M,M,M,M,M,M,86.17,VOTV 300340Z AUTO 32005KT 4SM 27/24 A2985 RMK T02700240 IEM_DS3505,M
VOTV,2004-06-30 04:40,76.9500,8.4667,M,M,M,280.00,8.00,M,M,M,4.00,M,M,M,M,M,M,M,M,M,M,M,M,M,M,M,M,M,VOTV 300440Z AUTO 28008KT 4SM RMK IEM_DS3505,M
VOTV,2004-06-30 08:40,76.9500,8.4667,84.20,75.20,74.44,290.00,10.00,M,29.80,M,4.00,M,M,M,M,M,M,M,M,M,M,M,M,M,M,M,M,92.45,VOTV 300840Z AUTO 29010KT 4SM 29/24 A2980 RMK T02900240 IEM_DS3505,M
VOTV,2004-06-30 09:40,76.9500,8.4667,82.40,75.20,78.90,290.00,10.00,M,29.77,M,4.00,M,M,M,M,M,M,M,M,M,M,M,M,M,M,M,M,89.48,VOTV 300940Z AUTO 29010KT 4SM 28/24 A2977 RMK T02800240 IEM_DS3505,M
VOTV,2004-06-30 10:40,76.9500,8.4667,82.40,73.40,74.28,300.00,12.00,M,29.77,M,4.00,M,M,M,M,M,M,M,M,M,M,M,M,M,M,M,M,88.26,VOTV 301040Z AUTO 30012KT 4SM 28/23 A2977 RMK T02800230 IEM_DS3505,M
VOTV,2004-06-30 13:40,76.9500,8.4667,80.60,73.40,78.76,290.00,5.00,M,29.80,M,2.50,M,M,M,M,M,M,M,M,M,M,M,M,M,M,M,M,85.32,VOTV 301340Z AUTO 29005KT 2 1/2SM 27/23 A2980 RMK T02700230 IEM_DS3505,M
VOTV,2004-06-30 14:40,76.9500,8.4667,M,M,M,300.00,7.00,M,M,M,2.50,M,M,M,M,M,M,M,M,M,M,M,M,M,M,M,M,M,VOTV 301440Z AUTO 30007KT 2 1/2SM RMK IEM_DS3505,M
VOTV,2004-06-30 15:40,76.9500,8.4667,M,M,M,300.00,6.00,M,M,M,2.50,M,M,M,M,M,M,M,M,M,M,M,M,M,M,M,M,M,VOTV 301540Z AUTO 30006KT 2 1/2SM RMK IEM_DS3505,M
VOTV,2004-06-30 16:40,76.9500,8.4667,M,M,M,350.00,2.00,M,M,M,2.50,M,M,M,M,M,M,M,M,M,M,M,M,M,M,M,M,M,VOTV 301640Z AUTO 35002KT 2 1/2SM RMK IEM_DS3505,M
VOTV,2004-06-30 22:40,76.9500,8.4667,77.00,75.20,94.19,M,M,0.00,29.83,M,2.49,M,FEW,SCT,M,M,1500.00,2000.00,M,M,HZ,M,M,M,M,M,M,M,VOTV 302240Z 4000 HZ FEW015 SCT020 25/24 Q1010 NO SIG,M
VOTV,2004-06-30 23:40,76.9500,8.4667,77.00,75.20,94.19,0.00,0.00,M,29.83,M,2.50,M,M,M,M,M,M,M,M,M,M,M,M,M,M,M,M,78.83,VOTV 302340Z AUTO 00000KT 2 1/2SM 25/24 A2983 RMK T02500240 IEM_DS3505,M
VOTV,2004-07-01 00:40,76.9500,8.4667,78.80,75.20,88.75,0.00,0.00,M,29.83,M,2.50,M,M,M,M,M,M,M,M,M,M,M,M,M,M,M,M,82.38,VOTV 010040Z AUTO 00000KT 2 1/2SM 26/24 A2983 RMK T02600240 IEM_DS3505,M
VOTV,2004-07-01 01:40,76.9500,8.4667,77.00,75.20,94.19,340.00,3.00,M,29.83,M,2.50,M,M,M,M,M,M,M,M,M,M,M,M,M,M,M,M,78.83,VOTV 010140Z AUTO 34003KT 2 1/2SM 25/24 A2983 RMK T02500240 IEM_DS3505,M
VOTV,2004-07-01 02:40,76.9500,8.4667,80.60,75.20,83.66,340.00,4.00,M,29.85,M,4.00,M,M,M,M,M,M,M,M,M,M,M,M,M,M,M,M,86.17,VOTV 010240Z AUTO 34004KT 4SM 27/24 A2985 RMK T02700240 IEM_DS3505,M
VOTV,2004-07-01 03:40,76.9500,8.4667,82.40,77.00,83.77,320.00,10.00,M,29.85,M,4.00,M,M,M,M,M,M,M,M,M,M,M,M,M,M,M,M,90.85,VOTV 010340Z AUTO 32010KT 4SM 28/25 A2985 RMK T02800250 IEM_DS3505,M
VOTV,2004-07-01 04:40,76.9500,8.4667,86.00,78.80,79.18,290.00,10.00,M,29.85,M,4.00,M,M,M,M,M,M,M,M,M,M,M,M,M,M,M,M,99.38,VOTV 010440Z AUTO 29010KT 4SM 30/26 A2985 RMK T03000260 IEM_DS3505,M
VOTV,2004-07-01 05:40,76.9500,8.4667,84.20,78.80,83.88,280.00,10.00,M,29.85,M,4.00,M,M,M,M,M,M,M,M,M,M,M,M,M,M,M,M,96.10,VOTV 010540Z AUTO 28010KT 4SM 29/26 A2985 RMK T02900260 IEM_DS3505,M
VOTV,2004-07-01 06:40,76.9500,8.4667,84.20,77.00,79.04,300.00,10.00,M,29.85,M,4.00,M,M,M,M,M,M,M,M,M,M,M,M,M,M,M,M,94.16,VOTV 010640Z AUTO 30010KT 4SM 29/25 A2985 RMK T02900250 IEM_DS3505,M
VOTV,2004-07-01 07:40,76.9500,8.4667,84.20,77.00,79.04,300.00,10.00,M,29.83,M,4.00,M,M,M,M,M,M,M,M,M,M,M,M,M,M,M,M,94.16,VOTV 010740Z AUTO 30010KT 4SM 29/25 A2983 RMK T02900250 IEM_DS3505,M
VOTV,2004-07-01 08:40,76.9500,8.4667,84.20,77.00,79.04,300.00,10.00,M,M,M,4.00,M,M,M,M,M,M,M,M,M,M,M,M,M,M,M,M,94.16,VOTV 010840Z AUTO 30010KT 4SM 29/25 RMK T02900250 IEM_DS3505,M
VOTV,2004-07-01 09:40,76.9500,8.4667,84.20,75.20,74.44,300.00,6.00,M,29.80,M,4.00,M,M,M,M,M,M,M,M,M,M,M,M,M,M,M,M,92.45,VOTV 010940Z AUTO 30006KT 4SM 29/24 A2980 RMK T02900240 IEM_DS3505,M
VOTV,2004-07-01 10:40,76.9500,8.4667,84.20,71.60,65.95,290.00,8.00,M,29.77,M,M,M,M,M,M,M,M,M,M,M,M,M,M,M,M,M,M,89.60,VOTV 011040Z AUTO 29008KT 29/22 A2977 RMK T02900220 IEM_DS3505,M
VOTV,2004-07-01 11:40,76.9500,8.4667,M,M,M,290.00,10.00,M,M,M,4.00,M,M,M,M,M,M,M,M,M,M,M,M,M,M,M,M,M,VOTV 011140Z AUTO 29010KT 4SM RMK IEM_DS3505,M
VOTV,2004-07-01 14:40,76.9500,8.4667,80.60,75.20,83.66,320.00,4.00,M,29.83,M,2.00,M,M,M,M,M,M,M,M,M,M,M,M,M,M,M,M,86.17,VOTV 011440Z AUTO 32004KT 2SM 27/24 A2983 RMK T02700240 IEM_DS3505,M
VOTV,2004-07-01 15:40,76.9500,8.4667,80.60,75.20,83.66,0.00,0.00,M,29.83,M,2.00,M,M,M,M,M,M,M,M,M,M,M,M,M,M,M,M,86.17,VOTV 011540Z AUTO 00000KT 2SM 27/24 A2983 RMK T02700240 IEM_DS3505,M
VOTV,2004-07-01 16:40,76.9500,8.4667,80.60,75.20,83.66,0.00,0.00,M,29.83,M,2.00,M,M,M,M,M,M,M,M,M,M,M,M,M,M,M,M,86.17,VOTV 011640Z AUTO 00000KT 2SM 27/24 A2983 RMK T02700240 IEM_DS3505,M
VOTV,2004-07-02 12:40,76.9500,8.4667,82.40,68.00,61.81,320.00,7.00,0.00,29.74,M,2.49,17.00,FEW,SCT,BKN,M,1800.00,2000.00,20000.00,M,HZ,M,M,M,M,M,M,85.38,VOTV 021240Z 32007G17KT 4000 HZ FEW018 SCT020 BKN200 28/20 Q1007 NOSIG,M
VOTV,2004-07-03 00:40,76.9500,8.4667,77.00,73.40,88.67,340.00,5.00,M,29.74,M,2.00,M,M,M,M,M,M,M,M,M,M,M,M,M,M,M,M,78.57,VOTV 030040Z AUTO 34005KT 2SM 25/23 A2974 RMK T02500230 IEM_DS3505,M
VOTV,2004-07-03 01:40,76.9500,8.4667,77.00,75.20,94.19,0.00,0.00,M,29.74,M,2.00,M,M,M,M,M,M,M,M,M,M,M,M,M,M,M,M,78.83,VOTV 030140Z AUTO 00000KT 2SM 25/24 A2974 RMK T02500240 IEM_DS3505,M
VOTV,2004-07-03 02:40,76.9500,8.4667,M,M,M,0.00,0.00,M,M,M,2.00,M,M,M,M,M,M,M,M,M,M,M,M,M,M,M,M,M,VOTV 030240Z AUTO 00000KT 2SM RMK IEM_DS3505,M
VOTV,2004-07-03 03:40,76.9500,8.4667,M,M,M,330.00,4.00,M,M,M,2.00,M,M,M,M,M,M,M,M,M,M,M,M,M,M,M,M,M,VOTV 030340Z AUTO 33004KT 2SM RMK IEM_DS3505,M
VOTV,2004-07-03 05:40,76.9500,8.4667,84.20,73.40,70.08,280.00,7.00,M,29.77,M,3.00,M,M,M,M,M,M,M,M,M,M,M,M,M,M,M,M,90.94,VOTV 030540Z AUTO 28007KT 3SM 29/23 A2977 RMK T02900230 IEM_DS3505,M
VOTV,2004-07-03 07:40,76.9500,8.4667,82.40,71.60,69.90,310.00,10.00,M,29.74,M,2.00,M,M,M,M,M,M,M,M,M,M,M,M,M,M,M,M,87.18,VOTV 030740Z AUTO 31010KT 2SM 28/22 A2974 RMK T02800220 IEM_DS3505,M
VOTV,2004-07-03 08:40,76.9500,8.4667,82.40,75.20,78.90,290.00,8.00,M,29.74,M,2.50,M,M,M,M,M,M,M,M,M,M,M,M,M,M,M,M,89.48,VOTV 030840Z AUTO 29008KT 2 1/2SM 28/24 A2974 RMK T02800240 IEM_DS3505,M
VOTV,2004-07-03 11:40,76.9500,8.4667,M,M,M,300.00,8.00,M,M,M,2.50,M,M,M,M,M,M,M,M,M,M,M,M,M,M,M,M,M,VOTV 031140Z AUTO 30008KT 2 1/2SM RMK IEM_DS3505,M
VOTV,2004-07-03 13:40,76.9500,8.4667,M,M,M,300.00,5.00,M,M,M,1.50,M,M,M,M,M,M,M,M,M,M,M,M,M,M,M,M,M,VOTV 031340Z AUTO 30005KT 1 1/2SM RMK IEM_DS3505,M
VOTV,2004-07-03 14:40,76.9500,8.4667,M,M,M,220.00,3.00,M,M,M,1.50,M,M,M,M,M,M,M,M,M,M,M,M,M,M,M,M,M,VOTV 031440Z AUTO 22003KT 1 1/2SM RMK IEM_DS3505,M
VOTV,2004-07-03 16:40,76.9500,8.4667,77.00,73.40,88.67,0.00,0.00,0.00,29.77,M,1.55,M,FEW,SCT,FEW,BKN,1200.00,2000.00,2500.00,3000.00,HZ,M,M,M,M,M,M,77.00,VOTV 031640Z 00000KT 2500 HZ FEW012 SCT020 FEW025CB (S SW E) BKN030 25/23 Q1008 NOSIG,M
VOTV,2004-07-03 23:40,76.9500,8.4667,M,M,M,330.00,2.00,M,M,M,2.00,M,M,M,M,M,M,M,M,M,M,M,M,M,M,M,M,M,VOTV 032340Z AUTO 33002KT 2SM RMK IEM_DS3505,M
VOTV,2004-07-04 03:40,76.9500,8.4667,82.40,71.60,69.90,310.00,8.00,M,29.77,M,M,M,M,M,M,M,M,M,M,M,M,M,M,M,M,M,M,87.18,VOTV 040340Z AUTO 31008KT 28/22 A2977 RMK T02800220 IEM_DS3505,M
VOTV,2004-07-04 05:40,76.9500,8.4667,M,M,M,310.00,9.00,M,M,M,4.00,M,M,M,M,M,M,M,M,M,M,M,M,M,M,M,M,M,VOTV 040540Z AUTO 31009KT 4SM RMK IEM_DS3505,M
VOTV,2004-07-04 07:40,76.9500,8.4667,86.00,73.40,66.15,300.00,8.00,0.00,29.74,M,3.73,18.00,FEW,SCT,M,M,1500.00,2000.00,M,M,M,M,M,M,M,M,M,93.45,VOTV 040740Z 30008G18KT 6000 FEW015 SCT020 30/23 Q1007 NOSIG,M
VOTV,2004-07-04 09:40,76.9500,8.4667,84.20,73.40,70.08,310.00,10.00,M,29.71,M,M,20.00,M,M,M,M,M,M,M,M,M,M,M,M,M,M,M,90.94,VOTV 040940Z AUTO 31010G20KT 29/23 A2971 RMK T02900230 IEM_DS3505,M
VOTV,2004-07-04 10:40,76.9500,8.4667,84.20,73.40,70.08,290.00,6.00,M,29.71,M,M,M,M,M,M,M,M,M,M,M,M,M,M,M,M,M,M,90.94,VOTV 041040Z AUTO 29006KT 29/23 A2971 RMK T02900230 IEM_DS3505,M
VOTV,2004-07-04 11:40,76.9500,8.4667,84.20,73.40,70.08,290.00,10.00,M,29.71,M,M,20.00,M,M,M,M,M,M,M,M,M,M,M,M,M,M,M,90.94,VOTV 041140Z AUTO 29010G20KT 29/23 A2971 RMK T02900230 IEM_DS3505,M
VOTV,2004-07-04 12:40,76.9500,8.4667,82.40,73.40,74.28,300.00,8.00,M,29.71,M,2.50,M,M,M,M,M,M,M,M,M,M,M,M,M,M,M,M,88.26,VOTV 041240Z AUTO 30008KT 2 1/2SM 28/23 A2971 RMK T02800230 IEM_DS3505,M
VOTV,2004-07-04 13:40,76.9500,8.4667,82.40,73.40,74.28,310.00,10.00,M,29.74,M,2.50,M,M,M,M,M,M,M,M,M,M,M,M,M,M,M,M,88.26,VOTV 041340Z AUTO 31010KT 2 1/2SM 28/23 A2974 RMK T02800230 IEM_DS3505,M
VOTV,2004-07-04 14:40,76.9500,8.4667,82.40,73.40,74.28,300.00,6.00,M,29.77,M,2.50,M,M,M,M,M,M,M,M,M,M,M,M,M,M,M,M,88.26,VOTV 041440Z AUTO 30006KT 2 1/2SM 28/23 A2977 RMK T02800230 IEM_DS3505,M
VOTV,2004-07-04 22:40,76.9500,8.4667,M,M,M,340.00,4.00,M,M,M,2.50,M,M,M,M,M,M,M,M,M,M,M,M,M,M,M,M,M,VOTV 042240Z AUTO 34004KT 2 1/2SM RMK IEM_DS3505,M
VOTV,2004-07-04 23:40,76.9500,8.4667,78.80,73.40,83.55,10.00,5.00,M,29.74,M,2.50,M,M,M,M,M,M,M,M,M,M,M,M,M,M,M,M,82.03,VOTV 042340Z AUTO 01005KT 2 1/2SM 26/23 A2974 RMK T02600230 IEM_DS3505,M
VOTV,2004-07-05 00:40,76.9500,8.4667,78.80,73.40,83.55,340.00,3.00,M,29.77,M,2.50,M,M,M,M,M,M,M,M,M,M,M,M,M,M,M,M,82.03,VOTV 050040Z AUTO 34003KT 2 1/2SM 26/23 A2977 RMK T02600230 IEM_DS3505,M
VOTV,2004-07-05 01:40,76.9500,8.4667,77.00,75.20,94.19,0.00,0.00,M,29.77,M,2.50,M,M,M,M,M,M,M,M,M,M,M,M,M,M,M,M,78.83,VOTV 050140Z AUTO 00000KT 2 1/2SM 25/24 A2977 RMK T02500240 IEM_DS3505,M
VOTV,2004-07-05 03:40,76.9500,8.4667,M,M,M,320.00,8.00,M,M,M,4.00,M,M,M,M,M,M,M,M,M,M,M,M,M,M,M,M,M,VOTV 050340Z AUTO 32008KT 4SM RMK IEM_DS3505,M
VOTV,2004-07-05 04:40,76.9500,8.4667,M,M,M,290.00,7.00,M,M,M,4.00,M,M,M,M,M,M,M,M,M,M,M,M,M,M,M,M,M,VOTV 050440Z AUTO 29007KT 4SM RMK IEM_DS3505,M
VOTV,2004-07-05 05:40,76.9500,8.4667,84.20,77.00,79.04,310.00,10.00,0.00,29.80,M,3.73,20.00,FEW,SCT,BKN,M,1500.00,2000.00,20000.00,M,M,M,M,M,M,M,M,94.16,VOTV 050540Z 31010G20KT 6000 FEW015 SCT020 FEW025TCU(N) BKN200 29/25 Q1009 NOSIG,M
VOTV,2004-07-05 06:40,76.9500,8.4667,M,M,M,290.00,8.00,M,M,M,4.00,M,M,M,M,M,M,M,M,M,M,M,M,M,M,M,M,M,VOTV 050640Z AUTO 29008KT 4SM RMK IEM_DS3505,M
VOTV,2004-07-05 07:40,76.9500,8.4667,86.00,77.00,74.61,270.00,10.00,0.00,29.77,M,3.73,M,FEW,SCT,BKN,M,1500.00,2000.00,20000.00,M,M,M,M,M,M,M,M,97.15,VOTV 050740Z 27010KT 6000 FEW015 SCT020 FEW025TCU(E N) BKN200 30/25 Q1008 NOSIG,M
VOTV,2004-07-05 08:40,76.9500,8.4667,86.00,77.00,74.61,290.00,12.00,M,29.77,M,4.00,M,M,M,M,M,M,M,M,M,M,M,M,M,M,M,M,97.15,VOTV 050840Z AUTO 29012KT 4SM 30/25 A2977 RMK T03000250 IEM_DS3505,M
VOTV,2004-07-05 09:40,76.9500,8.4667,86.00,77.00,74.61,270.00,10.00,M,29.74,M,4.00,M,M,M,M,M,M,M,M,M,M,M,M,M,M,M,M,97.15,VOTV 050940Z AUTO 27010KT 4SM 30/25 A2974 RMK T03000250 IEM_DS3505,M
VOTV,2004-07-05 11:40,76.9500,8.4667,84.20,75.20,74.44,300.00,10.00,M,29.71,M,4.00,M,M,M,M,M,M,M,M,M,M,M,M,M,M,M,M,92.45,VOTV 051140Z AUTO 30010KT 4SM 29/24 A2971 RMK T02900240 IEM_DS3505,M
VOTV,2004-07-05 14:40,76.9500,8.4667,80.60,73.40,78.76,310.00,6.00,M,29.77,M,4.00,M,M,M,M,M,M,M,M,M,M,M,M,M,M,M,M,85.32,VOTV 051440Z AUTO 31006KT 4SM 27/23 A2977 RMK T02700230 IEM_DS3505,M
VOTV,2004-07-06 00:40,76.9500,8.4667,77.00,73.40,88.67,0.00,0.00,M,29.80,M,2.50,M,M,M,M,M,M,M,M,M,M,M,M,M,M,M,M,78.57,VOTV 060040Z AUTO 00000KT 2 1/2SM 25/23 A2980 RMK T02500230 IEM_DS3505,M
VOTV,2004-07-06 01:40,76.9500,8.4667,77.00,73.40,88.67,0.00,0.00,M,29.74,M,2.50,M,M,M,M,M,M,M,M,M,M,M,M,M,M,M,M,78.57,VOTV 060140Z AUTO 00000KT 2 1/2SM 25/23 A2974 RMK T02500230 IEM_DS3505,M
VOTV,2004-07-06 02:40,76.9500,8.4667,78.80,75.20,88.75,290.00,6.00,0.00,29.80,M,2.49,M,FEW,BKN,M,M,1500.00,20000.00,M,M,HZ,M,M,M,M,M,M,78.80,VOTV 060240Z 29006KT 4000 HZ FEW015 BKN200 26/24 Q1009 NOSIG,M
VOTV,2004-07-06 03:40,76.9500,8.4667,M,M,M,320.00,6.00,M,M,M,4.00,M,M,M,M,M,M,M,M,M,M,M,M,M,M,M,M,M,VOTV 060340Z AUTO 32006KT 4SM RMK IEM_DS3505,M
VOTV,2004-07-06 04:40,76.9500,8.4667,M,M,M,290.00,7.00,M,M,M,4.00,M,M,M,M,M,M,M,M,M,M,M,M,M,M,M,M,M,VOTV 060440Z AUTO 29007KT 4SM RMK IEM_DS3505,M
VOTV,2004-07-06 06:40,76.9500,8.4667,M,M,M,250.00,8.00,M,M,M,4.00,M,M,M,M,M,M,M,M,M,M,M,M,M,M,M,M,M,VOTV 060640Z AUTO 25008KT 4SM RMK IEM_DS3505,M
VOTV,2004-07-06 07:40,76.9500,8.4667,86.00,77.00,74.61,260.00,5.00,M,29.80,M,4.00,M,M,M,M,M,M,M,M,M,M,M,M,M,M,M,M,97.15,VOTV 060740Z AUTO 26005KT 4SM 30/25 A2980 RMK T03000250 IEM_DS3505,M
VOTV,2004-07-06 08:40,76.9500,8.4667,M,M,M,290.00,9.00,M,M,M,4.00,M,M,M,M,M,M,M,M,M,M,M,M,M,M,M,M,M,VOTV 060840Z AUTO 29009KT 4SM RMK IEM_DS3505,M
VOTV,2004-07-06 09:40,76.9500,8.4667,M,M,M,290.00,8.00,M,M,M,4.00,M,M,M,M,M,M,M,M,M,M,M,M,M,M,M,M,M,VOTV 060940Z AUTO 29008KT 4SM RMK IEM_DS3505,M
VOTV,2004-07-06 10:40,76.9500,8.4667,82.40,73.40,74.28,290.00,11.00,M,29.74,M,4.00,M,M,M,M,M,M,M,M,M,M,M,M,M,M,M,M,88.26,VOTV 061040Z AUTO 29011KT 4SM 28/23 A2974 RMK T02800230 IEM_DS3505,M
VOTV,2004-07-06 12:40,76.9500,8.4667,82.40,75.20,78.90,270.00,6.00,M,29.77,M,4.00,M,M,M,M,M,M,M,M,M,M,M,M,M,M,M,M,89.48,VOTV 061240Z AUTO 27006KT 4SM 28/24 A2977 RMK T02800240 IEM_DS3505,M
VOTV,2004-07-06 14:40,76.9500,8.4667,80.60,73.40,78.76,310.00,6.00,M,29.80,M,4.00,M,M,M,M,M,M,M,M,M,M,M,M,M,M,M,M,85.32,VOTV 061440Z AUTO 31006KT 4SM 27/23 A2980 RMK T02700230 IEM_DS3505,M
VOTV,2004-07-07 00:40,76.9500,8.4667,77.00,75.20,94.19,290.00,8.00,M,29.77,M,2.50,M,M,M,M,M,M,M,M,M,M,M,M,M,M,M,M,78.83,VOTV 070040Z AUTO 29008KT 2 1/2SM 25/24 A2977 RMK T02500240 IEM_DS3505,M
VOTV,2004-07-07 02:40,76.9500,8.4667,75.20,75.20,100.00,10.00,3.00,M,29.80,M,1.50,M,M,M,M,M,M,M,M,M,M,M,M,M,M,M,M,77.12,VOTV 070240Z AUTO 01003KT 1 1/2SM 24/24 A2980 RMK T02400240 IEM_DS3505,M
VOTV,2004-07-07 04:40,76.9500,8.4667,77.00,75.20,94.19,0.00,0.00,M,29.83,M,2.00,M,M,M,M,M,M,M,M,M,M,M,M,M,M,M,M,78.83,VOTV 070440Z AUTO 00000KT 2SM 25/24 A2983 RMK T02500240 IEM_DS3505,M
VOTV,2004-07-07 06:40,76.9500,8.4667,78.80,75.20,88.75,40.00,3.00,M,29.83,M,2.50,M,M,M,M,M,M,M,M,M,M,M,M,M,M,M,M,82.38,VOTV 070640Z AUTO 04003KT 2 1/2SM 26/24 A2983 RMK T02600240 IEM_DS3505,M
VOTV,2004-07-07 07:40,76.9500,8.4667,78.80,73.40,83.55,330.00,5.00,M,29.80,M,2.50,M,M,M,M,M,M,M,M,M,M,M,M,M,M,M,M,82.03,VOTV 070740Z AUTO 33005KT 2 1/2SM 26/23 A2980 RMK T02600230 IEM_DS3505,M
VOTV,2004-07-07 08:40,76.9500,8.4667,80.60,75.20,83.66,310.00,6.00,M,29.80,M,4.00,M,M,M,M,M,M,M,M,M,M,M,M,M,M,M,M,86.17,VOTV 070840Z AUTO 31006KT 4SM 27/24 A2980 RMK T02700240 IEM_DS3505,M
VOTV,2004-07-07 10:40,76.9500,8.4667,80.60,75.20,83.66,310.00,8.00,M,29.74,M,4.00,M,M,M,M,M,M,M,M,M,M,M,M,M,M,M,M,86.17,VOTV 071040Z AUTO 31008KT 4SM 27/24 A2974 RMK T02700240 IEM_DS3505,M
VOTV,2004-07-07 11:40,76.9500,8.4667,84.20,75.20,74.44,300.00,5.00,M,29.74,M,4.00,M,M,M,M,M,M,M,M,M,M,M,M,M,M,M,M,92.45,VOTV 071140Z AUTO 30005KT 4SM 29/24 A2974 RMK T02900240 IEM_DS3505,M
VOTV,2004-07-07 12:40,76.9500,8.4667,82.40,73.40,74.28,300.00,6.00,M,29.74,M,2.50,M,M,M,M,M,M,M,M,M,M,M,M,M,M,M,M,88.26,VOTV 071240Z AUTO 30006KT 2 1/2SM 28/23 A2974 RMK T02800230 IEM_DS3505,M
VOTV,2004-07-07 13:40,76.9500,8.4667,82.40,75.20,78.90,330.00,3.00,M,29.74,M,2.50,M,M,M,M,M,M,M,M,M,M,M,M,M,M,M,M,89.48,VOTV 071340Z AUTO 33003KT 2 1/2SM 28/24 A2974 RMK T02800240 IEM_DS3505,M
VOTV,2004-07-07 14:40,76.9500,8.4667,82.40,77.00,83.77,0.00,0.00,M,29.77,M,2.50,M,M,M,M,M,M,M,M,M,M,M,M,M,M,M,M,90.85,VOTV 071440Z AUTO 00000KT 2 1/2SM 28/25 A2977 RMK T02800250 IEM_DS3505,M
VOTV,2004-07-07 16:40,76.9500,8.4667,82.40,77.00,83.77,0.00,0.00,M,29.80,M,2.00,M,M,M,M,M,M,M,M,M,M,M,M,M,M,M,M,90.85,VOTV 071640Z AUTO 00000KT 2SM 28/25 A2980 RMK T02800250 IEM_DS3505,M
VOTV,2004-07-07 23:40,76.9500,8.4667,78.80,75.20,88.75,0.00,0.00,M,29.77,M,2.00,M,M,M,M,M,M,M,M,M,M,M,M,M,M,M,M,82.38,VOTV 072340Z AUTO 00000KT 2SM 26/24 A2977 RMK T02600240 IEM_DS3505,M
VOTV,2004-07-08 00:40,76.9500,8.4667,77.00,75.20,94.19,0.00,0.00,M,29.77,M,2.00,M,M,M,M,M,M,M,M,M,M,M,M,M,M,M,M,78.83,VOTV 080040Z AUTO 00000KT 2SM 25/24 A2977 RMK T02500240 IEM_DS3505,M
VOTV,2004-07-08 01:40,76.9500,8.4667,78.80,75.20,88.75,0.00,0.00,M,29.80,M,2.00,M,M,M,M,M,M,M,M,M,M,M,M,M,M,M,M,82.38,VOTV 080140Z AUTO 00000KT 2SM 26/24 A2980 RMK T02600240 IEM_DS3505,M
VOTV,2004-07-08 04:40,76.9500,8.4667,84.20,75.20,74.44,320.00,6.00,M,29.80,M,4.00,M,M,M,M,M,M,M,M,M,M,M,M,M,M,M,M,92.45,VOTV 080440Z AUTO 32006KT 4SM 29/24 A2980 RMK T02900240 IEM_DS3505,M
VOTV,2004-07-08 06:40,76.9500,8.4667,84.20,77.00,79.04,270.00,7.00,M,29.80,M,3.00,M,M,M,M,M,M,M,M,M,M,M,M,M,M,M,M,94.16,VOTV 080640Z AUTO 27007KT 3SM 29/25 A2980 RMK T02900250 IEM_DS3505,M
VOTV,2004-07-08 07:40,76.9500,8.4667,M,M,M,290.00,6.00,M,M,M,3.00,M,M,M,M,M,M,M,M,M,M,M,M,M,M,M,M,M,VOTV 080740Z AUTO 29006KT 3SM RMK IEM_DS3505,M
VOTV,2004-07-08 08:40,76.9500,8.4667,M,M,M,280.00,8.00,M,M,M,3.00,M,M,M,M,M,M,M,M,M,M,M,M,M,M,M,M,M,VOTV 080840Z AUTO 28008KT 3SM RMK IEM_DS3505,M
VOTV,2004-07-08 09:40,76.9500,8.4667,M,M,M,270.00,8.00,M,M,M,3.00,M,M,M,M,M,M,M,M,M,M,M,M,M,M,M,M,M,VOTV 080940Z AUTO 27008KT 3SM RMK IEM_DS3505,M
VOTV,2004-07-08 10:40,76.9500,8.4667,M,M,M,280.00,10.00,M,M,M,3.00,M,M,M,M,M,M,M,M,M,M,M,M,M,M,M,M,M,VOTV 081040Z AUTO 28010KT 3SM RMK IEM_DS3505,M
VOTV,2004-07-08 11:40,76.9500,8.4667,M,M,M,280.00,5.00,M,M,M,3.00,M,M,M,M,M,M,M,M,M,M,M,M,M,M,M,M,M,VOTV 081140Z AUTO 28005KT 3SM RMK IEM_DS3505,M
VOTV,2004-07-08 13:40,76.9500,8.4667,M,M,M,310.00,8.00,M,M,M,2.50,M,M,M,M,M,M,M,M,M,M,M,M,M,M,M,M,M,VOTV 081340Z AUTO 31008KT 2 1/2SM RMK IEM_DS3505,M
VOTV,2004-07-08 14:40,76.9500,8.4667,M,M,M,340.00,4.00,M,M,M,2.50,M,M,M,M,M,M,M,M,M,M,M,M,M,M,M,M,M,VOTV 081440Z AUTO 34004KT 2 1/2SM RMK IEM_DS3505,M
VOTV,2004-07-08 15:40,76.9500,8.4667,M,M,M,350.00,4.00,M,M,M,2.50,M,M,M,M,M,M,M,M,M,M,M,M,M,M,M,M,M,VOTV 081540Z AUTO 35004KT 2 1/2SM RMK IEM_DS3505,M
VOTV,2004-07-08 23:40,76.9500,8.4667,M,M,M,0.00,0.00,M,M,M,2.00,M,M,M,M,M,M,M,M,M,M,M,M,M,M,M,M,M,VOTV 082340Z AUTO 00000KT 2SM RMK IEM_DS3505,M
VOTV,2004-07-09 00:40,76.9500,8.4667,M,M,M,0.00,0.00,M,M,M,2.00,M,M,M,M,M,M,M,M,M,M,M,M,M,M,M,M,M,VOTV 090040Z AUTO 00000KT 2SM RMK IEM_DS3505,M
VOTV,2004-07-09 01:40,76.9500,8.4667,M,M,M,0.00,0.00,M,M,M,2.00,M,M,M,M,M,M,M,M,M,M,M,M,M,M,M,M,M,VOTV 090140Z AUTO 00000KT 2SM RMK IEM_DS3505,M
VOTV,2004-07-09 02:40,76.9500,8.4667,M,M,M,270.00,4.00,M,M,M,1.00,M,M,M,M,M,M,M,M,M,M,M,M,M,M,M,M,M,VOTV 090240Z AUTO 27004KT 1SM RMK IEM_DS3505,M
VOTV,2004-07-09 04:40,76.9500,8.4667,M,M,M,320.00,5.00,M,M,M,1.50,M,M,M,M,M,M,M,M,M,M,M,M,M,M,M,M,M,VOTV 090440Z AUTO 32005KT 1 1/2SM RMK IEM_DS3505,M
VOTV,2004-07-09 05:40,76.9500,8.4667,M,M,M,340.00,5.00,M,M,M,1.50,M,M,M,M,M,M,M,M,M,M,M,M,M,M,M,M,M,VOTV 090540Z AUTO 34005KT 1 1/2SM RMK IEM_DS3505,M
VOTV,2004-07-09 06:40,76.9500,8.4667,M,M,M,310.00,6.00,M,M,M,2.00,M,M,M,M,M,M,M,M,M,M,M,M,M,M,M,M,M,VOTV 090640Z AUTO 31006KT 2SM RMK IEM_DS3505,M
VOTV,2004-07-09 07:40,76.9500,8.4667,80.60,75.20,83.66,340.00,10.00,M,29.80,M,2.50,M,M,M,M,M,M,M,M,M,M,M,M,M,M,M,M,86.17,VOTV 090740Z AUTO 34010KT 2 1/2SM 27/24 A2980 RMK T02700240 IEM_DS3505,M
VOTV,2004-07-09 08:40,76.9500,8.4667,80.60,75.20,83.66,330.00,14.00,0.00,29.80,M,3.11,M,SCT,SCT,FEW,BKN,1200.00,1500.00,2500.00,10000.00,HZ,M,M,M,M,M,M,86.17,VOTV 090840Z 33014KT 5000 HZ SCT012 SCT015 FEW025CB BKN100 27/24 Q1009 NOSIG,M
VOTV,2004-07-09 09:40,76.9500,8.4667,80.60,75.20,83.66,320.00,12.00,M,29.77,M,3.00,M,M,M,M,M,M,M,M,M,M,M,M,M,M,M,M,86.17,VOTV 090940Z AUTO 32012KT 3SM 27/24 A2977 RMK T02700240 IEM_DS3505,M
VOTV,2004-07-09 10:40,76.9500,8.4667,80.60,75.20,83.66,340.00,8.00,M,29.74,M,3.00,M,M,M,M,M,M,M,M,M,M,M,M,M,M,M,M,86.17,VOTV 091040Z AUTO 34008KT 3SM 27/24 A2974 RMK T02700240 IEM_DS3505,M
VOTV,2004-07-09 14:40,76.9500,8.4667,78.80,75.20,88.75,340.00,9.00,M,29.77,M,2.50,M,M,M,M,M,M,M,M,M,M,M,M,M,M,M,M,82.38,VOTV 091440Z AUTO 34009KT 2 1/2SM 26/24 A2977 RMK T02600240 IEM_DS3505,M
VOTV,2004-07-09 16:40,76.9500,8.4667,78.80,75.20,88.75,360.00,4.00,M,29.80,M,2.50,M,M,M,M,M,M,M,M,M,M,M,M,M,M,M,M,82.38,VOTV 091640Z AUTO 36004KT 2 1/2SM 26/24 A2980 RMK T02600240 IEM_DS3505,M
VOTV,2004-07-10 00:40,76.9500,8.4667,77.00,75.20,94.19,0.00,0.00,M,29.77,M,2.50,M,M,M,M,M,M,M,M,M,M,M,M,M,M,M,M,78.83,VOTV 100040Z AUTO 00000KT 2 1/2SM 25/24 A2977 RMK T02500240 IEM_DS3505,M
VOTV,2004-07-10 01:40,76.9500,8.4667,77.00,75.20,94.19,340.00,3.00,M,29.80,M,2.50,M,M,M,M,M,M,M,M,M,M,M,M,M,M,M,M,78.83,VOTV 100140Z AUTO 34003KT 2 1/2SM 25/24 A2980 RMK T02500240 IEM_DS3505,M
VOTV,2004-07-10 03:40,76.9500,8.4667,82.40,75.20,78.90,340.00,8.00,M,29.80,M,4.00,M,M,M,M,M,M,M,M,M,M,M,M,M,M,M,M,89.48,VOTV 100340Z AUTO 34008KT 4SM 28/24 A2980 RMK T02800240 IEM_DS3505,M
VOTV,2004-07-10 04:40,76.9500,8.4667,84.20,75.20,74.44,330.00,6.00,M,29.83,M,4.00,M,M,M,M,M,M,M,M,M,M,M,M,M,M,M,M,92.45,VOTV 100440Z AUTO 33006KT 4SM 29/24 A2983 RMK T02900240 IEM_DS3505,M
VOTV,2004-07-10 06:40,76.9500,8.4667,M,M,M,300.00,8.00,M,M,M,4.00,M,M,M,M,M,M,M,M,M,M,M,M,M,M,M,M,M,VOTV 100640Z AUTO 30008KT 4SM RMK IEM_DS3505,M
VOTV,2004-07-10 07:40,76.9500,8.4667,M,M,M,280.00,8.00,M,M,M,4.00,M,M,M,M,M,M,M,M,M,M,M,M,M,M,M,M,M,VOTV 100740Z AUTO 28008KT 4SM RMK IEM_DS3505,M
VOTV,2004-07-10 08:40,76.9500,8.4667,M,M,M,290.00,11.00,M,M,M,4.00,M,M,M,M,M,M,M,M,M,M,M,M,M,M,M,M,M,VOTV 100840Z AUTO 29011KT 4SM RMK IEM_DS3505,M
VOTV,2004-07-10 09:40,76.9500,8.4667,M,M,M,290.00,9.00,M,M,M,4.00,M,M,M,M,M,M,M,M,M,M,M,M,M,M,M,M,M,VOTV 100940Z AUTO 29009KT 4SM RMK IEM_DS3505,M
VOTV,2004-07-10 11:40,76.9500,8.4667,82.40,75.20,78.90,310.00,8.00,M,29.74,M,4.00,M,M,M,M,M,M,M,M,M,M,M,M,M,M,M,M,89.48,VOTV 101140Z AUTO 31008KT 4SM 28/24 A2974 RMK T02800240 IEM_DS3505,M
VOTV,2004-07-10 12:40,76.9500,8.4667,80.60,75.20,83.66,270.00,6.00,M,29.74,M,4.00,M,M,M,M,M,M,M,M,M,M,M,M,M,M,M,M,86.17,VOTV 101240Z AUTO 27006KT 4SM 27/24 A2974 RMK T02700240 IEM_DS3505,M
VOTV,2004-07-10 15:40,76.9500,8.4667,80.60,73.40,78.76,300.00,4.00,0.00,29.80,M,3.73,M,SCT,SCT,M,M,1800.00,10000.00,M,M,M,M,M,M,M,M,M,85.32,VOTV 101540Z 30004KT 6000 SCT018 SCT100 27/23 Q1009 NOSIG,M
VOTV,2004-07-10 16:40,76.9500,8.4667,80.60,73.40,78.76,340.00,4.00,M,29.83,M,4.00,M,M,M,M,M,M,M,M,M,M,M,M,M,M,M,M,85.32,VOTV 101640Z AUTO 34004KT 4SM 27/23 A2983 RMK T02700230 IEM_DS3505,M
VOTV,2004-07-11 00:40,76.9500,8.4667,77.00,73.40,88.67,330.00,4.00,M,29.77,M,2.50,M,M,M,M,M,M,M,M,M,M,M,M,M,M,M,M,78.57,VOTV 110040Z AUTO 33004KT 2 1/2SM 25/23 A2977 RMK T02500230 IEM_DS3505,M
VOTV,2004-07-11 01:40,76.9500,8.4667,77.00,73.40,88.67,330.00,3.00,M,29.80,M,2.50,M,M,M,M,M,M,M,M,M,M,M,M,M,M,M,M,78.57,VOTV 110140Z AUTO 33003KT 2 1/2SM 25/23 A2980 RMK T02500230 IEM_DS3505,M
VOTV,2004-07-11 02:40,76.9500,8.4667,80.60,69.80,69.71,340.00,6.00,M,29.80,M,2.50,M,M,M,M,M,M,M,M,M,M,M,M,M,M,M,M,83.90,VOTV 110240Z AUTO 34006KT 2 1/2SM 27/21 A2980 RMK T02700210 IEM_DS3505,M
VOTV,2004-07-11 03:40,76.9500,8.4667,80.60,69.80,69.71,330.00,8.00,M,29.83,M,2.50,M,M,M,M,M,M,M,M,M,M,M,M,M,M,M,M,83.90,VOTV 110340Z AUTO 33008KT 2 1/2SM 27/21 A2983 RMK T02700210 IEM_DS3505,M
VOTV,2004-07-11 06:40,76.9500,8.4667,82.40,73.40,74.28,280.00,10.00,M,29.80,M,4.00,M,M,M,M,M,M,M,M,M,M,M,M,M,M,M,M,88.26,VOTV 110640Z AUTO 28010KT 4SM 28/23 A2980 RMK T02800230 IEM_DS3505,M
VOTV,2004-07-11 07:40,76.9500,8.4667,86.00,75.20,70.27,310.00,8.00,M,29.77,M,M,M,M,M,M,M,M,M,M,M,M,M,M,M,M,M,M,95.19,VOTV 110740Z AUTO 31008KT 30/24 A2977 RMK T03000240 IEM_DS3505,M
VOTV,2004-07-11 08:40,76.9500,8.4667,82.40,73.40,74.28,280.00,9.00,M,29.77,M,4.00,M,M,M,M,M,M,M,M,M,M,M,M,M,M,M,M,88.26,VOTV 110840Z AUTO 28009KT 4SM 28/23 A2977 RMK T02800230 IEM_DS3505,M
VOTV,2004-07-11 10:40,76.9500,8.4667,M,M,M,290.00,10.00,M,M,M,3.00,M,M,M,M,M,M,M,M,M,M,M,M,M,M,M,M,M,VOTV 111040Z AUTO 29010KT 3SM RMK IEM_DS3505,M
VOTV,2004-07-11 11:40,76.9500,8.4667,M,M,M,290.00,10.00,M,M,M,3.00,M,M,M,M,M,M,M,M,M,M,M,M,M,M,M,M,M,VOTV 111140Z AUTO 29010KT 3SM RMK IEM_DS3505,M
VOTV,2004-07-11 12:40,76.9500,8.4667,M,M,M,320.00,9.00,M,M,M,3.00,M,M,M,M,M,M,M,M,M,M,M,M,M,M,M,M,M,VOTV 111240Z AUTO 32009KT 3SM RMK IEM_DS3505,M
VOTV,2004-07-11 14:40,76.9500,8.4667,M,M,M,300.00,8.00,M,M,M,2.50,M,M,M,M,M,M,M,M,M,M,M,M,M,M,M,M,M,VOTV 111440Z AUTO 30008KT 2 1/2SM RMK IEM_DS3505,M
VOTV,2004-07-11 15:40,76.9500,8.4667,M,M,M,300.00,8.00,M,M,M,2.50,M,M,M,M,M,M,M,M,M,M,M,M,M,M,M,M,M,VOTV 111540Z AUTO 30008KT 2 1/2SM RMK IEM_DS3505,M
VOTV,2004-07-11 16:40,76.9500,8.4667,M,M,M,330.00,4.00,M,M,M,2.50,M,M,M,M,M,M,M,M,M,M,M,M,M,M,M,M,M,VOTV 111640Z AUTO 33004KT 2 1/2SM RMK IEM_DS3505,M
VOTV,2004-07-11 23:40,76.9500,8.4667,77.00,73.40,88.67,0.00,0.00,M,29.77,M,2.50,M,M,M,M,M,M,M,M,M,M,M,M,M,M,M,M,78.57,VOTV 112340Z AUTO 00000KT 2 1/2SM 25/23 A2977 RMK T02500230 IEM_DS3505,M
VOTV,2004-07-12 00:40,76.9500,8.4667,77.00,73.40,88.67,0.00,0.00,M,29.77,M,2.50,M,M,M,M,M,M,M,M,M,M,M,M,M,M,M,M,78.57,VOTV 120040Z AUTO 00000KT 2 1/2SM 25/23 A2977 RMK T02500230 IEM_DS3505,M
VOTV,2004-07-12 02:40,76.9500,8.4667,78.80,73.40,83.55,0.00,0.00,M,29.83,M,2.00,M,M,M,M,M,M,M,M,M,M,M,M,M,M,M,M,82.03,VOTV 120240Z AUTO 00000KT 2SM 26/23 A2983 RMK T02600230 IEM_DS3505,M
VOTV,2004-07-12 04:40,76.9500,8.4667,82.40,73.40,74.28,340.00,6.00,M,29.83,M,4.00,M,M,M,M,M,M,M,M,M,M,M,M,M,M,M,M,88.26,VOTV 120440Z AUTO 34006KT 4SM 28/23 A2983 RMK T02800230 IEM_DS3505,M
VOTV,2004-07-12 05:40,76.9500,8.4667,84.20,73.40,70.08,280.00,7.00,M,29.83,M,M,M,M,M,M,M,M,M,M,M,M,M,M,M,M,M,M,90.94,VOTV 120540Z AUTO 28007KT 29/23 A2983 RMK T02900230 IEM_DS3505,M
VOTV,2004-07-12 06:40,76.9500,8.4667,82.40,73.40,74.28,280.00,6.00,M,29.83,M,3.00,M,M,M,M,M,M,M,M,M,M,M,M,M,M,M,M,88.26,VOTV 120640Z AUTO 28006KT 3SM 28/23 A2983 RMK T02800230 IEM_DS3505,M
VOTV,2004-07-12 07:40,76.9500,8.4667,82.40,73.40,74.28,280.00,9.00,M,29.80,M,3.00,M,M,M,M,M,M,M,M,M,M,M,M,M,M,M,M,88.26,VOTV 120740Z AUTO 28009KT 3SM 28/23 A2980 RMK T02800230 IEM_DS3505,M
VOTV,2004-07-12 08:40,76.9500,8.4667,84.20,73.40,70.08,300.00,8.00,M,29.80,M,3.00,M,M,M,M,M,M,M,M,M,M,M,M,M,M,M,M,90.94,VOTV 120840Z AUTO 30008KT 3SM 29/23 A2980 RMK T02900230 IEM_DS3505,M
VOTV,2004-07-12 09:40,76.9500,8.4667,82.40,73.40,74.28,280.00,8.00,M,29.77,M,3.00,M,M,M,M,M,M,M,M,M,M,M,M,M,M,M,M,88.26,VOTV 120940Z AUTO 28008KT 3SM 28/23 A2977 RMK T02800230 IEM_DS3505,M
VOTV,2004-07-12 10:40,76.9500,8.4667,82.40,73.40,74.28,290.00,9.00,M,29.77,M,3.00,M,M,M,M,M,M,M,M,M,M,M,M,M,M,M,M,88.26,VOTV 121040Z AUTO 29009KT 3SM 28/23 A2977 RMK T02800230 IEM_DS3505,M
VOTV,2004-07-12 11:40,76.9500,8.4667,M,M,M,270.00,3.00,M,M,M,3.00,M,M,M,M,M,M,M,M,M,M,M,M,M,M,M,M,M,VOTV 121140Z AUTO 27003KT 3SM RMK IEM_DS3505,M
VOTV,2004-07-12 12:40,76.9500,8.4667,80.60,73.40,78.76,290.00,8.00,M,29.80,M,3.00,M,M,M,M,M,M,M,M,M,M,M,M,M,M,M,M,85.32,VOTV 121240Z AUTO 29008KT 3SM 27/23 A2980 RMK T02700230 IEM_DS3505,M
VOTV,2004-07-12 13:40,76.9500,8.4667,80.60,73.40,78.76,280.00,4.00,M,29.80,M,3.00,M,M,M,M,M,M,M,M,M,M,M,M,M,M,M,M,85.32,VOTV 121340Z AUTO 28004KT 3SM 27/23 A2980 RMK T02700230 IEM_DS3505,M
VOTV,2004-07-12 14:40,76.9500,8.4667,80.60,73.40,78.76,290.00,3.00,M,29.83,M,2.50,M,M,M,M,M,M,M,M,M,M,M,M,M,M,M,M,85.32,VOTV 121440Z AUTO 29003KT 2 1/2SM 27/23 A2983 RMK T02700230 IEM_DS3505,M
VOTV,2004-07-12 16:40,76.9500,8.4667,M,M,M,300.00,5.00,M,M,M,2.50,M,M,M,M,M,M,M,M,M,M,M,M,M,M,M,M,M,VOTV 121640Z AUTO 30005KT 2 1/2SM RMK IEM_DS3505,M
VOTV,2004-07-12 17:40,76.9500,8.4667,M,M,M,340.00,3.00,M,M,M,2.50,M,M,M,M,M,M,M,M,M,M,M,M,M,M,M,M,M,VOTV 121740Z AUTO 34003KT 2 1/2SM RMK IEM_DS3505,M
VOTV,2004-07-12 22:40,76.9500,8.4667,M,M,M,0.00,0.00,M,M,M,2.50,M,M,M,M,M,M,M,M,M,M,M,M,M,M,M,M,M,VOTV 122240Z AUTO 00000KT 2 1/2SM RMK IEM_DS3505,M
VOTV,2004-07-12 23:40,76.9500,8.4667,M,M,M,0.00,0.00,M,M,M,2.50,M,M,M,M,M,M,M,M,M,M,M,M,M,M,M,M,M,VOTV 122340Z AUTO 00000KT 2 1/2SM RMK IEM_DS3505,M
VOTV,2004-07-13 00:40,76.9500,8.4667,M,M,M,0.00,0.00,M,M,M,2.50,M,M,M,M,M,M,M,M,M,M,M,M,M,M,M,M,M,VOTV 130040Z AUTO 00000KT 2 1/2SM RMK IEM_DS3505,M
VOTV,2004-07-13 01:40,76.9500,8.4667,M,M,M,0.00,0.00,M,M,M,2.50,M,M,M,M,M,M,M,M,M,M,M,M,M,M,M,M,M,VOTV 130140Z AUTO 00000KT 2 1/2SM RMK IEM_DS3505,M
VOTV,2004-07-13 02:40,76.9500,8.4667,M,M,M,340.00,5.00,M,M,M,2.50,M,M,M,M,M,M,M,M,M,M,M,M,M,M,M,M,M,VOTV 130240Z AUTO 34005KT 2 1/2SM RMK IEM_DS3505,M
VOTV,2004-07-13 04:40,76.9500,8.4667,M,M,M,290.00,8.00,M,M,M,4.00,M,M,M,M,M,M,M,M,M,M,M,M,M,M,M,M,M,VOTV 130440Z AUTO 29008KT 4SM RMK IEM_DS3505,M
VOTV,2004-07-13 05:40,76.9500,8.4667,M,M,M,290.00,8.00,M,M,M,4.00,M,M,M,M,M,M,M,M,M,M,M,M,M,M,M,M,M,VOTV 130540Z AUTO 29008KT 4SM RMK IEM_DS3505,M
VOTV,2004-07-13 06:40,76.9500,8.4667,84.20,75.20,74.44,280.00,8.00,M,29.83,M,4.00,M,M,M,M,M,M,M,M,M,M,M,M,M,M,M,M,92.45,VOTV 130640Z AUTO 28008KT 4SM 29/24 A2983 RMK T02900240 IEM_DS3505,M
VOTV,2004-07-13 07:40,76.9500,8.4667,84.20,73.40,70.08,290.00,8.00,M,29.80,M,M,M,M,M,M,M,M,M,M,M,M,M,M,M,M,M,M,90.94,VOTV 130740Z AUTO 29008KT 29/23 A2980 RMK T02900230 IEM_DS3505,M
VOTV,2004-07-13 08:40,76.9500,8.4667,84.20,75.20,74.44,290.00,10.00,M,29.77,M,4.00,M,M,M,M,M,M,M,M,M,M,M,M,M,M,M,M,92.45,VOTV 130840Z AUTO 29010KT 4SM 29/24 A2977 RMK T02900240 IEM_DS3505,M
VOTV,2004-07-13 09:40,76.9500,8.4667,84.20,75.20,74.44,290.00,10.00,M,29.77,M,4.00,M,M,M,M,M,M,M,M,M,M,M,M,M,M,M,M,92.45,VOTV 130940Z AUTO 29010KT 4SM 29/24 A2977 RMK T02900240 IEM_DS3505,M
VOTV,2004-07-13 10:40,76.9500,8.4667,82.40,75.20,78.90,320.00,12.00,M,29.74,M,3.00,M,M,M,M,M,M,M,M,M,M,M,M,M,M,M,M,89.48,VOTV 131040Z AUTO 32012KT 3SM 28/24 A2974 RMK T02800240 IEM_DS3505,M
VOTV,2004-07-13 11:40,76.9500,8.4667,82.40,75.20,78.90,300.00,4.00,M,29.74,M,3.00,M,M,M,M,M,M,M,M,M,M,M,M,M,M,M,M,89.48,VOTV 131140Z AUTO 30004KT 3SM 28/24 A2974 RMK T02800240 IEM_DS3505,M
VOTV,2004-07-13 14:40,76.9500,8.4667,80.60,77.00,88.83,290.00,6.00,M,29.80,M,2.50,M,M,M,M,M,M,M,M,M,M,M,M,M,M,M,M,87.10,VOTV 131440Z AUTO 29006KT 2 1/2SM 27/25 A2980 RMK T02700250 IEM_DS3505,M
VOTV,2004-07-13 16:40,76.9500,8.4667,80.60,75.20,83.66,280.00,3.00,M,29.83,M,2.50,M,M,M,M,M,M,M,M,M,M,M,M,M,M,M,M,86.17,VOTV 131640Z AUTO 28003KT 2 1/2SM 27/24 A2983 RMK T02700240 IEM_DS3505,M
VOTV,2004-07-13 17:40,76.9500,8.4667,80.60,75.20,83.66,0.00,0.00,0.00,M,M,2.49,M,FEW,BKN,M,M,1500.00,20000.00,M,M,HZ,M,M,M,M,M,M,86.17,VOTV 131740Z 00000KT 4000 HZ FEW015 BKN200 27/24 3Q1009 NS,M
VOTV,2004-07-14 00:40,76.9500,8.4667,77.00,75.20,94.19,0.00,0.00,0.00,29.74,M,1.86,M,SCT,BKN,M,M,1500.00,10000.00,M,M,HZ,M,M,M,M,M,M,77.00,VOTV 140040Z 00000KT 3000 HZ SCT015 BKN100 25/24 Q1007 NS,M
VOTV,2004-07-14 01:40,76.9500,8.4667,77.00,73.40,88.67,340.00,5.00,M,29.77,M,2.00,M,M,M,M,M,M,M,M,M,M,M,M,M,M,M,M,78.57,VOTV 140140Z AUTO 34005KT 2SM 25/23 A2977 RMK T02500230 IEM_DS3505,M
VOTV,2004-07-14 02:40,76.9500,8.4667,80.60,75.20,83.66,290.00,10.00,M,29.77,M,2.50,M,M,M,M,M,M,M,M,M,M,M,M,M,M,M,M,86.17,VOTV 140240Z AUTO 29010KT 2 1/2SM 27/24 A2977 RMK T02700240 IEM_DS3505,M
VOTV,2004-07-14 03:40,76.9500,8.4667,82.40,75.20,78.90,300.00,8.00,M,29.77,M,2.50,M,M,M,M,M,M,M,M,M,M,M,M,M,M,M,M,89.48,VOTV 140340Z AUTO 30008KT 2 1/2SM 28/24 A2977 RMK T02800240 IEM_DS3505,M
VOTV,2004-07-14 05:40,76.9500,8.4667,84.20,75.20,74.44,270.00,14.00,M,29.77,M,3.00,M,M,M,M,M,M,M,M,M,M,M,M,M,M,M,M,92.45,VOTV 140540Z AUTO 27014KT 3SM 29/24 A2977 RMK T02900240 IEM_DS3505,M
VOTV,2004-07-14 06:40,76.9500,8.4667,84.20,75.20,74.44,290.00,9.00,M,29.77,M,4.00,M,M,M,M,M,M,M,M,M,M,M,M,M,M,M,M,92.45,VOTV 140640Z AUTO 29009KT 4SM 29/24 A2977 RMK T02900240 IEM_DS3505,M
VOTV,2004-07-14 07:40,76.9500,8.4667,84.20,73.40,70.08,290.00,13.00,M,29.74,M,M,M,M,M,M,M,M,M,M,M,M,M,M,M,M,M,M,90.94,VOTV 140740Z AUTO 29013KT 29/23 A2974 RMK T02900230 IEM_DS3505,M
VOTV,2004-07-14 08:40,76.9500,8.4667,M,M,M,280.00,8.00,M,M,M,4.00,M,M,M,M,M,M,M,M,M,M,M,M,M,M,M,M,M,VOTV 140840Z AUTO 28008KT 4SM RMK IEM_DS3505,M
VOTV,2004-07-14 09:40,76.9500,8.4667,M,M,M,270.00,8.00,M,M,M,4.00,M,M,M,M,M,M,M,M,M,M,M,M,M,M,M,M,M,VOTV 140940Z AUTO 27008KT 4SM RMK IEM_DS3505,M
VOTV,2004-07-14 10:40,76.9500,8.4667,M,M,M,290.00,7.00,M,M,M,4.00,17.00,M,M,M,M,M,M,M,M,M,M,M,M,M,M,M,M,VOTV 141040Z AUTO 29007G17KT 4SM RMK IEM_DS3505,M
VOTV,2004-07-14 12:40,76.9500,8.4667,M,M,M,270.00,10.00,M,M,M,2.50,M,M,M,M,M,M,M,M,M,M,M,M,M,M,M,M,M,VOTV 141240Z AUTO 27010KT 2 1/2SM RMK IEM_DS3505,M
VOTV,2004-07-14 13:40,76.9500,8.4667,M,M,M,280.00,8.00,M,M,M,2.50,M,M,M,M,M,M,M,M,M,M,M,M,M,M,M,M,M,VOTV 141340Z AUTO 28008KT 2 1/2SM RMK IEM_DS3505,M
VOTV,2004-07-14 14:40,76.9500,8.4667,80.60,77.00,88.83,310.00,8.00,M,29.74,M,2.50,M,M,M,M,M,M,M,M,M,M,M,M,M,M,M,M,87.10,VOTV 141440Z AUTO 31008KT 2 1/2SM 27/25 A2974 RMK T02700250 IEM_DS3505,M
VOTV,2004-07-14 23:40,76.9500,8.4667,80.60,75.20,83.66,300.00,6.00,M,29.71,M,2.50,M,M,M,M,M,M,M,M,M,M,M,M,M,M,M,M,86.17,VOTV 142340Z AUTO 30006KT 2 1/2SM 27/24 A2971 RMK T02700240 IEM_DS3505,M
VOTV,2004-07-15 01:40,76.9500,8.4667,80.60,75.20,83.66,300.00,8.00,M,29.74,M,2.50,M,M,M,M,M,M,M,M,M,M,M,M,M,M,M,M,86.17,VOTV 150140Z AUTO 30008KT 2 1/2SM 27/24 A2974 RMK T02700240 IEM_DS3505,M
VOTV,2004-07-15 02:40,76.9500,8.4667,82.40,73.40,74.28,320.00,8.00,M,29.77,M,2.50,M,M,M,M,M,M,M,M,M,M,M,M,M,M,M,M,88.26,VOTV 150240Z AUTO 32008KT 2 1/2SM 28/23 A2977 RMK T02800230 IEM_DS3505,M
VOTV,2004-07-15 03:40,76.9500,8.4667,82.40,75.20,78.90,300.00,11.00,M,29.77,M,2.50,M,M,M,M,M,M,M,M,M,M,M,M,M,M,M,M,89.48,VOTV 150340Z AUTO 30011KT 2 1/2SM 28/24 A2977 RMK T02800240 IEM_DS3505,M
VOTV,2004-07-15 04:40,76.9500,8.4667,82.40,77.00,83.77,290.00,8.00,M,29.77,M,2.50,M,M,M,M,M,M,M,M,M,M,M,M,M,M,M,M,90.85,VOTV 150440Z AUTO 29008KT 2 1/2SM 28/25 A2977 RMK T02800250 IEM_DS3505,M
VOTV,2004-07-15 05:40,76.9500,8.4667,84.20,75.20,74.44,280.00,6.00,M,29.77,M,2.50,M,M,M,M,M,M,M,M,M,M,M,M,M,M,M,M,92.45,VOTV 150540Z AUTO 28006KT 2 1/2SM 29/24 A2977 RMK T02900240 IEM_DS3505,M
VOTV,2004-07-15 06:40,76.9500,8.4667,84.20,75.20,74.44,237.00,6.00,M,29.77,M,2.50,M,M,M,M,M,M,M,M,M,M,M,M,M,M,M,M,92.45,VOTV 150640Z AUTO 23706KT 2 1/2SM 29/24 A2977 RMK T02900240 IEM_DS3505,M
VOTV,2004-07-15 08:40,76.9500,8.4667,84.20,75.20,74.44,290.00,12.00,M,29.74,M,2.50,M,M,M,M,M,M,M,M,M,M,M,M,M,M,M,M,92.45,VOTV 150840Z AUTO 29012KT 2 1/2SM 29/24 A2974 RMK T02900240 IEM_DS3505,M
VOTV,2004-07-15 10:40,76.9500,8.4667,84.20,75.20,74.44,290.00,10.00,M,29.71,M,2.50,M,M,M,M,M,M,M,M,M,M,M,M,M,M,M,M,92.45,VOTV 151040Z AUTO 29010KT 2 1/2SM 29/24 A2971 RMK T02900240 IEM_DS3505,M
VOTV,2004-07-15 11:40,76.9500,8.4667,82.40,75.20,78.90,300.00,12.00,M,29.71,M,2.50,M,M,M,M,M,M,M,M,M,M,M,M,M,M,M,M,89.48,VOTV 151140Z AUTO 30012KT 2 1/2SM 28/24 A2971 RMK T02800240 IEM_DS3505,M
VOTV,2004-07-15 13:40,76.9500,8.4667,M,M,M,270.00,12.00,M,M,M,2.50,M,M,M,M,M,M,M,M,M,M,M,M,M,M,M,M,M,VOTV 151340Z AUTO 27012KT 2 1/2SM RMK IEM_DS3505,M
VOTV,2004-07-15 14:40,76.9500,8.4667,80.60,75.20,83.66,290.00,12.00,M,29.77,M,2.50,M,M,M,M,M,M,M,M,M,M,M,M,M,M,M,M,86.17,VOTV 151440Z AUTO 29012KT 2 1/2SM 27/24 A2977 RMK T02700240 IEM_DS3505,M
VOTV,2004-07-15 15:40,76.9500,8.4667,80.60,75.20,83.66,290.00,10.00,M,29.77,M,2.50,M,M,M,M,M,M,M,M,M,M,M,M,M,M,M,M,86.17,VOTV 151540Z AUTO 29010KT 2 1/2SM 27/24 A2977 RMK T02700240 IEM_DS3505,M
VOTV,2004-07-15 17:40,76.9500,8.4667,77.00,75.20,94.19,300.00,10.00,M,29.77,M,2.50,20.00,M,M,M,M,M,M,M,M,M,M,M,M,M,M,M,78.83,VOTV 151740Z AUTO 30010G20KT 2 1/2SM 25/24 A2977 RMK T02500240 IEM_DS3505,M
VOTV,2004-07-15 23:40,76.9500,8.4667,M,M,M,290.00,4.00,M,M,M,2.50,M,M,M,M,M,M,M,M,M,M,M,M,M,M,M,M,M,VOTV 152340Z AUTO 29004KT 2 1/2SM RMK IEM_DS3505,M
VOTV,2004-07-16 00:40,76.9500,8.4667,77.00,75.20,94.19,360.00,3.00,M,29.74,M,2.50,M,M,M,M,M,M,M,M,M,M,M,M,M,M,M,M,78.83,VOTV 160040Z AUTO 36003KT 2 1/2SM 25/24 A2974 RMK T02500240 IEM_DS3505,M
VOTV,2004-07-16 01:40,76.9500,8.4667,77.00,75.20,94.19,340.00,5.00,M,29.77,M,2.50,M,M,M,M,M,M,M,M,M,M,M,M,M,M,M,M,78.83,VOTV 160140Z AUTO 34005KT 2 1/2SM 25/24 A2977 RMK T02500240 IEM_DS3505,M
VOTV,2004-07-16 04:40,76.9500,8.4667,78.80,75.20,88.75,320.00,6.00,M,29.80,M,1.25,M,M,M,M,M,M,M,M,M,M,M,M,M,M,M,M,82.38,VOTV 160440Z AUTO 32006KT 1 1/4SM 26/24 A2980 RMK T02600240 IEM_DS3505,M
VOTV,2004-07-16 09:40,76.9500,8.4667,M,M,M,310.00,10.00,M,M,M,3.00,M,M,M,M,M,M,M,M,M,M,M,M,M,M,M,M,M,VOTV 160940Z AUTO 31010KT 3SM RMK IEM_DS3505,M
VOTV,2004-07-16 12:40,76.9500,8.4667,M,M,M,280.00,8.00,M,M,M,3.00,M,M,M,M,M,M,M,M,M,M,M,M,M,M,M,M,M,VOTV 161240Z AUTO 28008KT 3SM RMK IEM_DS3505,M
VOTV,2004-07-16 17:40,76.9500,8.4667,78.80,71.60,78.62,330.00,8.00,0.00,29.80,M,2.49,M,SCT,M,M,M,2000.00,M,M,M,HZ,M,M,M,M,M,M,78.80,VOTV 161740Z 33008KT 4000 HZ SCT020 FEW025CB(N E)BKN100 26/22 Q1009 NOSIG,M
VOTV,2004-07-17 00:40,76.9500,8.4667,77.00,73.40,88.67,0.00,0.00,M,M,M,2.50,M,M,M,M,M,M,M,M,M,M,M,M,M,M,M,M,78.57,VOTV 170040Z AUTO 00000KT 2 1/2SM 25/23 RMK T02500230 IEM_DS3505,M
VOTV,2004-07-17 01:40,76.9500,8.4667,78.80,75.20,88.75,0.00,0.00,M,M,M,2.50,M,M,M,M,M,M,M,M,M,M,M,M,M,M,M,M,82.38,VOTV 170140Z AUTO 00000KT 2 1/2SM 26/24 RMK T02600240 IEM_DS3505,M
VOTV,2004-07-17 02:40,76.9500,8.4667,82.40,73.40,74.28,0.00,0.00,M,29.77,M,4.00,M,M,M,M,M,M,M,M,M,M,M,M,M,M,M,M,88.26,VOTV 170240Z AUTO 00000KT 4SM 28/23 A2977 RMK T02800230 IEM_DS3505,M
VOTV,2004-07-17 03:40,76.9500,8.4667,84.20,73.40,70.08,330.00,8.00,M,29.80,M,M,M,M,M,M,M,M,M,M,M,M,M,M,M,M,M,M,90.94,VOTV 170340Z AUTO 33008KT 29/23 A2980 RMK T02900230 IEM_DS3505,M
VOTV,2004-07-17 04:40,76.9500,8.4667,84.20,73.40,70.08,270.00,3.00,M,29.80,M,M,M,M,M,M,M,M,M,M,M,M,M,M,M,M,M,M,90.94,VOTV 170440Z AUTO 27003KT 29/23 A2980 RMK T02900230 IEM_DS3505,M
VOTV,2004-07-17 05:40,76.9500,8.4667,84.20,73.40,70.08,270.00,7.00,M,29.80,M,M,M,M,M,M,M,M,M,M,M,M,M,M,M,M,M,M,90.94,VOTV 170540Z AUTO 27007KT 29/23 A2980 RMK T02900230 IEM_DS3505,M
VOTV,2004-07-17 07:40,76.9500,8.4667,84.20,73.40,70.08,280.00,8.00,M,29.77,M,M,M,M,M,M,M,M,M,M,M,M,M,M,M,M,M,M,90.94,VOTV 170740Z AUTO 28008KT 29/23 A2977 RMK T02900230 IEM_DS3505,M
VOTV,2004-07-17 08:40,76.9500,8.4667,84.20,73.40,70.08,260.00,11.00,M,29.74,M,M,M,M,M,M,M,M,M,M,M,M,M,M,M,M,M,M,90.94,VOTV 170840Z AUTO 26011KT 29/23 A2974 RMK T02900230 IEM_DS3505,M
VOTV,2004-07-17 09:40,76.9500,8.4667,84.20,73.40,70.08,270.00,6.00,M,29.74,M,M,M,M,M,M,M,M,M,M,M,M,M,M,M,M,M,M,90.94,VOTV 170940Z AUTO 27006KT 29/23 A2974 RMK T02900230 IEM_DS3505,M
VOTV,2004-07-17 10:40,76.9500,8.4667,84.20,73.40,70.08,290.00,8.00,M,29.71,M,M,M,M,M,M,M,M,M,M,M,M,M,M,M,M,M,M,90.94,VOTV 171040Z AUTO 29008KT 29/23 A2971 RMK T02900230 IEM_DS3505,M
VOTV,2004-07-17 11:40,76.9500,8.4667,84.20,73.40,70.08,250.00,4.00,M,29.71,M,M,M,M,M,M,M,M,M,M,M,M,M,M,M,M,M,M,90.94,VOTV 171140Z AUTO 25004KT 29/23 A2971 RMK T02900230 IEM_DS3505,M
VOTV,2004-07-17 12:40,76.9500,8.4667,82.40,75.20,78.90,270.00,4.00,M,29.74,M,4.00,M,M,M,M,M,M,M,M,M,M,M,M,M,M,M,M,89.48,VOTV 171240Z AUTO 27004KT 4SM 28/24 A2974 RMK T02800240 IEM_DS3505,M
VOTV,2004-07-17 13:40,76.9500,8.4667,82.40,77.00,83.77,300.00,3.00,M,29.77,M,2.50,M,M,M,M,M,M,M,M,M,M,M,M,M,M,M,M,90.85,VOTV 171340Z AUTO 30003KT 2 1/2SM 28/25 A2977 RMK T02800250 IEM_DS3505,M
VOTV,2004-07-17 15:40,76.9500,8.4667,M,M,M,310.00,2.00,M,M,M,2.50,M,M,M,M,M,M,M,M,M,M,M,M,M,M,M,M,M,VOTV 171540Z AUTO 31002KT 2 1/2SM RMK IEM_DS3505,M
VOTV,2004-07-17 16:40,76.9500,8.4667,M,M,M,0.00,0.00,M,M,M,2.50,M,M,M,M,M,M,M,M,M,M,M,M,M,M,M,M,M,VOTV 171640Z AUTO 00000KT 2 1/2SM RMK IEM_DS3505,M
VOTV,2004-07-17 17:40,76.9500,8.4667,M,M,M,0.00,0.00,M,M,M,2.50,M,M,M,M,M,M,M,M,M,M,M,M,M,M,M,M,M,VOTV 171740Z AUTO 00000KT 2 1/2SM RMK IEM_DS3505,M
VOTV,2004-07-17 23:40,76.9500,8.4667,M,M,M,260.00,7.00,M,M,M,1.50,M,M,M,M,M,M,M,M,M,M,M,M,M,M,M,M,M,VOTV 172340Z AUTO 26007KT 1 1/2SM RMK IEM_DS3505,M
VOTV,2004-07-18 00:40,76.9500,8.4667,M,M,M,300.00,6.00,M,M,M,1.25,M,M,M,M,M,M,M,M,M,M,M,M,M,M,M,M,M,VOTV 180040Z AUTO 30006KT 1 1/4SM RMK IEM_DS3505,M
VOTV,2004-07-18 04:40,76.9500,8.4667,M,M,M,290.00,5.00,M,M,M,4.00,15.00,M,M,M,M,M,M,M,M,M,M,M,M,M,M,M,M,VOTV 180440Z AUTO 29005G15KT 4SM RMK IEM_DS3505,M
VOTV,2004-07-18 05:40,76.9500,8.4667,84.20,73.40,70.08,270.00,9.00,0.00,29.80,M,3.73,M,FEW,SCT,M,M,1500.00,2000.00,M,M,M,M,M,M,M,M,M,90.94,VOTV 180540Z 27009KT 6000 FEW015 SCT020 29/23 Q1009 NOSIG,M
VOTV,2004-07-18 06:40,76.9500,8.4667,84.20,73.40,70.08,280.00,8.00,M,29.77,M,M,M,M,M,M,M,M,M,M,M,M,M,M,M,M,M,M,90.94,VOTV 180640Z AUTO 28008KT 29/23 A2977 RMK T02900230 IEM_DS3505,M
VOTV,2004-07-18 07:40,76.9500,8.4667,84.20,73.40,70.08,290.00,6.00,M,29.77,M,M,M,M,M,M,M,M,M,M,M,M,M,M,M,M,M,M,90.94,VOTV 180740Z AUTO 29006KT 29/23 A2977 RMK T02900230 IEM_DS3505,M
VOTV,2004-07-18 08:40,76.9500,8.4667,M,M,M,290.00,8.00,M,M,M,2.00,18.00,M,M,M,M,M,M,M,M,M,M,M,M,M,M,M,M,VOTV 180840Z AUTO 29008G18KT 2SM RMK IEM_DS3505,M
VOTV,2004-07-18 09:40,76.9500,8.4667,M,M,M,300.00,10.00,M,M,M,2.00,M,M,M,M,M,M,M,M,M,M,M,M,M,M,M,M,M,VOTV 180940Z AUTO 30010KT 2SM RMK IEM_DS3505,M
VOTV,2004-07-18 10:40,76.9500,8.4667,M,M,M,320.00,10.00,M,M,M,3.00,M,M,M,M,M,M,M,M,M,M,M,M,M,M,M,M,M,VOTV 181040Z AUTO 32010KT 3SM RMK IEM_DS3505,M
VOTV,2004-07-18 11:40,76.9500,8.4667,82.40,71.60,69.90,290.00,10.00,M,29.71,M,3.00,M,M,M,M,M,M,M,M,M,M,M,M,M,M,M,M,87.18,VOTV 181140Z AUTO 29010KT 3SM 28/22 A2971 RMK T02800220 IEM_DS3505,M
VOTV,2004-07-18 12:40,76.9500,8.4667,80.60,75.20,83.66,280.00,5.00,M,29.74,M,3.00,M,M,M,M,M,M,M,M,M,M,M,M,M,M,M,M,86.17,VOTV 181240Z AUTO 28005KT 3SM 27/24 A2974 RMK T02700240 IEM_DS3505,M
VOTV,2004-07-18 14:40,76.9500,8.4667,M,M,M,310.00,5.00,M,M,M,2.50,M,M,M,M,M,M,M,M,M,M,M,M,M,M,M,M,M,VOTV 181440Z AUTO 31005KT 2 1/2SM RMK IEM_DS3505,M
VOTV,2004-07-18 15:40,76.9500,8.4667,M,M,M,300.00,4.00,M,M,M,2.50,M,M,M,M,M,M,M,M,M,M,M,M,M,M,M,M,M,VOTV 181540Z AUTO 30004KT 2 1/2SM RMK IEM_DS3505,M
VOTV,2004-07-18 16:40,76.9500,8.4667,80.60,75.20,83.66,0.00,0.00,M,29.80,M,2.00,M,M,M,M,M,M,M,M,M,M,M,M,M,M,M,M,86.17,VOTV 181640Z AUTO 00000KT 2SM 27/24 A2980 RMK T02700240 IEM_DS3505,M
VOTV,2004-07-18 23:40,76.9500,8.4667,M,M,M,260.00,8.00,M,M,M,1.25,M,M,M,M,M,M,M,M,M,M,M,M,M,M,M,M,M,VOTV 182340Z AUTO 26008KT 1 1/4SM RMK IEM_DS3505,M
VOTV,2004-07-19 00:40,76.9500,8.4667,M,M,M,320.00,5.00,M,M,M,1.25,M,M,M,M,M,M,M,M,M,M,M,M,M,M,M,M,M,VOTV 190040Z AUTO 32005KT 1 1/4SM RMK IEM_DS3505,M
VOTV,2004-07-19 01:40,76.9500,8.4667,M,M,M,0.00,0.00,M,M,M,1.00,M,M,M,M,M,M,M,M,M,M,M,M,M,M,M,M,M,VOTV 190140Z AUTO 00000KT 1SM RMK IEM_DS3505,M
VOTV,2004-07-19 03:40,76.9500,8.4667,M,M,M,260.00,4.00,M,M,M,2.00,M,M,M,M,M,M,M,M,M,M,M,M,M,M,M,M,M,VOTV 190340Z AUTO 26004KT 2SM RMK IEM_DS3505,M
VOTV,2004-07-19 04:40,76.9500,8.4667,M,M,M,0.00,0.00,M,M,M,2.00,M,M,M,M,M,M,M,M,M,M,M,M,M,M,M,M,M,VOTV 190440Z AUTO 00000KT 2SM RMK IEM_DS3505,M
VOTV,2004-07-19 06:40,76.9500,8.4667,80.60,71.60,74.11,310.00,9.00,M,29.80,M,2.50,M,M,M,M,M,M,M,M,M,M,M,M,M,M,M,M,84.57,VOTV 190640Z AUTO 31009KT 2 1/2SM 27/22 A2980 RMK T02700220 IEM_DS3505,M
VOTV,2004-07-19 08:40,76.9500,8.4667,80.60,75.20,83.66,290.00,12.00,M,29.77,M,2.50,M,M,M,M,M,M,M,M,M,M,M,M,M,M,M,M,86.17,VOTV 190840Z AUTO 29012KT 2 1/2SM 27/24 A2977 RMK T02700240 IEM_DS3505,M
VOTV,2004-07-19 09:40,76.9500,8.4667,82.40,73.40,74.28,330.00,10.00,0.00,29.74,M,2.49,M,SCT,BKN,M,M,1200.00,8000.00,M,M,HZ,M,M,M,M,M,M,88.26,VOTV 190940Z 33010KT 4000 HZ SCT012 BKN080 28/23 Q1007 NS,M
VOTV,2004-07-19 10:40,76.9500,8.4667,M,M,M,M,M,M,M,M,2.50,M,M,M,M,M,M,M,M,M,M,M,M,M,M,M,M,M,VOTV 191040Z AUTO 2 1/2SM RMK IEM_DS3505,M
VOTV,2004-07-19 11:40,76.9500,8.4667,M,M,M,300.00,8.00,M,M,M,2.50,18.00,M,M,M,M,M,M,M,M,M,M,M,M,M,M,M,M,VOTV 191140Z AUTO 30008G18KT 2 1/2SM RMK IEM_DS3505,M
VOTV,2004-07-19 12:40,76.9500,8.4667,M,M,M,300.00,8.00,M,M,M,2.50,M,M,M,M,M,M,M,M,M,M,M,M,M,M,M,M,M,VOTV 191240Z AUTO 30008KT 2 1/2SM RMK IEM_DS3505,M
VOTV,2004-07-19 13:40,76.9500,8.4667,M,M,M,310.00,6.00,M,M,M,2.50,M,M,M,M,M,M,M,M,M,M,M,M,M,M,M,M,M,VOTV 191340Z AUTO 31006KT 2 1/2SM RMK IEM_DS3505,M
VOTV,2004-07-19 23:40,76.9500,8.4667,M,M,M,0.00,0.00,M,M,M,2.50,M,M,M,M,M,M,M,M,M,M,M,M,M,M,M,M,M,VOTV 192340Z AUTO 00000KT 2 1/2SM RMK IEM_DS3505,M
VOTV,2004-07-20 00:40,76.9500,8.4667,M,M,M,0.00,0.00,M,M,M,2.00,M,M,M,M,M,M,M,M,M,M,M,M,M,M,M,M,M,VOTV 200040Z AUTO 00000KT 2SM RMK IEM_DS3505,M
VOTV,2004-07-20 01:40,76.9500,8.4667,77.00,73.40,88.67,0.00,0.00,M,29.80,M,2.00,M,M,M,M,M,M,M,M,M,M,M,M,M,M,M,M,78.57,VOTV 200140Z AUTO 00000KT 2SM 25/23 A2980 RMK T02500230 IEM_DS3505,M
VOTV,2004-07-20 03:40,76.9500,8.4667,M,M,M,320.00,7.00,M,M,M,2.00,M,M,M,M,M,M,M,M,M,M,M,M,M,M,M,M,M,VOTV 200340Z AUTO 32007KT 2SM RMK IEM_DS3505,M
VOTV,2004-07-20 05:40,76.9500,8.4667,82.40,75.20,78.90,300.00,12.00,M,29.80,M,4.00,M,M,M,M,M,M,M,M,M,M,M,M,M,M,M,M,89.48,VOTV 200540Z AUTO 30012KT 4SM 28/24 A2980 RMK T02800240 IEM_DS3505,M
VOTV,2004-07-20 07:40,76.9500,8.4667,84.20,M,M,280.00,8.00,M,29.80,M,4.00,M,M,M,M,M,M,M,M,M,M,M,M,M,M,M,M,M,VOTV 200740Z AUTO 28008KT 4SM 29/ A2980 RMK IEM_DS3505,M
VOTV,2004-07-20 08:40,76.9500,8.4667,84.20,75.20,74.44,270.00,8.00,M,29.77,M,4.00,M,M,M,M,M,M,M,M,M,M,M,M,M,M,M,M,92.45,VOTV 200840Z AUTO 27008KT 4SM 29/24 A2977 RMK T02900240 IEM_DS3505,M
VOTV,2004-07-20 09:40,76.9500,8.4667,84.20,75.20,74.44,300.00,8.00,M,29.74,M,4.00,M,M,M,M,M,M,M,M,M,M,M,M,M,M,M,M,92.45,VOTV 200940Z AUTO 30008KT 4SM 29/24 A2974 RMK T02900240 IEM_DS3505,M
VOTV,2004-07-20 10:40,76.9500,8.4667,84.20,75.20,74.44,290.00,7.00,0.00,29.74,M,3.73,M,FEW,SCT,M,M,1500.00,10000.00,M,M,M,M,M,M,M,M,M,92.45,VOTV 201040Z 29007KT 6000 FEW015 SCT100 29/24 Q1007 NOSIG,M
VOTV,2004-07-20 11:40,76.9500,8.4667,84.20,75.20,74.44,320.00,10.00,M,29.74,M,4.00,M,M,M,M,M,M,M,M,M,M,M,M,M,M,M,M,92.45,VOTV 201140Z AUTO 32010KT 4SM 29/24 A2974 RMK T02900240 IEM_DS3505,M
VOTV,2004-07-20 12:40,76.9500,8.4667,82.40,75.20,78.90,290.00,10.00,M,29.74,M,4.00,M,M,M,M,M,M,M,M,M,M,M,M,M,M,M,M,89.48,VOTV 201240Z AUTO 29010KT 4SM 28/24 A2974 RMK T02800240 IEM_DS3505,M
VOTV,2004-07-20 14:40,76.9500,8.4667,80.60,75.20,83.66,310.00,4.00,0.00,29.77,M,2.49,M,SCT,SCT,M,M,1500.00,10000.00,M,M,HZ,M,M,M,M,M,M,86.17,VOTV 201440Z 31004KT 4000 HZ SCT015 SCT100 27/24 Q1008 NOSIG,M
VOTV,2004-07-20 15:40,76.9500,8.4667,80.60,75.20,83.66,290.00,5.00,0.00,29.80,M,2.49,M,SCT,SCT,M,M,1500.00,10000.00,M,M,HZ,M,M,M,M,M,M,86.17,VOTV 201540Z 29005KT 4000 HZ SCT015 SCT100 27/24 Q1009 NOSIG,M
VOTV,2004-07-20 23:40,76.9500,8.4667,77.00,75.20,94.19,0.00,0.00,M,29.77,M,2.50,M,M,M,M,M,M,M,M,M,M,M,M,M,M,M,M,78.83,VOTV 202340Z AUTO 00000KT 2 1/2SM 25/24 A2977 RMK T02500240 IEM_DS3505,M
VOTV,2004-07-21 03:40,76.9500,8.4667,80.60,77.00,88.83,0.00,0.00,0.00,29.85,M,1.86,M,SCT,OVC,M,M,1200.00,9000.00,M,M,DZ,M,M,M,M,M,M,87.59,VOTV 210340Z 00000KT 3000 DZ SCT012 FEW025CB(E SE) OVC090 27/25 Q1011 TEMPO VIS 1500 IN RA,M
VOTV,2004-07-21 06:40,76.9500,8.4667,M,M,M,290.00,6.00,M,M,M,3.00,M,M,M,M,M,M,M,M,M,M,M,M,M,M,M,M,M,VOTV 210640Z AUTO 29006KT 3SM RMK IEM_DS3505,M
VOTV,2004-07-21 07:40,76.9500,8.4667,M,M,M,300.00,10.00,M,M,M,3.00,M,M,M,M,M,M,M,M,M,M,M,M,M,M,M,M,M,VOTV 210740Z AUTO 30010KT 3SM RMK IEM_DS3505,M
VOTV,2004-07-21 08:40,76.9500,8.4667,M,M,M,310.00,10.00,M,M,M,3.00,M,M,M,M,M,M,M,M,M,M,M,M,M,M,M,M,M,VOTV 210840Z AUTO 31010KT 3SM RMK IEM_DS3505,M
VOTV,2004-07-21 09:40,76.9500,8.4667,M,M,M,310.00,10.00,M,M,M,3.00,M,M,M,M,M,M,M,M,M,M,M,M,M,M,M,M,M,VOTV 210940Z AUTO 31010KT 3SM RMK IEM_DS3505,M
VOTV,2004-07-21 10:40,76.9500,8.4667,84.20,77.00,79.04,280.00,8.00,M,29.77,M,3.00,M,M,M,M,M,M,M,M,M,M,M,M,M,M,M,M,94.16,VOTV 211040Z AUTO 28008KT 3SM 29/25 A2977 RMK T02900250 IEM_DS3505,M
VOTV,2004-07-21 12:40,76.9500,8.4667,M,M,M,280.00,10.00,M,M,M,3.00,M,M,M,M,M,M,M,M,M,M,M,M,M,M,M,M,M,VOTV 211240Z AUTO 28010KT 3SM RMK IEM_DS3505,M
VOTV,2004-07-21 13:40,76.9500,8.4667,80.60,75.20,83.66,280.00,6.00,M,29.80,M,3.00,M,M,M,M,M,M,M,M,M,M,M,M,M,M,M,M,86.17,VOTV 211340Z AUTO 28006KT 3SM 27/24 A2980 RMK T02700240 IEM_DS3505,M
VOTV,2004-07-21 14:40,76.9500,8.4667,77.00,75.20,94.19,290.00,9.00,M,29.83,M,2.50,M,M,M,M,M,M,M,M,M,M,M,M,M,M,M,M,78.83,VOTV 211440Z AUTO 29009KT 2 1/2SM 25/24 A2983 RMK T02500240 IEM_DS3505,M
VOTV,2004-07-22 00:40,76.9500,8.4667,M,M,M,0.00,0.00,M,M,M,2.50,M,M,M,M,M,M,M,M,M,M,M,M,M,M,M,M,M,VOTV 220040Z AUTO 00000KT 2 1/2SM RMK IEM_DS3505,M
VOTV,2004-07-22 01:40,76.9500,8.4667,78.80,75.20,88.75,340.00,4.00,M,29.80,M,2.50,M,M,M,M,M,M,M,M,M,M,M,M,M,M,M,M,82.38,VOTV 220140Z AUTO 34004KT 2 1/2SM 26/24 A2980 RMK T02600240 IEM_DS3505,M
VOTV,2004-07-22 02:40,76.9500,8.4667,78.80,75.20,88.75,330.00,8.00,M,29.80,M,2.00,M,M,M,M,M,M,M,M,M,M,M,M,M,M,M,M,82.38,VOTV 220240Z AUTO 33008KT 2SM 26/24 A2980 RMK T02600240 IEM_DS3505,M
VOTV,2004-07-22 03:40,76.9500,8.4667,80.60,75.20,83.66,320.00,6.00,M,29.83,M,2.00,M,M,M,M,M,M,M,M,M,M,M,M,M,M,M,M,86.17,VOTV 220340Z AUTO 32006KT 2SM 27/24 A2983 RMK T02700240 IEM_DS3505,M
VOTV,2004-07-22 04:40,76.9500,8.4667,82.40,75.20,78.90,320.00,10.00,M,29.83,M,2.50,M,M,M,M,M,M,M,M,M,M,M,M,M,M,M,M,89.48,VOTV 220440Z AUTO 32010KT 2 1/2SM 28/24 A2983 RMK T02800240 IEM_DS3505,M
VOTV,2004-07-22 06:40,76.9500,8.4667,84.20,75.20,74.44,310.00,11.00,M,29.80,M,4.00,M,M,M,M,M,M,M,M,M,M,M,M,M,M,M,M,92.45,VOTV 220640Z AUTO 31011KT 4SM 29/24 A2980 RMK T02900240 IEM_DS3505,M
VOTV,2004-07-22 07:40,76.9500,8.4667,84.20,73.40,70.08,310.00,12.00,M,29.80,M,M,M,M,M,M,M,M,M,M,M,M,M,M,M,M,M,M,90.94,VOTV 220740Z AUTO 31012KT 29/23 A2980 RMK T02900230 IEM_DS3505,M
VOTV,2004-07-22 08:40,76.9500,8.4667,M,M,M,310.00,10.00,M,M,M,4.00,M,M,M,M,M,M,M,M,M,M,M,M,M,M,M,M,M,VOTV 220840Z AUTO 31010KT 4SM RMK IEM_DS3505,M
VOTV,2004-07-22 09:40,76.9500,8.4667,82.40,73.40,74.28,290.00,12.00,0.00,29.80,M,3.73,M,SCT,BKN,M,M,1800.00,10000.00,M,M,M,M,M,M,M,M,M,88.26,VOTV 220940Z 29012KT 6000 SCT018 FEW025CB(E) BKN100 28/23 Q1009 NOSIG,M
VOTV,2004-07-22 10:40,76.9500,8.4667,M,M,M,290.00,12.00,M,M,M,4.00,M,M,M,M,M,M,M,M,M,M,M,M,M,M,M,M,M,VOTV 221040Z AUTO 29012KT 4SM RMK IEM_DS3505,M
VOTV,2004-07-22 11:40,76.9500,8.4667,M,M,M,290.00,14.00,M,M,M,3.00,M,M,M,M,M,M,M,M,M,M,M,M,M,M,M,M,M,VOTV 221140Z AUTO 29014KT 3SM RMK IEM_DS3505,M
VOTV,2004-07-22 12:40,76.9500,8.4667,M,M,M,310.00,4.00,M,M,M,1.25,M,M,M,M,M,M,M,M,M,M,M,M,M,M,M,M,M,VOTV 221240Z AUTO 31004KT 1 1/4SM RMK IEM_DS3505,M
VOTV,2004-07-23 00:40,76.9500,8.4667,M,M,M,330.00,8.00,M,M,M,2.00,M,M,M,M,M,M,M,M,M,M,M,M,M,M,M,M,M,VOTV 230040Z AUTO 33008KT 2SM RMK IEM_DS3505,M
VOTV,2004-07-23 01:40,76.9500,8.4667,M,M,M,320.00,6.00,M,M,M,2.00,M,M,M,M,M,M,M,M,M,M,M,M,M,M,M,M,M,VOTV 230140Z AUTO 32006KT 2SM RMK IEM_DS3505,M
VOTV,2004-07-23 02:40,76.9500,8.4667,M,M,M,340.00,4.00,M,M,M,2.00,M,M,M,M,M,M,M,M,M,M,M,M,M,M,M,M,M,VOTV 230240Z AUTO 34004KT 2SM RMK IEM_DS3505,M
VOTV,2004-07-23 03:40,76.9500,8.4667,78.80,75.20,88.75,340.00,8.00,0.00,29.85,M,M,M,SCT,OVC,M,M,1000.00,9000.00,M,M,M,M,M,M,M,M,M,78.80,VOTV 230340Z 34008KT 3000HZ SCT010 OVC090 26/24 Q1011 NOSIG,M
VOTV,2004-07-23 04:40,76.9500,8.4667,82.40,75.20,78.90,310.00,12.00,M,29.83,M,2.00,M,M,M,M,M,M,M,M,M,M,M,M,M,M,M,M,89.48,VOTV 230440Z AUTO 31012KT 2SM 28/24 A2983 RMK T02800240 IEM_DS3505,M
VOTV,2004-07-23 06:40,76.9500,8.4667,82.40,73.40,74.28,300.00,12.00,M,29.80,M,2.50,M,M,M,M,M,M,M,M,M,M,M,M,M,M,M,M,88.26,VOTV 230640Z AUTO 30012KT 2 1/2SM 28/23 A2980 RMK T02800230 IEM_DS3505,M
VOTV,2004-07-23 08:40,76.9500,8.4667,82.40,75.20,78.90,300.00,14.00,M,29.77,M,4.00,M,M,M,M,M,M,M,M,M,M,M,M,M,M,M,M,89.48,VOTV 230840Z AUTO 30014KT 4SM 28/24 A2977 RMK T02800240 IEM_DS3505,M
VOTV,2004-07-23 09:40,76.9500,8.4667,82.40,75.20,78.90,310.00,14.00,M,29.74,M,4.00,M,M,M,M,M,M,M,M,M,M,M,M,M,M,M,M,89.48,VOTV 230940Z AUTO 31014KT 4SM 28/24 A2974 RMK T02800240 IEM_DS3505,M
VOTV,2004-07-23 10:40,76.9500,8.4667,80.60,75.20,83.66,290.00,14.00,M,29.74,M,3.00,M,M,M,M,M,M,M,M,M,M,M,M,M,M,M,M,86.17,VOTV 231040Z AUTO 29014KT 3SM 27/24 A2974 RMK T02700240 IEM_DS3505,M
VOTV,2004-07-23 13:40,76.9500,8.4667,80.60,77.00,88.83,310.00,8.00,M,29.77,M,2.50,M,M,M,M,M,M,M,M,M,M,M,M,M,M,M,M,87.10,VOTV 231340Z AUTO 31008KT 2 1/2SM 27/25 A2977 RMK T02700250 IEM_DS3505,M
VOTV,2004-07-23 14:40,76.9500,8.4667,80.60,77.00,88.83,310.00,6.00,M,29.77,M,2.50,M,M,M,M,M,M,M,M,M,M,M,M,M,M,M,M,87.10,VOTV 231440Z AUTO 31006KT 2 1/2SM 27/25 A2977 RMK T02700250 IEM_DS3505,M
VOTV,2004-07-23 15:40,76.9500,8.4667,80.60,77.00,88.83,340.00,4.00,M,M,M,2.50,M,M,M,M,M,M,M,M,M,M,M,M,M,M,M,M,87.10,VOTV 231540Z AUTO 34004KT 2 1/2SM 27/25 RMK T02700250 IEM_DS3505,M
VOTV,2004-07-23 16:40,76.9500,8.4667,80.60,77.00,88.83,320.00,7.00,M,29.80,M,2.50,M,M,M,M,M,M,M,M,M,M,M,M,M,M,M,M,87.10,VOTV 231640Z AUTO 32007KT 2 1/2SM 27/25 A2980 RMK T02700250 IEM_DS3505,M
VOTV,2004-07-23 17:40,76.9500,8.4667,80.60,77.00,88.83,320.00,5.00,0.00,29.80,M,2.49,M,SCT,BKN,M,M,1500.00,10000.00,M,M,HZ,M,M,M,M,M,M,87.59,VOTV 231740Z 32005KT 4000 HZ SCT015 BKN100 27/25 Q1009 NOSIG,M
VOTV,2004-07-23 23:40,76.9500,8.4667,78.80,77.00,94.23,0.00,0.00,M,29.74,M,2.50,M,M,M,M,M,M,M,M,M,M,M,M,M,M,M,M,82.75,VOTV 232340Z AUTO 00000KT 2 1/2SM 26/25 A2974 RMK T02600250 IEM_DS3505,M
VOTV,2004-07-24 01:40,76.9500,8.4667,78.80,75.20,88.75,300.00,4.00,M,29.77,M,1.00,M,M,M,M,M,M,M,M,M,M,M,M,M,M,M,M,82.38,VOTV 240140Z AUTO 30004KT 1SM 26/24 A2977 RMK T02600240 IEM_DS3505,M
VOTV,2004-07-24 05:40,76.9500,8.4667,82.40,77.00,83.77,320.00,7.00,M,29.80,M,5.00,M,M,M,M,M,M,M,M,M,M,M,M,M,M,M,M,90.85,VOTV 240540Z AUTO 32007KT 5SM 28/25 A2980 RMK T02800250 IEM_DS3505,M
VOTV,2004-07-24 06:40,76.9500,8.4667,84.20,77.00,79.04,270.00,8.00,M,29.77,M,5.00,M,M,M,M,M,M,M,M,M,M,M,M,M,M,M,M,94.16,VOTV 240640Z AUTO 27008KT 5SM 29/25 A2977 RMK T02900250 IEM_DS3505,M
VOTV,2004-07-24 07:40,76.9500,8.4667,84.20,75.20,74.44,290.00,7.00,0.00,29.77,M,4.97,M,FEW,M,M,M,2000.00,M,M,M,M,M,M,M,M,M,M,92.45,VOTV 240740Z 29007KT 8000 FEW020 29/24 Q1008 NOSIG,M
VOTV,2004-07-24 08:40,76.9500,8.4667,84.20,77.00,79.04,270.00,10.00,M,29.74,M,5.00,M,M,M,M,M,M,M,M,M,M,M,M,M,M,M,M,94.16,VOTV 240840Z AUTO 27010KT 5SM 29/25 A2974 RMK T02900250 IEM_DS3505,M
VOTV,2004-07-24 09:40,76.9500,8.4667,82.40,77.00,83.77,310.00,8.00,0.00,29.74,M,4.97,M,SCT,M,M,M,2000.00,M,M,M,M,M,M,M,M,M,M,90.85,VOTV 240940Z 31008KT 8000 SCT020 FEW025CB-N 28/25 Q1007 NOSIG,M
VOTV,2004-07-24 10:40,76.9500,8.4667,M,M,M,280.00,10.00,M,M,M,4.00,M,M,M,M,M,M,M,M,M,M,M,M,M,M,M,M,M,VOTV 241040Z AUTO 28010KT 4SM RMK IEM_DS3505,M
VOTV,2004-07-24 12:40,76.9500,8.4667,M,M,M,290.00,6.00,M,M,M,2.50,M,M,M,M,M,M,M,M,M,M,M,M,M,M,M,M,M,VOTV 241240Z AUTO 29006KT 2 1/2SM RMK IEM_DS3505,M
VOTV,2004-07-24 13:40,76.9500,8.4667,M,M,M,300.00,6.00,M,M,M,2.50,M,M,M,M,M,M,M,M,M,M,M,M,M,M,M,M,M,VOTV 241340Z AUTO 30006KT 2 1/2SM RMK IEM_DS3505,M
VOTV,2004-07-24 14:40,76.9500,8.4667,M,M,M,300.00,4.00,M,M,M,2.50,M,M,M,M,M,M,M,M,M,M,M,M,M,M,M,M,M,VOTV 241440Z AUTO 30004KT 2 1/2SM RMK IEM_DS3505,M
VOTV,2004-07-24 15:40,76.9500,8.4667,M,M,M,310.00,4.00,M,M,M,2.50,M,M,M,M,M,M,M,M,M,M,M,M,M,M,M,M,M,VOTV 241540Z AUTO 31004KT 2 1/2SM RMK IEM_DS3505,M
VOTV,2004-07-24 17:40,76.9500,8.4667,80.60,75.20,83.66,300.00,4.00,0.00,29.83,M,2.49,M,SCT,M,M,M,1500.00,M,M,M,HZ,M,M,M,M,M,M,86.17,VOTV 241740Z 30004KT 4000 HZ SCT015 FEW025CB(N NE) 27/24 Q1010 NOSIG,M
VOTV,2004-07-24 23:40,76.9500,8.4667,M,M,M,320.00,6.00,M,M,M,2.00,M,M,M,M,M,M,M,M,M,M,M,M,M,M,M,M,M,VOTV 242340Z AUTO 32006KT 2SM RMK IEM_DS3505,M
VOTV,2004-07-25 02:40,76.9500,8.4667,M,M,M,300.00,6.00,M,M,M,1.00,M,M,M,M,M,M,M,M,M,M,M,M,M,M,M,M,M,VOTV 250240Z AUTO 30006KT 1SM RMK IEM_DS3505,M
VOTV,2004-07-25 05:40,76.9500,8.4667,82.40,75.20,78.90,290.00,8.00,M,29.80,M,3.00,M,M,M,M,M,M,M,M,M,M,M,M,M,M,M,M,89.48,VOTV 250540Z AUTO 29008KT 3SM 28/24 A2980 RMK T02800240 IEM_DS3505,M
VOTV,2004-07-25 06:40,76.9500,8.4667,84.20,73.40,70.08,280.00,12.00,M,29.77,M,5.00,M,M,M,M,M,M,M,M,M,M,M,M,M,M,M,M,90.94,VOTV 250640Z AUTO 28012KT 5SM 29/23 A2977 RMK T02900230 IEM_DS3505,M
VOTV,2004-07-25 07:40,76.9500,8.4667,84.20,77.00,79.04,290.00,10.00,M,29.77,M,5.00,M,M,M,M,M,M,M,M,M,M,M,M,M,M,M,M,94.16,VOTV 250740Z AUTO 29010KT 5SM 29/25 A2977 RMK T02900250 IEM_DS3505,M
VOTV,2004-07-25 08:40,76.9500,8.4667,84.20,M,M,290.00,10.00,M,M,M,5.00,M,M,M,M,M,M,M,M,M,M,M,M,M,M,M,M,M,VOTV 250840Z AUTO 29010KT 5SM 29/ RMK IEM_DS3505,M
VOTV,2004-07-25 09:40,76.9500,8.4667,84.20,77.00,79.04,280.00,8.00,M,29.74,M,5.00,M,M,M,M,M,M,M,M,M,M,M,M,M,M,M,M,94.16,VOTV 250940Z AUTO 28008KT 5SM 29/25 A2974 RMK T02900250 IEM_DS3505,M
VOTV,2004-07-25 10:40,76.9500,8.4667,84.20,77.00,79.04,300.00,8.00,M,29.71,M,5.00,18.00,M,M,M,M,M,M,M,M,M,M,M,M,M,M,M,94.16,VOTV 251040Z AUTO 30008G18KT 5SM 29/25 A2971 RMK T02900250 IEM_DS3505,M
VOTV,2004-07-25 11:40,76.9500,8.4667,82.40,75.20,78.90,290.00,10.00,M,29.71,M,5.00,M,M,M,M,M,M,M,M,M,M,M,M,M,M,M,M,89.48,VOTV 251140Z AUTO 29010KT 5SM 28/24 A2971 RMK T02800240 IEM_DS3505,M
VOTV,2004-07-25 12:40,76.9500,8.4667,82.40,75.20,78.90,310.00,13.00,M,29.71,M,5.00,M,M,M,M,M,M,M,M,M,M,M,M,M,M,M,M,89.48,VOTV 251240Z AUTO 31013KT 5SM 28/24 A2971 RMK T02800240 IEM_DS3505,M
VOTV,2004-07-25 14:40,76.9500,8.4667,M,M,M,300.00,9.00,M,M,M,2.50,M,M,M,M,M,M,M,M,M,M,M,M,M,M,M,M,M,VOTV 251440Z AUTO 30009KT 2 1/2SM RMK IEM_DS3505,M
VOTV,2004-07-26 00:40,76.9500,8.4667,M,M,M,290.00,6.00,M,M,M,2.00,M,M,M,M,M,M,M,M,M,M,M,M,M,M,M,M,M,VOTV 260040Z AUTO 29006KT 2SM RMK IEM_DS3505,M
VOTV,2004-07-26 02:40,76.9500,8.4667,82.40,77.00,83.77,280.00,5.00,M,29.77,M,2.00,M,M,M,M,M,M,M,M,M,M,M,M,M,M,M,M,90.85,VOTV 260240Z AUTO 28005KT 2SM 28/25 A2977 RMK T02800250 IEM_DS3505,M
VOTV,2004-07-26 03:40,76.9500,8.4667,82.40,77.00,83.77,290.00,10.00,M,29.80,M,3.00,M,M,M,M,M,M,M,M,M,M,M,M,M,M,M,M,90.85,VOTV 260340Z AUTO 29010KT 3SM 28/25 A2980 RMK T02800250 IEM_DS3505,M
VOTV,2004-07-26 04:40,76.9500,8.4667,82.40,77.00,83.77,300.00,10.00,M,29.80,M,4.00,M,M,M,M,M,M,M,M,M,M,M,M,M,M,M,M,90.85,VOTV 260440Z AUTO 30010KT 4SM 28/25 A2980 RMK T02800250 IEM_DS3505,M
VOTV,2004-07-26 05:40,76.9500,8.4667,M,M,M,270.00,10.00,M,M,M,4.00,M,M,M,M,M,M,M,M,M,M,M,M,M,M,M,M,M,VOTV 260540Z AUTO 27010KT 4SM RMK IEM_DS3505,M
VOTV,2004-07-26 06:40,76.9500,8.4667,86.00,78.80,79.18,300.00,10.00,M,29.77,M,4.00,M,M,M,M,M,M,M,M,M,M,M,M,M,M,M,M,99.38,VOTV 260640Z AUTO 30010KT 4SM 30/26 A2977 RMK T03000260 IEM_DS3505,M
VOTV,2004-07-26 07:40,76.9500,8.4667,86.00,75.20,70.27,280.00,7.00,M,29.74,M,M,17.00,M,M,M,M,M,M,M,M,M,M,M,M,M,M,M,95.19,VOTV 260740Z AUTO 28007G17KT 30/24 A2974 RMK T03000240 IEM_DS3505,M
VOTV,2004-07-26 08:40,76.9500,8.4667,87.80,73.40,62.47,280.00,7.00,0.00,29.74,M,3.73,17.00,FEW,BKN,M,M,1500.00,10000.00,M,M,M,M,M,M,M,M,M,95.86,VOTV 260840Z 28007G17KT 6000 FEW015 BKN100 31/23 Q1007 NOSIG,M
VOTV,2004-07-26 09:40,76.9500,8.4667,87.80,75.20,66.35,280.00,7.00,M,29.71,M,M,17.00,M,M,M,M,M,M,M,M,M,M,M,M,M,M,M,97.76,VOTV 260940Z AUTO 28007G17KT 31/24 A2971 RMK T03100240 IEM_DS3505,M
VOTV,2004-07-26 10:40,76.9500,8.4667,86.00,73.40,66.15,290.00,8.00,M,29.71,M,M,M,M,M,M,M,M,M,M,M,M,M,M,M,M,M,M,93.45,VOTV 261040Z AUTO 29008KT 30/23 A2971 RMK T03000230 IEM_DS3505,M
VOTV,2004-07-26 11:40,76.9500,8.4667,84.20,75.20,74.44,290.00,13.00,0.00,29.71,M,3.73,M,FEW,BKN,M,M,1500.00,10000.00,M,M,M,M,M,M,M,M,M,92.45,VOTV 261140Z 29013KT 6000 FEW015 BKN100 29/24 Q1006 NOSIG,M
VOTV,2004-07-26 14:40,76.9500,8.4667,M,M,M,330.00,8.00,M,M,M,2.50,M,M,M,M,M,M,M,M,M,M,M,M,M,M,M,M,M,VOTV 261440Z AUTO 33008KT 2 1/2SM RMK IEM_DS3505,M
VOTV,2004-07-26 15:40,76.9500,8.4667,M,M,M,300.00,8.00,M,M,M,2.50,M,M,M,M,M,M,M,M,M,M,M,M,M,M,M,M,M,VOTV 261540Z AUTO 30008KT 2 1/2SM RMK IEM_DS3505,M
VOTV,2004-07-27 01:40,76.9500,8.4667,M,M,M,310.00,5.00,M,M,M,2.00,M,M,M,M,M,M,M,M,M,M,M,M,M,M,M,M,M,VOTV 270140Z AUTO 31005KT 2SM RMK IEM_DS3505,M
VOTV,2004-07-27 02:40,76.9500,8.4667,M,M,M,340.00,5.00,M,M,M,2.50,M,M,M,M,M,M,M,M,M,M,M,M,M,M,M,M,M,VOTV 270240Z AUTO 34005KT 2 1/2SM RMK IEM_DS3505,M
VOTV,2004-07-27 03:40,76.9500,8.4667,78.80,75.20,88.75,0.00,0.00,M,29.83,M,3.00,M,M,M,M,M,M,M,M,M,M,M,M,M,M,M,M,82.38,VOTV 270340Z AUTO 00000KT 3SM 26/24 A2983 RMK T02600240 IEM_DS3505,M
VOTV,2004-07-27 04:40,76.9500,8.4667,80.60,75.20,83.66,330.00,8.00,M,29.80,M,3.00,M,M,M,M,M,M,M,M,M,M,M,M,M,M,M,M,86.17,VOTV 270440Z AUTO 33008KT 3SM 27/24 A2980 RMK T02700240 IEM_DS3505,M
VOTV,2004-07-27 05:40,76.9500,8.4667,M,M,M,310.00,6.00,M,M,M,3.00,M,M,M,M,M,M,M,M,M,M,M,M,M,M,M,M,M,VOTV 270540Z AUTO 31006KT 3SM RMK IEM_DS3505,M
VOTV,2004-07-27 06:40,76.9500,8.4667,M,M,M,280.00,10.00,M,M,M,2.50,M,M,M,M,M,M,M,M,M,M,M,M,M,M,M,M,M,VOTV 270640Z AUTO 28010KT 2 1/2SM RMK IEM_DS3505,M
VOTV,2004-07-27 07:40,76.9500,8.4667,M,M,M,290.00,8.00,M,M,M,2.00,M,M,M,M,M,M,M,M,M,M,M,M,M,M,M,M,M,VOTV 270740Z AUTO 29008KT 2SM RMK IEM_DS3505,M
VOTV,2004-07-27 08:40,76.9500,8.4667,M,M,M,290.00,12.00,M,M,M,2.00,M,M,M,M,M,M,M,M,M,M,M,M,M,M,M,M,M,VOTV 270840Z AUTO 29012KT 2SM RMK IEM_DS3505,M
VOTV,2004-07-27 09:40,76.9500,8.4667,M,M,M,280.00,7.00,M,M,M,2.00,M,M,M,M,M,M,M,M,M,M,M,M,M,M,M,M,M,VOTV 270940Z AUTO 28007KT 2SM RMK IEM_DS3505,M
VOTV,2004-07-27 12:40,76.9500,8.4667,M,M,M,280.00,7.00,M,M,M,2.00,M,M,M,M,M,M,M,M,M,M,M,M,M,M,M,M,M,VOTV 271240Z AUTO 28007KT 2SM RMK IEM_DS3505,M
VOTV,2004-07-27 13:40,76.9500,8.4667,80.60,75.20,83.66,300.00,8.00,0.00,29.74,M,1.86,M,SCT,BKN,M,M,1500.00,10000.00,M,M,HZ,M,M,M,M,M,M,86.17,VOTV 271340Z 30008KT 3000 HZ SCT015 FEW025CB(E N) BKN100 27/24 Q1007 NOSIG,M
VOTV,2004-07-27 14:40,76.9500,8.4667,M,M,M,290.00,6.00,M,M,M,2.00,M,M,M,M,M,M,M,M,M,M,M,M,M,M,M,M,M,VOTV 271440Z AUTO 29006KT 2SM RMK IEM_DS3505,M
VOTV,2004-07-27 15:40,76.9500,8.4667,M,M,M,290.00,15.00,M,M,M,2.00,M,M,M,M,M,M,M,M,M,M,M,M,M,M,M,M,M,VOTV 271540Z AUTO 29015KT 2SM RMK IEM_DS3505,M
VOTV,2004-07-27 16:40,76.9500,8.4667,M,M,M,300.00,7.00,M,M,M,2.00,M,M,M,M,M,M,M,M,M,M,M,M,M,M,M,M,M,VOTV 271640Z AUTO 30007KT 2SM RMK IEM_DS3505,M
VOTV,2004-07-27 17:40,76.9500,8.4667,M,M,M,330.00,3.00,M,M,M,2.00,M,M,M,M,M,M,M,M,M,M,M,M,M,M,M,M,M,VOTV 271740Z AUTO 33003KT 2SM RMK IEM_DS3505,M
VOTV,2004-07-27 23:40,76.9500,8.4667,M,M,M,320.00,3.00,M,M,M,2.00,M,M,M,M,M,M,M,M,M,M,M,M,M,M,M,M,M,VOTV 272340Z AUTO 32003KT 2SM RMK IEM_DS3505,M
VOTV,2004-07-28 00:40,76.9500,8.4667,M,M,M,310.00,4.00,M,M,M,2.00,M,M,M,M,M,M,M,M,M,M,M,M,M,M,M,M,M,VOTV 280040Z AUTO 31004KT 2SM RMK IEM_DS3505,M
VOTV,2004-07-28 01:40,76.9500,8.4667,77.00,75.20,94.19,M,M,M,29.74,M,2.00,M,M,M,M,M,M,M,M,M,M,M,M,M,M,M,M,77.00,VOTV 280140Z AUTO 2SM 25/24 A2974 RMK T02500240 IEM_DS3505,M
VOTV,2004-07-28 02:40,76.9500,8.4667,78.80,75.20,88.75,330.00,3.00,0.00,29.77,M,1.86,M,SCT,OVC,M,M,1500.00,8000.00,M,M,HZ,M,M,M,M,M,M,78.80,VOTV 280240Z 33003KT 3000 HZ SCT015 FEW025CB(S SE W) OVC080 26/24 Q1008 NOSIG,M
VOTV,2004-07-28 04:40,76.9500,8.4667,M,M,M,280.00,10.00,M,M,M,2.50,M,M,M,M,M,M,M,M,M,M,M,M,M,M,M,M,M,VOTV 280440Z AUTO 28010KT 2 1/2SM RMK IEM_DS3505,M
VOTV,2004-07-28 05:40,76.9500,8.4667,M,M,M,290.00,7.00,M,M,M,2.50,M,M,M,M,M,M,M,M,M,M,M,M,M,M,M,M,M,VOTV 280540Z AUTO 29007KT 2 1/2SM RMK IEM_DS3505,M
VOTV,2004-07-28 06:40,76.9500,8.4667,82.40,77.00,83.77,290.00,5.00,M,29.77,M,3.00,M,M,M,M,M,M,M,M,M,M,M,M,M,M,M,M,90.85,VOTV 280640Z AUTO 29005KT 3SM 28/25 A2977 RMK T02800250 IEM_DS3505,M
VOTV,2004-07-28 07:40,76.9500,8.4667,M,M,M,280.00,10.00,M,M,M,3.00,M,M,M,M,M,M,M,M,M,M,M,M,M,M,M,M,M,VOTV 280740Z AUTO 28010KT 3SM RMK IEM_DS3505,M
VOTV,2004-07-28 09:40,76.9500,8.4667,84.20,75.20,74.44,280.00,8.00,M,29.71,M,3.00,M,M,M,M,M,M,M,M,M,M,M,M,M,M,M,M,92.45,VOTV 280940Z AUTO 28008KT 3SM 29/24 A2971 RMK T02900240 IEM_DS3505,M
VOTV,2004-07-28 10:40,76.9500,8.4667,82.40,75.20,78.90,260.00,6.00,M,29.71,M,3.00,M,M,M,M,M,M,M,M,M,M,M,M,M,M,M,M,89.48,VOTV 281040Z AUTO 26006KT 3SM 28/24 A2971 RMK T02800240 IEM_DS3505,M
VOTV,2004-07-28 14:40,76.9500,8.4667,80.60,75.20,83.66,290.00,4.00,M,29.77,M,2.50,M,M,M,M,M,M,M,M,M,M,M,M,M,M,M,M,86.17,VOTV 281440Z AUTO 29004KT 2 1/2SM 27/24 A2977 RMK T02700240 IEM_DS3505,M
VOTV,2004-07-28 15:40,76.9500,8.4667,80.60,77.00,88.83,0.00,0.00,M,29.77,M,2.50,M,M,M,M,M,M,M,M,M,M,M,M,M,M,M,M,87.10,VOTV 281540Z AUTO 00000KT 2 1/2SM 27/25 A2977 RMK T02700250 IEM_DS3505,M
VOTV,2004-07-28 16:40,76.9500,8.4667,80.60,77.00,88.83,0.00,0.00,M,29.80,M,2.50,M,M,M,M,M,M,M,M,M,M,M,M,M,M,M,M,87.10,VOTV 281640Z AUTO 00000KT 2 1/2SM 27/25 A2980 RMK T02700250 IEM_DS3505,M
VOTV,2004-07-28 17:40,76.9500,8.4667,80.60,77.00,88.83,0.00,0.00,M,29.80,M,2.50,M,M,M,M,M,M,M,M,M,M,M,M,M,M,M,M,87.10,VOTV 281740Z AUTO 00000KT 2 1/2SM 27/25 A2980 RMK T02700250 IEM_DS3505,M
VOTV,2004-07-28 22:40,76.9500,8.4667,78.80,77.00,94.23,0.00,0.00,M,29.74,M,2.00,M,M,M,M,M,M,M,M,M,M,M,M,M,M,M,M,82.75,VOTV 282240Z AUTO 00000KT 2SM 26/25 A2974 RMK T02600250 IEM_DS3505,M
VOTV,2004-07-29 00:40,76.9500,8.4667,77.00,75.20,94.19,0.00,0.00,M,29.77,M,2.00,M,M,M,M,M,M,M,M,M,M,M,M,M,M,M,M,78.83,VOTV 290040Z AUTO 00000KT 2SM 25/24 A2977 RMK T02500240 IEM_DS3505,M
VOTV,2004-07-29 01:40,76.9500,8.4667,77.00,75.20,94.19,270.00,4.00,M,29.80,M,2.00,M,M,M,M,M,M,M,M,M,M,M,M,M,M,M,M,78.83,VOTV 290140Z AUTO 27004KT 2SM 25/24 A2980 RMK T02500240 IEM_DS3505,M
VOTV,2004-07-29 03:40,76.9500,8.4667,M,M,M,0.00,0.00,M,M,M,3.00,M,M,M,M,M,M,M,M,M,M,M,M,M,M,M,M,M,VOTV 290340Z AUTO 00000KT 3SM RMK IEM_DS3505,M
VOTV,2004-07-29 05:40,76.9500,8.4667,M,M,M,280.00,7.00,M,M,M,2.50,M,M,M,M,M,M,M,M,M,M,M,M,M,M,M,M,M,VOTV 290540Z AUTO 28007KT 2 1/2SM RMK IEM_DS3505,M
VOTV,2004-07-29 06:40,76.9500,8.4667,M,M,M,280.00,8.00,M,M,M,2.50,M,M,M,M,M,M,M,M,M,M,M,M,M,M,M,M,M,VOTV 290640Z AUTO 28008KT 2 1/2SM RMK IEM_DS3505,M
VOTV,2004-07-29 07:40,76.9500,8.4667,M,M,M,300.00,4.00,M,M,M,2.50,M,M,M,M,M,M,M,M,M,M,M,M,M,M,M,M,M,VOTV 290740Z AUTO 30004KT 2 1/2SM RMK IEM_DS3505,M
VOTV,2004-07-29 08:40,76.9500,8.4667,M,M,M,270.00,10.00,M,M,M,2.50,M,M,M,M,M,M,M,M,M,M,M,M,M,M,M,M,M,VOTV 290840Z AUTO 27010KT 2 1/2SM RMK IEM_DS3505,M
VOTV,2004-07-29 09:40,76.9500,8.4667,M,M,M,280.00,9.00,M,M,M,2.50,M,M,M,M,M,M,M,M,M,M,M,M,M,M,M,M,M,VOTV 290940Z AUTO 28009KT 2 1/2SM RMK IEM_DS3505,M
VOTV,2004-07-29 10:40,76.9500,8.4667,M,M,M,290.00,7.00,M,M,M,2.50,M,M,M,M,M,M,M,M,M,M,M,M,M,M,M,M,M,VOTV 291040Z AUTO 29007KT 2 1/2SM RMK IEM_DS3505,M
VOTV,2004-07-29 11:40,76.9500,8.4667,M,M,M,290.00,8.00,M,M,M,2.50,M,M,M,M,M,M,M,M,M,M,M,M,M,M,M,M,M,VOTV 291140Z AUTO 29008KT 2 1/2SM RMK IEM_DS3505,M
VOTV,2004-07-29 13:40,76.9500,8.4667,78.80,77.00,94.23,300.00,8.00,M,29.80,M,2.50,M,M,M,M,M,M,M,M,M,M,M,M,M,M,M,M,82.75,VOTV 291340Z AUTO 30008KT 2 1/2SM 26/25 A2980 RMK T02600250 IEM_DS3505,M
VOTV,2004-07-29 14:40,76.9500,8.4667,80.60,77.00,88.83,300.00,5.00,M,29.83,M,2.50,M,M,M,M,M,M,M,M,M,M,M,M,M,M,M,M,87.10,VOTV 291440Z AUTO 30005KT 2 1/2SM 27/25 A2983 RMK T02700250 IEM_DS3505,M
VOTV,2004-07-29 15:40,76.9500,8.4667,80.60,75.20,83.66,300.00,4.00,M,29.83,M,2.50,M,M,M,M,M,M,M,M,M,M,M,M,M,M,M,M,86.17,VOTV 291540Z AUTO 30004KT 2 1/2SM 27/24 A2983 RMK T02700240 IEM_DS3505,M
VOTV,2004-07-29 16:40,76.9500,8.4667,78.80,75.20,88.75,310.00,6.00,M,29.85,M,2.50,M,M,M,M,M,M,M,M,M,M,M,M,M,M,M,M,82.38,VOTV 291640Z AUTO 31006KT 2 1/2SM 26/24 A2985 RMK T02600240 IEM_DS3505,M
VOTV,2004-07-30 03:40,76.9500,8.4667,82.40,75.20,78.90,340.00,8.00,M,29.85,M,4.00,M,M,M,M,M,M,M,M,M,M,M,M,M,M,M,M,89.48,VOTV 300340Z AUTO 34008KT 4SM 28/24 A2985 RMK T02800240 IEM_DS3505,M
VOTV,2004-07-30 04:40,76.9500,8.4667,82.40,77.00,83.77,280.00,10.00,M,29.85,M,4.00,M,M,M,M,M,M,M,M,M,M,M,M,M,M,M,M,90.85,VOTV 300440Z AUTO 28010KT 4SM 28/25 A2985 RMK T02800250 IEM_DS3505,M
VOTV,2004-07-30 05:40,76.9500,8.4667,84.20,77.00,79.04,280.00,9.00,M,29.85,M,4.00,M,M,M,M,M,M,M,M,M,M,M,M,M,M,M,M,94.16,VOTV 300540Z AUTO 28009KT 4SM 29/25 A2985 RMK T02900250 IEM_DS3505,M
VOTV,2004-07-30 06:40,76.9500,8.4667,82.40,75.20,78.90,270.00,12.00,M,29.85,M,3.00,M,M,M,M,M,M,M,M,M,M,M,M,M,M,M,M,89.48,VOTV 300640Z AUTO 27012KT 3SM 28/24 A2985 RMK T02800240 IEM_DS3505,M
VOTV,2004-07-30 08:40,76.9500,8.4667,84.20,77.00,79.04,300.00,12.00,M,29.80,M,5.00,M,M,M,M,M,M,M,M,M,M,M,M,M,M,M,M,94.16,VOTV 300840Z AUTO 30012KT 5SM 29/25 A2980 RMK T02900250 IEM_DS3505,M
VOTV,2004-07-30 11:40,76.9500,8.4667,84.20,77.00,79.04,290.00,7.00,M,29.74,M,5.00,17.00,M,M,M,M,M,M,M,M,M,M,M,M,M,M,M,94.16,VOTV 301140Z AUTO 29007G17KT 5SM 29/25 A2974 RMK T02900250 IEM_DS3505,M
VOTV,2004-07-30 12:40,76.9500,8.4667,82.40,77.00,83.77,280.00,10.00,M,29.77,M,5.00,M,M,M,M,M,M,M,M,M,M,M,M,M,M,M,M,90.85,VOTV 301240Z AUTO 28010KT 5SM 28/25 A2977 RMK T02800250 IEM_DS3505,M
VOTV,2004-07-30 13:40,76.9500,8.4667,80.60,75.20,83.66,290.00,6.00,M,29.80,M,4.00,M,M,M,M,M,M,M,M,M,M,M,M,M,M,M,M,86.17,VOTV 301340Z AUTO 29006KT 4SM 27/24 A2980 RMK T02700240 IEM_DS3505,M
VOTV,2004-07-30 14:40,76.9500,8.4667,80.60,75.20,83.66,310.00,7.00,M,29.80,M,2.50,M,M,M,M,M,M,M,M,M,M,M,M,M,M,M,M,86.17,VOTV 301440Z AUTO 31007KT 2 1/2SM 27/24 A2980 RMK T02700240 IEM_DS3505,M
VOTV,2004-07-30 16:40,76.9500,8.4667,80.60,75.20,83.66,310.00,8.00,M,29.83,M,2.50,M,M,M,M,M,M,M,M,M,M,M,M,M,M,M,M,86.17,VOTV 301640Z AUTO 31008KT 2 1/2SM 27/24 A2983 RMK T02700240 IEM_DS3505,M
VOTV,2004-07-30 17:40,76.9500,8.4667,80.60,75.20,83.66,310.00,5.00,M,29.85,M,2.50,M,M,M,M,M,M,M,M,M,M,M,M,M,M,M,M,86.17,VOTV 301740Z AUTO 31005KT 2 1/2SM 27/24 A2985 RMK T02700240 IEM_DS3505,M
VOTV,2004-07-30 22:40,76.9500,8.4667,77.00,73.40,88.67,330.00,3.00,M,29.83,M,2.50,M,M,M,M,M,M,M,M,M,M,M,M,M,M,M,M,78.57,VOTV 302240Z AUTO 33003KT 2 1/2SM 25/23 A2983 RMK T02500230 IEM_DS3505,M
VOTV,2004-07-30 23:40,76.9500,8.4667,77.00,73.40,88.67,340.00,2.00,M,29.83,M,2.50,M,M,M,M,M,M,M,M,M,M,M,M,M,M,M,M,78.57,VOTV 302340Z AUTO 34002KT 2 1/2SM 25/23 A2983 RMK T02500230 IEM_DS3505,M
VOTV,2004-07-31 00:40,76.9500,8.4667,77.00,75.20,94.19,290.00,3.00,M,29.83,M,2.50,M,M,M,M,M,M,M,M,M,M,M,M,M,M,M,M,78.83,VOTV 310040Z AUTO 29003KT 2 1/2SM 25/24 A2983 RMK T02500240 IEM_DS3505,M
VOTV,2004-07-31 01:40,76.9500,8.4667,77.00,73.40,88.67,330.00,3.00,M,29.85,M,2.50,M,M,M,M,M,M,M,M,M,M,M,M,M,M,M,M,78.57,VOTV 310140Z AUTO 33003KT 2 1/2SM 25/23 A2985 RMK T02500230 IEM_DS3505,M
VOTV,2004-07-31 02:40,76.9500,8.4667,80.60,75.20,83.66,340.00,6.00,M,29.85,M,2.50,M,M,M,M,M,M,M,M,M,M,M,M,M,M,M,M,86.17,VOTV 310240Z AUTO 34006KT 2 1/2SM 27/24 A2985 RMK T02700240 IEM_DS3505,M
VOTV,2004-07-31 03:40,76.9500,8.4667,82.40,77.00,83.77,290.00,8.00,M,29.85,M,2.50,M,M,M,M,M,M,M,M,M,M,M,M,M,M,M,M,90.85,VOTV 310340Z AUTO 29008KT 2 1/2SM 28/25 A2985 RMK T02800250 IEM_DS3505,M
VOTV,2004-07-31 04:40,76.9500,8.4667,84.20,75.20,74.44,280.00,9.00,M,29.85,M,4.00,M,M,M,M,M,M,M,M,M,M,M,M,M,M,M,M,92.45,VOTV 310440Z AUTO 28009KT 4SM 29/24 A2985 RMK T02900240 IEM_DS3505,M
VOTV,2004-07-31 05:40,76.9500,8.4667,M,M,M,300.00,8.00,M,M,M,4.00,18.00,M,M,M,M,M,M,M,M,M,M,M,M,M,M,M,M,VOTV 310540Z AUTO 30008G18KT 4SM RMK IEM_DS3505,M
VOTV,2004-07-31 06:40,76.9500,8.4667,84.20,77.00,79.04,290.00,12.00,M,29.85,M,5.00,M,M,M,M,M,M,M,M,M,M,M,M,M,M,M,M,94.16,VOTV 310640Z AUTO 29012KT 5SM 29/25 A2985 RMK T02900250 IEM_DS3505,M
VOTV,2004-07-31 07:40,76.9500,8.4667,86.00,77.00,74.61,290.00,14.00,M,29.85,M,5.00,M,M,M,M,M,M,M,M,M,M,M,M,M,M,M,M,97.15,VOTV 310740Z AUTO 29014KT 5SM 30/25 A2985 RMK T03000250 IEM_DS3505,M
VOTV,2004-07-31 08:40,76.9500,8.4667,86.00,77.00,74.61,290.00,8.00,M,29.83,M,4.00,18.00,M,M,M,M,M,M,M,M,M,M,M,M,M,M,M,97.15,VOTV 310840Z AUTO 29008G18KT 4SM 30/25 A2983 RMK T03000250 IEM_DS3505,M
VOTV,2004-07-31 09:40,76.9500,8.4667,87.80,77.00,70.45,290.00,8.00,0.00,29.80,M,3.73,18.00,FEW,SCT,M,M,2000.00,12000.00,M,M,M,M,M,M,M,M,M,99.92,VOTV 310940Z 29008G18KT 6000 FEW020 SCT120 31/25 Q1009 NS,M
VOTV,2004-07-31 10:40,76.9500,8.4667,84.20,77.00,79.04,290.00,12.00,M,29.80,M,4.00,M,M,M,M,M,M,M,M,M,M,M,M,M,M,M,M,94.16,VOTV 311040Z AUTO 29012KT 4SM 29/25 A2980 RMK T02900250 IEM_DS3505,M
VOTV,2004-07-31 11:40,76.9500,8.4667,84.20,77.00,79.04,300.00,11.00,M,29.77,M,4.00,M,M,M,M,M,M,M,M,M,M,M,M,M,M,M,M,94.16,VOTV 311140Z AUTO 30011KT 4SM 29/25 A2977 RMK T02900250 IEM_DS3505,M
VOTV,2004-07-31 12:40,76.9500,8.4667,82.40,73.40,74.28,300.00,10.00,M,29.80,M,4.00,M,M,M,M,M,M,M,M,M,M,M,M,M,M,M,M,88.26,VOTV 311240Z AUTO 30010KT 4SM 28/23 A2980 RMK T02800230 IEM_DS3505,M
VOTV,2004-07-31 13:40,76.9500,8.4667,78.80,75.20,88.75,310.00,10.00,0.00,29.80,M,3.73,M,FEW,BKN,M,M,2000.00,25000.00,M,M,M,M,M,M,M,M,M,78.80,VOTV 311340Z 31010KT 6000 FEW020 BKN250 26/24 Q1009 NOSIG,M
VOTV,2004-07-31 14:40,76.9500,8.4667,78.80,75.20,88.75,290.00,5.00,M,29.83,M,4.00,M,M,M,M,M,M,M,M,M,M,M,M,M,M,M,M,82.38,VOTV 311440Z AUTO 29005KT 4SM 26/24 A2983 RMK T02600240 IEM_DS3505,M
VOTV,2004-07-31 15:40,76.9500,8.4667,78.80,77.00,94.23,310.00,7.00,M,29.85,M,4.00,M,M,M,M,M,M,M,M,M,M,M,M,M,M,M,M,82.75,VOTV 311540Z AUTO 31007KT 4SM 26/25 A2985 RMK T02600250 IEM_DS3505,M
VOTV,2004-07-31 23:40,76.9500,8.4667,M,M,M,0.00,0.00,M,M,M,2.50,M,M,M,M,M,M,M,M,M,M,M,M,M,M,M,M,M,VOTV 312340Z AUTO 00000KT 2 1/2SM RMK IEM_DS3505,M
VOTV,2004-08-01 00:40,76.9500,8.4667,77.00,75.20,94.19,350.00,4.00,M,29.83,M,2.50,M,M,M,M,M,M,M,M,M,M,M,M,M,M,M,M,78.83,VOTV 010040Z AUTO 35004KT 2 1/2SM 25/24 A2983 RMK T02500240 IEM_DS3505,M
VOTV,2004-08-01 01:40,76.9500,8.4667,78.80,75.20,88.75,340.00,4.00,M,29.83,M,2.00,M,M,M,M,M,M,M,M,M,M,M,M,M,M,M,M,82.38,VOTV 010140Z AUTO 34004KT 2SM 26/24 A2983 RMK T02600240 IEM_DS3505,M
VOTV,2004-08-01 02:40,76.9500,8.4667,80.60,75.20,83.66,330.00,6.00,M,29.85,M,4.00,M,M,M,M,M,M,M,M,M,M,M,M,M,M,M,M,86.17,VOTV 010240Z AUTO 33006KT 4SM 27/24 A2985 RMK T02700240 IEM_DS3505,M
VOTV,2004-08-01 04:40,76.9500,8.4667,82.40,75.20,78.90,290.00,9.00,M,29.85,M,4.00,M,M,M,M,M,M,M,M,M,M,M,M,M,M,M,M,89.48,VOTV 010440Z AUTO 29009KT 4SM 28/24 A2985 RMK T02800240 IEM_DS3505,M
VOTV,2004-08-01 05:40,76.9500,8.4667,82.40,75.20,78.90,290.00,10.00,M,29.83,M,4.00,M,M,M,M,M,M,M,M,M,M,M,M,M,M,M,M,89.48,VOTV 010540Z AUTO 29010KT 4SM 28/24 A2983 RMK T02800240 IEM_DS3505,M
VOTV,2004-08-01 06:40,76.9500,8.4667,84.20,75.20,74.44,290.00,8.00,M,29.83,M,4.00,M,M,M,M,M,M,M,M,M,M,M,M,M,M,M,M,92.45,VOTV 010640Z AUTO 29008KT 4SM 29/24 A2983 RMK T02900240 IEM_DS3505,M
VOTV,2004-08-01 07:40,76.9500,8.4667,84.20,75.20,74.44,300.00,8.00,M,29.80,M,4.00,18.00,M,M,M,M,M,M,M,M,M,M,M,M,M,M,M,92.45,VOTV 010740Z AUTO 30008G18KT 4SM 29/24 A2980 RMK T02900240 IEM_DS3505,M
VOTV,2004-08-01 08:40,76.9500,8.4667,84.20,77.00,79.04,290.00,8.00,M,29.77,M,4.00,18.00,M,M,M,M,M,M,M,M,M,M,M,M,M,M,M,94.16,VOTV 010840Z AUTO 29008G18KT 4SM 29/25 A2977 RMK T02900250 IEM_DS3505,M
VOTV,2004-08-01 09:40,76.9500,8.4667,82.40,77.00,83.77,300.00,8.00,M,29.74,M,4.00,18.00,M,M,M,M,M,M,M,M,M,M,M,M,M,M,M,90.85,VOTV 010940Z AUTO 30008G18KT 4SM 28/25 A2974 RMK T02800250 IEM_DS3505,M
VOTV,2004-08-01 14:40,76.9500,8.4667,80.60,73.40,78.76,300.00,6.00,M,29.77,M,2.50,M,M,M,M,M,M,M,M,M,M,M,M,M,M,M,M,85.32,VOTV 011440Z AUTO 30006KT 2 1/2SM 27/23 A2977 RMK T02700230 IEM_DS3505,M
VOTV,2004-08-01 15:40,76.9500,8.4667,80.60,73.40,78.76,290.00,7.00,M,29.80,M,2.50,M,M,M,M,M,M,M,M,M,M,M,M,M,M,M,M,85.32,VOTV 011540Z AUTO 29007KT 2 1/2SM 27/23 A2980 RMK T02700230 IEM_DS3505,M
VOTV,2004-08-01 16:40,76.9500,8.4667,78.80,73.40,83.55,290.00,8.00,M,29.83,M,2.50,M,M,M,M,M,M,M,M,M,M,M,M,M,M,M,M,82.03,VOTV 011640Z AUTO 29008KT 2 1/2SM 26/23 A2983 RMK T02600230 IEM_DS3505,M
VOTV,2004-08-01 17:40,76.9500,8.4667,78.80,73.40,83.55,290.00,7.00,M,29.83,M,2.50,M,M,M,M,M,M,M,M,M,M,M,M,M,M,M,M,82.03,VOTV 011740Z AUTO 29007KT 2 1/2SM 26/23 A2983 RMK T02600230 IEM_DS3505,M
VOTV,2004-08-02 00:40,76.9500,8.4667,77.00,73.40,88.67,330.00,3.00,0.00,29.77,M,1.24,M,FEW,FEW,BKN,M,2000.00,2500.00,10000.00,M,HZ,M,M,M,M,M,M,77.00,VOTV 020040Z 33003KT 2000 HZ FEW020 FEW025CB BKN100 25/23 Q1008 TEMPO VISIBILITY 1500M IN -RA,M
VOTV,2004-08-02 02:40,76.9500,8.4667,M,M,M,310.00,6.00,M,M,M,1.00,M,M,M,M,M,M,M,M,M,M,M,M,M,M,M,M,M,VOTV 020240Z AUTO 31006KT 1SM RMK IEM_DS3505,M
VOTV,2004-08-02 05:40,76.9500,8.4667,82.40,75.20,78.90,310.00,10.00,M,29.80,M,5.00,M,M,M,M,M,M,M,M,M,M,M,M,M,M,M,M,89.48,VOTV 020540Z AUTO 31010KT 5SM 28/24 A2980 RMK T02800240 IEM_DS3505,M
VOTV,2004-08-02 06:40,76.9500,8.4667,82.40,73.40,74.28,280.00,10.00,M,29.80,M,5.00,M,M,M,M,M,M,M,M,M,M,M,M,M,M,M,M,88.26,VOTV 020640Z AUTO 28010KT 5SM 28/23 A2980 RMK T02800230 IEM_DS3505,M
VOTV,2004-08-02 07:40,76.9500,8.4667,84.20,75.20,74.44,270.00,10.00,M,29.77,M,5.00,M,M,M,M,M,M,M,M,M,M,M,M,M,M,M,M,92.45,VOTV 020740Z AUTO 27010KT 5SM 29/24 A2977 RMK T02900240 IEM_DS3505,M
VOTV,2004-08-02 10:40,76.9500,8.4667,84.20,75.20,74.44,310.00,8.00,M,29.71,M,5.00,M,M,M,M,M,M,M,M,M,M,M,M,M,M,M,M,92.45,VOTV 021040Z AUTO 31008KT 5SM 29/24 A2971 RMK T02900240 IEM_DS3505,M
VOTV,2004-08-02 11:40,76.9500,8.4667,M,M,M,290.00,8.00,M,M,M,5.00,M,M,M,M,M,M,M,M,M,M,M,M,M,M,M,M,M,VOTV 021140Z AUTO 29008KT 5SM RMK IEM_DS3505,M
VOTV,2004-08-02 16:40,76.9500,8.4667,M,M,M,270.00,7.00,M,M,M,2.50,M,M,M,M,M,M,M,M,M,M,M,M,M,M,M,M,M,VOTV 021640Z AUTO 27007KT 2 1/2SM RMK IEM_DS3505,M
VOTV,2004-08-02 23:40,76.9500,8.4667,M,M,M,290.00,6.00,M,M,M,2.50,M,M,M,M,M,M,M,M,M,M,M,M,M,M,M,M,M,VOTV 022340Z AUTO 29006KT 2 1/2SM RMK IEM_DS3505,M
VOTV,2004-08-03 03:40,76.9500,8.4667,82.40,75.20,78.90,300.00,12.00,M,29.77,M,2.50,M,M,M,M,M,M,M,M,M,M,M,M,M,M,M,M,89.48,VOTV 030340Z AUTO 30012KT 2 1/2SM 28/24 A2977 RMK T02800240 IEM_DS3505,M
VOTV,2004-08-03 06:40,76.9500,8.4667,86.00,77.00,74.61,300.00,15.00,M,29.74,M,4.00,M,M,M,M,M,M,M,M,M,M,M,M,M,M,M,M,97.15,VOTV 030640Z AUTO 30015KT 4SM 30/25 A2974 RMK T03000250 IEM_DS3505,M
VOTV,2004-08-03 08:40,76.9500,8.4667,M,M,M,280.00,12.00,M,M,M,4.00,M,M,M,M,M,M,M,M,M,M,M,M,M,M,M,M,M,VOTV 030840Z AUTO 28012KT 4SM RMK IEM_DS3505,M
VOTV,2004-08-03 09:40,76.9500,8.4667,M,M,M,290.00,11.00,M,M,M,4.00,M,M,M,M,M,M,M,M,M,M,M,M,M,M,M,M,M,VOTV 030940Z AUTO 29011KT 4SM RMK IEM_DS3505,M
VOTV,2004-08-03 10:40,76.9500,8.4667,M,M,M,300.00,9.00,M,M,M,4.00,M,M,M,M,M,M,M,M,M,M,M,M,M,M,M,M,M,VOTV 031040Z AUTO 30009KT 4SM RMK IEM_DS3505,M
VOTV,2004-08-03 12:40,76.9500,8.4667,M,M,M,290.00,8.00,M,M,M,4.00,M,M,M,M,M,M,M,M,M,M,M,M,M,M,M,M,M,VOTV 031240Z AUTO 29008KT 4SM RMK IEM_DS3505,M
VOTV,2004-08-04 00:40,76.9500,8.4667,M,M,M,230.00,3.00,M,M,M,2.00,M,M,M,M,M,M,M,M,M,M,M,M,M,M,M,M,M,VOTV 040040Z AUTO 23003KT 2SM RMK IEM_DS3505,M
VOTV,2004-08-04 01:40,76.9500,8.4667,M,M,M,290.00,3.00,M,M,M,2.00,M,M,M,M,M,M,M,M,M,M,M,M,M,M,M,M,M,VOTV 040140Z AUTO 29003KT 2SM RMK IEM_DS3505,M
VOTV,2004-08-04 02:40,76.9500,8.4667,80.60,77.00,88.83,270.00,5.00,M,29.74,M,2.00,M,M,M,M,M,M,M,M,M,M,M,M,M,M,M,M,87.10,VOTV 040240Z AUTO 27005KT 2SM 27/25 A2974 RMK T02700250 IEM_DS3505,M
VOTV,2004-08-04 03:40,76.9500,8.4667,M,M,M,290.00,6.00,M,M,M,2.00,M,M,M,M,M,M,M,M,M,M,M,M,M,M,M,M,M,VOTV 040340Z AUTO 29006KT 2SM RMK IEM_DS3505,M
VOTV,2004-08-04 05:40,76.9500,8.4667,M,M,M,10.00,3.00,M,M,M,4.00,M,M,M,M,M,M,M,M,M,M,M,M,M,M,M,M,M,VOTV 040540Z AUTO 01003KT 4SM RMK IEM_DS3505,M
VOTV,2004-08-04 06:40,76.9500,8.4667,M,M,M,300.00,3.00,M,M,M,4.00,M,M,M,M,M,M,M,M,M,M,M,M,M,M,M,M,M,VOTV 040640Z AUTO 30003KT 4SM RMK IEM_DS3505,M
VOTV,2004-08-04 07:40,76.9500,8.4667,M,M,M,300.00,8.00,M,M,M,4.00,M,M,M,M,M,M,M,M,M,M,M,M,M,M,M,M,M,VOTV 040740Z AUTO 30008KT 4SM RMK IEM_DS3505,M
VOTV,2004-08-04 08:40,76.9500,8.4667,M,M,M,270.00,6.00,M,M,M,4.00,M,M,M,M,M,M,M,M,M,M,M,M,M,M,M,M,M,VOTV 040840Z AUTO 27006KT 4SM RMK IEM_DS3505,M
VOTV,2004-08-04 09:40,76.9500,8.4667,M,M,M,290.00,6.00,M,M,M,4.00,M,M,M,M,M,M,M,M,M,M,M,M,M,M,M,M,M,VOTV 040940Z AUTO 29006KT 4SM RMK IEM_DS3505,M
VOTV,2004-08-04 10:40,76.9500,8.4667,M,M,M,280.00,12.00,M,M,M,2.00,M,M,M,M,M,M,M,M,M,M,M,M,M,M,M,M,M,VOTV 041040Z AUTO 28012KT 2SM RMK IEM_DS3505,M
VOTV,2004-08-04 11:40,76.9500,8.4667,78.80,77.00,94.23,300.00,7.00,M,29.71,M,2.50,M,M,M,M,M,M,M,M,M,M,M,M,M,M,M,M,82.75,VOTV 041140Z AUTO 30007KT 2 1/2SM 26/25 A2971 RMK T02600250 IEM_DS3505,M
VOTV,2004-08-04 12:40,76.9500,8.4667,78.80,77.00,94.23,310.00,5.00,0.00,29.71,M,2.49,M,SCT,FEW,OVC,M,1500.00,2500.00,8000.00,M,HZ,M,M,M,M,M,M,78.80,VOTV 041240Z 31005KT 4000 HZ SCT015 FEW025CB (SW N) OVC080 26/25 Q1006 N/S,M
VOTV,2004-08-04 13:40,76.9500,8.4667,M,M,M,300.00,6.00,M,M,M,2.50,M,M,M,M,M,M,M,M,M,M,M,M,M,M,M,M,M,VOTV 041340Z AUTO 30006KT 2 1/2SM RMK IEM_DS3505,M
VOTV,2004-08-04 14:40,76.9500,8.4667,M,M,M,320.00,4.00,M,M,M,2.00,M,M,M,M,M,M,M,M,M,M,M,M,M,M,M,M,M,VOTV 041440Z AUTO 32004KT 2SM RMK IEM_DS3505,M
VOTV,2004-08-05 01:40,76.9500,8.4667,75.20,73.40,94.14,0.00,0.00,M,29.74,M,2.00,M,M,M,M,M,M,M,M,M,M,M,M,M,M,M,M,76.84,VOTV 050140Z AUTO 00000KT 2SM 24/23 A2974 RMK T02400230 IEM_DS3505,M
VOTV,2004-08-05 02:40,76.9500,8.4667,78.80,75.20,88.75,300.00,2.00,M,29.77,M,2.00,M,M,M,M,M,M,M,M,M,M,M,M,M,M,M,M,82.38,VOTV 050240Z AUTO 30002KT 2SM 26/24 A2977 RMK T02600240 IEM_DS3505,M
VOTV,2004-08-05 05:40,76.9500,8.4667,M,M,M,270.00,6.00,M,M,M,4.00,M,M,M,M,M,M,M,M,M,M,M,M,M,M,M,M,M,VOTV 050540Z AUTO 27006KT 4SM RMK IEM_DS3505,M
VOTV,2004-08-05 06:40,76.9500,8.4667,84.20,77.00,79.04,260.00,4.00,M,29.77,M,4.00,M,M,M,M,M,M,M,M,M,M,M,M,M,M,M,M,94.16,VOTV 050640Z AUTO 26004KT 4SM 29/25 A2977 RMK T02900250 IEM_DS3505,M
VOTV,2004-08-05 10:40,76.9500,8.4667,78.80,75.20,88.75,330.00,7.00,0.00,29.71,M,1.86,M,FEW,SCT,OVC,M,1000.00,1500.00,10000.00,M,HZ,M,M,M,M,M,M,78.80,VOTV 051040Z 33007KT 3000 HZ FEW010 SCT015 FEW025CB(N/E) OVC100 26/24 Q1006 NOSIG,M
VOTV,2004-08-05 11:40,76.9500,8.4667,M,M,M,320.00,8.00,M,M,M,2.00,M,M,M,M,M,M,M,M,M,M,M,M,M,M,M,M,M,VOTV 051140Z AUTO 32008KT 2SM RMK IEM_DS3505,M
VOTV,2004-08-05 13:40,76.9500,8.4667,M,M,M,310.00,6.00,M,M,M,2.50,M,M,M,M,M,M,M,M,M,M,M,M,M,M,M,M,M,VOTV 051340Z AUTO 31006KT 2 1/2SM RMK IEM_DS3505,M
VOTV,2004-08-05 14:40,76.9500,8.4667,M,M,M,340.00,4.00,M,M,M,2.50,M,M,M,M,M,M,M,M,M,M,M,M,M,M,M,M,M,VOTV 051440Z AUTO 34004KT 2 1/2SM RMK IEM_DS3505,M
VOTV,2004-08-05 21:40,76.9500,8.4667,M,M,M,280.00,4.00,M,M,M,1.00,M,M,M,M,M,M,M,M,M,M,M,M,M,M,M,M,M,VOTV 052140Z AUTO 28004KT 1SM RMK IEM_DS3505,M
VOTV,2004-08-05 23:40,76.9500,8.4667,M,M,M,40.00,3.00,M,M,M,1.00,M,M,M,M,M,M,M,M,M,M,M,M,M,M,M,M,M,VOTV 052340Z AUTO 04003KT 1SM RMK IEM_DS3505,M
VOTV,2004-08-06 00:40,76.9500,8.4667,M,M,M,290.00,2.00,M,M,M,1.25,M,M,M,M,M,M,M,M,M,M,M,M,M,M,M,M,M,VOTV 060040Z AUTO 29002KT 1 1/4SM RMK IEM_DS3505,M
VOTV,2004-08-06 01:40,76.9500,8.4667,M,M,M,30.00,3.00,M,M,M,1.00,M,M,M,M,M,M,M,M,M,M,M,M,M,M,M,M,M,VOTV 060140Z AUTO 03003KT 1SM RMK IEM_DS3505,M
VOTV,2004-08-06 03:40,76.9500,8.4667,M,M,M,350.00,5.00,M,M,M,2.50,M,M,M,M,M,M,M,M,M,M,M,M,M,M,M,M,M,VOTV 060340Z AUTO 35005KT 2 1/2SM RMK IEM_DS3505,M
VOTV,2004-08-06 04:40,76.9500,8.4667,M,M,M,270.00,5.00,M,M,M,2.00,M,M,M,M,M,M,M,M,M,M,M,M,M,M,M,M,M,VOTV 060440Z AUTO 27005KT 2SM RMK IEM_DS3505,M
VOTV,2004-08-06 05:40,76.9500,8.4667,M,M,M,310.00,10.00,M,M,M,2.50,M,M,M,M,M,M,M,M,M,M,M,M,M,M,M,M,M,VOTV 060540Z AUTO 31010KT 2 1/2SM RMK IEM_DS3505,M
VOTV,2004-08-06 10:40,76.9500,8.4667,78.80,75.20,88.75,300.00,9.00,M,29.77,M,1.50,M,M,M,M,M,M,M,M,M,M,M,M,M,M,M,M,82.38,VOTV 061040Z AUTO 30009KT 1 1/2SM 26/24 A2977 RMK T02600240 IEM_DS3505,M
VOTV,2004-08-06 11:40,76.9500,8.4667,77.00,75.20,94.19,290.00,9.00,M,29.77,M,1.25,M,M,M,M,M,M,M,M,M,M,M,M,M,M,M,M,78.83,VOTV 061140Z AUTO 29009KT 1 1/4SM 25/24 A2977 RMK T02500240 IEM_DS3505,M
VOTV,2004-08-06 12:40,76.9500,8.4667,77.00,75.20,94.19,290.00,8.00,M,29.80,M,2.00,M,M,M,M,M,M,M,M,M,M,M,M,M,M,M,M,78.83,VOTV 061240Z AUTO 29008KT 2SM 25/24 A2980 RMK T02500240 IEM_DS3505,M
VOTV,2004-08-06 13:40,76.9500,8.4667,77.00,75.20,94.19,300.00,6.00,M,29.80,M,1.25,M,M,M,M,M,M,M,M,M,M,M,M,M,M,M,M,78.83,VOTV 061340Z AUTO 30006KT 1 1/4SM 25/24 A2980 RMK T02500240 IEM_DS3505,M
VOTV,2004-08-06 14:40,76.9500,8.4667,M,M,M,300.00,4.00,M,M,M,1.25,M,M,M,M,M,M,M,M,M,M,M,M,M,M,M,M,M,VOTV 061440Z AUTO 30004KT 1 1/4SM RMK IEM_DS3505,M
VOTV,2004-08-07 00:40,76.9500,8.4667,M,M,M,340.00,3.00,M,M,M,2.50,M,M,M,M,M,M,M,M,M,M,M,M,M,M,M,M,M,VOTV 070040Z AUTO 34003KT 2 1/2SM RMK IEM_DS3505,M
VOTV,2004-08-07 01:40,76.9500,8.4667,75.20,73.40,94.14,30.00,4.00,M,29.83,M,2.50,M,M,M,M,M,M,M,M,M,M,M,M,M,M,M,M,76.84,VOTV 070140Z AUTO 03004KT 2 1/2SM 24/23 A2983 RMK T02400230 IEM_DS3505,M
VOTV,2004-08-07 06:40,76.9500,8.4667,82.40,75.20,78.90,290.00,12.00,M,29.85,M,4.00,M,M,M,M,M,M,M,M,M,M,M,M,M,M,M,M,89.48,VOTV 070640Z AUTO 29012KT 4SM 28/24 A2985 RMK T02800240 IEM_DS3505,M
VOTV,2004-08-07 07:40,76.9500,8.4667,M,M,M,270.00,10.00,M,M,M,4.00,M,M,M,M,M,M,M,M,M,M,M,M,M,M,M,M,M,VOTV 070740Z AUTO 27010KT 4SM RMK IEM_DS3505,M
VOTV,2004-08-07 08:40,76.9500,8.4667,M,M,M,290.00,13.00,M,M,M,4.00,M,M,M,M,M,M,M,M,M,M,M,M,M,M,M,M,M,VOTV 070840Z AUTO 29013KT 4SM RMK IEM_DS3505,M
VOTV,2004-08-07 09:40,76.9500,8.4667,M,M,M,270.00,9.00,M,M,M,4.00,M,M,M,M,M,M,M,M,M,M,M,M,M,M,M,M,M,VOTV 070940Z AUTO 27009KT 4SM RMK IEM_DS3505,M
VOTV,2004-08-07 10:40,76.9500,8.4667,M,M,M,290.00,10.00,M,M,M,4.00,M,M,M,M,M,M,M,M,M,M,M,M,M,M,M,M,M,VOTV 071040Z AUTO 29010KT 4SM RMK IEM_DS3505,M
VOTV,2004-08-07 12:40,76.9500,8.4667,80.60,73.40,78.76,320.00,10.00,M,29.80,M,2.50,M,M,M,M,M,M,M,M,M,M,M,M,M,M,M,M,85.32,VOTV 071240Z AUTO 32010KT 2 1/2SM 27/23 A2980 RMK T02700230 IEM_DS3505,M
VOTV,2004-08-07 13:40,76.9500,8.4667,78.80,73.40,83.55,340.00,8.00,M,29.83,M,2.50,M,M,M,M,M,M,M,M,M,M,M,M,M,M,M,M,82.03,VOTV 071340Z AUTO 34008KT 2 1/2SM 26/23 A2983 RMK T02600230 IEM_DS3505,M
VOTV,2004-08-07 14:40,76.9500,8.4667,78.80,75.20,88.75,340.00,6.00,M,29.85,M,2.50,M,M,M,M,M,M,M,M,M,M,M,M,M,M,M,M,82.38,VOTV 071440Z AUTO 34006KT 2 1/2SM 26/24 A2985 RMK T02600240 IEM_DS3505,M
VOTV,2004-08-07 15:40,76.9500,8.4667,78.80,75.20,88.75,350.00,5.00,M,29.85,M,2.50,M,M,M,M,M,M,M,M,M,M,M,M,M,M,M,M,82.38,VOTV 071540Z AUTO 35005KT 2 1/2SM 26/24 A2985 RMK T02600240 IEM_DS3505,M
VOTV,2004-08-07 16:40,76.9500,8.4667,78.80,75.20,88.75,350.00,6.00,M,29.85,M,2.50,M,M,M,M,M,M,M,M,M,M,M,M,M,M,M,M,82.38,VOTV 071640Z AUTO 35006KT 2 1/2SM 26/24 A2985 RMK T02600240 IEM_DS3505,M
VOTV,2004-08-07 23:40,76.9500,8.4667,77.00,75.20,94.19,330.00,4.00,M,29.83,M,2.50,M,M,M,M,M,M,M,M,M,M,M,M,M,M,M,M,78.83,VOTV 072340Z AUTO 33004KT 2 1/2SM 25/24 A2983 RMK T02500240 IEM_DS3505,M
VOTV,2004-08-08 00:40,76.9500,8.4667,77.00,75.20,94.19,280.00,6.00,M,29.85,M,2.50,M,M,M,M,M,M,M,M,M,M,M,M,M,M,M,M,78.83,VOTV 080040Z AUTO 28006KT 2 1/2SM 25/24 A2985 RMK T02500240 IEM_DS3505,M
VOTV,2004-08-08 01:40,76.9500,8.4667,77.00,75.20,94.19,320.00,8.00,0.00,29.85,M,1.86,M,SCT,SCT,BKN,M,1000.00,1800.00,9000.00,M,HZ,M,M,M,M,M,M,77.00,VOTV 080140Z 32008KT 3000 HZ SCT010 SCT018 FEW025CB(E/NW) BKN090 25/24 Q1011 TEMPO 1500 RA,M
VOTV,2004-08-08 02:40,76.9500,8.4667,M,M,M,320.00,8.00,M,M,M,4.00,M,M,M,M,M,M,M,M,M,M,M,M,M,M,M,M,M,VOTV 080240Z AUTO 32008KT 4SM RMK IEM_DS3505,M
VOTV,2004-08-08 03:40,76.9500,8.4667,M,M,M,330.00,10.00,M,M,M,4.00,M,M,M,M,M,M,M,M,M,M,M,M,M,M,M,M,M,VOTV 080340Z AUTO 33010KT 4SM RMK IEM_DS3505,M
VOTV,2004-08-08 04:40,76.9500,8.4667,82.40,75.20,78.90,270.00,10.00,M,29.88,M,4.00,M,M,M,M,M,M,M,M,M,M,M,M,M,M,M,M,89.48,VOTV 080440Z AUTO 27010KT 4SM 28/24 A2988 RMK T02800240 IEM_DS3505,M
VOTV,2004-08-08 05:40,76.9500,8.4667,M,M,M,300.00,15.00,M,M,M,2.50,M,M,M,M,M,M,M,M,M,M,M,M,M,M,M,M,M,VOTV 080540Z AUTO 30015KT 2 1/2SM RMK IEM_DS3505,M
VOTV,2004-08-08 06:40,76.9500,8.4667,M,M,M,310.00,12.00,M,M,M,2.50,M,M,M,M,M,M,M,M,M,M,M,M,M,M,M,M,M,VOTV 080640Z AUTO 31012KT 2 1/2SM RMK IEM_DS3505,M
VOTV,2004-08-08 07:40,76.9500,8.4667,M,M,M,300.00,15.00,M,M,M,2.50,M,M,M,M,M,M,M,M,M,M,M,M,M,M,M,M,M,VOTV 080740Z AUTO 30015KT 2 1/2SM RMK IEM_DS3505,M
VOTV,2004-08-08 09:40,76.9500,8.4667,M,M,M,290.00,10.00,M,M,M,7.00,M,M,M,M,M,M,M,M,M,M,M,M,M,M,M,M,M,VOTV 080940Z AUTO 29010KT 7SM RMK IEM_DS3505,M
VOTV,2004-08-08 10:40,76.9500,8.4667,M,M,M,300.00,12.00,M,M,M,7.00,M,M,M,M,M,M,M,M,M,M,M,M,M,M,M,M,M,VOTV 081040Z AUTO 30012KT 7SM RMK IEM_DS3505,M
VOTV,2004-08-08 11:40,76.9500,8.4667,M,M,M,320.00,12.00,M,M,M,5.00,M,M,M,M,M,M,M,M,M,M,M,M,M,M,M,M,M,VOTV 081140Z AUTO 32012KT 5SM RMK IEM_DS3505,M
VOTV,2004-08-08 12:40,76.9500,8.4667,M,M,M,340.00,10.00,M,M,M,5.00,M,M,M,M,M,M,M,M,M,M,M,M,M,M,M,M,M,VOTV 081240Z AUTO 34010KT 5SM RMK IEM_DS3505,M
VOTV,2004-08-08 14:40,76.9500,8.4667,82.40,71.60,69.90,340.00,6.00,M,29.85,M,M,M,M,M,M,M,M,M,M,M,M,M,M,M,M,M,M,87.18,VOTV 081440Z AUTO 34006KT 28/22 A2985 RMK T02800220 IEM_DS3505,M
VOTV,2004-08-08 23:40,76.9500,8.4667,75.20,66.20,73.61,310.00,4.00,M,29.83,M,5.00,M,M,M,M,M,M,M,M,M,M,M,M,M,M,M,M,75.20,VOTV 082340Z AUTO 31004KT 5SM 24/19 A2983 RMK T02400190 IEM_DS3505,M
VOTV,2004-08-09 00:40,76.9500,8.4667,75.20,64.40,69.14,360.00,5.00,M,29.85,M,5.00,M,M,M,M,M,M,M,M,M,M,M,M,M,M,M,M,75.20,VOTV 090040Z AUTO 36005KT 5SM 24/18 A2985 RMK T02400180 IEM_DS3505,M
VOTV,2004-08-09 01:40,76.9500,8.4667,77.00,68.00,73.78,340.00,5.00,M,29.85,M,5.00,M,M,M,M,M,M,M,M,M,M,M,M,M,M,M,M,77.00,VOTV 090140Z AUTO 34005KT 5SM 25/20 A2985 RMK T02500200 IEM_DS3505,M
VOTV,2004-08-09 02:40,76.9500,8.4667,78.80,71.60,78.62,330.00,7.00,M,29.85,M,5.00,M,M,M,M,M,M,M,M,M,M,M,M,M,M,M,M,81.70,VOTV 090240Z AUTO 33007KT 5SM 26/22 A2985 RMK T02600220 IEM_DS3505,M
VOTV,2004-08-09 03:40,76.9500,8.4667,82.40,75.20,78.90,320.00,12.00,M,29.88,M,5.00,M,M,M,M,M,M,M,M,M,M,M,M,M,M,M,M,89.48,VOTV 090340Z AUTO 32012KT 5SM 28/24 A2988 RMK T02800240 IEM_DS3505,M
VOTV,2004-08-09 05:40,76.9500,8.4667,87.80,75.20,66.35,340.00,13.00,M,29.85,M,5.00,M,M,M,M,M,M,M,M,M,M,M,M,M,M,M,M,97.76,VOTV 090540Z AUTO 34013KT 5SM 31/24 A2985 RMK T03100240 IEM_DS3505,M
VOTV,2004-08-09 06:40,76.9500,8.4667,84.20,73.40,70.08,290.00,8.00,M,29.85,M,5.00,18.00,M,M,M,M,M,M,M,M,M,M,M,M,M,M,M,90.94,VOTV 090640Z AUTO 29008G18KT 5SM 29/23 A2985 RMK T02900230 IEM_DS3505,M
VOTV,2004-08-09 07:40,76.9500,8.4667,84.20,75.20,74.44,290.00,10.00,M,29.83,M,5.00,20.00,M,M,M,M,M,M,M,M,M,M,M,M,M,M,M,92.45,VOTV 090740Z AUTO 29010G20KT 5SM 29/24 A2983 RMK T02900240 IEM_DS3505,M
VOTV,2004-08-09 08:40,76.9500,8.4667,84.20,75.20,74.44,280.00,10.00,M,29.80,M,5.00,20.00,M,M,M,M,M,M,M,M,M,M,M,M,M,M,M,92.45,VOTV 090840Z AUTO 28010G20KT 5SM 29/24 A2980 RMK T02900240 IEM_DS3505,M
VOTV,2004-08-09 09:40,76.9500,8.4667,M,M,M,290.00,10.00,M,M,M,5.00,20.00,M,M,M,M,M,M,M,M,M,M,M,M,M,M,M,M,VOTV 090940Z AUTO 29010G20KT 5SM RMK IEM_DS3505,M
VOTV,2004-08-09 10:40,76.9500,8.4667,M,M,M,290.00,10.00,M,M,M,4.00,20.00,M,M,M,M,M,M,M,M,M,M,M,M,M,M,M,M,VOTV 091040Z AUTO 29010G20KT 4SM RMK IEM_DS3505,M
VOTV,2004-08-09 11:40,76.9500,8.4667,82.40,77.00,83.77,290.00,10.00,M,29.77,M,4.00,20.00,M,M,M,M,M,M,M,M,M,M,M,M,M,M,M,90.85,VOTV 091140Z AUTO 29010G20KT 4SM 28/25 A2977 RMK T02800250 IEM_DS3505,M
VOTV,2004-08-09 13:40,76.9500,8.4667,80.60,75.20,83.66,310.00,8.00,M,29.80,M,2.50,18.00,M,M,M,M,M,M,M,M,M,M,M,M,M,M,M,86.17,VOTV 091340Z AUTO 31008G18KT 2 1/2SM 27/24 A2980 RMK T02700240 IEM_DS3505,M
VOTV,2004-08-09 15:40,76.9500,8.4667,78.80,73.40,83.55,330.00,6.00,M,29.83,M,1.50,M,M,M,M,M,M,M,M,M,M,M,M,M,M,M,M,82.03,VOTV 091540Z AUTO 33006KT 1 1/2SM 26/23 A2983 RMK T02600230 IEM_DS3505,M
VOTV,2004-08-09 16:40,76.9500,8.4667,78.80,73.40,83.55,330.00,6.00,M,29.85,M,1.50,M,M,M,M,M,M,M,M,M,M,M,M,M,M,M,M,82.03,VOTV 091640Z AUTO 33006KT 1 1/2SM 26/23 A2985 RMK T02600230 IEM_DS3505,M
VOTV,2004-08-09 22:40,76.9500,8.4667,77.00,73.40,88.67,340.00,6.00,M,29.83,M,1.50,M,M,M,M,M,M,M,M,M,M,M,M,M,M,M,M,78.57,VOTV 092240Z AUTO 34006KT 1 1/2SM 25/23 A2983 RMK T02500230 IEM_DS3505,M
VOTV,2004-08-09 23:40,76.9500,8.4667,77.00,73.40,88.67,340.00,6.00,M,29.83,M,1.50,M,M,M,M,M,M,M,M,M,M,M,M,M,M,M,M,78.57,VOTV 092340Z AUTO 34006KT 1 1/2SM 25/23 A2983 RMK T02500230 IEM_DS3505,M
VOTV,2004-08-10 04:40,76.9500,8.4667,86.00,75.20,70.27,330.00,10.00,M,29.85,M,5.00,M,M,M,M,M,M,M,M,M,M,M,M,M,M,M,M,95.19,VOTV 100440Z AUTO 33010KT 5SM 30/24 A2985 RMK T03000240 IEM_DS3505,M
VOTV,2004-08-10 05:40,76.9500,8.4667,82.40,77.00,83.77,310.00,10.00,M,29.85,M,4.00,M,M,M,M,M,M,M,M,M,M,M,M,M,M,M,M,90.85,VOTV 100540Z AUTO 31010KT 4SM 28/25 A2985 RMK T02800250 IEM_DS3505,M
VOTV,2004-08-10 06:40,76.9500,8.4667,82.40,75.20,78.90,280.00,12.00,M,29.85,M,4.00,M,M,M,M,M,M,M,M,M,M,M,M,M,M,M,M,89.48,VOTV 100640Z AUTO 28012KT 4SM 28/24 A2985 RMK T02800240 IEM_DS3505,M
VOTV,2004-08-10 07:40,76.9500,8.4667,82.40,75.20,78.90,290.00,12.00,M,29.83,M,4.00,M,M,M,M,M,M,M,M,M,M,M,M,M,M,M,M,89.48,VOTV 100740Z AUTO 29012KT 4SM 28/24 A2983 RMK T02800240 IEM_DS3505,M
VOTV,2004-08-10 08:40,76.9500,8.4667,84.20,75.20,74.44,290.00,9.00,M,29.80,M,4.00,M,M,M,M,M,M,M,M,M,M,M,M,M,M,M,M,92.45,VOTV 100840Z AUTO 29009KT 4SM 29/24 A2980 RMK T02900240 IEM_DS3505,M
VOTV,2004-08-10 09:40,76.9500,8.4667,82.40,73.40,74.28,300.00,12.00,M,29.80,M,4.00,M,M,M,M,M,M,M,M,M,M,M,M,M,M,M,M,88.26,VOTV 100940Z AUTO 30012KT 4SM 28/23 A2980 RMK T02800230 IEM_DS3505,M
VOTV,2004-08-10 11:40,76.9500,8.4667,82.40,73.40,74.28,270.00,12.00,M,29.80,M,4.00,M,M,M,M,M,M,M,M,M,M,M,M,M,M,M,M,88.26,VOTV 101140Z AUTO 27012KT 4SM 28/23 A2980 RMK T02800230 IEM_DS3505,M
VOTV,2004-08-10 12:40,76.9500,8.4667,82.40,73.40,74.28,300.00,9.00,M,29.80,M,4.00,M,M,M,M,M,M,M,M,M,M,M,M,M,M,M,M,88.26,VOTV 101240Z AUTO 30009KT 4SM 28/23 A2980 RMK T02800230 IEM_DS3505,M
VOTV,2004-08-10 13:40,76.9500,8.4667,78.80,71.60,78.62,310.00,13.00,M,29.83,M,2.50,M,M,M,M,M,M,M,M,M,M,M,M,M,M,M,M,81.70,VOTV 101340Z AUTO 31013KT 2 1/2SM 26/22 A2983 RMK T02600220 IEM_DS3505,M
VOTV,2004-08-10 17:40,76.9500,8.4667,78.80,73.40,83.55,320.00,3.00,M,M,M,2.00,M,M,M,M,M,M,M,M,M,M,M,M,M,M,M,M,82.03,VOTV 101740Z AUTO 32003KT 2SM 26/23 RMK T02600230 IEM_DS3505,M
VOTV,2004-08-11 00:40,76.9500,8.4667,77.00,73.40,88.67,340.00,6.00,M,29.85,M,2.00,M,M,M,M,M,M,M,M,M,M,M,M,M,M,M,M,78.57,VOTV 110040Z AUTO 34006KT 2SM 25/23 A2985 RMK T02500230 IEM_DS3505,M
VOTV,2004-08-11 01:40,76.9500,8.4667,77.00,71.60,83.44,340.00,6.00,M,29.85,M,2.00,M,M,M,M,M,M,M,M,M,M,M,M,M,M,M,M,78.32,VOTV 110140Z AUTO 34006KT 2SM 25/22 A2985 RMK T02500220 IEM_DS3505,M
VOTV,2004-08-11 03:40,76.9500,8.4667,82.40,75.20,78.90,330.00,8.00,M,29.88,M,4.00,M,M,M,M,M,M,M,M,M,M,M,M,M,M,M,M,89.48,VOTV 110340Z AUTO 33008KT 4SM 28/24 A2988 RMK T02800240 IEM_DS3505,M
VOTV,2004-08-11 04:40,76.9500,8.4667,82.40,75.20,78.90,270.00,10.00,M,29.88,M,4.00,M,M,M,M,M,M,M,M,M,M,M,M,M,M,M,M,89.48,VOTV 110440Z AUTO 27010KT 4SM 28/24 A2988 RMK T02800240 IEM_DS3505,M
VOTV,2004-08-11 05:40,76.9500,8.4667,82.40,75.20,78.90,290.00,10.00,M,29.88,M,4.00,M,M,M,M,M,M,M,M,M,M,M,M,M,M,M,M,89.48,VOTV 110540Z AUTO 29010KT 4SM 28/24 A2988 RMK T02800240 IEM_DS3505,M
VOTV,2004-08-11 06:40,76.9500,8.4667,M,M,M,290.00,12.00,M,M,M,5.00,M,M,M,M,M,M,M,M,M,M,M,M,M,M,M,M,M,VOTV 110640Z AUTO 29012KT 5SM RMK IEM_DS3505,M
VOTV,2004-08-11 07:40,76.9500,8.4667,M,M,M,290.00,12.00,M,M,M,5.00,M,M,M,M,M,M,M,M,M,M,M,M,M,M,M,M,M,VOTV 110740Z AUTO 29012KT 5SM RMK IEM_DS3505,M
VOTV,2004-08-11 08:40,76.9500,8.4667,82.40,73.40,74.28,290.00,12.00,M,29.83,M,5.00,M,M,M,M,M,M,M,M,M,M,M,M,M,M,M,M,88.26,VOTV 110840Z AUTO 29012KT 5SM 28/23 A2983 RMK T02800230 IEM_DS3505,M
VOTV,2004-08-11 09:40,76.9500,8.4667,82.40,73.40,74.28,290.00,15.00,M,29.80,M,5.00,M,M,M,M,M,M,M,M,M,M,M,M,M,M,M,M,88.26,VOTV 110940Z AUTO 29015KT 5SM 28/23 A2980 RMK T02800230 IEM_DS3505,M
VOTV,2004-08-11 10:40,76.9500,8.4667,82.40,75.20,78.90,280.00,12.00,M,29.80,M,5.00,M,M,M,M,M,M,M,M,M,M,M,M,M,M,M,M,89.48,VOTV 111040Z AUTO 28012KT 5SM 28/24 A2980 RMK T02800240 IEM_DS3505,M
VOTV,2004-08-11 11:40,76.9500,8.4667,82.40,75.20,78.90,300.00,12.00,M,29.80,M,4.00,M,M,M,M,M,M,M,M,M,M,M,M,M,M,M,M,89.48,VOTV 111140Z AUTO 30012KT 4SM 28/24 A2980 RMK T02800240 IEM_DS3505,M
VOTV,2004-08-11 12:40,76.9500,8.4667,82.40,75.20,78.90,290.00,12.00,M,29.83,M,2.50,M,M,M,M,M,M,M,M,M,M,M,M,M,M,M,M,89.48,VOTV 111240Z AUTO 29012KT 2 1/2SM 28/24 A2983 RMK T02800240 IEM_DS3505,M
VOTV,2004-08-11 15:40,76.9500,8.4667,80.60,75.20,83.66,310.00,6.00,M,29.85,M,2.50,M,M,M,M,M,M,M,M,M,M,M,M,M,M,M,M,86.17,VOTV 111540Z AUTO 31006KT 2 1/2SM 27/24 A2985 RMK T02700240 IEM_DS3505,M
VOTV,2004-08-11 23:40,76.9500,8.4667,77.00,71.60,83.44,340.00,5.00,M,29.83,M,2.50,M,M,M,M,M,M,M,M,M,M,M,M,M,M,M,M,78.32,VOTV 112340Z AUTO 34005KT 2 1/2SM 25/22 A2983 RMK T02500220 IEM_DS3505,M
VOTV,2004-08-12 00:40,76.9500,8.4667,77.00,73.40,88.67,330.00,4.00,0.00,29.83,M,2.49,M,SCT,SCT,M,M,1500.00,25000.00,M,M,HZ,M,M,M,M,M,M,77.00,VOTV 120040Z 33004KT 4000 HZ SCT015 SCT250 25/23 Q1010 NOSIG,M
VOTV,2004-08-12 01:40,76.9500,8.4667,78.80,73.40,83.55,330.00,6.00,M,29.85,M,2.50,M,M,M,M,M,M,M,M,M,M,M,M,M,M,M,M,82.03,VOTV 120140Z AUTO 33006KT 2 1/2SM 26/23 A2985 RMK T02600230 IEM_DS3505,M
VOTV,2004-08-12 02:40,76.9500,8.4667,80.60,75.20,83.66,340.00,6.00,0.00,29.88,M,2.49,M,FEW,BKN,M,M,1800.00,25000.00,M,M,HZ,M,M,M,M,M,M,86.17,VOTV 120240Z 34006KT 4000 HZ FEW018 BKN250 27/24 Q1012 BECMG 6KM,M
VOTV,2004-08-12 03:40,76.9500,8.4667,82.40,75.20,78.90,330.00,8.00,M,29.88,M,4.00,M,M,M,M,M,M,M,M,M,M,M,M,M,M,M,M,89.48,VOTV 120340Z AUTO 33008KT 4SM 28/24 A2988 RMK T02800240 IEM_DS3505,M
VOTV,2004-08-12 04:40,76.9500,8.4667,84.20,75.20,74.44,290.00,10.00,M,29.88,M,5.00,M,M,M,M,M,M,M,M,M,M,M,M,M,M,M,M,92.45,VOTV 120440Z AUTO 29010KT 5SM 29/24 A2988 RMK T02900240 IEM_DS3505,M
VOTV,2004-08-12 05:40,76.9500,8.4667,84.20,75.20,74.44,290.00,15.00,M,29.88,M,5.00,M,M,M,M,M,M,M,M,M,M,M,M,M,M,M,M,92.45,VOTV 120540Z AUTO 29015KT 5SM 29/24 A2988 RMK T02900240 IEM_DS3505,M
VOTV,2004-08-12 06:40,76.9500,8.4667,84.20,75.20,74.44,280.00,10.00,M,29.85,M,5.00,M,M,M,M,M,M,M,M,M,M,M,M,M,M,M,M,92.45,VOTV 120640Z AUTO 28010KT 5SM 29/24 A2985 RMK T02900240 IEM_DS3505,M
VOTV,2004-08-12 07:40,76.9500,8.4667,84.20,71.60,65.95,270.00,10.00,M,29.83,M,5.00,M,M,M,M,M,M,M,M,M,M,M,M,M,M,M,M,89.60,VOTV 120740Z AUTO 27010KT 5SM 29/22 A2983 RMK T02900220 IEM_DS3505,M
VOTV,2004-08-12 08:40,76.9500,8.4667,86.00,71.60,62.25,300.00,10.00,M,29.83,M,5.00,M,M,M,M,M,M,M,M,M,M,M,M,M,M,M,M,91.92,VOTV 120840Z AUTO 30010KT 5SM 30/22 A2983 RMK T03000220 IEM_DS3505,M
VOTV,2004-08-12 09:40,76.9500,8.4667,87.80,71.60,58.78,300.00,10.00,M,29.80,M,5.00,M,M,M,M,M,M,M,M,M,M,M,M,M,M,M,M,94.18,VOTV 120940Z AUTO 30010KT 5SM 31/22 A2980 RMK T03100220 IEM_DS3505,M
VOTV,2004-08-12 11:40,76.9500,8.4667,84.20,71.60,65.95,290.00,10.00,M,29.77,M,M,M,M,M,M,M,M,M,M,M,M,M,M,M,M,M,M,89.60,VOTV 121140Z AUTO 29010KT 29/22 A2977 RMK T02900220 IEM_DS3505,M
VOTV,2004-08-12 12:40,76.9500,8.4667,84.20,69.80,62.03,300.00,8.00,M,29.80,M,M,M,M,M,M,M,M,M,M,M,M,M,M,M,M,M,M,88.43,VOTV 121240Z AUTO 30008KT 29/21 A2980 RMK T02900210 IEM_DS3505,M
VOTV,2004-08-12 13:40,76.9500,8.4667,82.40,69.80,65.74,310.00,8.00,M,29.80,M,1.50,M,M,M,M,M,M,M,M,M,M,M,M,M,M,M,M,86.22,VOTV 121340Z AUTO 31008KT 1 1/2SM 28/21 A2980 RMK T02800210 IEM_DS3505,M
VOTV,2004-08-12 15:40,76.9500,8.4667,82.40,69.80,65.74,300.00,6.00,M,29.85,M,2.00,M,M,M,M,M,M,M,M,M,M,M,M,M,M,M,M,86.22,VOTV 121540Z AUTO 30006KT 2SM 28/21 A2985 RMK T02800210 IEM_DS3505,M
VOTV,2004-08-12 16:40,76.9500,8.4667,80.60,69.80,69.71,300.00,4.00,M,29.83,M,2.00,M,M,M,M,M,M,M,M,M,M,M,M,M,M,M,M,83.90,VOTV 121640Z AUTO 30004KT 2SM 27/21 A2983 RMK T02700210 IEM_DS3505,M
VOTV,2004-08-12 17:40,76.9500,8.4667,80.60,71.60,74.11,320.00,4.00,0.00,29.83,M,1.86,M,FEW,SCT,M,M,1500.00,25000.00,M,M,HZ,M,M,M,M,M,M,84.57,VOTV 121740Z 32004KT 3000 HZ FEW015 SCT250 27/22 Q1010 NOSIG,M
VOTV,2004-08-12 21:40,76.9500,8.4667,78.80,73.40,83.55,290.00,4.00,M,29.85,M,2.00,M,M,M,M,M,M,M,M,M,M,M,M,M,M,M,M,82.03,VOTV 122140Z AUTO 29004KT 2SM 26/23 A2985 RMK T02600230 IEM_DS3505,M
VOTV,2004-08-12 23:40,76.9500,8.4667,M,M,M,250.00,3.00,M,M,M,1.50,M,M,M,M,M,M,M,M,M,M,M,M,M,M,M,M,M,VOTV 122340Z AUTO 25003KT 1 1/2SM RMK IEM_DS3505,M
VOTV,2004-08-13 01:40,76.9500,8.4667,M,M,M,320.00,4.00,M,M,M,1.50,M,M,M,M,M,M,M,M,M,M,M,M,M,M,M,M,M,VOTV 130140Z AUTO 32004KT 1 1/2SM RMK IEM_DS3505,M
VOTV,2004-08-13 02:40,76.9500,8.4667,M,M,M,310.00,2.00,M,M,M,2.00,M,M,M,M,M,M,M,M,M,M,M,M,M,M,M,M,M,VOTV 130240Z AUTO 31002KT 2SM RMK IEM_DS3505,M
VOTV,2004-08-13 05:40,76.9500,8.4667,M,M,M,320.00,6.00,M,M,M,4.00,M,M,M,M,M,M,M,M,M,M,M,M,M,M,M,M,M,VOTV 130540Z AUTO 32006KT 4SM RMK IEM_DS3505,M
VOTV,2004-08-13 07:40,76.9500,8.4667,78.80,75.20,88.75,290.00,8.00,0.00,29.85,M,2.49,M,SCT,SCT,FEW,OVC,1500.00,1800.00,2500.00,9000.00,HZ,M,M,M,M,M,M,78.80,VOTV 130740Z 29008KT 4000 HZ SCT015 SCT018 FEW025CB OVC090 26/24 Q1011 NOSIG,M
VOTV,2004-08-13 08:40,76.9500,8.4667,M,M,M,280.00,10.00,M,M,M,2.50,M,M,M,M,M,M,M,M,M,M,M,M,M,M,M,M,M,VOTV 130840Z AUTO 28010KT 2 1/2SM RMK IEM_DS3505,M
VOTV,2004-08-13 09:40,76.9500,8.4667,M,M,M,290.00,10.00,M,M,M,4.00,M,M,M,M,M,M,M,M,M,M,M,M,M,M,M,M,M,VOTV 130940Z AUTO 29010KT 4SM RMK IEM_DS3505,M
VOTV,2004-08-13 10:40,76.9500,8.4667,M,M,M,310.00,10.00,M,M,M,4.00,M,M,M,M,M,M,M,M,M,M,M,M,M,M,M,M,M,VOTV 131040Z AUTO 31010KT 4SM RMK IEM_DS3505,M
VOTV,2004-08-13 11:40,76.9500,8.4667,M,M,M,300.00,8.00,M,M,M,4.00,M,M,M,M,M,M,M,M,M,M,M,M,M,M,M,M,M,VOTV 131140Z AUTO 30008KT 4SM RMK IEM_DS3505,M
VOTV,2004-08-13 12:40,76.9500,8.4667,M,M,M,280.00,6.00,M,M,M,4.00,M,M,M,M,M,M,M,M,M,M,M,M,M,M,M,M,M,VOTV 131240Z AUTO 28006KT 4SM RMK IEM_DS3505,M
VOTV,2004-08-13 14:40,76.9500,8.4667,80.60,75.20,83.66,0.00,0.00,0.00,29.85,M,2.49,M,FEW,FEW,BKN,M,2000.00,2500.00,10000.00,M,HZ,M,M,M,M,M,M,86.17,VOTV 131440Z 00000KT 4000 HZ FEW020 FEW025CB BKN100 27/24 Q1011 NOSIG,M
VOTV,2004-08-13 22:40,76.9500,8.4667,M,M,M,0.00,0.00,M,M,M,2.00,M,M,M,M,M,M,M,M,M,M,M,M,M,M,M,M,M,VOTV 132240Z AUTO 00000KT 2SM RMK IEM_DS3505,M
VOTV,2004-08-13 23:40,76.9500,8.4667,M,M,M,0.00,0.00,M,M,M,2.00,M,M,M,M,M,M,M,M,M,M,M,M,M,M,M,M,M,VOTV 132340Z AUTO 00000KT 2SM RMK IEM_DS3505,M
VOTV,2004-08-14 00:40,76.9500,8.4667,75.20,73.40,94.14,M,M,M,29.83,M,2.00,M,M,M,M,M,M,M,M,M,M,M,M,M,M,M,M,75.20,VOTV 140040Z AUTO 2SM 24/23 A2983 RMK T02400230 IEM_DS3505,M
VOTV,2004-08-14 02:40,76.9500,8.4667,M,M,M,0.00,0.00,M,M,M,2.00,M,M,M,M,M,M,M,M,M,M,M,M,M,M,M,M,M,VOTV 140240Z AUTO 00000KT 2SM RMK IEM_DS3505,M
VOTV,2004-08-14 04:40,76.9500,8.4667,M,M,M,310.00,8.00,M,M,M,1.25,M,M,M,M,M,M,M,M,M,M,M,M,M,M,M,M,M,VOTV 140440Z AUTO 31008KT 1 1/4SM RMK IEM_DS3505,M
VOTV,2004-08-14 05:40,76.9500,8.4667,78.80,75.20,88.75,310.00,8.00,M,29.91,M,2.50,M,M,M,M,M,M,M,M,M,M,M,M,M,M,M,M,82.38,VOTV 140540Z AUTO 31008KT 2 1/2SM 26/24 A2991 RMK T02600240 IEM_DS3505,M
VOTV,2004-08-14 06:40,76.9500,8.4667,80.60,73.40,78.76,300.00,8.00,M,29.88,M,2.50,M,M,M,M,M,M,M,M,M,M,M,M,M,M,M,M,85.32,VOTV 140640Z AUTO 30008KT 2 1/2SM 27/23 A2988 RMK T02700230 IEM_DS3505,M
VOTV,2004-08-14 07:40,76.9500,8.4667,M,M,M,280.00,12.00,M,M,M,2.50,M,M,M,M,M,M,M,M,M,M,M,M,M,M,M,M,M,VOTV 140740Z AUTO 28012KT 2 1/2SM RMK IEM_DS3505,M
VOTV,2004-08-14 08:40,76.9500,8.4667,M,M,M,280.00,10.00,M,M,M,2.50,M,M,M,M,M,M,M,M,M,M,M,M,M,M,M,M,M,VOTV 140840Z AUTO 28010KT 2 1/2SM RMK IEM_DS3505,M
VOTV,2004-08-14 09:40,76.9500,8.4667,M,M,M,280.00,7.00,M,M,M,2.50,M,M,M,M,M,M,M,M,M,M,M,M,M,M,M,M,M,VOTV 140940Z AUTO 28007KT 2 1/2SM RMK IEM_DS3505,M
VOTV,2004-08-14 10:40,76.9500,8.4667,M,M,M,290.00,6.00,M,M,M,1.50,M,M,M,M,M,M,M,M,M,M,M,M,M,M,M,M,M,VOTV 141040Z AUTO 29006KT 1 1/2SM RMK IEM_DS3505,M
VOTV,2004-08-14 11:40,76.9500,8.4667,M,M,M,260.00,4.00,M,M,M,1.50,M,M,M,M,M,M,M,M,M,M,M,M,M,M,M,M,M,VOTV 141140Z AUTO 26004KT 1 1/2SM RMK IEM_DS3505,M
VOTV,2004-08-14 12:40,76.9500,8.4667,M,M,M,270.00,3.00,M,M,M,1.50,M,M,M,M,M,M,M,M,M,M,M,M,M,M,M,M,M,VOTV 141240Z AUTO 27003KT 1 1/2SM RMK IEM_DS3505,M
VOTV,2004-08-14 13:40,76.9500,8.4667,M,M,M,310.00,3.00,M,M,M,2.50,M,M,M,M,M,M,M,M,M,M,M,M,M,M,M,M,M,VOTV 141340Z AUTO 31003KT 2 1/2SM RMK IEM_DS3505,M
VOTV,2004-08-14 14:40,76.9500,8.4667,M,M,M,320.00,3.00,M,M,M,2.50,M,M,M,M,M,M,M,M,M,M,M,M,M,M,M,M,M,VOTV 141440Z AUTO 32003KT 2 1/2SM RMK IEM_DS3505,M
VOTV,2004-08-15 00:40,76.9500,8.4667,75.20,73.40,94.14,350.00,3.00,M,29.83,M,2.50,M,M,M,M,M,M,M,M,M,M,M,M,M,M,M,M,76.84,VOTV 150040Z AUTO 35003KT 2 1/2SM 24/23 A2983 RMK T02400230 IEM_DS3505,M
VOTV,2004-08-15 02:40,76.9500,8.4667,M,M,M,290.00,4.00,M,M,M,2.50,M,M,M,M,M,M,M,M,M,M,M,M,M,M,M,M,M,VOTV 150240Z AUTO 29004KT 2 1/2SM RMK IEM_DS3505,M
VOTV,2004-08-15 03:40,76.9500,8.4667,M,M,M,270.00,4.00,M,M,M,5.00,M,M,M,M,M,M,M,M,M,M,M,M,M,M,M,M,M,VOTV 150340Z AUTO 27004KT 5SM RMK IEM_DS3505,M
VOTV,2004-08-15 04:40,76.9500,8.4667,82.40,73.40,74.28,270.00,6.00,M,29.88,M,5.00,M,M,M,M,M,M,M,M,M,M,M,M,M,M,M,M,88.26,VOTV 150440Z AUTO 27006KT 5SM 28/23 A2988 RMK T02800230 IEM_DS3505,M
VOTV,2004-08-15 05:40,76.9500,8.4667,82.40,71.60,69.90,230.00,4.00,M,29.88,M,5.00,M,M,M,M,M,M,M,M,M,M,M,M,M,M,M,M,87.18,VOTV 150540Z AUTO 23004KT 5SM 28/22 A2988 RMK T02800220 IEM_DS3505,M
VOTV,2004-08-15 06:40,76.9500,8.4667,82.40,71.60,69.90,270.00,5.00,M,29.85,M,5.00,M,M,M,M,M,M,M,M,M,M,M,M,M,M,M,M,87.18,VOTV 150640Z AUTO 27005KT 5SM 28/22 A2985 RMK T02800220 IEM_DS3505,M
VOTV,2004-08-15 07:40,76.9500,8.4667,82.40,71.60,69.90,290.00,6.00,M,29.83,M,5.00,M,M,M,M,M,M,M,M,M,M,M,M,M,M,M,M,87.18,VOTV 150740Z AUTO 29006KT 5SM 28/22 A2983 RMK T02800220 IEM_DS3505,M
VOTV,2004-08-15 08:40,76.9500,8.4667,82.40,69.80,65.74,250.00,6.00,M,29.80,M,5.00,M,M,M,M,M,M,M,M,M,M,M,M,M,M,M,M,86.22,VOTV 150840Z AUTO 25006KT 5SM 28/21 A2980 RMK T02800210 IEM_DS3505,M
VOTV,2004-08-15 10:40,76.9500,8.4667,M,M,M,290.00,6.00,M,M,M,5.00,M,M,M,M,M,M,M,M,M,M,M,M,M,M,M,M,M,VOTV 151040Z AUTO 29006KT 5SM RMK IEM_DS3505,M
VOTV,2004-08-15 11:40,76.9500,8.4667,82.40,68.00,61.81,300.00,8.00,M,29.77,M,M,M,M,M,M,M,M,M,M,M,M,M,M,M,M,M,M,85.38,VOTV 151140Z AUTO 30008KT 28/20 A2977 RMK T02800200 IEM_DS3505,M
VOTV,2004-08-15 12:40,76.9500,8.4667,80.60,68.00,65.54,290.00,10.00,M,29.77,M,M,M,M,M,M,M,M,M,M,M,M,M,M,M,M,M,M,83.29,VOTV 151240Z AUTO 29010KT 27/20 A2977 RMK T02700200 IEM_DS3505,M
VOTV,2004-08-15 13:40,76.9500,8.4667,80.60,68.00,65.54,280.00,6.00,M,29.77,M,2.50,M,M,M,M,M,M,M,M,M,M,M,M,M,M,M,M,83.29,VOTV 151340Z AUTO 28006KT 2 1/2SM 27/20 A2977 RMK T02700200 IEM_DS3505,M
VOTV,2004-08-15 14:40,76.9500,8.4667,80.60,68.00,65.54,310.00,6.00,M,29.80,M,2.00,M,M,M,M,M,M,M,M,M,M,M,M,M,M,M,M,83.29,VOTV 151440Z AUTO 31006KT 2SM 27/20 A2980 RMK T02700200 IEM_DS3505,M
VOTV,2004-08-15 15:40,76.9500,8.4667,80.60,66.20,61.58,300.00,6.00,M,29.83,M,2.00,M,M,M,M,M,M,M,M,M,M,M,M,M,M,M,M,82.75,VOTV 151540Z AUTO 30006KT 2SM 27/19 A2983 RMK T02700190 IEM_DS3505,M
VOTV,2004-08-15 16:40,76.9500,8.4667,80.60,68.00,65.54,310.00,5.00,M,29.83,M,2.00,M,M,M,M,M,M,M,M,M,M,M,M,M,M,M,M,83.29,VOTV 151640Z AUTO 31005KT 2SM 27/20 A2983 RMK T02700200 IEM_DS3505,M
VOTV,2004-08-16 01:40,76.9500,8.4667,77.00,73.40,88.67,320.00,6.00,0.00,29.83,M,2.49,M,SCT,BKN,M,M,1000.00,10000.00,M,M,HZ,M,M,M,M,M,M,77.00,VOTV 160140Z 32006KT 4000 HZ SCT010 FEW025CB(NW/E/S) BKN100 25/23 Q1010 TEMPO 2000 RA,M
VOTV,2004-08-16 02:40,76.9500,8.4667,M,M,M,310.00,5.00,M,M,M,2.50,M,M,M,M,M,M,M,M,M,M,M,M,M,M,M,M,M,VOTV 160240Z AUTO 31005KT 2 1/2SM RMK IEM_DS3505,M
VOTV,2004-08-16 03:40,76.9500,8.4667,M,M,M,340.00,8.00,M,M,M,1.50,M,M,M,M,M,M,M,M,M,M,M,M,M,M,M,M,M,VOTV 160340Z AUTO 34008KT 1 1/2SM RMK IEM_DS3505,M
VOTV,2004-08-16 06:40,76.9500,8.4667,80.60,75.20,83.66,280.00,12.00,M,29.85,M,5.00,M,M,M,M,M,M,M,M,M,M,M,M,M,M,M,M,86.17,VOTV 160640Z AUTO 28012KT 5SM 27/24 A2985 RMK T02700240 IEM_DS3505,M
VOTV,2004-08-16 09:40,76.9500,8.4667,M,M,M,330.00,8.00,M,M,M,4.00,M,M,M,M,M,M,M,M,M,M,M,M,M,M,M,M,M,VOTV 160940Z AUTO 33008KT 4SM RMK IEM_DS3505,M
VOTV,2004-08-16 10:40,76.9500,8.4667,80.60,73.40,78.76,270.00,12.00,M,29.77,M,4.00,M,M,M,M,M,M,M,M,M,M,M,M,M,M,M,M,85.32,VOTV 161040Z AUTO 27012KT 4SM 27/23 A2977 RMK T02700230 IEM_DS3505,M
VOTV,2004-08-16 11:40,76.9500,8.4667,78.80,75.20,88.75,270.00,12.00,M,29.77,M,4.00,M,M,M,M,M,M,M,M,M,M,M,M,M,M,M,M,82.38,VOTV 161140Z AUTO 27012KT 4SM 26/24 A2977 RMK T02600240 IEM_DS3505,M
VOTV,2004-08-16 12:40,76.9500,8.4667,M,M,M,300.00,12.00,M,M,M,4.00,M,M,M,M,M,M,M,M,M,M,M,M,M,M,M,M,M,VOTV 161240Z AUTO 30012KT 4SM RMK IEM_DS3505,M
VOTV,2004-08-16 14:40,76.9500,8.4667,77.00,73.40,88.67,330.00,5.00,M,29.85,M,2.00,M,M,M,M,M,M,M,M,M,M,M,M,M,M,M,M,78.57,VOTV 161440Z AUTO 33005KT 2SM 25/23 A2985 RMK T02500230 IEM_DS3505,M
VOTV,2004-08-16 15:40,76.9500,8.4667,M,M,M,340.00,3.00,M,M,M,2.00,M,M,M,M,M,M,M,M,M,M,M,M,M,M,M,M,M,VOTV 161540Z AUTO 34003KT 2SM RMK IEM_DS3505,M
VOTV,2004-08-16 16:40,76.9500,8.4667,M,M,M,340.00,2.00,M,M,M,2.00,M,M,M,M,M,M,M,M,M,M,M,M,M,M,M,M,M,VOTV 161640Z AUTO 34002KT 2SM RMK IEM_DS3505,M
VOTV,2004-08-17 00:40,76.9500,8.4667,77.00,73.40,88.67,330.00,3.00,M,29.80,M,2.50,M,M,M,M,M,M,M,M,M,M,M,M,M,M,M,M,78.57,VOTV 170040Z AUTO 33003KT 2 1/2SM 25/23 A2980 RMK T02500230 IEM_DS3505,M
VOTV,2004-08-17 01:40,76.9500,8.4667,77.00,73.40,88.67,320.00,6.00,0.00,29.80,M,2.49,M,FEW,BKN,M,M,1500.00,10000.00,M,M,HZ,M,M,M,M,M,M,77.00,VOTV 170140Z 32006KT 4000 HZ FEW015 BKN100 25/23 Q1009 BECMG 6KMS,M
VOTV,2004-08-17 02:40,76.9500,8.4667,78.80,73.40,83.55,340.00,17.00,M,29.85,M,4.00,M,M,M,M,M,M,M,M,M,M,M,M,M,M,M,M,82.03,VOTV 170240Z AUTO 34017KT 4SM 26/23 A2985 RMK T02600230 IEM_DS3505,M
VOTV,2004-08-17 03:40,76.9500,8.4667,82.40,73.40,74.28,340.00,8.00,M,29.85,M,4.00,18.00,M,M,M,M,M,M,M,M,M,M,M,M,M,M,M,88.26,VOTV 170340Z AUTO 34008G18KT 4SM 28/23 A2985 RMK T02800230 IEM_DS3505,M
VOTV,2004-08-17 04:40,76.9500,8.4667,80.60,73.40,78.76,270.00,8.00,M,29.85,M,5.00,18.00,M,M,M,M,M,M,M,M,M,M,M,M,M,M,M,85.32,VOTV 170440Z AUTO 27008G18KT 5SM 27/23 A2985 RMK T02700230 IEM_DS3505,M
VOTV,2004-08-17 05:40,76.9500,8.4667,82.40,73.40,74.28,290.00,8.00,M,29.85,M,5.00,18.00,M,M,M,M,M,M,M,M,M,M,M,M,M,M,M,88.26,VOTV 170540Z AUTO 29008G18KT 5SM 28/23 A2985 RMK T02800230 IEM_DS3505,M
VOTV,2004-08-17 06:40,76.9500,8.4667,84.20,73.40,70.08,290.00,8.00,M,29.83,M,5.00,18.00,M,M,M,M,M,M,M,M,M,M,M,M,M,M,M,90.94,VOTV 170640Z AUTO 29008G18KT 5SM 29/23 A2983 RMK T02900230 IEM_DS3505,M
VOTV,2004-08-17 07:40,76.9500,8.4667,82.40,73.40,74.28,290.00,8.00,0.00,29.83,M,4.97,18.00,SCT,SCT,M,M,1800.00,10000.00,M,M,M,M,M,M,M,M,M,88.26,VOTV 170740Z 29008G18KT 8000 SCT018 SCT100 28/23 Q1010 NOSIG,M
VOTV,2004-08-17 08:40,76.9500,8.4667,M,M,M,290.00,8.00,M,M,M,5.00,18.00,M,M,M,M,M,M,M,M,M,M,M,M,M,M,M,M,VOTV 170840Z AUTO 29008G18KT 5SM RMK IEM_DS3505,M
VOTV,2004-08-17 09:40,76.9500,8.4667,82.40,73.40,74.28,310.00,8.00,M,29.80,M,5.00,18.00,M,M,M,M,M,M,M,M,M,M,M,M,M,M,M,88.26,VOTV 170940Z AUTO 31008G18KT 5SM 28/23 A2980 RMK T02800230 IEM_DS3505,M
VOTV,2004-08-17 10:40,76.9500,8.4667,82.40,75.20,78.90,310.00,8.00,M,29.80,M,5.00,18.00,M,M,M,M,M,M,M,M,M,M,M,M,M,M,M,89.48,VOTV 171040Z AUTO 31008G18KT 5SM 28/24 A2980 RMK T02800240 IEM_DS3505,M
VOTV,2004-08-17 11:40,76.9500,8.4667,80.60,73.40,78.76,310.00,12.00,M,29.80,M,4.00,M,M,M,M,M,M,M,M,M,M,M,M,M,M,M,M,85.32,VOTV 171140Z AUTO 31012KT 4SM 27/23 A2980 RMK T02700230 IEM_DS3505,M
VOTV,2004-08-17 12:40,76.9500,8.4667,82.40,73.40,74.28,310.00,10.00,M,29.80,M,4.00,M,M,M,M,M,M,M,M,M,M,M,M,M,M,M,M,88.26,VOTV 171240Z AUTO 31010KT 4SM 28/23 A2980 RMK T02800230 IEM_DS3505,M
VOTV,2004-08-17 14:40,76.9500,8.4667,80.60,73.40,78.76,290.00,10.00,M,29.85,M,2.50,M,M,M,M,M,M,M,M,M,M,M,M,M,M,M,M,85.32,VOTV 171440Z AUTO 29010KT 2 1/2SM 27/23 A2985 RMK T02700230 IEM_DS3505,M
VOTV,2004-08-17 15:40,76.9500,8.4667,M,M,M,310.00,8.00,M,M,M,2.50,18.00,M,M,M,M,M,M,M,M,M,M,M,M,M,M,M,M,VOTV 171540Z AUTO 31008G18KT 2 1/2SM RMK IEM_DS3505,M
VOTV,2004-08-17 16:40,76.9500,8.4667,80.60,75.20,83.66,320.00,4.00,0.00,29.91,M,2.49,M,SCT,OVC,M,M,1500.00,8000.00,M,M,DZ,M,M,M,M,M,M,86.17,VOTV 171640Z 32004KT 4000 DZ SCT015 FEW025(CB-W N) OVC080 27/24 Q1013 TEMPO 2000 IN RA,M
VOTV,2004-08-17 23:40,76.9500,8.4667,77.00,73.40,88.67,350.00,5.00,0.00,29.85,M,1.86,M,SCT,OVC,M,M,1500.00,8000.00,M,M,HZ,M,M,M,M,M,M,77.00,VOTV 172340Z 35005KT 3000 HZ SCT015 FEW025CB(W) OVC080 25/23 Q1011 NOSIG,M
VOTV,2004-08-18 00:40,76.9500,8.4667,M,M,M,350.00,6.00,M,M,M,2.00,M,M,M,M,M,M,M,M,M,M,M,M,M,M,M,M,M,VOTV 180040Z AUTO 35006KT 2SM RMK IEM_DS3505,M
VOTV,2004-08-18 01:40,76.9500,8.4667,77.00,73.40,88.67,340.00,6.00,0.00,29.85,M,2.49,M,SCT,BKN,M,M,1500.00,9000.00,M,M,HZ,M,M,M,M,M,M,77.00,VOTV 180140Z 34006KT 4000 HZ SCT015 FEW025CB(W) BKN090 25/23 Q1011 NOSIG,M
VOTV,2004-08-18 02:40,76.9500,8.4667,M,M,M,310.00,3.00,M,M,M,2.50,M,M,M,M,M,M,M,M,M,M,M,M,M,M,M,M,M,VOTV 180240Z AUTO 31003KT 2 1/2SM RMK IEM_DS3505,M
VOTV,2004-08-18 03:40,76.9500,8.4667,M,M,M,320.00,6.00,M,M,M,2.50,M,M,M,M,M,M,M,M,M,M,M,M,M,M,M,M,M,VOTV 180340Z AUTO 32006KT 2 1/2SM RMK IEM_DS3505,M
VOTV,2004-08-18 04:40,76.9500,8.4667,84.20,71.60,65.95,320.00,10.00,0.00,29.91,M,3.73,M,FEW,SCT,M,M,1500.00,10000.00,M,M,M,M,M,M,M,M,M,89.60,VOTV 180440Z 32010KT 6000 FEW015 SCT100 29/22 Q1013 NOSIG,M
VOTV,2004-08-18 05:40,76.9500,8.4667,82.40,75.20,78.90,300.00,10.00,M,29.83,M,5.00,M,M,M,M,M,M,M,M,M,M,M,M,M,M,M,M,89.48,VOTV 180540Z AUTO 30010KT 5SM 28/24 A2983 RMK T02800240 IEM_DS3505,M
VOTV,2004-08-18 06:40,76.9500,8.4667,84.20,75.20,74.44,300.00,8.00,M,29.88,M,5.00,18.00,M,M,M,M,M,M,M,M,M,M,M,M,M,M,M,92.45,VOTV 180640Z AUTO 30008G18KT 5SM 29/24 A2988 RMK T02900240 IEM_DS3505,M
VOTV,2004-08-18 07:40,76.9500,8.4667,84.20,73.40,70.08,300.00,8.00,0.00,29.85,M,4.97,18.00,FEW,BKN,M,M,1500.00,10000.00,M,M,M,M,M,M,M,M,M,90.94,VOTV 180740Z 30008G18KT 8000 FEW015 BKN100 29/23 Q1011 NOSIG,M
VOTV,2004-08-18 08:40,76.9500,8.4667,84.20,73.40,70.08,300.00,8.00,M,29.83,M,5.00,18.00,M,M,M,M,M,M,M,M,M,M,M,M,M,M,M,90.94,VOTV 180840Z AUTO 30008G18KT 5SM 29/23 A2983 RMK T02900230 IEM_DS3505,M
VOTV,2004-08-18 09:40,76.9500,8.4667,84.20,75.20,74.44,300.00,10.00,0.00,29.83,M,4.97,20.00,FEW,BKN,M,M,1500.00,10000.00,M,M,M,M,M,M,M,M,M,92.45,VOTV 180940Z 30010G20KT 8000 FEW015 BKN100 29/24 Q1010 NOSIG,M
VOTV,2004-08-18 10:40,76.9500,8.4667,84.20,75.20,74.44,290.00,8.00,M,29.83,M,5.00,18.00,M,M,M,M,M,M,M,M,M,M,M,M,M,M,M,92.45,VOTV 181040Z AUTO 29008G18KT 5SM 29/24 A2983 RMK T02900240 IEM_DS3505,M
VOTV,2004-08-18 11:40,76.9500,8.4667,82.40,75.20,78.90,300.00,8.00,M,29.83,M,5.00,18.00,M,M,M,M,M,M,M,M,M,M,M,M,M,M,M,89.48,VOTV 181140Z AUTO 30008G18KT 5SM 28/24 A2983 RMK T02800240 IEM_DS3505,M
VOTV,2004-08-18 12:40,76.9500,8.4667,80.60,75.20,83.66,280.00,8.00,M,29.85,M,5.00,18.00,M,M,M,M,M,M,M,M,M,M,M,M,M,M,M,86.17,VOTV 181240Z AUTO 28008G18KT 5SM 27/24 A2985 RMK T02700240 IEM_DS3505,M
VOTV,2004-08-18 13:40,76.9500,8.4667,80.60,75.20,83.66,290.00,12.00,0.00,29.85,M,3.73,M,FEW,BKN,M,M,1200.00,10000.00,M,M,M,M,M,M,M,M,M,86.17,VOTV 181340Z 29012KT 6000 FEW012 BKN100 27/24 Q1011 NS,M
VOTV,2004-08-18 16:40,76.9500,8.4667,80.60,73.40,78.76,300.00,8.00,M,29.91,M,2.50,M,M,M,M,M,M,M,M,M,M,M,M,M,M,M,M,85.32,VOTV 181640Z AUTO 30008KT 2 1/2SM 27/23 A2991 RMK T02700230 IEM_DS3505,M
VOTV,2004-08-19 00:40,76.9500,8.4667,78.80,73.40,83.55,320.00,8.00,M,29.83,M,2.50,M,M,M,M,M,M,M,M,M,M,M,M,M,M,M,M,82.03,VOTV 190040Z AUTO 32008KT 2 1/2SM 26/23 A2983 RMK T02600230 IEM_DS3505,M
VOTV,2004-08-19 01:40,76.9500,8.4667,78.80,77.00,94.23,320.00,8.00,0.00,29.85,M,2.49,M,FEW,M,M,M,1500.00,M,M,M,HZ,M,M,M,M,M,M,78.80,VOTV 190140Z 32008KT 4000 HZ FEW015 26/25 Q1011 NO SIG,M
VOTV,2004-08-19 02:40,76.9500,8.4667,78.80,73.40,83.55,320.00,10.00,M,29.88,M,4.00,M,M,M,M,M,M,M,M,M,M,M,M,M,M,M,M,82.03,VOTV 190240Z AUTO 32010KT 4SM 26/23 A2988 RMK T02600230 IEM_DS3505,M
VOTV,2004-08-19 03:40,76.9500,8.4667,80.60,73.40,78.76,330.00,12.00,M,29.88,M,4.00,M,M,M,M,M,M,M,M,M,M,M,M,M,M,M,M,85.32,VOTV 190340Z AUTO 33012KT 4SM 27/23 A2988 RMK T02700230 IEM_DS3505,M
VOTV,2004-08-19 04:40,76.9500,8.4667,84.20,73.40,70.08,320.00,10.00,M,29.88,M,M,M,M,M,M,M,M,M,M,M,M,M,M,M,M,M,M,90.94,VOTV 190440Z AUTO 32010KT 29/23 A2988 RMK T02900230 IEM_DS3505,M
VOTV,2004-08-19 05:40,76.9500,8.4667,M,M,M,300.00,10.00,M,M,M,4.00,M,M,M,M,M,M,M,M,M,M,M,M,M,M,M,M,M,VOTV 190540Z AUTO 30010KT 4SM RMK IEM_DS3505,M
VOTV,2004-08-19 06:40,76.9500,8.4667,M,M,M,290.00,10.00,M,M,M,4.00,M,M,M,M,M,M,M,M,M,M,M,M,M,M,M,M,M,VOTV 190640Z AUTO 29010KT 4SM RMK IEM_DS3505,M
VOTV,2004-08-19 07:40,76.9500,8.4667,84.20,73.40,70.08,290.00,15.00,0.00,29.83,M,4.97,M,FEW,SCT,M,M,1800.00,10000.00,M,M,M,M,M,M,M,M,M,90.94,VOTV 190740Z 29015KT 8000 FEW018 FEW025CB(E) SCT100 29/23 Q1010 NOSIG,M
VOTV,2004-08-19 08:40,76.9500,8.4667,M,M,M,290.00,12.00,M,M,M,5.00,22.00,M,M,M,M,M,M,M,M,M,M,M,M,M,M,M,M,VOTV 190840Z AUTO 29012G22KT 5SM RMK IEM_DS3505,M
VOTV,2004-08-19 09:40,76.9500,8.4667,M,M,M,310.00,12.00,M,M,M,5.00,M,M,M,M,M,M,M,M,M,M,M,M,M,M,M,M,M,VOTV 190940Z AUTO 31012KT 5SM RMK IEM_DS3505,M
VOTV,2004-08-19 10:00,76.9500,8.4667,84.20,75.20,74.44,300.00,12.00,M,29.74,M,5.00,22.00,M,M,M,M,M,M,M,M,M,M,M,M,M,M,M,92.45,VOTV 191000Z AUTO 30012G22KT 5SM 29/24 A2974 RMK T02900240 IEM_DS3505,M
VOTV,2004-08-19 11:40,76.9500,8.4667,84.20,75.20,74.44,300.00,12.00,M,29.77,M,5.00,22.00,M,M,M,M,M,M,M,M,M,M,M,M,M,M,M,92.45,VOTV 191140Z AUTO 30012G22KT 5SM 29/24 A2977 RMK T02900240 IEM_DS3505,M
VOTV,2004-08-19 12:40,76.9500,8.4667,M,M,M,310.00,10.00,M,M,M,4.00,20.00,M,M,M,M,M,M,M,M,M,M,M,M,M,M,M,M,VOTV 191240Z AUTO 31010G20KT 4SM RMK IEM_DS3505,M
VOTV,2004-08-19 13:40,76.9500,8.4667,M,M,M,300.00,8.00,M,M,M,4.00,M,M,M,M,M,M,M,M,M,M,M,M,M,M,M,M,M,VOTV 191340Z AUTO 30008KT 4SM RMK IEM_DS3505,M
VOTV,2004-08-19 14:40,76.9500,8.4667,M,M,M,340.00,8.00,M,M,M,4.00,M,M,M,M,M,M,M,M,M,M,M,M,M,M,M,M,M,VOTV 191440Z AUTO 34008KT 4SM RMK IEM_DS3505,M
VOTV,2004-08-19 15:40,76.9500,8.4667,M,M,M,330.00,6.00,M,M,M,4.00,M,M,M,M,M,M,M,M,M,M,M,M,M,M,M,M,M,VOTV 191540Z AUTO 33006KT 4SM RMK IEM_DS3505,M
VOTV,2004-08-19 17:40,76.9500,8.4667,M,M,M,340.00,8.00,M,M,M,2.50,M,M,M,M,M,M,M,M,M,M,M,M,M,M,M,M,M,VOTV 191740Z AUTO 34008KT 2 1/2SM RMK IEM_DS3505,M
VOTV,2004-08-19 22:40,76.9500,8.4667,M,M,M,330.00,8.00,M,M,M,2.50,M,M,M,M,M,M,M,M,M,M,M,M,M,M,M,M,M,VOTV 192240Z AUTO 33008KT 2 1/2SM RMK IEM_DS3505,M
VOTV,2004-08-20 00:40,76.9500,8.4667,77.00,73.40,88.67,340.00,10.00,M,29.80,M,2.50,M,M,M,M,M,M,M,M,M,M,M,M,M,M,M,M,78.57,VOTV 200040Z AUTO 34010KT 2 1/2SM 25/23 A2980 RMK T02500230 IEM_DS3505,M
VOTV,2004-08-20 02:40,76.9500,8.4667,78.80,71.60,78.62,340.00,10.00,M,29.80,M,4.00,M,M,M,M,M,M,M,M,M,M,M,M,M,M,M,M,81.70,VOTV 200240Z AUTO 34010KT 4SM 26/22 A2980 RMK T02600220 IEM_DS3505,M
VOTV,2004-08-20 03:40,76.9500,8.4667,82.40,73.40,74.28,340.00,8.00,M,29.80,M,5.00,18.00,M,M,M,M,M,M,M,M,M,M,M,M,M,M,M,88.26,VOTV 200340Z AUTO 34008G18KT 5SM 28/23 A2980 RMK T02800230 IEM_DS3505,M
VOTV,2004-08-20 04:40,76.9500,8.4667,M,M,M,340.00,8.00,M,M,M,5.00,18.00,M,M,M,M,M,M,M,M,M,M,M,M,M,M,M,M,VOTV 200440Z AUTO 34008G18KT 5SM RMK IEM_DS3505,M
VOTV,2004-08-20 05:40,76.9500,8.4667,M,M,M,320.00,10.00,M,M,M,5.00,20.00,M,M,M,M,M,M,M,M,M,M,M,M,M,M,M,M,VOTV 200540Z AUTO 32010G20KT 5SM RMK IEM_DS3505,M
VOTV,2004-08-20 06:40,76.9500,8.4667,M,M,M,330.00,10.00,M,M,M,5.00,20.00,M,M,M,M,M,M,M,M,M,M,M,M,M,M,M,M,VOTV 200640Z AUTO 33010G20KT 5SM RMK IEM_DS3505,M
VOTV,2004-08-20 08:40,76.9500,8.4667,M,M,M,270.00,12.00,M,M,M,5.00,22.00,M,M,M,M,M,M,M,M,M,M,M,M,M,M,M,M,VOTV 200840Z AUTO 27012G22KT 5SM RMK IEM_DS3505,M
VOTV,2004-08-20 09:40,76.9500,8.4667,M,M,M,M,M,M,M,M,4.00,M,M,M,M,M,M,M,M,M,M,M,M,M,M,M,M,M,VOTV 200940Z AUTO 4SM RMK IEM_DS3505,M
VOTV,2004-08-20 10:40,76.9500,8.4667,M,M,M,310.00,15.00,M,M,M,4.00,25.00,M,M,M,M,M,M,M,M,M,M,M,M,M,M,M,M,VOTV 201040Z AUTO 31015G25KT 4SM RMK IEM_DS3505,M
VOTV,2004-08-20 11:40,76.9500,8.4667,M,M,M,310.00,12.00,M,M,M,4.00,22.00,M,M,M,M,M,M,M,M,M,M,M,M,M,M,M,M,VOTV 201140Z AUTO 31012G22KT 4SM RMK IEM_DS3505,M
VOTV,2004-08-20 12:40,76.9500,8.4667,M,M,M,300.00,8.00,M,M,M,4.00,M,M,M,M,M,M,M,M,M,M,M,M,M,M,M,M,M,VOTV 201240Z AUTO 30008KT 4SM RMK IEM_DS3505,M
VOTV,2004-08-20 14:40,76.9500,8.4667,M,M,M,300.00,10.00,M,M,M,3.00,M,M,M,M,M,M,M,M,M,M,M,M,M,M,M,M,M,VOTV 201440Z AUTO 30010KT 3SM RMK IEM_DS3505,M
VOTV,2004-08-20 15:40,76.9500,8.4667,M,M,M,300.00,6.00,M,M,M,3.00,M,M,M,M,M,M,M,M,M,M,M,M,M,M,M,M,M,VOTV 201540Z AUTO 30006KT 3SM RMK IEM_DS3505,M
VOTV,2004-08-20 23:40,76.9500,8.4667,M,M,M,340.00,3.00,M,M,M,2.00,M,M,M,M,M,M,M,M,M,M,M,M,M,M,M,M,M,VOTV 202340Z AUTO 34003KT 2SM RMK IEM_DS3505,M
VOTV,2004-08-21 00:40,76.9500,8.4667,M,M,M,300.00,5.00,M,M,M,2.00,M,M,M,M,M,M,M,M,M,M,M,M,M,M,M,M,M,VOTV 210040Z AUTO 30005KT 2SM RMK IEM_DS3505,M
VOTV,2004-08-21 01:40,76.9500,8.4667,78.80,73.40,83.55,340.00,6.00,0.00,29.80,M,1.86,M,FEW,SCT,M,M,1500.00,25000.00,M,M,HZ,M,M,M,M,M,M,78.80,VOTV 210140Z 34006KT 3000 HZ FEW015 SCT250 26/23 Q1009 NOSIG,M
VOTV,2004-08-21 03:40,76.9500,8.4667,80.60,73.40,78.76,340.00,10.00,M,29.83,M,4.00,M,M,M,M,M,M,M,M,M,M,M,M,M,M,M,M,85.32,VOTV 210340Z AUTO 34010KT 4SM 27/23 A2983 RMK T02700230 IEM_DS3505,M
VOTV,2004-08-21 06:40,76.9500,8.4667,82.40,75.20,78.90,280.00,7.00,M,29.80,M,4.00,17.00,M,M,M,M,M,M,M,M,M,M,M,M,M,M,M,89.48,VOTV 210640Z AUTO 28007G17KT 4SM 28/24 A2980 RMK T02800240 IEM_DS3505,M
VOTV,2004-08-21 07:40,76.9500,8.4667,82.40,75.20,78.90,290.00,7.00,M,29.77,M,4.00,17.00,M,M,M,M,M,M,M,M,M,M,M,M,M,M,M,89.48,VOTV 210740Z AUTO 29007G17KT 4SM 28/24 A2977 RMK T02800240 IEM_DS3505,M
VOTV,2004-08-21 08:40,76.9500,8.4667,84.20,75.20,74.44,290.00,7.00,M,29.77,M,5.00,17.00,M,M,M,M,M,M,M,M,M,M,M,M,M,M,M,92.45,VOTV 210840Z AUTO 29007G17KT 5SM 29/24 A2977 RMK T02900240 IEM_DS3505,M
VOTV,2004-08-21 09:40,76.9500,8.4667,82.40,73.40,74.28,280.00,10.00,M,29.74,M,5.00,20.00,M,M,M,M,M,M,M,M,M,M,M,M,M,M,M,88.26,VOTV 210940Z AUTO 28010G20KT 5SM 28/23 A2974 RMK T02800230 IEM_DS3505,M
VOTV,2004-08-21 10:40,76.9500,8.4667,82.40,73.40,74.28,270.00,8.00,M,29.74,M,5.00,18.00,M,M,M,M,M,M,M,M,M,M,M,M,M,M,M,88.26,VOTV 211040Z AUTO 27008G18KT 5SM 28/23 A2974 RMK T02800230 IEM_DS3505,M
VOTV,2004-08-21 11:40,76.9500,8.4667,82.40,73.40,74.28,300.00,8.00,M,29.74,M,5.00,18.00,M,M,M,M,M,M,M,M,M,M,M,M,M,M,M,88.26,VOTV 211140Z AUTO 30008G18KT 5SM 28/23 A2974 RMK T02800230 IEM_DS3505,M
VOTV,2004-08-21 12:40,76.9500,8.4667,82.40,73.40,74.28,290.00,10.00,M,29.77,M,5.00,20.00,M,M,M,M,M,M,M,M,M,M,M,M,M,M,M,88.26,VOTV 211240Z AUTO 29010G20KT 5SM 28/23 A2977 RMK T02800230 IEM_DS3505,M
VOTV,2004-08-21 15:40,76.9500,8.4667,80.60,73.40,78.76,330.00,6.00,M,29.83,M,2.50,M,M,M,M,M,M,M,M,M,M,M,M,M,M,M,M,85.32,VOTV 211540Z AUTO 33006KT 2 1/2SM 27/23 A2983 RMK T02700230 IEM_DS3505,M
VOTV,2004-08-21 16:40,76.9500,8.4667,80.60,73.40,78.76,310.00,5.00,M,29.85,M,2.50,M,M,M,M,M,M,M,M,M,M,M,M,M,M,M,M,85.32,VOTV 211640Z AUTO 31005KT 2 1/2SM 27/23 A2985 RMK T02700230 IEM_DS3505,M
VOTV,2004-08-21 22:40,76.9500,8.4667,M,M,M,340.00,4.00,M,M,M,2.50,M,M,M,M,M,M,M,M,M,M,M,M,M,M,M,M,M,VOTV 212240Z AUTO 34004KT 2 1/2SM RMK IEM_DS3505,M
VOTV,2004-08-21 23:40,76.9500,8.4667,M,M,M,340.00,4.00,M,M,M,2.50,M,M,M,M,M,M,M,M,M,M,M,M,M,M,M,M,M,VOTV 212340Z AUTO 34004KT 2 1/2SM RMK IEM_DS3505,M
VOTV,2004-08-22 02:40,76.9500,8.4667,80.60,75.20,83.66,340.00,6.00,M,29.83,M,2.50,M,M,M,M,M,M,M,M,M,M,M,M,M,M,M,M,86.17,VOTV 220240Z AUTO 34006KT 2 1/2SM 27/24 A2983 RMK T02700240 IEM_DS3505,M
VOTV,2004-08-22 04:40,76.9500,8.4667,84.20,73.40,70.08,300.00,12.00,M,29.85,M,M,M,M,M,M,M,M,M,M,M,M,M,M,M,M,M,M,90.94,VOTV 220440Z AUTO 30012KT 29/23 A2985 RMK T02900230 IEM_DS3505,M
VOTV,2004-08-22 05:40,76.9500,8.4667,84.20,73.40,70.08,290.00,12.00,M,29.85,M,M,M,M,M,M,M,M,M,M,M,M,M,M,M,M,M,M,90.94,VOTV 220540Z AUTO 29012KT 29/23 A2985 RMK T02900230 IEM_DS3505,M
VOTV,2004-08-22 06:40,76.9500,8.4667,84.20,73.40,70.08,280.00,8.00,M,29.83,M,M,18.00,M,M,M,M,M,M,M,M,M,M,M,M,M,M,M,90.94,VOTV 220640Z AUTO 28008G18KT 29/23 A2983 RMK T02900230 IEM_DS3505,M
VOTV,2004-08-22 07:40,76.9500,8.4667,84.20,73.40,70.08,320.00,8.00,M,29.80,M,5.00,18.00,M,M,M,M,M,M,M,M,M,M,M,M,M,M,M,90.94,VOTV 220740Z AUTO 32008G18KT 5SM 29/23 A2980 RMK T02900230 IEM_DS3505,M
VOTV,2004-08-22 08:40,76.9500,8.4667,M,M,M,290.00,8.00,M,M,M,5.00,18.00,M,M,M,M,M,M,M,M,M,M,M,M,M,M,M,M,VOTV 220840Z AUTO 29008G18KT 5SM RMK IEM_DS3505,M
VOTV,2004-08-22 09:40,76.9500,8.4667,84.20,75.20,74.44,290.00,7.00,M,29.80,M,5.00,17.00,M,M,M,M,M,M,M,M,M,M,M,M,M,M,M,92.45,VOTV 220940Z AUTO 29007G17KT 5SM 29/24 A2980 RMK T02900240 IEM_DS3505,M
VOTV,2004-08-22 10:40,76.9500,8.4667,82.40,75.20,78.90,300.00,8.00,M,29.77,M,5.00,18.00,M,M,M,M,M,M,M,M,M,M,M,M,M,M,M,89.48,VOTV 221040Z AUTO 30008G18KT 5SM 28/24 A2977 RMK T02800240 IEM_DS3505,M
VOTV,2004-08-22 11:40,76.9500,8.4667,82.40,75.20,78.90,290.00,9.00,M,29.77,M,4.00,19.00,M,M,M,M,M,M,M,M,M,M,M,M,M,M,M,89.48,VOTV 221140Z AUTO 29009G19KT 4SM 28/24 A2977 RMK T02800240 IEM_DS3505,M
VOTV,2004-08-22 12:40,76.9500,8.4667,80.60,75.20,83.66,290.00,7.00,0.00,29.80,M,3.73,17.00,FEW,BKN,M,M,2000.00,25000.00,M,M,M,M,M,M,M,M,M,86.17,VOTV 221240Z 29007G17KT 6000 FEW020 BKN250 27/24 Q1009 TEMPO 5000 HZ,M
VOTV,2004-08-22 15:40,76.9500,8.4667,80.60,75.20,83.66,310.00,6.00,M,29.85,M,2.50,M,M,M,M,M,M,M,M,M,M,M,M,M,M,M,M,86.17,VOTV 221540Z AUTO 31006KT 2 1/2SM 27/24 A2985 RMK T02700240 IEM_DS3505,M
VOTV,2004-08-23 00:40,76.9500,8.4667,77.00,73.40,88.67,310.00,6.00,M,29.83,M,2.50,M,M,M,M,M,M,M,M,M,M,M,M,M,M,M,M,78.57,VOTV 230040Z AUTO 31006KT 2 1/2SM 25/23 A2983 RMK T02500230 IEM_DS3505,M
VOTV,2004-08-23 01:40,76.9500,8.4667,78.80,73.40,83.55,330.00,6.00,M,29.85,M,2.50,M,M,M,M,M,M,M,M,M,M,M,M,M,M,M,M,82.03,VOTV 230140Z AUTO 33006KT 2 1/2SM 26/23 A2985 RMK T02600230 IEM_DS3505,M
VOTV,2004-08-23 02:40,76.9500,8.4667,80.60,73.40,78.76,340.00,10.00,M,29.85,M,3.00,M,M,M,M,M,M,M,M,M,M,M,M,M,M,M,M,85.32,VOTV 230240Z AUTO 34010KT 3SM 27/23 A2985 RMK T02700230 IEM_DS3505,M
VOTV,2004-08-23 03:40,76.9500,8.4667,80.60,73.40,78.76,340.00,12.00,M,29.88,M,3.00,M,M,M,M,M,M,M,M,M,M,M,M,M,M,M,M,85.32,VOTV 230340Z AUTO 34012KT 3SM 27/23 A2988 RMK T02700230 IEM_DS3505,M
VOTV,2004-08-23 04:40,76.9500,8.4667,84.20,73.40,70.08,280.00,12.00,0.00,29.88,M,3.73,M,SCT,SCT,M,M,1500.00,10000.00,M,M,M,M,M,M,M,M,M,90.94,VOTV 230440Z 28012KT 6000 SCT015 SCT100 29/23 Q1012 NO SIG,M
VOTV,2004-08-23 05:40,76.9500,8.4667,84.20,73.40,70.08,280.00,8.00,M,29.85,M,M,18.00,M,M,M,M,M,M,M,M,M,M,M,M,M,M,M,90.94,VOTV 230540Z AUTO 28008G18KT 29/23 A2985 RMK T02900230 IEM_DS3505,M
VOTV,2004-08-23 06:40,76.9500,8.4667,84.20,73.40,70.08,290.00,8.00,M,29.83,M,M,18.00,M,M,M,M,M,M,M,M,M,M,M,M,M,M,M,90.94,VOTV 230640Z AUTO 29008G18KT 29/23 A2983 RMK T02900230 IEM_DS3505,M
VOTV,2004-08-23 07:40,76.9500,8.4667,84.20,75.20,74.44,290.00,8.00,M,29.83,M,4.00,18.00,M,M,M,M,M,M,M,M,M,M,M,M,M,M,M,92.45,VOTV 230740Z AUTO 29008G18KT 4SM 29/24 A2983 RMK T02900240 IEM_DS3505,M
VOTV,2004-08-23 09:40,76.9500,8.4667,M,M,M,290.00,8.00,M,M,M,4.00,18.00,M,M,M,M,M,M,M,M,M,M,M,M,M,M,M,M,VOTV 230940Z AUTO 29008G18KT 4SM RMK IEM_DS3505,M
VOTV,2004-08-23 11:40,76.9500,8.4667,80.60,73.40,78.76,280.00,12.00,M,29.80,M,4.00,M,M,M,M,M,M,M,M,M,M,M,M,M,M,M,M,85.32,VOTV 231140Z AUTO 28012KT 4SM 27/23 A2980 RMK T02700230 IEM_DS3505,M
VOTV,2004-08-23 12:40,76.9500,8.4667,80.60,73.40,78.76,300.00,8.00,M,29.83,M,4.00,M,M,M,M,M,M,M,M,M,M,M,M,M,M,M,M,85.32,VOTV 231240Z AUTO 30008KT 4SM 27/23 A2983 RMK T02700230 IEM_DS3505,M
VOTV,2004-08-23 14:40,76.9500,8.4667,80.60,73.40,78.76,310.00,10.00,M,29.88,M,2.50,M,M,M,M,M,M,M,M,M,M,M,M,M,M,M,M,85.32,VOTV 231440Z AUTO 31010KT 2 1/2SM 27/23 A2988 RMK T02700230 IEM_DS3505,M
VOTV,2004-08-23 15:40,76.9500,8.4667,80.60,73.40,78.76,300.00,10.00,0.00,29.88,M,2.49,M,FEW,M,M,M,1800.00,M,M,M,HZ,M,M,M,M,M,M,85.32,VOTV 231540Z 30010KT 4000 HZ FEW018 27/23 Q1012 NOSIG,M
VOTV,2004-08-23 22:40,76.9500,8.4667,M,M,M,330.00,4.00,M,M,M,2.50,M,M,M,M,M,M,M,M,M,M,M,M,M,M,M,M,M,VOTV 232240Z AUTO 33004KT 2 1/2SM RMK IEM_DS3505,M
VOTV,2004-08-23 23:40,76.9500,8.4667,77.00,73.40,88.67,340.00,4.00,M,29.85,M,2.50,M,M,M,M,M,M,M,M,M,M,M,M,M,M,M,M,78.57,VOTV 232340Z AUTO 34004KT 2 1/2SM 25/23 A2985 RMK T02500230 IEM_DS3505,M
VOTV,2004-08-24 00:40,76.9500,8.4667,77.00,75.20,94.19,350.00,4.00,M,29.85,M,2.50,M,M,M,M,M,M,M,M,M,M,M,M,M,M,M,M,78.83,VOTV 240040Z AUTO 35004KT 2 1/2SM 25/24 A2985 RMK T02500240 IEM_DS3505,M
VOTV,2004-08-24 01:40,76.9500,8.4667,77.00,75.20,94.19,340.00,4.00,M,29.88,M,2.00,M,M,M,M,M,M,M,M,M,M,M,M,M,M,M,M,78.83,VOTV 240140Z AUTO 34004KT 2SM 25/24 A2988 RMK T02500240 IEM_DS3505,M
VOTV,2004-08-24 03:40,76.9500,8.4667,84.20,75.20,74.44,360.00,6.00,M,29.91,M,4.00,M,M,M,M,M,M,M,M,M,M,M,M,M,M,M,M,92.45,VOTV 240340Z AUTO 36006KT 4SM 29/24 A2991 RMK T02900240 IEM_DS3505,M
VOTV,2004-08-24 05:40,76.9500,8.4667,M,M,M,290.00,12.00,M,M,M,4.00,M,M,M,M,M,M,M,M,M,M,M,M,M,M,M,M,M,VOTV 240540Z AUTO 29012KT 4SM RMK IEM_DS3505,M
VOTV,2004-08-24 06:40,76.9500,8.4667,M,M,M,290.00,7.00,M,M,M,4.00,17.00,M,M,M,M,M,M,M,M,M,M,M,M,M,M,M,M,VOTV 240640Z AUTO 29007G17KT 4SM RMK IEM_DS3505,M
VOTV,2004-08-24 07:40,76.9500,8.4667,M,M,M,280.00,12.00,M,M,M,4.00,M,M,M,M,M,M,M,M,M,M,M,M,M,M,M,M,M,VOTV 240740Z AUTO 28012KT 4SM RMK IEM_DS3505,M
VOTV,2004-08-24 08:40,76.9500,8.4667,84.20,73.40,70.08,290.00,8.00,M,29.83,M,M,18.00,M,M,M,M,M,M,M,M,M,M,M,M,M,M,M,90.94,VOTV 240840Z AUTO 29008G18KT 29/23 A2983 RMK T02900230 IEM_DS3505,M
VOTV,2004-08-24 09:40,76.9500,8.4667,82.40,73.40,74.28,290.00,8.00,M,29.83,M,4.00,18.00,M,M,M,M,M,M,M,M,M,M,M,M,M,M,M,88.26,VOTV 240940Z AUTO 29008G18KT 4SM 28/23 A2983 RMK T02800230 IEM_DS3505,M
VOTV,2004-08-24 10:40,76.9500,8.4667,M,M,M,290.00,10.00,M,M,M,4.00,20.00,M,M,M,M,M,M,M,M,M,M,M,M,M,M,M,M,VOTV 241040Z AUTO 29010G20KT 4SM RMK IEM_DS3505,M
VOTV,2004-08-24 11:40,76.9500,8.4667,82.40,73.40,74.28,300.00,8.00,M,29.80,M,4.00,18.00,M,M,M,M,M,M,M,M,M,M,M,M,M,M,M,88.26,VOTV 241140Z AUTO 30008G18KT 4SM 28/23 A2980 RMK T02800230 IEM_DS3505,M
VOTV,2004-08-24 12:40,76.9500,8.4667,82.40,73.40,74.28,280.00,8.00,M,29.83,M,4.00,18.00,M,M,M,M,M,M,M,M,M,M,M,M,M,M,M,88.26,VOTV 241240Z AUTO 28008G18KT 4SM 28/23 A2983 RMK T02800230 IEM_DS3505,M
VOTV,2004-08-24 14:40,76.9500,8.4667,80.60,73.40,78.76,320.00,10.00,M,29.85,M,2.50,M,M,M,M,M,M,M,M,M,M,M,M,M,M,M,M,85.32,VOTV 241440Z AUTO 32010KT 2 1/2SM 27/23 A2985 RMK T02700230 IEM_DS3505,M
VOTV,2004-08-24 15:40,76.9500,8.4667,80.60,73.40,78.76,320.00,12.00,M,29.88,M,2.50,M,M,M,M,M,M,M,M,M,M,M,M,M,M,M,M,85.32,VOTV 241540Z AUTO 32012KT 2 1/2SM 27/23 A2988 RMK T02700230 IEM_DS3505,M
VOTV,2004-08-24 17:40,76.9500,8.4667,80.60,73.40,78.76,300.00,8.00,M,29.88,M,2.50,M,M,M,M,M,M,M,M,M,M,M,M,M,M,M,M,85.32,VOTV 241740Z AUTO 30008KT 2 1/2SM 27/23 A2988 RMK T02700230 IEM_DS3505,M
VOTV,2004-08-24 19:40,76.9500,8.4667,80.60,73.40,78.76,340.00,4.00,M,29.88,M,2.00,M,M,M,M,M,M,M,M,M,M,M,M,M,M,M,M,85.32,VOTV 241940Z AUTO 34004KT 2SM 27/23 A2988 RMK T02700230 IEM_DS3505,M
VOTV,2004-08-24 23:40,76.9500,8.4667,78.80,73.40,83.55,320.00,6.00,M,29.85,M,2.00,M,M,M,M,M,M,M,M,M,M,M,M,M,M,M,M,82.03,VOTV 242340Z AUTO 32006KT 2SM 26/23 A2985 RMK T02600230 IEM_DS3505,M
VOTV,2004-08-25 00:40,76.9500,8.4667,78.80,73.40,83.55,340.00,6.00,M,29.85,M,2.00,M,M,M,M,M,M,M,M,M,M,M,M,M,M,M,M,82.03,VOTV 250040Z AUTO 34006KT 2SM 26/23 A2985 RMK T02600230 IEM_DS3505,M
VOTV,2004-08-25 01:40,76.9500,8.4667,78.80,73.40,83.55,340.00,5.00,M,29.85,M,3.00,M,M,M,M,M,M,M,M,M,M,M,M,M,M,M,M,82.03,VOTV 250140Z AUTO 34005KT 3SM 26/23 A2985 RMK T02600230 IEM_DS3505,M
VOTV,2004-08-25 02:40,76.9500,8.4667,82.40,73.40,74.28,340.00,8.00,M,29.88,M,3.00,M,M,M,M,M,M,M,M,M,M,M,M,M,M,M,M,88.26,VOTV 250240Z AUTO 34008KT 3SM 28/23 A2988 RMK T02800230 IEM_DS3505,M
VOTV,2004-08-25 04:40,76.9500,8.4667,86.00,73.40,66.15,320.00,8.00,M,29.88,M,M,M,M,M,M,M,M,M,M,M,M,M,M,M,M,M,M,93.45,VOTV 250440Z AUTO 32008KT 30/23 A2988 RMK T03000230 IEM_DS3505,M
VOTV,2004-08-25 05:40,76.9500,8.4667,84.20,73.40,70.08,290.00,10.00,M,29.88,M,2.50,20.00,M,M,M,M,M,M,M,M,M,M,M,M,M,M,M,90.94,VOTV 250540Z AUTO 29010G20KT 2 1/2SM 29/23 A2988 RMK T02900230 IEM_DS3505,M
VOTV,2004-08-25 07:40,76.9500,8.4667,84.20,73.40,70.08,290.00,8.00,M,29.85,M,M,18.00,M,M,M,M,M,M,M,M,M,M,M,M,M,M,M,90.94,VOTV 250740Z AUTO 29008G18KT 29/23 A2985 RMK T02900230 IEM_DS3505,M
VOTV,2004-08-25 08:40,76.9500,8.4667,84.20,73.40,70.08,290.00,10.00,M,29.83,M,M,20.00,M,M,M,M,M,M,M,M,M,M,M,M,M,M,M,90.94,VOTV 250840Z AUTO 29010G20KT 29/23 A2983 RMK T02900230 IEM_DS3505,M
VOTV,2004-08-25 09:40,76.9500,8.4667,84.20,73.40,70.08,290.00,8.00,M,29.80,M,M,18.00,M,M,M,M,M,M,M,M,M,M,M,M,M,M,M,90.94,VOTV 250940Z AUTO 29008G18KT 29/23 A2980 RMK T02900230 IEM_DS3505,M
VOTV,2004-08-25 10:40,76.9500,8.4667,82.40,73.40,74.28,270.00,7.00,M,29.80,M,4.00,17.00,M,M,M,M,M,M,M,M,M,M,M,M,M,M,M,88.26,VOTV 251040Z AUTO 27007G17KT 4SM 28/23 A2980 RMK T02800230 IEM_DS3505,M
VOTV,2004-08-25 11:40,76.9500,8.4667,82.40,73.40,74.28,290.00,10.00,M,29.80,M,4.00,M,M,M,M,M,M,M,M,M,M,M,M,M,M,M,M,88.26,VOTV 251140Z AUTO 29010KT 4SM 28/23 A2980 RMK T02800230 IEM_DS3505,M
VOTV,2004-08-25 12:40,76.9500,8.4667,80.60,73.40,78.76,290.00,13.00,M,29.80,M,4.00,M,M,M,M,M,M,M,M,M,M,M,M,M,M,M,M,85.32,VOTV 251240Z AUTO 29013KT 4SM 27/23 A2980 RMK T02700230 IEM_DS3505,M
VOTV,2004-08-25 13:40,76.9500,8.4667,80.60,73.40,78.76,300.00,12.00,M,29.83,M,3.00,M,M,M,M,M,M,M,M,M,M,M,M,M,M,M,M,85.32,VOTV 251340Z AUTO 30012KT 3SM 27/23 A2983 RMK T02700230 IEM_DS3505,M
VOTV,2004-08-25 14:40,76.9500,8.4667,80.60,73.40,78.76,320.00,10.00,M,29.85,M,3.00,M,M,M,M,M,M,M,M,M,M,M,M,M,M,M,M,85.32,VOTV 251440Z AUTO 32010KT 3SM 27/23 A2985 RMK T02700230 IEM_DS3505,M
VOTV,2004-08-25 16:40,76.9500,8.4667,80.60,73.40,78.76,330.00,6.00,M,29.88,M,2.50,M,M,M,M,M,M,M,M,M,M,M,M,M,M,M,M,85.32,VOTV 251640Z AUTO 33006KT 2 1/2SM 27/23 A2988 RMK T02700230 IEM_DS3505,M
VOTV,2004-08-25 17:40,76.9500,8.4667,78.80,73.40,83.55,330.00,7.00,M,29.88,M,2.50,M,M,M,M,M,M,M,M,M,M,M,M,M,M,M,M,82.03,VOTV 251740Z AUTO 33007KT 2 1/2SM 26/23 A2988 RMK T02600230 IEM_DS3505,M
VOTV,2004-08-26 01:40,76.9500,8.4667,78.80,75.20,88.75,340.00,9.00,M,29.83,M,2.50,M,M,M,M,M,M,M,M,M,M,M,M,M,M,M,M,82.38,VOTV 260140Z AUTO 34009KT 2 1/2SM 26/24 A2983 RMK T02600240 IEM_DS3505,M
VOTV,2004-08-26 02:40,76.9500,8.4667,80.60,73.40,78.76,320.00,10.00,M,29.85,M,4.00,M,M,M,M,M,M,M,M,M,M,M,M,M,M,M,M,85.32,VOTV 260240Z AUTO 32010KT 4SM 27/23 A2985 RMK T02700230 IEM_DS3505,M
VOTV,2004-08-26 03:40,76.9500,8.4667,82.40,73.40,74.28,350.00,12.00,M,29.85,M,4.00,M,M,M,M,M,M,M,M,M,M,M,M,M,M,M,M,88.26,VOTV 260340Z AUTO 35012KT 4SM 28/23 A2985 RMK T02800230 IEM_DS3505,M
VOTV,2004-08-26 04:40,76.9500,8.4667,84.20,73.40,70.08,320.00,8.00,M,29.85,M,M,18.00,M,M,M,M,M,M,M,M,M,M,M,M,M,M,M,90.94,VOTV 260440Z AUTO 32008G18KT 29/23 A2985 RMK T02900230 IEM_DS3505,M
VOTV,2004-08-26 05:40,76.9500,8.4667,82.40,73.40,74.28,310.00,10.00,M,29.85,M,4.00,20.00,M,M,M,M,M,M,M,M,M,M,M,M,M,M,M,88.26,VOTV 260540Z AUTO 31010G20KT 4SM 28/23 A2985 RMK T02800230 IEM_DS3505,M
VOTV,2004-08-26 06:40,76.9500,8.4667,82.40,73.40,74.28,310.00,10.00,M,29.83,M,4.00,20.00,M,M,M,M,M,M,M,M,M,M,M,M,M,M,M,88.26,VOTV 260640Z AUTO 31010G20KT 4SM 28/23 A2983 RMK T02800230 IEM_DS3505,M
VOTV,2004-08-26 07:40,76.9500,8.4667,84.20,73.40,70.08,300.00,12.00,M,29.80,M,M,22.00,M,M,M,M,M,M,M,M,M,M,M,M,M,M,M,90.94,VOTV 260740Z AUTO 30012G22KT 29/23 A2980 RMK T02900230 IEM_DS3505,M
VOTV,2004-08-26 08:40,76.9500,8.4667,84.20,73.40,70.08,290.00,8.00,M,29.80,M,M,18.00,M,M,M,M,M,M,M,M,M,M,M,M,M,M,M,90.94,VOTV 260840Z AUTO 29008G18KT 29/23 A2980 RMK T02900230 IEM_DS3505,M
VOTV,2004-08-26 09:40,76.9500,8.4667,82.40,73.40,74.28,290.00,12.00,M,29.77,M,4.00,22.00,M,M,M,M,M,M,M,M,M,M,M,M,M,M,M,88.26,VOTV 260940Z AUTO 29012G22KT 4SM 28/23 A2977 RMK T02800230 IEM_DS3505,M
VOTV,2004-08-26 10:40,76.9500,8.4667,82.40,73.40,74.28,290.00,8.00,M,29.77,M,4.00,18.00,M,M,M,M,M,M,M,M,M,M,M,M,M,M,M,88.26,VOTV 261040Z AUTO 29008G18KT 4SM 28/23 A2977 RMK T02800230 IEM_DS3505,M
VOTV,2004-08-26 12:40,76.9500,8.4667,80.60,73.40,78.76,310.00,10.00,M,29.80,M,4.00,20.00,M,M,M,M,M,M,M,M,M,M,M,M,M,M,M,85.32,VOTV 261240Z AUTO 31010G20KT 4SM 27/23 A2980 RMK T02700230 IEM_DS3505,M
VOTV,2004-08-26 13:40,76.9500,8.4667,80.60,73.40,78.76,300.00,8.00,M,29.83,M,3.00,M,M,M,M,M,M,M,M,M,M,M,M,M,M,M,M,85.32,VOTV 261340Z AUTO 30008KT 3SM 27/23 A2983 RMK T02700230 IEM_DS3505,M
VOTV,2004-08-26 14:40,76.9500,8.4667,80.60,73.40,78.76,300.00,8.00,M,29.85,M,2.50,M,M,M,M,M,M,M,M,M,M,M,M,M,M,M,M,85.32,VOTV 261440Z AUTO 30008KT 2 1/2SM 27/23 A2985 RMK T02700230 IEM_DS3505,M
VOTV,2004-08-26 15:40,76.9500,8.4667,80.60,73.40,78.76,320.00,8.00,M,29.85,M,2.50,M,M,M,M,M,M,M,M,M,M,M,M,M,M,M,M,85.32,VOTV 261540Z AUTO 32008KT 2 1/2SM 27/23 A2985 RMK T02700230 IEM_DS3505,M
VOTV,2004-08-26 23:40,76.9500,8.4667,78.80,73.40,83.55,330.00,6.00,M,29.80,M,2.50,M,M,M,M,M,M,M,M,M,M,M,M,M,M,M,M,82.03,VOTV 262340Z AUTO 33006KT 2 1/2SM 26/23 A2980 RMK T02600230 IEM_DS3505,M
VOTV,2004-08-27 01:40,76.9500,8.4667,77.00,73.40,88.67,320.00,7.00,M,29.83,M,2.00,M,M,M,M,M,M,M,M,M,M,M,M,M,M,M,M,78.57,VOTV 270140Z AUTO 32007KT 2SM 25/23 A2983 RMK T02500230 IEM_DS3505,M
VOTV,2004-08-27 02:40,76.9500,8.4667,80.60,73.40,78.76,320.00,10.00,M,29.83,M,4.00,M,M,M,M,M,M,M,M,M,M,M,M,M,M,M,M,85.32,VOTV 270240Z AUTO 32010KT 4SM 27/23 A2983 RMK T02700230 IEM_DS3505,M
VOTV,2004-08-27 03:40,76.9500,8.4667,84.20,75.20,74.44,330.00,9.00,M,29.83,M,4.00,M,M,M,M,M,M,M,M,M,M,M,M,M,M,M,M,92.45,VOTV 270340Z AUTO 33009KT 4SM 29/24 A2983 RMK T02900240 IEM_DS3505,M
VOTV,2004-08-27 04:40,76.9500,8.4667,82.40,73.40,74.28,310.00,11.00,M,29.83,M,4.00,M,M,M,M,M,M,M,M,M,M,M,M,M,M,M,M,88.26,VOTV 270440Z AUTO 31011KT 4SM 28/23 A2983 RMK T02800230 IEM_DS3505,M
VOTV,2004-08-27 05:40,76.9500,8.4667,82.40,73.40,74.28,290.00,12.00,M,29.83,M,4.00,M,M,M,M,M,M,M,M,M,M,M,M,M,M,M,M,88.26,VOTV 270540Z AUTO 29012KT 4SM 28/23 A2983 RMK T02800230 IEM_DS3505,M
VOTV,2004-08-27 06:40,76.9500,8.4667,84.20,73.40,70.08,290.00,8.00,M,29.80,M,M,18.00,M,M,M,M,M,M,M,M,M,M,M,M,M,M,M,90.94,VOTV 270640Z AUTO 29008G18KT 29/23 A2980 RMK T02900230 IEM_DS3505,M
VOTV,2004-08-27 07:40,76.9500,8.4667,84.20,73.40,70.08,290.00,10.00,0.00,29.77,M,3.73,20.00,FEW,SCT,M,M,1500.00,2000.00,M,M,M,M,M,M,M,M,M,90.94,VOTV 270740Z 29010G20KT 6000 FEW015 SCT020 29/23 Q1008 NOSIG,M
VOTV,2004-08-27 08:40,76.9500,8.4667,86.00,73.40,66.15,300.00,8.00,M,29.74,M,M,18.00,M,M,M,M,M,M,M,M,M,M,M,M,M,M,M,93.45,VOTV 270840Z AUTO 30008G18KT 30/23 A2974 RMK T03000230 IEM_DS3505,M
VOTV,2004-08-27 09:40,76.9500,8.4667,M,M,M,300.00,15.00,M,M,M,4.00,25.00,M,M,M,M,M,M,M,M,M,M,M,M,M,M,M,M,VOTV 270940Z AUTO 30015G25KT 4SM RMK IEM_DS3505,M
VOTV,2004-08-27 10:40,76.9500,8.4667,84.20,73.40,70.08,290.00,10.00,M,29.71,M,M,20.00,M,M,M,M,M,M,M,M,M,M,M,M,M,M,M,90.94,VOTV 271040Z AUTO 29010G20KT 29/23 A2971 RMK T02900230 IEM_DS3505,M
VOTV,2004-08-27 11:40,76.9500,8.4667,86.00,73.40,66.15,300.00,8.00,M,29.71,M,M,18.00,M,M,M,M,M,M,M,M,M,M,M,M,M,M,M,93.45,VOTV 271140Z AUTO 30008G18KT 30/23 A2971 RMK T03000230 IEM_DS3505,M
VOTV,2004-08-27 12:40,76.9500,8.4667,82.40,73.40,74.28,290.00,8.00,0.00,29.74,M,3.73,18.00,FEW,SCT,M,M,1800.00,25000.00,M,M,M,M,M,M,M,M,M,88.26,VOTV 271240Z 29008G18KT 6000 FEW018 SCT250 28/23 Q1007 TEMPO 4000 HZ,M
VOTV,2004-08-27 14:40,76.9500,8.4667,80.60,71.60,74.11,310.00,12.00,M,29.83,M,2.50,M,M,M,M,M,M,M,M,M,M,M,M,M,M,M,M,84.57,VOTV 271440Z AUTO 31012KT 2 1/2SM 27/22 A2983 RMK T02700220 IEM_DS3505,M
VOTV,2004-08-27 16:40,76.9500,8.4667,80.60,73.40,78.76,320.00,8.00,M,29.88,M,2.50,M,M,M,M,M,M,M,M,M,M,M,M,M,M,M,M,85.32,VOTV 271640Z AUTO 32008KT 2 1/2SM 27/23 A2988 RMK T02700230 IEM_DS3505,M
VOTV,2004-08-27 23:40,76.9500,8.4667,77.00,73.40,88.67,340.00,6.00,M,29.77,M,2.50,M,M,M,M,M,M,M,M,M,M,M,M,M,M,M,M,78.57,VOTV 272340Z AUTO 34006KT 2 1/2SM 25/23 A2977 RMK T02500230 IEM_DS3505,M
VOTV,2004-08-28 00:40,76.9500,8.4667,77.00,73.40,88.67,330.00,8.00,M,29.77,M,2.50,M,M,M,M,M,M,M,M,M,M,M,M,M,M,M,M,78.57,VOTV 280040Z AUTO 33008KT 2 1/2SM 25/23 A2977 RMK T02500230 IEM_DS3505,M
VOTV,2004-08-28 01:40,76.9500,8.4667,78.80,71.60,78.62,340.00,10.00,M,29.80,M,2.50,M,M,M,M,M,M,M,M,M,M,M,M,M,M,M,M,81.70,VOTV 280140Z AUTO 34010KT 2 1/2SM 26/22 A2980 RMK T02600220 IEM_DS3505,M
VOTV,2004-08-28 03:40,76.9500,8.4667,84.20,73.40,70.08,340.00,12.00,M,29.83,M,M,M,M,M,M,M,M,M,M,M,M,M,M,M,M,M,M,90.94,VOTV 280340Z AUTO 34012KT 29/23 A2983 RMK T02900230 IEM_DS3505,M
VOTV,2004-08-28 04:40,76.9500,8.4667,86.00,71.60,62.25,330.00,12.00,0.00,29.83,M,4.97,M,SCT,SCT,M,M,1500.00,25000.00,M,M,M,M,M,M,M,M,M,91.92,VOTV 280440Z 33012KT 8000 SCT015 SCT250 30/22 Q1010 N/S,M
VOTV,2004-08-28 05:40,76.9500,8.4667,86.00,73.40,66.15,290.00,12.00,M,29.83,M,M,M,M,M,M,M,M,M,M,M,M,M,M,M,M,M,M,93.45,VOTV 280540Z AUTO 29012KT 30/23 A2983 RMK T03000230 IEM_DS3505,M
VOTV,2004-08-28 06:40,76.9500,8.4667,86.00,71.60,62.25,290.00,10.00,M,29.83,M,5.00,20.00,M,M,M,M,M,M,M,M,M,M,M,M,M,M,M,91.92,VOTV 280640Z AUTO 29010G20KT 5SM 30/22 A2983 RMK T03000220 IEM_DS3505,M
VOTV,2004-08-28 07:40,76.9500,8.4667,86.00,73.40,66.15,300.00,10.00,M,29.80,M,M,20.00,M,M,M,M,M,M,M,M,M,M,M,M,M,M,M,93.45,VOTV 280740Z AUTO 30010G20KT 30/23 A2980 RMK T03000230 IEM_DS3505,M
VOTV,2004-08-28 09:40,76.9500,8.4667,86.00,73.40,66.15,300.00,10.00,M,29.74,M,M,20.00,M,M,M,M,M,M,M,M,M,M,M,M,M,M,M,93.45,VOTV 280940Z AUTO 30010G20KT 30/23 A2974 RMK T03000230 IEM_DS3505,M
VOTV,2004-08-28 13:40,76.9500,8.4667,80.60,73.40,78.76,320.00,10.00,M,29.80,M,4.00,M,M,M,M,M,M,M,M,M,M,M,M,M,M,M,M,85.32,VOTV 281340Z AUTO 32010KT 4SM 27/23 A2980 RMK T02700230 IEM_DS3505,M
VOTV,2004-08-28 14:40,76.9500,8.4667,80.60,73.40,78.76,310.00,6.00,M,29.80,M,3.00,M,M,M,M,M,M,M,M,M,M,M,M,M,M,M,M,85.32,VOTV 281440Z AUTO 31006KT 3SM 27/23 A2980 RMK T02700230 IEM_DS3505,M
VOTV,2004-08-28 15:40,76.9500,8.4667,80.60,73.40,78.76,300.00,4.00,M,29.83,M,3.00,M,M,M,M,M,M,M,M,M,M,M,M,M,M,M,M,85.32,VOTV 281540Z AUTO 30004KT 3SM 27/23 A2983 RMK T02700230 IEM_DS3505,M
VOTV,2004-08-28 16:40,76.9500,8.4667,80.60,73.40,78.76,340.00,9.00,M,29.85,M,3.00,M,M,M,M,M,M,M,M,M,M,M,M,M,M,M,M,85.32,VOTV 281640Z AUTO 34009KT 3SM 27/23 A2985 RMK T02700230 IEM_DS3505,M
VOTV,2004-08-28 17:40,76.9500,8.4667,78.80,73.40,83.55,330.00,6.00,M,29.85,M,3.00,M,M,M,M,M,M,M,M,M,M,M,M,M,M,M,M,82.03,VOTV 281740Z AUTO 33006KT 3SM 26/23 A2985 RMK T02600230 IEM_DS3505,M
VOTV,2004-08-29 00:40,76.9500,8.4667,78.80,73.40,83.55,320.00,8.00,M,29.80,M,2.50,M,M,M,M,M,M,M,M,M,M,M,M,M,M,M,M,82.03,VOTV 290040Z AUTO 32008KT 2 1/2SM 26/23 A2980 RMK T02600230 IEM_DS3505,M
VOTV,2004-08-29 01:40,76.9500,8.4667,78.80,73.40,83.55,340.00,6.00,M,29.80,M,4.00,M,M,M,M,M,M,M,M,M,M,M,M,M,M,M,M,82.03,VOTV 290140Z AUTO 34006KT 4SM 26/23 A2980 RMK T02600230 IEM_DS3505,M
VOTV,2004-08-29 02:40,76.9500,8.4667,82.40,73.40,74.28,320.00,10.00,M,29.83,M,4.00,M,M,M,M,M,M,M,M,M,M,M,M,M,M,M,M,88.26,VOTV 290240Z AUTO 32010KT 4SM 28/23 A2983 RMK T02800230 IEM_DS3505,M
VOTV,2004-08-29 03:40,76.9500,8.4667,82.40,73.40,74.28,340.00,10.00,M,29.85,M,4.00,M,M,M,M,M,M,M,M,M,M,M,M,M,M,M,M,88.26,VOTV 290340Z AUTO 34010KT 4SM 28/23 A2985 RMK T02800230 IEM_DS3505,M
VOTV,2004-08-29 06:40,76.9500,8.4667,M,M,M,290.00,10.00,M,M,M,4.00,20.00,M,M,M,M,M,M,M,M,M,M,M,M,M,M,M,M,VOTV 290640Z AUTO 29010G20KT 4SM RMK IEM_DS3505,M
VOTV,2004-08-29 07:40,76.9500,8.4667,84.20,73.40,70.08,310.00,12.00,M,29.80,M,M,22.00,M,M,M,M,M,M,M,M,M,M,M,M,M,M,M,90.94,VOTV 290740Z AUTO 31012G22KT 29/23 A2980 RMK T02900230 IEM_DS3505,M
VOTV,2004-08-29 09:40,76.9500,8.4667,84.20,73.40,70.08,320.00,15.00,M,29.74,M,M,25.00,M,M,M,M,M,M,M,M,M,M,M,M,M,M,M,90.94,VOTV 290940Z AUTO 32015G25KT 29/23 A2974 RMK T02900230 IEM_DS3505,M
VOTV,2004-08-29 10:40,76.9500,8.4667,82.40,73.40,74.28,290.00,15.00,M,29.74,M,4.00,25.00,M,M,M,M,M,M,M,M,M,M,M,M,M,M,M,88.26,VOTV 291040Z AUTO 29015G25KT 4SM 28/23 A2974 RMK T02800230 IEM_DS3505,M
VOTV,2004-08-29 11:40,76.9500,8.4667,80.60,73.40,78.76,300.00,15.00,M,29.74,M,4.00,25.00,M,M,M,M,M,M,M,M,M,M,M,M,M,M,M,85.32,VOTV 291140Z AUTO 30015G25KT 4SM 27/23 A2974 RMK T02700230 IEM_DS3505,M
VOTV,2004-08-29 12:40,76.9500,8.4667,80.60,73.40,78.76,310.00,12.00,M,29.77,M,4.00,22.00,M,M,M,M,M,M,M,M,M,M,M,M,M,M,M,85.32,VOTV 291240Z AUTO 31012G22KT 4SM 27/23 A2977 RMK T02700230 IEM_DS3505,M
VOTV,2004-08-29 13:40,76.9500,8.4667,80.60,73.40,78.76,300.00,10.00,M,29.77,M,3.00,20.00,M,M,M,M,M,M,M,M,M,M,M,M,M,M,M,85.32,VOTV 291340Z AUTO 30010G20KT 3SM 27/23 A2977 RMK T02700230 IEM_DS3505,M
VOTV,2004-08-29 15:40,76.9500,8.4667,78.80,73.40,83.55,320.00,7.00,M,29.83,M,3.00,M,M,M,M,M,M,M,M,M,M,M,M,M,M,M,M,82.03,VOTV 291540Z AUTO 32007KT 3SM 26/23 A2983 RMK T02600230 IEM_DS3505,M
VOTV,2004-08-29 16:40,76.9500,8.4667,78.80,73.40,83.55,310.00,5.00,M,29.85,M,3.00,M,M,M,M,M,M,M,M,M,M,M,M,M,M,M,M,82.03,VOTV 291640Z AUTO 31005KT 3SM 26/23 A2985 RMK T02600230 IEM_DS3505,M
VOTV,2004-08-29 22:40,76.9500,8.4667,77.00,73.40,88.67,310.00,4.00,0.00,29.80,M,2.49,M,FEW,SCT,M,M,1500.00,25000.00,M,M,HZ,M,M,M,M,M,M,77.00,VOTV 292240Z 31004KT 4000 HZ FEW015 SCT250 25/23 Q1009 NOSIG,M
VOTV,2004-08-29 23:40,76.9500,8.4667,77.00,73.40,88.67,340.00,7.00,M,29.80,M,2.50,M,M,M,M,M,M,M,M,M,M,M,M,M,M,M,M,78.57,VOTV 292340Z AUTO 34007KT 2 1/2SM 25/23 A2980 RMK T02500230 IEM_DS3505,M
VOTV,2004-08-30 00:40,76.9500,8.4667,77.00,73.40,88.67,320.00,5.00,M,29.77,M,2.50,M,M,M,M,M,M,M,M,M,M,M,M,M,M,M,M,78.57,VOTV 300040Z AUTO 32005KT 2 1/2SM 25/23 A2977 RMK T02500230 IEM_DS3505,M
VOTV,2004-08-30 01:40,76.9500,8.4667,78.80,75.20,88.75,320.00,7.00,M,29.80,M,2.50,M,M,M,M,M,M,M,M,M,M,M,M,M,M,M,M,82.38,VOTV 300140Z AUTO 32007KT 2 1/2SM 26/24 A2980 RMK T02600240 IEM_DS3505,M
VOTV,2004-08-30 02:40,76.9500,8.4667,80.60,75.20,83.66,310.00,10.00,M,29.83,M,4.00,M,M,M,M,M,M,M,M,M,M,M,M,M,M,M,M,86.17,VOTV 300240Z AUTO 31010KT 4SM 27/24 A2983 RMK T02700240 IEM_DS3505,M
VOTV,2004-08-30 03:40,76.9500,8.4667,80.60,75.20,83.66,310.00,8.00,0.00,29.83,M,3.73,M,FEW,SCT,BKN,M,1500.00,2000.00,10000.00,M,M,M,M,M,M,M,M,86.17,VOTV 300340Z 31008KT 6000 FEW015 SCT020 BKN100 27/24 Q1010 NOSIG,M
VOTV,2004-08-30 05:40,76.9500,8.4667,82.40,75.20,78.90,320.00,11.00,M,29.83,M,3.00,M,M,M,M,M,M,M,M,M,M,M,M,M,M,M,M,89.48,VOTV 300540Z AUTO 32011KT 3SM 28/24 A2983 RMK T02800240 IEM_DS3505,M
VOTV,2004-08-30 06:40,76.9500,8.4667,84.20,75.20,74.44,300.00,12.00,M,29.83,M,3.00,22.00,M,M,M,M,M,M,M,M,M,M,M,M,M,M,M,92.45,VOTV 300640Z AUTO 30012G22KT 3SM 29/24 A2983 RMK T02900240 IEM_DS3505,M
VOTV,2004-08-30 07:40,76.9500,8.4667,84.20,75.20,74.44,300.00,15.00,M,29.80,M,3.00,25.00,M,M,M,M,M,M,M,M,M,M,M,M,M,M,M,92.45,VOTV 300740Z AUTO 30015G25KT 3SM 29/24 A2980 RMK T02900240 IEM_DS3505,M
VOTV,2004-08-30 08:40,76.9500,8.4667,84.20,73.40,70.08,290.00,10.00,M,29.77,M,M,25.00,M,M,M,M,M,M,M,M,M,M,M,M,M,M,M,90.94,VOTV 300840Z AUTO 29010G25KT 29/23 A2977 RMK T02900230 IEM_DS3505,M
VOTV,2004-08-30 09:40,76.9500,8.4667,84.20,73.40,70.08,310.00,15.00,M,29.77,M,M,25.00,M,M,M,M,M,M,M,M,M,M,M,M,M,M,M,90.94,VOTV 300940Z AUTO 31015G25KT 29/23 A2977 RMK T02900230 IEM_DS3505,M
VOTV,2004-08-30 10:40,76.9500,8.4667,82.40,73.40,74.28,300.00,20.00,M,29.77,M,4.00,30.00,M,M,M,M,M,M,M,M,M,M,M,M,M,M,M,88.26,VOTV 301040Z AUTO 30020G30KT 4SM 28/23 A2977 RMK T02800230 IEM_DS3505,M
VOTV,2004-08-30 12:40,76.9500,8.4667,78.80,75.20,88.75,290.00,10.00,M,29.77,M,4.00,20.00,M,M,M,M,M,M,M,M,M,M,M,M,M,M,M,82.38,VOTV 301240Z AUTO 29010G20KT 4SM 26/24 A2977 RMK T02600240 IEM_DS3505,M
VOTV,2004-08-30 14:40,76.9500,8.4667,78.80,73.40,83.55,300.00,8.00,M,29.83,M,3.00,M,M,M,M,M,M,M,M,M,M,M,M,M,M,M,M,82.03,VOTV 301440Z AUTO 30008KT 3SM 26/23 A2983 RMK T02600230 IEM_DS3505,M
VOTV,2004-08-30 16:40,76.9500,8.4667,78.80,73.40,83.55,300.00,8.00,M,29.85,M,2.50,M,M,M,M,M,M,M,M,M,M,M,M,M,M,M,M,82.03,VOTV 301640Z AUTO 30008KT 2 1/2SM 26/23 A2985 RMK T02600230 IEM_DS3505,M
VOTV,2004-08-30 17:40,76.9500,8.4667,78.80,73.40,83.55,300.00,6.00,M,29.85,M,2.50,M,M,M,M,M,M,M,M,M,M,M,M,M,M,M,M,82.03,VOTV 301740Z AUTO 30006KT 2 1/2SM 26/23 A2985 RMK T02600230 IEM_DS3505,M
VOTV,2004-08-31 00:40,76.9500,8.4667,77.00,73.40,88.67,320.00,6.00,M,29.80,M,2.50,M,M,M,M,M,M,M,M,M,M,M,M,M,M,M,M,78.57,VOTV 310040Z AUTO 32006KT 2 1/2SM 25/23 A2980 RMK T02500230 IEM_DS3505,M
VOTV,2004-08-31 01:40,76.9500,8.4667,77.00,73.40,88.67,320.00,5.00,M,29.83,M,2.50,M,M,M,M,M,M,M,M,M,M,M,M,M,M,M,M,78.57,VOTV 310140Z AUTO 32005KT 2 1/2SM 25/23 A2983 RMK T02500230 IEM_DS3505,M
VOTV,2004-08-31 02:40,76.9500,8.4667,M,M,M,340.00,7.00,0.00,29.83,M,2.49,M,SCT,M,M,M,1500.00,M,M,M,HZ,M,M,M,M,M,M,M,VOTV 310240Z 34007KT 4000 HZ SCT015 BKN25026/23 Q1010 BEC 6KM,M
VOTV,2004-08-31 03:40,76.9500,8.4667,82.40,73.40,74.28,330.00,14.00,M,29.85,M,4.00,M,M,M,M,M,M,M,M,M,M,M,M,M,M,M,M,88.26,VOTV 310340Z AUTO 33014KT 4SM 28/23 A2985 RMK T02800230 IEM_DS3505,M
VOTV,2004-08-31 04:40,76.9500,8.4667,84.20,73.40,70.08,340.00,12.00,M,29.85,M,M,22.00,M,M,M,M,M,M,M,M,M,M,M,M,M,M,M,90.94,VOTV 310440Z AUTO 34012G22KT 29/23 A2985 RMK T02900230 IEM_DS3505,M
VOTV,2004-08-31 05:40,76.9500,8.4667,82.40,73.40,74.28,300.00,10.00,M,29.83,M,4.00,20.00,M,M,M,M,M,M,M,M,M,M,M,M,M,M,M,88.26,VOTV 310540Z AUTO 30010G20KT 4SM 28/23 A2983 RMK T02800230 IEM_DS3505,M
VOTV,2004-08-31 06:40,76.9500,8.4667,84.20,73.40,70.08,290.00,10.00,M,29.83,M,M,20.00,M,M,M,M,M,M,M,M,M,M,M,M,M,M,M,90.94,VOTV 310640Z AUTO 29010G20KT 29/23 A2983 RMK T02900230 IEM_DS3505,M
VOTV,2004-08-31 07:40,76.9500,8.4667,84.20,73.40,70.08,300.00,15.00,M,29.80,M,M,25.00,M,M,M,M,M,M,M,M,M,M,M,M,M,M,M,90.94,VOTV 310740Z AUTO 30015G25KT 29/23 A2980 RMK T02900230 IEM_DS3505,M
VOTV,2004-08-31 08:40,76.9500,8.4667,84.20,73.40,70.08,270.00,10.00,M,29.77,M,M,20.00,M,M,M,M,M,M,M,M,M,M,M,M,M,M,M,90.94,VOTV 310840Z AUTO 27010G20KT 29/23 A2977 RMK T02900230 IEM_DS3505,M
VOTV,2004-08-31 09:40,76.9500,8.4667,84.20,73.40,70.08,310.00,15.00,M,29.77,M,5.00,25.00,M,M,M,M,M,M,M,M,M,M,M,M,M,M,M,90.94,VOTV 310940Z AUTO 31015G25KT 5SM 29/23 A2977 RMK T02900230 IEM_DS3505,M
VOTV,2004-08-31 10:40,76.9500,8.4667,82.40,73.40,74.28,290.00,10.00,M,29.74,M,5.00,20.00,M,M,M,M,M,M,M,M,M,M,M,M,M,M,M,88.26,VOTV 311040Z AUTO 29010G20KT 5SM 28/23 A2974 RMK T02800230 IEM_DS3505,M
VOTV,2004-08-31 11:40,76.9500,8.4667,82.40,73.40,74.28,320.00,12.00,M,29.74,M,5.00,22.00,M,M,M,M,M,M,M,M,M,M,M,M,M,M,M,88.26,VOTV 311140Z AUTO 32012G22KT 5SM 28/23 A2974 RMK T02800230 IEM_DS3505,M
VOTV,2004-08-31 12:40,76.9500,8.4667,80.60,71.60,74.11,290.00,8.00,M,29.77,M,4.00,18.00,M,M,M,M,M,M,M,M,M,M,M,M,M,M,M,84.57,VOTV 311240Z AUTO 29008G18KT 4SM 27/22 A2977 RMK T02700220 IEM_DS3505,M
VOTV,2004-08-31 13:40,76.9500,8.4667,78.80,73.40,83.55,310.00,7.00,M,29.80,M,3.00,17.00,M,M,M,M,M,M,M,M,M,M,M,M,M,M,M,82.03,VOTV 311340Z AUTO 31007G17KT 3SM 26/23 A2980 RMK T02600230 IEM_DS3505,M
VOTV,2004-08-31 14:40,76.9500,8.4667,78.80,73.40,83.55,310.00,8.00,M,29.80,M,2.50,18.00,M,M,M,M,M,M,M,M,M,M,M,M,M,M,M,82.03,VOTV 311440Z AUTO 31008G18KT 2 1/2SM 26/23 A2980 RMK T02600230 IEM_DS3505,M
VOTV,2004-08-31 21:40,76.9500,8.4667,78.80,71.60,78.62,340.00,8.00,M,29.74,M,2.50,M,M,M,M,M,M,M,M,M,M,M,M,M,M,M,M,81.70,VOTV 312140Z AUTO 34008KT 2 1/2SM 26/22 A2974 RMK T02600220 IEM_DS3505,M
VOTV,2004-08-31 23:40,76.9500,8.4667,77.00,71.60,83.44,330.00,10.00,M,29.74,M,2.50,M,M,M,M,M,M,M,M,M,M,M,M,M,M,M,M,78.32,VOTV 312340Z AUTO 33010KT 2 1/2SM 25/22 A2974 RMK T02500220 IEM_DS3505,M
VOTV,2004-09-01 00:40,76.9500,8.4667,77.00,71.60,83.44,340.00,8.00,M,29.77,M,2.50,M,M,M,M,M,M,M,M,M,M,M,M,M,M,M,M,78.32,VOTV 010040Z AUTO 34008KT 2 1/2SM 25/22 A2977 RMK T02500220 IEM_DS3505,M
VOTV,2004-09-01 01:40,76.9500,8.4667,78.80,71.60,78.62,330.00,10.00,M,29.77,M,2.50,M,M,M,M,M,M,M,M,M,M,M,M,M,M,M,M,81.70,VOTV 010140Z AUTO 33010KT 2 1/2SM 26/22 A2977 RMK T02600220 IEM_DS3505,M
VOTV,2004-09-01 02:40,76.9500,8.4667,80.60,73.40,78.76,340.00,10.00,M,29.80,M,4.00,M,M,M,M,M,M,M,M,M,M,M,M,M,M,M,M,85.32,VOTV 010240Z AUTO 34010KT 4SM 27/23 A2980 RMK T02700230 IEM_DS3505,M
VOTV,2004-09-01 03:40,76.9500,8.4667,82.40,73.40,74.28,350.00,10.00,M,29.80,M,4.00,20.00,M,M,M,M,M,M,M,M,M,M,M,M,M,M,M,88.26,VOTV 010340Z AUTO 35010G20KT 4SM 28/23 A2980 RMK T02800230 IEM_DS3505,M
VOTV,2004-09-01 04:40,76.9500,8.4667,84.20,73.40,70.08,320.00,12.00,M,29.80,M,5.00,25.00,M,M,M,M,M,M,M,M,M,M,M,M,M,M,M,90.94,VOTV 010440Z AUTO 32012G25KT 5SM 29/23 A2980 RMK T02900230 IEM_DS3505,M
VOTV,2004-09-01 06:40,76.9500,8.4667,84.20,73.40,70.08,300.00,12.00,M,29.77,M,M,25.00,M,M,M,M,M,M,M,M,M,M,M,M,M,M,M,90.94,VOTV 010640Z AUTO 30012G25KT 29/23 A2977 RMK T02900230 IEM_DS3505,M
VOTV,2004-09-01 07:40,76.9500,8.4667,86.00,73.40,66.15,300.00,8.00,M,29.74,M,M,18.00,M,M,M,M,M,M,M,M,M,M,M,M,M,M,M,93.45,VOTV 010740Z AUTO 30008G18KT 30/23 A2974 RMK T03000230 IEM_DS3505,M
VOTV,2004-09-01 08:40,76.9500,8.4667,84.20,73.40,70.08,300.00,10.00,M,29.74,M,M,20.00,M,M,M,M,M,M,M,M,M,M,M,M,M,M,M,90.94,VOTV 010840Z AUTO 30010G20KT 29/23 A2974 RMK T02900230 IEM_DS3505,M
VOTV,2004-09-01 09:40,76.9500,8.4667,84.20,73.40,70.08,200.00,10.00,M,29.71,M,M,20.00,M,M,M,M,M,M,M,M,M,M,M,M,M,M,M,90.94,VOTV 010940Z AUTO 20010G20KT 29/23 A2971 RMK T02900230 IEM_DS3505,M
VOTV,2004-09-01 10:40,76.9500,8.4667,82.40,73.40,74.28,300.00,10.00,M,29.71,M,4.00,20.00,M,M,M,M,M,M,M,M,M,M,M,M,M,M,M,88.26,VOTV 011040Z AUTO 30010G20KT 4SM 28/23 A2971 RMK T02800230 IEM_DS3505,M
VOTV,2004-09-01 11:40,76.9500,8.4667,82.40,73.40,74.28,300.00,8.00,M,29.71,M,4.00,18.00,M,M,M,M,M,M,M,M,M,M,M,M,M,M,M,88.26,VOTV 011140Z AUTO 30008G18KT 4SM 28/23 A2971 RMK T02800230 IEM_DS3505,M
VOTV,2004-09-01 12:40,76.9500,8.4667,80.60,73.40,78.76,300.00,8.00,M,29.71,M,4.00,18.00,M,M,M,M,M,M,M,M,M,M,M,M,M,M,M,85.32,VOTV 011240Z AUTO 30008G18KT 4SM 27/23 A2971 RMK T02700230 IEM_DS3505,M
VOTV,2004-09-01 13:40,76.9500,8.4667,80.60,73.40,78.76,M,M,M,29.74,M,4.00,M,M,M,M,M,M,M,M,M,M,M,M,M,M,M,M,85.32,VOTV 011340Z AUTO 4SM 27/23 A2974 RMK T02700230 IEM_DS3505,M
VOTV,2004-09-01 14:40,76.9500,8.4667,80.60,73.40,78.76,300.00,12.00,M,29.77,M,4.00,M,M,M,M,M,M,M,M,M,M,M,M,M,M,M,M,85.32,VOTV 011440Z AUTO 30012KT 4SM 27/23 A2977 RMK T02700230 IEM_DS3505,M
VOTV,2004-09-01 15:40,76.9500,8.4667,80.60,73.40,78.76,320.00,6.00,M,29.80,M,4.00,M,M,M,M,M,M,M,M,M,M,M,M,M,M,M,M,85.32,VOTV 011540Z AUTO 32006KT 4SM 27/23 A2980 RMK T02700230 IEM_DS3505,M
VOTV,2004-09-01 23:40,76.9500,8.4667,77.00,73.40,88.67,340.00,8.00,M,29.74,M,2.50,M,M,M,M,M,M,M,M,M,M,M,M,M,M,M,M,78.57,VOTV 012340Z AUTO 34008KT 2 1/2SM 25/23 A2974 RMK T02500230 IEM_DS3505,M
VOTV,2004-09-02 00:40,76.9500,8.4667,77.00,73.40,88.67,320.00,8.00,M,29.77,M,2.50,M,M,M,M,M,M,M,M,M,M,M,M,M,M,M,M,78.57,VOTV 020040Z AUTO 32008KT 2 1/2SM 25/23 A2977 RMK T02500230 IEM_DS3505,M
VOTV,2004-09-02 01:40,76.9500,8.4667,77.00,73.40,88.67,320.00,8.00,M,29.77,M,2.50,M,M,M,M,M,M,M,M,M,M,M,M,M,M,M,M,78.57,VOTV 020140Z AUTO 32008KT 2 1/2SM 25/23 A2977 RMK T02500230 IEM_DS3505,M
VOTV,2004-09-02 02:40,76.9500,8.4667,80.60,73.40,78.76,350.00,8.00,M,29.80,M,4.00,M,M,M,M,M,M,M,M,M,M,M,M,M,M,M,M,85.32,VOTV 020240Z AUTO 35008KT 4SM 27/23 A2980 RMK T02700230 IEM_DS3505,M
VOTV,2004-09-02 03:40,76.9500,8.4667,82.40,73.40,74.28,320.00,10.00,M,29.80,M,4.00,M,M,M,M,M,M,M,M,M,M,M,M,M,M,M,M,88.26,VOTV 020340Z AUTO 32010KT 4SM 28/23 A2980 RMK T02800230 IEM_DS3505,M
VOTV,2004-09-02 04:40,76.9500,8.4667,82.40,71.60,69.90,320.00,8.00,M,29.80,M,M,18.00,M,M,M,M,M,M,M,M,M,M,M,M,M,M,M,87.18,VOTV 020440Z AUTO 32008G18KT 28/22 A2980 RMK T02800220 IEM_DS3505,M
VOTV,2004-09-02 05:40,76.9500,8.4667,84.20,71.60,65.95,290.00,8.00,M,29.80,M,M,18.00,M,M,M,M,M,M,M,M,M,M,M,M,M,M,M,89.60,VOTV 020540Z AUTO 29008G18KT 29/22 A2980 RMK T02900220 IEM_DS3505,M
VOTV,2004-09-02 06:40,76.9500,8.4667,84.20,73.40,70.08,290.00,10.00,M,29.77,M,5.00,20.00,M,M,M,M,M,M,M,M,M,M,M,M,M,M,M,90.94,VOTV 020640Z AUTO 29010G20KT 5SM 29/23 A2977 RMK T02900230 IEM_DS3505,M
VOTV,2004-09-02 07:40,76.9500,8.4667,84.20,73.40,70.08,290.00,10.00,M,29.77,M,5.00,20.00,M,M,M,M,M,M,M,M,M,M,M,M,M,M,M,90.94,VOTV 020740Z AUTO 29010G20KT 5SM 29/23 A2977 RMK T02900230 IEM_DS3505,M
VOTV,2004-09-02 08:40,76.9500,8.4667,82.40,73.40,74.28,280.00,10.00,M,29.74,M,5.00,20.00,M,M,M,M,M,M,M,M,M,M,M,M,M,M,M,88.26,VOTV 020840Z AUTO 28010G20KT 5SM 28/23 A2974 RMK T02800230 IEM_DS3505,M
VOTV,2004-09-02 09:40,76.9500,8.4667,84.20,73.40,70.08,290.00,10.00,M,29.74,M,5.00,20.00,M,M,M,M,M,M,M,M,M,M,M,M,M,M,M,90.94,VOTV 020940Z AUTO 29010G20KT 5SM 29/23 A2974 RMK T02900230 IEM_DS3505,M
VOTV,2004-09-02 10:40,76.9500,8.4667,82.40,73.40,74.28,290.00,10.00,M,29.71,M,5.00,20.00,M,M,M,M,M,M,M,M,M,M,M,M,M,M,M,88.26,VOTV 021040Z AUTO 29010G20KT 5SM 28/23 A2971 RMK T02800230 IEM_DS3505,M
VOTV,2004-09-02 11:40,76.9500,8.4667,80.60,73.40,78.76,290.00,10.00,0.00,29.74,M,4.97,20.00,FEW,BKN,M,M,1500.00,25000.00,M,M,M,M,M,M,M,M,M,85.32,VOTV 021140Z 29010G20KT 8000 FEW015 BKN250 27/23 Q1007 NOSIG,M
VOTV,2004-09-02 12:40,76.9500,8.4667,80.60,73.40,78.76,320.00,10.00,0.00,29.74,M,3.73,20.00,FEW,BKN,M,M,1500.00,25000.00,M,M,M,M,M,M,M,M,M,85.32,VOTV 021240Z 32010G20KT 6000 FEW015 BKN250 27/23 Q1007 NOSIG,M
VOTV,2004-09-02 14:40,76.9500,8.4667,80.60,73.40,78.76,300.00,8.00,M,29.80,M,2.50,M,M,M,M,M,M,M,M,M,M,M,M,M,M,M,M,85.32,VOTV 021440Z AUTO 30008KT 2 1/2SM 27/23 A2980 RMK T02700230 IEM_DS3505,M
VOTV,2004-09-02 15:40,76.9500,8.4667,80.60,73.40,78.76,310.00,6.00,M,29.83,M,2.50,M,M,M,M,M,M,M,M,M,M,M,M,M,M,M,M,85.32,VOTV 021540Z AUTO 31006KT 2 1/2SM 27/23 A2983 RMK T02700230 IEM_DS3505,M
VOTV,2004-09-02 16:40,76.9500,8.4667,80.60,73.40,78.76,320.00,4.00,M,29.83,M,2.50,M,M,M,M,M,M,M,M,M,M,M,M,M,M,M,M,85.32,VOTV 021640Z AUTO 32004KT 2 1/2SM 27/23 A2983 RMK T02700230 IEM_DS3505,M
VOTV,2004-09-02 17:40,76.9500,8.4667,80.60,73.40,78.76,310.00,4.00,M,29.83,M,2.50,M,M,M,M,M,M,M,M,M,M,M,M,M,M,M,M,85.32,VOTV 021740Z AUTO 31004KT 2 1/2SM 27/23 A2983 RMK T02700230 IEM_DS3505,M
VOTV,2004-09-02 23:40,76.9500,8.4667,78.80,73.40,83.55,340.00,3.00,M,29.80,M,2.50,M,M,M,M,M,M,M,M,M,M,M,M,M,M,M,M,82.03,VOTV 022340Z AUTO 34003KT 2 1/2SM 26/23 A2980 RMK T02600230 IEM_DS3505,M
VOTV,2004-09-03 00:40,76.9500,8.4667,77.00,73.40,88.67,340.00,5.00,M,29.83,M,2.50,M,M,M,M,M,M,M,M,M,M,M,M,M,M,M,M,78.57,VOTV 030040Z AUTO 34005KT 2 1/2SM 25/23 A2983 RMK T02500230 IEM_DS3505,M
VOTV,2004-09-03 02:40,76.9500,8.4667,80.60,73.40,78.76,340.00,8.00,M,29.83,M,2.50,M,M,M,M,M,M,M,M,M,M,M,M,M,M,M,M,85.32,VOTV 030240Z AUTO 34008KT 2 1/2SM 27/23 A2983 RMK T02700230 IEM_DS3505,M
VOTV,2004-09-03 07:40,76.9500,8.4667,82.40,73.40,74.28,290.00,12.00,M,29.80,M,3.00,M,M,M,M,M,M,M,M,M,M,M,M,M,M,M,M,88.26,VOTV 030740Z AUTO 29012KT 3SM 28/23 A2980 RMK T02800230 IEM_DS3505,M
VOTV,2004-09-03 08:40,76.9500,8.4667,82.40,73.40,74.28,270.00,8.00,M,29.80,M,3.00,M,M,M,M,M,M,M,M,M,M,M,M,M,M,M,M,88.26,VOTV 030840Z AUTO 27008KT 3SM 28/23 A2980 RMK T02800230 IEM_DS3505,M
VOTV,2004-09-03 09:40,76.9500,8.4667,82.40,73.40,74.28,280.00,8.00,M,29.77,M,3.00,18.00,M,M,M,M,M,M,M,M,M,M,M,M,M,M,M,88.26,VOTV 030940Z AUTO 28008G18KT 3SM 28/23 A2977 RMK T02800230 IEM_DS3505,M
VOTV,2004-09-03 10:40,76.9500,8.4667,82.40,73.40,74.28,280.00,8.00,M,29.77,M,3.00,18.00,M,M,M,M,M,M,M,M,M,M,M,M,M,M,M,88.26,VOTV 031040Z AUTO 28008G18KT 3SM 28/23 A2977 RMK T02800230 IEM_DS3505,M
VOTV,2004-09-03 11:40,76.9500,8.4667,M,M,M,300.00,8.00,M,29.77,M,3.00,18.00,M,M,M,M,M,M,M,M,M,M,M,M,M,M,M,M,VOTV 031140Z AUTO 30008G18KT 3SM A2977 RMK IEM_DS3505,M
VOTV,2004-09-03 12:40,76.9500,8.4667,82.40,73.40,74.28,300.00,8.00,M,29.77,M,3.00,18.00,M,M,M,M,M,M,M,M,M,M,M,M,M,M,M,88.26,VOTV 031240Z AUTO 30008G18KT 3SM 28/23 A2977 RMK T02800230 IEM_DS3505,M
VOTV,2004-09-03 14:40,76.9500,8.4667,78.80,73.40,83.55,320.00,7.00,M,29.80,M,2.00,M,M,M,M,M,M,M,M,M,M,M,M,M,M,M,M,82.03,VOTV 031440Z AUTO 32007KT 2SM 26/23 A2980 RMK T02600230 IEM_DS3505,M
VOTV,2004-09-03 16:40,76.9500,8.4667,78.80,73.40,83.55,340.00,6.00,M,29.85,M,2.00,M,M,M,M,M,M,M,M,M,M,M,M,M,M,M,M,82.03,VOTV 031640Z AUTO 34006KT 2SM 26/23 A2985 RMK T02600230 IEM_DS3505,M
VOTV,2004-09-03 23:40,76.9500,8.4667,77.00,73.40,88.67,310.00,3.00,M,29.80,M,2.00,M,M,M,M,M,M,M,M,M,M,M,M,M,M,M,M,78.57,VOTV 032340Z AUTO 31003KT 2SM 25/23 A2980 RMK T02500230 IEM_DS3505,M
VOTV,2004-09-04 00:40,76.9500,8.4667,77.00,73.40,88.67,320.00,3.00,M,29.80,M,2.00,M,M,M,M,M,M,M,M,M,M,M,M,M,M,M,M,78.57,VOTV 040040Z AUTO 32003KT 2SM 25/23 A2980 RMK T02500230 IEM_DS3505,M
VOTV,2004-09-04 01:40,76.9500,8.4667,77.00,73.40,88.67,340.00,5.00,M,29.80,M,1.50,M,M,M,M,M,M,M,M,M,M,M,M,M,M,M,M,78.57,VOTV 040140Z AUTO 34005KT 1 1/2SM 25/23 A2980 RMK T02500230 IEM_DS3505,M
VOTV,2004-09-04 02:40,76.9500,8.4667,80.60,75.20,83.66,340.00,8.00,M,29.83,M,2.00,M,M,M,M,M,M,M,M,M,M,M,M,M,M,M,M,86.17,VOTV 040240Z AUTO 34008KT 2SM 27/24 A2983 RMK T02700240 IEM_DS3505,M
VOTV,2004-09-04 04:40,76.9500,8.4667,82.40,71.60,69.90,280.00,8.00,M,29.83,M,2.50,M,M,M,M,M,M,M,M,M,M,M,M,M,M,M,M,87.18,VOTV 040440Z AUTO 28008KT 2 1/2SM 28/22 A2983 RMK T02800220 IEM_DS3505,M
VOTV,2004-09-04 05:40,76.9500,8.4667,82.40,71.60,69.90,290.00,8.00,M,29.83,M,2.50,18.00,M,M,M,M,M,M,M,M,M,M,M,M,M,M,M,87.18,VOTV 040540Z AUTO 29008G18KT 2 1/2SM 28/22 A2983 RMK T02800220 IEM_DS3505,M
VOTV,2004-09-04 06:40,76.9500,8.4667,84.20,71.60,65.95,280.00,10.00,M,29.83,M,M,20.00,M,M,M,M,M,M,M,M,M,M,M,M,M,M,M,89.60,VOTV 040640Z AUTO 28010G20KT 29/22 A2983 RMK T02900220 IEM_DS3505,M
VOTV,2004-09-04 07:40,76.9500,8.4667,84.20,71.60,65.95,280.00,12.00,M,29.80,M,M,M,M,M,M,M,M,M,M,M,M,M,M,M,M,M,M,89.60,VOTV 040740Z AUTO 28012KT 29/22 A2980 RMK T02900220 IEM_DS3505,M
VOTV,2004-09-04 08:40,76.9500,8.4667,84.20,73.40,70.08,290.00,7.00,M,29.77,M,M,17.00,M,M,M,M,M,M,M,M,M,M,M,M,M,M,M,90.94,VOTV 040840Z AUTO 29007G17KT 29/23 A2977 RMK T02900230 IEM_DS3505,M
VOTV,2004-09-04 09:40,76.9500,8.4667,84.20,73.40,70.08,300.00,7.00,M,29.74,M,M,17.00,M,M,M,M,M,M,M,M,M,M,M,M,M,M,M,90.94,VOTV 040940Z AUTO 30007G17KT 29/23 A2974 RMK T02900230 IEM_DS3505,M
VOTV,2004-09-04 10:40,76.9500,8.4667,84.20,73.40,70.08,290.00,12.00,M,29.71,M,M,M,M,M,M,M,M,M,M,M,M,M,M,M,M,M,M,90.94,VOTV 041040Z AUTO 29012KT 29/23 A2971 RMK T02900230 IEM_DS3505,M
VOTV,2004-09-04 11:40,76.9500,8.4667,82.40,73.40,74.28,300.00,13.00,M,29.71,M,4.00,M,M,M,M,M,M,M,M,M,M,M,M,M,M,M,M,88.26,VOTV 041140Z AUTO 30013KT 4SM 28/23 A2971 RMK T02800230 IEM_DS3505,M
VOTV,2004-09-04 12:40,76.9500,8.4667,80.60,73.40,78.76,300.00,12.00,M,29.71,M,4.00,M,M,M,M,M,M,M,M,M,M,M,M,M,M,M,M,85.32,VOTV 041240Z AUTO 30012KT 4SM 27/23 A2971 RMK T02700230 IEM_DS3505,M
VOTV,2004-09-04 13:40,76.9500,8.4667,80.60,73.40,78.76,300.00,10.00,M,29.74,M,2.50,M,M,M,M,M,M,M,M,M,M,M,M,M,M,M,M,85.32,VOTV 041340Z AUTO 30010KT 2 1/2SM 27/23 A2974 RMK T02700230 IEM_DS3505,M
VOTV,2004-09-04 14:40,76.9500,8.4667,80.60,73.40,78.76,290.00,8.00,M,29.77,M,2.50,M,M,M,M,M,M,M,M,M,M,M,M,M,M,M,M,85.32,VOTV 041440Z AUTO 29008KT 2 1/2SM 27/23 A2977 RMK T02700230 IEM_DS3505,M
VOTV,2004-09-04 15:40,76.9500,8.4667,80.60,73.40,78.76,310.00,6.00,M,29.80,M,2.50,M,M,M,M,M,M,M,M,M,M,M,M,M,M,M,M,85.32,VOTV 041540Z AUTO 31006KT 2 1/2SM 27/23 A2980 RMK T02700230 IEM_DS3505,M
VOTV,2004-09-04 23:40,76.9500,8.4667,77.00,73.40,88.67,340.00,3.00,M,29.77,M,2.50,M,M,M,M,M,M,M,M,M,M,M,M,M,M,M,M,78.57,VOTV 042340Z AUTO 34003KT 2 1/2SM 25/23 A2977 RMK T02500230 IEM_DS3505,M
VOTV,2004-09-05 00:40,76.9500,8.4667,77.00,73.40,88.67,360.00,3.00,M,29.77,M,2.50,M,M,M,M,M,M,M,M,M,M,M,M,M,M,M,M,78.57,VOTV 050040Z AUTO 36003KT 2 1/2SM 25/23 A2977 RMK T02500230 IEM_DS3505,M
VOTV,2004-09-05 05:40,76.9500,8.4667,84.20,75.20,74.44,270.00,10.00,M,29.80,M,5.00,M,M,M,M,M,M,M,M,M,M,M,M,M,M,M,M,92.45,VOTV 050540Z AUTO 27010KT 5SM 29/24 A2980 RMK T02900240 IEM_DS3505,M
VOTV,2004-09-05 08:40,76.9500,8.4667,M,M,M,290.00,8.00,M,M,M,5.00,M,M,M,M,M,M,M,M,M,M,M,M,M,M,M,M,M,VOTV 050840Z AUTO 29008KT 5SM RMK IEM_DS3505,M
VOTV,2004-09-05 09:40,76.9500,8.4667,86.00,73.40,66.15,280.00,6.00,M,29.71,M,M,M,M,M,M,M,M,M,M,M,M,M,M,M,M,M,M,93.45,VOTV 050940Z AUTO 28006KT 30/23 A2971 RMK T03000230 IEM_DS3505,M
VOTV,2004-09-05 10:40,76.9500,8.4667,86.00,73.40,66.15,290.00,8.00,M,29.71,M,M,M,M,M,M,M,M,M,M,M,M,M,M,M,M,M,M,93.45,VOTV 051040Z AUTO 29008KT 30/23 A2971 RMK T03000230 IEM_DS3505,M
VOTV,2004-09-05 11:40,76.9500,8.4667,84.20,73.40,70.08,280.00,6.00,M,29.71,M,M,M,M,M,M,M,M,M,M,M,M,M,M,M,M,M,M,90.94,VOTV 051140Z AUTO 28006KT 29/23 A2971 RMK T02900230 IEM_DS3505,M
VOTV,2004-09-05 14:40,76.9500,8.4667,80.60,73.40,78.76,310.00,5.00,M,29.74,M,2.50,M,M,M,M,M,M,M,M,M,M,M,M,M,M,M,M,85.32,VOTV 051440Z AUTO 31005KT 2 1/2SM 27/23 A2974 RMK T02700230 IEM_DS3505,M
VOTV,2004-09-05 15:40,76.9500,8.4667,80.60,73.40,78.76,310.00,5.00,0.00,29.77,M,2.49,M,SCT,SCT,M,M,1500.00,2000.00,M,M,HZ,M,M,M,M,M,M,85.32,VOTV 051540Z 31005KT 4000 HZ SCT015 SCT020 27/23 Q1008 NOSIG,M
VOTV,2004-09-05 16:40,76.9500,8.4667,80.60,73.40,78.76,340.00,4.00,M,29.80,M,2.50,M,M,M,M,M,M,M,M,M,M,M,M,M,M,M,M,85.32,VOTV 051640Z AUTO 34004KT 2 1/2SM 27/23 A2980 RMK T02700230 IEM_DS3505,M
VOTV,2004-09-06 00:40,76.9500,8.4667,M,M,M,50.00,4.00,M,M,M,1.25,M,M,M,M,M,M,M,M,M,M,M,M,M,M,M,M,M,VOTV 060040Z AUTO 05004KT 1 1/4SM RMK IEM_DS3505,M
VOTV,2004-09-06 01:40,76.9500,8.4667,77.00,75.20,94.19,0.00,0.00,M,29.77,M,1.25,M,M,M,M,M,M,M,M,M,M,M,M,M,M,M,M,78.83,VOTV 060140Z AUTO 00000KT 1 1/4SM 25/24 A2977 RMK T02500240 IEM_DS3505,M
VOTV,2004-09-06 03:40,76.9500,8.4667,M,M,M,250.00,4.00,M,M,M,1.50,M,M,M,M,M,M,M,M,M,M,M,M,M,M,M,M,M,VOTV 060340Z AUTO 25004KT 1 1/2SM RMK IEM_DS3505,M
VOTV,2004-09-06 05:40,76.9500,8.4667,M,M,M,90.00,4.00,M,M,M,1.50,M,M,M,M,M,M,M,M,M,M,M,M,M,M,M,M,M,VOTV 060540Z AUTO 09004KT 1 1/2SM RMK IEM_DS3505,M
VOTV,2004-09-06 09:40,76.9500,8.4667,M,M,M,260.00,3.00,M,M,M,2.00,M,M,M,M,M,M,M,M,M,M,M,M,M,M,M,M,M,VOTV 060940Z AUTO 26003KT 2SM RMK IEM_DS3505,M
VOTV,2004-09-06 10:40,76.9500,8.4667,M,M,M,260.00,4.00,M,M,M,2.50,M,M,M,M,M,M,M,M,M,M,M,M,M,M,M,M,M,VOTV 061040Z AUTO 26004KT 2 1/2SM RMK IEM_DS3505,M
VOTV,2004-09-06 11:40,76.9500,8.4667,M,M,M,280.00,3.00,M,M,M,2.50,M,M,M,M,M,M,M,M,M,M,M,M,M,M,M,M,M,VOTV 061140Z AUTO 28003KT 2 1/2SM RMK IEM_DS3505,M
VOTV,2004-09-06 12:40,76.9500,8.4667,M,M,M,260.00,3.00,M,M,M,2.50,M,M,M,M,M,M,M,M,M,M,M,M,M,M,M,M,M,VOTV 061240Z AUTO 26003KT 2 1/2SM RMK IEM_DS3505,M
VOTV,2004-09-06 13:40,76.9500,8.4667,M,M,M,240.00,3.00,M,M,M,2.50,M,M,M,M,M,M,M,M,M,M,M,M,M,M,M,M,M,VOTV 061340Z AUTO 24003KT 2 1/2SM RMK IEM_DS3505,M
VOTV,2004-09-06 15:40,76.9500,8.4667,M,M,M,0.00,0.00,M,M,M,2.50,M,M,M,M,M,M,M,M,M,M,M,M,M,M,M,M,M,VOTV 061540Z AUTO 00000KT 2 1/2SM RMK IEM_DS3505,M
VOTV,2004-09-06 23:40,76.9500,8.4667,75.20,73.40,94.14,240.00,3.00,M,29.80,M,1.25,M,M,M,M,M,M,M,M,M,M,M,M,M,M,M,M,76.84,VOTV 062340Z AUTO 24003KT 1 1/4SM 24/23 A2980 RMK T02400230 IEM_DS3505,M
VOTV,2004-09-07 00:40,76.9500,8.4667,M,M,M,M,M,M,M,M,1.25,M,M,M,M,M,M,M,M,M,M,M,M,M,M,M,M,M,VOTV 070040Z AUTO 1 1/4SM RMK IEM_DS3505,M
VOTV,2004-09-07 01:40,76.9500,8.4667,77.00,73.40,88.67,260.00,5.00,M,29.83,M,1.50,M,M,M,M,M,M,M,M,M,M,M,M,M,M,M,M,78.57,VOTV 070140Z AUTO 26005KT 1 1/2SM 25/23 A2983 RMK T02500230 IEM_DS3505,M
VOTV,2004-09-07 02:40,76.9500,8.4667,78.80,73.40,83.55,M,M,M,29.83,M,2.50,M,M,M,M,M,M,M,M,M,M,M,M,M,M,M,M,78.80,VOTV 070240Z AUTO 2 1/2SM 26/23 A2983 RMK T02600230 IEM_DS3505,M
VOTV,2004-09-07 03:40,76.9500,8.4667,82.40,75.20,78.90,40.00,4.00,M,29.85,M,2.50,M,M,M,M,M,M,M,M,M,M,M,M,M,M,M,M,89.48,VOTV 070340Z AUTO 04004KT 2 1/2SM 28/24 A2985 RMK T02800240 IEM_DS3505,M
VOTV,2004-09-07 05:40,76.9500,8.4667,84.20,75.20,74.44,290.00,4.00,M,29.85,M,4.00,M,M,M,M,M,M,M,M,M,M,M,M,M,M,M,M,92.45,VOTV 070540Z AUTO 29004KT 4SM 29/24 A2985 RMK T02900240 IEM_DS3505,M
VOTV,2004-09-07 06:40,76.9500,8.4667,84.20,75.20,74.44,260.00,5.00,M,29.83,M,4.00,M,M,M,M,M,M,M,M,M,M,M,M,M,M,M,M,92.45,VOTV 070640Z AUTO 26005KT 4SM 29/24 A2983 RMK T02900240 IEM_DS3505,M
VOTV,2004-09-07 07:40,76.9500,8.4667,86.00,77.00,74.61,270.00,5.00,M,29.80,M,4.00,M,M,M,M,M,M,M,M,M,M,M,M,M,M,M,M,97.15,VOTV 070740Z AUTO 27005KT 4SM 30/25 A2980 RMK T03000250 IEM_DS3505,M
VOTV,2004-09-07 08:40,76.9500,8.4667,86.00,75.20,70.27,240.00,4.00,M,29.77,M,M,M,M,M,M,M,M,M,M,M,M,M,M,M,M,M,M,95.19,VOTV 070840Z AUTO 24004KT 30/24 A2977 RMK T03000240 IEM_DS3505,M
VOTV,2004-09-07 09:40,76.9500,8.4667,86.00,75.20,70.27,220.00,4.00,M,29.77,M,M,M,M,M,M,M,M,M,M,M,M,M,M,M,M,M,M,95.19,VOTV 070940Z AUTO 22004KT 30/24 A2977 RMK T03000240 IEM_DS3505,M
VOTV,2004-09-07 10:40,76.9500,8.4667,84.20,75.20,74.44,200.00,6.00,M,29.77,M,4.00,M,M,M,M,M,M,M,M,M,M,M,M,M,M,M,M,92.45,VOTV 071040Z AUTO 20006KT 4SM 29/24 A2977 RMK T02900240 IEM_DS3505,M
VOTV,2004-09-07 11:40,76.9500,8.4667,84.20,75.20,74.44,240.00,4.00,M,29.77,M,4.00,M,M,M,M,M,M,M,M,M,M,M,M,M,M,M,M,92.45,VOTV 071140Z AUTO 24004KT 4SM 29/24 A2977 RMK T02900240 IEM_DS3505,M
VOTV,2004-09-07 12:40,76.9500,8.4667,84.20,73.40,70.08,240.00,4.00,M,29.80,M,M,M,M,M,M,M,M,M,M,M,M,M,M,M,M,M,M,90.94,VOTV 071240Z AUTO 24004KT 29/23 A2980 RMK T02900230 IEM_DS3505,M
VOTV,2004-09-07 15:40,76.9500,8.4667,80.60,75.20,83.66,280.00,3.00,M,29.83,M,2.00,M,M,M,M,M,M,M,M,M,M,M,M,M,M,M,M,86.17,VOTV 071540Z AUTO 28003KT 2SM 27/24 A2983 RMK T02700240 IEM_DS3505,M
VOTV,2004-09-07 16:40,76.9500,8.4667,M,M,M,280.00,3.00,M,M,M,2.00,M,M,M,M,M,M,M,M,M,M,M,M,M,M,M,M,M,VOTV 071640Z AUTO 28003KT 2SM RMK IEM_DS3505,M
VOTV,2004-09-07 17:40,76.9500,8.4667,M,M,M,200.00,3.00,M,M,M,2.00,M,M,M,M,M,M,M,M,M,M,M,M,M,M,M,M,M,VOTV 071740Z AUTO 20003KT 2SM RMK IEM_DS3505,M
VOTV,2004-09-07 23:40,76.9500,8.4667,77.00,75.20,94.19,M,3.00,0.00,29.83,M,1.86,M,SCT,FEW,BKN,M,1500.00,2500.00,9000.00,M,HZ,M,M,M,M,M,M,77.00,VOTV 072340Z VRB03KT 3000 HZ SCT015 FEW025 (CB-W/NW) BKN090 25/24 Q1010 TEMPO 2000 IN RA,M
VOTV,2004-09-08 00:40,76.9500,8.4667,M,M,M,M,M,M,M,M,1.50,M,M,M,M,M,M,M,M,M,M,M,M,M,M,M,M,M,VOTV 080040Z AUTO 1 1/2SM RMK IEM_DS3505,M
VOTV,2004-09-08 01:40,76.9500,8.4667,M,M,M,100.00,4.00,M,M,M,1.25,M,M,M,M,M,M,M,M,M,M,M,M,M,M,M,M,M,VOTV 080140Z AUTO 10004KT 1 1/4SM RMK IEM_DS3505,M
VOTV,2004-09-08 04:40,76.9500,8.4667,M,M,M,M,M,M,M,M,4.00,M,M,M,M,M,M,M,M,M,M,M,M,M,M,M,M,M,VOTV 080440Z AUTO 4SM RMK IEM_DS3505,M
VOTV,2004-09-08 05:40,76.9500,8.4667,84.20,73.40,70.08,280.00,4.00,M,M,M,M,M,M,M,M,M,M,M,M,M,M,M,M,M,M,M,M,90.94,VOTV 080540Z AUTO 28004KT 29/23 RMK T02900230 IEM_DS3505,M
VOTV,2004-09-08 06:40,76.9500,8.4667,84.20,75.20,74.44,M,M,M,29.85,M,4.00,M,M,M,M,M,M,M,M,M,M,M,M,M,M,M,M,92.45,VOTV 080640Z AUTO 4SM 29/24 A2985 RMK T02900240 IEM_DS3505,M
VOTV,2004-09-08 09:40,76.9500,8.4667,M,M,M,M,M,M,M,M,2.50,M,M,M,M,M,M,M,M,M,M,M,M,M,M,M,M,M,VOTV 080940Z AUTO 2 1/2SM RMK IEM_DS3505,M
VOTV,2004-09-08 10:40,76.9500,8.4667,M,M,M,290.00,5.00,M,M,M,1.25,M,M,M,M,M,M,M,M,M,M,M,M,M,M,M,M,M,VOTV 081040Z AUTO 29005KT 1 1/4SM RMK IEM_DS3505,M
VOTV,2004-09-08 11:40,76.9500,8.4667,M,M,M,M,M,M,M,M,1.25,M,M,M,M,M,M,M,M,M,M,M,M,M,M,M,M,M,VOTV 081140Z AUTO 1 1/4SM RMK IEM_DS3505,M
VOTV,2004-09-08 12:40,76.9500,8.4667,M,M,M,M,M,M,M,M,1.50,M,M,M,M,M,M,M,M,M,M,M,M,M,M,M,M,M,VOTV 081240Z AUTO 1 1/2SM RMK IEM_DS3505,M
VOTV,2004-09-08 13:40,76.9500,8.4667,M,M,M,M,M,M,M,M,1.50,M,M,M,M,M,M,M,M,M,M,M,M,M,M,M,M,M,VOTV 081340Z AUTO 1 1/2SM RMK IEM_DS3505,M
VOTV,2004-09-08 14:40,76.9500,8.4667,M,M,M,0.00,0.00,M,M,M,1.50,M,M,M,M,M,M,M,M,M,M,M,M,M,M,M,M,M,VOTV 081440Z AUTO 00000KT 1 1/2SM RMK IEM_DS3505,M
VOTV,2004-09-08 16:40,76.9500,8.4667,M,M,M,0.00,0.00,M,M,M,1.50,M,M,M,M,M,M,M,M,M,M,M,M,M,M,M,M,M,VOTV 081640Z AUTO 00000KT 1 1/2SM RMK IEM_DS3505,M
VOTV,2004-09-08 22:40,76.9500,8.4667,M,M,M,0.00,0.00,M,M,M,1.50,M,M,M,M,M,M,M,M,M,M,M,M,M,M,M,M,M,VOTV 082240Z AUTO 00000KT 1 1/2SM RMK IEM_DS3505,M
VOTV,2004-09-09 00:40,76.9500,8.4667,77.00,75.20,94.19,360.00,155.51,0.00,29.83,M,1.55,M,SCT,SCT,OVC,M,1000.00,1500.00,M,M,RA,M,M,M,M,M,M,77.00,VOTV 090040Z 00000KT 2500 RA SCT010 SCT015 FEW025CB(W/N/NE) OVC 080 25/24 Q1010 NOSIG,M
VOTV,2004-09-09 01:40,76.9500,8.4667,M,M,M,0.00,0.00,M,M,M,1.50,M,M,M,M,M,M,M,M,M,M,M,M,M,M,M,M,M,VOTV 090140Z AUTO 00000KT 1 1/2SM RMK IEM_DS3505,M
VOTV,2004-09-09 02:40,76.9500,8.4667,M,M,M,0.00,0.00,M,M,M,1.50,M,M,M,M,M,M,M,M,M,M,M,M,M,M,M,M,M,VOTV 090240Z AUTO 00000KT 1 1/2SM RMK IEM_DS3505,M
VOTV,2004-09-09 03:40,76.9500,8.4667,M,M,M,0.00,0.00,M,M,M,2.50,M,M,M,M,M,M,M,M,M,M,M,M,M,M,M,M,M,VOTV 090340Z AUTO 00000KT 2 1/2SM RMK IEM_DS3505,M
VOTV,2004-09-09 04:40,76.9500,8.4667,M,M,M,0.00,0.00,M,M,M,1.50,M,M,M,M,M,M,M,M,M,M,M,M,M,M,M,M,M,VOTV 090440Z AUTO 00000KT 1 1/2SM RMK IEM_DS3505,M
VOTV,2004-09-09 05:40,76.9500,8.4667,M,M,M,140.00,2.00,M,M,M,2.00,M,M,M,M,M,M,M,M,M,M,M,M,M,M,M,M,M,VOTV 090540Z AUTO 14002KT 2SM RMK IEM_DS3505,M
VOTV,2004-09-09 06:40,76.9500,8.4667,M,M,M,M,M,M,M,M,3.00,M,M,M,M,M,M,M,M,M,M,M,M,M,M,M,M,M,VOTV 090640Z AUTO 3SM RMK IEM_DS3505,M
VOTV,2004-09-09 07:40,76.9500,8.4667,M,M,M,260.00,2.00,M,M,M,3.00,M,M,M,M,M,M,M,M,M,M,M,M,M,M,M,M,M,VOTV 090740Z AUTO 26002KT 3SM RMK IEM_DS3505,M
VOTV,2004-09-09 08:40,76.9500,8.4667,M,M,M,240.00,4.00,M,M,M,3.00,M,M,M,M,M,M,M,M,M,M,M,M,M,M,M,M,M,VOTV 090840Z AUTO 24004KT 3SM RMK IEM_DS3505,M
VOTV,2004-09-09 09:40,76.9500,8.4667,M,M,M,270.00,4.00,M,M,M,3.00,M,M,M,M,M,M,M,M,M,M,M,M,M,M,M,M,M,VOTV 090940Z AUTO 27004KT 3SM RMK IEM_DS3505,M
VOTV,2004-09-09 10:40,76.9500,8.4667,M,M,M,M,M,M,M,M,3.00,M,M,M,M,M,M,M,M,M,M,M,M,M,M,M,M,M,VOTV 091040Z AUTO 3SM RMK IEM_DS3505,M
VOTV,2004-09-09 11:40,76.9500,8.4667,M,M,M,280.00,6.00,M,M,M,3.00,M,M,M,M,M,M,M,M,M,M,M,M,M,M,M,M,M,VOTV 091140Z AUTO 28006KT 3SM RMK IEM_DS3505,M
VOTV,2004-09-09 12:40,76.9500,8.4667,M,M,M,280.00,5.00,M,M,M,2.50,M,M,M,M,M,M,M,M,M,M,M,M,M,M,M,M,M,VOTV 091240Z AUTO 28005KT 2 1/2SM RMK IEM_DS3505,M
VOTV,2004-09-09 14:40,76.9500,8.4667,M,M,M,280.00,5.00,M,M,M,2.50,M,M,M,M,M,M,M,M,M,M,M,M,M,M,M,M,M,VOTV 091440Z AUTO 28005KT 2 1/2SM RMK IEM_DS3505,M
VOTV,2004-09-09 22:40,76.9500,8.4667,M,M,M,M,M,M,M,M,2.50,M,M,M,M,M,M,M,M,M,M,M,M,M,M,M,M,M,VOTV 092240Z AUTO 2 1/2SM RMK IEM_DS3505,M
VOTV,2004-09-09 23:40,76.9500,8.4667,M,M,M,M,M,M,M,M,2.50,M,M,M,M,M,M,M,M,M,M,M,M,M,M,M,M,M,VOTV 092340Z AUTO 2 1/2SM RMK IEM_DS3505,M
VOTV,2004-09-10 00:40,76.9500,8.4667,M,M,M,M,M,M,M,M,2.50,M,M,M,M,M,M,M,M,M,M,M,M,M,M,M,M,M,VOTV 100040Z AUTO 2 1/2SM RMK IEM_DS3505,M
VOTV,2004-09-10 01:40,76.9500,8.4667,M,M,M,M,M,M,M,M,2.50,M,M,M,M,M,M,M,M,M,M,M,M,M,M,M,M,M,VOTV 100140Z AUTO 2 1/2SM RMK IEM_DS3505,M
VOTV,2004-09-10 02:40,76.9500,8.4667,M,M,M,M,M,M,M,M,1.00,M,M,M,M,M,M,M,M,M,M,M,M,M,M,M,M,M,VOTV 100240Z AUTO 1SM RMK IEM_DS3505,M
VOTV,2004-09-10 03:40,76.9500,8.4667,M,M,M,240.00,6.00,M,M,M,2.00,M,M,M,M,M,M,M,M,M,M,M,M,M,M,M,M,M,VOTV 100340Z AUTO 24006KT 2SM RMK IEM_DS3505,M
VOTV,2004-09-10 05:40,76.9500,8.4667,M,M,M,280.00,8.00,M,M,M,3.00,M,M,M,M,M,M,M,M,M,M,M,M,M,M,M,M,M,VOTV 100540Z AUTO 28008KT 3SM RMK IEM_DS3505,M
VOTV,2004-09-10 06:40,76.9500,8.4667,M,M,M,250.00,3.00,M,M,M,4.00,M,M,M,M,M,M,M,M,M,M,M,M,M,M,M,M,M,VOTV 100640Z AUTO 25003KT 4SM RMK IEM_DS3505,M
VOTV,2004-09-10 11:40,76.9500,8.4667,M,M,M,280.00,8.00,M,M,M,2.50,18.00,M,M,M,M,M,M,M,M,M,M,M,M,M,M,M,M,VOTV 101140Z AUTO 28008G18KT 2 1/2SM RMK IEM_DS3505,M
VOTV,2004-09-10 12:40,76.9500,8.4667,M,M,M,320.00,8.00,M,M,M,2.50,M,M,M,M,M,M,M,M,M,M,M,M,M,M,M,M,M,VOTV 101240Z AUTO 32008KT 2 1/2SM RMK IEM_DS3505,M
VOTV,2004-09-10 13:40,76.9500,8.4667,M,M,M,330.00,5.00,M,M,M,2.50,M,M,M,M,M,M,M,M,M,M,M,M,M,M,M,M,M,VOTV 101340Z AUTO 33005KT 2 1/2SM RMK IEM_DS3505,M
VOTV,2004-09-10 14:40,76.9500,8.4667,M,M,M,340.00,6.00,M,M,M,2.50,M,M,M,M,M,M,M,M,M,M,M,M,M,M,M,M,M,VOTV 101440Z AUTO 34006KT 2 1/2SM RMK IEM_DS3505,M
VOTV,2004-09-10 15:40,76.9500,8.4667,M,M,M,340.00,2.00,M,M,M,2.00,M,M,M,M,M,M,M,M,M,M,M,M,M,M,M,M,M,VOTV 101540Z AUTO 34002KT 2SM RMK IEM_DS3505,M
VOTV,2004-09-10 16:40,76.9500,8.4667,M,M,M,330.00,5.00,M,M,M,2.00,M,M,M,M,M,M,M,M,M,M,M,M,M,M,M,M,M,VOTV 101640Z AUTO 33005KT 2SM RMK IEM_DS3505,M
VOTV,2004-09-10 23:40,76.9500,8.4667,M,M,M,M,M,M,M,M,1.50,M,M,M,M,M,M,M,M,M,M,M,M,M,M,M,M,M,VOTV 102340Z AUTO 1 1/2SM RMK IEM_DS3505,M
VOTV,2004-09-11 00:40,76.9500,8.4667,M,M,M,340.00,3.00,M,M,M,2.50,M,M,M,M,M,M,M,M,M,M,M,M,M,M,M,M,M,VOTV 110040Z AUTO 34003KT 2 1/2SM RMK IEM_DS3505,M
VOTV,2004-09-11 01:40,76.9500,8.4667,M,M,M,350.00,3.00,M,M,M,2.50,M,M,M,M,M,M,M,M,M,M,M,M,M,M,M,M,M,VOTV 110140Z AUTO 35003KT 2 1/2SM RMK IEM_DS3505,M
VOTV,2004-09-11 02:40,76.9500,8.4667,78.80,75.20,88.75,350.00,3.00,M,29.85,M,2.50,M,M,M,M,M,M,M,M,M,M,M,M,M,M,M,M,82.38,VOTV 110240Z AUTO 35003KT 2 1/2SM 26/24 A2985 RMK T02600240 IEM_DS3505,M
VOTV,2004-09-11 03:40,76.9500,8.4667,M,M,M,340.00,6.00,M,M,M,2.50,M,M,M,M,M,M,M,M,M,M,M,M,M,M,M,M,M,VOTV 110340Z AUTO 34006KT 2 1/2SM RMK IEM_DS3505,M
VOTV,2004-09-11 04:40,76.9500,8.4667,M,M,M,290.00,7.00,M,M,M,4.00,M,M,M,M,M,M,M,M,M,M,M,M,M,M,M,M,M,VOTV 110440Z AUTO 29007KT 4SM RMK IEM_DS3505,M
VOTV,2004-09-11 05:40,76.9500,8.4667,M,M,M,270.00,6.00,M,M,M,4.00,M,M,M,M,M,M,M,M,M,M,M,M,M,M,M,M,M,VOTV 110540Z AUTO 27006KT 4SM RMK IEM_DS3505,M
VOTV,2004-09-11 07:40,76.9500,8.4667,M,M,M,270.00,6.00,M,M,M,2.50,M,M,M,M,M,M,M,M,M,M,M,M,M,M,M,M,M,VOTV 110740Z AUTO 27006KT 2 1/2SM RMK IEM_DS3505,M
VOTV,2004-09-11 08:40,76.9500,8.4667,M,M,M,300.00,8.00,M,M,M,3.00,M,M,M,M,M,M,M,M,M,M,M,M,M,M,M,M,M,VOTV 110840Z AUTO 30008KT 3SM RMK IEM_DS3505,M
VOTV,2004-09-11 10:40,76.9500,8.4667,M,M,M,300.00,10.00,M,M,M,3.00,M,M,M,M,M,M,M,M,M,M,M,M,M,M,M,M,M,VOTV 111040Z AUTO 30010KT 3SM RMK IEM_DS3505,M
VOTV,2004-09-11 11:40,76.9500,8.4667,M,M,M,300.00,8.00,M,M,M,3.00,M,M,M,M,M,M,M,M,M,M,M,M,M,M,M,M,M,VOTV 111140Z AUTO 30008KT 3SM RMK IEM_DS3505,M
VOTV,2004-09-11 12:40,76.9500,8.4667,M,M,M,300.00,10.00,M,M,M,2.50,M,M,M,M,M,M,M,M,M,M,M,M,M,M,M,M,M,VOTV 111240Z AUTO 30010KT 2 1/2SM RMK IEM_DS3505,M
VOTV,2004-09-11 13:40,76.9500,8.4667,M,M,M,300.00,5.00,M,M,M,2.50,M,M,M,M,M,M,M,M,M,M,M,M,M,M,M,M,M,VOTV 111340Z AUTO 30005KT 2 1/2SM RMK IEM_DS3505,M
VOTV,2004-09-11 14:40,76.9500,8.4667,M,M,M,290.00,8.00,M,M,M,2.50,M,M,M,M,M,M,M,M,M,M,M,M,M,M,M,M,M,VOTV 111440Z AUTO 29008KT 2 1/2SM RMK IEM_DS3505,M
VOTV,2004-09-11 23:40,76.9500,8.4667,M,M,M,M,M,M,M,M,2.00,M,M,M,M,M,M,M,M,M,M,M,M,M,M,M,M,M,VOTV 112340Z AUTO 2SM RMK IEM_DS3505,M
VOTV,2004-09-12 04:40,76.9500,8.4667,82.40,75.20,78.90,340.00,10.00,M,29.85,M,4.00,M,M,M,M,M,M,M,M,M,M,M,M,M,M,M,M,89.48,VOTV 120440Z AUTO 34010KT 4SM 28/24 A2985 RMK T02800240 IEM_DS3505,M
VOTV,2004-09-12 05:40,76.9500,8.4667,82.40,75.20,78.90,350.00,9.00,M,29.85,M,4.00,M,M,M,M,M,M,M,M,M,M,M,M,M,M,M,M,89.48,VOTV 120540Z AUTO 35009KT 4SM 28/24 A2985 RMK T02800240 IEM_DS3505,M
VOTV,2004-09-12 06:40,76.9500,8.4667,84.20,75.20,74.44,300.00,10.00,M,29.83,M,4.00,M,M,M,M,M,M,M,M,M,M,M,M,M,M,M,M,92.45,VOTV 120640Z AUTO 30010KT 4SM 29/24 A2983 RMK T02900240 IEM_DS3505,M
VOTV,2004-09-12 07:40,76.9500,8.4667,84.20,75.20,74.44,270.00,8.00,M,29.80,M,4.00,M,M,M,M,M,M,M,M,M,M,M,M,M,M,M,M,92.45,VOTV 120740Z AUTO 27008KT 4SM 29/24 A2980 RMK T02900240 IEM_DS3505,M
VOTV,2004-09-12 08:40,76.9500,8.4667,86.00,75.20,70.27,300.00,10.00,M,29.80,M,M,M,M,M,M,M,M,M,M,M,M,M,M,M,M,M,M,95.19,VOTV 120840Z AUTO 30010KT 30/24 A2980 RMK T03000240 IEM_DS3505,M
VOTV,2004-09-12 09:40,76.9500,8.4667,84.20,75.20,74.44,290.00,10.00,M,29.80,M,4.00,M,M,M,M,M,M,M,M,M,M,M,M,M,M,M,M,92.45,VOTV 120940Z AUTO 29010KT 4SM 29/24 A2980 RMK T02900240 IEM_DS3505,M
VOTV,2004-09-12 11:40,76.9500,8.4667,82.40,73.40,74.28,280.00,10.00,M,29.80,M,4.00,M,M,M,M,M,M,M,M,M,M,M,M,M,M,M,M,88.26,VOTV 121140Z AUTO 28010KT 4SM 28/23 A2980 RMK T02800230 IEM_DS3505,M
VOTV,2004-09-12 12:40,76.9500,8.4667,82.40,73.40,74.28,300.00,9.00,M,29.80,M,4.00,M,M,M,M,M,M,M,M,M,M,M,M,M,M,M,M,88.26,VOTV 121240Z AUTO 30009KT 4SM 28/23 A2980 RMK T02800230 IEM_DS3505,M
VOTV,2004-09-12 16:40,76.9500,8.4667,80.60,73.40,78.76,360.00,4.00,M,29.88,M,2.50,M,M,M,M,M,M,M,M,M,M,M,M,M,M,M,M,85.32,VOTV 121640Z AUTO 36004KT 2 1/2SM 27/23 A2988 RMK T02700230 IEM_DS3505,M
VOTV,2004-09-12 17:40,76.9500,8.4667,80.60,73.40,78.76,320.00,5.00,M,29.85,M,2.50,M,M,M,M,M,M,M,M,M,M,M,M,M,M,M,M,85.32,VOTV 121740Z AUTO 32005KT 2 1/2SM 27/23 A2985 RMK T02700230 IEM_DS3505,M
VOTV,2004-09-12 23:40,76.9500,8.4667,77.00,73.40,88.67,340.00,6.00,M,29.85,M,2.50,M,M,M,M,M,M,M,M,M,M,M,M,M,M,M,M,78.57,VOTV 122340Z AUTO 34006KT 2 1/2SM 25/23 A2985 RMK T02500230 IEM_DS3505,M
VOTV,2004-09-13 00:40,76.9500,8.4667,77.00,73.40,88.67,340.00,6.00,M,29.85,M,2.50,M,M,M,M,M,M,M,M,M,M,M,M,M,M,M,M,78.57,VOTV 130040Z AUTO 34006KT 2 1/2SM 25/23 A2985 RMK T02500230 IEM_DS3505,M
VOTV,2004-09-13 02:40,76.9500,8.4667,80.60,73.40,78.76,350.00,6.00,M,29.88,M,3.00,M,M,M,M,M,M,M,M,M,M,M,M,M,M,M,M,85.32,VOTV 130240Z AUTO 35006KT 3SM 27/23 A2988 RMK T02700230 IEM_DS3505,M
VOTV,2004-09-13 03:40,76.9500,8.4667,82.40,73.40,74.28,340.00,8.00,M,29.88,M,4.00,M,M,M,M,M,M,M,M,M,M,M,M,M,M,M,M,88.26,VOTV 130340Z AUTO 34008KT 4SM 28/23 A2988 RMK T02800230 IEM_DS3505,M
VOTV,2004-09-13 04:40,76.9500,8.4667,84.20,73.40,70.08,340.00,9.00,M,29.88,M,M,M,M,M,M,M,M,M,M,M,M,M,M,M,M,M,M,90.94,VOTV 130440Z AUTO 34009KT 29/23 A2988 RMK T02900230 IEM_DS3505,M
VOTV,2004-09-13 05:40,76.9500,8.4667,84.20,73.40,70.08,270.00,12.00,M,29.88,M,M,M,M,M,M,M,M,M,M,M,M,M,M,M,M,M,M,90.94,VOTV 130540Z AUTO 27012KT 29/23 A2988 RMK T02900230 IEM_DS3505,M
VOTV,2004-09-13 06:40,76.9500,8.4667,84.20,75.20,74.44,300.00,10.00,M,29.85,M,4.00,M,M,M,M,M,M,M,M,M,M,M,M,M,M,M,M,92.45,VOTV 130640Z AUTO 30010KT 4SM 29/24 A2985 RMK T02900240 IEM_DS3505,M
VOTV,2004-09-13 08:40,76.9500,8.4667,86.00,75.20,70.27,270.00,7.00,M,29.83,M,M,17.00,M,M,M,M,M,M,M,M,M,M,M,M,M,M,M,95.19,VOTV 130840Z AUTO 27007G17KT 30/24 A2983 RMK T03000240 IEM_DS3505,M
VOTV,2004-09-13 09:40,76.9500,8.4667,86.00,73.40,66.15,300.00,7.00,M,29.80,M,M,17.00,M,M,M,M,M,M,M,M,M,M,M,M,M,M,M,93.45,VOTV 130940Z AUTO 30007G17KT 30/23 A2980 RMK T03000230 IEM_DS3505,M
VOTV,2004-09-13 11:40,76.9500,8.4667,82.40,73.40,74.28,300.00,7.00,M,29.77,M,4.00,17.00,M,M,M,M,M,M,M,M,M,M,M,M,M,M,M,88.26,VOTV 131140Z AUTO 30007G17KT 4SM 28/23 A2977 RMK T02800230 IEM_DS3505,M
VOTV,2004-09-13 12:40,76.9500,8.4667,82.40,73.40,74.28,270.00,7.00,M,29.80,M,4.00,17.00,M,M,M,M,M,M,M,M,M,M,M,M,M,M,M,88.26,VOTV 131240Z AUTO 27007G17KT 4SM 28/23 A2980 RMK T02800230 IEM_DS3505,M
VOTV,2004-09-13 13:40,76.9500,8.4667,80.60,73.40,78.76,290.00,7.00,M,29.83,M,4.00,17.00,M,M,M,M,M,M,M,M,M,M,M,M,M,M,M,85.32,VOTV 131340Z AUTO 29007G17KT 4SM 27/23 A2983 RMK T02700230 IEM_DS3505,M
VOTV,2004-09-13 14:40,76.9500,8.4667,80.60,73.40,78.76,310.00,7.00,M,29.85,M,3.00,17.00,M,M,M,M,M,M,M,M,M,M,M,M,M,M,M,85.32,VOTV 131440Z AUTO 31007G17KT 3SM 27/23 A2985 RMK T02700230 IEM_DS3505,M
VOTV,2004-09-13 17:40,76.9500,8.4667,78.80,73.40,83.55,300.00,4.00,M,29.88,M,3.00,M,M,M,M,M,M,M,M,M,M,M,M,M,M,M,M,82.03,VOTV 131740Z AUTO 30004KT 3SM 26/23 A2988 RMK T02600230 IEM_DS3505,M
VOTV,2004-09-13 23:40,76.9500,8.4667,M,M,M,0.00,0.00,M,M,M,2.50,M,M,M,M,M,M,M,M,M,M,M,M,M,M,M,M,M,VOTV 132340Z AUTO 00000KT 2 1/2SM RMK IEM_DS3505,M
VOTV,2004-09-14 00:40,76.9500,8.4667,77.00,73.40,88.67,0.00,0.00,M,29.85,M,2.50,M,M,M,M,M,M,M,M,M,M,M,M,M,M,M,M,78.57,VOTV 140040Z AUTO 00000KT 2 1/2SM 25/23 A2985 RMK T02500230 IEM_DS3505,M
VOTV,2004-09-14 01:40,76.9500,8.4667,77.00,73.40,88.67,0.00,0.00,M,29.88,M,2.50,M,M,M,M,M,M,M,M,M,M,M,M,M,M,M,M,78.57,VOTV 140140Z AUTO 00000KT 2 1/2SM 25/23 A2988 RMK T02500230 IEM_DS3505,M
VOTV,2004-09-14 02:40,76.9500,8.4667,80.60,75.20,83.66,340.00,5.00,M,29.88,M,2.50,M,M,M,M,M,M,M,M,M,M,M,M,M,M,M,M,86.17,VOTV 140240Z AUTO 34005KT 2 1/2SM 27/24 A2988 RMK T02700240 IEM_DS3505,M
VOTV,2004-09-14 03:40,76.9500,8.4667,82.40,77.00,83.77,340.00,6.00,M,29.91,M,4.00,M,M,M,M,M,M,M,M,M,M,M,M,M,M,M,M,90.85,VOTV 140340Z AUTO 34006KT 4SM 28/25 A2991 RMK T02800250 IEM_DS3505,M
VOTV,2004-09-14 04:40,76.9500,8.4667,84.20,75.20,74.44,290.00,8.00,M,29.91,M,4.00,M,M,M,M,M,M,M,M,M,M,M,M,M,M,M,M,92.45,VOTV 140440Z AUTO 29008KT 4SM 29/24 A2991 RMK T02900240 IEM_DS3505,M
VOTV,2004-09-14 05:40,76.9500,8.4667,87.80,75.20,66.35,300.00,8.00,M,29.88,M,5.00,M,M,M,M,M,M,M,M,M,M,M,M,M,M,M,M,97.76,VOTV 140540Z AUTO 30008KT 5SM 31/24 A2988 RMK T03100240 IEM_DS3505,M
VOTV,2004-09-14 06:40,76.9500,8.4667,M,M,M,290.00,6.00,M,M,M,5.00,M,M,M,M,M,M,M,M,M,M,M,M,M,M,M,M,M,VOTV 140640Z AUTO 29006KT 5SM RMK IEM_DS3505,M
VOTV,2004-09-14 07:40,76.9500,8.4667,86.00,75.20,70.27,290.00,8.00,M,29.85,M,5.00,M,M,M,M,M,M,M,M,M,M,M,M,M,M,M,M,95.19,VOTV 140740Z AUTO 29008KT 5SM 30/24 A2985 RMK T03000240 IEM_DS3505,M
VOTV,2004-09-14 09:40,76.9500,8.4667,86.00,73.40,66.15,290.00,7.00,M,29.80,M,5.00,M,M,M,M,M,M,M,M,M,M,M,M,M,M,M,M,93.45,VOTV 140940Z AUTO 29007KT 5SM 30/23 A2980 RMK T03000230 IEM_DS3505,M
VOTV,2004-09-14 10:40,76.9500,8.4667,86.00,73.40,66.15,280.00,10.00,M,29.80,M,5.00,M,M,M,M,M,M,M,M,M,M,M,M,M,M,M,M,93.45,VOTV 141040Z AUTO 28010KT 5SM 30/23 A2980 RMK T03000230 IEM_DS3505,M
VOTV,2004-09-14 11:40,76.9500,8.4667,84.20,73.40,70.08,290.00,7.00,M,29.80,M,M,M,M,M,M,M,M,M,M,M,M,M,M,M,M,M,M,90.94,VOTV 141140Z AUTO 29007KT 29/23 A2980 RMK T02900230 IEM_DS3505,M
VOTV,2004-09-14 12:40,76.9500,8.4667,84.20,75.20,74.44,300.00,8.00,0.00,29.80,M,3.73,M,FEW,SCT,M,M,1500.00,25000.00,M,M,M,M,M,M,M,M,M,92.45,VOTV 141240Z 30008KT 6000 FEW015 FEW025CB(NW) SCT250 29/24 Q1009 NOSIG,M
VOTV,2004-09-14 14:40,76.9500,8.4667,80.60,77.00,88.83,290.00,6.00,M,29.85,M,2.00,M,M,M,M,M,M,M,M,M,M,M,M,M,M,M,M,87.10,VOTV 141440Z AUTO 29006KT 2SM 27/25 A2985 RMK T02700250 IEM_DS3505,M
VOTV,2004-09-15 00:40,76.9500,8.4667,77.00,75.20,94.19,20.00,3.00,M,29.83,M,2.50,M,M,M,M,M,M,M,M,M,M,M,M,M,M,M,M,78.83,VOTV 150040Z AUTO 02003KT 2 1/2SM 25/24 A2983 RMK T02500240 IEM_DS3505,M
VOTV,2004-09-15 01:40,76.9500,8.4667,78.80,75.20,88.75,330.00,4.00,M,29.83,M,2.50,M,M,M,M,M,M,M,M,M,M,M,M,M,M,M,M,82.38,VOTV 150140Z AUTO 33004KT 2 1/2SM 26/24 A2983 RMK T02600240 IEM_DS3505,M
VOTV,2004-09-15 02:40,76.9500,8.4667,80.60,75.20,83.66,340.00,4.00,M,29.85,M,2.50,M,M,M,M,M,M,M,M,M,M,M,M,M,M,M,M,86.17,VOTV 150240Z AUTO 34004KT 2 1/2SM 27/24 A2985 RMK T02700240 IEM_DS3505,M
VOTV,2004-09-15 07:40,76.9500,8.4667,M,M,M,280.00,8.00,M,M,M,4.00,M,M,M,M,M,M,M,M,M,M,M,M,M,M,M,M,M,VOTV 150740Z AUTO 28008KT 4SM RMK IEM_DS3505,M
VOTV,2004-09-15 09:40,76.9500,8.4667,86.00,75.20,70.27,300.00,6.00,M,29.77,M,M,M,M,M,M,M,M,M,M,M,M,M,M,M,M,M,M,95.19,VOTV 150940Z AUTO 30006KT 30/24 A2977 RMK T03000240 IEM_DS3505,M
VOTV,2004-09-15 10:40,76.9500,8.4667,86.00,75.20,70.27,290.00,9.00,M,29.77,M,M,M,M,M,M,M,M,M,M,M,M,M,M,M,M,M,M,95.19,VOTV 151040Z AUTO 29009KT 30/24 A2977 RMK T03000240 IEM_DS3505,M
VOTV,2004-09-15 12:40,76.9500,8.4667,82.40,75.20,78.90,300.00,5.00,M,29.77,M,2.50,M,M,M,M,M,M,M,M,M,M,M,M,M,M,M,M,89.48,VOTV 151240Z AUTO 30005KT 2 1/2SM 28/24 A2977 RMK T02800240 IEM_DS3505,M
VOTV,2004-09-15 13:40,76.9500,8.4667,M,M,M,340.00,4.00,M,M,M,2.50,M,M,M,M,M,M,M,M,M,M,M,M,M,M,M,M,M,VOTV 151340Z AUTO 34004KT 2 1/2SM RMK IEM_DS3505,M
VOTV,2004-09-15 14:40,76.9500,8.4667,M,M,M,330.00,3.00,M,M,M,2.50,M,M,M,M,M,M,M,M,M,M,M,M,M,M,M,M,M,VOTV 151440Z AUTO 33003KT 2 1/2SM RMK IEM_DS3505,M
VOTV,2004-09-15 15:40,76.9500,8.4667,82.40,75.20,78.90,0.00,0.00,M,29.83,M,2.50,M,M,M,M,M,M,M,M,M,M,M,M,M,M,M,M,89.48,VOTV 151540Z AUTO 00000KT 2 1/2SM 28/24 A2983 RMK T02800240 IEM_DS3505,M
VOTV,2004-09-16 00:40,76.9500,8.4667,M,M,M,M,M,M,M,M,2.50,M,M,M,M,M,M,M,M,M,M,M,M,M,M,M,M,M,VOTV 160040Z AUTO 2 1/2SM RMK IEM_DS3505,M
VOTV,2004-09-16 01:40,76.9500,8.4667,M,M,M,340.00,2.00,M,M,M,2.50,M,M,M,M,M,M,M,M,M,M,M,M,M,M,M,M,M,VOTV 160140Z AUTO 34002KT 2 1/2SM RMK IEM_DS3505,M
VOTV,2004-09-16 03:40,76.9500,8.4667,82.40,75.20,78.90,320.00,10.00,0.00,29.88,M,3.73,M,FEW,SCT,BKN,M,1000.00,1800.00,10000.00,M,M,M,M,M,M,M,M,89.48,VOTV 160340Z 32010KT 6000 FEW010 SCT018 BKN100 28/24 Q1012 NOSIG,M
VOTV,2004-09-16 04:40,76.9500,8.4667,82.40,77.00,83.77,330.00,6.00,M,29.88,M,4.00,M,M,M,M,M,M,M,M,M,M,M,M,M,M,M,M,90.85,VOTV 160440Z AUTO 33006KT 4SM 28/25 A2988 RMK T02800250 IEM_DS3505,M
VOTV,2004-09-16 05:40,76.9500,8.4667,84.20,75.20,74.44,270.00,8.00,M,29.85,M,4.00,M,M,M,M,M,M,M,M,M,M,M,M,M,M,M,M,92.45,VOTV 160540Z AUTO 27008KT 4SM 29/24 A2985 RMK T02900240 IEM_DS3505,M
VOTV,2004-09-16 07:40,76.9500,8.4667,86.00,77.00,74.61,290.00,10.00,M,29.80,M,4.00,M,M,M,M,M,M,M,M,M,M,M,M,M,M,M,M,97.15,VOTV 160740Z AUTO 29010KT 4SM 30/25 A2980 RMK T03000250 IEM_DS3505,M
VOTV,2004-09-16 09:40,76.9500,8.4667,M,M,M,290.00,10.00,M,M,M,4.00,20.00,M,M,M,M,M,M,M,M,M,M,M,M,M,M,M,M,VOTV 160940Z AUTO 29010G20KT 4SM RMK IEM_DS3505,M
VOTV,2004-09-16 10:40,76.9500,8.4667,M,M,M,290.00,10.00,M,M,M,4.00,20.00,M,M,M,M,M,M,M,M,M,M,M,M,M,M,M,M,VOTV 161040Z AUTO 29010G20KT 4SM RMK IEM_DS3505,M
VOTV,2004-09-16 11:40,76.9500,8.4667,M,M,M,290.00,12.00,M,M,M,4.00,M,M,M,M,M,M,M,M,M,M,M,M,M,M,M,M,M,VOTV 161140Z AUTO 29012KT 4SM RMK IEM_DS3505,M
VOTV,2004-09-16 13:40,76.9500,8.4667,80.60,75.20,83.66,310.00,8.00,M,29.83,M,4.00,M,M,M,M,M,M,M,M,M,M,M,M,M,M,M,M,86.17,VOTV 161340Z AUTO 31008KT 4SM 27/24 A2983 RMK T02700240 IEM_DS3505,M
VOTV,2004-09-16 14:40,76.9500,8.4667,80.60,73.40,78.76,320.00,8.00,M,29.83,M,2.50,M,M,M,M,M,M,M,M,M,M,M,M,M,M,M,M,85.32,VOTV 161440Z AUTO 32008KT 2 1/2SM 27/23 A2983 RMK T02700230 IEM_DS3505,M
VOTV,2004-09-16 15:40,76.9500,8.4667,80.60,75.20,83.66,340.00,5.00,M,29.85,M,2.50,M,M,M,M,M,M,M,M,M,M,M,M,M,M,M,M,86.17,VOTV 161540Z AUTO 34005KT 2 1/2SM 27/24 A2985 RMK T02700240 IEM_DS3505,M
VOTV,2004-09-16 16:40,76.9500,8.4667,80.60,75.20,83.66,330.00,3.00,M,29.85,M,2.50,M,M,M,M,M,M,M,M,M,M,M,M,M,M,M,M,86.17,VOTV 161640Z AUTO 33003KT 2 1/2SM 27/24 A2985 RMK T02700240 IEM_DS3505,M
VOTV,2004-09-17 02:40,76.9500,8.4667,80.60,73.40,78.76,340.00,8.00,M,29.83,M,2.50,M,M,M,M,M,M,M,M,M,M,M,M,M,M,M,M,85.32,VOTV 170240Z AUTO 34008KT 2 1/2SM 27/23 A2983 RMK T02700230 IEM_DS3505,M
VOTV,2004-09-17 03:40,76.9500,8.4667,84.20,77.00,79.04,320.00,9.00,0.00,29.85,M,3.73,M,FEW,SCT,M,M,2000.00,25000.00,M,M,M,M,M,M,M,M,M,94.16,VOTV 170340Z 32009KT 6000 FEW020 FEW025TCU-W SCT250 29/25 Q1011 NOSIG,M
VOTV,2004-09-17 04:40,76.9500,8.4667,M,M,M,270.00,10.00,M,M,M,4.00,M,M,M,M,M,M,M,M,M,M,M,M,M,M,M,M,M,VOTV 170440Z AUTO 27010KT 4SM RMK IEM_DS3505,M
VOTV,2004-09-17 05:40,76.9500,8.4667,86.00,75.20,70.27,280.00,11.00,M,M,M,M,M,M,M,M,M,M,M,M,M,M,M,M,M,M,M,M,95.19,VOTV 170540Z AUTO 28011KT 30/24 RMK T03000240 IEM_DS3505,M
VOTV,2004-09-17 06:40,76.9500,8.4667,M,M,M,290.00,7.00,M,M,M,4.00,17.00,M,M,M,M,M,M,M,M,M,M,M,M,M,M,M,M,VOTV 170640Z AUTO 29007G17KT 4SM RMK IEM_DS3505,M
VOTV,2004-09-17 07:40,76.9500,8.4667,87.80,77.00,70.45,300.00,10.00,M,29.83,M,M,M,M,M,M,M,M,M,M,M,M,M,M,M,M,M,M,99.92,VOTV 170740Z AUTO 30010KT 31/25 A2983 RMK T03100250 IEM_DS3505,M
VOTV,2004-09-17 08:40,76.9500,8.4667,M,M,M,270.00,7.00,M,M,M,4.00,17.00,M,M,M,M,M,M,M,M,M,M,M,M,M,M,M,M,VOTV 170840Z AUTO 27007G17KT 4SM RMK IEM_DS3505,M
VOTV,2004-09-17 09:40,76.9500,8.4667,86.00,77.00,74.61,290.00,7.00,M,29.77,M,4.00,17.00,M,M,M,M,M,M,M,M,M,M,M,M,M,M,M,97.15,VOTV 170940Z AUTO 29007G17KT 4SM 30/25 A2977 RMK T03000250 IEM_DS3505,M
VOTV,2004-09-17 10:40,76.9500,8.4667,82.40,75.20,78.90,290.00,12.00,M,29.77,M,4.00,M,M,M,M,M,M,M,M,M,M,M,M,M,M,M,M,89.48,VOTV 171040Z AUTO 29012KT 4SM 28/24 A2977 RMK T02800240 IEM_DS3505,M
VOTV,2004-09-17 12:40,76.9500,8.4667,M,M,M,300.00,10.00,M,M,M,2.50,M,M,M,M,M,M,M,M,M,M,M,M,M,M,M,M,M,VOTV 171240Z AUTO 30010KT 2 1/2SM RMK IEM_DS3505,M
VOTV,2004-09-17 13:40,76.9500,8.4667,M,M,M,300.00,10.00,M,M,M,2.50,M,M,M,M,M,M,M,M,M,M,M,M,M,M,M,M,M,VOTV 171340Z AUTO 30010KT 2 1/2SM RMK IEM_DS3505,M
VOTV,2004-09-17 14:40,76.9500,8.4667,M,M,M,330.00,5.00,M,M,M,2.50,M,M,M,M,M,M,M,M,M,M,M,M,M,M,M,M,M,VOTV 171440Z AUTO 33005KT 2 1/2SM RMK IEM_DS3505,M
VOTV,2004-09-18 00:40,76.9500,8.4667,77.00,77.00,100.00,280.00,6.00,M,29.83,M,2.00,M,M,M,M,M,M,M,M,M,M,M,M,M,M,M,M,77.00,VOTV 180040Z AUTO 28006KT 2SM 25/25 A2983 RMK T02500250 IEM_DS3505,M
VOTV,2004-09-18 01:40,76.9500,8.4667,M,M,M,320.00,3.00,M,M,M,2.00,M,M,M,M,M,M,M,M,M,M,M,M,M,M,M,M,M,VOTV 180140Z AUTO 32003KT 2SM RMK IEM_DS3505,M
VOTV,2004-09-18 03:40,76.9500,8.4667,80.60,77.00,88.83,330.00,7.00,M,29.85,M,2.50,M,M,M,M,M,M,M,M,M,M,M,M,M,M,M,M,87.10,VOTV 180340Z AUTO 33007KT 2 1/2SM 27/25 A2985 RMK T02700250 IEM_DS3505,M
VOTV,2004-09-18 05:40,76.9500,8.4667,82.40,75.20,78.90,280.00,6.00,M,29.83,M,4.00,M,M,M,M,M,M,M,M,M,M,M,M,M,M,M,M,89.48,VOTV 180540Z AUTO 28006KT 4SM 28/24 A2983 RMK T02800240 IEM_DS3505,M
VOTV,2004-09-18 06:40,76.9500,8.4667,84.20,75.20,74.44,280.00,9.00,M,29.83,M,4.00,M,M,M,M,M,M,M,M,M,M,M,M,M,M,M,M,92.45,VOTV 180640Z AUTO 28009KT 4SM 29/24 A2983 RMK T02900240 IEM_DS3505,M
VOTV,2004-09-18 09:40,76.9500,8.4667,M,M,M,280.00,8.00,M,M,M,5.00,M,M,M,M,M,M,M,M,M,M,M,M,M,M,M,M,M,VOTV 180940Z AUTO 28008KT 5SM RMK IEM_DS3505,M
VOTV,2004-09-18 10:40,76.9500,8.4667,M,M,M,280.00,5.00,M,M,M,5.00,M,M,M,M,M,M,M,M,M,M,M,M,M,M,M,M,M,VOTV 181040Z AUTO 28005KT 5SM RMK IEM_DS3505,M
VOTV,2004-09-18 11:40,76.9500,8.4667,M,M,M,280.00,8.00,M,M,M,5.00,M,M,M,M,M,M,M,M,M,M,M,M,M,M,M,M,M,VOTV 181140Z AUTO 28008KT 5SM RMK IEM_DS3505,M
VOTV,2004-09-18 13:40,76.9500,8.4667,82.40,75.20,78.90,320.00,4.00,M,29.77,M,4.00,M,M,M,M,M,M,M,M,M,M,M,M,M,M,M,M,89.48,VOTV 181340Z AUTO 32004KT 4SM 28/24 A2977 RMK T02800240 IEM_DS3505,M
VOTV,2004-09-18 14:40,76.9500,8.4667,80.60,73.40,78.76,360.00,3.00,M,29.83,M,4.00,M,M,M,M,M,M,M,M,M,M,M,M,M,M,M,M,85.32,VOTV 181440Z AUTO 36003KT 4SM 27/23 A2983 RMK T02700230 IEM_DS3505,M
VOTV,2004-09-18 15:40,76.9500,8.4667,80.60,73.40,78.76,340.00,3.00,M,29.83,M,4.00,M,M,M,M,M,M,M,M,M,M,M,M,M,M,M,M,85.32,VOTV 181540Z AUTO 34003KT 4SM 27/23 A2983 RMK T02700230 IEM_DS3505,M
VOTV,2004-09-19 00:40,76.9500,8.4667,77.00,73.40,88.67,50.00,4.00,M,29.80,M,2.50,M,M,M,M,M,M,M,M,M,M,M,M,M,M,M,M,78.57,VOTV 190040Z AUTO 05004KT 2 1/2SM 25/23 A2980 RMK T02500230 IEM_DS3505,M
VOTV,2004-09-19 01:40,76.9500,8.4667,M,M,M,50.00,4.00,M,M,M,2.50,M,M,M,M,M,M,M,M,M,M,M,M,M,M,M,M,M,VOTV 190140Z AUTO 05004KT 2 1/2SM RMK IEM_DS3505,M
VOTV,2004-09-19 03:40,76.9500,8.4667,M,M,M,310.00,5.00,M,M,M,4.00,M,M,M,M,M,M,M,M,M,M,M,M,M,M,M,M,M,VOTV 190340Z AUTO 31005KT 4SM RMK IEM_DS3505,M
VOTV,2004-09-19 04:40,76.9500,8.4667,M,M,M,260.00,6.00,M,M,M,4.00,M,M,M,M,M,M,M,M,M,M,M,M,M,M,M,M,M,VOTV 190440Z AUTO 26006KT 4SM RMK IEM_DS3505,M
VOTV,2004-09-19 05:40,76.9500,8.4667,86.00,75.20,70.27,250.00,6.00,M,29.83,M,5.00,M,M,M,M,M,M,M,M,M,M,M,M,M,M,M,M,95.19,VOTV 190540Z AUTO 25006KT 5SM 30/24 A2983 RMK T03000240 IEM_DS3505,M
VOTV,2004-09-19 06:40,76.9500,8.4667,M,M,M,280.00,8.00,M,M,M,5.00,M,M,M,M,M,M,M,M,M,M,M,M,M,M,M,M,M,VOTV 190640Z AUTO 28008KT 5SM RMK IEM_DS3505,M
VOTV,2004-09-19 07:40,76.9500,8.4667,M,M,M,290.00,6.00,M,M,M,5.00,M,M,M,M,M,M,M,M,M,M,M,M,M,M,M,M,M,VOTV 190740Z AUTO 29006KT 5SM RMK IEM_DS3505,M
VOTV,2004-09-19 08:40,76.9500,8.4667,M,M,M,240.00,8.00,M,M,M,5.00,M,M,M,M,M,M,M,M,M,M,M,M,M,M,M,M,M,VOTV 190840Z AUTO 24008KT 5SM RMK IEM_DS3505,M
VOTV,2004-09-19 09:40,76.9500,8.4667,87.80,73.40,62.47,280.00,8.00,M,29.74,M,5.00,M,M,M,M,M,M,M,M,M,M,M,M,M,M,M,M,95.86,VOTV 190940Z AUTO 28008KT 5SM 31/23 A2974 RMK T03100230 IEM_DS3505,M
VOTV,2004-09-19 10:40,76.9500,8.4667,86.00,73.40,66.15,270.00,10.00,M,29.74,M,5.00,M,M,M,M,M,M,M,M,M,M,M,M,M,M,M,M,93.45,VOTV 191040Z AUTO 27010KT 5SM 30/23 A2974 RMK T03000230 IEM_DS3505,M
VOTV,2004-09-19 11:40,76.9500,8.4667,M,M,M,270.00,6.00,M,M,M,5.00,M,M,M,M,M,M,M,M,M,M,M,M,M,M,M,M,M,VOTV 191140Z AUTO 27006KT 5SM RMK IEM_DS3505,M
VOTV,2004-09-19 12:40,76.9500,8.4667,M,M,M,270.00,8.00,M,M,M,4.00,M,M,M,M,M,M,M,M,M,M,M,M,M,M,M,M,M,VOTV 191240Z AUTO 27008KT 4SM RMK IEM_DS3505,M
VOTV,2004-09-19 14:40,76.9500,8.4667,M,M,M,270.00,5.00,M,M,M,2.50,M,M,M,M,M,M,M,M,M,M,M,M,M,M,M,M,M,VOTV 191440Z AUTO 27005KT 2 1/2SM RMK IEM_DS3505,M
VOTV,2004-09-19 15:40,76.9500,8.4667,M,M,M,270.00,4.00,M,M,M,2.50,M,M,M,M,M,M,M,M,M,M,M,M,M,M,M,M,M,VOTV 191540Z AUTO 27004KT 2 1/2SM RMK IEM_DS3505,M
VOTV,2004-09-20 00:40,76.9500,8.4667,M,M,M,50.00,2.00,M,M,M,2.00,M,M,M,M,M,M,M,M,M,M,M,M,M,M,M,M,M,VOTV 200040Z AUTO 05002KT 2SM RMK IEM_DS3505,M
VOTV,2004-09-20 03:40,76.9500,8.4667,80.60,75.20,83.66,340.00,6.00,M,29.83,M,4.00,M,M,M,M,M,M,M,M,M,M,M,M,M,M,M,M,86.17,VOTV 200340Z AUTO 34006KT 4SM 27/24 A2983 RMK T02700240 IEM_DS3505,M
VOTV,2004-09-20 05:40,76.9500,8.4667,82.40,73.40,74.28,320.00,5.00,M,29.83,M,4.00,M,M,M,M,M,M,M,M,M,M,M,M,M,M,M,M,88.26,VOTV 200540Z AUTO 32005KT 4SM 28/23 A2983 RMK T02800230 IEM_DS3505,M
VOTV,2004-09-20 07:40,76.9500,8.4667,84.20,73.40,70.08,280.00,8.00,M,29.77,M,M,M,M,M,M,M,M,M,M,M,M,M,M,M,M,M,M,90.94,VOTV 200740Z AUTO 28008KT 29/23 A2977 RMK T02900230 IEM_DS3505,M
VOTV,2004-09-20 09:40,76.9500,8.4667,86.00,75.20,70.27,290.00,8.00,M,29.74,M,M,M,M,M,M,M,M,M,M,M,M,M,M,M,M,M,M,95.19,VOTV 200940Z AUTO 29008KT 30/24 A2974 RMK T03000240 IEM_DS3505,M
VOTV,2004-09-20 10:40,76.9500,8.4667,84.20,75.20,74.44,290.00,9.00,0.00,29.74,M,3.73,M,FEW,FEW,BKN,M,1500.00,2500.00,10000.00,M,M,M,M,M,M,M,M,92.45,VOTV 201040Z 29009KT 6000 FEW015 FEW025CB BKN100 29/24 Q1007 NOSIG,M
VOTV,2004-09-20 11:40,76.9500,8.4667,84.20,75.20,74.44,300.00,7.00,M,29.74,M,4.00,M,M,M,M,M,M,M,M,M,M,M,M,M,M,M,M,92.45,VOTV 201140Z AUTO 30007KT 4SM 29/24 A2974 RMK T02900240 IEM_DS3505,M
VOTV,2004-09-20 13:40,76.9500,8.4667,M,M,M,320.00,6.00,M,M,M,4.00,M,M,M,M,M,M,M,M,M,M,M,M,M,M,M,M,M,VOTV 201340Z AUTO 32006KT 4SM RMK IEM_DS3505,M
VOTV,2004-09-20 15:40,76.9500,8.4667,M,M,M,340.00,3.00,M,M,M,4.00,M,M,M,M,M,M,M,M,M,M,M,M,M,M,M,M,M,VOTV 201540Z AUTO 34003KT 4SM RMK IEM_DS3505,M
VOTV,2004-09-20 21:40,76.9500,8.4667,M,M,M,340.00,3.00,M,M,M,2.50,M,M,M,M,M,M,M,M,M,M,M,M,M,M,M,M,M,VOTV 202140Z AUTO 34003KT 2 1/2SM RMK IEM_DS3505,M
VOTV,2004-09-21 00:40,76.9500,8.4667,78.80,75.20,88.75,40.00,2.00,M,29.80,M,2.50,M,M,M,M,M,M,M,M,M,M,M,M,M,M,M,M,82.38,VOTV 210040Z AUTO 04002KT 2 1/2SM 26/24 A2980 RMK T02600240 IEM_DS3505,M
VOTV,2004-09-21 01:40,76.9500,8.4667,M,M,M,10.00,3.00,M,M,M,2.50,M,M,M,M,M,M,M,M,M,M,M,M,M,M,M,M,M,VOTV 210140Z AUTO 01003KT 2 1/2SM RMK IEM_DS3505,M
VOTV,2004-09-21 03:40,76.9500,8.4667,84.20,75.20,74.44,310.00,8.00,M,29.85,M,4.00,M,M,M,M,M,M,M,M,M,M,M,M,M,M,M,M,92.45,VOTV 210340Z AUTO 31008KT 4SM 29/24 A2985 RMK T02900240 IEM_DS3505,M
VOTV,2004-09-21 04:40,76.9500,8.4667,84.20,75.20,74.44,290.00,8.00,M,29.85,M,4.00,M,M,M,M,M,M,M,M,M,M,M,M,M,M,M,M,92.45,VOTV 210440Z AUTO 29008KT 4SM 29/24 A2985 RMK T02900240 IEM_DS3505,M
VOTV,2004-09-21 06:40,76.9500,8.4667,86.00,75.20,70.27,228.00,12.00,M,29.83,M,M,M,M,M,M,M,M,M,M,M,M,M,M,M,M,M,M,95.19,VOTV 210640Z AUTO 22812KT 30/24 A2983 RMK T03000240 IEM_DS3505,M
VOTV,2004-09-21 09:40,76.9500,8.4667,M,M,M,290.00,9.00,M,M,M,4.00,M,M,M,M,M,M,M,M,M,M,M,M,M,M,M,M,M,VOTV 210940Z AUTO 29009KT 4SM RMK IEM_DS3505,M
VOTV,2004-09-21 13:40,76.9500,8.4667,82.40,75.20,78.90,290.00,5.00,M,29.77,M,2.50,M,M,M,M,M,M,M,M,M,M,M,M,M,M,M,M,89.48,VOTV 211340Z AUTO 29005KT 2 1/2SM 28/24 A2977 RMK T02800240 IEM_DS3505,M
VOTV,2004-09-21 14:40,76.9500,8.4667,82.40,75.20,78.90,300.00,4.00,M,29.80,M,2.50,M,M,M,M,M,M,M,M,M,M,M,M,M,M,M,M,89.48,VOTV 211440Z AUTO 30004KT 2 1/2SM 28/24 A2980 RMK T02800240 IEM_DS3505,M
VOTV,2004-09-21 15:40,76.9500,8.4667,80.60,75.20,83.66,350.00,3.00,M,29.83,M,2.50,M,M,M,M,M,M,M,M,M,M,M,M,M,M,M,M,86.17,VOTV 211540Z AUTO 35003KT 2 1/2SM 27/24 A2983 RMK T02700240 IEM_DS3505,M
VOTV,2004-09-21 23:40,76.9500,8.4667,78.80,75.20,88.75,350.00,2.00,M,29.77,M,2.50,M,M,M,M,M,M,M,M,M,M,M,M,M,M,M,M,82.38,VOTV 212340Z AUTO 35002KT 2 1/2SM 26/24 A2977 RMK T02600240 IEM_DS3505,M
VOTV,2004-09-22 01:40,76.9500,8.4667,80.60,75.20,83.66,10.00,4.00,M,29.80,M,2.50,M,M,M,M,M,M,M,M,M,M,M,M,M,M,M,M,86.17,VOTV 220140Z AUTO 01004KT 2 1/2SM 27/24 A2980 RMK T02700240 IEM_DS3505,M
VOTV,2004-09-22 03:40,76.9500,8.4667,86.00,75.20,70.27,320.00,8.00,M,29.83,M,M,M,M,M,M,M,M,M,M,M,M,M,M,M,M,M,M,95.19,VOTV 220340Z AUTO 32008KT 30/24 A2983 RMK T03000240 IEM_DS3505,M
VOTV,2004-09-22 04:40,76.9500,8.4667,M,M,M,290.00,9.00,M,M,M,5.00,M,M,M,M,M,M,M,M,M,M,M,M,M,M,M,M,M,VOTV 220440Z AUTO 29009KT 5SM RMK IEM_DS3505,M
VOTV,2004-09-22 08:40,76.9500,8.4667,87.80,73.40,62.47,290.00,10.00,M,29.74,M,5.00,M,M,M,M,M,M,M,M,M,M,M,M,M,M,M,M,95.86,VOTV 220840Z AUTO 29010KT 5SM 31/23 A2974 RMK T03100230 IEM_DS3505,M
VOTV,2004-09-22 09:40,76.9500,8.4667,87.80,73.40,62.47,300.00,9.00,M,29.74,M,5.00,M,M,M,M,M,M,M,M,M,M,M,M,M,M,M,M,95.86,VOTV 220940Z AUTO 30009KT 5SM 31/23 A2974 RMK T03100230 IEM_DS3505,M
VOTV,2004-09-22 10:40,76.9500,8.4667,86.00,73.40,66.15,300.00,12.00,M,29.74,M,5.00,M,M,M,M,M,M,M,M,M,M,M,M,M,M,M,M,93.45,VOTV 221040Z AUTO 30012KT 5SM 30/23 A2974 RMK T03000230 IEM_DS3505,M
VOTV,2004-09-22 11:40,76.9500,8.4667,M,M,M,290.00,8.00,M,M,M,5.00,M,M,M,M,M,M,M,M,M,M,M,M,M,M,M,M,M,VOTV 221140Z AUTO 29008KT 5SM RMK IEM_DS3505,M
VOTV,2004-09-22 12:40,76.9500,8.4667,84.20,75.20,74.44,310.00,6.00,M,29.74,M,4.00,M,M,M,M,M,M,M,M,M,M,M,M,M,M,M,M,92.45,VOTV 221240Z AUTO 31006KT 4SM 29/24 A2974 RMK T02900240 IEM_DS3505,M
VOTV,2004-09-22 16:40,76.9500,8.4667,M,M,M,340.00,2.00,M,M,M,2.50,M,M,M,M,M,M,M,M,M,M,M,M,M,M,M,M,M,VOTV 221640Z AUTO 34002KT 2 1/2SM RMK IEM_DS3505,M
VOTV,2004-09-23 01:40,76.9500,8.4667,80.60,75.20,83.66,0.00,0.00,M,29.77,M,2.00,M,M,M,M,M,M,M,M,M,M,M,M,M,M,M,M,86.17,VOTV 230140Z AUTO 00000KT 2SM 27/24 A2977 RMK T02700240 IEM_DS3505,M
VOTV,2004-09-23 02:40,76.9500,8.4667,82.40,75.20,78.90,360.00,4.00,M,29.80,M,2.50,M,M,M,M,M,M,M,M,M,M,M,M,M,M,M,M,89.48,VOTV 230240Z AUTO 36004KT 2 1/2SM 28/24 A2980 RMK T02800240 IEM_DS3505,M
VOTV,2004-09-23 04:40,76.9500,8.4667,87.80,75.20,66.35,250.00,7.00,M,29.83,M,M,M,M,M,M,M,M,M,M,M,M,M,M,M,M,M,M,97.76,VOTV 230440Z AUTO 25007KT 31/24 A2983 RMK T03100240 IEM_DS3505,M
VOTV,2004-09-23 05:40,76.9500,8.4667,86.00,75.20,70.27,320.00,4.00,M,29.83,M,M,M,M,M,M,M,M,M,M,M,M,M,M,M,M,M,M,95.19,VOTV 230540Z AUTO 32004KT 30/24 A2983 RMK T03000240 IEM_DS3505,M
VOTV,2004-09-23 06:40,76.9500,8.4667,86.00,75.20,70.27,270.00,5.00,M,29.80,M,M,M,M,M,M,M,M,M,M,M,M,M,M,M,M,M,M,95.19,VOTV 230640Z AUTO 27005KT 30/24 A2980 RMK T03000240 IEM_DS3505,M
VOTV,2004-09-23 09:40,76.9500,8.4667,87.80,73.40,62.47,280.00,8.00,M,29.71,M,5.00,M,M,M,M,M,M,M,M,M,M,M,M,M,M,M,M,95.86,VOTV 230940Z AUTO 28008KT 5SM 31/23 A2971 RMK T03100230 IEM_DS3505,M
VOTV,2004-09-23 12:40,76.9500,8.4667,M,M,M,320.00,4.00,M,M,M,2.50,M,M,M,M,M,M,M,M,M,M,M,M,M,M,M,M,M,VOTV 231240Z AUTO 32004KT 2 1/2SM RMK IEM_DS3505,M
VOTV,2004-09-23 13:40,76.9500,8.4667,M,M,M,320.00,4.00,M,M,M,2.50,M,M,M,M,M,M,M,M,M,M,M,M,M,M,M,M,M,VOTV 231340Z AUTO 32004KT 2 1/2SM RMK IEM_DS3505,M
VOTV,2004-09-23 14:40,76.9500,8.4667,M,M,M,40.00,2.00,M,M,M,2.50,M,M,M,M,M,M,M,M,M,M,M,M,M,M,M,M,M,VOTV 231440Z AUTO 04002KT 2 1/2SM RMK IEM_DS3505,M
VOTV,2004-09-23 16:40,76.9500,8.4667,M,M,M,80.00,2.00,M,M,M,2.50,M,M,M,M,M,M,M,M,M,M,M,M,M,M,M,M,M,VOTV 231640Z AUTO 08002KT 2 1/2SM RMK IEM_DS3505,M
VOTV,2004-09-23 17:40,76.9500,8.4667,M,M,M,310.00,2.00,M,M,M,2.50,M,M,M,M,M,M,M,M,M,M,M,M,M,M,M,M,M,VOTV 231740Z AUTO 31002KT 2 1/2SM RMK IEM_DS3505,M
VOTV,2004-09-24 00:40,76.9500,8.4667,M,M,M,0.00,0.00,M,M,M,2.50,M,M,M,M,M,M,M,M,M,M,M,M,M,M,M,M,M,VOTV 240040Z AUTO 00000KT 2 1/2SM RMK IEM_DS3505,M
VOTV,2004-09-24 07:40,76.9500,8.4667,84.20,73.40,70.08,270.00,5.00,M,29.71,M,M,M,M,M,M,M,M,M,M,M,M,M,M,M,M,M,M,90.94,VOTV 240740Z AUTO 27005KT 29/23 A2971 RMK T02900230 IEM_DS3505,M
VOTV,2004-09-24 08:40,76.9500,8.4667,M,M,M,270.00,8.00,M,M,M,4.00,M,M,M,M,M,M,M,M,M,M,M,M,M,M,M,M,M,VOTV 240840Z AUTO 27008KT 4SM RMK IEM_DS3505,M
VOTV,2004-09-24 09:40,76.9500,8.4667,M,M,M,260.00,10.00,M,M,M,4.00,M,M,M,M,M,M,M,M,M,M,M,M,M,M,M,M,M,VOTV 240940Z AUTO 26010KT 4SM RMK IEM_DS3505,M
VOTV,2004-09-24 10:40,76.9500,8.4667,M,M,M,260.00,8.00,M,M,M,4.00,M,M,M,M,M,M,M,M,M,M,M,M,M,M,M,M,M,VOTV 241040Z AUTO 26008KT 4SM RMK IEM_DS3505,M
VOTV,2004-09-24 12:40,76.9500,8.4667,M,M,M,260.00,3.00,M,M,M,2.50,M,M,M,M,M,M,M,M,M,M,M,M,M,M,M,M,M,VOTV 241240Z AUTO 26003KT 2 1/2SM RMK IEM_DS3505,M
VOTV,2004-09-24 13:40,76.9500,8.4667,M,M,M,10.00,3.00,M,M,M,2.50,M,M,M,M,M,M,M,M,M,M,M,M,M,M,M,M,M,VOTV 241340Z AUTO 01003KT 2 1/2SM RMK IEM_DS3505,M
VOTV,2004-09-24 14:40,76.9500,8.4667,M,M,M,10.00,3.00,M,M,M,2.50,M,M,M,M,M,M,M,M,M,M,M,M,M,M,M,M,M,VOTV 241440Z AUTO 01003KT 2 1/2SM RMK IEM_DS3505,M
VOTV,2004-09-24 15:40,76.9500,8.4667,82.40,75.20,78.90,0.00,0.00,M,29.80,M,2.50,M,M,M,M,M,M,M,M,M,M,M,M,M,M,M,M,89.48,VOTV 241540Z AUTO 00000KT 2 1/2SM 28/24 A2980 RMK T02800240 IEM_DS3505,M
VOTV,2004-09-24 16:40,76.9500,8.4667,M,M,M,0.00,0.00,M,M,M,2.50,M,M,M,M,M,M,M,M,M,M,M,M,M,M,M,M,M,VOTV 241640Z AUTO 00000KT 2 1/2SM RMK IEM_DS3505,M
VOTV,2004-09-24 23:40,76.9500,8.4667,M,M,M,M,M,M,M,M,2.50,M,M,M,M,M,M,M,M,M,M,M,M,M,M,M,M,M,VOTV 242340Z AUTO 2 1/2SM RMK IEM_DS3505,M
VOTV,2004-09-25 00:40,76.9500,8.4667,M,M,M,M,M,M,M,M,2.50,M,M,M,M,M,M,M,M,M,M,M,M,M,M,M,M,M,VOTV 250040Z AUTO 2 1/2SM RMK IEM_DS3505,M
VOTV,2004-09-25 01:40,76.9500,8.4667,M,M,M,M,M,M,M,M,2.50,M,M,M,M,M,M,M,M,M,M,M,M,M,M,M,M,M,VOTV 250140Z AUTO 2 1/2SM RMK IEM_DS3505,M
VOTV,2004-09-25 02:40,76.9500,8.4667,80.60,75.20,83.66,M,M,M,29.80,M,2.00,M,M,M,M,M,M,M,M,M,M,M,M,M,M,M,M,86.17,VOTV 250240Z AUTO 2SM 27/24 A2980 RMK T02700240 IEM_DS3505,M
VOTV,2004-09-25 03:40,76.9500,8.4667,80.60,75.20,83.66,M,M,M,29.80,M,2.00,M,M,M,M,M,M,M,M,M,M,M,M,M,M,M,M,86.17,VOTV 250340Z AUTO 2SM 27/24 A2980 RMK T02700240 IEM_DS3505,M
VOTV,2004-09-25 04:40,76.9500,8.4667,82.40,75.20,78.90,0.00,0.00,M,29.83,M,2.00,M,M,M,M,M,M,M,M,M,M,M,M,M,M,M,M,89.48,VOTV 250440Z AUTO 00000KT 2SM 28/24 A2983 RMK T02800240 IEM_DS3505,M
VOTV,2004-09-25 06:40,76.9500,8.4667,87.80,77.00,70.45,240.00,3.00,M,29.80,M,M,M,M,M,M,M,M,M,M,M,M,M,M,M,M,M,M,99.92,VOTV 250640Z AUTO 24003KT 31/25 A2980 RMK T03100250 IEM_DS3505,M
VOTV,2004-09-25 07:40,76.9500,8.4667,86.00,75.20,70.27,230.00,5.00,M,29.77,M,M,M,M,M,M,M,M,M,M,M,M,M,M,M,M,M,M,95.19,VOTV 250740Z AUTO 23005KT 30/24 A2977 RMK T03000240 IEM_DS3505,M
VOTV,2004-09-25 08:40,76.9500,8.4667,M,M,M,M,M,M,M,M,4.00,M,M,M,M,M,M,M,M,M,M,M,M,M,M,M,M,M,VOTV 250840Z AUTO 4SM RMK IEM_DS3505,M
VOTV,2004-09-25 09:40,76.9500,8.4667,M,M,M,230.00,2.00,M,M,M,4.00,M,M,M,M,M,M,M,M,M,M,M,M,M,M,M,M,M,VOTV 250940Z AUTO 23002KT 4SM RMK IEM_DS3505,M
VOTV,2004-09-25 10:40,76.9500,8.4667,M,M,M,260.00,2.00,M,M,M,2.50,M,M,M,M,M,M,M,M,M,M,M,M,M,M,M,M,M,VOTV 251040Z AUTO 26002KT 2 1/2SM RMK IEM_DS3505,M
VOTV,2004-09-25 11:40,76.9500,8.4667,M,M,M,M,M,M,M,M,3.00,M,M,M,M,M,M,M,M,M,M,M,M,M,M,M,M,M,VOTV 251140Z AUTO 3SM RMK IEM_DS3505,M
VOTV,2004-09-25 12:40,76.9500,8.4667,M,M,M,180.00,2.00,M,M,M,2.50,M,M,M,M,M,M,M,M,M,M,M,M,M,M,M,M,M,VOTV 251240Z AUTO 18002KT 2 1/2SM RMK IEM_DS3505,M
VOTV,2004-09-25 13:40,76.9500,8.4667,M,M,M,100.00,3.00,M,M,M,2.50,M,M,M,M,M,M,M,M,M,M,M,M,M,M,M,M,M,VOTV 251340Z AUTO 10003KT 2 1/2SM RMK IEM_DS3505,M
VOTV,2004-09-25 14:40,76.9500,8.4667,M,M,M,60.00,3.00,M,M,M,2.50,M,M,M,M,M,M,M,M,M,M,M,M,M,M,M,M,M,VOTV 251440Z AUTO 06003KT 2 1/2SM RMK IEM_DS3505,M
VOTV,2004-09-25 16:40,76.9500,8.4667,M,M,M,70.00,3.00,M,M,M,2.50,M,M,M,M,M,M,M,M,M,M,M,M,M,M,M,M,M,VOTV 251640Z AUTO 07003KT 2 1/2SM RMK IEM_DS3505,M
VOTV,2004-09-25 17:40,76.9500,8.4667,M,M,M,70.00,3.00,M,M,M,2.50,M,M,M,M,M,M,M,M,M,M,M,M,M,M,M,M,M,VOTV 251740Z AUTO 07003KT 2 1/2SM RMK IEM_DS3505,M
VOTV,2004-09-25 23:40,76.9500,8.4667,M,M,M,60.00,2.00,M,M,M,2.50,M,M,M,M,M,M,M,M,M,M,M,M,M,M,M,M,M,VOTV 252340Z AUTO 06002KT 2 1/2SM RMK IEM_DS3505,M
VOTV,2004-09-26 01:40,76.9500,8.4667,M,M,M,M,M,M,M,M,2.50,M,M,M,M,M,M,M,M,M,M,M,M,M,M,M,M,M,VOTV 260140Z AUTO 2 1/2SM RMK IEM_DS3505,M
VOTV,2004-09-26 02:40,76.9500,8.4667,80.60,73.40,78.76,M,M,M,29.80,M,4.00,M,M,M,M,M,M,M,M,M,M,M,M,M,M,M,M,85.32,VOTV 260240Z AUTO 4SM 27/23 A2980 RMK T02700230 IEM_DS3505,M
VOTV,2004-09-26 05:40,76.9500,8.4667,84.20,75.20,74.44,M,M,M,29.83,M,4.00,M,M,M,M,M,M,M,M,M,M,M,M,M,M,M,M,92.45,VOTV 260540Z AUTO 4SM 29/24 A2983 RMK T02900240 IEM_DS3505,M
VOTV,2004-09-26 06:40,76.9500,8.4667,86.00,75.20,70.27,M,M,M,29.80,M,M,M,M,M,M,M,M,M,M,M,M,M,M,M,M,M,M,95.19,VOTV 260640Z AUTO 30/24 A2980 RMK T03000240 IEM_DS3505,M
VOTV,2004-09-26 07:40,76.9500,8.4667,84.20,75.20,74.44,M,M,M,29.77,M,4.00,M,M,M,M,M,M,M,M,M,M,M,M,M,M,M,M,92.45,VOTV 260740Z AUTO 4SM 29/24 A2977 RMK T02900240 IEM_DS3505,M
VOTV,2004-09-26 08:40,76.9500,8.4667,M,M,M,200.00,4.00,M,M,M,4.00,M,M,M,M,M,M,M,M,M,M,M,M,M,M,M,M,M,VOTV 260840Z AUTO 20004KT 4SM RMK IEM_DS3505,M
VOTV,2004-09-26 09:40,76.9500,8.4667,M,M,M,200.00,3.00,M,M,M,4.00,M,M,M,M,M,M,M,M,M,M,M,M,M,M,M,M,M,VOTV 260940Z AUTO 20003KT 4SM RMK IEM_DS3505,M
VOTV,2004-09-26 10:40,76.9500,8.4667,M,M,M,M,M,M,M,M,4.00,M,M,M,M,M,M,M,M,M,M,M,M,M,M,M,M,M,VOTV 261040Z AUTO 4SM RMK IEM_DS3505,M
VOTV,2004-09-26 11:40,76.9500,8.4667,M,M,M,M,M,M,M,M,4.00,M,M,M,M,M,M,M,M,M,M,M,M,M,M,M,M,M,VOTV 261140Z AUTO 4SM RMK IEM_DS3505,M
VOTV,2004-09-26 13:40,76.9500,8.4667,M,M,M,M,M,M,M,M,1.25,M,M,M,M,M,M,M,M,M,M,M,M,M,M,M,M,M,VOTV 261340Z AUTO 1 1/4SM RMK IEM_DS3505,M
VOTV,2004-09-26 14:40,76.9500,8.4667,M,M,M,M,M,M,M,M,1.25,M,M,M,M,M,M,M,M,M,M,M,M,M,M,M,M,M,VOTV 261440Z AUTO 1 1/4SM RMK IEM_DS3505,M
VOTV,2004-09-26 15:40,76.9500,8.4667,M,M,M,M,M,M,M,M,1.25,M,M,M,M,M,M,M,M,M,M,M,M,M,M,M,M,M,VOTV 261540Z AUTO 1 1/4SM RMK IEM_DS3505,M
VOTV,2004-09-26 16:40,76.9500,8.4667,M,M,M,90.00,6.00,M,M,M,1.25,M,M,M,M,M,M,M,M,M,M,M,M,M,M,M,M,M,VOTV 261640Z AUTO 09006KT 1 1/4SM RMK IEM_DS3505,M
VOTV,2004-09-26 17:40,76.9500,8.4667,M,M,M,90.00,6.00,M,M,M,1.25,M,M,M,M,M,M,M,M,M,M,M,M,M,M,M,M,M,VOTV 261740Z AUTO 09006KT 1 1/4SM RMK IEM_DS3505,M
VOTV,2004-09-26 23:40,76.9500,8.4667,M,M,M,M,M,M,M,M,2.00,M,M,M,M,M,M,M,M,M,M,M,M,M,M,M,M,M,VOTV 262340Z AUTO 2SM RMK IEM_DS3505,M
VOTV,2004-09-27 00:40,76.9500,8.4667,M,M,M,M,M,M,M,M,2.00,M,M,M,M,M,M,M,M,M,M,M,M,M,M,M,M,M,VOTV 270040Z AUTO 2SM RMK IEM_DS3505,M
VOTV,2004-09-27 01:40,76.9500,8.4667,M,M,M,M,M,M,M,M,2.00,M,M,M,M,M,M,M,M,M,M,M,M,M,M,M,M,M,VOTV 270140Z AUTO 2SM RMK IEM_DS3505,M
VOTV,2004-09-27 02:40,76.9500,8.4667,M,M,M,M,M,M,M,M,2.00,M,M,M,M,M,M,M,M,M,M,M,M,M,M,M,M,M,VOTV 270240Z AUTO 2SM RMK IEM_DS3505,M
VOTV,2004-09-27 03:40,76.9500,8.4667,M,M,M,0.00,0.00,M,M,M,2.00,M,M,M,M,M,M,M,M,M,M,M,M,M,M,M,M,M,VOTV 270340Z AUTO 00000KT 2SM RMK IEM_DS3505,M
VOTV,2004-09-27 05:40,76.9500,8.4667,M,M,M,0.00,0.00,M,M,M,3.00,M,M,M,M,M,M,M,M,M,M,M,M,M,M,M,M,M,VOTV 270540Z AUTO 00000KT 3SM RMK IEM_DS3505,M
VOTV,2004-09-27 06:40,76.9500,8.4667,M,M,M,M,M,M,M,M,2.00,M,M,M,M,M,M,M,M,M,M,M,M,M,M,M,M,M,VOTV 270640Z AUTO 2SM RMK IEM_DS3505,M
VOTV,2004-09-27 07:40,76.9500,8.4667,80.60,77.00,88.83,240.00,5.00,M,29.80,M,3.00,M,M,M,M,M,M,M,M,M,M,M,M,M,M,M,M,87.10,VOTV 270740Z AUTO 24005KT 3SM 27/25 A2980 RMK T02700250 IEM_DS3505,M
VOTV,2004-09-27 08:40,76.9500,8.4667,M,M,M,0.00,0.00,M,M,M,2.50,M,M,M,M,M,M,M,M,M,M,M,M,M,M,M,M,M,VOTV 270840Z AUTO 00000KT 2 1/2SM RMK IEM_DS3505,M
VOTV,2004-09-27 09:40,76.9500,8.4667,78.80,77.00,94.23,0.00,0.00,M,29.74,M,2.50,M,M,M,M,M,M,M,M,M,M,M,M,M,M,M,M,82.75,VOTV 270940Z AUTO 00000KT 2 1/2SM 26/25 A2974 RMK T02600250 IEM_DS3505,M
VOTV,2004-09-27 10:40,76.9500,8.4667,78.80,77.00,94.23,M,M,M,29.74,M,3.00,M,M,M,M,M,M,M,M,M,M,M,M,M,M,M,M,78.80,VOTV 271040Z AUTO 3SM 26/25 A2974 RMK T02600250 IEM_DS3505,M
VOTV,2004-09-27 11:40,76.9500,8.4667,78.80,77.00,94.23,60.00,5.00,M,29.74,M,3.00,M,M,M,M,M,M,M,M,M,M,M,M,M,M,M,M,82.75,VOTV 271140Z AUTO 06005KT 3SM 26/25 A2974 RMK T02600250 IEM_DS3505,M
VOTV,2004-09-27 12:40,76.9500,8.4667,77.00,75.20,94.19,0.00,0.00,M,29.74,M,3.00,M,M,M,M,M,M,M,M,M,M,M,M,M,M,M,M,78.83,VOTV 271240Z AUTO 00000KT 3SM 25/24 A2974 RMK T02500240 IEM_DS3505,M
VOTV,2004-09-27 13:40,76.9500,8.4667,77.00,75.20,94.19,0.00,0.00,M,29.77,M,3.00,M,M,M,M,M,M,M,M,M,M,M,M,M,M,M,M,78.83,VOTV 271340Z AUTO 00000KT 3SM 25/24 A2977 RMK T02500240 IEM_DS3505,M
VOTV,2004-09-27 14:40,76.9500,8.4667,77.00,75.20,94.19,0.00,0.00,M,29.80,M,3.00,M,M,M,M,M,M,M,M,M,M,M,M,M,M,M,M,78.83,VOTV 271440Z AUTO 00000KT 3SM 25/24 A2980 RMK T02500240 IEM_DS3505,M
VOTV,2004-09-27 15:40,76.9500,8.4667,77.00,75.20,94.19,80.00,3.00,M,29.80,M,3.00,M,M,M,M,M,M,M,M,M,M,M,M,M,M,M,M,78.83,VOTV 271540Z AUTO 08003KT 3SM 25/24 A2980 RMK T02500240 IEM_DS3505,M
VOTV,2004-09-27 21:40,76.9500,8.4667,M,M,M,0.00,0.00,M,M,M,3.00,M,M,M,M,M,M,M,M,M,M,M,M,M,M,M,M,M,VOTV 272140Z AUTO 00000KT 3SM RMK IEM_DS3505,M
VOTV,2004-09-27 23:40,76.9500,8.4667,77.00,75.20,94.19,0.00,0.00,M,29.74,M,3.00,M,M,M,M,M,M,M,M,M,M,M,M,M,M,M,M,78.83,VOTV 272340Z AUTO 00000KT 3SM 25/24 A2974 RMK T02500240 IEM_DS3505,M
VOTV,2004-09-28 00:40,76.9500,8.4667,75.20,75.20,100.00,0.00,0.00,M,29.77,M,2.50,M,M,M,M,M,M,M,M,M,M,M,M,M,M,M,M,77.12,VOTV 280040Z AUTO 00000KT 2 1/2SM 24/24 A2977 RMK T02400240 IEM_DS3505,M
VOTV,2004-09-28 01:40,76.9500,8.4667,77.00,75.20,94.19,0.00,0.00,M,29.77,M,2.50,M,M,M,M,M,M,M,M,M,M,M,M,M,M,M,M,78.83,VOTV 280140Z AUTO 00000KT 2 1/2SM 25/24 A2977 RMK T02500240 IEM_DS3505,M
VOTV,2004-09-28 02:40,76.9500,8.4667,M,M,M,0.00,0.00,M,M,M,2.50,M,M,M,M,M,M,M,M,M,M,M,M,M,M,M,M,M,VOTV 280240Z AUTO 00000KT 2 1/2SM RMK IEM_DS3505,M
VOTV,2004-09-28 04:40,76.9500,8.4667,M,M,M,50.00,5.00,M,M,M,2.00,M,M,M,M,M,M,M,M,M,M,M,M,M,M,M,M,M,VOTV 280440Z AUTO 05005KT 2SM RMK IEM_DS3505,M
VOTV,2004-09-28 05:40,76.9500,8.4667,M,M,M,310.00,34.00,M,M,M,3.00,M,M,M,M,M,M,M,M,M,M,M,M,M,M,M,M,M,VOTV 280540Z AUTO 31034KT 3SM RMK IEM_DS3505,M
VOTV,2004-09-28 06:40,76.9500,8.4667,84.20,73.40,70.08,240.00,4.00,M,29.80,M,7.00,M,M,M,M,M,M,M,M,M,M,M,M,M,M,M,M,90.94,VOTV 280640Z AUTO 24004KT 7SM 29/23 A2980 RMK T02900230 IEM_DS3505,M
VOTV,2004-09-28 07:40,76.9500,8.4667,84.20,75.20,74.44,270.00,5.00,M,29.77,M,7.00,M,M,M,M,M,M,M,M,M,M,M,M,M,M,M,M,92.45,VOTV 280740Z AUTO 27005KT 7SM 29/24 A2977 RMK T02900240 IEM_DS3505,M
VOTV,2004-09-28 08:40,76.9500,8.4667,86.00,75.20,70.27,320.00,4.00,M,29.74,M,7.00,M,M,M,M,M,M,M,M,M,M,M,M,M,M,M,M,95.19,VOTV 280840Z AUTO 32004KT 7SM 30/24 A2974 RMK T03000240 IEM_DS3505,M
VOTV,2004-09-28 11:40,76.9500,8.4667,82.40,75.20,78.90,330.00,3.00,M,29.74,M,5.00,M,M,M,M,M,M,M,M,M,M,M,M,M,M,M,M,89.48,VOTV 281140Z AUTO 33003KT 5SM 28/24 A2974 RMK T02800240 IEM_DS3505,M
VOTV,2004-09-28 12:40,76.9500,8.4667,82.40,77.00,83.77,30.00,3.00,M,29.74,M,5.00,M,M,M,M,M,M,M,M,M,M,M,M,M,M,M,M,90.85,VOTV 281240Z AUTO 03003KT 5SM 28/25 A2974 RMK T02800250 IEM_DS3505,M
VOTV,2004-09-28 13:40,76.9500,8.4667,80.60,77.00,88.83,M,M,M,29.77,M,4.00,M,M,M,M,M,M,M,M,M,M,M,M,M,M,M,M,87.59,VOTV 281340Z AUTO 4SM 27/25 A2977 RMK T02700250 IEM_DS3505,M
VOTV,2004-09-28 14:40,76.9500,8.4667,78.80,75.20,88.75,0.00,0.00,M,29.77,M,4.00,M,M,M,M,M,M,M,M,M,M,M,M,M,M,M,M,82.38,VOTV 281440Z AUTO 00000KT 4SM 26/24 A2977 RMK T02600240 IEM_DS3505,M
VOTV,2004-09-28 15:40,76.9500,8.4667,78.80,75.20,88.75,M,M,M,29.80,M,4.00,M,M,M,M,M,M,M,M,M,M,M,M,M,M,M,M,78.80,VOTV 281540Z AUTO 4SM 26/24 A2980 RMK T02600240 IEM_DS3505,M
VOTV,2004-09-28 23:40,76.9500,8.4667,M,M,M,130.00,3.00,M,M,M,2.50,M,M,M,M,M,M,M,M,M,M,M,M,M,M,M,M,M,VOTV 282340Z AUTO 13003KT 2 1/2SM RMK IEM_DS3505,M
VOTV,2004-09-29 00:40,76.9500,8.4667,77.00,73.40,88.67,90.00,3.00,M,29.80,M,2.50,M,M,M,M,M,M,M,M,M,M,M,M,M,M,M,M,78.57,VOTV 290040Z AUTO 09003KT 2 1/2SM 25/23 A2980 RMK T02500230 IEM_DS3505,M
VOTV,2004-09-29 01:40,76.9500,8.4667,78.80,75.20,88.75,0.00,0.00,M,29.80,M,2.00,M,M,M,M,M,M,M,M,M,M,M,M,M,M,M,M,82.38,VOTV 290140Z AUTO 00000KT 2SM 26/24 A2980 RMK T02600240 IEM_DS3505,M
VOTV,2004-09-29 03:40,76.9500,8.4667,84.20,75.20,74.44,100.00,3.00,M,29.83,M,4.00,M,M,M,M,M,M,M,M,M,M,M,M,M,M,M,M,92.45,VOTV 290340Z AUTO 10003KT 4SM 29/24 A2983 RMK T02900240 IEM_DS3505,M
VOTV,2004-09-29 04:40,76.9500,8.4667,86.00,73.40,66.15,180.00,3.00,M,29.83,M,7.00,M,M,M,M,M,M,M,M,M,M,M,M,M,M,M,M,93.45,VOTV 290440Z AUTO 18003KT 7SM 30/23 A2983 RMK T03000230 IEM_DS3505,M
VOTV,2004-09-29 05:40,76.9500,8.4667,86.00,73.40,66.15,180.00,3.00,M,29.85,M,7.00,M,M,M,M,M,M,M,M,M,M,M,M,M,M,M,M,93.45,VOTV 290540Z AUTO 18003KT 7SM 30/23 A2985 RMK T03000230 IEM_DS3505,M
VOTV,2004-09-29 08:40,76.9500,8.4667,87.80,75.20,66.35,270.00,6.00,M,29.77,M,7.00,M,M,M,M,M,M,M,M,M,M,M,M,M,M,M,M,97.76,VOTV 290840Z AUTO 27006KT 7SM 31/24 A2977 RMK T03100240 IEM_DS3505,M
VOTV,2004-09-29 09:40,76.9500,8.4667,87.80,73.40,62.47,240.00,3.00,M,29.77,M,7.00,M,M,M,M,M,M,M,M,M,M,M,M,M,M,M,M,95.86,VOTV 290940Z AUTO 24003KT 7SM 31/23 A2977 RMK T03100230 IEM_DS3505,M
VOTV,2004-09-29 11:40,76.9500,8.4667,84.20,75.20,74.44,240.00,4.00,M,29.77,M,5.00,M,M,M,M,M,M,M,M,M,M,M,M,M,M,M,M,92.45,VOTV 291140Z AUTO 24004KT 5SM 29/24 A2977 RMK T02900240 IEM_DS3505,M
VOTV,2004-09-29 12:40,76.9500,8.4667,84.20,75.20,74.44,280.00,3.00,M,29.80,M,4.00,M,M,M,M,M,M,M,M,M,M,M,M,M,M,M,M,92.45,VOTV 291240Z AUTO 28003KT 4SM 29/24 A2980 RMK T02900240 IEM_DS3505,M
VOTV,2004-09-29 13:40,76.9500,8.4667,84.20,75.20,74.44,260.00,4.00,M,29.83,M,4.00,M,M,M,M,M,M,M,M,M,M,M,M,M,M,M,M,92.45,VOTV 291340Z AUTO 26004KT 4SM 29/24 A2983 RMK T02900240 IEM_DS3505,M
VOTV,2004-09-29 14:40,76.9500,8.4667,82.40,73.40,74.28,260.00,3.00,M,29.85,M,4.00,M,M,M,M,M,M,M,M,M,M,M,M,M,M,M,M,88.26,VOTV 291440Z AUTO 26003KT 4SM 28/23 A2985 RMK T02800230 IEM_DS3505,M
VOTV,2004-09-29 15:40,76.9500,8.4667,80.60,73.40,78.76,240.00,4.00,M,29.85,M,4.00,M,M,M,M,M,M,M,M,M,M,M,M,M,M,M,M,85.32,VOTV 291540Z AUTO 24004KT 4SM 27/23 A2985 RMK T02700230 IEM_DS3505,M
VOTV,2004-09-29 23:40,76.9500,8.4667,77.00,73.40,88.67,M,M,M,29.83,M,4.00,M,M,M,M,M,M,M,M,M,M,M,M,M,M,M,M,77.00,VOTV 292340Z AUTO 4SM 25/23 A2983 RMK T02500230 IEM_DS3505,M
VOTV,2004-09-30 00:40,76.9500,8.4667,78.80,73.40,83.55,M,M,M,29.85,M,4.00,M,M,M,M,M,M,M,M,M,M,M,M,M,M,M,M,78.80,VOTV 300040Z AUTO 4SM 26/23 A2985 RMK T02600230 IEM_DS3505,M
VOTV,2004-09-30 02:40,76.9500,8.4667,82.40,75.20,78.90,M,M,M,29.88,M,4.00,M,M,M,M,M,M,M,M,M,M,M,M,M,M,M,M,89.48,VOTV 300240Z AUTO 4SM 28/24 A2988 RMK T02800240 IEM_DS3505,M
VOTV,2004-09-30 03:40,76.9500,8.4667,84.20,77.00,79.04,260.00,4.00,M,29.91,M,4.00,M,M,M,M,M,M,M,M,M,M,M,M,M,M,M,M,94.16,VOTV 300340Z AUTO 26004KT 4SM 29/25 A2991 RMK T02900250 IEM_DS3505,M
VOTV,2004-09-30 04:40,76.9500,8.4667,84.20,75.20,74.44,280.00,6.00,M,29.91,M,4.00,M,M,M,M,M,M,M,M,M,M,M,M,M,M,M,M,92.45,VOTV 300440Z AUTO 28006KT 4SM 29/24 A2991 RMK T02900240 IEM_DS3505,M
VOTV,2004-09-30 05:40,76.9500,8.4667,86.00,75.20,70.27,260.00,5.00,M,29.88,M,M,M,M,M,M,M,M,M,M,M,M,M,M,M,M,M,M,95.19,VOTV 300540Z AUTO 26005KT 30/24 A2988 RMK T03000240 IEM_DS3505,M
VOTV,2004-09-30 06:40,76.9500,8.4667,M,M,M,270.00,6.00,M,M,M,5.00,M,M,M,M,M,M,M,M,M,M,M,M,M,M,M,M,M,VOTV 300640Z AUTO 27006KT 5SM RMK IEM_DS3505,M
VOTV,2004-09-30 07:40,76.9500,8.4667,M,M,M,290.00,5.00,M,M,M,5.00,M,M,M,M,M,M,M,M,M,M,M,M,M,M,M,M,M,VOTV 300740Z AUTO 29005KT 5SM RMK IEM_DS3505,M
VOTV,2004-09-30 08:40,76.9500,8.4667,M,M,M,280.00,7.00,M,M,M,5.00,M,M,M,M,M,M,M,M,M,M,M,M,M,M,M,M,M,VOTV 300840Z AUTO 28007KT 5SM RMK IEM_DS3505,M
VOTV,2004-09-30 09:40,76.9500,8.4667,87.80,75.20,66.35,250.00,6.00,0.00,29.80,M,4.97,M,FEW,FEW,BKN,M,1500.00,2500.00,20000.00,M,M,M,M,M,M,M,M,97.76,VOTV 300940Z 25006KT 8000 FEW015 FEW025CB BKN200 31/24 Q1009 NOSIG,M
VOTV,2004-09-30 10:40,76.9500,8.4667,86.00,73.40,66.15,270.00,7.00,M,29.80,M,5.00,M,M,M,M,M,M,M,M,M,M,M,M,M,M,M,M,93.45,VOTV 301040Z AUTO 27007KT 5SM 30/23 A2980 RMK T03000230 IEM_DS3505,M
VOTV,2004-09-30 11:40,76.9500,8.4667,84.20,73.40,70.08,280.00,6.00,M,29.80,M,5.00,M,M,M,M,M,M,M,M,M,M,M,M,M,M,M,M,90.94,VOTV 301140Z AUTO 28006KT 5SM 29/23 A2980 RMK T02900230 IEM_DS3505,M
VOTV,2004-09-30 12:40,76.9500,8.4667,82.40,77.00,83.77,280.00,6.00,M,29.83,M,4.00,M,M,M,M,M,M,M,M,M,M,M,M,M,M,M,M,90.85,VOTV 301240Z AUTO 28006KT 4SM 28/25 A2983 RMK T02800250 IEM_DS3505,M
VOTV,2004-10-01 01:40,76.9500,8.4667,M,M,M,0.00,0.00,M,M,M,2.00,M,M,M,M,M,M,M,M,M,M,M,M,M,M,M,M,M,VOTV 010140Z AUTO 00000KT 2SM RMK IEM_DS3505,M
VOTV,2004-10-01 02:40,76.9500,8.4667,M,M,M,0.00,0.00,M,M,M,2.00,M,M,M,M,M,M,M,M,M,M,M,M,M,M,M,M,M,VOTV 010240Z AUTO 00000KT 2SM RMK IEM_DS3505,M
VOTV,2004-10-01 03:40,76.9500,8.4667,M,M,M,320.00,6.00,M,M,M,4.00,M,M,M,M,M,M,M,M,M,M,M,M,M,M,M,M,M,VOTV 010340Z AUTO 32006KT 4SM RMK IEM_DS3505,M
VOTV,2004-10-01 04:40,76.9500,8.4667,M,M,M,350.00,7.00,M,M,M,4.00,M,M,M,M,M,M,M,M,M,M,M,M,M,M,M,M,M,VOTV 010440Z AUTO 35007KT 4SM RMK IEM_DS3505,M
VOTV,2004-10-01 05:40,76.9500,8.4667,M,M,M,340.00,6.00,M,M,M,4.00,M,M,M,M,M,M,M,M,M,M,M,M,M,M,M,M,M,VOTV 010540Z AUTO 34006KT 4SM RMK IEM_DS3505,M
VOTV,2004-10-01 06:40,76.9500,8.4667,87.80,77.00,70.45,330.00,8.00,M,29.88,M,M,M,M,M,M,M,M,M,M,M,M,M,M,M,M,M,M,99.92,VOTV 010640Z AUTO 33008KT 31/25 A2988 RMK T03100250 IEM_DS3505,M
VOTV,2004-10-01 07:40,76.9500,8.4667,87.80,77.00,70.45,340.00,6.00,M,29.88,M,M,M,M,M,M,M,M,M,M,M,M,M,M,M,M,M,M,99.92,VOTV 010740Z AUTO 34006KT 31/25 A2988 RMK T03100250 IEM_DS3505,M
VOTV,2004-10-01 08:40,76.9500,8.4667,86.00,77.00,74.61,300.00,9.00,M,29.85,M,4.00,M,M,M,M,M,M,M,M,M,M,M,M,M,M,M,M,97.15,VOTV 010840Z AUTO 30009KT 4SM 30/25 A2985 RMK T03000250 IEM_DS3505,M
VOTV,2004-10-01 09:40,76.9500,8.4667,86.00,77.00,74.61,280.00,6.00,M,29.83,M,4.00,M,M,M,M,M,M,M,M,M,M,M,M,M,M,M,M,97.15,VOTV 010940Z AUTO 28006KT 4SM 30/25 A2983 RMK T03000250 IEM_DS3505,M
VOTV,2004-10-01 11:40,76.9500,8.4667,M,M,M,300.00,8.00,M,M,M,4.00,M,M,M,M,M,M,M,M,M,M,M,M,M,M,M,M,M,VOTV 011140Z AUTO 30008KT 4SM RMK IEM_DS3505,M
VOTV,2004-10-01 12:40,76.9500,8.4667,84.20,77.00,79.04,280.00,8.00,0.00,29.83,M,2.49,M,SCT,OVC,M,M,1500.00,8000.00,M,M,-TSRA,M,M,M,M,M,M,94.16,VOTV 011240Z 28008KT 4000 -TSRA SCT015 FEW025CB(N OVH) OVC080 29/25 Q1010 NOSIG,M
VOTV,2004-10-01 13:40,76.9500,8.4667,M,M,M,320.00,4.00,M,M,M,2.50,M,M,M,M,M,M,M,M,M,M,M,M,M,M,M,M,M,VOTV 011340Z AUTO 32004KT 2 1/2SM RMK IEM_DS3505,M
VOTV,2004-10-01 14:40,76.9500,8.4667,M,M,M,0.00,0.00,M,M,M,2.50,M,M,M,M,M,M,M,M,M,M,M,M,M,M,M,M,M,VOTV 011440Z AUTO 00000KT 2 1/2SM RMK IEM_DS3505,M
VOTV,2004-10-01 15:40,76.9500,8.4667,M,M,M,0.00,0.00,M,M,M,2.50,M,M,M,M,M,M,M,M,M,M,M,M,M,M,M,M,M,VOTV 011540Z AUTO 00000KT 2 1/2SM RMK IEM_DS3505,M
VOTV,2004-10-01 16:40,76.9500,8.4667,82.40,75.20,78.90,360.00,4.00,M,29.91,M,2.50,M,M,M,M,M,M,M,M,M,M,M,M,M,M,M,M,89.48,VOTV 011640Z AUTO 36004KT 2 1/2SM 28/24 A2991 RMK T02800240 IEM_DS3505,M
VOTV,2004-10-01 17:40,76.9500,8.4667,84.20,75.20,74.44,0.00,0.00,M,29.91,M,2.50,M,M,M,M,M,M,M,M,M,M,M,M,M,M,M,M,92.45,VOTV 011740Z AUTO 00000KT 2 1/2SM 29/24 A2991 RMK T02900240 IEM_DS3505,M
VOTV,2004-10-01 23:40,76.9500,8.4667,77.00,73.40,88.67,330.00,6.00,M,29.83,M,2.50,M,M,M,M,M,M,M,M,M,M,M,M,M,M,M,M,78.57,VOTV 012340Z AUTO 33006KT 2 1/2SM 25/23 A2983 RMK T02500230 IEM_DS3505,M
VOTV,2004-10-02 00:40,76.9500,8.4667,M,M,M,360.00,4.00,M,M,M,2.50,M,M,M,M,M,M,M,M,M,M,M,M,M,M,M,M,M,VOTV 020040Z AUTO 36004KT 2 1/2SM RMK IEM_DS3505,M
VOTV,2004-10-02 01:40,76.9500,8.4667,M,M,M,320.00,4.00,M,M,M,2.50,M,M,M,M,M,M,M,M,M,M,M,M,M,M,M,M,M,VOTV 020140Z AUTO 32004KT 2 1/2SM RMK IEM_DS3505,M
VOTV,2004-10-02 02:40,76.9500,8.4667,M,M,M,320.00,6.00,M,M,M,2.50,M,M,M,M,M,M,M,M,M,M,M,M,M,M,M,M,M,VOTV 020240Z AUTO 32006KT 2 1/2SM RMK IEM_DS3505,M
VOTV,2004-10-02 03:40,76.9500,8.4667,M,M,M,350.00,6.00,M,M,M,2.50,M,M,M,M,M,M,M,M,M,M,M,M,M,M,M,M,M,VOTV 020340Z AUTO 35006KT 2 1/2SM RMK IEM_DS3505,M
VOTV,2004-10-02 04:40,76.9500,8.4667,M,M,M,350.00,6.00,M,M,M,4.00,M,M,M,M,M,M,M,M,M,M,M,M,M,M,M,M,M,VOTV 020440Z AUTO 35006KT 4SM RMK IEM_DS3505,M
VOTV,2004-10-02 05:40,76.9500,8.4667,M,M,M,280.00,9.00,M,M,M,4.00,M,M,M,M,M,M,M,M,M,M,M,M,M,M,M,M,M,VOTV 020540Z AUTO 28009KT 4SM RMK IEM_DS3505,M
VOTV,2004-10-02 06:40,76.9500,8.4667,M,M,M,310.00,8.00,M,M,M,4.00,M,M,M,M,M,M,M,M,M,M,M,M,M,M,M,M,M,VOTV 020640Z AUTO 31008KT 4SM RMK IEM_DS3505,M
VOTV,2004-10-02 07:40,76.9500,8.4667,M,M,M,350.00,7.00,M,M,M,4.00,M,M,M,M,M,M,M,M,M,M,M,M,M,M,M,M,M,VOTV 020740Z AUTO 35007KT 4SM RMK IEM_DS3505,M
VOTV,2004-10-02 08:40,76.9500,8.4667,M,M,M,290.00,5.00,M,M,M,4.00,M,M,M,M,M,M,M,M,M,M,M,M,M,M,M,M,M,VOTV 020840Z AUTO 29005KT 4SM RMK IEM_DS3505,M
VOTV,2004-10-02 09:40,76.9500,8.4667,M,M,M,310.00,10.00,M,M,M,4.00,M,M,M,M,M,M,M,M,M,M,M,M,M,M,M,M,M,VOTV 020940Z AUTO 31010KT 4SM RMK IEM_DS3505,M
VOTV,2004-10-02 10:40,76.9500,8.4667,M,M,M,320.00,6.00,M,M,M,4.00,M,M,M,M,M,M,M,M,M,M,M,M,M,M,M,M,M,VOTV 021040Z AUTO 32006KT 4SM RMK IEM_DS3505,M
VOTV,2004-10-02 12:40,76.9500,8.4667,M,M,M,350.00,8.00,M,M,M,2.50,M,M,M,M,M,M,M,M,M,M,M,M,M,M,M,M,M,VOTV 021240Z AUTO 35008KT 2 1/2SM RMK IEM_DS3505,M
VOTV,2004-10-02 13:40,76.9500,8.4667,M,M,M,360.00,5.00,M,M,M,2.50,M,M,M,M,M,M,M,M,M,M,M,M,M,M,M,M,M,VOTV 021340Z AUTO 36005KT 2 1/2SM RMK IEM_DS3505,M
VOTV,2004-10-02 14:40,76.9500,8.4667,M,M,M,360.00,4.00,M,M,M,2.50,M,M,M,M,M,M,M,M,M,M,M,M,M,M,M,M,M,VOTV 021440Z AUTO 36004KT 2 1/2SM RMK IEM_DS3505,M
VOTV,2004-10-02 15:40,76.9500,8.4667,M,M,M,360.00,5.00,M,M,M,2.50,M,M,M,M,M,M,M,M,M,M,M,M,M,M,M,M,M,VOTV 021540Z AUTO 36005KT 2 1/2SM RMK IEM_DS3505,M
VOTV,2004-10-02 23:40,76.9500,8.4667,M,M,M,20.00,4.00,M,M,M,2.50,M,M,M,M,M,M,M,M,M,M,M,M,M,M,M,M,M,VOTV 022340Z AUTO 02004KT 2 1/2SM RMK IEM_DS3505,M
VOTV,2004-10-03 00:40,76.9500,8.4667,M,M,M,40.00,4.00,M,M,M,2.50,M,M,M,M,M,M,M,M,M,M,M,M,M,M,M,M,M,VOTV 030040Z AUTO 04004KT 2 1/2SM RMK IEM_DS3505,M
VOTV,2004-10-03 02:40,76.9500,8.4667,M,M,M,340.00,8.00,M,M,M,2.00,M,M,M,M,M,M,M,M,M,M,M,M,M,M,M,M,M,VOTV 030240Z AUTO 34008KT 2SM RMK IEM_DS3505,M
VOTV,2004-10-03 03:40,76.9500,8.4667,M,M,M,330.00,6.00,M,M,M,2.50,M,M,M,M,M,M,M,M,M,M,M,M,M,M,M,M,M,VOTV 030340Z AUTO 33006KT 2 1/2SM RMK IEM_DS3505,M
VOTV,2004-10-03 07:40,76.9500,8.4667,M,M,M,280.00,8.00,M,M,M,1.50,M,M,M,M,M,M,M,M,M,M,M,M,M,M,M,M,M,VOTV 030740Z AUTO 28008KT 1 1/2SM RMK IEM_DS3505,M
VOTV,2004-10-03 08:40,76.9500,8.4667,M,M,M,300.00,4.00,M,M,M,1.50,M,M,M,M,M,M,M,M,M,M,M,M,M,M,M,M,M,VOTV 030840Z AUTO 30004KT 1 1/2SM RMK IEM_DS3505,M
VOTV,2004-10-03 14:40,76.9500,8.4667,M,M,M,340.00,4.00,M,M,M,2.00,M,M,M,M,M,M,M,M,M,M,M,M,M,M,M,M,M,VOTV 031440Z AUTO 34004KT 2SM RMK IEM_DS3505,M
VOTV,2004-10-03 16:40,76.9500,8.4667,77.00,75.20,94.19,180.00,4.00,M,29.91,M,2.50,M,M,M,M,M,M,M,M,M,M,M,M,M,M,M,M,78.83,VOTV 031640Z AUTO 18004KT 2 1/2SM 25/24 A2991 RMK T02500240 IEM_DS3505,M
VOTV,2004-10-04 00:40,76.9500,8.4667,M,M,M,40.00,4.00,M,M,M,2.00,M,M,M,M,M,M,M,M,M,M,M,M,M,M,M,M,M,VOTV 040040Z AUTO 04004KT 2SM RMK IEM_DS3505,M
VOTV,2004-10-04 01:40,76.9500,8.4667,M,M,M,10.00,3.00,M,M,M,2.00,M,M,M,M,M,M,M,M,M,M,M,M,M,M,M,M,M,VOTV 040140Z AUTO 01003KT 2SM RMK IEM_DS3505,M
VOTV,2004-10-04 02:40,76.9500,8.4667,M,M,M,M,M,M,M,M,3.00,M,M,M,M,M,M,M,M,M,M,M,M,M,M,M,M,M,VOTV 040240Z AUTO 3SM RMK IEM_DS3505,M
VOTV,2004-10-04 03:40,76.9500,8.4667,M,M,M,360.00,4.00,M,M,M,3.00,M,M,M,M,M,M,M,M,M,M,M,M,M,M,M,M,M,VOTV 040340Z AUTO 36004KT 3SM RMK IEM_DS3505,M
VOTV,2004-10-04 04:40,76.9500,8.4667,M,M,M,320.00,4.00,M,M,M,3.00,M,M,M,M,M,M,M,M,M,M,M,M,M,M,M,M,M,VOTV 040440Z AUTO 32004KT 3SM RMK IEM_DS3505,M
VOTV,2004-10-04 05:40,76.9500,8.4667,M,M,M,320.00,4.00,M,M,M,4.00,M,M,M,M,M,M,M,M,M,M,M,M,M,M,M,M,M,VOTV 040540Z AUTO 32004KT 4SM RMK IEM_DS3505,M
VOTV,2004-10-04 09:40,76.9500,8.4667,M,M,M,310.00,10.00,M,M,M,2.50,20.00,M,M,M,M,M,M,M,M,M,M,M,M,M,M,M,M,VOTV 040940Z AUTO 31010G20KT 2 1/2SM RMK IEM_DS3505,M
VOTV,2004-10-04 10:40,76.9500,8.4667,M,M,M,310.00,10.00,M,M,M,2.50,M,M,M,M,M,M,M,M,M,M,M,M,M,M,M,M,M,VOTV 041040Z AUTO 31010KT 2 1/2SM RMK IEM_DS3505,M
VOTV,2004-10-04 12:40,76.9500,8.4667,M,M,M,320.00,6.00,M,M,M,2.50,M,M,M,M,M,M,M,M,M,M,M,M,M,M,M,M,M,VOTV 041240Z AUTO 32006KT 2 1/2SM RMK IEM_DS3505,M
VOTV,2004-10-04 14:40,76.9500,8.4667,M,M,M,0.00,0.00,M,M,M,2.00,M,M,M,M,M,M,M,M,M,M,M,M,M,M,M,M,M,VOTV 041440Z AUTO 00000KT 2SM RMK IEM_DS3505,M
VOTV,2004-10-04 15:40,76.9500,8.4667,M,M,M,0.00,0.00,M,M,M,2.00,M,M,M,M,M,M,M,M,M,M,M,M,M,M,M,M,M,VOTV 041540Z AUTO 00000KT 2SM RMK IEM_DS3505,M
VOTV,2004-10-04 16:40,76.9500,8.4667,M,M,M,0.00,0.00,M,M,M,2.00,M,M,M,M,M,M,M,M,M,M,M,M,M,M,M,M,M,VOTV 041640Z AUTO 00000KT 2SM RMK IEM_DS3505,M
VOTV,2004-10-04 17:40,76.9500,8.4667,M,M,M,300.00,5.00,M,M,M,2.00,M,M,M,M,M,M,M,M,M,M,M,M,M,M,M,M,M,VOTV 041740Z AUTO 30005KT 2SM RMK IEM_DS3505,M
VOTV,2004-10-04 19:40,76.9500,8.4667,M,M,M,340.00,5.00,M,M,M,2.00,M,M,M,M,M,M,M,M,M,M,M,M,M,M,M,M,M,VOTV 041940Z AUTO 34005KT 2SM RMK IEM_DS3505,M
VOTV,2004-10-04 20:40,76.9500,8.4667,M,M,M,340.00,4.00,M,M,M,2.00,M,M,M,M,M,M,M,M,M,M,M,M,M,M,M,M,M,VOTV 042040Z AUTO 34004KT 2SM RMK IEM_DS3505,M
VOTV,2004-10-05 00:40,76.9500,8.4667,M,M,M,0.00,0.00,M,M,M,2.50,M,M,M,M,M,M,M,M,M,M,M,M,M,M,M,M,M,VOTV 050040Z AUTO 00000KT 2 1/2SM RMK IEM_DS3505,M
VOTV,2004-10-05 01:40,76.9500,8.4667,77.00,75.20,94.19,M,M,M,29.85,M,2.00,M,M,M,M,M,M,M,M,M,M,M,M,M,M,M,M,77.00,VOTV 050140Z AUTO 2SM 25/24 A2985 RMK T02500240 IEM_DS3505,M
VOTV,2004-10-05 02:40,76.9500,8.4667,M,M,M,340.00,5.00,M,M,M,2.00,M,M,M,M,M,M,M,M,M,M,M,M,M,M,M,M,M,VOTV 050240Z AUTO 34005KT 2SM RMK IEM_DS3505,M
VOTV,2004-10-05 03:40,76.9500,8.4667,M,M,M,330.00,5.00,M,M,M,4.00,M,M,M,M,M,M,M,M,M,M,M,M,M,M,M,M,M,VOTV 050340Z AUTO 33005KT 4SM RMK IEM_DS3505,M
VOTV,2004-10-05 04:40,76.9500,8.4667,M,M,M,290.00,10.00,M,M,M,5.00,M,M,M,M,M,M,M,M,M,M,M,M,M,M,M,M,M,VOTV 050440Z AUTO 29010KT 5SM RMK IEM_DS3505,M
VOTV,2004-10-05 05:40,76.9500,8.4667,86.00,73.40,66.15,290.00,10.00,M,29.85,M,5.00,M,M,M,M,M,M,M,M,M,M,M,M,M,M,M,M,93.45,VOTV 050540Z AUTO 29010KT 5SM 30/23 A2985 RMK T03000230 IEM_DS3505,M
VOTV,2004-10-05 06:40,76.9500,8.4667,M,M,M,290.00,10.00,M,M,M,7.00,M,M,M,M,M,M,M,M,M,M,M,M,M,M,M,M,M,VOTV 050640Z AUTO 29010KT 7SM RMK IEM_DS3505,M
VOTV,2004-10-05 07:40,76.9500,8.4667,M,M,M,280.00,12.00,M,M,M,7.00,M,M,M,M,M,M,M,M,M,M,M,M,M,M,M,M,M,VOTV 050740Z AUTO 28012KT 7SM RMK IEM_DS3505,M
VOTV,2004-10-05 08:40,76.9500,8.4667,M,M,M,280.00,12.00,M,M,M,7.00,M,M,M,M,M,M,M,M,M,M,M,M,M,M,M,M,M,VOTV 050840Z AUTO 28012KT 7SM RMK IEM_DS3505,M
VOTV,2004-10-05 09:40,76.9500,8.4667,M,M,M,280.00,10.00,M,M,M,7.00,M,M,M,M,M,M,M,M,M,M,M,M,M,M,M,M,M,VOTV 050940Z AUTO 28010KT 7SM RMK IEM_DS3505,M
VOTV,2004-10-05 10:40,76.9500,8.4667,M,M,M,270.00,11.00,M,M,M,7.00,M,M,M,M,M,M,M,M,M,M,M,M,M,M,M,M,M,VOTV 051040Z AUTO 27011KT 7SM RMK IEM_DS3505,M
VOTV,2004-10-05 11:40,76.9500,8.4667,M,M,M,320.00,10.00,M,M,M,5.00,M,M,M,M,M,M,M,M,M,M,M,M,M,M,M,M,M,VOTV 051140Z AUTO 32010KT 5SM RMK IEM_DS3505,M
VOTV,2004-10-05 12:40,76.9500,8.4667,M,M,M,320.00,10.00,M,M,M,2.00,M,M,M,M,M,M,M,M,M,M,M,M,M,M,M,M,M,VOTV 051240Z AUTO 32010KT 2SM RMK IEM_DS3505,M
VOTV,2004-10-05 13:40,76.9500,8.4667,M,M,M,40.00,3.00,M,M,M,2.50,M,M,M,M,M,M,M,M,M,M,M,M,M,M,M,M,M,VOTV 051340Z AUTO 04003KT 2 1/2SM RMK IEM_DS3505,M
VOTV,2004-10-05 14:40,76.9500,8.4667,M,M,M,0.00,0.00,M,M,M,2.50,M,M,M,M,M,M,M,M,M,M,M,M,M,M,M,M,M,VOTV 051440Z AUTO 00000KT 2 1/2SM RMK IEM_DS3505,M
VOTV,2004-10-05 15:40,76.9500,8.4667,M,M,M,0.00,0.00,M,M,M,2.50,M,M,M,M,M,M,M,M,M,M,M,M,M,M,M,M,M,VOTV 051540Z AUTO 00000KT 2 1/2SM RMK IEM_DS3505,M
VOTV,2004-10-05 16:40,76.9500,8.4667,M,M,M,0.00,0.00,M,M,M,2.50,M,M,M,M,M,M,M,M,M,M,M,M,M,M,M,M,M,VOTV 051640Z AUTO 00000KT 2 1/2SM RMK IEM_DS3505,M
VOTV,2004-10-05 17:40,76.9500,8.4667,M,M,M,0.00,0.00,0.00,29.85,M,2.49,M,SCT,BKN,M,M,1500.00,9000.00,M,M,HZ,M,M,M,M,M,M,M,VOTV 051740Z 00000KT 4000 HZ SCT015 FEW025CB(W/N/SW) BKN090 27 /23 Q1011 NO SIG,M
VOTV,2004-10-05 23:40,76.9500,8.4667,78.80,75.20,88.75,0.00,0.00,0.00,29.83,M,2.49,M,SCT,BKN,M,M,1500.00,8000.00,M,M,HZ,M,M,M,M,M,M,78.80,VOTV 052340Z 00000KT 4000 HZ SCT015 FEW025CB(W N) BKN080 26/24 Q1010 NO SIG,M
VOTV,2004-10-06 00:40,76.9500,8.4667,M,M,M,0.00,0.00,M,M,M,2.50,M,M,M,M,M,M,M,M,M,M,M,M,M,M,M,M,M,VOTV 060040Z AUTO 00000KT 2 1/2SM RMK IEM_DS3505,M
VOTV,2004-10-06 01:40,76.9500,8.4667,M,M,M,350.00,3.00,M,M,M,2.50,M,M,M,M,M,M,M,M,M,M,M,M,M,M,M,M,M,VOTV 060140Z AUTO 35003KT 2 1/2SM RMK IEM_DS3505,M
VOTV,2004-10-06 02:40,76.9500,8.4667,M,M,M,340.00,3.00,M,M,M,2.50,M,M,M,M,M,M,M,M,M,M,M,M,M,M,M,M,M,VOTV 060240Z AUTO 34003KT 2 1/2SM RMK IEM_DS3505,M
VOTV,2004-10-06 03:40,76.9500,8.4667,M,M,M,310.00,7.00,M,M,M,4.00,M,M,M,M,M,M,M,M,M,M,M,M,M,M,M,M,M,VOTV 060340Z AUTO 31007KT 4SM RMK IEM_DS3505,M
VOTV,2004-10-06 04:40,76.9500,8.4667,M,M,M,280.00,8.00,M,M,M,4.00,M,M,M,M,M,M,M,M,M,M,M,M,M,M,M,M,M,VOTV 060440Z AUTO 28008KT 4SM RMK IEM_DS3505,M
VOTV,2004-10-06 06:40,76.9500,8.4667,M,M,M,280.00,9.00,M,M,M,4.00,M,M,M,M,M,M,M,M,M,M,M,M,M,M,M,M,M,VOTV 060640Z AUTO 28009KT 4SM RMK IEM_DS3505,M
VOTV,2004-10-06 07:40,76.9500,8.4667,M,M,M,280.00,8.00,M,M,M,5.00,M,M,M,M,M,M,M,M,M,M,M,M,M,M,M,M,M,VOTV 060740Z AUTO 28008KT 5SM RMK IEM_DS3505,M
VOTV,2004-10-06 08:40,76.9500,8.4667,86.00,73.40,66.15,290.00,10.00,0.00,29.80,M,4.97,M,FEW,SCT,M,M,1800.00,9000.00,M,M,M,M,M,M,M,M,M,93.45,VOTV 060840Z 29010KT 8000 FEW018 FEW025CB(NE) SCT090 30/23 Q1009 NOSIG,M
VOTV,2004-10-06 09:40,76.9500,8.4667,M,M,M,300.00,9.00,M,M,M,5.00,M,M,M,M,M,M,M,M,M,M,M,M,M,M,M,M,M,VOTV 060940Z AUTO 30009KT 5SM RMK IEM_DS3505,M
VOTV,2004-10-06 10:40,76.9500,8.4667,M,M,M,300.00,8.00,M,M,M,5.00,M,M,M,M,M,M,M,M,M,M,M,M,M,M,M,M,M,VOTV 061040Z AUTO 30008KT 5SM RMK IEM_DS3505,M
VOTV,2004-10-06 11:40,76.9500,8.4667,M,M,M,290.00,8.00,M,M,M,5.00,M,M,M,M,M,M,M,M,M,M,M,M,M,M,M,M,M,VOTV 061140Z AUTO 29008KT 5SM RMK IEM_DS3505,M
VOTV,2004-10-06 12:40,76.9500,8.4667,M,M,M,320.00,6.00,M,M,M,5.00,M,M,M,M,M,M,M,M,M,M,M,M,M,M,M,M,M,VOTV 061240Z AUTO 32006KT 5SM RMK IEM_DS3505,M
VOTV,2004-10-06 15:40,76.9500,8.4667,M,M,M,310.00,4.00,M,M,M,2.50,M,M,M,M,M,M,M,M,M,M,M,M,M,M,M,M,M,VOTV 061540Z AUTO 31004KT 2 1/2SM RMK IEM_DS3505,M
VOTV,2004-10-06 17:40,76.9500,8.4667,82.40,73.40,74.28,0.00,0.00,0.00,29.85,M,2.49,M,FEW,M,M,M,1500.00,M,M,M,HZ,M,M,M,M,M,M,88.26,VOTV 061740Z 00000 4000 HZ FEW015 FEW025CB(NE) 28/23 Q1011 NOSIG,M
VOTV,2004-10-06 23:40,76.9500,8.4667,M,M,M,0.00,0.00,M,M,M,2.50,M,M,M,M,M,M,M,M,M,M,M,M,M,M,M,M,M,VOTV 062340Z AUTO 00000KT 2 1/2SM RMK IEM_DS3505,M
VOTV,2004-10-07 00:40,76.9500,8.4667,M,M,M,M,M,M,M,M,2.50,M,M,M,M,M,M,M,M,M,M,M,M,M,M,M,M,M,VOTV 070040Z AUTO 2 1/2SM RMK IEM_DS3505,M
VOTV,2004-10-07 01:40,76.9500,8.4667,78.80,73.40,83.55,340.00,6.00,M,29.83,M,2.50,M,M,M,M,M,M,M,M,M,M,M,M,M,M,M,M,82.03,VOTV 070140Z AUTO 34006KT 2 1/2SM 26/23 A2983 RMK T02600230 IEM_DS3505,M
VOTV,2004-10-07 03:40,76.9500,8.4667,84.20,73.40,70.08,340.00,4.00,M,29.85,M,5.00,M,M,M,M,M,M,M,M,M,M,M,M,M,M,M,M,90.94,VOTV 070340Z AUTO 34004KT 5SM 29/23 A2985 RMK T02900230 IEM_DS3505,M
VOTV,2004-10-07 04:40,76.9500,8.4667,84.20,73.40,70.08,270.00,8.00,M,29.88,M,5.00,M,M,M,M,M,M,M,M,M,M,M,M,M,M,M,M,90.94,VOTV 070440Z AUTO 27008KT 5SM 29/23 A2988 RMK T02900230 IEM_DS3505,M
VOTV,2004-10-07 05:40,76.9500,8.4667,84.20,73.40,70.08,290.00,8.00,M,29.88,M,5.00,M,M,M,M,M,M,M,M,M,M,M,M,M,M,M,M,90.94,VOTV 070540Z AUTO 29008KT 5SM 29/23 A2988 RMK T02900230 IEM_DS3505,M
VOTV,2004-10-07 06:40,76.9500,8.4667,86.00,73.40,66.15,290.00,12.00,M,29.85,M,5.00,M,M,M,M,M,M,M,M,M,M,M,M,M,M,M,M,93.45,VOTV 070640Z AUTO 29012KT 5SM 30/23 A2985 RMK T03000230 IEM_DS3505,M
VOTV,2004-10-07 07:40,76.9500,8.4667,86.00,73.40,66.15,270.00,8.00,M,29.83,M,5.00,M,M,M,M,M,M,M,M,M,M,M,M,M,M,M,M,93.45,VOTV 070740Z AUTO 27008KT 5SM 30/23 A2983 RMK T03000230 IEM_DS3505,M
VOTV,2004-10-07 08:40,76.9500,8.4667,86.00,75.20,70.27,290.00,7.00,M,29.80,M,5.00,M,M,M,M,M,M,M,M,M,M,M,M,M,M,M,M,95.19,VOTV 070840Z AUTO 29007KT 5SM 30/24 A2980 RMK T03000240 IEM_DS3505,M
VOTV,2004-10-07 10:40,76.9500,8.4667,86.00,77.00,74.61,290.00,10.00,M,29.80,M,5.00,M,M,M,M,M,M,M,M,M,M,M,M,M,M,M,M,97.15,VOTV 071040Z AUTO 29010KT 5SM 30/25 A2980 RMK T03000250 IEM_DS3505,M
VOTV,2004-10-07 11:40,76.9500,8.4667,84.20,75.20,74.44,290.00,11.00,M,29.80,M,4.00,M,M,M,M,M,M,M,M,M,M,M,M,M,M,M,M,92.45,VOTV 071140Z AUTO 29011KT 4SM 29/24 A2980 RMK T02900240 IEM_DS3505,M
VOTV,2004-10-07 12:40,76.9500,8.4667,84.20,75.20,74.44,300.00,7.00,M,29.80,M,3.00,M,M,M,M,M,M,M,M,M,M,M,M,M,M,M,M,92.45,VOTV 071240Z AUTO 30007KT 3SM 29/24 A2980 RMK T02900240 IEM_DS3505,M
VOTV,2004-10-07 15:40,76.9500,8.4667,80.60,73.40,78.76,M,M,M,29.85,M,2.50,M,M,M,M,M,M,M,M,M,M,M,M,M,M,M,M,85.32,VOTV 071540Z AUTO 2 1/2SM 27/23 A2985 RMK T02700230 IEM_DS3505,M
VOTV,2004-10-07 16:40,76.9500,8.4667,80.60,73.40,78.76,M,M,M,29.88,M,2.50,M,M,M,M,M,M,M,M,M,M,M,M,M,M,M,M,85.32,VOTV 071640Z AUTO 2 1/2SM 27/23 A2988 RMK T02700230 IEM_DS3505,M
VOTV,2004-10-08 00:40,76.9500,8.4667,77.00,73.40,88.67,320.00,4.00,M,29.83,M,2.50,M,M,M,M,M,M,M,M,M,M,M,M,M,M,M,M,78.57,VOTV 080040Z AUTO 32004KT 2 1/2SM 25/23 A2983 RMK T02500230 IEM_DS3505,M
VOTV,2004-10-08 01:40,76.9500,8.4667,78.80,73.40,83.55,10.00,3.00,M,29.85,M,2.50,M,M,M,M,M,M,M,M,M,M,M,M,M,M,M,M,82.03,VOTV 080140Z AUTO 01003KT 2 1/2SM 26/23 A2985 RMK T02600230 IEM_DS3505,M
VOTV,2004-10-08 02:40,76.9500,8.4667,80.60,73.40,78.76,10.00,3.00,M,29.88,M,4.00,M,M,M,M,M,M,M,M,M,M,M,M,M,M,M,M,85.32,VOTV 080240Z AUTO 01003KT 4SM 27/23 A2988 RMK T02700230 IEM_DS3505,M
VOTV,2004-10-08 03:40,76.9500,8.4667,84.20,73.40,70.08,330.00,3.00,M,29.88,M,M,M,M,M,M,M,M,M,M,M,M,M,M,M,M,M,M,90.94,VOTV 080340Z AUTO 33003KT 29/23 A2988 RMK T02900230 IEM_DS3505,M
VOTV,2004-10-08 07:40,76.9500,8.4667,86.00,75.20,70.27,270.00,3.00,M,29.83,M,5.00,M,M,M,M,M,M,M,M,M,M,M,M,M,M,M,M,95.19,VOTV 080740Z AUTO 27003KT 5SM 30/24 A2983 RMK T03000240 IEM_DS3505,M
VOTV,2004-10-08 08:40,76.9500,8.4667,86.00,75.20,70.27,280.00,3.00,M,29.80,M,5.00,M,M,M,M,M,M,M,M,M,M,M,M,M,M,M,M,95.19,VOTV 080840Z AUTO 28003KT 5SM 30/24 A2980 RMK T03000240 IEM_DS3505,M
VOTV,2004-10-08 09:40,76.9500,8.4667,86.00,75.20,70.27,330.00,3.00,M,29.80,M,5.00,M,M,M,M,M,M,M,M,M,M,M,M,M,M,M,M,95.19,VOTV 080940Z AUTO 33003KT 5SM 30/24 A2980 RMK T03000240 IEM_DS3505,M
VOTV,2004-10-08 10:40,76.9500,8.4667,84.20,75.20,74.44,290.00,5.00,M,29.80,M,5.00,M,M,M,M,M,M,M,M,M,M,M,M,M,M,M,M,92.45,VOTV 081040Z AUTO 29005KT 5SM 29/24 A2980 RMK T02900240 IEM_DS3505,M
VOTV,2004-10-08 11:40,76.9500,8.4667,84.20,75.20,74.44,290.00,3.00,M,29.80,M,5.00,M,M,M,M,M,M,M,M,M,M,M,M,M,M,M,M,92.45,VOTV 081140Z AUTO 29003KT 5SM 29/24 A2980 RMK T02900240 IEM_DS3505,M
VOTV,2004-10-08 12:40,76.9500,8.4667,84.20,75.20,74.44,290.00,5.00,M,29.80,M,4.00,M,M,M,M,M,M,M,M,M,M,M,M,M,M,M,M,92.45,VOTV 081240Z AUTO 29005KT 4SM 29/24 A2980 RMK T02900240 IEM_DS3505,M
VOTV,2004-10-08 13:40,76.9500,8.4667,82.40,75.20,78.90,300.00,3.00,M,29.83,M,4.00,M,M,M,M,M,M,M,M,M,M,M,M,M,M,M,M,89.48,VOTV 081340Z AUTO 30003KT 4SM 28/24 A2983 RMK T02800240 IEM_DS3505,M
VOTV,2004-10-08 21:40,76.9500,8.4667,78.80,75.20,88.75,0.00,0.00,M,29.85,M,3.00,M,M,M,M,M,M,M,M,M,M,M,M,M,M,M,M,82.38,VOTV 082140Z AUTO 00000KT 3SM 26/24 A2985 RMK T02600240 IEM_DS3505,M
VOTV,2004-10-08 23:40,76.9500,8.4667,77.00,75.20,94.19,0.00,0.00,M,29.83,M,3.00,M,M,M,M,M,M,M,M,M,M,M,M,M,M,M,M,78.83,VOTV 082340Z AUTO 00000KT 3SM 25/24 A2983 RMK T02500240 IEM_DS3505,M
VOTV,2004-10-09 01:40,76.9500,8.4667,78.80,75.20,88.75,0.00,0.00,M,29.85,M,1.50,M,M,M,M,M,M,M,M,M,M,M,M,M,M,M,M,82.38,VOTV 090140Z AUTO 00000KT 1 1/2SM 26/24 A2985 RMK T02600240 IEM_DS3505,M
VOTV,2004-10-09 02:40,76.9500,8.4667,82.40,75.20,78.90,0.00,0.00,M,29.88,M,2.50,M,M,M,M,M,M,M,M,M,M,M,M,M,M,M,M,89.48,VOTV 090240Z AUTO 00000KT 2 1/2SM 28/24 A2988 RMK T02800240 IEM_DS3505,M
VOTV,2004-10-09 03:40,76.9500,8.4667,86.00,75.20,70.27,290.00,3.00,M,29.88,M,M,M,M,M,M,M,M,M,M,M,M,M,M,M,M,M,M,95.19,VOTV 090340Z AUTO 29003KT 30/24 A2988 RMK T03000240 IEM_DS3505,M
VOTV,2004-10-09 04:40,76.9500,8.4667,86.00,73.40,66.15,290.00,7.00,M,29.88,M,5.00,M,M,M,M,M,M,M,M,M,M,M,M,M,M,M,M,93.45,VOTV 090440Z AUTO 29007KT 5SM 30/23 A2988 RMK T03000230 IEM_DS3505,M
VOTV,2004-10-09 05:40,76.9500,8.4667,86.00,75.20,70.27,260.00,8.00,M,29.88,M,5.00,M,M,M,M,M,M,M,M,M,M,M,M,M,M,M,M,95.19,VOTV 090540Z AUTO 26008KT 5SM 30/24 A2988 RMK T03000240 IEM_DS3505,M
VOTV,2004-10-09 06:40,76.9500,8.4667,87.80,71.60,58.78,280.00,8.00,M,29.85,M,5.00,M,M,M,M,M,M,M,M,M,M,M,M,M,M,M,M,94.18,VOTV 090640Z AUTO 28008KT 5SM 31/22 A2985 RMK T03100220 IEM_DS3505,M
VOTV,2004-10-09 09:40,76.9500,8.4667,86.00,73.40,66.15,290.00,10.00,M,29.83,M,7.00,M,M,M,M,M,M,M,M,M,M,M,M,M,M,M,M,93.45,VOTV 090940Z AUTO 29010KT 7SM 30/23 A2983 RMK T03000230 IEM_DS3505,M
VOTV,2004-10-09 10:40,76.9500,8.4667,87.80,73.40,62.47,270.00,5.00,M,29.80,M,7.00,M,M,M,M,M,M,M,M,M,M,M,M,M,M,M,M,95.86,VOTV 091040Z AUTO 27005KT 7SM 31/23 A2980 RMK T03100230 IEM_DS3505,M
VOTV,2004-10-09 11:40,76.9500,8.4667,87.80,73.40,62.47,270.00,5.00,M,29.83,M,7.00,M,M,M,M,M,M,M,M,M,M,M,M,M,M,M,M,95.86,VOTV 091140Z AUTO 27005KT 7SM 31/23 A2983 RMK T03100230 IEM_DS3505,M
VOTV,2004-10-09 13:40,76.9500,8.4667,M,M,M,290.00,6.00,M,M,M,2.50,M,M,M,M,M,M,M,M,M,M,M,M,M,M,M,M,M,VOTV 091340Z AUTO 29006KT 2 1/2SM RMK IEM_DS3505,M
VOTV,2004-10-09 16:40,76.9500,8.4667,84.20,73.40,70.08,0.00,0.00,M,29.91,M,2.50,M,M,M,M,M,M,M,M,M,M,M,M,M,M,M,M,90.94,VOTV 091640Z AUTO 00000KT 2 1/2SM 29/23 A2991 RMK T02900230 IEM_DS3505,M
VOTV,2004-10-09 17:40,76.9500,8.4667,84.20,73.40,70.08,0.00,0.00,M,29.91,M,2.50,M,M,M,M,M,M,M,M,M,M,M,M,M,M,M,M,90.94,VOTV 091740Z AUTO 00000KT 2 1/2SM 29/23 A2991 RMK T02900230 IEM_DS3505,M
VOTV,2004-10-10 00:40,76.9500,8.4667,M,M,M,0.00,0.00,M,M,M,2.50,M,M,M,M,M,M,M,M,M,M,M,M,M,M,M,M,M,VOTV 100040Z AUTO 00000KT 2 1/2SM RMK IEM_DS3505,M
VOTV,2004-10-10 03:40,76.9500,8.4667,86.00,73.40,66.15,350.00,5.00,M,29.91,M,5.00,M,M,M,M,M,M,M,M,M,M,M,M,M,M,M,M,93.45,VOTV 100340Z AUTO 35005KT 5SM 30/23 A2991 RMK T03000230 IEM_DS3505,M
VOTV,2004-10-10 04:40,76.9500,8.4667,86.00,71.60,62.25,340.00,7.00,M,29.91,M,5.00,M,M,M,M,M,M,M,M,M,M,M,M,M,M,M,M,91.92,VOTV 100440Z AUTO 34007KT 5SM 30/22 A2991 RMK T03000220 IEM_DS3505,M
VOTV,2004-10-10 05:40,76.9500,8.4667,89.60,71.60,55.53,290.00,7.00,M,29.91,M,5.00,M,M,M,M,M,M,M,M,M,M,M,M,M,M,M,M,96.41,VOTV 100540Z AUTO 29007KT 5SM 32/22 A2991 RMK T03200220 IEM_DS3505,M
VOTV,2004-10-10 06:40,76.9500,8.4667,86.00,71.60,62.25,250.00,9.00,M,29.88,M,5.00,M,M,M,M,M,M,M,M,M,M,M,M,M,M,M,M,91.92,VOTV 100640Z AUTO 25009KT 5SM 30/22 A2988 RMK T03000220 IEM_DS3505,M
VOTV,2004-10-10 07:40,76.9500,8.4667,87.80,73.40,62.47,260.00,5.00,M,29.85,M,5.00,M,M,M,M,M,M,M,M,M,M,M,M,M,M,M,M,95.86,VOTV 100740Z AUTO 26005KT 5SM 31/23 A2985 RMK T03100230 IEM_DS3505,M
VOTV,2004-10-10 08:40,76.9500,8.4667,87.80,71.60,58.78,270.00,10.00,M,29.85,M,5.00,M,M,M,M,M,M,M,M,M,M,M,M,M,M,M,M,94.18,VOTV 100840Z AUTO 27010KT 5SM 31/22 A2985 RMK T03100220 IEM_DS3505,M
VOTV,2004-10-10 09:40,76.9500,8.4667,87.80,71.60,58.78,290.00,10.00,M,M,M,5.00,M,M,M,M,M,M,M,M,M,M,M,M,M,M,M,M,94.18,VOTV 100940Z AUTO 29010KT 5SM 31/22 RMK T03100220 IEM_DS3505,M
VOTV,2004-10-10 10:40,76.9500,8.4667,86.00,73.40,66.15,290.00,8.00,M,29.80,M,5.00,M,M,M,M,M,M,M,M,M,M,M,M,M,M,M,M,93.45,VOTV 101040Z AUTO 29008KT 5SM 30/23 A2980 RMK T03000230 IEM_DS3505,M
VOTV,2004-10-10 13:40,76.9500,8.4667,M,M,M,280.00,5.00,M,M,M,4.00,M,M,M,M,M,M,M,M,M,M,M,M,M,M,M,M,M,VOTV 101340Z AUTO 28005KT 4SM RMK IEM_DS3505,M
VOTV,2004-10-10 14:40,76.9500,8.4667,M,M,M,280.00,4.00,M,M,M,4.00,M,M,M,M,M,M,M,M,M,M,M,M,M,M,M,M,M,VOTV 101440Z AUTO 28004KT 4SM RMK IEM_DS3505,M
VOTV,2004-10-10 15:40,76.9500,8.4667,M,M,M,360.00,3.00,M,M,M,4.00,M,M,M,M,M,M,M,M,M,M,M,M,M,M,M,M,M,VOTV 101540Z AUTO 36003KT 4SM RMK IEM_DS3505,M
VOTV,2004-10-11 00:40,76.9500,8.4667,M,M,M,0.00,0.00,M,M,M,2.50,M,M,M,M,M,M,M,M,M,M,M,M,M,M,M,M,M,VOTV 110040Z AUTO 00000KT 2 1/2SM RMK IEM_DS3505,M
VOTV,2004-10-11 02:40,76.9500,8.4667,M,M,M,350.00,6.00,M,M,M,5.00,M,M,M,M,M,M,M,M,M,M,M,M,M,M,M,M,M,VOTV 110240Z AUTO 35006KT 5SM RMK IEM_DS3505,M
VOTV,2004-10-11 03:40,76.9500,8.4667,M,M,M,360.00,8.00,M,M,M,7.00,M,M,M,M,M,M,M,M,M,M,M,M,M,M,M,M,M,VOTV 110340Z AUTO 36008KT 7SM RMK IEM_DS3505,M
VOTV,2004-10-11 05:40,76.9500,8.4667,87.80,75.20,66.35,290.00,10.00,M,29.91,M,7.00,M,M,M,M,M,M,M,M,M,M,M,M,M,M,M,M,97.76,VOTV 110540Z AUTO 29010KT 7SM 31/24 A2991 RMK T03100240 IEM_DS3505,M
VOTV,2004-10-11 06:40,76.9500,8.4667,M,M,M,290.00,6.00,M,M,M,7.00,M,M,M,M,M,M,M,M,M,M,M,M,M,M,M,M,M,VOTV 110640Z AUTO 29006KT 7SM RMK IEM_DS3505,M
VOTV,2004-10-11 07:40,76.9500,8.4667,M,M,M,290.00,10.00,M,M,M,7.00,M,M,M,M,M,M,M,M,M,M,M,M,M,M,M,M,M,VOTV 110740Z AUTO 29010KT 7SM RMK IEM_DS3505,M
VOTV,2004-10-11 08:40,76.9500,8.4667,M,M,M,290.00,10.00,M,M,M,7.00,M,M,M,M,M,M,M,M,M,M,M,M,M,M,M,M,M,VOTV 110840Z AUTO 29010KT 7SM RMK IEM_DS3505,M
VOTV,2004-10-11 09:40,76.9500,8.4667,M,M,M,280.00,10.00,M,M,M,7.00,M,M,M,M,M,M,M,M,M,M,M,M,M,M,M,M,M,VOTV 110940Z AUTO 28010KT 7SM RMK IEM_DS3505,M
VOTV,2004-10-11 10:40,76.9500,8.4667,86.00,73.40,66.15,360.00,10.00,0.00,29.80,M,6.21,M,FEW,SCT,M,M,2000.00,25000.00,M,M,M,M,M,M,M,M,M,93.45,VOTV 111040Z 36010KT 9999 FEW020 FEW025CB(E) SCT250 30/23 Q1009 NOSIG,M
VOTV,2004-10-11 11:40,76.9500,8.4667,M,M,M,290.00,8.00,M,M,M,7.00,M,M,M,M,M,M,M,M,M,M,M,M,M,M,M,M,M,VOTV 111140Z AUTO 29008KT 7SM RMK IEM_DS3505,M
VOTV,2004-10-11 12:40,76.9500,8.4667,86.00,75.20,70.27,290.00,6.00,M,29.83,M,5.00,M,M,M,M,M,M,M,M,M,M,M,M,M,M,M,M,95.19,VOTV 111240Z AUTO 29006KT 5SM 30/24 A2983 RMK T03000240 IEM_DS3505,M
VOTV,2004-10-11 13:40,76.9500,8.4667,M,M,M,310.00,4.00,M,M,M,4.00,M,M,M,M,M,M,M,M,M,M,M,M,M,M,M,M,M,VOTV 111340Z AUTO 31004KT 4SM RMK IEM_DS3505,M
VOTV,2004-10-11 14:40,76.9500,8.4667,M,M,M,340.00,4.00,M,M,M,4.00,M,M,M,M,M,M,M,M,M,M,M,M,M,M,M,M,M,VOTV 111440Z AUTO 34004KT 4SM RMK IEM_DS3505,M
VOTV,2004-10-11 15:40,76.9500,8.4667,M,M,M,340.00,4.00,M,M,M,4.00,M,M,M,M,M,M,M,M,M,M,M,M,M,M,M,M,M,VOTV 111540Z AUTO 34004KT 4SM RMK IEM_DS3505,M
VOTV,2004-10-11 16:40,76.9500,8.4667,M,M,M,340.00,4.00,M,M,M,4.00,M,M,M,M,M,M,M,M,M,M,M,M,M,M,M,M,M,VOTV 111640Z AUTO 34004KT 4SM RMK IEM_DS3505,M
VOTV,2004-10-11 17:40,76.9500,8.4667,M,M,M,340.00,3.00,M,M,M,4.00,M,M,M,M,M,M,M,M,M,M,M,M,M,M,M,M,M,VOTV 111740Z AUTO 34003KT 4SM RMK IEM_DS3505,M
VOTV,2004-10-11 23:40,76.9500,8.4667,M,M,M,340.00,3.00,M,M,M,4.00,M,M,M,M,M,M,M,M,M,M,M,M,M,M,M,M,M,VOTV 112340Z AUTO 34003KT 4SM RMK IEM_DS3505,M
VOTV,2004-10-12 00:40,76.9500,8.4667,78.80,75.20,88.75,10.00,4.00,M,29.85,M,3.00,M,M,M,M,M,M,M,M,M,M,M,M,M,M,M,M,82.38,VOTV 120040Z AUTO 01004KT 3SM 26/24 A2985 RMK T02600240 IEM_DS3505,M
VOTV,2004-10-12 01:40,76.9500,8.4667,82.40,75.20,78.90,340.00,4.00,M,29.88,M,3.00,M,M,M,M,M,M,M,M,M,M,M,M,M,M,M,M,89.48,VOTV 120140Z AUTO 34004KT 3SM 28/24 A2988 RMK T02800240 IEM_DS3505,M
VOTV,2004-10-12 03:40,76.9500,8.4667,87.80,73.40,62.47,310.00,7.00,M,29.91,M,5.00,M,M,M,M,M,M,M,M,M,M,M,M,M,M,M,M,95.86,VOTV 120340Z AUTO 31007KT 5SM 31/23 A2991 RMK T03100230 IEM_DS3505,M
VOTV,2004-10-12 05:40,76.9500,8.4667,87.80,71.60,58.78,250.00,8.00,M,29.88,M,5.00,M,M,M,M,M,M,M,M,M,M,M,M,M,M,M,M,94.18,VOTV 120540Z AUTO 25008KT 5SM 31/22 A2988 RMK T03100220 IEM_DS3505,M
VOTV,2004-10-12 07:40,76.9500,8.4667,87.80,73.40,62.47,290.00,11.00,M,29.83,M,5.00,M,M,M,M,M,M,M,M,M,M,M,M,M,M,M,M,95.86,VOTV 120740Z AUTO 29011KT 5SM 31/23 A2983 RMK T03100230 IEM_DS3505,M
VOTV,2004-10-12 08:40,76.9500,8.4667,M,M,M,280.00,9.00,M,M,M,5.00,M,M,M,M,M,M,M,M,M,M,M,M,M,M,M,M,M,VOTV 120840Z AUTO 28009KT 5SM RMK IEM_DS3505,M
VOTV,2004-10-12 09:40,76.9500,8.4667,M,M,M,290.00,8.00,M,M,M,5.00,M,M,M,M,M,M,M,M,M,M,M,M,M,M,M,M,M,VOTV 120940Z AUTO 29008KT 5SM RMK IEM_DS3505,M
VOTV,2004-10-12 10:40,76.9500,8.4667,M,M,M,290.00,8.00,M,M,M,4.00,M,M,M,M,M,M,M,M,M,M,M,M,M,M,M,M,M,VOTV 121040Z AUTO 29008KT 4SM RMK IEM_DS3505,M
VOTV,2004-10-12 11:40,76.9500,8.4667,M,M,M,300.00,8.00,M,M,M,4.00,M,M,M,M,M,M,M,M,M,M,M,M,M,M,M,M,M,VOTV 121140Z AUTO 30008KT 4SM RMK IEM_DS3505,M
VOTV,2004-10-12 12:40,76.9500,8.4667,84.20,75.20,74.44,310.00,7.00,M,29.83,M,4.00,M,M,M,M,M,M,M,M,M,M,M,M,M,M,M,M,92.45,VOTV 121240Z AUTO 31007KT 4SM 29/24 A2983 RMK T02900240 IEM_DS3505,M
VOTV,2004-10-12 14:40,76.9500,8.4667,82.40,73.40,74.28,10.00,3.00,M,29.88,M,3.00,M,M,M,M,M,M,M,M,M,M,M,M,M,M,M,M,88.26,VOTV 121440Z AUTO 01003KT 3SM 28/23 A2988 RMK T02800230 IEM_DS3505,M
VOTV,2004-10-12 16:40,76.9500,8.4667,82.40,75.20,78.90,0.00,0.00,M,29.91,M,2.50,M,M,M,M,M,M,M,M,M,M,M,M,M,M,M,M,89.48,VOTV 121640Z AUTO 00000KT 2 1/2SM 28/24 A2991 RMK T02800240 IEM_DS3505,M
VOTV,2004-10-12 17:40,76.9500,8.4667,M,M,M,0.00,0.00,M,M,M,2.50,M,M,M,M,M,M,M,M,M,M,M,M,M,M,M,M,M,VOTV 121740Z AUTO 00000KT 2 1/2SM RMK IEM_DS3505,M
VOTV,2004-10-12 23:40,76.9500,8.4667,M,M,M,0.00,0.00,M,M,M,2.50,M,M,M,M,M,M,M,M,M,M,M,M,M,M,M,M,M,VOTV 122340Z AUTO 00000KT 2 1/2SM RMK IEM_DS3505,M
VOTV,2004-10-13 00:40,76.9500,8.4667,M,M,M,0.00,0.00,M,M,M,2.50,M,M,M,M,M,M,M,M,M,M,M,M,M,M,M,M,M,VOTV 130040Z AUTO 00000KT 2 1/2SM RMK IEM_DS3505,M
VOTV,2004-10-13 01:40,76.9500,8.4667,M,M,M,0.00,0.00,M,M,M,2.50,M,M,M,M,M,M,M,M,M,M,M,M,M,M,M,M,M,VOTV 130140Z AUTO 00000KT 2 1/2SM RMK IEM_DS3505,M
VOTV,2004-10-13 03:40,76.9500,8.4667,84.20,75.20,74.44,250.00,3.00,M,29.91,M,4.00,M,M,M,M,M,M,M,M,M,M,M,M,M,M,M,M,92.45,VOTV 130340Z AUTO 25003KT 4SM 29/24 A2991 RMK T02900240 IEM_DS3505,M
VOTV,2004-10-13 04:40,76.9500,8.4667,M,M,M,260.00,3.00,M,M,M,4.00,M,M,M,M,M,M,M,M,M,M,M,M,M,M,M,M,M,VOTV 130440Z AUTO 26003KT 4SM RMK IEM_DS3505,M
VOTV,2004-10-13 05:40,76.9500,8.4667,M,M,M,250.00,8.00,M,M,M,4.00,M,M,M,M,M,M,M,M,M,M,M,M,M,M,M,M,M,VOTV 130540Z AUTO 25008KT 4SM RMK IEM_DS3505,M
VOTV,2004-10-13 06:40,76.9500,8.4667,M,M,M,310.00,10.00,M,M,M,4.00,M,M,M,M,M,M,M,M,M,M,M,M,M,M,M,M,M,VOTV 130640Z AUTO 31010KT 4SM RMK IEM_DS3505,M
VOTV,2004-10-13 07:40,76.9500,8.4667,M,M,M,300.00,10.00,M,M,M,4.00,M,M,M,M,M,M,M,M,M,M,M,M,M,M,M,M,M,VOTV 130740Z AUTO 30010KT 4SM RMK IEM_DS3505,M
VOTV,2004-10-13 08:40,76.9500,8.4667,M,M,M,310.00,9.00,M,M,M,4.00,M,M,M,M,M,M,M,M,M,M,M,M,M,M,M,M,M,VOTV 130840Z AUTO 31009KT 4SM RMK IEM_DS3505,M
VOTV,2004-10-13 09:40,76.9500,8.4667,M,M,M,290.00,9.00,M,M,M,4.00,M,M,M,M,M,M,M,M,M,M,M,M,M,M,M,M,M,VOTV 130940Z AUTO 29009KT 4SM RMK IEM_DS3505,M
VOTV,2004-10-13 10:40,76.9500,8.4667,M,M,M,280.00,5.00,M,M,M,4.00,M,M,M,M,M,M,M,M,M,M,M,M,M,M,M,M,M,VOTV 131040Z AUTO 28005KT 4SM RMK IEM_DS3505,M
VOTV,2004-10-13 11:40,76.9500,8.4667,M,M,M,280.00,6.00,M,M,M,4.00,M,M,M,M,M,M,M,M,M,M,M,M,M,M,M,M,M,VOTV 131140Z AUTO 28006KT 4SM RMK IEM_DS3505,M
VOTV,2004-10-13 12:40,76.9500,8.4667,M,M,M,300.00,5.00,M,M,M,4.00,M,M,M,M,M,M,M,M,M,M,M,M,M,M,M,M,M,VOTV 131240Z AUTO 30005KT 4SM RMK IEM_DS3505,M
VOTV,2004-10-13 15:40,76.9500,8.4667,M,M,M,0.00,0.00,M,M,M,2.00,M,M,M,M,M,M,M,M,M,M,M,M,M,M,M,M,M,VOTV 131540Z AUTO 00000KT 2SM RMK IEM_DS3505,M
VOTV,2004-10-13 17:40,76.9500,8.4667,M,M,M,0.00,0.00,M,M,M,2.00,M,M,M,M,M,M,M,M,M,M,M,M,M,M,M,M,M,VOTV 131740Z AUTO 00000KT 2SM RMK IEM_DS3505,M
VOTV,2004-10-14 00:40,76.9500,8.4667,78.80,71.60,78.62,M,M,M,29.88,M,2.50,M,M,M,M,M,M,M,M,M,M,M,M,M,M,M,M,78.80,VOTV 140040Z AUTO 2 1/2SM 26/22 A2988 RMK T02600220 IEM_DS3505,M
VOTV,2004-10-14 02:40,76.9500,8.4667,M,M,M,350.00,6.00,M,M,M,4.00,M,M,M,M,M,M,M,M,M,M,M,M,M,M,M,M,M,VOTV 140240Z AUTO 35006KT 4SM RMK IEM_DS3505,M
VOTV,2004-10-14 03:40,76.9500,8.4667,86.00,73.40,66.15,10.00,5.00,0.00,29.94,M,3.73,M,FEW,SCT,M,M,1500.00,10000.00,M,M,M,M,M,M,M,M,M,93.45,VOTV 140340Z 01005KT 6000 FEW015 FEW025CB(W) SCT100 30/23 Q1014 NOSIG,M
VOTV,2004-10-14 04:40,76.9500,8.4667,86.00,75.20,70.27,250.00,7.00,M,29.94,M,M,M,M,M,M,M,M,M,M,M,M,M,M,M,M,M,M,95.19,VOTV 140440Z AUTO 25007KT 30/24 A2994 RMK T03000240 IEM_DS3505,M
VOTV,2004-10-14 05:40,76.9500,8.4667,M,M,M,270.00,9.00,M,M,M,5.00,M,M,M,M,M,M,M,M,M,M,M,M,M,M,M,M,M,VOTV 140540Z AUTO 27009KT 5SM RMK IEM_DS3505,M
VOTV,2004-10-14 06:40,76.9500,8.4667,M,M,M,280.00,7.00,M,M,M,5.00,M,M,M,M,M,M,M,M,M,M,M,M,M,M,M,M,M,VOTV 140640Z AUTO 28007KT 5SM RMK IEM_DS3505,M
VOTV,2004-10-14 07:40,76.9500,8.4667,M,M,M,270.00,10.00,M,M,M,4.00,M,M,M,M,M,M,M,M,M,M,M,M,M,M,M,M,M,VOTV 140740Z AUTO 27010KT 4SM RMK IEM_DS3505,M
VOTV,2004-10-14 08:40,76.9500,8.4667,M,M,M,280.00,8.00,M,M,M,4.00,M,M,M,M,M,M,M,M,M,M,M,M,M,M,M,M,M,VOTV 140840Z AUTO 28008KT 4SM RMK IEM_DS3505,M
VOTV,2004-10-14 09:40,76.9500,8.4667,M,M,M,290.00,6.00,M,M,M,4.00,M,M,M,M,M,M,M,M,M,M,M,M,M,M,M,M,M,VOTV 140940Z AUTO 29006KT 4SM RMK IEM_DS3505,M
VOTV,2004-10-14 12:40,76.9500,8.4667,M,M,M,20.00,36.00,M,M,M,1.25,M,M,M,M,M,M,M,M,M,M,M,M,M,M,M,M,M,VOTV 141240Z AUTO 02036KT 1 1/4SM RMK IEM_DS3505,M
VOTV,2004-10-14 13:40,76.9500,8.4667,M,M,M,60.00,3.00,M,M,M,1.25,M,M,M,M,M,M,M,M,M,M,M,M,M,M,M,M,M,VOTV 141340Z AUTO 06003KT 1 1/4SM RMK IEM_DS3505,M
VOTV,2004-10-15 00:40,76.9500,8.4667,M,M,M,340.00,3.00,M,M,M,2.50,M,M,M,M,M,M,M,M,M,M,M,M,M,M,M,M,M,VOTV 150040Z AUTO 34003KT 2 1/2SM RMK IEM_DS3505,M
VOTV,2004-10-15 03:40,76.9500,8.4667,M,M,M,340.00,6.00,M,M,M,4.00,M,M,M,M,M,M,M,M,M,M,M,M,M,M,M,M,M,VOTV 150340Z AUTO 34006KT 4SM RMK IEM_DS3505,M
VOTV,2004-10-15 04:40,76.9500,8.4667,M,M,M,320.00,8.00,M,M,M,7.00,M,M,M,M,M,M,M,M,M,M,M,M,M,M,M,M,M,VOTV 150440Z AUTO 32008KT 7SM RMK IEM_DS3505,M
VOTV,2004-10-15 06:40,76.9500,8.4667,M,M,M,290.00,10.00,M,M,M,7.00,M,M,M,M,M,M,M,M,M,M,M,M,M,M,M,M,M,VOTV 150640Z AUTO 29010KT 7SM RMK IEM_DS3505,M
VOTV,2004-10-15 07:40,76.9500,8.4667,M,M,M,300.00,10.00,M,M,M,7.00,M,M,M,M,M,M,M,M,M,M,M,M,M,M,M,M,M,VOTV 150740Z AUTO 30010KT 7SM RMK IEM_DS3505,M
VOTV,2004-10-15 08:40,76.9500,8.4667,87.80,71.60,58.78,290.00,10.00,M,29.83,M,7.00,M,M,M,M,M,M,M,M,M,M,M,M,M,M,M,M,94.18,VOTV 150840Z AUTO 29010KT 7SM 31/22 A2983 RMK T03100220 IEM_DS3505,M
VOTV,2004-10-15 09:40,76.9500,8.4667,M,M,M,290.00,10.00,M,M,M,7.00,M,M,M,M,M,M,M,M,M,M,M,M,M,M,M,M,M,VOTV 150940Z AUTO 29010KT 7SM RMK IEM_DS3505,M
VOTV,2004-10-15 10:40,76.9500,8.4667,87.80,71.60,58.78,260.00,10.00,M,29.80,M,5.00,M,M,M,M,M,M,M,M,M,M,M,M,M,M,M,M,94.18,VOTV 151040Z AUTO 26010KT 5SM 31/22 A2980 RMK T03100220 IEM_DS3505,M
VOTV,2004-10-15 11:40,76.9500,8.4667,M,M,M,260.00,6.00,M,M,M,4.00,M,M,M,M,M,M,M,M,M,M,M,M,M,M,M,M,M,VOTV 151140Z AUTO 26006KT 4SM RMK IEM_DS3505,M
VOTV,2004-10-15 14:40,76.9500,8.4667,M,M,M,310.00,6.00,M,M,M,2.50,M,M,M,M,M,M,M,M,M,M,M,M,M,M,M,M,M,VOTV 151440Z AUTO 31006KT 2 1/2SM RMK IEM_DS3505,M
VOTV,2004-10-15 15:40,76.9500,8.4667,M,M,M,310.00,8.00,M,M,M,2.50,M,M,M,M,M,M,M,M,M,M,M,M,M,M,M,M,M,VOTV 151540Z AUTO 31008KT 2 1/2SM RMK IEM_DS3505,M
VOTV,2004-10-15 23:40,76.9500,8.4667,M,M,M,40.00,2.00,M,M,M,2.50,M,M,M,M,M,M,M,M,M,M,M,M,M,M,M,M,M,VOTV 152340Z AUTO 04002KT 2 1/2SM RMK IEM_DS3505,M
VOTV,2004-10-16 00:40,76.9500,8.4667,M,M,M,10.00,2.00,M,M,M,2.50,M,M,M,M,M,M,M,M,M,M,M,M,M,M,M,M,M,VOTV 160040Z AUTO 01002KT 2 1/2SM RMK IEM_DS3505,M
VOTV,2004-10-16 02:40,76.9500,8.4667,84.20,73.40,70.08,340.00,4.00,0.00,29.88,M,3.73,M,FEW,M,M,M,1800.00,M,M,M,M,M,M,M,M,M,M,90.94,VOTV 160240Z 34004KT 6000 FEW018 29/23 Q1012 NOSIG,M
VOTV,2004-10-16 07:40,76.9500,8.4667,M,M,M,260.00,6.00,M,M,M,7.00,M,M,M,M,M,M,M,M,M,M,M,M,M,M,M,M,M,VOTV 160740Z AUTO 26006KT 7SM RMK IEM_DS3505,M
VOTV,2004-10-16 09:40,76.9500,8.4667,M,M,M,260.00,8.00,M,M,M,7.00,M,M,M,M,M,M,M,M,M,M,M,M,M,M,M,M,M,VOTV 160940Z AUTO 26008KT 7SM RMK IEM_DS3505,M
VOTV,2004-10-16 10:40,76.9500,8.4667,M,M,M,270.00,7.00,M,M,M,5.00,M,M,M,M,M,M,M,M,M,M,M,M,M,M,M,M,M,VOTV 161040Z AUTO 27007KT 5SM RMK IEM_DS3505,M
VOTV,2004-10-16 11:40,76.9500,8.4667,M,M,M,300.00,8.00,M,M,M,4.00,M,M,M,M,M,M,M,M,M,M,M,M,M,M,M,M,M,VOTV 161140Z AUTO 30008KT 4SM RMK IEM_DS3505,M
VOTV,2004-10-16 12:40,76.9500,8.4667,M,M,M,290.00,7.00,M,M,M,4.00,M,M,M,M,M,M,M,M,M,M,M,M,M,M,M,M,M,VOTV 161240Z AUTO 29007KT 4SM RMK IEM_DS3505,M
VOTV,2004-10-16 13:40,76.9500,8.4667,84.20,75.20,74.44,310.00,4.00,M,29.83,M,4.00,M,M,M,M,M,M,M,M,M,M,M,M,M,M,M,M,92.45,VOTV 161340Z AUTO 31004KT 4SM 29/24 A2983 RMK T02900240 IEM_DS3505,M
VOTV,2004-10-16 14:40,76.9500,8.4667,M,M,M,340.00,5.00,M,M,M,4.00,M,M,M,M,M,M,M,M,M,M,M,M,M,M,M,M,M,VOTV 161440Z AUTO 34005KT 4SM RMK IEM_DS3505,M
VOTV,2004-10-16 15:40,76.9500,8.4667,M,M,M,0.00,0.00,M,M,M,4.00,M,M,M,M,M,M,M,M,M,M,M,M,M,M,M,M,M,VOTV 161540Z AUTO 00000KT 4SM RMK IEM_DS3505,M
VOTV,2004-10-16 23:40,76.9500,8.4667,M,M,M,0.00,0.00,M,M,M,2.50,M,M,M,M,M,M,M,M,M,M,M,M,M,M,M,M,M,VOTV 162340Z AUTO 00000KT 2 1/2SM RMK IEM_DS3505,M
VOTV,2004-10-17 01:40,76.9500,8.4667,M,M,M,0.00,0.00,M,M,M,2.50,M,M,M,M,M,M,M,M,M,M,M,M,M,M,M,M,M,VOTV 170140Z AUTO 00000KT 2 1/2SM RMK IEM_DS3505,M
VOTV,2004-10-17 02:40,76.9500,8.4667,M,M,M,350.00,3.00,M,M,M,2.50,M,M,M,M,M,M,M,M,M,M,M,M,M,M,M,M,M,VOTV 170240Z AUTO 35003KT 2 1/2SM RMK IEM_DS3505,M
VOTV,2004-10-17 05:40,76.9500,8.4667,87.80,73.40,62.47,270.00,3.00,M,29.85,M,5.00,M,M,M,M,M,M,M,M,M,M,M,M,M,M,M,M,95.86,VOTV 170540Z AUTO 27003KT 5SM 31/23 A2985 RMK T03100230 IEM_DS3505,M
VOTV,2004-10-17 06:40,76.9500,8.4667,89.60,75.20,62.68,270.00,7.00,M,29.85,M,5.00,M,M,M,M,M,M,M,M,M,M,M,M,M,M,M,M,100.23,VOTV 170640Z AUTO 27007KT 5SM 32/24 A2985 RMK T03200240 IEM_DS3505,M
VOTV,2004-10-17 07:40,76.9500,8.4667,M,M,M,260.00,8.00,M,M,M,5.00,M,M,M,M,M,M,M,M,M,M,M,M,M,M,M,M,M,VOTV 170740Z AUTO 26008KT 5SM RMK IEM_DS3505,M
VOTV,2004-10-17 09:40,76.9500,8.4667,M,M,M,270.00,10.00,M,M,M,2.50,M,M,M,M,M,M,M,M,M,M,M,M,M,M,M,M,M,VOTV 170940Z AUTO 27010KT 2 1/2SM RMK IEM_DS3505,M
VOTV,2004-10-17 10:40,76.9500,8.4667,M,M,M,20.00,3.00,M,M,M,2.50,M,M,M,M,M,M,M,M,M,M,M,M,M,M,M,M,M,VOTV 171040Z AUTO 02003KT 2 1/2SM RMK IEM_DS3505,M
VOTV,2004-10-17 11:40,76.9500,8.4667,M,M,M,60.00,5.00,M,M,M,2.50,M,M,M,M,M,M,M,M,M,M,M,M,M,M,M,M,M,VOTV 171140Z AUTO 06005KT 2 1/2SM RMK IEM_DS3505,M
VOTV,2004-10-17 12:40,76.9500,8.4667,M,M,M,80.00,5.00,M,M,M,2.50,M,M,M,M,M,M,M,M,M,M,M,M,M,M,M,M,M,VOTV 171240Z AUTO 08005KT 2 1/2SM RMK IEM_DS3505,M
VOTV,2004-10-17 13:40,76.9500,8.4667,M,M,M,90.00,3.00,M,M,M,2.50,M,M,M,M,M,M,M,M,M,M,M,M,M,M,M,M,M,VOTV 171340Z AUTO 09003KT 2 1/2SM RMK IEM_DS3505,M
VOTV,2004-10-17 14:40,76.9500,8.4667,80.60,75.20,83.66,0.00,0.00,M,29.83,M,2.50,M,M,M,M,M,M,M,M,M,M,M,M,M,M,M,M,86.17,VOTV 171440Z AUTO 00000KT 2 1/2SM 27/24 A2983 RMK T02700240 IEM_DS3505,M
VOTV,2004-10-17 15:40,76.9500,8.4667,80.60,75.20,83.66,0.00,0.00,M,29.85,M,2.50,M,M,M,M,M,M,M,M,M,M,M,M,M,M,M,M,86.17,VOTV 171540Z AUTO 00000KT 2 1/2SM 27/24 A2985 RMK T02700240 IEM_DS3505,M
VOTV,2004-10-17 16:40,76.9500,8.4667,80.60,75.20,83.66,0.00,0.00,M,29.85,M,2.50,M,M,M,M,M,M,M,M,M,M,M,M,M,M,M,M,86.17,VOTV 171640Z AUTO 00000KT 2 1/2SM 27/24 A2985 RMK T02700240 IEM_DS3505,M
VOTV,2004-10-18 01:40,76.9500,8.4667,78.80,75.20,88.75,0.00,0.00,M,29.85,M,1.25,M,M,M,M,M,M,M,M,M,M,M,M,M,M,M,M,82.38,VOTV 180140Z AUTO 00000KT 1 1/4SM 26/24 A2985 RMK T02600240 IEM_DS3505,M
VOTV,2004-10-18 02:40,76.9500,8.4667,78.80,75.20,88.75,50.00,3.00,M,29.88,M,1.25,M,M,M,M,M,M,M,M,M,M,M,M,M,M,M,M,82.38,VOTV 180240Z AUTO 05003KT 1 1/4SM 26/24 A2988 RMK T02600240 IEM_DS3505,M
VOTV,2004-10-18 03:40,76.9500,8.4667,82.40,75.20,78.90,20.00,3.00,M,29.88,M,2.00,M,M,M,M,M,M,M,M,M,M,M,M,M,M,M,M,89.48,VOTV 180340Z AUTO 02003KT 2SM 28/24 A2988 RMK T02800240 IEM_DS3505,M
VOTV,2004-10-18 04:40,76.9500,8.4667,75.20,73.40,94.14,250.00,3.00,M,29.85,M,3.00,M,M,M,M,M,M,M,M,M,M,M,M,M,M,M,M,76.84,VOTV 180440Z AUTO 25003KT 3SM 24/23 A2985 RMK T02400230 IEM_DS3505,M
VOTV,2004-10-18 05:40,76.9500,8.4667,82.40,73.40,74.28,270.00,3.00,M,29.85,M,4.00,M,M,M,M,M,M,M,M,M,M,M,M,M,M,M,M,88.26,VOTV 180540Z AUTO 27003KT 4SM 28/23 A2985 RMK T02800230 IEM_DS3505,M
VOTV,2004-10-18 06:40,76.9500,8.4667,82.40,73.40,74.28,240.00,3.00,M,29.83,M,4.00,M,M,M,M,M,M,M,M,M,M,M,M,M,M,M,M,88.26,VOTV 180640Z AUTO 24003KT 4SM 28/23 A2983 RMK T02800230 IEM_DS3505,M
VOTV,2004-10-18 07:40,76.9500,8.4667,M,M,M,230.00,4.00,M,M,M,4.00,M,M,M,M,M,M,M,M,M,M,M,M,M,M,M,M,M,VOTV 180740Z AUTO 23004KT 4SM RMK IEM_DS3505,M
VOTV,2004-10-18 08:40,76.9500,8.4667,86.00,75.20,70.27,250.00,3.00,M,29.80,M,M,M,M,M,M,M,M,M,M,M,M,M,M,M,M,M,M,95.19,VOTV 180840Z AUTO 25003KT 30/24 A2980 RMK T03000240 IEM_DS3505,M
VOTV,2004-10-18 11:40,76.9500,8.4667,84.20,75.20,74.44,210.00,6.00,M,29.77,M,4.00,M,M,M,M,M,M,M,M,M,M,M,M,M,M,M,M,92.45,VOTV 181140Z AUTO 21006KT 4SM 29/24 A2977 RMK T02900240 IEM_DS3505,M
VOTV,2004-10-18 12:40,76.9500,8.4667,84.20,77.00,79.04,180.00,3.00,M,29.77,M,4.00,M,M,M,M,M,M,M,M,M,M,M,M,M,M,M,M,94.16,VOTV 181240Z AUTO 18003KT 4SM 29/25 A2977 RMK T02900250 IEM_DS3505,M
VOTV,2004-10-18 13:40,76.9500,8.4667,M,M,M,20.00,5.00,M,M,M,2.00,M,M,M,M,M,M,M,M,M,M,M,M,M,M,M,M,M,VOTV 181340Z AUTO 02005KT 2SM RMK IEM_DS3505,M
VOTV,2004-10-18 15:40,76.9500,8.4667,M,M,M,0.00,0.00,M,M,M,2.00,M,M,M,M,M,M,M,M,M,M,M,M,M,M,M,M,M,VOTV 181540Z AUTO 00000KT 2SM RMK IEM_DS3505,M
VOTV,2004-10-18 16:40,76.9500,8.4667,M,M,M,0.00,0.00,M,M,M,2.00,M,M,M,M,M,M,M,M,M,M,M,M,M,M,M,M,M,VOTV 181640Z AUTO 00000KT 2SM RMK IEM_DS3505,M
VOTV,2004-10-18 23:40,76.9500,8.4667,M,M,M,0.00,0.00,M,M,M,2.50,M,M,M,M,M,M,M,M,M,M,M,M,M,M,M,M,M,VOTV 182340Z AUTO 00000KT 2 1/2SM RMK IEM_DS3505,M
VOTV,2004-10-19 00:40,76.9500,8.4667,M,M,M,0.00,0.00,M,M,M,2.50,M,M,M,M,M,M,M,M,M,M,M,M,M,M,M,M,M,VOTV 190040Z AUTO 00000KT 2 1/2SM RMK IEM_DS3505,M
VOTV,2004-10-19 04:40,76.9500,8.4667,M,M,M,260.00,4.00,M,M,M,3.00,M,M,M,M,M,M,M,M,M,M,M,M,M,M,M,M,M,VOTV 190440Z AUTO 26004KT 3SM RMK IEM_DS3505,M
VOTV,2004-10-19 05:40,76.9500,8.4667,M,M,M,250.00,3.00,M,M,M,4.00,M,M,M,M,M,M,M,M,M,M,M,M,M,M,M,M,M,VOTV 190540Z AUTO 25003KT 4SM RMK IEM_DS3505,M
VOTV,2004-10-19 06:40,76.9500,8.4667,86.00,77.00,74.61,250.00,4.00,M,29.80,M,4.00,M,M,M,M,M,M,M,M,M,M,M,M,M,M,M,M,97.15,VOTV 190640Z AUTO 25004KT 4SM 30/25 A2980 RMK T03000250 IEM_DS3505,M
VOTV,2004-10-19 09:40,76.9500,8.4667,M,M,M,200.00,4.00,M,M,M,4.00,M,M,M,M,M,M,M,M,M,M,M,M,M,M,M,M,M,VOTV 190940Z AUTO 20004KT 4SM RMK IEM_DS3505,M
VOTV,2004-10-19 10:40,76.9500,8.4667,M,M,M,180.00,4.00,M,M,M,4.00,M,M,M,M,M,M,M,M,M,M,M,M,M,M,M,M,M,VOTV 191040Z AUTO 18004KT 4SM RMK IEM_DS3505,M
VOTV,2004-10-19 11:40,76.9500,8.4667,M,M,M,M,M,M,M,M,4.00,M,M,M,M,M,M,M,M,M,M,M,M,M,M,M,M,M,VOTV 191140Z AUTO 4SM RMK IEM_DS3505,M
VOTV,2004-10-19 13:40,76.9500,8.4667,M,M,M,M,M,M,M,M,2.50,M,M,M,M,M,M,M,M,M,M,M,M,M,M,M,M,M,VOTV 191340Z AUTO 2 1/2SM RMK IEM_DS3505,M
VOTV,2004-10-19 14:40,76.9500,8.4667,M,M,M,0.00,0.00,M,M,M,2.50,M,M,M,M,M,M,M,M,M,M,M,M,M,M,M,M,M,VOTV 191440Z AUTO 00000KT 2 1/2SM RMK IEM_DS3505,M
VOTV,2004-10-19 15:40,76.9500,8.4667,M,M,M,50.00,4.00,M,M,M,2.50,M,M,M,M,M,M,M,M,M,M,M,M,M,M,M,M,M,VOTV 191540Z AUTO 05004KT 2 1/2SM RMK IEM_DS3505,M
VOTV,2004-10-19 23:40,76.9500,8.4667,M,M,M,0.00,0.00,M,M,M,2.00,M,M,M,M,M,M,M,M,M,M,M,M,M,M,M,M,M,VOTV 192340Z AUTO 00000KT 2SM RMK IEM_DS3505,M
VOTV,2004-10-20 04:40,76.9500,8.4667,84.20,75.20,74.44,0.00,0.00,M,29.83,M,3.00,M,M,M,M,M,M,M,M,M,M,M,M,M,M,M,M,92.45,VOTV 200440Z AUTO 00000KT 3SM 29/24 A2983 RMK T02900240 IEM_DS3505,M
VOTV,2004-10-20 07:40,76.9500,8.4667,M,M,M,210.00,2.00,M,M,M,4.00,M,M,M,M,M,M,M,M,M,M,M,M,M,M,M,M,M,VOTV 200740Z AUTO 21002KT 4SM RMK IEM_DS3505,M
VOTV,2004-10-20 08:40,76.9500,8.4667,M,M,M,220.00,4.00,M,M,M,4.00,M,M,M,M,M,M,M,M,M,M,M,M,M,M,M,M,M,VOTV 200840Z AUTO 22004KT 4SM RMK IEM_DS3505,M
VOTV,2004-10-20 09:40,76.9500,8.4667,M,M,M,200.00,8.00,M,M,M,4.00,M,M,M,M,M,M,M,M,M,M,M,M,M,M,M,M,M,VOTV 200940Z AUTO 20008KT 4SM RMK IEM_DS3505,M
VOTV,2004-10-20 10:40,76.9500,8.4667,M,M,M,200.00,6.00,M,M,M,4.00,M,M,M,M,M,M,M,M,M,M,M,M,M,M,M,M,M,VOTV 201040Z AUTO 20006KT 4SM RMK IEM_DS3505,M
VOTV,2004-10-20 11:40,76.9500,8.4667,M,M,M,210.00,5.00,M,M,M,4.00,M,M,M,M,M,M,M,M,M,M,M,M,M,M,M,M,M,VOTV 201140Z AUTO 21005KT 4SM RMK IEM_DS3505,M
VOTV,2004-10-20 13:40,76.9500,8.4667,M,M,M,250.00,3.00,M,M,M,4.00,M,M,M,M,M,M,M,M,M,M,M,M,M,M,M,M,M,VOTV 201340Z AUTO 25003KT 4SM RMK IEM_DS3505,M
VOTV,2004-10-20 21:40,76.9500,8.4667,M,M,M,0.00,0.00,M,M,M,2.50,M,M,M,M,M,M,M,M,M,M,M,M,M,M,M,M,M,VOTV 202140Z AUTO 00000KT 2 1/2SM RMK IEM_DS3505,M
VOTV,2004-10-21 00:40,76.9500,8.4667,77.00,75.20,94.19,90.00,6.00,0.00,29.80,M,2.49,M,FEW,SCT,BKN,M,1000.00,1500.00,10000.00,M,RA,M,M,M,M,M,M,77.00,VOTV 210040Z 09006KT 4000 RA FEW010 SCT015 FEW025CB(N/NE/W) BKN100 25/24 Q1009 TEMPO 2500 IN TSRA,M
VOTV,2004-10-21 04:40,76.9500,8.4667,M,M,M,110.00,6.00,M,M,M,3.00,M,M,M,M,M,M,M,M,M,M,M,M,M,M,M,M,M,VOTV 210440Z AUTO 11006KT 3SM RMK IEM_DS3505,M
VOTV,2004-10-21 06:40,76.9500,8.4667,M,M,M,M,M,M,M,M,3.00,M,M,M,M,M,M,M,M,M,M,M,M,M,M,M,M,M,VOTV 210640Z AUTO 3SM RMK IEM_DS3505,M
VOTV,2004-10-21 11:40,76.9500,8.4667,M,M,M,270.00,3.00,M,M,M,4.00,M,M,M,M,M,M,M,M,M,M,M,M,M,M,M,M,M,VOTV 211140Z AUTO 27003KT 4SM RMK IEM_DS3505,M
VOTV,2004-10-22 03:40,76.9500,8.4667,80.60,77.00,88.83,M,M,M,29.85,M,2.50,M,M,M,M,M,M,M,M,M,M,M,M,M,M,M,M,87.59,VOTV 220340Z AUTO 2 1/2SM 27/25 A2985 RMK T02700250 IEM_DS3505,M
VOTV,2004-10-22 04:40,76.9500,8.4667,84.20,75.20,74.44,260.00,5.00,M,29.85,M,4.00,M,M,M,M,M,M,M,M,M,M,M,M,M,M,M,M,92.45,VOTV 220440Z AUTO 26005KT 4SM 29/24 A2985 RMK T02900240 IEM_DS3505,M
VOTV,2004-10-22 05:40,76.9500,8.4667,86.00,75.20,70.27,260.00,4.00,M,29.83,M,M,M,M,M,M,M,M,M,M,M,M,M,M,M,M,M,M,95.19,VOTV 220540Z AUTO 26004KT 30/24 A2983 RMK T03000240 IEM_DS3505,M
VOTV,2004-10-22 08:40,76.9500,8.4667,M,M,M,270.00,6.00,M,M,M,4.00,M,M,M,M,M,M,M,M,M,M,M,M,M,M,M,M,M,VOTV 220840Z AUTO 27006KT 4SM RMK IEM_DS3505,M
VOTV,2004-10-22 10:40,76.9500,8.4667,M,M,M,240.00,3.00,M,M,M,4.00,M,M,M,M,M,M,M,M,M,M,M,M,M,M,M,M,M,VOTV 221040Z AUTO 24003KT 4SM RMK IEM_DS3505,M
VOTV,2004-10-22 12:40,76.9500,8.4667,84.20,77.00,79.04,0.00,0.00,M,29.77,M,4.00,M,M,M,M,M,M,M,M,M,M,M,M,M,M,M,M,94.16,VOTV 221240Z AUTO 00000KT 4SM 29/25 A2977 RMK T02900250 IEM_DS3505,M
VOTV,2004-10-22 14:40,76.9500,8.4667,M,M,M,0.00,0.00,M,M,M,2.50,M,M,M,M,M,M,M,M,M,M,M,M,M,M,M,M,M,VOTV 221440Z AUTO 00000KT 2 1/2SM RMK IEM_DS3505,M
VOTV,2004-10-22 15:40,76.9500,8.4667,M,M,M,0.00,0.00,M,M,M,2.50,M,M,M,M,M,M,M,M,M,M,M,M,M,M,M,M,M,VOTV 221540Z AUTO 00000KT 2 1/2SM RMK IEM_DS3505,M
VOTV,2004-10-22 23:40,76.9500,8.4667,M,M,M,0.00,0.00,M,M,M,2.00,M,M,M,M,M,M,M,M,M,M,M,M,M,M,M,M,M,VOTV 222340Z AUTO 00000KT 2SM RMK IEM_DS3505,M
VOTV,2004-10-23 00:40,76.9500,8.4667,M,M,M,90.00,3.00,M,M,M,2.00,M,M,M,M,M,M,M,M,M,M,M,M,M,M,M,M,M,VOTV 230040Z AUTO 09003KT 2SM RMK IEM_DS3505,M
VOTV,2004-10-23 04:40,76.9500,8.4667,86.00,73.40,66.15,50.00,5.00,M,29.85,M,5.00,M,M,M,M,M,M,M,M,M,M,M,M,M,M,M,M,93.45,VOTV 230440Z AUTO 05005KT 5SM 30/23 A2985 RMK T03000230 IEM_DS3505,M
VOTV,2004-10-23 05:40,76.9500,8.4667,87.80,73.40,62.47,260.00,6.00,M,29.85,M,7.00,M,M,M,M,M,M,M,M,M,M,M,M,M,M,M,M,95.86,VOTV 230540Z AUTO 26006KT 7SM 31/23 A2985 RMK T03100230 IEM_DS3505,M
VOTV,2004-10-23 07:40,76.9500,8.4667,M,M,M,240.00,8.00,M,M,M,5.00,M,M,M,M,M,M,M,M,M,M,M,M,M,M,M,M,M,VOTV 230740Z AUTO 24008KT 5SM RMK IEM_DS3505,M
VOTV,2004-10-23 08:40,76.9500,8.4667,87.80,75.20,66.35,220.00,5.00,M,29.77,M,5.00,M,M,M,M,M,M,M,M,M,M,M,M,M,M,M,M,97.76,VOTV 230840Z AUTO 22005KT 5SM 31/24 A2977 RMK T03100240 IEM_DS3505,M
VOTV,2004-10-23 09:40,76.9500,8.4667,84.20,75.20,74.44,0.00,0.00,M,29.74,M,4.00,M,M,M,M,M,M,M,M,M,M,M,M,M,M,M,M,92.45,VOTV 230940Z AUTO 00000KT 4SM 29/24 A2974 RMK T02900240 IEM_DS3505,M
VOTV,2004-10-23 10:40,76.9500,8.4667,82.40,77.00,83.77,0.00,0.00,M,29.74,M,4.00,M,M,M,M,M,M,M,M,M,M,M,M,M,M,M,M,90.85,VOTV 231040Z AUTO 00000KT 4SM 28/25 A2974 RMK T02800250 IEM_DS3505,M
VOTV,2004-10-23 11:40,76.9500,8.4667,M,M,M,0.00,0.00,M,M,M,4.00,M,M,M,M,M,M,M,M,M,M,M,M,M,M,M,M,M,VOTV 231140Z AUTO 00000KT 4SM RMK IEM_DS3505,M
VOTV,2004-10-23 12:40,76.9500,8.4667,M,M,M,40.00,4.00,M,M,M,4.00,M,M,M,M,M,M,M,M,M,M,M,M,M,M,M,M,M,VOTV 231240Z AUTO 04004KT 4SM RMK IEM_DS3505,M
VOTV,2004-10-23 13:40,76.9500,8.4667,M,M,M,40.00,3.00,M,M,M,4.00,M,M,M,M,M,M,M,M,M,M,M,M,M,M,M,M,M,VOTV 231340Z AUTO 04003KT 4SM RMK IEM_DS3505,M
VOTV,2004-10-23 14:40,76.9500,8.4667,82.40,75.20,78.90,30.00,2.00,0.00,29.80,M,2.49,M,FEW,BKN,M,M,1500.00,9000.00,M,M,HZ,M,M,M,M,M,M,89.48,VOTV 231440Z 03002KT 4000 HZ FEW015 FEW025CB(NE/NW) BKN090 28/24 Q1009 NOSIG,M
VOTV,2004-10-23 15:40,76.9500,8.4667,M,M,M,110.00,2.00,M,M,M,2.50,M,M,M,M,M,M,M,M,M,M,M,M,M,M,M,M,M,VOTV 231540Z AUTO 11002KT 2 1/2SM RMK IEM_DS3505,M
VOTV,2004-10-23 17:40,76.9500,8.4667,M,M,M,10.00,5.00,M,M,M,2.50,M,M,M,M,M,M,M,M,M,M,M,M,M,M,M,M,M,VOTV 231740Z AUTO 01005KT 2 1/2SM RMK IEM_DS3505,M
VOTV,2004-10-23 23:40,76.9500,8.4667,M,M,M,M,M,M,M,M,2.50,M,M,M,M,M,M,M,M,M,M,M,M,M,M,M,M,M,VOTV 232340Z AUTO 2 1/2SM RMK IEM_DS3505,M
VOTV,2004-10-24 00:40,76.9500,8.4667,M,M,M,90.00,3.00,M,M,M,2.50,M,M,M,M,M,M,M,M,M,M,M,M,M,M,M,M,M,VOTV 240040Z AUTO 09003KT 2 1/2SM RMK IEM_DS3505,M
VOTV,2004-10-24 01:40,76.9500,8.4667,M,M,M,90.00,3.00,M,M,M,2.50,M,M,M,M,M,M,M,M,M,M,M,M,M,M,M,M,M,VOTV 240140Z AUTO 09003KT 2 1/2SM RMK IEM_DS3505,M
VOTV,2004-10-24 02:40,76.9500,8.4667,82.40,75.20,78.90,30.00,4.00,M,29.83,M,2.50,M,M,M,M,M,M,M,M,M,M,M,M,M,M,M,M,89.48,VOTV 240240Z AUTO 03004KT 2 1/2SM 28/24 A2983 RMK T02800240 IEM_DS3505,M
VOTV,2004-10-24 04:40,76.9500,8.4667,84.20,75.20,74.44,240.00,3.00,M,29.83,M,4.00,M,M,M,M,M,M,M,M,M,M,M,M,M,M,M,M,92.45,VOTV 240440Z AUTO 24003KT 4SM 29/24 A2983 RMK T02900240 IEM_DS3505,M
VOTV,2004-10-24 05:40,76.9500,8.4667,86.00,77.00,74.61,240.00,5.00,M,29.83,M,4.00,M,M,M,M,M,M,M,M,M,M,M,M,M,M,M,M,97.15,VOTV 240540Z AUTO 24005KT 4SM 30/25 A2983 RMK T03000250 IEM_DS3505,M
VOTV,2004-10-24 06:40,76.9500,8.4667,87.80,75.20,66.35,270.00,5.00,M,29.80,M,5.00,M,M,M,M,M,M,M,M,M,M,M,M,M,M,M,M,97.76,VOTV 240640Z AUTO 27005KT 5SM 31/24 A2980 RMK T03100240 IEM_DS3505,M
VOTV,2004-10-24 07:40,76.9500,8.4667,87.80,73.40,62.47,290.00,6.00,0.00,29.77,M,4.97,M,FEW,SCT,M,M,1800.00,10000.00,M,M,M,M,M,M,M,M,M,95.86,VOTV 240740Z 29006KT 8000 FEW018 SCT100 31/23 Q1008 NOSIG,M
VOTV,2004-10-24 08:40,76.9500,8.4667,M,M,M,280.00,6.00,M,M,M,5.00,M,M,M,M,M,M,M,M,M,M,M,M,M,M,M,M,M,VOTV 240840Z AUTO 28006KT 5SM RMK IEM_DS3505,M
VOTV,2004-10-24 09:40,76.9500,8.4667,M,M,M,270.00,7.00,M,M,M,5.00,M,M,M,M,M,M,M,M,M,M,M,M,M,M,M,M,M,VOTV 240940Z AUTO 27007KT 5SM RMK IEM_DS3505,M
VOTV,2004-10-24 10:40,76.9500,8.4667,M,M,M,270.00,7.00,M,M,M,5.00,M,M,M,M,M,M,M,M,M,M,M,M,M,M,M,M,M,VOTV 241040Z AUTO 27007KT 5SM RMK IEM_DS3505,M
VOTV,2004-10-24 11:40,76.9500,8.4667,M,M,M,270.00,8.00,M,M,M,5.00,M,M,M,M,M,M,M,M,M,M,M,M,M,M,M,M,M,VOTV 241140Z AUTO 27008KT 5SM RMK IEM_DS3505,M
VOTV,2004-10-24 12:40,76.9500,8.4667,87.80,75.20,66.35,290.00,5.00,0.00,29.80,M,3.73,M,FEW,SCT,M,M,1500.00,25000.00,M,M,M,M,M,M,M,M,M,97.76,VOTV 241240Z 29005KT 6000 FEW015 FEW025CB(NE) SCT250 31/24 Q1009 NOSIG,M
VOTV,2004-10-24 13:40,76.9500,8.4667,86.00,75.20,70.27,290.00,5.00,M,29.83,M,3.00,M,M,M,M,M,M,M,M,M,M,M,M,M,M,M,M,95.19,VOTV 241340Z AUTO 29005KT 3SM 30/24 A2983 RMK T03000240 IEM_DS3505,M
VOTV,2004-10-24 14:40,76.9500,8.4667,M,M,M,290.00,5.00,M,M,M,3.00,M,M,M,M,M,M,M,M,M,M,M,M,M,M,M,M,M,VOTV 241440Z AUTO 29005KT 3SM RMK IEM_DS3505,M
VOTV,2004-10-24 15:40,76.9500,8.4667,M,M,M,330.00,2.00,M,M,M,3.00,M,M,M,M,M,M,M,M,M,M,M,M,M,M,M,M,M,VOTV 241540Z AUTO 33002KT 3SM RMK IEM_DS3505,M
VOTV,2004-10-25 08:40,76.9500,8.4667,86.00,75.20,70.27,250.00,4.00,M,29.77,M,M,M,M,M,M,M,M,M,M,M,M,M,M,M,M,M,M,95.19,VOTV 250840Z AUTO 25004KT 30/24 A2977 RMK T03000240 IEM_DS3505,M
VOTV,2004-10-25 15:40,76.9500,8.4667,82.40,73.40,74.28,0.00,0.00,0.00,29.88,M,2.49,M,FEW,BKN,M,M,1500.00,9000.00,M,M,HZ,M,M,M,M,M,M,88.26,VOTV 251540Z 00000KT 4000 HZ FEW015 FEW025(CB-W) BKN090 28/23 Q1012 NOSIG,M
VOTV,2004-10-25 16:40,76.9500,8.4667,M,M,M,0.00,0.00,M,M,M,2.50,M,M,M,M,M,M,M,M,M,M,M,M,M,M,M,M,M,VOTV 251640Z AUTO 00000KT 2 1/2SM RMK IEM_DS3505,M
VOTV,2004-10-26 00:40,76.9500,8.4667,M,M,M,80.00,4.00,M,M,M,2.00,M,M,M,M,M,M,M,M,M,M,M,M,M,M,M,M,M,VOTV 260040Z AUTO 08004KT 2SM RMK IEM_DS3505,M
VOTV,2004-10-26 07:40,76.9500,8.4667,M,M,M,220.00,6.00,M,M,M,3.00,M,M,M,M,M,M,M,M,M,M,M,M,M,M,M,M,M,VOTV 260740Z AUTO 22006KT 3SM RMK IEM_DS3505,M
VOTV,2004-10-26 08:40,76.9500,8.4667,M,M,M,220.00,4.00,M,M,M,3.00,M,M,M,M,M,M,M,M,M,M,M,M,M,M,M,M,M,VOTV 260840Z AUTO 22004KT 3SM RMK IEM_DS3505,M
VOTV,2004-10-26 09:40,76.9500,8.4667,M,M,M,230.00,3.00,M,M,M,5.00,M,M,M,M,M,M,M,M,M,M,M,M,M,M,M,M,M,VOTV 260940Z AUTO 23003KT 5SM RMK IEM_DS3505,M
VOTV,2004-10-26 10:40,76.9500,8.4667,M,M,M,250.00,4.00,M,M,M,5.00,M,M,M,M,M,M,M,M,M,M,M,M,M,M,M,M,M,VOTV 261040Z AUTO 25004KT 5SM RMK IEM_DS3505,M
VOTV,2004-10-26 11:40,76.9500,8.4667,M,M,M,240.00,4.00,M,M,M,4.00,M,M,M,M,M,M,M,M,M,M,M,M,M,M,M,M,M,VOTV 261140Z AUTO 24004KT 4SM RMK IEM_DS3505,M
VOTV,2004-10-26 13:40,76.9500,8.4667,M,M,M,110.00,2.00,M,M,M,4.00,M,M,M,M,M,M,M,M,M,M,M,M,M,M,M,M,M,VOTV 261340Z AUTO 11002KT 4SM RMK IEM_DS3505,M
VOTV,2004-10-26 14:40,76.9500,8.4667,M,M,M,0.00,0.00,M,M,M,2.50,M,M,M,M,M,M,M,M,M,M,M,M,M,M,M,M,M,VOTV 261440Z AUTO 00000KT 2 1/2SM RMK IEM_DS3505,M
VOTV,2004-10-26 15:40,76.9500,8.4667,M,M,M,0.00,0.00,M,M,M,2.50,M,M,M,M,M,M,M,M,M,M,M,M,M,M,M,M,M,VOTV 261540Z AUTO 00000KT 2 1/2SM RMK IEM_DS3505,M
VOTV,2004-10-26 16:40,76.9500,8.4667,M,M,M,0.00,0.00,M,M,M,2.50,M,M,M,M,M,M,M,M,M,M,M,M,M,M,M,M,M,VOTV 261640Z AUTO 00000KT 2 1/2SM RMK IEM_DS3505,M
VOTV,2004-10-26 23:40,76.9500,8.4667,M,M,M,0.00,0.00,M,M,M,2.50,M,M,M,M,M,M,M,M,M,M,M,M,M,M,M,M,M,VOTV 262340Z AUTO 00000KT 2 1/2SM RMK IEM_DS3505,M
VOTV,2004-10-27 00:40,76.9500,8.4667,M,M,M,0.00,0.00,M,M,M,2.50,M,M,M,M,M,M,M,M,M,M,M,M,M,M,M,M,M,VOTV 270040Z AUTO 00000KT 2 1/2SM RMK IEM_DS3505,M
VOTV,2004-10-27 01:40,76.9500,8.4667,M,M,M,0.00,0.00,M,M,M,2.00,M,M,M,M,M,M,M,M,M,M,M,M,M,M,M,M,M,VOTV 270140Z AUTO 00000KT 2SM RMK IEM_DS3505,M
VOTV,2004-10-27 04:40,76.9500,8.4667,M,M,M,0.00,0.00,M,M,M,3.00,M,M,M,M,M,M,M,M,M,M,M,M,M,M,M,M,M,VOTV 270440Z AUTO 00000KT 3SM RMK IEM_DS3505,M
VOTV,2004-10-27 06:40,76.9500,8.4667,M,M,M,290.00,7.00,M,M,M,5.00,M,M,M,M,M,M,M,M,M,M,M,M,M,M,M,M,M,VOTV 270640Z AUTO 29007KT 5SM RMK IEM_DS3505,M
VOTV,2004-10-27 07:40,76.9500,8.4667,M,M,M,290.00,5.00,M,M,M,4.00,M,M,M,M,M,M,M,M,M,M,M,M,M,M,M,M,M,VOTV 270740Z AUTO 29005KT 4SM RMK IEM_DS3505,M
VOTV,2004-10-27 08:40,76.9500,8.4667,M,M,M,0.00,0.00,M,M,M,5.00,M,M,M,M,M,M,M,M,M,M,M,M,M,M,M,M,M,VOTV 270840Z AUTO 00000KT 5SM RMK IEM_DS3505,M
VOTV,2004-10-27 09:40,76.9500,8.4667,M,M,M,M,M,M,M,M,5.00,M,M,M,M,M,M,M,M,M,M,M,M,M,M,M,M,M,VOTV 270940Z AUTO 5SM RMK IEM_DS3505,M
VOTV,2004-10-27 10:40,76.9500,8.4667,M,M,M,M,M,M,M,M,4.00,M,M,M,M,M,M,M,M,M,M,M,M,M,M,M,M,M,VOTV 271040Z AUTO 4SM RMK IEM_DS3505,M
VOTV,2004-10-27 14:40,76.9500,8.4667,M,M,M,120.00,3.00,M,M,M,2.50,M,M,M,M,M,M,M,M,M,M,M,M,M,M,M,M,M,VOTV 271440Z AUTO 12003KT 2 1/2SM RMK IEM_DS3505,M
VOTV,2004-10-27 15:40,76.9500,8.4667,M,M,M,120.00,4.00,M,M,M,2.50,M,M,M,M,M,M,M,M,M,M,M,M,M,M,M,M,M,VOTV 271540Z AUTO 12004KT 2 1/2SM RMK IEM_DS3505,M
VOTV,2004-10-27 16:40,76.9500,8.4667,M,M,M,100.00,3.00,M,M,M,2.50,M,M,M,M,M,M,M,M,M,M,M,M,M,M,M,M,M,VOTV 271640Z AUTO 10003KT 2 1/2SM RMK IEM_DS3505,M
VOTV,2004-10-28 00:40,76.9500,8.4667,M,M,M,0.00,0.00,M,M,M,2.50,M,M,M,M,M,M,M,M,M,M,M,M,M,M,M,M,M,VOTV 280040Z AUTO 00000KT 2 1/2SM RMK IEM_DS3505,M
VOTV,2004-10-28 01:40,76.9500,8.4667,78.80,75.20,88.75,M,M,M,29.77,M,1.25,M,M,M,M,M,M,M,M,M,M,M,M,M,M,M,M,78.80,VOTV 280140Z AUTO 1 1/4SM 26/24 A2977 RMK T02600240 IEM_DS3505,M
VOTV,2004-10-28 02:40,76.9500,8.4667,80.60,75.20,83.66,M,2.00,0.00,29.80,M,1.24,M,SCT,BKN,M,M,1500.00,9000.00,M,M,BR,M,M,M,M,M,M,86.17,VOTV 280240Z VRB02KT 2000 BR SCT015 BKN090 27/24 Q1009 VIS BECMG 3000M IN HZ,M
VOTV,2004-10-28 07:40,76.9500,8.4667,87.80,75.20,66.35,250.00,6.00,M,29.77,M,M,M,M,M,M,M,M,M,M,M,M,M,M,M,M,M,M,97.76,VOTV 280740Z AUTO 25006KT 31/24 A2977 RMK T03100240 IEM_DS3505,M
VOTV,2004-10-28 08:40,76.9500,8.4667,M,M,M,250.00,6.00,M,M,M,5.00,M,M,M,M,M,M,M,M,M,M,M,M,M,M,M,M,M,VOTV 280840Z AUTO 25006KT 5SM RMK IEM_DS3505,M
VOTV,2004-10-28 10:40,76.9500,8.4667,M,M,M,210.00,5.00,M,M,M,5.00,M,M,M,M,M,M,M,M,M,M,M,M,M,M,M,M,M,VOTV 281040Z AUTO 21005KT 5SM RMK IEM_DS3505,M
VOTV,2004-10-28 11:40,76.9500,8.4667,M,M,M,210.00,3.00,M,M,M,4.00,M,M,M,M,M,M,M,M,M,M,M,M,M,M,M,M,M,VOTV 281140Z AUTO 21003KT 4SM RMK IEM_DS3505,M
VOTV,2004-10-28 15:40,76.9500,8.4667,M,M,M,0.00,0.00,M,M,M,2.50,M,M,M,M,M,M,M,M,M,M,M,M,M,M,M,M,M,VOTV 281540Z AUTO 00000KT 2 1/2SM RMK IEM_DS3505,M
VOTV,2004-10-28 23:40,76.9500,8.4667,78.80,75.20,88.75,0.00,0.00,M,29.77,M,2.50,M,M,M,M,M,M,M,M,M,M,M,M,M,M,M,M,82.38,VOTV 282340Z AUTO 00000KT 2 1/2SM 26/24 A2977 RMK T02600240 IEM_DS3505,M
VOTV,2004-10-29 00:40,76.9500,8.4667,78.80,75.20,88.75,0.00,0.00,M,29.77,M,2.50,M,M,M,M,M,M,M,M,M,M,M,M,M,M,M,M,82.38,VOTV 290040Z AUTO 00000KT 2 1/2SM 26/24 A2977 RMK T02600240 IEM_DS3505,M
VOTV,2004-10-29 02:40,76.9500,8.4667,78.80,75.20,88.75,0.00,0.00,M,29.83,M,2.00,M,M,M,M,M,M,M,M,M,M,M,M,M,M,M,M,82.38,VOTV 290240Z AUTO 00000KT 2SM 26/24 A2983 RMK T02600240 IEM_DS3505,M
VOTV,2004-10-29 03:40,76.9500,8.4667,M,M,M,M,M,M,M,M,2.50,M,M,M,M,M,M,M,M,M,M,M,M,M,M,M,M,M,VOTV 290340Z AUTO 2 1/2SM RMK IEM_DS3505,M
VOTV,2004-10-29 04:40,76.9500,8.4667,86.00,75.20,70.27,220.00,4.00,M,29.83,M,5.00,M,M,M,M,M,M,M,M,M,M,M,M,M,M,M,M,95.19,VOTV 290440Z AUTO 22004KT 5SM 30/24 A2983 RMK T03000240 IEM_DS3505,M
VOTV,2004-10-29 05:40,76.9500,8.4667,M,M,M,250.00,5.00,M,M,M,7.00,M,M,M,M,M,M,M,M,M,M,M,M,M,M,M,M,M,VOTV 290540Z AUTO 25005KT 7SM RMK IEM_DS3505,M
VOTV,2004-10-29 06:40,76.9500,8.4667,M,M,M,230.00,5.00,M,M,M,7.00,M,M,M,M,M,M,M,M,M,M,M,M,M,M,M,M,M,VOTV 290640Z AUTO 23005KT 7SM RMK IEM_DS3505,M
VOTV,2004-10-29 07:40,76.9500,8.4667,M,M,M,250.00,9.00,M,M,M,5.00,M,M,M,M,M,M,M,M,M,M,M,M,M,M,M,M,M,VOTV 290740Z AUTO 25009KT 5SM RMK IEM_DS3505,M
VOTV,2004-10-29 08:40,76.9500,8.4667,M,M,M,270.00,6.00,M,M,M,4.00,M,M,M,M,M,M,M,M,M,M,M,M,M,M,M,M,M,VOTV 290840Z AUTO 27006KT 4SM RMK IEM_DS3505,M
VOTV,2004-10-29 09:40,76.9500,8.4667,M,M,M,220.00,4.00,M,M,M,4.00,M,M,M,M,M,M,M,M,M,M,M,M,M,M,M,M,M,VOTV 290940Z AUTO 22004KT 4SM RMK IEM_DS3505,M
VOTV,2004-10-29 12:40,76.9500,8.4667,M,M,M,30.00,6.00,M,M,M,2.50,M,M,M,M,M,M,M,M,M,M,M,M,M,M,M,M,M,VOTV 291240Z AUTO 03006KT 2 1/2SM RMK IEM_DS3505,M
VOTV,2004-10-29 16:40,76.9500,8.4667,M,M,M,140.00,3.00,M,M,M,2.50,M,M,M,M,M,M,M,M,M,M,M,M,M,M,M,M,M,VOTV 291640Z AUTO 14003KT 2 1/2SM RMK IEM_DS3505,M
VOTV,2004-10-30 02:40,76.9500,8.4667,M,M,M,100.00,5.00,M,M,M,4.00,M,M,M,M,M,M,M,M,M,M,M,M,M,M,M,M,M,VOTV 300240Z AUTO 10005KT 4SM RMK IEM_DS3505,M
VOTV,2004-10-30 05:40,76.9500,8.4667,M,M,M,260.00,4.00,M,M,M,5.00,M,M,M,M,M,M,M,M,M,M,M,M,M,M,M,M,M,VOTV 300540Z AUTO 26004KT 5SM RMK IEM_DS3505,M
VOTV,2004-10-30 06:40,76.9500,8.4667,M,M,M,270.00,5.00,M,M,M,5.00,M,M,M,M,M,M,M,M,M,M,M,M,M,M,M,M,M,VOTV 300640Z AUTO 27005KT 5SM RMK IEM_DS3505,M
VOTV,2004-10-30 07:40,76.9500,8.4667,M,M,M,250.00,6.00,M,M,M,5.00,M,M,M,M,M,M,M,M,M,M,M,M,M,M,M,M,M,VOTV 300740Z AUTO 25006KT 5SM RMK IEM_DS3505,M
VOTV,2004-10-30 08:40,76.9500,8.4667,M,M,M,270.00,8.00,M,M,M,5.00,M,M,M,M,M,M,M,M,M,M,M,M,M,M,M,M,M,VOTV 300840Z AUTO 27008KT 5SM RMK IEM_DS3505,M
VOTV,2004-10-30 09:40,76.9500,8.4667,M,M,M,270.00,5.00,M,M,M,7.00,M,M,M,M,M,M,M,M,M,M,M,M,M,M,M,M,M,VOTV 300940Z AUTO 27005KT 7SM RMK IEM_DS3505,M
VOTV,2004-10-30 12:40,76.9500,8.4667,M,M,M,30.00,4.00,M,M,M,5.00,M,M,M,M,M,M,M,M,M,M,M,M,M,M,M,M,M,VOTV 301240Z AUTO 03004KT 5SM RMK IEM_DS3505,M
VOTV,2004-10-30 13:40,76.9500,8.4667,82.40,75.20,78.90,0.00,0.00,M,29.77,M,4.00,M,M,M,M,M,M,M,M,M,M,M,M,M,M,M,M,89.48,VOTV 301340Z AUTO 00000KT 4SM 28/24 A2977 RMK T02800240 IEM_DS3505,M
VOTV,2004-10-30 14:40,76.9500,8.4667,M,M,M,0.00,0.00,M,M,M,4.00,M,M,M,M,M,M,M,M,M,M,M,M,M,M,M,M,M,VOTV 301440Z AUTO 00000KT 4SM RMK IEM_DS3505,M
VOTV,2004-10-30 15:40,76.9500,8.4667,M,M,M,0.00,0.00,M,M,M,4.00,M,M,M,M,M,M,M,M,M,M,M,M,M,M,M,M,M,VOTV 301540Z AUTO 00000KT 4SM RMK IEM_DS3505,M
VOTV,2004-10-30 16:40,76.9500,8.4667,M,M,M,0.00,0.00,M,M,M,4.00,M,M,M,M,M,M,M,M,M,M,M,M,M,M,M,M,M,VOTV 301640Z AUTO 00000KT 4SM RMK IEM_DS3505,M
VOTV,2004-10-30 17:40,76.9500,8.4667,M,M,M,0.00,0.00,M,M,M,4.00,M,M,M,M,M,M,M,M,M,M,M,M,M,M,M,M,M,VOTV 301740Z AUTO 00000KT 4SM RMK IEM_DS3505,M
VOTV,2004-10-30 22:40,76.9500,8.4667,M,M,M,0.00,0.00,M,M,M,2.50,M,M,M,M,M,M,M,M,M,M,M,M,M,M,M,M,M,VOTV 302240Z AUTO 00000KT 2 1/2SM RMK IEM_DS3505,M
VOTV,2004-10-30 23:40,76.9500,8.4667,M,M,M,0.00,0.00,M,M,M,2.50,M,M,M,M,M,M,M,M,M,M,M,M,M,M,M,M,M,VOTV 302340Z AUTO 00000KT 2 1/2SM RMK IEM_DS3505,M
VOTV,2004-10-31 01:40,76.9500,8.4667,78.80,75.20,88.75,80.00,4.00,0.00,29.80,M,1.86,M,SCT,SCT,OVC,M,800.00,1200.00,9000.00,M,HZ,M,M,M,M,M,M,78.80,VOTV 310140Z 08004KT 3000 HZ SCT008 SCT012 FEW025CB(E NE) OVC090 26/24 Q1009 N/S,M
VOTV,2004-10-31 02:40,76.9500,8.4667,M,M,M,90.00,5.00,M,M,M,2.00,M,M,M,M,M,M,M,M,M,M,M,M,M,M,M,M,M,VOTV 310240Z AUTO 09005KT 2SM RMK IEM_DS3505,M
VOTV,2004-10-31 03:40,76.9500,8.4667,82.40,75.20,78.90,120.00,8.00,M,29.85,M,2.00,M,M,M,M,M,M,M,M,M,M,M,M,M,M,M,M,89.48,VOTV 310340Z AUTO 12008KT 2SM 28/24 A2985 RMK T02800240 IEM_DS3505,M
VOTV,2004-10-31 04:40,76.9500,8.4667,M,M,M,M,M,M,M,M,1.00,M,M,M,M,M,M,M,M,M,M,M,M,M,M,M,M,M,VOTV 310440Z AUTO 1SM RMK IEM_DS3505,M
VOTV,2004-10-31 06:40,76.9500,8.4667,86.00,77.00,74.61,110.00,10.00,0.00,29.83,M,M,M,FEW,BKN,M,M,2500.00,10000.00,M,M,M,M,M,M,M,M,M,97.15,VOTV 310640Z 11010KT 8000 SCT015 FEW025CB (SE S W) BKN100 30/25 Q1010 N/S,M
VOTV,2004-10-31 07:40,76.9500,8.4667,86.00,35.60,16.63,110.00,15.00,0.00,29.83,M,M,M,FEW,BKN,M,M,2500.00,10000.00,M,M,M,M,M,M,M,M,M,82.69,VOTV 310740Z 11015KT 8000 SCT015 FEW025CB (SE S W) BKN100 30/2 5 Q1010 TEMPO 4000 IN TSRA,M
VOTV,2004-10-31 08:40,76.9500,8.4667,78.80,77.00,94.23,100.00,8.00,0.00,29.80,M,3.73,M,SCT,SCT,FEW,OVC,1000.00,1500.00,2500.00,8000.00,DZ,M,M,M,M,M,M,78.80,VOTV 310840Z 10008KT 6000 DZ SCT010 SCT015 FEW025CB (S SW W) OVC080 26/25 Q1009 N/S,M
VOTV,2004-10-31 09:40,76.9500,8.4667,M,M,M,100.00,8.00,M,M,M,4.00,M,M,M,M,M,M,M,M,M,M,M,M,M,M,M,M,M,VOTV 310940Z AUTO 10008KT 4SM RMK IEM_DS3505,M
VOTV,2004-10-31 10:40,76.9500,8.4667,M,M,M,100.00,6.00,M,M,M,4.00,M,M,M,M,M,M,M,M,M,M,M,M,M,M,M,M,M,VOTV 311040Z AUTO 10006KT 4SM RMK IEM_DS3505,M
VOTV,2004-10-31 11:40,76.9500,8.4667,M,M,M,100.00,6.00,M,M,M,4.00,M,M,M,M,M,M,M,M,M,M,M,M,M,M,M,M,M,VOTV 311140Z AUTO 10006KT 4SM RMK IEM_DS3505,M
VOTV,2004-10-31 15:40,76.9500,8.4667,M,M,M,100.00,4.00,M,M,M,2.50,M,M,M,M,M,M,M,M,M,M,M,M,M,M,M,M,M,VOTV 311540Z AUTO 10004KT 2 1/2SM RMK IEM_DS3505,M
VOTV,2004-11-01 05:40,76.9500,8.4667,M,M,M,M,2.00,0.00,29.91,M,2.49,M,SCT,BKN,M,M,1500.00,9000.00,M,M,HZ,M,M,M,M,M,M,M,VOTV 010540Z VRB02KT 4000 HZ SCT015 FEW025CB(E SE) BKN090 Q1013 BECMG 6KM,M
VOTV,2004-11-01 09:40,76.9500,8.4667,80.60,75.20,83.66,M,3.00,0.00,29.83,M,3.11,M,FEW,SCT,BKN,M,800.00,1500.00,9000.00,M,DZ,M,M,M,M,M,M,86.17,VOTV 010940Z VRB03KT 5000 DZ FEW008 SCT015 FEW025CB(N NE E) BKN090 27/24 Q1010 NOSIG,M
VOTV,2004-11-01 10:40,76.9500,8.4667,M,M,M,0.00,0.00,M,M,M,3.00,M,M,M,M,M,M,M,M,M,M,M,M,M,M,M,M,M,VOTV 011040Z AUTO 00000KT 3SM RMK IEM_DS3505,M
VOTV,2004-11-01 11:40,76.9500,8.4667,M,M,M,M,M,M,M,M,1.25,M,M,M,M,M,M,M,M,M,M,M,M,M,M,M,M,M,VOTV 011140Z AUTO 1 1/4SM RMK IEM_DS3505,M
VOTV,2004-11-01 12:40,76.9500,8.4667,75.20,73.40,94.14,0.00,0.00,0.00,29.85,M,1.55,M,FEW,SCT,OVC,M,800.00,1500.00,9000.00,M,RA,M,M,M,M,M,M,75.20,VOTV 011240Z 00000KT 2500 RA FEW008 SCT015 FEW025CB(N NE E) OVC090 24/23 Q1011 NOSIG,M
VOTV,2004-11-01 13:40,76.9500,8.4667,M,M,M,M,M,M,M,M,1.50,M,M,M,M,M,M,M,M,M,M,M,M,M,M,M,M,M,VOTV 011340Z AUTO 1 1/2SM RMK IEM_DS3505,M
VOTV,2004-11-01 14:40,76.9500,8.4667,M,M,M,M,M,M,M,M,1.50,M,M,M,M,M,M,M,M,M,M,M,M,M,M,M,M,M,VOTV 011440Z AUTO 1 1/2SM RMK IEM_DS3505,M
VOTV,2004-11-01 15:40,76.9500,8.4667,M,M,M,M,M,M,M,M,2.00,M,M,M,M,M,M,M,M,M,M,M,M,M,M,M,M,M,VOTV 011540Z AUTO 2SM RMK IEM_DS3505,M
VOTV,2004-11-01 16:40,76.9500,8.4667,M,M,M,M,M,M,M,M,2.00,M,M,M,M,M,M,M,M,M,M,M,M,M,M,M,M,M,VOTV 011640Z AUTO 2SM RMK IEM_DS3505,M
VOTV,2004-11-01 20:40,76.9500,8.4667,M,M,M,0.00,0.00,M,M,M,2.00,M,M,M,M,M,M,M,M,M,M,M,M,M,M,M,M,M,VOTV 012040Z AUTO 00000KT 2SM RMK IEM_DS3505,M
VOTV,2004-11-01 23:40,76.9500,8.4667,M,M,M,0.00,0.00,M,M,M,2.00,M,M,M,M,M,M,M,M,M,M,M,M,M,M,M,M,M,VOTV 012340Z AUTO 00000KT 2SM RMK IEM_DS3505,M
VOTV,2004-11-02 00:40,76.9500,8.4667,M,M,M,0.00,0.00,M,M,M,2.00,M,M,M,M,M,M,M,M,M,M,M,M,M,M,M,M,M,VOTV 020040Z AUTO 00000KT 2SM RMK IEM_DS3505,M
VOTV,2004-11-02 02:40,76.9500,8.4667,80.60,75.20,83.66,0.00,0.00,M,29.88,M,3.00,M,M,M,M,M,M,M,M,M,M,M,M,M,M,M,M,86.17,VOTV 020240Z AUTO 00000KT 3SM 27/24 A2988 RMK T02700240 IEM_DS3505,M
VOTV,2004-11-02 04:40,76.9500,8.4667,86.00,73.40,66.15,0.00,0.00,M,29.91,M,5.00,M,M,M,M,M,M,M,M,M,M,M,M,M,M,M,M,93.45,VOTV 020440Z AUTO 00000KT 5SM 30/23 A2991 RMK T03000230 IEM_DS3505,M
VOTV,2004-11-02 05:40,76.9500,8.4667,86.00,73.40,66.15,240.00,5.00,M,29.88,M,5.00,M,M,M,M,M,M,M,M,M,M,M,M,M,M,M,M,93.45,VOTV 020540Z AUTO 24005KT 5SM 30/23 A2988 RMK T03000230 IEM_DS3505,M
VOTV,2004-11-02 11:40,76.9500,8.4667,84.20,73.40,70.08,220.00,4.00,M,29.80,M,M,M,M,M,M,M,M,M,M,M,M,M,M,M,M,M,M,90.94,VOTV 021140Z AUTO 22004KT 29/23 A2980 RMK T02900230 IEM_DS3505,M
VOTV,2004-11-02 13:40,76.9500,8.4667,M,M,M,160.00,4.00,M,M,M,3.00,M,M,M,M,M,M,M,M,M,M,M,M,M,M,M,M,M,VOTV 021340Z AUTO 16004KT 3SM RMK IEM_DS3505,M
VOTV,2004-11-02 14:40,76.9500,8.4667,M,M,M,100.00,4.00,M,M,M,3.00,M,M,M,M,M,M,M,M,M,M,M,M,M,M,M,M,M,VOTV 021440Z AUTO 10004KT 3SM RMK IEM_DS3505,M
VOTV,2004-11-03 02:40,76.9500,8.4667,80.60,75.20,83.66,M,M,M,29.85,M,2.50,M,M,M,M,M,M,M,M,M,M,M,M,M,M,M,M,86.17,VOTV 030240Z AUTO 2 1/2SM 27/24 A2985 RMK T02700240 IEM_DS3505,M
VOTV,2004-11-03 03:40,76.9500,8.4667,84.20,73.40,70.08,0.00,0.00,M,29.88,M,M,M,M,M,M,M,M,M,M,M,M,M,M,M,M,M,M,90.94,VOTV 030340Z AUTO 00000KT 29/23 A2988 RMK T02900230 IEM_DS3505,M
VOTV,2004-11-03 04:40,76.9500,8.4667,86.00,75.20,70.27,0.00,0.00,M,29.88,M,M,M,M,M,M,M,M,M,M,M,M,M,M,M,M,M,M,95.19,VOTV 030440Z AUTO 00000KT 30/24 A2988 RMK T03000240 IEM_DS3505,M
VOTV,2004-11-03 05:40,76.9500,8.4667,86.00,75.20,70.27,170.00,6.00,M,29.85,M,M,M,M,M,M,M,M,M,M,M,M,M,M,M,M,M,M,95.19,VOTV 030540Z AUTO 17006KT 30/24 A2985 RMK T03000240 IEM_DS3505,M
VOTV,2004-11-03 06:40,76.9500,8.4667,86.00,75.20,70.27,220.00,4.00,M,29.83,M,M,M,M,M,M,M,M,M,M,M,M,M,M,M,M,M,M,95.19,VOTV 030640Z AUTO 22004KT 30/24 A2983 RMK T03000240 IEM_DS3505,M
VOTV,2004-11-03 08:40,76.9500,8.4667,M,M,M,230.00,4.00,M,M,M,4.00,M,M,M,M,M,M,M,M,M,M,M,M,M,M,M,M,M,VOTV 030840Z AUTO 23004KT 4SM RMK IEM_DS3505,M
VOTV,2004-11-03 09:40,76.9500,8.4667,M,M,M,220.00,3.00,M,M,M,4.00,M,M,M,M,M,M,M,M,M,M,M,M,M,M,M,M,M,VOTV 030940Z AUTO 22003KT 4SM RMK IEM_DS3505,M
VOTV,2004-11-03 10:40,76.9500,8.4667,M,M,M,270.00,5.00,M,M,M,4.00,M,M,M,M,M,M,M,M,M,M,M,M,M,M,M,M,M,VOTV 031040Z AUTO 27005KT 4SM RMK IEM_DS3505,M
VOTV,2004-11-03 11:40,76.9500,8.4667,84.20,73.40,70.08,240.00,4.00,M,29.77,M,M,M,M,M,M,M,M,M,M,M,M,M,M,M,M,M,M,90.94,VOTV 031140Z AUTO 24004KT 29/23 A2977 RMK T02900230 IEM_DS3505,M
VOTV,2004-11-03 14:40,76.9500,8.4667,M,M,M,90.00,4.00,M,M,M,2.50,M,M,M,M,M,M,M,M,M,M,M,M,M,M,M,M,M,VOTV 031440Z AUTO 09004KT 2 1/2SM RMK IEM_DS3505,M
VOTV,2004-11-03 15:40,76.9500,8.4667,M,M,M,310.00,3.00,M,M,M,2.50,M,M,M,M,M,M,M,M,M,M,M,M,M,M,M,M,M,VOTV 031540Z AUTO 31003KT 2 1/2SM RMK IEM_DS3505,M
VOTV,2004-11-04 03:40,76.9500,8.4667,84.20,73.40,70.08,40.00,4.00,M,29.85,M,2.50,M,M,M,M,M,M,M,M,M,M,M,M,M,M,M,M,90.94,VOTV 040340Z AUTO 04004KT 2 1/2SM 29/23 A2985 RMK T02900230 IEM_DS3505,M
VOTV,2004-11-04 05:40,76.9500,8.4667,86.00,75.20,70.27,170.00,4.00,M,29.85,M,M,M,M,M,M,M,M,M,M,M,M,M,M,M,M,M,M,95.19,VOTV 040540Z AUTO 17004KT 30/24 A2985 RMK T03000240 IEM_DS3505,M
VOTV,2004-11-04 06:40,76.9500,8.4667,86.00,75.20,70.27,M,M,M,29.85,M,M,M,M,M,M,M,M,M,M,M,M,M,M,M,M,M,M,95.19,VOTV 040640Z AUTO 30/24 A2985 RMK T03000240 IEM_DS3505,M
VOTV,2004-11-04 07:40,76.9500,8.4667,87.80,75.20,66.35,220.00,5.00,M,29.80,M,M,M,M,M,M,M,M,M,M,M,M,M,M,M,M,M,M,97.76,VOTV 040740Z AUTO 22005KT 31/24 A2980 RMK T03100240 IEM_DS3505,M
VOTV,2004-11-04 08:40,76.9500,8.4667,87.80,75.20,66.35,240.00,4.00,M,29.80,M,M,M,M,M,M,M,M,M,M,M,M,M,M,M,M,M,M,97.76,VOTV 040840Z AUTO 24004KT 31/24 A2980 RMK T03100240 IEM_DS3505,M
VOTV,2004-11-04 09:40,76.9500,8.4667,86.00,75.20,70.27,260.00,4.00,M,29.77,M,M,M,M,M,M,M,M,M,M,M,M,M,M,M,M,M,M,95.19,VOTV 040940Z AUTO 26004KT 30/24 A2977 RMK T03000240 IEM_DS3505,M
VOTV,2004-11-04 10:40,76.9500,8.4667,86.00,75.20,70.27,220.00,4.00,0.00,29.77,M,3.73,M,FEW,BKN,M,M,1500.00,9000.00,M,M,M,M,M,M,M,M,M,95.19,VOTV 041040Z 22004KT 6000 FEW015 BKN090 30/24 Q1008 NS,M
VOTV,2004-11-04 11:40,76.9500,8.4667,86.00,75.20,70.27,190.00,3.00,M,29.77,M,M,M,M,M,M,M,M,M,M,M,M,M,M,M,M,M,M,95.19,VOTV 041140Z AUTO 19003KT 30/24 A2977 RMK T03000240 IEM_DS3505,M
VOTV,2004-11-04 12:40,76.9500,8.4667,84.20,75.20,74.44,140.00,4.00,0.00,29.80,M,3.73,M,FEW,BKN,M,M,1500.00,9000.00,M,M,M,M,M,M,M,M,M,92.45,VOTV 041240Z 14004KT 6000 FEW015 BKN090 29/24 Q1009 NS,M
VOTV,2004-11-04 13:40,76.9500,8.4667,82.40,75.20,78.90,160.00,4.00,M,29.80,M,4.00,M,M,M,M,M,M,M,M,M,M,M,M,M,M,M,M,89.48,VOTV 041340Z AUTO 16004KT 4SM 28/24 A2980 RMK T02800240 IEM_DS3505,M
VOTV,2004-11-05 04:40,76.9500,8.4667,82.40,73.40,74.28,0.00,0.00,M,29.83,M,4.00,M,M,M,M,M,M,M,M,M,M,M,M,M,M,M,M,88.26,VOTV 050440Z AUTO 00000KT 4SM 28/23 A2983 RMK T02800230 IEM_DS3505,M
VOTV,2004-11-05 07:40,76.9500,8.4667,M,M,M,230.00,5.00,M,M,M,4.00,M,M,M,M,M,M,M,M,M,M,M,M,M,M,M,M,M,VOTV 050740Z AUTO 23005KT 4SM RMK IEM_DS3505,M
VOTV,2004-11-05 08:40,76.9500,8.4667,M,M,M,250.00,8.00,M,M,M,4.00,M,M,M,M,M,M,M,M,M,M,M,M,M,M,M,M,M,VOTV 050840Z AUTO 25008KT 4SM RMK IEM_DS3505,M
VOTV,2004-11-05 09:40,76.9500,8.4667,M,M,M,150.00,5.00,M,M,M,2.50,M,M,M,M,M,M,M,M,M,M,M,M,M,M,M,M,M,VOTV 050940Z AUTO 15005KT 2 1/2SM RMK IEM_DS3505,M
VOTV,2004-11-05 13:40,76.9500,8.4667,M,M,M,0.00,0.00,M,M,M,1.00,M,M,M,M,M,M,M,M,M,M,M,M,M,M,M,M,M,VOTV 051340Z AUTO 00000KT 1SM RMK IEM_DS3505,M
VOTV,2004-11-05 14:40,76.9500,8.4667,M,M,M,0.00,0.00,M,M,M,1.25,M,M,M,M,M,M,M,M,M,M,M,M,M,M,M,M,M,VOTV 051440Z AUTO 00000KT 1 1/4SM RMK IEM_DS3505,M
VOTV,2004-11-06 01:40,76.9500,8.4667,M,M,M,0.00,0.00,M,M,M,1.50,M,M,M,M,M,M,M,M,M,M,M,M,M,M,M,M,M,VOTV 060140Z AUTO 00000KT 1 1/2SM RMK IEM_DS3505,M
VOTV,2004-11-06 02:40,76.9500,8.4667,M,M,M,0.00,0.00,M,M,M,1.50,M,M,M,M,M,M,M,M,M,M,M,M,M,M,M,M,M,VOTV 060240Z AUTO 00000KT 1 1/2SM RMK IEM_DS3505,M
VOTV,2004-11-06 04:40,76.9500,8.4667,M,M,M,0.00,0.00,M,M,M,2.50,M,M,M,M,M,M,M,M,M,M,M,M,M,M,M,M,M,VOTV 060440Z AUTO 00000KT 2 1/2SM RMK IEM_DS3505,M
VOTV,2004-11-06 06:40,76.9500,8.4667,M,M,M,0.00,0.00,M,M,M,4.00,M,M,M,M,M,M,M,M,M,M,M,M,M,M,M,M,M,VOTV 060640Z AUTO 00000KT 4SM RMK IEM_DS3505,M
VOTV,2004-11-06 13:40,76.9500,8.4667,82.40,75.20,78.90,0.00,0.00,M,29.80,M,2.50,M,M,M,M,M,M,M,M,M,M,M,M,M,M,M,M,89.48,VOTV 061340Z AUTO 00000KT 2 1/2SM 28/24 A2980 RMK T02800240 IEM_DS3505,M
VOTV,2004-11-06 22:40,76.9500,8.4667,M,M,M,0.00,0.00,M,M,M,2.50,M,M,M,M,M,M,M,M,M,M,M,M,M,M,M,M,M,VOTV 062240Z AUTO 00000KT 2 1/2SM RMK IEM_DS3505,M
VOTV,2004-11-06 23:40,76.9500,8.4667,M,M,M,0.00,0.00,M,M,M,2.50,M,M,M,M,M,M,M,M,M,M,M,M,M,M,M,M,M,VOTV 062340Z AUTO 00000KT 2 1/2SM RMK IEM_DS3505,M
VOTV,2004-11-07 02:40,76.9500,8.4667,82.40,75.20,78.90,M,M,M,29.80,M,2.00,M,M,M,M,M,M,M,M,M,M,M,M,M,M,M,M,89.48,VOTV 070240Z AUTO 2SM 28/24 A2980 RMK T02800240 IEM_DS3505,M
VOTV,2004-11-07 04:40,76.9500,8.4667,86.00,73.40,66.15,150.00,3.00,M,29.83,M,5.00,M,M,M,M,M,M,M,M,M,M,M,M,M,M,M,M,93.45,VOTV 070440Z AUTO 15003KT 5SM 30/23 A2983 RMK T03000230 IEM_DS3505,M
VOTV,2004-11-07 05:40,76.9500,8.4667,86.00,73.40,66.15,220.00,6.00,M,29.80,M,5.00,M,M,M,M,M,M,M,M,M,M,M,M,M,M,M,M,93.45,VOTV 070540Z AUTO 22006KT 5SM 30/23 A2980 RMK T03000230 IEM_DS3505,M
VOTV,2004-11-07 07:40,76.9500,8.4667,86.00,75.20,70.27,200.00,6.00,M,29.77,M,5.00,M,M,M,M,M,M,M,M,M,M,M,M,M,M,M,M,95.19,VOTV 070740Z AUTO 20006KT 5SM 30/24 A2977 RMK T03000240 IEM_DS3505,M
VOTV,2004-11-07 09:40,76.9500,8.4667,86.00,75.20,70.27,230.00,5.00,M,29.71,M,4.00,M,M,M,M,M,M,M,M,M,M,M,M,M,M,M,M,95.19,VOTV 070940Z AUTO 23005KT 4SM 30/24 A2971 RMK T03000240 IEM_DS3505,M
VOTV,2004-11-07 10:40,76.9500,8.4667,M,M,M,M,M,M,M,M,1.50,M,M,M,M,M,M,M,M,M,M,M,M,M,M,M,M,M,VOTV 071040Z AUTO 1 1/2SM RMK IEM_DS3505,M
VOTV,2004-11-07 13:40,76.9500,8.4667,78.80,77.00,94.23,0.00,0.00,M,29.77,M,2.50,M,M,M,M,M,M,M,M,M,M,M,M,M,M,M,M,82.75,VOTV 071340Z AUTO 00000KT 2 1/2SM 26/25 A2977 RMK T02600250 IEM_DS3505,M
VOTV,2004-11-07 14:40,76.9500,8.4667,M,M,M,0.00,0.00,M,M,M,2.50,M,M,M,M,M,M,M,M,M,M,M,M,M,M,M,M,M,VOTV 071440Z AUTO 00000KT 2 1/2SM RMK IEM_DS3505,M
VOTV,2004-11-07 16:40,76.9500,8.4667,M,M,M,M,M,M,M,M,3.00,M,M,M,M,M,M,M,M,M,M,M,M,M,M,M,M,M,VOTV 071640Z AUTO 3SM RMK IEM_DS3505,M
VOTV,2004-11-08 01:40,76.9500,8.4667,M,M,M,0.00,0.00,M,M,M,1.25,M,M,M,M,M,M,M,M,M,M,M,M,M,M,M,M,M,VOTV 080140Z AUTO 00000KT 1 1/4SM RMK IEM_DS3505,M
VOTV,2004-11-08 02:40,76.9500,8.4667,M,M,M,0.00,0.00,M,M,M,2.00,M,M,M,M,M,M,M,M,M,M,M,M,M,M,M,M,M,VOTV 080240Z AUTO 00000KT 2SM RMK IEM_DS3505,M
VOTV,2004-11-08 03:40,76.9500,8.4667,82.40,73.40,74.28,70.00,4.00,M,29.83,M,2.50,M,M,M,M,M,M,M,M,M,M,M,M,M,M,M,M,88.26,VOTV 080340Z AUTO 07004KT 2 1/2SM 28/23 A2983 RMK T02800230 IEM_DS3505,M
VOTV,2004-11-08 07:40,76.9500,8.4667,84.20,75.20,74.44,240.00,4.00,M,29.77,M,5.00,M,M,M,M,M,M,M,M,M,M,M,M,M,M,M,M,92.45,VOTV 080740Z AUTO 24004KT 5SM 29/24 A2977 RMK T02900240 IEM_DS3505,M
VOTV,2004-11-08 09:40,76.9500,8.4667,M,M,M,230.00,2.00,M,M,M,2.50,M,M,M,M,M,M,M,M,M,M,M,M,M,M,M,M,M,VOTV 080940Z AUTO 23002KT 2 1/2SM RMK IEM_DS3505,M
VOTV,2004-11-08 11:40,76.9500,8.4667,M,M,M,0.00,0.00,M,M,M,2.50,M,M,M,M,M,M,M,M,M,M,M,M,M,M,M,M,M,VOTV 081140Z AUTO 00000KT 2 1/2SM RMK IEM_DS3505,M
VOTV,2004-11-08 12:40,76.9500,8.4667,78.80,77.00,94.23,0.00,0.00,0.00,29.80,M,2.49,M,FEW,SCT,FEW,BKN,1500.00,2000.00,2500.00,9000.00,M,M,M,M,M,M,M,78.80,VOTV 081240Z 00000KT 4000 RERA/HZ FEW015 SCT020 FEW025CB (E/NE/N) BKN090 26/25 Q1009 BECMG 6000,M
VOTV,2004-11-08 13:40,76.9500,8.4667,M,M,M,0.00,0.00,M,M,M,2.50,M,M,M,M,M,M,M,M,M,M,M,M,M,M,M,M,M,VOTV 081340Z AUTO 00000KT 2 1/2SM RMK IEM_DS3505,M
VOTV,2004-11-08 14:40,76.9500,8.4667,M,M,M,0.00,0.00,M,M,M,2.50,M,M,M,M,M,M,M,M,M,M,M,M,M,M,M,M,M,VOTV 081440Z AUTO 00000KT 2 1/2SM RMK IEM_DS3505,M
VOTV,2004-11-08 15:40,76.9500,8.4667,M,M,M,0.00,0.00,M,M,M,2.50,M,M,M,M,M,M,M,M,M,M,M,M,M,M,M,M,M,VOTV 081540Z AUTO 00000KT 2 1/2SM RMK IEM_DS3505,M
VOTV,2004-11-08 17:40,76.9500,8.4667,M,M,M,0.00,0.00,M,M,M,2.00,M,M,M,M,M,M,M,M,M,M,M,M,M,M,M,M,M,VOTV 081740Z AUTO 00000KT 2SM RMK IEM_DS3505,M
VOTV,2004-11-09 12:40,76.9500,8.4667,80.60,77.00,88.83,0.00,0.00,0.00,29.77,M,1.86,M,FEW,BKN,M,M,1500.00,10000.00,M,M,HZ,M,M,M,M,M,M,87.59,VOTV 091240Z 00000KT 3000 HZ FEW015 FEW025CB(N NE) BKN100 27/25 Q1008 NOSIG,M
VOTV,2004-11-09 13:40,76.9500,8.4667,M,M,M,0.00,0.00,M,M,M,2.00,M,M,M,M,M,M,M,M,M,M,M,M,M,M,M,M,M,VOTV 091340Z AUTO 00000KT 2SM RMK IEM_DS3505,M
VOTV,2004-11-09 14:40,76.9500,8.4667,M,M,M,0.00,0.00,M,M,M,2.00,M,M,M,M,M,M,M,M,M,M,M,M,M,M,M,M,M,VOTV 091440Z AUTO 00000KT 2SM RMK IEM_DS3505,M
VOTV,2004-11-10 00:40,76.9500,8.4667,M,M,M,0.00,0.00,M,M,M,2.00,M,M,M,M,M,M,M,M,M,M,M,M,M,M,M,M,M,VOTV 100040Z AUTO 00000KT 2SM RMK IEM_DS3505,M
VOTV,2004-11-10 01:40,76.9500,8.4667,M,M,M,0.00,0.00,M,M,M,1.50,M,M,M,M,M,M,M,M,M,M,M,M,M,M,M,M,M,VOTV 100140Z AUTO 00000KT 1 1/2SM RMK IEM_DS3505,M
VOTV,2004-11-10 04:40,76.9500,8.4667,M,M,M,0.00,0.00,M,M,M,2.50,M,M,M,M,M,M,M,M,M,M,M,M,M,M,M,M,M,VOTV 100440Z AUTO 00000KT 2 1/2SM RMK IEM_DS3505,M
VOTV,2004-11-10 05:40,76.9500,8.4667,M,M,M,0.00,0.00,M,M,M,4.00,M,M,M,M,M,M,M,M,M,M,M,M,M,M,M,M,M,VOTV 100540Z AUTO 00000KT 4SM RMK IEM_DS3505,M
VOTV,2004-11-10 06:40,76.9500,8.4667,M,M,M,250.00,4.00,M,M,M,4.00,M,M,M,M,M,M,M,M,M,M,M,M,M,M,M,M,M,VOTV 100640Z AUTO 25004KT 4SM RMK IEM_DS3505,M
VOTV,2004-11-10 07:40,76.9500,8.4667,M,M,M,250.00,4.00,M,M,M,4.00,M,M,M,M,M,M,M,M,M,M,M,M,M,M,M,M,M,VOTV 100740Z AUTO 25004KT 4SM RMK IEM_DS3505,M
VOTV,2004-11-11 01:40,76.9500,8.4667,M,M,M,M,M,M,M,M,0.50,M,M,M,M,M,M,M,M,M,M,M,M,M,M,M,M,M,VOTV 110140Z AUTO 1/2SM RMK IEM_DS3505,M
VOTV,2004-11-11 03:40,76.9500,8.4667,82.40,75.20,78.90,0.00,0.00,M,29.85,M,4.00,M,M,M,M,M,M,M,M,M,M,M,M,M,M,M,M,89.48,VOTV 110340Z AUTO 00000KT 4SM 28/24 A2985 RMK T02800240 IEM_DS3505,M
VOTV,2004-11-11 04:40,76.9500,8.4667,84.20,75.20,74.44,0.00,0.00,M,29.85,M,4.00,M,M,M,M,M,M,M,M,M,M,M,M,M,M,M,M,92.45,VOTV 110440Z AUTO 00000KT 4SM 29/24 A2985 RMK T02900240 IEM_DS3505,M
VOTV,2004-11-11 05:40,76.9500,8.4667,M,M,M,280.00,3.00,M,M,M,4.00,M,M,M,M,M,M,M,M,M,M,M,M,M,M,M,M,M,VOTV 110540Z AUTO 28003KT 4SM RMK IEM_DS3505,M
VOTV,2004-11-11 06:40,76.9500,8.4667,M,M,M,260.00,6.00,M,M,M,4.00,M,M,M,M,M,M,M,M,M,M,M,M,M,M,M,M,M,VOTV 110640Z AUTO 26006KT 4SM RMK IEM_DS3505,M
VOTV,2004-11-11 10:40,76.9500,8.4667,M,M,M,260.00,5.00,M,M,M,4.00,M,M,M,M,M,M,M,M,M,M,M,M,M,M,M,M,M,VOTV 111040Z AUTO 26005KT 4SM RMK IEM_DS3505,M
VOTV,2004-11-11 11:40,76.9500,8.4667,M,M,M,M,M,M,M,M,4.00,M,M,M,M,M,M,M,M,M,M,M,M,M,M,M,M,M,VOTV 111140Z AUTO 4SM RMK IEM_DS3505,M
VOTV,2004-11-11 12:40,76.9500,8.4667,86.00,75.20,70.27,0.00,0.00,0.00,29.80,M,3.73,M,FEW,SCT,BKN,M,1500.00,10000.00,28000.00,M,M,M,M,M,M,M,M,95.19,VOTV 111240Z 00000 6000 FEW015 FEW025CB(E/SE/NE/W) SCT100 BKN280 30/24 Q1009 TEMPO 4000 HZ,M
VOTV,2004-11-11 21:40,76.9500,8.4667,78.80,75.20,88.75,0.00,0.00,0.00,29.80,M,1.24,M,SCT,BKN,M,M,1500.00,9000.00,M,M,HZ,M,M,M,M,M,M,78.80,VOTV 112140Z 00000KT 2000 HZ SCT015 FEW025CB(N/NE) BKN090 26/24 Q1009 NOSIG,M
VOTV,2004-11-11 23:40,76.9500,8.4667,M,M,M,0.00,0.00,M,M,M,1.25,M,M,M,M,M,M,M,M,M,M,M,M,M,M,M,M,M,VOTV 112340Z AUTO 00000KT 1 1/4SM RMK IEM_DS3505,M
VOTV,2004-11-12 00:40,76.9500,8.4667,78.80,75.20,88.75,0.00,0.00,0.00,29.83,M,1.24,M,SCT,BKN,M,M,1500.00,9000.00,M,M,BR,M,M,M,M,M,M,78.80,VOTV 120040Z 00000KT 2000 BR SCT015 FEW025CB(N NE) BKN090 26/24 Q1010 NOSIG,M
VOTV,2004-11-12 02:40,76.9500,8.4667,M,M,M,0.00,0.00,M,M,M,1.00,M,M,M,M,M,M,M,M,M,M,M,M,M,M,M,M,M,VOTV 120240Z AUTO 00000KT 1SM RMK IEM_DS3505,M
VOTV,2004-11-12 03:40,76.9500,8.4667,M,M,M,0.00,0.00,M,M,M,1.25,M,M,M,M,M,M,M,M,M,M,M,M,M,M,M,M,M,VOTV 120340Z AUTO 00000KT 1 1/4SM RMK IEM_DS3505,M
VOTV,2004-11-12 05:40,76.9500,8.4667,M,M,M,0.00,0.00,M,M,M,3.00,M,M,M,M,M,M,M,M,M,M,M,M,M,M,M,M,M,VOTV 120540Z AUTO 00000KT 3SM RMK IEM_DS3505,M
VOTV,2004-11-12 06:40,76.9500,8.4667,86.00,73.40,66.15,270.00,7.00,M,29.85,M,3.00,M,M,M,M,M,M,M,M,M,M,M,M,M,M,M,M,93.45,VOTV 120640Z AUTO 27007KT 3SM 30/23 A2985 RMK T03000230 IEM_DS3505,M
VOTV,2004-11-12 07:40,76.9500,8.4667,M,M,M,270.00,5.00,M,M,M,5.00,M,M,M,M,M,M,M,M,M,M,M,M,M,M,M,M,M,VOTV 120740Z AUTO 27005KT 5SM RMK IEM_DS3505,M
VOTV,2004-11-12 08:40,76.9500,8.4667,M,M,M,260.00,8.00,M,M,M,5.00,M,M,M,M,M,M,M,M,M,M,M,M,M,M,M,M,M,VOTV 120840Z AUTO 26008KT 5SM RMK IEM_DS3505,M
VOTV,2004-11-12 09:40,76.9500,8.4667,M,M,M,230.00,5.00,M,M,M,5.00,M,M,M,M,M,M,M,M,M,M,M,M,M,M,M,M,M,VOTV 120940Z AUTO 23005KT 5SM RMK IEM_DS3505,M
VOTV,2004-11-12 12:40,76.9500,8.4667,80.60,77.00,88.83,50.00,5.00,0.00,29.83,M,1.86,M,FEW,SCT,OVC,M,1200.00,2000.00,9000.00,M,-TS,M,M,M,M,M,M,87.59,VOTV 121240Z 05005KT 3000 -TS FEW012 SCT020 FEW025CB(ARND) OVC090 27/25 Q1010 NOSIG,M
VOTV,2004-11-12 13:40,76.9500,8.4667,M,M,M,310.00,2.00,M,M,M,2.00,M,M,M,M,M,M,M,M,M,M,M,M,M,M,M,M,M,VOTV 121340Z AUTO 31002KT 2SM RMK IEM_DS3505,M
VOTV,2004-11-12 14:40,76.9500,8.4667,78.80,75.20,88.75,0.00,0.00,0.00,29.88,M,1.86,M,OVC,M,M,M,8000.00,M,M,M,M,M,M,M,M,M,M,78.80,VOTV 121440Z 00000KT 3000 HZ SCT020 FEW025CB(N S SE) OVC080 26/24 Q1012 NOSIG,M
VOTV,2004-11-12 16:40,76.9500,8.4667,M,M,M,0.00,0.00,M,M,M,2.00,M,M,M,M,M,M,M,M,M,M,M,M,M,M,M,M,M,VOTV 121640Z AUTO 00000KT 2SM RMK IEM_DS3505,M
VOTV,2004-11-13 00:40,76.9500,8.4667,M,M,M,M,M,M,M,M,2.00,M,M,M,M,M,M,M,M,M,M,M,M,M,M,M,M,M,VOTV 130040Z AUTO 2SM RMK IEM_DS3505,M
VOTV,2004-11-13 02:40,76.9500,8.4667,80.60,75.20,83.66,M,M,M,29.88,M,2.00,M,M,M,M,M,M,M,M,M,M,M,M,M,M,M,M,86.17,VOTV 130240Z AUTO 2SM 27/24 A2988 RMK T02700240 IEM_DS3505,M
VOTV,2004-11-13 04:40,76.9500,8.4667,84.20,75.20,74.44,M,M,M,29.91,M,4.00,M,M,M,M,M,M,M,M,M,M,M,M,M,M,M,M,92.45,VOTV 130440Z AUTO 4SM 29/24 A2991 RMK T02900240 IEM_DS3505,M
VOTV,2004-11-13 07:40,76.9500,8.4667,86.00,73.40,66.15,240.00,5.00,M,29.85,M,M,M,M,M,M,M,M,M,M,M,M,M,M,M,M,M,M,93.45,VOTV 130740Z AUTO 24005KT 30/23 A2985 RMK T03000230 IEM_DS3505,M
VOTV,2004-11-13 08:40,76.9500,8.4667,M,M,M,260.00,5.00,M,M,M,4.00,M,M,M,M,M,M,M,M,M,M,M,M,M,M,M,M,M,VOTV 130840Z AUTO 26005KT 4SM RMK IEM_DS3505,M
VOTV,2004-11-13 09:40,76.9500,8.4667,M,M,M,250.00,4.00,M,M,M,4.00,M,M,M,M,M,M,M,M,M,M,M,M,M,M,M,M,M,VOTV 130940Z AUTO 25004KT 4SM RMK IEM_DS3505,M
VOTV,2004-11-13 10:40,76.9500,8.4667,M,M,M,0.00,0.00,M,M,M,4.00,M,M,M,M,M,M,M,M,M,M,M,M,M,M,M,M,M,VOTV 131040Z AUTO 00000KT 4SM RMK IEM_DS3505,M
VOTV,2004-11-13 11:40,76.9500,8.4667,M,M,M,0.00,0.00,M,M,M,4.00,M,M,M,M,M,M,M,M,M,M,M,M,M,M,M,M,M,VOTV 131140Z AUTO 00000KT 4SM RMK IEM_DS3505,M
VOTV,2004-11-13 12:40,76.9500,8.4667,86.00,75.20,70.27,10.00,3.00,0.00,29.83,M,3.73,M,SCT,BKN,M,M,1500.00,10000.00,M,M,M,M,M,M,M,M,M,95.19,VOTV 131240Z 01003KT 6000 SCT015 FEW025CB(N/NE) BKN100 30/24 Q1010 NOSIG,M
VOTV,2004-11-13 13:40,76.9500,8.4667,M,M,M,M,M,M,M,M,0.00,M,M,M,M,M,M,M,M,M,M,M,M,M,M,M,M,M,VOTV 131340Z AUTO 0SM RMK IEM_DS3505,M
VOTV,2004-11-13 14:40,76.9500,8.4667,M,M,M,M,M,M,M,M,0.00,M,M,M,M,M,M,M,M,M,M,M,M,M,M,M,M,M,VOTV 131440Z AUTO 0SM RMK IEM_DS3505,M
VOTV,2004-11-14 00:40,76.9500,8.4667,M,M,M,0.00,0.00,M,M,M,2.00,M,M,M,M,M,M,M,M,M,M,M,M,M,M,M,M,M,VOTV 140040Z AUTO 00000KT 2SM RMK IEM_DS3505,M
VOTV,2004-11-14 01:40,76.9500,8.4667,78.80,73.40,83.55,0.00,0.00,M,29.85,M,1.50,M,M,M,M,M,M,M,M,M,M,M,M,M,M,M,M,82.03,VOTV 140140Z AUTO 00000KT 1 1/2SM 26/23 A2985 RMK T02600230 IEM_DS3505,M
VOTV,2004-11-14 03:40,76.9500,8.4667,84.20,73.40,70.08,0.00,0.00,M,29.88,M,M,M,M,M,M,M,M,M,M,M,M,M,M,M,M,M,M,90.94,VOTV 140340Z AUTO 00000KT 29/23 A2988 RMK T02900230 IEM_DS3505,M
VOTV,2004-11-14 04:40,76.9500,8.4667,86.00,73.40,66.15,290.00,6.00,M,29.88,M,M,M,M,M,M,M,M,M,M,M,M,M,M,M,M,M,M,93.45,VOTV 140440Z AUTO 29006KT 30/23 A2988 RMK T03000230 IEM_DS3505,M
VOTV,2004-11-14 05:40,76.9500,8.4667,86.00,73.40,66.15,220.00,5.00,M,29.88,M,5.00,M,M,M,M,M,M,M,M,M,M,M,M,M,M,M,M,93.45,VOTV 140540Z AUTO 22005KT 5SM 30/23 A2988 RMK T03000230 IEM_DS3505,M
VOTV,2004-11-14 06:40,76.9500,8.4667,86.00,73.40,66.15,240.00,4.00,M,29.85,M,5.00,M,M,M,M,M,M,M,M,M,M,M,M,M,M,M,M,93.45,VOTV 140640Z AUTO 24004KT 5SM 30/23 A2985 RMK T03000230 IEM_DS3505,M
VOTV,2004-11-14 07:40,76.9500,8.4667,86.00,73.40,66.15,240.00,6.00,M,29.83,M,5.00,M,M,M,M,M,M,M,M,M,M,M,M,M,M,M,M,93.45,VOTV 140740Z AUTO 24006KT 5SM 30/23 A2983 RMK T03000230 IEM_DS3505,M
VOTV,2004-11-14 08:40,76.9500,8.4667,M,M,M,250.00,6.00,M,M,M,5.00,M,M,M,M,M,M,M,M,M,M,M,M,M,M,M,M,M,VOTV 140840Z AUTO 25006KT 5SM RMK IEM_DS3505,M
VOTV,2004-11-14 09:40,76.9500,8.4667,M,M,M,180.00,4.00,M,M,M,5.00,M,M,M,M,M,M,M,M,M,M,M,M,M,M,M,M,M,VOTV 140940Z AUTO 18004KT 5SM RMK IEM_DS3505,M
VOTV,2004-11-14 11:40,76.9500,8.4667,M,M,M,M,M,M,M,M,4.00,M,M,M,M,M,M,M,M,M,M,M,M,M,M,M,M,M,VOTV 141140Z AUTO 4SM RMK IEM_DS3505,M
VOTV,2004-11-14 13:40,76.9500,8.4667,M,M,M,0.00,0.00,M,M,M,2.50,M,M,M,M,M,M,M,M,M,M,M,M,M,M,M,M,M,VOTV 141340Z AUTO 00000KT 2 1/2SM RMK IEM_DS3505,M
VOTV,2004-11-14 14:40,76.9500,8.4667,M,M,M,0.00,0.00,M,M,M,2.50,M,M,M,M,M,M,M,M,M,M,M,M,M,M,M,M,M,VOTV 141440Z AUTO 00000KT 2 1/2SM RMK IEM_DS3505,M
VOTV,2004-11-15 00:40,76.9500,8.4667,M,M,M,0.00,0.00,M,M,M,2.50,M,M,M,M,M,M,M,M,M,M,M,M,M,M,M,M,M,VOTV 150040Z AUTO 00000KT 2 1/2SM RMK IEM_DS3505,M
VOTV,2004-11-15 01:40,76.9500,8.4667,78.80,75.20,88.75,0.00,0.00,M,29.85,M,1.25,M,M,M,M,M,M,M,M,M,M,M,M,M,M,M,M,82.38,VOTV 150140Z AUTO 00000KT 1 1/4SM 26/24 A2985 RMK T02600240 IEM_DS3505,M
VOTV,2004-11-15 02:40,76.9500,8.4667,M,M,M,0.00,0.00,M,M,M,1.25,M,M,M,M,M,M,M,M,M,M,M,M,M,M,M,M,M,VOTV 150240Z AUTO 00000KT 1 1/4SM RMK IEM_DS3505,M
VOTV,2004-11-15 04:40,76.9500,8.4667,M,M,M,0.00,0.00,M,M,M,4.00,M,M,M,M,M,M,M,M,M,M,M,M,M,M,M,M,M,VOTV 150440Z AUTO 00000KT 4SM RMK IEM_DS3505,M
VOTV,2004-11-15 06:40,76.9500,8.4667,84.20,75.20,74.44,260.00,5.00,M,29.88,M,4.00,M,M,M,M,M,M,M,M,M,M,M,M,M,M,M,M,92.45,VOTV 150640Z AUTO 26005KT 4SM 29/24 A2988 RMK T02900240 IEM_DS3505,M
VOTV,2004-11-15 08:40,76.9500,8.4667,M,M,M,0.00,0.00,M,M,M,2.50,M,M,M,M,M,M,M,M,M,M,M,M,M,M,M,M,M,VOTV 150840Z AUTO 00000KT 2 1/2SM RMK IEM_DS3505,M
VOTV,2004-11-15 09:40,76.9500,8.4667,M,M,M,0.00,0.00,M,M,M,3.00,M,M,M,M,M,M,M,M,M,M,M,M,M,M,M,M,M,VOTV 150940Z AUTO 00000KT 3SM RMK IEM_DS3505,M
VOTV,2004-11-15 10:40,76.9500,8.4667,M,M,M,M,M,M,M,M,0.00,M,M,M,M,M,M,M,M,M,M,M,M,M,M,M,M,M,VOTV 151040Z AUTO 0SM RMK IEM_DS3505,M
VOTV,2004-11-15 11:40,76.9500,8.4667,M,M,M,M,M,M,M,M,0.00,M,M,M,M,M,M,M,M,M,M,M,M,M,M,M,M,M,VOTV 151140Z AUTO 0SM RMK IEM_DS3505,M
VOTV,2004-11-15 14:40,76.9500,8.4667,M,M,M,0.00,0.00,M,M,M,2.50,M,M,M,M,M,M,M,M,M,M,M,M,M,M,M,M,M,VOTV 151440Z AUTO 00000KT 2 1/2SM RMK IEM_DS3505,M
VOTV,2004-11-15 15:40,76.9500,8.4667,M,M,M,0.00,0.00,M,M,M,2.50,M,M,M,M,M,M,M,M,M,M,M,M,M,M,M,M,M,VOTV 151540Z AUTO 00000KT 2 1/2SM RMK IEM_DS3505,M
VOTV,2004-11-15 16:40,76.9500,8.4667,M,M,M,0.00,0.00,M,M,M,2.50,M,M,M,M,M,M,M,M,M,M,M,M,M,M,M,M,M,VOTV 151640Z AUTO 00000KT 2 1/2SM RMK IEM_DS3505,M
VOTV,2004-11-15 17:40,76.9500,8.4667,M,M,M,0.00,0.00,M,M,M,2.50,M,M,M,M,M,M,M,M,M,M,M,M,M,M,M,M,M,VOTV 151740Z AUTO 00000KT 2 1/2SM RMK IEM_DS3505,M
VOTV,2004-11-15 22:40,76.9500,8.4667,M,M,M,0.00,0.00,M,M,M,2.50,M,M,M,M,M,M,M,M,M,M,M,M,M,M,M,M,M,VOTV 152240Z AUTO 00000KT 2 1/2SM RMK IEM_DS3505,M
VOTV,2004-11-15 23:40,76.9500,8.4667,M,M,M,0.00,0.00,M,M,M,2.50,M,M,M,M,M,M,M,M,M,M,M,M,M,M,M,M,M,VOTV 152340Z AUTO 00000KT 2 1/2SM RMK IEM_DS3505,M
VOTV,2004-11-16 03:40,76.9500,8.4667,82.40,77.00,83.77,0.00,0.00,M,29.88,M,4.00,M,M,M,M,M,M,M,M,M,M,M,M,M,M,M,M,90.85,VOTV 160340Z AUTO 00000KT 4SM 28/25 A2988 RMK T02800250 IEM_DS3505,M
VOTV,2004-11-16 04:40,76.9500,8.4667,M,M,M,M,M,M,M,M,4.00,M,M,M,M,M,M,M,M,M,M,M,M,M,M,M,M,M,VOTV 160440Z AUTO 4SM RMK IEM_DS3505,M
VOTV,2004-11-16 05:40,76.9500,8.4667,M,M,M,M,M,M,M,M,4.00,M,M,M,M,M,M,M,M,M,M,M,M,M,M,M,M,M,VOTV 160540Z AUTO 4SM RMK IEM_DS3505,M
VOTV,2004-11-16 06:40,76.9500,8.4667,M,M,M,M,M,M,M,M,4.00,M,M,M,M,M,M,M,M,M,M,M,M,M,M,M,M,M,VOTV 160640Z AUTO 4SM RMK IEM_DS3505,M
VOTV,2004-11-16 07:40,76.9500,8.4667,84.20,75.20,74.44,250.00,4.00,M,29.83,M,4.00,M,M,M,M,M,M,M,M,M,M,M,M,M,M,M,M,92.45,VOTV 160740Z AUTO 25004KT 4SM 29/24 A2983 RMK T02900240 IEM_DS3505,M
VOTV,2004-11-16 09:40,76.9500,8.4667,M,M,M,260.00,4.00,M,M,M,4.00,M,M,M,M,M,M,M,M,M,M,M,M,M,M,M,M,M,VOTV 160940Z AUTO 26004KT 4SM RMK IEM_DS3505,M
VOTV,2004-11-16 10:40,76.9500,8.4667,M,M,M,260.00,4.00,M,M,M,4.00,M,M,M,M,M,M,M,M,M,M,M,M,M,M,M,M,M,VOTV 161040Z AUTO 26004KT 4SM RMK IEM_DS3505,M
VOTV,2004-11-16 11:40,76.9500,8.4667,84.20,75.20,74.44,260.00,4.00,M,29.80,M,4.00,M,M,M,M,M,M,M,M,M,M,M,M,M,M,M,M,92.45,VOTV 161140Z AUTO 26004KT 4SM 29/24 A2980 RMK T02900240 IEM_DS3505,M
VOTV,2004-11-16 14:40,76.9500,8.4667,M,M,M,0.00,0.00,M,M,M,2.50,M,M,M,M,M,M,M,M,M,M,M,M,M,M,M,M,M,VOTV 161440Z AUTO 00000KT 2 1/2SM RMK IEM_DS3505,M
VOTV,2004-11-16 15:40,76.9500,8.4667,M,M,M,0.00,0.00,M,M,M,2.50,M,M,M,M,M,M,M,M,M,M,M,M,M,M,M,M,M,VOTV 161540Z AUTO 00000KT 2 1/2SM RMK IEM_DS3505,M
VOTV,2004-11-16 16:40,76.9500,8.4667,M,M,M,0.00,0.00,M,M,M,2.50,M,M,M,M,M,M,M,M,M,M,M,M,M,M,M,M,M,VOTV 161640Z AUTO 00000KT 2 1/2SM RMK IEM_DS3505,M
VOTV,2004-11-17 00:40,76.9500,8.4667,M,M,M,90.00,4.00,M,M,M,1.50,M,M,M,M,M,M,M,M,M,M,M,M,M,M,M,M,M,VOTV 170040Z AUTO 09004KT 1 1/2SM RMK IEM_DS3505,M
VOTV,2004-11-17 01:40,76.9500,8.4667,78.80,75.20,88.75,100.00,4.00,0.00,29.88,M,1.55,M,FEW,M,M,M,1500.00,M,M,M,BR,M,M,M,M,M,M,78.80,VOTV 170140Z 10004KT 2500 BR FEW015 FEW025CB(S) 26/24 Q1012 NOSIG,M
VOTV,2004-11-17 07:40,76.9500,8.4667,87.80,73.40,62.47,230.00,5.00,M,29.83,M,M,M,M,M,M,M,M,M,M,M,M,M,M,M,M,M,M,95.86,VOTV 170740Z AUTO 23005KT 31/23 A2983 RMK T03100230 IEM_DS3505,M
VOTV,2004-11-17 09:40,76.9500,8.4667,87.80,73.40,62.47,240.00,9.00,M,29.80,M,M,M,M,M,M,M,M,M,M,M,M,M,M,M,M,M,M,95.86,VOTV 170940Z AUTO 24009KT 31/23 A2980 RMK T03100230 IEM_DS3505,M
VOTV,2004-11-17 10:40,76.9500,8.4667,87.80,73.40,62.47,200.00,6.00,M,29.80,M,M,M,M,M,M,M,M,M,M,M,M,M,M,M,M,M,M,95.86,VOTV 171040Z AUTO 20006KT 31/23 A2980 RMK T03100230 IEM_DS3505,M
VOTV,2004-11-17 11:40,76.9500,8.4667,86.00,73.40,66.15,240.00,3.00,M,29.80,M,M,M,M,M,M,M,M,M,M,M,M,M,M,M,M,M,M,93.45,VOTV 171140Z AUTO 24003KT 30/23 A2980 RMK T03000230 IEM_DS3505,M
VOTV,2004-11-17 12:40,76.9500,8.4667,84.20,73.40,70.08,0.00,0.00,0.00,29.83,M,3.73,M,FEW,BKN,M,M,2000.00,25000.00,M,M,M,M,M,M,M,M,M,90.94,VOTV 171240Z 00000KT 6000 FEW020 BKN250 29/23 Q1010 TEMPO 4000 IN HZ,M
VOTV,2004-11-17 13:40,76.9500,8.4667,84.20,75.20,74.44,0.00,0.00,M,29.85,M,2.50,M,M,M,M,M,M,M,M,M,M,M,M,M,M,M,M,92.45,VOTV 171340Z AUTO 00000KT 2 1/2SM 29/24 A2985 RMK T02900240 IEM_DS3505,M
VOTV,2004-11-17 15:40,76.9500,8.4667,82.40,75.20,78.90,0.00,0.00,M,29.88,M,2.50,M,M,M,M,M,M,M,M,M,M,M,M,M,M,M,M,89.48,VOTV 171540Z AUTO 00000KT 2 1/2SM 28/24 A2988 RMK T02800240 IEM_DS3505,M
VOTV,2004-11-17 16:40,76.9500,8.4667,82.40,75.20,78.90,0.00,0.00,M,29.88,M,2.00,M,M,M,M,M,M,M,M,M,M,M,M,M,M,M,M,89.48,VOTV 171640Z AUTO 00000KT 2SM 28/24 A2988 RMK T02800240 IEM_DS3505,M
VOTV,2004-11-17 22:40,76.9500,8.4667,78.80,75.20,88.75,0.00,0.00,M,29.85,M,2.00,M,M,M,M,M,M,M,M,M,M,M,M,M,M,M,M,82.38,VOTV 172240Z AUTO 00000KT 2SM 26/24 A2985 RMK T02600240 IEM_DS3505,M
VOTV,2004-11-17 23:40,76.9500,8.4667,77.00,73.40,88.67,0.00,0.00,M,29.85,M,2.00,M,M,M,M,M,M,M,M,M,M,M,M,M,M,M,M,78.57,VOTV 172340Z AUTO 00000KT 2SM 25/23 A2985 RMK T02500230 IEM_DS3505,M
VOTV,2004-11-18 00:40,76.9500,8.4667,78.80,73.40,83.55,0.00,0.00,M,29.85,M,1.25,M,M,M,M,M,M,M,M,M,M,M,M,M,M,M,M,82.03,VOTV 180040Z AUTO 00000KT 1 1/4SM 26/23 A2985 RMK T02600230 IEM_DS3505,M
VOTV,2004-11-18 01:40,76.9500,8.4667,78.80,75.20,88.75,100.00,5.00,M,29.88,M,1.00,M,M,M,M,M,M,M,M,M,M,M,M,M,M,M,M,82.38,VOTV 180140Z AUTO 10005KT 1SM 26/24 A2988 RMK T02600240 IEM_DS3505,M
VOTV,2004-11-18 03:40,76.9500,8.4667,84.20,73.40,70.08,0.00,0.00,M,29.91,M,2.50,M,M,M,M,M,M,M,M,M,M,M,M,M,M,M,M,90.94,VOTV 180340Z AUTO 00000KT 2 1/2SM 29/23 A2991 RMK T02900230 IEM_DS3505,M
VOTV,2004-11-18 04:40,76.9500,8.4667,86.00,73.40,66.15,340.00,3.00,M,29.91,M,M,M,M,M,M,M,M,M,M,M,M,M,M,M,M,M,M,93.45,VOTV 180440Z AUTO 34003KT 30/23 A2991 RMK T03000230 IEM_DS3505,M
VOTV,2004-11-18 05:40,76.9500,8.4667,87.80,75.20,66.35,250.00,5.00,M,29.88,M,M,M,M,M,M,M,M,M,M,M,M,M,M,M,M,M,M,97.76,VOTV 180540Z AUTO 25005KT 31/24 A2988 RMK T03100240 IEM_DS3505,M
VOTV,2004-11-18 06:40,76.9500,8.4667,87.80,75.20,66.35,250.00,4.00,M,29.85,M,M,M,M,M,M,M,M,M,M,M,M,M,M,M,M,M,M,97.76,VOTV 180640Z AUTO 25004KT 31/24 A2985 RMK T03100240 IEM_DS3505,M
VOTV,2004-11-18 08:40,76.9500,8.4667,87.80,75.20,66.35,270.00,8.00,M,29.80,M,M,M,M,M,M,M,M,M,M,M,M,M,M,M,M,M,M,97.76,VOTV 180840Z AUTO 27008KT 31/24 A2980 RMK T03100240 IEM_DS3505,M
VOTV,2004-11-18 09:40,76.9500,8.4667,87.80,75.20,66.35,260.00,5.00,M,29.80,M,M,M,M,M,M,M,M,M,M,M,M,M,M,M,M,M,M,97.76,VOTV 180940Z AUTO 26005KT 31/24 A2980 RMK T03100240 IEM_DS3505,M
VOTV,2004-11-18 13:40,76.9500,8.4667,M,M,M,0.00,0.00,M,M,M,2.50,M,M,M,M,M,M,M,M,M,M,M,M,M,M,M,M,M,VOTV 181340Z AUTO 00000KT 2 1/2SM RMK IEM_DS3505,M
VOTV,2004-11-18 14:40,76.9500,8.4667,82.40,75.20,78.90,0.00,0.00,M,29.88,M,2.50,M,M,M,M,M,M,M,M,M,M,M,M,M,M,M,M,89.48,VOTV 181440Z AUTO 00000KT 2 1/2SM 28/24 A2988 RMK T02800240 IEM_DS3505,M
VOTV,2004-11-18 17:40,76.9500,8.4667,80.60,75.20,83.66,0.00,0.00,M,29.85,M,1.50,M,M,M,M,M,M,M,M,M,M,M,M,M,M,M,M,86.17,VOTV 181740Z AUTO 00000KT 1 1/2SM 27/24 A2985 RMK T02700240 IEM_DS3505,M
VOTV,2004-11-18 22:40,76.9500,8.4667,78.80,75.20,88.75,0.00,0.00,M,29.83,M,1.25,M,M,M,M,M,M,M,M,M,M,M,M,M,M,M,M,82.38,VOTV 182240Z AUTO 00000KT 1 1/4SM 26/24 A2983 RMK T02600240 IEM_DS3505,M
VOTV,2004-11-18 23:40,76.9500,8.4667,78.80,75.20,88.75,0.00,0.00,0.00,29.83,M,1.24,M,FEW,SCT,M,M,1500.00,25000.00,M,M,BR,M,M,M,M,M,M,78.80,VOTV 182340Z 00000KT 2000 BR FEW015 SCT250 26/24 Q1010 NS,M
VOTV,2004-11-19 03:40,76.9500,8.4667,80.60,75.20,83.66,0.00,0.00,M,29.88,M,2.00,M,M,M,M,M,M,M,M,M,M,M,M,M,M,M,M,86.17,VOTV 190340Z AUTO 00000KT 2SM 27/24 A2988 RMK T02700240 IEM_DS3505,M
VOTV,2004-11-19 05:40,76.9500,8.4667,86.00,73.40,66.15,280.00,6.00,M,29.85,M,M,M,M,M,M,M,M,M,M,M,M,M,M,M,M,M,M,93.45,VOTV 190540Z AUTO 28006KT 30/23 A2985 RMK T03000230 IEM_DS3505,M
VOTV,2004-11-19 06:40,76.9500,8.4667,86.00,73.40,66.15,270.00,6.00,M,29.83,M,M,M,M,M,M,M,M,M,M,M,M,M,M,M,M,M,M,93.45,VOTV 190640Z AUTO 27006KT 30/23 A2983 RMK T03000230 IEM_DS3505,M
VOTV,2004-11-19 07:40,76.9500,8.4667,86.00,73.40,66.15,270.00,8.00,M,29.80,M,M,M,M,M,M,M,M,M,M,M,M,M,M,M,M,M,M,93.45,VOTV 190740Z AUTO 27008KT 30/23 A2980 RMK T03000230 IEM_DS3505,M
VOTV,2004-11-19 08:40,76.9500,8.4667,86.00,73.40,66.15,240.00,6.00,M,29.77,M,M,M,M,M,M,M,M,M,M,M,M,M,M,M,M,M,M,93.45,VOTV 190840Z AUTO 24006KT 30/23 A2977 RMK T03000230 IEM_DS3505,M
VOTV,2004-11-19 09:40,76.9500,8.4667,87.80,73.40,62.47,260.00,6.00,M,29.77,M,M,M,M,M,M,M,M,M,M,M,M,M,M,M,M,M,M,95.86,VOTV 190940Z AUTO 26006KT 31/23 A2977 RMK T03100230 IEM_DS3505,M
VOTV,2004-11-19 10:40,76.9500,8.4667,87.80,73.40,62.47,260.00,8.00,M,29.77,M,M,M,M,M,M,M,M,M,M,M,M,M,M,M,M,M,M,95.86,VOTV 191040Z AUTO 26008KT 31/23 A2977 RMK T03100230 IEM_DS3505,M
VOTV,2004-11-19 11:40,76.9500,8.4667,86.00,73.40,66.15,220.00,4.00,M,29.80,M,M,M,M,M,M,M,M,M,M,M,M,M,M,M,M,M,M,93.45,VOTV 191140Z AUTO 22004KT 30/23 A2980 RMK T03000230 IEM_DS3505,M
VOTV,2004-11-19 12:40,76.9500,8.4667,84.20,77.00,79.04,270.00,3.00,0.00,29.83,M,3.73,M,SCT,SCT,M,M,1500.00,10000.00,M,M,M,M,M,M,M,M,M,94.16,VOTV 191240Z 27003KT 6000 SCT015 SCT100 29/25 Q1010 NOSIG,M
VOTV,2004-11-19 14:40,76.9500,8.4667,82.40,75.20,78.90,0.00,0.00,M,29.83,M,3.00,M,M,M,M,M,M,M,M,M,M,M,M,M,M,M,M,89.48,VOTV 191440Z AUTO 00000KT 3SM 28/24 A2983 RMK T02800240 IEM_DS3505,M
VOTV,2004-11-19 16:40,76.9500,8.4667,82.40,75.20,78.90,0.00,0.00,M,29.88,M,2.50,M,M,M,M,M,M,M,M,M,M,M,M,M,M,M,M,89.48,VOTV 191640Z AUTO 00000KT 2 1/2SM 28/24 A2988 RMK T02800240 IEM_DS3505,M
VOTV,2004-11-20 00:40,76.9500,8.4667,77.00,75.20,94.19,0.00,0.00,M,29.83,M,1.25,M,M,M,M,M,M,M,M,M,M,M,M,M,M,M,M,78.83,VOTV 200040Z AUTO 00000KT 1 1/4SM 25/24 A2983 RMK T02500240 IEM_DS3505,M
VOTV,2004-11-20 02:40,76.9500,8.4667,M,M,M,90.00,4.00,M,M,M,1.00,M,M,M,M,M,M,M,M,M,M,M,M,M,M,M,M,M,VOTV 200240Z AUTO 09004KT 1SM RMK IEM_DS3505,M
VOTV,2004-11-20 05:40,76.9500,8.4667,M,M,M,30.00,5.00,M,M,M,1.00,M,M,M,M,M,M,M,M,M,M,M,M,M,M,M,M,M,VOTV 200540Z AUTO 03005KT 1SM RMK IEM_DS3505,M
VOTV,2004-11-20 07:40,76.9500,8.4667,80.60,77.00,88.83,40.00,6.00,0.00,29.83,M,1.86,M,SCT,FEW,BKN,M,1500.00,2500.00,9000.00,M,M,M,M,M,M,M,M,87.59,VOTV 200740Z 04006KT 3000 FBLDZ SCT015 FEW025CB -S E N NE BKN090 27/25 Q1010 TEMPO 2000 IN DZ,M
VOTV,2004-11-20 10:40,76.9500,8.4667,M,M,M,M,M,M,M,M,3.00,M,M,M,M,M,M,M,M,M,M,M,M,M,M,M,M,M,VOTV 201040Z AUTO 3SM RMK IEM_DS3505,M
VOTV,2004-11-20 11:40,76.9500,8.4667,M,M,M,M,M,M,M,M,3.00,M,M,M,M,M,M,M,M,M,M,M,M,M,M,M,M,M,VOTV 201140Z AUTO 3SM RMK IEM_DS3505,M
VOTV,2004-11-20 12:40,76.9500,8.4667,80.60,75.20,83.66,M,3.00,0.00,29.83,M,3.11,M,SCT,FEW,OVC,M,1500.00,2500.00,9000.00,M,HZ,M,M,M,M,M,M,86.17,VOTV 201240Z VRB03KT 5000 HZ SCT015 FEW025CB (N NW) OVC090 27/24 Q1010 NOSIG,M
VOTV,2004-11-20 13:40,76.9500,8.4667,80.60,75.20,83.66,0.00,0.00,M,29.85,M,3.00,M,M,M,M,M,M,M,M,M,M,M,M,M,M,M,M,86.17,VOTV 201340Z AUTO 00000KT 3SM 27/24 A2985 RMK T02700240 IEM_DS3505,M
VOTV,2004-11-20 14:40,76.9500,8.4667,80.60,75.20,83.66,0.00,0.00,M,29.88,M,3.00,M,M,M,M,M,M,M,M,M,M,M,M,M,M,M,M,86.17,VOTV 201440Z AUTO 00000KT 3SM 27/24 A2988 RMK T02700240 IEM_DS3505,M
VOTV,2004-11-20 16:40,76.9500,8.4667,78.80,75.20,88.75,0.00,0.00,M,29.88,M,3.00,M,M,M,M,M,M,M,M,M,M,M,M,M,M,M,M,82.38,VOTV 201640Z AUTO 00000KT 3SM 26/24 A2988 RMK T02600240 IEM_DS3505,M
VOTV,2004-11-20 20:40,76.9500,8.4667,M,M,M,0.00,0.00,M,M,M,2.50,M,M,M,M,M,M,M,M,M,M,M,M,M,M,M,M,M,VOTV 202040Z AUTO 00000KT 2 1/2SM RMK IEM_DS3505,M
VOTV,2004-11-20 23:40,76.9500,8.4667,M,M,M,0.00,0.00,M,M,M,2.00,M,M,M,M,M,M,M,M,M,M,M,M,M,M,M,M,M,VOTV 202340Z AUTO 00000KT 2SM RMK IEM_DS3505,M
VOTV,2004-11-21 00:40,76.9500,8.4667,M,M,M,0.00,0.00,M,M,M,1.25,M,M,M,M,M,M,M,M,M,M,M,M,M,M,M,M,M,VOTV 210040Z AUTO 00000KT 1 1/4SM RMK IEM_DS3505,M
VOTV,2004-11-21 07:40,76.9500,8.4667,M,M,M,270.00,5.00,M,M,M,4.00,M,M,M,M,M,M,M,M,M,M,M,M,M,M,M,M,M,VOTV 210740Z AUTO 27005KT 4SM RMK IEM_DS3505,M
VOTV,2004-11-21 08:40,76.9500,8.4667,86.00,75.20,70.27,230.00,7.00,M,29.77,M,M,M,M,M,M,M,M,M,M,M,M,M,M,M,M,M,M,95.19,VOTV 210840Z AUTO 23007KT 30/24 A2977 RMK T03000240 IEM_DS3505,M
VOTV,2004-11-21 09:40,76.9500,8.4667,86.00,75.20,70.27,240.00,5.00,M,29.77,M,M,M,M,M,M,M,M,M,M,M,M,M,M,M,M,M,M,95.19,VOTV 210940Z AUTO 24005KT 30/24 A2977 RMK T03000240 IEM_DS3505,M
VOTV,2004-11-21 10:40,76.9500,8.4667,86.00,75.20,70.27,280.00,4.00,M,29.77,M,M,M,M,M,M,M,M,M,M,M,M,M,M,M,M,M,M,95.19,VOTV 211040Z AUTO 28004KT 30/24 A2977 RMK T03000240 IEM_DS3505,M
VOTV,2004-11-21 11:40,76.9500,8.4667,86.00,75.20,70.27,230.00,4.00,M,29.77,M,M,M,M,M,M,M,M,M,M,M,M,M,M,M,M,M,M,95.19,VOTV 211140Z AUTO 23004KT 30/24 A2977 RMK T03000240 IEM_DS3505,M
VOTV,2004-11-21 12:40,76.9500,8.4667,84.20,75.20,74.44,0.00,0.00,0.00,29.77,M,3.73,M,FEW,BKN,M,M,2000.00,25000.00,M,M,M,M,M,M,M,M,M,92.45,VOTV 211240Z 00000KT 6000 FEW020 BKN250 29/24 Q1008 TEMPO VIS 4000 IN HZ,M
VOTV,2004-11-21 13:40,76.9500,8.4667,84.20,77.00,79.04,0.00,0.00,M,29.83,M,2.50,M,M,M,M,M,M,M,M,M,M,M,M,M,M,M,M,94.16,VOTV 211340Z AUTO 00000KT 2 1/2SM 29/25 A2983 RMK T02900250 IEM_DS3505,M
VOTV,2004-11-21 14:40,76.9500,8.4667,82.40,75.20,78.90,0.00,0.00,M,29.83,M,2.50,M,M,M,M,M,M,M,M,M,M,M,M,M,M,M,M,89.48,VOTV 211440Z AUTO 00000KT 2 1/2SM 28/24 A2983 RMK T02800240 IEM_DS3505,M
VOTV,2004-11-21 15:40,76.9500,8.4667,80.60,75.20,83.66,0.00,0.00,M,29.85,M,2.50,M,M,M,M,M,M,M,M,M,M,M,M,M,M,M,M,86.17,VOTV 211540Z AUTO 00000KT 2 1/2SM 27/24 A2985 RMK T02700240 IEM_DS3505,M
VOTV,2004-11-21 16:40,76.9500,8.4667,80.60,75.20,83.66,0.00,0.00,M,29.85,M,2.50,M,M,M,M,M,M,M,M,M,M,M,M,M,M,M,M,86.17,VOTV 211640Z AUTO 00000KT 2 1/2SM 27/24 A2985 RMK T02700240 IEM_DS3505,M
VOTV,2004-11-21 23:40,76.9500,8.4667,77.00,73.40,88.67,0.00,0.00,M,29.77,M,2.00,M,M,M,M,M,M,M,M,M,M,M,M,M,M,M,M,78.57,VOTV 212340Z AUTO 00000KT 2SM 25/23 A2977 RMK T02500230 IEM_DS3505,M
VOTV,2004-11-22 00:40,76.9500,8.4667,78.80,75.20,88.75,0.00,0.00,M,29.80,M,1.25,M,M,M,M,M,M,M,M,M,M,M,M,M,M,M,M,82.38,VOTV 220040Z AUTO 00000KT 1 1/4SM 26/24 A2980 RMK T02600240 IEM_DS3505,M
VOTV,2004-11-22 01:40,76.9500,8.4667,80.60,75.20,83.66,0.00,0.00,M,29.80,M,1.25,M,M,M,M,M,M,M,M,M,M,M,M,M,M,M,M,86.17,VOTV 220140Z AUTO 00000KT 1 1/4SM 27/24 A2980 RMK T02700240 IEM_DS3505,M
VOTV,2004-11-22 02:40,76.9500,8.4667,82.40,73.40,74.28,0.00,0.00,M,29.85,M,2.00,M,M,M,M,M,M,M,M,M,M,M,M,M,M,M,M,88.26,VOTV 220240Z AUTO 00000KT 2SM 28/23 A2985 RMK T02800230 IEM_DS3505,M
VOTV,2004-11-22 04:40,76.9500,8.4667,87.80,73.40,62.47,0.00,0.00,M,29.85,M,M,M,M,M,M,M,M,M,M,M,M,M,M,M,M,M,M,95.86,VOTV 220440Z AUTO 00000KT 31/23 A2985 RMK T03100230 IEM_DS3505,M
VOTV,2004-11-22 05:40,76.9500,8.4667,87.80,73.40,62.47,260.00,4.00,M,29.85,M,M,M,M,M,M,M,M,M,M,M,M,M,M,M,M,M,M,95.86,VOTV 220540Z AUTO 26004KT 31/23 A2985 RMK T03100230 IEM_DS3505,M
VOTV,2004-11-22 06:40,76.9500,8.4667,86.00,73.40,66.15,270.00,5.00,M,29.83,M,M,M,M,M,M,M,M,M,M,M,M,M,M,M,M,M,M,93.45,VOTV 220640Z AUTO 27005KT 30/23 A2983 RMK T03000230 IEM_DS3505,M
VOTV,2004-11-22 09:40,76.9500,8.4667,86.00,73.40,66.15,250.00,4.00,M,29.77,M,M,M,M,M,M,M,M,M,M,M,M,M,M,M,M,M,M,93.45,VOTV 220940Z AUTO 25004KT 30/23 A2977 RMK T03000230 IEM_DS3505,M
VOTV,2004-11-22 14:40,76.9500,8.4667,82.40,75.20,78.90,0.00,0.00,M,29.83,M,2.50,M,M,M,M,M,M,M,M,M,M,M,M,M,M,M,M,89.48,VOTV 221440Z AUTO 00000KT 2 1/2SM 28/24 A2983 RMK T02800240 IEM_DS3505,M
VOTV,2004-11-22 23:40,76.9500,8.4667,78.80,75.20,88.75,0.00,0.00,M,29.80,M,2.50,M,M,M,M,M,M,M,M,M,M,M,M,M,M,M,M,82.38,VOTV 222340Z AUTO 00000KT 2 1/2SM 26/24 A2980 RMK T02600240 IEM_DS3505,M
VOTV,2004-11-23 01:40,76.9500,8.4667,M,M,M,0.00,0.00,M,M,M,2.00,M,M,M,M,M,M,M,M,M,M,M,M,M,M,M,M,M,VOTV 230140Z AUTO 00000KT 2SM RMK IEM_DS3505,M
VOTV,2004-11-23 03:40,76.9500,8.4667,82.40,77.00,83.77,0.00,0.00,M,M,M,2.00,M,M,M,M,M,M,M,M,M,M,M,M,M,M,M,M,90.85,VOTV 230340Z AUTO 00000KT 2SM 28/25 RMK T02800250 IEM_DS3505,M
VOTV,2004-11-23 04:40,76.9500,8.4667,86.00,77.00,74.61,0.00,0.00,M,29.85,M,4.00,M,M,M,M,M,M,M,M,M,M,M,M,M,M,M,M,97.15,VOTV 230440Z AUTO 00000KT 4SM 30/25 A2985 RMK T03000250 IEM_DS3505,M
VOTV,2004-11-23 05:40,76.9500,8.4667,86.00,75.20,70.27,180.00,6.00,M,29.85,M,M,M,M,M,M,M,M,M,M,M,M,M,M,M,M,M,M,95.19,VOTV 230540Z AUTO 18006KT 30/24 A2985 RMK T03000240 IEM_DS3505,M
VOTV,2004-11-23 06:40,76.9500,8.4667,87.80,75.20,66.35,240.00,6.00,M,29.83,M,M,M,M,M,M,M,M,M,M,M,M,M,M,M,M,M,M,97.76,VOTV 230640Z AUTO 24006KT 31/24 A2983 RMK T03100240 IEM_DS3505,M
VOTV,2004-11-23 07:40,76.9500,8.4667,87.80,75.20,66.35,200.00,3.00,M,29.80,M,M,M,M,M,M,M,M,M,M,M,M,M,M,M,M,M,M,97.76,VOTV 230740Z AUTO 20003KT 31/24 A2980 RMK T03100240 IEM_DS3505,M
VOTV,2004-11-23 08:40,76.9500,8.4667,M,M,M,250.00,4.00,M,M,M,4.00,M,M,M,M,M,M,M,M,M,M,M,M,M,M,M,M,M,VOTV 230840Z AUTO 25004KT 4SM RMK IEM_DS3505,M
VOTV,2004-11-23 09:40,76.9500,8.4667,84.20,77.00,79.04,170.00,5.00,M,29.77,M,4.00,M,M,M,M,M,M,M,M,M,M,M,M,M,M,M,M,94.16,VOTV 230940Z AUTO 17005KT 4SM 29/25 A2977 RMK T02900250 IEM_DS3505,M
VOTV,2004-11-23 10:40,76.9500,8.4667,84.20,77.00,79.04,160.00,4.00,M,29.77,M,4.00,M,M,M,M,M,M,M,M,M,M,M,M,M,M,M,M,94.16,VOTV 231040Z AUTO 16004KT 4SM 29/25 A2977 RMK T02900250 IEM_DS3505,M
VOTV,2004-11-23 11:40,76.9500,8.4667,84.20,75.20,74.44,M,M,M,29.77,M,4.00,M,M,M,M,M,M,M,M,M,M,M,M,M,M,M,M,92.45,VOTV 231140Z AUTO 4SM 29/24 A2977 RMK T02900240 IEM_DS3505,M
VOTV,2004-11-23 13:40,76.9500,8.4667,82.40,75.20,78.90,0.00,0.00,M,29.80,M,2.50,M,M,M,M,M,M,M,M,M,M,M,M,M,M,M,M,89.48,VOTV 231340Z AUTO 00000KT 2 1/2SM 28/24 A2980 RMK T02800240 IEM_DS3505,M
VOTV,2004-11-23 15:40,76.9500,8.4667,80.60,75.20,83.66,0.00,0.00,M,29.83,M,2.50,M,M,M,M,M,M,M,M,M,M,M,M,M,M,M,M,86.17,VOTV 231540Z AUTO 00000KT 2 1/2SM 27/24 A2983 RMK T02700240 IEM_DS3505,M
VOTV,2004-11-23 16:40,76.9500,8.4667,80.60,75.20,83.66,0.00,0.00,M,29.83,M,2.50,M,M,M,M,M,M,M,M,M,M,M,M,M,M,M,M,86.17,VOTV 231640Z AUTO 00000KT 2 1/2SM 27/24 A2983 RMK T02700240 IEM_DS3505,M
VOTV,2004-11-23 23:40,76.9500,8.4667,M,M,M,0.00,0.00,M,M,M,2.50,M,M,M,M,M,M,M,M,M,M,M,M,M,M,M,M,M,VOTV 232340Z AUTO 00000KT 2 1/2SM RMK IEM_DS3505,M
VOTV,2004-11-24 01:40,76.9500,8.4667,M,M,M,0.00,0.00,M,M,M,1.00,M,M,M,M,M,M,M,M,M,M,M,M,M,M,M,M,M,VOTV 240140Z AUTO 00000KT 1SM RMK IEM_DS3505,M
VOTV,2004-11-24 02:40,76.9500,8.4667,82.40,75.20,78.90,0.00,0.00,M,29.83,M,2.00,M,M,M,M,M,M,M,M,M,M,M,M,M,M,M,M,89.48,VOTV 240240Z AUTO 00000KT 2SM 28/24 A2983 RMK T02800240 IEM_DS3505,M
VOTV,2004-11-24 03:40,76.9500,8.4667,82.40,77.00,83.77,0.00,0.00,M,29.85,M,4.00,M,M,M,M,M,M,M,M,M,M,M,M,M,M,M,M,90.85,VOTV 240340Z AUTO 00000KT 4SM 28/25 A2985 RMK T02800250 IEM_DS3505,M
VOTV,2004-11-24 04:40,76.9500,8.4667,86.00,77.00,74.61,0.00,0.00,M,29.85,M,4.00,M,M,M,M,M,M,M,M,M,M,M,M,M,M,M,M,97.15,VOTV 240440Z AUTO 00000KT 4SM 30/25 A2985 RMK T03000250 IEM_DS3505,M
VOTV,2004-11-24 05:40,76.9500,8.4667,86.00,75.20,70.27,0.00,0.00,M,29.83,M,M,M,M,M,M,M,M,M,M,M,M,M,M,M,M,M,M,95.19,VOTV 240540Z AUTO 00000KT 30/24 A2983 RMK T03000240 IEM_DS3505,M
VOTV,2004-11-24 06:40,76.9500,8.4667,87.80,75.20,66.35,220.00,6.00,M,29.80,M,M,M,M,M,M,M,M,M,M,M,M,M,M,M,M,M,M,97.76,VOTV 240640Z AUTO 22006KT 31/24 A2980 RMK T03100240 IEM_DS3505,M
VOTV,2004-11-24 07:40,76.9500,8.4667,87.80,75.20,66.35,250.00,6.00,M,29.77,M,M,M,M,M,M,M,M,M,M,M,M,M,M,M,M,M,M,97.76,VOTV 240740Z AUTO 25006KT 31/24 A2977 RMK T03100240 IEM_DS3505,M
VOTV,2004-11-24 08:40,76.9500,8.4667,87.80,75.20,66.35,220.00,5.00,M,29.77,M,M,M,M,M,M,M,M,M,M,M,M,M,M,M,M,M,M,97.76,VOTV 240840Z AUTO 22005KT 31/24 A2977 RMK T03100240 IEM_DS3505,M
VOTV,2004-11-24 09:40,76.9500,8.4667,M,M,M,250.00,5.00,M,M,M,4.00,M,M,M,M,M,M,M,M,M,M,M,M,M,M,M,M,M,VOTV 240940Z AUTO 25005KT 4SM RMK IEM_DS3505,M
VOTV,2004-11-24 12:40,76.9500,8.4667,80.60,78.80,94.27,0.00,0.00,0.00,29.77,M,1.86,M,SCT,BKN,M,M,1500.00,8000.00,M,M,HZ,M,M,M,M,M,M,89.33,VOTV 241240Z 00000KT 3000 HZ SCT015 FEW025CB(W SW) BKN080 27/26 Q1008 NOSIG,M
VOTV,2004-11-24 14:40,76.9500,8.4667,M,M,M,0.00,0.00,M,M,M,2.00,M,M,M,M,M,M,M,M,M,M,M,M,M,M,M,M,M,VOTV 241440Z AUTO 00000KT 2SM RMK IEM_DS3505,M
VOTV,2004-11-24 15:40,76.9500,8.4667,M,M,M,0.00,0.00,M,M,M,2.00,M,M,M,M,M,M,M,M,M,M,M,M,M,M,M,M,M,VOTV 241540Z AUTO 00000KT 2SM RMK IEM_DS3505,M
VOTV,2004-11-24 16:40,76.9500,8.4667,M,M,M,0.00,0.00,M,M,M,2.00,M,M,M,M,M,M,M,M,M,M,M,M,M,M,M,M,M,VOTV 241640Z AUTO 00000KT 2SM RMK IEM_DS3505,M
VOTV,2004-11-24 17:40,76.9500,8.4667,M,M,M,0.00,0.00,M,M,M,2.00,M,M,M,M,M,M,M,M,M,M,M,M,M,M,M,M,M,VOTV 241740Z AUTO 00000KT 2SM RMK IEM_DS3505,M
VOTV,2004-11-24 20:40,76.9500,8.4667,M,M,M,0.00,0.00,M,M,M,2.00,M,M,M,M,M,M,M,M,M,M,M,M,M,M,M,M,M,VOTV 242040Z AUTO 00000KT 2SM RMK IEM_DS3505,M
VOTV,2004-11-25 00:40,76.9500,8.4667,77.00,75.20,94.19,0.00,0.00,M,29.80,M,2.00,M,M,M,M,M,M,M,M,M,M,M,M,M,M,M,M,78.83,VOTV 250040Z AUTO 00000KT 2SM 25/24 A2980 RMK T02500240 IEM_DS3505,M
VOTV,2004-11-25 03:40,76.9500,8.4667,84.20,75.20,74.44,0.00,0.00,M,29.85,M,4.00,M,M,M,M,M,M,M,M,M,M,M,M,M,M,M,M,92.45,VOTV 250340Z AUTO 00000KT 4SM 29/24 A2985 RMK T02900240 IEM_DS3505,M
VOTV,2004-11-25 06:40,76.9500,8.4667,89.60,75.20,62.68,280.00,6.00,M,29.80,M,5.00,M,M,M,M,M,M,M,M,M,M,M,M,M,M,M,M,100.23,VOTV 250640Z AUTO 28006KT 5SM 32/24 A2980 RMK T03200240 IEM_DS3505,M
VOTV,2004-11-25 07:40,76.9500,8.4667,89.60,75.20,62.68,240.00,4.00,M,29.80,M,5.00,M,M,M,M,M,M,M,M,M,M,M,M,M,M,M,M,100.23,VOTV 250740Z AUTO 24004KT 5SM 32/24 A2980 RMK T03200240 IEM_DS3505,M
VOTV,2004-11-25 08:40,76.9500,8.4667,M,M,M,250.00,3.00,M,M,M,5.00,M,M,M,M,M,M,M,M,M,M,M,M,M,M,M,M,M,VOTV 250840Z AUTO 25003KT 5SM RMK IEM_DS3505,M
VOTV,2004-11-25 09:40,76.9500,8.4667,M,M,M,0.00,0.00,M,M,M,4.00,M,M,M,M,M,M,M,M,M,M,M,M,M,M,M,M,M,VOTV 250940Z AUTO 00000KT 4SM RMK IEM_DS3505,M
VOTV,2004-11-25 10:40,76.9500,8.4667,86.00,75.20,70.27,0.00,0.00,M,29.74,M,M,M,M,M,M,M,M,M,M,M,M,M,M,M,M,M,M,95.19,VOTV 251040Z AUTO 00000KT 30/24 A2974 RMK T03000240 IEM_DS3505,M
VOTV,2004-11-25 11:40,76.9500,8.4667,86.00,75.20,70.27,250.00,3.00,M,29.77,M,M,M,M,M,M,M,M,M,M,M,M,M,M,M,M,M,M,95.19,VOTV 251140Z AUTO 25003KT 30/24 A2977 RMK T03000240 IEM_DS3505,M
VOTV,2004-11-25 13:40,76.9500,8.4667,82.40,73.40,74.28,0.00,0.00,M,29.80,M,2.50,M,M,M,M,M,M,M,M,M,M,M,M,M,M,M,M,88.26,VOTV 251340Z AUTO 00000KT 2 1/2SM 28/23 A2980 RMK T02800230 IEM_DS3505,M
VOTV,2004-11-25 14:40,76.9500,8.4667,80.60,73.40,78.76,0.00,0.00,M,29.83,M,2.50,M,M,M,M,M,M,M,M,M,M,M,M,M,M,M,M,85.32,VOTV 251440Z AUTO 00000KT 2 1/2SM 27/23 A2983 RMK T02700230 IEM_DS3505,M
VOTV,2004-11-25 15:40,76.9500,8.4667,80.60,75.20,83.66,0.00,0.00,0.00,29.85,M,2.49,M,FEW,BKN,M,M,1500.00,10000.00,M,M,HZ,M,M,M,M,M,M,86.17,VOTV 251540Z 00000KT 4000 HZ FEW015 BKN100 27/24 Q1011 NOSIG,M
VOTV,2004-11-25 16:40,76.9500,8.4667,78.80,75.20,88.75,0.00,0.00,M,29.85,M,2.50,M,M,M,M,M,M,M,M,M,M,M,M,M,M,M,M,82.38,VOTV 251640Z AUTO 00000KT 2 1/2SM 26/24 A2985 RMK T02600240 IEM_DS3505,M
VOTV,2004-11-25 17:40,76.9500,8.4667,78.80,75.20,88.75,0.00,0.00,M,29.85,M,2.50,M,M,M,M,M,M,M,M,M,M,M,M,M,M,M,M,82.38,VOTV 251740Z AUTO 00000KT 2 1/2SM 26/24 A2985 RMK T02600240 IEM_DS3505,M
VOTV,2004-11-25 23:40,76.9500,8.4667,75.20,71.60,88.59,0.00,0.00,M,29.77,M,2.50,M,M,M,M,M,M,M,M,M,M,M,M,M,M,M,M,76.58,VOTV 252340Z AUTO 00000KT 2 1/2SM 24/22 A2977 RMK T02400220 IEM_DS3505,M
VOTV,2004-11-26 00:40,76.9500,8.4667,75.20,71.60,88.59,0.00,0.00,M,29.80,M,2.00,M,M,M,M,M,M,M,M,M,M,M,M,M,M,M,M,76.58,VOTV 260040Z AUTO 00000KT 2SM 24/22 A2980 RMK T02400220 IEM_DS3505,M
VOTV,2004-11-26 01:40,76.9500,8.4667,77.00,73.40,88.67,0.00,0.00,M,29.80,M,2.50,M,M,M,M,M,M,M,M,M,M,M,M,M,M,M,M,78.57,VOTV 260140Z AUTO 00000KT 2 1/2SM 25/23 A2980 RMK T02500230 IEM_DS3505,M
VOTV,2004-11-26 02:40,76.9500,8.4667,82.40,73.40,74.28,0.00,0.00,M,29.83,M,2.50,M,M,M,M,M,M,M,M,M,M,M,M,M,M,M,M,88.26,VOTV 260240Z AUTO 00000KT 2 1/2SM 28/23 A2983 RMK T02800230 IEM_DS3505,M
VOTV,2004-11-26 04:40,76.9500,8.4667,87.80,73.40,62.47,0.00,0.00,M,29.85,M,M,M,M,M,M,M,M,M,M,M,M,M,M,M,M,M,M,95.86,VOTV 260440Z AUTO 00000KT 31/23 A2985 RMK T03100230 IEM_DS3505,M
VOTV,2004-11-26 06:40,76.9500,8.4667,87.80,73.40,62.47,260.00,8.00,M,29.83,M,5.00,M,M,M,M,M,M,M,M,M,M,M,M,M,M,M,M,95.86,VOTV 260640Z AUTO 26008KT 5SM 31/23 A2983 RMK T03100230 IEM_DS3505,M
VOTV,2004-11-26 07:40,76.9500,8.4667,87.80,73.40,62.47,230.00,7.00,M,29.80,M,5.00,M,M,M,M,M,M,M,M,M,M,M,M,M,M,M,M,95.86,VOTV 260740Z AUTO 23007KT 5SM 31/23 A2980 RMK T03100230 IEM_DS3505,M
VOTV,2004-11-26 08:40,76.9500,8.4667,87.80,73.40,62.47,270.00,6.00,M,29.77,M,5.00,M,M,M,M,M,M,M,M,M,M,M,M,M,M,M,M,95.86,VOTV 260840Z AUTO 27006KT 5SM 31/23 A2977 RMK T03100230 IEM_DS3505,M
VOTV,2004-11-26 09:40,76.9500,8.4667,87.80,73.40,62.47,230.00,6.00,M,M,M,5.00,M,M,M,M,M,M,M,M,M,M,M,M,M,M,M,M,95.86,VOTV 260940Z AUTO 23006KT 5SM 31/23 RMK T03100230 IEM_DS3505,M
VOTV,2004-11-26 10:40,76.9500,8.4667,87.80,73.40,62.47,220.00,6.00,M,29.74,M,5.00,M,M,M,M,M,M,M,M,M,M,M,M,M,M,M,M,95.86,VOTV 261040Z AUTO 22006KT 5SM 31/23 A2974 RMK T03100230 IEM_DS3505,M
VOTV,2004-11-26 11:40,76.9500,8.4667,87.80,73.40,62.47,270.00,6.00,M,29.77,M,5.00,M,M,M,M,M,M,M,M,M,M,M,M,M,M,M,M,95.86,VOTV 261140Z AUTO 27006KT 5SM 31/23 A2977 RMK T03100230 IEM_DS3505,M
VOTV,2004-11-26 12:40,76.9500,8.4667,84.20,75.20,74.44,0.00,0.00,0.00,29.77,M,3.73,M,FEW,M,M,M,2000.00,M,M,M,M,M,M,M,M,M,M,92.45,VOTV 261240Z 00000KT 6000 FEW020 29/24 1008 TEMPO 4000 HZ,M
VOTV,2004-11-26 13:40,76.9500,8.4667,84.20,73.40,70.08,0.00,0.00,M,29.77,M,2.50,M,M,M,M,M,M,M,M,M,M,M,M,M,M,M,M,90.94,VOTV 261340Z AUTO 00000KT 2 1/2SM 29/23 A2977 RMK T02900230 IEM_DS3505,M
VOTV,2004-11-26 15:40,76.9500,8.4667,84.20,73.40,70.08,0.00,0.00,0.00,29.83,M,2.49,M,FEW,M,M,M,2000.00,M,M,M,HZ,M,M,M,M,M,M,90.94,VOTV 261540Z 00000KT 4000 HZ FEW020 29/23 Q1010 NS,M
VOTV,2004-11-26 16:40,76.9500,8.4667,82.40,73.40,74.28,0.00,0.00,M,29.85,M,2.50,M,M,M,M,M,M,M,M,M,M,M,M,M,M,M,M,88.26,VOTV 261640Z AUTO 00000KT 2 1/2SM 28/23 A2985 RMK T02800230 IEM_DS3505,M
VOTV,2004-11-26 17:40,76.9500,8.4667,82.40,75.20,78.90,0.00,0.00,M,29.83,M,2.50,M,M,M,M,M,M,M,M,M,M,M,M,M,M,M,M,89.48,VOTV 261740Z AUTO 00000KT 2 1/2SM 28/24 A2983 RMK T02800240 IEM_DS3505,M
VOTV,2004-11-26 23:40,76.9500,8.4667,75.20,69.80,83.32,0.00,0.00,M,29.77,M,1.50,M,M,M,M,M,M,M,M,M,M,M,M,M,M,M,M,76.34,VOTV 262340Z AUTO 00000KT 1 1/2SM 24/21 A2977 RMK T02400210 IEM_DS3505,M
VOTV,2004-11-27 00:40,76.9500,8.4667,75.20,69.80,83.32,0.00,0.00,M,29.80,M,1.50,M,M,M,M,M,M,M,M,M,M,M,M,M,M,M,M,76.34,VOTV 270040Z AUTO 00000KT 1 1/2SM 24/21 A2980 RMK T02400210 IEM_DS3505,M
VOTV,2004-11-27 01:40,76.9500,8.4667,77.00,71.60,83.44,0.00,0.00,M,29.83,M,1.50,M,M,M,M,M,M,M,M,M,M,M,M,M,M,M,M,78.32,VOTV 270140Z AUTO 00000KT 1 1/2SM 25/22 A2983 RMK T02500220 IEM_DS3505,M
VOTV,2004-11-27 03:40,76.9500,8.4667,84.20,75.20,74.44,0.00,0.00,M,29.85,M,4.00,M,M,M,M,M,M,M,M,M,M,M,M,M,M,M,M,92.45,VOTV 270340Z AUTO 00000KT 4SM 29/24 A2985 RMK T02900240 IEM_DS3505,M
VOTV,2004-11-27 04:40,76.9500,8.4667,86.00,73.40,66.15,270.00,6.00,M,29.85,M,M,M,M,M,M,M,M,M,M,M,M,M,M,M,M,M,M,93.45,VOTV 270440Z AUTO 27006KT 30/23 A2985 RMK T03000230 IEM_DS3505,M
VOTV,2004-11-27 05:40,76.9500,8.4667,86.00,71.60,62.25,270.00,6.00,M,29.85,M,5.00,M,M,M,M,M,M,M,M,M,M,M,M,M,M,M,M,91.92,VOTV 270540Z AUTO 27006KT 5SM 30/22 A2985 RMK T03000220 IEM_DS3505,M
VOTV,2004-11-27 06:40,76.9500,8.4667,87.80,69.80,55.29,240.00,6.00,M,29.83,M,5.00,M,M,M,M,M,M,M,M,M,M,M,M,M,M,M,M,92.71,VOTV 270640Z AUTO 24006KT 5SM 31/21 A2983 RMK T03100210 IEM_DS3505,M
VOTV,2004-11-27 07:40,76.9500,8.4667,87.80,69.80,55.29,250.00,6.00,M,29.80,M,5.00,M,M,M,M,M,M,M,M,M,M,M,M,M,M,M,M,92.71,VOTV 270740Z AUTO 25006KT 5SM 31/21 A2980 RMK T03100210 IEM_DS3505,M
VOTV,2004-11-27 08:40,76.9500,8.4667,M,M,M,M,M,M,M,M,5.00,M,M,M,M,M,M,M,M,M,M,M,M,M,M,M,M,M,VOTV 270840Z AUTO 5SM RMK IEM_DS3505,M
VOTV,2004-11-27 09:40,76.9500,8.4667,M,M,M,270.00,4.00,M,M,M,5.00,M,M,M,M,M,M,M,M,M,M,M,M,M,M,M,M,M,VOTV 270940Z AUTO 27004KT 5SM RMK IEM_DS3505,M
VOTV,2004-11-27 10:40,76.9500,8.4667,87.80,69.80,55.29,240.00,4.00,M,29.77,M,5.00,M,M,M,M,M,M,M,M,M,M,M,M,M,M,M,M,92.71,VOTV 271040Z AUTO 24004KT 5SM 31/21 A2977 RMK T03100210 IEM_DS3505,M
VOTV,2004-11-27 11:40,76.9500,8.4667,87.80,69.80,55.29,200.00,5.00,M,29.77,M,5.00,M,M,M,M,M,M,M,M,M,M,M,M,M,M,M,M,92.71,VOTV 271140Z AUTO 20005KT 5SM 31/21 A2977 RMK T03100210 IEM_DS3505,M
VOTV,2004-11-27 12:40,76.9500,8.4667,86.00,73.40,66.15,M,3.00,0.00,29.77,M,3.73,M,FEW,SCT,M,M,2000.00,25000.00,M,M,M,M,M,M,M,M,M,93.45,VOTV 271240Z VRB03KT 6000 FEW020 SCT250 30/23 Q1008 NOSIG,M
VOTV,2004-11-27 13:40,76.9500,8.4667,84.20,73.40,70.08,0.00,0.00,M,29.80,M,2.50,M,M,M,M,M,M,M,M,M,M,M,M,M,M,M,M,90.94,VOTV 271340Z AUTO 00000KT 2 1/2SM 29/23 A2980 RMK T02900230 IEM_DS3505,M
VOTV,2004-11-27 14:40,76.9500,8.4667,84.20,73.40,70.08,0.00,0.00,M,29.80,M,2.50,M,M,M,M,M,M,M,M,M,M,M,M,M,M,M,M,90.94,VOTV 271440Z AUTO 00000KT 2 1/2SM 29/23 A2980 RMK T02900230 IEM_DS3505,M
VOTV,2004-11-27 15:40,76.9500,8.4667,82.40,73.40,74.28,0.00,0.00,M,29.83,M,2.50,M,M,M,M,M,M,M,M,M,M,M,M,M,M,M,M,88.26,VOTV 271540Z AUTO 00000KT 2 1/2SM 28/23 A2983 RMK T02800230 IEM_DS3505,M
VOTV,2004-11-27 16:40,76.9500,8.4667,82.40,75.20,78.90,240.00,4.00,M,29.85,M,2.50,M,M,M,M,M,M,M,M,M,M,M,M,M,M,M,M,89.48,VOTV 271640Z AUTO 24004KT 2 1/2SM 28/24 A2985 RMK T02800240 IEM_DS3505,M
VOTV,2004-11-28 00:40,76.9500,8.4667,77.00,73.40,88.67,0.00,0.00,M,29.83,M,2.50,M,M,M,M,M,M,M,M,M,M,M,M,M,M,M,M,78.57,VOTV 280040Z AUTO 00000KT 2 1/2SM 25/23 A2983 RMK T02500230 IEM_DS3505,M
VOTV,2004-11-28 01:40,76.9500,8.4667,78.80,75.20,88.75,M,M,M,29.85,M,2.00,M,M,M,M,M,M,M,M,M,M,M,M,M,M,M,M,78.80,VOTV 280140Z AUTO 2SM 26/24 A2985 RMK T02600240 IEM_DS3505,M
VOTV,2004-11-28 02:40,76.9500,8.4667,82.40,73.40,74.28,M,M,M,29.88,M,2.50,M,M,M,M,M,M,M,M,M,M,M,M,M,M,M,M,88.26,VOTV 280240Z AUTO 2 1/2SM 28/23 A2988 RMK T02800230 IEM_DS3505,M
VOTV,2004-11-28 03:40,76.9500,8.4667,86.00,73.40,66.15,0.00,0.00,M,29.88,M,M,M,M,M,M,M,M,M,M,M,M,M,M,M,M,M,M,93.45,VOTV 280340Z AUTO 00000KT 30/23 A2988 RMK T03000230 IEM_DS3505,M
VOTV,2004-11-28 04:40,76.9500,8.4667,87.80,73.40,62.47,260.00,4.00,0.00,29.88,M,4.97,M,FEW,SCT,M,M,2000.00,25000.00,M,M,M,M,M,M,M,M,M,95.86,VOTV 280440Z 26004KT 8000 FEW020 SCT250 31/23 Q1012 NOSIG,M
VOTV,2004-11-28 05:40,76.9500,8.4667,87.80,73.40,62.47,240.00,4.00,M,29.88,M,5.00,M,M,M,M,M,M,M,M,M,M,M,M,M,M,M,M,95.86,VOTV 280540Z AUTO 24004KT 5SM 31/23 A2988 RMK T03100230 IEM_DS3505,M
VOTV,2004-11-28 06:40,76.9500,8.4667,87.80,73.40,62.47,200.00,4.00,M,29.88,M,5.00,M,M,M,M,M,M,M,M,M,M,M,M,M,M,M,M,95.86,VOTV 280640Z AUTO 20004KT 5SM 31/23 A2988 RMK T03100230 IEM_DS3505,M
VOTV,2004-11-28 07:40,76.9500,8.4667,87.80,73.40,62.47,220.00,4.00,M,29.83,M,5.00,M,M,M,M,M,M,M,M,M,M,M,M,M,M,M,M,95.86,VOTV 280740Z AUTO 22004KT 5SM 31/23 A2983 RMK T03100230 IEM_DS3505,M
VOTV,2004-11-28 09:40,76.9500,8.4667,87.80,73.40,62.47,240.00,6.00,M,29.80,M,5.00,M,M,M,M,M,M,M,M,M,M,M,M,M,M,M,M,95.86,VOTV 280940Z AUTO 24006KT 5SM 31/23 A2980 RMK T03100230 IEM_DS3505,M
VOTV,2004-11-28 11:40,76.9500,8.4667,87.80,73.40,62.47,200.00,3.00,M,29.80,M,5.00,M,M,M,M,M,M,M,M,M,M,M,M,M,M,M,M,95.86,VOTV 281140Z AUTO 20003KT 5SM 31/23 A2980 RMK T03100230 IEM_DS3505,M
VOTV,2004-11-28 12:40,76.9500,8.4667,84.20,73.40,70.08,0.00,0.00,0.00,29.83,M,3.73,M,FEW,SCT,M,M,2000.00,25000.00,M,M,M,M,M,M,M,M,M,90.94,VOTV 281240Z 00000KT 6000 FEW020 SCT250 29/23 Q1010 NOSIG,M
VOTV,2004-11-28 14:40,76.9500,8.4667,84.20,73.40,70.08,0.00,0.00,M,29.88,M,2.50,M,M,M,M,M,M,M,M,M,M,M,M,M,M,M,M,90.94,VOTV 281440Z AUTO 00000KT 2 1/2SM 29/23 A2988 RMK T02900230 IEM_DS3505,M
VOTV,2004-11-28 15:40,76.9500,8.4667,84.20,73.40,70.08,0.00,0.00,M,29.88,M,2.50,M,M,M,M,M,M,M,M,M,M,M,M,M,M,M,M,90.94,VOTV 281540Z AUTO 00000KT 2 1/2SM 29/23 A2988 RMK T02900230 IEM_DS3505,M
VOTV,2004-11-28 23:40,76.9500,8.4667,77.00,73.40,88.67,0.00,0.00,M,29.83,M,2.50,M,M,M,M,M,M,M,M,M,M,M,M,M,M,M,M,78.57,VOTV 282340Z AUTO 00000KT 2 1/2SM 25/23 A2983 RMK T02500230 IEM_DS3505,M
VOTV,2004-11-29 00:40,76.9500,8.4667,77.00,73.40,88.67,0.00,0.00,M,29.85,M,2.50,M,M,M,M,M,M,M,M,M,M,M,M,M,M,M,M,78.57,VOTV 290040Z AUTO 00000KT 2 1/2SM 25/23 A2985 RMK T02500230 IEM_DS3505,M
VOTV,2004-11-29 01:40,76.9500,8.4667,78.80,73.40,83.55,0.00,0.00,0.00,29.88,M,2.49,M,FEW,SCT,M,M,2000.00,25000.00,M,M,HZ,M,M,M,M,M,M,78.80,VOTV 290140Z 00000KT 4000 HZ FEW020 SCT250 26/23 Q1012 NOSIG,M
VOTV,2004-11-29 03:40,76.9500,8.4667,84.20,68.00,58.32,0.00,0.00,M,29.91,M,M,M,M,M,M,M,M,M,M,M,M,M,M,M,M,M,M,87.40,VOTV 290340Z AUTO 00000KT 29/20 A2991 RMK T02900200 IEM_DS3505,M
VOTV,2004-11-29 04:40,76.9500,8.4667,86.00,71.60,62.25,0.00,0.00,M,29.91,M,M,M,M,M,M,M,M,M,M,M,M,M,M,M,M,M,M,91.92,VOTV 290440Z AUTO 00000KT 30/22 A2991 RMK T03000220 IEM_DS3505,M
VOTV,2004-11-29 07:40,76.9500,8.4667,87.80,73.40,62.47,290.00,6.00,M,29.83,M,M,M,M,M,M,M,M,M,M,M,M,M,M,M,M,M,M,95.86,VOTV 290740Z AUTO 29006KT 31/23 A2983 RMK T03100230 IEM_DS3505,M
VOTV,2004-11-29 08:40,76.9500,8.4667,87.80,73.40,62.47,270.00,6.00,M,29.80,M,M,M,M,M,M,M,M,M,M,M,M,M,M,M,M,M,M,95.86,VOTV 290840Z AUTO 27006KT 31/23 A2980 RMK T03100230 IEM_DS3505,M
VOTV,2004-11-29 09:40,76.9500,8.4667,87.80,73.40,62.47,260.00,4.00,M,29.80,M,M,M,M,M,M,M,M,M,M,M,M,M,M,M,M,M,M,95.86,VOTV 290940Z AUTO 26004KT 31/23 A2980 RMK T03100230 IEM_DS3505,M
VOTV,2004-11-29 11:40,76.9500,8.4667,86.00,73.40,66.15,M,M,M,29.80,M,M,M,M,M,M,M,M,M,M,M,M,M,M,M,M,M,M,93.45,VOTV 291140Z AUTO 30/23 A2980 RMK T03000230 IEM_DS3505,M
VOTV,2004-11-29 13:40,76.9500,8.4667,84.20,75.20,74.44,0.00,0.00,M,29.83,M,2.50,M,M,M,M,M,M,M,M,M,M,M,M,M,M,M,M,92.45,VOTV 291340Z AUTO 00000KT 2 1/2SM 29/24 A2983 RMK T02900240 IEM_DS3505,M
VOTV,2004-11-29 14:40,76.9500,8.4667,82.40,77.00,83.77,0.00,0.00,M,29.85,M,2.50,M,M,M,M,M,M,M,M,M,M,M,M,M,M,M,M,90.85,VOTV 291440Z AUTO 00000KT 2 1/2SM 28/25 A2985 RMK T02800250 IEM_DS3505,M
VOTV,2004-11-29 15:40,76.9500,8.4667,80.60,75.20,83.66,0.00,0.00,M,29.88,M,2.00,M,M,M,M,M,M,M,M,M,M,M,M,M,M,M,M,86.17,VOTV 291540Z AUTO 00000KT 2SM 27/24 A2988 RMK T02700240 IEM_DS3505,M
VOTV,2004-11-29 16:40,76.9500,8.4667,80.60,75.20,83.66,0.00,0.00,M,29.88,M,2.00,M,M,M,M,M,M,M,M,M,M,M,M,M,M,M,M,86.17,VOTV 291640Z AUTO 00000KT 2SM 27/24 A2988 RMK T02700240 IEM_DS3505,M
VOTV,2004-11-29 23:40,76.9500,8.4667,77.00,73.40,88.67,0.00,0.00,M,29.83,M,2.00,M,M,M,M,M,M,M,M,M,M,M,M,M,M,M,M,78.57,VOTV 292340Z AUTO 00000KT 2SM 25/23 A2983 RMK T02500230 IEM_DS3505,M
VOTV,2004-11-30 00:40,76.9500,8.4667,77.00,73.40,88.67,0.00,0.00,M,29.85,M,1.50,M,M,M,M,M,M,M,M,M,M,M,M,M,M,M,M,78.57,VOTV 300040Z AUTO 00000KT 1 1/2SM 25/23 A2985 RMK T02500230 IEM_DS3505,M
VOTV,2004-11-30 01:40,76.9500,8.4667,77.00,73.40,88.67,0.00,0.00,M,29.85,M,2.00,M,M,M,M,M,M,M,M,M,M,M,M,M,M,M,M,78.57,VOTV 300140Z AUTO 00000KT 2SM 25/23 A2985 RMK T02500230 IEM_DS3505,M
VOTV,2004-11-30 02:40,76.9500,8.4667,80.60,73.40,78.76,70.00,4.00,M,29.88,M,2.50,M,M,M,M,M,M,M,M,M,M,M,M,M,M,M,M,85.32,VOTV 300240Z AUTO 07004KT 2 1/2SM 27/23 A2988 RMK T02700230 IEM_DS3505,M
VOTV,2004-11-30 04:40,76.9500,8.4667,87.80,73.40,62.47,0.00,0.00,M,29.88,M,M,M,M,M,M,M,M,M,M,M,M,M,M,M,M,M,M,95.86,VOTV 300440Z AUTO 00000KT 31/23 A2988 RMK T03100230 IEM_DS3505,M
VOTV,2004-11-30 05:40,76.9500,8.4667,87.80,73.40,62.47,210.00,5.00,M,29.88,M,M,M,M,M,M,M,M,M,M,M,M,M,M,M,M,M,M,95.86,VOTV 300540Z AUTO 21005KT 31/23 A2988 RMK T03100230 IEM_DS3505,M
VOTV,2004-11-30 06:40,76.9500,8.4667,87.80,75.20,66.35,230.00,4.00,M,29.85,M,5.00,M,M,M,M,M,M,M,M,M,M,M,M,M,M,M,M,97.76,VOTV 300640Z AUTO 23004KT 5SM 31/24 A2985 RMK T03100240 IEM_DS3505,M
VOTV,2004-11-30 08:40,76.9500,8.4667,87.80,75.20,66.35,240.00,8.00,M,29.80,M,5.00,M,M,M,M,M,M,M,M,M,M,M,M,M,M,M,M,97.76,VOTV 300840Z AUTO 24008KT 5SM 31/24 A2980 RMK T03100240 IEM_DS3505,M
VOTV,2004-11-30 11:40,76.9500,8.4667,86.00,75.20,70.27,220.00,3.00,M,29.80,M,5.00,M,M,M,M,M,M,M,M,M,M,M,M,M,M,M,M,95.19,VOTV 301140Z AUTO 22003KT 5SM 30/24 A2980 RMK T03000240 IEM_DS3505,M
VOTV,2004-11-30 13:40,76.9500,8.4667,84.20,73.40,70.08,0.00,0.00,M,29.83,M,M,M,M,M,M,M,M,M,M,M,M,M,M,M,M,M,M,90.94,VOTV 301340Z AUTO 00000KT 29/23 A2983 RMK T02900230 IEM_DS3505,M
VOTV,2004-11-30 15:40,76.9500,8.4667,82.40,73.40,74.28,0.00,0.00,M,29.85,M,4.00,M,M,M,M,M,M,M,M,M,M,M,M,M,M,M,M,88.26,VOTV 301540Z AUTO 00000KT 4SM 28/23 A2985 RMK T02800230 IEM_DS3505,M
VOTV,2004-11-30 16:40,76.9500,8.4667,80.60,73.40,78.76,0.00,0.00,M,29.85,M,2.50,M,M,M,M,M,M,M,M,M,M,M,M,M,M,M,M,85.32,VOTV 301640Z AUTO 00000KT 2 1/2SM 27/23 A2985 RMK T02700230 IEM_DS3505,M
VOTV,2004-11-30 17:40,76.9500,8.4667,80.60,73.40,78.76,0.00,0.00,M,29.85,M,2.50,M,M,M,M,M,M,M,M,M,M,M,M,M,M,M,M,85.32,VOTV 301740Z AUTO 00000KT 2 1/2SM 27/23 A2985 RMK T02700230 IEM_DS3505,M
VOTV,2004-12-01 01:40,76.9500,8.4667,78.80,73.40,83.55,0.00,0.00,M,29.83,M,1.00,M,M,M,M,M,M,M,M,M,M,M,M,M,M,M,M,82.03,VOTV 010140Z AUTO 00000KT 1SM 26/23 A2983 RMK T02600230 IEM_DS3505,M
VOTV,2004-12-01 04:40,76.9500,8.4667,84.20,75.20,74.44,230.00,5.00,M,29.88,M,3.00,M,M,M,M,M,M,M,M,M,M,M,M,M,M,M,M,92.45,VOTV 010440Z AUTO 23005KT 3SM 29/24 A2988 RMK T02900240 IEM_DS3505,M
VOTV,2004-12-01 06:40,76.9500,8.4667,M,M,M,230.00,6.00,M,M,M,4.00,M,M,M,M,M,M,M,M,M,M,M,M,M,M,M,M,M,VOTV 010640Z AUTO 23006KT 4SM RMK IEM_DS3505,M
VOTV,2004-12-01 07:40,76.9500,8.4667,86.00,73.40,66.15,240.00,5.00,M,29.85,M,M,M,M,M,M,M,M,M,M,M,M,M,M,M,M,M,M,93.45,VOTV 010740Z AUTO 24005KT 30/23 A2985 RMK T03000230 IEM_DS3505,M
VOTV,2004-12-01 08:40,76.9500,8.4667,M,M,M,220.00,5.00,M,M,M,4.00,M,M,M,M,M,M,M,M,M,M,M,M,M,M,M,M,M,VOTV 010840Z AUTO 22005KT 4SM RMK IEM_DS3505,M
VOTV,2004-12-01 09:40,76.9500,8.4667,M,M,M,250.00,5.00,M,M,M,4.00,M,M,M,M,M,M,M,M,M,M,M,M,M,M,M,M,M,VOTV 010940Z AUTO 25005KT 4SM RMK IEM_DS3505,M
VOTV,2004-12-01 10:40,76.9500,8.4667,84.20,73.40,70.08,200.00,4.00,M,29.80,M,M,M,M,M,M,M,M,M,M,M,M,M,M,M,M,M,M,90.94,VOTV 011040Z AUTO 20004KT 29/23 A2980 RMK T02900230 IEM_DS3505,M
VOTV,2004-12-01 11:40,76.9500,8.4667,84.20,73.40,70.08,210.00,3.00,M,29.80,M,M,M,M,M,M,M,M,M,M,M,M,M,M,M,M,M,M,90.94,VOTV 011140Z AUTO 21003KT 29/23 A2980 RMK T02900230 IEM_DS3505,M
VOTV,2004-12-01 12:40,76.9500,8.4667,82.40,75.20,78.90,0.00,0.00,0.00,29.83,M,3.73,M,FEW,BKN,M,M,1800.00,25000.00,M,M,M,M,M,M,M,M,M,89.48,VOTV 011240Z 00000KT 6000 FEW018 BKN250 28/24 Q1010 NOSIG,M
VOTV,2004-12-01 13:40,76.9500,8.4667,82.40,75.20,78.90,0.00,0.00,M,29.85,M,2.50,M,M,M,M,M,M,M,M,M,M,M,M,M,M,M,M,89.48,VOTV 011340Z AUTO 00000KT 2 1/2SM 28/24 A2985 RMK T02800240 IEM_DS3505,M
VOTV,2004-12-02 00:40,76.9500,8.4667,75.20,73.40,94.14,0.00,0.00,M,29.85,M,1.25,M,M,M,M,M,M,M,M,M,M,M,M,M,M,M,M,76.84,VOTV 020040Z AUTO 00000KT 1 1/4SM 24/23 A2985 RMK T02400230 IEM_DS3505,M
VOTV,2004-12-02 01:40,76.9500,8.4667,78.80,73.40,83.55,0.00,0.00,M,29.88,M,1.00,M,M,M,M,M,M,M,M,M,M,M,M,M,M,M,M,82.03,VOTV 020140Z AUTO 00000KT 1SM 26/23 A2988 RMK T02600230 IEM_DS3505,M
VOTV,2004-12-02 04:40,76.9500,8.4667,84.20,75.20,74.44,250.00,6.00,M,29.91,M,4.00,M,M,M,M,M,M,M,M,M,M,M,M,M,M,M,M,92.45,VOTV 020440Z AUTO 25006KT 4SM 29/24 A2991 RMK T02900240 IEM_DS3505,M
VOTV,2004-12-02 05:40,76.9500,8.4667,86.00,75.20,70.27,200.00,5.00,M,29.91,M,M,M,M,M,M,M,M,M,M,M,M,M,M,M,M,M,M,95.19,VOTV 020540Z AUTO 20005KT 30/24 A2991 RMK T03000240 IEM_DS3505,M
VOTV,2004-12-02 07:40,76.9500,8.4667,M,M,M,240.00,4.00,M,M,M,4.00,M,M,M,M,M,M,M,M,M,M,M,M,M,M,M,M,M,VOTV 020740Z AUTO 24004KT 4SM RMK IEM_DS3505,M
VOTV,2004-12-02 08:40,76.9500,8.4667,M,M,M,230.00,5.00,M,M,M,4.00,M,M,M,M,M,M,M,M,M,M,M,M,M,M,M,M,M,VOTV 020840Z AUTO 23005KT 4SM RMK IEM_DS3505,M
VOTV,2004-12-02 09:40,76.9500,8.4667,86.00,73.40,66.15,230.00,5.00,M,29.83,M,M,M,M,M,M,M,M,M,M,M,M,M,M,M,M,M,M,93.45,VOTV 020940Z AUTO 23005KT 30/23 A2983 RMK T03000230 IEM_DS3505,M
VOTV,2004-12-02 10:40,76.9500,8.4667,84.20,73.40,70.08,240.00,5.00,M,29.83,M,M,M,M,M,M,M,M,M,M,M,M,M,M,M,M,M,M,90.94,VOTV 021040Z AUTO 24005KT 29/23 A2983 RMK T02900230 IEM_DS3505,M
VOTV,2004-12-02 11:40,76.9500,8.4667,84.20,73.40,70.08,280.00,4.00,M,29.83,M,M,M,M,M,M,M,M,M,M,M,M,M,M,M,M,M,M,90.94,VOTV 021140Z AUTO 28004KT 29/23 A2983 RMK T02900230 IEM_DS3505,M
VOTV,2004-12-02 13:40,76.9500,8.4667,82.40,73.40,74.28,0.00,0.00,M,29.88,M,2.50,M,M,M,M,M,M,M,M,M,M,M,M,M,M,M,M,88.26,VOTV 021340Z AUTO 00000KT 2 1/2SM 28/23 A2988 RMK T02800230 IEM_DS3505,M
VOTV,2004-12-02 15:40,76.9500,8.4667,82.40,73.40,74.28,0.00,0.00,M,29.94,M,2.50,M,M,M,M,M,M,M,M,M,M,M,M,M,M,M,M,88.26,VOTV 021540Z AUTO 00000KT 2 1/2SM 28/23 A2994 RMK T02800230 IEM_DS3505,M
VOTV,2004-12-02 16:40,76.9500,8.4667,82.40,73.40,74.28,0.00,0.00,M,29.94,M,2.50,M,M,M,M,M,M,M,M,M,M,M,M,M,M,M,M,88.26,VOTV 021640Z AUTO 00000KT 2 1/2SM 28/23 A2994 RMK T02800230 IEM_DS3505,M
VOTV,2004-12-02 23:40,76.9500,8.4667,M,M,M,0.00,0.00,M,M,M,1.50,M,M,M,M,M,M,M,M,M,M,M,M,M,M,M,M,M,VOTV 022340Z AUTO 00000KT 1 1/2SM RMK IEM_DS3505,M
VOTV,2004-12-03 00:40,76.9500,8.4667,M,M,M,0.00,0.00,M,M,M,1.50,M,M,M,M,M,M,M,M,M,M,M,M,M,M,M,M,M,VOTV 030040Z AUTO 00000KT 1 1/2SM RMK IEM_DS3505,M
VOTV,2004-12-03 06:40,76.9500,8.4667,87.80,75.20,66.35,M,M,M,29.91,M,M,M,M,M,M,M,M,M,M,M,M,M,M,M,M,M,M,97.76,VOTV 030640Z AUTO 31/24 A2991 RMK T03100240 IEM_DS3505,M
VOTV,2004-12-03 09:40,76.9500,8.4667,M,M,M,M,M,M,M,M,3.00,M,M,M,M,M,M,M,M,M,M,M,M,M,M,M,M,M,VOTV 030940Z AUTO 3SM RMK IEM_DS3505,M
VOTV,2004-12-03 13:40,76.9500,8.4667,M,M,M,0.00,0.00,M,M,M,2.00,M,M,M,M,M,M,M,M,M,M,M,M,M,M,M,M,M,VOTV 031340Z AUTO 00000KT 2SM RMK IEM_DS3505,M
VOTV,2004-12-03 14:40,76.9500,8.4667,M,M,M,0.00,0.00,M,M,M,2.00,M,M,M,M,M,M,M,M,M,M,M,M,M,M,M,M,M,VOTV 031440Z AUTO 00000KT 2SM RMK IEM_DS3505,M
VOTV,2004-12-03 15:40,76.9500,8.4667,M,M,M,0.00,0.00,M,M,M,2.00,M,M,M,M,M,M,M,M,M,M,M,M,M,M,M,M,M,VOTV 031540Z AUTO 00000KT 2SM RMK IEM_DS3505,M
VOTV,2004-12-03 23:40,76.9500,8.4667,M,M,M,0.00,0.00,M,M,M,2.00,M,M,M,M,M,M,M,M,M,M,M,M,M,M,M,M,M,VOTV 032340Z AUTO 00000KT 2SM RMK IEM_DS3505,M
VOTV,2004-12-04 00:40,76.9500,8.4667,M,M,M,0.00,0.00,M,M,M,2.00,M,M,M,M,M,M,M,M,M,M,M,M,M,M,M,M,M,VOTV 040040Z AUTO 00000KT 2SM RMK IEM_DS3505,M
VOTV,2004-12-04 01:40,76.9500,8.4667,M,M,M,10.00,4.00,M,M,M,2.00,M,M,M,M,M,M,M,M,M,M,M,M,M,M,M,M,M,VOTV 040140Z AUTO 01004KT 2SM RMK IEM_DS3505,M
VOTV,2004-12-04 02:40,76.9500,8.4667,80.60,75.20,83.66,30.00,3.00,M,29.91,M,2.50,M,M,M,M,M,M,M,M,M,M,M,M,M,M,M,M,86.17,VOTV 040240Z AUTO 03003KT 2 1/2SM 27/24 A2991 RMK T02700240 IEM_DS3505,M
VOTV,2004-12-04 03:40,76.9500,8.4667,82.40,75.20,78.90,10.00,3.00,M,29.91,M,4.00,M,M,M,M,M,M,M,M,M,M,M,M,M,M,M,M,89.48,VOTV 040340Z AUTO 01003KT 4SM 28/24 A2991 RMK T02800240 IEM_DS3505,M
VOTV,2004-12-04 04:40,76.9500,8.4667,86.00,75.20,70.27,0.00,0.00,M,29.91,M,M,M,M,M,M,M,M,M,M,M,M,M,M,M,M,M,M,95.19,VOTV 040440Z AUTO 00000KT 30/24 A2991 RMK T03000240 IEM_DS3505,M
VOTV,2004-12-04 05:40,76.9500,8.4667,86.00,75.20,70.27,60.00,6.00,M,29.88,M,5.00,M,M,M,M,M,M,M,M,M,M,M,M,M,M,M,M,95.19,VOTV 040540Z AUTO 06006KT 5SM 30/24 A2988 RMK T03000240 IEM_DS3505,M
VOTV,2004-12-04 06:40,76.9500,8.4667,87.80,73.40,62.47,230.00,3.00,M,29.85,M,5.00,M,M,M,M,M,M,M,M,M,M,M,M,M,M,M,M,95.86,VOTV 040640Z AUTO 23003KT 5SM 31/23 A2985 RMK T03100230 IEM_DS3505,M
VOTV,2004-12-04 07:40,76.9500,8.4667,86.00,73.40,66.15,240.00,8.00,M,29.83,M,5.00,M,M,M,M,M,M,M,M,M,M,M,M,M,M,M,M,93.45,VOTV 040740Z AUTO 24008KT 5SM 30/23 A2983 RMK T03000230 IEM_DS3505,M
VOTV,2004-12-04 12:40,76.9500,8.4667,84.20,73.40,70.08,0.00,0.00,M,29.83,M,5.00,M,M,M,M,M,M,M,M,M,M,M,M,M,M,M,M,90.94,VOTV 041240Z AUTO 00000KT 5SM 29/23 A2983 RMK T02900230 IEM_DS3505,M
VOTV,2004-12-04 14:40,76.9500,8.4667,80.60,73.40,78.76,0.00,0.00,M,29.91,M,2.50,M,M,M,M,M,M,M,M,M,M,M,M,M,M,M,M,85.32,VOTV 041440Z AUTO 00000KT 2 1/2SM 27/23 A2991 RMK T02700230 IEM_DS3505,M
VOTV,2004-12-04 17:40,76.9500,8.4667,80.60,73.40,78.76,0.00,0.00,M,29.91,M,2.50,M,M,M,M,M,M,M,M,M,M,M,M,M,M,M,M,85.32,VOTV 041740Z AUTO 00000KT 2 1/2SM 27/23 A2991 RMK T02700230 IEM_DS3505,M
VOTV,2004-12-05 01:40,76.9500,8.4667,78.80,73.40,83.55,0.00,0.00,M,29.85,M,2.50,M,M,M,M,M,M,M,M,M,M,M,M,M,M,M,M,82.03,VOTV 050140Z AUTO 00000KT 2 1/2SM 26/23 A2985 RMK T02600230 IEM_DS3505,M
VOTV,2004-12-05 02:40,76.9500,8.4667,80.60,75.20,83.66,M,M,M,29.88,M,2.50,M,M,M,M,M,M,M,M,M,M,M,M,M,M,M,M,86.17,VOTV 050240Z AUTO 2 1/2SM 27/24 A2988 RMK T02700240 IEM_DS3505,M
VOTV,2004-12-05 04:40,76.9500,8.4667,84.20,71.60,65.95,260.00,4.00,M,29.91,M,M,M,M,M,M,M,M,M,M,M,M,M,M,M,M,M,M,89.60,VOTV 050440Z AUTO 26004KT 29/22 A2991 RMK T02900220 IEM_DS3505,M
VOTV,2004-12-05 05:41,76.9500,8.4667,86.00,69.80,58.55,260.00,6.00,M,29.91,M,M,M,M,M,M,M,M,M,M,M,M,M,M,M,M,M,M,90.58,VOTV 050541Z AUTO 26006KT 30/21 A2991 RMK T03000210 IEM_DS3505,M
VOTV,2004-12-05 06:40,76.9500,8.4667,86.00,69.80,58.55,260.00,6.00,M,29.88,M,M,M,M,M,M,M,M,M,M,M,M,M,M,M,M,M,M,90.58,VOTV 050640Z AUTO 26006KT 30/21 A2988 RMK T03000210 IEM_DS3505,M
VOTV,2004-12-05 07:40,76.9500,8.4667,86.00,68.00,55.04,220.00,5.00,M,29.85,M,M,M,M,M,M,M,M,M,M,M,M,M,M,M,M,M,M,89.41,VOTV 050740Z AUTO 22005KT 30/20 A2985 RMK T03000200 IEM_DS3505,M
VOTV,2004-12-05 08:40,76.9500,8.4667,86.00,66.20,51.72,260.00,6.00,M,29.85,M,M,M,M,M,M,M,M,M,M,M,M,M,M,M,M,M,M,88.39,VOTV 050840Z AUTO 26006KT 30/19 A2985 RMK T03000190 IEM_DS3505,M
VOTV,2004-12-05 09:40,76.9500,8.4667,86.00,68.00,55.04,M,M,M,29.80,M,M,M,M,M,M,M,M,M,M,M,M,M,M,M,M,M,M,89.41,VOTV 050940Z AUTO 30/20 A2980 RMK T03000200 IEM_DS3505,M
VOTV,2004-12-05 10:40,76.9500,8.4667,84.20,68.00,58.32,220.00,4.00,M,29.80,M,M,M,M,M,M,M,M,M,M,M,M,M,M,M,M,M,M,87.40,VOTV 051040Z AUTO 22004KT 29/20 A2980 RMK T02900200 IEM_DS3505,M
VOTV,2004-12-05 11:40,76.9500,8.4667,84.20,69.80,62.03,200.00,4.00,M,29.80,M,M,M,M,M,M,M,M,M,M,M,M,M,M,M,M,M,M,88.43,VOTV 051140Z AUTO 20004KT 29/21 A2980 RMK T02900210 IEM_DS3505,M
VOTV,2004-12-05 12:40,76.9500,8.4667,82.40,73.40,74.28,270.00,4.00,0.00,29.80,M,3.73,M,FEW,M,M,M,2000.00,M,M,M,M,M,M,M,M,M,M,88.26,VOTV 051240Z 27004KT 6000 FEW020 28/23 Q1009 NOSIG,M
VOTV,2004-12-05 14:40,76.9500,8.4667,82.40,73.40,74.28,M,M,M,29.88,M,4.00,M,M,M,M,M,M,M,M,M,M,M,M,M,M,M,M,88.26,VOTV 051440Z AUTO 4SM 28/23 A2988 RMK T02800230 IEM_DS3505,M
VOTV,2004-12-05 15:40,76.9500,8.4667,82.40,73.40,74.28,0.00,0.00,M,29.88,M,4.00,M,M,M,M,M,M,M,M,M,M,M,M,M,M,M,M,88.26,VOTV 051540Z AUTO 00000KT 4SM 28/23 A2988 RMK T02800230 IEM_DS3505,M
VOTV,2004-12-06 00:40,76.9500,8.4667,75.20,73.40,94.14,0.00,0.00,M,29.85,M,2.00,M,M,M,M,M,M,M,M,M,M,M,M,M,M,M,M,76.84,VOTV 060040Z AUTO 00000KT 2SM 24/23 A2985 RMK T02400230 IEM_DS3505,M
VOTV,2004-12-06 01:40,76.9500,8.4667,77.00,73.40,88.67,0.00,0.00,M,29.88,M,2.00,M,M,M,M,M,M,M,M,M,M,M,M,M,M,M,M,78.57,VOTV 060140Z AUTO 00000KT 2SM 25/23 A2988 RMK T02500230 IEM_DS3505,M
VOTV,2004-12-06 02:40,76.9500,8.4667,80.60,73.40,78.76,0.00,0.00,M,29.94,M,2.00,M,M,M,M,M,M,M,M,M,M,M,M,M,M,M,M,85.32,VOTV 060240Z AUTO 00000KT 2SM 27/23 A2994 RMK T02700230 IEM_DS3505,M
VOTV,2004-12-06 03:40,76.9500,8.4667,84.20,75.20,74.44,0.00,0.00,M,M,M,4.00,M,M,M,M,M,M,M,M,M,M,M,M,M,M,M,M,92.45,VOTV 060340Z AUTO 00000KT 4SM 29/24 RMK T02900240 IEM_DS3505,M
VOTV,2004-12-06 04:40,76.9500,8.4667,86.00,75.20,70.27,0.00,0.00,M,29.94,M,M,M,M,M,M,M,M,M,M,M,M,M,M,M,M,M,M,95.19,VOTV 060440Z AUTO 00000KT 30/24 A2994 RMK T03000240 IEM_DS3505,M
VOTV,2004-12-06 05:40,76.9500,8.4667,M,M,M,290.00,3.00,M,M,M,4.00,M,M,M,M,M,M,M,M,M,M,M,M,M,M,M,M,M,VOTV 060540Z AUTO 29003KT 4SM RMK IEM_DS3505,M
VOTV,2004-12-06 06:40,76.9500,8.4667,84.20,73.40,70.08,270.00,6.00,M,29.91,M,M,M,M,M,M,M,M,M,M,M,M,M,M,M,M,M,M,90.94,VOTV 060640Z AUTO 27006KT 29/23 A2991 RMK T02900230 IEM_DS3505,M
VOTV,2004-12-06 07:40,76.9500,8.4667,86.00,73.40,66.15,270.00,5.00,M,29.85,M,M,M,M,M,M,M,M,M,M,M,M,M,M,M,M,M,M,93.45,VOTV 060740Z AUTO 27005KT 30/23 A2985 RMK T03000230 IEM_DS3505,M
VOTV,2004-12-06 08:40,76.9500,8.4667,86.00,73.40,66.15,250.00,6.00,M,29.83,M,M,M,M,M,M,M,M,M,M,M,M,M,M,M,M,M,M,93.45,VOTV 060840Z AUTO 25006KT 30/23 A2983 RMK T03000230 IEM_DS3505,M
VOTV,2004-12-06 09:40,76.9500,8.4667,86.00,73.40,66.15,250.00,4.00,M,29.83,M,M,M,M,M,M,M,M,M,M,M,M,M,M,M,M,M,M,93.45,VOTV 060940Z AUTO 25004KT 30/23 A2983 RMK T03000230 IEM_DS3505,M
VOTV,2004-12-06 10:40,76.9500,8.4667,86.00,73.40,66.15,230.00,6.00,M,29.83,M,M,M,M,M,M,M,M,M,M,M,M,M,M,M,M,M,M,93.45,VOTV 061040Z AUTO 23006KT 30/23 A2983 RMK T03000230 IEM_DS3505,M
VOTV,2004-12-06 11:40,76.9500,8.4667,84.20,73.40,70.08,210.00,4.00,M,29.85,M,M,M,M,M,M,M,M,M,M,M,M,M,M,M,M,M,M,90.94,VOTV 061140Z AUTO 21004KT 29/23 A2985 RMK T02900230 IEM_DS3505,M
VOTV,2004-12-06 12:40,76.9500,8.4667,82.40,75.20,78.90,0.00,0.00,M,29.85,M,4.00,M,M,M,M,M,M,M,M,M,M,M,M,M,M,M,M,89.48,VOTV 061240Z AUTO 00000KT 4SM 28/24 A2985 RMK T02800240 IEM_DS3505,M
VOTV,2004-12-06 14:40,76.9500,8.4667,80.60,73.40,78.76,0.00,0.00,M,29.94,M,2.50,M,M,M,M,M,M,M,M,M,M,M,M,M,M,M,M,85.32,VOTV 061440Z AUTO 00000KT 2 1/2SM 27/23 A2994 RMK T02700230 IEM_DS3505,M
VOTV,2004-12-06 23:40,76.9500,8.4667,75.20,73.40,94.14,0.00,0.00,0.00,29.88,M,2.49,M,FEW,M,M,M,2000.00,M,M,M,HZ,M,M,M,M,M,M,75.20,VOTV 062340Z 00000KT 4000 HZ FEW020 24/23 Q1012 TEMPO 2000 HZ,M
VOTV,2004-12-07 00:40,76.9500,8.4667,75.20,73.40,94.14,0.00,0.00,M,29.88,M,2.50,M,M,M,M,M,M,M,M,M,M,M,M,M,M,M,M,76.84,VOTV 070040Z AUTO 00000KT 2 1/2SM 24/23 A2988 RMK T02400230 IEM_DS3505,M
VOTV,2004-12-07 01:40,76.9500,8.4667,75.20,73.40,94.14,0.00,0.00,M,29.91,M,2.00,M,M,M,M,M,M,M,M,M,M,M,M,M,M,M,M,76.84,VOTV 070140Z AUTO 00000KT 2SM 24/23 A2991 RMK T02400230 IEM_DS3505,M
VOTV,2004-12-07 07:40,76.9500,8.4667,86.00,68.00,55.04,250.00,5.00,M,29.88,M,5.00,M,M,M,M,M,M,M,M,M,M,M,M,M,M,M,M,89.41,VOTV 070740Z AUTO 25005KT 5SM 30/20 A2988 RMK T03000200 IEM_DS3505,M
VOTV,2004-12-07 08:40,76.9500,8.4667,86.00,68.00,55.04,240.00,4.00,M,29.83,M,5.00,M,M,M,M,M,M,M,M,M,M,M,M,M,M,M,M,89.41,VOTV 070840Z AUTO 24004KT 5SM 30/20 A2983 RMK T03000200 IEM_DS3505,M
VOTV,2004-12-07 10:40,76.9500,8.4667,86.00,66.20,51.72,230.00,3.00,M,29.83,M,5.00,M,M,M,M,M,M,M,M,M,M,M,M,M,M,M,M,88.39,VOTV 071040Z AUTO 23003KT 5SM 30/19 A2983 RMK T03000190 IEM_DS3505,M
VOTV,2004-12-07 11:40,76.9500,8.4667,86.00,71.60,62.25,M,M,M,29.83,M,5.00,M,M,M,M,M,M,M,M,M,M,M,M,M,M,M,M,91.92,VOTV 071140Z AUTO 5SM 30/22 A2983 RMK T03000220 IEM_DS3505,M
VOTV,2004-12-07 12:40,76.9500,8.4667,84.20,68.00,58.32,M,M,M,29.85,M,4.00,M,M,M,M,M,M,M,M,M,M,M,M,M,M,M,M,87.40,VOTV 071240Z AUTO 4SM 29/20 A2985 RMK T02900200 IEM_DS3505,M
VOTV,2004-12-07 13:40,76.9500,8.4667,80.60,69.80,69.71,M,M,M,29.88,M,M,M,M,M,M,M,M,M,M,M,M,M,M,M,M,M,M,83.90,VOTV 071340Z AUTO 27/21 A2988 RMK T02700210 IEM_DS3505,M
VOTV,2004-12-07 23:40,76.9500,8.4667,73.40,71.60,94.10,0.00,0.00,M,29.85,M,1.25,M,M,M,M,M,M,M,M,M,M,M,M,M,M,M,M,74.86,VOTV 072340Z AUTO 00000KT 1 1/4SM 23/22 A2985 RMK T02300220 IEM_DS3505,M
VOTV,2004-12-08 00:40,76.9500,8.4667,73.40,71.60,94.10,0.00,0.00,M,29.85,M,1.25,M,M,M,M,M,M,M,M,M,M,M,M,M,M,M,M,74.86,VOTV 080040Z AUTO 00000KT 1 1/4SM 23/22 A2985 RMK T02300220 IEM_DS3505,M
VOTV,2004-12-08 01:40,76.9500,8.4667,75.20,71.60,88.59,0.00,0.00,M,29.88,M,1.00,M,M,M,M,M,M,M,M,M,M,M,M,M,M,M,M,76.58,VOTV 080140Z AUTO 00000KT 1SM 24/22 A2988 RMK T02400220 IEM_DS3505,M
VOTV,2004-12-08 02:40,76.9500,8.4667,80.60,71.60,74.11,0.00,0.00,M,29.88,M,1.00,M,M,M,M,M,M,M,M,M,M,M,M,M,M,M,M,84.57,VOTV 080240Z AUTO 00000KT 1SM 27/22 A2988 RMK T02700220 IEM_DS3505,M
VOTV,2004-12-08 05:40,76.9500,8.4667,86.00,64.40,48.58,230.00,5.00,M,29.88,M,5.00,M,M,M,M,M,M,M,M,M,M,M,M,M,M,M,M,87.49,VOTV 080540Z AUTO 23005KT 5SM 30/18 A2988 RMK T03000180 IEM_DS3505,M
VOTV,2004-12-08 12:40,76.9500,8.4667,84.20,68.00,58.32,0.00,0.00,0.00,29.83,M,4.97,M,FEW,M,M,M,2000.00,M,M,M,M,M,M,M,M,M,M,87.40,VOTV 081240Z 00000KT 8000 FEW020 29/20 Q1010 TEMPO VIS 6000M,M
VOTV,2004-12-08 13:40,76.9500,8.4667,84.20,68.00,58.32,0.00,0.00,M,29.85,M,M,M,M,M,M,M,M,M,M,M,M,M,M,M,M,M,M,87.40,VOTV 081340Z AUTO 00000KT 29/20 A2985 RMK T02900200 IEM_DS3505,M
VOTV,2004-12-08 14:40,76.9500,8.4667,84.20,69.80,62.03,0.00,0.00,M,29.85,M,M,M,M,M,M,M,M,M,M,M,M,M,M,M,M,M,M,88.43,VOTV 081440Z AUTO 00000KT 29/21 A2985 RMK T02900210 IEM_DS3505,M
VOTV,2004-12-08 15:40,76.9500,8.4667,80.60,69.80,69.71,0.00,0.00,M,29.88,M,4.00,M,M,M,M,M,M,M,M,M,M,M,M,M,M,M,M,83.90,VOTV 081540Z AUTO 00000KT 4SM 27/21 A2988 RMK T02700210 IEM_DS3505,M
VOTV,2004-12-08 16:40,76.9500,8.4667,80.60,69.80,69.71,0.00,0.00,M,29.88,M,M,M,M,M,M,M,M,M,M,M,M,M,M,M,M,M,M,83.90,VOTV 081640Z AUTO 00000KT 27/21 A2988 RMK T02700210 IEM_DS3505,M
VOTV,2004-12-09 01:40,76.9500,8.4667,77.00,69.80,78.48,0.00,0.00,M,29.85,M,1.00,M,M,M,M,M,M,M,M,M,M,M,M,M,M,M,M,78.09,VOTV 090140Z AUTO 00000KT 1SM 25/21 A2985 RMK T02500210 IEM_DS3505,M
VOTV,2004-12-09 03:40,76.9500,8.4667,84.20,75.20,74.44,0.00,0.00,M,29.91,M,4.00,M,M,M,M,M,M,M,M,M,M,M,M,M,M,M,M,92.45,VOTV 090340Z AUTO 00000KT 4SM 29/24 A2991 RMK T02900240 IEM_DS3505,M
VOTV,2004-12-09 04:40,76.9500,8.4667,M,M,M,0.00,0.00,M,M,M,4.00,M,M,M,M,M,M,M,M,M,M,M,M,M,M,M,M,M,VOTV 090440Z AUTO 00000KT 4SM RMK IEM_DS3505,M
VOTV,2004-12-09 05:40,76.9500,8.4667,M,M,M,0.00,0.00,M,M,M,4.00,M,M,M,M,M,M,M,M,M,M,M,M,M,M,M,M,M,VOTV 090540Z AUTO 00000KT 4SM RMK IEM_DS3505,M
VOTV,2004-12-09 06:40,76.9500,8.4667,M,M,M,M,M,M,M,M,4.00,M,M,M,M,M,M,M,M,M,M,M,M,M,M,M,M,M,VOTV 090640Z AUTO 4SM RMK IEM_DS3505,M
VOTV,2004-12-09 07:40,76.9500,8.4667,86.00,73.40,66.15,230.00,4.00,M,29.83,M,5.00,M,M,M,M,M,M,M,M,M,M,M,M,M,M,M,M,93.45,VOTV 090740Z AUTO 23004KT 5SM 30/23 A2983 RMK T03000230 IEM_DS3505,M
VOTV,2004-12-09 08:40,76.9500,8.4667,87.80,71.60,58.78,250.00,7.00,M,29.80,M,5.00,M,M,M,M,M,M,M,M,M,M,M,M,M,M,M,M,94.18,VOTV 090840Z AUTO 25007KT 5SM 31/22 A2980 RMK T03100220 IEM_DS3505,M
VOTV,2004-12-09 09:40,76.9500,8.4667,87.80,68.00,51.98,230.00,4.00,M,29.77,M,5.00,M,M,M,M,M,M,M,M,M,M,M,M,M,M,M,M,91.43,VOTV 090940Z AUTO 23004KT 5SM 31/20 A2977 RMK T03100200 IEM_DS3505,M
VOTV,2004-12-09 12:40,76.9500,8.4667,82.40,73.40,74.28,0.00,0.00,0.00,29.80,M,3.73,M,SCT,SCT,M,M,1800.00,10000.00,M,M,M,M,M,M,M,M,M,88.26,VOTV 091240Z 00000KT 6000 SCT018 SCT100 28/23 Q1009 NOSIG,M
VOTV,2004-12-09 14:40,76.9500,8.4667,82.40,71.60,69.90,0.00,0.00,M,29.83,M,M,M,M,M,M,M,M,M,M,M,M,M,M,M,M,M,M,87.18,VOTV 091440Z AUTO 00000KT 28/22 A2983 RMK T02800220 IEM_DS3505,M
VOTV,2004-12-09 15:40,76.9500,8.4667,82.40,71.60,69.90,0.00,0.00,M,29.85,M,3.00,M,M,M,M,M,M,M,M,M,M,M,M,M,M,M,M,87.18,VOTV 091540Z AUTO 00000KT 3SM 28/22 A2985 RMK T02800220 IEM_DS3505,M
VOTV,2004-12-09 16:40,76.9500,8.4667,82.40,73.40,74.28,0.00,0.00,M,29.85,M,2.50,M,M,M,M,M,M,M,M,M,M,M,M,M,M,M,M,88.26,VOTV 091640Z AUTO 00000KT 2 1/2SM 28/23 A2985 RMK T02800230 IEM_DS3505,M
VOTV,2004-12-10 00:40,76.9500,8.4667,77.00,73.40,88.67,0.00,0.00,0.00,29.83,M,1.86,M,FEW,SCT,M,M,2000.00,25000.00,M,M,HZ,M,M,M,M,M,M,77.00,VOTV 100040Z 00000 3000 HZ FEW020 SCT250 25/23 Q1010 NOSIG,M
VOTV,2004-12-10 01:40,76.9500,8.4667,78.80,73.40,83.55,0.00,0.00,M,29.83,M,2.00,M,M,M,M,M,M,M,M,M,M,M,M,M,M,M,M,82.03,VOTV 100140Z AUTO 00000KT 2SM 26/23 A2983 RMK T02600230 IEM_DS3505,M
VOTV,2004-12-10 03:40,76.9500,8.4667,82.40,73.40,74.28,90.00,3.00,M,29.88,M,4.00,M,M,M,M,M,M,M,M,M,M,M,M,M,M,M,M,88.26,VOTV 100340Z AUTO 09003KT 4SM 28/23 A2988 RMK T02800230 IEM_DS3505,M
VOTV,2004-12-10 05:40,76.9500,8.4667,86.00,73.40,66.15,100.00,4.00,M,29.88,M,M,M,M,M,M,M,M,M,M,M,M,M,M,M,M,M,M,93.45,VOTV 100540Z AUTO 10004KT 30/23 A2988 RMK T03000230 IEM_DS3505,M
VOTV,2004-12-10 06:40,76.9500,8.4667,86.00,73.40,66.15,240.00,6.00,M,29.85,M,5.00,M,M,M,M,M,M,M,M,M,M,M,M,M,M,M,M,93.45,VOTV 100640Z AUTO 24006KT 5SM 30/23 A2985 RMK T03000230 IEM_DS3505,M
VOTV,2004-12-10 07:40,76.9500,8.4667,86.00,73.40,66.15,240.00,8.00,M,29.83,M,5.00,M,M,M,M,M,M,M,M,M,M,M,M,M,M,M,M,93.45,VOTV 100740Z AUTO 24008KT 5SM 30/23 A2983 RMK T03000230 IEM_DS3505,M
VOTV,2004-12-10 08:40,76.9500,8.4667,87.80,73.40,62.47,270.00,5.00,0.00,29.80,M,4.97,M,FEW,M,M,M,1800.00,M,M,M,M,M,M,M,M,M,M,95.86,VOTV 100840Z 27005KT 8000 FEW018 31/23 Q1009 NOSIG,M
VOTV,2004-12-10 11:40,76.9500,8.4667,86.00,73.40,66.15,200.00,6.00,M,29.80,M,M,M,M,M,M,M,M,M,M,M,M,M,M,M,M,M,M,93.45,VOTV 101140Z AUTO 20006KT 30/23 A2980 RMK T03000230 IEM_DS3505,M
VOTV,2004-12-10 12:40,76.9500,8.4667,84.20,73.40,70.08,M,2.00,0.00,29.83,M,3.73,M,SCT,M,M,M,1800.00,M,M,M,M,M,M,M,M,M,M,90.94,VOTV 101240Z VRB02KT 6000 SCT018 29/23 Q1010 NOSIG,M
VOTV,2004-12-10 16:40,76.9500,8.4667,78.80,73.40,83.55,0.00,0.00,M,29.88,M,2.50,M,M,M,M,M,M,M,M,M,M,M,M,M,M,M,M,82.03,VOTV 101640Z AUTO 00000KT 2 1/2SM 26/23 A2988 RMK T02600230 IEM_DS3505,M
VOTV,2004-12-10 17:40,76.9500,8.4667,78.80,73.40,83.55,0.00,0.00,M,29.88,M,2.50,M,M,M,M,M,M,M,M,M,M,M,M,M,M,M,M,82.03,VOTV 101740Z AUTO 00000KT 2 1/2SM 26/23 A2988 RMK T02600230 IEM_DS3505,M
VOTV,2004-12-11 00:40,76.9500,8.4667,73.40,71.60,94.10,0.00,0.00,M,29.83,M,2.50,M,M,M,M,M,M,M,M,M,M,M,M,M,M,M,M,74.86,VOTV 110040Z AUTO 00000KT 2 1/2SM 23/22 A2983 RMK T02300220 IEM_DS3505,M
VOTV,2004-12-11 01:40,76.9500,8.4667,75.20,71.60,88.59,0.00,0.00,M,29.85,M,2.50,M,M,M,M,M,M,M,M,M,M,M,M,M,M,M,M,76.58,VOTV 110140Z AUTO 00000KT 2 1/2SM 24/22 A2985 RMK T02400220 IEM_DS3505,M
VOTV,2004-12-11 03:40,76.9500,8.4667,82.40,73.40,74.28,0.00,0.00,M,29.88,M,4.00,M,M,M,M,M,M,M,M,M,M,M,M,M,M,M,M,88.26,VOTV 110340Z AUTO 00000KT 4SM 28/23 A2988 RMK T02800230 IEM_DS3505,M
VOTV,2004-12-11 04:40,76.9500,8.4667,86.00,73.40,66.15,260.00,6.00,M,29.88,M,5.00,M,M,M,M,M,M,M,M,M,M,M,M,M,M,M,M,93.45,VOTV 110440Z AUTO 26006KT 5SM 30/23 A2988 RMK T03000230 IEM_DS3505,M
VOTV,2004-12-11 05:40,76.9500,8.4667,87.80,71.60,58.78,280.00,6.00,0.00,29.88,M,4.97,M,FEW,M,M,M,2000.00,M,M,M,M,M,M,M,M,M,M,94.18,VOTV 110540Z 28006KT 8000 FEW020 31/22 Q1012 N/S,M
VOTV,2004-12-11 06:40,76.9500,8.4667,87.80,71.60,58.78,280.00,6.00,M,29.85,M,5.00,M,M,M,M,M,M,M,M,M,M,M,M,M,M,M,M,94.18,VOTV 110640Z AUTO 28006KT 5SM 31/22 A2985 RMK T03100220 IEM_DS3505,M
VOTV,2004-12-11 07:40,76.9500,8.4667,89.60,68.00,49.10,280.00,6.00,0.00,29.83,M,4.97,M,FEW,M,M,M,2000.00,M,M,M,M,M,M,M,M,M,M,93.47,VOTV 110740Z 28006KT 8000 FEW020 32/20 Q1010 NOSIG,M
VOTV,2004-12-11 08:40,76.9500,8.4667,87.80,68.00,51.98,250.00,7.00,0.00,29.80,M,4.97,M,FEW,M,M,M,2000.00,M,M,M,M,M,M,M,M,M,M,91.43,VOTV 110840Z 25007KT 8000 FEW020 31/20 Q1009 NOSIG,M
VOTV,2004-12-11 09:40,76.9500,8.4667,87.80,66.20,48.84,270.00,5.00,M,29.80,M,5.00,M,M,M,M,M,M,M,M,M,M,M,M,M,M,M,M,90.31,VOTV 110940Z AUTO 27005KT 5SM 31/19 A2980 RMK T03100190 IEM_DS3505,M
VOTV,2004-12-11 11:40,76.9500,8.4667,86.00,68.00,55.04,260.00,6.00,M,29.80,M,5.00,M,M,M,M,M,M,M,M,M,M,M,M,M,M,M,M,89.41,VOTV 111140Z AUTO 26006KT 5SM 30/20 A2980 RMK T03000200 IEM_DS3505,M
VOTV,2004-12-11 12:40,76.9500,8.4667,84.20,69.80,62.03,0.00,0.00,0.00,29.80,M,3.73,M,FEW,M,M,M,2000.00,M,M,M,M,M,M,M,M,M,M,88.43,VOTV 111240Z 00000 6000 FEW020 29/21 Q1009 NOSIG,M
VOTV,2004-12-11 13:40,76.9500,8.4667,84.20,69.80,62.03,M,M,M,29.83,M,M,M,M,M,M,M,M,M,M,M,M,M,M,M,M,M,M,88.43,VOTV 111340Z AUTO 29/21 A2983 RMK T02900210 IEM_DS3505,M
VOTV,2004-12-11 23:40,76.9500,8.4667,75.20,73.40,94.14,0.00,0.00,M,29.83,M,2.50,M,M,M,M,M,M,M,M,M,M,M,M,M,M,M,M,76.84,VOTV 112340Z AUTO 00000KT 2 1/2SM 24/23 A2983 RMK T02400230 IEM_DS3505,M
VOTV,2004-12-12 00:40,76.9500,8.4667,73.40,73.40,100.00,0.00,0.00,M,29.83,M,2.50,M,M,M,M,M,M,M,M,M,M,M,M,M,M,M,M,75.14,VOTV 120040Z AUTO 00000KT 2 1/2SM 23/23 A2983 RMK T02300230 IEM_DS3505,M
VOTV,2004-12-12 01:40,76.9500,8.4667,75.20,73.40,94.14,0.00,0.00,M,29.85,M,2.00,M,M,M,M,M,M,M,M,M,M,M,M,M,M,M,M,76.84,VOTV 120140Z AUTO 00000KT 2SM 24/23 A2985 RMK T02400230 IEM_DS3505,M
VOTV,2004-12-12 03:40,76.9500,8.4667,82.40,73.40,74.28,0.00,0.00,M,29.88,M,5.00,M,M,M,M,M,M,M,M,M,M,M,M,M,M,M,M,88.26,VOTV 120340Z AUTO 00000KT 5SM 28/23 A2988 RMK T02800230 IEM_DS3505,M
VOTV,2004-12-12 04:40,76.9500,8.4667,84.20,73.40,70.08,230.00,4.00,M,29.88,M,5.00,M,M,M,M,M,M,M,M,M,M,M,M,M,M,M,M,90.94,VOTV 120440Z AUTO 23004KT 5SM 29/23 A2988 RMK T02900230 IEM_DS3505,M
VOTV,2004-12-12 07:40,76.9500,8.4667,86.00,73.40,66.15,250.00,6.00,M,29.83,M,5.00,M,M,M,M,M,M,M,M,M,M,M,M,M,M,M,M,93.45,VOTV 120740Z AUTO 25006KT 5SM 30/23 A2983 RMK T03000230 IEM_DS3505,M
VOTV,2004-12-12 08:40,76.9500,8.4667,87.80,75.20,66.35,230.00,4.00,M,29.80,M,5.00,M,M,M,M,M,M,M,M,M,M,M,M,M,M,M,M,97.76,VOTV 120840Z AUTO 23004KT 5SM 31/24 A2980 RMK T03100240 IEM_DS3505,M
VOTV,2004-12-12 09:40,76.9500,8.4667,M,M,M,M,M,M,M,M,5.00,M,M,M,M,M,M,M,M,M,M,M,M,M,M,M,M,M,VOTV 120940Z AUTO 5SM RMK IEM_DS3505,M
VOTV,2004-12-12 10:40,76.9500,8.4667,M,M,M,0.00,0.00,M,M,M,5.00,M,M,M,M,M,M,M,M,M,M,M,M,M,M,M,M,M,VOTV 121040Z AUTO 00000KT 5SM RMK IEM_DS3505,M
VOTV,2004-12-12 11:40,76.9500,8.4667,M,M,M,250.00,4.00,M,M,M,5.00,M,M,M,M,M,M,M,M,M,M,M,M,M,M,M,M,M,VOTV 121140Z AUTO 25004KT 5SM RMK IEM_DS3505,M
VOTV,2004-12-12 12:40,76.9500,8.4667,84.20,73.40,70.08,0.00,0.00,0.00,29.83,M,3.73,M,FEW,BKN,M,M,1800.00,10000.00,M,M,M,M,M,M,M,M,M,90.94,VOTV 121240Z 00000KT 6000 FEW018 FEW025CB(E W) BKN100 29/23 Q1010 NOSIG,M
VOTV,2004-12-12 13:40,76.9500,8.4667,M,M,M,0.00,0.00,M,M,M,4.00,M,M,M,M,M,M,M,M,M,M,M,M,M,M,M,M,M,VOTV 121340Z AUTO 00000KT 4SM RMK IEM_DS3505,M
VOTV,2004-12-12 15:40,76.9500,8.4667,82.40,73.40,74.28,0.00,0.00,M,29.88,M,2.50,M,M,M,M,M,M,M,M,M,M,M,M,M,M,M,M,88.26,VOTV 121540Z AUTO 00000KT 2 1/2SM 28/23 A2988 RMK T02800230 IEM_DS3505,M
VOTV,2004-12-12 16:40,76.9500,8.4667,82.40,73.40,74.28,0.00,0.00,M,29.88,M,2.50,M,M,M,M,M,M,M,M,M,M,M,M,M,M,M,M,88.26,VOTV 121640Z AUTO 00000KT 2 1/2SM 28/23 A2988 RMK T02800230 IEM_DS3505,M
VOTV,2004-12-12 23:40,76.9500,8.4667,80.60,73.40,78.76,0.00,0.00,M,29.83,M,2.00,M,M,M,M,M,M,M,M,M,M,M,M,M,M,M,M,85.32,VOTV 122340Z AUTO 00000KT 2SM 27/23 A2983 RMK T02700230 IEM_DS3505,M
VOTV,2004-12-13 00:40,76.9500,8.4667,78.80,73.40,83.55,0.00,0.00,M,29.83,M,2.00,M,M,M,M,M,M,M,M,M,M,M,M,M,M,M,M,82.03,VOTV 130040Z AUTO 00000KT 2SM 26/23 A2983 RMK T02600230 IEM_DS3505,M
VOTV,2004-12-13 01:40,76.9500,8.4667,M,M,M,0.00,0.00,M,M,M,2.00,M,M,M,M,M,M,M,M,M,M,M,M,M,M,M,M,M,VOTV 130140Z AUTO 00000KT 2SM RMK IEM_DS3505,M
VOTV,2004-12-13 02:40,76.9500,8.4667,M,M,M,0.00,0.00,M,M,M,2.00,M,M,M,M,M,M,M,M,M,M,M,M,M,M,M,M,M,VOTV 130240Z AUTO 00000KT 2SM RMK IEM_DS3505,M
VOTV,2004-12-13 03:40,76.9500,8.4667,M,M,M,0.00,0.00,M,M,M,2.00,M,M,M,M,M,M,M,M,M,M,M,M,M,M,M,M,M,VOTV 130340Z AUTO 00000KT 2SM RMK IEM_DS3505,M
VOTV,2004-12-13 04:40,76.9500,8.4667,M,M,M,M,M,M,M,M,2.00,M,M,M,M,M,M,M,M,M,M,M,M,M,M,M,M,M,VOTV 130440Z AUTO 2SM RMK IEM_DS3505,M
VOTV,2004-12-13 06:40,76.9500,8.4667,M,M,M,0.00,0.00,M,M,M,2.50,M,M,M,M,M,M,M,M,M,M,M,M,M,M,M,M,M,VOTV 130640Z AUTO 00000KT 2 1/2SM RMK IEM_DS3505,M
VOTV,2004-12-13 07:40,76.9500,8.4667,86.00,75.20,70.27,0.00,0.00,0.00,29.83,M,2.49,M,SCT,BKN,M,M,1500.00,10000.00,M,M,HZ,M,M,M,M,M,M,95.19,VOTV 130740Z 00000KT 4000 HZ SCT015 FEW025CB(E/S) BKN100 30/24 Q1010 NOSIG,M
VOTV,2004-12-13 09:40,76.9500,8.4667,84.20,73.40,70.08,180.00,4.00,M,29.80,M,M,M,M,M,M,M,M,M,M,M,M,M,M,M,M,M,M,90.94,VOTV 130940Z AUTO 18004KT 29/23 A2980 RMK T02900230 IEM_DS3505,M
VOTV,2004-12-13 10:40,76.9500,8.4667,84.20,73.40,70.08,0.00,0.00,M,29.80,M,M,M,M,M,M,M,M,M,M,M,M,M,M,M,M,M,M,90.94,VOTV 131040Z AUTO 00000KT 29/23 A2980 RMK T02900230 IEM_DS3505,M
VOTV,2004-12-13 11:40,76.9500,8.4667,84.20,73.40,70.08,0.00,0.00,M,29.80,M,M,M,M,M,M,M,M,M,M,M,M,M,M,M,M,M,M,90.94,VOTV 131140Z AUTO 00000KT 29/23 A2980 RMK T02900230 IEM_DS3505,M
VOTV,2004-12-13 15:40,76.9500,8.4667,M,M,M,M,M,M,M,M,2.50,M,M,M,M,M,M,M,M,M,M,M,M,M,M,M,M,M,VOTV 131540Z AUTO 2 1/2SM RMK IEM_DS3505,M
VOTV,2004-12-13 16:40,76.9500,8.4667,M,M,M,M,M,M,M,M,2.50,M,M,M,M,M,M,M,M,M,M,M,M,M,M,M,M,M,VOTV 131640Z AUTO 2 1/2SM RMK IEM_DS3505,M
VOTV,2004-12-13 17:40,76.9500,8.4667,M,M,M,M,M,M,M,M,2.50,M,M,M,M,M,M,M,M,M,M,M,M,M,M,M,M,M,VOTV 131740Z AUTO 2 1/2SM RMK IEM_DS3505,M
VOTV,2004-12-13 23:40,76.9500,8.4667,M,M,M,0.00,0.00,M,M,M,2.50,M,M,M,M,M,M,M,M,M,M,M,M,M,M,M,M,M,VOTV 132340Z AUTO 00000KT 2 1/2SM RMK IEM_DS3505,M
VOTV,2004-12-14 00:40,76.9500,8.4667,M,M,M,0.00,0.00,M,M,M,2.50,M,M,M,M,M,M,M,M,M,M,M,M,M,M,M,M,M,VOTV 140040Z AUTO 00000KT 2 1/2SM RMK IEM_DS3505,M
VOTV,2004-12-14 02:40,76.9500,8.4667,78.80,73.40,83.55,0.00,0.00,0.00,29.83,M,1.86,M,SCT,BKN,M,M,1500.00,10000.00,M,M,HZ,M,M,M,M,M,M,78.80,VOTV 140240Z 00000KT 3000 HZ SCT015 FEW025CB(N E) BKN100 26/23 Q1010 NOSIG,M
VOTV,2004-12-14 03:40,76.9500,8.4667,M,M,M,0.00,0.00,M,M,M,2.00,M,M,M,M,M,M,M,M,M,M,M,M,M,M,M,M,M,VOTV 140340Z AUTO 00000KT 2SM RMK IEM_DS3505,M
VOTV,2004-12-14 04:40,76.9500,8.4667,M,M,M,M,M,M,M,M,3.00,M,M,M,M,M,M,M,M,M,M,M,M,M,M,M,M,M,VOTV 140440Z AUTO 3SM RMK IEM_DS3505,M
VOTV,2004-12-14 05:40,76.9500,8.4667,87.80,73.40,62.47,M,M,M,29.80,M,M,M,M,M,M,M,M,M,M,M,M,M,M,M,M,M,M,95.86,VOTV 140540Z AUTO 31/23 A2980 RMK T03100230 IEM_DS3505,M
VOTV,2004-12-14 06:40,76.9500,8.4667,87.80,73.40,62.47,210.00,6.00,M,29.77,M,M,M,M,M,M,M,M,M,M,M,M,M,M,M,M,M,M,95.86,VOTV 140640Z AUTO 21006KT 31/23 A2977 RMK T03100230 IEM_DS3505,M
VOTV,2004-12-14 07:40,76.9500,8.4667,87.80,73.40,62.47,200.00,5.00,M,29.74,M,M,M,M,M,M,M,M,M,M,M,M,M,M,M,M,M,M,95.86,VOTV 140740Z AUTO 20005KT 31/23 A2974 RMK T03100230 IEM_DS3505,M
VOTV,2004-12-14 08:40,76.9500,8.4667,86.00,71.60,62.25,210.00,4.00,M,29.74,M,M,M,M,M,M,M,M,M,M,M,M,M,M,M,M,M,M,91.92,VOTV 140840Z AUTO 21004KT 30/22 A2974 RMK T03000220 IEM_DS3505,M
VOTV,2004-12-14 09:40,76.9500,8.4667,84.20,71.60,65.95,190.00,4.00,M,29.71,M,M,M,M,M,M,M,M,M,M,M,M,M,M,M,M,M,M,89.60,VOTV 140940Z AUTO 19004KT 29/22 A2971 RMK T02900220 IEM_DS3505,M
VOTV,2004-12-14 10:40,76.9500,8.4667,84.20,71.60,65.95,230.00,4.00,M,29.71,M,M,M,M,M,M,M,M,M,M,M,M,M,M,M,M,M,M,89.60,VOTV 141040Z AUTO 23004KT 29/22 A2971 RMK T02900220 IEM_DS3505,M
VOTV,2004-12-14 11:40,76.9500,8.4667,82.40,69.80,65.74,0.00,0.00,M,29.74,M,M,M,M,M,M,M,M,M,M,M,M,M,M,M,M,M,M,86.22,VOTV 141140Z AUTO 00000KT 28/21 A2974 RMK T02800210 IEM_DS3505,M
VOTV,2004-12-14 13:40,76.9500,8.4667,82.40,69.80,65.74,0.00,0.00,M,29.77,M,3.00,M,M,M,M,M,M,M,M,M,M,M,M,M,M,M,M,86.22,VOTV 141340Z AUTO 00000KT 3SM 28/21 A2977 RMK T02800210 IEM_DS3505,M
VOTV,2004-12-14 15:40,76.9500,8.4667,80.60,69.80,69.71,0.00,0.00,M,29.80,M,3.00,M,M,M,M,M,M,M,M,M,M,M,M,M,M,M,M,83.90,VOTV 141540Z AUTO 00000KT 3SM 27/21 A2980 RMK T02700210 IEM_DS3505,M
VOTV,2004-12-15 00:40,76.9500,8.4667,78.80,69.80,73.95,0.00,0.00,M,29.74,M,3.00,M,M,M,M,M,M,M,M,M,M,M,M,M,M,M,M,81.39,VOTV 150040Z AUTO 00000KT 3SM 26/21 A2974 RMK T02600210 IEM_DS3505,M
VOTV,2004-12-15 04:40,76.9500,8.4667,86.00,73.40,66.15,0.00,0.00,M,29.83,M,M,M,M,M,M,M,M,M,M,M,M,M,M,M,M,M,M,93.45,VOTV 150440Z AUTO 00000KT 30/23 A2983 RMK T03000230 IEM_DS3505,M
VOTV,2004-12-15 05:40,76.9500,8.4667,87.80,73.40,62.47,230.00,5.00,M,29.80,M,5.00,M,M,M,M,M,M,M,M,M,M,M,M,M,M,M,M,95.86,VOTV 150540Z AUTO 23005KT 5SM 31/23 A2980 RMK T03100230 IEM_DS3505,M
VOTV,2004-12-15 06:40,76.9500,8.4667,87.80,73.40,62.47,240.00,5.00,M,29.77,M,5.00,M,M,M,M,M,M,M,M,M,M,M,M,M,M,M,M,95.86,VOTV 150640Z AUTO 24005KT 5SM 31/23 A2977 RMK T03100230 IEM_DS3505,M
VOTV,2004-12-15 07:40,76.9500,8.4667,87.80,73.40,62.47,250.00,7.00,M,29.74,M,5.00,M,M,M,M,M,M,M,M,M,M,M,M,M,M,M,M,95.86,VOTV 150740Z AUTO 25007KT 5SM 31/23 A2974 RMK T03100230 IEM_DS3505,M
VOTV,2004-12-15 08:40,76.9500,8.4667,87.80,71.60,58.78,260.00,8.00,M,29.71,M,5.00,M,M,M,M,M,M,M,M,M,M,M,M,M,M,M,M,94.18,VOTV 150840Z AUTO 26008KT 5SM 31/22 A2971 RMK T03100220 IEM_DS3505,M
VOTV,2004-12-15 09:40,76.9500,8.4667,87.80,73.40,62.47,260.00,8.00,M,29.68,M,5.00,M,M,M,M,M,M,M,M,M,M,M,M,M,M,M,M,95.86,VOTV 150940Z AUTO 26008KT 5SM 31/23 A2968 RMK T03100230 IEM_DS3505,M
VOTV,2004-12-15 11:40,76.9500,8.4667,87.80,73.40,62.47,230.00,5.00,M,29.71,M,M,M,M,M,M,M,M,M,M,M,M,M,M,M,M,M,M,95.86,VOTV 151140Z AUTO 23005KT 31/23 A2971 RMK T03100230 IEM_DS3505,M
VOTV,2004-12-15 12:40,76.9500,8.4667,86.00,73.40,66.15,0.00,0.00,0.00,29.74,M,3.73,M,FEW,SCT,M,M,1500.00,10000.00,M,M,M,M,M,M,M,M,M,93.45,VOTV 151240Z 00000 6000 FEW015 SCT100 30/23 Q1007 NOSIG,M
VOTV,2004-12-15 14:40,76.9500,8.4667,80.60,73.40,78.76,0.00,0.00,M,29.80,M,4.00,M,M,M,M,M,M,M,M,M,M,M,M,M,M,M,M,85.32,VOTV 151440Z AUTO 00000KT 4SM 27/23 A2980 RMK T02700230 IEM_DS3505,M
VOTV,2004-12-15 15:40,76.9500,8.4667,80.60,73.40,78.76,0.00,0.00,M,29.80,M,4.00,M,M,M,M,M,M,M,M,M,M,M,M,M,M,M,M,85.32,VOTV 151540Z AUTO 00000KT 4SM 27/23 A2980 RMK T02700230 IEM_DS3505,M
VOTV,2004-12-15 23:40,76.9500,8.4667,77.00,73.40,88.67,0.00,0.00,M,29.77,M,2.50,M,M,M,M,M,M,M,M,M,M,M,M,M,M,M,M,78.57,VOTV 152340Z AUTO 00000KT 2 1/2SM 25/23 A2977 RMK T02500230 IEM_DS3505,M
VOTV,2004-12-16 00:40,76.9500,8.4667,77.00,73.40,88.67,0.00,0.00,M,29.80,M,2.50,M,M,M,M,M,M,M,M,M,M,M,M,M,M,M,M,78.57,VOTV 160040Z AUTO 00000KT 2 1/2SM 25/23 A2980 RMK T02500230 IEM_DS3505,M
VOTV,2004-12-16 02:40,76.9500,8.4667,80.60,73.40,78.76,0.00,0.00,M,29.83,M,2.00,M,M,M,M,M,M,M,M,M,M,M,M,M,M,M,M,85.32,VOTV 160240Z AUTO 00000KT 2SM 27/23 A2983 RMK T02700230 IEM_DS3505,M
VOTV,2004-12-16 03:40,76.9500,8.4667,84.20,68.00,58.32,30.00,3.00,M,29.85,M,3.00,M,M,M,M,M,M,M,M,M,M,M,M,M,M,M,M,87.40,VOTV 160340Z AUTO 03003KT 3SM 29/20 A2985 RMK T02900200 IEM_DS3505,M
VOTV,2004-12-16 04:40,76.9500,8.4667,86.00,68.00,55.04,30.00,3.00,M,29.85,M,M,M,M,M,M,M,M,M,M,M,M,M,M,M,M,M,M,89.41,VOTV 160440Z AUTO 03003KT 30/20 A2985 RMK T03000200 IEM_DS3505,M
VOTV,2004-12-16 05:40,76.9500,8.4667,87.80,66.20,48.84,30.00,3.00,M,29.85,M,5.00,M,M,M,M,M,M,M,M,M,M,M,M,M,M,M,M,90.31,VOTV 160540Z AUTO 03003KT 5SM 31/19 A2985 RMK T03100190 IEM_DS3505,M
VOTV,2004-12-16 06:40,76.9500,8.4667,87.80,66.20,48.84,290.00,8.00,M,29.83,M,5.00,M,M,M,M,M,M,M,M,M,M,M,M,M,M,M,M,90.31,VOTV 160640Z AUTO 29008KT 5SM 31/19 A2983 RMK T03100190 IEM_DS3505,M
VOTV,2004-12-16 07:40,76.9500,8.4667,87.80,66.20,48.84,250.00,7.00,M,29.80,M,5.00,M,M,M,M,M,M,M,M,M,M,M,M,M,M,M,M,90.31,VOTV 160740Z AUTO 25007KT 5SM 31/19 A2980 RMK T03100190 IEM_DS3505,M
VOTV,2004-12-16 08:40,76.9500,8.4667,89.60,66.20,46.14,270.00,7.00,M,29.77,M,5.00,M,M,M,M,M,M,M,M,M,M,M,M,M,M,M,M,92.27,VOTV 160840Z AUTO 27007KT 5SM 32/19 A2977 RMK T03200190 IEM_DS3505,M
VOTV,2004-12-16 09:40,76.9500,8.4667,87.80,68.00,51.98,260.00,7.00,M,29.77,M,5.00,M,M,M,M,M,M,M,M,M,M,M,M,M,M,M,M,91.43,VOTV 160940Z AUTO 26007KT 5SM 31/20 A2977 RMK T03100200 IEM_DS3505,M
VOTV,2004-12-16 11:40,76.9500,8.4667,86.00,71.60,62.25,280.00,4.00,M,29.77,M,5.00,M,M,M,M,M,M,M,M,M,M,M,M,M,M,M,M,91.92,VOTV 161140Z AUTO 28004KT 5SM 30/22 A2977 RMK T03000220 IEM_DS3505,M
VOTV,2004-12-16 13:40,76.9500,8.4667,82.40,69.80,65.74,0.00,0.00,M,29.83,M,M,M,M,M,M,M,M,M,M,M,M,M,M,M,M,M,M,86.22,VOTV 161340Z AUTO 00000KT 28/21 A2983 RMK T02800210 IEM_DS3505,M
VOTV,2004-12-16 14:40,76.9500,8.4667,80.60,71.60,74.11,0.00,0.00,M,29.85,M,4.00,M,M,M,M,M,M,M,M,M,M,M,M,M,M,M,M,84.57,VOTV 161440Z AUTO 00000KT 4SM 27/22 A2985 RMK T02700220 IEM_DS3505,M
VOTV,2004-12-16 16:40,76.9500,8.4667,78.80,69.80,73.95,0.00,0.00,M,29.88,M,2.00,M,M,M,M,M,M,M,M,M,M,M,M,M,M,M,M,81.39,VOTV 161640Z AUTO 00000KT 2SM 26/21 A2988 RMK T02600210 IEM_DS3505,M
VOTV,2004-12-16 17:40,76.9500,8.4667,78.80,75.20,88.75,0.00,0.00,M,29.85,M,2.00,M,M,M,M,M,M,M,M,M,M,M,M,M,M,M,M,82.38,VOTV 161740Z AUTO 00000KT 2SM 26/24 A2985 RMK T02600240 IEM_DS3505,M
VOTV,2004-12-17 00:40,76.9500,8.4667,75.20,68.00,78.34,0.00,0.00,M,29.83,M,2.00,M,M,M,M,M,M,M,M,M,M,M,M,M,M,M,M,75.20,VOTV 170040Z AUTO 00000KT 2SM 24/20 A2983 RMK T02400200 IEM_DS3505,M
VOTV,2004-12-17 01:40,76.9500,8.4667,73.40,68.00,83.21,0.00,0.00,M,29.83,M,2.00,M,M,M,M,M,M,M,M,M,M,M,M,M,M,M,M,73.40,VOTV 170140Z AUTO 00000KT 2SM 23/20 A2983 RMK T02300200 IEM_DS3505,M
VOTV,2004-12-17 02:40,76.9500,8.4667,75.20,69.80,83.32,0.00,0.00,M,29.85,M,1.50,M,M,M,M,M,M,M,M,M,M,M,M,M,M,M,M,76.34,VOTV 170240Z AUTO 00000KT 1 1/2SM 24/21 A2985 RMK T02400210 IEM_DS3505,M
VOTV,2004-12-17 05:40,76.9500,8.4667,84.20,68.00,58.32,130.00,4.00,M,29.91,M,M,M,M,M,M,M,M,M,M,M,M,M,M,M,M,M,M,87.40,VOTV 170540Z AUTO 13004KT 29/20 A2991 RMK T02900200 IEM_DS3505,M
VOTV,2004-12-17 06:40,76.9500,8.4667,86.00,69.80,58.55,M,M,M,29.88,M,M,M,M,M,M,M,M,M,M,M,M,M,M,M,M,M,M,90.58,VOTV 170640Z AUTO 30/21 A2988 RMK T03000210 IEM_DS3505,M
VOTV,2004-12-17 07:40,76.9500,8.4667,86.00,69.80,58.55,230.00,5.00,M,29.85,M,5.00,M,M,M,M,M,M,M,M,M,M,M,M,M,M,M,M,90.58,VOTV 170740Z AUTO 23005KT 5SM 30/21 A2985 RMK T03000210 IEM_DS3505,M
VOTV,2004-12-17 08:40,76.9500,8.4667,86.00,69.80,58.55,230.00,5.00,M,29.83,M,5.00,M,M,M,M,M,M,M,M,M,M,M,M,M,M,M,M,90.58,VOTV 170840Z AUTO 23005KT 5SM 30/21 A2983 RMK T03000210 IEM_DS3505,M
VOTV,2004-12-17 09:40,76.9500,8.4667,86.00,71.60,62.25,250.00,5.00,M,29.80,M,5.00,M,M,M,M,M,M,M,M,M,M,M,M,M,M,M,M,91.92,VOTV 170940Z AUTO 25005KT 5SM 30/22 A2980 RMK T03000220 IEM_DS3505,M
VOTV,2004-12-17 11:40,76.9500,8.4667,M,M,M,0.00,0.00,M,M,M,4.00,M,M,M,M,M,M,M,M,M,M,M,M,M,M,M,M,M,VOTV 171140Z AUTO 00000KT 4SM RMK IEM_DS3505,M
VOTV,2004-12-17 12:40,76.9500,8.4667,84.20,69.80,62.03,0.00,0.00,0.00,29.83,M,3.73,M,BKN,M,M,M,25000.00,M,M,M,M,M,M,M,M,M,M,88.43,VOTV 171240Z 00000 6000 DWQ010 BKN250 29/21 Q1010 NOSIG,M
VOTV,2004-12-17 13:40,76.9500,8.4667,84.20,69.80,62.03,M,M,M,29.85,M,4.00,M,M,M,M,M,M,M,M,M,M,M,M,M,M,M,M,88.43,VOTV 171340Z AUTO 4SM 29/21 A2985 RMK T02900210 IEM_DS3505,M
VOTV,2004-12-17 14:40,76.9500,8.4667,82.40,71.60,69.90,0.00,0.00,M,29.88,M,2.50,M,M,M,M,M,M,M,M,M,M,M,M,M,M,M,M,87.18,VOTV 171440Z AUTO 00000KT 2 1/2SM 28/22 A2988 RMK T02800220 IEM_DS3505,M
VOTV,2004-12-17 23:40,76.9500,8.4667,75.20,71.60,88.59,0.00,0.00,M,29.83,M,2.00,M,M,M,M,M,M,M,M,M,M,M,M,M,M,M,M,76.58,VOTV 172340Z AUTO 00000KT 2SM 24/22 A2983 RMK T02400220 IEM_DS3505,M
VOTV,2004-12-18 00:40,76.9500,8.4667,75.20,71.60,88.59,M,M,M,29.85,M,2.00,M,M,M,M,M,M,M,M,M,M,M,M,M,M,M,M,75.20,VOTV 180040Z AUTO 2SM 24/22 A2985 RMK T02400220 IEM_DS3505,M
VOTV,2004-12-18 01:40,76.9500,8.4667,75.20,71.60,88.59,0.00,0.00,0.00,29.88,M,1.86,M,FEW,SCT,M,M,2000.00,25000.00,M,M,HZ,M,M,M,M,M,M,75.20,VOTV 180140Z 00000KT 3000 HZ FEW020 SCT250 24/22 Q1012 NOSIG,M
VOTV,2004-12-18 02:40,76.9500,8.4667,78.80,73.40,83.55,0.00,0.00,M,29.88,M,2.50,M,M,M,M,M,M,M,M,M,M,M,M,M,M,M,M,82.03,VOTV 180240Z AUTO 00000KT 2 1/2SM 26/23 A2988 RMK T02600230 IEM_DS3505,M
VOTV,2004-12-18 03:40,76.9500,8.4667,84.20,73.40,70.08,70.00,4.00,M,29.91,M,M,M,M,M,M,M,M,M,M,M,M,M,M,M,M,M,M,90.94,VOTV 180340Z AUTO 07004KT 29/23 A2991 RMK T02900230 IEM_DS3505,M
VOTV,2004-12-18 04:40,76.9500,8.4667,86.00,73.40,66.15,0.00,0.00,M,29.91,M,M,M,M,M,M,M,M,M,M,M,M,M,M,M,M,M,M,93.45,VOTV 180440Z AUTO 00000KT 30/23 A2991 RMK T03000230 IEM_DS3505,M
VOTV,2004-12-18 05:40,76.9500,8.4667,87.80,73.40,62.47,210.00,3.00,M,29.88,M,M,M,M,M,M,M,M,M,M,M,M,M,M,M,M,M,M,95.86,VOTV 180540Z AUTO 21003KT 31/23 A2988 RMK T03100230 IEM_DS3505,M
VOTV,2004-12-18 06:40,76.9500,8.4667,87.80,73.40,62.47,200.00,3.00,M,29.85,M,M,M,M,M,M,M,M,M,M,M,M,M,M,M,M,M,M,95.86,VOTV 180640Z AUTO 20003KT 31/23 A2985 RMK T03100230 IEM_DS3505,M
VOTV,2004-12-18 07:40,76.9500,8.4667,87.80,73.40,62.47,270.00,6.00,M,29.85,M,M,M,M,M,M,M,M,M,M,M,M,M,M,M,M,M,M,95.86,VOTV 180740Z AUTO 27006KT 31/23 A2985 RMK T03100230 IEM_DS3505,M
VOTV,2004-12-18 08:40,76.9500,8.4667,87.80,73.40,62.47,230.00,6.00,M,29.80,M,M,M,M,M,M,M,M,M,M,M,M,M,M,M,M,M,M,95.86,VOTV 180840Z AUTO 23006KT 31/23 A2980 RMK T03100230 IEM_DS3505,M
VOTV,2004-12-18 09:40,76.9500,8.4667,89.60,73.40,59.01,240.00,6.00,M,29.80,M,M,M,M,M,M,M,M,M,M,M,M,M,M,M,M,M,M,98.20,VOTV 180940Z AUTO 24006KT 32/23 A2980 RMK T03200230 IEM_DS3505,M
VOTV,2004-12-18 10:40,76.9500,8.4667,87.80,73.40,62.47,240.00,4.00,M,29.80,M,M,M,M,M,M,M,M,M,M,M,M,M,M,M,M,M,M,95.86,VOTV 181040Z AUTO 24004KT 31/23 A2980 RMK T03100230 IEM_DS3505,M
VOTV,2004-12-18 12:40,76.9500,8.4667,84.20,73.40,70.08,220.00,4.00,0.00,29.80,M,3.73,M,FEW,BKN,M,M,1500.00,25000.00,M,M,M,M,M,M,M,M,M,90.94,VOTV 181240Z 22004KT 6000 FEW015 BKN250 29/23 Q1009 NOSIG,M
VOTV,2004-12-18 13:40,76.9500,8.4667,82.40,73.40,74.28,0.00,0.00,M,29.83,M,3.00,M,M,M,M,M,M,M,M,M,M,M,M,M,M,M,M,88.26,VOTV 181340Z AUTO 00000KT 3SM 28/23 A2983 RMK T02800230 IEM_DS3505,M
VOTV,2004-12-18 14:40,76.9500,8.4667,82.40,73.40,74.28,0.00,0.00,M,29.85,M,3.00,M,M,M,M,M,M,M,M,M,M,M,M,M,M,M,M,88.26,VOTV 181440Z AUTO 00000KT 3SM 28/23 A2985 RMK T02800230 IEM_DS3505,M
VOTV,2004-12-18 15:40,76.9500,8.4667,82.40,73.40,74.28,0.00,0.00,0.00,29.85,M,M,M,FEW,SCT,M,M,1500.00,25000.00,M,M,M,M,M,M,M,M,M,88.26,VOTV 181540Z 00000KT 4000HZ FEW015 SCT250 28/23 Q1011 NOSIG,M
VOTV,2004-12-18 16:40,76.9500,8.4667,82.40,73.40,74.28,0.00,0.00,M,29.85,M,2.50,M,M,M,M,M,M,M,M,M,M,M,M,M,M,M,M,88.26,VOTV 181640Z AUTO 00000KT 2 1/2SM 28/23 A2985 RMK T02800230 IEM_DS3505,M
VOTV,2004-12-18 23:40,76.9500,8.4667,77.00,68.00,73.78,0.00,0.00,M,29.80,M,1.50,M,M,M,M,M,M,M,M,M,M,M,M,M,M,M,M,77.00,VOTV 182340Z AUTO 00000KT 1 1/2SM 25/20 A2980 RMK T02500200 IEM_DS3505,M
VOTV,2004-12-19 00:40,76.9500,8.4667,75.20,68.00,78.34,0.00,0.00,M,29.83,M,1.50,M,M,M,M,M,M,M,M,M,M,M,M,M,M,M,M,75.20,VOTV 190040Z AUTO 00000KT 1 1/2SM 24/20 A2983 RMK T02400200 IEM_DS3505,M
VOTV,2004-12-19 01:40,76.9500,8.4667,75.20,68.00,78.34,0.00,0.00,M,29.85,M,1.50,M,M,M,M,M,M,M,M,M,M,M,M,M,M,M,M,75.20,VOTV 190140Z AUTO 00000KT 1 1/2SM 24/20 A2985 RMK T02400200 IEM_DS3505,M
VOTV,2004-12-19 03:40,76.9500,8.4667,82.40,71.60,69.90,40.00,6.00,M,29.88,M,M,M,M,M,M,M,M,M,M,M,M,M,M,M,M,M,M,87.18,VOTV 190340Z AUTO 04006KT 28/22 A2988 RMK T02800220 IEM_DS3505,M
VOTV,2004-12-19 04:40,76.9500,8.4667,84.20,69.80,62.03,M,M,M,29.88,M,M,M,M,M,M,M,M,M,M,M,M,M,M,M,M,M,M,88.43,VOTV 190440Z AUTO 29/21 A2988 RMK T02900210 IEM_DS3505,M
VOTV,2004-12-19 05:40,76.9500,8.4667,86.00,69.80,58.55,200.00,6.00,M,29.85,M,M,M,M,M,M,M,M,M,M,M,M,M,M,M,M,M,M,90.58,VOTV 190540Z AUTO 20006KT 30/21 A2985 RMK T03000210 IEM_DS3505,M
VOTV,2004-12-19 06:40,76.9500,8.4667,86.00,71.60,62.25,160.00,5.00,M,29.83,M,5.00,M,M,M,M,M,M,M,M,M,M,M,M,M,M,M,M,91.92,VOTV 190640Z AUTO 16005KT 5SM 30/22 A2983 RMK T03000220 IEM_DS3505,M
VOTV,2004-12-19 07:40,76.9500,8.4667,86.00,71.60,62.25,200.00,5.00,M,29.80,M,5.00,M,M,M,M,M,M,M,M,M,M,M,M,M,M,M,M,91.92,VOTV 190740Z AUTO 20005KT 5SM 30/22 A2980 RMK T03000220 IEM_DS3505,M
VOTV,2004-12-19 08:40,76.9500,8.4667,86.00,71.60,62.25,210.00,8.00,M,29.80,M,5.00,M,M,M,M,M,M,M,M,M,M,M,M,M,M,M,M,91.92,VOTV 190840Z AUTO 21008KT 5SM 30/22 A2980 RMK T03000220 IEM_DS3505,M
VOTV,2004-12-19 10:40,76.9500,8.4667,87.80,71.60,58.78,220.00,5.00,M,29.77,M,5.00,M,M,M,M,M,M,M,M,M,M,M,M,M,M,M,M,94.18,VOTV 191040Z AUTO 22005KT 5SM 31/22 A2977 RMK T03100220 IEM_DS3505,M
VOTV,2004-12-19 12:40,76.9500,8.4667,82.40,71.60,69.90,0.00,0.00,0.00,29.80,M,M,M,M,M,M,M,M,M,M,M,M,M,M,M,M,M,M,87.18,VOTV 191240Z 18002KT 00000KT FW020 28/22 Q1009 NOSIG,M
VOTV,2004-12-19 13:40,76.9500,8.4667,80.60,71.60,74.11,0.00,0.00,M,29.80,M,4.00,M,M,M,M,M,M,M,M,M,M,M,M,M,M,M,M,84.57,VOTV 191340Z AUTO 00000KT 4SM 27/22 A2980 RMK T02700220 IEM_DS3505,M
VOTV,2004-12-19 14:40,76.9500,8.4667,80.60,71.60,74.11,0.00,0.00,M,29.83,M,2.50,M,M,M,M,M,M,M,M,M,M,M,M,M,M,M,M,84.57,VOTV 191440Z AUTO 00000KT 2 1/2SM 27/22 A2983 RMK T02700220 IEM_DS3505,M
VOTV,2004-12-19 17:40,76.9500,8.4667,80.60,75.20,83.66,0.00,0.00,M,29.83,M,2.50,M,M,M,M,M,M,M,M,M,M,M,M,M,M,M,M,86.17,VOTV 191740Z AUTO 00000KT 2 1/2SM 27/24 A2983 RMK T02700240 IEM_DS3505,M
VOTV,2004-12-19 23:40,76.9500,8.4667,73.40,71.60,94.10,0.00,0.00,M,29.80,M,2.00,M,M,M,M,M,M,M,M,M,M,M,M,M,M,M,M,74.86,VOTV 192340Z AUTO 00000KT 2SM 23/22 A2980 RMK T02300220 IEM_DS3505,M
VOTV,2004-12-20 00:40,76.9500,8.4667,73.40,71.60,94.10,0.00,0.00,M,29.83,M,2.00,M,M,M,M,M,M,M,M,M,M,M,M,M,M,M,M,74.86,VOTV 200040Z AUTO 00000KT 2SM 23/22 A2983 RMK T02300220 IEM_DS3505,M
VOTV,2004-12-20 01:40,76.9500,8.4667,73.40,71.60,94.10,0.00,0.00,M,29.83,M,2.00,M,M,M,M,M,M,M,M,M,M,M,M,M,M,M,M,74.86,VOTV 200140Z AUTO 00000KT 2SM 23/22 A2983 RMK T02300220 IEM_DS3505,M
VOTV,2004-12-20 02:40,76.9500,8.4667,78.80,71.60,78.62,70.00,3.00,M,29.85,M,2.00,M,M,M,M,M,M,M,M,M,M,M,M,M,M,M,M,81.70,VOTV 200240Z AUTO 07003KT 2SM 26/22 A2985 RMK T02600220 IEM_DS3505,M
VOTV,2004-12-20 03:40,76.9500,8.4667,82.40,69.80,65.74,70.00,3.00,M,29.85,M,2.00,M,M,M,M,M,M,M,M,M,M,M,M,M,M,M,M,86.22,VOTV 200340Z AUTO 07003KT 2SM 28/21 A2985 RMK T02800210 IEM_DS3505,M
VOTV,2004-12-20 05:40,76.9500,8.4667,86.00,68.00,55.04,290.00,4.00,M,29.85,M,M,M,M,M,M,M,M,M,M,M,M,M,M,M,M,M,M,89.41,VOTV 200540Z AUTO 29004KT 30/20 A2985 RMK T03000200 IEM_DS3505,M
VOTV,2004-12-20 06:40,76.9500,8.4667,87.80,71.60,58.78,250.00,5.00,M,29.83,M,M,M,M,M,M,M,M,M,M,M,M,M,M,M,M,M,M,94.18,VOTV 200640Z AUTO 25005KT 31/22 A2983 RMK T03100220 IEM_DS3505,M
VOTV,2004-12-20 07:40,76.9500,8.4667,87.80,71.60,58.78,230.00,5.00,M,29.80,M,5.00,M,M,M,M,M,M,M,M,M,M,M,M,M,M,M,M,94.18,VOTV 200740Z AUTO 23005KT 5SM 31/22 A2980 RMK T03100220 IEM_DS3505,M
VOTV,2004-12-20 08:40,76.9500,8.4667,87.80,69.80,55.29,220.00,4.00,M,29.77,M,5.00,M,M,M,M,M,M,M,M,M,M,M,M,M,M,M,M,92.71,VOTV 200840Z AUTO 22004KT 5SM 31/21 A2977 RMK T03100210 IEM_DS3505,M
VOTV,2004-12-20 09:40,76.9500,8.4667,87.80,69.80,55.29,250.00,3.00,M,29.74,M,5.00,M,M,M,M,M,M,M,M,M,M,M,M,M,M,M,M,92.71,VOTV 200940Z AUTO 25003KT 5SM 31/21 A2974 RMK T03100210 IEM_DS3505,M
VOTV,2004-12-20 10:40,76.9500,8.4667,87.80,69.80,55.29,240.00,5.00,M,29.74,M,5.00,M,M,M,M,M,M,M,M,M,M,M,M,M,M,M,M,92.71,VOTV 201040Z AUTO 24005KT 5SM 31/21 A2974 RMK T03100210 IEM_DS3505,M
VOTV,2004-12-20 11:40,76.9500,8.4667,87.80,68.00,51.98,260.00,4.00,M,29.77,M,M,M,M,M,M,M,M,M,M,M,M,M,M,M,M,M,M,91.43,VOTV 201140Z AUTO 26004KT 31/20 A2977 RMK T03100200 IEM_DS3505,M
VOTV,2004-12-20 12:40,76.9500,8.4667,86.00,66.20,51.72,280.00,4.00,0.00,29.77,M,3.73,M,FEW,M,M,M,25000.00,M,M,M,M,M,M,M,M,M,M,88.39,VOTV 201240Z 28004KT 6000 FEW250 30/19 Q1008 NOSIG,M
VOTV,2004-12-20 13:40,76.9500,8.4667,84.20,66.20,54.80,0.00,0.00,M,29.80,M,M,M,M,M,M,M,M,M,M,M,M,M,M,M,M,M,M,86.50,VOTV 201340Z AUTO 00000KT 29/19 A2980 RMK T02900190 IEM_DS3505,M
VOTV,2004-12-20 14:40,76.9500,8.4667,82.40,66.20,58.08,0.00,0.00,M,29.83,M,2.50,M,M,M,M,M,M,M,M,M,M,M,M,M,M,M,M,84.63,VOTV 201440Z AUTO 00000KT 2 1/2SM 28/19 A2983 RMK T02800190 IEM_DS3505,M
VOTV,2004-12-20 15:40,76.9500,8.4667,82.40,66.20,58.08,0.00,0.00,M,29.85,M,2.50,M,M,M,M,M,M,M,M,M,M,M,M,M,M,M,M,84.63,VOTV 201540Z AUTO 00000KT 2 1/2SM 28/19 A2985 RMK T02800190 IEM_DS3505,M
VOTV,2004-12-20 17:40,76.9500,8.4667,80.60,66.20,61.58,0.00,0.00,M,29.85,M,2.50,M,M,M,M,M,M,M,M,M,M,M,M,M,M,M,M,82.75,VOTV 201740Z AUTO 00000KT 2 1/2SM 27/19 A2985 RMK T02700190 IEM_DS3505,M
VOTV,2004-12-20 23:40,76.9500,8.4667,75.20,64.40,69.14,0.00,0.00,M,29.80,M,2.50,M,M,M,M,M,M,M,M,M,M,M,M,M,M,M,M,75.20,VOTV 202340Z AUTO 00000KT 2 1/2SM 24/18 A2980 RMK T02400180 IEM_DS3505,M
VOTV,2004-12-21 00:40,76.9500,8.4667,75.20,64.40,69.14,0.00,0.00,M,29.80,M,2.50,M,M,M,M,M,M,M,M,M,M,M,M,M,M,M,M,75.20,VOTV 210040Z AUTO 00000KT 2 1/2SM 24/18 A2980 RMK T02400180 IEM_DS3505,M
VOTV,2004-12-21 02:40,76.9500,8.4667,78.80,64.40,61.36,0.00,0.00,M,29.85,M,2.00,M,M,M,M,M,M,M,M,M,M,M,M,M,M,M,M,80.56,VOTV 210240Z AUTO 00000KT 2SM 26/18 A2985 RMK T02600180 IEM_DS3505,M
VOTV,2004-12-21 03:40,76.9500,8.4667,82.40,66.20,58.08,100.00,5.00,M,29.85,M,2.00,M,M,M,M,M,M,M,M,M,M,M,M,M,M,M,M,84.63,VOTV 210340Z AUTO 10005KT 2SM 28/19 A2985 RMK T02800190 IEM_DS3505,M
VOTV,2004-12-21 04:40,76.9500,8.4667,86.00,66.20,51.72,110.00,3.00,M,29.85,M,2.00,M,M,M,M,M,M,M,M,M,M,M,M,M,M,M,M,88.39,VOTV 210440Z AUTO 11003KT 2SM 30/19 A2985 RMK T03000190 IEM_DS3505,M
VOTV,2004-12-21 05:40,76.9500,8.4667,M,M,M,210.00,6.00,M,M,M,4.00,M,M,M,M,M,M,M,M,M,M,M,M,M,M,M,M,M,VOTV 210540Z AUTO 21006KT 4SM RMK IEM_DS3505,M
VOTV,2004-12-21 06:40,76.9500,8.4667,87.80,66.20,48.84,210.00,8.00,M,29.80,M,M,M,M,M,M,M,M,M,M,M,M,M,M,M,M,M,M,90.31,VOTV 210640Z AUTO 21008KT 31/19 A2980 RMK T03100190 IEM_DS3505,M
VOTV,2004-12-21 07:40,76.9500,8.4667,87.80,68.00,51.98,200.00,6.00,M,29.80,M,5.00,M,M,M,M,M,M,M,M,M,M,M,M,M,M,M,M,91.43,VOTV 210740Z AUTO 20006KT 5SM 31/20 A2980 RMK T03100200 IEM_DS3505,M
VOTV,2004-12-21 08:40,76.9500,8.4667,87.80,68.00,51.98,180.00,4.00,M,29.74,M,5.00,M,M,M,M,M,M,M,M,M,M,M,M,M,M,M,M,91.43,VOTV 210840Z AUTO 18004KT 5SM 31/20 A2974 RMK T03100200 IEM_DS3505,M
VOTV,2004-12-21 11:40,76.9500,8.4667,86.00,69.80,58.55,200.00,6.00,M,29.74,M,5.00,M,M,M,M,M,M,M,M,M,M,M,M,M,M,M,M,90.58,VOTV 211140Z AUTO 20006KT 5SM 30/21 A2974 RMK T03000210 IEM_DS3505,M
VOTV,2004-12-21 13:40,76.9500,8.4667,84.20,68.00,58.32,0.00,0.00,0.00,29.77,M,3.73,M,FEW,M,M,M,1800.00,M,M,M,M,M,M,M,M,M,M,87.40,VOTV 211340Z 00000 6000 FEW018 29/20 Q1008 NOSIG,M
VOTV,2004-12-21 14:40,76.9500,8.4667,82.40,71.60,69.90,M,M,M,29.80,M,2.50,M,M,M,M,M,M,M,M,M,M,M,M,M,M,M,M,87.18,VOTV 211440Z AUTO 2 1/2SM 28/22 A2980 RMK T02800220 IEM_DS3505,M
VOTV,2004-12-21 16:40,76.9500,8.4667,80.60,73.40,78.76,0.00,0.00,M,29.83,M,2.00,M,M,M,M,M,M,M,M,M,M,M,M,M,M,M,M,85.32,VOTV 211640Z AUTO 00000KT 2SM 27/23 A2983 RMK T02700230 IEM_DS3505,M
VOTV,2004-12-21 23:40,76.9500,8.4667,77.00,71.60,83.44,0.00,0.00,M,29.80,M,2.50,M,M,M,M,M,M,M,M,M,M,M,M,M,M,M,M,78.32,VOTV 212340Z AUTO 00000KT 2 1/2SM 25/22 A2980 RMK T02500220 IEM_DS3505,M
VOTV,2004-12-22 01:40,76.9500,8.4667,75.20,71.60,88.59,0.00,0.00,M,29.83,M,1.50,M,M,M,M,M,M,M,M,M,M,M,M,M,M,M,M,76.58,VOTV 220140Z AUTO 00000KT 1 1/2SM 24/22 A2983 RMK T02400220 IEM_DS3505,M
VOTV,2004-12-22 02:40,76.9500,8.4667,78.80,71.60,78.62,0.00,0.00,M,29.83,M,2.00,M,M,M,M,M,M,M,M,M,M,M,M,M,M,M,M,81.70,VOTV 220240Z AUTO 00000KT 2SM 26/22 A2983 RMK T02600220 IEM_DS3505,M
VOTV,2004-12-22 04:40,76.9500,8.4667,86.00,69.80,58.55,M,M,M,29.85,M,M,M,M,M,M,M,M,M,M,M,M,M,M,M,M,M,M,90.58,VOTV 220440Z AUTO 30/21 A2985 RMK T03000210 IEM_DS3505,M
VOTV,2004-12-22 05:40,76.9500,8.4667,86.00,69.80,58.55,220.00,5.00,M,29.85,M,M,M,M,M,M,M,M,M,M,M,M,M,M,M,M,M,M,90.58,VOTV 220540Z AUTO 22005KT 30/21 A2985 RMK T03000210 IEM_DS3505,M
VOTV,2004-12-22 06:40,76.9500,8.4667,86.00,69.80,58.55,240.00,5.00,M,29.83,M,M,M,M,M,M,M,M,M,M,M,M,M,M,M,M,M,M,90.58,VOTV 220640Z AUTO 24005KT 30/21 A2983 RMK T03000210 IEM_DS3505,M
VOTV,2004-12-22 07:40,76.9500,8.4667,86.00,68.00,55.04,220.00,8.00,M,29.83,M,M,M,M,M,M,M,M,M,M,M,M,M,M,M,M,M,M,89.41,VOTV 220740Z AUTO 22008KT 30/20 A2983 RMK T03000200 IEM_DS3505,M
VOTV,2004-12-22 08:40,76.9500,8.4667,87.80,78.80,74.77,240.00,6.00,M,29.77,M,4.00,M,M,M,M,M,M,M,M,M,M,M,M,M,M,M,M,102.37,VOTV 220840Z AUTO 24006KT 4SM 31/26 A2977 RMK T03100260 IEM_DS3505,M
VOTV,2004-12-22 09:40,76.9500,8.4667,M,M,M,M,M,M,M,M,1.50,M,M,M,M,M,M,M,M,M,M,M,M,M,M,M,M,M,VOTV 220940Z AUTO 1 1/2SM RMK IEM_DS3505,M
VOTV,2004-12-22 10:40,76.9500,8.4667,M,M,M,M,M,M,M,M,1.50,M,M,M,M,M,M,M,M,M,M,M,M,M,M,M,M,M,VOTV 221040Z AUTO 1 1/2SM RMK IEM_DS3505,M
VOTV,2004-12-22 14:40,76.9500,8.4667,82.40,68.00,61.81,0.00,0.00,M,29.83,M,2.00,M,M,M,M,M,M,M,M,M,M,M,M,M,M,M,M,85.38,VOTV 221440Z AUTO 00000KT 2SM 28/20 A2983 RMK T02800200 IEM_DS3505,M
VOTV,2004-12-22 15:40,76.9500,8.4667,80.60,68.00,65.54,0.00,0.00,M,29.85,M,2.00,M,M,M,M,M,M,M,M,M,M,M,M,M,M,M,M,83.29,VOTV 221540Z AUTO 00000KT 2SM 27/20 A2985 RMK T02700200 IEM_DS3505,M
VOTV,2004-12-22 23:40,76.9500,8.4667,77.00,68.00,73.78,0.00,0.00,M,29.77,M,2.00,M,M,M,M,M,M,M,M,M,M,M,M,M,M,M,M,77.00,VOTV 222340Z AUTO 00000KT 2SM 25/20 A2977 RMK T02500200 IEM_DS3505,M
VOTV,2004-12-23 00:40,76.9500,8.4667,77.00,68.00,73.78,0.00,0.00,M,29.80,M,2.00,M,M,M,M,M,M,M,M,M,M,M,M,M,M,M,M,77.00,VOTV 230040Z AUTO 00000KT 2SM 25/20 A2980 RMK T02500200 IEM_DS3505,M
VOTV,2004-12-23 04:40,76.9500,8.4667,86.00,71.60,62.25,0.00,0.00,M,29.85,M,M,M,M,M,M,M,M,M,M,M,M,M,M,M,M,M,M,91.92,VOTV 230440Z AUTO 00000KT 30/22 A2985 RMK T03000220 IEM_DS3505,M
VOTV,2004-12-23 05:40,76.9500,8.4667,87.80,68.00,51.98,210.00,6.00,M,29.83,M,4.00,M,M,M,M,M,M,M,M,M,M,M,M,M,M,M,M,91.43,VOTV 230540Z AUTO 21006KT 4SM 31/20 A2983 RMK T03100200 IEM_DS3505,M
VOTV,2004-12-23 06:40,76.9500,8.4667,89.60,66.20,46.14,M,M,M,29.80,M,M,M,M,M,M,M,M,M,M,M,M,M,M,M,M,M,M,92.27,VOTV 230640Z AUTO 32/19 A2980 RMK T03200190 IEM_DS3505,M
VOTV,2004-12-23 14:40,76.9500,8.4667,82.40,68.00,61.81,M,M,M,29.80,M,3.00,M,M,M,M,M,M,M,M,M,M,M,M,M,M,M,M,85.38,VOTV 231440Z AUTO 3SM 28/20 A2980 RMK T02800200 IEM_DS3505,M
VOTV,2004-12-23 17:40,76.9500,8.4667,78.80,68.00,69.52,0.00,0.00,M,29.83,M,2.00,M,M,M,M,M,M,M,M,M,M,M,M,M,M,M,M,81.10,VOTV 231740Z AUTO 00000KT 2SM 26/20 A2983 RMK T02600200 IEM_DS3505,M
VOTV,2004-12-24 00:40,76.9500,8.4667,73.40,68.00,83.21,0.00,0.00,M,29.80,M,1.25,M,M,M,M,M,M,M,M,M,M,M,M,M,M,M,M,73.40,VOTV 240040Z AUTO 00000KT 1 1/4SM 23/20 A2980 RMK T02300200 IEM_DS3505,M
VOTV,2004-12-24 02:40,76.9500,8.4667,80.60,68.00,65.54,M,M,M,29.85,M,M,M,M,M,M,M,M,M,M,M,M,M,M,M,M,M,M,83.29,VOTV 240240Z AUTO 27/20 A2985 RMK T02700200 IEM_DS3505,M
VOTV,2004-12-24 04:40,76.9500,8.4667,87.80,71.60,58.78,90.00,5.00,M,29.85,M,M,M,M,M,M,M,M,M,M,M,M,M,M,M,M,M,M,94.18,VOTV 240440Z AUTO 09005KT 31/22 A2985 RMK T03100220 IEM_DS3505,M
VOTV,2004-12-24 05:40,76.9500,8.4667,89.60,68.00,49.10,110.00,7.00,M,29.85,M,5.00,M,M,M,M,M,M,M,M,M,M,M,M,M,M,M,M,93.47,VOTV 240540Z AUTO 11007KT 5SM 32/20 A2985 RMK T03200200 IEM_DS3505,M
VOTV,2004-12-24 06:40,76.9500,8.4667,87.80,71.60,58.78,200.00,5.00,M,29.83,M,5.00,M,M,M,M,M,M,M,M,M,M,M,M,M,M,M,M,94.18,VOTV 240640Z AUTO 20005KT 5SM 31/22 A2983 RMK T03100220 IEM_DS3505,M
VOTV,2004-12-24 07:40,76.9500,8.4667,87.80,71.60,58.78,200.00,5.00,M,29.80,M,5.00,M,M,M,M,M,M,M,M,M,M,M,M,M,M,M,M,94.18,VOTV 240740Z AUTO 20005KT 5SM 31/22 A2980 RMK T03100220 IEM_DS3505,M
VOTV,2004-12-24 08:40,76.9500,8.4667,87.80,71.60,58.78,200.00,5.00,M,29.77,M,5.00,M,M,M,M,M,M,M,M,M,M,M,M,M,M,M,M,94.18,VOTV 240840Z AUTO 20005KT 5SM 31/22 A2977 RMK T03100220 IEM_DS3505,M
VOTV,2004-12-24 09:40,76.9500,8.4667,87.80,71.60,58.78,240.00,3.00,M,29.77,M,5.00,M,M,M,M,M,M,M,M,M,M,M,M,M,M,M,M,94.18,VOTV 240940Z AUTO 24003KT 5SM 31/22 A2977 RMK T03100220 IEM_DS3505,M
VOTV,2004-12-24 10:40,76.9500,8.4667,87.80,71.60,58.78,240.00,3.00,M,29.77,M,M,M,M,M,M,M,M,M,M,M,M,M,M,M,M,M,M,94.18,VOTV 241040Z AUTO 24003KT 31/22 A2977 RMK T03100220 IEM_DS3505,M
VOTV,2004-12-24 11:40,76.9500,8.4667,87.80,73.40,62.47,0.00,0.00,M,29.77,M,M,M,M,M,M,M,M,M,M,M,M,M,M,M,M,M,M,95.86,VOTV 241140Z AUTO 00000KT 31/23 A2977 RMK T03100230 IEM_DS3505,M
VOTV,2004-12-24 12:40,76.9500,8.4667,87.80,73.40,62.47,330.00,3.00,0.00,29.77,M,3.73,M,SCT,BKN,M,M,1800.00,9000.00,M,M,M,M,M,M,M,M,M,95.86,VOTV 241240Z 33003KT 6000 SCT018 BKN090 31/23 Q1008 TEMPO 4000 IN HZ,M
VOTV,2004-12-24 13:40,76.9500,8.4667,86.00,73.40,66.15,0.00,0.00,M,29.80,M,2.50,M,M,M,M,M,M,M,M,M,M,M,M,M,M,M,M,93.45,VOTV 241340Z AUTO 00000KT 2 1/2SM 30/23 A2980 RMK T03000230 IEM_DS3505,M
VOTV,2004-12-24 14:40,76.9500,8.4667,86.00,73.40,66.15,0.00,0.00,M,29.83,M,2.50,M,M,M,M,M,M,M,M,M,M,M,M,M,M,M,M,93.45,VOTV 241440Z AUTO 00000KT 2 1/2SM 30/23 A2983 RMK T03000230 IEM_DS3505,M
VOTV,2004-12-24 15:40,76.9500,8.4667,84.20,73.40,70.08,0.00,0.00,M,29.83,M,2.50,M,M,M,M,M,M,M,M,M,M,M,M,M,M,M,M,90.94,VOTV 241540Z AUTO 00000KT 2 1/2SM 29/23 A2983 RMK T02900230 IEM_DS3505,M
VOTV,2004-12-24 16:40,76.9500,8.4667,84.20,73.40,70.08,0.00,0.00,M,29.85,M,2.50,M,M,M,M,M,M,M,M,M,M,M,M,M,M,M,M,90.94,VOTV 241640Z AUTO 00000KT 2 1/2SM 29/23 A2985 RMK T02900230 IEM_DS3505,M
VOTV,2004-12-24 17:40,76.9500,8.4667,84.20,73.40,70.08,0.00,0.00,M,29.85,M,2.50,M,M,M,M,M,M,M,M,M,M,M,M,M,M,M,M,90.94,VOTV 241740Z AUTO 00000KT 2 1/2SM 29/23 A2985 RMK T02900230 IEM_DS3505,M
VOTV,2004-12-25 01:40,76.9500,8.4667,80.60,73.40,78.76,80.00,4.00,M,29.83,M,2.50,M,M,M,M,M,M,M,M,M,M,M,M,M,M,M,M,85.32,VOTV 250140Z AUTO 08004KT 2 1/2SM 27/23 A2983 RMK T02700230 IEM_DS3505,M
VOTV,2004-12-25 02:40,76.9500,8.4667,82.40,73.40,74.28,0.00,0.00,M,29.85,M,2.50,M,M,M,M,M,M,M,M,M,M,M,M,M,M,M,M,88.26,VOTV 250240Z AUTO 00000KT 2 1/2SM 28/23 A2985 RMK T02800230 IEM_DS3505,M
VOTV,2004-12-25 03:40,76.9500,8.4667,84.20,73.40,70.08,10.00,4.00,M,29.88,M,M,M,M,M,M,M,M,M,M,M,M,M,M,M,M,M,M,90.94,VOTV 250340Z AUTO 01004KT 29/23 A2988 RMK T02900230 IEM_DS3505,M
VOTV,2004-12-25 04:40,76.9500,8.4667,86.00,71.60,62.25,0.00,0.00,M,29.88,M,5.00,M,M,M,M,M,M,M,M,M,M,M,M,M,M,M,M,91.92,VOTV 250440Z AUTO 00000KT 5SM 30/22 A2988 RMK T03000220 IEM_DS3505,M
VOTV,2004-12-25 05:40,76.9500,8.4667,87.80,71.60,58.78,120.00,4.00,M,29.85,M,5.00,M,M,M,M,M,M,M,M,M,M,M,M,M,M,M,M,94.18,VOTV 250540Z AUTO 12004KT 5SM 31/22 A2985 RMK T03100220 IEM_DS3505,M
VOTV,2004-12-25 06:40,76.9500,8.4667,87.80,69.80,55.29,190.00,8.00,M,29.85,M,5.00,M,M,M,M,M,M,M,M,M,M,M,M,M,M,M,M,92.71,VOTV 250640Z AUTO 19008KT 5SM 31/21 A2985 RMK T03100210 IEM_DS3505,M
VOTV,2004-12-25 07:40,76.9500,8.4667,89.60,69.80,52.23,190.00,5.00,M,29.80,M,5.00,M,M,M,M,M,M,M,M,M,M,M,M,M,M,M,M,94.85,VOTV 250740Z AUTO 19005KT 5SM 32/21 A2980 RMK T03200210 IEM_DS3505,M
VOTV,2004-12-25 08:40,76.9500,8.4667,87.80,69.80,55.29,200.00,9.00,M,29.80,M,5.00,M,M,M,M,M,M,M,M,M,M,M,M,M,M,M,M,92.71,VOTV 250840Z AUTO 20009KT 5SM 31/21 A2980 RMK T03100210 IEM_DS3505,M
VOTV,2004-12-25 09:40,76.9500,8.4667,89.60,68.00,49.10,180.00,9.00,M,29.74,M,5.00,M,M,M,M,M,M,M,M,M,M,M,M,M,M,M,M,93.47,VOTV 250940Z AUTO 18009KT 5SM 32/20 A2974 RMK T03200200 IEM_DS3505,M
VOTV,2004-12-25 10:40,76.9500,8.4667,89.60,68.00,49.10,180.00,5.00,M,29.74,M,5.00,M,M,M,M,M,M,M,M,M,M,M,M,M,M,M,M,93.47,VOTV 251040Z AUTO 18005KT 5SM 32/20 A2974 RMK T03200200 IEM_DS3505,M
VOTV,2004-12-25 11:40,76.9500,8.4667,89.60,68.00,49.10,190.00,3.00,M,29.74,M,5.00,M,M,M,M,M,M,M,M,M,M,M,M,M,M,M,M,93.47,VOTV 251140Z AUTO 19003KT 5SM 32/20 A2974 RMK T03200200 IEM_DS3505,M
VOTV,2004-12-25 12:40,76.9500,8.4667,87.80,71.60,58.78,0.00,0.00,0.00,29.77,M,3.73,M,FEW,SCT,M,M,2000.00,25000.00,M,M,M,M,M,M,M,M,M,94.18,VOTV 251240Z 00000KT 6000 FEW020 SCT250 31/22 Q1008 NOSIG,M
VOTV,2004-12-25 13:40,76.9500,8.4667,86.00,71.60,62.25,M,M,M,29.80,M,M,M,M,M,M,M,M,M,M,M,M,M,M,M,M,M,M,91.92,VOTV 251340Z AUTO 30/22 A2980 RMK T03000220 IEM_DS3505,M
VOTV,2004-12-25 14:40,76.9500,8.4667,86.00,71.60,62.25,0.00,0.00,M,29.83,M,M,M,M,M,M,M,M,M,M,M,M,M,M,M,M,M,M,91.92,VOTV 251440Z AUTO 00000KT 30/22 A2983 RMK T03000220 IEM_DS3505,M
VOTV,2004-12-25 15:40,76.9500,8.4667,86.00,73.40,66.15,0.00,0.00,M,29.83,M,M,M,M,M,M,M,M,M,M,M,M,M,M,M,M,M,M,93.45,VOTV 251540Z AUTO 00000KT 30/23 A2983 RMK T03000230 IEM_DS3505,M
VOTV,2004-12-25 16:40,76.9500,8.4667,84.20,73.40,70.08,0.00,0.00,M,29.85,M,4.00,M,M,M,M,M,M,M,M,M,M,M,M,M,M,M,M,90.94,VOTV 251640Z AUTO 00000KT 4SM 29/23 A2985 RMK T02900230 IEM_DS3505,M
VOTV,2004-12-25 17:40,76.9500,8.4667,82.40,73.40,74.28,0.00,0.00,M,29.85,M,2.50,M,M,M,M,M,M,M,M,M,M,M,M,M,M,M,M,88.26,VOTV 251740Z AUTO 00000KT 2 1/2SM 28/23 A2985 RMK T02800230 IEM_DS3505,M
VOTV,2004-12-25 23:40,76.9500,8.4667,78.80,73.40,83.55,0.00,0.00,M,29.80,M,2.00,M,M,M,M,M,M,M,M,M,M,M,M,M,M,M,M,82.03,VOTV 252340Z AUTO 00000KT 2SM 26/23 A2980 RMK T02600230 IEM_DS3505,M
VOTV,2004-12-26 00:40,76.9500,8.4667,77.00,73.40,88.67,0.00,0.00,M,29.83,M,2.00,M,M,M,M,M,M,M,M,M,M,M,M,M,M,M,M,78.57,VOTV 260040Z AUTO 00000KT 2SM 25/23 A2983 RMK T02500230 IEM_DS3505,M
VOTV,2004-12-26 01:40,76.9500,8.4667,77.00,73.40,88.67,0.00,0.00,M,29.83,M,2.00,M,M,M,M,M,M,M,M,M,M,M,M,M,M,M,M,78.57,VOTV 260140Z AUTO 00000KT 2SM 25/23 A2983 RMK T02500230 IEM_DS3505,M
VOTV,2004-12-26 02:40,76.9500,8.4667,82.40,73.40,74.28,0.00,0.00,M,29.85,M,2.50,M,M,M,M,M,M,M,M,M,M,M,M,M,M,M,M,88.26,VOTV 260240Z AUTO 00000KT 2 1/2SM 28/23 A2985 RMK T02800230 IEM_DS3505,M
VOTV,2004-12-26 04:40,76.9500,8.4667,89.60,68.00,49.10,240.00,5.00,M,29.85,M,5.00,M,M,M,M,M,M,M,M,M,M,M,M,M,M,M,M,93.47,VOTV 260440Z AUTO 24005KT 5SM 32/20 A2985 RMK T03200200 IEM_DS3505,M
VOTV,2004-12-26 05:40,76.9500,8.4667,89.60,66.20,46.14,260.00,5.00,M,29.83,M,7.00,M,M,M,M,M,M,M,M,M,M,M,M,M,M,M,M,92.27,VOTV 260540Z AUTO 26005KT 7SM 32/19 A2983 RMK T03200190 IEM_DS3505,M
VOTV,2004-12-26 06:40,76.9500,8.4667,89.60,66.20,46.14,260.00,8.00,M,29.80,M,7.00,M,M,M,M,M,M,M,M,M,M,M,M,M,M,M,M,92.27,VOTV 260640Z AUTO 26008KT 7SM 32/19 A2980 RMK T03200190 IEM_DS3505,M
VOTV,2004-12-26 07:40,76.9500,8.4667,89.60,66.20,46.14,240.00,6.00,M,29.77,M,7.00,M,M,M,M,M,M,M,M,M,M,M,M,M,M,M,M,92.27,VOTV 260740Z AUTO 24006KT 7SM 32/19 A2977 RMK T03200190 IEM_DS3505,M
VOTV,2004-12-26 08:40,76.9500,8.4667,89.60,64.40,43.34,240.00,6.00,M,29.74,M,7.00,M,M,M,M,M,M,M,M,M,M,M,M,M,M,M,M,91.23,VOTV 260840Z AUTO 24006KT 7SM 32/18 A2974 RMK T03200180 IEM_DS3505,M
VOTV,2004-12-26 09:40,76.9500,8.4667,89.60,64.40,43.34,260.00,4.00,M,29.77,M,7.00,M,M,M,M,M,M,M,M,M,M,M,M,M,M,M,M,91.23,VOTV 260940Z AUTO 26004KT 7SM 32/18 A2977 RMK T03200180 IEM_DS3505,M
VOTV,2004-12-26 10:40,76.9500,8.4667,89.60,64.40,43.34,240.00,6.00,M,29.71,M,5.00,M,M,M,M,M,M,M,M,M,M,M,M,M,M,M,M,91.23,VOTV 261040Z AUTO 24006KT 5SM 32/18 A2971 RMK T03200180 IEM_DS3505,M
VOTV,2004-12-26 11:40,76.9500,8.4667,89.60,64.40,43.34,250.00,4.00,M,29.71,M,5.00,M,M,M,M,M,M,M,M,M,M,M,M,M,M,M,M,91.23,VOTV 261140Z AUTO 25004KT 5SM 32/18 A2971 RMK T03200180 IEM_DS3505,M
VOTV,2004-12-26 12:40,76.9500,8.4667,87.80,68.00,51.98,M,3.00,0.00,29.74,M,3.73,M,FEW,M,M,M,2000.00,M,M,M,M,M,M,M,M,M,M,91.43,VOTV 261240Z VRB03KT 6000 FEW020 31/20 Q1007 TEMPO 4000 IN HZ,M
VOTV,2004-12-26 13:40,76.9500,8.4667,86.00,66.20,51.72,0.00,0.00,M,29.77,M,2.50,M,M,M,M,M,M,M,M,M,M,M,M,M,M,M,M,88.39,VOTV 261340Z AUTO 00000KT 2 1/2SM 30/19 A2977 RMK T03000190 IEM_DS3505,M
VOTV,2004-12-26 14:40,76.9500,8.4667,86.00,66.20,51.72,0.00,0.00,M,29.80,M,2.50,M,M,M,M,M,M,M,M,M,M,M,M,M,M,M,M,88.39,VOTV 261440Z AUTO 00000KT 2 1/2SM 30/19 A2980 RMK T03000190 IEM_DS3505,M
VOTV,2004-12-26 15:40,76.9500,8.4667,84.20,66.20,54.80,0.00,0.00,M,29.80,M,2.50,M,M,M,M,M,M,M,M,M,M,M,M,M,M,M,M,86.50,VOTV 261540Z AUTO 00000KT 2 1/2SM 29/19 A2980 RMK T02900190 IEM_DS3505,M
VOTV,2004-12-26 16:40,76.9500,8.4667,82.40,66.20,58.08,0.00,0.00,M,29.83,M,2.50,M,M,M,M,M,M,M,M,M,M,M,M,M,M,M,M,84.63,VOTV 261640Z AUTO 00000KT 2 1/2SM 28/19 A2983 RMK T02800190 IEM_DS3505,M
VOTV,2004-12-26 17:40,76.9500,8.4667,80.60,66.20,61.58,0.00,0.00,M,29.83,M,2.50,M,M,M,M,M,M,M,M,M,M,M,M,M,M,M,M,82.75,VOTV 261740Z AUTO 00000KT 2 1/2SM 27/19 A2983 RMK T02700190 IEM_DS3505,M
VOTV,2004-12-26 23:40,76.9500,8.4667,77.00,66.20,69.33,0.00,0.00,M,29.77,M,2.50,M,M,M,M,M,M,M,M,M,M,M,M,M,M,M,M,77.00,VOTV 262340Z AUTO 00000KT 2 1/2SM 25/19 A2977 RMK T02500190 IEM_DS3505,M
VOTV,2004-12-27 00:40,76.9500,8.4667,77.00,66.20,69.33,0.00,0.00,M,29.77,M,2.50,M,M,M,M,M,M,M,M,M,M,M,M,M,M,M,M,77.00,VOTV 270040Z AUTO 00000KT 2 1/2SM 25/19 A2977 RMK T02500190 IEM_DS3505,M
VOTV,2004-12-27 01:40,76.9500,8.4667,77.00,66.20,69.33,0.00,0.00,M,29.80,M,1.50,M,M,M,M,M,M,M,M,M,M,M,M,M,M,M,M,77.00,VOTV 270140Z AUTO 00000KT 1 1/2SM 25/19 A2980 RMK T02500190 IEM_DS3505,M
VOTV,2004-12-27 02:40,76.9500,8.4667,82.40,68.00,61.81,0.00,0.00,M,29.83,M,1.50,M,M,M,M,M,M,M,M,M,M,M,M,M,M,M,M,85.38,VOTV 270240Z AUTO 00000KT 1 1/2SM 28/20 A2983 RMK T02800200 IEM_DS3505,M
VOTV,2004-12-27 03:40,76.9500,8.4667,84.20,69.80,62.03,0.00,0.00,M,29.85,M,2.00,M,M,M,M,M,M,M,M,M,M,M,M,M,M,M,M,88.43,VOTV 270340Z AUTO 00000KT 2SM 29/21 A2985 RMK T02900210 IEM_DS3505,M
VOTV,2004-12-27 04:40,76.9500,8.4667,86.00,69.80,58.55,0.00,0.00,M,29.85,M,M,M,M,M,M,M,M,M,M,M,M,M,M,M,M,M,M,90.58,VOTV 270440Z AUTO 00000KT 30/21 A2985 RMK T03000210 IEM_DS3505,M
VOTV,2004-12-27 05:40,76.9500,8.4667,87.80,69.80,55.29,270.00,5.00,M,29.83,M,M,M,M,M,M,M,M,M,M,M,M,M,M,M,M,M,M,92.71,VOTV 270540Z AUTO 27005KT 31/21 A2983 RMK T03100210 IEM_DS3505,M
VOTV,2004-12-27 06:40,76.9500,8.4667,87.80,69.80,55.29,230.00,5.00,M,29.83,M,5.00,M,M,M,M,M,M,M,M,M,M,M,M,M,M,M,M,92.71,VOTV 270640Z AUTO 23005KT 5SM 31/21 A2983 RMK T03100210 IEM_DS3505,M
VOTV,2004-12-27 07:40,76.9500,8.4667,87.80,69.80,55.29,210.00,6.00,M,29.77,M,5.00,M,M,M,M,M,M,M,M,M,M,M,M,M,M,M,M,92.71,VOTV 270740Z AUTO 21006KT 5SM 31/21 A2977 RMK T03100210 IEM_DS3505,M
VOTV,2004-12-27 08:40,76.9500,8.4667,87.80,69.80,55.29,220.00,8.00,M,29.77,M,5.00,M,M,M,M,M,M,M,M,M,M,M,M,M,M,M,M,92.71,VOTV 270840Z AUTO 22008KT 5SM 31/21 A2977 RMK T03100210 IEM_DS3505,M
VOTV,2004-12-27 09:40,76.9500,8.4667,86.00,69.80,58.55,180.00,5.00,M,29.74,M,5.00,M,M,M,M,M,M,M,M,M,M,M,M,M,M,M,M,90.58,VOTV 270940Z AUTO 18005KT 5SM 30/21 A2974 RMK T03000210 IEM_DS3505,M
VOTV,2004-12-27 10:40,76.9500,8.4667,86.00,69.80,58.55,230.00,4.00,M,29.74,M,5.00,M,M,M,M,M,M,M,M,M,M,M,M,M,M,M,M,90.58,VOTV 271040Z AUTO 23004KT 5SM 30/21 A2974 RMK T03000210 IEM_DS3505,M
VOTV,2004-12-27 11:40,76.9500,8.4667,86.00,69.80,58.55,250.00,4.00,M,29.74,M,5.00,M,M,M,M,M,M,M,M,M,M,M,M,M,M,M,M,90.58,VOTV 271140Z AUTO 25004KT 5SM 30/21 A2974 RMK T03000210 IEM_DS3505,M
VOTV,2004-12-27 12:40,76.9500,8.4667,84.20,71.60,65.95,0.00,0.00,0.00,29.77,M,3.73,M,FEW,SCT,M,M,2000.00,25000.00,M,M,M,M,M,M,M,M,M,89.60,VOTV 271240Z 00000KT 6000 FEW020 SCT250 29/22 Q1008 TEMPO VIS 4000 IN HZ,M
VOTV,2004-12-27 13:40,76.9500,8.4667,84.20,71.60,65.95,M,M,M,29.80,M,2.50,M,M,M,M,M,M,M,M,M,M,M,M,M,M,M,M,89.60,VOTV 271340Z AUTO 2 1/2SM 29/22 A2980 RMK T02900220 IEM_DS3505,M
VOTV,2004-12-27 14:40,76.9500,8.4667,82.40,71.60,69.90,0.00,0.00,M,29.80,M,2.50,M,M,M,M,M,M,M,M,M,M,M,M,M,M,M,M,87.18,VOTV 271440Z AUTO 00000KT 2 1/2SM 28/22 A2980 RMK T02800220 IEM_DS3505,M
VOTV,2004-12-27 15:40,76.9500,8.4667,82.40,71.60,69.90,0.00,0.00,M,29.83,M,2.50,M,M,M,M,M,M,M,M,M,M,M,M,M,M,M,M,87.18,VOTV 271540Z AUTO 00000KT 2 1/2SM 28/22 A2983 RMK T02800220 IEM_DS3505,M
VOTV,2004-12-27 17:40,76.9500,8.4667,80.60,71.60,74.11,0.00,0.00,M,29.83,M,2.50,M,M,M,M,M,M,M,M,M,M,M,M,M,M,M,M,84.57,VOTV 271740Z AUTO 00000KT 2 1/2SM 27/22 A2983 RMK T02700220 IEM_DS3505,M
VOTV,2004-12-27 23:40,76.9500,8.4667,78.80,68.00,69.52,0.00,0.00,M,29.80,M,2.50,M,M,M,M,M,M,M,M,M,M,M,M,M,M,M,M,81.10,VOTV 272340Z AUTO 00000KT 2 1/2SM 26/20 A2980 RMK T02600200 IEM_DS3505,M
VOTV,2004-12-28 01:40,76.9500,8.4667,M,M,M,0.00,0.00,M,M,M,2.50,M,M,M,M,M,M,M,M,M,M,M,M,M,M,M,M,M,VOTV 280140Z AUTO 00000KT 2 1/2SM RMK IEM_DS3505,M
VOTV,2004-12-28 02:40,76.9500,8.4667,78.80,71.60,78.62,0.00,0.00,M,29.83,M,2.50,M,M,M,M,M,M,M,M,M,M,M,M,M,M,M,M,81.70,VOTV 280240Z AUTO 00000KT 2 1/2SM 26/22 A2983 RMK T02600220 IEM_DS3505,M
VOTV,2004-12-28 03:40,76.9500,8.4667,82.40,71.60,69.90,10.00,6.00,0.00,29.85,M,2.49,M,FEW,SCT,BKN,M,1500.00,2000.00,10000.00,M,HZ,M,M,M,M,M,M,87.18,VOTV 280340Z 01006KT 4000 HZ FEW015 SCT020 BKN100 28/22 Q1011 VIS BECMG 6 KM,M
VOTV,2004-12-28 04:40,76.9500,8.4667,87.80,71.60,58.78,10.00,4.00,M,29.85,M,M,M,M,M,M,M,M,M,M,M,M,M,M,M,M,M,M,94.18,VOTV 280440Z AUTO 01004KT 31/22 A2985 RMK T03100220 IEM_DS3505,M
VOTV,2004-12-28 05:40,76.9500,8.4667,89.60,68.00,49.10,240.00,5.00,M,29.85,M,5.00,M,M,M,M,M,M,M,M,M,M,M,M,M,M,M,M,93.47,VOTV 280540Z AUTO 24005KT 5SM 32/20 A2985 RMK T03200200 IEM_DS3505,M
VOTV,2004-12-28 06:40,76.9500,8.4667,89.60,68.00,49.10,240.00,6.00,M,29.85,M,5.00,M,M,M,M,M,M,M,M,M,M,M,M,M,M,M,M,93.47,VOTV 280640Z AUTO 24006KT 5SM 32/20 A2985 RMK T03200200 IEM_DS3505,M
VOTV,2004-12-28 07:40,76.9500,8.4667,89.60,66.20,46.14,230.00,3.00,M,29.80,M,5.00,M,M,M,M,M,M,M,M,M,M,M,M,M,M,M,M,92.27,VOTV 280740Z AUTO 23003KT 5SM 32/19 A2980 RMK T03200190 IEM_DS3505,M
VOTV,2004-12-28 08:40,76.9500,8.4667,M,M,M,M,M,M,M,M,1.50,M,M,M,M,M,M,M,M,M,M,M,M,M,M,M,M,M,VOTV 280840Z AUTO 1 1/2SM RMK IEM_DS3505,M
VOTV,2004-12-28 09:40,76.9500,8.4667,M,M,M,M,M,M,M,M,2.00,M,M,M,M,M,M,M,M,M,M,M,M,M,M,M,M,M,VOTV 280940Z AUTO 2SM RMK IEM_DS3505,M
VOTV,2004-12-28 10:40,76.9500,8.4667,M,M,M,M,M,M,M,M,1.50,M,M,M,M,M,M,M,M,M,M,M,M,M,M,M,M,M,VOTV 281040Z AUTO 1 1/2SM RMK IEM_DS3505,M
VOTV,2004-12-28 13:40,76.9500,8.4667,M,M,M,M,M,M,M,M,0.00,M,M,M,M,M,M,M,M,M,M,M,M,M,M,M,M,M,VOTV 281340Z AUTO 0SM RMK IEM_DS3505,M
VOTV,2004-12-28 14:40,76.9500,8.4667,M,M,M,M,M,M,M,M,0.00,M,M,M,M,M,M,M,M,M,M,M,M,M,M,M,M,M,VOTV 281440Z AUTO 0SM RMK IEM_DS3505,M
VOTV,2004-12-28 16:40,76.9500,8.4667,82.40,73.40,74.28,0.00,0.00,M,29.83,M,2.50,M,M,M,M,M,M,M,M,M,M,M,M,M,M,M,M,88.26,VOTV 281640Z AUTO 00000KT 2 1/2SM 28/23 A2983 RMK T02800230 IEM_DS3505,M
VOTV,2004-12-28 20:40,76.9500,8.4667,78.80,73.40,83.55,0.00,0.00,M,29.83,M,2.50,M,M,M,M,M,M,M,M,M,M,M,M,M,M,M,M,82.03,VOTV 282040Z AUTO 00000KT 2 1/2SM 26/23 A2983 RMK T02600230 IEM_DS3505,M
VOTV,2004-12-29 00:40,76.9500,8.4667,78.80,71.60,78.62,0.00,0.00,M,29.83,M,2.50,M,M,M,M,M,M,M,M,M,M,M,M,M,M,M,M,81.70,VOTV 290040Z AUTO 00000KT 2 1/2SM 26/22 A2983 RMK T02600220 IEM_DS3505,M
VOTV,2004-12-29 01:40,76.9500,8.4667,78.80,71.60,78.62,0.00,0.00,M,29.83,M,2.50,M,M,M,M,M,M,M,M,M,M,M,M,M,M,M,M,81.70,VOTV 290140Z AUTO 00000KT 2 1/2SM 26/22 A2983 RMK T02600220 IEM_DS3505,M
VOTV,2004-12-29 03:40,76.9500,8.4667,82.40,69.80,65.74,0.00,0.00,M,29.88,M,M,M,M,M,M,M,M,M,M,M,M,M,M,M,M,M,M,86.22,VOTV 290340Z AUTO 00000KT 28/21 A2988 RMK T02800210 IEM_DS3505,M
VOTV,2004-12-29 04:40,76.9500,8.4667,84.20,71.60,65.95,220.00,4.00,M,29.88,M,M,M,M,M,M,M,M,M,M,M,M,M,M,M,M,M,M,89.60,VOTV 290440Z AUTO 22004KT 29/22 A2988 RMK T02900220 IEM_DS3505,M
VOTV,2004-12-29 05:40,76.9500,8.4667,86.00,71.60,62.25,0.00,0.00,M,29.88,M,M,M,M,M,M,M,M,M,M,M,M,M,M,M,M,M,M,91.92,VOTV 290540Z AUTO 00000KT 30/22 A2988 RMK T03000220 IEM_DS3505,M
VOTV,2004-12-29 06:40,76.9500,8.4667,87.80,68.00,51.98,0.00,0.00,M,29.85,M,M,M,M,M,M,M,M,M,M,M,M,M,M,M,M,M,M,91.43,VOTV 290640Z AUTO 00000KT 31/20 A2985 RMK T03100200 IEM_DS3505,M
VOTV,2004-12-29 07:40,76.9500,8.4667,86.00,68.00,55.04,240.00,5.00,M,29.83,M,M,M,M,M,M,M,M,M,M,M,M,M,M,M,M,M,M,89.41,VOTV 290740Z AUTO 24005KT 30/20 A2983 RMK T03000200 IEM_DS3505,M
VOTV,2004-12-29 08:40,76.9500,8.4667,87.80,68.00,51.98,240.00,5.00,M,29.80,M,M,M,M,M,M,M,M,M,M,M,M,M,M,M,M,M,M,91.43,VOTV 290840Z AUTO 24005KT 31/20 A2980 RMK T03100200 IEM_DS3505,M
VOTV,2004-12-29 09:40,76.9500,8.4667,87.80,68.00,51.98,260.00,6.00,M,29.80,M,M,M,M,M,M,M,M,M,M,M,M,M,M,M,M,M,M,91.43,VOTV 290940Z AUTO 26006KT 31/20 A2980 RMK T03100200 IEM_DS3505,M
VOTV,2004-12-29 11:40,76.9500,8.4667,86.00,68.00,55.04,270.00,3.00,M,29.80,M,M,M,M,M,M,M,M,M,M,M,M,M,M,M,M,M,M,89.41,VOTV 291140Z AUTO 27003KT 30/20 A2980 RMK T03000200 IEM_DS3505,M
VOTV,2004-12-29 12:40,76.9500,8.4667,84.20,68.00,58.32,280.00,5.00,0.00,29.80,M,3.73,M,FEW,SCT,M,M,1800.00,10000.00,M,M,M,M,M,M,M,M,M,87.40,VOTV 291240Z 28005KT 6000 FEW018 SCT100 29/20 Q1009 NOSIG,M
VOTV,2004-12-29 13:40,76.9500,8.4667,82.40,68.00,61.81,0.00,0.00,M,29.80,M,2.50,M,M,M,M,M,M,M,M,M,M,M,M,M,M,M,M,85.38,VOTV 291340Z AUTO 00000KT 2 1/2SM 28/20 A2980 RMK T02800200 IEM_DS3505,M
VOTV,2004-12-29 14:40,76.9500,8.4667,80.60,66.20,61.58,M,M,M,29.83,M,2.50,M,M,M,M,M,M,M,M,M,M,M,M,M,M,M,M,82.75,VOTV 291440Z AUTO 2 1/2SM 27/19 A2983 RMK T02700190 IEM_DS3505,M
VOTV,2004-12-29 16:40,76.9500,8.4667,78.80,69.80,73.95,0.00,0.00,M,29.83,M,2.00,M,M,M,M,M,M,M,M,M,M,M,M,M,M,M,M,81.39,VOTV 291640Z AUTO 00000KT 2SM 26/21 A2983 RMK T02600210 IEM_DS3505,M
VOTV,2004-12-29 17:40,76.9500,8.4667,77.00,69.80,78.48,0.00,0.00,M,29.80,M,1.50,M,M,M,M,M,M,M,M,M,M,M,M,M,M,M,M,78.09,VOTV 291740Z AUTO 00000KT 1 1/2SM 25/21 A2980 RMK T02500210 IEM_DS3505,M
VOTV,2004-12-29 18:40,76.9500,8.4667,77.00,69.80,78.48,0.00,0.00,M,29.80,M,2.00,M,M,M,M,M,M,M,M,M,M,M,M,M,M,M,M,78.09,VOTV 291840Z AUTO 00000KT 2SM 25/21 A2980 RMK T02500210 IEM_DS3505,M
VOTV,2004-12-29 23:40,76.9500,8.4667,M,M,M,360.00,40.82,0.00,29.74,M,1.86,M,FEW,SCT,M,M,2000.00,25000.00,M,M,HZ,M,M,M,M,M,M,M,VOTV 292340Z 00000KT 3000 HZ FEW020 SCT250 29421 Q1007 NOSIG,M
VOTV,2004-12-30 00:40,76.9500,8.4667,77.00,71.60,83.44,240.00,5.00,M,29.77,M,2.00,M,M,M,M,M,M,M,M,M,M,M,M,M,M,M,M,78.32,VOTV 300040Z AUTO 24005KT 2SM 25/22 A2977 RMK T02500220 IEM_DS3505,M
VOTV,2004-12-30 01:40,76.9500,8.4667,82.40,71.60,69.90,260.00,4.00,0.00,29.80,M,2.49,M,FEW,SCT,M,M,1800.00,10000.00,M,M,HZ,M,M,M,M,M,M,87.18,VOTV 300140Z 26004KT 4000 HZ FEW018 SCT100 28/22 Q1009 BECMG 5000 HZ,M
VOTV,2004-12-30 02:40,76.9500,8.4667,82.40,71.60,69.90,0.00,0.00,M,29.83,M,3.00,M,M,M,M,M,M,M,M,M,M,M,M,M,M,M,M,87.18,VOTV 300240Z AUTO 00000KT 3SM 28/22 A2983 RMK T02800220 IEM_DS3505,M
VOTV,2004-12-30 03:40,76.9500,8.4667,84.20,73.40,70.08,0.00,0.00,0.00,29.85,M,1.86,M,SCT,SCT,M,M,1800.00,10000.00,M,M,M,M,M,M,M,M,M,90.94,VOTV 300340Z 00000KT 3000 FG/HZ SCT018 SCT100 29/23 Q1011 BECMG 5000 HZ,M
VOTV,2004-12-30 06:40,76.9500,8.4667,91.40,71.60,52.48,250.00,4.00,M,29.85,M,M,M,M,M,M,M,M,M,M,M,M,M,M,M,M,M,M,98.64,VOTV 300640Z AUTO 25004KT 33/22 A2985 RMK T03300220 IEM_DS3505,M
VOTV,2004-12-30 07:40,76.9500,8.4667,89.60,71.60,55.53,220.00,5.00,M,29.85,M,M,M,M,M,M,M,M,M,M,M,M,M,M,M,M,M,M,96.41,VOTV 300740Z AUTO 22005KT 32/22 A2985 RMK T03200220 IEM_DS3505,M
VOTV,2004-12-30 09:40,76.9500,8.4667,M,M,M,M,M,M,M,M,1.50,M,M,M,M,M,M,M,M,M,M,M,M,M,M,M,M,M,VOTV 300940Z AUTO 1 1/2SM RMK IEM_DS3505,M
VOTV,2004-12-30 10:40,76.9500,8.4667,M,M,M,M,M,M,M,M,1.50,M,M,M,M,M,M,M,M,M,M,M,M,M,M,M,M,M,VOTV 301040Z AUTO 1 1/2SM RMK IEM_DS3505,M
VOTV,2004-12-30 11:40,76.9500,8.4667,M,M,M,M,M,M,M,M,1.00,M,M,M,M,M,M,M,M,M,M,M,M,M,M,M,M,M,VOTV 301140Z AUTO 1SM RMK IEM_DS3505,M
VOTV,2004-12-30 14:40,76.9500,8.4667,84.20,68.00,58.32,0.00,0.00,M,29.85,M,3.00,M,M,M,M,M,M,M,M,M,M,M,M,M,M,M,M,87.40,VOTV 301440Z AUTO 00000KT 3SM 29/20 A2985 RMK T02900200 IEM_DS3505,M
VOTV,2004-12-30 16:40,76.9500,8.4667,82.40,68.00,61.81,0.00,0.00,M,29.88,M,3.00,M,M,M,M,M,M,M,M,M,M,M,M,M,M,M,M,85.38,VOTV 301640Z AUTO 00000KT 3SM 28/20 A2988 RMK T02800200 IEM_DS3505,M
