station,valid,lon,lat,tmpf,dwpf,relh,drct,sknt,p01i,alti,mslp,vsby,gust,skyc1,skyc2,skyc3,skyc4,skyl1,skyl2,skyl3,skyl4,wxcodes,ice_accretion_1hr,ice_accretion_3hr,ice_accretion_6hr,peak_wind_gust,peak_wind_drct,peak_wind_time,feel,metar,snowdepth
VOTV,2002-01-02 00:40,76.9500,8.4667,73.40,68.00,83.21,M,M,M,29.88,M,1.50,M,M,M,M,M,M,M,M,M,M,M,M,M,M,M,M,73.40,VOTV 020040Z AUTO 1 1/2SM 23/20 A2988 RMK T02300200 IEM_DS3505,M
VOTV,2002-01-02 01:40,76.9500,8.4667,75.20,69.80,83.32,M,M,M,29.91,M,1.50,M,M,M,M,M,M,M,M,M,M,M,M,M,M,M,M,75.20,VOTV 020140Z AUTO 1 1/2SM 24/21 A2991 RMK T02400210 IEM_DS3505,M
VOTV,2002-01-02 03:40,76.9500,8.4667,86.00,68.00,55.04,M,M,M,29.94,M,M,M,M,M,M,M,M,M,M,M,M,M,M,M,M,M,M,89.41,VOTV 020340Z AUTO 30/20 A2994 RMK T03000200 IEM_DS3505,M
VOTV,2002-01-02 07:40,76.9500,8.4667,87.80,69.80,55.29,220.00,4.00,M,29.85,M,5.00,M,M,M,M,M,M,M,M,M,M,M,M,M,M,M,M,92.71,VOTV 020740Z AUTO 22004KT 5SM 31/21 A2985 RMK T03100210 IEM_DS3505,M
VOTV,2002-01-02 10:40,76.9500,8.4667,M,M,M,240.00,4.00,M,M,M,5.00,M,M,M,M,M,M,M,M,M,M,M,M,M,M,M,M,M,VOTV 021040Z AUTO 24004KT 5SM RMK IEM_DS3505,M
VOTV,2002-01-02 11:40,76.9500,8.4667,87.80,71.60,58.78,M,M,M,29.83,M,M,M,M,M,M,M,M,M,M,M,M,M,M,M,M,M,M,94.18,VOTV 021140Z AUTO 31/22 A2983 RMK T03100220 IEM_DS3505,M
VOTV,2002-01-02 12:40,76.9500,8.4667,82.40,75.20,78.90,M,M,M,29.85,M,4.00,M,M,M,M,M,M,M,M,M,M,M,M,M,M,M,M,89.48,VOTV 021240Z AUTO 4SM 28/24 A2985 RMK T02800240 IEM_DS3505,M
VOTV,2002-01-02 13:40,76.9500,8.4667,82.40,75.20,78.90,M,M,M,29.85,M,2.50,M,M,M,M,M,M,M,M,M,M,M,M,M,M,M,M,89.48,VOTV 021340Z AUTO 2 1/2SM 28/24 A2985 RMK T02800240 IEM_DS3505,M
VOTV,2002-01-03 02:40,76.9500,8.4667,78.80,71.60,78.62,M,M,M,29.91,M,1.50,M,M,M,M,M,M,M,M,M,M,M,M,M,M,M,M,78.80,VOTV 030240Z AUTO 1 1/2SM 26/22 A2991 RMK T02600220 IEM_DS3505,M
VOTV,2002-01-03 03:40,76.9500,8.4667,84.20,73.40,70.08,M,M,M,29.94,M,M,M,M,M,M,M,M,M,M,M,M,M,M,M,M,M,M,90.94,VOTV 030340Z AUTO 29/23 A2994 RMK T02900230 IEM_DS3505,M
VOTV,2002-01-03 04:40,76.9500,8.4667,87.80,73.40,62.47,M,M,M,29.91,M,M,M,M,M,M,M,M,M,M,M,M,M,M,M,M,M,M,95.86,VOTV 030440Z AUTO 31/23 A2991 RMK T03100230 IEM_DS3505,M
VOTV,2002-01-03 05:40,76.9500,8.4667,87.80,73.40,62.47,M,M,M,29.91,M,5.00,M,M,M,M,M,M,M,M,M,M,M,M,M,M,M,M,95.86,VOTV 030540Z AUTO 5SM 31/23 A2991 RMK T03100230 IEM_DS3505,M
VOTV,2002-01-03 06:40,76.9500,8.4667,87.80,71.60,58.78,200.00,4.00,M,29.88,M,5.00,M,M,M,M,M,M,M,M,M,M,M,M,M,M,M,M,94.18,VOTV 030640Z AUTO 20004KT 5SM 31/22 A2988 RMK T03100220 IEM_DS3505,M
VOTV,2002-01-03 07:40,76.9500,8.4667,87.80,71.60,58.78,230.00,2.00,M,29.85,M,5.00,M,M,M,M,M,M,M,M,M,M,M,M,M,M,M,M,94.18,VOTV 030740Z AUTO 23002KT 5SM 31/22 A2985 RMK T03100220 IEM_DS3505,M
VOTV,2002-01-03 08:40,76.9500,8.4667,87.80,71.60,58.78,250.00,2.00,M,29.83,M,7.00,M,M,M,M,M,M,M,M,M,M,M,M,M,M,M,M,94.18,VOTV 030840Z AUTO 25002KT 7SM 31/22 A2983 RMK T03100220 IEM_DS3505,M
VOTV,2002-01-03 09:40,76.9500,8.4667,87.80,73.40,62.47,240.00,3.00,M,29.80,M,7.00,M,M,M,M,M,M,M,M,M,M,M,M,M,M,M,M,95.86,VOTV 030940Z AUTO 24003KT 7SM 31/23 A2980 RMK T03100230 IEM_DS3505,M
VOTV,2002-01-03 11:40,76.9500,8.4667,86.00,73.40,66.15,M,M,M,29.83,M,4.00,M,M,M,M,M,M,M,M,M,M,M,M,M,M,M,M,93.45,VOTV 031140Z AUTO 4SM 30/23 A2983 RMK T03000230 IEM_DS3505,M
VOTV,2002-01-03 12:40,76.9500,8.4667,84.20,71.60,65.95,M,M,M,29.85,M,M,M,M,M,M,M,M,M,M,M,M,M,M,M,M,M,M,89.60,VOTV 031240Z AUTO 29/22 A2985 RMK T02900220 IEM_DS3505,M
VOTV,2002-01-04 03:40,76.9500,8.4667,82.40,71.60,69.90,M,M,M,29.94,M,2.50,M,M,M,M,M,M,M,M,M,M,M,M,M,M,M,M,87.18,VOTV 040340Z AUTO 2 1/2SM 28/22 A2994 RMK T02800220 IEM_DS3505,M
VOTV,2002-01-04 07:40,76.9500,8.4667,86.00,71.60,62.25,M,M,M,29.85,M,5.00,M,M,M,M,M,M,M,M,M,M,M,M,M,M,M,M,91.92,VOTV 040740Z AUTO 5SM 30/22 A2985 RMK T03000220 IEM_DS3505,M
VOTV,2002-01-04 08:40,76.9500,8.4667,86.00,71.60,62.25,220.00,5.00,M,29.80,M,5.00,M,M,M,M,M,M,M,M,M,M,M,M,M,M,M,M,91.92,VOTV 040840Z AUTO 22005KT 5SM 30/22 A2980 RMK T03000220 IEM_DS3505,M
VOTV,2002-01-04 10:40,76.9500,8.4667,86.00,73.40,66.15,250.00,6.00,M,M,M,5.00,M,M,M,M,M,M,M,M,M,M,M,M,M,M,M,M,93.45,VOTV 041040Z AUTO 25006KT 5SM 30/23 RMK T03000230 IEM_DS3505,M
VOTV,2002-01-04 12:40,76.9500,8.4667,82.40,73.40,74.28,M,M,M,29.83,M,4.00,M,M,M,M,M,M,M,M,M,M,M,M,M,M,M,M,88.26,VOTV 041240Z AUTO 4SM 28/23 A2983 RMK T02800230 IEM_DS3505,M
VOTV,2002-01-04 15:40,76.9500,8.4667,80.60,73.40,78.76,M,M,M,29.91,M,2.50,M,M,M,M,M,M,M,M,M,M,M,M,M,M,M,M,85.32,VOTV 041540Z AUTO 2 1/2SM 27/23 A2991 RMK T02700230 IEM_DS3505,M
VOTV,2002-01-05 00:40,76.9500,8.4667,75.20,71.60,88.59,M,M,M,29.85,M,1.25,M,M,M,M,M,M,M,M,M,M,M,M,M,M,M,M,75.20,VOTV 050040Z AUTO 1 1/4SM 24/22 A2985 RMK T02400220 IEM_DS3505,M
VOTV,2002-01-05 01:40,76.9500,8.4667,75.20,71.60,88.59,M,M,M,29.85,M,1.00,M,M,M,M,M,M,M,M,M,M,M,M,M,M,M,M,75.20,VOTV 050140Z AUTO 1SM 24/22 A2985 RMK T02400220 IEM_DS3505,M
VOTV,2002-01-05 04:40,76.9500,8.4667,84.20,73.40,70.08,M,M,M,29.88,M,M,M,M,M,M,M,M,M,M,M,M,M,M,M,M,M,M,90.94,VOTV 050440Z AUTO 29/23 A2988 RMK T02900230 IEM_DS3505,M
VOTV,2002-01-05 05:40,76.9500,8.4667,84.20,73.40,70.08,M,M,M,29.88,M,5.00,M,M,M,M,M,M,M,M,M,M,M,M,M,M,M,M,90.94,VOTV 050540Z AUTO 5SM 29/23 A2988 RMK T02900230 IEM_DS3505,M
VOTV,2002-01-05 09:40,76.9500,8.4667,87.80,69.80,55.29,220.00,3.00,M,29.80,M,7.00,M,M,M,M,M,M,M,M,M,M,M,M,M,M,M,M,92.71,VOTV 050940Z AUTO 22003KT 7SM 31/21 A2980 RMK T03100210 IEM_DS3505,M
VOTV,2002-01-05 12:40,76.9500,8.4667,84.20,71.60,65.95,M,M,M,29.83,M,5.00,M,M,M,M,M,M,M,M,M,M,M,M,M,M,M,M,89.60,VOTV 051240Z AUTO 5SM 29/22 A2983 RMK T02900220 IEM_DS3505,M
VOTV,2002-01-05 14:40,76.9500,8.4667,80.60,73.40,78.76,M,M,M,29.88,M,2.50,M,M,M,M,M,M,M,M,M,M,M,M,M,M,M,M,85.32,VOTV 051440Z AUTO 2 1/2SM 27/23 A2988 RMK T02700230 IEM_DS3505,M
VOTV,2002-01-05 15:40,76.9500,8.4667,80.60,73.40,78.76,M,M,M,29.88,M,2.50,M,M,M,M,M,M,M,M,M,M,M,M,M,M,M,M,85.32,VOTV 051540Z AUTO 2 1/2SM 27/23 A2988 RMK T02700230 IEM_DS3505,M
VOTV,2002-01-06 00:40,76.9500,8.4667,77.00,73.40,88.67,M,M,M,29.85,M,1.25,M,M,M,M,M,M,M,M,M,M,M,M,M,M,M,M,77.00,VOTV 060040Z AUTO 1 1/4SM 25/23 A2985 RMK T02500230 IEM_DS3505,M
VOTV,2002-01-06 01:40,76.9500,8.4667,77.00,73.40,88.67,M,M,M,29.85,M,1.00,M,M,M,M,M,M,M,M,M,M,M,M,M,M,M,M,77.00,VOTV 060140Z AUTO 1SM 25/23 A2985 RMK T02500230 IEM_DS3505,M
VOTV,2002-01-06 02:40,76.9500,8.4667,80.60,75.20,83.66,M,M,M,29.88,M,1.50,M,M,M,M,M,M,M,M,M,M,M,M,M,M,M,M,86.17,VOTV 060240Z AUTO 1 1/2SM 27/24 A2988 RMK T02700240 IEM_DS3505,M
VOTV,2002-01-06 03:40,76.9500,8.4667,82.40,73.40,74.28,M,M,M,29.91,M,2.50,M,M,M,M,M,M,M,M,M,M,M,M,M,M,M,M,88.26,VOTV 060340Z AUTO 2 1/2SM 28/23 A2991 RMK T02800230 IEM_DS3505,M
VOTV,2002-01-06 05:40,76.9500,8.4667,86.00,73.40,66.15,M,M,M,29.88,M,5.00,M,M,M,M,M,M,M,M,M,M,M,M,M,M,M,M,93.45,VOTV 060540Z AUTO 5SM 30/23 A2988 RMK T03000230 IEM_DS3505,M
VOTV,2002-01-06 06:40,76.9500,8.4667,86.00,71.60,62.25,240.00,5.00,M,29.85,M,7.00,M,M,M,M,M,M,M,M,M,M,M,M,M,M,M,M,91.92,VOTV 060640Z AUTO 24005KT 7SM 30/22 A2985 RMK T03000220 IEM_DS3505,M
VOTV,2002-01-06 08:40,76.9500,8.4667,87.80,71.60,58.78,200.00,6.00,M,29.80,M,7.00,M,M,M,M,M,M,M,M,M,M,M,M,M,M,M,M,94.18,VOTV 060840Z AUTO 20006KT 7SM 31/22 A2980 RMK T03100220 IEM_DS3505,M
VOTV,2002-01-06 09:40,76.9500,8.4667,89.60,71.60,55.53,250.00,4.00,M,29.77,M,5.00,M,M,M,M,M,M,M,M,M,M,M,M,M,M,M,M,96.41,VOTV 060940Z AUTO 25004KT 5SM 32/22 A2977 RMK T03200220 IEM_DS3505,M
VOTV,2002-01-06 10:40,76.9500,8.4667,87.80,73.40,62.47,250.00,4.00,M,29.77,M,5.00,M,M,M,M,M,M,M,M,M,M,M,M,M,M,M,M,95.86,VOTV 061040Z AUTO 25004KT 5SM 31/23 A2977 RMK T03100230 IEM_DS3505,M
VOTV,2002-01-06 11:40,76.9500,8.4667,86.00,73.40,66.15,M,M,M,29.80,M,M,M,M,M,M,M,M,M,M,M,M,M,M,M,M,M,M,93.45,VOTV 061140Z AUTO 30/23 A2980 RMK T03000230 IEM_DS3505,M
VOTV,2002-01-06 12:40,76.9500,8.4667,84.20,73.40,70.08,M,M,M,29.80,M,2.50,M,M,M,M,M,M,M,M,M,M,M,M,M,M,M,M,90.94,VOTV 061240Z AUTO 2 1/2SM 29/23 A2980 RMK T02900230 IEM_DS3505,M
VOTV,2002-01-06 13:40,76.9500,8.4667,82.40,73.40,74.28,M,M,M,29.83,M,2.50,M,M,M,M,M,M,M,M,M,M,M,M,M,M,M,M,88.26,VOTV 061340Z AUTO 2 1/2SM 28/23 A2983 RMK T02800230 IEM_DS3505,M
VOTV,2002-01-06 23:40,76.9500,8.4667,75.20,71.60,88.59,M,M,M,29.85,M,2.00,M,M,M,M,M,M,M,M,M,M,M,M,M,M,M,M,75.20,VOTV 062340Z AUTO 2SM 24/22 A2985 RMK T02400220 IEM_DS3505,M
VOTV,2002-01-07 00:40,76.9500,8.4667,75.20,71.60,88.59,M,M,M,29.85,M,1.50,M,M,M,M,M,M,M,M,M,M,M,M,M,M,M,M,75.20,VOTV 070040Z AUTO 1 1/2SM 24/22 A2985 RMK T02400220 IEM_DS3505,M
VOTV,2002-01-07 02:40,76.9500,8.4667,80.60,71.60,74.11,M,M,M,29.91,M,1.25,M,M,M,M,M,M,M,M,M,M,M,M,M,M,M,M,84.57,VOTV 070240Z AUTO 1 1/4SM 27/22 A2991 RMK T02700220 IEM_DS3505,M
VOTV,2002-01-07 03:40,76.9500,8.4667,82.40,71.60,69.90,M,M,M,29.91,M,2.00,M,M,M,M,M,M,M,M,M,M,M,M,M,M,M,M,87.18,VOTV 070340Z AUTO 2SM 28/22 A2991 RMK T02800220 IEM_DS3505,M
VOTV,2002-01-07 05:40,76.9500,8.4667,86.00,73.40,66.15,230.00,4.00,M,29.91,M,5.00,M,M,M,M,M,M,M,M,M,M,M,M,M,M,M,M,93.45,VOTV 070540Z AUTO 23004KT 5SM 30/23 A2991 RMK T03000230 IEM_DS3505,M
VOTV,2002-01-07 06:40,76.9500,8.4667,87.80,73.40,62.47,240.00,6.00,M,29.88,M,5.00,M,M,M,M,M,M,M,M,M,M,M,M,M,M,M,M,95.86,VOTV 070640Z AUTO 24006KT 5SM 31/23 A2988 RMK T03100230 IEM_DS3505,M
VOTV,2002-01-07 07:40,76.9500,8.4667,86.00,73.40,66.15,260.00,6.00,M,29.85,M,5.00,M,M,M,M,M,M,M,M,M,M,M,M,M,M,M,M,93.45,VOTV 070740Z AUTO 26006KT 5SM 30/23 A2985 RMK T03000230 IEM_DS3505,M
VOTV,2002-01-07 08:40,76.9500,8.4667,86.00,71.60,62.25,260.00,6.00,M,29.83,M,5.00,M,M,M,M,M,M,M,M,M,M,M,M,M,M,M,M,91.92,VOTV 070840Z AUTO 26006KT 5SM 30/22 A2983 RMK T03000220 IEM_DS3505,M
VOTV,2002-01-07 09:40,76.9500,8.4667,86.00,71.60,62.25,260.00,5.00,M,29.83,M,5.00,M,M,M,M,M,M,M,M,M,M,M,M,M,M,M,M,91.92,VOTV 070940Z AUTO 26005KT 5SM 30/22 A2983 RMK T03000220 IEM_DS3505,M
VOTV,2002-01-07 10:40,76.9500,8.4667,86.00,71.60,62.25,M,M,M,29.80,M,5.00,M,M,M,M,M,M,M,M,M,M,M,M,M,M,M,M,91.92,VOTV 071040Z AUTO 5SM 30/22 A2980 RMK T03000220 IEM_DS3505,M
VOTV,2002-01-07 11:40,76.9500,8.4667,84.20,71.60,65.95,M,M,M,29.80,M,5.00,M,M,M,M,M,M,M,M,M,M,M,M,M,M,M,M,89.60,VOTV 071140Z AUTO 5SM 29/22 A2980 RMK T02900220 IEM_DS3505,M
VOTV,2002-01-07 13:40,76.9500,8.4667,80.60,73.40,78.76,M,M,M,29.83,M,4.00,M,M,M,M,M,M,M,M,M,M,M,M,M,M,M,M,85.32,VOTV 071340Z AUTO 4SM 27/23 A2983 RMK T02700230 IEM_DS3505,M
VOTV,2002-01-07 23:40,76.9500,8.4667,75.20,71.60,88.59,M,M,M,29.83,M,1.25,M,M,M,M,M,M,M,M,M,M,M,M,M,M,M,M,75.20,VOTV 072340Z AUTO 1 1/4SM 24/22 A2983 RMK T02400220 IEM_DS3505,M
VOTV,2002-01-08 00:40,76.9500,8.4667,75.20,69.80,83.32,M,M,M,29.85,M,1.00,M,M,M,M,M,M,M,M,M,M,M,M,M,M,M,M,75.20,VOTV 080040Z AUTO 1SM 24/21 A2985 RMK T02400210 IEM_DS3505,M
VOTV,2002-01-08 02:40,76.9500,8.4667,77.00,73.40,88.67,M,M,M,29.88,M,1.00,M,M,M,M,M,M,M,M,M,M,M,M,M,M,M,M,77.00,VOTV 080240Z AUTO 1SM 25/23 A2988 RMK T02500230 IEM_DS3505,M
VOTV,2002-01-08 03:40,76.9500,8.4667,82.40,75.20,78.90,M,M,M,M,M,1.25,M,M,M,M,M,M,M,M,M,M,M,M,M,M,M,M,89.48,VOTV 080340Z AUTO 1 1/4SM 28/24 RMK T02800240 IEM_DS3505,M
VOTV,2002-01-08 04:40,76.9500,8.4667,84.20,75.20,74.44,M,M,M,29.91,M,4.00,M,M,M,M,M,M,M,M,M,M,M,M,M,M,M,M,92.45,VOTV 080440Z AUTO 4SM 29/24 A2991 RMK T02900240 IEM_DS3505,M
VOTV,2002-01-08 05:40,76.9500,8.4667,86.00,73.40,66.15,M,M,M,29.88,M,5.00,M,M,M,M,M,M,M,M,M,M,M,M,M,M,M,M,93.45,VOTV 080540Z AUTO 5SM 30/23 A2988 RMK T03000230 IEM_DS3505,M
VOTV,2002-01-08 06:40,76.9500,8.4667,86.00,71.60,62.25,240.00,4.00,M,29.85,M,5.00,M,M,M,M,M,M,M,M,M,M,M,M,M,M,M,M,91.92,VOTV 080640Z AUTO 24004KT 5SM 30/22 A2985 RMK T03000220 IEM_DS3505,M
VOTV,2002-01-08 10:40,76.9500,8.4667,86.00,71.60,62.25,230.00,2.00,M,29.80,M,7.00,M,M,M,M,M,M,M,M,M,M,M,M,M,M,M,M,91.92,VOTV 081040Z AUTO 23002KT 7SM 30/22 A2980 RMK T03000220 IEM_DS3505,M
VOTV,2002-01-08 12:40,76.9500,8.4667,84.20,71.60,65.95,M,M,M,29.83,M,5.00,M,M,M,M,M,M,M,M,M,M,M,M,M,M,M,M,89.60,VOTV 081240Z AUTO 5SM 29/22 A2983 RMK T02900220 IEM_DS3505,M
VOTV,2002-01-08 14:40,76.9500,8.4667,82.40,73.40,74.28,M,M,M,29.85,M,2.50,M,M,M,M,M,M,M,M,M,M,M,M,M,M,M,M,88.26,VOTV 081440Z AUTO 2 1/2SM 28/23 A2985 RMK T02800230 IEM_DS3505,M
VOTV,2002-01-09 08:40,76.9500,8.4667,86.00,71.60,62.25,240.00,3.00,M,29.83,M,5.00,M,M,M,M,M,M,M,M,M,M,M,M,M,M,M,M,91.92,VOTV 090840Z AUTO 24003KT 5SM 30/22 A2983 RMK T03000220 IEM_DS3505,M
VOTV,2002-01-09 12:40,76.9500,8.4667,82.40,71.60,69.90,M,M,M,29.83,M,4.00,M,M,M,M,M,M,M,M,M,M,M,M,M,M,M,M,87.18,VOTV 091240Z AUTO 4SM 28/22 A2983 RMK T02800220 IEM_DS3505,M
VOTV,2002-01-09 13:40,76.9500,8.4667,82.40,75.20,78.90,M,M,M,29.85,M,2.50,M,M,M,M,M,M,M,M,M,M,M,M,M,M,M,M,89.48,VOTV 091340Z AUTO 2 1/2SM 28/24 A2985 RMK T02800240 IEM_DS3505,M
VOTV,2002-01-09 23:40,76.9500,8.4667,77.00,73.40,88.67,M,M,M,29.85,M,1.50,M,M,M,M,M,M,M,M,M,M,M,M,M,M,M,M,77.00,VOTV 092340Z AUTO 1 1/2SM 25/23 A2985 RMK T02500230 IEM_DS3505,M
VOTV,2002-01-10 00:40,76.9500,8.4667,75.20,73.40,94.14,M,M,M,29.85,M,1.25,M,M,M,M,M,M,M,M,M,M,M,M,M,M,M,M,75.20,VOTV 100040Z AUTO 1 1/4SM 24/23 A2985 RMK T02400230 IEM_DS3505,M
VOTV,2002-01-10 02:40,76.9500,8.4667,80.60,73.40,78.76,M,M,M,29.88,M,2.00,M,M,M,M,M,M,M,M,M,M,M,M,M,M,M,M,85.32,VOTV 100240Z AUTO 2SM 27/23 A2988 RMK T02700230 IEM_DS3505,M
VOTV,2002-01-10 03:40,76.9500,8.4667,84.20,73.40,70.08,M,M,M,29.91,M,2.50,M,M,M,M,M,M,M,M,M,M,M,M,M,M,M,M,90.94,VOTV 100340Z AUTO 2 1/2SM 29/23 A2991 RMK T02900230 IEM_DS3505,M
VOTV,2002-01-10 04:40,76.9500,8.4667,84.20,73.40,70.08,M,M,M,29.91,M,M,M,M,M,M,M,M,M,M,M,M,M,M,M,M,M,M,90.94,VOTV 100440Z AUTO 29/23 A2991 RMK T02900230 IEM_DS3505,M
VOTV,2002-01-10 05:40,76.9500,8.4667,84.20,73.40,70.08,230.00,3.00,M,29.88,M,5.00,M,M,M,M,M,M,M,M,M,M,M,M,M,M,M,M,90.94,VOTV 100540Z AUTO 23003KT 5SM 29/23 A2988 RMK T02900230 IEM_DS3505,M
VOTV,2002-01-10 06:40,76.9500,8.4667,84.20,71.60,65.95,250.00,5.00,M,29.88,M,5.00,M,M,M,M,M,M,M,M,M,M,M,M,M,M,M,M,89.60,VOTV 100640Z AUTO 25005KT 5SM 29/22 A2988 RMK T02900220 IEM_DS3505,M
VOTV,2002-01-10 08:40,76.9500,8.4667,87.80,71.60,58.78,210.00,6.00,M,29.83,M,5.00,M,M,M,M,M,M,M,M,M,M,M,M,M,M,M,M,94.18,VOTV 100840Z AUTO 21006KT 5SM 31/22 A2983 RMK T03100220 IEM_DS3505,M
VOTV,2002-01-10 11:40,76.9500,8.4667,86.00,71.60,62.25,M,M,M,29.80,M,5.00,M,M,M,M,M,M,M,M,M,M,M,M,M,M,M,M,91.92,VOTV 101140Z AUTO 5SM 30/22 A2980 RMK T03000220 IEM_DS3505,M
VOTV,2002-01-10 23:40,76.9500,8.4667,75.20,73.40,94.14,M,M,M,29.85,M,2.00,M,M,M,M,M,M,M,M,M,M,M,M,M,M,M,M,75.20,VOTV 102340Z AUTO 2SM 24/23 A2985 RMK T02400230 IEM_DS3505,M
VOTV,2002-01-11 00:40,76.9500,8.4667,75.20,73.40,94.14,M,M,M,29.85,M,1.25,M,M,M,M,M,M,M,M,M,M,M,M,M,M,M,M,75.20,VOTV 110040Z AUTO 1 1/4SM 24/23 A2985 RMK T02400230 IEM_DS3505,M
VOTV,2002-01-11 01:40,76.9500,8.4667,77.00,73.40,88.67,M,M,M,29.85,M,2.00,M,M,M,M,M,M,M,M,M,M,M,M,M,M,M,M,77.00,VOTV 110140Z AUTO 2SM 25/23 A2985 RMK T02500230 IEM_DS3505,M
VOTV,2002-01-11 11:40,76.9500,8.4667,86.00,68.00,55.04,M,M,M,29.80,M,5.00,M,M,M,M,M,M,M,M,M,M,M,M,M,M,M,M,89.41,VOTV 111140Z AUTO 5SM 30/20 A2980 RMK T03000200 IEM_DS3505,M
VOTV,2002-01-11 12:40,76.9500,8.4667,84.20,73.40,70.08,M,M,M,29.80,M,M,M,M,M,M,M,M,M,M,M,M,M,M,M,M,M,M,90.94,VOTV 111240Z AUTO 29/23 A2980 RMK T02900230 IEM_DS3505,M
VOTV,2002-01-11 13:40,76.9500,8.4667,82.40,73.40,74.28,M,M,M,29.83,M,2.50,M,M,M,M,M,M,M,M,M,M,M,M,M,M,M,M,88.26,VOTV 111340Z AUTO 2 1/2SM 28/23 A2983 RMK T02800230 IEM_DS3505,M
VOTV,2002-01-11 15:40,76.9500,8.4667,80.60,73.40,78.76,M,M,M,29.88,M,2.50,M,M,M,M,M,M,M,M,M,M,M,M,M,M,M,M,85.32,VOTV 111540Z AUTO 2 1/2SM 27/23 A2988 RMK T02700230 IEM_DS3505,M
VOTV,2002-01-11 23:40,76.9500,8.4667,73.40,69.80,88.51,M,M,M,29.83,M,2.00,M,M,M,M,M,M,M,M,M,M,M,M,M,M,M,M,73.40,VOTV 112340Z AUTO 2SM 23/21 A2983 RMK T02300210 IEM_DS3505,M
VOTV,2002-01-12 04:40,76.9500,8.4667,86.00,68.00,55.04,M,M,M,29.91,M,M,M,M,M,M,M,M,M,M,M,M,M,M,M,M,M,M,89.41,VOTV 120440Z AUTO 30/20 A2991 RMK T03000200 IEM_DS3505,M
VOTV,2002-01-12 05:40,76.9500,8.4667,86.00,64.40,48.58,M,M,M,29.91,M,M,M,M,M,M,M,M,M,M,M,M,M,M,M,M,M,M,87.49,VOTV 120540Z AUTO 30/18 A2991 RMK T03000180 IEM_DS3505,M
VOTV,2002-01-12 07:40,76.9500,8.4667,86.00,66.20,51.72,220.00,5.00,M,29.85,M,5.00,M,M,M,M,M,M,M,M,M,M,M,M,M,M,M,M,88.39,VOTV 120740Z AUTO 22005KT 5SM 30/19 A2985 RMK T03000190 IEM_DS3505,M
VOTV,2002-01-12 09:40,76.9500,8.4667,86.00,68.00,55.04,200.00,4.00,M,29.80,M,5.00,M,M,M,M,M,M,M,M,M,M,M,M,M,M,M,M,89.41,VOTV 120940Z AUTO 20004KT 5SM 30/20 A2980 RMK T03000200 IEM_DS3505,M
VOTV,2002-01-12 11:40,76.9500,8.4667,82.40,68.00,61.81,200.00,2.00,M,29.80,M,5.00,M,M,M,M,M,M,M,M,M,M,M,M,M,M,M,M,85.38,VOTV 121140Z AUTO 20002KT 5SM 28/20 A2980 RMK T02800200 IEM_DS3505,M
VOTV,2002-01-12 12:40,76.9500,8.4667,M,M,M,230.00,2.00,M,M,M,5.00,M,M,M,M,M,M,M,M,M,M,M,M,M,M,M,M,M,VOTV 121240Z AUTO 23002KT 5SM RMK IEM_DS3505,M
VOTV,2002-01-12 22:40,76.9500,8.4667,73.40,68.00,83.21,M,M,M,29.83,M,1.50,M,M,M,M,M,M,M,M,M,M,M,M,M,M,M,M,73.40,VOTV 122240Z AUTO 1 1/2SM 23/20 A2983 RMK T02300200 IEM_DS3505,M
VOTV,2002-01-13 02:40,76.9500,8.4667,77.00,68.00,73.78,M,M,M,29.88,M,2.00,M,M,M,M,M,M,M,M,M,M,M,M,M,M,M,M,77.00,VOTV 130240Z AUTO 2SM 25/20 A2988 RMK T02500200 IEM_DS3505,M
VOTV,2002-01-13 03:40,76.9500,8.4667,80.60,66.20,61.58,M,M,M,29.91,M,M,M,M,M,M,M,M,M,M,M,M,M,M,M,M,M,M,82.75,VOTV 130340Z AUTO 27/19 A2991 RMK T02700190 IEM_DS3505,M
VOTV,2002-01-13 08:40,76.9500,8.4667,86.00,62.60,45.61,220.00,5.00,M,29.77,M,7.00,M,M,M,M,M,M,M,M,M,M,M,M,M,M,M,M,86.72,VOTV 130840Z AUTO 22005KT 7SM 30/17 A2977 RMK T03000170 IEM_DS3505,M
VOTV,2002-01-13 09:40,76.9500,8.4667,86.00,62.60,45.61,190.00,3.00,M,29.77,M,7.00,M,M,M,M,M,M,M,M,M,M,M,M,M,M,M,M,86.72,VOTV 130940Z AUTO 19003KT 7SM 30/17 A2977 RMK T03000170 IEM_DS3505,M
VOTV,2002-01-13 10:40,76.9500,8.4667,82.40,64.40,54.55,190.00,6.00,M,29.77,M,5.00,M,M,M,M,M,M,M,M,M,M,M,M,M,M,M,M,83.98,VOTV 131040Z AUTO 19006KT 5SM 28/18 A2977 RMK T02800180 IEM_DS3505,M
VOTV,2002-01-13 11:40,76.9500,8.4667,82.40,64.40,54.55,220.00,5.00,M,29.77,M,5.00,M,M,M,M,M,M,M,M,M,M,M,M,M,M,M,M,83.98,VOTV 131140Z AUTO 22005KT 5SM 28/18 A2977 RMK T02800180 IEM_DS3505,M
VOTV,2002-01-13 12:40,76.9500,8.4667,80.60,66.20,61.58,M,M,M,29.77,M,M,M,M,M,M,M,M,M,M,M,M,M,M,M,M,M,M,82.75,VOTV 131240Z AUTO 27/19 A2977 RMK T02700190 IEM_DS3505,M
VOTV,2002-01-13 13:40,76.9500,8.4667,80.60,66.20,61.58,M,M,M,29.80,M,2.50,M,M,M,M,M,M,M,M,M,M,M,M,M,M,M,M,82.75,VOTV 131340Z AUTO 2 1/2SM 27/19 A2980 RMK T02700190 IEM_DS3505,M
VOTV,2002-01-13 14:40,76.9500,8.4667,78.80,68.00,69.52,M,M,M,29.83,M,2.50,M,M,M,M,M,M,M,M,M,M,M,M,M,M,M,M,78.80,VOTV 131440Z AUTO 2 1/2SM 26/20 A2983 RMK T02600200 IEM_DS3505,M
VOTV,2002-01-14 02:40,76.9500,8.4667,73.40,64.40,73.44,M,M,M,29.85,M,1.50,M,M,M,M,M,M,M,M,M,M,M,M,M,M,M,M,73.40,VOTV 140240Z AUTO 1 1/2SM 23/18 A2985 RMK T02300180 IEM_DS3505,M
VOTV,2002-01-14 03:40,76.9500,8.4667,78.80,64.40,61.36,M,M,M,29.85,M,2.50,M,M,M,M,M,M,M,M,M,M,M,M,M,M,M,M,78.80,VOTV 140340Z AUTO 2 1/2SM 26/18 A2985 RMK T02600180 IEM_DS3505,M
VOTV,2002-01-14 05:40,76.9500,8.4667,82.40,55.40,39.58,M,M,M,29.85,M,5.00,M,M,M,M,M,M,M,M,M,M,M,M,M,M,M,M,81.75,VOTV 140540Z AUTO 5SM 28/13 A2985 RMK T02800130 IEM_DS3505,M
VOTV,2002-01-14 06:40,76.9500,8.4667,82.40,75.20,78.90,260.00,6.00,M,29.83,M,5.00,M,M,M,M,M,M,M,M,M,M,M,M,M,M,M,M,89.48,VOTV 140640Z AUTO 26006KT 5SM 28/24 A2983 RMK T02800240 IEM_DS3505,M
VOTV,2002-01-14 10:40,76.9500,8.4667,84.20,66.20,54.80,200.00,3.00,M,29.77,M,M,M,M,M,M,M,M,M,M,M,M,M,M,M,M,M,M,86.50,VOTV 141040Z AUTO 20003KT 29/19 A2977 RMK T02900190 IEM_DS3505,M
VOTV,2002-01-14 11:40,76.9500,8.4667,84.20,66.20,54.80,M,M,M,29.77,M,M,M,M,M,M,M,M,M,M,M,M,M,M,M,M,M,M,86.50,VOTV 141140Z AUTO 29/19 A2977 RMK T02900190 IEM_DS3505,M
VOTV,2002-01-14 12:40,76.9500,8.4667,80.60,66.20,61.58,M,M,M,29.80,M,M,M,M,M,M,M,M,M,M,M,M,M,M,M,M,M,M,82.75,VOTV 141240Z AUTO 27/19 A2980 RMK T02700190 IEM_DS3505,M
VOTV,2002-01-14 13:40,76.9500,8.4667,78.80,64.40,61.36,M,M,M,29.80,M,2.50,M,M,M,M,M,M,M,M,M,M,M,M,M,M,M,M,78.80,VOTV 141340Z AUTO 2 1/2SM 26/18 A2980 RMK T02600180 IEM_DS3505,M
VOTV,2002-01-14 14:40,76.9500,8.4667,78.80,64.40,61.36,M,M,M,29.83,M,2.50,M,M,M,M,M,M,M,M,M,M,M,M,M,M,M,M,78.80,VOTV 141440Z AUTO 2 1/2SM 26/18 A2983 RMK T02600180 IEM_DS3505,M
VOTV,2002-01-14 15:40,76.9500,8.4667,77.00,62.60,61.13,M,M,M,29.85,M,2.50,M,M,M,M,M,M,M,M,M,M,M,M,M,M,M,M,77.00,VOTV 141540Z AUTO 2 1/2SM 25/17 A2985 RMK T02500170 IEM_DS3505,M
VOTV,2002-01-15 03:40,76.9500,8.4667,78.80,66.20,65.33,M,M,M,29.91,M,2.50,M,M,M,M,M,M,M,M,M,M,M,M,M,M,M,M,78.80,VOTV 150340Z AUTO 2 1/2SM 26/19 A2991 RMK T02600190 IEM_DS3505,M
VOTV,2002-01-15 04:40,76.9500,8.4667,80.60,68.00,65.54,M,M,M,29.91,M,M,M,M,M,M,M,M,M,M,M,M,M,M,M,M,M,M,83.29,VOTV 150440Z AUTO 27/20 A2991 RMK T02700200 IEM_DS3505,M
VOTV,2002-01-15 08:40,76.9500,8.4667,84.20,68.00,58.32,260.00,4.00,M,29.83,M,7.00,M,M,M,M,M,M,M,M,M,M,M,M,M,M,M,M,87.40,VOTV 150840Z AUTO 26004KT 7SM 29/20 A2983 RMK T02900200 IEM_DS3505,M
VOTV,2002-01-15 09:40,76.9500,8.4667,86.00,68.00,55.04,M,M,M,29.80,M,7.00,M,M,M,M,M,M,M,M,M,M,M,M,M,M,M,M,89.41,VOTV 150940Z AUTO 7SM 30/20 A2980 RMK T03000200 IEM_DS3505,M
VOTV,2002-01-15 10:40,76.9500,8.4667,86.00,68.00,55.04,M,M,M,29.80,M,7.00,M,M,M,M,M,M,M,M,M,M,M,M,M,M,M,M,89.41,VOTV 151040Z AUTO 7SM 30/20 A2980 RMK T03000200 IEM_DS3505,M
VOTV,2002-01-15 11:40,76.9500,8.4667,82.40,68.00,61.81,M,M,M,29.83,M,7.00,M,M,M,M,M,M,M,M,M,M,M,M,M,M,M,M,85.38,VOTV 151140Z AUTO 7SM 28/20 A2983 RMK T02800200 IEM_DS3505,M
VOTV,2002-01-15 12:40,76.9500,8.4667,82.40,66.20,58.08,M,M,M,29.83,M,M,M,M,M,M,M,M,M,M,M,M,M,M,M,M,M,M,84.63,VOTV 151240Z AUTO 28/19 A2983 RMK T02800190 IEM_DS3505,M
VOTV,2002-01-16 01:40,76.9500,8.4667,68.00,66.20,93.97,M,M,M,29.85,M,1.00,M,M,M,M,M,M,M,M,M,M,M,M,M,M,M,M,68.00,VOTV 160140Z AUTO 1SM 20/19 A2985 RMK T02000190 IEM_DS3505,M
VOTV,2002-01-16 02:40,76.9500,8.4667,71.60,64.40,78.04,M,M,M,29.88,M,1.25,M,M,M,M,M,M,M,M,M,M,M,M,M,M,M,M,71.60,VOTV 160240Z AUTO 1 1/4SM 22/18 A2988 RMK T02200180 IEM_DS3505,M
VOTV,2002-01-16 05:40,76.9500,8.4667,86.00,68.00,55.04,M,M,M,29.88,M,5.00,M,M,M,M,M,M,M,M,M,M,M,M,M,M,M,M,89.41,VOTV 160540Z AUTO 5SM 30/20 A2988 RMK T03000200 IEM_DS3505,M
VOTV,2002-01-16 06:40,76.9500,8.4667,84.20,66.20,54.80,250.00,5.00,M,29.85,M,7.00,M,M,M,M,M,M,M,M,M,M,M,M,M,M,M,M,86.50,VOTV 160640Z AUTO 25005KT 7SM 29/19 A2985 RMK T02900190 IEM_DS3505,M
VOTV,2002-01-16 08:40,76.9500,8.4667,86.00,68.00,55.04,260.00,6.00,M,29.80,M,7.00,M,M,M,M,M,M,M,M,M,M,M,M,M,M,M,M,89.41,VOTV 160840Z AUTO 26006KT 7SM 30/20 A2980 RMK T03000200 IEM_DS3505,M
VOTV,2002-01-16 09:40,76.9500,8.4667,87.80,68.00,51.98,230.00,5.00,M,29.80,M,7.00,M,M,M,M,M,M,M,M,M,M,M,M,M,M,M,M,91.43,VOTV 160940Z AUTO 23005KT 7SM 31/20 A2980 RMK T03100200 IEM_DS3505,M
VOTV,2002-01-16 12:40,76.9500,8.4667,80.60,64.40,57.84,160.00,3.00,M,29.83,M,M,M,M,M,M,M,M,M,M,M,M,M,M,M,M,M,M,82.27,VOTV 161240Z AUTO 16003KT 27/18 A2983 RMK T02700180 IEM_DS3505,M
VOTV,2002-01-16 13:40,76.9500,8.4667,78.80,66.20,65.33,M,M,M,29.83,M,M,M,M,M,M,M,M,M,M,M,M,M,M,M,M,M,M,78.80,VOTV 161340Z AUTO 26/19 A2983 RMK T02600190 IEM_DS3505,M
VOTV,2002-01-16 15:40,76.9500,8.4667,75.20,68.00,78.34,M,M,M,29.85,M,2.00,M,M,M,M,M,M,M,M,M,M,M,M,M,M,M,M,75.20,VOTV 161540Z AUTO 2SM 24/20 A2985 RMK T02400200 IEM_DS3505,M
VOTV,2002-01-16 16:40,76.9500,8.4667,75.20,68.00,78.34,M,M,M,29.88,M,2.00,M,M,M,M,M,M,M,M,M,M,M,M,M,M,M,M,75.20,VOTV 161640Z AUTO 2SM 24/20 A2988 RMK T02400200 IEM_DS3505,M
VOTV,2002-01-17 01:40,76.9500,8.4667,68.00,64.40,88.26,M,M,M,29.83,M,1.00,M,M,M,M,M,M,M,M,M,M,M,M,M,M,M,M,68.00,VOTV 170140Z AUTO 1SM 20/18 A2983 RMK T02000180 IEM_DS3505,M
VOTV,2002-01-17 02:40,76.9500,8.4667,75.20,68.00,78.34,M,M,M,29.85,M,1.50,M,M,M,M,M,M,M,M,M,M,M,M,M,M,M,M,75.20,VOTV 170240Z AUTO 1 1/2SM 24/20 A2985 RMK T02400200 IEM_DS3505,M
VOTV,2002-01-17 03:40,76.9500,8.4667,77.00,64.40,65.12,M,M,M,29.88,M,2.00,M,M,M,M,M,M,M,M,M,M,M,M,M,M,M,M,77.00,VOTV 170340Z AUTO 2SM 25/18 A2988 RMK T02500180 IEM_DS3505,M
VOTV,2002-01-17 05:40,76.9500,8.4667,86.00,60.80,42.80,20.00,4.00,M,M,M,M,M,M,M,M,M,M,M,M,M,M,M,M,M,M,M,M,86.05,VOTV 170540Z AUTO 02004KT 30/16 RMK T03000160 IEM_DS3505,M
VOTV,2002-01-17 06:40,76.9500,8.4667,87.80,62.60,43.07,360.00,6.00,M,29.83,M,5.00,M,M,M,M,M,M,M,M,M,M,M,M,M,M,M,M,88.48,VOTV 170640Z AUTO 36006KT 5SM 31/17 A2983 RMK T03100170 IEM_DS3505,M
VOTV,2002-01-17 08:40,76.9500,8.4667,86.00,60.80,42.80,160.00,4.00,M,29.77,M,5.00,M,M,M,M,M,M,M,M,M,M,M,M,M,M,M,M,86.05,VOTV 170840Z AUTO 16004KT 5SM 30/16 A2977 RMK T03000160 IEM_DS3505,M
VOTV,2002-01-17 10:40,76.9500,8.4667,86.00,62.60,45.61,170.00,3.00,M,29.74,M,5.00,M,M,M,M,M,M,M,M,M,M,M,M,M,M,M,M,86.72,VOTV 171040Z AUTO 17003KT 5SM 30/17 A2974 RMK T03000170 IEM_DS3505,M
VOTV,2002-01-17 11:40,76.9500,8.4667,84.20,60.80,45.34,M,M,M,29.74,M,5.00,M,M,M,M,M,M,M,M,M,M,M,M,M,M,M,M,84.43,VOTV 171140Z AUTO 5SM 29/16 A2974 RMK T02900160 IEM_DS3505,M
VOTV,2002-01-17 12:40,76.9500,8.4667,84.20,60.80,45.34,M,M,M,29.77,M,M,M,M,M,M,M,M,M,M,M,M,M,M,M,M,M,M,84.43,VOTV 171240Z AUTO 29/16 A2977 RMK T02900160 IEM_DS3505,M
VOTV,2002-01-17 13:40,76.9500,8.4667,80.60,64.40,57.84,M,M,M,29.80,M,M,M,M,M,M,M,M,M,M,M,M,M,M,M,M,M,M,82.27,VOTV 171340Z AUTO 27/18 A2980 RMK T02700180 IEM_DS3505,M
VOTV,2002-01-17 15:40,76.9500,8.4667,78.80,68.00,69.52,M,M,M,29.83,M,2.50,M,M,M,M,M,M,M,M,M,M,M,M,M,M,M,M,78.80,VOTV 171540Z AUTO 2 1/2SM 26/20 A2983 RMK T02600200 IEM_DS3505,M
VOTV,2002-01-17 23:40,76.9500,8.4667,68.00,66.20,93.97,M,M,M,29.77,M,1.25,M,M,M,M,M,M,M,M,M,M,M,M,M,M,M,M,68.00,VOTV 172340Z AUTO 1 1/4SM 20/19 A2977 RMK T02000190 IEM_DS3505,M
VOTV,2002-01-18 00:40,76.9500,8.4667,68.00,66.20,93.97,M,M,M,29.80,M,1.25,M,M,M,M,M,M,M,M,M,M,M,M,M,M,M,M,68.00,VOTV 180040Z AUTO 1 1/4SM 20/19 A2980 RMK T02000190 IEM_DS3505,M
VOTV,2002-01-18 01:40,76.9500,8.4667,68.00,64.40,88.26,M,M,M,29.80,M,1.50,M,M,M,M,M,M,M,M,M,M,M,M,M,M,M,M,68.00,VOTV 180140Z AUTO 1 1/2SM 20/18 A2980 RMK T02000180 IEM_DS3505,M
VOTV,2002-01-18 03:40,76.9500,8.4667,80.60,62.60,54.30,M,M,M,29.85,M,2.50,M,M,M,M,M,M,M,M,M,M,M,M,M,M,M,M,81.84,VOTV 180340Z AUTO 2 1/2SM 27/17 A2985 RMK T02700170 IEM_DS3505,M
VOTV,2002-01-18 05:40,76.9500,8.4667,82.40,60.80,48.05,M,M,M,29.83,M,5.00,M,M,M,M,M,M,M,M,M,M,M,M,M,M,M,M,82.90,VOTV 180540Z AUTO 5SM 28/16 A2983 RMK T02800160 IEM_DS3505,M
VOTV,2002-01-18 06:40,76.9500,8.4667,84.20,64.40,51.47,260.00,5.00,M,29.80,M,5.00,M,M,M,M,M,M,M,M,M,M,M,M,M,M,M,M,85.71,VOTV 180640Z AUTO 26005KT 5SM 29/18 A2980 RMK T02900180 IEM_DS3505,M
VOTV,2002-01-18 07:40,76.9500,8.4667,82.40,62.60,51.21,230.00,5.00,M,29.77,M,5.00,M,M,M,M,M,M,M,M,M,M,M,M,M,M,M,M,83.41,VOTV 180740Z AUTO 23005KT 5SM 28/17 A2977 RMK T02800170 IEM_DS3505,M
VOTV,2002-01-18 08:40,76.9500,8.4667,86.00,64.40,48.58,250.00,5.00,M,29.74,M,5.00,M,M,M,M,M,M,M,M,M,M,M,M,M,M,M,M,87.49,VOTV 180840Z AUTO 25005KT 5SM 30/18 A2974 RMK T03000180 IEM_DS3505,M
VOTV,2002-01-18 09:40,76.9500,8.4667,84.20,60.80,45.34,230.00,4.00,M,29.74,M,7.00,M,M,M,M,M,M,M,M,M,M,M,M,M,M,M,M,84.43,VOTV 180940Z AUTO 23004KT 7SM 29/16 A2974 RMK T02900160 IEM_DS3505,M
VOTV,2002-01-18 10:40,76.9500,8.4667,82.40,64.40,54.55,180.00,4.00,M,29.74,M,7.00,M,M,M,M,M,M,M,M,M,M,M,M,M,M,M,M,83.98,VOTV 181040Z AUTO 18004KT 7SM 28/18 A2974 RMK T02800180 IEM_DS3505,M
VOTV,2002-01-18 11:40,76.9500,8.4667,82.40,64.40,54.55,M,M,M,29.74,M,5.00,M,M,M,M,M,M,M,M,M,M,M,M,M,M,M,M,83.98,VOTV 181140Z AUTO 5SM 28/18 A2974 RMK T02800180 IEM_DS3505,M
VOTV,2002-01-18 12:40,76.9500,8.4667,80.60,69.80,69.71,M,M,M,29.77,M,M,M,M,M,M,M,M,M,M,M,M,M,M,M,M,M,M,83.90,VOTV 181240Z AUTO 27/21 A2977 RMK T02700210 IEM_DS3505,M
VOTV,2002-01-18 13:40,76.9500,8.4667,78.80,66.20,65.33,M,M,M,29.77,M,M,M,M,M,M,M,M,M,M,M,M,M,M,M,M,M,M,78.80,VOTV 181340Z AUTO 26/19 A2977 RMK T02600190 IEM_DS3505,M
VOTV,2002-01-18 14:40,76.9500,8.4667,77.00,66.20,69.33,M,M,M,29.83,M,2.50,M,M,M,M,M,M,M,M,M,M,M,M,M,M,M,M,77.00,VOTV 181440Z AUTO 2 1/2SM 25/19 A2983 RMK T02500190 IEM_DS3505,M
VOTV,2002-01-18 15:40,76.9500,8.4667,77.00,69.80,78.48,M,M,M,29.85,M,2.00,M,M,M,M,M,M,M,M,M,M,M,M,M,M,M,M,77.00,VOTV 181540Z AUTO 2SM 25/21 A2985 RMK T02500210 IEM_DS3505,M
VOTV,2002-01-18 16:40,76.9500,8.4667,77.00,68.00,73.78,M,M,M,29.85,M,2.00,M,M,M,M,M,M,M,M,M,M,M,M,M,M,M,M,77.00,VOTV 181640Z AUTO 2SM 25/20 A2985 RMK T02500200 IEM_DS3505,M
VOTV,2002-01-18 17:40,76.9500,8.4667,75.20,68.00,78.34,M,M,M,29.85,M,2.00,M,M,M,M,M,M,M,M,M,M,M,M,M,M,M,M,75.20,VOTV 181740Z AUTO 2SM 24/20 A2985 RMK T02400200 IEM_DS3505,M
VOTV,2002-01-19 00:40,76.9500,8.4667,71.60,64.40,78.04,M,M,M,29.80,M,1.50,M,M,M,M,M,M,M,M,M,M,M,M,M,M,M,M,71.60,VOTV 190040Z AUTO 1 1/2SM 22/18 A2980 RMK T02200180 IEM_DS3505,M
VOTV,2002-01-19 01:40,76.9500,8.4667,71.60,66.20,83.09,M,M,M,29.83,M,1.25,M,M,M,M,M,M,M,M,M,M,M,M,M,M,M,M,71.60,VOTV 190140Z AUTO 1 1/4SM 22/19 A2983 RMK T02200190 IEM_DS3505,M
VOTV,2002-01-19 02:40,76.9500,8.4667,75.20,64.40,69.14,M,M,M,29.83,M,1.50,M,M,M,M,M,M,M,M,M,M,M,M,M,M,M,M,75.20,VOTV 190240Z AUTO 1 1/2SM 24/18 A2983 RMK T02400180 IEM_DS3505,M
VOTV,2002-01-19 03:40,76.9500,8.4667,80.60,62.60,54.30,M,M,M,29.85,M,2.00,M,M,M,M,M,M,M,M,M,M,M,M,M,M,M,M,81.84,VOTV 190340Z AUTO 2SM 27/17 A2985 RMK T02700170 IEM_DS3505,M
VOTV,2002-01-19 04:40,76.9500,8.4667,82.40,62.60,51.21,M,M,M,29.85,M,M,M,M,M,M,M,M,M,M,M,M,M,M,M,M,M,M,83.41,VOTV 190440Z AUTO 28/17 A2985 RMK T02800170 IEM_DS3505,M
VOTV,2002-01-19 05:40,76.9500,8.4667,M,M,M,200.00,3.00,M,M,M,M,M,M,M,M,M,M,M,M,M,M,M,M,M,M,M,M,M,VOTV 190540Z AUTO 20003KT RMK IEM_DS3505,M
VOTV,2002-01-19 07:40,76.9500,8.4667,84.20,60.80,45.34,M,M,M,29.80,M,5.00,M,M,M,M,M,M,M,M,M,M,M,M,M,M,M,M,84.43,VOTV 190740Z AUTO 5SM 29/16 A2980 RMK T02900160 IEM_DS3505,M
VOTV,2002-01-19 09:40,76.9500,8.4667,87.80,68.00,51.98,200.00,4.00,M,29.74,M,5.00,M,M,M,M,M,M,M,M,M,M,M,M,M,M,M,M,91.43,VOTV 190940Z AUTO 20004KT 5SM 31/20 A2974 RMK T03100200 IEM_DS3505,M
VOTV,2002-01-19 10:40,76.9500,8.4667,87.80,66.20,48.84,200.00,4.00,M,29.74,M,5.00,M,M,M,M,M,M,M,M,M,M,M,M,M,M,M,M,90.31,VOTV 191040Z AUTO 20004KT 5SM 31/19 A2974 RMK T03100190 IEM_DS3505,M
VOTV,2002-01-19 12:40,76.9500,8.4667,84.20,68.00,58.32,M,M,M,29.77,M,5.00,M,M,M,M,M,M,M,M,M,M,M,M,M,M,M,M,87.40,VOTV 191240Z AUTO 5SM 29/20 A2977 RMK T02900200 IEM_DS3505,M
VOTV,2002-01-19 13:40,76.9500,8.4667,82.40,68.00,61.81,M,M,M,29.80,M,2.50,M,M,M,M,M,M,M,M,M,M,M,M,M,M,M,M,85.38,VOTV 191340Z AUTO 2 1/2SM 28/20 A2980 RMK T02800200 IEM_DS3505,M
VOTV,2002-01-19 15:40,76.9500,8.4667,78.80,68.00,69.52,M,M,M,29.85,M,2.50,M,M,M,M,M,M,M,M,M,M,M,M,M,M,M,M,78.80,VOTV 191540Z AUTO 2 1/2SM 26/20 A2985 RMK T02600200 IEM_DS3505,M
VOTV,2002-01-20 01:40,76.9500,8.4667,73.40,69.80,88.51,M,M,M,29.83,M,1.50,M,M,M,M,M,M,M,M,M,M,M,M,M,M,M,M,73.40,VOTV 200140Z AUTO 1 1/2SM 23/21 A2983 RMK T02300210 IEM_DS3505,M
VOTV,2002-01-20 02:40,76.9500,8.4667,77.00,68.00,73.78,M,M,M,29.88,M,1.50,M,M,M,M,M,M,M,M,M,M,M,M,M,M,M,M,77.00,VOTV 200240Z AUTO 1 1/2SM 25/20 A2988 RMK T02500200 IEM_DS3505,M
VOTV,2002-01-20 04:40,76.9500,8.4667,87.80,69.80,55.29,M,M,M,29.88,M,M,M,M,M,M,M,M,M,M,M,M,M,M,M,M,M,M,92.71,VOTV 200440Z AUTO 31/21 A2988 RMK T03100210 IEM_DS3505,M
VOTV,2002-01-20 05:40,76.9500,8.4667,86.00,66.20,51.72,260.00,6.00,M,29.85,M,M,M,M,M,M,M,M,M,M,M,M,M,M,M,M,M,M,88.39,VOTV 200540Z AUTO 26006KT 30/19 A2985 RMK T03000190 IEM_DS3505,M
VOTV,2002-01-20 06:40,76.9500,8.4667,87.80,68.00,51.98,260.00,6.00,M,29.83,M,5.00,M,M,M,M,M,M,M,M,M,M,M,M,M,M,M,M,91.43,VOTV 200640Z AUTO 26006KT 5SM 31/20 A2983 RMK T03100200 IEM_DS3505,M
VOTV,2002-01-20 08:40,76.9500,8.4667,86.00,68.00,55.04,270.00,8.00,M,29.77,M,5.00,M,M,M,M,M,M,M,M,M,M,M,M,M,M,M,M,89.41,VOTV 200840Z AUTO 27008KT 5SM 30/20 A2977 RMK T03000200 IEM_DS3505,M
VOTV,2002-01-20 09:40,76.9500,8.4667,86.00,68.00,55.04,250.00,4.00,M,29.77,M,5.00,M,M,M,M,M,M,M,M,M,M,M,M,M,M,M,M,89.41,VOTV 200940Z AUTO 25004KT 5SM 30/20 A2977 RMK T03000200 IEM_DS3505,M
VOTV,2002-01-20 10:40,76.9500,8.4667,84.20,68.00,58.32,220.00,3.00,M,29.77,M,5.00,M,M,M,M,M,M,M,M,M,M,M,M,M,M,M,M,87.40,VOTV 201040Z AUTO 22003KT 5SM 29/20 A2977 RMK T02900200 IEM_DS3505,M
VOTV,2002-01-20 11:40,76.9500,8.4667,84.20,68.00,58.32,M,M,M,29.80,M,5.00,M,M,M,M,M,M,M,M,M,M,M,M,M,M,M,M,87.40,VOTV 201140Z AUTO 5SM 29/20 A2980 RMK T02900200 IEM_DS3505,M
VOTV,2002-01-20 12:40,76.9500,8.4667,82.40,69.80,65.74,M,M,M,29.80,M,M,M,M,M,M,M,M,M,M,M,M,M,M,M,M,M,M,86.22,VOTV 201240Z AUTO 28/21 A2980 RMK T02800210 IEM_DS3505,M
VOTV,2002-01-20 14:40,76.9500,8.4667,80.60,73.40,78.76,M,M,M,29.83,M,2.50,M,M,M,M,M,M,M,M,M,M,M,M,M,M,M,M,85.32,VOTV 201440Z AUTO 2 1/2SM 27/23 A2983 RMK T02700230 IEM_DS3505,M
VOTV,2002-01-20 15:40,76.9500,8.4667,80.60,73.40,78.76,M,M,M,29.85,M,2.50,M,M,M,M,M,M,M,M,M,M,M,M,M,M,M,M,85.32,VOTV 201540Z AUTO 2 1/2SM 27/23 A2985 RMK T02700230 IEM_DS3505,M
VOTV,2002-01-21 00:40,76.9500,8.4667,75.20,71.60,88.59,M,M,M,29.83,M,1.00,M,M,M,M,M,M,M,M,M,M,M,M,M,M,M,M,75.20,VOTV 210040Z AUTO 1SM 24/22 A2983 RMK T02400220 IEM_DS3505,M
VOTV,2002-01-21 03:40,76.9500,8.4667,80.60,69.80,69.71,M,M,M,29.88,M,2.00,M,M,M,M,M,M,M,M,M,M,M,M,M,M,M,M,83.90,VOTV 210340Z AUTO 2SM 27/21 A2988 RMK T02700210 IEM_DS3505,M
VOTV,2002-01-21 04:40,76.9500,8.4667,82.40,69.80,65.74,M,M,M,29.88,M,2.50,M,M,M,M,M,M,M,M,M,M,M,M,M,M,M,M,86.22,VOTV 210440Z AUTO 2 1/2SM 28/21 A2988 RMK T02800210 IEM_DS3505,M
VOTV,2002-01-21 06:40,76.9500,8.4667,82.40,73.40,74.28,M,M,M,29.85,M,2.50,M,M,M,M,M,M,M,M,M,M,M,M,M,M,M,M,88.26,VOTV 210640Z AUTO 2 1/2SM 28/23 A2985 RMK T02800230 IEM_DS3505,M
VOTV,2002-01-21 07:40,76.9500,8.4667,86.00,69.80,58.55,M,M,M,29.80,M,M,M,M,M,M,M,M,M,M,M,M,M,M,M,M,M,M,90.58,VOTV 210740Z AUTO 30/21 A2980 RMK T03000210 IEM_DS3505,M
VOTV,2002-01-21 08:40,76.9500,8.4667,86.00,69.80,58.55,200.00,3.00,M,29.77,M,M,M,M,M,M,M,M,M,M,M,M,M,M,M,M,M,M,90.58,VOTV 210840Z AUTO 20003KT 30/21 A2977 RMK T03000210 IEM_DS3505,M
VOTV,2002-01-21 09:40,76.9500,8.4667,86.00,71.60,62.25,200.00,3.00,M,29.74,M,M,M,M,M,M,M,M,M,M,M,M,M,M,M,M,M,M,91.92,VOTV 210940Z AUTO 20003KT 30/22 A2974 RMK T03000220 IEM_DS3505,M
VOTV,2002-01-21 10:40,76.9500,8.4667,84.20,71.60,65.95,250.00,4.00,M,29.74,M,M,M,M,M,M,M,M,M,M,M,M,M,M,M,M,M,M,89.60,VOTV 211040Z AUTO 25004KT 29/22 A2974 RMK T02900220 IEM_DS3505,M
VOTV,2002-01-21 12:40,76.9500,8.4667,80.60,69.80,69.71,M,M,M,29.77,M,M,M,M,M,M,M,M,M,M,M,M,M,M,M,M,M,M,83.90,VOTV 211240Z AUTO 27/21 A2977 RMK T02700210 IEM_DS3505,M
VOTV,2002-01-21 16:40,76.9500,8.4667,78.80,73.40,83.55,M,M,M,29.83,M,2.50,M,M,M,M,M,M,M,M,M,M,M,M,M,M,M,M,78.80,VOTV 211640Z AUTO 2 1/2SM 26/23 A2983 RMK T02600230 IEM_DS3505,M
VOTV,2002-01-22 02:40,76.9500,8.4667,75.20,73.40,94.14,M,M,M,29.85,M,1.00,M,M,M,M,M,M,M,M,M,M,M,M,M,M,M,M,75.20,VOTV 220240Z AUTO 1SM 24/23 A2985 RMK T02400230 IEM_DS3505,M
VOTV,2002-01-22 06:40,76.9500,8.4667,82.40,73.40,74.28,M,M,M,29.85,M,2.50,M,M,M,M,M,M,M,M,M,M,M,M,M,M,M,M,88.26,VOTV 220640Z AUTO 2 1/2SM 28/23 A2985 RMK T02800230 IEM_DS3505,M
VOTV,2002-01-22 07:40,76.9500,8.4667,M,M,M,260.00,6.00,M,M,M,4.00,M,M,M,M,M,M,M,M,M,M,M,M,M,M,M,M,M,VOTV 220740Z AUTO 26006KT 4SM RMK IEM_DS3505,M
VOTV,2002-01-22 09:40,76.9500,8.4667,84.20,73.40,70.08,M,M,M,29.77,M,M,M,M,M,M,M,M,M,M,M,M,M,M,M,M,M,M,90.94,VOTV 220940Z AUTO 29/23 A2977 RMK T02900230 IEM_DS3505,M
VOTV,2002-01-22 10:40,76.9500,8.4667,84.20,73.40,70.08,M,M,M,29.77,M,M,M,M,M,M,M,M,M,M,M,M,M,M,M,M,M,M,90.94,VOTV 221040Z AUTO 29/23 A2977 RMK T02900230 IEM_DS3505,M
VOTV,2002-01-22 11:40,76.9500,8.4667,84.20,73.40,70.08,M,M,M,29.77,M,5.00,M,M,M,M,M,M,M,M,M,M,M,M,M,M,M,M,90.94,VOTV 221140Z AUTO 5SM 29/23 A2977 RMK T02900230 IEM_DS3505,M
VOTV,2002-01-22 12:40,76.9500,8.4667,82.40,73.40,74.28,M,M,M,29.77,M,4.00,M,M,M,M,M,M,M,M,M,M,M,M,M,M,M,M,88.26,VOTV 221240Z AUTO 4SM 28/23 A2977 RMK T02800230 IEM_DS3505,M
VOTV,2002-01-22 13:40,76.9500,8.4667,80.60,71.60,74.11,M,M,M,29.80,M,4.00,M,M,M,M,M,M,M,M,M,M,M,M,M,M,M,M,84.57,VOTV 221340Z AUTO 4SM 27/22 A2980 RMK T02700220 IEM_DS3505,M
VOTV,2002-01-22 16:40,76.9500,8.4667,80.60,71.60,74.11,M,M,M,29.85,M,2.50,M,M,M,M,M,M,M,M,M,M,M,M,M,M,M,M,84.57,VOTV 221640Z AUTO 2 1/2SM 27/22 A2985 RMK T02700220 IEM_DS3505,M
VOTV,2002-01-23 01:40,76.9500,8.4667,75.20,71.60,88.59,M,M,M,29.83,M,1.00,M,M,M,M,M,M,M,M,M,M,M,M,M,M,M,M,75.20,VOTV 230140Z AUTO 1SM 24/22 A2983 RMK T02400220 IEM_DS3505,M
VOTV,2002-01-23 02:40,76.9500,8.4667,78.80,71.60,78.62,M,M,M,29.85,M,1.25,M,M,M,M,M,M,M,M,M,M,M,M,M,M,M,M,78.80,VOTV 230240Z AUTO 1 1/4SM 26/22 A2985 RMK T02600220 IEM_DS3505,M
VOTV,2002-01-23 03:40,76.9500,8.4667,84.20,73.40,70.08,M,M,M,M,M,2.00,M,M,M,M,M,M,M,M,M,M,M,M,M,M,M,M,90.94,VOTV 230340Z AUTO 2SM 29/23 RMK T02900230 IEM_DS3505,M
VOTV,2002-01-23 04:40,76.9500,8.4667,84.20,69.80,62.03,M,M,M,29.88,M,M,M,M,M,M,M,M,M,M,M,M,M,M,M,M,M,M,88.43,VOTV 230440Z AUTO 29/21 A2988 RMK T02900210 IEM_DS3505,M
VOTV,2002-01-23 06:40,76.9500,8.4667,86.00,73.40,66.15,M,M,M,29.85,M,5.00,M,M,M,M,M,M,M,M,M,M,M,M,M,M,M,M,93.45,VOTV 230640Z AUTO 5SM 30/23 A2985 RMK T03000230 IEM_DS3505,M
VOTV,2002-01-23 11:40,76.9500,8.4667,84.20,71.60,65.95,M,M,M,29.80,M,5.00,M,M,M,M,M,M,M,M,M,M,M,M,M,M,M,M,89.60,VOTV 231140Z AUTO 5SM 29/22 A2980 RMK T02900220 IEM_DS3505,M
VOTV,2002-01-23 12:40,76.9500,8.4667,82.40,73.40,74.28,M,M,M,29.80,M,4.00,M,M,M,M,M,M,M,M,M,M,M,M,M,M,M,M,88.26,VOTV 231240Z AUTO 4SM 28/23 A2980 RMK T02800230 IEM_DS3505,M
VOTV,2002-01-23 13:40,76.9500,8.4667,80.60,73.40,78.76,M,M,M,29.83,M,2.50,M,M,M,M,M,M,M,M,M,M,M,M,M,M,M,M,85.32,VOTV 231340Z AUTO 2 1/2SM 27/23 A2983 RMK T02700230 IEM_DS3505,M
VOTV,2002-01-23 14:40,76.9500,8.4667,80.60,73.40,78.76,M,M,M,29.85,M,2.50,M,M,M,M,M,M,M,M,M,M,M,M,M,M,M,M,85.32,VOTV 231440Z AUTO 2 1/2SM 27/23 A2985 RMK T02700230 IEM_DS3505,M
VOTV,2002-01-24 00:40,76.9500,8.4667,75.20,69.80,83.32,M,M,M,29.85,M,1.25,M,M,M,M,M,M,M,M,M,M,M,M,M,M,M,M,75.20,VOTV 240040Z AUTO 1 1/4SM 24/21 A2985 RMK T02400210 IEM_DS3505,M
VOTV,2002-01-24 01:40,76.9500,8.4667,75.20,71.60,88.59,M,M,M,29.88,M,1.00,M,M,M,M,M,M,M,M,M,M,M,M,M,M,M,M,75.20,VOTV 240140Z AUTO 1SM 24/22 A2988 RMK T02400220 IEM_DS3505,M
VOTV,2002-01-24 05:40,76.9500,8.4667,86.00,66.20,51.72,260.00,4.00,M,29.91,M,5.00,M,M,M,M,M,M,M,M,M,M,M,M,M,M,M,M,88.39,VOTV 240540Z AUTO 26004KT 5SM 30/19 A2991 RMK T03000190 IEM_DS3505,M
VOTV,2002-01-24 07:40,76.9500,8.4667,84.20,68.00,58.32,280.00,10.00,M,29.85,M,5.00,M,M,M,M,M,M,M,M,M,M,M,M,M,M,M,M,87.40,VOTV 240740Z AUTO 28010KT 5SM 29/20 A2985 RMK T02900200 IEM_DS3505,M
VOTV,2002-01-24 08:40,76.9500,8.4667,86.00,68.00,55.04,280.00,8.00,M,29.83,M,5.00,M,M,M,M,M,M,M,M,M,M,M,M,M,M,M,M,89.41,VOTV 240840Z AUTO 28008KT 5SM 30/20 A2983 RMK T03000200 IEM_DS3505,M
VOTV,2002-01-24 13:40,76.9500,8.4667,82.40,75.20,78.90,M,M,M,29.85,M,2.50,M,M,M,M,M,M,M,M,M,M,M,M,M,M,M,M,89.48,VOTV 241340Z AUTO 2 1/2SM 28/24 A2985 RMK T02800240 IEM_DS3505,M
VOTV,2002-01-25 08:40,76.9500,8.4667,87.80,75.20,66.35,280.00,6.00,M,29.80,M,4.00,M,M,M,M,M,M,M,M,M,M,M,M,M,M,M,M,97.76,VOTV 250840Z AUTO 28006KT 4SM 31/24 A2980 RMK T03100240 IEM_DS3505,M
VOTV,2002-01-25 09:40,76.9500,8.4667,86.00,75.20,70.27,280.00,5.00,M,29.77,M,M,M,M,M,M,M,M,M,M,M,M,M,M,M,M,M,M,95.19,VOTV 250940Z AUTO 28005KT 30/24 A2977 RMK T03000240 IEM_DS3505,M
VOTV,2002-01-25 14:40,76.9500,8.4667,82.40,77.00,83.77,M,M,M,29.85,M,2.50,M,M,M,M,M,M,M,M,M,M,M,M,M,M,M,M,90.85,VOTV 251440Z AUTO 2 1/2SM 28/25 A2985 RMK T02800250 IEM_DS3505,M
VOTV,2002-01-25 16:40,76.9500,8.4667,80.60,75.20,83.66,M,M,M,29.88,M,2.50,M,M,M,M,M,M,M,M,M,M,M,M,M,M,M,M,86.17,VOTV 251640Z AUTO 2 1/2SM 27/24 A2988 RMK T02700240 IEM_DS3505,M
VOTV,2002-01-25 23:40,76.9500,8.4667,78.80,75.20,88.75,M,M,M,29.85,M,2.00,M,M,M,M,M,M,M,M,M,M,M,M,M,M,M,M,78.80,VOTV 252340Z AUTO 2SM 26/24 A2985 RMK T02600240 IEM_DS3505,M
VOTV,2002-01-26 00:40,76.9500,8.4667,77.00,75.20,94.19,M,M,M,29.85,M,2.00,M,M,M,M,M,M,M,M,M,M,M,M,M,M,M,M,77.00,VOTV 260040Z AUTO 2SM 25/24 A2985 RMK T02500240 IEM_DS3505,M
VOTV,2002-01-26 01:40,76.9500,8.4667,77.00,75.20,94.19,M,M,M,29.85,M,1.00,M,M,M,M,M,M,M,M,M,M,M,M,M,M,M,M,77.00,VOTV 260140Z AUTO 1SM 25/24 A2985 RMK T02500240 IEM_DS3505,M
VOTV,2002-01-26 07:40,76.9500,8.4667,86.00,75.20,70.27,270.00,10.00,M,29.85,M,M,M,M,M,M,M,M,M,M,M,M,M,M,M,M,M,M,95.19,VOTV 260740Z AUTO 27010KT 30/24 A2985 RMK T03000240 IEM_DS3505,M
VOTV,2002-01-26 08:40,76.9500,8.4667,86.00,66.20,51.72,270.00,10.00,M,29.80,M,5.00,M,M,M,M,M,M,M,M,M,M,M,M,M,M,M,M,88.39,VOTV 260840Z AUTO 27010KT 5SM 30/19 A2980 RMK T03000190 IEM_DS3505,M
VOTV,2002-01-26 09:40,76.9500,8.4667,84.20,66.20,54.80,270.00,6.00,M,29.80,M,5.00,M,M,M,M,M,M,M,M,M,M,M,M,M,M,M,M,86.50,VOTV 260940Z AUTO 27006KT 5SM 29/19 A2980 RMK T02900190 IEM_DS3505,M
VOTV,2002-01-26 17:40,76.9500,8.4667,78.80,66.20,65.33,M,M,M,29.85,M,2.00,M,M,M,M,M,M,M,M,M,M,M,M,M,M,M,M,78.80,VOTV 261740Z AUTO 2SM 26/19 A2985 RMK T02600190 IEM_DS3505,M
VOTV,2002-01-27 06:40,76.9500,8.4667,84.20,73.40,70.08,M,M,M,29.88,M,M,M,M,M,M,M,M,M,M,M,M,M,M,M,M,M,M,90.94,VOTV 270640Z AUTO 29/23 A2988 RMK T02900230 IEM_DS3505,M
VOTV,2002-01-27 09:40,76.9500,8.4667,82.40,73.40,74.28,270.00,4.00,M,29.80,M,5.00,M,M,M,M,M,M,M,M,M,M,M,M,M,M,M,M,88.26,VOTV 270940Z AUTO 27004KT 5SM 28/23 A2980 RMK T02800230 IEM_DS3505,M
VOTV,2002-01-27 11:40,76.9500,8.4667,82.40,73.40,74.28,M,M,M,29.80,M,5.00,M,M,M,M,M,M,M,M,M,M,M,M,M,M,M,M,88.26,VOTV 271140Z AUTO 5SM 28/23 A2980 RMK T02800230 IEM_DS3505,M
VOTV,2002-01-28 01:40,76.9500,8.4667,75.20,71.60,88.59,M,M,M,29.88,M,1.00,M,M,M,M,M,M,M,M,M,M,M,M,M,M,M,M,75.20,VOTV 280140Z AUTO 1SM 24/22 A2988 RMK T02400220 IEM_DS3505,M
VOTV,2002-01-28 03:40,76.9500,8.4667,77.00,73.40,88.67,M,M,M,29.91,M,1.00,M,M,M,M,M,M,M,M,M,M,M,M,M,M,M,M,77.00,VOTV 280340Z AUTO 1SM 25/23 A2991 RMK T02500230 IEM_DS3505,M
VOTV,2002-01-28 04:40,76.9500,8.4667,78.80,73.40,83.55,M,M,M,29.91,M,1.00,M,M,M,M,M,M,M,M,M,M,M,M,M,M,M,M,78.80,VOTV 280440Z AUTO 1SM 26/23 A2991 RMK T02600230 IEM_DS3505,M
VOTV,2002-01-28 05:40,76.9500,8.4667,80.60,73.40,78.76,M,M,M,29.91,M,1.25,M,M,M,M,M,M,M,M,M,M,M,M,M,M,M,M,85.32,VOTV 280540Z AUTO 1 1/4SM 27/23 A2991 RMK T02700230 IEM_DS3505,M
VOTV,2002-01-28 06:40,76.9500,8.4667,80.60,73.40,78.76,M,M,M,29.88,M,1.50,M,M,M,M,M,M,M,M,M,M,M,M,M,M,M,M,85.32,VOTV 280640Z AUTO 1 1/2SM 27/23 A2988 RMK T02700230 IEM_DS3505,M
VOTV,2002-01-28 07:40,76.9500,8.4667,80.60,73.40,78.76,M,M,M,29.85,M,1.50,M,M,M,M,M,M,M,M,M,M,M,M,M,M,M,M,85.32,VOTV 280740Z AUTO 1 1/2SM 27/23 A2985 RMK T02700230 IEM_DS3505,M
VOTV,2002-01-28 09:40,76.9500,8.4667,84.20,69.80,62.03,280.00,8.00,M,29.83,M,2.50,M,M,M,M,M,M,M,M,M,M,M,M,M,M,M,M,88.43,VOTV 280940Z AUTO 28008KT 2 1/2SM 29/21 A2983 RMK T02900210 IEM_DS3505,M
VOTV,2002-01-28 12:40,76.9500,8.4667,80.60,71.60,74.11,M,M,M,29.83,M,2.50,M,M,M,M,M,M,M,M,M,M,M,M,M,M,M,M,84.57,VOTV 281240Z AUTO 2 1/2SM 27/22 A2983 RMK T02700220 IEM_DS3505,M
VOTV,2002-01-28 13:40,76.9500,8.4667,80.60,71.60,74.11,M,M,M,29.85,M,2.50,M,M,M,M,M,M,M,M,M,M,M,M,M,M,M,M,84.57,VOTV 281340Z AUTO 2 1/2SM 27/22 A2985 RMK T02700220 IEM_DS3505,M
VOTV,2002-01-28 14:40,76.9500,8.4667,80.60,71.60,74.11,M,M,M,29.88,M,2.50,M,M,M,M,M,M,M,M,M,M,M,M,M,M,M,M,84.57,VOTV 281440Z AUTO 2 1/2SM 27/22 A2988 RMK T02700220 IEM_DS3505,M
VOTV,2002-01-28 15:40,76.9500,8.4667,78.80,71.60,78.62,M,M,M,29.88,M,2.50,M,M,M,M,M,M,M,M,M,M,M,M,M,M,M,M,78.80,VOTV 281540Z AUTO 2 1/2SM 26/22 A2988 RMK T02600220 IEM_DS3505,M
VOTV,2002-01-28 23:40,76.9500,8.4667,73.40,68.00,83.21,M,M,M,29.85,M,1.50,M,M,M,M,M,M,M,M,M,M,M,M,M,M,M,M,73.40,VOTV 282340Z AUTO 1 1/2SM 23/20 A2985 RMK T02300200 IEM_DS3505,M
VOTV,2002-01-29 00:40,76.9500,8.4667,73.40,68.00,83.21,M,M,M,29.88,M,1.50,M,M,M,M,M,M,M,M,M,M,M,M,M,M,M,M,73.40,VOTV 290040Z AUTO 1 1/2SM 23/20 A2988 RMK T02300200 IEM_DS3505,M
VOTV,2002-01-29 02:40,76.9500,8.4667,77.00,68.00,73.78,M,M,M,29.91,M,2.50,M,M,M,M,M,M,M,M,M,M,M,M,M,M,M,M,77.00,VOTV 290240Z AUTO 2 1/2SM 25/20 A2991 RMK T02500200 IEM_DS3505,M
VOTV,2002-01-29 03:40,76.9500,8.4667,82.40,69.80,65.74,350.00,5.00,M,29.91,M,M,M,M,M,M,M,M,M,M,M,M,M,M,M,M,M,M,86.22,VOTV 290340Z AUTO 35005KT 28/21 A2991 RMK T02800210 IEM_DS3505,M
VOTV,2002-01-29 05:40,76.9500,8.4667,86.00,66.20,51.72,290.00,10.00,M,29.91,M,5.00,M,M,M,M,M,M,M,M,M,M,M,M,M,M,M,M,88.39,VOTV 290540Z AUTO 29010KT 5SM 30/19 A2991 RMK T03000190 IEM_DS3505,M
VOTV,2002-01-29 06:40,76.9500,8.4667,86.00,69.80,58.55,300.00,10.00,M,29.88,M,7.00,M,M,M,M,M,M,M,M,M,M,M,M,M,M,M,M,90.58,VOTV 290640Z AUTO 30010KT 7SM 30/21 A2988 RMK T03000210 IEM_DS3505,M
VOTV,2002-01-29 08:40,76.9500,8.4667,84.20,69.80,62.03,300.00,8.00,M,29.83,M,7.00,18.00,M,M,M,M,M,M,M,M,M,M,M,M,M,M,M,88.43,VOTV 290840Z AUTO 30008G18KT 7SM 29/21 A2983 RMK T02900210 IEM_DS3505,M
VOTV,2002-01-29 09:40,76.9500,8.4667,84.20,69.80,62.03,290.00,8.00,M,29.80,M,7.00,18.00,M,M,M,M,M,M,M,M,M,M,M,M,M,M,M,88.43,VOTV 290940Z AUTO 29008G18KT 7SM 29/21 A2980 RMK T02900210 IEM_DS3505,M
VOTV,2002-01-29 10:40,76.9500,8.4667,84.20,69.80,62.03,300.00,8.00,M,29.80,M,7.00,18.00,M,M,M,M,M,M,M,M,M,M,M,M,M,M,M,88.43,VOTV 291040Z AUTO 30008G18KT 7SM 29/21 A2980 RMK T02900210 IEM_DS3505,M
VOTV,2002-01-29 11:40,76.9500,8.4667,M,M,M,310.00,14.00,M,M,M,7.00,M,M,M,M,M,M,M,M,M,M,M,M,M,M,M,M,M,VOTV 291140Z AUTO 31014KT 7SM RMK IEM_DS3505,M
VOTV,2002-01-29 12:40,76.9500,8.4667,M,M,M,300.00,6.00,M,M,M,4.00,M,M,M,M,M,M,M,M,M,M,M,M,M,M,M,M,M,VOTV 291240Z AUTO 30006KT 4SM RMK IEM_DS3505,M
VOTV,2002-01-29 13:40,76.9500,8.4667,M,M,M,300.00,12.00,M,M,M,4.00,M,M,M,M,M,M,M,M,M,M,M,M,M,M,M,M,M,VOTV 291340Z AUTO 30012KT 4SM RMK IEM_DS3505,M
VOTV,2002-01-29 14:40,76.9500,8.4667,80.60,71.60,74.11,300.00,5.00,M,29.88,M,2.50,M,M,M,M,M,M,M,M,M,M,M,M,M,M,M,M,84.57,VOTV 291440Z AUTO 30005KT 2 1/2SM 27/22 A2988 RMK T02700220 IEM_DS3505,M
VOTV,2002-01-29 16:40,76.9500,8.4667,77.00,69.80,78.48,M,M,M,29.91,M,2.50,M,M,M,M,M,M,M,M,M,M,M,M,M,M,M,M,77.00,VOTV 291640Z AUTO 2 1/2SM 25/21 A2991 RMK T02500210 IEM_DS3505,M
VOTV,2002-01-30 03:40,76.9500,8.4667,80.60,69.80,69.71,M,M,M,29.91,M,2.50,M,M,M,M,M,M,M,M,M,M,M,M,M,M,M,M,83.90,VOTV 300340Z AUTO 2 1/2SM 27/21 A2991 RMK T02700210 IEM_DS3505,M
VOTV,2002-01-30 04:40,76.9500,8.4667,84.20,69.80,62.03,M,M,M,29.91,M,M,M,M,M,M,M,M,M,M,M,M,M,M,M,M,M,M,88.43,VOTV 300440Z AUTO 29/21 A2991 RMK T02900210 IEM_DS3505,M
VOTV,2002-01-30 05:40,76.9500,8.4667,84.20,71.60,65.95,M,M,M,29.88,M,5.00,M,M,M,M,M,M,M,M,M,M,M,M,M,M,M,M,89.60,VOTV 300540Z AUTO 5SM 29/22 A2988 RMK T02900220 IEM_DS3505,M
VOTV,2002-01-30 06:40,76.9500,8.4667,84.20,71.60,65.95,M,M,M,29.88,M,5.00,M,M,M,M,M,M,M,M,M,M,M,M,M,M,M,M,89.60,VOTV 300640Z AUTO 5SM 29/22 A2988 RMK T02900220 IEM_DS3505,M
VOTV,2002-01-30 07:40,76.9500,8.4667,84.20,71.60,65.95,210.00,6.00,M,29.85,M,5.00,M,M,M,M,M,M,M,M,M,M,M,M,M,M,M,M,89.60,VOTV 300740Z AUTO 21006KT 5SM 29/22 A2985 RMK T02900220 IEM_DS3505,M
VOTV,2002-01-30 09:40,76.9500,8.4667,86.00,68.00,55.04,250.00,7.00,M,29.80,M,5.00,M,M,M,M,M,M,M,M,M,M,M,M,M,M,M,M,89.41,VOTV 300940Z AUTO 25007KT 5SM 30/20 A2980 RMK T03000200 IEM_DS3505,M
VOTV,2002-01-30 11:40,76.9500,8.4667,84.20,69.80,62.03,250.00,5.00,M,29.80,M,5.00,M,M,M,M,M,M,M,M,M,M,M,M,M,M,M,M,88.43,VOTV 301140Z AUTO 25005KT 5SM 29/21 A2980 RMK T02900210 IEM_DS3505,M
VOTV,2002-01-30 13:40,76.9500,8.4667,78.80,71.60,78.62,M,M,M,29.83,M,2.50,M,M,M,M,M,M,M,M,M,M,M,M,M,M,M,M,78.80,VOTV 301340Z AUTO 2 1/2SM 26/22 A2983 RMK T02600220 IEM_DS3505,M
VOTV,2002-01-30 14:40,76.9500,8.4667,78.80,71.60,78.62,M,M,M,29.85,M,2.50,M,M,M,M,M,M,M,M,M,M,M,M,M,M,M,M,78.80,VOTV 301440Z AUTO 2 1/2SM 26/22 A2985 RMK T02600220 IEM_DS3505,M
VOTV,2002-01-30 15:40,76.9500,8.4667,78.80,71.60,78.62,M,M,M,29.88,M,2.50,M,M,M,M,M,M,M,M,M,M,M,M,M,M,M,M,78.80,VOTV 301540Z AUTO 2 1/2SM 26/22 A2988 RMK T02600220 IEM_DS3505,M
VOTV,2002-01-31 00:40,76.9500,8.4667,75.20,69.80,83.32,M,M,M,29.83,M,1.50,M,M,M,M,M,M,M,M,M,M,M,M,M,M,M,M,75.20,VOTV 310040Z AUTO 1 1/2SM 24/21 A2983 RMK T02400210 IEM_DS3505,M
VOTV,2002-01-31 03:40,76.9500,8.4667,80.60,71.60,74.11,M,M,M,29.88,M,1.50,M,M,M,M,M,M,M,M,M,M,M,M,M,M,M,M,84.57,VOTV 310340Z AUTO 1 1/2SM 27/22 A2988 RMK T02700220 IEM_DS3505,M
VOTV,2002-01-31 04:40,76.9500,8.4667,84.20,71.60,65.95,M,M,M,29.88,M,2.00,M,M,M,M,M,M,M,M,M,M,M,M,M,M,M,M,89.60,VOTV 310440Z AUTO 2SM 29/22 A2988 RMK T02900220 IEM_DS3505,M
VOTV,2002-01-31 08:40,76.9500,8.4667,86.00,71.60,62.25,270.00,5.00,M,29.80,M,M,M,M,M,M,M,M,M,M,M,M,M,M,M,M,M,M,91.92,VOTV 310840Z AUTO 27005KT 30/22 A2980 RMK T03000220 IEM_DS3505,M
VOTV,2002-01-31 10:40,76.9500,8.4667,84.20,71.60,65.95,260.00,4.00,M,29.77,M,5.00,M,M,M,M,M,M,M,M,M,M,M,M,M,M,M,M,89.60,VOTV 311040Z AUTO 26004KT 5SM 29/22 A2977 RMK T02900220 IEM_DS3505,M
VOTV,2002-01-31 13:40,76.9500,8.4667,M,M,M,M,M,M,M,M,2.50,M,M,M,M,M,M,M,M,M,M,M,M,M,M,M,M,M,VOTV 311340Z AUTO 2 1/2SM RMK IEM_DS3505,M
VOTV,2002-01-31 14:40,76.9500,8.4667,M,M,M,M,M,M,M,M,2.50,M,M,M,M,M,M,M,M,M,M,M,M,M,M,M,M,M,VOTV 311440Z AUTO 2 1/2SM RMK IEM_DS3505,M
VOTV,2002-01-31 16:40,76.9500,8.4667,82.40,73.40,74.28,M,M,M,29.88,M,2.50,M,M,M,M,M,M,M,M,M,M,M,M,M,M,M,M,88.26,VOTV 311640Z AUTO 2 1/2SM 28/23 A2988 RMK T02800230 IEM_DS3505,M
VOTV,2002-01-31 23:40,76.9500,8.4667,77.00,73.40,88.67,M,M,M,29.83,M,2.00,M,M,M,M,M,M,M,M,M,M,M,M,M,M,M,M,77.00,VOTV 312340Z AUTO 2SM 25/23 A2983 RMK T02500230 IEM_DS3505,M
VOTV,2002-02-01 01:40,76.9500,8.4667,78.80,73.40,83.55,M,M,M,29.85,M,1.50,M,M,M,M,M,M,M,M,M,M,M,M,M,M,M,M,78.80,VOTV 010140Z AUTO 1 1/2SM 26/23 A2985 RMK T02600230 IEM_DS3505,M
VOTV,2002-02-01 05:40,76.9500,8.4667,82.40,73.40,74.28,360.00,4.00,M,29.91,M,2.50,M,M,M,M,M,M,M,M,M,M,M,M,M,M,M,M,88.26,VOTV 010540Z AUTO 36004KT 2 1/2SM 28/23 A2991 RMK T02800230 IEM_DS3505,M
VOTV,2002-02-01 06:40,76.9500,8.4667,78.80,73.40,83.55,M,M,M,29.85,M,2.50,M,M,M,M,M,M,M,M,M,M,M,M,M,M,M,M,78.80,VOTV 010640Z AUTO 2 1/2SM 26/23 A2985 RMK T02600230 IEM_DS3505,M
VOTV,2002-02-01 11:40,76.9500,8.4667,M,M,M,M,M,M,M,M,1.50,M,M,M,M,M,M,M,M,M,M,M,M,M,M,M,M,M,VOTV 011140Z AUTO 1 1/2SM RMK IEM_DS3505,M
VOTV,2002-02-01 12:40,76.9500,8.4667,M,M,M,330.00,5.00,M,M,M,1.50,M,M,M,M,M,M,M,M,M,M,M,M,M,M,M,M,M,VOTV 011240Z AUTO 33005KT 1 1/2SM RMK IEM_DS3505,M
VOTV,2002-02-01 13:40,76.9500,8.4667,M,M,M,330.00,3.00,M,M,M,1.50,M,M,M,M,M,M,M,M,M,M,M,M,M,M,M,M,M,VOTV 011340Z AUTO 33003KT 1 1/2SM RMK IEM_DS3505,M
VOTV,2002-02-01 14:40,76.9500,8.4667,M,M,M,M,M,M,M,M,1.50,M,M,M,M,M,M,M,M,M,M,M,M,M,M,M,M,M,VOTV 011440Z AUTO 1 1/2SM RMK IEM_DS3505,M
VOTV,2002-02-01 15:40,76.9500,8.4667,M,M,M,340.00,6.00,M,M,M,1.50,M,M,M,M,M,M,M,M,M,M,M,M,M,M,M,M,M,VOTV 011540Z AUTO 34006KT 1 1/2SM RMK IEM_DS3505,M
VOTV,2002-02-01 16:40,76.9500,8.4667,M,M,M,360.00,7.00,M,M,M,1.50,M,M,M,M,M,M,M,M,M,M,M,M,M,M,M,M,M,VOTV 011640Z AUTO 36007KT 1 1/2SM RMK IEM_DS3505,M
VOTV,2002-02-02 07:40,76.9500,8.4667,M,M,M,M,M,M,M,M,5.00,M,M,M,M,M,M,M,M,M,M,M,M,M,M,M,M,M,VOTV 020740Z AUTO 5SM RMK IEM_DS3505,M
VOTV,2002-02-02 11:40,76.9500,8.4667,M,M,M,M,M,M,M,M,4.00,M,M,M,M,M,M,M,M,M,M,M,M,M,M,M,M,M,VOTV 021140Z AUTO 4SM RMK IEM_DS3505,M
VOTV,2002-02-02 12:40,76.9500,8.4667,M,M,M,M,M,M,M,M,4.00,M,M,M,M,M,M,M,M,M,M,M,M,M,M,M,M,M,VOTV 021240Z AUTO 4SM RMK IEM_DS3505,M
VOTV,2002-02-02 13:40,76.9500,8.4667,80.60,73.40,78.76,M,M,M,29.85,M,2.50,M,M,M,M,M,M,M,M,M,M,M,M,M,M,M,M,85.32,VOTV 021340Z AUTO 2 1/2SM 27/23 A2985 RMK T02700230 IEM_DS3505,M
VOTV,2002-02-02 15:40,76.9500,8.4667,78.80,73.40,83.55,M,M,M,29.88,M,2.50,M,M,M,M,M,M,M,M,M,M,M,M,M,M,M,M,78.80,VOTV 021540Z AUTO 2 1/2SM 26/23 A2988 RMK T02600230 IEM_DS3505,M
VOTV,2002-02-02 16:40,76.9500,8.4667,77.00,73.40,88.67,M,M,M,29.88,M,2.50,M,M,M,M,M,M,M,M,M,M,M,M,M,M,M,M,77.00,VOTV 021640Z AUTO 2 1/2SM 25/23 A2988 RMK T02500230 IEM_DS3505,M
VOTV,2002-02-02 17:40,76.9500,8.4667,77.00,73.40,88.67,M,M,M,29.88,M,2.50,M,M,M,M,M,M,M,M,M,M,M,M,M,M,M,M,77.00,VOTV 021740Z AUTO 2 1/2SM 25/23 A2988 RMK T02500230 IEM_DS3505,M
VOTV,2002-02-02 23:40,76.9500,8.4667,77.00,71.60,83.44,M,M,M,29.83,M,2.00,M,M,M,M,M,M,M,M,M,M,M,M,M,M,M,M,77.00,VOTV 022340Z AUTO 2SM 25/22 A2983 RMK T02500220 IEM_DS3505,M
VOTV,2002-02-03 01:40,76.9500,8.4667,77.00,73.40,88.67,M,M,M,29.85,M,2.00,M,M,M,M,M,M,M,M,M,M,M,M,M,M,M,M,77.00,VOTV 030140Z AUTO 2SM 25/23 A2985 RMK T02500230 IEM_DS3505,M
VOTV,2002-02-03 03:40,76.9500,8.4667,78.80,73.40,83.55,M,M,M,29.88,M,2.00,M,M,M,M,M,M,M,M,M,M,M,M,M,M,M,M,78.80,VOTV 030340Z AUTO 2SM 26/23 A2988 RMK T02600230 IEM_DS3505,M
VOTV,2002-02-03 04:40,76.9500,8.4667,80.60,71.60,74.11,M,M,M,29.91,M,2.50,M,M,M,M,M,M,M,M,M,M,M,M,M,M,M,M,84.57,VOTV 030440Z AUTO 2 1/2SM 27/22 A2991 RMK T02700220 IEM_DS3505,M
VOTV,2002-02-03 07:40,76.9500,8.4667,82.40,69.80,65.74,M,M,M,29.83,M,M,M,M,M,M,M,M,M,M,M,M,M,M,M,M,M,M,86.22,VOTV 030740Z AUTO 28/21 A2983 RMK T02800210 IEM_DS3505,M
VOTV,2002-02-03 08:40,76.9500,8.4667,M,M,M,M,M,M,M,M,4.00,M,M,M,M,M,M,M,M,M,M,M,M,M,M,M,M,M,VOTV 030840Z AUTO 4SM RMK IEM_DS3505,M
VOTV,2002-02-03 11:40,76.9500,8.4667,82.40,69.80,65.74,M,M,M,29.77,M,M,M,M,M,M,M,M,M,M,M,M,M,M,M,M,M,M,86.22,VOTV 031140Z AUTO 28/21 A2977 RMK T02800210 IEM_DS3505,M
VOTV,2002-02-03 15:40,76.9500,8.4667,78.80,71.60,78.62,M,M,M,29.85,M,2.00,M,M,M,M,M,M,M,M,M,M,M,M,M,M,M,M,78.80,VOTV 031540Z AUTO 2SM 26/22 A2985 RMK T02600220 IEM_DS3505,M
VOTV,2002-02-04 00:40,76.9500,8.4667,75.20,69.80,83.32,M,M,M,29.80,M,1.50,M,M,M,M,M,M,M,M,M,M,M,M,M,M,M,M,75.20,VOTV 040040Z AUTO 1 1/2SM 24/21 A2980 RMK T02400210 IEM_DS3505,M
VOTV,2002-02-04 01:40,76.9500,8.4667,75.20,69.80,83.32,M,M,M,29.83,M,1.25,M,M,M,M,M,M,M,M,M,M,M,M,M,M,M,M,75.20,VOTV 040140Z AUTO 1 1/4SM 24/21 A2983 RMK T02400210 IEM_DS3505,M
VOTV,2002-02-04 02:40,76.9500,8.4667,77.00,71.60,83.44,M,M,M,29.85,M,1.25,M,M,M,M,M,M,M,M,M,M,M,M,M,M,M,M,77.00,VOTV 040240Z AUTO 1 1/4SM 25/22 A2985 RMK T02500220 IEM_DS3505,M
VOTV,2002-02-04 04:40,76.9500,8.4667,M,M,M,M,M,M,M,M,4.00,M,M,M,M,M,M,M,M,M,M,M,M,M,M,M,M,M,VOTV 040440Z AUTO 4SM RMK IEM_DS3505,M
VOTV,2002-02-04 06:40,76.9500,8.4667,M,M,M,270.00,4.00,M,M,M,4.00,M,M,M,M,M,M,M,M,M,M,M,M,M,M,M,M,M,VOTV 040640Z AUTO 27004KT 4SM RMK IEM_DS3505,M
VOTV,2002-02-04 07:40,76.9500,8.4667,M,M,M,260.00,6.00,M,M,M,4.00,M,M,M,M,M,M,M,M,M,M,M,M,M,M,M,M,M,VOTV 040740Z AUTO 26006KT 4SM RMK IEM_DS3505,M
VOTV,2002-02-04 08:40,76.9500,8.4667,86.00,71.60,62.25,250.00,6.00,M,29.80,M,M,M,M,M,M,M,M,M,M,M,M,M,M,M,M,M,M,91.92,VOTV 040840Z AUTO 25006KT 30/22 A2980 RMK T03000220 IEM_DS3505,M
VOTV,2002-02-04 09:40,76.9500,8.4667,M,M,M,220.00,4.00,M,M,M,4.00,M,M,M,M,M,M,M,M,M,M,M,M,M,M,M,M,M,VOTV 040940Z AUTO 22004KT 4SM RMK IEM_DS3505,M
VOTV,2002-02-04 10:40,76.9500,8.4667,M,M,M,M,M,M,M,M,4.00,M,M,M,M,M,M,M,M,M,M,M,M,M,M,M,M,M,VOTV 041040Z AUTO 4SM RMK IEM_DS3505,M
VOTV,2002-02-04 11:40,76.9500,8.4667,82.40,73.40,74.28,M,M,M,29.77,M,4.00,M,M,M,M,M,M,M,M,M,M,M,M,M,M,M,M,88.26,VOTV 041140Z AUTO 4SM 28/23 A2977 RMK T02800230 IEM_DS3505,M
VOTV,2002-02-04 12:40,76.9500,8.4667,82.40,73.40,74.28,M,M,M,29.77,M,4.00,M,M,M,M,M,M,M,M,M,M,M,M,M,M,M,M,88.26,VOTV 041240Z AUTO 4SM 28/23 A2977 RMK T02800230 IEM_DS3505,M
VOTV,2002-02-05 00:40,76.9500,8.4667,M,M,M,M,M,M,29.83,M,1.00,M,M,M,M,M,M,M,M,M,M,M,M,M,M,M,M,M,VOTV 050040Z AUTO 1SM A2983 RMK IEM_DS3505,M
VOTV,2002-02-05 01:40,76.9500,8.4667,75.20,69.80,83.32,M,M,M,29.85,M,1.00,M,M,M,M,M,M,M,M,M,M,M,M,M,M,M,M,75.20,VOTV 050140Z AUTO 1SM 24/21 A2985 RMK T02400210 IEM_DS3505,M
VOTV,2002-02-05 06:40,76.9500,8.4667,M,M,M,M,M,M,M,M,5.00,M,M,M,M,M,M,M,M,M,M,M,M,M,M,M,M,M,VOTV 050640Z AUTO 5SM RMK IEM_DS3505,M
VOTV,2002-02-05 08:40,76.9500,8.4667,84.20,73.40,70.08,M,M,M,29.83,M,5.00,M,M,M,M,M,M,M,M,M,M,M,M,M,M,M,M,90.94,VOTV 050840Z AUTO 5SM 29/23 A2983 RMK T02900230 IEM_DS3505,M
VOTV,2002-02-05 11:40,76.9500,8.4667,84.20,73.40,70.08,M,M,M,29.80,M,5.00,M,M,M,M,M,M,M,M,M,M,M,M,M,M,M,M,90.94,VOTV 051140Z AUTO 5SM 29/23 A2980 RMK T02900230 IEM_DS3505,M
VOTV,2002-02-05 12:40,76.9500,8.4667,82.40,73.40,74.28,M,M,M,29.80,M,4.00,M,M,M,M,M,M,M,M,M,M,M,M,M,M,M,M,88.26,VOTV 051240Z AUTO 4SM 28/23 A2980 RMK T02800230 IEM_DS3505,M
VOTV,2002-02-05 13:40,76.9500,8.4667,82.40,73.40,74.28,M,M,M,29.80,M,2.50,M,M,M,M,M,M,M,M,M,M,M,M,M,M,M,M,88.26,VOTV 051340Z AUTO 2 1/2SM 28/23 A2980 RMK T02800230 IEM_DS3505,M
VOTV,2002-02-05 14:40,76.9500,8.4667,80.60,73.40,78.76,0.00,0.00,M,29.83,M,2.50,M,M,M,M,M,M,M,M,M,M,M,M,M,M,M,M,85.32,VOTV 051440Z AUTO 00000KT 2 1/2SM 27/23 A2983 RMK T02700230 IEM_DS3505,M
VOTV,2002-02-06 02:40,76.9500,8.4667,82.40,68.00,61.81,0.00,0.00,M,29.85,M,1.50,M,M,M,M,M,M,M,M,M,M,M,M,M,M,M,M,85.38,VOTV 060240Z AUTO 00000KT 1 1/2SM 28/20 A2985 RMK T02800200 IEM_DS3505,M
VOTV,2002-02-06 03:40,76.9500,8.4667,84.20,73.40,70.08,0.00,0.00,M,29.88,M,2.50,M,M,M,M,M,M,M,M,M,M,M,M,M,M,M,M,90.94,VOTV 060340Z AUTO 00000KT 2 1/2SM 29/23 A2988 RMK T02900230 IEM_DS3505,M
VOTV,2002-02-06 04:40,76.9500,8.4667,84.20,71.60,65.95,0.00,0.00,M,29.91,M,M,M,M,M,M,M,M,M,M,M,M,M,M,M,M,M,M,89.60,VOTV 060440Z AUTO 00000KT 29/22 A2991 RMK T02900220 IEM_DS3505,M
VOTV,2002-02-06 06:40,76.9500,8.4667,86.00,69.80,58.55,220.00,4.00,M,29.85,M,5.00,M,M,M,M,M,M,M,M,M,M,M,M,M,M,M,M,90.58,VOTV 060640Z AUTO 22004KT 5SM 30/21 A2985 RMK T03000210 IEM_DS3505,M
VOTV,2002-02-06 09:40,76.9500,8.4667,84.20,71.60,65.95,230.00,5.00,M,29.80,M,7.00,M,M,M,M,M,M,M,M,M,M,M,M,M,M,M,M,89.60,VOTV 060940Z AUTO 23005KT 7SM 29/22 A2980 RMK T02900220 IEM_DS3505,M
VOTV,2002-02-06 11:40,76.9500,8.4667,84.20,73.40,70.08,M,M,M,29.80,M,5.00,M,M,M,M,M,M,M,M,M,M,M,M,M,M,M,M,90.94,VOTV 061140Z AUTO 5SM 29/23 A2980 RMK T02900230 IEM_DS3505,M
VOTV,2002-02-06 14:40,76.9500,8.4667,82.40,73.40,74.28,0.00,0.00,M,29.85,M,2.50,M,M,M,M,M,M,M,M,M,M,M,M,M,M,M,M,88.26,VOTV 061440Z AUTO 00000KT 2 1/2SM 28/23 A2985 RMK T02800230 IEM_DS3505,M
VOTV,2002-02-07 02:40,76.9500,8.4667,80.60,73.40,78.76,M,M,M,29.88,M,2.00,M,M,M,M,M,M,M,M,M,M,M,M,M,M,M,M,85.32,VOTV 070240Z AUTO 2SM 27/23 A2988 RMK T02700230 IEM_DS3505,M
VOTV,2002-02-07 04:40,76.9500,8.4667,84.20,73.40,70.08,M,M,M,29.91,M,M,M,M,M,M,M,M,M,M,M,M,M,M,M,M,M,M,90.94,VOTV 070440Z AUTO 29/23 A2991 RMK T02900230 IEM_DS3505,M
VOTV,2002-02-07 05:40,76.9500,8.4667,86.00,73.40,66.15,M,M,M,29.88,M,M,M,M,M,M,M,M,M,M,M,M,M,M,M,M,M,M,93.45,VOTV 070540Z AUTO 30/23 A2988 RMK T03000230 IEM_DS3505,M
VOTV,2002-02-07 06:40,76.9500,8.4667,86.00,73.40,66.15,220.00,8.00,M,29.88,M,5.00,M,M,M,M,M,M,M,M,M,M,M,M,M,M,M,M,93.45,VOTV 070640Z AUTO 22008KT 5SM 30/23 A2988 RMK T03000230 IEM_DS3505,M
VOTV,2002-02-07 07:40,76.9500,8.4667,84.20,73.40,70.08,270.00,4.00,M,29.85,M,7.00,M,M,M,M,M,M,M,M,M,M,M,M,M,M,M,M,90.94,VOTV 070740Z AUTO 27004KT 7SM 29/23 A2985 RMK T02900230 IEM_DS3505,M
VOTV,2002-02-07 08:40,76.9500,8.4667,86.00,73.40,66.15,0.00,0.00,M,29.80,M,7.00,M,M,M,M,M,M,M,M,M,M,M,M,M,M,M,M,93.45,VOTV 070840Z AUTO 00000KT 7SM 30/23 A2980 RMK T03000230 IEM_DS3505,M
VOTV,2002-02-07 11:40,76.9500,8.4667,M,M,M,150.00,4.00,M,M,M,7.00,M,M,M,M,M,M,M,M,M,M,M,M,M,M,M,M,M,VOTV 071140Z AUTO 15004KT 7SM RMK IEM_DS3505,M
VOTV,2002-02-07 12:40,76.9500,8.4667,82.40,73.40,74.28,0.00,0.00,M,29.83,M,5.00,M,M,M,M,M,M,M,M,M,M,M,M,M,M,M,M,88.26,VOTV 071240Z AUTO 00000KT 5SM 28/23 A2983 RMK T02800230 IEM_DS3505,M
VOTV,2002-02-07 15:40,76.9500,8.4667,M,M,M,M,M,M,M,M,4.00,M,M,M,M,M,M,M,M,M,M,M,M,M,M,M,M,M,VOTV 071540Z AUTO 4SM RMK IEM_DS3505,M
VOTV,2002-02-08 02:40,76.9500,8.4667,80.60,73.40,78.76,0.00,0.00,M,29.85,M,1.50,M,M,M,M,M,M,M,M,M,M,M,M,M,M,M,M,85.32,VOTV 080240Z AUTO 00000KT 1 1/2SM 27/23 A2985 RMK T02700230 IEM_DS3505,M
VOTV,2002-02-08 05:40,76.9500,8.4667,86.00,73.40,66.15,0.00,0.00,M,29.88,M,5.00,M,M,M,M,M,M,M,M,M,M,M,M,M,M,M,M,93.45,VOTV 080540Z AUTO 00000KT 5SM 30/23 A2988 RMK T03000230 IEM_DS3505,M
VOTV,2002-02-08 06:40,76.9500,8.4667,86.00,73.40,66.15,180.00,4.00,M,29.85,M,7.00,M,M,M,M,M,M,M,M,M,M,M,M,M,M,M,M,93.45,VOTV 080640Z AUTO 18004KT 7SM 30/23 A2985 RMK T03000230 IEM_DS3505,M
VOTV,2002-02-08 12:40,76.9500,8.4667,82.40,73.40,74.28,0.00,0.00,M,29.80,M,5.00,M,M,M,M,M,M,M,M,M,M,M,M,M,M,M,M,88.26,VOTV 081240Z AUTO 00000KT 5SM 28/23 A2980 RMK T02800230 IEM_DS3505,M
VOTV,2002-02-08 13:40,76.9500,8.4667,82.40,73.40,74.28,0.00,0.00,M,29.80,M,4.00,M,M,M,M,M,M,M,M,M,M,M,M,M,M,M,M,88.26,VOTV 081340Z AUTO 00000KT 4SM 28/23 A2980 RMK T02800230 IEM_DS3505,M
VOTV,2002-02-08 14:40,76.9500,8.4667,80.60,73.40,78.76,0.00,0.00,M,29.83,M,2.50,M,M,M,M,M,M,M,M,M,M,M,M,M,M,M,M,85.32,VOTV 081440Z AUTO 00000KT 2 1/2SM 27/23 A2983 RMK T02700230 IEM_DS3505,M
VOTV,2002-02-08 15:40,76.9500,8.4667,78.80,73.40,83.55,0.00,0.00,M,29.85,M,2.50,M,M,M,M,M,M,M,M,M,M,M,M,M,M,M,M,82.03,VOTV 081540Z AUTO 00000KT 2 1/2SM 26/23 A2985 RMK T02600230 IEM_DS3505,M
VOTV,2002-02-08 21:40,76.9500,8.4667,75.20,71.60,88.59,0.00,0.00,M,29.83,M,2.00,M,M,M,M,M,M,M,M,M,M,M,M,M,M,M,M,76.58,VOTV 082140Z AUTO 00000KT 2SM 24/22 A2983 RMK T02400220 IEM_DS3505,M
VOTV,2002-02-08 23:40,76.9500,8.4667,75.20,71.60,88.59,0.00,0.00,M,29.83,M,2.00,M,M,M,M,M,M,M,M,M,M,M,M,M,M,M,M,76.58,VOTV 082340Z AUTO 00000KT 2SM 24/22 A2983 RMK T02400220 IEM_DS3505,M
VOTV,2002-02-09 02:40,76.9500,8.4667,78.80,69.80,73.95,M,M,M,29.88,M,2.00,M,M,M,M,M,M,M,M,M,M,M,M,M,M,M,M,78.80,VOTV 090240Z AUTO 2SM 26/21 A2988 RMK T02600210 IEM_DS3505,M
VOTV,2002-02-09 06:40,76.9500,8.4667,86.00,69.80,58.55,0.00,0.00,M,29.85,M,5.00,M,M,M,M,M,M,M,M,M,M,M,M,M,M,M,M,90.58,VOTV 090640Z AUTO 00000KT 5SM 30/21 A2985 RMK T03000210 IEM_DS3505,M
VOTV,2002-02-09 09:40,76.9500,8.4667,87.80,66.20,48.84,0.00,0.00,M,29.77,M,7.00,M,M,M,M,M,M,M,M,M,M,M,M,M,M,M,M,90.31,VOTV 090940Z AUTO 00000KT 7SM 31/19 A2977 RMK T03100190 IEM_DS3505,M
VOTV,2002-02-09 11:40,76.9500,8.4667,86.00,68.00,55.04,0.00,0.00,M,29.77,M,7.00,M,M,M,M,M,M,M,M,M,M,M,M,M,M,M,M,89.41,VOTV 091140Z AUTO 00000KT 7SM 30/20 A2977 RMK T03000200 IEM_DS3505,M
VOTV,2002-02-09 12:40,76.9500,8.4667,84.20,68.00,58.32,0.00,0.00,M,29.80,M,M,M,M,M,M,M,M,M,M,M,M,M,M,M,M,M,M,87.40,VOTV 091240Z AUTO 00000KT 29/20 A2980 RMK T02900200 IEM_DS3505,M
VOTV,2002-02-10 00:40,76.9500,8.4667,71.60,69.80,94.06,M,M,M,M,M,1.25,M,M,M,M,M,M,M,M,M,M,M,M,M,M,M,M,71.60,VOTV 100040Z AUTO 1 1/4SM 22/21 RMK T02200210 IEM_DS3505,M
VOTV,2002-02-10 01:40,76.9500,8.4667,M,M,M,M,M,M,M,M,1.25,M,M,M,M,M,M,M,M,M,M,M,M,M,M,M,M,M,VOTV 100140Z AUTO 1 1/4SM RMK IEM_DS3505,M
VOTV,2002-02-10 03:40,76.9500,8.4667,82.40,68.00,61.81,M,M,M,29.91,M,M,M,M,M,M,M,M,M,M,M,M,M,M,M,M,M,M,85.38,VOTV 100340Z AUTO 28/20 A2991 RMK T02800200 IEM_DS3505,M
VOTV,2002-02-10 04:40,76.9500,8.4667,84.20,68.00,58.32,M,M,M,29.88,M,5.00,M,M,M,M,M,M,M,M,M,M,M,M,M,M,M,M,87.40,VOTV 100440Z AUTO 5SM 29/20 A2988 RMK T02900200 IEM_DS3505,M
VOTV,2002-02-10 08:40,76.9500,8.4667,86.00,71.60,62.25,220.00,3.00,M,29.80,M,7.00,M,M,M,M,M,M,M,M,M,M,M,M,M,M,M,M,91.92,VOTV 100840Z AUTO 22003KT 7SM 30/22 A2980 RMK T03000220 IEM_DS3505,M
VOTV,2002-02-10 09:40,76.9500,8.4667,86.00,71.60,62.25,230.00,3.00,M,29.77,M,7.00,M,M,M,M,M,M,M,M,M,M,M,M,M,M,M,M,91.92,VOTV 100940Z AUTO 23003KT 7SM 30/22 A2977 RMK T03000220 IEM_DS3505,M
VOTV,2002-02-10 12:40,76.9500,8.4667,84.20,71.60,65.95,M,M,M,29.80,M,5.00,M,M,M,M,M,M,M,M,M,M,M,M,M,M,M,M,89.60,VOTV 101240Z AUTO 5SM 29/22 A2980 RMK T02900220 IEM_DS3505,M
VOTV,2002-02-10 14:40,76.9500,8.4667,80.60,71.60,74.11,0.00,0.00,M,29.85,M,4.00,M,M,M,M,M,M,M,M,M,M,M,M,M,M,M,M,84.57,VOTV 101440Z AUTO 00000KT 4SM 27/22 A2985 RMK T02700220 IEM_DS3505,M
VOTV,2002-02-10 15:40,76.9500,8.4667,80.60,71.60,74.11,0.00,0.00,M,29.88,M,4.00,M,M,M,M,M,M,M,M,M,M,M,M,M,M,M,M,84.57,VOTV 101540Z AUTO 00000KT 4SM 27/22 A2988 RMK T02700220 IEM_DS3505,M
VOTV,2002-02-10 17:40,76.9500,8.4667,78.80,73.40,83.55,0.00,0.00,M,29.88,M,4.00,M,M,M,M,M,M,M,M,M,M,M,M,M,M,M,M,82.03,VOTV 101740Z AUTO 00000KT 4SM 26/23 A2988 RMK T02600230 IEM_DS3505,M
VOTV,2002-02-10 23:40,76.9500,8.4667,73.40,68.00,83.21,0.00,0.00,M,29.83,M,2.00,M,M,M,M,M,M,M,M,M,M,M,M,M,M,M,M,73.40,VOTV 102340Z AUTO 00000KT 2SM 23/20 A2983 RMK T02300200 IEM_DS3505,M
VOTV,2002-02-11 01:40,76.9500,8.4667,73.40,71.60,94.10,0.00,0.00,M,29.85,M,1.25,M,M,M,M,M,M,M,M,M,M,M,M,M,M,M,M,74.86,VOTV 110140Z AUTO 00000KT 1 1/4SM 23/22 A2985 RMK T02300220 IEM_DS3505,M
VOTV,2002-02-11 04:40,76.9500,8.4667,84.20,71.60,65.95,0.00,0.00,M,29.91,M,M,M,M,M,M,M,M,M,M,M,M,M,M,M,M,M,M,89.60,VOTV 110440Z AUTO 00000KT 29/22 A2991 RMK T02900220 IEM_DS3505,M
VOTV,2002-02-11 06:40,76.9500,8.4667,84.20,71.60,65.95,180.00,5.00,M,29.88,M,7.00,M,M,M,M,M,M,M,M,M,M,M,M,M,M,M,M,89.60,VOTV 110640Z AUTO 18005KT 7SM 29/22 A2988 RMK T02900220 IEM_DS3505,M
VOTV,2002-02-11 08:40,76.9500,8.4667,86.00,71.60,62.25,210.00,6.00,M,29.83,M,7.00,M,M,M,M,M,M,M,M,M,M,M,M,M,M,M,M,91.92,VOTV 110840Z AUTO 21006KT 7SM 30/22 A2983 RMK T03000220 IEM_DS3505,M
VOTV,2002-02-11 22:40,76.9500,8.4667,77.00,73.40,88.67,M,M,M,29.83,M,2.00,M,M,M,M,M,M,M,M,M,M,M,M,M,M,M,M,77.00,VOTV 112240Z AUTO 2SM 25/23 A2983 RMK T02500230 IEM_DS3505,M
VOTV,2002-02-11 23:40,76.9500,8.4667,75.20,71.60,88.59,M,M,M,29.83,M,1.25,M,M,M,M,M,M,M,M,M,M,M,M,M,M,M,M,75.20,VOTV 112340Z AUTO 1 1/4SM 24/22 A2983 RMK T02400220 IEM_DS3505,M
VOTV,2002-02-12 00:40,76.9500,8.4667,75.20,71.60,88.59,M,M,M,29.85,M,1.25,M,M,M,M,M,M,M,M,M,M,M,M,M,M,M,M,75.20,VOTV 120040Z AUTO 1 1/4SM 24/22 A2985 RMK T02400220 IEM_DS3505,M
VOTV,2002-02-12 01:40,76.9500,8.4667,75.20,73.40,94.14,0.00,0.00,M,29.88,M,1.00,M,M,M,M,M,M,M,M,M,M,M,M,M,M,M,M,76.84,VOTV 120140Z AUTO 00000KT 1SM 24/23 A2988 RMK T02400230 IEM_DS3505,M
VOTV,2002-02-12 04:40,76.9500,8.4667,84.20,73.40,70.08,0.00,0.00,M,29.91,M,5.00,M,M,M,M,M,M,M,M,M,M,M,M,M,M,M,M,90.94,VOTV 120440Z AUTO 00000KT 5SM 29/23 A2991 RMK T02900230 IEM_DS3505,M
VOTV,2002-02-12 06:40,76.9500,8.4667,86.00,71.60,62.25,180.00,3.00,M,29.88,M,7.00,M,M,M,M,M,M,M,M,M,M,M,M,M,M,M,M,91.92,VOTV 120640Z AUTO 18003KT 7SM 30/22 A2988 RMK T03000220 IEM_DS3505,M
VOTV,2002-02-12 07:40,76.9500,8.4667,86.00,71.60,62.25,230.00,4.00,M,29.85,M,7.00,M,M,M,M,M,M,M,M,M,M,M,M,M,M,M,M,91.92,VOTV 120740Z AUTO 23004KT 7SM 30/22 A2985 RMK T03000220 IEM_DS3505,M
VOTV,2002-02-12 10:40,76.9500,8.4667,86.00,71.60,62.25,280.00,4.00,M,29.83,M,7.00,M,M,M,M,M,M,M,M,M,M,M,M,M,M,M,M,91.92,VOTV 121040Z AUTO 28004KT 7SM 30/22 A2983 RMK T03000220 IEM_DS3505,M
VOTV,2002-02-12 11:40,76.9500,8.4667,86.00,71.60,62.25,0.00,0.00,M,29.83,M,7.00,M,M,M,M,M,M,M,M,M,M,M,M,M,M,M,M,91.92,VOTV 121140Z AUTO 00000KT 7SM 30/22 A2983 RMK T03000220 IEM_DS3505,M
VOTV,2002-02-12 12:40,76.9500,8.4667,84.20,73.40,70.08,0.00,0.00,M,29.83,M,5.00,M,M,M,M,M,M,M,M,M,M,M,M,M,M,M,M,90.94,VOTV 121240Z AUTO 00000KT 5SM 29/23 A2983 RMK T02900230 IEM_DS3505,M
VOTV,2002-02-12 23:40,76.9500,8.4667,77.00,71.60,83.44,M,M,M,29.85,M,2.00,M,M,M,M,M,M,M,M,M,M,M,M,M,M,M,M,77.00,VOTV 122340Z AUTO 2SM 25/22 A2985 RMK T02500220 IEM_DS3505,M
VOTV,2002-02-13 04:40,76.9500,8.4667,87.80,69.80,55.29,0.00,0.00,M,29.91,M,M,M,M,M,M,M,M,M,M,M,M,M,M,M,M,M,M,92.71,VOTV 130440Z AUTO 00000KT 31/21 A2991 RMK T03100210 IEM_DS3505,M
VOTV,2002-02-13 06:40,76.9500,8.4667,86.00,68.00,55.04,210.00,4.00,M,29.88,M,7.00,M,M,M,M,M,M,M,M,M,M,M,M,M,M,M,M,89.41,VOTV 130640Z AUTO 21004KT 7SM 30/20 A2988 RMK T03000200 IEM_DS3505,M
VOTV,2002-02-13 07:40,76.9500,8.4667,86.00,68.00,55.04,220.00,9.00,M,29.85,M,7.00,M,M,M,M,M,M,M,M,M,M,M,M,M,M,M,M,89.41,VOTV 130740Z AUTO 22009KT 7SM 30/20 A2985 RMK T03000200 IEM_DS3505,M
VOTV,2002-02-13 08:40,76.9500,8.4667,87.80,68.00,51.98,230.00,7.00,M,29.83,M,7.00,M,M,M,M,M,M,M,M,M,M,M,M,M,M,M,M,91.43,VOTV 130840Z AUTO 23007KT 7SM 31/20 A2983 RMK T03100200 IEM_DS3505,M
VOTV,2002-02-13 09:40,76.9500,8.4667,89.60,68.00,49.10,230.00,3.00,M,29.80,M,7.00,M,M,M,M,M,M,M,M,M,M,M,M,M,M,M,M,93.47,VOTV 130940Z AUTO 23003KT 7SM 32/20 A2980 RMK T03200200 IEM_DS3505,M
VOTV,2002-02-13 10:40,76.9500,8.4667,87.80,68.00,51.98,0.00,0.00,M,29.80,M,7.00,M,M,M,M,M,M,M,M,M,M,M,M,M,M,M,M,91.43,VOTV 131040Z AUTO 00000KT 7SM 31/20 A2980 RMK T03100200 IEM_DS3505,M
VOTV,2002-02-13 12:40,76.9500,8.4667,86.00,71.60,62.25,M,M,M,29.80,M,M,M,M,M,M,M,M,M,M,M,M,M,M,M,M,M,M,91.92,VOTV 131240Z AUTO 30/22 A2980 RMK T03000220 IEM_DS3505,M
VOTV,2002-02-13 13:40,76.9500,8.4667,82.40,71.60,69.90,0.00,0.00,M,29.83,M,M,M,M,M,M,M,M,M,M,M,M,M,M,M,M,M,M,87.18,VOTV 131340Z AUTO 00000KT 28/22 A2983 RMK T02800220 IEM_DS3505,M
VOTV,2002-02-13 15:40,76.9500,8.4667,80.60,71.60,74.11,0.00,0.00,M,29.85,M,2.50,M,M,M,M,M,M,M,M,M,M,M,M,M,M,M,M,84.57,VOTV 131540Z AUTO 00000KT 2 1/2SM 27/22 A2985 RMK T02700220 IEM_DS3505,M
VOTV,2002-02-14 01:40,76.9500,8.4667,75.20,71.60,88.59,0.00,0.00,M,29.88,M,1.00,M,M,M,M,M,M,M,M,M,M,M,M,M,M,M,M,76.58,VOTV 140140Z AUTO 00000KT 1SM 24/22 A2988 RMK T02400220 IEM_DS3505,M
VOTV,2002-02-14 02:40,76.9500,8.4667,78.80,73.40,83.55,0.00,0.00,M,29.88,M,1.25,M,M,M,M,M,M,M,M,M,M,M,M,M,M,M,M,82.03,VOTV 140240Z AUTO 00000KT 1 1/4SM 26/23 A2988 RMK T02600230 IEM_DS3505,M
VOTV,2002-02-14 03:40,76.9500,8.4667,84.20,71.60,65.95,0.00,0.00,M,29.91,M,2.00,M,M,M,M,M,M,M,M,M,M,M,M,M,M,M,M,89.60,VOTV 140340Z AUTO 00000KT 2SM 29/22 A2991 RMK T02900220 IEM_DS3505,M
VOTV,2002-02-14 04:40,76.9500,8.4667,86.00,69.80,58.55,0.00,0.00,M,29.91,M,M,M,M,M,M,M,M,M,M,M,M,M,M,M,M,M,M,90.58,VOTV 140440Z AUTO 00000KT 30/21 A2991 RMK T03000210 IEM_DS3505,M
VOTV,2002-02-14 06:40,76.9500,8.4667,86.00,69.80,58.55,220.00,6.00,M,29.88,M,5.00,M,M,M,M,M,M,M,M,M,M,M,M,M,M,M,M,90.58,VOTV 140640Z AUTO 22006KT 5SM 30/21 A2988 RMK T03000210 IEM_DS3505,M
VOTV,2002-02-14 08:40,76.9500,8.4667,87.80,73.40,62.47,240.00,5.00,M,29.83,M,7.00,M,M,M,M,M,M,M,M,M,M,M,M,M,M,M,M,95.86,VOTV 140840Z AUTO 24005KT 7SM 31/23 A2983 RMK T03100230 IEM_DS3505,M
VOTV,2002-02-14 11:40,76.9500,8.4667,87.80,71.60,58.78,280.00,4.00,M,29.83,M,7.00,M,M,M,M,M,M,M,M,M,M,M,M,M,M,M,M,94.18,VOTV 141140Z AUTO 28004KT 7SM 31/22 A2983 RMK T03100220 IEM_DS3505,M
VOTV,2002-02-14 12:40,76.9500,8.4667,84.20,69.80,62.03,270.00,3.00,M,29.83,M,5.00,M,M,M,M,M,M,M,M,M,M,M,M,M,M,M,M,88.43,VOTV 141240Z AUTO 27003KT 5SM 29/21 A2983 RMK T02900210 IEM_DS3505,M
VOTV,2002-02-14 14:40,76.9500,8.4667,82.40,73.40,74.28,0.00,0.00,M,29.88,M,2.50,M,M,M,M,M,M,M,M,M,M,M,M,M,M,M,M,88.26,VOTV 141440Z AUTO 00000KT 2 1/2SM 28/23 A2988 RMK T02800230 IEM_DS3505,M
VOTV,2002-02-14 15:40,76.9500,8.4667,82.40,73.40,74.28,0.00,0.00,M,29.91,M,2.50,M,M,M,M,M,M,M,M,M,M,M,M,M,M,M,M,88.26,VOTV 141540Z AUTO 00000KT 2 1/2SM 28/23 A2991 RMK T02800230 IEM_DS3505,M
VOTV,2002-02-15 02:40,76.9500,8.4667,80.60,71.60,74.11,0.00,0.00,M,29.94,M,1.25,M,M,M,M,M,M,M,M,M,M,M,M,M,M,M,M,84.57,VOTV 150240Z AUTO 00000KT 1 1/4SM 27/22 A2994 RMK T02700220 IEM_DS3505,M
VOTV,2002-02-15 05:40,76.9500,8.4667,86.00,71.60,62.25,230.00,2.00,M,29.91,M,7.00,M,M,M,M,M,M,M,M,M,M,M,M,M,M,M,M,91.92,VOTV 150540Z AUTO 23002KT 7SM 30/22 A2991 RMK T03000220 IEM_DS3505,M
VOTV,2002-02-15 06:40,76.9500,8.4667,86.00,71.60,62.25,250.00,3.00,M,29.88,M,7.00,M,M,M,M,M,M,M,M,M,M,M,M,M,M,M,M,91.92,VOTV 150640Z AUTO 25003KT 7SM 30/22 A2988 RMK T03000220 IEM_DS3505,M
VOTV,2002-02-15 08:40,76.9500,8.4667,87.80,73.40,62.47,290.00,3.00,M,29.83,M,7.00,M,M,M,M,M,M,M,M,M,M,M,M,M,M,M,M,95.86,VOTV 150840Z AUTO 29003KT 7SM 31/23 A2983 RMK T03100230 IEM_DS3505,M
VOTV,2002-02-15 15:40,76.9500,8.4667,82.40,71.60,69.90,M,M,M,29.91,M,2.50,M,M,M,M,M,M,M,M,M,M,M,M,M,M,M,M,87.18,VOTV 151540Z AUTO 2 1/2SM 28/22 A2991 RMK T02800220 IEM_DS3505,M
VOTV,2002-02-15 16:40,76.9500,8.4667,82.40,71.60,69.90,M,M,M,29.91,M,2.50,M,M,M,M,M,M,M,M,M,M,M,M,M,M,M,M,87.18,VOTV 151640Z AUTO 2 1/2SM 28/22 A2991 RMK T02800220 IEM_DS3505,M
VOTV,2002-02-16 01:40,76.9500,8.4667,73.40,71.60,94.10,M,M,M,29.91,M,1.00,M,M,M,M,M,M,M,M,M,M,M,M,M,M,M,M,73.40,VOTV 160140Z AUTO 1SM 23/22 A2991 RMK T02300220 IEM_DS3505,M
VOTV,2002-02-16 02:40,76.9500,8.4667,77.00,71.60,83.44,M,M,M,29.91,M,1.25,M,M,M,M,M,M,M,M,M,M,M,M,M,M,M,M,77.00,VOTV 160240Z AUTO 1 1/4SM 25/22 A2991 RMK T02500220 IEM_DS3505,M
VOTV,2002-02-16 03:40,76.9500,8.4667,84.20,73.40,70.08,0.00,0.00,M,29.94,M,2.00,M,M,M,M,M,M,M,M,M,M,M,M,M,M,M,M,90.94,VOTV 160340Z AUTO 00000KT 2SM 29/23 A2994 RMK T02900230 IEM_DS3505,M
VOTV,2002-02-16 04:40,76.9500,8.4667,87.80,73.40,62.47,0.00,0.00,M,29.94,M,M,M,M,M,M,M,M,M,M,M,M,M,M,M,M,M,M,95.86,VOTV 160440Z AUTO 00000KT 31/23 A2994 RMK T03100230 IEM_DS3505,M
VOTV,2002-02-16 07:40,76.9500,8.4667,87.80,73.40,62.47,240.00,4.00,M,29.88,M,7.00,M,M,M,M,M,M,M,M,M,M,M,M,M,M,M,M,95.86,VOTV 160740Z AUTO 24004KT 7SM 31/23 A2988 RMK T03100230 IEM_DS3505,M
VOTV,2002-02-16 08:40,76.9500,8.4667,87.80,73.40,62.47,180.00,4.00,M,29.85,M,7.00,M,M,M,M,M,M,M,M,M,M,M,M,M,M,M,M,95.86,VOTV 160840Z AUTO 18004KT 7SM 31/23 A2985 RMK T03100230 IEM_DS3505,M
VOTV,2002-02-16 09:40,76.9500,8.4667,86.00,73.40,66.15,200.00,4.00,M,29.83,M,7.00,M,M,M,M,M,M,M,M,M,M,M,M,M,M,M,M,93.45,VOTV 160940Z AUTO 20004KT 7SM 30/23 A2983 RMK T03000230 IEM_DS3505,M
VOTV,2002-02-16 11:40,76.9500,8.4667,86.00,73.40,66.15,0.00,0.00,M,29.83,M,5.00,M,M,M,M,M,M,M,M,M,M,M,M,M,M,M,M,93.45,VOTV 161140Z AUTO 00000KT 5SM 30/23 A2983 RMK T03000230 IEM_DS3505,M
VOTV,2002-02-16 12:40,76.9500,8.4667,84.20,75.20,74.44,0.00,0.00,M,29.83,M,4.00,M,M,M,M,M,M,M,M,M,M,M,M,M,M,M,M,92.45,VOTV 161240Z AUTO 00000KT 4SM 29/24 A2983 RMK T02900240 IEM_DS3505,M
VOTV,2002-02-16 14:40,76.9500,8.4667,82.40,75.20,78.90,0.00,0.00,M,29.88,M,2.50,M,M,M,M,M,M,M,M,M,M,M,M,M,M,M,M,89.48,VOTV 161440Z AUTO 00000KT 2 1/2SM 28/24 A2988 RMK T02800240 IEM_DS3505,M
VOTV,2002-02-16 15:40,76.9500,8.4667,80.60,75.20,83.66,0.00,0.00,M,29.91,M,2.50,M,M,M,M,M,M,M,M,M,M,M,M,M,M,M,M,86.17,VOTV 161540Z AUTO 00000KT 2 1/2SM 27/24 A2991 RMK T02700240 IEM_DS3505,M
VOTV,2002-02-17 02:40,76.9500,8.4667,77.00,71.60,83.44,0.00,0.00,M,29.94,M,1.25,M,M,M,M,M,M,M,M,M,M,M,M,M,M,M,M,78.32,VOTV 170240Z AUTO 00000KT 1 1/4SM 25/22 A2994 RMK T02500220 IEM_DS3505,M
VOTV,2002-02-17 03:40,76.9500,8.4667,82.40,71.60,69.90,0.00,0.00,M,29.97,M,1.50,M,M,M,M,M,M,M,M,M,M,M,M,M,M,M,M,87.18,VOTV 170340Z AUTO 00000KT 1 1/2SM 28/22 A2997 RMK T02800220 IEM_DS3505,M
VOTV,2002-02-17 04:40,76.9500,8.4667,84.20,71.60,65.95,0.00,0.00,M,29.97,M,2.50,M,M,M,M,M,M,M,M,M,M,M,M,M,M,M,M,89.60,VOTV 170440Z AUTO 00000KT 2 1/2SM 29/22 A2997 RMK T02900220 IEM_DS3505,M
VOTV,2002-02-17 05:40,76.9500,8.4667,86.00,69.80,58.55,0.00,0.00,M,29.97,M,5.00,M,M,M,M,M,M,M,M,M,M,M,M,M,M,M,M,90.58,VOTV 170540Z AUTO 00000KT 5SM 30/21 A2997 RMK T03000210 IEM_DS3505,M
VOTV,2002-02-17 11:40,76.9500,8.4667,86.00,69.80,58.55,230.00,5.00,M,29.85,M,5.00,M,M,M,M,M,M,M,M,M,M,M,M,M,M,M,M,90.58,VOTV 171140Z AUTO 23005KT 5SM 30/21 A2985 RMK T03000210 IEM_DS3505,M
VOTV,2002-02-17 12:40,76.9500,8.4667,86.00,69.80,58.55,M,M,M,29.85,M,M,M,M,M,M,M,M,M,M,M,M,M,M,M,M,M,M,90.58,VOTV 171240Z AUTO 30/21 A2985 RMK T03000210 IEM_DS3505,M
VOTV,2002-02-18 01:40,76.9500,8.4667,73.40,71.60,94.10,0.00,0.00,M,29.94,M,1.00,M,M,M,M,M,M,M,M,M,M,M,M,M,M,M,M,74.86,VOTV 180140Z AUTO 00000KT 1SM 23/22 A2994 RMK T02300220 IEM_DS3505,M
VOTV,2002-02-18 03:40,76.9500,8.4667,82.40,68.00,61.81,0.00,0.00,M,30.00,M,2.50,M,M,M,M,M,M,M,M,M,M,M,M,M,M,M,M,85.38,VOTV 180340Z AUTO 00000KT 2 1/2SM 28/20 A3000 RMK T02800200 IEM_DS3505,M
VOTV,2002-02-18 04:40,76.9500,8.4667,86.00,71.60,62.25,0.00,0.00,M,30.00,M,M,M,M,M,M,M,M,M,M,M,M,M,M,M,M,M,M,91.92,VOTV 180440Z AUTO 00000KT 30/22 A3000 RMK T03000220 IEM_DS3505,M
VOTV,2002-02-18 07:40,76.9500,8.4667,86.00,68.00,55.04,270.00,7.00,M,29.94,M,7.00,M,M,M,M,M,M,M,M,M,M,M,M,M,M,M,M,89.41,VOTV 180740Z AUTO 27007KT 7SM 30/20 A2994 RMK T03000200 IEM_DS3505,M
VOTV,2002-02-18 08:40,76.9500,8.4667,87.80,68.00,51.98,0.00,0.00,M,29.91,M,7.00,M,M,M,M,M,M,M,M,M,M,M,M,M,M,M,M,91.43,VOTV 180840Z AUTO 00000KT 7SM 31/20 A2991 RMK T03100200 IEM_DS3505,M
VOTV,2002-02-18 09:40,76.9500,8.4667,87.80,66.20,48.84,260.00,7.00,M,29.88,M,7.00,M,M,M,M,M,M,M,M,M,M,M,M,M,M,M,M,90.31,VOTV 180940Z AUTO 26007KT 7SM 31/19 A2988 RMK T03100190 IEM_DS3505,M
VOTV,2002-02-18 13:40,76.9500,8.4667,82.40,69.80,65.74,0.00,0.00,M,29.94,M,5.00,M,M,M,M,M,M,M,M,M,M,M,M,M,M,M,M,86.22,VOTV 181340Z AUTO 00000KT 5SM 28/21 A2994 RMK T02800210 IEM_DS3505,M
VOTV,2002-02-19 00:40,76.9500,8.4667,73.40,69.80,88.51,0.00,0.00,M,29.97,M,2.00,M,M,M,M,M,M,M,M,M,M,M,M,M,M,M,M,74.60,VOTV 190040Z AUTO 00000KT 2SM 23/21 A2997 RMK T02300210 IEM_DS3505,M
VOTV,2002-02-19 01:40,76.9500,8.4667,75.20,69.80,83.32,0.00,0.00,M,30.00,M,1.25,M,M,M,M,M,M,M,M,M,M,M,M,M,M,M,M,76.34,VOTV 190140Z AUTO 00000KT 1 1/4SM 24/21 A3000 RMK T02400210 IEM_DS3505,M
VOTV,2002-02-19 02:40,76.9500,8.4667,78.80,73.40,83.55,0.00,0.00,M,30.03,M,1.25,M,M,M,M,M,M,M,M,M,M,M,M,M,M,M,M,82.03,VOTV 190240Z AUTO 00000KT 1 1/4SM 26/23 A3003 RMK T02600230 IEM_DS3505,M
VOTV,2002-02-19 03:40,76.9500,8.4667,82.40,75.20,78.90,0.00,0.00,M,30.03,M,1.50,M,M,M,M,M,M,M,M,M,M,M,M,M,M,M,M,89.48,VOTV 190340Z AUTO 00000KT 1 1/2SM 28/24 A3003 RMK T02800240 IEM_DS3505,M
VOTV,2002-02-19 04:40,76.9500,8.4667,84.20,73.40,70.08,0.00,0.00,M,M,M,2.50,M,M,M,M,M,M,M,M,M,M,M,M,M,M,M,M,90.94,VOTV 190440Z AUTO 00000KT 2 1/2SM 29/23 RMK T02900230 IEM_DS3505,M
VOTV,2002-02-19 05:40,76.9500,8.4667,84.20,73.40,70.08,M,M,M,30.03,M,5.00,M,M,M,M,M,M,M,M,M,M,M,M,M,M,M,M,90.94,VOTV 190540Z AUTO 5SM 29/23 A3003 RMK T02900230 IEM_DS3505,M
VOTV,2002-02-19 08:40,76.9500,8.4667,87.80,71.60,58.78,M,M,M,29.94,M,5.00,M,M,M,M,M,M,M,M,M,M,M,M,M,M,M,M,94.18,VOTV 190840Z AUTO 5SM 31/22 A2994 RMK T03100220 IEM_DS3505,M
VOTV,2002-02-19 09:40,76.9500,8.4667,87.80,71.60,58.78,200.00,3.00,M,29.91,M,7.00,M,M,M,M,M,M,M,M,M,M,M,M,M,M,M,M,94.18,VOTV 190940Z AUTO 20003KT 7SM 31/22 A2991 RMK T03100220 IEM_DS3505,M
VOTV,2002-02-19 10:40,76.9500,8.4667,86.00,71.60,62.25,260.00,3.00,M,29.91,M,7.00,M,M,M,M,M,M,M,M,M,M,M,M,M,M,M,M,91.92,VOTV 191040Z AUTO 26003KT 7SM 30/22 A2991 RMK T03000220 IEM_DS3505,M
VOTV,2002-02-19 11:40,76.9500,8.4667,86.00,71.60,62.25,0.00,0.00,M,29.91,M,5.00,M,M,M,M,M,M,M,M,M,M,M,M,M,M,M,M,91.92,VOTV 191140Z AUTO 00000KT 5SM 30/22 A2991 RMK T03000220 IEM_DS3505,M
VOTV,2002-02-19 13:40,76.9500,8.4667,82.40,73.40,74.28,0.00,0.00,M,29.94,M,4.00,M,M,M,M,M,M,M,M,M,M,M,M,M,M,M,M,88.26,VOTV 191340Z AUTO 00000KT 4SM 28/23 A2994 RMK T02800230 IEM_DS3505,M
VOTV,2002-02-19 14:40,76.9500,8.4667,82.40,73.40,74.28,0.00,0.00,M,30.00,M,4.00,M,M,M,M,M,M,M,M,M,M,M,M,M,M,M,M,88.26,VOTV 191440Z AUTO 00000KT 4SM 28/23 A3000 RMK T02800230 IEM_DS3505,M
VOTV,2002-02-19 16:40,76.9500,8.4667,82.40,73.40,74.28,0.00,0.00,M,30.03,M,4.00,M,M,M,M,M,M,M,M,M,M,M,M,M,M,M,M,88.26,VOTV 191640Z AUTO 00000KT 4SM 28/23 A3003 RMK T02800230 IEM_DS3505,M
VOTV,2002-02-19 23:40,76.9500,8.4667,M,M,M,0.00,0.00,M,M,M,2.00,M,M,M,M,M,M,M,M,M,M,M,M,M,M,M,M,M,VOTV 192340Z AUTO 00000KT 2SM RMK IEM_DS3505,M
VOTV,2002-02-20 00:40,76.9500,8.4667,75.20,71.60,88.59,0.00,0.00,M,29.97,M,2.00,M,M,M,M,M,M,M,M,M,M,M,M,M,M,M,M,76.58,VOTV 200040Z AUTO 00000KT 2SM 24/22 A2997 RMK T02400220 IEM_DS3505,M
VOTV,2002-02-20 01:40,76.9500,8.4667,75.20,73.40,94.14,0.00,0.00,M,29.97,M,1.00,M,M,M,M,M,M,M,M,M,M,M,M,M,M,M,M,76.84,VOTV 200140Z AUTO 00000KT 1SM 24/23 A2997 RMK T02400230 IEM_DS3505,M
VOTV,2002-02-20 02:40,76.9500,8.4667,78.80,75.20,88.75,M,M,M,30.00,M,1.00,M,M,M,M,M,M,M,M,M,M,M,M,M,M,M,M,78.80,VOTV 200240Z AUTO 1SM 26/24 A3000 RMK T02600240 IEM_DS3505,M
VOTV,2002-02-20 08:40,76.9500,8.4667,86.00,71.60,62.25,230.00,5.00,M,29.91,M,5.00,M,M,M,M,M,M,M,M,M,M,M,M,M,M,M,M,91.92,VOTV 200840Z AUTO 23005KT 5SM 30/22 A2991 RMK T03000220 IEM_DS3505,M
VOTV,2002-02-20 09:40,76.9500,8.4667,86.00,71.60,62.25,200.00,7.00,M,29.88,M,5.00,M,M,M,M,M,M,M,M,M,M,M,M,M,M,M,M,91.92,VOTV 200940Z AUTO 20007KT 5SM 30/22 A2988 RMK T03000220 IEM_DS3505,M
VOTV,2002-02-20 10:40,76.9500,8.4667,86.00,71.60,62.25,220.00,4.00,M,29.88,M,5.00,M,M,M,M,M,M,M,M,M,M,M,M,M,M,M,M,91.92,VOTV 201040Z AUTO 22004KT 5SM 30/22 A2988 RMK T03000220 IEM_DS3505,M
VOTV,2002-02-20 11:40,76.9500,8.4667,84.20,69.80,62.03,0.00,0.00,M,29.88,M,5.00,M,M,M,M,M,M,M,M,M,M,M,M,M,M,M,M,88.43,VOTV 201140Z AUTO 00000KT 5SM 29/21 A2988 RMK T02900210 IEM_DS3505,M
VOTV,2002-02-20 12:40,76.9500,8.4667,84.20,71.60,65.95,0.00,0.00,M,29.88,M,M,M,M,M,M,M,M,M,M,M,M,M,M,M,M,M,M,89.60,VOTV 201240Z AUTO 00000KT 29/22 A2988 RMK T02900220 IEM_DS3505,M
VOTV,2002-02-20 23:40,76.9500,8.4667,73.40,68.00,83.21,0.00,0.00,M,29.91,M,2.00,M,M,M,M,M,M,M,M,M,M,M,M,M,M,M,M,73.40,VOTV 202340Z AUTO 00000KT 2SM 23/20 A2991 RMK T02300200 IEM_DS3505,M
VOTV,2002-02-21 00:40,76.9500,8.4667,73.40,69.80,88.51,0.00,0.00,M,29.91,M,1.25,M,M,M,M,M,M,M,M,M,M,M,M,M,M,M,M,74.60,VOTV 210040Z AUTO 00000KT 1 1/4SM 23/21 A2991 RMK T02300210 IEM_DS3505,M
VOTV,2002-02-21 03:40,76.9500,8.4667,84.20,68.00,58.32,0.00,0.00,M,29.97,M,2.00,M,M,M,M,M,M,M,M,M,M,M,M,M,M,M,M,87.40,VOTV 210340Z AUTO 00000KT 2SM 29/20 A2997 RMK T02900200 IEM_DS3505,M
VOTV,2002-02-21 04:40,76.9500,8.4667,86.00,68.00,55.04,0.00,0.00,M,30.00,M,M,M,M,M,M,M,M,M,M,M,M,M,M,M,M,M,M,89.41,VOTV 210440Z AUTO 00000KT 30/20 A3000 RMK T03000200 IEM_DS3505,M
VOTV,2002-02-21 05:40,76.9500,8.4667,86.00,68.00,55.04,0.00,0.00,M,29.97,M,5.00,M,M,M,M,M,M,M,M,M,M,M,M,M,M,M,M,89.41,VOTV 210540Z AUTO 00000KT 5SM 30/20 A2997 RMK T03000200 IEM_DS3505,M
VOTV,2002-02-21 06:40,76.9500,8.4667,86.00,66.20,51.72,200.00,4.00,M,29.94,M,5.00,M,M,M,M,M,M,M,M,M,M,M,M,M,M,M,M,88.39,VOTV 210640Z AUTO 20004KT 5SM 30/19 A2994 RMK T03000190 IEM_DS3505,M
VOTV,2002-02-21 08:40,76.9500,8.4667,87.80,68.00,51.98,200.00,3.00,M,29.88,M,7.00,M,M,M,M,M,M,M,M,M,M,M,M,M,M,M,M,91.43,VOTV 210840Z AUTO 20003KT 7SM 31/20 A2988 RMK T03100200 IEM_DS3505,M
VOTV,2002-02-21 09:40,76.9500,8.4667,87.80,68.00,51.98,230.00,3.00,M,29.85,M,6.00,M,M,M,M,M,M,M,M,M,M,M,M,M,M,M,M,91.43,VOTV 210940Z AUTO 23003KT 6SM 31/20 A2985 RMK T03100200 IEM_DS3505,M
VOTV,2002-02-21 11:40,76.9500,8.4667,86.00,68.00,55.04,220.00,4.00,M,29.85,M,6.00,M,M,M,M,M,M,M,M,M,M,M,M,M,M,M,M,89.41,VOTV 211140Z AUTO 22004KT 6SM 30/20 A2985 RMK T03000200 IEM_DS3505,M
VOTV,2002-02-21 12:40,76.9500,8.4667,86.00,69.80,58.55,0.00,0.00,M,29.88,M,5.00,M,M,M,M,M,M,M,M,M,M,M,M,M,M,M,M,90.58,VOTV 211240Z AUTO 00000KT 5SM 30/21 A2988 RMK T03000210 IEM_DS3505,M
VOTV,2002-02-21 17:40,76.9500,8.4667,78.80,71.60,78.62,M,M,M,29.97,M,4.00,M,M,M,M,M,M,M,M,M,M,M,M,M,M,M,M,78.80,VOTV 211740Z AUTO 4SM 26/22 A2997 RMK T02600220 IEM_DS3505,M
VOTV,2002-02-21 23:40,76.9500,8.4667,73.40,71.60,94.10,0.00,0.00,M,29.94,M,2.00,M,M,M,M,M,M,M,M,M,M,M,M,M,M,M,M,74.86,VOTV 212340Z AUTO 00000KT 2SM 23/22 A2994 RMK T02300220 IEM_DS3505,M
VOTV,2002-02-22 02:40,76.9500,8.4667,78.80,69.80,73.95,0.00,0.00,M,30.00,M,1.50,M,M,M,M,M,M,M,M,M,M,M,M,M,M,M,M,81.39,VOTV 220240Z AUTO 00000KT 1 1/2SM 26/21 A3000 RMK T02600210 IEM_DS3505,M
VOTV,2002-02-22 03:40,76.9500,8.4667,84.20,68.00,58.32,M,M,M,M,M,3.00,M,M,M,M,M,M,M,M,M,M,M,M,M,M,M,M,87.40,VOTV 220340Z AUTO 3SM 29/20 RMK T02900200 IEM_DS3505,M
VOTV,2002-02-22 05:40,76.9500,8.4667,87.80,66.20,48.84,M,M,M,30.00,M,5.00,M,M,M,M,M,M,M,M,M,M,M,M,M,M,M,M,90.31,VOTV 220540Z AUTO 5SM 31/19 A3000 RMK T03100190 IEM_DS3505,M
VOTV,2002-02-22 06:40,76.9500,8.4667,87.80,64.40,45.88,260.00,4.00,M,29.97,M,6.00,M,M,M,M,M,M,M,M,M,M,M,M,M,M,M,M,89.33,VOTV 220640Z AUTO 26004KT 6SM 31/18 A2997 RMK T03100180 IEM_DS3505,M
VOTV,2002-02-22 07:40,76.9500,8.4667,87.80,64.40,45.88,260.00,5.00,M,29.94,M,7.00,M,M,M,M,M,M,M,M,M,M,M,M,M,M,M,M,89.33,VOTV 220740Z AUTO 26005KT 7SM 31/18 A2994 RMK T03100180 IEM_DS3505,M
VOTV,2002-02-22 08:40,76.9500,8.4667,87.80,64.40,45.88,260.00,4.00,M,29.91,M,7.00,M,M,M,M,M,M,M,M,M,M,M,M,M,M,M,M,89.33,VOTV 220840Z AUTO 26004KT 7SM 31/18 A2991 RMK T03100180 IEM_DS3505,M
VOTV,2002-02-22 09:40,76.9500,8.4667,87.80,64.40,45.88,270.00,3.00,M,29.88,M,7.00,M,M,M,M,M,M,M,M,M,M,M,M,M,M,M,M,89.33,VOTV 220940Z AUTO 27003KT 7SM 31/18 A2988 RMK T03100180 IEM_DS3505,M
VOTV,2002-02-22 10:40,76.9500,8.4667,86.00,64.40,48.58,270.00,5.00,M,29.88,M,7.00,M,M,M,M,M,M,M,M,M,M,M,M,M,M,M,M,87.49,VOTV 221040Z AUTO 27005KT 7SM 30/18 A2988 RMK T03000180 IEM_DS3505,M
VOTV,2002-02-22 12:40,76.9500,8.4667,86.00,68.00,55.04,0.00,0.00,M,29.91,M,7.00,M,M,M,M,M,M,M,M,M,M,M,M,M,M,M,M,89.41,VOTV 221240Z AUTO 00000KT 7SM 30/20 A2991 RMK T03000200 IEM_DS3505,M
VOTV,2002-02-22 15:40,76.9500,8.4667,80.60,69.80,69.71,0.00,0.00,M,30.00,M,4.00,M,M,M,M,M,M,M,M,M,M,M,M,M,M,M,M,83.90,VOTV 221540Z AUTO 00000KT 4SM 27/21 A3000 RMK T02700210 IEM_DS3505,M
VOTV,2002-02-22 16:40,76.9500,8.4667,78.80,71.60,78.62,0.00,0.00,M,30.00,M,4.00,M,M,M,M,M,M,M,M,M,M,M,M,M,M,M,M,81.70,VOTV 221640Z AUTO 00000KT 4SM 26/22 A3000 RMK T02600220 IEM_DS3505,M
VOTV,2002-02-22 23:40,76.9500,8.4667,71.60,66.20,83.09,0.00,0.00,M,29.94,M,2.50,M,M,M,M,M,M,M,M,M,M,M,M,M,M,M,M,71.60,VOTV 222340Z AUTO 00000KT 2 1/2SM 22/19 A2994 RMK T02200190 IEM_DS3505,M
VOTV,2002-02-23 00:40,76.9500,8.4667,M,M,M,0.00,0.00,M,M,M,2.00,M,M,M,M,M,M,M,M,M,M,M,M,M,M,M,M,M,VOTV 230040Z AUTO 00000KT 2SM RMK IEM_DS3505,M
VOTV,2002-02-23 03:40,76.9500,8.4667,84.20,69.80,62.03,0.00,0.00,M,30.00,M,2.50,M,M,M,M,M,M,M,M,M,M,M,M,M,M,M,M,88.43,VOTV 230340Z AUTO 00000KT 2 1/2SM 29/21 A3000 RMK T02900210 IEM_DS3505,M
VOTV,2002-02-23 04:40,76.9500,8.4667,86.00,69.80,58.55,0.00,0.00,M,30.03,M,M,M,M,M,M,M,M,M,M,M,M,M,M,M,M,M,M,90.58,VOTV 230440Z AUTO 00000KT 30/21 A3003 RMK T03000210 IEM_DS3505,M
VOTV,2002-02-23 15:40,76.9500,8.4667,82.40,64.40,54.55,M,M,M,29.91,M,2.00,M,M,M,M,M,M,M,M,M,M,M,M,M,M,M,M,83.98,VOTV 231540Z AUTO 2SM 28/18 A2991 RMK T02800180 IEM_DS3505,M
VOTV,2002-02-23 17:40,76.9500,8.4667,82.40,66.20,58.08,M,M,M,29.94,M,2.00,M,M,M,M,M,M,M,M,M,M,M,M,M,M,M,M,84.63,VOTV 231740Z AUTO 2SM 28/19 A2994 RMK T02800190 IEM_DS3505,M
VOTV,2002-02-23 23:40,76.9500,8.4667,73.40,69.80,88.51,M,M,M,29.88,M,2.00,M,M,M,M,M,M,M,M,M,M,M,M,M,M,M,M,73.40,VOTV 232340Z AUTO 2SM 23/21 A2988 RMK T02300210 IEM_DS3505,M
VOTV,2002-02-24 01:40,76.9500,8.4667,73.40,69.80,88.51,M,M,M,29.91,M,1.50,M,M,M,M,M,M,M,M,M,M,M,M,M,M,M,M,73.40,VOTV 240140Z AUTO 1 1/2SM 23/21 A2991 RMK T02300210 IEM_DS3505,M
VOTV,2002-02-24 08:40,76.9500,8.4667,87.80,62.60,43.07,250.00,8.00,M,29.83,M,6.00,M,M,M,M,M,M,M,M,M,M,M,M,M,M,M,M,88.48,VOTV 240840Z AUTO 25008KT 6SM 31/17 A2983 RMK T03100170 IEM_DS3505,M
VOTV,2002-02-24 09:40,76.9500,8.4667,87.80,64.40,45.88,260.00,8.00,M,29.83,M,6.00,M,M,M,M,M,M,M,M,M,M,M,M,M,M,M,M,89.33,VOTV 240940Z AUTO 26008KT 6SM 31/18 A2983 RMK T03100180 IEM_DS3505,M
VOTV,2002-02-24 10:40,76.9500,8.4667,86.00,64.40,48.58,250.00,4.00,M,29.83,M,6.00,M,M,M,M,M,M,M,M,M,M,M,M,M,M,M,M,87.49,VOTV 241040Z AUTO 25004KT 6SM 30/18 A2983 RMK T03000180 IEM_DS3505,M
VOTV,2002-02-24 11:40,76.9500,8.4667,86.00,64.40,48.58,0.00,0.00,M,29.83,M,5.00,M,M,M,M,M,M,M,M,M,M,M,M,M,M,M,M,87.49,VOTV 241140Z AUTO 00000KT 5SM 30/18 A2983 RMK T03000180 IEM_DS3505,M
VOTV,2002-02-24 12:40,76.9500,8.4667,84.20,66.20,54.80,0.00,0.00,M,29.83,M,M,M,M,M,M,M,M,M,M,M,M,M,M,M,M,M,M,86.50,VOTV 241240Z AUTO 00000KT 29/19 A2983 RMK T02900190 IEM_DS3505,M
VOTV,2002-02-24 13:40,76.9500,8.4667,82.40,66.20,58.08,0.00,0.00,M,29.85,M,2.50,M,M,M,M,M,M,M,M,M,M,M,M,M,M,M,M,84.63,VOTV 241340Z AUTO 00000KT 2 1/2SM 28/19 A2985 RMK T02800190 IEM_DS3505,M
VOTV,2002-02-24 14:40,76.9500,8.4667,82.40,66.20,58.08,0.00,0.00,M,29.88,M,2.50,M,M,M,M,M,M,M,M,M,M,M,M,M,M,M,M,84.63,VOTV 241440Z AUTO 00000KT 2 1/2SM 28/19 A2988 RMK T02800190 IEM_DS3505,M
VOTV,2002-02-24 23:40,76.9500,8.4667,69.80,62.60,77.90,0.00,0.00,M,29.85,M,2.00,M,M,M,M,M,M,M,M,M,M,M,M,M,M,M,M,69.80,VOTV 242340Z AUTO 00000KT 2SM 21/17 A2985 RMK T02100170 IEM_DS3505,M
VOTV,2002-02-25 01:40,76.9500,8.4667,71.60,64.40,78.04,0.00,0.00,M,29.85,M,1.50,M,M,M,M,M,M,M,M,M,M,M,M,M,M,M,M,71.60,VOTV 250140Z AUTO 00000KT 1 1/2SM 22/18 A2985 RMK T02200180 IEM_DS3505,M
VOTV,2002-02-25 03:40,76.9500,8.4667,80.60,68.00,65.54,0.00,0.00,M,29.88,M,2.50,M,M,M,M,M,M,M,M,M,M,M,M,M,M,M,M,83.29,VOTV 250340Z AUTO 00000KT 2 1/2SM 27/20 A2988 RMK T02700200 IEM_DS3505,M
VOTV,2002-02-25 04:40,76.9500,8.4667,84.20,68.00,58.32,0.00,0.00,M,29.91,M,M,M,M,M,M,M,M,M,M,M,M,M,M,M,M,M,M,87.40,VOTV 250440Z AUTO 00000KT 29/20 A2991 RMK T02900200 IEM_DS3505,M
VOTV,2002-02-25 05:40,76.9500,8.4667,84.20,68.00,58.32,210.00,4.00,M,29.88,M,5.00,M,M,M,M,M,M,M,M,M,M,M,M,M,M,M,M,87.40,VOTV 250540Z AUTO 21004KT 5SM 29/20 A2988 RMK T02900200 IEM_DS3505,M
VOTV,2002-02-25 06:40,76.9500,8.4667,86.00,69.80,58.55,230.00,3.00,M,29.85,M,5.00,M,M,M,M,M,M,M,M,M,M,M,M,M,M,M,M,90.58,VOTV 250640Z AUTO 23003KT 5SM 30/21 A2985 RMK T03000210 IEM_DS3505,M
VOTV,2002-02-25 07:40,76.9500,8.4667,86.00,68.00,55.04,240.00,6.00,M,29.83,M,5.00,M,M,M,M,M,M,M,M,M,M,M,M,M,M,M,M,89.41,VOTV 250740Z AUTO 24006KT 5SM 30/20 A2983 RMK T03000200 IEM_DS3505,M
VOTV,2002-02-25 08:40,76.9500,8.4667,86.00,68.00,55.04,230.00,5.00,M,29.83,M,6.00,M,M,M,M,M,M,M,M,M,M,M,M,M,M,M,M,89.41,VOTV 250840Z AUTO 23005KT 6SM 30/20 A2983 RMK T03000200 IEM_DS3505,M
VOTV,2002-02-25 09:40,76.9500,8.4667,87.80,68.00,51.98,210.00,7.00,M,29.80,M,6.00,M,M,M,M,M,M,M,M,M,M,M,M,M,M,M,M,91.43,VOTV 250940Z AUTO 21007KT 6SM 31/20 A2980 RMK T03100200 IEM_DS3505,M
VOTV,2002-02-25 11:40,76.9500,8.4667,86.00,71.60,62.25,230.00,3.00,M,29.80,M,6.00,M,M,M,M,M,M,M,M,M,M,M,M,M,M,M,M,91.92,VOTV 251140Z AUTO 23003KT 6SM 30/22 A2980 RMK T03000220 IEM_DS3505,M
VOTV,2002-02-25 13:40,76.9500,8.4667,84.20,68.00,58.32,M,M,M,29.83,M,M,M,M,M,M,M,M,M,M,M,M,M,M,M,M,M,M,87.40,VOTV 251340Z AUTO 29/20 A2983 RMK T02900200 IEM_DS3505,M
VOTV,2002-02-25 14:40,76.9500,8.4667,82.40,66.20,58.08,0.00,0.00,M,29.85,M,M,M,M,M,M,M,M,M,M,M,M,M,M,M,M,M,M,84.63,VOTV 251440Z AUTO 00000KT 28/19 A2985 RMK T02800190 IEM_DS3505,M
VOTV,2002-02-25 17:40,76.9500,8.4667,78.80,68.00,69.52,M,M,M,29.88,M,2.00,M,M,M,M,M,M,M,M,M,M,M,M,M,M,M,M,78.80,VOTV 251740Z AUTO 2SM 26/20 A2988 RMK T02600200 IEM_DS3505,M
VOTV,2002-02-26 00:40,76.9500,8.4667,73.40,68.00,83.21,M,M,M,29.85,M,1.50,M,M,M,M,M,M,M,M,M,M,M,M,M,M,M,M,73.40,VOTV 260040Z AUTO 1 1/2SM 23/20 A2985 RMK T02300200 IEM_DS3505,M
VOTV,2002-02-26 08:40,76.9500,8.4667,87.80,68.00,51.98,270.00,7.00,M,29.83,M,7.00,M,M,M,M,M,M,M,M,M,M,M,M,M,M,M,M,91.43,VOTV 260840Z AUTO 27007KT 7SM 31/20 A2983 RMK T03100200 IEM_DS3505,M
VOTV,2002-02-26 09:40,76.9500,8.4667,89.60,68.00,49.10,260.00,7.00,M,29.80,M,7.00,M,M,M,M,M,M,M,M,M,M,M,M,M,M,M,M,93.47,VOTV 260940Z AUTO 26007KT 7SM 32/20 A2980 RMK T03200200 IEM_DS3505,M
VOTV,2002-02-26 11:40,76.9500,8.4667,86.00,68.00,55.04,0.00,0.00,M,29.80,M,7.00,M,M,M,M,M,M,M,M,M,M,M,M,M,M,M,M,89.41,VOTV 261140Z AUTO 00000KT 7SM 30/20 A2980 RMK T03000200 IEM_DS3505,M
VOTV,2002-02-26 15:40,76.9500,8.4667,80.60,71.60,74.11,0.00,0.00,M,29.88,M,5.00,M,M,M,M,M,M,M,M,M,M,M,M,M,M,M,M,84.57,VOTV 261540Z AUTO 00000KT 5SM 27/22 A2988 RMK T02700220 IEM_DS3505,M
VOTV,2002-02-26 16:40,76.9500,8.4667,80.60,71.60,74.11,0.00,0.00,M,29.88,M,5.00,M,M,M,M,M,M,M,M,M,M,M,M,M,M,M,M,84.57,VOTV 261640Z AUTO 00000KT 5SM 27/22 A2988 RMK T02700220 IEM_DS3505,M
VOTV,2002-02-27 00:40,76.9500,8.4667,75.20,68.00,78.34,0.00,0.00,M,29.83,M,2.00,M,M,M,M,M,M,M,M,M,M,M,M,M,M,M,M,75.20,VOTV 270040Z AUTO 00000KT 2SM 24/20 A2983 RMK T02400200 IEM_DS3505,M
VOTV,2002-02-27 01:40,76.9500,8.4667,75.20,69.80,83.32,0.00,0.00,M,29.83,M,1.25,M,M,M,M,M,M,M,M,M,M,M,M,M,M,M,M,76.34,VOTV 270140Z AUTO 00000KT 1 1/4SM 24/21 A2983 RMK T02400210 IEM_DS3505,M
VOTV,2002-02-27 07:40,76.9500,8.4667,87.80,69.80,55.29,250.00,5.00,M,29.83,M,5.00,M,M,M,M,M,M,M,M,M,M,M,M,M,M,M,M,92.71,VOTV 270740Z AUTO 25005KT 5SM 31/21 A2983 RMK T03100210 IEM_DS3505,M
VOTV,2002-02-27 08:40,76.9500,8.4667,87.80,69.80,55.29,250.00,8.00,M,29.80,M,5.00,M,M,M,M,M,M,M,M,M,M,M,M,M,M,M,M,92.71,VOTV 270840Z AUTO 25008KT 5SM 31/21 A2980 RMK T03100210 IEM_DS3505,M
VOTV,2002-02-27 09:40,76.9500,8.4667,87.80,69.80,55.29,210.00,7.00,M,29.77,M,5.00,M,M,M,M,M,M,M,M,M,M,M,M,M,M,M,M,92.71,VOTV 270940Z AUTO 21007KT 5SM 31/21 A2977 RMK T03100210 IEM_DS3505,M
VOTV,2002-02-27 10:40,76.9500,8.4667,87.80,68.00,51.98,160.00,4.00,M,29.77,M,5.00,M,M,M,M,M,M,M,M,M,M,M,M,M,M,M,M,91.43,VOTV 271040Z AUTO 16004KT 5SM 31/20 A2977 RMK T03100200 IEM_DS3505,M
VOTV,2002-02-27 12:40,76.9500,8.4667,84.20,71.60,65.95,0.00,0.00,M,29.80,M,5.00,M,M,M,M,M,M,M,M,M,M,M,M,M,M,M,M,89.60,VOTV 271240Z AUTO 00000KT 5SM 29/22 A2980 RMK T02900220 IEM_DS3505,M
VOTV,2002-02-27 14:40,76.9500,8.4667,82.40,73.40,74.28,0.00,0.00,M,29.83,M,4.00,M,M,M,M,M,M,M,M,M,M,M,M,M,M,M,M,88.26,VOTV 271440Z AUTO 00000KT 4SM 28/23 A2983 RMK T02800230 IEM_DS3505,M
VOTV,2002-02-28 00:40,76.9500,8.4667,73.40,68.00,83.21,0.00,0.00,M,29.80,M,2.50,M,M,M,M,M,M,M,M,M,M,M,M,M,M,M,M,73.40,VOTV 280040Z AUTO 00000KT 2 1/2SM 23/20 A2980 RMK T02300200 IEM_DS3505,M
VOTV,2002-02-28 01:40,76.9500,8.4667,75.20,69.80,83.32,0.00,0.00,M,29.83,M,1.50,M,M,M,M,M,M,M,M,M,M,M,M,M,M,M,M,76.34,VOTV 280140Z AUTO 00000KT 1 1/2SM 24/21 A2983 RMK T02400210 IEM_DS3505,M
VOTV,2002-02-28 04:40,76.9500,8.4667,84.20,69.80,62.03,0.00,0.00,M,29.88,M,2.50,M,M,M,M,M,M,M,M,M,M,M,M,M,M,M,M,88.43,VOTV 280440Z AUTO 00000KT 2 1/2SM 29/21 A2988 RMK T02900210 IEM_DS3505,M
VOTV,2002-02-28 05:40,76.9500,8.4667,86.00,69.80,58.55,0.00,0.00,M,29.85,M,5.00,M,M,M,M,M,M,M,M,M,M,M,M,M,M,M,M,90.58,VOTV 280540Z AUTO 00000KT 5SM 30/21 A2985 RMK T03000210 IEM_DS3505,M
VOTV,2002-02-28 06:40,76.9500,8.4667,86.00,69.80,58.55,170.00,3.00,M,29.83,M,5.00,M,M,M,M,M,M,M,M,M,M,M,M,M,M,M,M,90.58,VOTV 280640Z AUTO 17003KT 5SM 30/21 A2983 RMK T03000210 IEM_DS3505,M
VOTV,2002-02-28 09:40,76.9500,8.4667,87.80,68.00,51.98,230.00,6.00,M,29.77,M,7.00,M,M,M,M,M,M,M,M,M,M,M,M,M,M,M,M,91.43,VOTV 280940Z AUTO 23006KT 7SM 31/20 A2977 RMK T03100200 IEM_DS3505,M
VOTV,2002-02-28 11:40,76.9500,8.4667,86.00,69.80,58.55,250.00,4.00,M,29.74,M,4.00,M,M,M,M,M,M,M,M,M,M,M,M,M,M,M,M,90.58,VOTV 281140Z AUTO 25004KT 4SM 30/21 A2974 RMK T03000210 IEM_DS3505,M
VOTV,2002-02-28 12:40,76.9500,8.4667,84.20,71.60,65.95,240.00,3.00,M,29.77,M,M,M,M,M,M,M,M,M,M,M,M,M,M,M,M,M,M,89.60,VOTV 281240Z AUTO 24003KT 29/22 A2977 RMK T02900220 IEM_DS3505,M
VOTV,2002-02-28 23:40,76.9500,8.4667,73.40,66.20,78.19,0.00,0.00,M,29.80,M,2.00,M,M,M,M,M,M,M,M,M,M,M,M,M,M,M,M,73.40,VOTV 282340Z AUTO 00000KT 2SM 23/19 A2980 RMK T02300190 IEM_DS3505,M
VOTV,2002-03-01 00:40,76.9500,8.4667,71.60,66.20,83.09,0.00,0.00,M,29.80,M,2.00,M,M,M,M,M,M,M,M,M,M,M,M,M,M,M,M,71.60,VOTV 010040Z AUTO 00000KT 2SM 22/19 A2980 RMK T02200190 IEM_DS3505,M
VOTV,2002-03-01 01:40,76.9500,8.4667,75.20,66.20,73.61,0.00,0.00,M,29.83,M,2.00,M,M,M,M,M,M,M,M,M,M,M,M,M,M,M,M,75.20,VOTV 010140Z AUTO 00000KT 2SM 24/19 A2983 RMK T02400190 IEM_DS3505,M
VOTV,2002-03-01 05:40,76.9500,8.4667,87.80,60.80,40.41,0.00,0.00,M,30.00,M,5.00,M,M,M,M,M,M,M,M,M,M,M,M,M,M,M,M,87.75,VOTV 010540Z AUTO 00000KT 5SM 31/16 A3000 RMK T03100160 IEM_DS3505,M
VOTV,2002-03-01 08:40,76.9500,8.4667,87.80,68.00,51.98,200.00,6.00,M,29.77,M,7.00,M,M,M,M,M,M,M,M,M,M,M,M,M,M,M,M,91.43,VOTV 010840Z AUTO 20006KT 7SM 31/20 A2977 RMK T03100200 IEM_DS3505,M
VOTV,2002-03-01 09:40,76.9500,8.4667,89.60,69.80,52.23,210.00,3.00,M,29.77,M,7.00,M,M,M,M,M,M,M,M,M,M,M,M,M,M,M,M,94.85,VOTV 010940Z AUTO 21003KT 7SM 32/21 A2977 RMK T03200210 IEM_DS3505,M
VOTV,2002-03-01 10:40,76.9500,8.4667,87.80,69.80,55.29,220.00,3.00,M,29.77,M,7.00,M,M,M,M,M,M,M,M,M,M,M,M,M,M,M,M,92.71,VOTV 011040Z AUTO 22003KT 7SM 31/21 A2977 RMK T03100210 IEM_DS3505,M
VOTV,2002-03-01 11:40,76.9500,8.4667,87.80,71.60,58.78,220.00,3.00,M,29.77,M,7.00,M,M,M,M,M,M,M,M,M,M,M,M,M,M,M,M,94.18,VOTV 011140Z AUTO 22003KT 7SM 31/22 A2977 RMK T03100220 IEM_DS3505,M
VOTV,2002-03-01 12:40,76.9500,8.4667,86.00,69.80,58.55,M,M,M,29.77,M,M,M,M,M,M,M,M,M,M,M,M,M,M,M,M,M,M,90.58,VOTV 011240Z AUTO 30/21 A2977 RMK T03000210 IEM_DS3505,M
VOTV,2002-03-01 13:40,76.9500,8.4667,84.20,71.60,65.95,M,M,M,29.80,M,M,M,M,M,M,M,M,M,M,M,M,M,M,M,M,M,M,89.60,VOTV 011340Z AUTO 29/22 A2980 RMK T02900220 IEM_DS3505,M
VOTV,2002-03-02 00:40,76.9500,8.4667,75.20,69.80,83.32,0.00,0.00,M,29.83,M,1.50,M,M,M,M,M,M,M,M,M,M,M,M,M,M,M,M,76.34,VOTV 020040Z AUTO 00000KT 1 1/2SM 24/21 A2983 RMK T02400210 IEM_DS3505,M
VOTV,2002-03-02 01:40,76.9500,8.4667,75.20,66.20,73.61,0.00,0.00,M,29.85,M,1.25,M,M,M,M,M,M,M,M,M,M,M,M,M,M,M,M,75.20,VOTV 020140Z AUTO 00000KT 1 1/4SM 24/19 A2985 RMK T02400190 IEM_DS3505,M
VOTV,2002-03-02 02:40,76.9500,8.4667,80.60,66.20,61.58,0.00,0.00,M,29.85,M,1.50,M,M,M,M,M,M,M,M,M,M,M,M,M,M,M,M,82.75,VOTV 020240Z AUTO 00000KT 1 1/2SM 27/19 A2985 RMK T02700190 IEM_DS3505,M
VOTV,2002-03-02 03:40,76.9500,8.4667,86.00,66.20,51.72,0.00,0.00,M,29.88,M,3.00,M,M,M,M,M,M,M,M,M,M,M,M,M,M,M,M,88.39,VOTV 020340Z AUTO 00000KT 3SM 30/19 A2988 RMK T03000190 IEM_DS3505,M
VOTV,2002-03-02 06:40,76.9500,8.4667,87.80,75.20,66.35,210.00,3.00,M,29.85,M,5.00,M,M,M,M,M,M,M,M,M,M,M,M,M,M,M,M,97.76,VOTV 020640Z AUTO 21003KT 5SM 31/24 A2985 RMK T03100240 IEM_DS3505,M
VOTV,2002-03-02 08:40,76.9500,8.4667,87.80,73.40,62.47,190.00,3.00,M,29.80,M,7.00,M,M,M,M,M,M,M,M,M,M,M,M,M,M,M,M,95.86,VOTV 020840Z AUTO 19003KT 7SM 31/23 A2980 RMK T03100230 IEM_DS3505,M
VOTV,2002-03-02 09:40,76.9500,8.4667,87.80,75.20,66.35,240.00,3.00,M,29.77,M,7.00,M,M,M,M,M,M,M,M,M,M,M,M,M,M,M,M,97.76,VOTV 020940Z AUTO 24003KT 7SM 31/24 A2977 RMK T03100240 IEM_DS3505,M
VOTV,2002-03-02 10:40,76.9500,8.4667,86.00,73.40,66.15,250.00,3.00,M,29.77,M,7.00,M,M,M,M,M,M,M,M,M,M,M,M,M,M,M,M,93.45,VOTV 021040Z AUTO 25003KT 7SM 30/23 A2977 RMK T03000230 IEM_DS3505,M
VOTV,2002-03-02 11:40,76.9500,8.4667,86.00,73.40,66.15,0.00,0.00,M,29.77,M,7.00,M,M,M,M,M,M,M,M,M,M,M,M,M,M,M,M,93.45,VOTV 021140Z AUTO 00000KT 7SM 30/23 A2977 RMK T03000230 IEM_DS3505,M
VOTV,2002-03-02 12:40,76.9500,8.4667,86.00,75.20,70.27,0.00,0.00,M,29.77,M,5.00,M,M,M,M,M,M,M,M,M,M,M,M,M,M,M,M,95.19,VOTV 021240Z AUTO 00000KT 5SM 30/24 A2977 RMK T03000240 IEM_DS3505,M
VOTV,2002-03-02 13:40,76.9500,8.4667,84.20,73.40,70.08,0.00,0.00,M,29.77,M,5.00,M,M,M,M,M,M,M,M,M,M,M,M,M,M,M,M,90.94,VOTV 021340Z AUTO 00000KT 5SM 29/23 A2977 RMK T02900230 IEM_DS3505,M
VOTV,2002-03-03 01:40,76.9500,8.4667,71.60,69.80,94.06,0.00,0.00,M,29.83,M,1.00,M,M,M,M,M,M,M,M,M,M,M,M,M,M,M,M,72.88,VOTV 030140Z AUTO 00000KT 1SM 22/21 A2983 RMK T02200210 IEM_DS3505,M
VOTV,2002-03-03 02:40,76.9500,8.4667,78.80,71.60,78.62,0.00,0.00,M,29.83,M,1.25,M,M,M,M,M,M,M,M,M,M,M,M,M,M,M,M,81.70,VOTV 030240Z AUTO 00000KT 1 1/4SM 26/22 A2983 RMK T02600220 IEM_DS3505,M
VOTV,2002-03-03 04:40,76.9500,8.4667,86.00,69.80,58.55,0.00,0.00,M,29.85,M,M,M,M,M,M,M,M,M,M,M,M,M,M,M,M,M,M,90.58,VOTV 030440Z AUTO 00000KT 30/21 A2985 RMK T03000210 IEM_DS3505,M
VOTV,2002-03-03 06:40,76.9500,8.4667,86.00,71.60,62.25,230.00,6.00,M,29.83,M,M,M,M,M,M,M,M,M,M,M,M,M,M,M,M,M,M,91.92,VOTV 030640Z AUTO 23006KT 30/22 A2983 RMK T03000220 IEM_DS3505,M
VOTV,2002-03-03 07:40,76.9500,8.4667,89.60,73.40,59.01,180.00,6.00,M,29.80,M,5.00,M,M,M,M,M,M,M,M,M,M,M,M,M,M,M,M,98.20,VOTV 030740Z AUTO 18006KT 5SM 32/23 A2980 RMK T03200230 IEM_DS3505,M
VOTV,2002-03-03 08:40,76.9500,8.4667,87.80,68.00,51.98,220.00,3.00,M,29.80,M,6.00,M,M,M,M,M,M,M,M,M,M,M,M,M,M,M,M,91.43,VOTV 030840Z AUTO 22003KT 6SM 31/20 A2980 RMK T03100200 IEM_DS3505,M
VOTV,2002-03-03 09:40,76.9500,8.4667,87.80,68.00,51.98,220.00,6.00,M,29.77,M,6.00,M,M,M,M,M,M,M,M,M,M,M,M,M,M,M,M,91.43,VOTV 030940Z AUTO 22006KT 6SM 31/20 A2977 RMK T03100200 IEM_DS3505,M
VOTV,2002-03-03 11:40,76.9500,8.4667,86.00,68.00,55.04,0.00,0.00,M,29.77,M,5.00,M,M,M,M,M,M,M,M,M,M,M,M,M,M,M,M,89.41,VOTV 031140Z AUTO 00000KT 5SM 30/20 A2977 RMK T03000200 IEM_DS3505,M
VOTV,2002-03-03 15:40,76.9500,8.4667,82.40,69.80,65.74,0.00,0.00,M,29.83,M,2.50,M,M,M,M,M,M,M,M,M,M,M,M,M,M,M,M,86.22,VOTV 031540Z AUTO 00000KT 2 1/2SM 28/21 A2983 RMK T02800210 IEM_DS3505,M
VOTV,2002-03-03 16:40,76.9500,8.4667,80.60,69.80,69.71,0.00,0.00,M,29.85,M,1.50,M,M,M,M,M,M,M,M,M,M,M,M,M,M,M,M,83.90,VOTV 031640Z AUTO 00000KT 1 1/2SM 27/21 A2985 RMK T02700210 IEM_DS3505,M
VOTV,2002-03-03 23:40,76.9500,8.4667,80.60,69.80,69.71,0.00,0.00,M,29.77,M,1.50,M,M,M,M,M,M,M,M,M,M,M,M,M,M,M,M,83.90,VOTV 032340Z AUTO 00000KT 1 1/2SM 27/21 A2977 RMK T02700210 IEM_DS3505,M
VOTV,2002-03-04 00:40,76.9500,8.4667,73.40,68.00,83.21,M,M,M,29.80,M,1.25,M,M,M,M,M,M,M,M,M,M,M,M,M,M,M,M,73.40,VOTV 040040Z AUTO 1 1/4SM 23/20 A2980 RMK T02300200 IEM_DS3505,M
VOTV,2002-03-04 02:40,76.9500,8.4667,78.80,69.80,73.95,0.00,0.00,M,29.83,M,2.00,M,M,M,M,M,M,M,M,M,M,M,M,M,M,M,M,81.39,VOTV 040240Z AUTO 00000KT 2SM 26/21 A2983 RMK T02600210 IEM_DS3505,M
VOTV,2002-03-04 03:40,76.9500,8.4667,84.20,69.80,62.03,0.00,0.00,M,29.85,M,2.50,M,M,M,M,M,M,M,M,M,M,M,M,M,M,M,M,88.43,VOTV 040340Z AUTO 00000KT 2 1/2SM 29/21 A2985 RMK T02900210 IEM_DS3505,M
VOTV,2002-03-04 04:40,76.9500,8.4667,84.20,69.80,62.03,M,M,M,29.85,M,M,M,M,M,M,M,M,M,M,M,M,M,M,M,M,M,M,88.43,VOTV 040440Z AUTO 29/21 A2985 RMK T02900210 IEM_DS3505,M
VOTV,2002-03-04 05:40,76.9500,8.4667,87.80,68.00,51.98,M,M,M,29.83,M,M,M,M,M,M,M,M,M,M,M,M,M,M,M,M,M,M,91.43,VOTV 040540Z AUTO 31/20 A2983 RMK T03100200 IEM_DS3505,M
VOTV,2002-03-04 06:40,76.9500,8.4667,87.80,68.00,51.98,260.00,8.00,M,29.80,M,5.00,M,M,M,M,M,M,M,M,M,M,M,M,M,M,M,M,91.43,VOTV 040640Z AUTO 26008KT 5SM 31/20 A2980 RMK T03100200 IEM_DS3505,M
VOTV,2002-03-04 07:40,76.9500,8.4667,87.80,68.00,51.98,220.00,3.00,M,29.77,M,5.00,M,M,M,M,M,M,M,M,M,M,M,M,M,M,M,M,91.43,VOTV 040740Z AUTO 22003KT 5SM 31/20 A2977 RMK T03100200 IEM_DS3505,M
VOTV,2002-03-04 08:40,76.9500,8.4667,89.60,M,M,200.00,4.00,M,29.74,M,5.00,M,M,M,M,M,M,M,M,M,M,M,M,M,M,M,M,M,VOTV 040840Z AUTO 20004KT 5SM 32/ A2974 RMK IEM_DS3505,M
VOTV,2002-03-04 09:40,76.9500,8.4667,87.80,69.80,55.29,240.00,4.00,M,29.71,M,5.00,M,M,M,M,M,M,M,M,M,M,M,M,M,M,M,M,92.71,VOTV 040940Z AUTO 24004KT 5SM 31/21 A2971 RMK T03100210 IEM_DS3505,M
VOTV,2002-03-04 11:40,76.9500,8.4667,87.80,68.00,51.98,190.00,6.00,M,29.71,M,5.00,M,M,M,M,M,M,M,M,M,M,M,M,M,M,M,M,91.43,VOTV 041140Z AUTO 19006KT 5SM 31/20 A2971 RMK T03100200 IEM_DS3505,M
VOTV,2002-03-04 13:40,76.9500,8.4667,82.40,73.40,74.28,M,M,M,29.77,M,4.00,M,M,M,M,M,M,M,M,M,M,M,M,M,M,M,M,88.26,VOTV 041340Z AUTO 4SM 28/23 A2977 RMK T02800230 IEM_DS3505,M
VOTV,2002-03-04 14:40,76.9500,8.4667,82.40,73.40,74.28,M,M,M,29.80,M,2.50,M,M,M,M,M,M,M,M,M,M,M,M,M,M,M,M,88.26,VOTV 041440Z AUTO 2 1/2SM 28/23 A2980 RMK T02800230 IEM_DS3505,M
VOTV,2002-03-04 23:40,76.9500,8.4667,75.20,69.80,83.32,0.00,0.00,M,29.80,M,2.00,M,M,M,M,M,M,M,M,M,M,M,M,M,M,M,M,76.34,VOTV 042340Z AUTO 00000KT 2SM 24/21 A2980 RMK T02400210 IEM_DS3505,M
VOTV,2002-03-05 00:40,76.9500,8.4667,73.40,69.80,88.51,0.00,0.00,M,29.83,M,1.25,M,M,M,M,M,M,M,M,M,M,M,M,M,M,M,M,74.60,VOTV 050040Z AUTO 00000KT 1 1/4SM 23/21 A2983 RMK T02300210 IEM_DS3505,M
VOTV,2002-03-05 01:40,76.9500,8.4667,73.40,69.80,88.51,0.00,0.00,M,29.83,M,1.25,M,M,M,M,M,M,M,M,M,M,M,M,M,M,M,M,74.60,VOTV 050140Z AUTO 00000KT 1 1/4SM 23/21 A2983 RMK T02300210 IEM_DS3505,M
VOTV,2002-03-05 03:40,76.9500,8.4667,86.00,64.40,48.58,350.00,9.00,M,29.85,M,M,M,M,M,M,M,M,M,M,M,M,M,M,M,M,M,M,87.49,VOTV 050340Z AUTO 35009KT 30/18 A2985 RMK T03000180 IEM_DS3505,M
VOTV,2002-03-05 05:40,76.9500,8.4667,89.60,64.40,43.34,300.00,4.00,M,29.85,M,7.00,M,M,M,M,M,M,M,M,M,M,M,M,M,M,M,M,91.23,VOTV 050540Z AUTO 30004KT 7SM 32/18 A2985 RMK T03200180 IEM_DS3505,M
VOTV,2002-03-05 07:40,76.9500,8.4667,89.60,73.40,59.01,270.00,4.00,M,29.80,M,7.00,M,M,M,M,M,M,M,M,M,M,M,M,M,M,M,M,98.20,VOTV 050740Z AUTO 27004KT 7SM 32/23 A2980 RMK T03200230 IEM_DS3505,M
VOTV,2002-03-05 08:40,76.9500,8.4667,89.60,73.40,59.01,230.00,4.00,M,29.80,M,7.00,M,M,M,M,M,M,M,M,M,M,M,M,M,M,M,M,98.20,VOTV 050840Z AUTO 23004KT 7SM 32/23 A2980 RMK T03200230 IEM_DS3505,M
VOTV,2002-03-05 09:40,76.9500,8.4667,89.60,73.40,59.01,170.00,4.00,M,29.77,M,5.00,M,M,M,M,M,M,M,M,M,M,M,M,M,M,M,M,98.20,VOTV 050940Z AUTO 17004KT 5SM 32/23 A2977 RMK T03200230 IEM_DS3505,M
VOTV,2002-03-05 13:40,76.9500,8.4667,82.40,73.40,74.28,0.00,0.00,M,29.80,M,2.50,M,M,M,M,M,M,M,M,M,M,M,M,M,M,M,M,88.26,VOTV 051340Z AUTO 00000KT 2 1/2SM 28/23 A2980 RMK T02800230 IEM_DS3505,M
VOTV,2002-03-05 14:40,76.9500,8.4667,80.60,73.40,78.76,0.00,0.00,M,29.85,M,2.50,M,M,M,M,M,M,M,M,M,M,M,M,M,M,M,M,85.32,VOTV 051440Z AUTO 00000KT 2 1/2SM 27/23 A2985 RMK T02700230 IEM_DS3505,M
VOTV,2002-03-05 15:40,76.9500,8.4667,78.80,73.40,83.55,0.00,0.00,M,29.85,M,2.50,M,M,M,M,M,M,M,M,M,M,M,M,M,M,M,M,82.03,VOTV 051540Z AUTO 00000KT 2 1/2SM 26/23 A2985 RMK T02600230 IEM_DS3505,M
VOTV,2002-03-06 01:40,76.9500,8.4667,73.40,71.60,94.10,0.00,0.00,M,29.88,M,1.00,M,M,M,M,M,M,M,M,M,M,M,M,M,M,M,M,74.86,VOTV 060140Z AUTO 00000KT 1SM 23/22 A2988 RMK T02300220 IEM_DS3505,M
VOTV,2002-03-06 03:40,76.9500,8.4667,82.40,73.40,74.28,0.00,0.00,M,29.91,M,2.00,M,M,M,M,M,M,M,M,M,M,M,M,M,M,M,M,88.26,VOTV 060340Z AUTO 00000KT 2SM 28/23 A2991 RMK T02800230 IEM_DS3505,M
VOTV,2002-03-06 04:40,76.9500,8.4667,86.00,68.00,55.04,0.00,0.00,M,29.94,M,M,M,M,M,M,M,M,M,M,M,M,M,M,M,M,M,M,89.41,VOTV 060440Z AUTO 00000KT 30/20 A2994 RMK T03000200 IEM_DS3505,M
VOTV,2002-03-06 06:40,76.9500,8.4667,87.80,69.80,55.29,270.00,3.00,M,M,M,7.00,M,M,M,M,M,M,M,M,M,M,M,M,M,M,M,M,92.71,VOTV 060640Z AUTO 27003KT 7SM 31/21 RMK T03100210 IEM_DS3505,M
VOTV,2002-03-06 07:40,76.9500,8.4667,87.80,71.60,58.78,250.00,7.00,M,29.85,M,7.00,M,M,M,M,M,M,M,M,M,M,M,M,M,M,M,M,94.18,VOTV 060740Z AUTO 25007KT 7SM 31/22 A2985 RMK T03100220 IEM_DS3505,M
VOTV,2002-03-06 08:40,76.9500,8.4667,87.80,71.60,58.78,240.00,6.00,M,29.83,M,7.00,M,M,M,M,M,M,M,M,M,M,M,M,M,M,M,M,94.18,VOTV 060840Z AUTO 24006KT 7SM 31/22 A2983 RMK T03100220 IEM_DS3505,M
VOTV,2002-03-06 14:40,76.9500,8.4667,82.40,35.60,18.67,0.00,0.00,M,M,M,5.00,M,M,M,M,M,M,M,M,M,M,M,M,M,M,M,M,80.08,VOTV 061440Z AUTO 00000KT 5SM 28/02 RMK T02800020 IEM_DS3505,M
VOTV,2002-03-06 23:40,76.9500,8.4667,78.80,75.20,88.75,0.00,0.00,M,29.83,M,2.50,M,M,M,M,M,M,M,M,M,M,M,M,M,M,M,M,82.38,VOTV 062340Z AUTO 00000KT 2 1/2SM 26/24 A2983 RMK T02600240 IEM_DS3505,M
VOTV,2002-03-07 00:40,76.9500,8.4667,78.80,75.20,88.75,0.00,0.00,M,29.83,M,1.50,M,M,M,M,M,M,M,M,M,M,M,M,M,M,M,M,82.38,VOTV 070040Z AUTO 00000KT 1 1/2SM 26/24 A2983 RMK T02600240 IEM_DS3505,M
VOTV,2002-03-07 01:40,76.9500,8.4667,77.00,73.40,88.67,0.00,0.00,M,29.85,M,1.25,M,M,M,M,M,M,M,M,M,M,M,M,M,M,M,M,78.57,VOTV 070140Z AUTO 00000KT 1 1/4SM 25/23 A2985 RMK T02500230 IEM_DS3505,M
VOTV,2002-03-07 16:40,76.9500,8.4667,80.60,75.20,83.66,0.00,0.00,M,29.85,M,4.00,M,M,M,M,M,M,M,M,M,M,M,M,M,M,M,M,86.17,VOTV 071640Z AUTO 00000KT 4SM 27/24 A2985 RMK T02700240 IEM_DS3505,M
VOTV,2002-03-08 01:40,76.9500,8.4667,75.20,73.40,94.14,0.00,0.00,M,29.83,M,1.00,M,M,M,M,M,M,M,M,M,M,M,M,M,M,M,M,76.84,VOTV 080140Z AUTO 00000KT 1SM 24/23 A2983 RMK T02400230 IEM_DS3505,M
VOTV,2002-03-08 02:40,76.9500,8.4667,80.60,75.20,83.66,0.00,0.00,M,29.85,M,1.25,M,M,M,M,M,M,M,M,M,M,M,M,M,M,M,M,86.17,VOTV 080240Z AUTO 00000KT 1 1/4SM 27/24 A2985 RMK T02700240 IEM_DS3505,M
VOTV,2002-03-08 04:40,76.9500,8.4667,86.00,73.40,66.15,200.00,3.00,M,29.88,M,M,M,M,M,M,M,M,M,M,M,M,M,M,M,M,M,M,93.45,VOTV 080440Z AUTO 20003KT 30/23 A2988 RMK T03000230 IEM_DS3505,M
VOTV,2002-03-08 12:40,76.9500,8.4667,84.20,77.00,79.04,150.00,4.00,M,29.77,M,4.00,M,M,M,M,M,M,M,M,M,M,M,M,M,M,M,M,94.16,VOTV 081240Z AUTO 15004KT 4SM 29/25 A2977 RMK T02900250 IEM_DS3505,M
VOTV,2002-03-09 00:40,76.9500,8.4667,77.00,75.20,94.19,0.00,0.00,M,29.85,M,1.50,M,M,M,M,M,M,M,M,M,M,M,M,M,M,M,M,78.83,VOTV 090040Z AUTO 00000KT 1 1/2SM 25/24 A2985 RMK T02500240 IEM_DS3505,M
VOTV,2002-03-09 01:40,76.9500,8.4667,77.00,75.20,94.19,0.00,0.00,M,29.85,M,1.25,M,M,M,M,M,M,M,M,M,M,M,M,M,M,M,M,78.83,VOTV 090140Z AUTO 00000KT 1 1/4SM 25/24 A2985 RMK T02500240 IEM_DS3505,M
VOTV,2002-03-09 02:40,76.9500,8.4667,82.40,75.20,78.90,0.00,0.00,M,29.88,M,1.50,M,M,M,M,M,M,M,M,M,M,M,M,M,M,M,M,89.48,VOTV 090240Z AUTO 00000KT 1 1/2SM 28/24 A2988 RMK T02800240 IEM_DS3505,M
VOTV,2002-03-09 05:40,76.9500,8.4667,86.00,75.20,70.27,270.00,5.00,M,29.88,M,5.00,M,M,M,M,M,M,M,M,M,M,M,M,M,M,M,M,95.19,VOTV 090540Z AUTO 27005KT 5SM 30/24 A2988 RMK T03000240 IEM_DS3505,M
VOTV,2002-03-09 06:40,76.9500,8.4667,86.00,75.20,70.27,260.00,8.00,M,29.85,M,7.00,M,M,M,M,M,M,M,M,M,M,M,M,M,M,M,M,95.19,VOTV 090640Z AUTO 26008KT 7SM 30/24 A2985 RMK T03000240 IEM_DS3505,M
VOTV,2002-03-09 09:40,76.9500,8.4667,87.80,75.20,66.35,210.00,5.00,M,29.80,M,7.00,M,M,M,M,M,M,M,M,M,M,M,M,M,M,M,M,97.76,VOTV 090940Z AUTO 21005KT 7SM 31/24 A2980 RMK T03100240 IEM_DS3505,M
VOTV,2002-03-09 23:40,76.9500,8.4667,73.40,69.80,88.51,0.00,0.00,M,29.85,M,2.00,M,M,M,M,M,M,M,M,M,M,M,M,M,M,M,M,74.60,VOTV 092340Z AUTO 00000KT 2SM 23/21 A2985 RMK T02300210 IEM_DS3505,M
VOTV,2002-03-10 00:40,76.9500,8.4667,73.40,69.80,88.51,0.00,0.00,M,29.85,M,1.25,M,M,M,M,M,M,M,M,M,M,M,M,M,M,M,M,74.60,VOTV 100040Z AUTO 00000KT 1 1/4SM 23/21 A2985 RMK T02300210 IEM_DS3505,M
VOTV,2002-03-10 03:40,76.9500,8.4667,86.00,68.00,55.04,M,M,M,29.94,M,M,M,M,M,M,M,M,M,M,M,M,M,M,M,M,M,M,89.41,VOTV 100340Z AUTO 30/20 A2994 RMK T03000200 IEM_DS3505,M
VOTV,2002-03-10 05:40,76.9500,8.4667,91.40,69.80,49.36,M,M,M,29.94,M,7.00,M,M,M,M,M,M,M,M,M,M,M,M,M,M,M,M,96.99,VOTV 100540Z AUTO 7SM 33/21 A2994 RMK T03300210 IEM_DS3505,M
VOTV,2002-03-10 06:40,76.9500,8.4667,89.60,69.80,52.23,240.00,8.00,M,29.91,M,7.00,M,M,M,M,M,M,M,M,M,M,M,M,M,M,M,M,94.85,VOTV 100640Z AUTO 24008KT 7SM 32/21 A2991 RMK T03200210 IEM_DS3505,M
VOTV,2002-03-10 11:40,76.9500,8.4667,M,M,M,M,M,M,M,M,7.00,M,M,M,M,M,M,M,M,M,M,M,M,M,M,M,M,M,VOTV 101140Z AUTO 7SM RMK IEM_DS3505,M
VOTV,2002-03-10 12:40,76.9500,8.4667,87.80,73.40,62.47,M,M,M,29.80,M,5.00,M,M,M,M,M,M,M,M,M,M,M,M,M,M,M,M,95.86,VOTV 101240Z AUTO 5SM 31/23 A2980 RMK T03100230 IEM_DS3505,M
VOTV,2002-03-10 23:40,76.9500,8.4667,75.20,69.80,83.32,M,M,M,29.85,M,2.00,M,M,M,M,M,M,M,M,M,M,M,M,M,M,M,M,75.20,VOTV 102340Z AUTO 2SM 24/21 A2985 RMK T02400210 IEM_DS3505,M
VOTV,2002-03-11 01:40,76.9500,8.4667,73.40,68.00,83.21,M,M,M,29.88,M,1.50,M,M,M,M,M,M,M,M,M,M,M,M,M,M,M,M,73.40,VOTV 110140Z AUTO 1 1/2SM 23/20 A2988 RMK T02300200 IEM_DS3505,M
VOTV,2002-03-11 02:40,76.9500,8.4667,78.80,69.80,73.95,0.00,0.00,M,29.88,M,1.50,M,M,M,M,M,M,M,M,M,M,M,M,M,M,M,M,81.39,VOTV 110240Z AUTO 00000KT 1 1/2SM 26/21 A2988 RMK T02600210 IEM_DS3505,M
VOTV,2002-03-11 03:40,76.9500,8.4667,86.00,68.00,55.04,0.00,0.00,M,29.91,M,2.50,M,M,M,M,M,M,M,M,M,M,M,M,M,M,M,M,89.41,VOTV 110340Z AUTO 00000KT 2 1/2SM 30/20 A2991 RMK T03000200 IEM_DS3505,M
VOTV,2002-03-11 04:40,76.9500,8.4667,M,M,M,0.00,0.00,M,M,M,M,M,M,M,M,M,M,M,M,M,M,M,M,M,M,M,M,M,VOTV 110440Z AUTO 00000KT RMK IEM_DS3505,M
VOTV,2002-03-11 06:40,76.9500,8.4667,87.80,66.20,48.84,230.00,3.00,M,29.85,M,7.00,M,M,M,M,M,M,M,M,M,M,M,M,M,M,M,M,90.31,VOTV 110640Z AUTO 23003KT 7SM 31/19 A2985 RMK T03100190 IEM_DS3505,M
VOTV,2002-03-11 08:40,76.9500,8.4667,87.80,71.60,58.78,240.00,6.00,M,29.80,M,7.00,M,M,M,M,M,M,M,M,M,M,M,M,M,M,M,M,94.18,VOTV 110840Z AUTO 24006KT 7SM 31/22 A2980 RMK T03100220 IEM_DS3505,M
VOTV,2002-03-11 09:40,76.9500,8.4667,89.60,73.40,59.01,200.00,6.00,M,29.77,M,7.00,M,M,M,M,M,M,M,M,M,M,M,M,M,M,M,M,98.20,VOTV 110940Z AUTO 20006KT 7SM 32/23 A2977 RMK T03200230 IEM_DS3505,M
VOTV,2002-03-11 11:40,76.9500,8.4667,87.80,82.40,84.10,220.00,6.00,M,29.77,M,5.00,M,M,M,M,M,M,M,M,M,M,M,M,M,M,M,M,108.27,VOTV 111140Z AUTO 22006KT 5SM 31/28 A2977 RMK T03100280 IEM_DS3505,M
VOTV,2002-03-11 12:40,76.9500,8.4667,84.20,71.60,65.95,0.00,0.00,M,29.77,M,M,M,M,M,M,M,M,M,M,M,M,M,M,M,M,M,M,89.60,VOTV 111240Z AUTO 00000KT 29/22 A2977 RMK T02900220 IEM_DS3505,M
VOTV,2002-03-11 14:40,76.9500,8.4667,84.20,71.60,65.95,M,M,M,29.83,M,M,M,M,M,M,M,M,M,M,M,M,M,M,M,M,M,M,89.60,VOTV 111440Z AUTO 29/22 A2983 RMK T02900220 IEM_DS3505,M
VOTV,2002-03-11 16:40,76.9500,8.4667,82.40,73.40,74.28,M,M,M,29.88,M,4.00,M,M,M,M,M,M,M,M,M,M,M,M,M,M,M,M,88.26,VOTV 111640Z AUTO 4SM 28/23 A2988 RMK T02800230 IEM_DS3505,M
VOTV,2002-03-11 23:40,76.9500,8.4667,75.20,73.40,94.14,M,M,M,29.83,M,1.50,M,M,M,M,M,M,M,M,M,M,M,M,M,M,M,M,75.20,VOTV 112340Z AUTO 1 1/2SM 24/23 A2983 RMK T02400230 IEM_DS3505,M
VOTV,2002-03-12 02:40,76.9500,8.4667,80.60,71.60,74.11,0.00,0.00,M,29.88,M,2.00,M,M,M,M,M,M,M,M,M,M,M,M,M,M,M,M,84.57,VOTV 120240Z AUTO 00000KT 2SM 27/22 A2988 RMK T02700220 IEM_DS3505,M
VOTV,2002-03-12 05:40,76.9500,8.4667,86.00,73.40,66.15,0.00,0.00,M,29.88,M,5.00,M,M,M,M,M,M,M,M,M,M,M,M,M,M,M,M,93.45,VOTV 120540Z AUTO 00000KT 5SM 30/23 A2988 RMK T03000230 IEM_DS3505,M
VOTV,2002-03-12 06:40,76.9500,8.4667,87.80,73.40,62.47,180.00,6.00,M,29.85,M,5.00,M,M,M,M,M,M,M,M,M,M,M,M,M,M,M,M,95.86,VOTV 120640Z AUTO 18006KT 5SM 31/23 A2985 RMK T03100230 IEM_DS3505,M
VOTV,2002-03-12 09:40,76.9500,8.4667,87.80,66.20,48.84,200.00,4.00,M,29.77,M,7.00,M,M,M,M,M,M,M,M,M,M,M,M,M,M,M,M,90.31,VOTV 120940Z AUTO 20004KT 7SM 31/19 A2977 RMK T03100190 IEM_DS3505,M
VOTV,2002-03-12 10:40,76.9500,8.4667,87.80,66.20,48.84,190.00,4.00,M,29.77,M,7.00,M,M,M,M,M,M,M,M,M,M,M,M,M,M,M,M,90.31,VOTV 121040Z AUTO 19004KT 7SM 31/19 A2977 RMK T03100190 IEM_DS3505,M
VOTV,2002-03-12 11:40,76.9500,8.4667,86.00,69.80,58.55,210.00,3.00,M,29.77,M,7.00,M,M,M,M,M,M,M,M,M,M,M,M,M,M,M,M,90.58,VOTV 121140Z AUTO 21003KT 7SM 30/21 A2977 RMK T03000210 IEM_DS3505,M
VOTV,2002-03-12 15:40,76.9500,8.4667,82.40,75.20,78.90,0.00,0.00,M,29.88,M,2.50,M,M,M,M,M,M,M,M,M,M,M,M,M,M,M,M,89.48,VOTV 121540Z AUTO 00000KT 2 1/2SM 28/24 A2988 RMK T02800240 IEM_DS3505,M
VOTV,2002-03-13 00:40,76.9500,8.4667,71.60,68.00,88.43,0.00,0.00,M,29.85,M,1.50,M,M,M,M,M,M,M,M,M,M,M,M,M,M,M,M,72.62,VOTV 130040Z AUTO 00000KT 1 1/2SM 22/20 A2985 RMK T02200200 IEM_DS3505,M
VOTV,2002-03-13 04:40,76.9500,8.4667,87.80,62.60,43.07,0.00,0.00,M,30.03,M,5.00,M,M,M,M,M,M,M,M,M,M,M,M,M,M,M,M,88.48,VOTV 130440Z AUTO 00000KT 5SM 31/17 A3003 RMK T03100170 IEM_DS3505,M
VOTV,2002-03-13 06:40,76.9500,8.4667,87.80,66.20,48.84,230.00,3.00,M,29.88,M,5.00,M,M,M,M,M,M,M,M,M,M,M,M,M,M,M,M,90.31,VOTV 130640Z AUTO 23003KT 5SM 31/19 A2988 RMK T03100190 IEM_DS3505,M
VOTV,2002-03-13 10:40,76.9500,8.4667,87.80,71.60,58.78,230.00,5.00,M,29.80,M,7.00,M,M,M,M,M,M,M,M,M,M,M,M,M,M,M,M,94.18,VOTV 131040Z AUTO 23005KT 7SM 31/22 A2980 RMK T03100220 IEM_DS3505,M
VOTV,2002-03-13 23:40,76.9500,8.4667,82.40,73.40,74.28,0.00,0.00,M,29.85,M,2.00,M,M,M,M,M,M,M,M,M,M,M,M,M,M,M,M,88.26,VOTV 132340Z AUTO 00000KT 2SM 28/23 A2985 RMK T02800230 IEM_DS3505,M
VOTV,2002-03-14 00:40,76.9500,8.4667,77.00,71.60,83.44,0.00,0.00,M,29.85,M,1.50,M,M,M,M,M,M,M,M,M,M,M,M,M,M,M,M,78.32,VOTV 140040Z AUTO 00000KT 1 1/2SM 25/22 A2985 RMK T02500220 IEM_DS3505,M
VOTV,2002-03-14 02:40,76.9500,8.4667,78.80,71.60,78.62,80.00,3.00,M,29.91,M,1.25,M,M,M,M,M,M,M,M,M,M,M,M,M,M,M,M,81.70,VOTV 140240Z AUTO 08003KT 1 1/4SM 26/22 A2991 RMK T02600220 IEM_DS3505,M
VOTV,2002-03-14 04:40,76.9500,8.4667,M,M,M,0.00,0.00,M,M,M,2.50,M,M,M,M,M,M,M,M,M,M,M,M,M,M,M,M,M,VOTV 140440Z AUTO 00000KT 2 1/2SM RMK IEM_DS3505,M
VOTV,2002-03-14 07:40,76.9500,8.4667,M,M,M,180.00,3.00,M,M,M,4.00,M,M,M,M,M,M,M,M,M,M,M,M,M,M,M,M,M,VOTV 140740Z AUTO 18003KT 4SM RMK IEM_DS3505,M
VOTV,2002-03-14 08:40,76.9500,8.4667,86.00,71.60,62.25,260.00,3.00,M,29.85,M,M,M,M,M,M,M,M,M,M,M,M,M,M,M,M,M,M,91.92,VOTV 140840Z AUTO 26003KT 30/22 A2985 RMK T03000220 IEM_DS3505,M
VOTV,2002-03-14 10:40,76.9500,8.4667,87.80,73.40,62.47,0.00,0.00,M,29.80,M,5.00,M,M,M,M,M,M,M,M,M,M,M,M,M,M,M,M,95.86,VOTV 141040Z AUTO 00000KT 5SM 31/23 A2980 RMK T03100230 IEM_DS3505,M
VOTV,2002-03-14 23:40,76.9500,8.4667,M,M,M,0.00,0.00,M,M,M,2.50,M,M,M,M,M,M,M,M,M,M,M,M,M,M,M,M,M,VOTV 142340Z AUTO 00000KT 2 1/2SM RMK IEM_DS3505,M
VOTV,2002-03-15 00:40,76.9500,8.4667,M,M,M,0.00,0.00,M,M,M,1.25,M,M,M,M,M,M,M,M,M,M,M,M,M,M,M,M,M,VOTV 150040Z AUTO 00000KT 1 1/4SM RMK IEM_DS3505,M
VOTV,2002-03-15 03:40,76.9500,8.4667,84.20,75.20,74.44,0.00,0.00,M,29.88,M,2.00,M,M,M,M,M,M,M,M,M,M,M,M,M,M,M,M,92.45,VOTV 150340Z AUTO 00000KT 2SM 29/24 A2988 RMK T02900240 IEM_DS3505,M
VOTV,2002-03-15 05:40,76.9500,8.4667,86.00,71.60,62.25,210.00,3.00,M,29.88,M,5.00,M,M,M,M,M,M,M,M,M,M,M,M,M,M,M,M,91.92,VOTV 150540Z AUTO 21003KT 5SM 30/22 A2988 RMK T03000220 IEM_DS3505,M
VOTV,2002-03-15 07:40,76.9500,8.4667,89.60,71.60,55.53,220.00,7.00,M,29.85,M,5.00,M,M,M,M,M,M,M,M,M,M,M,M,M,M,M,M,96.41,VOTV 150740Z AUTO 22007KT 5SM 32/22 A2985 RMK T03200220 IEM_DS3505,M
VOTV,2002-03-15 08:40,76.9500,8.4667,M,M,M,230.00,8.00,M,M,M,7.00,M,M,M,M,M,M,M,M,M,M,M,M,M,M,M,M,M,VOTV 150840Z AUTO 23008KT 7SM RMK IEM_DS3505,M
VOTV,2002-03-15 13:40,76.9500,8.4667,M,M,M,0.00,0.00,M,M,M,4.00,M,M,M,M,M,M,M,M,M,M,M,M,M,M,M,M,M,VOTV 151340Z AUTO 00000KT 4SM RMK IEM_DS3505,M
VOTV,2002-03-15 16:40,76.9500,8.4667,M,M,M,M,M,M,M,M,4.00,M,M,M,M,M,M,M,M,M,M,M,M,M,M,M,M,M,VOTV 151640Z AUTO 4SM RMK IEM_DS3505,M
VOTV,2002-03-16 01:40,76.9500,8.4667,77.00,73.40,88.67,0.00,0.00,M,29.83,M,2.00,M,M,M,M,M,M,M,M,M,M,M,M,M,M,M,M,78.57,VOTV 160140Z AUTO 00000KT 2SM 25/23 A2983 RMK T02500230 IEM_DS3505,M
VOTV,2002-03-16 07:40,76.9500,8.4667,87.80,73.40,62.47,250.00,4.00,M,29.80,M,5.00,M,M,M,M,M,M,M,M,M,M,M,M,M,M,M,M,95.86,VOTV 160740Z AUTO 25004KT 5SM 31/23 A2980 RMK T03100230 IEM_DS3505,M
VOTV,2002-03-16 09:40,76.9500,8.4667,86.00,73.40,66.15,260.00,7.00,M,29.77,M,M,M,M,M,M,M,M,M,M,M,M,M,M,M,M,M,M,93.45,VOTV 160940Z AUTO 26007KT 30/23 A2977 RMK T03000230 IEM_DS3505,M
VOTV,2002-03-16 10:40,76.9500,8.4667,M,M,M,80.00,10.00,M,M,M,2.50,M,M,M,M,M,M,M,M,M,M,M,M,M,M,M,M,M,VOTV 161040Z AUTO 08010KT 2 1/2SM RMK IEM_DS3505,M
VOTV,2002-03-16 11:40,76.9500,8.4667,M,M,M,0.00,0.00,M,M,M,2.50,M,M,M,M,M,M,M,M,M,M,M,M,M,M,M,M,M,VOTV 161140Z AUTO 00000KT 2 1/2SM RMK IEM_DS3505,M
VOTV,2002-03-16 12:40,76.9500,8.4667,M,M,M,0.00,0.00,M,M,M,2.50,M,M,M,M,M,M,M,M,M,M,M,M,M,M,M,M,M,VOTV 161240Z AUTO 00000KT 2 1/2SM RMK IEM_DS3505,M
VOTV,2002-03-16 13:40,76.9500,8.4667,M,M,M,0.00,0.00,M,M,M,2.50,M,M,M,M,M,M,M,M,M,M,M,M,M,M,M,M,M,VOTV 161340Z AUTO 00000KT 2 1/2SM RMK IEM_DS3505,M
VOTV,2002-03-22 08:40,76.9500,8.4667,M,M,M,260.00,6.00,M,M,M,5.00,M,M,M,M,M,M,M,M,M,M,M,M,M,M,M,M,M,VOTV 220840Z AUTO 26006KT 5SM RMK IEM_DS3505,M
VOTV,2002-03-22 09:40,76.9500,8.4667,89.60,75.20,62.68,250.00,5.00,M,29.71,M,M,M,M,M,M,M,M,M,M,M,M,M,M,M,M,M,M,100.23,VOTV 220940Z AUTO 25005KT 32/24 A2971 RMK T03200240 IEM_DS3505,M
VOTV,2002-03-22 10:40,76.9500,8.4667,87.80,75.20,66.35,260.00,3.00,M,29.71,M,M,M,M,M,M,M,M,M,M,M,M,M,M,M,M,M,M,97.76,VOTV 221040Z AUTO 26003KT 31/24 A2971 RMK T03100240 IEM_DS3505,M
VOTV,2002-03-22 11:40,76.9500,8.4667,86.00,75.20,70.27,280.00,5.00,M,29.71,M,4.00,M,M,M,M,M,M,M,M,M,M,M,M,M,M,M,M,95.19,VOTV 221140Z AUTO 28005KT 4SM 30/24 A2971 RMK T03000240 IEM_DS3505,M
VOTV,2002-03-22 12:40,76.9500,8.4667,M,M,M,0.00,0.00,M,M,M,2.50,M,M,M,M,M,M,M,M,M,M,M,M,M,M,M,M,M,VOTV 221240Z AUTO 00000KT 2 1/2SM RMK IEM_DS3505,M
VOTV,2002-03-23 06:40,76.9500,8.4667,87.80,75.20,66.35,290.00,12.00,M,29.80,M,M,M,M,M,M,M,M,M,M,M,M,M,M,M,M,M,M,97.76,VOTV 230640Z AUTO 29012KT 31/24 A2980 RMK T03100240 IEM_DS3505,M
VOTV,2002-03-23 07:40,76.9500,8.4667,89.60,73.40,59.01,290.00,14.00,M,29.77,M,M,M,M,M,M,M,M,M,M,M,M,M,M,M,M,M,M,98.20,VOTV 230740Z AUTO 29014KT 32/23 A2977 RMK T03200230 IEM_DS3505,M
VOTV,2002-03-23 12:40,76.9500,8.4667,86.00,75.20,70.27,310.00,12.00,M,29.71,M,M,M,M,M,M,M,M,M,M,M,M,M,M,M,M,M,M,95.19,VOTV 231240Z AUTO 31012KT 30/24 A2971 RMK T03000240 IEM_DS3505,M
VOTV,2002-03-23 14:40,76.9500,8.4667,84.20,73.40,70.08,0.00,0.00,M,29.77,M,M,M,M,M,M,M,M,M,M,M,M,M,M,M,M,M,M,90.94,VOTV 231440Z AUTO 00000KT 29/23 A2977 RMK T02900230 IEM_DS3505,M
VOTV,2002-03-23 16:40,76.9500,8.4667,82.40,73.40,74.28,0.00,0.00,M,29.80,M,2.50,M,M,M,M,M,M,M,M,M,M,M,M,M,M,M,M,88.26,VOTV 231640Z AUTO 00000KT 2 1/2SM 28/23 A2980 RMK T02800230 IEM_DS3505,M
VOTV,2002-03-24 04:40,76.9500,8.4667,86.00,75.20,70.27,350.00,5.00,M,29.83,M,5.00,M,M,M,M,M,M,M,M,M,M,M,M,M,M,M,M,95.19,VOTV 240440Z AUTO 35005KT 5SM 30/24 A2983 RMK T03000240 IEM_DS3505,M
VOTV,2002-03-24 05:40,76.9500,8.4667,87.80,75.20,66.35,320.00,8.00,M,29.80,M,5.00,M,M,M,M,M,M,M,M,M,M,M,M,M,M,M,M,97.76,VOTV 240540Z AUTO 32008KT 5SM 31/24 A2980 RMK T03100240 IEM_DS3505,M
VOTV,2002-03-24 10:40,76.9500,8.4667,87.80,73.40,62.47,280.00,9.00,M,29.68,M,5.00,M,M,M,M,M,M,M,M,M,M,M,M,M,M,M,M,95.86,VOTV 241040Z AUTO 28009KT 5SM 31/23 A2968 RMK T03100230 IEM_DS3505,M
VOTV,2002-03-24 12:40,76.9500,8.4667,86.00,75.20,70.27,280.00,6.00,M,29.68,M,M,M,M,M,M,M,M,M,M,M,M,M,M,M,M,M,M,95.19,VOTV 241240Z AUTO 28006KT 30/24 A2968 RMK T03000240 IEM_DS3505,M
VOTV,2002-03-24 15:40,76.9500,8.4667,84.20,77.00,79.04,290.00,4.00,M,29.74,M,4.00,M,M,M,M,M,M,M,M,M,M,M,M,M,M,M,M,94.16,VOTV 241540Z AUTO 29004KT 4SM 29/25 A2974 RMK T02900250 IEM_DS3505,M
VOTV,2002-03-24 17:40,76.9500,8.4667,84.20,77.00,79.04,0.00,0.00,M,29.77,M,4.00,M,M,M,M,M,M,M,M,M,M,M,M,M,M,M,M,94.16,VOTV 241740Z AUTO 00000KT 4SM 29/25 A2977 RMK T02900250 IEM_DS3505,M
VOTV,2002-03-24 23:40,76.9500,8.4667,80.60,75.20,83.66,0.00,0.00,M,29.71,M,2.50,M,M,M,M,M,M,M,M,M,M,M,M,M,M,M,M,86.17,VOTV 242340Z AUTO 00000KT 2 1/2SM 27/24 A2971 RMK T02700240 IEM_DS3505,M
VOTV,2002-03-25 01:40,76.9500,8.4667,80.60,73.40,78.76,M,M,M,29.74,M,2.50,M,M,M,M,M,M,M,M,M,M,M,M,M,M,M,M,85.32,VOTV 250140Z AUTO 2 1/2SM 27/23 A2974 RMK T02700230 IEM_DS3505,M
VOTV,2002-03-25 02:40,76.9500,8.4667,84.20,75.20,74.44,350.00,3.00,M,29.77,M,2.50,M,M,M,M,M,M,M,M,M,M,M,M,M,M,M,M,92.45,VOTV 250240Z AUTO 35003KT 2 1/2SM 29/24 A2977 RMK T02900240 IEM_DS3505,M
VOTV,2002-03-25 03:40,76.9500,8.4667,86.00,75.20,70.27,340.00,6.00,M,29.77,M,M,M,M,M,M,M,M,M,M,M,M,M,M,M,M,M,M,95.19,VOTV 250340Z AUTO 34006KT 30/24 A2977 RMK T03000240 IEM_DS3505,M
VOTV,2002-03-25 04:40,76.9500,8.4667,89.60,77.00,66.55,320.00,5.00,M,29.77,M,5.00,M,M,M,M,M,M,M,M,M,M,M,M,M,M,M,M,102.54,VOTV 250440Z AUTO 32005KT 5SM 32/25 A2977 RMK T03200250 IEM_DS3505,M
VOTV,2002-03-25 05:40,76.9500,8.4667,89.60,77.00,66.55,290.00,8.00,M,29.74,M,5.00,M,M,M,M,M,M,M,M,M,M,M,M,M,M,M,M,102.54,VOTV 250540Z AUTO 29008KT 5SM 32/25 A2974 RMK T03200250 IEM_DS3505,M
VOTV,2002-03-25 06:40,76.9500,8.4667,87.80,75.20,66.35,300.00,12.00,M,29.71,M,5.00,M,M,M,M,M,M,M,M,M,M,M,M,M,M,M,M,97.76,VOTV 250640Z AUTO 30012KT 5SM 31/24 A2971 RMK T03100240 IEM_DS3505,M
VOTV,2002-03-25 08:40,76.9500,8.4667,87.80,73.40,62.47,300.00,10.00,M,29.65,M,5.00,20.00,M,M,M,M,M,M,M,M,M,M,M,M,M,M,M,95.86,VOTV 250840Z AUTO 30010G20KT 5SM 31/23 A2965 RMK T03100230 IEM_DS3505,M
VOTV,2002-03-25 10:40,76.9500,8.4667,87.80,75.20,66.35,300.00,10.00,M,29.62,M,5.00,20.00,M,M,M,M,M,M,M,M,M,M,M,M,M,M,M,97.76,VOTV 251040Z AUTO 30010G20KT 5SM 31/24 A2962 RMK T03100240 IEM_DS3505,M
VOTV,2002-03-25 11:40,76.9500,8.4667,86.00,75.20,70.27,300.00,8.00,M,29.62,M,5.00,18.00,M,M,M,M,M,M,M,M,M,M,M,M,M,M,M,95.19,VOTV 251140Z AUTO 30008G18KT 5SM 30/24 A2962 RMK T03000240 IEM_DS3505,M
VOTV,2002-03-26 02:40,76.9500,8.4667,82.40,75.20,78.90,0.00,0.00,M,29.77,M,2.00,M,M,M,M,M,M,M,M,M,M,M,M,M,M,M,M,89.48,VOTV 260240Z AUTO 00000KT 2SM 28/24 A2977 RMK T02800240 IEM_DS3505,M
VOTV,2002-03-26 03:40,76.9500,8.4667,84.20,75.20,74.44,0.00,0.00,M,29.77,M,2.50,M,M,M,M,M,M,M,M,M,M,M,M,M,M,M,M,92.45,VOTV 260340Z AUTO 00000KT 2 1/2SM 29/24 A2977 RMK T02900240 IEM_DS3505,M
VOTV,2002-03-26 05:40,76.9500,8.4667,86.00,75.20,70.27,250.00,4.00,M,29.77,M,5.00,M,M,M,M,M,M,M,M,M,M,M,M,M,M,M,M,95.19,VOTV 260540Z AUTO 25004KT 5SM 30/24 A2977 RMK T03000240 IEM_DS3505,M
VOTV,2002-03-26 08:40,76.9500,8.4667,87.80,75.20,66.35,280.00,5.00,M,29.68,M,5.00,M,M,M,M,M,M,M,M,M,M,M,M,M,M,M,M,97.76,VOTV 260840Z AUTO 28005KT 5SM 31/24 A2968 RMK T03100240 IEM_DS3505,M
VOTV,2002-03-26 15:40,76.9500,8.4667,M,M,M,0.00,0.00,M,M,M,2.50,M,M,M,M,M,M,M,M,M,M,M,M,M,M,M,M,M,VOTV 261540Z AUTO 00000KT 2 1/2SM RMK IEM_DS3505,M
VOTV,2002-03-26 16:40,76.9500,8.4667,M,M,M,0.00,0.00,M,M,M,2.50,M,M,M,M,M,M,M,M,M,M,M,M,M,M,M,M,M,VOTV 261640Z AUTO 00000KT 2 1/2SM RMK IEM_DS3505,M
VOTV,2002-03-27 02:40,76.9500,8.4667,82.40,75.20,78.90,0.00,0.00,M,29.80,M,2.50,M,M,M,M,M,M,M,M,M,M,M,M,M,M,M,M,89.48,VOTV 270240Z AUTO 00000KT 2 1/2SM 28/24 A2980 RMK T02800240 IEM_DS3505,M
VOTV,2002-03-27 03:40,76.9500,8.4667,86.00,75.20,70.27,0.00,0.00,M,29.80,M,2.50,M,M,M,M,M,M,M,M,M,M,M,M,M,M,M,M,95.19,VOTV 270340Z AUTO 00000KT 2 1/2SM 30/24 A2980 RMK T03000240 IEM_DS3505,M
VOTV,2002-03-27 04:40,76.9500,8.4667,86.00,75.20,70.27,0.00,0.00,M,29.83,M,M,M,M,M,M,M,M,M,M,M,M,M,M,M,M,M,M,95.19,VOTV 270440Z AUTO 00000KT 30/24 A2983 RMK T03000240 IEM_DS3505,M
VOTV,2002-03-27 05:40,76.9500,8.4667,87.80,75.20,66.35,0.00,0.00,M,29.80,M,M,M,M,M,M,M,M,M,M,M,M,M,M,M,M,M,M,97.76,VOTV 270540Z AUTO 00000KT 31/24 A2980 RMK T03100240 IEM_DS3505,M
VOTV,2002-03-27 06:40,76.9500,8.4667,87.80,75.20,66.35,240.00,3.00,M,29.80,M,M,M,M,M,M,M,M,M,M,M,M,M,M,M,M,M,M,97.76,VOTV 270640Z AUTO 24003KT 31/24 A2980 RMK T03100240 IEM_DS3505,M
VOTV,2002-03-27 07:40,76.9500,8.4667,89.60,75.20,62.68,240.00,4.00,M,29.77,M,M,M,M,M,M,M,M,M,M,M,M,M,M,M,M,M,M,100.23,VOTV 270740Z AUTO 24004KT 32/24 A2977 RMK T03200240 IEM_DS3505,M
VOTV,2002-03-27 08:40,76.9500,8.4667,M,M,M,240.00,4.00,M,M,M,4.00,M,M,M,M,M,M,M,M,M,M,M,M,M,M,M,M,M,VOTV 270840Z AUTO 24004KT 4SM RMK IEM_DS3505,M
VOTV,2002-03-27 10:40,76.9500,8.4667,89.60,75.20,62.68,200.00,4.00,M,29.71,M,M,M,M,M,M,M,M,M,M,M,M,M,M,M,M,M,M,100.23,VOTV 271040Z AUTO 20004KT 32/24 A2971 RMK T03200240 IEM_DS3505,M
VOTV,2002-03-27 11:40,76.9500,8.4667,M,M,M,200.00,4.00,M,M,M,4.00,M,M,M,M,M,M,M,M,M,M,M,M,M,M,M,M,M,VOTV 271140Z AUTO 20004KT 4SM RMK IEM_DS3505,M
VOTV,2002-03-27 12:40,76.9500,8.4667,M,M,M,0.00,0.00,M,M,M,4.00,M,M,M,M,M,M,M,M,M,M,M,M,M,M,M,M,M,VOTV 271240Z AUTO 00000KT 4SM RMK IEM_DS3505,M
VOTV,2002-03-27 13:40,76.9500,8.4667,M,M,M,0.00,0.00,M,M,M,4.00,M,M,M,M,M,M,M,M,M,M,M,M,M,M,M,M,M,VOTV 271340Z AUTO 00000KT 4SM RMK IEM_DS3505,M
VOTV,2002-03-27 23:40,76.9500,8.4667,78.80,75.20,88.75,0.00,0.00,M,29.74,M,2.50,M,M,M,M,M,M,M,M,M,M,M,M,M,M,M,M,82.38,VOTV 272340Z AUTO 00000KT 2 1/2SM 26/24 A2974 RMK T02600240 IEM_DS3505,M
VOTV,2002-03-28 01:40,76.9500,8.4667,80.60,77.00,88.83,0.00,0.00,M,29.80,M,1.50,M,M,M,M,M,M,M,M,M,M,M,M,M,M,M,M,87.10,VOTV 280140Z AUTO 00000KT 1 1/2SM 27/25 A2980 RMK T02700250 IEM_DS3505,M
VOTV,2002-03-28 02:40,76.9500,8.4667,84.20,77.00,79.04,0.00,0.00,M,29.83,M,2.00,M,M,M,M,M,M,M,M,M,M,M,M,M,M,M,M,94.16,VOTV 280240Z AUTO 00000KT 2SM 29/25 A2983 RMK T02900250 IEM_DS3505,M
VOTV,2002-03-28 03:40,76.9500,8.4667,M,M,M,0.00,0.00,M,M,M,2.50,M,M,M,M,M,M,M,M,M,M,M,M,M,M,M,M,M,VOTV 280340Z AUTO 00000KT 2 1/2SM RMK IEM_DS3505,M
VOTV,2002-03-28 07:40,76.9500,8.4667,89.60,77.00,66.55,230.00,4.00,M,29.80,M,5.00,M,M,M,M,M,M,M,M,M,M,M,M,M,M,M,M,102.54,VOTV 280740Z AUTO 23004KT 5SM 32/25 A2980 RMK T03200250 IEM_DS3505,M
VOTV,2002-03-28 08:40,76.9500,8.4667,87.80,75.20,66.35,240.00,5.00,M,29.77,M,5.00,M,M,M,M,M,M,M,M,M,M,M,M,M,M,M,M,97.76,VOTV 280840Z AUTO 24005KT 5SM 31/24 A2977 RMK T03100240 IEM_DS3505,M
VOTV,2002-03-28 09:40,76.9500,8.4667,M,M,M,210.00,6.00,M,M,M,4.00,M,M,M,M,M,M,M,M,M,M,M,M,M,M,M,M,M,VOTV 280940Z AUTO 21006KT 4SM RMK IEM_DS3505,M
VOTV,2002-03-28 10:40,76.9500,8.4667,M,M,M,200.00,3.00,M,M,M,4.00,M,M,M,M,M,M,M,M,M,M,M,M,M,M,M,M,M,VOTV 281040Z AUTO 20003KT 4SM RMK IEM_DS3505,M
VOTV,2002-03-28 12:40,76.9500,8.4667,M,M,M,M,M,M,M,M,2.50,M,M,M,M,M,M,M,M,M,M,M,M,M,M,M,M,M,VOTV 281240Z AUTO 2 1/2SM RMK IEM_DS3505,M
VOTV,2002-03-28 16:40,76.9500,8.4667,80.60,75.20,83.66,0.00,0.00,M,29.83,M,2.50,M,M,M,M,M,M,M,M,M,M,M,M,M,M,M,M,86.17,VOTV 281640Z AUTO 00000KT 2 1/2SM 27/24 A2983 RMK T02700240 IEM_DS3505,M
VOTV,2002-03-28 23:40,76.9500,8.4667,M,M,M,0.00,0.00,M,M,M,2.00,M,M,M,M,M,M,M,M,M,M,M,M,M,M,M,M,M,VOTV 282340Z AUTO 00000KT 2SM RMK IEM_DS3505,M
VOTV,2002-03-29 00:40,76.9500,8.4667,M,M,M,0.00,0.00,M,M,M,2.00,M,M,M,M,M,M,M,M,M,M,M,M,M,M,M,M,M,VOTV 290040Z AUTO 00000KT 2SM RMK IEM_DS3505,M
VOTV,2002-03-29 01:40,76.9500,8.4667,M,M,M,0.00,0.00,M,M,M,1.50,M,M,M,M,M,M,M,M,M,M,M,M,M,M,M,M,M,VOTV 290140Z AUTO 00000KT 1 1/2SM RMK IEM_DS3505,M
VOTV,2002-03-29 02:40,76.9500,8.4667,M,M,M,0.00,0.00,M,M,M,2.00,M,M,M,M,M,M,M,M,M,M,M,M,M,M,M,M,M,VOTV 290240Z AUTO 00000KT 2SM RMK IEM_DS3505,M
VOTV,2002-03-29 03:40,76.9500,8.4667,86.00,75.20,70.27,0.00,0.00,M,29.85,M,2.50,M,M,M,M,M,M,M,M,M,M,M,M,M,M,M,M,95.19,VOTV 290340Z AUTO 00000KT 2 1/2SM 30/24 A2985 RMK T03000240 IEM_DS3505,M
VOTV,2002-03-29 04:40,76.9500,8.4667,87.80,77.00,70.45,M,M,M,29.85,M,5.00,M,M,M,M,M,M,M,M,M,M,M,M,M,M,M,M,99.92,VOTV 290440Z AUTO 5SM 31/25 A2985 RMK T03100250 IEM_DS3505,M
VOTV,2002-03-29 05:40,76.9500,8.4667,87.80,75.20,66.35,260.00,8.00,M,29.85,M,5.00,M,M,M,M,M,M,M,M,M,M,M,M,M,M,M,M,97.76,VOTV 290540Z AUTO 26008KT 5SM 31/24 A2985 RMK T03100240 IEM_DS3505,M
VOTV,2002-03-29 06:40,76.9500,8.4667,87.80,75.20,66.35,260.00,8.00,M,29.83,M,5.00,M,M,M,M,M,M,M,M,M,M,M,M,M,M,M,M,97.76,VOTV 290640Z AUTO 26008KT 5SM 31/24 A2983 RMK T03100240 IEM_DS3505,M
VOTV,2002-03-29 09:40,76.9500,8.4667,89.60,77.00,66.55,290.00,10.00,M,29.74,M,7.00,M,M,M,M,M,M,M,M,M,M,M,M,M,M,M,M,102.54,VOTV 290940Z AUTO 29010KT 7SM 32/25 A2974 RMK T03200250 IEM_DS3505,M
VOTV,2002-03-29 13:40,76.9500,8.4667,84.20,77.00,79.04,0.00,0.00,M,29.77,M,2.50,M,M,M,M,M,M,M,M,M,M,M,M,M,M,M,M,94.16,VOTV 291340Z AUTO 00000KT 2 1/2SM 29/25 A2977 RMK T02900250 IEM_DS3505,M
VOTV,2002-03-30 01:40,76.9500,8.4667,80.60,77.00,88.83,0.00,0.00,M,29.83,M,1.25,M,M,M,M,M,M,M,M,M,M,M,M,M,M,M,M,87.10,VOTV 300140Z AUTO 00000KT 1 1/4SM 27/25 A2983 RMK T02700250 IEM_DS3505,M
VOTV,2002-03-30 02:40,76.9500,8.4667,M,M,M,0.00,0.00,M,M,M,2.00,M,M,M,M,M,M,M,M,M,M,M,M,M,M,M,M,M,VOTV 300240Z AUTO 00000KT 2SM RMK IEM_DS3505,M
VOTV,2002-03-30 03:40,76.9500,8.4667,M,M,M,0.00,0.00,M,M,M,2.50,M,M,M,M,M,M,M,M,M,M,M,M,M,M,M,M,M,VOTV 300340Z AUTO 00000KT 2 1/2SM RMK IEM_DS3505,M
VOTV,2002-03-30 04:40,76.9500,8.4667,M,M,M,290.00,3.00,M,M,M,4.00,M,M,M,M,M,M,M,M,M,M,M,M,M,M,M,M,M,VOTV 300440Z AUTO 29003KT 4SM RMK IEM_DS3505,M
VOTV,2002-03-30 05:40,76.9500,8.4667,87.80,77.00,70.45,250.00,5.00,M,29.85,M,5.00,M,M,M,M,M,M,M,M,M,M,M,M,M,M,M,M,99.92,VOTV 300540Z AUTO 25005KT 5SM 31/25 A2985 RMK T03100250 IEM_DS3505,M
VOTV,2002-03-30 06:40,76.9500,8.4667,87.80,77.00,70.45,260.00,6.00,M,M,M,7.00,M,M,M,M,M,M,M,M,M,M,M,M,M,M,M,M,99.92,VOTV 300640Z AUTO 26006KT 7SM 31/25 RMK T03100250 IEM_DS3505,M
VOTV,2002-03-30 08:40,76.9500,8.4667,89.60,75.20,62.68,260.00,8.00,M,29.80,M,7.00,M,M,M,M,M,M,M,M,M,M,M,M,M,M,M,M,100.23,VOTV 300840Z AUTO 26008KT 7SM 32/24 A2980 RMK T03200240 IEM_DS3505,M
VOTV,2002-03-30 09:40,76.9500,8.4667,M,M,M,270.00,6.00,M,M,M,7.00,M,M,M,M,M,M,M,M,M,M,M,M,M,M,M,M,M,VOTV 300940Z AUTO 27006KT 7SM RMK IEM_DS3505,M
VOTV,2002-03-30 15:40,76.9500,8.4667,80.60,75.20,83.66,M,M,M,29.83,M,2.50,M,M,M,M,M,M,M,M,M,M,M,M,M,M,M,M,86.17,VOTV 301540Z AUTO 2 1/2SM 27/24 A2983 RMK T02700240 IEM_DS3505,M
VOTV,2002-03-31 01:40,76.9500,8.4667,78.80,73.40,83.55,0.00,0.00,M,29.83,M,2.50,M,M,M,M,M,M,M,M,M,M,M,M,M,M,M,M,82.03,VOTV 310140Z AUTO 00000KT 2 1/2SM 26/23 A2983 RMK T02600230 IEM_DS3505,M
VOTV,2002-03-31 04:40,76.9500,8.4667,87.80,75.20,66.35,0.00,0.00,M,29.77,M,M,M,M,M,M,M,M,M,M,M,M,M,M,M,M,M,M,97.76,VOTV 310440Z AUTO 00000KT 31/24 A2977 RMK T03100240 IEM_DS3505,M
VOTV,2002-03-31 08:40,76.9500,8.4667,91.40,71.60,52.48,220.00,4.00,M,29.80,M,5.00,M,M,M,M,M,M,M,M,M,M,M,M,M,M,M,M,98.64,VOTV 310840Z AUTO 22004KT 5SM 33/22 A2980 RMK T03300220 IEM_DS3505,M
VOTV,2002-03-31 12:40,76.9500,8.4667,87.80,73.40,62.47,0.00,0.00,M,29.77,M,M,M,M,M,M,M,M,M,M,M,M,M,M,M,M,M,M,95.86,VOTV 311240Z AUTO 00000KT 31/23 A2977 RMK T03100230 IEM_DS3505,M
VOTV,2002-03-31 13:40,76.9500,8.4667,86.00,75.20,70.27,190.00,3.00,M,29.80,M,M,M,M,M,M,M,M,M,M,M,M,M,M,M,M,M,M,95.19,VOTV 311340Z AUTO 19003KT 30/24 A2980 RMK T03000240 IEM_DS3505,M
VOTV,2002-03-31 15:40,76.9500,8.4667,86.00,77.00,74.61,0.00,0.00,M,29.88,M,4.00,M,M,M,M,M,M,M,M,M,M,M,M,M,M,M,M,97.15,VOTV 311540Z AUTO 00000KT 4SM 30/25 A2988 RMK T03000250 IEM_DS3505,M
VOTV,2002-03-31 17:40,76.9500,8.4667,M,M,M,0.00,0.00,M,M,M,4.00,M,M,M,M,M,M,M,M,M,M,M,M,M,M,M,M,M,VOTV 311740Z AUTO 00000KT 4SM RMK IEM_DS3505,M
VOTV,2002-03-31 23:40,76.9500,8.4667,80.60,75.20,83.66,0.00,0.00,M,29.85,M,2.50,M,M,M,M,M,M,M,M,M,M,M,M,M,M,M,M,86.17,VOTV 312340Z AUTO 00000KT 2 1/2SM 27/24 A2985 RMK T02700240 IEM_DS3505,M
VOTV,2002-04-01 03:40,76.9500,8.4667,89.60,77.00,66.55,0.00,0.00,M,29.94,M,M,M,M,M,M,M,M,M,M,M,M,M,M,M,M,M,M,102.54,VOTV 010340Z AUTO 00000KT 32/25 A2994 RMK T03200250 IEM_DS3505,M
VOTV,2002-04-01 09:40,76.9500,8.4667,M,M,M,230.00,7.00,M,M,M,7.00,M,M,M,M,M,M,M,M,M,M,M,M,M,M,M,M,M,VOTV 010940Z AUTO 23007KT 7SM RMK IEM_DS3505,M
VOTV,2002-04-01 11:40,76.9500,8.4667,M,M,M,230.00,5.00,M,M,M,5.00,M,M,M,M,M,M,M,M,M,M,M,M,M,M,M,M,M,VOTV 011140Z AUTO 23005KT 5SM RMK IEM_DS3505,M
VOTV,2002-04-01 12:40,76.9500,8.4667,87.80,77.00,70.45,0.00,0.00,M,29.83,M,M,M,M,M,M,M,M,M,M,M,M,M,M,M,M,M,M,99.92,VOTV 011240Z AUTO 00000KT 31/25 A2983 RMK T03100250 IEM_DS3505,M
VOTV,2002-04-02 01:40,76.9500,8.4667,82.40,73.40,74.28,M,M,M,29.91,M,1.50,M,M,M,M,M,M,M,M,M,M,M,M,M,M,M,M,88.26,VOTV 020140Z AUTO 1 1/2SM 28/23 A2991 RMK T02800230 IEM_DS3505,M
VOTV,2002-04-02 03:40,76.9500,8.4667,M,M,M,0.00,0.00,M,M,M,2.50,M,M,M,M,M,M,M,M,M,M,M,M,M,M,M,M,M,VOTV 020340Z AUTO 00000KT 2 1/2SM RMK IEM_DS3505,M
VOTV,2002-04-02 05:40,76.9500,8.4667,87.80,75.20,66.35,260.00,4.00,M,29.94,M,5.00,M,M,M,M,M,M,M,M,M,M,M,M,M,M,M,M,97.76,VOTV 020540Z AUTO 26004KT 5SM 31/24 A2994 RMK T03100240 IEM_DS3505,M
VOTV,2002-04-02 06:40,76.9500,8.4667,87.80,75.20,66.35,290.00,8.00,M,29.91,M,7.00,M,M,M,M,M,M,M,M,M,M,M,M,M,M,M,M,97.76,VOTV 020640Z AUTO 29008KT 7SM 31/24 A2991 RMK T03100240 IEM_DS3505,M
VOTV,2002-04-02 08:40,76.9500,8.4667,89.60,75.20,62.68,290.00,10.00,M,29.85,M,7.00,M,M,M,M,M,M,M,M,M,M,M,M,M,M,M,M,100.23,VOTV 020840Z AUTO 29010KT 7SM 32/24 A2985 RMK T03200240 IEM_DS3505,M
VOTV,2002-04-02 11:40,76.9500,8.4667,M,M,M,330.00,8.00,M,M,M,7.00,M,M,M,M,M,M,M,M,M,M,M,M,M,M,M,M,M,VOTV 021140Z AUTO 33008KT 7SM RMK IEM_DS3505,M
VOTV,2002-04-02 12:40,76.9500,8.4667,M,M,M,230.00,8.00,M,M,M,4.00,M,M,M,M,M,M,M,M,M,M,M,M,M,M,M,M,M,VOTV 021240Z AUTO 23008KT 4SM RMK IEM_DS3505,M
VOTV,2002-04-03 04:40,76.9500,8.4667,89.60,77.00,66.55,260.00,6.00,M,29.85,M,M,M,M,M,M,M,M,M,M,M,M,M,M,M,M,M,M,102.54,VOTV 030440Z AUTO 26006KT 32/25 A2985 RMK T03200250 IEM_DS3505,M
VOTV,2002-04-03 06:40,76.9500,8.4667,91.40,77.00,62.90,320.00,10.00,M,29.80,M,5.00,M,M,M,M,M,M,M,M,M,M,M,M,M,M,M,M,105.06,VOTV 030640Z AUTO 32010KT 5SM 33/25 A2980 RMK T03300250 IEM_DS3505,M
VOTV,2002-04-03 07:40,76.9500,8.4667,91.40,75.20,59.24,300.00,10.00,M,29.77,M,7.00,20.00,M,M,M,M,M,M,M,M,M,M,M,M,M,M,M,102.65,VOTV 030740Z AUTO 30010G20KT 7SM 33/24 A2977 RMK T03300240 IEM_DS3505,M
VOTV,2002-04-03 08:40,76.9500,8.4667,89.60,75.20,62.68,300.00,10.00,M,29.74,M,7.00,20.00,M,M,M,M,M,M,M,M,M,M,M,M,M,M,M,100.23,VOTV 030840Z AUTO 30010G20KT 7SM 32/24 A2974 RMK T03200240 IEM_DS3505,M
VOTV,2002-04-03 10:40,76.9500,8.4667,89.60,75.20,62.68,290.00,12.00,M,29.71,M,7.00,22.00,M,M,M,M,M,M,M,M,M,M,M,M,M,M,M,100.23,VOTV 031040Z AUTO 29012G22KT 7SM 32/24 A2971 RMK T03200240 IEM_DS3505,M
VOTV,2002-04-03 11:40,76.9500,8.4667,87.80,73.40,62.47,300.00,10.00,M,29.71,M,7.00,20.00,M,M,M,M,M,M,M,M,M,M,M,M,M,M,M,95.86,VOTV 031140Z AUTO 30010G20KT 7SM 31/23 A2971 RMK T03100230 IEM_DS3505,M
VOTV,2002-04-03 12:40,76.9500,8.4667,86.00,73.40,66.15,330.00,14.00,M,29.74,M,7.00,M,M,M,M,M,M,M,M,M,M,M,M,M,M,M,M,93.45,VOTV 031240Z AUTO 33014KT 7SM 30/23 A2974 RMK T03000230 IEM_DS3505,M
VOTV,2002-04-03 13:40,76.9500,8.4667,84.20,73.40,70.08,310.00,14.00,M,29.77,M,5.00,M,M,M,M,M,M,M,M,M,M,M,M,M,M,M,M,90.94,VOTV 031340Z AUTO 31014KT 5SM 29/23 A2977 RMK T02900230 IEM_DS3505,M
VOTV,2002-04-03 15:40,76.9500,8.4667,82.40,75.20,78.90,0.00,0.00,M,29.80,M,4.00,M,M,M,M,M,M,M,M,M,M,M,M,M,M,M,M,89.48,VOTV 031540Z AUTO 00000KT 4SM 28/24 A2980 RMK T02800240 IEM_DS3505,M
VOTV,2002-04-03 17:40,76.9500,8.4667,80.60,75.20,83.66,0.00,0.00,M,29.83,M,4.00,M,M,M,M,M,M,M,M,M,M,M,M,M,M,M,M,86.17,VOTV 031740Z AUTO 00000KT 4SM 27/24 A2983 RMK T02700240 IEM_DS3505,M
VOTV,2002-04-03 23:40,76.9500,8.4667,78.80,71.60,78.62,0.00,0.00,M,29.74,M,4.00,M,M,M,M,M,M,M,M,M,M,M,M,M,M,M,M,81.70,VOTV 032340Z AUTO 00000KT 4SM 26/22 A2974 RMK T02600220 IEM_DS3505,M
VOTV,2002-04-04 02:40,76.9500,8.4667,82.40,73.40,74.28,0.00,0.00,M,29.80,M,2.50,M,M,M,M,M,M,M,M,M,M,M,M,M,M,M,M,88.26,VOTV 040240Z AUTO 00000KT 2 1/2SM 28/23 A2980 RMK T02800230 IEM_DS3505,M
VOTV,2002-04-04 03:40,76.9500,8.4667,86.00,73.40,66.15,340.00,4.00,M,29.83,M,M,M,M,M,M,M,M,M,M,M,M,M,M,M,M,M,M,93.45,VOTV 040340Z AUTO 34004KT 30/23 A2983 RMK T03000230 IEM_DS3505,M
VOTV,2002-04-04 05:40,76.9500,8.4667,87.80,73.40,62.47,290.00,7.00,M,29.83,M,5.00,M,M,M,M,M,M,M,M,M,M,M,M,M,M,M,M,95.86,VOTV 040540Z AUTO 29007KT 5SM 31/23 A2983 RMK T03100230 IEM_DS3505,M
VOTV,2002-04-04 06:40,76.9500,8.4667,87.80,73.40,62.47,280.00,10.00,M,29.80,M,7.00,M,M,M,M,M,M,M,M,M,M,M,M,M,M,M,M,95.86,VOTV 040640Z AUTO 28010KT 7SM 31/23 A2980 RMK T03100230 IEM_DS3505,M
VOTV,2002-04-04 07:40,76.9500,8.4667,87.80,73.40,62.47,300.00,10.00,M,29.77,M,7.00,M,M,M,M,M,M,M,M,M,M,M,M,M,M,M,M,95.86,VOTV 040740Z AUTO 30010KT 7SM 31/23 A2977 RMK T03100230 IEM_DS3505,M
VOTV,2002-04-04 08:40,76.9500,8.4667,91.40,71.60,52.48,270.00,10.00,M,29.71,M,7.00,M,M,M,M,M,M,M,M,M,M,M,M,M,M,M,M,98.64,VOTV 040840Z AUTO 27010KT 7SM 33/22 A2971 RMK T03300220 IEM_DS3505,M
VOTV,2002-04-04 09:40,76.9500,8.4667,89.60,75.20,62.68,300.00,10.00,M,29.68,M,7.00,20.00,M,M,M,M,M,M,M,M,M,M,M,M,M,M,M,100.23,VOTV 040940Z AUTO 30010G20KT 7SM 32/24 A2968 RMK T03200240 IEM_DS3505,M
VOTV,2002-04-04 10:40,76.9500,8.4667,89.60,73.40,59.01,270.00,10.00,M,29.68,M,7.00,20.00,M,M,M,M,M,M,M,M,M,M,M,M,M,M,M,98.20,VOTV 041040Z AUTO 27010G20KT 7SM 32/23 A2968 RMK T03200230 IEM_DS3505,M
VOTV,2002-04-04 11:40,76.9500,8.4667,87.80,75.20,66.35,300.00,10.00,M,29.68,M,7.00,M,M,M,M,M,M,M,M,M,M,M,M,M,M,M,M,97.76,VOTV 041140Z AUTO 30010KT 7SM 31/24 A2968 RMK T03100240 IEM_DS3505,M
VOTV,2002-04-04 12:40,76.9500,8.4667,86.00,73.40,66.15,290.00,9.00,M,29.71,M,5.00,M,M,M,M,M,M,M,M,M,M,M,M,M,M,M,M,93.45,VOTV 041240Z AUTO 29009KT 5SM 30/23 A2971 RMK T03000230 IEM_DS3505,M
VOTV,2002-04-04 13:40,76.9500,8.4667,86.00,64.40,48.58,290.00,4.00,M,29.74,M,M,M,M,M,M,M,M,M,M,M,M,M,M,M,M,M,M,87.49,VOTV 041340Z AUTO 29004KT 30/18 A2974 RMK T03000180 IEM_DS3505,M
VOTV,2002-04-04 23:40,76.9500,8.4667,78.80,68.00,69.52,0.00,0.00,M,29.74,M,2.50,M,M,M,M,M,M,M,M,M,M,M,M,M,M,M,M,81.10,VOTV 042340Z AUTO 00000KT 2 1/2SM 26/20 A2974 RMK T02600200 IEM_DS3505,M
VOTV,2002-04-05 01:40,76.9500,8.4667,80.60,71.60,74.11,0.00,0.00,M,29.80,M,2.50,M,M,M,M,M,M,M,M,M,M,M,M,M,M,M,M,84.57,VOTV 050140Z AUTO 00000KT 2 1/2SM 27/22 A2980 RMK T02700220 IEM_DS3505,M
VOTV,2002-04-05 02:40,76.9500,8.4667,84.20,71.60,65.95,340.00,8.00,M,29.83,M,M,M,M,M,M,M,M,M,M,M,M,M,M,M,M,M,M,89.60,VOTV 050240Z AUTO 34008KT 29/22 A2983 RMK T02900220 IEM_DS3505,M
VOTV,2002-04-05 04:40,76.9500,8.4667,89.60,73.40,59.01,290.00,6.00,M,29.83,M,5.00,M,M,M,M,M,M,M,M,M,M,M,M,M,M,M,M,98.20,VOTV 050440Z AUTO 29006KT 5SM 32/23 A2983 RMK T03200230 IEM_DS3505,M
VOTV,2002-04-05 06:40,76.9500,8.4667,89.60,75.20,62.68,270.00,10.00,M,29.80,M,7.00,M,M,M,M,M,M,M,M,M,M,M,M,M,M,M,M,100.23,VOTV 050640Z AUTO 27010KT 7SM 32/24 A2980 RMK T03200240 IEM_DS3505,M
VOTV,2002-04-05 08:40,76.9500,8.4667,87.80,77.00,70.45,280.00,13.00,M,29.74,M,7.00,M,M,M,M,M,M,M,M,M,M,M,M,M,M,M,M,99.92,VOTV 050840Z AUTO 28013KT 7SM 31/25 A2974 RMK T03100250 IEM_DS3505,M
VOTV,2002-04-05 09:40,76.9500,8.4667,87.80,77.00,70.45,290.00,11.00,M,29.71,M,7.00,M,M,M,M,M,M,M,M,M,M,M,M,M,M,M,M,99.92,VOTV 050940Z AUTO 29011KT 7SM 31/25 A2971 RMK T03100250 IEM_DS3505,M
VOTV,2002-04-05 10:40,76.9500,8.4667,M,M,M,280.00,8.00,M,M,M,7.00,M,M,M,M,M,M,M,M,M,M,M,M,M,M,M,M,M,VOTV 051040Z AUTO 28008KT 7SM RMK IEM_DS3505,M
VOTV,2002-04-05 11:40,76.9500,8.4667,M,M,M,280.00,8.00,M,M,M,5.00,M,M,M,M,M,M,M,M,M,M,M,M,M,M,M,M,M,VOTV 051140Z AUTO 28008KT 5SM RMK IEM_DS3505,M
VOTV,2002-04-05 12:40,76.9500,8.4667,M,M,M,330.00,7.00,M,M,M,2.50,M,M,M,M,M,M,M,M,M,M,M,M,M,M,M,M,M,VOTV 051240Z AUTO 33007KT 2 1/2SM RMK IEM_DS3505,M
VOTV,2002-04-06 01:40,76.9500,8.4667,77.00,71.60,83.44,0.00,0.00,M,29.83,M,1.50,M,M,M,M,M,M,M,M,M,M,M,M,M,M,M,M,78.32,VOTV 060140Z AUTO 00000KT 1 1/2SM 25/22 A2983 RMK T02500220 IEM_DS3505,M
VOTV,2002-04-06 02:40,76.9500,8.4667,82.40,73.40,74.28,0.00,0.00,M,29.83,M,2.50,M,M,M,M,M,M,M,M,M,M,M,M,M,M,M,M,88.26,VOTV 060240Z AUTO 00000KT 2 1/2SM 28/23 A2983 RMK T02800230 IEM_DS3505,M
VOTV,2002-04-06 03:40,76.9500,8.4667,86.00,75.20,70.27,0.00,0.00,M,29.85,M,5.00,M,M,M,M,M,M,M,M,M,M,M,M,M,M,M,M,95.19,VOTV 060340Z AUTO 00000KT 5SM 30/24 A2985 RMK T03000240 IEM_DS3505,M
VOTV,2002-04-06 04:40,76.9500,8.4667,87.80,73.40,62.47,0.00,0.00,M,29.85,M,5.00,M,M,M,M,M,M,M,M,M,M,M,M,M,M,M,M,95.86,VOTV 060440Z AUTO 00000KT 5SM 31/23 A2985 RMK T03100230 IEM_DS3505,M
VOTV,2002-04-06 05:40,76.9500,8.4667,87.80,77.00,70.45,270.00,8.00,M,29.83,M,5.00,M,M,M,M,M,M,M,M,M,M,M,M,M,M,M,M,99.92,VOTV 060540Z AUTO 27008KT 5SM 31/25 A2983 RMK T03100250 IEM_DS3505,M
VOTV,2002-04-06 06:40,76.9500,8.4667,87.80,75.20,66.35,270.00,10.00,M,29.83,M,5.00,M,M,M,M,M,M,M,M,M,M,M,M,M,M,M,M,97.76,VOTV 060640Z AUTO 27010KT 5SM 31/24 A2983 RMK T03100240 IEM_DS3505,M
VOTV,2002-04-06 09:40,76.9500,8.4667,89.60,75.20,62.68,280.00,6.00,M,29.74,M,7.00,M,M,M,M,M,M,M,M,M,M,M,M,M,M,M,M,100.23,VOTV 060940Z AUTO 28006KT 7SM 32/24 A2974 RMK T03200240 IEM_DS3505,M
VOTV,2002-04-06 14:40,76.9500,8.4667,80.60,73.40,78.76,0.00,0.00,M,29.83,M,2.50,M,M,M,M,M,M,M,M,M,M,M,M,M,M,M,M,85.32,VOTV 061440Z AUTO 00000KT 2 1/2SM 27/23 A2983 RMK T02700230 IEM_DS3505,M
VOTV,2002-04-06 15:40,76.9500,8.4667,80.60,73.40,78.76,0.00,0.00,M,29.83,M,2.50,M,M,M,M,M,M,M,M,M,M,M,M,M,M,M,M,85.32,VOTV 061540Z AUTO 00000KT 2 1/2SM 27/23 A2983 RMK T02700230 IEM_DS3505,M
VOTV,2002-04-06 16:40,76.9500,8.4667,80.60,73.40,78.76,0.00,0.00,M,29.85,M,2.50,M,M,M,M,M,M,M,M,M,M,M,M,M,M,M,M,85.32,VOTV 061640Z AUTO 00000KT 2 1/2SM 27/23 A2985 RMK T02700230 IEM_DS3505,M
VOTV,2002-04-06 17:40,76.9500,8.4667,80.60,73.40,78.76,0.00,0.00,M,29.85,M,2.50,M,M,M,M,M,M,M,M,M,M,M,M,M,M,M,M,85.32,VOTV 061740Z AUTO 00000KT 2 1/2SM 27/23 A2985 RMK T02700230 IEM_DS3505,M
VOTV,2002-04-06 23:40,76.9500,8.4667,77.00,73.40,88.67,0.00,0.00,M,29.80,M,2.00,M,M,M,M,M,M,M,M,M,M,M,M,M,M,M,M,78.57,VOTV 062340Z AUTO 00000KT 2SM 25/23 A2980 RMK T02500230 IEM_DS3505,M
VOTV,2002-04-07 08:40,76.9500,8.4667,91.40,75.20,59.24,260.00,8.00,M,29.77,M,7.00,M,M,M,M,M,M,M,M,M,M,M,M,M,M,M,M,102.65,VOTV 070840Z AUTO 26008KT 7SM 33/24 A2977 RMK T03300240 IEM_DS3505,M
VOTV,2002-04-07 09:40,76.9500,8.4667,M,M,M,240.00,8.00,M,M,M,7.00,M,M,M,M,M,M,M,M,M,M,M,M,M,M,M,M,M,VOTV 070940Z AUTO 24008KT 7SM RMK IEM_DS3505,M
VOTV,2002-04-07 11:40,76.9500,8.4667,M,M,M,M,M,M,M,M,4.00,M,M,M,M,M,M,M,M,M,M,M,M,M,M,M,M,M,VOTV 071140Z AUTO 4SM RMK IEM_DS3505,M
VOTV,2002-04-07 12:40,76.9500,8.4667,M,M,M,120.00,4.00,M,M,M,4.00,M,M,M,M,M,M,M,M,M,M,M,M,M,M,M,M,M,VOTV 071240Z AUTO 12004KT 4SM RMK IEM_DS3505,M
VOTV,2002-04-07 14:40,76.9500,8.4667,80.60,71.60,74.11,0.00,0.00,M,29.83,M,4.00,M,M,M,M,M,M,M,M,M,M,M,M,M,M,M,M,84.57,VOTV 071440Z AUTO 00000KT 4SM 27/22 A2983 RMK T02700220 IEM_DS3505,M
VOTV,2002-04-08 00:40,76.9500,8.4667,78.80,73.40,83.55,0.00,0.00,M,29.80,M,2.00,M,M,M,M,M,M,M,M,M,M,M,M,M,M,M,M,82.03,VOTV 080040Z AUTO 00000KT 2SM 26/23 A2980 RMK T02600230 IEM_DS3505,M
VOTV,2002-04-08 02:40,76.9500,8.4667,84.20,75.20,74.44,50.00,3.00,M,29.85,M,2.00,M,M,M,M,M,M,M,M,M,M,M,M,M,M,M,M,92.45,VOTV 080240Z AUTO 05003KT 2SM 29/24 A2985 RMK T02900240 IEM_DS3505,M
VOTV,2002-04-08 03:40,76.9500,8.4667,86.00,75.20,70.27,M,M,M,29.88,M,2.50,M,M,M,M,M,M,M,M,M,M,M,M,M,M,M,M,95.19,VOTV 080340Z AUTO 2 1/2SM 30/24 A2988 RMK T03000240 IEM_DS3505,M
VOTV,2002-04-08 04:40,76.9500,8.4667,87.80,77.00,70.45,260.00,3.00,M,29.85,M,M,M,M,M,M,M,M,M,M,M,M,M,M,M,M,M,M,99.92,VOTV 080440Z AUTO 26003KT 31/25 A2985 RMK T03100250 IEM_DS3505,M
VOTV,2002-04-08 06:40,76.9500,8.4667,M,M,M,260.00,5.00,M,M,M,5.00,M,M,M,M,M,M,M,M,M,M,M,M,M,M,M,M,M,VOTV 080640Z AUTO 26005KT 5SM RMK IEM_DS3505,M
VOTV,2002-04-08 16:40,76.9500,8.4667,M,M,M,M,M,M,M,M,2.50,M,M,M,M,M,M,M,M,M,M,M,M,M,M,M,M,M,VOTV 081640Z AUTO 2 1/2SM RMK IEM_DS3505,M
VOTV,2002-04-09 00:40,76.9500,8.4667,78.80,73.40,83.55,M,M,M,29.80,M,2.00,M,M,M,M,M,M,M,M,M,M,M,M,M,M,M,M,78.80,VOTV 090040Z AUTO 2SM 26/23 A2980 RMK T02600230 IEM_DS3505,M
VOTV,2002-04-09 03:40,76.9500,8.4667,87.80,73.40,62.47,0.00,0.00,M,29.88,M,M,M,M,M,M,M,M,M,M,M,M,M,M,M,M,M,M,95.86,VOTV 090340Z AUTO 00000KT 31/23 A2988 RMK T03100230 IEM_DS3505,M
VOTV,2002-04-09 09:40,76.9500,8.4667,89.60,73.40,59.01,280.00,11.00,M,29.74,M,7.00,M,M,M,M,M,M,M,M,M,M,M,M,M,M,M,M,98.20,VOTV 090940Z AUTO 28011KT 7SM 32/23 A2974 RMK T03200230 IEM_DS3505,M
VOTV,2002-04-09 11:40,76.9500,8.4667,87.80,73.40,62.47,290.00,8.00,M,29.71,M,7.00,M,M,M,M,M,M,M,M,M,M,M,M,M,M,M,M,95.86,VOTV 091140Z AUTO 29008KT 7SM 31/23 A2971 RMK T03100230 IEM_DS3505,M
VOTV,2002-04-09 16:40,76.9500,8.4667,M,M,M,0.00,0.00,M,M,M,2.50,M,M,M,M,M,M,M,M,M,M,M,M,M,M,M,M,M,VOTV 091640Z AUTO 00000KT 2 1/2SM RMK IEM_DS3505,M
VOTV,2002-04-09 23:40,76.9500,8.4667,78.80,75.20,88.75,0.00,0.00,M,29.71,M,2.00,M,M,M,M,M,M,M,M,M,M,M,M,M,M,M,M,82.38,VOTV 092340Z AUTO 00000KT 2SM 26/24 A2971 RMK T02600240 IEM_DS3505,M
VOTV,2002-04-10 03:40,76.9500,8.4667,86.00,73.40,66.15,0.00,0.00,M,29.80,M,M,M,M,M,M,M,M,M,M,M,M,M,M,M,M,M,M,93.45,VOTV 100340Z AUTO 00000KT 30/23 A2980 RMK T03000230 IEM_DS3505,M
VOTV,2002-04-10 04:40,76.9500,8.4667,86.00,73.40,66.15,290.00,7.00,M,29.80,M,5.00,M,M,M,M,M,M,M,M,M,M,M,M,M,M,M,M,93.45,VOTV 100440Z AUTO 29007KT 5SM 30/23 A2980 RMK T03000230 IEM_DS3505,M
VOTV,2002-04-10 06:40,76.9500,8.4667,86.00,71.60,62.25,280.00,7.00,M,29.77,M,5.00,M,M,M,M,M,M,M,M,M,M,M,M,M,M,M,M,91.92,VOTV 100640Z AUTO 28007KT 5SM 30/22 A2977 RMK T03000220 IEM_DS3505,M
VOTV,2002-04-10 07:40,76.9500,8.4667,87.80,71.60,58.78,260.00,8.00,M,29.74,M,5.00,M,M,M,M,M,M,M,M,M,M,M,M,M,M,M,M,94.18,VOTV 100740Z AUTO 26008KT 5SM 31/22 A2974 RMK T03100220 IEM_DS3505,M
VOTV,2002-04-10 08:40,76.9500,8.4667,89.60,71.60,55.53,250.00,4.00,M,29.71,M,5.00,M,M,M,M,M,M,M,M,M,M,M,M,M,M,M,M,96.41,VOTV 100840Z AUTO 25004KT 5SM 32/22 A2971 RMK T03200220 IEM_DS3505,M
VOTV,2002-04-10 10:40,76.9500,8.4667,89.60,71.60,55.53,220.00,5.00,M,29.68,M,5.00,M,M,M,M,M,M,M,M,M,M,M,M,M,M,M,M,96.41,VOTV 101040Z AUTO 22005KT 5SM 32/22 A2968 RMK T03200220 IEM_DS3505,M
VOTV,2002-04-10 11:40,76.9500,8.4667,87.80,73.40,62.47,0.00,0.00,M,29.68,M,5.00,M,M,M,M,M,M,M,M,M,M,M,M,M,M,M,M,95.86,VOTV 101140Z AUTO 00000KT 5SM 31/23 A2968 RMK T03100230 IEM_DS3505,M
VOTV,2002-04-10 12:40,76.9500,8.4667,M,M,M,0.00,0.00,M,M,M,4.00,M,M,M,M,M,M,M,M,M,M,M,M,M,M,M,M,M,VOTV 101240Z AUTO 00000KT 4SM RMK IEM_DS3505,M
VOTV,2002-04-10 13:40,76.9500,8.4667,86.00,73.40,66.15,0.00,0.00,M,29.74,M,M,M,M,M,M,M,M,M,M,M,M,M,M,M,M,M,M,93.45,VOTV 101340Z AUTO 00000KT 30/23 A2974 RMK T03000230 IEM_DS3505,M
VOTV,2002-04-10 23:40,76.9500,8.4667,80.60,73.40,78.76,0.00,0.00,M,29.71,M,1.50,M,M,M,M,M,M,M,M,M,M,M,M,M,M,M,M,85.32,VOTV 102340Z AUTO 00000KT 1 1/2SM 27/23 A2971 RMK T02700230 IEM_DS3505,M
VOTV,2002-04-11 01:40,76.9500,8.4667,80.60,73.40,78.76,0.00,0.00,M,29.74,M,1.50,M,M,M,M,M,M,M,M,M,M,M,M,M,M,M,M,85.32,VOTV 110140Z AUTO 00000KT 1 1/2SM 27/23 A2974 RMK T02700230 IEM_DS3505,M
VOTV,2002-04-11 02:40,76.9500,8.4667,86.00,75.20,70.27,0.00,0.00,M,29.77,M,2.50,M,M,M,M,M,M,M,M,M,M,M,M,M,M,M,M,95.19,VOTV 110240Z AUTO 00000KT 2 1/2SM 30/24 A2977 RMK T03000240 IEM_DS3505,M
VOTV,2002-04-11 03:40,76.9500,8.4667,87.80,77.00,70.45,0.00,0.00,M,29.80,M,M,M,M,M,M,M,M,M,M,M,M,M,M,M,M,M,M,99.92,VOTV 110340Z AUTO 00000KT 31/25 A2980 RMK T03100250 IEM_DS3505,M
VOTV,2002-04-11 04:40,76.9500,8.4667,87.80,75.20,66.35,0.00,0.00,M,29.83,M,5.00,M,M,M,M,M,M,M,M,M,M,M,M,M,M,M,M,97.76,VOTV 110440Z AUTO 00000KT 5SM 31/24 A2983 RMK T03100240 IEM_DS3505,M
VOTV,2002-04-11 09:40,76.9500,8.4667,M,M,M,M,M,M,29.74,M,2.50,M,M,M,M,M,M,M,M,M,M,M,M,M,M,M,M,M,VOTV 110940Z AUTO 2 1/2SM A2974 RMK IEM_DS3505,M
VOTV,2002-04-11 10:40,76.9500,8.4667,84.20,75.20,74.44,M,M,M,29.71,M,2.50,M,M,M,M,M,M,M,M,M,M,M,M,M,M,M,M,92.45,VOTV 111040Z AUTO 2 1/2SM 29/24 A2971 RMK T02900240 IEM_DS3505,M
VOTV,2002-04-11 11:40,76.9500,8.4667,82.40,75.20,78.90,M,M,M,29.74,M,2.50,M,M,M,M,M,M,M,M,M,M,M,M,M,M,M,M,89.48,VOTV 111140Z AUTO 2 1/2SM 28/24 A2974 RMK T02800240 IEM_DS3505,M
VOTV,2002-04-11 12:40,76.9500,8.4667,86.00,75.20,70.27,0.00,0.00,M,29.74,M,2.50,M,M,M,M,M,M,M,M,M,M,M,M,M,M,M,M,95.19,VOTV 111240Z AUTO 00000KT 2 1/2SM 30/24 A2974 RMK T03000240 IEM_DS3505,M
VOTV,2002-04-11 13:40,76.9500,8.4667,82.40,73.40,74.28,M,M,M,29.74,M,2.50,M,M,M,M,M,M,M,M,M,M,M,M,M,M,M,M,88.26,VOTV 111340Z AUTO 2 1/2SM 28/23 A2974 RMK T02800230 IEM_DS3505,M
VOTV,2002-04-11 23:40,76.9500,8.4667,78.80,73.40,83.55,0.00,0.00,M,29.77,M,1.50,M,M,M,M,M,M,M,M,M,M,M,M,M,M,M,M,82.03,VOTV 112340Z AUTO 00000KT 1 1/2SM 26/23 A2977 RMK T02600230 IEM_DS3505,M
VOTV,2002-04-12 00:40,76.9500,8.4667,78.80,73.40,83.55,0.00,0.00,M,29.77,M,1.50,M,M,M,M,M,M,M,M,M,M,M,M,M,M,M,M,82.03,VOTV 120040Z AUTO 00000KT 1 1/2SM 26/23 A2977 RMK T02600230 IEM_DS3505,M
VOTV,2002-04-12 01:40,76.9500,8.4667,78.80,73.40,83.55,0.00,0.00,M,29.80,M,1.50,M,M,M,M,M,M,M,M,M,M,M,M,M,M,M,M,82.03,VOTV 120140Z AUTO 00000KT 1 1/2SM 26/23 A2980 RMK T02600230 IEM_DS3505,M
VOTV,2002-04-12 02:40,76.9500,8.4667,M,M,M,0.00,0.00,M,M,M,2.50,M,M,M,M,M,M,M,M,M,M,M,M,M,M,M,M,M,VOTV 120240Z AUTO 00000KT 2 1/2SM RMK IEM_DS3505,M
VOTV,2002-04-12 03:40,76.9500,8.4667,M,M,M,0.00,0.00,M,M,M,4.00,M,M,M,M,M,M,M,M,M,M,M,M,M,M,M,M,M,VOTV 120340Z AUTO 00000KT 4SM RMK IEM_DS3505,M
VOTV,2002-04-12 05:40,76.9500,8.4667,M,M,M,260.00,8.00,M,M,M,5.00,M,M,M,M,M,M,M,M,M,M,M,M,M,M,M,M,M,VOTV 120540Z AUTO 26008KT 5SM RMK IEM_DS3505,M
VOTV,2002-04-12 06:40,76.9500,8.4667,M,M,M,260.00,3.00,M,M,M,5.00,M,M,M,M,M,M,M,M,M,M,M,M,M,M,M,M,M,VOTV 120640Z AUTO 26003KT 5SM RMK IEM_DS3505,M
VOTV,2002-04-12 15:40,76.9500,8.4667,M,M,M,M,M,M,M,M,2.50,M,M,M,M,M,M,M,M,M,M,M,M,M,M,M,M,M,VOTV 121540Z AUTO 2 1/2SM RMK IEM_DS3505,M
VOTV,2002-04-13 02:40,76.9500,8.4667,82.40,75.20,78.90,M,M,M,29.85,M,3.00,M,M,M,M,M,M,M,M,M,M,M,M,M,M,M,M,89.48,VOTV 130240Z AUTO 3SM 28/24 A2985 RMK T02800240 IEM_DS3505,M
VOTV,2002-04-13 03:40,76.9500,8.4667,87.80,77.00,70.45,0.00,0.00,M,29.88,M,M,M,M,M,M,M,M,M,M,M,M,M,M,M,M,M,M,99.92,VOTV 130340Z AUTO 00000KT 31/25 A2988 RMK T03100250 IEM_DS3505,M
VOTV,2002-04-13 04:40,76.9500,8.4667,87.80,75.20,66.35,0.00,0.00,M,29.88,M,5.00,M,M,M,M,M,M,M,M,M,M,M,M,M,M,M,M,97.76,VOTV 130440Z AUTO 00000KT 5SM 31/24 A2988 RMK T03100240 IEM_DS3505,M
VOTV,2002-04-13 05:40,76.9500,8.4667,87.80,77.00,70.45,M,M,M,29.85,M,5.00,M,M,M,M,M,M,M,M,M,M,M,M,M,M,M,M,99.92,VOTV 130540Z AUTO 5SM 31/25 A2985 RMK T03100250 IEM_DS3505,M
VOTV,2002-04-13 09:40,76.9500,8.4667,87.80,77.00,70.45,220.00,3.00,M,29.77,M,7.00,M,M,M,M,M,M,M,M,M,M,M,M,M,M,M,M,99.92,VOTV 130940Z AUTO 22003KT 7SM 31/25 A2977 RMK T03100250 IEM_DS3505,M
VOTV,2002-04-14 00:40,76.9500,8.4667,M,M,M,0.00,0.00,M,M,M,2.00,M,M,M,M,M,M,M,M,M,M,M,M,M,M,M,M,M,VOTV 140040Z AUTO 00000KT 2SM RMK IEM_DS3505,M
VOTV,2002-04-14 01:40,76.9500,8.4667,M,M,M,0.00,0.00,M,M,M,2.00,M,M,M,M,M,M,M,M,M,M,M,M,M,M,M,M,M,VOTV 140140Z AUTO 00000KT 2SM RMK IEM_DS3505,M
VOTV,2002-04-14 03:40,76.9500,8.4667,84.20,77.00,79.04,0.00,0.00,M,29.85,M,4.00,M,M,M,M,M,M,M,M,M,M,M,M,M,M,M,M,94.16,VOTV 140340Z AUTO 00000KT 4SM 29/25 A2985 RMK T02900250 IEM_DS3505,M
VOTV,2002-04-14 04:40,76.9500,8.4667,86.00,75.20,70.27,0.00,0.00,M,29.85,M,7.00,M,M,M,M,M,M,M,M,M,M,M,M,M,M,M,M,95.19,VOTV 140440Z AUTO 00000KT 7SM 30/24 A2985 RMK T03000240 IEM_DS3505,M
VOTV,2002-04-14 08:40,76.9500,8.4667,89.60,77.00,66.55,270.00,4.00,M,29.74,M,7.00,M,M,M,M,M,M,M,M,M,M,M,M,M,M,M,M,102.54,VOTV 140840Z AUTO 27004KT 7SM 32/25 A2974 RMK T03200250 IEM_DS3505,M
VOTV,2002-04-14 09:40,76.9500,8.4667,89.60,77.00,66.55,270.00,6.00,M,29.74,M,7.00,M,M,M,M,M,M,M,M,M,M,M,M,M,M,M,M,102.54,VOTV 140940Z AUTO 27006KT 7SM 32/25 A2974 RMK T03200250 IEM_DS3505,M
VOTV,2002-04-14 11:40,76.9500,8.4667,87.80,77.00,70.45,270.00,3.00,M,29.74,M,5.00,M,M,M,M,M,M,M,M,M,M,M,M,M,M,M,M,99.92,VOTV 141140Z AUTO 27003KT 5SM 31/25 A2974 RMK T03100250 IEM_DS3505,M
VOTV,2002-04-14 14:40,76.9500,8.4667,M,M,M,110.00,3.00,M,M,M,2.00,M,M,M,M,M,M,M,M,M,M,M,M,M,M,M,M,M,VOTV 141440Z AUTO 11003KT 2SM RMK IEM_DS3505,M
VOTV,2002-04-14 15:40,76.9500,8.4667,M,M,M,0.00,0.00,M,M,M,2.00,M,M,M,M,M,M,M,M,M,M,M,M,M,M,M,M,M,VOTV 141540Z AUTO 00000KT 2SM RMK IEM_DS3505,M
VOTV,2002-04-14 16:40,76.9500,8.4667,M,M,M,0.00,0.00,M,M,M,2.00,M,M,M,M,M,M,M,M,M,M,M,M,M,M,M,M,M,VOTV 141640Z AUTO 00000KT 2SM RMK IEM_DS3505,M
VOTV,2002-04-14 17:40,76.9500,8.4667,M,M,M,0.00,0.00,M,M,M,2.00,M,M,M,M,M,M,M,M,M,M,M,M,M,M,M,M,M,VOTV 141740Z AUTO 00000KT 2SM RMK IEM_DS3505,M
VOTV,2002-04-15 01:40,76.9500,8.4667,78.80,73.40,83.55,M,M,M,29.83,M,2.00,M,M,M,M,M,M,M,M,M,M,M,M,M,M,M,M,78.80,VOTV 150140Z AUTO 2SM 26/23 A2983 RMK T02600230 IEM_DS3505,M
VOTV,2002-04-15 03:40,76.9500,8.4667,M,M,M,0.00,0.00,M,M,M,4.00,M,M,M,M,M,M,M,M,M,M,M,M,M,M,M,M,M,VOTV 150340Z AUTO 00000KT 4SM RMK IEM_DS3505,M
VOTV,2002-04-15 09:40,76.9500,8.4667,89.60,77.00,66.55,220.00,6.00,M,29.74,M,7.00,M,M,M,M,M,M,M,M,M,M,M,M,M,M,M,M,102.54,VOTV 150940Z AUTO 22006KT 7SM 32/25 A2974 RMK T03200250 IEM_DS3505,M
VOTV,2002-04-15 10:40,76.9500,8.4667,M,M,M,260.00,2.00,M,M,M,7.00,M,M,M,M,M,M,M,M,M,M,M,M,M,M,M,M,M,VOTV 151040Z AUTO 26002KT 7SM RMK IEM_DS3505,M
VOTV,2002-04-15 11:40,76.9500,8.4667,M,M,M,260.00,2.00,M,M,M,7.00,M,M,M,M,M,M,M,M,M,M,M,M,M,M,M,M,M,VOTV 151140Z AUTO 26002KT 7SM RMK IEM_DS3505,M
VOTV,2002-04-15 12:40,76.9500,8.4667,86.00,75.20,70.27,0.00,0.00,M,29.74,M,5.00,M,M,M,M,M,M,M,M,M,M,M,M,M,M,M,M,95.19,VOTV 151240Z AUTO 00000KT 5SM 30/24 A2974 RMK T03000240 IEM_DS3505,M
VOTV,2002-04-16 02:40,76.9500,8.4667,86.00,75.20,70.27,0.00,0.00,M,29.83,M,2.50,M,M,M,M,M,M,M,M,M,M,M,M,M,M,M,M,95.19,VOTV 160240Z AUTO 00000KT 2 1/2SM 30/24 A2983 RMK T03000240 IEM_DS3505,M
VOTV,2002-04-16 03:40,76.9500,8.4667,87.80,75.20,66.35,0.00,0.00,M,29.83,M,M,M,M,M,M,M,M,M,M,M,M,M,M,M,M,M,M,97.76,VOTV 160340Z AUTO 00000KT 31/24 A2983 RMK T03100240 IEM_DS3505,M
VOTV,2002-04-16 05:40,76.9500,8.4667,89.60,75.20,62.68,290.00,10.00,M,29.83,M,5.00,M,M,M,M,M,M,M,M,M,M,M,M,M,M,M,M,100.23,VOTV 160540Z AUTO 29010KT 5SM 32/24 A2983 RMK T03200240 IEM_DS3505,M
VOTV,2002-04-16 06:40,76.9500,8.4667,89.60,75.20,62.68,260.00,8.00,M,29.80,M,5.00,M,M,M,M,M,M,M,M,M,M,M,M,M,M,M,M,100.23,VOTV 160640Z AUTO 26008KT 5SM 32/24 A2980 RMK T03200240 IEM_DS3505,M
VOTV,2002-04-16 10:40,76.9500,8.4667,M,M,M,300.00,7.00,M,M,M,4.00,M,M,M,M,M,M,M,M,M,M,M,M,M,M,M,M,M,VOTV 161040Z AUTO 30007KT 4SM RMK IEM_DS3505,M
VOTV,2002-04-16 11:40,76.9500,8.4667,M,M,M,0.00,0.00,M,M,M,2.50,M,M,M,M,M,M,M,M,M,M,M,M,M,M,M,M,M,VOTV 161140Z AUTO 00000KT 2 1/2SM RMK IEM_DS3505,M
VOTV,2002-04-17 01:40,76.9500,8.4667,78.80,75.20,88.75,0.00,0.00,M,29.80,M,2.00,M,M,M,M,M,M,M,M,M,M,M,M,M,M,M,M,82.38,VOTV 170140Z AUTO 00000KT 2SM 26/24 A2980 RMK T02600240 IEM_DS3505,M
VOTV,2002-04-17 02:40,76.9500,8.4667,86.00,75.20,70.27,0.00,0.00,M,29.80,M,2.50,M,M,M,M,M,M,M,M,M,M,M,M,M,M,M,M,95.19,VOTV 170240Z AUTO 00000KT 2 1/2SM 30/24 A2980 RMK T03000240 IEM_DS3505,M
VOTV,2002-04-17 03:40,76.9500,8.4667,87.80,75.20,66.35,0.00,0.00,M,29.83,M,M,M,M,M,M,M,M,M,M,M,M,M,M,M,M,M,M,97.76,VOTV 170340Z AUTO 00000KT 31/24 A2983 RMK T03100240 IEM_DS3505,M
VOTV,2002-04-17 05:40,76.9500,8.4667,87.80,73.40,62.47,270.00,4.00,M,29.83,M,5.00,M,M,M,M,M,M,M,M,M,M,M,M,M,M,M,M,95.86,VOTV 170540Z AUTO 27004KT 5SM 31/23 A2983 RMK T03100230 IEM_DS3505,M
VOTV,2002-04-17 12:40,76.9500,8.4667,M,M,M,0.00,0.00,M,M,M,4.00,M,M,M,M,M,M,M,M,M,M,M,M,M,M,M,M,M,VOTV 171240Z AUTO 00000KT 4SM RMK IEM_DS3505,M
VOTV,2002-04-17 13:40,76.9500,8.4667,M,M,M,0.00,0.00,M,M,M,2.50,M,M,M,M,M,M,M,M,M,M,M,M,M,M,M,M,M,VOTV 171340Z AUTO 00000KT 2 1/2SM RMK IEM_DS3505,M
VOTV,2002-04-18 01:40,76.9500,8.4667,M,M,M,0.00,0.00,M,M,M,2.00,M,M,M,M,M,M,M,M,M,M,M,M,M,M,M,M,M,VOTV 180140Z AUTO 00000KT 2SM RMK IEM_DS3505,M
VOTV,2002-04-18 02:40,76.9500,8.4667,84.20,77.00,79.04,0.00,0.00,M,29.80,M,2.50,M,M,M,M,M,M,M,M,M,M,M,M,M,M,M,M,94.16,VOTV 180240Z AUTO 00000KT 2 1/2SM 29/25 A2980 RMK T02900250 IEM_DS3505,M
VOTV,2002-04-18 04:40,76.9500,8.4667,89.60,71.60,55.53,0.00,0.00,M,29.80,M,5.00,M,M,M,M,M,M,M,M,M,M,M,M,M,M,M,M,96.41,VOTV 180440Z AUTO 00000KT 5SM 32/22 A2980 RMK T03200220 IEM_DS3505,M
VOTV,2002-04-18 05:40,76.9500,8.4667,89.60,71.60,55.53,250.00,7.00,M,29.77,M,7.00,M,M,M,M,M,M,M,M,M,M,M,M,M,M,M,M,96.41,VOTV 180540Z AUTO 25007KT 7SM 32/22 A2977 RMK T03200220 IEM_DS3505,M
VOTV,2002-04-18 15:40,76.9500,8.4667,M,M,M,M,M,M,M,M,2.00,M,M,M,M,M,M,M,M,M,M,M,M,M,M,M,M,M,VOTV 181540Z AUTO 2SM RMK IEM_DS3505,M
VOTV,2002-04-18 17:40,76.9500,8.4667,M,M,M,0.00,0.00,M,M,M,2.00,M,M,M,M,M,M,M,M,M,M,M,M,M,M,M,M,M,VOTV 181740Z AUTO 00000KT 2SM RMK IEM_DS3505,M
VOTV,2002-04-19 02:40,76.9500,8.4667,M,M,M,0.00,0.00,M,M,M,2.50,M,M,M,M,M,M,M,M,M,M,M,M,M,M,M,M,M,VOTV 190240Z AUTO 00000KT 2 1/2SM RMK IEM_DS3505,M
VOTV,2002-04-19 03:40,76.9500,8.4667,M,M,M,0.00,0.00,M,M,M,4.00,M,M,M,M,M,M,M,M,M,M,M,M,M,M,M,M,M,VOTV 190340Z AUTO 00000KT 4SM RMK IEM_DS3505,M
VOTV,2002-04-19 06:40,76.9500,8.4667,M,M,M,0.00,0.00,M,M,M,5.00,M,M,M,M,M,M,M,M,M,M,M,M,M,M,M,M,M,VOTV 190640Z AUTO 00000KT 5SM RMK IEM_DS3505,M
VOTV,2002-04-19 09:40,76.9500,8.4667,M,M,M,170.00,6.00,M,M,M,4.00,M,M,M,M,M,M,M,M,M,M,M,M,M,M,M,M,M,VOTV 190940Z AUTO 17006KT 4SM RMK IEM_DS3505,M
VOTV,2002-04-19 10:40,76.9500,8.4667,M,M,M,170.00,5.00,M,M,M,4.00,M,M,M,M,M,M,M,M,M,M,M,M,M,M,M,M,M,VOTV 191040Z AUTO 17005KT 4SM RMK IEM_DS3505,M
VOTV,2002-04-19 11:40,76.9500,8.4667,M,M,M,M,M,M,M,M,4.00,M,M,M,M,M,M,M,M,M,M,M,M,M,M,M,M,M,VOTV 191140Z AUTO 4SM RMK IEM_DS3505,M
VOTV,2002-04-19 12:40,76.9500,8.4667,M,M,M,0.00,0.00,M,M,M,4.00,M,M,M,M,M,M,M,M,M,M,M,M,M,M,M,M,M,VOTV 191240Z AUTO 00000KT 4SM RMK IEM_DS3505,M
VOTV,2002-04-19 13:40,76.9500,8.4667,M,M,M,0.00,0.00,M,M,M,4.00,M,M,M,M,M,M,M,M,M,M,M,M,M,M,M,M,M,VOTV 191340Z AUTO 00000KT 4SM RMK IEM_DS3505,M
VOTV,2002-04-20 02:40,76.9500,8.4667,84.20,75.20,74.44,0.00,0.00,M,29.83,M,2.50,M,M,M,M,M,M,M,M,M,M,M,M,M,M,M,M,92.45,VOTV 200240Z AUTO 00000KT 2 1/2SM 29/24 A2983 RMK T02900240 IEM_DS3505,M
VOTV,2002-04-20 11:40,76.9500,8.4667,87.80,77.00,70.45,180.00,6.00,M,29.71,M,7.00,M,M,M,M,M,M,M,M,M,M,M,M,M,M,M,M,99.92,VOTV 201140Z AUTO 18006KT 7SM 31/25 A2971 RMK T03100250 IEM_DS3505,M
VOTV,2002-04-20 13:40,76.9500,8.4667,86.00,78.80,79.18,0.00,0.00,M,29.77,M,4.00,M,M,M,M,M,M,M,M,M,M,M,M,M,M,M,M,99.38,VOTV 201340Z AUTO 00000KT 4SM 30/26 A2977 RMK T03000260 IEM_DS3505,M
VOTV,2002-04-20 14:40,76.9500,8.4667,M,M,M,M,M,M,M,M,2.50,M,M,M,M,M,M,M,M,M,M,M,M,M,M,M,M,M,VOTV 201440Z AUTO 2 1/2SM RMK IEM_DS3505,M
VOTV,2002-04-20 23:40,76.9500,8.4667,78.80,73.40,83.55,0.00,0.00,M,29.74,M,2.50,M,M,M,M,M,M,M,M,M,M,M,M,M,M,M,M,82.03,VOTV 202340Z AUTO 00000KT 2 1/2SM 26/23 A2974 RMK T02600230 IEM_DS3505,M
VOTV,2002-04-21 00:40,76.9500,8.4667,78.80,75.20,88.75,0.00,0.00,M,29.77,M,2.00,M,M,M,M,M,M,M,M,M,M,M,M,M,M,M,M,82.38,VOTV 210040Z AUTO 00000KT 2SM 26/24 A2977 RMK T02600240 IEM_DS3505,M
VOTV,2002-04-21 05:40,76.9500,8.4667,M,M,M,0.00,0.00,M,M,M,5.00,M,M,M,M,M,M,M,M,M,M,M,M,M,M,M,M,M,VOTV 210540Z AUTO 00000KT 5SM RMK IEM_DS3505,M
VOTV,2002-04-21 08:40,76.9500,8.4667,M,M,M,200.00,4.00,M,M,M,5.00,M,M,M,M,M,M,M,M,M,M,M,M,M,M,M,M,M,VOTV 210840Z AUTO 20004KT 5SM RMK IEM_DS3505,M
VOTV,2002-04-21 12:40,76.9500,8.4667,M,M,M,0.00,0.00,M,M,M,2.50,M,M,M,M,M,M,M,M,M,M,M,M,M,M,M,M,M,VOTV 211240Z AUTO 00000KT 2 1/2SM RMK IEM_DS3505,M
VOTV,2002-04-21 13:40,76.9500,8.4667,M,M,M,0.00,0.00,M,M,M,2.50,M,M,M,M,M,M,M,M,M,M,M,M,M,M,M,M,M,VOTV 211340Z AUTO 00000KT 2 1/2SM RMK IEM_DS3505,M
VOTV,2002-04-21 14:40,76.9500,8.4667,M,M,M,0.00,0.00,M,M,M,2.50,M,M,M,M,M,M,M,M,M,M,M,M,M,M,M,M,M,VOTV 211440Z AUTO 00000KT 2 1/2SM RMK IEM_DS3505,M
VOTV,2002-04-21 15:40,76.9500,8.4667,M,M,M,0.00,0.00,M,M,M,2.50,M,M,M,M,M,M,M,M,M,M,M,M,M,M,M,M,M,VOTV 211540Z AUTO 00000KT 2 1/2SM RMK IEM_DS3505,M
VOTV,2002-04-21 16:40,76.9500,8.4667,M,M,M,0.00,0.00,M,M,M,2.50,M,M,M,M,M,M,M,M,M,M,M,M,M,M,M,M,M,VOTV 211640Z AUTO 00000KT 2 1/2SM RMK IEM_DS3505,M
VOTV,2002-04-21 22:40,76.9500,8.4667,M,M,M,0.00,0.00,M,M,M,2.00,M,M,M,M,M,M,M,M,M,M,M,M,M,M,M,M,M,VOTV 212240Z AUTO 00000KT 2SM RMK IEM_DS3505,M
VOTV,2002-04-21 23:40,76.9500,8.4667,M,M,M,0.00,0.00,M,M,M,2.00,M,M,M,M,M,M,M,M,M,M,M,M,M,M,M,M,M,VOTV 212340Z AUTO 00000KT 2SM RMK IEM_DS3505,M
VOTV,2002-04-22 00:40,76.9500,8.4667,M,M,M,0.00,0.00,M,M,M,2.00,M,M,M,M,M,M,M,M,M,M,M,M,M,M,M,M,M,VOTV 220040Z AUTO 00000KT 2SM RMK IEM_DS3505,M
VOTV,2002-04-22 02:40,76.9500,8.4667,M,M,M,0.00,0.00,M,M,M,2.00,M,M,M,M,M,M,M,M,M,M,M,M,M,M,M,M,M,VOTV 220240Z AUTO 00000KT 2SM RMK IEM_DS3505,M
VOTV,2002-04-22 03:40,76.9500,8.4667,M,M,M,0.00,0.00,M,M,M,2.50,M,M,M,M,M,M,M,M,M,M,M,M,M,M,M,M,M,VOTV 220340Z AUTO 00000KT 2 1/2SM RMK IEM_DS3505,M
VOTV,2002-04-22 04:40,76.9500,8.4667,M,M,M,0.00,0.00,M,M,M,4.00,M,M,M,M,M,M,M,M,M,M,M,M,M,M,M,M,M,VOTV 220440Z AUTO 00000KT 4SM RMK IEM_DS3505,M
VOTV,2002-04-22 06:40,76.9500,8.4667,M,M,M,300.00,7.00,M,M,M,5.00,M,M,M,M,M,M,M,M,M,M,M,M,M,M,M,M,M,VOTV 220640Z AUTO 30007KT 5SM RMK IEM_DS3505,M
VOTV,2002-04-22 07:40,76.9500,8.4667,M,M,M,290.00,7.00,M,M,M,5.00,M,M,M,M,M,M,M,M,M,M,M,M,M,M,M,M,M,VOTV 220740Z AUTO 29007KT 5SM RMK IEM_DS3505,M
VOTV,2002-04-22 08:40,76.9500,8.4667,M,M,M,270.00,5.00,M,M,M,5.00,M,M,M,M,M,M,M,M,M,M,M,M,M,M,M,M,M,VOTV 220840Z AUTO 27005KT 5SM RMK IEM_DS3505,M
VOTV,2002-04-22 11:40,76.9500,8.4667,M,M,M,310.00,8.00,M,M,M,4.00,M,M,M,M,M,M,M,M,M,M,M,M,M,M,M,M,M,VOTV 221140Z AUTO 31008KT 4SM RMK IEM_DS3505,M
VOTV,2002-04-23 02:40,76.9500,8.4667,84.20,75.20,74.44,0.00,0.00,M,29.77,M,2.50,M,M,M,M,M,M,M,M,M,M,M,M,M,M,M,M,92.45,VOTV 230240Z AUTO 00000KT 2 1/2SM 29/24 A2977 RMK T02900240 IEM_DS3505,M
VOTV,2002-04-23 03:40,76.9500,8.4667,87.80,75.20,66.35,350.00,7.00,M,29.80,M,M,M,M,M,M,M,M,M,M,M,M,M,M,M,M,M,M,97.76,VOTV 230340Z AUTO 35007KT 31/24 A2980 RMK T03100240 IEM_DS3505,M
VOTV,2002-04-23 05:40,76.9500,8.4667,89.60,84.20,84.20,280.00,8.00,M,29.77,M,7.00,M,M,M,M,M,M,M,M,M,M,M,M,M,M,M,M,115.19,VOTV 230540Z AUTO 28008KT 7SM 32/29 A2977 RMK T03200290 IEM_DS3505,M
VOTV,2002-04-23 06:40,76.9500,8.4667,89.60,77.00,66.55,260.00,10.00,M,29.77,M,7.00,M,M,M,M,M,M,M,M,M,M,M,M,M,M,M,M,102.54,VOTV 230640Z AUTO 26010KT 7SM 32/25 A2977 RMK T03200250 IEM_DS3505,M
VOTV,2002-04-23 07:40,76.9500,8.4667,M,M,M,230.00,8.00,M,M,M,7.00,M,M,M,M,M,M,M,M,M,M,M,M,M,M,M,M,M,VOTV 230740Z AUTO 23008KT 7SM RMK IEM_DS3505,M
VOTV,2002-04-23 08:40,76.9500,8.4667,M,M,M,260.00,6.00,M,M,M,7.00,M,M,M,M,M,M,M,M,M,M,M,M,M,M,M,M,M,VOTV 230840Z AUTO 26006KT 7SM RMK IEM_DS3505,M
VOTV,2002-04-23 11:40,76.9500,8.4667,M,M,M,0.00,0.00,M,M,M,4.00,M,M,M,M,M,M,M,M,M,M,M,M,M,M,M,M,M,VOTV 231140Z AUTO 00000KT 4SM RMK IEM_DS3505,M
VOTV,2002-04-23 12:40,76.9500,8.4667,78.80,73.40,83.55,0.00,0.00,M,29.71,M,4.00,M,M,M,M,M,M,M,M,M,M,M,M,M,M,M,M,82.03,VOTV 231240Z AUTO 00000KT 4SM 26/23 A2971 RMK T02600230 IEM_DS3505,M
VOTV,2002-04-23 13:40,76.9500,8.4667,M,M,M,0.00,0.00,M,29.74,M,4.00,M,M,M,M,M,M,M,M,M,M,M,M,M,M,M,M,M,VOTV 231340Z AUTO 00000KT 4SM A2974 RMK IEM_DS3505,M
VOTV,2002-04-23 14:40,76.9500,8.4667,M,M,M,0.00,0.00,M,M,M,4.00,M,M,M,M,M,M,M,M,M,M,M,M,M,M,M,M,M,VOTV 231440Z AUTO 00000KT 4SM RMK IEM_DS3505,M
VOTV,2002-04-23 17:40,76.9500,8.4667,78.80,73.40,83.55,0.00,0.00,M,29.80,M,4.00,M,M,M,M,M,M,M,M,M,M,M,M,M,M,M,M,82.03,VOTV 231740Z AUTO 00000KT 4SM 26/23 A2980 RMK T02600230 IEM_DS3505,M
VOTV,2002-04-24 01:40,76.9500,8.4667,78.80,73.40,83.55,0.00,0.00,M,29.74,M,2.00,M,M,M,M,M,M,M,M,M,M,M,M,M,M,M,M,82.03,VOTV 240140Z AUTO 00000KT 2SM 26/23 A2974 RMK T02600230 IEM_DS3505,M
VOTV,2002-04-24 02:40,76.9500,8.4667,82.40,77.00,83.77,0.00,0.00,M,29.77,M,2.00,M,M,M,M,M,M,M,M,M,M,M,M,M,M,M,M,90.85,VOTV 240240Z AUTO 00000KT 2SM 28/25 A2977 RMK T02800250 IEM_DS3505,M
VOTV,2002-04-24 04:40,76.9500,8.4667,89.60,75.20,62.68,0.00,0.00,M,29.80,M,4.00,M,M,M,M,M,M,M,M,M,M,M,M,M,M,M,M,100.23,VOTV 240440Z AUTO 00000KT 4SM 32/24 A2980 RMK T03200240 IEM_DS3505,M
VOTV,2002-04-24 05:40,76.9500,8.4667,91.40,75.20,59.24,0.00,0.00,M,29.77,M,5.00,M,M,M,M,M,M,M,M,M,M,M,M,M,M,M,M,102.65,VOTV 240540Z AUTO 00000KT 5SM 33/24 A2977 RMK T03300240 IEM_DS3505,M
VOTV,2002-04-24 10:40,76.9500,8.4667,M,M,M,270.00,5.00,M,M,M,5.00,M,M,M,M,M,M,M,M,M,M,M,M,M,M,M,M,M,VOTV 241040Z AUTO 27005KT 5SM RMK IEM_DS3505,M
VOTV,2002-04-24 11:40,76.9500,8.4667,M,M,M,280.00,4.00,M,M,M,5.00,M,M,M,M,M,M,M,M,M,M,M,M,M,M,M,M,M,VOTV 241140Z AUTO 28004KT 5SM RMK IEM_DS3505,M
VOTV,2002-04-24 12:40,76.9500,8.4667,M,M,M,0.00,0.00,M,M,M,4.00,M,M,M,M,M,M,M,M,M,M,M,M,M,M,M,M,M,VOTV 241240Z AUTO 00000KT 4SM RMK IEM_DS3505,M
VOTV,2002-04-24 13:40,76.9500,8.4667,M,M,M,0.00,0.00,M,M,M,2.50,M,M,M,M,M,M,M,M,M,M,M,M,M,M,M,M,M,VOTV 241340Z AUTO 00000KT 2 1/2SM RMK IEM_DS3505,M
VOTV,2002-04-24 14:40,76.9500,8.4667,M,M,M,0.00,0.00,M,M,M,2.50,M,M,M,M,M,M,M,M,M,M,M,M,M,M,M,M,M,VOTV 241440Z AUTO 00000KT 2 1/2SM RMK IEM_DS3505,M
VOTV,2002-04-24 23:40,76.9500,8.4667,M,M,M,0.00,0.00,M,M,M,2.50,M,M,M,M,M,M,M,M,M,M,M,M,M,M,M,M,M,VOTV 242340Z AUTO 00000KT 2 1/2SM RMK IEM_DS3505,M
VOTV,2002-04-25 01:40,76.9500,8.4667,82.40,73.40,74.28,M,M,M,29.74,M,2.00,M,M,M,M,M,M,M,M,M,M,M,M,M,M,M,M,88.26,VOTV 250140Z AUTO 2SM 28/23 A2974 RMK T02800230 IEM_DS3505,M
VOTV,2002-04-25 02:40,76.9500,8.4667,86.00,75.20,70.27,M,M,M,29.74,M,2.50,M,M,M,M,M,M,M,M,M,M,M,M,M,M,M,M,95.19,VOTV 250240Z AUTO 2 1/2SM 30/24 A2974 RMK T03000240 IEM_DS3505,M
VOTV,2002-04-25 03:40,76.9500,8.4667,89.60,75.20,62.68,M,M,M,29.77,M,M,M,M,M,M,M,M,M,M,M,M,M,M,M,M,M,M,100.23,VOTV 250340Z AUTO 32/24 A2977 RMK T03200240 IEM_DS3505,M
VOTV,2002-04-25 05:40,76.9500,8.4667,M,M,M,M,M,M,M,M,5.00,M,M,M,M,M,M,M,M,M,M,M,M,M,M,M,M,M,VOTV 250540Z AUTO 5SM RMK IEM_DS3505,M
VOTV,2002-04-25 06:40,76.9500,8.4667,91.40,75.20,59.24,270.00,5.00,M,29.74,M,7.00,M,M,M,M,M,M,M,M,M,M,M,M,M,M,M,M,102.65,VOTV 250640Z AUTO 27005KT 7SM 33/24 A2974 RMK T03300240 IEM_DS3505,M
VOTV,2002-04-25 08:40,76.9500,8.4667,M,M,M,250.00,7.00,M,M,M,5.00,M,M,M,M,M,M,M,M,M,M,M,M,M,M,M,M,M,VOTV 250840Z AUTO 25007KT 5SM RMK IEM_DS3505,M
VOTV,2002-04-25 10:40,76.9500,8.4667,M,M,M,250.00,3.00,M,M,M,5.00,M,M,M,M,M,M,M,M,M,M,M,M,M,M,M,M,M,VOTV 251040Z AUTO 25003KT 5SM RMK IEM_DS3505,M
VOTV,2002-04-25 11:40,76.9500,8.4667,M,M,M,220.00,3.00,M,M,M,4.00,M,M,M,M,M,M,M,M,M,M,M,M,M,M,M,M,M,VOTV 251140Z AUTO 22003KT 4SM RMK IEM_DS3505,M
VOTV,2002-04-25 12:40,76.9500,8.4667,M,M,M,0.00,0.00,M,M,M,4.00,M,M,M,M,M,M,M,M,M,M,M,M,M,M,M,M,M,VOTV 251240Z AUTO 00000KT 4SM RMK IEM_DS3505,M
VOTV,2002-04-26 00:40,76.9500,8.4667,80.60,75.20,83.66,0.00,0.00,M,29.71,M,2.50,M,M,M,M,M,M,M,M,M,M,M,M,M,M,M,M,86.17,VOTV 260040Z AUTO 00000KT 2 1/2SM 27/24 A2971 RMK T02700240 IEM_DS3505,M
VOTV,2002-04-26 03:40,76.9500,8.4667,87.80,77.00,70.45,0.00,0.00,M,29.77,M,M,M,M,M,M,M,M,M,M,M,M,M,M,M,M,M,M,99.92,VOTV 260340Z AUTO 00000KT 31/25 A2977 RMK T03100250 IEM_DS3505,M
VOTV,2002-04-26 04:40,76.9500,8.4667,89.60,77.00,66.55,M,M,M,29.77,M,M,M,M,M,M,M,M,M,M,M,M,M,M,M,M,M,M,102.54,VOTV 260440Z AUTO 32/25 A2977 RMK T03200250 IEM_DS3505,M
VOTV,2002-04-26 05:40,76.9500,8.4667,89.60,77.00,66.55,200.00,2.00,M,29.77,M,5.00,M,M,M,M,M,M,M,M,M,M,M,M,M,M,M,M,102.54,VOTV 260540Z AUTO 20002KT 5SM 32/25 A2977 RMK T03200250 IEM_DS3505,M
VOTV,2002-04-26 06:40,76.9500,8.4667,91.40,77.00,62.90,220.00,3.00,M,29.74,M,7.00,M,M,M,M,M,M,M,M,M,M,M,M,M,M,M,M,105.06,VOTV 260640Z AUTO 22003KT 7SM 33/25 A2974 RMK T03300250 IEM_DS3505,M
VOTV,2002-04-26 08:40,76.9500,8.4667,89.60,75.20,62.68,240.00,5.00,M,29.68,M,7.00,M,M,M,M,M,M,M,M,M,M,M,M,M,M,M,M,100.23,VOTV 260840Z AUTO 24005KT 7SM 32/24 A2968 RMK T03200240 IEM_DS3505,M
VOTV,2002-04-26 09:40,76.9500,8.4667,91.40,75.20,59.24,290.00,4.00,M,29.65,M,7.00,M,M,M,M,M,M,M,M,M,M,M,M,M,M,M,M,102.65,VOTV 260940Z AUTO 29004KT 7SM 33/24 A2965 RMK T03300240 IEM_DS3505,M
VOTV,2002-04-26 10:40,76.9500,8.4667,M,M,M,220.00,4.00,M,M,M,7.00,M,M,M,M,M,M,M,M,M,M,M,M,M,M,M,M,M,VOTV 261040Z AUTO 22004KT 7SM RMK IEM_DS3505,M
VOTV,2002-04-26 11:40,76.9500,8.4667,87.80,75.20,66.35,M,M,M,29.65,M,M,M,M,M,M,M,M,M,M,M,M,M,M,M,M,M,M,97.76,VOTV 261140Z AUTO 31/24 A2965 RMK T03100240 IEM_DS3505,M
VOTV,2002-04-26 14:40,76.9500,8.4667,M,M,M,M,M,M,M,M,2.00,M,M,M,M,M,M,M,M,M,M,M,M,M,M,M,M,M,VOTV 261440Z AUTO 2SM RMK IEM_DS3505,M
VOTV,2002-04-27 00:40,76.9500,8.4667,M,M,M,M,M,M,M,M,1.50,M,M,M,M,M,M,M,M,M,M,M,M,M,M,M,M,M,VOTV 270040Z AUTO 1 1/2SM RMK IEM_DS3505,M
VOTV,2002-04-27 01:40,76.9500,8.4667,78.80,73.40,83.55,M,M,M,29.74,M,2.00,M,M,M,M,M,M,M,M,M,M,M,M,M,M,M,M,78.80,VOTV 270140Z AUTO 2SM 26/23 A2974 RMK T02600230 IEM_DS3505,M
VOTV,2002-04-27 02:40,76.9500,8.4667,78.80,73.40,83.55,M,M,M,29.74,M,2.00,M,M,M,M,M,M,M,M,M,M,M,M,M,M,M,M,78.80,VOTV 270240Z AUTO 2SM 26/23 A2974 RMK T02600230 IEM_DS3505,M
VOTV,2002-04-27 03:40,76.9500,8.4667,86.00,75.20,70.27,M,M,M,29.77,M,M,M,M,M,M,M,M,M,M,M,M,M,M,M,M,M,M,95.19,VOTV 270340Z AUTO 30/24 A2977 RMK T03000240 IEM_DS3505,M
VOTV,2002-04-27 04:40,76.9500,8.4667,86.00,75.20,70.27,M,M,M,29.80,M,5.00,M,M,M,M,M,M,M,M,M,M,M,M,M,M,M,M,95.19,VOTV 270440Z AUTO 5SM 30/24 A2980 RMK T03000240 IEM_DS3505,M
VOTV,2002-04-27 07:40,76.9500,8.4667,M,M,M,280.00,8.00,M,M,M,5.00,M,M,M,M,M,M,M,M,M,M,M,M,M,M,M,M,M,VOTV 270740Z AUTO 28008KT 5SM RMK IEM_DS3505,M
VOTV,2002-04-27 08:40,76.9500,8.4667,M,M,M,0.00,0.00,M,M,M,2.50,M,M,M,M,M,M,M,M,M,M,M,M,M,M,M,M,M,VOTV 270840Z AUTO 00000KT 2 1/2SM RMK IEM_DS3505,M
VOTV,2002-04-27 09:40,76.9500,8.4667,M,M,M,0.00,0.00,M,M,M,2.50,M,M,M,M,M,M,M,M,M,M,M,M,M,M,M,M,M,VOTV 270940Z AUTO 00000KT 2 1/2SM RMK IEM_DS3505,M
VOTV,2002-04-27 11:40,76.9500,8.4667,M,M,M,0.00,0.00,M,M,M,3.00,M,M,M,M,M,M,M,M,M,M,M,M,M,M,M,M,M,VOTV 271140Z AUTO 00000KT 3SM RMK IEM_DS3505,M
VOTV,2002-04-27 12:40,76.9500,8.4667,82.40,75.20,78.90,0.00,0.00,M,29.71,M,3.00,M,M,M,M,M,M,M,M,M,M,M,M,M,M,M,M,89.48,VOTV 271240Z AUTO 00000KT 3SM 28/24 A2971 RMK T02800240 IEM_DS3505,M
VOTV,2002-04-28 00:40,76.9500,8.4667,77.00,73.40,88.67,0.00,0.00,M,29.71,M,2.00,M,M,M,M,M,M,M,M,M,M,M,M,M,M,M,M,78.57,VOTV 280040Z AUTO 00000KT 2SM 25/23 A2971 RMK T02500230 IEM_DS3505,M
VOTV,2002-04-28 02:40,76.9500,8.4667,84.20,75.20,74.44,0.00,0.00,M,29.77,M,4.00,M,M,M,M,M,M,M,M,M,M,M,M,M,M,M,M,92.45,VOTV 280240Z AUTO 00000KT 4SM 29/24 A2977 RMK T02900240 IEM_DS3505,M
VOTV,2002-04-28 05:40,76.9500,8.4667,86.00,75.20,70.27,0.00,0.00,M,29.80,M,7.00,M,M,M,M,M,M,M,M,M,M,M,M,M,M,M,M,95.19,VOTV 280540Z AUTO 00000KT 7SM 30/24 A2980 RMK T03000240 IEM_DS3505,M
VOTV,2002-04-28 06:40,76.9500,8.4667,89.60,75.20,62.68,0.00,0.00,M,29.77,M,7.00,M,M,M,M,M,M,M,M,M,M,M,M,M,M,M,M,100.23,VOTV 280640Z AUTO 00000KT 7SM 32/24 A2977 RMK T03200240 IEM_DS3505,M
VOTV,2002-04-28 08:40,76.9500,8.4667,M,M,M,0.00,0.00,M,M,M,7.00,M,M,M,M,M,M,M,M,M,M,M,M,M,M,M,M,M,VOTV 280840Z AUTO 00000KT 7SM RMK IEM_DS3505,M
VOTV,2002-04-28 11:40,76.9500,8.4667,M,M,M,0.00,0.00,M,M,M,5.00,M,M,M,M,M,M,M,M,M,M,M,M,M,M,M,M,M,VOTV 281140Z AUTO 00000KT 5SM RMK IEM_DS3505,M
VOTV,2002-04-29 02:40,76.9500,8.4667,84.20,77.00,79.04,0.00,0.00,M,29.77,M,2.50,M,M,M,M,M,M,M,M,M,M,M,M,M,M,M,M,94.16,VOTV 290240Z AUTO 00000KT 2 1/2SM 29/25 A2977 RMK T02900250 IEM_DS3505,M
VOTV,2002-04-29 03:40,76.9500,8.4667,89.60,75.20,62.68,330.00,6.00,M,29.77,M,5.00,M,M,M,M,M,M,M,M,M,M,M,M,M,M,M,M,100.23,VOTV 290340Z AUTO 33006KT 5SM 32/24 A2977 RMK T03200240 IEM_DS3505,M
VOTV,2002-04-29 04:40,76.9500,8.4667,87.80,75.20,66.35,310.00,7.00,M,29.77,M,5.00,M,M,M,M,M,M,M,M,M,M,M,M,M,M,M,M,97.76,VOTV 290440Z AUTO 31007KT 5SM 31/24 A2977 RMK T03100240 IEM_DS3505,M
VOTV,2002-04-29 05:40,76.9500,8.4667,87.80,77.00,70.45,320.00,8.00,M,29.77,M,5.00,M,M,M,M,M,M,M,M,M,M,M,M,M,M,M,M,99.92,VOTV 290540Z AUTO 32008KT 5SM 31/25 A2977 RMK T03100250 IEM_DS3505,M
VOTV,2002-04-29 11:40,76.9500,8.4667,89.60,77.00,66.55,250.00,3.00,M,29.65,M,5.00,M,M,M,M,M,M,M,M,M,M,M,M,M,M,M,M,102.54,VOTV 291140Z AUTO 25003KT 5SM 32/25 A2965 RMK T03200250 IEM_DS3505,M
VOTV,2002-04-29 14:40,76.9500,8.4667,M,M,M,0.00,0.00,M,M,M,4.00,M,M,M,M,M,M,M,M,M,M,M,M,M,M,M,M,M,VOTV 291440Z AUTO 00000KT 4SM RMK IEM_DS3505,M
VOTV,2002-04-29 16:40,76.9500,8.4667,M,M,M,0.00,0.00,M,M,M,4.00,M,M,M,M,M,M,M,M,M,M,M,M,M,M,M,M,M,VOTV 291640Z AUTO 00000KT 4SM RMK IEM_DS3505,M
VOTV,2002-04-30 00:40,76.9500,8.4667,80.60,75.20,83.66,0.00,0.00,M,29.68,M,2.00,M,M,M,M,M,M,M,M,M,M,M,M,M,M,M,M,86.17,VOTV 300040Z AUTO 00000KT 2SM 27/24 A2968 RMK T02700240 IEM_DS3505,M
VOTV,2002-04-30 01:40,76.9500,8.4667,82.40,75.20,78.90,0.00,0.00,M,29.68,M,2.00,M,M,M,M,M,M,M,M,M,M,M,M,M,M,M,M,89.48,VOTV 300140Z AUTO 00000KT 2SM 28/24 A2968 RMK T02800240 IEM_DS3505,M
VOTV,2002-04-30 02:40,76.9500,8.4667,86.00,75.20,70.27,0.00,0.00,M,29.71,M,2.50,M,M,M,M,M,M,M,M,M,M,M,M,M,M,M,M,95.19,VOTV 300240Z AUTO 00000KT 2 1/2SM 30/24 A2971 RMK T03000240 IEM_DS3505,M
VOTV,2002-04-30 05:40,76.9500,8.4667,91.40,77.00,62.90,350.00,8.00,M,29.71,M,5.00,M,M,M,M,M,M,M,M,M,M,M,M,M,M,M,M,105.06,VOTV 300540Z AUTO 35008KT 5SM 33/25 A2971 RMK T03300250 IEM_DS3505,M
VOTV,2002-04-30 08:40,76.9500,8.4667,91.40,77.00,62.90,280.00,12.00,M,29.62,M,7.00,M,M,M,M,M,M,M,M,M,M,M,M,M,M,M,M,105.06,VOTV 300840Z AUTO 28012KT 7SM 33/25 A2962 RMK T03300250 IEM_DS3505,M
VOTV,2002-04-30 09:40,76.9500,8.4667,91.40,77.00,62.90,300.00,12.00,M,29.59,M,7.00,M,M,M,M,M,M,M,M,M,M,M,M,M,M,M,M,105.06,VOTV 300940Z AUTO 30012KT 7SM 33/25 A2959 RMK T03300250 IEM_DS3505,M
VOTV,2002-04-30 10:40,76.9500,8.4667,91.40,77.00,62.90,290.00,14.00,M,29.59,M,5.00,M,M,M,M,M,M,M,M,M,M,M,M,M,M,M,M,105.06,VOTV 301040Z AUTO 29014KT 5SM 33/25 A2959 RMK T03300250 IEM_DS3505,M
VOTV,2002-04-30 11:40,76.9500,8.4667,89.60,77.00,66.55,240.00,10.00,M,29.59,M,5.00,M,M,M,M,M,M,M,M,M,M,M,M,M,M,M,M,102.54,VOTV 301140Z AUTO 24010KT 5SM 32/25 A2959 RMK T03200250 IEM_DS3505,M
VOTV,2002-05-01 04:40,76.9500,8.4667,89.60,75.20,62.68,0.00,0.00,M,29.71,M,M,M,M,M,M,M,M,M,M,M,M,M,M,M,M,M,M,100.23,VOTV 010440Z AUTO 00000KT 32/24 A2971 RMK T03200240 IEM_DS3505,M
VOTV,2002-05-01 08:40,76.9500,8.4667,89.60,77.00,66.55,280.00,11.00,M,29.62,M,5.00,M,M,M,M,M,M,M,M,M,M,M,M,M,M,M,M,102.54,VOTV 010840Z AUTO 28011KT 5SM 32/25 A2962 RMK T03200250 IEM_DS3505,M
VOTV,2002-05-01 09:40,76.9500,8.4667,M,M,M,280.00,10.00,M,M,M,5.00,M,M,M,M,M,M,M,M,M,M,M,M,M,M,M,M,M,VOTV 010940Z AUTO 28010KT 5SM RMK IEM_DS3505,M
VOTV,2002-05-01 10:40,76.9500,8.4667,89.60,77.00,66.55,270.00,8.00,M,29.59,M,5.00,M,M,M,M,M,M,M,M,M,M,M,M,M,M,M,M,102.54,VOTV 011040Z AUTO 27008KT 5SM 32/25 A2959 RMK T03200250 IEM_DS3505,M
VOTV,2002-05-01 12:40,76.9500,8.4667,86.00,77.00,74.61,280.00,3.00,M,29.62,M,4.00,M,M,M,M,M,M,M,M,M,M,M,M,M,M,M,M,97.15,VOTV 011240Z AUTO 28003KT 4SM 30/25 A2962 RMK T03000250 IEM_DS3505,M
VOTV,2002-05-01 17:40,76.9500,8.4667,84.20,75.20,74.44,0.00,0.00,M,29.68,M,2.50,M,M,M,M,M,M,M,M,M,M,M,M,M,M,M,M,92.45,VOTV 011740Z AUTO 00000KT 2 1/2SM 29/24 A2968 RMK T02900240 IEM_DS3505,M
VOTV,2002-05-02 00:40,76.9500,8.4667,82.40,77.00,83.77,0.00,0.00,M,29.62,M,1.50,M,M,M,M,M,M,M,M,M,M,M,M,M,M,M,M,90.85,VOTV 020040Z AUTO 00000KT 1 1/2SM 28/25 A2962 RMK T02800250 IEM_DS3505,M
VOTV,2002-05-02 02:40,76.9500,8.4667,86.00,77.00,74.61,M,M,M,29.65,M,2.00,M,M,M,M,M,M,M,M,M,M,M,M,M,M,M,M,97.15,VOTV 020240Z AUTO 2SM 30/25 A2965 RMK T03000250 IEM_DS3505,M
VOTV,2002-05-02 03:40,76.9500,8.4667,M,M,M,M,M,M,M,M,4.00,M,M,M,M,M,M,M,M,M,M,M,M,M,M,M,M,M,VOTV 020340Z AUTO 4SM RMK IEM_DS3505,M
VOTV,2002-05-02 04:40,76.9500,8.4667,M,M,M,0.00,0.00,M,M,M,4.00,M,M,M,M,M,M,M,M,M,M,M,M,M,M,M,M,M,VOTV 020440Z AUTO 00000KT 4SM RMK IEM_DS3505,M
VOTV,2002-05-02 05:40,76.9500,8.4667,M,M,M,200.00,6.00,M,M,M,5.00,M,M,M,M,M,M,M,M,M,M,M,M,M,M,M,M,M,VOTV 020540Z AUTO 20006KT 5SM RMK IEM_DS3505,M
VOTV,2002-05-02 06:40,76.9500,8.4667,89.60,77.00,66.55,210.00,3.00,M,29.65,M,5.00,M,M,M,M,M,M,M,M,M,M,M,M,M,M,M,M,102.54,VOTV 020640Z AUTO 21003KT 5SM 32/25 A2965 RMK T03200250 IEM_DS3505,M
VOTV,2002-05-02 07:40,76.9500,8.4667,M,M,M,160.00,6.00,M,M,M,5.00,M,M,M,M,M,M,M,M,M,M,M,M,M,M,M,M,M,VOTV 020740Z AUTO 16006KT 5SM RMK IEM_DS3505,M
VOTV,2002-05-02 13:40,76.9500,8.4667,78.80,75.20,88.75,60.00,3.00,M,29.65,M,2.50,M,M,M,M,M,M,M,M,M,M,M,M,M,M,M,M,82.38,VOTV 021340Z AUTO 06003KT 2 1/2SM 26/24 A2965 RMK T02600240 IEM_DS3505,M
VOTV,2002-05-02 23:40,76.9500,8.4667,78.80,75.20,88.75,0.00,0.00,M,29.68,M,2.00,M,M,M,M,M,M,M,M,M,M,M,M,M,M,M,M,82.38,VOTV 022340Z AUTO 00000KT 2SM 26/24 A2968 RMK T02600240 IEM_DS3505,M
VOTV,2002-05-03 00:40,76.9500,8.4667,M,M,M,0.00,0.00,M,M,M,2.00,M,M,M,M,M,M,M,M,M,M,M,M,M,M,M,M,M,VOTV 030040Z AUTO 00000KT 2SM RMK IEM_DS3505,M
VOTV,2002-05-03 01:40,76.9500,8.4667,M,M,M,0.00,0.00,M,M,M,2.00,M,M,M,M,M,M,M,M,M,M,M,M,M,M,M,M,M,VOTV 030140Z AUTO 00000KT 2SM RMK IEM_DS3505,M
VOTV,2002-05-03 02:40,76.9500,8.4667,M,M,M,0.00,0.00,M,M,M,2.00,M,M,M,M,M,M,M,M,M,M,M,M,M,M,M,M,M,VOTV 030240Z AUTO 00000KT 2SM RMK IEM_DS3505,M
VOTV,2002-05-03 03:40,76.9500,8.4667,M,M,M,0.00,0.00,M,M,M,1.50,M,M,M,M,M,M,M,M,M,M,M,M,M,M,M,M,M,VOTV 030340Z AUTO 00000KT 1 1/2SM RMK IEM_DS3505,M
VOTV,2002-05-03 04:40,76.9500,8.4667,M,M,M,0.00,0.00,M,M,M,1.50,M,M,M,M,M,M,M,M,M,M,M,M,M,M,M,M,M,VOTV 030440Z AUTO 00000KT 1 1/2SM RMK IEM_DS3505,M
VOTV,2002-05-03 05:40,76.9500,8.4667,M,M,M,0.00,0.00,M,M,M,2.00,M,M,M,M,M,M,M,M,M,M,M,M,M,M,M,M,M,VOTV 030540Z AUTO 00000KT 2SM RMK IEM_DS3505,M
VOTV,2002-05-03 06:40,76.9500,8.4667,M,M,M,0.00,0.00,M,M,M,3.00,M,M,M,M,M,M,M,M,M,M,M,M,M,M,M,M,M,VOTV 030640Z AUTO 00000KT 3SM RMK IEM_DS3505,M
VOTV,2002-05-03 10:40,76.9500,8.4667,84.20,75.20,74.44,0.00,0.00,M,29.65,M,4.00,M,M,M,M,M,M,M,M,M,M,M,M,M,M,M,M,92.45,VOTV 031040Z AUTO 00000KT 4SM 29/24 A2965 RMK T02900240 IEM_DS3505,M
VOTV,2002-05-04 00:40,76.9500,8.4667,M,M,M,0.00,0.00,M,M,M,1.50,M,M,M,M,M,M,M,M,M,M,M,M,M,M,M,M,M,VOTV 040040Z AUTO 00000KT 1 1/2SM RMK IEM_DS3505,M
VOTV,2002-05-04 05:40,76.9500,8.4667,M,M,M,90.00,5.00,M,M,M,2.00,M,M,M,M,M,M,M,M,M,M,M,M,M,M,M,M,M,VOTV 040540Z AUTO 09005KT 2SM RMK IEM_DS3505,M
VOTV,2002-05-04 08:40,76.9500,8.4667,82.40,73.40,74.28,M,M,M,M,M,7.00,M,M,M,M,M,M,M,M,M,M,M,M,M,M,M,M,88.26,VOTV 040840Z AUTO 7SM 28/23 RMK T02800230 IEM_DS3505,M
VOTV,2002-05-04 09:40,76.9500,8.4667,82.40,75.20,78.90,130.00,5.00,M,29.68,M,7.00,M,M,M,M,M,M,M,M,M,M,M,M,M,M,M,M,89.48,VOTV 040940Z AUTO 13005KT 7SM 28/24 A2968 RMK T02800240 IEM_DS3505,M
VOTV,2002-05-04 12:40,76.9500,8.4667,80.60,M,M,M,M,M,M,M,4.00,M,M,M,M,M,M,M,M,M,M,M,M,M,M,M,M,M,VOTV 041240Z AUTO 4SM 27/ RMK IEM_DS3505,M
VOTV,2002-05-04 13:40,76.9500,8.4667,78.80,75.20,88.75,M,M,M,29.74,M,4.00,M,M,M,M,M,M,M,M,M,M,M,M,M,M,M,M,78.80,VOTV 041340Z AUTO 4SM 26/24 A2974 RMK T02600240 IEM_DS3505,M
VOTV,2002-05-04 14:40,76.9500,8.4667,M,M,M,120.00,3.00,M,M,M,2.50,M,M,M,M,M,M,M,M,M,M,M,M,M,M,M,M,M,VOTV 041440Z AUTO 12003KT 2 1/2SM RMK IEM_DS3505,M
VOTV,2002-05-04 15:40,76.9500,8.4667,M,M,M,0.00,0.00,M,M,M,2.50,M,M,M,M,M,M,M,M,M,M,M,M,M,M,M,M,M,VOTV 041540Z AUTO 00000KT 2 1/2SM RMK IEM_DS3505,M
VOTV,2002-05-04 16:40,76.9500,8.4667,M,M,M,0.00,0.00,M,M,M,2.50,M,M,M,M,M,M,M,M,M,M,M,M,M,M,M,M,M,VOTV 041640Z AUTO 00000KT 2 1/2SM RMK IEM_DS3505,M
VOTV,2002-05-04 21:40,76.9500,8.4667,M,M,M,0.00,0.00,M,M,M,2.00,M,M,M,M,M,M,M,M,M,M,M,M,M,M,M,M,M,VOTV 042140Z AUTO 00000KT 2SM RMK IEM_DS3505,M
VOTV,2002-05-04 23:40,76.9500,8.4667,77.00,73.40,88.67,0.00,0.00,M,29.68,M,2.00,M,M,M,M,M,M,M,M,M,M,M,M,M,M,M,M,78.57,VOTV 042340Z AUTO 00000KT 2SM 25/23 A2968 RMK T02500230 IEM_DS3505,M
VOTV,2002-05-05 05:40,76.9500,8.4667,87.80,75.20,66.35,150.00,10.00,M,29.74,M,5.00,M,M,M,M,M,M,M,M,M,M,M,M,M,M,M,M,97.76,VOTV 050540Z AUTO 15010KT 5SM 31/24 A2974 RMK T03100240 IEM_DS3505,M
VOTV,2002-05-05 08:40,76.9500,8.4667,89.60,75.20,62.68,170.00,8.00,M,29.68,M,7.00,M,M,M,M,M,M,M,M,M,M,M,M,M,M,M,M,100.23,VOTV 050840Z AUTO 17008KT 7SM 32/24 A2968 RMK T03200240 IEM_DS3505,M
VOTV,2002-05-05 09:40,76.9500,8.4667,89.60,75.20,62.68,150.00,4.00,M,29.65,M,7.00,M,M,M,M,M,M,M,M,M,M,M,M,M,M,M,M,100.23,VOTV 050940Z AUTO 15004KT 7SM 32/24 A2965 RMK T03200240 IEM_DS3505,M
VOTV,2002-05-05 10:40,76.9500,8.4667,89.60,77.00,66.55,160.00,4.00,M,29.65,M,7.00,M,M,M,M,M,M,M,M,M,M,M,M,M,M,M,M,102.54,VOTV 051040Z AUTO 16004KT 7SM 32/25 A2965 RMK T03200250 IEM_DS3505,M
VOTV,2002-05-05 11:40,76.9500,8.4667,86.00,77.00,74.61,150.00,5.00,M,29.65,M,7.00,M,M,M,M,M,M,M,M,M,M,M,M,M,M,M,M,97.15,VOTV 051140Z AUTO 15005KT 7SM 30/25 A2965 RMK T03000250 IEM_DS3505,M
VOTV,2002-05-05 12:40,76.9500,8.4667,86.00,75.20,70.27,0.00,0.00,M,29.68,M,5.00,M,M,M,M,M,M,M,M,M,M,M,M,M,M,M,M,95.19,VOTV 051240Z AUTO 00000KT 5SM 30/24 A2968 RMK T03000240 IEM_DS3505,M
VOTV,2002-05-05 13:40,76.9500,8.4667,84.20,77.00,79.04,140.00,4.00,M,29.71,M,4.00,M,M,M,M,M,M,M,M,M,M,M,M,M,M,M,M,94.16,VOTV 051340Z AUTO 14004KT 4SM 29/25 A2971 RMK T02900250 IEM_DS3505,M
VOTV,2002-05-05 16:40,76.9500,8.4667,82.40,77.00,83.77,M,M,M,M,M,4.00,M,M,M,M,M,M,M,M,M,M,M,M,M,M,M,M,90.85,VOTV 051640Z AUTO 4SM 28/25 RMK T02800250 IEM_DS3505,M
VOTV,2002-05-06 03:40,76.9500,8.4667,M,M,M,0.00,0.00,M,M,M,2.50,M,M,M,M,M,M,M,M,M,M,M,M,M,M,M,M,M,VOTV 060340Z AUTO 00000KT 2 1/2SM RMK IEM_DS3505,M
VOTV,2002-05-06 04:40,76.9500,8.4667,M,M,M,0.00,0.00,M,M,M,2.50,M,M,M,M,M,M,M,M,M,M,M,M,M,M,M,M,M,VOTV 060440Z AUTO 00000KT 2 1/2SM RMK IEM_DS3505,M
VOTV,2002-05-06 06:40,76.9500,8.4667,M,M,M,0.00,0.00,M,M,M,5.00,M,M,M,M,M,M,M,M,M,M,M,M,M,M,M,M,M,VOTV 060640Z AUTO 00000KT 5SM RMK IEM_DS3505,M
VOTV,2002-05-06 08:40,76.9500,8.4667,M,M,M,0.00,0.00,M,M,M,5.00,M,M,M,M,M,M,M,M,M,M,M,M,M,M,M,M,M,VOTV 060840Z AUTO 00000KT 5SM RMK IEM_DS3505,M
VOTV,2002-05-06 10:40,76.9500,8.4667,87.80,75.20,66.35,0.00,0.00,M,29.65,M,5.00,M,M,M,M,M,M,M,M,M,M,M,M,M,M,M,M,97.76,VOTV 061040Z AUTO 00000KT 5SM 31/24 A2965 RMK T03100240 IEM_DS3505,M
VOTV,2002-05-06 12:40,76.9500,8.4667,86.00,77.00,74.61,0.00,0.00,M,29.68,M,4.00,M,M,M,M,M,M,M,M,M,M,M,M,M,M,M,M,97.15,VOTV 061240Z AUTO 00000KT 4SM 30/25 A2968 RMK T03000250 IEM_DS3505,M
VOTV,2002-05-07 05:40,76.9500,8.4667,M,M,M,270.00,3.00,M,M,M,5.00,M,M,M,M,M,M,M,M,M,M,M,M,M,M,M,M,M,VOTV 070540Z AUTO 27003KT 5SM RMK IEM_DS3505,M
VOTV,2002-05-07 06:40,76.9500,8.4667,M,M,M,190.00,4.00,M,M,M,5.00,M,M,M,M,M,M,M,M,M,M,M,M,M,M,M,M,M,VOTV 070640Z AUTO 19004KT 5SM RMK IEM_DS3505,M
VOTV,2002-05-07 12:40,76.9500,8.4667,M,M,M,270.00,2.00,M,M,M,2.50,M,M,M,M,M,M,M,M,M,M,M,M,M,M,M,M,M,VOTV 071240Z AUTO 27002KT 2 1/2SM RMK IEM_DS3505,M
VOTV,2002-05-07 13:40,76.9500,8.4667,M,M,M,0.00,0.00,M,M,M,2.50,M,M,M,M,M,M,M,M,M,M,M,M,M,M,M,M,M,VOTV 071340Z AUTO 00000KT 2 1/2SM RMK IEM_DS3505,M
VOTV,2002-05-07 14:40,76.9500,8.4667,M,M,M,270.00,5.00,M,M,M,1.50,M,M,M,M,M,M,M,M,M,M,M,M,M,M,M,M,M,VOTV 071440Z AUTO 27005KT 1 1/2SM RMK IEM_DS3505,M
VOTV,2002-05-07 17:40,76.9500,8.4667,M,M,M,0.00,0.00,M,M,M,2.00,M,M,M,M,M,M,M,M,M,M,M,M,M,M,M,M,M,VOTV 071740Z AUTO 00000KT 2SM RMK IEM_DS3505,M
VOTV,2002-05-07 18:40,76.9500,8.4667,M,M,M,0.00,0.00,M,M,M,2.00,M,M,M,M,M,M,M,M,M,M,M,M,M,M,M,M,M,VOTV 071840Z AUTO 00000KT 2SM RMK IEM_DS3505,M
VOTV,2002-05-07 23:40,76.9500,8.4667,M,M,M,0.00,0.00,M,M,M,2.00,M,M,M,M,M,M,M,M,M,M,M,M,M,M,M,M,M,VOTV 072340Z AUTO 00000KT 2SM RMK IEM_DS3505,M
VOTV,2002-05-08 01:40,76.9500,8.4667,M,M,M,0.00,0.00,M,M,M,2.50,M,M,M,M,M,M,M,M,M,M,M,M,M,M,M,M,M,VOTV 080140Z AUTO 00000KT 2 1/2SM RMK IEM_DS3505,M
VOTV,2002-05-08 02:40,76.9500,8.4667,M,M,M,0.00,0.00,M,M,M,2.50,M,M,M,M,M,M,M,M,M,M,M,M,M,M,M,M,M,VOTV 080240Z AUTO 00000KT 2 1/2SM RMK IEM_DS3505,M
VOTV,2002-05-08 03:40,76.9500,8.4667,M,M,M,0.00,0.00,M,M,M,5.00,M,M,M,M,M,M,M,M,M,M,M,M,M,M,M,M,M,VOTV 080340Z AUTO 00000KT 5SM RMK IEM_DS3505,M
VOTV,2002-05-08 04:40,76.9500,8.4667,M,M,M,260.00,6.00,M,M,M,5.00,M,M,M,M,M,M,M,M,M,M,M,M,M,M,M,M,M,VOTV 080440Z AUTO 26006KT 5SM RMK IEM_DS3505,M
VOTV,2002-05-08 05:40,76.9500,8.4667,M,M,M,300.00,7.00,M,M,M,5.00,M,M,M,M,M,M,M,M,M,M,M,M,M,M,M,M,M,VOTV 080540Z AUTO 30007KT 5SM RMK IEM_DS3505,M
VOTV,2002-05-08 06:40,76.9500,8.4667,M,M,M,300.00,6.00,M,M,M,5.00,M,M,M,M,M,M,M,M,M,M,M,M,M,M,M,M,M,VOTV 080640Z AUTO 30006KT 5SM RMK IEM_DS3505,M
VOTV,2002-05-08 09:40,76.9500,8.4667,89.60,75.20,62.68,270.00,10.00,M,29.74,M,7.00,M,M,M,M,M,M,M,M,M,M,M,M,M,M,M,M,100.23,VOTV 080940Z AUTO 27010KT 7SM 32/24 A2974 RMK T03200240 IEM_DS3505,M
VOTV,2002-05-08 17:40,76.9500,8.4667,86.00,77.00,74.61,290.00,6.00,M,29.85,M,2.50,M,M,M,M,M,M,M,M,M,M,M,M,M,M,M,M,97.15,VOTV 081740Z AUTO 29006KT 2 1/2SM 30/25 A2985 RMK T03000250 IEM_DS3505,M
VOTV,2002-05-09 02:40,76.9500,8.4667,M,M,M,350.00,4.00,M,M,M,2.50,M,M,M,M,M,M,M,M,M,M,M,M,M,M,M,M,M,VOTV 090240Z AUTO 35004KT 2 1/2SM RMK IEM_DS3505,M
VOTV,2002-05-09 08:40,76.9500,8.4667,91.40,75.20,59.24,290.00,13.00,M,29.77,M,7.00,M,M,M,M,M,M,M,M,M,M,M,M,M,M,M,M,102.65,VOTV 090840Z AUTO 29013KT 7SM 33/24 A2977 RMK T03300240 IEM_DS3505,M
VOTV,2002-05-09 09:40,76.9500,8.4667,91.40,75.20,59.24,300.00,14.00,M,29.77,M,7.00,M,M,M,M,M,M,M,M,M,M,M,M,M,M,M,M,102.65,VOTV 090940Z AUTO 30014KT 7SM 33/24 A2977 RMK T03300240 IEM_DS3505,M
VOTV,2002-05-09 10:40,76.9500,8.4667,M,M,M,320.00,15.00,M,M,M,7.00,M,M,M,M,M,M,M,M,M,M,M,M,M,M,M,M,M,VOTV 091040Z AUTO 32015KT 7SM RMK IEM_DS3505,M
VOTV,2002-05-09 11:40,76.9500,8.4667,M,M,M,290.00,15.00,M,M,M,7.00,M,M,M,M,M,M,M,M,M,M,M,M,M,M,M,M,M,VOTV 091140Z AUTO 29015KT 7SM RMK IEM_DS3505,M
VOTV,2002-05-09 13:40,76.9500,8.4667,87.80,73.40,62.47,310.00,14.00,M,29.77,M,4.00,M,M,M,M,M,M,M,M,M,M,M,M,M,M,M,M,95.86,VOTV 091340Z AUTO 31014KT 4SM 31/23 A2977 RMK T03100230 IEM_DS3505,M
VOTV,2002-05-09 14:40,76.9500,8.4667,86.00,73.40,66.15,340.00,5.00,M,29.83,M,M,M,M,M,M,M,M,M,M,M,M,M,M,M,M,M,M,93.45,VOTV 091440Z AUTO 34005KT 30/23 A2983 RMK T03000230 IEM_DS3505,M
VOTV,2002-05-09 21:40,76.9500,8.4667,80.60,73.40,78.76,M,M,M,29.53,M,2.00,M,M,M,M,M,M,M,M,M,M,M,M,M,M,M,M,85.32,VOTV 092140Z AUTO 2SM 27/23 A2953 RMK T02700230 IEM_DS3505,M
VOTV,2002-05-10 00:40,76.9500,8.4667,80.60,75.20,83.66,0.00,0.00,M,29.83,M,2.00,M,M,M,M,M,M,M,M,M,M,M,M,M,M,M,M,86.17,VOTV 100040Z AUTO 00000KT 2SM 27/24 A2983 RMK T02700240 IEM_DS3505,M
VOTV,2002-05-10 01:40,76.9500,8.4667,82.40,75.20,78.90,340.00,4.00,M,29.83,M,2.00,M,M,M,M,M,M,M,M,M,M,M,M,M,M,M,M,89.48,VOTV 100140Z AUTO 34004KT 2SM 28/24 A2983 RMK T02800240 IEM_DS3505,M
VOTV,2002-05-10 02:40,76.9500,8.4667,84.20,75.20,74.44,340.00,4.00,M,29.85,M,2.50,M,M,M,M,M,M,M,M,M,M,M,M,M,M,M,M,92.45,VOTV 100240Z AUTO 34004KT 2 1/2SM 29/24 A2985 RMK T02900240 IEM_DS3505,M
VOTV,2002-05-10 03:40,76.9500,8.4667,86.00,75.20,70.27,350.00,4.00,M,29.88,M,M,M,M,M,M,M,M,M,M,M,M,M,M,M,M,M,M,95.19,VOTV 100340Z AUTO 35004KT 30/24 A2988 RMK T03000240 IEM_DS3505,M
VOTV,2002-05-10 04:40,76.9500,8.4667,M,M,M,330.00,12.00,M,M,M,4.00,M,M,M,M,M,M,M,M,M,M,M,M,M,M,M,M,M,VOTV 100440Z AUTO 33012KT 4SM RMK IEM_DS3505,M
VOTV,2002-05-10 05:40,76.9500,8.4667,M,M,M,330.00,10.00,M,M,M,5.00,M,M,M,M,M,M,M,M,M,M,M,M,M,M,M,M,M,VOTV 100540Z AUTO 33010KT 5SM RMK IEM_DS3505,M
VOTV,2002-05-10 09:40,76.9500,8.4667,M,M,M,310.00,12.00,M,M,M,5.00,22.00,M,M,M,M,M,M,M,M,M,M,M,M,M,M,M,M,VOTV 100940Z AUTO 31012G22KT 5SM RMK IEM_DS3505,M
VOTV,2002-05-10 11:40,76.9500,8.4667,M,M,M,300.00,10.00,M,M,M,5.00,20.00,M,M,M,M,M,M,M,M,M,M,M,M,M,M,M,M,VOTV 101140Z AUTO 30010G20KT 5SM RMK IEM_DS3505,M
VOTV,2002-05-10 16:40,76.9500,8.4667,82.40,77.00,83.77,340.00,3.00,M,29.83,M,2.50,M,M,M,M,M,M,M,M,M,M,M,M,M,M,M,M,90.85,VOTV 101640Z AUTO 34003KT 2 1/2SM 28/25 A2983 RMK T02800250 IEM_DS3505,M
VOTV,2002-05-10 17:40,76.9500,8.4667,80.60,75.20,83.66,0.00,0.00,M,29.83,M,2.50,M,M,M,M,M,M,M,M,M,M,M,M,M,M,M,M,86.17,VOTV 101740Z AUTO 00000KT 2 1/2SM 27/24 A2983 RMK T02700240 IEM_DS3505,M
VOTV,2002-05-11 01:40,76.9500,8.4667,80.60,75.20,83.66,350.00,5.00,M,29.77,M,2.00,M,M,M,M,M,M,M,M,M,M,M,M,M,M,M,M,86.17,VOTV 110140Z AUTO 35005KT 2SM 27/24 A2977 RMK T02700240 IEM_DS3505,M
VOTV,2002-05-11 09:40,76.9500,8.4667,M,M,M,300.00,10.00,M,M,M,5.00,20.00,M,M,M,M,M,M,M,M,M,M,M,M,M,M,M,M,VOTV 110940Z AUTO 30010G20KT 5SM RMK IEM_DS3505,M
VOTV,2002-05-11 10:40,76.9500,8.4667,M,M,M,300.00,12.00,M,M,M,5.00,22.00,M,M,M,M,M,M,M,M,M,M,M,M,M,M,M,M,VOTV 111040Z AUTO 30012G22KT 5SM RMK IEM_DS3505,M
VOTV,2002-05-11 11:40,76.9500,8.4667,M,M,M,300.00,10.00,M,M,M,5.00,20.00,M,M,M,M,M,M,M,M,M,M,M,M,M,M,M,M,VOTV 111140Z AUTO 30010G20KT 5SM RMK IEM_DS3505,M
VOTV,2002-05-12 00:40,76.9500,8.4667,M,M,M,350.00,3.00,M,M,M,2.00,M,M,M,M,M,M,M,M,M,M,M,M,M,M,M,M,M,VOTV 120040Z AUTO 35003KT 2SM RMK IEM_DS3505,M
VOTV,2002-05-12 01:40,76.9500,8.4667,M,M,M,360.00,6.00,M,M,M,2.50,M,M,M,M,M,M,M,M,M,M,M,M,M,M,M,M,M,VOTV 120140Z AUTO 36006KT 2 1/2SM RMK IEM_DS3505,M
VOTV,2002-05-12 02:40,76.9500,8.4667,M,M,M,320.00,6.00,M,M,M,4.00,M,M,M,M,M,M,M,M,M,M,M,M,M,M,M,M,M,VOTV 120240Z AUTO 32006KT 4SM RMK IEM_DS3505,M
VOTV,2002-05-12 03:40,76.9500,8.4667,89.60,77.00,66.55,320.00,12.00,M,29.77,M,M,M,M,M,M,M,M,M,M,M,M,M,M,M,M,M,M,102.54,VOTV 120340Z AUTO 32012KT 32/25 A2977 RMK T03200250 IEM_DS3505,M
VOTV,2002-05-12 05:40,76.9500,8.4667,M,M,M,300.00,10.00,M,M,M,4.00,20.00,M,M,M,M,M,M,M,M,M,M,M,M,M,M,M,M,VOTV 120540Z AUTO 30010G20KT 4SM RMK IEM_DS3505,M
VOTV,2002-05-12 06:40,76.9500,8.4667,M,M,M,300.00,10.00,M,M,M,5.00,20.00,M,M,M,M,M,M,M,M,M,M,M,M,M,M,M,M,VOTV 120640Z AUTO 30010G20KT 5SM RMK IEM_DS3505,M
VOTV,2002-05-12 07:40,76.9500,8.4667,M,M,M,300.00,10.00,M,M,M,5.00,20.00,M,M,M,M,M,M,M,M,M,M,M,M,M,M,M,M,VOTV 120740Z AUTO 30010G20KT 5SM RMK IEM_DS3505,M
VOTV,2002-05-12 08:40,76.9500,8.4667,M,M,M,300.00,10.00,M,M,M,4.00,20.00,M,M,M,M,M,M,M,M,M,M,M,M,M,M,M,M,VOTV 120840Z AUTO 30010G20KT 4SM RMK IEM_DS3505,M
VOTV,2002-05-12 11:40,76.9500,8.4667,M,M,M,340.00,7.00,M,M,M,4.00,M,M,M,M,M,M,M,M,M,M,M,M,M,M,M,M,M,VOTV 121140Z AUTO 34007KT 4SM RMK IEM_DS3505,M
VOTV,2002-05-12 12:40,76.9500,8.4667,M,M,M,340.00,5.00,M,M,M,4.00,M,M,M,M,M,M,M,M,M,M,M,M,M,M,M,M,M,VOTV 121240Z AUTO 34005KT 4SM RMK IEM_DS3505,M
VOTV,2002-05-12 13:40,76.9500,8.4667,M,M,M,0.00,0.00,M,M,M,2.50,M,M,M,M,M,M,M,M,M,M,M,M,M,M,M,M,M,VOTV 121340Z AUTO 00000KT 2 1/2SM RMK IEM_DS3505,M
VOTV,2002-05-12 15:40,76.9500,8.4667,M,M,M,0.00,0.00,M,M,M,2.50,M,M,M,M,M,M,M,M,M,M,M,M,M,M,M,M,M,VOTV 121540Z AUTO 00000KT 2 1/2SM RMK IEM_DS3505,M
VOTV,2002-05-13 00:40,76.9500,8.4667,M,M,M,350.00,6.00,M,M,M,2.00,M,M,M,M,M,M,M,M,M,M,M,M,M,M,M,M,M,VOTV 130040Z AUTO 35006KT 2SM RMK IEM_DS3505,M
VOTV,2002-05-13 02:40,76.9500,8.4667,M,M,M,250.00,3.00,M,M,M,2.00,M,M,M,M,M,M,M,M,M,M,M,M,M,M,M,M,M,VOTV 130240Z AUTO 25003KT 2SM RMK IEM_DS3505,M
VOTV,2002-05-13 08:40,76.9500,8.4667,M,M,M,300.00,14.00,M,M,M,4.00,M,M,M,M,M,M,M,M,M,M,M,M,M,M,M,M,M,VOTV 130840Z AUTO 30014KT 4SM RMK IEM_DS3505,M
VOTV,2002-05-13 10:40,76.9500,8.4667,M,M,M,300.00,12.00,M,M,M,4.00,M,M,M,M,M,M,M,M,M,M,M,M,M,M,M,M,M,VOTV 131040Z AUTO 30012KT 4SM RMK IEM_DS3505,M
VOTV,2002-05-13 11:40,76.9500,8.4667,82.40,75.20,78.90,300.00,12.00,M,29.74,M,4.00,M,M,M,M,M,M,M,M,M,M,M,M,M,M,M,M,89.48,VOTV 131140Z AUTO 30012KT 4SM 28/24 A2974 RMK T02800240 IEM_DS3505,M
VOTV,2002-05-14 13:40,76.9500,8.4667,84.20,77.00,79.04,300.00,8.00,M,29.77,M,4.00,M,M,M,M,M,M,M,M,M,M,M,M,M,M,M,M,94.16,VOTV 141340Z AUTO 30008KT 4SM 29/25 A2977 RMK T02900250 IEM_DS3505,M
VOTV,2002-05-14 14:40,76.9500,8.4667,84.20,77.00,79.04,300.00,7.00,M,29.80,M,4.00,M,M,M,M,M,M,M,M,M,M,M,M,M,M,M,M,94.16,VOTV 141440Z AUTO 30007KT 4SM 29/25 A2980 RMK T02900250 IEM_DS3505,M
VOTV,2002-05-14 16:40,76.9500,8.4667,82.40,77.00,83.77,0.00,0.00,M,29.83,M,2.50,M,M,M,M,M,M,M,M,M,M,M,M,M,M,M,M,90.85,VOTV 141640Z AUTO 00000KT 2 1/2SM 28/25 A2983 RMK T02800250 IEM_DS3505,M
VOTV,2002-05-14 23:40,76.9500,8.4667,M,M,M,0.00,0.00,M,M,M,2.00,M,M,M,M,M,M,M,M,M,M,M,M,M,M,M,M,M,VOTV 142340Z AUTO 00000KT 2SM RMK IEM_DS3505,M
VOTV,2002-05-15 00:40,76.9500,8.4667,M,M,M,0.00,0.00,M,M,M,2.00,M,M,M,M,M,M,M,M,M,M,M,M,M,M,M,M,M,VOTV 150040Z AUTO 00000KT 2SM RMK IEM_DS3505,M
VOTV,2002-05-15 04:40,76.9500,8.4667,M,M,M,340.00,8.00,M,M,M,4.00,M,M,M,M,M,M,M,M,M,M,M,M,M,M,M,M,M,VOTV 150440Z AUTO 34008KT 4SM RMK IEM_DS3505,M
VOTV,2002-05-15 05:40,76.9500,8.4667,M,M,M,300.00,10.00,M,M,M,5.00,M,M,M,M,M,M,M,M,M,M,M,M,M,M,M,M,M,VOTV 150540Z AUTO 30010KT 5SM RMK IEM_DS3505,M
VOTV,2002-05-15 06:40,76.9500,8.4667,M,M,M,290.00,10.00,M,M,M,5.00,M,M,M,M,M,M,M,M,M,M,M,M,M,M,M,M,M,VOTV 150640Z AUTO 29010KT 5SM RMK IEM_DS3505,M
VOTV,2002-05-15 09:40,76.9500,8.4667,87.80,75.20,66.35,290.00,8.00,M,29.71,M,5.00,18.00,M,M,M,M,M,M,M,M,M,M,M,M,M,M,M,97.76,VOTV 150940Z AUTO 29008G18KT 5SM 31/24 A2971 RMK T03100240 IEM_DS3505,M
VOTV,2002-05-15 10:40,76.9500,8.4667,87.80,75.20,66.35,290.00,12.00,M,29.71,M,5.00,M,M,M,M,M,M,M,M,M,M,M,M,M,M,M,M,97.76,VOTV 151040Z AUTO 29012KT 5SM 31/24 A2971 RMK T03100240 IEM_DS3505,M
VOTV,2002-05-15 12:40,76.9500,8.4667,86.00,75.20,70.27,290.00,10.00,M,29.71,M,M,M,M,M,M,M,M,M,M,M,M,M,M,M,M,M,M,95.19,VOTV 151240Z AUTO 29010KT 30/24 A2971 RMK T03000240 IEM_DS3505,M
VOTV,2002-05-15 13:40,76.9500,8.4667,84.20,75.20,74.44,330.00,8.00,M,29.74,M,2.50,M,M,M,M,M,M,M,M,M,M,M,M,M,M,M,M,92.45,VOTV 151340Z AUTO 33008KT 2 1/2SM 29/24 A2974 RMK T02900240 IEM_DS3505,M
VOTV,2002-05-15 14:40,76.9500,8.4667,84.20,75.20,74.44,330.00,10.00,M,29.77,M,2.50,M,M,M,M,M,M,M,M,M,M,M,M,M,M,M,M,92.45,VOTV 151440Z AUTO 33010KT 2 1/2SM 29/24 A2977 RMK T02900240 IEM_DS3505,M
VOTV,2002-05-16 01:40,76.9500,8.4667,80.60,75.20,83.66,0.00,0.00,M,29.77,M,5.00,M,M,M,M,M,M,M,M,M,M,M,M,M,M,M,M,86.17,VOTV 160140Z AUTO 00000KT 5SM 27/24 A2977 RMK T02700240 IEM_DS3505,M
VOTV,2002-05-16 02:40,76.9500,8.4667,84.20,75.20,74.44,340.00,4.00,M,29.77,M,2.50,M,M,M,M,M,M,M,M,M,M,M,M,M,M,M,M,92.45,VOTV 160240Z AUTO 34004KT 2 1/2SM 29/24 A2977 RMK T02900240 IEM_DS3505,M
VOTV,2002-05-16 03:40,76.9500,8.4667,86.00,75.20,70.27,300.00,4.00,M,29.77,M,5.00,M,M,M,M,M,M,M,M,M,M,M,M,M,M,M,M,95.19,VOTV 160340Z AUTO 30004KT 5SM 30/24 A2977 RMK T03000240 IEM_DS3505,M
VOTV,2002-05-16 05:40,76.9500,8.4667,87.80,75.20,66.35,270.00,5.00,M,29.77,M,7.00,M,M,M,M,M,M,M,M,M,M,M,M,M,M,M,M,97.76,VOTV 160540Z AUTO 27005KT 7SM 31/24 A2977 RMK T03100240 IEM_DS3505,M
VOTV,2002-05-16 06:40,76.9500,8.4667,M,M,M,290.00,8.00,M,M,M,7.00,M,M,M,M,M,M,M,M,M,M,M,M,M,M,M,M,M,VOTV 160640Z AUTO 29008KT 7SM RMK IEM_DS3505,M
VOTV,2002-05-16 07:40,76.9500,8.4667,M,M,M,290.00,8.00,M,M,M,7.00,M,M,M,M,M,M,M,M,M,M,M,M,M,M,M,M,M,VOTV 160740Z AUTO 29008KT 7SM RMK IEM_DS3505,M
VOTV,2002-05-16 11:40,76.9500,8.4667,87.80,77.00,70.45,270.00,10.00,M,29.68,M,7.00,M,M,M,M,M,M,M,M,M,M,M,M,M,M,M,M,99.92,VOTV 161140Z AUTO 27010KT 7SM 31/25 A2968 RMK T03100250 IEM_DS3505,M
VOTV,2002-05-16 12:40,76.9500,8.4667,86.00,77.00,74.61,300.00,6.00,M,29.71,M,4.00,M,M,M,M,M,M,M,M,M,M,M,M,M,M,M,M,97.15,VOTV 161240Z AUTO 30006KT 4SM 30/25 A2971 RMK T03000250 IEM_DS3505,M
VOTV,2002-05-16 13:40,76.9500,8.4667,86.00,77.00,74.61,300.00,6.00,M,29.71,M,4.00,M,M,M,M,M,M,M,M,M,M,M,M,M,M,M,M,97.15,VOTV 161340Z AUTO 30006KT 4SM 30/25 A2971 RMK T03000250 IEM_DS3505,M
VOTV,2002-05-17 00:40,76.9500,8.4667,M,M,M,0.00,0.00,M,M,M,2.50,M,M,M,M,M,M,M,M,M,M,M,M,M,M,M,M,M,VOTV 170040Z AUTO 00000KT 2 1/2SM RMK IEM_DS3505,M
VOTV,2002-05-17 07:40,76.9500,8.4667,M,M,M,290.00,8.00,M,M,M,4.00,M,M,M,M,M,M,M,M,M,M,M,M,M,M,M,M,M,VOTV 170740Z AUTO 29008KT 4SM RMK IEM_DS3505,M
VOTV,2002-05-17 08:40,76.9500,8.4667,M,M,M,290.00,10.00,M,M,M,5.00,M,M,M,M,M,M,M,M,M,M,M,M,M,M,M,M,M,VOTV 170840Z AUTO 29010KT 5SM RMK IEM_DS3505,M
VOTV,2002-05-17 12:40,76.9500,8.4667,M,M,M,270.00,6.00,M,M,M,4.00,M,M,M,M,M,M,M,M,M,M,M,M,M,M,M,M,M,VOTV 171240Z AUTO 27006KT 4SM RMK IEM_DS3505,M
VOTV,2002-05-17 13:40,76.9500,8.4667,M,M,M,290.00,4.00,M,M,M,2.50,M,M,M,M,M,M,M,M,M,M,M,M,M,M,M,M,M,VOTV 171340Z AUTO 29004KT 2 1/2SM RMK IEM_DS3505,M
VOTV,2002-05-17 14:40,76.9500,8.4667,80.60,77.00,88.83,0.00,0.00,M,29.77,M,1.25,M,M,M,M,M,M,M,M,M,M,M,M,M,M,M,M,87.10,VOTV 171440Z AUTO 00000KT 1 1/4SM 27/25 A2977 RMK T02700250 IEM_DS3505,M
VOTV,2002-05-18 08:40,76.9500,8.4667,M,M,M,0.00,0.00,M,M,M,2.00,M,M,M,M,M,M,M,M,M,M,M,M,M,M,M,M,M,VOTV 180840Z AUTO 00000KT 2SM RMK IEM_DS3505,M
VOTV,2002-05-18 13:40,76.9500,8.4667,M,M,M,0.00,0.00,M,M,M,2.00,M,M,M,M,M,M,M,M,M,M,M,M,M,M,M,M,M,VOTV 181340Z AUTO 00000KT 2SM RMK IEM_DS3505,M
VOTV,2002-05-18 15:40,76.9500,8.4667,M,M,M,0.00,0.00,M,M,M,2.00,M,M,M,M,M,M,M,M,M,M,M,M,M,M,M,M,M,VOTV 181540Z AUTO 00000KT 2SM RMK IEM_DS3505,M
VOTV,2002-05-18 23:40,76.9500,8.4667,M,M,M,20.00,4.00,M,M,M,1.00,M,M,M,M,M,M,M,M,M,M,M,M,M,M,M,M,M,VOTV 182340Z AUTO 02004KT 1SM RMK IEM_DS3505,M
VOTV,2002-05-19 02:40,76.9500,8.4667,M,M,M,360.00,4.00,M,M,M,2.00,M,M,M,M,M,M,M,M,M,M,M,M,M,M,M,M,M,VOTV 190240Z AUTO 36004KT 2SM RMK IEM_DS3505,M
VOTV,2002-05-19 03:40,76.9500,8.4667,M,M,M,360.00,3.00,M,M,M,2.50,M,M,M,M,M,M,M,M,M,M,M,M,M,M,M,M,M,VOTV 190340Z AUTO 36003KT 2 1/2SM RMK IEM_DS3505,M
VOTV,2002-05-19 04:40,76.9500,8.4667,M,M,M,340.00,6.00,M,M,M,4.00,M,M,M,M,M,M,M,M,M,M,M,M,M,M,M,M,M,VOTV 190440Z AUTO 34006KT 4SM RMK IEM_DS3505,M
VOTV,2002-05-19 05:40,76.9500,8.4667,M,M,M,300.00,5.00,M,M,M,5.00,M,M,M,M,M,M,M,M,M,M,M,M,M,M,M,M,M,VOTV 190540Z AUTO 30005KT 5SM RMK IEM_DS3505,M
VOTV,2002-05-19 06:40,76.9500,8.4667,M,M,M,300.00,10.00,M,M,M,5.00,M,M,M,M,M,M,M,M,M,M,M,M,M,M,M,M,M,VOTV 190640Z AUTO 30010KT 5SM RMK IEM_DS3505,M
VOTV,2002-05-19 09:40,76.9500,8.4667,86.00,75.20,70.27,320.00,8.00,M,29.71,M,5.00,M,M,M,M,M,M,M,M,M,M,M,M,M,M,M,M,95.19,VOTV 190940Z AUTO 32008KT 5SM 30/24 A2971 RMK T03000240 IEM_DS3505,M
VOTV,2002-05-19 14:40,76.9500,8.4667,M,M,M,0.00,0.00,M,M,M,4.00,M,M,M,M,M,M,M,M,M,M,M,M,M,M,M,M,M,VOTV 191440Z AUTO 00000KT 4SM RMK IEM_DS3505,M
VOTV,2002-05-20 04:40,76.9500,8.4667,86.00,75.20,70.27,300.00,8.00,M,29.80,M,M,M,M,M,M,M,M,M,M,M,M,M,M,M,M,M,M,95.19,VOTV 200440Z AUTO 30008KT 30/24 A2980 RMK T03000240 IEM_DS3505,M
VOTV,2002-05-20 05:40,76.9500,8.4667,86.00,75.20,70.27,290.00,5.00,M,29.80,M,5.00,M,M,M,M,M,M,M,M,M,M,M,M,M,M,M,M,95.19,VOTV 200540Z AUTO 29005KT 5SM 30/24 A2980 RMK T03000240 IEM_DS3505,M
VOTV,2002-05-20 14:40,76.9500,8.4667,M,M,M,0.00,0.00,M,M,M,2.50,M,M,M,M,M,M,M,M,M,M,M,M,M,M,M,M,M,VOTV 201440Z AUTO 00000KT 2 1/2SM RMK IEM_DS3505,M
VOTV,2002-05-21 02:40,76.9500,8.4667,M,M,M,0.00,0.00,M,M,M,2.50,M,M,M,M,M,M,M,M,M,M,M,M,M,M,M,M,M,VOTV 210240Z AUTO 00000KT 2 1/2SM RMK IEM_DS3505,M
VOTV,2002-05-21 04:40,76.9500,8.4667,M,M,M,300.00,6.00,M,M,M,4.00,M,M,M,M,M,M,M,M,M,M,M,M,M,M,M,M,M,VOTV 210440Z AUTO 30006KT 4SM RMK IEM_DS3505,M
VOTV,2002-05-22 15:40,76.9500,8.4667,M,M,M,0.00,0.00,M,M,M,2.50,M,M,M,M,M,M,M,M,M,M,M,M,M,M,M,M,M,VOTV 221540Z AUTO 00000KT 2 1/2SM RMK IEM_DS3505,M
VOTV,2002-05-22 16:40,76.9500,8.4667,M,M,M,0.00,0.00,M,M,M,2.50,M,M,M,M,M,M,M,M,M,M,M,M,M,M,M,M,M,VOTV 221640Z AUTO 00000KT 2 1/2SM RMK IEM_DS3505,M
VOTV,2002-05-22 23:40,76.9500,8.4667,78.80,77.00,94.23,0.00,0.00,M,29.77,M,2.50,M,M,M,M,M,M,M,M,M,M,M,M,M,M,M,M,82.75,VOTV 222340Z AUTO 00000KT 2 1/2SM 26/25 A2977 RMK T02600250 IEM_DS3505,M
VOTV,2002-05-23 02:40,76.9500,8.4667,84.20,77.00,79.04,0.00,0.00,M,29.83,M,4.00,M,M,M,M,M,M,M,M,M,M,M,M,M,M,M,M,94.16,VOTV 230240Z AUTO 00000KT 4SM 29/25 A2983 RMK T02900250 IEM_DS3505,M
VOTV,2002-05-23 03:40,76.9500,8.4667,86.00,75.20,70.27,0.00,0.00,M,29.83,M,5.00,M,M,M,M,M,M,M,M,M,M,M,M,M,M,M,M,95.19,VOTV 230340Z AUTO 00000KT 5SM 30/24 A2983 RMK T03000240 IEM_DS3505,M
VOTV,2002-05-23 04:40,76.9500,8.4667,87.80,75.20,66.35,270.00,8.00,M,29.85,M,5.00,M,M,M,M,M,M,M,M,M,M,M,M,M,M,M,M,97.76,VOTV 230440Z AUTO 27008KT 5SM 31/24 A2985 RMK T03100240 IEM_DS3505,M
VOTV,2002-05-23 15:40,76.9500,8.4667,M,M,M,0.00,0.00,M,M,M,2.50,M,M,M,M,M,M,M,M,M,M,M,M,M,M,M,M,M,VOTV 231540Z AUTO 00000KT 2 1/2SM RMK IEM_DS3505,M
VOTV,2002-05-24 00:40,76.9500,8.4667,M,M,M,0.00,0.00,M,M,M,2.50,M,M,M,M,M,M,M,M,M,M,M,M,M,M,M,M,M,VOTV 240040Z AUTO 00000KT 2 1/2SM RMK IEM_DS3505,M
VOTV,2002-05-24 01:40,76.9500,8.4667,M,M,M,0.00,0.00,M,M,M,2.50,M,M,M,M,M,M,M,M,M,M,M,M,M,M,M,M,M,VOTV 240140Z AUTO 00000KT 2 1/2SM RMK IEM_DS3505,M
VOTV,2002-05-24 03:40,76.9500,8.4667,86.00,77.00,74.61,M,M,M,29.85,M,4.00,M,M,M,M,M,M,M,M,M,M,M,M,M,M,M,M,97.15,VOTV 240340Z AUTO 4SM 30/25 A2985 RMK T03000250 IEM_DS3505,M
VOTV,2002-05-24 09:40,76.9500,8.4667,87.80,77.00,70.45,290.00,8.00,M,29.77,M,5.00,M,M,M,M,M,M,M,M,M,M,M,M,M,M,M,M,99.92,VOTV 240940Z AUTO 29008KT 5SM 31/25 A2977 RMK T03100250 IEM_DS3505,M
VOTV,2002-05-24 10:40,76.9500,8.4667,87.80,77.00,70.45,260.00,4.00,M,29.74,M,5.00,M,M,M,M,M,M,M,M,M,M,M,M,M,M,M,M,99.92,VOTV 241040Z AUTO 26004KT 5SM 31/25 A2974 RMK T03100250 IEM_DS3505,M
VOTV,2002-05-24 11:40,76.9500,8.4667,86.00,77.00,74.61,290.00,3.00,M,29.74,M,5.00,M,M,M,M,M,M,M,M,M,M,M,M,M,M,M,M,97.15,VOTV 241140Z AUTO 29003KT 5SM 30/25 A2974 RMK T03000250 IEM_DS3505,M
VOTV,2002-05-24 12:40,76.9500,8.4667,84.20,77.00,79.04,290.00,4.00,M,29.77,M,5.00,M,M,M,M,M,M,M,M,M,M,M,M,M,M,M,M,94.16,VOTV 241240Z AUTO 29004KT 5SM 29/25 A2977 RMK T02900250 IEM_DS3505,M
VOTV,2002-05-24 14:40,76.9500,8.4667,M,M,M,0.00,0.00,M,M,M,4.00,M,M,M,M,M,M,M,M,M,M,M,M,M,M,M,M,M,VOTV 241440Z AUTO 00000KT 4SM RMK IEM_DS3505,M
VOTV,2002-05-24 22:40,76.9500,8.4667,80.60,75.20,83.66,0.00,0.00,M,29.77,M,2.00,M,M,M,M,M,M,M,M,M,M,M,M,M,M,M,M,86.17,VOTV 242240Z AUTO 00000KT 2SM 27/24 A2977 RMK T02700240 IEM_DS3505,M
VOTV,2002-05-25 00:40,76.9500,8.4667,78.80,75.20,88.75,0.00,0.00,M,29.80,M,2.00,M,M,M,M,M,M,M,M,M,M,M,M,M,M,M,M,82.38,VOTV 250040Z AUTO 00000KT 2SM 26/24 A2980 RMK T02600240 IEM_DS3505,M
VOTV,2002-05-25 01:40,76.9500,8.4667,82.40,77.00,83.77,0.00,0.00,M,29.83,M,2.00,M,M,M,M,M,M,M,M,M,M,M,M,M,M,M,M,90.85,VOTV 250140Z AUTO 00000KT 2SM 28/25 A2983 RMK T02800250 IEM_DS3505,M
VOTV,2002-05-25 03:40,76.9500,8.4667,86.00,75.20,70.27,360.00,4.00,M,29.83,M,M,M,M,M,M,M,M,M,M,M,M,M,M,M,M,M,M,95.19,VOTV 250340Z AUTO 36004KT 30/24 A2983 RMK T03000240 IEM_DS3505,M
VOTV,2002-05-25 05:40,76.9500,8.4667,86.00,77.00,74.61,270.00,10.00,M,29.83,M,5.00,M,M,M,M,M,M,M,M,M,M,M,M,M,M,M,M,97.15,VOTV 250540Z AUTO 27010KT 5SM 30/25 A2983 RMK T03000250 IEM_DS3505,M
VOTV,2002-05-25 06:40,76.9500,8.4667,86.00,77.00,74.61,290.00,8.00,M,29.83,M,5.00,M,M,M,M,M,M,M,M,M,M,M,M,M,M,M,M,97.15,VOTV 250640Z AUTO 29008KT 5SM 30/25 A2983 RMK T03000250 IEM_DS3505,M
VOTV,2002-05-25 09:40,76.9500,8.4667,M,M,M,260.00,4.00,M,M,M,5.00,M,M,M,M,M,M,M,M,M,M,M,M,M,M,M,M,M,VOTV 250940Z AUTO 26004KT 5SM RMK IEM_DS3505,M
VOTV,2002-05-25 10:40,76.9500,8.4667,M,M,M,270.00,4.00,M,M,M,5.00,M,M,M,M,M,M,M,M,M,M,M,M,M,M,M,M,M,VOTV 251040Z AUTO 27004KT 5SM RMK IEM_DS3505,M
VOTV,2002-05-25 13:40,76.9500,8.4667,M,M,M,310.00,4.00,M,M,M,2.00,M,M,M,M,M,M,M,M,M,M,M,M,M,M,M,M,M,VOTV 251340Z AUTO 31004KT 2SM RMK IEM_DS3505,M
VOTV,2002-05-27 10:40,76.9500,8.4667,M,M,M,280.00,7.00,M,M,M,4.00,M,M,M,M,M,M,M,M,M,M,M,M,M,M,M,M,M,VOTV 271040Z AUTO 28007KT 4SM RMK IEM_DS3505,M
VOTV,2002-05-28 00:40,76.9500,8.4667,80.60,77.00,88.83,0.00,0.00,M,29.80,M,2.00,M,M,M,M,M,M,M,M,M,M,M,M,M,M,M,M,87.10,VOTV 280040Z AUTO 00000KT 2SM 27/25 A2980 RMK T02700250 IEM_DS3505,M
VOTV,2002-05-28 01:40,76.9500,8.4667,80.60,77.00,88.83,0.00,0.00,M,29.80,M,2.00,M,M,M,M,M,M,M,M,M,M,M,M,M,M,M,M,87.10,VOTV 280140Z AUTO 00000KT 2SM 27/25 A2980 RMK T02700250 IEM_DS3505,M
VOTV,2002-05-28 02:40,76.9500,8.4667,M,M,M,0.00,0.00,M,M,M,2.50,M,M,M,M,M,M,M,M,M,M,M,M,M,M,M,M,M,VOTV 280240Z AUTO 00000KT 2 1/2SM RMK IEM_DS3505,M
VOTV,2002-05-28 04:40,76.9500,8.4667,M,M,M,290.00,10.00,M,M,M,5.00,M,M,M,M,M,M,M,M,M,M,M,M,M,M,M,M,M,VOTV 280440Z AUTO 29010KT 5SM RMK IEM_DS3505,M
VOTV,2002-05-28 05:40,76.9500,8.4667,M,M,M,300.00,7.00,M,M,M,7.00,M,M,M,M,M,M,M,M,M,M,M,M,M,M,M,M,M,VOTV 280540Z AUTO 30007KT 7SM RMK IEM_DS3505,M
VOTV,2002-05-28 06:40,76.9500,8.4667,M,M,M,300.00,5.00,M,M,M,7.00,M,M,M,M,M,M,M,M,M,M,M,M,M,M,M,M,M,VOTV 280640Z AUTO 30005KT 7SM RMK IEM_DS3505,M
VOTV,2002-05-28 08:40,76.9500,8.4667,86.00,75.20,70.27,260.00,8.00,M,29.80,M,7.00,M,M,M,M,M,M,M,M,M,M,M,M,M,M,M,M,95.19,VOTV 280840Z AUTO 26008KT 7SM 30/24 A2980 RMK T03000240 IEM_DS3505,M
VOTV,2002-05-28 09:40,76.9500,8.4667,M,M,M,260.00,4.00,M,M,M,7.00,M,M,M,M,M,M,M,M,M,M,M,M,M,M,M,M,M,VOTV 280940Z AUTO 26004KT 7SM RMK IEM_DS3505,M
VOTV,2002-05-28 11:40,76.9500,8.4667,M,M,M,260.00,6.00,M,M,M,2.50,M,M,M,M,M,M,M,M,M,M,M,M,M,M,M,M,M,VOTV 281140Z AUTO 26006KT 2 1/2SM RMK IEM_DS3505,M
VOTV,2002-05-28 12:40,76.9500,8.4667,M,M,M,M,M,M,M,M,2.50,M,M,M,M,M,M,M,M,M,M,M,M,M,M,M,M,M,VOTV 281240Z AUTO 2 1/2SM RMK IEM_DS3505,M
VOTV,2002-05-28 14:40,76.9500,8.4667,M,M,M,0.00,0.00,M,M,M,2.50,M,M,M,M,M,M,M,M,M,M,M,M,M,M,M,M,M,VOTV 281440Z AUTO 00000KT 2 1/2SM RMK IEM_DS3505,M
VOTV,2002-05-29 01:40,76.9500,8.4667,M,M,M,0.00,0.00,M,M,M,1.00,M,M,M,M,M,M,M,M,M,M,M,M,M,M,M,M,M,VOTV 290140Z AUTO 00000KT 1SM RMK IEM_DS3505,M
VOTV,2002-05-29 04:40,76.9500,8.4667,M,M,M,M,M,M,M,M,1.50,M,M,M,M,M,M,M,M,M,M,M,M,M,M,M,M,M,VOTV 290440Z AUTO 1 1/2SM RMK IEM_DS3505,M
VOTV,2002-05-29 05:40,76.9500,8.4667,82.40,75.20,78.90,290.00,3.00,M,29.88,M,2.50,M,M,M,M,M,M,M,M,M,M,M,M,M,M,M,M,89.48,VOTV 290540Z AUTO 29003KT 2 1/2SM 28/24 A2988 RMK T02800240 IEM_DS3505,M
VOTV,2002-05-29 08:40,76.9500,8.4667,M,M,M,310.00,7.00,M,M,M,5.00,M,M,M,M,M,M,M,M,M,M,M,M,M,M,M,M,M,VOTV 290840Z AUTO 31007KT 5SM RMK IEM_DS3505,M
VOTV,2002-05-29 09:40,76.9500,8.4667,M,M,M,290.00,12.00,M,M,M,5.00,M,M,M,M,M,M,M,M,M,M,M,M,M,M,M,M,M,VOTV 290940Z AUTO 29012KT 5SM RMK IEM_DS3505,M
VOTV,2002-05-29 11:40,76.9500,8.4667,86.00,77.00,74.61,320.00,14.00,M,29.77,M,5.00,M,M,M,M,M,M,M,M,M,M,M,M,M,M,M,M,97.15,VOTV 291140Z AUTO 32014KT 5SM 30/25 A2977 RMK T03000250 IEM_DS3505,M
VOTV,2002-05-29 12:40,76.9500,8.4667,84.20,77.00,79.04,300.00,5.00,M,29.77,M,5.00,M,M,M,M,M,M,M,M,M,M,M,M,M,M,M,M,94.16,VOTV 291240Z AUTO 30005KT 5SM 29/25 A2977 RMK T02900250 IEM_DS3505,M
VOTV,2002-05-29 23:40,76.9500,8.4667,77.00,73.40,88.67,0.00,0.00,M,29.80,M,2.50,M,M,M,M,M,M,M,M,M,M,M,M,M,M,M,M,78.57,VOTV 292340Z AUTO 00000KT 2 1/2SM 25/23 A2980 RMK T02500230 IEM_DS3505,M
VOTV,2002-05-30 03:40,76.9500,8.4667,84.20,77.00,79.04,300.00,7.00,M,29.85,M,4.00,M,M,M,M,M,M,M,M,M,M,M,M,M,M,M,M,94.16,VOTV 300340Z AUTO 30007KT 4SM 29/25 A2985 RMK T02900250 IEM_DS3505,M
VOTV,2002-05-30 04:40,76.9500,8.4667,86.00,77.00,74.61,340.00,6.00,M,29.85,M,4.00,M,M,M,M,M,M,M,M,M,M,M,M,M,M,M,M,97.15,VOTV 300440Z AUTO 34006KT 4SM 30/25 A2985 RMK T03000250 IEM_DS3505,M
VOTV,2002-05-30 05:40,76.9500,8.4667,86.00,77.00,74.61,300.00,4.00,M,29.83,M,4.00,M,M,M,M,M,M,M,M,M,M,M,M,M,M,M,M,97.15,VOTV 300540Z AUTO 30004KT 4SM 30/25 A2983 RMK T03000250 IEM_DS3505,M
VOTV,2002-05-30 06:40,76.9500,8.4667,86.00,77.00,74.61,300.00,8.00,M,29.80,M,5.00,M,M,M,M,M,M,M,M,M,M,M,M,M,M,M,M,97.15,VOTV 300640Z AUTO 30008KT 5SM 30/25 A2980 RMK T03000250 IEM_DS3505,M
VOTV,2002-05-30 08:40,76.9500,8.4667,86.00,75.20,70.27,310.00,5.00,M,29.77,M,5.00,M,M,M,M,M,M,M,M,M,M,M,M,M,M,M,M,95.19,VOTV 300840Z AUTO 31005KT 5SM 30/24 A2977 RMK T03000240 IEM_DS3505,M
VOTV,2002-05-30 12:40,76.9500,8.4667,82.40,75.20,78.90,310.00,7.00,M,29.77,M,4.00,M,M,M,M,M,M,M,M,M,M,M,M,M,M,M,M,89.48,VOTV 301240Z AUTO 31007KT 4SM 28/24 A2977 RMK T02800240 IEM_DS3505,M
VOTV,2002-05-31 03:40,76.9500,8.4667,M,M,M,0.00,0.00,M,M,M,3.00,M,M,M,M,M,M,M,M,M,M,M,M,M,M,M,M,M,VOTV 310340Z AUTO 00000KT 3SM RMK IEM_DS3505,M
VOTV,2002-05-31 04:40,76.9500,8.4667,86.00,77.00,74.61,0.00,0.00,M,29.83,M,5.00,M,M,M,M,M,M,M,M,M,M,M,M,M,M,M,M,97.15,VOTV 310440Z AUTO 00000KT 5SM 30/25 A2983 RMK T03000250 IEM_DS3505,M
VOTV,2002-05-31 13:40,76.9500,8.4667,82.40,77.00,83.77,0.00,0.00,M,29.80,M,4.00,M,M,M,M,M,M,M,M,M,M,M,M,M,M,M,M,90.85,VOTV 311340Z AUTO 00000KT 4SM 28/25 A2980 RMK T02800250 IEM_DS3505,M
VOTV,2002-06-01 05:40,76.9500,8.4667,87.80,77.00,70.45,0.00,0.00,M,29.80,M,5.00,M,M,M,M,M,M,M,M,M,M,M,M,M,M,M,M,99.92,VOTV 010540Z AUTO 00000KT 5SM 31/25 A2980 RMK T03100250 IEM_DS3505,M
VOTV,2002-06-01 09:40,76.9500,8.4667,M,M,M,160.00,3.00,M,M,M,4.00,M,M,M,M,M,M,M,M,M,M,M,M,M,M,M,M,M,VOTV 010940Z AUTO 16003KT 4SM RMK IEM_DS3505,M
VOTV,2002-06-01 11:40,76.9500,8.4667,M,M,M,M,M,M,M,M,4.00,M,M,M,M,M,M,M,M,M,M,M,M,M,M,M,M,M,VOTV 011140Z AUTO 4SM RMK IEM_DS3505,M
VOTV,2002-06-01 14:40,76.9500,8.4667,M,M,M,0.00,0.00,M,M,M,2.50,M,M,M,M,M,M,M,M,M,M,M,M,M,M,M,M,M,VOTV 011440Z AUTO 00000KT 2 1/2SM RMK IEM_DS3505,M
VOTV,2002-06-01 16:40,76.9500,8.4667,M,M,M,0.00,0.00,M,M,M,2.00,M,M,M,M,M,M,M,M,M,M,M,M,M,M,M,M,M,VOTV 011640Z AUTO 00000KT 2SM RMK IEM_DS3505,M
VOTV,2002-06-02 02:40,76.9500,8.4667,M,M,M,0.00,0.00,M,M,M,2.00,M,M,M,M,M,M,M,M,M,M,M,M,M,M,M,M,M,VOTV 020240Z AUTO 00000KT 2SM RMK IEM_DS3505,M
VOTV,2002-06-02 08:40,76.9500,8.4667,86.00,77.00,74.61,300.00,8.00,M,29.74,M,5.00,M,M,M,M,M,M,M,M,M,M,M,M,M,M,M,M,97.15,VOTV 020840Z AUTO 30008KT 5SM 30/25 A2974 RMK T03000250 IEM_DS3505,M
VOTV,2002-06-02 09:40,76.9500,8.4667,87.80,77.00,70.45,300.00,8.00,M,29.74,M,5.00,M,M,M,M,M,M,M,M,M,M,M,M,M,M,M,M,99.92,VOTV 020940Z AUTO 30008KT 5SM 31/25 A2974 RMK T03100250 IEM_DS3505,M
VOTV,2002-06-02 11:40,76.9500,8.4667,M,M,M,310.00,4.00,M,M,M,2.50,M,M,M,M,M,M,M,M,M,M,M,M,M,M,M,M,M,VOTV 021140Z AUTO 31004KT 2 1/2SM RMK IEM_DS3505,M
VOTV,2002-06-02 23:40,76.9500,8.4667,M,M,M,0.00,0.00,M,M,M,2.00,M,M,M,M,M,M,M,M,M,M,M,M,M,M,M,M,M,VOTV 022340Z AUTO 00000KT 2SM RMK IEM_DS3505,M
VOTV,2002-06-03 01:40,76.9500,8.4667,M,M,M,0.00,0.00,M,M,M,2.00,M,M,M,M,M,M,M,M,M,M,M,M,M,M,M,M,M,VOTV 030140Z AUTO 00000KT 2SM RMK IEM_DS3505,M
VOTV,2002-06-03 02:40,76.9500,8.4667,M,M,M,M,M,M,M,M,2.50,M,M,M,M,M,M,M,M,M,M,M,M,M,M,M,M,M,VOTV 030240Z AUTO 2 1/2SM RMK IEM_DS3505,M
VOTV,2002-06-03 06:40,76.9500,8.4667,M,M,M,270.00,5.00,M,M,M,5.00,M,M,M,M,M,M,M,M,M,M,M,M,M,M,M,M,M,VOTV 030640Z AUTO 27005KT 5SM RMK IEM_DS3505,M
VOTV,2002-06-03 10:40,76.9500,8.4667,87.80,75.20,66.35,300.00,8.00,M,29.74,M,5.00,M,M,M,M,M,M,M,M,M,M,M,M,M,M,M,M,97.76,VOTV 031040Z AUTO 30008KT 5SM 31/24 A2974 RMK T03100240 IEM_DS3505,M
VOTV,2002-06-03 11:40,76.9500,8.4667,86.00,77.00,74.61,310.00,8.00,M,29.71,M,5.00,M,M,M,M,M,M,M,M,M,M,M,M,M,M,M,M,97.15,VOTV 031140Z AUTO 31008KT 5SM 30/25 A2971 RMK T03000250 IEM_DS3505,M
VOTV,2002-06-03 14:40,76.9500,8.4667,82.40,75.20,78.90,0.00,0.00,M,29.77,M,4.00,M,M,M,M,M,M,M,M,M,M,M,M,M,M,M,M,89.48,VOTV 031440Z AUTO 00000KT 4SM 28/24 A2977 RMK T02800240 IEM_DS3505,M
VOTV,2002-06-03 15:40,76.9500,8.4667,82.40,75.20,78.90,0.00,0.00,M,29.77,M,4.00,M,M,M,M,M,M,M,M,M,M,M,M,M,M,M,M,89.48,VOTV 031540Z AUTO 00000KT 4SM 28/24 A2977 RMK T02800240 IEM_DS3505,M
VOTV,2002-06-04 01:40,76.9500,8.4667,80.60,75.20,83.66,0.00,0.00,M,29.77,M,2.00,M,M,M,M,M,M,M,M,M,M,M,M,M,M,M,M,86.17,VOTV 040140Z AUTO 00000KT 2SM 27/24 A2977 RMK T02700240 IEM_DS3505,M
VOTV,2002-06-04 05:40,76.9500,8.4667,86.00,75.20,70.27,290.00,10.00,M,29.80,M,7.00,M,M,M,M,M,M,M,M,M,M,M,M,M,M,M,M,95.19,VOTV 040540Z AUTO 29010KT 7SM 30/24 A2980 RMK T03000240 IEM_DS3505,M
VOTV,2002-06-04 06:40,76.9500,8.4667,86.00,75.20,70.27,290.00,8.00,M,29.77,M,7.00,M,M,M,M,M,M,M,M,M,M,M,M,M,M,M,M,95.19,VOTV 040640Z AUTO 29008KT 7SM 30/24 A2977 RMK T03000240 IEM_DS3505,M
VOTV,2002-06-04 07:40,76.9500,8.4667,87.80,77.00,70.45,290.00,8.00,M,29.74,M,7.00,M,M,M,M,M,M,M,M,M,M,M,M,M,M,M,M,99.92,VOTV 040740Z AUTO 29008KT 7SM 31/25 A2974 RMK T03100250 IEM_DS3505,M
VOTV,2002-06-04 08:40,76.9500,8.4667,87.80,75.20,66.35,280.00,8.00,M,29.74,M,7.00,M,M,M,M,M,M,M,M,M,M,M,M,M,M,M,M,97.76,VOTV 040840Z AUTO 28008KT 7SM 31/24 A2974 RMK T03100240 IEM_DS3505,M
VOTV,2002-06-04 11:40,76.9500,8.4667,M,M,M,310.00,10.00,M,M,M,5.00,M,M,M,M,M,M,M,M,M,M,M,M,M,M,M,M,M,VOTV 041140Z AUTO 31010KT 5SM RMK IEM_DS3505,M
VOTV,2002-06-04 12:40,76.9500,8.4667,82.40,75.20,78.90,290.00,9.00,M,29.71,M,4.00,M,M,M,M,M,M,M,M,M,M,M,M,M,M,M,M,89.48,VOTV 041240Z AUTO 29009KT 4SM 28/24 A2971 RMK T02800240 IEM_DS3505,M
VOTV,2002-06-04 15:40,76.9500,8.4667,82.40,75.20,78.90,0.00,0.00,M,29.74,M,2.50,M,M,M,M,M,M,M,M,M,M,M,M,M,M,M,M,89.48,VOTV 041540Z AUTO 00000KT 2 1/2SM 28/24 A2974 RMK T02800240 IEM_DS3505,M
VOTV,2002-06-04 23:40,76.9500,8.4667,78.80,75.20,88.75,0.00,0.00,M,29.74,M,2.00,M,M,M,M,M,M,M,M,M,M,M,M,M,M,M,M,82.38,VOTV 042340Z AUTO 00000KT 2SM 26/24 A2974 RMK T02600240 IEM_DS3505,M
VOTV,2002-06-05 00:40,76.9500,8.4667,M,M,M,0.00,0.00,M,M,M,2.00,M,M,M,M,M,M,M,M,M,M,M,M,M,M,M,M,M,VOTV 050040Z AUTO 00000KT 2SM RMK IEM_DS3505,M
VOTV,2002-06-05 01:40,76.9500,8.4667,78.80,75.20,88.75,0.00,0.00,M,29.77,M,2.00,M,M,M,M,M,M,M,M,M,M,M,M,M,M,M,M,82.38,VOTV 050140Z AUTO 00000KT 2SM 26/24 A2977 RMK T02600240 IEM_DS3505,M
VOTV,2002-06-05 02:40,76.9500,8.4667,82.40,75.20,78.90,0.00,0.00,M,29.77,M,2.50,M,M,M,M,M,M,M,M,M,M,M,M,M,M,M,M,89.48,VOTV 050240Z AUTO 00000KT 2 1/2SM 28/24 A2977 RMK T02800240 IEM_DS3505,M
VOTV,2002-06-05 03:40,76.9500,8.4667,86.00,77.00,74.61,290.00,10.00,M,29.80,M,5.00,M,M,M,M,M,M,M,M,M,M,M,M,M,M,M,M,97.15,VOTV 050340Z AUTO 29010KT 5SM 30/25 A2980 RMK T03000250 IEM_DS3505,M
VOTV,2002-06-05 04:40,76.9500,8.4667,86.00,77.00,74.61,300.00,9.00,M,29.80,M,5.00,M,M,M,M,M,M,M,M,M,M,M,M,M,M,M,M,97.15,VOTV 050440Z AUTO 30009KT 5SM 30/25 A2980 RMK T03000250 IEM_DS3505,M
VOTV,2002-06-05 05:40,76.9500,8.4667,87.80,77.00,70.45,290.00,10.00,M,29.80,M,5.00,M,M,M,M,M,M,M,M,M,M,M,M,M,M,M,M,99.92,VOTV 050540Z AUTO 29010KT 5SM 31/25 A2980 RMK T03100250 IEM_DS3505,M
VOTV,2002-06-05 10:40,76.9500,8.4667,M,M,M,290.00,8.00,M,M,M,7.00,M,M,M,M,M,M,M,M,M,M,M,M,M,M,M,M,M,VOTV 051040Z AUTO 29008KT 7SM RMK IEM_DS3505,M
VOTV,2002-06-05 11:40,76.9500,8.4667,M,M,M,290.00,5.00,M,M,M,7.00,M,M,M,M,M,M,M,M,M,M,M,M,M,M,M,M,M,VOTV 051140Z AUTO 29005KT 7SM RMK IEM_DS3505,M
VOTV,2002-06-05 12:40,76.9500,8.4667,84.20,75.20,74.44,290.00,8.00,M,29.74,M,4.00,M,M,M,M,M,M,M,M,M,M,M,M,M,M,M,M,92.45,VOTV 051240Z AUTO 29008KT 4SM 29/24 A2974 RMK T02900240 IEM_DS3505,M
VOTV,2002-06-05 14:40,76.9500,8.4667,82.40,75.20,78.90,300.00,7.00,M,29.77,M,2.50,M,M,M,M,M,M,M,M,M,M,M,M,M,M,M,M,89.48,VOTV 051440Z AUTO 30007KT 2 1/2SM 28/24 A2977 RMK T02800240 IEM_DS3505,M
VOTV,2002-06-06 02:40,76.9500,8.4667,M,M,M,0.00,0.00,M,M,M,2.50,M,M,M,M,M,M,M,M,M,M,M,M,M,M,M,M,M,VOTV 060240Z AUTO 00000KT 2 1/2SM RMK IEM_DS3505,M
VOTV,2002-06-06 08:40,76.9500,8.4667,M,M,M,290.00,6.00,M,M,M,5.00,M,M,M,M,M,M,M,M,M,M,M,M,M,M,M,M,M,VOTV 060840Z AUTO 29006KT 5SM RMK IEM_DS3505,M
VOTV,2002-06-06 09:40,76.9500,8.4667,M,M,M,270.00,4.00,M,M,M,5.00,M,M,M,M,M,M,M,M,M,M,M,M,M,M,M,M,M,VOTV 060940Z AUTO 27004KT 5SM RMK IEM_DS3505,M
VOTV,2002-06-06 10:40,76.9500,8.4667,M,M,M,270.00,4.00,M,M,M,5.00,M,M,M,M,M,M,M,M,M,M,M,M,M,M,M,M,M,VOTV 061040Z AUTO 27004KT 5SM RMK IEM_DS3505,M
VOTV,2002-06-06 13:40,76.9500,8.4667,M,M,M,290.00,6.00,M,M,M,2.50,M,M,M,M,M,M,M,M,M,M,M,M,M,M,M,M,M,VOTV 061340Z AUTO 29006KT 2 1/2SM RMK IEM_DS3505,M
VOTV,2002-06-07 01:40,76.9500,8.4667,M,M,M,330.00,6.00,M,M,M,1.00,16.00,M,M,M,M,M,M,M,M,M,M,M,M,M,M,M,M,VOTV 070140Z AUTO 33006G16KT 1SM RMK IEM_DS3505,M
VOTV,2002-06-07 03:40,76.9500,8.4667,M,M,M,300.00,7.00,M,M,M,2.00,M,M,M,M,M,M,M,M,M,M,M,M,M,M,M,M,M,VOTV 070340Z AUTO 30007KT 2SM RMK IEM_DS3505,M
VOTV,2002-06-07 05:40,76.9500,8.4667,86.00,75.20,70.27,300.00,5.00,M,29.83,M,M,M,M,M,M,M,M,M,M,M,M,M,M,M,M,M,M,95.19,VOTV 070540Z AUTO 30005KT 30/24 A2983 RMK T03000240 IEM_DS3505,M
VOTV,2002-06-07 06:40,76.9500,8.4667,87.80,75.20,66.35,300.00,10.00,M,29.77,M,M,M,M,M,M,M,M,M,M,M,M,M,M,M,M,M,M,97.76,VOTV 070640Z AUTO 30010KT 31/24 A2977 RMK T03100240 IEM_DS3505,M
VOTV,2002-06-07 08:40,76.9500,8.4667,87.80,75.20,66.35,300.00,10.00,M,29.74,M,5.00,M,M,M,M,M,M,M,M,M,M,M,M,M,M,M,M,97.76,VOTV 070840Z AUTO 30010KT 5SM 31/24 A2974 RMK T03100240 IEM_DS3505,M
VOTV,2002-06-07 09:40,76.9500,8.4667,87.80,75.20,66.35,270.00,8.00,M,29.71,M,5.00,M,M,M,M,M,M,M,M,M,M,M,M,M,M,M,M,97.76,VOTV 070940Z AUTO 27008KT 5SM 31/24 A2971 RMK T03100240 IEM_DS3505,M
VOTV,2002-06-07 10:40,76.9500,8.4667,87.80,77.00,70.45,290.00,8.00,M,29.68,M,5.00,M,M,M,M,M,M,M,M,M,M,M,M,M,M,M,M,99.92,VOTV 071040Z AUTO 29008KT 5SM 31/25 A2968 RMK T03100250 IEM_DS3505,M
VOTV,2002-06-07 12:40,76.9500,8.4667,84.20,77.00,79.04,270.00,5.00,M,29.68,M,4.00,M,M,M,M,M,M,M,M,M,M,M,M,M,M,M,M,94.16,VOTV 071240Z AUTO 27005KT 4SM 29/25 A2968 RMK T02900250 IEM_DS3505,M
VOTV,2002-06-07 14:40,76.9500,8.4667,82.40,77.00,83.77,290.00,6.00,M,29.74,M,4.00,M,M,M,M,M,M,M,M,M,M,M,M,M,M,M,M,90.85,VOTV 071440Z AUTO 29006KT 4SM 28/25 A2974 RMK T02800250 IEM_DS3505,M
VOTV,2002-06-08 00:40,76.9500,8.4667,M,M,M,280.00,12.00,M,M,M,1.50,M,M,M,M,M,M,M,M,M,M,M,M,M,M,M,M,M,VOTV 080040Z AUTO 28012KT 1 1/2SM RMK IEM_DS3505,M
VOTV,2002-06-08 02:40,76.9500,8.4667,M,M,M,340.00,8.00,M,M,M,1.25,M,M,M,M,M,M,M,M,M,M,M,M,M,M,M,M,M,VOTV 080240Z AUTO 34008KT 1 1/4SM RMK IEM_DS3505,M
VOTV,2002-06-08 06:40,76.9500,8.4667,84.20,73.40,70.08,320.00,10.00,M,29.77,M,M,20.00,M,M,M,M,M,M,M,M,M,M,M,M,M,M,M,90.94,VOTV 080640Z AUTO 32010G20KT 29/23 A2977 RMK T02900230 IEM_DS3505,M
VOTV,2002-06-08 07:40,76.9500,8.4667,86.00,75.20,70.27,300.00,8.00,M,29.74,M,5.00,18.00,M,M,M,M,M,M,M,M,M,M,M,M,M,M,M,95.19,VOTV 080740Z AUTO 30008G18KT 5SM 30/24 A2974 RMK T03000240 IEM_DS3505,M
VOTV,2002-06-08 08:40,76.9500,8.4667,86.00,75.20,70.27,300.00,8.00,M,29.71,M,5.00,18.00,M,M,M,M,M,M,M,M,M,M,M,M,M,M,M,95.19,VOTV 080840Z AUTO 30008G18KT 5SM 30/24 A2971 RMK T03000240 IEM_DS3505,M
VOTV,2002-06-08 09:40,76.9500,8.4667,86.00,75.20,70.27,300.00,10.00,M,29.68,M,5.00,20.00,M,M,M,M,M,M,M,M,M,M,M,M,M,M,M,95.19,VOTV 080940Z AUTO 30010G20KT 5SM 30/24 A2968 RMK T03000240 IEM_DS3505,M
VOTV,2002-06-08 11:40,76.9500,8.4667,86.00,73.40,66.15,310.00,10.00,M,29.65,M,5.00,20.00,M,M,M,M,M,M,M,M,M,M,M,M,M,M,M,93.45,VOTV 081140Z AUTO 31010G20KT 5SM 30/23 A2965 RMK T03000230 IEM_DS3505,M
VOTV,2002-06-08 12:40,76.9500,8.4667,82.40,75.20,78.90,300.00,10.00,M,29.68,M,4.00,20.00,M,M,M,M,M,M,M,M,M,M,M,M,M,M,M,89.48,VOTV 081240Z AUTO 30010G20KT 4SM 28/24 A2968 RMK T02800240 IEM_DS3505,M
VOTV,2002-06-08 13:40,76.9500,8.4667,82.40,75.20,78.90,310.00,12.00,M,29.68,M,4.00,M,M,M,M,M,M,M,M,M,M,M,M,M,M,M,M,89.48,VOTV 081340Z AUTO 31012KT 4SM 28/24 A2968 RMK T02800240 IEM_DS3505,M
VOTV,2002-06-08 14:40,76.9500,8.4667,80.60,75.20,83.66,340.00,9.00,M,29.74,M,2.50,M,M,M,M,M,M,M,M,M,M,M,M,M,M,M,M,86.17,VOTV 081440Z AUTO 34009KT 2 1/2SM 27/24 A2974 RMK T02700240 IEM_DS3505,M
VOTV,2002-06-08 15:40,76.9500,8.4667,80.60,75.20,83.66,330.00,6.00,M,29.74,M,2.50,M,M,M,M,M,M,M,M,M,M,M,M,M,M,M,M,86.17,VOTV 081540Z AUTO 33006KT 2 1/2SM 27/24 A2974 RMK T02700240 IEM_DS3505,M
VOTV,2002-06-08 16:40,76.9500,8.4667,M,M,M,340.00,12.00,M,M,M,1.50,22.00,M,M,M,M,M,M,M,M,M,M,M,M,M,M,M,M,VOTV 081640Z AUTO 34012G22KT 1 1/2SM RMK IEM_DS3505,M
VOTV,2002-06-08 23:40,76.9500,8.4667,M,M,M,0.00,0.00,M,M,M,2.00,M,M,M,M,M,M,M,M,M,M,M,M,M,M,M,M,M,VOTV 082340Z AUTO 00000KT 2SM RMK IEM_DS3505,M
VOTV,2002-06-09 01:40,76.9500,8.4667,M,M,M,0.00,0.00,M,M,M,2.50,M,M,M,M,M,M,M,M,M,M,M,M,M,M,M,M,M,VOTV 090140Z AUTO 00000KT 2 1/2SM RMK IEM_DS3505,M
VOTV,2002-06-09 02:40,76.9500,8.4667,M,M,M,360.00,10.00,M,M,M,4.00,M,M,M,M,M,M,M,M,M,M,M,M,M,M,M,M,M,VOTV 090240Z AUTO 36010KT 4SM RMK IEM_DS3505,M
VOTV,2002-06-09 03:40,76.9500,8.4667,M,M,M,310.00,10.00,M,M,M,4.00,M,M,M,M,M,M,M,M,M,M,M,M,M,M,M,M,M,VOTV 090340Z AUTO 31010KT 4SM RMK IEM_DS3505,M
VOTV,2002-06-09 04:40,76.9500,8.4667,M,M,M,290.00,12.00,M,M,M,4.00,M,M,M,M,M,M,M,M,M,M,M,M,M,M,M,M,M,VOTV 090440Z AUTO 29012KT 4SM RMK IEM_DS3505,M
VOTV,2002-06-09 05:40,76.9500,8.4667,80.60,75.20,83.66,300.00,4.00,M,29.74,M,5.00,M,M,M,M,M,M,M,M,M,M,M,M,M,M,M,M,86.17,VOTV 090540Z AUTO 30004KT 5SM 27/24 A2974 RMK T02700240 IEM_DS3505,M
VOTV,2002-06-09 06:40,76.9500,8.4667,M,M,M,280.00,11.00,M,M,M,5.00,M,M,M,M,M,M,M,M,M,M,M,M,M,M,M,M,M,VOTV 090640Z AUTO 28011KT 5SM RMK IEM_DS3505,M
VOTV,2002-06-09 09:40,76.9500,8.4667,84.20,75.20,74.44,270.00,8.00,M,29.65,M,5.00,M,M,M,M,M,M,M,M,M,M,M,M,M,M,M,M,92.45,VOTV 090940Z AUTO 27008KT 5SM 29/24 A2965 RMK T02900240 IEM_DS3505,M
VOTV,2002-06-09 11:40,76.9500,8.4667,M,M,M,290.00,10.00,M,M,M,5.00,M,M,M,M,M,M,M,M,M,M,M,M,M,M,M,M,M,VOTV 091140Z AUTO 29010KT 5SM RMK IEM_DS3505,M
VOTV,2002-06-09 12:40,76.9500,8.4667,M,M,M,300.00,6.00,M,M,M,4.00,M,M,M,M,M,M,M,M,M,M,M,M,M,M,M,M,M,VOTV 091240Z AUTO 30006KT 4SM RMK IEM_DS3505,M
VOTV,2002-06-09 13:40,76.9500,8.4667,80.60,75.20,83.66,330.00,3.00,M,29.68,M,2.50,M,M,M,M,M,M,M,M,M,M,M,M,M,M,M,M,86.17,VOTV 091340Z AUTO 33003KT 2 1/2SM 27/24 A2968 RMK T02700240 IEM_DS3505,M
VOTV,2002-06-09 15:40,76.9500,8.4667,M,M,M,0.00,0.00,M,M,M,2.00,M,M,M,M,M,M,M,M,M,M,M,M,M,M,M,M,M,VOTV 091540Z AUTO 00000KT 2SM RMK IEM_DS3505,M
VOTV,2002-06-09 17:40,76.9500,8.4667,M,M,M,0.00,0.00,M,M,M,2.00,M,M,M,M,M,M,M,M,M,M,M,M,M,M,M,M,M,VOTV 091740Z AUTO 00000KT 2SM RMK IEM_DS3505,M
VOTV,2002-06-09 19:40,76.9500,8.4667,M,M,M,0.00,0.00,M,M,M,2.00,M,M,M,M,M,M,M,M,M,M,M,M,M,M,M,M,M,VOTV 091940Z AUTO 00000KT 2SM RMK IEM_DS3505,M
VOTV,2002-06-09 23:40,76.9500,8.4667,M,M,M,0.00,0.00,M,M,M,1.25,M,M,M,M,M,M,M,M,M,M,M,M,M,M,M,M,M,VOTV 092340Z AUTO 00000KT 1 1/4SM RMK IEM_DS3505,M
VOTV,2002-06-10 15:40,76.9500,8.4667,78.80,77.00,94.23,0.00,0.00,M,29.74,M,2.50,M,M,M,M,M,M,M,M,M,M,M,M,M,M,M,M,82.75,VOTV 101540Z AUTO 00000KT 2 1/2SM 26/25 A2974 RMK T02600250 IEM_DS3505,M
VOTV,2002-06-11 00:40,76.9500,8.4667,M,M,M,310.00,10.00,M,M,M,1.25,M,M,M,M,M,M,M,M,M,M,M,M,M,M,M,M,M,VOTV 110040Z AUTO 31010KT 1 1/4SM RMK IEM_DS3505,M
VOTV,2002-06-11 12:40,76.9500,8.4667,80.60,75.20,83.66,320.00,8.00,M,29.68,M,2.50,M,M,M,M,M,M,M,M,M,M,M,M,M,M,M,M,86.17,VOTV 111240Z AUTO 32008KT 2 1/2SM 27/24 A2968 RMK T02700240 IEM_DS3505,M
VOTV,2002-06-11 14:40,76.9500,8.4667,M,M,88.75,M,M,M,29.74,M,0.00,M,M,M,M,M,M,M,M,M,M,M,M,M,M,M,M,82.38,VOTV 111440Z AUTO 0SM A2974 RMK IEM_DS3505,M
VOTV,2002-06-11 15:40,76.9500,8.4667,78.80,75.20,88.75,0.00,0.00,M,29.74,M,2.00,M,M,M,M,M,M,M,M,M,M,M,M,M,M,M,M,82.38,VOTV 111540Z AUTO 00000KT 2SM 26/24 A2974 RMK T02600240 IEM_DS3505,M
VOTV,2002-06-11 16:40,76.9500,8.4667,78.80,75.20,88.75,0.00,0.00,M,29.74,M,2.00,M,M,M,M,M,M,M,M,M,M,M,M,M,M,M,M,82.38,VOTV 111640Z AUTO 00000KT 2SM 26/24 A2974 RMK T02600240 IEM_DS3505,M
VOTV,2002-06-11 23:40,76.9500,8.4667,M,M,M,330.00,5.00,M,M,M,2.00,M,M,M,M,M,M,M,M,M,M,M,M,M,M,M,M,M,VOTV 112340Z AUTO 33005KT 2SM RMK IEM_DS3505,M
VOTV,2002-06-12 00:40,76.9500,8.4667,M,M,M,0.00,0.00,M,M,M,2.00,M,M,M,M,M,M,M,M,M,M,M,M,M,M,M,M,M,VOTV 120040Z AUTO 00000KT 2SM RMK IEM_DS3505,M
VOTV,2002-06-12 01:40,76.9500,8.4667,M,M,M,0.00,0.00,M,M,M,2.00,M,M,M,M,M,M,M,M,M,M,M,M,M,M,M,M,M,VOTV 120140Z AUTO 00000KT 2SM RMK IEM_DS3505,M
VOTV,2002-06-12 02:40,76.9500,8.4667,80.60,75.20,83.66,0.00,0.00,M,29.74,M,2.00,M,M,M,M,M,M,M,M,M,M,M,M,M,M,M,M,86.17,VOTV 120240Z AUTO 00000KT 2SM 27/24 A2974 RMK T02700240 IEM_DS3505,M
VOTV,2002-06-12 03:40,76.9500,8.4667,84.20,77.00,79.04,0.00,0.00,M,29.77,M,2.50,M,M,M,M,M,M,M,M,M,M,M,M,M,M,M,M,94.16,VOTV 120340Z AUTO 00000KT 2 1/2SM 29/25 A2977 RMK T02900250 IEM_DS3505,M
VOTV,2002-06-12 12:40,76.9500,8.4667,M,M,M,0.00,0.00,M,M,M,3.00,M,M,M,M,M,M,M,M,M,M,M,M,M,M,M,M,M,VOTV 121240Z AUTO 00000KT 3SM RMK IEM_DS3505,M
VOTV,2002-06-12 15:40,76.9500,8.4667,M,M,M,270.00,12.00,M,M,M,1.00,M,M,M,M,M,M,M,M,M,M,M,M,M,M,M,M,M,VOTV 121540Z AUTO 27012KT 1SM RMK IEM_DS3505,M
VOTV,2002-06-13 01:40,76.9500,8.4667,M,M,M,270.00,10.00,M,M,M,1.00,20.00,M,M,M,M,M,M,M,M,M,M,M,M,M,M,M,M,VOTV 130140Z AUTO 27010G20KT 1SM RMK IEM_DS3505,M
VOTV,2002-06-13 08:40,76.9500,8.4667,M,M,M,360.00,12.00,M,M,M,4.00,M,M,M,M,M,M,M,M,M,M,M,M,M,M,M,M,M,VOTV 130840Z AUTO 36012KT 4SM RMK IEM_DS3505,M
VOTV,2002-06-13 14:40,76.9500,8.4667,M,M,M,M,M,M,M,M,2.50,M,M,M,M,M,M,M,M,M,M,M,M,M,M,M,M,M,VOTV 131440Z AUTO 2 1/2SM RMK IEM_DS3505,M
VOTV,2002-06-13 15:40,76.9500,8.4667,M,M,M,0.00,0.00,M,M,M,1.50,M,M,M,M,M,M,M,M,M,M,M,M,M,M,M,M,M,VOTV 131540Z AUTO 00000KT 1 1/2SM RMK IEM_DS3505,M
VOTV,2002-06-14 03:40,76.9500,8.4667,M,M,M,340.00,8.00,M,M,M,3.00,M,M,M,M,M,M,M,M,M,M,M,M,M,M,M,M,M,VOTV 140340Z AUTO 34008KT 3SM RMK IEM_DS3505,M
VOTV,2002-06-14 04:40,76.9500,8.4667,M,M,M,340.00,10.00,M,M,M,4.00,M,M,M,M,M,M,M,M,M,M,M,M,M,M,M,M,M,VOTV 140440Z AUTO 34010KT 4SM RMK IEM_DS3505,M
VOTV,2002-06-14 07:40,76.9500,8.4667,87.80,78.80,74.77,320.00,10.00,M,29.71,M,5.00,20.00,M,M,M,M,M,M,M,M,M,M,M,M,M,M,M,102.37,VOTV 140740Z AUTO 32010G20KT 5SM 31/26 A2971 RMK T03100260 IEM_DS3505,M
VOTV,2002-06-14 08:40,76.9500,8.4667,82.40,77.00,83.77,310.00,10.00,M,29.74,M,4.00,20.00,M,M,M,M,M,M,M,M,M,M,M,M,M,M,M,90.85,VOTV 140840Z AUTO 31010G20KT 4SM 28/25 A2974 RMK T02800250 IEM_DS3505,M
VOTV,2002-06-14 10:40,76.9500,8.4667,M,M,M,300.00,10.00,M,M,M,4.00,20.00,M,M,M,M,M,M,M,M,M,M,M,M,M,M,M,M,VOTV 141040Z AUTO 30010G20KT 4SM RMK IEM_DS3505,M
VOTV,2002-06-14 11:40,76.9500,8.4667,M,M,M,300.00,10.00,M,M,M,4.00,20.00,M,M,M,M,M,M,M,M,M,M,M,M,M,M,M,M,VOTV 141140Z AUTO 30010G20KT 4SM RMK IEM_DS3505,M
VOTV,2002-06-14 12:40,76.9500,8.4667,M,M,M,310.00,8.00,M,M,M,2.50,18.00,M,M,M,M,M,M,M,M,M,M,M,M,M,M,M,M,VOTV 141240Z AUTO 31008G18KT 2 1/2SM RMK IEM_DS3505,M
VOTV,2002-06-14 15:40,76.9500,8.4667,M,M,M,360.00,8.00,M,M,M,1.50,M,M,M,M,M,M,M,M,M,M,M,M,M,M,M,M,M,VOTV 141540Z AUTO 36008KT 1 1/2SM RMK IEM_DS3505,M
VOTV,2002-06-14 22:40,76.9500,8.4667,M,M,M,340.00,4.00,M,M,M,1.50,M,M,M,M,M,M,M,M,M,M,M,M,M,M,M,M,M,VOTV 142240Z AUTO 34004KT 1 1/2SM RMK IEM_DS3505,M
VOTV,2002-06-15 00:40,76.9500,8.4667,M,M,M,350.00,11.00,M,M,M,1.50,M,M,M,M,M,M,M,M,M,M,M,M,M,M,M,M,M,VOTV 150040Z AUTO 35011KT 1 1/2SM RMK IEM_DS3505,M
VOTV,2002-06-15 01:40,76.9500,8.4667,M,M,M,360.00,6.00,M,M,M,2.00,M,M,M,M,M,M,M,M,M,M,M,M,M,M,M,M,M,VOTV 150140Z AUTO 36006KT 2SM RMK IEM_DS3505,M
VOTV,2002-06-15 02:40,76.9500,8.4667,M,M,M,360.00,8.00,M,M,M,2.00,M,M,M,M,M,M,M,M,M,M,M,M,M,M,M,M,M,VOTV 150240Z AUTO 36008KT 2SM RMK IEM_DS3505,M
VOTV,2002-06-15 04:40,76.9500,8.4667,M,M,M,350.00,11.00,M,M,M,2.00,M,M,M,M,M,M,M,M,M,M,M,M,M,M,M,M,M,VOTV 150440Z AUTO 35011KT 2SM RMK IEM_DS3505,M
VOTV,2002-06-15 05:40,76.9500,8.4667,M,M,M,360.00,9.00,M,M,M,4.00,M,M,M,M,M,M,M,M,M,M,M,M,M,M,M,M,M,VOTV 150540Z AUTO 36009KT 4SM RMK IEM_DS3505,M
VOTV,2002-06-15 06:40,76.9500,8.4667,M,M,M,340.00,7.00,M,M,M,4.00,M,M,M,M,M,M,M,M,M,M,M,M,M,M,M,M,M,VOTV 150640Z AUTO 34007KT 4SM RMK IEM_DS3505,M
VOTV,2002-06-15 08:40,76.9500,8.4667,M,M,M,350.00,8.00,M,M,M,4.00,18.00,M,M,M,M,M,M,M,M,M,M,M,M,M,M,M,M,VOTV 150840Z AUTO 35008G18KT 4SM RMK IEM_DS3505,M
VOTV,2002-06-15 09:40,76.9500,8.4667,M,M,M,350.00,6.00,M,M,M,4.00,16.00,M,M,M,M,M,M,M,M,M,M,M,M,M,M,M,M,VOTV 150940Z AUTO 35006G16KT 4SM RMK IEM_DS3505,M
VOTV,2002-06-15 10:40,76.9500,8.4667,M,M,M,0.00,0.00,M,M,M,2.50,M,M,M,M,M,M,M,M,M,M,M,M,M,M,M,M,M,VOTV 151040Z AUTO 00000KT 2 1/2SM RMK IEM_DS3505,M
VOTV,2002-06-15 14:40,76.9500,8.4667,M,M,M,360.00,17.00,M,M,M,1.50,M,M,M,M,M,M,M,M,M,M,M,M,M,M,M,M,M,VOTV 151440Z AUTO 36017KT 1 1/2SM RMK IEM_DS3505,M
VOTV,2002-06-15 15:40,76.9500,8.4667,M,M,M,360.00,5.00,M,M,M,1.50,M,M,M,M,M,M,M,M,M,M,M,M,M,M,M,M,M,VOTV 151540Z AUTO 36005KT 1 1/2SM RMK IEM_DS3505,M
VOTV,2002-06-16 03:40,76.9500,8.4667,84.20,75.20,74.44,340.00,7.00,M,29.77,M,4.00,M,M,M,M,M,M,M,M,M,M,M,M,M,M,M,M,92.45,VOTV 160340Z AUTO 34007KT 4SM 29/24 A2977 RMK T02900240 IEM_DS3505,M
VOTV,2002-06-16 05:40,76.9500,8.4667,86.00,75.20,70.27,300.00,11.00,M,29.80,M,M,M,M,M,M,M,M,M,M,M,M,M,M,M,M,M,M,95.19,VOTV 160540Z AUTO 30011KT 30/24 A2980 RMK T03000240 IEM_DS3505,M
VOTV,2002-06-16 09:40,76.9500,8.4667,84.20,75.20,74.44,300.00,8.00,M,29.71,M,4.00,18.00,M,M,M,M,M,M,M,M,M,M,M,M,M,M,M,92.45,VOTV 160940Z AUTO 30008G18KT 4SM 29/24 A2971 RMK T02900240 IEM_DS3505,M
VOTV,2002-06-16 11:40,76.9500,8.4667,82.40,73.40,74.28,300.00,8.00,M,29.74,M,4.00,M,M,M,M,M,M,M,M,M,M,M,M,M,M,M,M,88.26,VOTV 161140Z AUTO 30008KT 4SM 28/23 A2974 RMK T02800230 IEM_DS3505,M
VOTV,2002-06-16 13:40,76.9500,8.4667,80.60,73.40,78.76,290.00,6.00,M,29.77,M,2.50,M,M,M,M,M,M,M,M,M,M,M,M,M,M,M,M,85.32,VOTV 161340Z AUTO 29006KT 2 1/2SM 27/23 A2977 RMK T02700230 IEM_DS3505,M
VOTV,2002-06-16 14:40,76.9500,8.4667,80.60,73.40,78.76,330.00,5.00,M,29.80,M,2.00,M,M,M,M,M,M,M,M,M,M,M,M,M,M,M,M,85.32,VOTV 161440Z AUTO 33005KT 2SM 27/23 A2980 RMK T02700230 IEM_DS3505,M
VOTV,2002-06-16 15:40,76.9500,8.4667,80.60,73.40,78.76,330.00,5.00,M,29.80,M,2.00,M,M,M,M,M,M,M,M,M,M,M,M,M,M,M,M,85.32,VOTV 161540Z AUTO 33005KT 2SM 27/23 A2980 RMK T02700230 IEM_DS3505,M
VOTV,2002-06-16 23:40,76.9500,8.4667,77.00,73.40,88.67,0.00,0.00,M,29.77,M,2.00,M,M,M,M,M,M,M,M,M,M,M,M,M,M,M,M,78.57,VOTV 162340Z AUTO 00000KT 2SM 25/23 A2977 RMK T02500230 IEM_DS3505,M
VOTV,2002-06-17 03:40,76.9500,8.4667,84.20,73.40,70.08,340.00,11.00,M,29.80,M,M,M,M,M,M,M,M,M,M,M,M,M,M,M,M,M,M,90.94,VOTV 170340Z AUTO 34011KT 29/23 A2980 RMK T02900230 IEM_DS3505,M
VOTV,2002-06-17 07:40,76.9500,8.4667,84.20,75.20,74.44,290.00,11.00,M,29.77,M,2.50,M,M,M,M,M,M,M,M,M,M,M,M,M,M,M,M,92.45,VOTV 170740Z AUTO 29011KT 2 1/2SM 29/24 A2977 RMK T02900240 IEM_DS3505,M
VOTV,2002-06-17 08:40,76.9500,8.4667,84.20,75.20,74.44,290.00,12.00,M,29.77,M,2.50,M,M,M,M,M,M,M,M,M,M,M,M,M,M,M,M,92.45,VOTV 170840Z AUTO 29012KT 2 1/2SM 29/24 A2977 RMK T02900240 IEM_DS3505,M
VOTV,2002-06-17 09:40,76.9500,8.4667,86.00,75.20,70.27,300.00,8.00,M,29.74,M,2.50,18.00,M,M,M,M,M,M,M,M,M,M,M,M,M,M,M,95.19,VOTV 170940Z AUTO 30008G18KT 2 1/2SM 30/24 A2974 RMK T03000240 IEM_DS3505,M
VOTV,2002-06-17 10:40,76.9500,8.4667,86.00,75.20,70.27,320.00,8.00,M,29.74,M,2.50,18.00,M,M,M,M,M,M,M,M,M,M,M,M,M,M,M,95.19,VOTV 171040Z AUTO 32008G18KT 2 1/2SM 30/24 A2974 RMK T03000240 IEM_DS3505,M
VOTV,2002-06-17 11:40,76.9500,8.4667,84.20,75.20,74.44,300.00,12.00,M,29.74,M,1.25,M,M,M,M,M,M,M,M,M,M,M,M,M,M,M,M,92.45,VOTV 171140Z AUTO 30012KT 1 1/4SM 29/24 A2974 RMK T02900240 IEM_DS3505,M
VOTV,2002-06-17 12:40,76.9500,8.4667,82.40,75.20,78.90,300.00,10.00,M,29.77,M,1.25,M,M,M,M,M,M,M,M,M,M,M,M,M,M,M,M,89.48,VOTV 171240Z AUTO 30010KT 1 1/4SM 28/24 A2977 RMK T02800240 IEM_DS3505,M
VOTV,2002-06-17 13:40,76.9500,8.4667,80.60,75.20,83.66,310.00,2.00,M,29.77,M,1.25,M,M,M,M,M,M,M,M,M,M,M,M,M,M,M,M,86.17,VOTV 171340Z AUTO 31002KT 1 1/4SM 27/24 A2977 RMK T02700240 IEM_DS3505,M
VOTV,2002-06-18 00:40,76.9500,8.4667,78.80,75.20,88.75,0.00,0.00,M,29.77,M,1.50,M,M,M,M,M,M,M,M,M,M,M,M,M,M,M,M,82.38,VOTV 180040Z AUTO 00000KT 1 1/2SM 26/24 A2977 RMK T02600240 IEM_DS3505,M
VOTV,2002-06-18 01:40,76.9500,8.4667,78.80,75.20,88.75,0.00,0.00,M,29.80,M,1.50,M,M,M,M,M,M,M,M,M,M,M,M,M,M,M,M,82.38,VOTV 180140Z AUTO 00000KT 1 1/2SM 26/24 A2980 RMK T02600240 IEM_DS3505,M
VOTV,2002-06-18 02:40,76.9500,8.4667,82.40,77.00,83.77,0.00,0.00,M,29.80,M,2.50,M,M,M,M,M,M,M,M,M,M,M,M,M,M,M,M,90.85,VOTV 180240Z AUTO 00000KT 2 1/2SM 28/25 A2980 RMK T02800250 IEM_DS3505,M
VOTV,2002-06-18 03:40,76.9500,8.4667,84.20,77.00,79.04,350.00,4.00,M,29.83,M,4.00,M,M,M,M,M,M,M,M,M,M,M,M,M,M,M,M,94.16,VOTV 180340Z AUTO 35004KT 4SM 29/25 A2983 RMK T02900250 IEM_DS3505,M
VOTV,2002-06-18 04:40,76.9500,8.4667,84.20,75.20,74.44,310.00,12.00,M,29.83,M,4.00,M,M,M,M,M,M,M,M,M,M,M,M,M,M,M,M,92.45,VOTV 180440Z AUTO 31012KT 4SM 29/24 A2983 RMK T02900240 IEM_DS3505,M
VOTV,2002-06-18 05:40,76.9500,8.4667,82.40,75.20,78.90,290.00,12.00,M,29.80,M,4.00,M,M,M,M,M,M,M,M,M,M,M,M,M,M,M,M,89.48,VOTV 180540Z AUTO 29012KT 4SM 28/24 A2980 RMK T02800240 IEM_DS3505,M
VOTV,2002-06-18 06:40,76.9500,8.4667,84.20,77.00,79.04,310.00,8.00,M,29.77,M,5.00,M,M,M,M,M,M,M,M,M,M,M,M,M,M,M,M,94.16,VOTV 180640Z AUTO 31008KT 5SM 29/25 A2977 RMK T02900250 IEM_DS3505,M
VOTV,2002-06-18 09:40,76.9500,8.4667,84.20,77.00,79.04,300.00,8.00,M,29.74,M,4.00,18.00,M,M,M,M,M,M,M,M,M,M,M,M,M,M,M,94.16,VOTV 180940Z AUTO 30008G18KT 4SM 29/25 A2974 RMK T02900250 IEM_DS3505,M
VOTV,2002-06-18 10:40,76.9500,8.4667,M,M,M,300.00,12.00,M,M,M,4.00,M,M,M,M,M,M,M,M,M,M,M,M,M,M,M,M,M,VOTV 181040Z AUTO 30012KT 4SM RMK IEM_DS3505,M
VOTV,2002-06-19 03:00,76.9500,8.4667,82.40,71.60,69.90,340.00,10.00,M,29.80,M,M,M,M,M,M,M,M,M,M,M,M,M,M,M,M,M,M,87.18,VOTV 190300Z AUTO 34010KT 28/22 A2980 RMK T02800220 IEM_DS3505,M
VOTV,2002-06-19 07:00,76.9500,8.4667,M,M,M,300.00,8.00,M,29.77,M,4.00,18.00,M,M,M,M,M,M,M,M,M,M,M,M,M,M,M,M,VOTV 190700Z AUTO 30008G18KT 4SM A2977 RMK IEM_DS3505,M
VOTV,2002-06-19 10:00,76.9500,8.4667,M,M,M,340.00,14.00,M,M,M,4.00,24.00,M,M,M,M,M,M,M,M,M,M,M,M,M,M,M,M,VOTV 191000Z AUTO 34014G24KT 4SM RMK IEM_DS3505,M
VOTV,2002-06-19 11:00,76.9500,8.4667,M,M,M,340.00,10.00,M,M,M,4.00,20.00,M,M,M,M,M,M,M,M,M,M,M,M,M,M,M,M,VOTV 191100Z AUTO 34010G20KT 4SM RMK IEM_DS3505,M
VOTV,2002-06-20 10:00,76.9500,8.4667,86.00,68.00,55.04,300.00,10.00,M,29.74,M,M,20.00,M,M,M,M,M,M,M,M,M,M,M,M,M,M,M,89.41,VOTV 201000Z AUTO 30010G20KT 30/20 A2974 RMK T03000200 IEM_DS3505,M
VOTV,2002-06-20 11:00,76.9500,8.4667,84.20,71.60,65.95,300.00,10.00,M,29.74,M,M,20.00,M,M,M,M,M,M,M,M,M,M,M,M,M,M,M,89.60,VOTV 201100Z AUTO 30010G20KT 29/22 A2974 RMK T02900220 IEM_DS3505,M
VOTV,2002-06-20 12:00,76.9500,8.4667,82.40,75.20,78.90,300.00,8.00,M,29.74,M,2.50,18.00,M,M,M,M,M,M,M,M,M,M,M,M,M,M,M,89.48,VOTV 201200Z AUTO 30008G18KT 2 1/2SM 28/24 A2974 RMK T02800240 IEM_DS3505,M
VOTV,2002-06-20 13:00,76.9500,8.4667,82.40,75.20,78.90,340.00,10.00,M,29.74,M,2.50,M,M,M,M,M,M,M,M,M,M,M,M,M,M,M,M,89.48,VOTV 201300Z AUTO 34010KT 2 1/2SM 28/24 A2974 RMK T02800240 IEM_DS3505,M
VOTV,2002-06-20 14:00,76.9500,8.4667,82.40,73.40,74.28,320.00,6.00,M,29.77,M,2.50,M,M,M,M,M,M,M,M,M,M,M,M,M,M,M,M,88.26,VOTV 201400Z AUTO 32006KT 2 1/2SM 28/23 A2977 RMK T02800230 IEM_DS3505,M
VOTV,2002-06-21 00:00,76.9500,8.4667,77.00,73.40,88.67,0.00,0.00,M,29.77,M,2.00,M,M,M,M,M,M,M,M,M,M,M,M,M,M,M,M,78.57,VOTV 210000Z AUTO 00000KT 2SM 25/23 A2977 RMK T02500230 IEM_DS3505,M
VOTV,2002-06-21 03:00,76.9500,8.4667,84.20,75.20,74.44,320.00,12.00,M,29.80,M,3.00,M,M,M,M,M,M,M,M,M,M,M,M,M,M,M,M,92.45,VOTV 210300Z AUTO 32012KT 3SM 29/24 A2980 RMK T02900240 IEM_DS3505,M
VOTV,2002-06-21 05:00,76.9500,8.4667,86.00,77.00,74.61,290.00,10.00,M,29.80,M,4.00,M,M,M,M,M,M,M,M,M,M,M,M,M,M,M,M,97.15,VOTV 210500Z AUTO 29010KT 4SM 30/25 A2980 RMK T03000250 IEM_DS3505,M
VOTV,2002-06-21 06:00,76.9500,8.4667,87.80,77.00,70.45,300.00,12.00,M,29.80,M,5.00,M,M,M,M,M,M,M,M,M,M,M,M,M,M,M,M,99.92,VOTV 210600Z AUTO 30012KT 5SM 31/25 A2980 RMK T03100250 IEM_DS3505,M
VOTV,2002-06-22 02:00,76.9500,8.4667,80.60,75.20,83.66,0.00,0.00,M,29.80,M,1.50,M,M,M,M,M,M,M,M,M,M,M,M,M,M,M,M,86.17,VOTV 220200Z AUTO 00000KT 1 1/2SM 27/24 A2980 RMK T02700240 IEM_DS3505,M
VOTV,2002-06-22 08:00,76.9500,8.4667,86.00,77.00,74.61,310.00,14.00,M,29.77,M,4.00,M,M,M,M,M,M,M,M,M,M,M,M,M,M,M,M,97.15,VOTV 220800Z AUTO 31014KT 4SM 30/25 A2977 RMK T03000250 IEM_DS3505,M
VOTV,2002-06-22 09:00,76.9500,8.4667,86.00,77.00,74.61,300.00,12.00,M,29.74,M,4.00,M,M,M,M,M,M,M,M,M,M,M,M,M,M,M,M,97.15,VOTV 220900Z AUTO 30012KT 4SM 30/25 A2974 RMK T03000250 IEM_DS3505,M
VOTV,2002-06-22 13:00,76.9500,8.4667,82.40,77.00,83.77,310.00,10.00,M,29.74,M,4.00,M,M,M,M,M,M,M,M,M,M,M,M,M,M,M,M,90.85,VOTV 221300Z AUTO 31010KT 4SM 28/25 A2974 RMK T02800250 IEM_DS3505,M
VOTV,2002-06-22 14:00,76.9500,8.4667,82.40,77.00,83.77,310.00,8.00,M,29.77,M,2.50,M,M,M,M,M,M,M,M,M,M,M,M,M,M,M,M,90.85,VOTV 221400Z AUTO 31008KT 2 1/2SM 28/25 A2977 RMK T02800250 IEM_DS3505,M
VOTV,2002-06-22 16:00,76.9500,8.4667,M,M,M,320.00,5.00,M,M,M,2.00,M,M,M,M,M,M,M,M,M,M,M,M,M,M,M,M,M,VOTV 221600Z AUTO 32005KT 2SM RMK IEM_DS3505,M
VOTV,2002-06-22 17:00,76.9500,8.4667,78.80,77.00,94.23,0.00,0.00,M,29.80,M,2.00,M,M,M,M,M,M,M,M,M,M,M,M,M,M,M,M,82.75,VOTV 221700Z AUTO 00000KT 2SM 26/25 A2980 RMK T02600250 IEM_DS3505,M
VOTV,2002-06-23 06:00,76.9500,8.4667,87.80,77.00,70.45,300.00,8.00,M,29.80,M,5.00,M,M,M,M,M,M,M,M,M,M,M,M,M,M,M,M,99.92,VOTV 230600Z AUTO 30008KT 5SM 31/25 A2980 RMK T03100250 IEM_DS3505,M
VOTV,2002-06-23 08:00,76.9500,8.4667,86.00,78.80,79.18,300.00,10.00,M,29.77,M,5.00,M,M,M,M,M,M,M,M,M,M,M,M,M,M,M,M,99.38,VOTV 230800Z AUTO 30010KT 5SM 30/26 A2977 RMK T03000260 IEM_DS3505,M
VOTV,2002-06-24 02:00,76.9500,8.4667,M,M,M,310.00,8.00,M,M,M,2.00,M,M,M,M,M,M,M,M,M,M,M,M,M,M,M,M,M,VOTV 240200Z AUTO 31008KT 2SM RMK IEM_DS3505,M
VOTV,2002-06-24 03:00,76.9500,8.4667,M,M,M,290.00,10.00,M,M,M,2.00,M,M,M,M,M,M,M,M,M,M,M,M,M,M,M,M,M,VOTV 240300Z AUTO 29010KT 2SM RMK IEM_DS3505,M
VOTV,2002-06-24 06:00,76.9500,8.4667,M,M,M,310.00,12.00,M,M,M,4.00,20.00,M,M,M,M,M,M,M,M,M,M,M,M,M,M,M,M,VOTV 240600Z AUTO 31012G20KT 4SM RMK IEM_DS3505,M
VOTV,2002-06-24 08:00,76.9500,8.4667,M,M,M,310.00,8.00,M,M,M,4.00,18.00,M,M,M,M,M,M,M,M,M,M,M,M,M,M,M,M,VOTV 240800Z AUTO 31008G18KT 4SM RMK IEM_DS3505,M
VOTV,2002-06-24 09:00,76.9500,8.4667,M,M,M,290.00,10.00,M,M,M,4.00,20.00,M,M,M,M,M,M,M,M,M,M,M,M,M,M,M,M,VOTV 240900Z AUTO 29010G20KT 4SM RMK IEM_DS3505,M
VOTV,2002-06-24 10:00,76.9500,8.4667,M,M,M,310.00,8.00,M,M,M,4.00,18.00,M,M,M,M,M,M,M,M,M,M,M,M,M,M,M,M,VOTV 241000Z AUTO 31008G18KT 4SM RMK IEM_DS3505,M
VOTV,2002-06-24 14:00,76.9500,8.4667,M,M,M,320.00,3.00,M,M,M,2.00,M,M,M,M,M,M,M,M,M,M,M,M,M,M,M,M,M,VOTV 241400Z AUTO 32003KT 2SM RMK IEM_DS3505,M
VOTV,2002-06-24 15:00,76.9500,8.4667,M,M,M,310.00,8.00,M,M,M,2.00,M,M,M,M,M,M,M,M,M,M,M,M,M,M,M,M,M,VOTV 241500Z AUTO 31008KT 2SM RMK IEM_DS3505,M
VOTV,2002-06-24 17:00,76.9500,8.4667,M,M,M,0.00,0.00,M,M,M,1.50,M,M,M,M,M,M,M,M,M,M,M,M,M,M,M,M,M,VOTV 241700Z AUTO 00000KT 1 1/2SM RMK IEM_DS3505,M
VOTV,2002-06-25 02:00,76.9500,8.4667,M,M,M,310.00,8.00,M,M,M,2.00,M,M,M,M,M,M,M,M,M,M,M,M,M,M,M,M,M,VOTV 250200Z AUTO 31008KT 2SM RMK IEM_DS3505,M
VOTV,2002-06-25 04:00,76.9500,8.4667,84.20,75.20,74.44,300.00,8.00,M,29.83,M,4.00,18.00,M,M,M,M,M,M,M,M,M,M,M,M,M,M,M,92.45,VOTV 250400Z AUTO 30008G18KT 4SM 29/24 A2983 RMK T02900240 IEM_DS3505,M
VOTV,2002-06-25 10:00,76.9500,8.4667,84.20,77.00,79.04,300.00,12.00,M,29.77,M,4.00,M,M,M,M,M,M,M,M,M,M,M,M,M,M,M,M,94.16,VOTV 251000Z AUTO 30012KT 4SM 29/25 A2977 RMK T02900250 IEM_DS3505,M
VOTV,2002-06-25 12:00,76.9500,8.4667,82.40,75.20,78.90,300.00,4.00,M,29.77,M,4.00,M,M,M,M,M,M,M,M,M,M,M,M,M,M,M,M,89.48,VOTV 251200Z AUTO 30004KT 4SM 28/24 A2977 RMK T02800240 IEM_DS3505,M
VOTV,2002-06-25 15:00,76.9500,8.4667,80.60,75.20,83.66,0.00,0.00,M,29.83,M,1.50,M,M,M,M,M,M,M,M,M,M,M,M,M,M,M,M,86.17,VOTV 251500Z AUTO 00000KT 1 1/2SM 27/24 A2983 RMK T02700240 IEM_DS3505,M
VOTV,2002-06-25 16:00,76.9500,8.4667,80.60,75.20,83.66,0.00,0.00,M,29.85,M,1.50,M,M,M,M,M,M,M,M,M,M,M,M,M,M,M,M,86.17,VOTV 251600Z AUTO 00000KT 1 1/2SM 27/24 A2985 RMK T02700240 IEM_DS3505,M
VOTV,2002-06-26 00:00,76.9500,8.4667,78.80,75.20,88.75,0.00,0.00,M,29.80,M,1.50,M,M,M,M,M,M,M,M,M,M,M,M,M,M,M,M,82.38,VOTV 260000Z AUTO 00000KT 1 1/2SM 26/24 A2980 RMK T02600240 IEM_DS3505,M
VOTV,2002-06-26 02:00,76.9500,8.4667,82.40,75.20,78.90,0.00,0.00,M,29.83,M,2.00,M,M,M,M,M,M,M,M,M,M,M,M,M,M,M,M,89.48,VOTV 260200Z AUTO 00000KT 2SM 28/24 A2983 RMK T02800240 IEM_DS3505,M
VOTV,2002-06-26 05:00,76.9500,8.4667,84.20,73.40,70.08,290.00,10.00,M,29.83,M,5.00,M,M,M,M,M,M,M,M,M,M,M,M,M,M,M,M,90.94,VOTV 260500Z AUTO 29010KT 5SM 29/23 A2983 RMK T02900230 IEM_DS3505,M
VOTV,2002-06-26 07:00,76.9500,8.4667,84.20,75.20,74.44,300.00,9.00,M,29.80,M,5.00,M,M,M,M,M,M,M,M,M,M,M,M,M,M,M,M,92.45,VOTV 260700Z AUTO 30009KT 5SM 29/24 A2980 RMK T02900240 IEM_DS3505,M
VOTV,2002-06-26 08:00,76.9500,8.4667,86.00,77.00,74.61,290.00,8.00,M,29.80,M,5.00,M,M,M,M,M,M,M,M,M,M,M,M,M,M,M,M,97.15,VOTV 260800Z AUTO 29008KT 5SM 30/25 A2980 RMK T03000250 IEM_DS3505,M
VOTV,2002-06-26 11:00,76.9500,8.4667,84.20,75.20,74.44,320.00,11.00,M,29.77,M,7.00,M,M,M,M,M,M,M,M,M,M,M,M,M,M,M,M,92.45,VOTV 261100Z AUTO 32011KT 7SM 29/24 A2977 RMK T02900240 IEM_DS3505,M
VOTV,2002-06-26 13:00,76.9500,8.4667,82.40,75.20,78.90,310.00,5.00,M,29.77,M,2.50,M,M,M,M,M,M,M,M,M,M,M,M,M,M,M,M,89.48,VOTV 261300Z AUTO 31005KT 2 1/2SM 28/24 A2977 RMK T02800240 IEM_DS3505,M
VOTV,2002-06-27 08:00,76.9500,8.4667,86.00,75.20,70.27,310.00,8.00,M,29.83,M,5.00,M,M,M,M,M,M,M,M,M,M,M,M,M,M,M,M,95.19,VOTV 270800Z AUTO 31008KT 5SM 30/24 A2983 RMK T03000240 IEM_DS3505,M
VOTV,2002-06-27 09:00,76.9500,8.4667,86.00,77.00,74.61,300.00,10.00,M,29.80,M,4.00,M,M,M,M,M,M,M,M,M,M,M,M,M,M,M,M,97.15,VOTV 270900Z AUTO 30010KT 4SM 30/25 A2980 RMK T03000250 IEM_DS3505,M
VOTV,2002-06-27 11:00,76.9500,8.4667,84.20,77.00,79.04,290.00,9.00,M,29.80,M,4.00,M,M,M,M,M,M,M,M,M,M,M,M,M,M,M,M,94.16,VOTV 271100Z AUTO 29009KT 4SM 29/25 A2980 RMK T02900250 IEM_DS3505,M
VOTV,2002-06-27 12:00,76.9500,8.4667,84.20,77.00,79.04,300.00,8.00,M,29.80,M,2.50,M,M,M,M,M,M,M,M,M,M,M,M,M,M,M,M,94.16,VOTV 271200Z AUTO 30008KT 2 1/2SM 29/25 A2980 RMK T02900250 IEM_DS3505,M
VOTV,2002-06-27 14:00,76.9500,8.4667,80.60,75.20,83.66,0.00,0.00,M,29.83,M,2.50,M,M,M,M,M,M,M,M,M,M,M,M,M,M,M,M,86.17,VOTV 271400Z AUTO 00000KT 2 1/2SM 27/24 A2983 RMK T02700240 IEM_DS3505,M
VOTV,2002-06-28 04:00,76.9500,8.4667,86.00,77.00,74.61,320.00,8.00,M,29.88,M,4.00,M,M,M,M,M,M,M,M,M,M,M,M,M,M,M,M,97.15,VOTV 280400Z AUTO 32008KT 4SM 30/25 A2988 RMK T03000250 IEM_DS3505,M
VOTV,2002-06-28 07:00,76.9500,8.4667,86.00,75.20,70.27,310.00,12.00,M,29.85,M,M,22.00,M,M,M,M,M,M,M,M,M,M,M,M,M,M,M,95.19,VOTV 280700Z AUTO 31012G22KT 30/24 A2985 RMK T03000240 IEM_DS3505,M
VOTV,2002-06-28 08:00,76.9500,8.4667,84.20,75.20,74.44,300.00,12.00,M,29.83,M,4.00,22.00,M,M,M,M,M,M,M,M,M,M,M,M,M,M,M,92.45,VOTV 280800Z AUTO 30012G22KT 4SM 29/24 A2983 RMK T02900240 IEM_DS3505,M
VOTV,2002-06-28 09:00,76.9500,8.4667,86.00,73.40,66.15,310.00,12.00,M,29.80,M,M,22.00,M,M,M,M,M,M,M,M,M,M,M,M,M,M,M,93.45,VOTV 280900Z AUTO 31012G22KT 30/23 A2980 RMK T03000230 IEM_DS3505,M
VOTV,2002-06-28 10:00,76.9500,8.4667,86.00,75.20,70.27,300.00,12.00,M,29.80,M,M,22.00,M,M,M,M,M,M,M,M,M,M,M,M,M,M,M,95.19,VOTV 281000Z AUTO 30012G22KT 30/24 A2980 RMK T03000240 IEM_DS3505,M
VOTV,2002-06-28 15:00,76.9500,8.4667,80.60,75.20,83.66,320.00,7.00,M,29.85,M,2.50,M,M,M,M,M,M,M,M,M,M,M,M,M,M,M,M,86.17,VOTV 281500Z AUTO 32007KT 2 1/2SM 27/24 A2985 RMK T02700240 IEM_DS3505,M
VOTV,2002-06-29 02:00,76.9500,8.4667,80.60,75.20,83.66,340.00,4.00,M,29.85,M,2.50,M,M,M,M,M,M,M,M,M,M,M,M,M,M,M,M,86.17,VOTV 290200Z AUTO 34004KT 2 1/2SM 27/24 A2985 RMK T02700240 IEM_DS3505,M
VOTV,2002-06-29 03:00,76.9500,8.4667,82.40,75.20,78.90,0.00,0.00,M,29.88,M,2.50,M,M,M,M,M,M,M,M,M,M,M,M,M,M,M,M,89.48,VOTV 290300Z AUTO 00000KT 2 1/2SM 28/24 A2988 RMK T02800240 IEM_DS3505,M
VOTV,2002-06-29 04:00,76.9500,8.4667,M,M,M,310.00,11.00,M,M,M,2.50,M,M,M,M,M,M,M,M,M,M,M,M,M,M,M,M,M,VOTV 290400Z AUTO 31011KT 2 1/2SM RMK IEM_DS3505,M
VOTV,2002-06-29 06:00,76.9500,8.4667,82.40,75.20,78.90,320.00,11.00,M,29.85,M,4.00,M,M,M,M,M,M,M,M,M,M,M,M,M,M,M,M,89.48,VOTV 290600Z AUTO 32011KT 4SM 28/24 A2985 RMK T02800240 IEM_DS3505,M
VOTV,2002-06-29 08:00,76.9500,8.4667,84.20,73.40,70.08,310.00,8.00,M,29.83,M,M,18.00,M,M,M,M,M,M,M,M,M,M,M,M,M,M,M,90.94,VOTV 290800Z AUTO 31008G18KT 29/23 A2983 RMK T02900230 IEM_DS3505,M
VOTV,2002-06-29 09:00,76.9500,8.4667,84.20,75.20,74.44,310.00,8.00,M,29.83,M,4.00,18.00,M,M,M,M,M,M,M,M,M,M,M,M,M,M,M,92.45,VOTV 290900Z AUTO 31008G18KT 4SM 29/24 A2983 RMK T02900240 IEM_DS3505,M
VOTV,2002-06-29 11:00,76.9500,8.4667,82.40,75.20,78.90,300.00,8.00,M,29.80,M,4.00,18.00,M,M,M,M,M,M,M,M,M,M,M,M,M,M,M,89.48,VOTV 291100Z AUTO 30008G18KT 4SM 28/24 A2980 RMK T02800240 IEM_DS3505,M
VOTV,2002-06-29 13:00,76.9500,8.4667,80.60,75.20,83.66,300.00,8.00,M,29.83,M,2.50,M,M,M,M,M,M,M,M,M,M,M,M,M,M,M,M,86.17,VOTV 291300Z AUTO 30008KT 2 1/2SM 27/24 A2983 RMK T02700240 IEM_DS3505,M
VOTV,2002-06-29 14:00,76.9500,8.4667,80.60,75.20,83.66,300.00,8.00,M,29.83,M,2.00,M,M,M,M,M,M,M,M,M,M,M,M,M,M,M,M,86.17,VOTV 291400Z AUTO 30008KT 2SM 27/24 A2983 RMK T02700240 IEM_DS3505,M
VOTV,2002-06-29 16:00,76.9500,8.4667,80.60,73.40,78.76,310.00,7.00,M,29.85,M,2.00,M,M,M,M,M,M,M,M,M,M,M,M,M,M,M,M,85.32,VOTV 291600Z AUTO 31007KT 2SM 27/23 A2985 RMK T02700230 IEM_DS3505,M
VOTV,2002-06-29 23:00,76.9500,8.4667,78.80,75.20,88.75,320.00,4.00,M,29.80,M,1.50,M,M,M,M,M,M,M,M,M,M,M,M,M,M,M,M,82.38,VOTV 292300Z AUTO 32004KT 1 1/2SM 26/24 A2980 RMK T02600240 IEM_DS3505,M
VOTV,2002-06-30 01:00,76.9500,8.4667,80.60,75.20,83.66,0.00,0.00,M,29.83,M,2.00,M,M,M,M,M,M,M,M,M,M,M,M,M,M,M,M,86.17,VOTV 300100Z AUTO 00000KT 2SM 27/24 A2983 RMK T02700240 IEM_DS3505,M
VOTV,2002-06-30 07:00,76.9500,8.4667,86.00,75.20,70.27,290.00,10.00,M,29.80,M,M,20.00,M,M,M,M,M,M,M,M,M,M,M,M,M,M,M,95.19,VOTV 300700Z AUTO 29010G20KT 30/24 A2980 RMK T03000240 IEM_DS3505,M
VOTV,2002-06-30 08:00,76.9500,8.4667,86.00,75.20,70.27,300.00,8.00,M,29.80,M,M,18.00,M,M,M,M,M,M,M,M,M,M,M,M,M,M,M,95.19,VOTV 300800Z AUTO 30008G18KT 30/24 A2980 RMK T03000240 IEM_DS3505,M
VOTV,2002-06-30 09:00,76.9500,8.4667,84.20,75.20,74.44,300.00,8.00,M,29.77,M,4.00,18.00,M,M,M,M,M,M,M,M,M,M,M,M,M,M,M,92.45,VOTV 300900Z AUTO 30008G18KT 4SM 29/24 A2977 RMK T02900240 IEM_DS3505,M
VOTV,2002-06-30 10:00,76.9500,8.4667,86.00,75.20,70.27,300.00,8.00,M,29.77,M,M,18.00,M,M,M,M,M,M,M,M,M,M,M,M,M,M,M,95.19,VOTV 301000Z AUTO 30008G18KT 30/24 A2977 RMK T03000240 IEM_DS3505,M
VOTV,2002-07-01 02:00,76.9500,8.4667,M,M,M,340.00,5.00,M,M,M,2.00,M,M,M,M,M,M,M,M,M,M,M,M,M,M,M,M,M,VOTV 010200Z AUTO 34005KT 2SM RMK IEM_DS3505,M
VOTV,2002-07-01 05:00,76.9500,8.4667,84.20,75.20,74.44,300.00,8.00,M,29.83,M,4.00,18.00,M,M,M,M,M,M,M,M,M,M,M,M,M,M,M,92.45,VOTV 010500Z AUTO 30008G18KT 4SM 29/24 A2983 RMK T02900240 IEM_DS3505,M
VOTV,2002-07-01 06:00,76.9500,8.4667,84.20,75.20,74.44,300.00,10.00,M,29.83,M,5.00,20.00,M,M,M,M,M,M,M,M,M,M,M,M,M,M,M,92.45,VOTV 010600Z AUTO 30010G20KT 5SM 29/24 A2983 RMK T02900240 IEM_DS3505,M
VOTV,2002-07-01 07:00,76.9500,8.4667,86.00,71.60,62.25,310.00,8.00,M,29.80,M,5.00,18.00,M,M,M,M,M,M,M,M,M,M,M,M,M,M,M,91.92,VOTV 010700Z AUTO 31008G18KT 5SM 30/22 A2980 RMK T03000220 IEM_DS3505,M
VOTV,2002-07-01 08:00,76.9500,8.4667,84.20,73.40,70.08,290.00,8.00,M,29.80,M,5.00,18.00,M,M,M,M,M,M,M,M,M,M,M,M,M,M,M,90.94,VOTV 010800Z AUTO 29008G18KT 5SM 29/23 A2980 RMK T02900230 IEM_DS3505,M
VOTV,2002-07-01 09:00,76.9500,8.4667,82.40,71.60,69.90,290.00,10.00,M,29.77,M,5.00,20.00,M,M,M,M,M,M,M,M,M,M,M,M,M,M,M,87.18,VOTV 010900Z AUTO 29010G20KT 5SM 28/22 A2977 RMK T02800220 IEM_DS3505,M
VOTV,2002-07-01 10:00,76.9500,8.4667,84.20,73.40,70.08,300.00,8.00,M,29.77,M,5.00,18.00,M,M,M,M,M,M,M,M,M,M,M,M,M,M,M,90.94,VOTV 011000Z AUTO 30008G18KT 5SM 29/23 A2977 RMK T02900230 IEM_DS3505,M
VOTV,2002-07-01 11:00,76.9500,8.4667,80.60,69.80,69.71,300.00,12.00,M,29.53,M,M,22.00,M,M,M,M,M,M,M,M,M,M,M,M,M,M,M,83.90,VOTV 011100Z AUTO 30012G22KT 27/21 A2953 RMK T02700210 IEM_DS3505,M
VOTV,2002-07-02 03:00,76.9500,8.4667,82.40,75.20,78.90,350.00,8.00,M,29.88,M,4.00,M,M,M,M,M,M,M,M,M,M,M,M,M,M,M,M,89.48,VOTV 020300Z AUTO 35008KT 4SM 28/24 A2988 RMK T02800240 IEM_DS3505,M
VOTV,2002-07-02 08:00,76.9500,8.4667,86.00,73.40,66.15,310.00,8.00,M,29.83,M,5.00,18.00,M,M,M,M,M,M,M,M,M,M,M,M,M,M,M,93.45,VOTV 020800Z AUTO 31008G18KT 5SM 30/23 A2983 RMK T03000230 IEM_DS3505,M
VOTV,2002-07-02 10:00,76.9500,8.4667,M,M,M,310.00,10.00,M,M,M,5.00,15.00,M,M,M,M,M,M,M,M,M,M,M,M,M,M,M,M,VOTV 021000Z AUTO 31010G15KT 5SM RMK IEM_DS3505,M
VOTV,2002-07-02 12:00,76.9500,8.4667,80.60,73.40,78.76,310.00,10.00,M,29.83,M,4.00,M,M,M,M,M,M,M,M,M,M,M,M,M,M,M,M,85.32,VOTV 021200Z AUTO 31010KT 4SM 27/23 A2983 RMK T02700230 IEM_DS3505,M
VOTV,2002-07-02 13:00,76.9500,8.4667,80.60,75.20,83.66,320.00,4.00,M,29.83,M,3.00,M,M,M,M,M,M,M,M,M,M,M,M,M,M,M,M,86.17,VOTV 021300Z AUTO 32004KT 3SM 27/24 A2983 RMK T02700240 IEM_DS3505,M
VOTV,2002-07-02 16:00,76.9500,8.4667,80.60,75.20,83.66,0.00,0.00,M,29.88,M,2.50,M,M,M,M,M,M,M,M,M,M,M,M,M,M,M,M,86.17,VOTV 021600Z AUTO 00000KT 2 1/2SM 27/24 A2988 RMK T02700240 IEM_DS3505,M
VOTV,2002-07-03 05:00,76.9500,8.4667,M,M,M,290.00,6.00,M,M,M,5.00,M,M,M,M,M,M,M,M,M,M,M,M,M,M,M,M,M,VOTV 030500Z AUTO 29006KT 5SM RMK IEM_DS3505,M
VOTV,2002-07-03 10:00,76.9500,8.4667,82.40,71.60,69.90,290.00,12.00,M,29.80,M,5.00,M,M,M,M,M,M,M,M,M,M,M,M,M,M,M,M,87.18,VOTV 031000Z AUTO 29012KT 5SM 28/22 A2980 RMK T02800220 IEM_DS3505,M
VOTV,2002-07-03 11:00,76.9500,8.4667,82.40,71.60,69.90,330.00,12.00,M,29.80,M,5.00,M,M,M,M,M,M,M,M,M,M,M,M,M,M,M,M,87.18,VOTV 031100Z AUTO 33012KT 5SM 28/22 A2980 RMK T02800220 IEM_DS3505,M
VOTV,2002-07-03 12:00,76.9500,8.4667,80.60,73.40,78.76,310.00,10.00,M,29.83,M,4.00,M,M,M,M,M,M,M,M,M,M,M,M,M,M,M,M,85.32,VOTV 031200Z AUTO 31010KT 4SM 27/23 A2983 RMK T02700230 IEM_DS3505,M
VOTV,2002-07-04 03:00,76.9500,8.4667,82.40,75.20,78.90,310.00,8.00,M,29.85,M,2.50,M,M,M,M,M,M,M,M,M,M,M,M,M,M,M,M,89.48,VOTV 040300Z AUTO 31008KT 2 1/2SM 28/24 A2985 RMK T02800240 IEM_DS3505,M
VOTV,2002-07-04 06:00,76.9500,8.4667,84.20,73.40,70.08,300.00,9.00,M,29.85,M,5.00,M,M,M,M,M,M,M,M,M,M,M,M,M,M,M,M,90.94,VOTV 040600Z AUTO 30009KT 5SM 29/23 A2985 RMK T02900230 IEM_DS3505,M
VOTV,2002-07-04 08:00,76.9500,8.4667,84.20,73.40,70.08,320.00,10.00,M,29.80,M,5.00,M,M,M,M,M,M,M,M,M,M,M,M,M,M,M,M,90.94,VOTV 040800Z AUTO 32010KT 5SM 29/23 A2980 RMK T02900230 IEM_DS3505,M
VOTV,2002-07-04 09:00,76.9500,8.4667,M,M,M,290.00,9.00,M,M,M,5.00,M,M,M,M,M,M,M,M,M,M,M,M,M,M,M,M,M,VOTV 040900Z AUTO 29009KT 5SM RMK IEM_DS3505,M
VOTV,2002-07-04 11:00,76.9500,8.4667,82.40,75.20,78.90,290.00,8.00,M,29.80,M,4.00,M,M,M,M,M,M,M,M,M,M,M,M,M,M,M,M,89.48,VOTV 041100Z AUTO 29008KT 4SM 28/24 A2980 RMK T02800240 IEM_DS3505,M
VOTV,2002-07-04 12:00,76.9500,8.4667,82.40,75.20,78.90,290.00,8.00,M,29.80,M,4.00,M,M,M,M,M,M,M,M,M,M,M,M,M,M,M,M,89.48,VOTV 041200Z AUTO 29008KT 4SM 28/24 A2980 RMK T02800240 IEM_DS3505,M
VOTV,2002-07-04 13:00,76.9500,8.4667,80.60,75.20,83.66,320.00,6.00,M,29.83,M,2.50,M,M,M,M,M,M,M,M,M,M,M,M,M,M,M,M,86.17,VOTV 041300Z AUTO 32006KT 2 1/2SM 27/24 A2983 RMK T02700240 IEM_DS3505,M
VOTV,2002-07-04 14:00,76.9500,8.4667,80.60,75.20,83.66,300.00,6.00,M,29.83,M,2.50,M,M,M,M,M,M,M,M,M,M,M,M,M,M,M,M,86.17,VOTV 041400Z AUTO 30006KT 2 1/2SM 27/24 A2983 RMK T02700240 IEM_DS3505,M
VOTV,2002-07-05 02:00,76.9500,8.4667,82.40,75.20,78.90,320.00,6.00,M,29.85,M,1.50,M,M,M,M,M,M,M,M,M,M,M,M,M,M,M,M,89.48,VOTV 050200Z AUTO 32006KT 1 1/2SM 28/24 A2985 RMK T02800240 IEM_DS3505,M
VOTV,2002-07-05 03:00,76.9500,8.4667,82.40,75.20,78.90,300.00,12.00,M,29.88,M,2.50,M,M,M,M,M,M,M,M,M,M,M,M,M,M,M,M,89.48,VOTV 050300Z AUTO 30012KT 2 1/2SM 28/24 A2988 RMK T02800240 IEM_DS3505,M
VOTV,2002-07-05 05:00,76.9500,8.4667,86.00,75.20,70.27,300.00,8.00,M,29.88,M,M,M,M,M,M,M,M,M,M,M,M,M,M,M,M,M,M,95.19,VOTV 050500Z AUTO 30008KT 30/24 A2988 RMK T03000240 IEM_DS3505,M
VOTV,2002-07-05 10:00,76.9500,8.4667,84.20,75.20,74.44,300.00,9.00,M,29.80,M,5.00,M,M,M,M,M,M,M,M,M,M,M,M,M,M,M,M,92.45,VOTV 051000Z AUTO 30009KT 5SM 29/24 A2980 RMK T02900240 IEM_DS3505,M
VOTV,2002-07-05 12:00,76.9500,8.4667,84.20,75.20,74.44,300.00,8.00,M,29.83,M,4.00,M,M,M,M,M,M,M,M,M,M,M,M,M,M,M,M,92.45,VOTV 051200Z AUTO 30008KT 4SM 29/24 A2983 RMK T02900240 IEM_DS3505,M
VOTV,2002-07-05 13:00,76.9500,8.4667,82.40,73.40,74.28,300.00,10.00,M,29.83,M,2.50,M,M,M,M,M,M,M,M,M,M,M,M,M,M,M,M,88.26,VOTV 051300Z AUTO 30010KT 2 1/2SM 28/23 A2983 RMK T02800230 IEM_DS3505,M
VOTV,2002-07-06 01:00,76.9500,8.4667,78.80,75.20,88.75,0.00,0.00,M,29.83,M,3.00,M,M,M,M,M,M,M,M,M,M,M,M,M,M,M,M,82.38,VOTV 060100Z AUTO 00000KT 3SM 26/24 A2983 RMK T02600240 IEM_DS3505,M
VOTV,2002-07-06 03:00,76.9500,8.4667,M,M,M,350.00,11.00,M,M,M,4.00,M,M,M,M,M,M,M,M,M,M,M,M,M,M,M,M,M,VOTV 060300Z AUTO 35011KT 4SM RMK IEM_DS3505,M
VOTV,2002-07-06 04:00,76.9500,8.4667,M,M,M,280.00,9.00,M,M,M,4.00,M,M,M,M,M,M,M,M,M,M,M,M,M,M,M,M,M,VOTV 060400Z AUTO 28009KT 4SM RMK IEM_DS3505,M
VOTV,2002-07-06 06:00,76.9500,8.4667,M,M,M,300.00,12.00,M,M,M,4.00,M,M,M,M,M,M,M,M,M,M,M,M,M,M,M,M,M,VOTV 060600Z AUTO 30012KT 4SM RMK IEM_DS3505,M
VOTV,2002-07-06 07:00,76.9500,8.4667,M,M,M,300.00,12.00,M,M,M,4.00,M,M,M,M,M,M,M,M,M,M,M,M,M,M,M,M,M,VOTV 060700Z AUTO 30012KT 4SM RMK IEM_DS3505,M
VOTV,2002-07-06 08:00,76.9500,8.4667,M,M,M,290.00,12.00,M,M,M,4.00,M,M,M,M,M,M,M,M,M,M,M,M,M,M,M,M,M,VOTV 060800Z AUTO 29012KT 4SM RMK IEM_DS3505,M
VOTV,2002-07-06 09:00,76.9500,8.4667,M,M,M,300.00,13.00,M,M,M,4.00,M,M,M,M,M,M,M,M,M,M,M,M,M,M,M,M,M,VOTV 060900Z AUTO 30013KT 4SM RMK IEM_DS3505,M
VOTV,2002-07-06 10:00,76.9500,8.4667,84.20,73.40,70.08,300.00,10.00,M,29.77,M,M,M,M,M,M,M,M,M,M,M,M,M,M,M,M,M,M,90.94,VOTV 061000Z AUTO 30010KT 29/23 A2977 RMK T02900230 IEM_DS3505,M
VOTV,2002-07-06 11:00,76.9500,8.4667,82.40,73.40,74.28,300.00,10.00,M,29.77,M,4.00,M,M,M,M,M,M,M,M,M,M,M,M,M,M,M,M,88.26,VOTV 061100Z AUTO 30010KT 4SM 28/23 A2977 RMK T02800230 IEM_DS3505,M
VOTV,2002-07-06 12:00,76.9500,8.4667,80.60,75.20,83.66,290.00,13.00,M,29.80,M,4.00,M,M,M,M,M,M,M,M,M,M,M,M,M,M,M,M,86.17,VOTV 061200Z AUTO 29013KT 4SM 27/24 A2980 RMK T02700240 IEM_DS3505,M
VOTV,2002-07-06 23:00,76.9500,8.4667,77.00,73.40,88.67,0.00,0.00,M,29.80,M,2.00,M,M,M,M,M,M,M,M,M,M,M,M,M,M,M,M,78.57,VOTV 062300Z AUTO 00000KT 2SM 25/23 A2980 RMK T02500230 IEM_DS3505,M
VOTV,2002-07-07 00:00,76.9500,8.4667,77.00,73.40,88.67,340.00,5.00,M,29.80,M,2.00,M,M,M,M,M,M,M,M,M,M,M,M,M,M,M,M,78.57,VOTV 070000Z AUTO 34005KT 2SM 25/23 A2980 RMK T02500230 IEM_DS3505,M
VOTV,2002-07-07 08:00,76.9500,8.4667,84.20,75.20,74.44,310.00,12.00,M,29.77,M,2.00,22.00,M,M,M,M,M,M,M,M,M,M,M,M,M,M,M,92.45,VOTV 070800Z AUTO 31012G22KT 2SM 29/24 A2977 RMK T02900240 IEM_DS3505,M
VOTV,2002-07-07 09:00,76.9500,8.4667,84.20,75.20,74.44,300.00,15.00,M,29.74,M,5.00,25.00,M,M,M,M,M,M,M,M,M,M,M,M,M,M,M,92.45,VOTV 070900Z AUTO 30015G25KT 5SM 29/24 A2974 RMK T02900240 IEM_DS3505,M
VOTV,2002-07-07 11:00,76.9500,8.4667,82.40,73.40,74.28,300.00,13.00,M,29.74,M,5.00,M,M,M,M,M,M,M,M,M,M,M,M,M,M,M,M,88.26,VOTV 071100Z AUTO 30013KT 5SM 28/23 A2974 RMK T02800230 IEM_DS3505,M
VOTV,2002-07-07 14:00,76.9500,8.4667,80.60,73.40,78.76,310.00,8.00,M,29.77,M,2.50,M,M,M,M,M,M,M,M,M,M,M,M,M,M,M,M,85.32,VOTV 071400Z AUTO 31008KT 2 1/2SM 27/23 A2977 RMK T02700230 IEM_DS3505,M
VOTV,2002-07-08 00:00,76.9500,8.4667,78.80,75.20,88.75,0.00,0.00,M,29.77,M,2.00,M,M,M,M,M,M,M,M,M,M,M,M,M,M,M,M,82.38,VOTV 080000Z AUTO 00000KT 2SM 26/24 A2977 RMK T02600240 IEM_DS3505,M
VOTV,2002-07-08 02:00,76.9500,8.4667,82.40,75.20,78.90,360.00,7.00,M,29.83,M,2.50,M,M,M,M,M,M,M,M,M,M,M,M,M,M,M,M,89.48,VOTV 080200Z AUTO 36007KT 2 1/2SM 28/24 A2983 RMK T02800240 IEM_DS3505,M
VOTV,2002-07-08 04:00,76.9500,8.4667,M,M,M,290.00,10.00,M,M,M,3.00,M,M,M,M,M,M,M,M,M,M,M,M,M,M,M,M,M,VOTV 080400Z AUTO 29010KT 3SM RMK IEM_DS3505,M
VOTV,2002-07-08 06:00,76.9500,8.4667,82.40,75.20,78.90,300.00,12.00,M,29.80,M,4.00,M,M,M,M,M,M,M,M,M,M,M,M,M,M,M,M,89.48,VOTV 080600Z AUTO 30012KT 4SM 28/24 A2980 RMK T02800240 IEM_DS3505,M
VOTV,2002-07-08 09:00,76.9500,8.4667,84.20,73.40,70.08,300.00,12.00,M,29.77,M,M,M,M,M,M,M,M,M,M,M,M,M,M,M,M,M,M,90.94,VOTV 080900Z AUTO 30012KT 29/23 A2977 RMK T02900230 IEM_DS3505,M
VOTV,2002-07-08 11:00,76.9500,8.4667,82.40,73.40,74.28,300.00,12.00,M,29.77,M,2.50,M,M,M,M,M,M,M,M,M,M,M,M,M,M,M,M,88.26,VOTV 081100Z AUTO 30012KT 2 1/2SM 28/23 A2977 RMK T02800230 IEM_DS3505,M
VOTV,2002-07-09 02:00,76.9500,8.4667,80.60,73.40,78.76,360.00,6.00,M,29.83,M,2.50,M,M,M,M,M,M,M,M,M,M,M,M,M,M,M,M,85.32,VOTV 090200Z AUTO 36006KT 2 1/2SM 27/23 A2983 RMK T02700230 IEM_DS3505,M
VOTV,2002-07-09 03:00,76.9500,8.4667,82.40,73.40,74.28,360.00,6.00,M,29.83,M,2.50,M,M,M,M,M,M,M,M,M,M,M,M,M,M,M,M,88.26,VOTV 090300Z AUTO 36006KT 2 1/2SM 28/23 A2983 RMK T02800230 IEM_DS3505,M
VOTV,2002-07-09 04:00,76.9500,8.4667,84.20,73.40,70.08,340.00,10.00,M,29.85,M,M,M,M,M,M,M,M,M,M,M,M,M,M,M,M,M,M,90.94,VOTV 090400Z AUTO 34010KT 29/23 A2985 RMK T02900230 IEM_DS3505,M
VOTV,2002-07-09 06:00,76.9500,8.4667,86.00,73.40,66.15,300.00,8.00,M,29.83,M,M,18.00,M,M,M,M,M,M,M,M,M,M,M,M,M,M,M,93.45,VOTV 090600Z AUTO 30008G18KT 30/23 A2983 RMK T03000230 IEM_DS3505,M
VOTV,2002-07-09 08:00,76.9500,8.4667,86.00,73.40,66.15,310.00,10.00,M,29.80,M,5.00,20.00,M,M,M,M,M,M,M,M,M,M,M,M,M,M,M,93.45,VOTV 090800Z AUTO 31010G20KT 5SM 30/23 A2980 RMK T03000230 IEM_DS3505,M
VOTV,2002-07-09 10:00,76.9500,8.4667,M,M,M,310.00,8.00,M,M,M,4.00,M,M,M,M,M,M,M,M,M,M,M,M,M,M,M,M,M,VOTV 091000Z AUTO 31008KT 4SM RMK IEM_DS3505,M
VOTV,2002-07-09 11:00,76.9500,8.4667,84.20,73.40,70.08,310.00,8.00,M,29.77,M,2.50,M,M,M,M,M,M,M,M,M,M,M,M,M,M,M,M,90.94,VOTV 091100Z AUTO 31008KT 2 1/2SM 29/23 A2977 RMK T02900230 IEM_DS3505,M
VOTV,2002-07-09 12:00,76.9500,8.4667,82.40,75.20,78.90,300.00,10.00,M,29.80,M,2.50,M,M,M,M,M,M,M,M,M,M,M,M,M,M,M,M,89.48,VOTV 091200Z AUTO 30010KT 2 1/2SM 28/24 A2980 RMK T02800240 IEM_DS3505,M
VOTV,2002-07-10 04:00,76.9500,8.4667,84.20,73.40,70.08,320.00,12.00,M,29.83,M,5.00,M,M,M,M,M,M,M,M,M,M,M,M,M,M,M,M,90.94,VOTV 100400Z AUTO 32012KT 5SM 29/23 A2983 RMK T02900230 IEM_DS3505,M
VOTV,2002-07-10 05:00,76.9500,8.4667,86.00,75.20,70.27,320.00,10.00,M,29.83,M,5.00,20.00,M,M,M,M,M,M,M,M,M,M,M,M,M,M,M,95.19,VOTV 100500Z AUTO 32010G20KT 5SM 30/24 A2983 RMK T03000240 IEM_DS3505,M
VOTV,2002-07-10 06:00,76.9500,8.4667,86.00,73.40,66.15,320.00,10.00,M,29.83,M,5.00,20.00,M,M,M,M,M,M,M,M,M,M,M,M,M,M,M,93.45,VOTV 100600Z AUTO 32010G20KT 5SM 30/23 A2983 RMK T03000230 IEM_DS3505,M
VOTV,2002-07-10 07:00,76.9500,8.4667,86.00,73.40,66.15,310.00,8.00,M,29.83,M,5.00,18.00,M,M,M,M,M,M,M,M,M,M,M,M,M,M,M,93.45,VOTV 100700Z AUTO 31008G18KT 5SM 30/23 A2983 RMK T03000230 IEM_DS3505,M
VOTV,2002-07-10 08:00,76.9500,8.4667,86.00,73.40,66.15,300.00,10.00,M,29.80,M,5.00,20.00,M,M,M,M,M,M,M,M,M,M,M,M,M,M,M,93.45,VOTV 100800Z AUTO 30010G20KT 5SM 30/23 A2980 RMK T03000230 IEM_DS3505,M
VOTV,2002-07-10 09:00,76.9500,8.4667,84.20,73.40,70.08,300.00,10.00,M,29.80,M,M,M,M,M,M,M,M,M,M,M,M,M,M,M,M,M,M,90.94,VOTV 100900Z AUTO 30010KT 29/23 A2980 RMK T02900230 IEM_DS3505,M
VOTV,2002-07-10 11:00,76.9500,8.4667,84.20,73.40,70.08,300.00,12.00,M,29.77,M,M,M,M,M,M,M,M,M,M,M,M,M,M,M,M,M,M,90.94,VOTV 101100Z AUTO 30012KT 29/23 A2977 RMK T02900230 IEM_DS3505,M
VOTV,2002-07-10 12:00,76.9500,8.4667,84.20,73.40,70.08,310.00,8.00,M,29.80,M,4.00,M,M,M,M,M,M,M,M,M,M,M,M,M,M,M,M,90.94,VOTV 101200Z AUTO 31008KT 4SM 29/23 A2980 RMK T02900230 IEM_DS3505,M
VOTV,2002-07-10 13:00,76.9500,8.4667,82.40,75.20,78.90,300.00,8.00,M,29.80,M,2.50,M,M,M,M,M,M,M,M,M,M,M,M,M,M,M,M,89.48,VOTV 101300Z AUTO 30008KT 2 1/2SM 28/24 A2980 RMK T02800240 IEM_DS3505,M
VOTV,2002-07-10 23:00,76.9500,8.4667,78.80,77.00,94.23,340.00,5.00,M,29.77,M,2.50,M,M,M,M,M,M,M,M,M,M,M,M,M,M,M,M,82.75,VOTV 102300Z AUTO 34005KT 2 1/2SM 26/25 A2977 RMK T02600250 IEM_DS3505,M
VOTV,2002-07-11 00:00,76.9500,8.4667,M,M,M,0.00,0.00,M,M,M,2.50,M,M,M,M,M,M,M,M,M,M,M,M,M,M,M,M,M,VOTV 110000Z AUTO 00000KT 2 1/2SM RMK IEM_DS3505,M
VOTV,2002-07-11 01:00,76.9500,8.4667,77.00,73.40,88.67,0.00,0.00,M,29.77,M,2.50,M,M,M,M,M,M,M,M,M,M,M,M,M,M,M,M,78.57,VOTV 110100Z AUTO 00000KT 2 1/2SM 25/23 A2977 RMK T02500230 IEM_DS3505,M
VOTV,2002-07-11 02:00,76.9500,8.4667,80.60,75.20,83.66,340.00,8.00,M,29.80,M,2.50,M,M,M,M,M,M,M,M,M,M,M,M,M,M,M,M,86.17,VOTV 110200Z AUTO 34008KT 2 1/2SM 27/24 A2980 RMK T02700240 IEM_DS3505,M
VOTV,2002-07-11 03:00,76.9500,8.4667,82.40,77.00,83.77,320.00,10.00,M,29.80,M,4.00,M,M,M,M,M,M,M,M,M,M,M,M,M,M,M,M,90.85,VOTV 110300Z AUTO 32010KT 4SM 28/25 A2980 RMK T02800250 IEM_DS3505,M
VOTV,2002-07-11 04:00,76.9500,8.4667,84.20,77.00,79.04,320.00,12.00,M,29.80,M,4.00,22.00,M,M,M,M,M,M,M,M,M,M,M,M,M,M,M,94.16,VOTV 110400Z AUTO 32012G22KT 4SM 29/25 A2980 RMK T02900250 IEM_DS3505,M
VOTV,2002-07-11 05:00,76.9500,8.4667,86.00,77.00,74.61,320.00,12.00,M,29.80,M,4.00,22.00,M,M,M,M,M,M,M,M,M,M,M,M,M,M,M,97.15,VOTV 110500Z AUTO 32012G22KT 4SM 30/25 A2980 RMK T03000250 IEM_DS3505,M
VOTV,2002-07-11 07:00,76.9500,8.4667,86.00,77.00,74.61,300.00,8.00,M,29.80,M,4.00,18.00,M,M,M,M,M,M,M,M,M,M,M,M,M,M,M,97.15,VOTV 110700Z AUTO 30008G18KT 4SM 30/25 A2980 RMK T03000250 IEM_DS3505,M
VOTV,2002-07-11 08:00,76.9500,8.4667,86.00,75.20,70.27,310.00,10.00,M,29.77,M,5.00,20.00,M,M,M,M,M,M,M,M,M,M,M,M,M,M,M,95.19,VOTV 110800Z AUTO 31010G20KT 5SM 30/24 A2977 RMK T03000240 IEM_DS3505,M
VOTV,2002-07-11 10:00,76.9500,8.4667,84.20,75.20,74.44,330.00,15.00,M,29.74,M,5.00,25.00,M,M,M,M,M,M,M,M,M,M,M,M,M,M,M,92.45,VOTV 111000Z AUTO 33015G25KT 5SM 29/24 A2974 RMK T02900240 IEM_DS3505,M
VOTV,2002-07-11 15:00,76.9500,8.4667,80.60,M,M,M,M,M,M,M,0.25,M,M,M,M,M,M,M,M,M,M,M,M,M,M,M,M,M,VOTV 111500Z AUTO 1/4SM 27/ RMK IEM_DS3505,M
VOTV,2002-07-11 16:00,76.9500,8.4667,M,M,M,340.00,8.00,M,M,M,2.00,18.00,M,M,M,M,M,M,M,M,M,M,M,M,M,M,M,M,VOTV 111600Z AUTO 34008G18KT 2SM RMK IEM_DS3505,M
VOTV,2002-07-12 01:00,76.9500,8.4667,M,M,M,0.00,0.00,M,M,M,2.00,M,M,M,M,M,M,M,M,M,M,M,M,M,M,M,M,M,VOTV 120100Z AUTO 00000KT 2SM RMK IEM_DS3505,M
VOTV,2002-07-12 02:00,76.9500,8.4667,M,M,M,0.00,0.00,M,M,M,2.00,M,M,M,M,M,M,M,M,M,M,M,M,M,M,M,M,M,VOTV 120200Z AUTO 00000KT 2SM RMK IEM_DS3505,M
VOTV,2002-07-12 06:00,76.9500,8.4667,M,M,M,360.00,8.00,M,M,M,2.50,18.00,M,M,M,M,M,M,M,M,M,M,M,M,M,M,M,M,VOTV 120600Z AUTO 36008G18KT 2 1/2SM RMK IEM_DS3505,M
VOTV,2002-07-12 15:00,76.9500,8.4667,78.80,73.40,83.55,340.00,4.00,M,29.83,M,2.00,M,M,M,M,M,M,M,M,M,M,M,M,M,M,M,M,82.03,VOTV 121500Z AUTO 34004KT 2SM 26/23 A2983 RMK T02600230 IEM_DS3505,M
VOTV,2002-07-13 00:00,76.9500,8.4667,80.60,75.20,83.66,320.00,5.00,M,29.83,M,1.50,M,M,M,M,M,M,M,M,M,M,M,M,M,M,M,M,86.17,VOTV 130000Z AUTO 32005KT 1 1/2SM 27/24 A2983 RMK T02700240 IEM_DS3505,M
VOTV,2002-07-13 03:00,76.9500,8.4667,82.40,73.40,74.28,310.00,12.00,M,29.85,M,1.50,M,M,M,M,M,M,M,M,M,M,M,M,M,M,M,M,88.26,VOTV 130300Z AUTO 31012KT 1 1/2SM 28/23 A2985 RMK T02800230 IEM_DS3505,M
VOTV,2002-07-13 11:00,76.9500,8.4667,82.40,73.40,74.28,300.00,14.00,M,29.80,M,2.00,M,M,M,M,M,M,M,M,M,M,M,M,M,M,M,M,88.26,VOTV 131100Z AUTO 30014KT 2SM 28/23 A2980 RMK T02800230 IEM_DS3505,M
VOTV,2002-07-13 12:00,76.9500,8.4667,80.60,75.20,83.66,300.00,11.00,M,29.80,M,2.00,M,M,M,M,M,M,M,M,M,M,M,M,M,M,M,M,86.17,VOTV 131200Z AUTO 30011KT 2SM 27/24 A2980 RMK T02700240 IEM_DS3505,M
VOTV,2002-07-13 14:00,76.9500,8.4667,M,M,M,300.00,10.00,M,M,M,1.50,M,M,M,M,M,M,M,M,M,M,M,M,M,M,M,M,M,VOTV 131400Z AUTO 30010KT 1 1/2SM RMK IEM_DS3505,M
VOTV,2002-07-13 16:00,76.9500,8.4667,78.80,75.20,88.75,290.00,6.00,M,29.88,M,1.50,M,M,M,M,M,M,M,M,M,M,M,M,M,M,M,M,82.38,VOTV 131600Z AUTO 29006KT 1 1/2SM 26/24 A2988 RMK T02600240 IEM_DS3505,M
VOTV,2002-07-14 00:00,76.9500,8.4667,78.80,73.40,83.55,300.00,10.00,M,29.83,M,1.50,M,M,M,M,M,M,M,M,M,M,M,M,M,M,M,M,82.03,VOTV 140000Z AUTO 30010KT 1 1/2SM 26/23 A2983 RMK T02600230 IEM_DS3505,M
VOTV,2002-07-14 02:00,76.9500,8.4667,M,M,M,310.00,11.00,M,M,M,1.50,M,M,M,M,M,M,M,M,M,M,M,M,M,M,M,M,M,VOTV 140200Z AUTO 31011KT 1 1/2SM RMK IEM_DS3505,M
VOTV,2002-07-14 03:00,76.9500,8.4667,80.60,75.20,83.66,300.00,11.00,M,29.85,M,2.50,M,M,M,M,M,M,M,M,M,M,M,M,M,M,M,M,86.17,VOTV 140300Z AUTO 30011KT 2 1/2SM 27/24 A2985 RMK T02700240 IEM_DS3505,M
VOTV,2002-07-14 04:00,76.9500,8.4667,82.40,75.20,78.90,300.00,10.00,M,29.85,M,4.00,M,M,M,M,M,M,M,M,M,M,M,M,M,M,M,M,89.48,VOTV 140400Z AUTO 30010KT 4SM 28/24 A2985 RMK T02800240 IEM_DS3505,M
VOTV,2002-07-14 06:00,76.9500,8.4667,M,M,M,300.00,8.00,M,M,M,4.00,18.00,M,M,M,M,M,M,M,M,M,M,M,M,M,M,M,M,VOTV 140600Z AUTO 30008G18KT 4SM RMK IEM_DS3505,M
VOTV,2002-07-14 08:00,76.9500,8.4667,84.20,75.20,74.44,310.00,10.00,M,29.83,M,5.00,20.00,M,M,M,M,M,M,M,M,M,M,M,M,M,M,M,92.45,VOTV 140800Z AUTO 31010G20KT 5SM 29/24 A2983 RMK T02900240 IEM_DS3505,M
VOTV,2002-07-14 10:00,76.9500,8.4667,82.40,75.20,78.90,300.00,10.00,M,29.80,M,5.00,20.00,M,M,M,M,M,M,M,M,M,M,M,M,M,M,M,89.48,VOTV 141000Z AUTO 30010G20KT 5SM 28/24 A2980 RMK T02800240 IEM_DS3505,M
VOTV,2002-07-14 12:00,76.9500,8.4667,82.40,75.20,78.90,320.00,11.00,M,29.80,M,2.50,M,M,M,M,M,M,M,M,M,M,M,M,M,M,M,M,89.48,VOTV 141200Z AUTO 32011KT 2 1/2SM 28/24 A2980 RMK T02800240 IEM_DS3505,M
VOTV,2002-07-14 14:00,76.9500,8.4667,78.80,73.40,83.55,310.00,8.00,M,29.85,M,2.50,M,M,M,M,M,M,M,M,M,M,M,M,M,M,M,M,82.03,VOTV 141400Z AUTO 31008KT 2 1/2SM 26/23 A2985 RMK T02600230 IEM_DS3505,M
VOTV,2002-07-14 23:00,76.9500,8.4667,M,M,M,340.00,5.00,M,M,M,2.00,M,M,M,M,M,M,M,M,M,M,M,M,M,M,M,M,M,VOTV 142300Z AUTO 34005KT 2SM RMK IEM_DS3505,M
VOTV,2002-07-15 02:00,76.9500,8.4667,82.40,75.20,78.90,350.00,5.00,M,29.83,M,2.00,M,M,M,M,M,M,M,M,M,M,M,M,M,M,M,M,89.48,VOTV 150200Z AUTO 35005KT 2SM 28/24 A2983 RMK T02800240 IEM_DS3505,M
VOTV,2002-07-15 03:00,76.9500,8.4667,M,M,M,230.00,8.00,M,M,M,2.50,M,M,M,M,M,M,M,M,M,M,M,M,M,M,M,M,M,VOTV 150300Z AUTO 23008KT 2 1/2SM RMK IEM_DS3505,M
VOTV,2002-07-15 04:00,76.9500,8.4667,M,M,M,330.00,8.00,M,M,M,2.50,18.00,M,M,M,M,M,M,M,M,M,M,M,M,M,M,M,M,VOTV 150400Z AUTO 33008G18KT 2 1/2SM RMK IEM_DS3505,M
VOTV,2002-07-15 05:00,76.9500,8.4667,M,M,M,300.00,8.00,M,M,M,4.00,M,M,M,M,M,M,M,M,M,M,M,M,M,M,M,M,M,VOTV 150500Z AUTO 30008KT 4SM RMK IEM_DS3505,M
VOTV,2002-07-15 08:00,76.9500,8.4667,M,M,M,300.00,10.00,M,M,M,4.00,M,M,M,M,M,M,M,M,M,M,M,M,M,M,M,M,M,VOTV 150800Z AUTO 30010KT 4SM RMK IEM_DS3505,M
VOTV,2002-07-15 10:00,76.9500,8.4667,M,M,M,310.00,12.00,M,M,M,4.00,M,M,M,M,M,M,M,M,M,M,M,M,M,M,M,M,M,VOTV 151000Z AUTO 31012KT 4SM RMK IEM_DS3505,M
VOTV,2002-07-15 11:00,76.9500,8.4667,M,M,M,310.00,10.00,M,M,M,2.50,20.00,M,M,M,M,M,M,M,M,M,M,M,M,M,M,M,M,VOTV 151100Z AUTO 31010G20KT 2 1/2SM RMK IEM_DS3505,M
VOTV,2002-07-15 12:00,76.9500,8.4667,82.40,75.20,78.90,340.00,10.00,M,29.80,M,2.50,20.00,M,M,M,M,M,M,M,M,M,M,M,M,M,M,M,89.48,VOTV 151200Z AUTO 34010G20KT 2 1/2SM 28/24 A2980 RMK T02800240 IEM_DS3505,M
VOTV,2002-07-16 05:00,76.9500,8.4667,82.40,73.40,74.28,300.00,8.00,M,29.83,M,4.00,18.00,M,M,M,M,M,M,M,M,M,M,M,M,M,M,M,88.26,VOTV 160500Z AUTO 30008G18KT 4SM 28/23 A2983 RMK T02800230 IEM_DS3505,M
VOTV,2002-07-16 06:00,76.9500,8.4667,84.20,73.40,70.08,310.00,8.00,M,29.83,M,M,18.00,M,M,M,M,M,M,M,M,M,M,M,M,M,M,M,90.94,VOTV 160600Z AUTO 31008G18KT 29/23 A2983 RMK T02900230 IEM_DS3505,M
VOTV,2002-07-16 07:00,76.9500,8.4667,84.20,73.40,70.08,310.00,10.00,M,29.80,M,M,20.00,M,M,M,M,M,M,M,M,M,M,M,M,M,M,M,90.94,VOTV 160700Z AUTO 31010G20KT 29/23 A2980 RMK T02900230 IEM_DS3505,M
VOTV,2002-07-16 08:00,76.9500,8.4667,M,M,M,300.00,8.00,M,M,M,4.00,18.00,M,M,M,M,M,M,M,M,M,M,M,M,M,M,M,M,VOTV 160800Z AUTO 30008G18KT 4SM RMK IEM_DS3505,M
VOTV,2002-07-16 09:00,76.9500,8.4667,84.20,73.40,70.08,300.00,12.00,M,29.80,M,M,M,M,M,M,M,M,M,M,M,M,M,M,M,M,M,M,90.94,VOTV 160900Z AUTO 30012KT 29/23 A2980 RMK T02900230 IEM_DS3505,M
VOTV,2002-07-16 10:00,76.9500,8.4667,84.20,73.40,70.08,310.00,8.00,M,29.77,M,M,18.00,M,M,M,M,M,M,M,M,M,M,M,M,M,M,M,90.94,VOTV 161000Z AUTO 31008G18KT 29/23 A2977 RMK T02900230 IEM_DS3505,M
VOTV,2002-07-16 11:00,76.9500,8.4667,84.20,73.40,70.08,310.00,8.00,M,29.80,M,M,18.00,M,M,M,M,M,M,M,M,M,M,M,M,M,M,M,90.94,VOTV 161100Z AUTO 31008G18KT 29/23 A2980 RMK T02900230 IEM_DS3505,M
VOTV,2002-07-16 12:00,76.9500,8.4667,82.40,73.40,74.28,300.00,12.00,M,29.80,M,2.50,M,M,M,M,M,M,M,M,M,M,M,M,M,M,M,M,88.26,VOTV 161200Z AUTO 30012KT 2 1/2SM 28/23 A2980 RMK T02800230 IEM_DS3505,M
VOTV,2002-07-16 13:00,76.9500,8.4667,80.60,73.40,78.76,310.00,12.00,M,29.80,M,2.00,M,M,M,M,M,M,M,M,M,M,M,M,M,M,M,M,85.32,VOTV 161300Z AUTO 31012KT 2SM 27/23 A2980 RMK T02700230 IEM_DS3505,M
VOTV,2002-07-16 14:00,76.9500,8.4667,80.60,73.40,78.76,320.00,10.00,M,29.83,M,2.00,M,M,M,M,M,M,M,M,M,M,M,M,M,M,M,M,85.32,VOTV 161400Z AUTO 32010KT 2SM 27/23 A2983 RMK T02700230 IEM_DS3505,M
VOTV,2002-07-16 23:00,76.9500,8.4667,78.80,73.40,83.55,340.00,6.00,M,29.80,M,1.50,M,M,M,M,M,M,M,M,M,M,M,M,M,M,M,M,82.03,VOTV 162300Z AUTO 34006KT 1 1/2SM 26/23 A2980 RMK T02600230 IEM_DS3505,M
VOTV,2002-07-17 01:00,76.9500,8.4667,78.80,75.20,88.75,0.00,0.00,M,29.83,M,1.50,M,M,M,M,M,M,M,M,M,M,M,M,M,M,M,M,82.38,VOTV 170100Z AUTO 00000KT 1 1/2SM 26/24 A2983 RMK T02600240 IEM_DS3505,M
VOTV,2002-07-17 02:00,76.9500,8.4667,80.60,73.40,78.76,340.00,7.00,M,29.83,M,2.00,M,M,M,M,M,M,M,M,M,M,M,M,M,M,M,M,85.32,VOTV 170200Z AUTO 34007KT 2SM 27/23 A2983 RMK T02700230 IEM_DS3505,M
VOTV,2002-07-17 05:00,76.9500,8.4667,M,M,M,320.00,10.00,M,M,M,4.00,M,M,M,M,M,M,M,M,M,M,M,M,M,M,M,M,M,VOTV 170500Z AUTO 32010KT 4SM RMK IEM_DS3505,M
VOTV,2002-07-17 07:00,76.9500,8.4667,84.20,75.20,74.44,300.00,13.00,M,29.83,M,4.00,M,M,M,M,M,M,M,M,M,M,M,M,M,M,M,M,92.45,VOTV 170700Z AUTO 30013KT 4SM 29/24 A2983 RMK T02900240 IEM_DS3505,M
VOTV,2002-07-17 09:00,76.9500,8.4667,80.60,73.40,78.76,290.00,8.00,M,29.77,M,4.00,18.00,M,M,M,M,M,M,M,M,M,M,M,M,M,M,M,85.32,VOTV 170900Z AUTO 29008G18KT 4SM 27/23 A2977 RMK T02700230 IEM_DS3505,M
VOTV,2002-07-17 10:00,76.9500,8.4667,80.60,71.60,74.11,290.00,8.00,M,29.77,M,2.50,18.00,M,M,M,M,M,M,M,M,M,M,M,M,M,M,M,84.57,VOTV 171000Z AUTO 29008G18KT 2 1/2SM 27/22 A2977 RMK T02700220 IEM_DS3505,M
VOTV,2002-07-17 11:00,76.9500,8.4667,80.60,73.40,78.76,300.00,8.00,M,29.77,M,2.50,18.00,M,M,M,M,M,M,M,M,M,M,M,M,M,M,M,85.32,VOTV 171100Z AUTO 30008G18KT 2 1/2SM 27/23 A2977 RMK T02700230 IEM_DS3505,M
VOTV,2002-07-17 12:00,76.9500,8.4667,80.60,73.40,78.76,300.00,8.00,M,29.77,M,2.50,18.00,M,M,M,M,M,M,M,M,M,M,M,M,M,M,M,85.32,VOTV 171200Z AUTO 30008G18KT 2 1/2SM 27/23 A2977 RMK T02700230 IEM_DS3505,M
VOTV,2002-07-17 14:00,76.9500,8.4667,77.00,73.40,88.67,M,M,M,29.80,M,2.50,M,M,M,M,M,M,M,M,M,M,M,M,M,M,M,M,77.00,VOTV 171400Z AUTO 2 1/2SM 25/23 A2980 RMK T02500230 IEM_DS3505,M
VOTV,2002-07-18 02:00,76.9500,8.4667,80.60,73.40,78.76,0.00,0.00,M,29.83,M,2.00,M,M,M,M,M,M,M,M,M,M,M,M,M,M,M,M,85.32,VOTV 180200Z AUTO 00000KT 2SM 27/23 A2983 RMK T02700230 IEM_DS3505,M
VOTV,2002-07-18 03:00,76.9500,8.4667,80.60,73.40,78.76,300.00,6.00,M,29.83,M,4.00,M,M,M,M,M,M,M,M,M,M,M,M,M,M,M,M,85.32,VOTV 180300Z AUTO 30006KT 4SM 27/23 A2983 RMK T02700230 IEM_DS3505,M
VOTV,2002-07-18 04:00,76.9500,8.4667,84.20,75.20,74.44,270.00,7.00,M,29.83,M,4.00,M,M,M,M,M,M,M,M,M,M,M,M,M,M,M,M,92.45,VOTV 180400Z AUTO 27007KT 4SM 29/24 A2983 RMK T02900240 IEM_DS3505,M
VOTV,2002-07-18 05:00,76.9500,8.4667,86.00,75.20,70.27,300.00,12.00,M,29.83,M,M,M,M,M,M,M,M,M,M,M,M,M,M,M,M,M,M,95.19,VOTV 180500Z AUTO 30012KT 30/24 A2983 RMK T03000240 IEM_DS3505,M
VOTV,2002-07-18 06:00,76.9500,8.4667,86.00,75.20,70.27,300.00,9.00,M,29.83,M,5.00,M,M,M,M,M,M,M,M,M,M,M,M,M,M,M,M,95.19,VOTV 180600Z AUTO 30009KT 5SM 30/24 A2983 RMK T03000240 IEM_DS3505,M
VOTV,2002-07-18 07:00,76.9500,8.4667,86.00,75.20,70.27,300.00,10.00,M,29.80,M,5.00,M,M,M,M,M,M,M,M,M,M,M,M,M,M,M,M,95.19,VOTV 180700Z AUTO 30010KT 5SM 30/24 A2980 RMK T03000240 IEM_DS3505,M
VOTV,2002-07-18 08:00,76.9500,8.4667,86.00,75.20,70.27,300.00,8.00,M,29.80,M,5.00,M,M,M,M,M,M,M,M,M,M,M,M,M,M,M,M,95.19,VOTV 180800Z AUTO 30008KT 5SM 30/24 A2980 RMK T03000240 IEM_DS3505,M
VOTV,2002-07-18 09:00,76.9500,8.4667,84.20,73.40,70.08,300.00,8.00,M,29.77,M,5.00,M,M,M,M,M,M,M,M,M,M,M,M,M,M,M,M,90.94,VOTV 180900Z AUTO 30008KT 5SM 29/23 A2977 RMK T02900230 IEM_DS3505,M
VOTV,2002-07-18 11:00,76.9500,8.4667,82.40,71.60,69.90,300.00,6.00,M,29.77,M,M,M,M,M,M,M,M,M,M,M,M,M,M,M,M,M,M,87.18,VOTV 181100Z AUTO 30006KT 28/22 A2977 RMK T02800220 IEM_DS3505,M
VOTV,2002-07-18 12:00,76.9500,8.4667,80.60,71.60,74.11,310.00,8.00,M,29.80,M,4.00,M,M,M,M,M,M,M,M,M,M,M,M,M,M,M,M,84.57,VOTV 181200Z AUTO 31008KT 4SM 27/22 A2980 RMK T02700220 IEM_DS3505,M
VOTV,2002-07-18 13:00,76.9500,8.4667,80.60,71.60,74.11,0.00,0.00,M,29.83,M,2.50,M,M,M,M,M,M,M,M,M,M,M,M,M,M,M,M,84.57,VOTV 181300Z AUTO 00000KT 2 1/2SM 27/22 A2983 RMK T02700220 IEM_DS3505,M
VOTV,2002-07-18 14:00,76.9500,8.4667,78.80,71.60,78.62,330.00,3.00,M,29.83,M,2.50,M,M,M,M,M,M,M,M,M,M,M,M,M,M,M,M,81.70,VOTV 181400Z AUTO 33003KT 2 1/2SM 26/22 A2983 RMK T02600220 IEM_DS3505,M
VOTV,2002-07-18 16:00,76.9500,8.4667,77.00,71.60,83.44,0.00,0.00,M,29.85,M,2.50,M,M,M,M,M,M,M,M,M,M,M,M,M,M,M,M,78.32,VOTV 181600Z AUTO 00000KT 2 1/2SM 25/22 A2985 RMK T02500220 IEM_DS3505,M
VOTV,2002-07-19 00:00,76.9500,8.4667,75.20,73.40,94.14,0.00,0.00,M,29.83,M,2.00,M,M,M,M,M,M,M,M,M,M,M,M,M,M,M,M,76.84,VOTV 190000Z AUTO 00000KT 2SM 24/23 A2983 RMK T02400230 IEM_DS3505,M
VOTV,2002-07-19 01:00,76.9500,8.4667,77.00,73.40,88.67,0.00,0.00,M,29.83,M,2.50,M,M,M,M,M,M,M,M,M,M,M,M,M,M,M,M,78.57,VOTV 190100Z AUTO 00000KT 2 1/2SM 25/23 A2983 RMK T02500230 IEM_DS3505,M
VOTV,2002-07-19 02:00,76.9500,8.4667,78.80,73.40,83.55,0.00,0.00,M,29.85,M,2.50,M,M,M,M,M,M,M,M,M,M,M,M,M,M,M,M,82.03,VOTV 190200Z AUTO 00000KT 2 1/2SM 26/23 A2985 RMK T02600230 IEM_DS3505,M
VOTV,2002-07-19 06:00,76.9500,8.4667,82.40,73.40,74.28,320.00,8.00,M,29.83,M,4.00,M,M,M,M,M,M,M,M,M,M,M,M,M,M,M,M,88.26,VOTV 190600Z AUTO 32008KT 4SM 28/23 A2983 RMK T02800230 IEM_DS3505,M
VOTV,2002-07-19 07:00,76.9500,8.4667,82.40,73.40,74.28,300.00,12.00,M,29.83,M,5.00,M,M,M,M,M,M,M,M,M,M,M,M,M,M,M,M,88.26,VOTV 190700Z AUTO 30012KT 5SM 28/23 A2983 RMK T02800230 IEM_DS3505,M
VOTV,2002-07-19 08:00,76.9500,8.4667,84.20,73.40,70.08,300.00,12.00,M,29.83,M,5.00,M,M,M,M,M,M,M,M,M,M,M,M,M,M,M,M,90.94,VOTV 190800Z AUTO 30012KT 5SM 29/23 A2983 RMK T02900230 IEM_DS3505,M
VOTV,2002-07-19 13:00,76.9500,8.4667,78.80,71.60,78.62,310.00,4.00,M,29.80,M,2.50,M,M,M,M,M,M,M,M,M,M,M,M,M,M,M,M,81.70,VOTV 191300Z AUTO 31004KT 2 1/2SM 26/22 A2980 RMK T02600220 IEM_DS3505,M
VOTV,2002-07-19 14:00,76.9500,8.4667,77.00,73.40,88.67,0.00,0.00,M,29.85,M,2.50,M,M,M,M,M,M,M,M,M,M,M,M,M,M,M,M,78.57,VOTV 191400Z AUTO 00000KT 2 1/2SM 25/23 A2985 RMK T02500230 IEM_DS3505,M
VOTV,2002-07-19 16:00,76.9500,8.4667,78.80,73.40,83.55,0.00,0.00,M,29.88,M,2.00,M,M,M,M,M,M,M,M,M,M,M,M,M,M,M,M,82.03,VOTV 191600Z AUTO 00000KT 2SM 26/23 A2988 RMK T02600230 IEM_DS3505,M
VOTV,2002-07-20 08:00,76.9500,8.4667,M,M,M,270.00,10.00,M,M,M,5.00,M,M,M,M,M,M,M,M,M,M,M,M,M,M,M,M,M,VOTV 200800Z AUTO 27010KT 5SM RMK IEM_DS3505,M
VOTV,2002-07-20 15:00,76.9500,8.4667,77.00,73.40,88.67,340.00,12.00,M,29.88,M,2.50,M,M,M,M,M,M,M,M,M,M,M,M,M,M,M,M,78.57,VOTV 201500Z AUTO 34012KT 2 1/2SM 25/23 A2988 RMK T02500230 IEM_DS3505,M
VOTV,2002-07-21 00:00,76.9500,8.4667,77.00,71.60,83.44,0.00,0.00,M,29.83,M,2.00,M,M,M,M,M,M,M,M,M,M,M,M,M,M,M,M,78.32,VOTV 210000Z AUTO 00000KT 2SM 25/22 A2983 RMK T02500220 IEM_DS3505,M
VOTV,2002-07-21 03:00,76.9500,8.4667,80.60,73.40,78.76,310.00,9.00,M,29.88,M,2.50,M,M,M,M,M,M,M,M,M,M,M,M,M,M,M,M,85.32,VOTV 210300Z AUTO 31009KT 2 1/2SM 27/23 A2988 RMK T02700230 IEM_DS3505,M
VOTV,2002-07-21 12:00,76.9500,8.4667,80.60,71.60,74.11,310.00,10.00,M,29.83,M,2.00,20.00,M,M,M,M,M,M,M,M,M,M,M,M,M,M,M,84.57,VOTV 211200Z AUTO 31010G20KT 2SM 27/22 A2983 RMK T02700220 IEM_DS3505,M
VOTV,2002-07-22 01:00,76.9500,8.4667,75.20,71.60,88.59,0.00,0.00,M,29.83,M,1.50,M,M,M,M,M,M,M,M,M,M,M,M,M,M,M,M,76.58,VOTV 220100Z AUTO 00000KT 1 1/2SM 24/22 A2983 RMK T02400220 IEM_DS3505,M
VOTV,2002-07-22 02:00,76.9500,8.4667,78.80,71.60,78.62,340.00,5.00,M,29.85,M,2.00,M,M,M,M,M,M,M,M,M,M,M,M,M,M,M,M,81.70,VOTV 220200Z AUTO 34005KT 2SM 26/22 A2985 RMK T02600220 IEM_DS3505,M
VOTV,2002-07-22 04:00,76.9500,8.4667,86.00,73.40,66.15,340.00,5.00,M,29.88,M,M,M,M,M,M,M,M,M,M,M,M,M,M,M,M,M,M,93.45,VOTV 220400Z AUTO 34005KT 30/23 A2988 RMK T03000230 IEM_DS3505,M
VOTV,2002-07-22 05:00,76.9500,8.4667,M,M,M,290.00,6.00,M,M,M,5.00,M,M,M,M,M,M,M,M,M,M,M,M,M,M,M,M,M,VOTV 220500Z AUTO 29006KT 5SM RMK IEM_DS3505,M
VOTV,2002-07-22 08:00,76.9500,8.4667,82.40,73.40,74.28,300.00,8.00,M,29.85,M,5.00,18.00,M,M,M,M,M,M,M,M,M,M,M,M,M,M,M,88.26,VOTV 220800Z AUTO 30008G18KT 5SM 28/23 A2985 RMK T02800230 IEM_DS3505,M
VOTV,2002-07-22 14:00,76.9500,8.4667,77.00,71.60,83.44,0.00,0.00,M,29.88,M,2.50,M,M,M,M,M,M,M,M,M,M,M,M,M,M,M,M,78.32,VOTV 221400Z AUTO 00000KT 2 1/2SM 25/22 A2988 RMK T02500220 IEM_DS3505,M
VOTV,2002-07-22 15:00,76.9500,8.4667,77.00,71.60,83.44,0.00,0.00,M,29.88,M,2.50,M,M,M,M,M,M,M,M,M,M,M,M,M,M,M,M,78.32,VOTV 221500Z AUTO 00000KT 2 1/2SM 25/22 A2988 RMK T02500220 IEM_DS3505,M
VOTV,2002-07-22 16:00,76.9500,8.4667,77.00,71.60,83.44,0.00,0.00,M,29.91,M,2.50,M,M,M,M,M,M,M,M,M,M,M,M,M,M,M,M,78.32,VOTV 221600Z AUTO 00000KT 2 1/2SM 25/22 A2991 RMK T02500220 IEM_DS3505,M
VOTV,2002-07-23 08:00,76.9500,8.4667,M,M,M,290.00,10.00,M,M,M,5.00,M,M,M,M,M,M,M,M,M,M,M,M,M,M,M,M,M,VOTV 230800Z AUTO 29010KT 5SM RMK IEM_DS3505,M
VOTV,2002-07-23 10:00,76.9500,8.4667,M,M,M,270.00,9.00,M,M,M,4.00,M,M,M,M,M,M,M,M,M,M,M,M,M,M,M,M,M,VOTV 231000Z AUTO 27009KT 4SM RMK IEM_DS3505,M
VOTV,2002-07-23 14:00,76.9500,8.4667,M,M,M,0.00,0.00,M,M,M,2.00,M,M,M,M,M,M,M,M,M,M,M,M,M,M,M,M,M,VOTV 231400Z AUTO 00000KT 2SM RMK IEM_DS3505,M
VOTV,2002-07-23 15:00,76.9500,8.4667,M,M,M,0.00,0.00,M,M,M,1.50,M,M,M,M,M,M,M,M,M,M,M,M,M,M,M,M,M,VOTV 231500Z AUTO 00000KT 1 1/2SM RMK IEM_DS3505,M
VOTV,2002-07-23 16:00,76.9500,8.4667,M,M,M,0.00,0.00,M,M,M,1.50,M,M,M,M,M,M,M,M,M,M,M,M,M,M,M,M,M,VOTV 231600Z AUTO 00000KT 1 1/2SM RMK IEM_DS3505,M
VOTV,2002-07-23 17:00,76.9500,8.4667,M,M,M,0.00,0.00,M,M,M,1.50,M,M,M,M,M,M,M,M,M,M,M,M,M,M,M,M,M,VOTV 231700Z AUTO 00000KT 1 1/2SM RMK IEM_DS3505,M
VOTV,2002-07-23 23:00,76.9500,8.4667,77.00,71.60,83.44,0.00,0.00,M,29.88,M,1.50,M,M,M,M,M,M,M,M,M,M,M,M,M,M,M,M,78.32,VOTV 232300Z AUTO 00000KT 1 1/2SM 25/22 A2988 RMK T02500220 IEM_DS3505,M
VOTV,2002-07-24 02:00,76.9500,8.4667,78.80,73.40,83.55,0.00,0.00,M,29.91,M,1.50,M,M,M,M,M,M,M,M,M,M,M,M,M,M,M,M,82.03,VOTV 240200Z AUTO 00000KT 1 1/2SM 26/23 A2991 RMK T02600230 IEM_DS3505,M
VOTV,2002-07-24 03:00,76.9500,8.4667,82.40,75.20,78.90,0.00,0.00,M,29.94,M,2.50,M,M,M,M,M,M,M,M,M,M,M,M,M,M,M,M,89.48,VOTV 240300Z AUTO 00000KT 2 1/2SM 28/24 A2994 RMK T02800240 IEM_DS3505,M
VOTV,2002-07-24 05:00,76.9500,8.4667,M,M,M,290.00,9.00,M,M,M,3.00,M,M,M,M,M,M,M,M,M,M,M,M,M,M,M,M,M,VOTV 240500Z AUTO 29009KT 3SM RMK IEM_DS3505,M
VOTV,2002-07-24 07:00,76.9500,8.4667,M,M,M,290.00,13.00,M,M,M,4.00,M,M,M,M,M,M,M,M,M,M,M,M,M,M,M,M,M,VOTV 240700Z AUTO 29013KT 4SM RMK IEM_DS3505,M
VOTV,2002-07-24 08:00,76.9500,8.4667,84.20,73.40,70.08,280.00,8.00,M,29.85,M,M,M,M,M,M,M,M,M,M,M,M,M,M,M,M,M,M,90.94,VOTV 240800Z AUTO 28008KT 29/23 A2985 RMK T02900230 IEM_DS3505,M
VOTV,2002-07-24 09:00,76.9500,8.4667,84.20,73.40,70.08,290.00,10.00,M,29.85,M,M,M,M,M,M,M,M,M,M,M,M,M,M,M,M,M,M,90.94,VOTV 240900Z AUTO 29010KT 29/23 A2985 RMK T02900230 IEM_DS3505,M
VOTV,2002-07-24 10:00,76.9500,8.4667,82.40,73.40,74.28,300.00,12.00,M,29.85,M,4.00,M,M,M,M,M,M,M,M,M,M,M,M,M,M,M,M,88.26,VOTV 241000Z AUTO 30012KT 4SM 28/23 A2985 RMK T02800230 IEM_DS3505,M
VOTV,2002-07-24 11:00,76.9500,8.4667,82.40,75.20,78.90,290.00,6.00,M,29.85,M,4.00,M,M,M,M,M,M,M,M,M,M,M,M,M,M,M,M,89.48,VOTV 241100Z AUTO 29006KT 4SM 28/24 A2985 RMK T02800240 IEM_DS3505,M
VOTV,2002-07-24 12:00,76.9500,8.4667,82.40,75.20,78.90,310.00,5.00,M,29.85,M,4.00,M,M,M,M,M,M,M,M,M,M,M,M,M,M,M,M,89.48,VOTV 241200Z AUTO 31005KT 4SM 28/24 A2985 RMK T02800240 IEM_DS3505,M
VOTV,2002-07-24 13:00,76.9500,8.4667,80.60,75.20,83.66,340.00,9.00,M,29.88,M,2.50,M,M,M,M,M,M,M,M,M,M,M,M,M,M,M,M,86.17,VOTV 241300Z AUTO 34009KT 2 1/2SM 27/24 A2988 RMK T02700240 IEM_DS3505,M
VOTV,2002-07-25 03:00,76.9500,8.4667,M,M,M,330.00,5.00,M,M,M,4.00,M,M,M,M,M,M,M,M,M,M,M,M,M,M,M,M,M,VOTV 250300Z AUTO 33005KT 4SM RMK IEM_DS3505,M
VOTV,2002-07-25 06:00,76.9500,8.4667,82.40,73.40,74.28,290.00,10.00,M,29.88,M,5.00,M,M,M,M,M,M,M,M,M,M,M,M,M,M,M,M,88.26,VOTV 250600Z AUTO 29010KT 5SM 28/23 A2988 RMK T02800230 IEM_DS3505,M
VOTV,2002-07-25 07:00,76.9500,8.4667,84.20,73.40,70.08,290.00,8.00,M,29.88,M,5.00,M,M,M,M,M,M,M,M,M,M,M,M,M,M,M,M,90.94,VOTV 250700Z AUTO 29008KT 5SM 29/23 A2988 RMK T02900230 IEM_DS3505,M
VOTV,2002-07-25 09:00,76.9500,8.4667,M,M,M,310.00,10.00,M,M,M,5.00,20.00,M,M,M,M,M,M,M,M,M,M,M,M,M,M,M,M,VOTV 250900Z AUTO 31010G20KT 5SM RMK IEM_DS3505,M
VOTV,2002-07-25 11:00,76.9500,8.4667,M,M,M,300.00,10.00,M,M,M,4.00,M,M,M,M,M,M,M,M,M,M,M,M,M,M,M,M,M,VOTV 251100Z AUTO 30010KT 4SM RMK IEM_DS3505,M
VOTV,2002-07-25 12:00,76.9500,8.4667,M,M,M,300.00,5.00,M,M,M,4.00,M,M,M,M,M,M,M,M,M,M,M,M,M,M,M,M,M,VOTV 251200Z AUTO 30005KT 4SM RMK IEM_DS3505,M
VOTV,2002-07-26 02:00,76.9500,8.4667,80.60,75.20,83.66,350.00,6.00,M,29.85,M,4.00,M,M,M,M,M,M,M,M,M,M,M,M,M,M,M,M,86.17,VOTV 260200Z AUTO 35006KT 4SM 27/24 A2985 RMK T02700240 IEM_DS3505,M
VOTV,2002-07-26 03:00,76.9500,8.4667,82.40,73.40,74.28,350.00,9.00,M,29.85,M,4.00,M,M,M,M,M,M,M,M,M,M,M,M,M,M,M,M,88.26,VOTV 260300Z AUTO 35009KT 4SM 28/23 A2985 RMK T02800230 IEM_DS3505,M
VOTV,2002-07-26 05:00,76.9500,8.4667,82.40,75.20,78.90,290.00,11.00,M,29.83,M,5.00,M,M,M,M,M,M,M,M,M,M,M,M,M,M,M,M,89.48,VOTV 260500Z AUTO 29011KT 5SM 28/24 A2983 RMK T02800240 IEM_DS3505,M
VOTV,2002-07-26 07:00,76.9500,8.4667,M,M,M,300.00,8.00,M,M,M,5.00,18.00,M,M,M,M,M,M,M,M,M,M,M,M,M,M,M,M,VOTV 260700Z AUTO 30008G18KT 5SM RMK IEM_DS3505,M
VOTV,2002-07-26 08:00,76.9500,8.4667,M,M,M,290.00,10.00,M,M,M,5.00,20.00,M,M,M,M,M,M,M,M,M,M,M,M,M,M,M,M,VOTV 260800Z AUTO 29010G20KT 5SM RMK IEM_DS3505,M
VOTV,2002-07-26 09:00,76.9500,8.4667,82.40,73.40,74.28,290.00,10.00,M,29.77,M,5.00,M,M,M,M,M,M,M,M,M,M,M,M,M,M,M,M,88.26,VOTV 260900Z AUTO 29010KT 5SM 28/23 A2977 RMK T02800230 IEM_DS3505,M
VOTV,2002-07-26 10:00,76.9500,8.4667,82.40,73.40,74.28,290.00,10.00,M,29.77,M,5.00,20.00,M,M,M,M,M,M,M,M,M,M,M,M,M,M,M,88.26,VOTV 261000Z AUTO 29010G20KT 5SM 28/23 A2977 RMK T02800230 IEM_DS3505,M
VOTV,2002-07-26 11:00,76.9500,8.4667,82.40,73.40,74.28,290.00,8.00,M,29.77,M,5.00,18.00,M,M,M,M,M,M,M,M,M,M,M,M,M,M,M,88.26,VOTV 261100Z AUTO 29008G18KT 5SM 28/23 A2977 RMK T02800230 IEM_DS3505,M
VOTV,2002-07-26 13:00,76.9500,8.4667,M,M,M,300.00,12.00,M,M,M,M,M,M,M,M,M,M,M,M,M,M,M,M,M,M,M,M,M,VOTV 261300Z AUTO 30012KT RMK IEM_DS3505,M
VOTV,2002-07-26 16:00,76.9500,8.4667,78.80,71.60,78.62,320.00,6.00,M,29.85,M,2.50,M,M,M,M,M,M,M,M,M,M,M,M,M,M,M,M,81.70,VOTV 261600Z AUTO 32006KT 2 1/2SM 26/22 A2985 RMK T02600220 IEM_DS3505,M
VOTV,2002-07-27 08:00,76.9500,8.4667,M,M,M,300.00,9.00,M,M,M,4.00,19.00,M,M,M,M,M,M,M,M,M,M,M,M,M,M,M,M,VOTV 270800Z AUTO 30009G19KT 4SM RMK IEM_DS3505,M
VOTV,2002-07-27 09:00,76.9500,8.4667,M,M,M,300.00,11.00,M,M,M,5.00,M,M,M,M,M,M,M,M,M,M,M,M,M,M,M,M,M,VOTV 270900Z AUTO 30011KT 5SM RMK IEM_DS3505,M
VOTV,2002-07-27 11:00,76.9500,8.4667,M,M,M,290.00,9.00,M,M,M,4.00,19.00,M,M,M,M,M,M,M,M,M,M,M,M,M,M,M,M,VOTV 271100Z AUTO 29009G19KT 4SM RMK IEM_DS3505,M
VOTV,2002-07-27 12:00,76.9500,8.4667,80.60,75.20,83.66,290.00,6.00,M,29.77,M,2.50,M,M,M,M,M,M,M,M,M,M,M,M,M,M,M,M,86.17,VOTV 271200Z AUTO 29006KT 2 1/2SM 27/24 A2977 RMK T02700240 IEM_DS3505,M
VOTV,2002-07-28 02:00,76.9500,8.4667,78.80,75.20,88.75,0.00,0.00,M,29.85,M,1.50,M,M,M,M,M,M,M,M,M,M,M,M,M,M,M,M,82.38,VOTV 280200Z AUTO 00000KT 1 1/2SM 26/24 A2985 RMK T02600240 IEM_DS3505,M
VOTV,2002-07-28 04:00,76.9500,8.4667,M,M,M,310.00,10.00,M,M,M,2.50,M,M,M,M,M,M,M,M,M,M,M,M,M,M,M,M,M,VOTV 280400Z AUTO 31010KT 2 1/2SM RMK IEM_DS3505,M
VOTV,2002-07-28 05:00,76.9500,8.4667,M,M,M,290.00,11.00,M,M,M,2.50,M,M,M,M,M,M,M,M,M,M,M,M,M,M,M,M,M,VOTV 280500Z AUTO 29011KT 2 1/2SM RMK IEM_DS3505,M
VOTV,2002-07-28 06:00,76.9500,8.4667,M,M,M,300.00,6.00,M,M,M,2.50,16.00,M,M,M,M,M,M,M,M,M,M,M,M,M,M,M,M,VOTV 280600Z AUTO 30006G16KT 2 1/2SM RMK IEM_DS3505,M
VOTV,2002-07-28 07:00,76.9500,8.4667,M,M,M,310.00,10.00,M,M,M,2.50,M,M,M,M,M,M,M,M,M,M,M,M,M,M,M,M,M,VOTV 280700Z AUTO 31010KT 2 1/2SM RMK IEM_DS3505,M
VOTV,2002-07-28 17:00,76.9500,8.4667,78.80,75.20,88.75,0.00,0.00,M,29.85,M,1.50,M,M,M,M,M,M,M,M,M,M,M,M,M,M,M,M,82.38,VOTV 281700Z AUTO 00000KT 1 1/2SM 26/24 A2985 RMK T02600240 IEM_DS3505,M
VOTV,2002-07-28 23:00,76.9500,8.4667,77.00,73.40,88.67,0.00,0.00,M,29.80,M,1.50,M,M,M,M,M,M,M,M,M,M,M,M,M,M,M,M,78.57,VOTV 282300Z AUTO 00000KT 1 1/2SM 25/23 A2980 RMK T02500230 IEM_DS3505,M
VOTV,2002-07-29 05:00,76.9500,8.4667,M,M,M,350.00,8.00,M,M,M,2.50,M,M,M,M,M,M,M,M,M,M,M,M,M,M,M,M,M,VOTV 290500Z AUTO 35008KT 2 1/2SM RMK IEM_DS3505,M
VOTV,2002-07-29 08:00,76.9500,8.4667,M,M,M,300.00,10.00,M,M,M,4.00,20.00,M,M,M,M,M,M,M,M,M,M,M,M,M,M,M,M,VOTV 290800Z AUTO 30010G20KT 4SM RMK IEM_DS3505,M
VOTV,2002-07-29 10:00,76.9500,8.4667,M,M,M,310.00,10.00,M,M,M,4.00,20.00,M,M,M,M,M,M,M,M,M,M,M,M,M,M,M,M,VOTV 291000Z AUTO 31010G20KT 4SM RMK IEM_DS3505,M
VOTV,2002-07-29 11:00,76.9500,8.4667,M,M,M,320.00,11.00,M,M,M,2.50,M,M,M,M,M,M,M,M,M,M,M,M,M,M,M,M,M,VOTV 291100Z AUTO 32011KT 2 1/2SM RMK IEM_DS3505,M
VOTV,2002-07-29 12:00,76.9500,8.4667,M,M,M,310.00,9.00,M,M,M,2.50,M,M,M,M,M,M,M,M,M,M,M,M,M,M,M,M,M,VOTV 291200Z AUTO 31009KT 2 1/2SM RMK IEM_DS3505,M
VOTV,2002-07-29 15:00,76.9500,8.4667,M,M,M,0.00,0.00,M,M,M,2.00,M,M,M,M,M,M,M,M,M,M,M,M,M,M,M,M,M,VOTV 291500Z AUTO 00000KT 2SM RMK IEM_DS3505,M
VOTV,2002-07-29 16:00,76.9500,8.4667,M,M,M,0.00,0.00,M,M,M,2.00,M,M,M,M,M,M,M,M,M,M,M,M,M,M,M,M,M,VOTV 291600Z AUTO 00000KT 2SM RMK IEM_DS3505,M
VOTV,2002-07-30 00:00,76.9500,8.4667,M,M,M,320.00,5.00,M,M,M,1.50,M,M,M,M,M,M,M,M,M,M,M,M,M,M,M,M,M,VOTV 300000Z AUTO 32005KT 1 1/2SM RMK IEM_DS3505,M
VOTV,2002-07-30 03:00,76.9500,8.4667,M,M,M,280.00,5.00,M,M,M,2.50,M,M,M,M,M,M,M,M,M,M,M,M,M,M,M,M,M,VOTV 300300Z AUTO 28005KT 2 1/2SM RMK IEM_DS3505,M
VOTV,2002-07-30 04:00,76.9500,8.4667,M,M,M,300.00,5.00,M,M,M,1.50,M,M,M,M,M,M,M,M,M,M,M,M,M,M,M,M,M,VOTV 300400Z AUTO 30005KT 1 1/2SM RMK IEM_DS3505,M
VOTV,2002-07-31 05:00,76.9500,8.4667,80.60,75.20,83.66,310.00,10.00,M,29.71,M,2.50,M,M,M,M,M,M,M,M,M,M,M,M,M,M,M,M,86.17,VOTV 310500Z AUTO 31010KT 2 1/2SM 27/24 A2971 RMK T02700240 IEM_DS3505,M
VOTV,2002-07-31 06:00,76.9500,8.4667,80.60,73.40,78.76,280.00,8.00,M,29.71,M,2.50,M,M,M,M,M,M,M,M,M,M,M,M,M,M,M,M,85.32,VOTV 310600Z AUTO 28008KT 2 1/2SM 27/23 A2971 RMK T02700230 IEM_DS3505,M
VOTV,2002-07-31 11:00,76.9500,8.4667,M,M,M,270.00,14.00,M,M,M,M,M,M,M,M,M,M,M,M,M,M,M,M,M,M,M,M,M,VOTV 311100Z AUTO 27014KT RMK IEM_DS3505,M
VOTV,2002-08-01 02:00,76.9500,8.4667,M,M,M,270.00,8.00,M,M,M,0.50,M,M,M,M,M,M,M,M,M,M,M,M,M,M,M,M,M,VOTV 010200Z AUTO 27008KT 1/2SM RMK IEM_DS3505,M
VOTV,2002-08-01 08:00,76.9500,8.4667,82.40,75.20,78.90,320.00,12.00,M,29.71,M,4.00,22.00,M,M,M,M,M,M,M,M,M,M,M,M,M,M,M,89.48,VOTV 010800Z AUTO 32012G22KT 4SM 28/24 A2971 RMK T02800240 IEM_DS3505,M
VOTV,2002-08-01 10:00,76.9500,8.4667,82.40,75.20,78.90,310.00,10.00,M,29.68,M,4.00,20.00,M,M,M,M,M,M,M,M,M,M,M,M,M,M,M,89.48,VOTV 011000Z AUTO 31010G20KT 4SM 28/24 A2968 RMK T02800240 IEM_DS3505,M
VOTV,2002-08-01 12:00,76.9500,8.4667,77.00,75.20,94.19,310.00,12.00,M,29.71,M,2.00,M,M,M,M,M,M,M,M,M,M,M,M,M,M,M,M,78.83,VOTV 011200Z AUTO 31012KT 2SM 25/24 A2971 RMK T02500240 IEM_DS3505,M
VOTV,2002-08-02 03:00,76.9500,8.4667,77.00,73.40,88.67,330.00,4.00,M,29.80,M,2.50,M,M,M,M,M,M,M,M,M,M,M,M,M,M,M,M,78.57,VOTV 020300Z AUTO 33004KT 2 1/2SM 25/23 A2980 RMK T02500230 IEM_DS3505,M
VOTV,2002-08-02 04:00,76.9500,8.4667,80.60,75.20,83.66,350.00,8.00,M,29.77,M,4.00,M,M,M,M,M,M,M,M,M,M,M,M,M,M,M,M,86.17,VOTV 020400Z AUTO 35008KT 4SM 27/24 A2977 RMK T02700240 IEM_DS3505,M
VOTV,2002-08-02 05:00,76.9500,8.4667,82.40,73.40,74.28,310.00,12.00,M,29.77,M,4.00,M,M,M,M,M,M,M,M,M,M,M,M,M,M,M,M,88.26,VOTV 020500Z AUTO 31012KT 4SM 28/23 A2977 RMK T02800230 IEM_DS3505,M
VOTV,2002-08-02 06:00,76.9500,8.4667,78.80,73.40,83.55,280.00,10.00,M,29.77,M,2.50,M,M,M,M,M,M,M,M,M,M,M,M,M,M,M,M,82.03,VOTV 020600Z AUTO 28010KT 2 1/2SM 26/23 A2977 RMK T02600230 IEM_DS3505,M
VOTV,2002-08-02 07:00,76.9500,8.4667,77.00,75.20,94.19,300.00,8.00,M,29.74,M,1.50,M,M,M,M,M,M,M,M,M,M,M,M,M,M,M,M,78.83,VOTV 020700Z AUTO 30008KT 1 1/2SM 25/24 A2974 RMK T02500240 IEM_DS3505,M
VOTV,2002-08-02 08:00,76.9500,8.4667,M,M,M,290.00,12.00,M,M,M,2.50,M,M,M,M,M,M,M,M,M,M,M,M,M,M,M,M,M,VOTV 020800Z AUTO 29012KT 2 1/2SM RMK IEM_DS3505,M
VOTV,2002-08-02 10:00,76.9500,8.4667,M,M,M,290.00,6.00,M,M,M,2.00,M,M,M,M,M,M,M,M,M,M,M,M,M,M,M,M,M,VOTV 021000Z AUTO 29006KT 2SM RMK IEM_DS3505,M
VOTV,2002-08-03 02:00,76.9500,8.4667,M,M,M,M,M,M,M,M,2.50,M,M,M,M,M,M,M,M,M,M,M,M,M,M,M,M,M,VOTV 030200Z AUTO 2 1/2SM RMK IEM_DS3505,M
VOTV,2002-08-03 03:00,76.9500,8.4667,M,M,M,330.00,8.00,M,M,M,2.50,M,M,M,M,M,M,M,M,M,M,M,M,M,M,M,M,M,VOTV 030300Z AUTO 33008KT 2 1/2SM RMK IEM_DS3505,M
VOTV,2002-08-03 04:00,76.9500,8.4667,M,M,M,310.00,10.00,M,M,M,2.50,20.00,M,M,M,M,M,M,M,M,M,M,M,M,M,M,M,M,VOTV 030400Z AUTO 31010G20KT 2 1/2SM RMK IEM_DS3505,M
VOTV,2002-08-03 09:00,76.9500,8.4667,M,M,M,320.00,8.00,M,M,M,3.00,18.00,M,M,M,M,M,M,M,M,M,M,M,M,M,M,M,M,VOTV 030900Z AUTO 32008G18KT 3SM RMK IEM_DS3505,M
VOTV,2002-08-03 10:00,76.9500,8.4667,78.80,69.80,73.95,320.00,8.00,M,29.71,M,2.50,18.00,M,M,M,M,M,M,M,M,M,M,M,M,M,M,M,81.39,VOTV 031000Z AUTO 32008G18KT 2 1/2SM 26/21 A2971 RMK T02600210 IEM_DS3505,M
VOTV,2002-08-03 11:00,76.9500,8.4667,78.80,69.80,73.95,320.00,8.00,M,M,M,2.50,M,M,M,M,M,M,M,M,M,M,M,M,M,M,M,M,81.39,VOTV 031100Z AUTO 32008KT 2 1/2SM 26/21 RMK T02600210 IEM_DS3505,M
VOTV,2002-08-03 12:00,76.9500,8.4667,78.80,71.60,78.62,290.00,10.00,M,29.71,M,2.50,M,M,M,M,M,M,M,M,M,M,M,M,M,M,M,M,81.70,VOTV 031200Z AUTO 29010KT 2 1/2SM 26/22 A2971 RMK T02600220 IEM_DS3505,M
VOTV,2002-08-03 14:00,76.9500,8.4667,78.80,73.40,83.55,340.00,8.00,M,29.74,M,2.00,M,M,M,M,M,M,M,M,M,M,M,M,M,M,M,M,82.03,VOTV 031400Z AUTO 34008KT 2SM 26/23 A2974 RMK T02600230 IEM_DS3505,M
VOTV,2002-08-04 02:00,76.9500,8.4667,80.60,75.20,83.66,0.00,0.00,M,29.77,M,2.00,M,M,M,M,M,M,M,M,M,M,M,M,M,M,M,M,86.17,VOTV 040200Z AUTO 00000KT 2SM 27/24 A2977 RMK T02700240 IEM_DS3505,M
VOTV,2002-08-04 03:00,76.9500,8.4667,80.60,75.20,83.66,360.00,3.00,M,29.80,M,2.00,M,M,M,M,M,M,M,M,M,M,M,M,M,M,M,M,86.17,VOTV 040300Z AUTO 36003KT 2SM 27/24 A2980 RMK T02700240 IEM_DS3505,M
VOTV,2002-08-04 04:00,76.9500,8.4667,82.40,75.20,78.90,300.00,6.00,M,29.80,M,2.50,M,M,M,M,M,M,M,M,M,M,M,M,M,M,M,M,89.48,VOTV 040400Z AUTO 30006KT 2 1/2SM 28/24 A2980 RMK T02800240 IEM_DS3505,M
VOTV,2002-08-04 06:00,76.9500,8.4667,82.40,75.20,78.90,290.00,8.00,M,29.77,M,3.00,18.00,M,M,M,M,M,M,M,M,M,M,M,M,M,M,M,89.48,VOTV 040600Z AUTO 29008G18KT 3SM 28/24 A2977 RMK T02800240 IEM_DS3505,M
VOTV,2002-08-04 08:00,76.9500,8.4667,84.20,75.20,74.44,300.00,9.00,M,29.74,M,3.00,M,M,M,M,M,M,M,M,M,M,M,M,M,M,M,M,92.45,VOTV 040800Z AUTO 30009KT 3SM 29/24 A2974 RMK T02900240 IEM_DS3505,M
VOTV,2002-08-04 09:00,76.9500,8.4667,82.40,75.20,78.90,310.00,8.00,M,29.71,M,3.00,18.00,M,M,M,M,M,M,M,M,M,M,M,M,M,M,M,89.48,VOTV 040900Z AUTO 31008G18KT 3SM 28/24 A2971 RMK T02800240 IEM_DS3505,M
VOTV,2002-08-04 10:00,76.9500,8.4667,82.40,75.20,78.90,290.00,8.00,M,29.71,M,3.00,M,M,M,M,M,M,M,M,M,M,M,M,M,M,M,M,89.48,VOTV 041000Z AUTO 29008KT 3SM 28/24 A2971 RMK T02800240 IEM_DS3505,M
VOTV,2002-08-04 11:00,76.9500,8.4667,M,M,M,270.00,6.00,M,M,M,2.50,M,M,M,M,M,M,M,M,M,M,M,M,M,M,M,M,M,VOTV 041100Z AUTO 27006KT 2 1/2SM RMK IEM_DS3505,M
VOTV,2002-08-05 09:00,76.9500,8.4667,84.20,73.40,70.08,300.00,12.00,M,29.74,M,M,M,M,M,M,M,M,M,M,M,M,M,M,M,M,M,M,90.94,VOTV 050900Z AUTO 30012KT 29/23 A2974 RMK T02900230 IEM_DS3505,M
VOTV,2002-08-05 12:00,76.9500,8.4667,78.80,73.40,83.55,310.00,8.00,M,29.77,M,2.50,M,M,M,M,M,M,M,M,M,M,M,M,M,M,M,M,82.03,VOTV 051200Z AUTO 31008KT 2 1/2SM 26/23 A2977 RMK T02600230 IEM_DS3505,M
VOTV,2002-08-05 13:00,76.9500,8.4667,78.80,73.40,83.55,310.00,8.00,M,29.77,M,2.50,M,M,M,M,M,M,M,M,M,M,M,M,M,M,M,M,82.03,VOTV 051300Z AUTO 31008KT 2 1/2SM 26/23 A2977 RMK T02600230 IEM_DS3505,M
VOTV,2002-08-05 14:00,76.9500,8.4667,78.80,73.40,83.55,320.00,6.00,M,29.80,M,2.00,M,M,M,M,M,M,M,M,M,M,M,M,M,M,M,M,82.03,VOTV 051400Z AUTO 32006KT 2SM 26/23 A2980 RMK T02600230 IEM_DS3505,M
VOTV,2002-08-05 15:00,76.9500,8.4667,78.80,73.40,83.55,0.00,0.00,M,29.83,M,2.00,M,M,M,M,M,M,M,M,M,M,M,M,M,M,M,M,82.03,VOTV 051500Z AUTO 00000KT 2SM 26/23 A2983 RMK T02600230 IEM_DS3505,M
VOTV,2002-08-05 23:00,76.9500,8.4667,78.80,75.20,88.75,0.00,0.00,M,29.80,M,1.50,M,M,M,M,M,M,M,M,M,M,M,M,M,M,M,M,82.38,VOTV 052300Z AUTO 00000KT 1 1/2SM 26/24 A2980 RMK T02600240 IEM_DS3505,M
VOTV,2002-08-06 04:00,76.9500,8.4667,82.40,75.20,78.90,320.00,9.00,M,29.83,M,4.00,M,M,M,M,M,M,M,M,M,M,M,M,M,M,M,M,89.48,VOTV 060400Z AUTO 32009KT 4SM 28/24 A2983 RMK T02800240 IEM_DS3505,M
VOTV,2002-08-06 07:00,76.9500,8.4667,82.40,75.20,78.90,300.00,7.00,M,29.80,M,5.00,M,M,M,M,M,M,M,M,M,M,M,M,M,M,M,M,89.48,VOTV 060700Z AUTO 30007KT 5SM 28/24 A2980 RMK T02800240 IEM_DS3505,M
VOTV,2002-08-07 01:00,76.9500,8.4667,77.00,73.40,88.67,0.00,0.00,M,29.83,M,1.50,M,M,M,M,M,M,M,M,M,M,M,M,M,M,M,M,78.57,VOTV 070100Z AUTO 00000KT 1 1/2SM 25/23 A2983 RMK T02500230 IEM_DS3505,M
VOTV,2002-08-07 02:00,76.9500,8.4667,80.60,75.20,83.66,0.00,0.00,M,29.85,M,2.00,M,M,M,M,M,M,M,M,M,M,M,M,M,M,M,M,86.17,VOTV 070200Z AUTO 00000KT 2SM 27/24 A2985 RMK T02700240 IEM_DS3505,M
VOTV,2002-08-07 03:00,76.9500,8.4667,82.40,73.40,74.28,0.00,0.00,M,29.85,M,1.50,M,M,M,M,M,M,M,M,M,M,M,M,M,M,M,M,88.26,VOTV 070300Z AUTO 00000KT 1 1/2SM 28/23 A2985 RMK T02800230 IEM_DS3505,M
VOTV,2002-08-07 06:00,76.9500,8.4667,82.40,73.40,74.28,290.00,10.00,M,29.85,M,4.00,M,M,M,M,M,M,M,M,M,M,M,M,M,M,M,M,88.26,VOTV 070600Z AUTO 29010KT 4SM 28/23 A2985 RMK T02800230 IEM_DS3505,M
VOTV,2002-08-07 07:00,76.9500,8.4667,84.20,73.40,70.08,310.00,10.00,M,29.83,M,M,M,M,M,M,M,M,M,M,M,M,M,M,M,M,M,M,90.94,VOTV 070700Z AUTO 31010KT 29/23 A2983 RMK T02900230 IEM_DS3505,M
VOTV,2002-08-07 08:00,76.9500,8.4667,84.20,75.20,74.44,290.00,10.00,M,29.83,M,4.00,M,M,M,M,M,M,M,M,M,M,M,M,M,M,M,M,92.45,VOTV 070800Z AUTO 29010KT 4SM 29/24 A2983 RMK T02900240 IEM_DS3505,M
VOTV,2002-08-07 09:00,76.9500,8.4667,84.20,75.20,74.44,290.00,10.00,M,29.80,M,2.50,M,M,M,M,M,M,M,M,M,M,M,M,M,M,M,M,92.45,VOTV 070900Z AUTO 29010KT 2 1/2SM 29/24 A2980 RMK T02900240 IEM_DS3505,M
VOTV,2002-08-07 11:00,76.9500,8.4667,82.40,75.20,78.90,300.00,8.00,M,29.80,M,2.50,M,M,M,M,M,M,M,M,M,M,M,M,M,M,M,M,89.48,VOTV 071100Z AUTO 30008KT 2 1/2SM 28/24 A2980 RMK T02800240 IEM_DS3505,M
VOTV,2002-08-07 12:00,76.9500,8.4667,80.60,75.20,83.66,330.00,8.00,M,29.83,M,2.00,M,M,M,M,M,M,M,M,M,M,M,M,M,M,M,M,86.17,VOTV 071200Z AUTO 33008KT 2SM 27/24 A2983 RMK T02700240 IEM_DS3505,M
VOTV,2002-08-07 13:00,76.9500,8.4667,80.60,75.20,83.66,0.00,0.00,M,29.83,M,2.50,M,M,M,M,M,M,M,M,M,M,M,M,M,M,M,M,86.17,VOTV 071300Z AUTO 00000KT 2 1/2SM 27/24 A2983 RMK T02700240 IEM_DS3505,M
VOTV,2002-08-07 15:00,76.9500,8.4667,80.60,75.20,83.66,0.00,0.00,M,29.88,M,2.00,M,M,M,M,M,M,M,M,M,M,M,M,M,M,M,M,86.17,VOTV 071500Z AUTO 00000KT 2SM 27/24 A2988 RMK T02700240 IEM_DS3505,M
VOTV,2002-08-08 06:00,76.9500,8.4667,82.40,75.20,78.90,280.00,7.00,M,29.85,M,2.50,M,M,M,M,M,M,M,M,M,M,M,M,M,M,M,M,89.48,VOTV 080600Z AUTO 28007KT 2 1/2SM 28/24 A2985 RMK T02800240 IEM_DS3505,M
VOTV,2002-08-08 14:00,76.9500,8.4667,M,M,M,0.00,0.00,M,M,M,2.00,M,M,M,M,M,M,M,M,M,M,M,M,M,M,M,M,M,VOTV 081400Z AUTO 00000KT 2SM RMK IEM_DS3505,M
VOTV,2002-08-08 16:00,76.9500,8.4667,M,M,M,300.00,2.00,M,M,M,2.00,M,M,M,M,M,M,M,M,M,M,M,M,M,M,M,M,M,VOTV 081600Z AUTO 30002KT 2SM RMK IEM_DS3505,M
VOTV,2002-08-09 08:00,76.9500,8.4667,84.20,73.40,70.08,300.00,8.00,M,29.83,M,M,M,M,M,M,M,M,M,M,M,M,M,M,M,M,M,M,90.94,VOTV 090800Z AUTO 30008KT 29/23 A2983 RMK T02900230 IEM_DS3505,M
VOTV,2002-08-09 09:00,76.9500,8.4667,84.20,73.40,70.08,300.00,8.00,M,29.83,M,M,M,M,M,M,M,M,M,M,M,M,M,M,M,M,M,M,90.94,VOTV 090900Z AUTO 30008KT 29/23 A2983 RMK T02900230 IEM_DS3505,M
VOTV,2002-08-09 10:00,76.9500,8.4667,82.40,73.40,74.28,300.00,5.00,M,29.80,M,4.00,M,M,M,M,M,M,M,M,M,M,M,M,M,M,M,M,88.26,VOTV 091000Z AUTO 30005KT 4SM 28/23 A2980 RMK T02800230 IEM_DS3505,M
VOTV,2002-08-09 12:00,76.9500,8.4667,80.60,75.20,83.66,0.00,0.00,M,29.80,M,2.50,M,M,M,M,M,M,M,M,M,M,M,M,M,M,M,M,86.17,VOTV 091200Z AUTO 00000KT 2 1/2SM 27/24 A2980 RMK T02700240 IEM_DS3505,M
VOTV,2002-08-09 13:00,76.9500,8.4667,80.60,75.20,83.66,0.00,0.00,M,29.83,M,2.50,M,M,M,M,M,M,M,M,M,M,M,M,M,M,M,M,86.17,VOTV 091300Z AUTO 00000KT 2 1/2SM 27/24 A2983 RMK T02700240 IEM_DS3505,M
VOTV,2002-08-09 16:00,76.9500,8.4667,M,M,M,0.00,0.00,M,M,M,1.50,M,M,M,M,M,M,M,M,M,M,M,M,M,M,M,M,M,VOTV 091600Z AUTO 00000KT 1 1/2SM RMK IEM_DS3505,M
VOTV,2002-08-10 02:00,76.9500,8.4667,M,M,M,0.00,0.00,M,M,M,1.50,M,M,M,M,M,M,M,M,M,M,M,M,M,M,M,M,M,VOTV 100200Z AUTO 00000KT 1 1/2SM RMK IEM_DS3505,M
VOTV,2002-08-10 05:00,76.9500,8.4667,M,M,M,290.00,8.00,M,M,M,2.50,M,M,M,M,M,M,M,M,M,M,M,M,M,M,M,M,M,VOTV 100500Z AUTO 29008KT 2 1/2SM RMK IEM_DS3505,M
VOTV,2002-08-10 08:00,76.9500,8.4667,M,M,M,290.00,6.00,M,M,M,4.00,M,M,M,M,M,M,M,M,M,M,M,M,M,M,M,M,M,VOTV 100800Z AUTO 29006KT 4SM RMK IEM_DS3505,M
VOTV,2002-08-10 09:00,76.9500,8.4667,M,M,M,300.00,8.00,M,M,M,4.00,M,M,M,M,M,M,M,M,M,M,M,M,M,M,M,M,M,VOTV 100900Z AUTO 30008KT 4SM RMK IEM_DS3505,M
VOTV,2002-08-10 10:00,76.9500,8.4667,M,M,M,300.00,6.00,M,M,M,4.00,M,M,M,M,M,M,M,M,M,M,M,M,M,M,M,M,M,VOTV 101000Z AUTO 30006KT 4SM RMK IEM_DS3505,M
VOTV,2002-08-10 12:00,76.9500,8.4667,80.60,73.40,78.76,300.00,4.00,M,29.83,M,4.00,M,M,M,M,M,M,M,M,M,M,M,M,M,M,M,M,85.32,VOTV 101200Z AUTO 30004KT 4SM 27/23 A2983 RMK T02700230 IEM_DS3505,M
VOTV,2002-08-10 13:00,76.9500,8.4667,M,M,M,310.00,5.00,M,M,M,2.50,M,M,M,M,M,M,M,M,M,M,M,M,M,M,M,M,M,VOTV 101300Z AUTO 31005KT 2 1/2SM RMK IEM_DS3505,M
VOTV,2002-08-11 00:00,76.9500,8.4667,M,M,M,0.00,0.00,M,M,M,1.50,M,M,M,M,M,M,M,M,M,M,M,M,M,M,M,M,M,VOTV 110000Z AUTO 00000KT 1 1/2SM RMK IEM_DS3505,M
VOTV,2002-08-11 02:00,76.9500,8.4667,M,M,M,0.00,0.00,M,M,M,1.50,M,M,M,M,M,M,M,M,M,M,M,M,M,M,M,M,M,VOTV 110200Z AUTO 00000KT 1 1/2SM RMK IEM_DS3505,M
VOTV,2002-08-11 03:00,76.9500,8.4667,M,M,M,0.00,0.00,M,M,M,2.50,M,M,M,M,M,M,M,M,M,M,M,M,M,M,M,M,M,VOTV 110300Z AUTO 00000KT 2 1/2SM RMK IEM_DS3505,M
VOTV,2002-08-11 05:00,76.9500,8.4667,82.40,73.40,74.28,270.00,6.00,M,29.91,M,4.00,M,M,M,M,M,M,M,M,M,M,M,M,M,M,M,M,88.26,VOTV 110500Z AUTO 27006KT 4SM 28/23 A2991 RMK T02800230 IEM_DS3505,M
VOTV,2002-08-11 06:00,76.9500,8.4667,M,M,M,300.00,9.00,M,M,M,4.00,M,M,M,M,M,M,M,M,M,M,M,M,M,M,M,M,M,VOTV 110600Z AUTO 30009KT 4SM RMK IEM_DS3505,M
VOTV,2002-08-11 11:00,76.9500,8.4667,M,M,M,310.00,12.00,M,M,M,2.50,M,M,M,M,M,M,M,M,M,M,M,M,M,M,M,M,M,VOTV 111100Z AUTO 31012KT 2 1/2SM RMK IEM_DS3505,M
VOTV,2002-08-11 12:00,76.9500,8.4667,M,M,M,320.00,8.00,M,M,M,2.00,M,M,M,M,M,M,M,M,M,M,M,M,M,M,M,M,M,VOTV 111200Z AUTO 32008KT 2SM RMK IEM_DS3505,M
VOTV,2002-08-12 01:00,76.9500,8.4667,77.00,71.60,83.44,0.00,0.00,M,29.88,M,2.00,M,M,M,M,M,M,M,M,M,M,M,M,M,M,M,M,78.32,VOTV 120100Z AUTO 00000KT 2SM 25/22 A2988 RMK T02500220 IEM_DS3505,M
VOTV,2002-08-12 02:00,76.9500,8.4667,78.80,71.60,78.62,0.00,0.00,M,29.91,M,2.50,M,M,M,M,M,M,M,M,M,M,M,M,M,M,M,M,81.70,VOTV 120200Z AUTO 00000KT 2 1/2SM 26/22 A2991 RMK T02600220 IEM_DS3505,M
VOTV,2002-08-12 04:00,76.9500,8.4667,82.40,73.40,74.28,320.00,10.00,M,29.91,M,4.00,M,M,M,M,M,M,M,M,M,M,M,M,M,M,M,M,88.26,VOTV 120400Z AUTO 32010KT 4SM 28/23 A2991 RMK T02800230 IEM_DS3505,M
VOTV,2002-08-12 05:00,76.9500,8.4667,84.20,73.40,70.08,320.00,11.00,M,29.91,M,M,M,M,M,M,M,M,M,M,M,M,M,M,M,M,M,M,90.94,VOTV 120500Z AUTO 32011KT 29/23 A2991 RMK T02900230 IEM_DS3505,M
VOTV,2002-08-12 09:00,76.9500,8.4667,84.20,73.40,70.08,300.00,19.00,M,29.85,M,M,20.00,M,M,M,M,M,M,M,M,M,M,M,M,M,M,M,90.94,VOTV 120900Z AUTO 30019G20KT 29/23 A2985 RMK T02900230 IEM_DS3505,M
VOTV,2002-08-12 16:00,76.9500,8.4667,80.60,75.20,83.66,0.00,0.00,M,29.91,M,2.00,M,M,M,M,M,M,M,M,M,M,M,M,M,M,M,M,86.17,VOTV 121600Z AUTO 00000KT 2SM 27/24 A2991 RMK T02700240 IEM_DS3505,M
VOTV,2002-08-12 17:00,76.9500,8.4667,80.60,75.20,83.66,0.00,0.00,M,29.91,M,1.50,M,M,M,M,M,M,M,M,M,M,M,M,M,M,M,M,86.17,VOTV 121700Z AUTO 00000KT 1 1/2SM 27/24 A2991 RMK T02700240 IEM_DS3505,M
VOTV,2002-08-13 04:00,76.9500,8.4667,84.20,73.40,70.08,310.00,10.00,M,29.88,M,2.50,M,M,M,M,M,M,M,M,M,M,M,M,M,M,M,M,90.94,VOTV 130400Z AUTO 31010KT 2 1/2SM 29/23 A2988 RMK T02900230 IEM_DS3505,M
VOTV,2002-08-13 06:00,76.9500,8.4667,84.20,73.40,70.08,320.00,12.00,M,29.85,M,2.50,M,M,M,M,M,M,M,M,M,M,M,M,M,M,M,M,90.94,VOTV 130600Z AUTO 32012KT 2 1/2SM 29/23 A2985 RMK T02900230 IEM_DS3505,M
VOTV,2002-08-13 07:00,76.9500,8.4667,84.20,73.40,70.08,310.00,12.00,M,29.85,M,M,M,M,M,M,M,M,M,M,M,M,M,M,M,M,M,M,90.94,VOTV 130700Z AUTO 31012KT 29/23 A2985 RMK T02900230 IEM_DS3505,M
VOTV,2002-08-13 08:00,76.9500,8.4667,84.20,73.40,70.08,310.00,11.00,M,29.83,M,M,M,M,M,M,M,M,M,M,M,M,M,M,M,M,M,M,90.94,VOTV 130800Z AUTO 31011KT 29/23 A2983 RMK T02900230 IEM_DS3505,M
VOTV,2002-08-13 10:00,76.9500,8.4667,82.40,73.40,74.28,300.00,7.00,M,29.80,M,2.50,17.00,M,M,M,M,M,M,M,M,M,M,M,M,M,M,M,88.26,VOTV 131000Z AUTO 30007G17KT 2 1/2SM 28/23 A2980 RMK T02800230 IEM_DS3505,M
VOTV,2002-08-13 12:00,76.9500,8.4667,82.40,73.40,74.28,320.00,7.00,M,29.83,M,1.50,M,M,M,M,M,M,M,M,M,M,M,M,M,M,M,M,88.26,VOTV 131200Z AUTO 32007KT 1 1/2SM 28/23 A2983 RMK T02800230 IEM_DS3505,M
VOTV,2002-08-13 13:00,76.9500,8.4667,80.60,73.40,78.76,330.00,10.00,M,29.83,M,1.50,M,M,M,M,M,M,M,M,M,M,M,M,M,M,M,M,85.32,VOTV 131300Z AUTO 33010KT 1 1/2SM 27/23 A2983 RMK T02700230 IEM_DS3505,M
VOTV,2002-08-14 01:00,76.9500,8.4667,78.80,73.40,83.55,0.00,0.00,M,29.83,M,2.00,M,M,M,M,M,M,M,M,M,M,M,M,M,M,M,M,82.03,VOTV 140100Z AUTO 00000KT 2SM 26/23 A2983 RMK T02600230 IEM_DS3505,M
VOTV,2002-08-14 02:00,76.9500,8.4667,80.60,73.40,78.76,0.00,0.00,M,29.85,M,2.50,M,M,M,M,M,M,M,M,M,M,M,M,M,M,M,M,85.32,VOTV 140200Z AUTO 00000KT 2 1/2SM 27/23 A2985 RMK T02700230 IEM_DS3505,M
VOTV,2002-08-14 03:00,76.9500,8.4667,84.20,75.20,74.44,340.00,7.00,M,29.85,M,4.00,M,M,M,M,M,M,M,M,M,M,M,M,M,M,M,M,92.45,VOTV 140300Z AUTO 34007KT 4SM 29/24 A2985 RMK T02900240 IEM_DS3505,M
VOTV,2002-08-14 04:00,76.9500,8.4667,86.00,75.20,70.27,330.00,10.00,M,29.85,M,M,M,M,M,M,M,M,M,M,M,M,M,M,M,M,M,M,95.19,VOTV 140400Z AUTO 33010KT 30/24 A2985 RMK T03000240 IEM_DS3505,M
VOTV,2002-08-14 05:00,76.9500,8.4667,84.20,75.20,74.44,300.00,12.00,M,29.85,M,4.00,M,M,M,M,M,M,M,M,M,M,M,M,M,M,M,M,92.45,VOTV 140500Z AUTO 30012KT 4SM 29/24 A2985 RMK T02900240 IEM_DS3505,M
VOTV,2002-08-14 06:00,76.9500,8.4667,84.20,75.20,74.44,300.00,12.00,M,29.83,M,4.00,M,M,M,M,M,M,M,M,M,M,M,M,M,M,M,M,92.45,VOTV 140600Z AUTO 30012KT 4SM 29/24 A2983 RMK T02900240 IEM_DS3505,M
VOTV,2002-08-14 08:00,76.9500,8.4667,84.20,75.20,74.44,290.00,8.00,M,29.80,M,4.00,18.00,M,M,M,M,M,M,M,M,M,M,M,M,M,M,M,92.45,VOTV 140800Z AUTO 29008G18KT 4SM 29/24 A2980 RMK T02900240 IEM_DS3505,M
VOTV,2002-08-14 09:00,76.9500,8.4667,84.20,75.20,74.44,310.00,8.00,M,29.77,M,4.00,18.00,M,M,M,M,M,M,M,M,M,M,M,M,M,M,M,92.45,VOTV 140900Z AUTO 31008G18KT 4SM 29/24 A2977 RMK T02900240 IEM_DS3505,M
VOTV,2002-08-14 11:00,76.9500,8.4667,84.20,73.40,70.08,310.00,8.00,M,29.77,M,M,18.00,M,M,M,M,M,M,M,M,M,M,M,M,M,M,M,90.94,VOTV 141100Z AUTO 31008G18KT 29/23 A2977 RMK T02900230 IEM_DS3505,M
VOTV,2002-08-14 12:00,76.9500,8.4667,82.40,71.60,69.90,310.00,10.00,M,29.77,M,M,M,M,M,M,M,M,M,M,M,M,M,M,M,M,M,M,87.18,VOTV 141200Z AUTO 31010KT 28/22 A2977 RMK T02800220 IEM_DS3505,M
VOTV,2002-08-14 14:00,76.9500,8.4667,80.60,73.40,78.76,320.00,6.00,M,29.83,M,1.50,M,M,M,M,M,M,M,M,M,M,M,M,M,M,M,M,85.32,VOTV 141400Z AUTO 32006KT 1 1/2SM 27/23 A2983 RMK T02700230 IEM_DS3505,M
VOTV,2002-08-14 16:00,76.9500,8.4667,80.60,73.40,78.76,0.00,0.00,M,29.85,M,1.50,M,M,M,M,M,M,M,M,M,M,M,M,M,M,M,M,85.32,VOTV 141600Z AUTO 00000KT 1 1/2SM 27/23 A2985 RMK T02700230 IEM_DS3505,M
VOTV,2002-08-15 01:00,76.9500,8.4667,78.80,73.40,83.55,0.00,0.00,M,29.83,M,2.00,M,M,M,M,M,M,M,M,M,M,M,M,M,M,M,M,82.03,VOTV 150100Z AUTO 00000KT 2SM 26/23 A2983 RMK T02600230 IEM_DS3505,M
VOTV,2002-08-15 02:00,76.9500,8.4667,82.40,73.40,74.28,360.00,6.00,M,29.85,M,2.50,M,M,M,M,M,M,M,M,M,M,M,M,M,M,M,M,88.26,VOTV 150200Z AUTO 36006KT 2 1/2SM 28/23 A2985 RMK T02800230 IEM_DS3505,M
VOTV,2002-08-15 03:00,76.9500,8.4667,84.20,73.40,70.08,310.00,6.00,M,29.85,M,M,M,M,M,M,M,M,M,M,M,M,M,M,M,M,M,M,90.94,VOTV 150300Z AUTO 31006KT 29/23 A2985 RMK T02900230 IEM_DS3505,M
VOTV,2002-08-15 04:00,76.9500,8.4667,82.40,73.40,74.28,300.00,8.00,M,29.85,M,4.00,M,M,M,M,M,M,M,M,M,M,M,M,M,M,M,M,88.26,VOTV 150400Z AUTO 30008KT 4SM 28/23 A2985 RMK T02800230 IEM_DS3505,M
VOTV,2002-08-15 05:00,76.9500,8.4667,84.20,73.40,70.08,300.00,10.00,M,29.85,M,M,M,M,M,M,M,M,M,M,M,M,M,M,M,M,M,M,90.94,VOTV 150500Z AUTO 30010KT 29/23 A2985 RMK T02900230 IEM_DS3505,M
VOTV,2002-08-15 06:00,76.9500,8.4667,84.20,73.40,70.08,300.00,8.00,M,29.83,M,M,M,M,M,M,M,M,M,M,M,M,M,M,M,M,M,M,90.94,VOTV 150600Z AUTO 30008KT 29/23 A2983 RMK T02900230 IEM_DS3505,M
VOTV,2002-08-15 11:00,76.9500,8.4667,80.60,73.40,78.76,340.00,11.00,M,29.77,M,2.50,M,M,M,M,M,M,M,M,M,M,M,M,M,M,M,M,85.32,VOTV 151100Z AUTO 34011KT 2 1/2SM 27/23 A2977 RMK T02700230 IEM_DS3505,M
VOTV,2002-08-15 16:00,76.9500,8.4667,M,M,M,0.00,0.00,M,M,M,1.50,M,M,M,M,M,M,M,M,M,M,M,M,M,M,M,M,M,VOTV 151600Z AUTO 00000KT 1 1/2SM RMK IEM_DS3505,M
VOTV,2002-08-15 17:00,76.9500,8.4667,M,M,M,0.00,0.00,M,M,M,1.50,M,M,M,M,M,M,M,M,M,M,M,M,M,M,M,M,M,VOTV 151700Z AUTO 00000KT 1 1/2SM RMK IEM_DS3505,M
VOTV,2002-08-16 10:00,76.9500,8.4667,78.80,77.00,94.23,0.00,0.00,M,29.77,M,2.00,M,M,M,M,M,M,M,M,M,M,M,M,M,M,M,M,82.75,VOTV 161000Z AUTO 00000KT 2SM 26/25 A2977 RMK T02600250 IEM_DS3505,M
VOTV,2002-08-16 11:00,76.9500,8.4667,78.80,75.20,88.75,0.00,0.00,M,29.77,M,2.00,M,M,M,M,M,M,M,M,M,M,M,M,M,M,M,M,82.38,VOTV 161100Z AUTO 00000KT 2SM 26/24 A2977 RMK T02600240 IEM_DS3505,M
VOTV,2002-08-17 04:00,76.9500,8.4667,M,M,M,320.00,8.00,M,M,M,1.50,M,M,M,M,M,M,M,M,M,M,M,M,M,M,M,M,M,VOTV 170400Z AUTO 32008KT 1 1/2SM RMK IEM_DS3505,M
VOTV,2002-08-17 08:00,76.9500,8.4667,M,M,M,320.00,12.00,M,M,M,1.50,M,M,M,M,M,M,M,M,M,M,M,M,M,M,M,M,M,VOTV 170800Z AUTO 32012KT 1 1/2SM RMK IEM_DS3505,M
VOTV,2002-08-18 02:00,76.9500,8.4667,78.80,73.40,83.55,340.00,10.00,M,29.85,M,2.00,M,M,M,M,M,M,M,M,M,M,M,M,M,M,M,M,82.03,VOTV 180200Z AUTO 34010KT 2SM 26/23 A2985 RMK T02600230 IEM_DS3505,M
VOTV,2002-08-18 04:00,76.9500,8.4667,84.20,73.40,70.08,330.00,12.00,M,29.85,M,5.00,M,M,M,M,M,M,M,M,M,M,M,M,M,M,M,M,90.94,VOTV 180400Z AUTO 33012KT 5SM 29/23 A2985 RMK T02900230 IEM_DS3505,M
VOTV,2002-08-18 07:00,76.9500,8.4667,M,M,M,300.00,8.00,M,M,M,5.00,18.00,M,M,M,M,M,M,M,M,M,M,M,M,M,M,M,M,VOTV 180700Z AUTO 30008G18KT 5SM RMK IEM_DS3505,M
VOTV,2002-08-18 11:00,76.9500,8.4667,80.60,69.80,69.71,290.00,8.00,M,29.77,M,5.00,M,M,M,M,M,M,M,M,M,M,M,M,M,M,M,M,83.90,VOTV 181100Z AUTO 29008KT 5SM 27/21 A2977 RMK T02700210 IEM_DS3505,M
VOTV,2002-08-18 12:00,76.9500,8.4667,85.00,73.40,68.48,320.00,3.00,M,29.80,1009.10,6.00,M,M,M,M,M,M,M,M,M,M,M,M,M,M,M,M,91.96,VOTV 181200Z AUTO 32003KT 6SM 29/23 A2980 RMK SLP091 T02940230 IEM_DS3505,M
VOTV,2002-08-18 14:00,76.9500,8.4667,80.60,71.60,74.11,360.00,8.00,M,29.83,M,2.00,M,M,M,M,M,M,M,M,M,M,M,M,M,M,M,M,84.57,VOTV 181400Z AUTO 36008KT 2SM 27/22 A2983 RMK T02700220 IEM_DS3505,M
VOTV,2002-08-18 16:00,76.9500,8.4667,78.80,71.60,78.62,340.00,8.00,M,29.85,M,2.00,M,M,M,M,M,M,M,M,M,M,M,M,M,M,M,M,81.70,VOTV 181600Z AUTO 34008KT 2SM 26/22 A2985 RMK T02600220 IEM_DS3505,M
VOTV,2002-08-19 00:00,76.9500,8.4667,77.00,71.60,83.44,0.00,0.00,M,29.83,M,1.50,M,M,M,M,M,M,M,M,M,M,M,M,M,M,M,M,78.32,VOTV 190000Z AUTO 00000KT 1 1/2SM 25/22 A2983 RMK T02500220 IEM_DS3505,M
VOTV,2002-08-19 01:00,76.9500,8.4667,78.80,73.40,83.55,0.00,0.00,M,29.83,M,2.50,M,M,M,M,M,M,M,M,M,M,M,M,M,M,M,M,82.03,VOTV 190100Z AUTO 00000KT 2 1/2SM 26/23 A2983 RMK T02600230 IEM_DS3505,M
VOTV,2002-08-19 02:00,76.9500,8.4667,80.60,73.40,78.76,350.00,9.00,M,29.85,M,4.00,M,M,M,M,M,M,M,M,M,M,M,M,M,M,M,M,85.32,VOTV 190200Z AUTO 35009KT 4SM 27/23 A2985 RMK T02700230 IEM_DS3505,M
VOTV,2002-08-19 04:00,76.9500,8.4667,82.40,75.20,78.90,340.00,8.00,M,29.85,M,5.00,18.00,M,M,M,M,M,M,M,M,M,M,M,M,M,M,M,89.48,VOTV 190400Z AUTO 34008G18KT 5SM 28/24 A2985 RMK T02800240 IEM_DS3505,M
VOTV,2002-08-19 05:00,76.9500,8.4667,84.20,75.20,74.44,290.00,8.00,M,29.83,M,5.00,18.00,M,M,M,M,M,M,M,M,M,M,M,M,M,M,M,92.45,VOTV 190500Z AUTO 29008G18KT 5SM 29/24 A2983 RMK T02900240 IEM_DS3505,M
VOTV,2002-08-19 06:00,76.9500,8.4667,82.40,75.20,78.90,280.00,8.00,M,29.83,M,5.00,18.00,M,M,M,M,M,M,M,M,M,M,M,M,M,M,M,89.48,VOTV 190600Z AUTO 28008G18KT 5SM 28/24 A2983 RMK T02800240 IEM_DS3505,M
VOTV,2002-08-19 08:00,76.9500,8.4667,M,M,M,300.00,10.00,M,M,M,5.00,20.00,M,M,M,M,M,M,M,M,M,M,M,M,M,M,M,M,VOTV 190800Z AUTO 30010G20KT 5SM RMK IEM_DS3505,M
VOTV,2002-08-19 11:00,76.9500,8.4667,82.40,73.40,74.28,300.00,10.00,M,29.77,M,4.00,20.00,M,M,M,M,M,M,M,M,M,M,M,M,M,M,M,88.26,VOTV 191100Z AUTO 30010G20KT 4SM 28/23 A2977 RMK T02800230 IEM_DS3505,M
VOTV,2002-08-19 16:00,76.9500,8.4667,78.80,75.20,88.75,0.00,0.00,M,29.85,M,2.00,M,M,M,M,M,M,M,M,M,M,M,M,M,M,M,M,82.38,VOTV 191600Z AUTO 00000KT 2SM 26/24 A2985 RMK T02600240 IEM_DS3505,M
VOTV,2002-08-19 17:00,76.9500,8.4667,78.80,75.20,88.75,0.00,0.00,M,29.85,M,2.00,M,M,M,M,M,M,M,M,M,M,M,M,M,M,M,M,82.38,VOTV 191700Z AUTO 00000KT 2SM 26/24 A2985 RMK T02600240 IEM_DS3505,M
VOTV,2002-08-20 01:00,76.9500,8.4667,78.80,73.40,83.55,360.00,6.00,M,29.80,M,2.50,M,M,M,M,M,M,M,M,M,M,M,M,M,M,M,M,82.03,VOTV 200100Z AUTO 36006KT 2 1/2SM 26/23 A2980 RMK T02600230 IEM_DS3505,M
VOTV,2002-08-20 02:00,76.9500,8.4667,82.40,73.40,74.28,360.00,10.00,M,29.83,M,4.00,M,M,M,M,M,M,M,M,M,M,M,M,M,M,M,M,88.26,VOTV 200200Z AUTO 36010KT 4SM 28/23 A2983 RMK T02800230 IEM_DS3505,M
VOTV,2002-08-20 03:00,76.9500,8.4667,82.40,75.20,78.90,330.00,7.00,M,29.83,M,5.00,17.00,M,M,M,M,M,M,M,M,M,M,M,M,M,M,M,89.48,VOTV 200300Z AUTO 33007G17KT 5SM 28/24 A2983 RMK T02800240 IEM_DS3505,M
VOTV,2002-08-20 04:00,76.9500,8.4667,84.20,75.20,74.44,290.00,12.00,M,29.83,M,5.00,M,M,M,M,M,M,M,M,M,M,M,M,M,M,M,M,92.45,VOTV 200400Z AUTO 29012KT 5SM 29/24 A2983 RMK T02900240 IEM_DS3505,M
VOTV,2002-08-20 06:00,76.9500,8.4667,82.40,75.20,78.90,300.00,8.00,M,29.80,M,4.00,18.00,M,M,M,M,M,M,M,M,M,M,M,M,M,M,M,89.48,VOTV 200600Z AUTO 30008G18KT 4SM 28/24 A2980 RMK T02800240 IEM_DS3505,M
VOTV,2002-08-20 11:00,76.9500,8.4667,80.60,73.40,78.76,300.00,8.00,M,29.71,M,4.00,18.00,M,M,M,M,M,M,M,M,M,M,M,M,M,M,M,85.32,VOTV 201100Z AUTO 30008G18KT 4SM 27/23 A2971 RMK T02700230 IEM_DS3505,M
VOTV,2002-08-20 23:00,76.9500,8.4667,78.80,75.20,88.75,0.00,0.00,M,29.74,M,2.00,M,M,M,M,M,M,M,M,M,M,M,M,M,M,M,M,82.38,VOTV 202300Z AUTO 00000KT 2SM 26/24 A2974 RMK T02600240 IEM_DS3505,M
VOTV,2002-08-21 00:00,76.9500,8.4667,78.80,75.20,88.75,0.00,0.00,M,29.74,M,2.00,M,M,M,M,M,M,M,M,M,M,M,M,M,M,M,M,82.38,VOTV 210000Z AUTO 00000KT 2SM 26/24 A2974 RMK T02600240 IEM_DS3505,M
VOTV,2002-08-21 02:00,76.9500,8.4667,82.40,75.20,78.90,340.00,8.00,M,29.77,M,3.00,M,M,M,M,M,M,M,M,M,M,M,M,M,M,M,M,89.48,VOTV 210200Z AUTO 34008KT 3SM 28/24 A2977 RMK T02800240 IEM_DS3505,M
VOTV,2002-08-21 03:00,76.9500,8.4667,84.20,75.20,74.44,330.00,10.00,M,29.80,M,4.00,M,M,M,M,M,M,M,M,M,M,M,M,M,M,M,M,92.45,VOTV 210300Z AUTO 33010KT 4SM 29/24 A2980 RMK T02900240 IEM_DS3505,M
VOTV,2002-08-21 04:00,76.9500,8.4667,84.20,75.20,74.44,320.00,12.00,M,29.80,M,5.00,M,M,M,M,M,M,M,M,M,M,M,M,M,M,M,M,92.45,VOTV 210400Z AUTO 32012KT 5SM 29/24 A2980 RMK T02900240 IEM_DS3505,M
VOTV,2002-08-21 06:00,76.9500,8.4667,84.20,75.20,74.44,300.00,15.00,M,29.80,M,5.00,25.00,M,M,M,M,M,M,M,M,M,M,M,M,M,M,M,92.45,VOTV 210600Z AUTO 30015G25KT 5SM 29/24 A2980 RMK T02900240 IEM_DS3505,M
VOTV,2002-08-21 10:00,76.9500,8.4667,82.40,73.40,74.28,300.00,15.00,M,29.74,M,5.00,25.00,M,M,M,M,M,M,M,M,M,M,M,M,M,M,M,88.26,VOTV 211000Z AUTO 30015G25KT 5SM 28/23 A2974 RMK T02800230 IEM_DS3505,M
VOTV,2002-08-21 11:00,76.9500,8.4667,80.60,73.40,78.76,300.00,8.00,M,29.74,M,5.00,18.00,M,M,M,M,M,M,M,M,M,M,M,M,M,M,M,85.32,VOTV 211100Z AUTO 30008G18KT 5SM 27/23 A2974 RMK T02700230 IEM_DS3505,M
VOTV,2002-08-21 12:00,76.9500,8.4667,80.60,75.20,83.66,300.00,10.00,M,29.77,M,2.50,M,M,M,M,M,M,M,M,M,M,M,M,M,M,M,M,86.17,VOTV 211200Z AUTO 30010KT 2 1/2SM 27/24 A2977 RMK T02700240 IEM_DS3505,M
VOTV,2002-08-21 23:00,76.9500,8.4667,78.80,75.20,88.75,0.00,0.00,M,29.77,M,1.50,M,M,M,M,M,M,M,M,M,M,M,M,M,M,M,M,82.38,VOTV 212300Z AUTO 00000KT 1 1/2SM 26/24 A2977 RMK T02600240 IEM_DS3505,M
VOTV,2002-08-22 03:00,76.9500,8.4667,M,M,M,290.00,6.00,M,M,M,2.00,M,M,M,M,M,M,M,M,M,M,M,M,M,M,M,M,M,VOTV 220300Z AUTO 29006KT 2SM RMK IEM_DS3505,M
VOTV,2002-08-22 04:00,76.9500,8.4667,84.20,75.20,74.44,290.00,6.00,M,29.83,M,2.50,M,M,M,M,M,M,M,M,M,M,M,M,M,M,M,M,92.45,VOTV 220400Z AUTO 29006KT 2 1/2SM 29/24 A2983 RMK T02900240 IEM_DS3505,M
VOTV,2002-08-22 05:00,76.9500,8.4667,M,M,M,290.00,8.00,M,M,M,3.00,M,M,M,M,M,M,M,M,M,M,M,M,M,M,M,M,M,VOTV 220500Z AUTO 29008KT 3SM RMK IEM_DS3505,M
VOTV,2002-08-22 08:00,76.9500,8.4667,84.20,75.20,74.44,300.00,8.00,M,29.80,M,4.00,18.00,M,M,M,M,M,M,M,M,M,M,M,M,M,M,M,92.45,VOTV 220800Z AUTO 30008G18KT 4SM 29/24 A2980 RMK T02900240 IEM_DS3505,M
VOTV,2002-08-22 09:00,76.9500,8.4667,82.40,75.20,78.90,300.00,8.00,M,29.74,M,4.00,18.00,M,M,M,M,M,M,M,M,M,M,M,M,M,M,M,89.48,VOTV 220900Z AUTO 30008G18KT 4SM 28/24 A2974 RMK T02800240 IEM_DS3505,M
VOTV,2002-08-22 12:00,76.9500,8.4667,80.60,71.60,74.11,320.00,10.00,M,29.77,M,2.50,M,M,M,M,M,M,M,M,M,M,M,M,M,M,M,M,84.57,VOTV 221200Z AUTO 32010KT 2 1/2SM 27/22 A2977 RMK T02700220 IEM_DS3505,M
VOTV,2002-08-22 13:00,76.9500,8.4667,78.80,75.20,88.75,300.00,4.00,M,29.80,M,2.50,M,M,M,M,M,M,M,M,M,M,M,M,M,M,M,M,82.38,VOTV 221300Z AUTO 30004KT 2 1/2SM 26/24 A2980 RMK T02600240 IEM_DS3505,M
VOTV,2002-08-22 17:00,76.9500,8.4667,78.80,71.60,78.62,M,M,M,29.85,M,1.50,M,M,M,M,M,M,M,M,M,M,M,M,M,M,M,M,78.80,VOTV 221700Z AUTO 1 1/2SM 26/22 A2985 RMK T02600220 IEM_DS3505,M
VOTV,2002-08-23 03:00,76.9500,8.4667,84.20,75.20,74.44,360.00,12.00,M,29.83,M,4.00,M,M,M,M,M,M,M,M,M,M,M,M,M,M,M,M,92.45,VOTV 230300Z AUTO 36012KT 4SM 29/24 A2983 RMK T02900240 IEM_DS3505,M
VOTV,2002-08-23 04:00,76.9500,8.4667,84.20,75.20,74.44,350.00,10.00,M,29.83,M,4.00,M,M,M,M,M,M,M,M,M,M,M,M,M,M,M,M,92.45,VOTV 230400Z AUTO 35010KT 4SM 29/24 A2983 RMK T02900240 IEM_DS3505,M
VOTV,2002-08-23 05:00,76.9500,8.4667,M,M,M,340.00,12.00,M,M,M,4.00,M,M,M,M,M,M,M,M,M,M,M,M,M,M,M,M,M,VOTV 230500Z AUTO 34012KT 4SM RMK IEM_DS3505,M
VOTV,2002-08-23 06:00,76.9500,8.4667,M,M,M,300.00,8.00,M,M,M,3.00,18.00,M,M,M,M,M,M,M,M,M,M,M,M,M,M,M,M,VOTV 230600Z AUTO 30008G18KT 3SM RMK IEM_DS3505,M
VOTV,2002-08-23 08:00,76.9500,8.4667,86.00,75.20,70.27,300.00,10.00,M,29.77,M,M,22.00,M,M,M,M,M,M,M,M,M,M,M,M,M,M,M,95.19,VOTV 230800Z AUTO 30010G22KT 30/24 A2977 RMK T03000240 IEM_DS3505,M
VOTV,2002-08-23 09:00,76.9500,8.4667,86.00,75.20,70.27,300.00,10.00,M,29.77,M,M,20.00,M,M,M,M,M,M,M,M,M,M,M,M,M,M,M,95.19,VOTV 230900Z AUTO 30010G20KT 30/24 A2977 RMK T03000240 IEM_DS3505,M
VOTV,2002-08-23 10:00,76.9500,8.4667,84.20,75.20,74.44,290.00,10.00,M,29.77,M,4.00,20.00,M,M,M,M,M,M,M,M,M,M,M,M,M,M,M,92.45,VOTV 231000Z AUTO 29010G20KT 4SM 29/24 A2977 RMK T02900240 IEM_DS3505,M
VOTV,2002-08-23 11:00,76.9500,8.4667,84.20,73.40,70.08,300.00,8.00,M,29.77,M,M,18.00,M,M,M,M,M,M,M,M,M,M,M,M,M,M,M,90.94,VOTV 231100Z AUTO 30008G18KT 29/23 A2977 RMK T02900230 IEM_DS3505,M
VOTV,2002-08-23 15:00,76.9500,8.4667,80.60,73.40,78.76,340.00,8.00,M,29.83,M,2.50,M,M,M,M,M,M,M,M,M,M,M,M,M,M,M,M,85.32,VOTV 231500Z AUTO 34008KT 2 1/2SM 27/23 A2983 RMK T02700230 IEM_DS3505,M
VOTV,2002-08-23 23:00,76.9500,8.4667,78.80,71.60,78.62,340.00,6.00,M,29.80,M,2.50,M,M,M,M,M,M,M,M,M,M,M,M,M,M,M,M,81.70,VOTV 232300Z AUTO 34006KT 2 1/2SM 26/22 A2980 RMK T02600220 IEM_DS3505,M
VOTV,2002-08-24 00:00,76.9500,8.4667,78.80,73.40,83.55,340.00,5.00,M,29.83,M,2.50,M,M,M,M,M,M,M,M,M,M,M,M,M,M,M,M,82.03,VOTV 240000Z AUTO 34005KT 2 1/2SM 26/23 A2983 RMK T02600230 IEM_DS3505,M
VOTV,2002-08-24 02:00,76.9500,8.4667,80.60,73.40,78.76,340.00,8.00,M,29.85,M,4.00,M,M,M,M,M,M,M,M,M,M,M,M,M,M,M,M,85.32,VOTV 240200Z AUTO 34008KT 4SM 27/23 A2985 RMK T02700230 IEM_DS3505,M
VOTV,2002-08-24 03:00,76.9500,8.4667,84.20,75.20,74.44,340.00,12.00,M,29.88,M,4.00,M,M,M,M,M,M,M,M,M,M,M,M,M,M,M,M,92.45,VOTV 240300Z AUTO 34012KT 4SM 29/24 A2988 RMK T02900240 IEM_DS3505,M
VOTV,2002-08-24 04:00,76.9500,8.4667,87.80,75.20,66.35,340.00,8.00,M,29.85,M,5.00,M,M,M,M,M,M,M,M,M,M,M,M,M,M,M,M,97.76,VOTV 240400Z AUTO 34008KT 5SM 31/24 A2985 RMK T03100240 IEM_DS3505,M
VOTV,2002-08-24 05:00,76.9500,8.4667,87.80,75.20,66.35,290.00,13.00,M,29.85,M,5.00,M,M,M,M,M,M,M,M,M,M,M,M,M,M,M,M,97.76,VOTV 240500Z AUTO 29013KT 5SM 31/24 A2985 RMK T03100240 IEM_DS3505,M
VOTV,2002-08-24 06:00,76.9500,8.4667,84.20,73.40,70.08,310.00,8.00,M,29.85,M,5.00,M,M,M,M,M,M,M,M,M,M,M,M,M,M,M,M,90.94,VOTV 240600Z AUTO 31008KT 5SM 29/23 A2985 RMK T02900230 IEM_DS3505,M
VOTV,2002-08-24 08:00,76.9500,8.4667,84.20,73.40,70.08,300.00,12.00,M,29.80,M,5.00,22.00,M,M,M,M,M,M,M,M,M,M,M,M,M,M,M,90.94,VOTV 240800Z AUTO 30012G22KT 5SM 29/23 A2980 RMK T02900230 IEM_DS3505,M
VOTV,2002-08-24 09:00,76.9500,8.4667,84.20,73.40,70.08,300.00,8.00,M,29.80,M,5.00,18.00,M,M,M,M,M,M,M,M,M,M,M,M,M,M,M,90.94,VOTV 240900Z AUTO 30008G18KT 5SM 29/23 A2980 RMK T02900230 IEM_DS3505,M
VOTV,2002-08-24 10:00,76.9500,8.4667,84.20,73.40,70.08,300.00,10.00,M,29.77,M,5.00,20.00,M,M,M,M,M,M,M,M,M,M,M,M,M,M,M,90.94,VOTV 241000Z AUTO 30010G20KT 5SM 29/23 A2977 RMK T02900230 IEM_DS3505,M
VOTV,2002-08-24 14:00,76.9500,8.4667,80.60,75.20,83.66,310.00,10.00,M,29.85,M,2.00,M,M,M,M,M,M,M,M,M,M,M,M,M,M,M,M,86.17,VOTV 241400Z AUTO 31010KT 2SM 27/24 A2985 RMK T02700240 IEM_DS3505,M
VOTV,2002-08-24 15:00,76.9500,8.4667,80.60,75.20,83.66,330.00,5.00,M,29.85,M,1.50,M,M,M,M,M,M,M,M,M,M,M,M,M,M,M,M,86.17,VOTV 241500Z AUTO 33005KT 1 1/2SM 27/24 A2985 RMK T02700240 IEM_DS3505,M
VOTV,2002-08-24 17:00,76.9500,8.4667,80.60,73.40,78.76,320.00,6.00,M,29.88,M,1.50,M,M,M,M,M,M,M,M,M,M,M,M,M,M,M,M,85.32,VOTV 241700Z AUTO 32006KT 1 1/2SM 27/23 A2988 RMK T02700230 IEM_DS3505,M
VOTV,2002-08-25 00:00,76.9500,8.4667,78.80,73.40,83.55,M,M,M,29.85,M,2.00,M,M,M,M,M,M,M,M,M,M,M,M,M,M,M,M,78.80,VOTV 250000Z AUTO 2SM 26/23 A2985 RMK T02600230 IEM_DS3505,M
VOTV,2002-08-25 04:00,76.9500,8.4667,87.80,75.20,66.35,350.00,9.00,M,29.88,M,M,M,M,M,M,M,M,M,M,M,M,M,M,M,M,M,M,97.76,VOTV 250400Z AUTO 35009KT 31/24 A2988 RMK T03100240 IEM_DS3505,M
VOTV,2002-08-25 05:00,76.9500,8.4667,86.00,75.20,70.27,300.00,10.00,M,29.88,M,M,M,M,M,M,M,M,M,M,M,M,M,M,M,M,M,M,95.19,VOTV 250500Z AUTO 30010KT 30/24 A2988 RMK T03000240 IEM_DS3505,M
VOTV,2002-08-25 09:00,76.9500,8.4667,86.00,73.40,66.15,300.00,12.00,M,29.80,M,M,22.00,M,M,M,M,M,M,M,M,M,M,M,M,M,M,M,93.45,VOTV 250900Z AUTO 30012G22KT 30/23 A2980 RMK T03000230 IEM_DS3505,M
VOTV,2002-08-25 11:00,76.9500,8.4667,82.40,73.40,74.28,310.00,10.00,M,29.80,M,4.00,20.00,M,M,M,M,M,M,M,M,M,M,M,M,M,M,M,88.26,VOTV 251100Z AUTO 31010G20KT 4SM 28/23 A2980 RMK T02800230 IEM_DS3505,M
VOTV,2002-08-25 12:00,76.9500,8.4667,80.60,73.40,78.76,310.00,10.00,M,29.83,M,2.50,M,M,M,M,M,M,M,M,M,M,M,M,M,M,M,M,85.32,VOTV 251200Z AUTO 31010KT 2 1/2SM 27/23 A2983 RMK T02700230 IEM_DS3505,M
VOTV,2002-08-25 17:00,76.9500,8.4667,78.80,75.20,88.75,340.00,8.00,M,29.88,M,1.50,M,M,M,M,M,M,M,M,M,M,M,M,M,M,M,M,82.38,VOTV 251700Z AUTO 34008KT 1 1/2SM 26/24 A2988 RMK T02600240 IEM_DS3505,M
VOTV,2002-08-25 23:00,76.9500,8.4667,78.80,75.20,88.75,360.00,6.00,M,29.83,M,2.00,M,M,M,M,M,M,M,M,M,M,M,M,M,M,M,M,82.38,VOTV 252300Z AUTO 36006KT 2SM 26/24 A2983 RMK T02600240 IEM_DS3505,M
VOTV,2002-08-26 00:00,76.9500,8.4667,77.00,75.20,94.19,350.00,3.00,M,29.85,M,2.00,M,M,M,M,M,M,M,M,M,M,M,M,M,M,M,M,78.83,VOTV 260000Z AUTO 35003KT 2SM 25/24 A2985 RMK T02500240 IEM_DS3505,M
VOTV,2002-08-26 01:00,76.9500,8.4667,78.80,75.20,88.75,360.00,5.00,M,29.85,M,2.00,M,M,M,M,M,M,M,M,M,M,M,M,M,M,M,M,82.38,VOTV 260100Z AUTO 36005KT 2SM 26/24 A2985 RMK T02600240 IEM_DS3505,M
VOTV,2002-08-26 02:00,76.9500,8.4667,80.60,75.20,83.66,360.00,6.00,M,29.88,M,4.00,M,M,M,M,M,M,M,M,M,M,M,M,M,M,M,M,86.17,VOTV 260200Z AUTO 36006KT 4SM 27/24 A2988 RMK T02700240 IEM_DS3505,M
VOTV,2002-08-26 03:00,76.9500,8.4667,84.20,75.20,74.44,330.00,10.00,M,29.88,M,4.00,M,M,M,M,M,M,M,M,M,M,M,M,M,M,M,M,92.45,VOTV 260300Z AUTO 33010KT 4SM 29/24 A2988 RMK T02900240 IEM_DS3505,M
VOTV,2002-08-26 04:00,76.9500,8.4667,86.00,75.20,70.27,310.00,9.00,M,29.88,M,5.00,M,M,M,M,M,M,M,M,M,M,M,M,M,M,M,M,95.19,VOTV 260400Z AUTO 31009KT 5SM 30/24 A2988 RMK T03000240 IEM_DS3505,M
VOTV,2002-08-26 05:00,76.9500,8.4667,87.80,75.20,66.35,350.00,8.00,M,29.85,M,5.00,18.00,M,M,M,M,M,M,M,M,M,M,M,M,M,M,M,97.76,VOTV 260500Z AUTO 35008G18KT 5SM 31/24 A2985 RMK T03100240 IEM_DS3505,M
VOTV,2002-08-26 10:00,76.9500,8.4667,M,M,M,300.00,10.00,M,M,M,M,22.00,M,M,M,M,M,M,M,M,M,M,M,M,M,M,M,M,VOTV 261000Z AUTO 30010G22KT RMK IEM_DS3505,M
VOTV,2002-08-26 11:00,76.9500,8.4667,82.40,75.20,78.90,300.00,10.00,M,29.74,M,4.00,22.00,M,M,M,M,M,M,M,M,M,M,M,M,M,M,M,89.48,VOTV 261100Z AUTO 30010G22KT 4SM 28/24 A2974 RMK T02800240 IEM_DS3505,M
VOTV,2002-08-26 12:00,76.9500,8.4667,80.60,75.20,83.66,300.00,10.00,M,29.77,M,2.50,20.00,M,M,M,M,M,M,M,M,M,M,M,M,M,M,M,86.17,VOTV 261200Z AUTO 30010G20KT 2 1/2SM 27/24 A2977 RMK T02700240 IEM_DS3505,M
VOTV,2002-08-26 16:00,76.9500,8.4667,78.80,73.40,83.55,320.00,3.00,M,29.85,M,1.50,M,M,M,M,M,M,M,M,M,M,M,M,M,M,M,M,82.03,VOTV 261600Z AUTO 32003KT 1 1/2SM 26/23 A2985 RMK T02600230 IEM_DS3505,M
VOTV,2002-08-27 01:00,76.9500,8.4667,78.80,73.40,83.55,350.00,6.00,M,29.83,M,2.00,M,M,M,M,M,M,M,M,M,M,M,M,M,M,M,M,82.03,VOTV 270100Z AUTO 35006KT 2SM 26/23 A2983 RMK T02600230 IEM_DS3505,M
VOTV,2002-08-27 03:00,76.9500,8.4667,82.40,73.40,74.28,350.00,5.00,M,29.85,M,2.50,M,M,M,M,M,M,M,M,M,M,M,M,M,M,M,M,88.26,VOTV 270300Z AUTO 35005KT 2 1/2SM 28/23 A2985 RMK T02800230 IEM_DS3505,M
VOTV,2002-08-27 05:00,76.9500,8.4667,82.40,73.40,74.28,280.00,8.00,M,29.85,M,4.00,M,M,M,M,M,M,M,M,M,M,M,M,M,M,M,M,88.26,VOTV 270500Z AUTO 28008KT 4SM 28/23 A2985 RMK T02800230 IEM_DS3505,M
VOTV,2002-08-27 07:00,76.9500,8.4667,84.20,73.40,70.08,300.00,8.00,M,29.80,M,M,M,M,M,M,M,M,M,M,M,M,M,M,M,M,M,M,90.94,VOTV 270700Z AUTO 30008KT 29/23 A2980 RMK T02900230 IEM_DS3505,M
VOTV,2002-08-27 08:00,76.9500,8.4667,82.40,73.40,74.28,300.00,8.00,M,29.77,M,4.00,18.00,M,M,M,M,M,M,M,M,M,M,M,M,M,M,M,88.26,VOTV 270800Z AUTO 30008G18KT 4SM 28/23 A2977 RMK T02800230 IEM_DS3505,M
VOTV,2002-08-27 09:00,76.9500,8.4667,84.20,73.40,70.08,300.00,8.00,M,29.74,M,M,18.00,M,M,M,M,M,M,M,M,M,M,M,M,M,M,M,90.94,VOTV 270900Z AUTO 30008G18KT 29/23 A2974 RMK T02900230 IEM_DS3505,M
VOTV,2002-08-27 10:00,76.9500,8.4667,82.40,73.40,74.28,300.00,8.00,M,29.74,M,4.00,18.00,M,M,M,M,M,M,M,M,M,M,M,M,M,M,M,88.26,VOTV 271000Z AUTO 30008G18KT 4SM 28/23 A2974 RMK T02800230 IEM_DS3505,M
VOTV,2002-08-27 12:00,76.9500,8.4667,M,M,M,300.00,10.00,M,M,M,2.50,M,M,M,M,M,M,M,M,M,M,M,M,M,M,M,M,M,VOTV 271200Z AUTO 30010KT 2 1/2SM RMK IEM_DS3505,M
VOTV,2002-08-27 13:00,76.9500,8.4667,78.80,75.20,88.75,300.00,5.00,M,29.80,M,1.50,M,M,M,M,M,M,M,M,M,M,M,M,M,M,M,M,82.38,VOTV 271300Z AUTO 30005KT 1 1/2SM 26/24 A2980 RMK T02600240 IEM_DS3505,M
VOTV,2002-08-27 23:00,76.9500,8.4667,77.00,71.60,83.44,0.00,0.00,M,29.80,M,2.00,M,M,M,M,M,M,M,M,M,M,M,M,M,M,M,M,78.32,VOTV 272300Z AUTO 00000KT 2SM 25/22 A2980 RMK T02500220 IEM_DS3505,M
VOTV,2002-08-28 00:00,76.9500,8.4667,77.00,71.60,83.44,0.00,0.00,M,29.83,M,2.00,M,M,M,M,M,M,M,M,M,M,M,M,M,M,M,M,78.32,VOTV 280000Z AUTO 00000KT 2SM 25/22 A2983 RMK T02500220 IEM_DS3505,M
VOTV,2002-08-28 02:00,76.9500,8.4667,80.60,75.20,83.66,0.00,0.00,M,29.85,M,2.00,M,M,M,M,M,M,M,M,M,M,M,M,M,M,M,M,86.17,VOTV 280200Z AUTO 00000KT 2SM 27/24 A2985 RMK T02700240 IEM_DS3505,M
VOTV,2002-08-28 06:00,76.9500,8.4667,86.00,75.20,70.27,310.00,8.00,M,29.83,M,M,18.00,M,M,M,M,M,M,M,M,M,M,M,M,M,M,M,95.19,VOTV 280600Z AUTO 31008G18KT 30/24 A2983 RMK T03000240 IEM_DS3505,M
VOTV,2002-08-28 07:00,76.9500,8.4667,86.00,69.80,58.55,300.00,10.00,M,29.80,M,M,20.00,M,M,M,M,M,M,M,M,M,M,M,M,M,M,M,90.58,VOTV 280700Z AUTO 30010G20KT 30/21 A2980 RMK T03000210 IEM_DS3505,M
VOTV,2002-08-28 08:00,76.9500,8.4667,84.20,69.80,62.03,300.00,12.00,M,29.77,M,5.00,22.00,M,M,M,M,M,M,M,M,M,M,M,M,M,M,M,88.43,VOTV 280800Z AUTO 30012G22KT 5SM 29/21 A2977 RMK T02900210 IEM_DS3505,M
VOTV,2002-08-28 10:00,76.9500,8.4667,82.40,71.60,69.90,310.00,10.00,M,29.74,M,M,20.00,M,M,M,M,M,M,M,M,M,M,M,M,M,M,M,87.18,VOTV 281000Z AUTO 31010G20KT 28/22 A2974 RMK T02800220 IEM_DS3505,M
VOTV,2002-08-28 17:00,76.9500,8.4667,M,M,M,0.00,0.00,M,M,M,1.50,M,M,M,M,M,M,M,M,M,M,M,M,M,M,M,M,M,VOTV 281700Z AUTO 00000KT 1 1/2SM RMK IEM_DS3505,M
VOTV,2002-08-29 00:00,76.9500,8.4667,M,M,M,0.00,0.00,M,M,M,2.00,M,M,M,M,M,M,M,M,M,M,M,M,M,M,M,M,M,VOTV 290000Z AUTO 00000KT 2SM RMK IEM_DS3505,M
VOTV,2002-08-29 02:00,76.9500,8.4667,80.60,73.40,78.76,340.00,5.00,M,29.85,M,2.50,M,M,M,M,M,M,M,M,M,M,M,M,M,M,M,M,85.32,VOTV 290200Z AUTO 34005KT 2 1/2SM 27/23 A2985 RMK T02700230 IEM_DS3505,M
VOTV,2002-08-29 03:00,76.9500,8.4667,84.20,75.20,74.44,350.00,12.00,M,29.88,M,4.00,M,M,M,M,M,M,M,M,M,M,M,M,M,M,M,M,92.45,VOTV 290300Z AUTO 35012KT 4SM 29/24 A2988 RMK T02900240 IEM_DS3505,M
VOTV,2002-08-29 04:00,76.9500,8.4667,86.00,75.20,70.27,330.00,12.00,M,29.88,M,5.00,M,M,M,M,M,M,M,M,M,M,M,M,M,M,M,M,95.19,VOTV 290400Z AUTO 33012KT 5SM 30/24 A2988 RMK T03000240 IEM_DS3505,M
VOTV,2002-08-29 05:00,76.9500,8.4667,86.00,75.20,70.27,320.00,12.00,M,29.88,M,5.00,M,M,M,M,M,M,M,M,M,M,M,M,M,M,M,M,95.19,VOTV 290500Z AUTO 32012KT 5SM 30/24 A2988 RMK T03000240 IEM_DS3505,M
VOTV,2002-08-29 06:00,76.9500,8.4667,84.20,75.20,74.44,290.00,10.00,M,29.83,M,5.00,M,M,M,M,M,M,M,M,M,M,M,M,M,M,M,M,92.45,VOTV 290600Z AUTO 29010KT 5SM 29/24 A2983 RMK T02900240 IEM_DS3505,M
VOTV,2002-08-29 08:00,76.9500,8.4667,M,M,M,310.00,10.00,M,M,M,4.00,20.00,M,M,M,M,M,M,M,M,M,M,M,M,M,M,M,M,VOTV 290800Z AUTO 31010G20KT 4SM RMK IEM_DS3505,M
VOTV,2002-08-29 14:00,76.9500,8.4667,78.80,75.20,88.75,330.00,6.00,M,29.83,M,2.50,M,M,M,M,M,M,M,M,M,M,M,M,M,M,M,M,82.38,VOTV 291400Z AUTO 33006KT 2 1/2SM 26/24 A2983 RMK T02600240 IEM_DS3505,M
VOTV,2002-08-29 23:00,76.9500,8.4667,77.00,75.20,94.19,0.00,0.00,M,29.83,M,2.00,M,M,M,M,M,M,M,M,M,M,M,M,M,M,M,M,78.83,VOTV 292300Z AUTO 00000KT 2SM 25/24 A2983 RMK T02500240 IEM_DS3505,M
VOTV,2002-08-30 00:00,76.9500,8.4667,77.00,73.40,88.67,350.00,3.00,M,29.85,M,2.00,M,M,M,M,M,M,M,M,M,M,M,M,M,M,M,M,78.57,VOTV 300000Z AUTO 35003KT 2SM 25/23 A2985 RMK T02500230 IEM_DS3505,M
VOTV,2002-08-30 01:00,76.9500,8.4667,78.80,M,M,0.00,0.00,M,29.85,M,2.00,M,M,M,M,M,M,M,M,M,M,M,M,M,M,M,M,M,VOTV 300100Z AUTO 00000KT 2SM 26/ A2985 RMK IEM_DS3505,M
VOTV,2002-08-30 03:00,76.9500,8.4667,84.20,77.00,79.04,310.00,10.00,M,29.88,M,4.00,M,M,M,M,M,M,M,M,M,M,M,M,M,M,M,M,94.16,VOTV 300300Z AUTO 31010KT 4SM 29/25 A2988 RMK T02900250 IEM_DS3505,M
VOTV,2002-08-30 04:00,76.9500,8.4667,84.20,75.20,74.44,300.00,8.00,M,29.85,M,5.00,M,M,M,M,M,M,M,M,M,M,M,M,M,M,M,M,92.45,VOTV 300400Z AUTO 30008KT 5SM 29/24 A2985 RMK T02900240 IEM_DS3505,M
VOTV,2002-08-30 06:00,76.9500,8.4667,84.20,75.20,74.44,290.00,8.00,M,29.83,M,5.00,18.00,M,M,M,M,M,M,M,M,M,M,M,M,M,M,M,92.45,VOTV 300600Z AUTO 29008G18KT 5SM 29/24 A2983 RMK T02900240 IEM_DS3505,M
VOTV,2002-08-30 08:00,76.9500,8.4667,86.00,75.20,70.27,290.00,10.00,M,29.77,M,5.00,20.00,M,M,M,M,M,M,M,M,M,M,M,M,M,M,M,95.19,VOTV 300800Z AUTO 29010G20KT 5SM 30/24 A2977 RMK T03000240 IEM_DS3505,M
VOTV,2002-08-30 09:00,76.9500,8.4667,84.20,75.20,74.44,290.00,8.00,M,29.77,M,5.00,18.00,M,M,M,M,M,M,M,M,M,M,M,M,M,M,M,92.45,VOTV 300900Z AUTO 29008G18KT 5SM 29/24 A2977 RMK T02900240 IEM_DS3505,M
VOTV,2002-08-30 10:00,76.9500,8.4667,84.20,75.20,74.44,310.00,8.00,M,29.74,M,5.00,18.00,M,M,M,M,M,M,M,M,M,M,M,M,M,M,M,92.45,VOTV 301000Z AUTO 31008G18KT 5SM 29/24 A2974 RMK T02900240 IEM_DS3505,M
VOTV,2002-08-30 11:00,76.9500,8.4667,82.40,75.20,78.90,290.00,8.00,M,29.77,M,4.00,18.00,M,M,M,M,M,M,M,M,M,M,M,M,M,M,M,89.48,VOTV 301100Z AUTO 29008G18KT 4SM 28/24 A2977 RMK T02800240 IEM_DS3505,M
VOTV,2002-08-30 12:00,76.9500,8.4667,80.60,77.00,88.83,300.00,10.00,M,29.77,M,2.50,M,M,M,M,M,M,M,M,M,M,M,M,M,M,M,M,87.10,VOTV 301200Z AUTO 30010KT 2 1/2SM 27/25 A2977 RMK T02700250 IEM_DS3505,M
VOTV,2002-08-30 14:00,76.9500,8.4667,80.60,75.20,83.66,310.00,7.00,M,29.80,M,1.50,M,M,M,M,M,M,M,M,M,M,M,M,M,M,M,M,86.17,VOTV 301400Z AUTO 31007KT 1 1/2SM 27/24 A2980 RMK T02700240 IEM_DS3505,M
VOTV,2002-08-30 22:00,76.9500,8.4667,78.80,73.40,83.55,0.00,0.00,M,29.80,M,1.50,M,M,M,M,M,M,M,M,M,M,M,M,M,M,M,M,82.03,VOTV 302200Z AUTO 00000KT 1 1/2SM 26/23 A2980 RMK T02600230 IEM_DS3505,M
VOTV,2002-08-30 23:00,76.9500,8.4667,77.00,73.40,88.67,0.00,0.00,M,29.80,M,1.50,M,M,M,M,M,M,M,M,M,M,M,M,M,M,M,M,78.57,VOTV 302300Z AUTO 00000KT 1 1/2SM 25/23 A2980 RMK T02500230 IEM_DS3505,M
VOTV,2002-08-31 00:00,76.9500,8.4667,77.00,73.40,88.67,0.00,0.00,M,29.83,M,1.50,M,M,M,M,M,M,M,M,M,M,M,M,M,M,M,M,78.57,VOTV 310000Z AUTO 00000KT 1 1/2SM 25/23 A2983 RMK T02500230 IEM_DS3505,M
VOTV,2002-08-31 01:00,76.9500,8.4667,78.80,73.40,83.55,0.00,0.00,M,29.83,M,2.50,M,M,M,M,M,M,M,M,M,M,M,M,M,M,M,M,82.03,VOTV 310100Z AUTO 00000KT 2 1/2SM 26/23 A2983 RMK T02600230 IEM_DS3505,M
VOTV,2002-08-31 02:00,76.9500,8.4667,80.60,75.20,83.66,340.00,4.00,M,29.83,M,1.50,M,M,M,M,M,M,M,M,M,M,M,M,M,M,M,M,86.17,VOTV 310200Z AUTO 34004KT 1 1/2SM 27/24 A2983 RMK T02700240 IEM_DS3505,M
VOTV,2002-08-31 03:00,76.9500,8.4667,84.20,75.20,74.44,360.00,8.00,M,29.85,M,4.00,M,M,M,M,M,M,M,M,M,M,M,M,M,M,M,M,92.45,VOTV 310300Z AUTO 36008KT 4SM 29/24 A2985 RMK T02900240 IEM_DS3505,M
VOTV,2002-08-31 04:00,76.9500,8.4667,82.40,75.20,78.90,300.00,8.00,M,29.85,M,3.00,M,M,M,M,M,M,M,M,M,M,M,M,M,M,M,M,89.48,VOTV 310400Z AUTO 30008KT 3SM 28/24 A2985 RMK T02800240 IEM_DS3505,M
VOTV,2002-08-31 05:00,76.9500,8.4667,82.40,75.20,78.90,300.00,10.00,M,29.85,M,3.00,M,M,M,M,M,M,M,M,M,M,M,M,M,M,M,M,89.48,VOTV 310500Z AUTO 30010KT 3SM 28/24 A2985 RMK T02800240 IEM_DS3505,M
VOTV,2002-08-31 06:00,76.9500,8.4667,84.20,75.20,74.44,270.00,8.00,M,29.83,M,4.00,M,M,M,M,M,M,M,M,M,M,M,M,M,M,M,M,92.45,VOTV 310600Z AUTO 27008KT 4SM 29/24 A2983 RMK T02900240 IEM_DS3505,M
VOTV,2002-08-31 07:00,76.9500,8.4667,82.40,75.20,78.90,80.00,8.00,M,29.77,M,4.00,M,M,M,M,M,M,M,M,M,M,M,M,M,M,M,M,89.48,VOTV 310700Z AUTO 08008KT 4SM 28/24 A2977 RMK T02800240 IEM_DS3505,M
VOTV,2002-08-31 08:00,76.9500,8.4667,84.20,73.40,70.08,290.00,14.00,M,29.77,M,7.00,M,M,M,M,M,M,M,M,M,M,M,M,M,M,M,M,90.94,VOTV 310800Z AUTO 29014KT 7SM 29/23 A2977 RMK T02900230 IEM_DS3505,M
VOTV,2002-08-31 09:00,76.9500,8.4667,84.20,73.40,70.08,310.00,8.00,M,29.74,M,7.00,18.00,M,M,M,M,M,M,M,M,M,M,M,M,M,M,M,90.94,VOTV 310900Z AUTO 31008G18KT 7SM 29/23 A2974 RMK T02900230 IEM_DS3505,M
VOTV,2002-08-31 12:00,76.9500,8.4667,80.60,73.40,78.76,310.00,7.00,M,29.77,M,4.00,17.00,M,M,M,M,M,M,M,M,M,M,M,M,M,M,M,85.32,VOTV 311200Z AUTO 31007G17KT 4SM 27/23 A2977 RMK T02700230 IEM_DS3505,M
VOTV,2002-08-31 14:00,76.9500,8.4667,80.60,73.40,78.76,300.00,8.00,M,29.80,M,2.50,M,M,M,M,M,M,M,M,M,M,M,M,M,M,M,M,85.32,VOTV 311400Z AUTO 30008KT 2 1/2SM 27/23 A2980 RMK T02700230 IEM_DS3505,M
VOTV,2002-08-31 15:00,76.9500,8.4667,80.60,73.40,78.76,0.00,0.00,M,29.83,M,2.00,M,M,M,M,M,M,M,M,M,M,M,M,M,M,M,M,85.32,VOTV 311500Z AUTO 00000KT 2SM 27/23 A2983 RMK T02700230 IEM_DS3505,M
VOTV,2002-08-31 16:00,76.9500,8.4667,78.80,73.40,83.55,0.00,0.00,M,29.83,M,2.00,M,M,M,M,M,M,M,M,M,M,M,M,M,M,M,M,82.03,VOTV 311600Z AUTO 00000KT 2SM 26/23 A2983 RMK T02600230 IEM_DS3505,M
VOTV,2002-08-31 17:00,76.9500,8.4667,78.80,75.20,88.75,0.00,0.00,M,29.83,M,2.00,M,M,M,M,M,M,M,M,M,M,M,M,M,M,M,M,82.38,VOTV 311700Z AUTO 00000KT 2SM 26/24 A2983 RMK T02600240 IEM_DS3505,M
VOTV,2002-08-31 23:00,76.9500,8.4667,78.80,75.20,88.75,350.00,4.00,M,29.80,M,1.50,M,M,M,M,M,M,M,M,M,M,M,M,M,M,M,M,82.38,VOTV 312300Z AUTO 35004KT 1 1/2SM 26/24 A2980 RMK T02600240 IEM_DS3505,M
VOTV,2002-09-01 02:00,76.9500,8.4667,80.60,73.40,78.76,340.00,8.00,M,29.83,M,2.50,M,M,M,M,M,M,M,M,M,M,M,M,M,M,M,M,85.32,VOTV 010200Z AUTO 34008KT 2 1/2SM 27/23 A2983 RMK T02700230 IEM_DS3505,M
VOTV,2002-09-01 06:00,76.9500,8.4667,84.20,73.40,70.08,290.00,8.00,M,29.83,M,5.00,18.00,M,M,M,M,M,M,M,M,M,M,M,M,M,M,M,90.94,VOTV 010600Z AUTO 29008G18KT 5SM 29/23 A2983 RMK T02900230 IEM_DS3505,M
VOTV,2002-09-01 08:00,76.9500,8.4667,M,M,M,290.00,15.00,M,M,M,5.00,25.00,M,M,M,M,M,M,M,M,M,M,M,M,M,M,M,M,VOTV 010800Z AUTO 29015G25KT 5SM RMK IEM_DS3505,M
VOTV,2002-09-01 09:00,76.9500,8.4667,M,M,M,300.00,12.00,M,M,M,5.00,22.00,M,M,M,M,M,M,M,M,M,M,M,M,M,M,M,M,VOTV 010900Z AUTO 30012G22KT 5SM RMK IEM_DS3505,M
VOTV,2002-09-01 10:00,76.9500,8.4667,84.20,73.40,70.08,270.00,10.00,M,29.77,M,5.00,20.00,M,M,M,M,M,M,M,M,M,M,M,M,M,M,M,90.94,VOTV 011000Z AUTO 27010G20KT 5SM 29/23 A2977 RMK T02900230 IEM_DS3505,M
VOTV,2002-09-01 11:00,76.9500,8.4667,82.40,71.60,69.90,300.00,12.00,M,29.80,M,5.00,22.00,M,M,M,M,M,M,M,M,M,M,M,M,M,M,M,87.18,VOTV 011100Z AUTO 30012G22KT 5SM 28/22 A2980 RMK T02800220 IEM_DS3505,M
VOTV,2002-09-01 12:00,76.9500,8.4667,80.60,73.40,78.76,290.00,10.00,M,29.80,M,3.00,20.00,M,M,M,M,M,M,M,M,M,M,M,M,M,M,M,85.32,VOTV 011200Z AUTO 29010G20KT 3SM 27/23 A2980 RMK T02700230 IEM_DS3505,M
VOTV,2002-09-01 14:00,76.9500,8.4667,80.60,73.40,78.76,310.00,3.00,M,29.85,M,2.50,M,M,M,M,M,M,M,M,M,M,M,M,M,M,M,M,85.32,VOTV 011400Z AUTO 31003KT 2 1/2SM 27/23 A2985 RMK T02700230 IEM_DS3505,M
VOTV,2002-09-01 16:00,76.9500,8.4667,78.80,73.40,83.55,0.00,0.00,M,29.88,M,2.00,M,M,M,M,M,M,M,M,M,M,M,M,M,M,M,M,82.03,VOTV 011600Z AUTO 00000KT 2SM 26/23 A2988 RMK T02600230 IEM_DS3505,M
VOTV,2002-09-01 17:00,76.9500,8.4667,78.80,73.40,83.55,340.00,2.00,M,29.88,M,2.00,M,M,M,M,M,M,M,M,M,M,M,M,M,M,M,M,82.03,VOTV 011700Z AUTO 34002KT 2SM 26/23 A2988 RMK T02600230 IEM_DS3505,M
VOTV,2002-09-02 00:00,76.9500,8.4667,77.00,71.60,83.44,0.00,0.00,M,29.85,M,1.50,M,M,M,M,M,M,M,M,M,M,M,M,M,M,M,M,78.32,VOTV 020000Z AUTO 00000KT 1 1/2SM 25/22 A2985 RMK T02500220 IEM_DS3505,M
VOTV,2002-09-02 01:00,76.9500,8.4667,78.80,73.40,83.55,0.00,0.00,M,29.85,M,1.50,M,M,M,M,M,M,M,M,M,M,M,M,M,M,M,M,82.03,VOTV 020100Z AUTO 00000KT 1 1/2SM 26/23 A2985 RMK T02600230 IEM_DS3505,M
VOTV,2002-09-02 04:00,76.9500,8.4667,84.20,73.40,70.08,290.00,11.00,M,29.88,M,5.00,M,M,M,M,M,M,M,M,M,M,M,M,M,M,M,M,90.94,VOTV 020400Z AUTO 29011KT 5SM 29/23 A2988 RMK T02900230 IEM_DS3505,M
VOTV,2002-09-02 07:00,76.9500,8.4667,M,M,M,290.00,8.00,M,M,M,5.00,M,M,M,M,M,M,M,M,M,M,M,M,M,M,M,M,M,VOTV 020700Z AUTO 29008KT 5SM RMK IEM_DS3505,M
VOTV,2002-09-02 08:00,76.9500,8.4667,M,M,M,290.00,10.00,M,M,M,5.00,M,M,M,M,M,M,M,M,M,M,M,M,M,M,M,M,M,VOTV 020800Z AUTO 29010KT 5SM RMK IEM_DS3505,M
VOTV,2002-09-02 09:00,76.9500,8.4667,84.20,75.20,74.44,300.00,12.00,M,29.77,M,7.00,M,M,M,M,M,M,M,M,M,M,M,M,M,M,M,M,92.45,VOTV 020900Z AUTO 30012KT 7SM 29/24 A2977 RMK T02900240 IEM_DS3505,M
VOTV,2002-09-02 10:00,76.9500,8.4667,82.40,73.40,74.28,300.00,12.00,M,29.77,M,7.00,M,M,M,M,M,M,M,M,M,M,M,M,M,M,M,M,88.26,VOTV 021000Z AUTO 30012KT 7SM 28/23 A2977 RMK T02800230 IEM_DS3505,M
VOTV,2002-09-02 11:00,76.9500,8.4667,82.40,73.40,74.28,300.00,10.00,M,29.77,M,7.00,M,M,M,M,M,M,M,M,M,M,M,M,M,M,M,M,88.26,VOTV 021100Z AUTO 30010KT 7SM 28/23 A2977 RMK T02800230 IEM_DS3505,M
VOTV,2002-09-02 12:00,76.9500,8.4667,80.60,73.40,78.76,300.00,10.00,M,29.80,M,5.00,M,M,M,M,M,M,M,M,M,M,M,M,M,M,M,M,85.32,VOTV 021200Z AUTO 30010KT 5SM 27/23 A2980 RMK T02700230 IEM_DS3505,M
VOTV,2002-09-02 14:00,76.9500,8.4667,80.60,73.40,78.76,300.00,12.00,M,29.85,M,4.00,M,M,M,M,M,M,M,M,M,M,M,M,M,M,M,M,85.32,VOTV 021400Z AUTO 30012KT 4SM 27/23 A2985 RMK T02700230 IEM_DS3505,M
VOTV,2002-09-03 01:00,76.9500,8.4667,80.60,75.20,83.66,0.00,0.00,M,29.88,M,2.00,M,M,M,M,M,M,M,M,M,M,M,M,M,M,M,M,86.17,VOTV 030100Z AUTO 00000KT 2SM 27/24 A2988 RMK T02700240 IEM_DS3505,M
VOTV,2002-09-03 06:00,76.9500,8.4667,M,M,M,310.00,11.00,M,M,M,5.00,M,M,M,M,M,M,M,M,M,M,M,M,M,M,M,M,M,VOTV 030600Z AUTO 31011KT 5SM RMK IEM_DS3505,M
VOTV,2002-09-03 08:00,76.9500,8.4667,84.20,75.20,74.44,300.00,12.00,M,29.83,M,5.00,M,M,M,M,M,M,M,M,M,M,M,M,M,M,M,M,92.45,VOTV 030800Z AUTO 30012KT 5SM 29/24 A2983 RMK T02900240 IEM_DS3505,M
VOTV,2002-09-03 12:00,76.9500,8.4667,M,M,M,300.00,7.00,M,M,M,4.00,M,M,M,M,M,M,M,M,M,M,M,M,M,M,M,M,M,VOTV 031200Z AUTO 30007KT 4SM RMK IEM_DS3505,M
VOTV,2002-09-03 13:00,76.9500,8.4667,80.60,75.20,83.66,320.00,3.00,M,29.83,M,4.00,M,M,M,M,M,M,M,M,M,M,M,M,M,M,M,M,86.17,VOTV 031300Z AUTO 32003KT 4SM 27/24 A2983 RMK T02700240 IEM_DS3505,M
VOTV,2002-09-03 23:00,76.9500,8.4667,77.00,71.60,83.44,0.00,0.00,M,29.83,M,2.00,M,M,M,M,M,M,M,M,M,M,M,M,M,M,M,M,78.32,VOTV 032300Z AUTO 00000KT 2SM 25/22 A2983 RMK T02500220 IEM_DS3505,M
VOTV,2002-09-04 00:00,76.9500,8.4667,77.00,71.60,83.44,0.00,0.00,M,29.83,M,2.00,M,M,M,M,M,M,M,M,M,M,M,M,M,M,M,M,78.32,VOTV 040000Z AUTO 00000KT 2SM 25/22 A2983 RMK T02500220 IEM_DS3505,M
VOTV,2002-09-04 01:00,76.9500,8.4667,78.80,73.40,83.55,0.00,0.00,M,29.83,M,2.00,M,M,M,M,M,M,M,M,M,M,M,M,M,M,M,M,82.03,VOTV 040100Z AUTO 00000KT 2SM 26/23 A2983 RMK T02600230 IEM_DS3505,M
VOTV,2002-09-04 02:00,76.9500,8.4667,82.40,73.40,74.28,340.00,6.00,M,29.85,M,4.00,M,M,M,M,M,M,M,M,M,M,M,M,M,M,M,M,88.26,VOTV 040200Z AUTO 34006KT 4SM 28/23 A2985 RMK T02800230 IEM_DS3505,M
VOTV,2002-09-04 03:00,76.9500,8.4667,84.20,73.40,70.08,330.00,8.00,M,29.88,M,5.00,M,M,M,M,M,M,M,M,M,M,M,M,M,M,M,M,90.94,VOTV 040300Z AUTO 33008KT 5SM 29/23 A2988 RMK T02900230 IEM_DS3505,M
VOTV,2002-09-04 04:00,76.9500,8.4667,82.40,73.40,74.28,270.00,8.00,M,29.88,M,5.00,M,M,M,M,M,M,M,M,M,M,M,M,M,M,M,M,88.26,VOTV 040400Z AUTO 27008KT 5SM 28/23 A2988 RMK T02800230 IEM_DS3505,M
VOTV,2002-09-04 05:00,76.9500,8.4667,M,M,M,270.00,8.00,M,M,M,5.00,M,M,M,M,M,M,M,M,M,M,M,M,M,M,M,M,M,VOTV 040500Z AUTO 27008KT 5SM RMK IEM_DS3505,M
VOTV,2002-09-04 06:00,76.9500,8.4667,M,M,M,280.00,12.00,M,M,M,5.00,M,M,M,M,M,M,M,M,M,M,M,M,M,M,M,M,M,VOTV 040600Z AUTO 28012KT 5SM RMK IEM_DS3505,M
VOTV,2002-09-04 07:00,76.9500,8.4667,84.20,73.40,70.08,300.00,12.00,M,29.83,M,5.00,M,M,M,M,M,M,M,M,M,M,M,M,M,M,M,M,90.94,VOTV 040700Z AUTO 30012KT 5SM 29/23 A2983 RMK T02900230 IEM_DS3505,M
VOTV,2002-09-04 08:00,76.9500,8.4667,84.20,73.40,70.08,300.00,8.00,M,29.80,M,5.00,18.00,M,M,M,M,M,M,M,M,M,M,M,M,M,M,M,90.94,VOTV 040800Z AUTO 30008G18KT 5SM 29/23 A2980 RMK T02900230 IEM_DS3505,M
VOTV,2002-09-04 10:00,76.9500,8.4667,84.20,75.20,74.44,290.00,8.00,M,29.77,M,5.00,18.00,M,M,M,M,M,M,M,M,M,M,M,M,M,M,M,92.45,VOTV 041000Z AUTO 29008G18KT 5SM 29/24 A2977 RMK T02900240 IEM_DS3505,M
VOTV,2002-09-04 11:00,76.9500,8.4667,82.40,75.20,78.90,300.00,8.00,M,29.77,M,5.00,18.00,M,M,M,M,M,M,M,M,M,M,M,M,M,M,M,89.48,VOTV 041100Z AUTO 30008G18KT 5SM 28/24 A2977 RMK T02800240 IEM_DS3505,M
VOTV,2002-09-04 12:00,76.9500,8.4667,82.40,77.00,83.77,290.00,6.00,M,29.77,M,4.00,M,M,M,M,M,M,M,M,M,M,M,M,M,M,M,M,90.85,VOTV 041200Z AUTO 29006KT 4SM 28/25 A2977 RMK T02800250 IEM_DS3505,M
VOTV,2002-09-04 13:00,76.9500,8.4667,80.60,75.20,83.66,310.00,5.00,M,29.80,M,2.50,M,M,M,M,M,M,M,M,M,M,M,M,M,M,M,M,86.17,VOTV 041300Z AUTO 31005KT 2 1/2SM 27/24 A2980 RMK T02700240 IEM_DS3505,M
VOTV,2002-09-04 17:00,76.9500,8.4667,78.80,75.20,88.75,0.00,0.00,M,29.83,M,2.00,M,M,M,M,M,M,M,M,M,M,M,M,M,M,M,M,82.38,VOTV 041700Z AUTO 00000KT 2SM 26/24 A2983 RMK T02600240 IEM_DS3505,M
VOTV,2002-09-05 00:00,76.9500,8.4667,78.80,73.40,83.55,0.00,0.00,M,29.80,M,2.50,M,M,M,M,M,M,M,M,M,M,M,M,M,M,M,M,82.03,VOTV 050000Z AUTO 00000KT 2 1/2SM 26/23 A2980 RMK T02600230 IEM_DS3505,M
VOTV,2002-09-05 01:00,76.9500,8.4667,80.60,75.20,83.66,0.00,0.00,M,29.83,M,2.50,M,M,M,M,M,M,M,M,M,M,M,M,M,M,M,M,86.17,VOTV 050100Z AUTO 00000KT 2 1/2SM 27/24 A2983 RMK T02700240 IEM_DS3505,M
VOTV,2002-09-05 02:00,76.9500,8.4667,82.40,73.40,74.28,340.00,6.00,M,29.83,M,2.50,M,M,M,M,M,M,M,M,M,M,M,M,M,M,M,M,88.26,VOTV 050200Z AUTO 34006KT 2 1/2SM 28/23 A2983 RMK T02800230 IEM_DS3505,M
VOTV,2002-09-05 03:00,76.9500,8.4667,84.20,75.20,74.44,340.00,4.00,M,29.85,M,4.00,M,M,M,M,M,M,M,M,M,M,M,M,M,M,M,M,92.45,VOTV 050300Z AUTO 34004KT 4SM 29/24 A2985 RMK T02900240 IEM_DS3505,M
VOTV,2002-09-05 08:00,76.9500,8.4667,86.00,75.20,70.27,270.00,9.00,M,29.77,M,5.00,M,M,M,M,M,M,M,M,M,M,M,M,M,M,M,M,95.19,VOTV 050800Z AUTO 27009KT 5SM 30/24 A2977 RMK T03000240 IEM_DS3505,M
VOTV,2002-09-05 12:00,76.9500,8.4667,82.40,73.40,74.28,290.00,8.00,M,29.77,M,4.00,M,M,M,M,M,M,M,M,M,M,M,M,M,M,M,M,88.26,VOTV 051200Z AUTO 29008KT 4SM 28/23 A2977 RMK T02800230 IEM_DS3505,M
VOTV,2002-09-05 13:00,76.9500,8.4667,80.60,73.40,78.76,300.00,5.00,M,29.80,M,2.50,M,M,M,M,M,M,M,M,M,M,M,M,M,M,M,M,85.32,VOTV 051300Z AUTO 30005KT 2 1/2SM 27/23 A2980 RMK T02700230 IEM_DS3505,M
VOTV,2002-09-06 02:00,76.9500,8.4667,82.40,73.40,74.28,0.00,0.00,M,29.85,M,2.50,M,M,M,M,M,M,M,M,M,M,M,M,M,M,M,M,88.26,VOTV 060200Z AUTO 00000KT 2 1/2SM 28/23 A2985 RMK T02800230 IEM_DS3505,M
VOTV,2002-09-06 03:00,76.9500,8.4667,84.20,75.20,74.44,M,M,M,29.85,M,4.00,M,M,M,M,M,M,M,M,M,M,M,M,M,M,M,M,92.45,VOTV 060300Z AUTO 4SM 29/24 A2985 RMK T02900240 IEM_DS3505,M
VOTV,2002-09-06 04:00,76.9500,8.4667,84.20,75.20,74.44,M,M,M,29.85,M,5.00,M,M,M,M,M,M,M,M,M,M,M,M,M,M,M,M,92.45,VOTV 060400Z AUTO 5SM 29/24 A2985 RMK T02900240 IEM_DS3505,M
VOTV,2002-09-06 05:00,76.9500,8.4667,86.00,75.20,70.27,290.00,9.00,M,29.85,M,5.00,M,M,M,M,M,M,M,M,M,M,M,M,M,M,M,M,95.19,VOTV 060500Z AUTO 29009KT 5SM 30/24 A2985 RMK T03000240 IEM_DS3505,M
VOTV,2002-09-06 10:00,76.9500,8.4667,M,M,M,300.00,14.00,M,M,M,4.00,M,M,M,M,M,M,M,M,M,M,M,M,M,M,M,M,M,VOTV 061000Z AUTO 30014KT 4SM RMK IEM_DS3505,M
VOTV,2002-09-06 11:00,76.9500,8.4667,84.20,73.40,70.08,300.00,10.00,M,29.77,M,M,M,M,M,M,M,M,M,M,M,M,M,M,M,M,M,M,90.94,VOTV 061100Z AUTO 30010KT 29/23 A2977 RMK T02900230 IEM_DS3505,M
VOTV,2002-09-06 12:00,76.9500,8.4667,82.40,73.40,74.28,320.00,8.00,M,29.80,M,2.50,M,M,M,M,M,M,M,M,M,M,M,M,M,M,M,M,88.26,VOTV 061200Z AUTO 32008KT 2 1/2SM 28/23 A2980 RMK T02800230 IEM_DS3505,M
VOTV,2002-09-06 14:00,76.9500,8.4667,82.40,73.40,74.28,0.00,0.00,M,29.83,M,2.50,M,M,M,M,M,M,M,M,M,M,M,M,M,M,M,M,88.26,VOTV 061400Z AUTO 00000KT 2 1/2SM 28/23 A2983 RMK T02800230 IEM_DS3505,M
VOTV,2002-09-07 01:00,76.9500,8.4667,78.80,73.40,83.55,0.00,0.00,M,29.85,M,2.00,M,M,M,M,M,M,M,M,M,M,M,M,M,M,M,M,82.03,VOTV 070100Z AUTO 00000KT 2SM 26/23 A2985 RMK T02600230 IEM_DS3505,M
VOTV,2002-09-07 02:00,76.9500,8.4667,M,M,M,0.00,0.00,M,29.85,M,2.50,M,M,M,M,M,M,M,M,M,M,M,M,M,M,M,M,M,VOTV 070200Z AUTO 00000KT 2 1/2SM A2985 RMK IEM_DS3505,M
VOTV,2002-09-07 03:00,76.9500,8.4667,82.40,73.40,74.28,0.00,0.00,M,29.88,M,4.00,M,M,M,M,M,M,M,M,M,M,M,M,M,M,M,M,88.26,VOTV 070300Z AUTO 00000KT 4SM 28/23 A2988 RMK T02800230 IEM_DS3505,M
VOTV,2002-09-07 04:00,76.9500,8.4667,84.20,75.20,74.44,300.00,5.00,M,29.88,M,4.00,M,M,M,M,M,M,M,M,M,M,M,M,M,M,M,M,92.45,VOTV 070400Z AUTO 30005KT 4SM 29/24 A2988 RMK T02900240 IEM_DS3505,M
VOTV,2002-09-07 05:00,76.9500,8.4667,86.00,73.40,66.15,310.00,10.00,M,29.88,M,M,20.00,M,M,M,M,M,M,M,M,M,M,M,M,M,M,M,93.45,VOTV 070500Z AUTO 31010G20KT 30/23 A2988 RMK T03000230 IEM_DS3505,M
VOTV,2002-09-07 06:00,76.9500,8.4667,86.00,73.40,66.15,300.00,8.00,M,29.85,M,5.00,18.00,M,M,M,M,M,M,M,M,M,M,M,M,M,M,M,93.45,VOTV 070600Z AUTO 30008G18KT 5SM 30/23 A2985 RMK T03000230 IEM_DS3505,M
VOTV,2002-09-07 08:00,76.9500,8.4667,84.20,73.40,70.08,310.00,12.00,M,29.80,M,5.00,22.00,M,M,M,M,M,M,M,M,M,M,M,M,M,M,M,90.94,VOTV 070800Z AUTO 31012G22KT 5SM 29/23 A2980 RMK T02900230 IEM_DS3505,M
VOTV,2002-09-07 09:00,76.9500,8.4667,84.20,73.40,70.08,270.00,6.00,M,29.80,M,5.00,M,M,M,M,M,M,M,M,M,M,M,M,M,M,M,M,90.94,VOTV 070900Z AUTO 27006KT 5SM 29/23 A2980 RMK T02900230 IEM_DS3505,M
VOTV,2002-09-07 10:00,76.9500,8.4667,84.20,73.40,70.08,270.00,12.00,M,29.80,M,5.00,22.00,M,M,M,M,M,M,M,M,M,M,M,M,M,M,M,90.94,VOTV 071000Z AUTO 27012G22KT 5SM 29/23 A2980 RMK T02900230 IEM_DS3505,M
VOTV,2002-09-07 11:00,76.9500,8.4667,84.20,73.40,70.08,300.00,8.00,M,29.80,M,5.00,18.00,M,M,M,M,M,M,M,M,M,M,M,M,M,M,M,90.94,VOTV 071100Z AUTO 30008G18KT 5SM 29/23 A2980 RMK T02900230 IEM_DS3505,M
VOTV,2002-09-07 12:00,76.9500,8.4667,82.40,73.40,74.28,290.00,4.00,M,29.83,M,4.00,M,M,M,M,M,M,M,M,M,M,M,M,M,M,M,M,88.26,VOTV 071200Z AUTO 29004KT 4SM 28/23 A2983 RMK T02800230 IEM_DS3505,M
VOTV,2002-09-07 14:00,76.9500,8.4667,82.40,73.40,74.28,320.00,8.00,M,29.85,M,2.50,M,M,M,M,M,M,M,M,M,M,M,M,M,M,M,M,88.26,VOTV 071400Z AUTO 32008KT 2 1/2SM 28/23 A2985 RMK T02800230 IEM_DS3505,M
VOTV,2002-09-07 15:00,76.9500,8.4667,82.40,73.40,74.28,310.00,5.00,M,29.85,M,2.50,M,M,M,M,M,M,M,M,M,M,M,M,M,M,M,M,88.26,VOTV 071500Z AUTO 31005KT 2 1/2SM 28/23 A2985 RMK T02800230 IEM_DS3505,M
VOTV,2002-09-07 16:00,76.9500,8.4667,80.60,73.40,78.76,0.00,0.00,M,29.88,M,2.50,M,M,M,M,M,M,M,M,M,M,M,M,M,M,M,M,85.32,VOTV 071600Z AUTO 00000KT 2 1/2SM 27/23 A2988 RMK T02700230 IEM_DS3505,M
VOTV,2002-09-08 00:00,76.9500,8.4667,77.00,73.40,88.67,0.00,0.00,M,29.85,M,1.50,M,M,M,M,M,M,M,M,M,M,M,M,M,M,M,M,78.57,VOTV 080000Z AUTO 00000KT 1 1/2SM 25/23 A2985 RMK T02500230 IEM_DS3505,M
VOTV,2002-09-08 08:00,76.9500,8.4667,84.20,73.40,70.08,290.00,10.00,M,29.83,M,5.00,M,M,M,M,M,M,M,M,M,M,M,M,M,M,M,M,90.94,VOTV 080800Z AUTO 29010KT 5SM 29/23 A2983 RMK T02900230 IEM_DS3505,M
VOTV,2002-09-08 12:00,76.9500,8.4667,82.40,75.20,78.90,320.00,8.00,M,29.83,M,4.00,M,M,M,M,M,M,M,M,M,M,M,M,M,M,M,M,89.48,VOTV 081200Z AUTO 32008KT 4SM 28/24 A2983 RMK T02800240 IEM_DS3505,M
VOTV,2002-09-08 13:00,76.9500,8.4667,80.60,75.20,83.66,300.00,4.00,M,29.83,M,2.50,M,M,M,M,M,M,M,M,M,M,M,M,M,M,M,M,86.17,VOTV 081300Z AUTO 30004KT 2 1/2SM 27/24 A2983 RMK T02700240 IEM_DS3505,M
VOTV,2002-09-08 14:00,76.9500,8.4667,80.60,75.20,83.66,300.00,6.00,M,29.85,M,2.50,M,M,M,M,M,M,M,M,M,M,M,M,M,M,M,M,86.17,VOTV 081400Z AUTO 30006KT 2 1/2SM 27/24 A2985 RMK T02700240 IEM_DS3505,M
VOTV,2002-09-08 15:00,76.9500,8.4667,80.60,75.20,83.66,0.00,0.00,M,29.88,M,2.50,M,M,M,M,M,M,M,M,M,M,M,M,M,M,M,M,86.17,VOTV 081500Z AUTO 00000KT 2 1/2SM 27/24 A2988 RMK T02700240 IEM_DS3505,M
VOTV,2002-09-08 20:00,76.9500,8.4667,M,M,M,0.00,0.00,M,M,M,2.50,M,M,M,M,M,M,M,M,M,M,M,M,M,M,M,M,M,VOTV 082000Z AUTO 00000KT 2 1/2SM RMK IEM_DS3505,M
VOTV,2002-09-09 00:00,76.9500,8.4667,M,M,M,0.00,0.00,M,M,M,2.00,M,M,M,M,M,M,M,M,M,M,M,M,M,M,M,M,M,VOTV 090000Z AUTO 00000KT 2SM RMK IEM_DS3505,M
VOTV,2002-09-09 01:00,76.9500,8.4667,M,M,M,0.00,0.00,M,M,M,2.50,M,M,M,M,M,M,M,M,M,M,M,M,M,M,M,M,M,VOTV 090100Z AUTO 00000KT 2 1/2SM RMK IEM_DS3505,M
VOTV,2002-09-09 11:00,76.9500,8.4667,M,M,M,320.00,3.00,M,M,M,2.50,M,M,M,M,M,M,M,M,M,M,M,M,M,M,M,M,M,VOTV 091100Z AUTO 32003KT 2 1/2SM RMK IEM_DS3505,M
VOTV,2002-09-09 12:00,76.9500,8.4667,M,M,M,0.00,0.00,M,M,M,2.00,M,M,M,M,M,M,M,M,M,M,M,M,M,M,M,M,M,VOTV 091200Z AUTO 00000KT 2SM RMK IEM_DS3505,M
VOTV,2002-09-09 13:00,76.9500,8.4667,M,M,M,0.00,0.00,M,M,M,2.00,M,M,M,M,M,M,M,M,M,M,M,M,M,M,M,M,M,VOTV 091300Z AUTO 00000KT 2SM RMK IEM_DS3505,M
VOTV,2002-09-09 22:00,76.9500,8.4667,M,M,M,0.00,0.00,M,M,M,1.50,M,M,M,M,M,M,M,M,M,M,M,M,M,M,M,M,M,VOTV 092200Z AUTO 00000KT 1 1/2SM RMK IEM_DS3505,M
VOTV,2002-09-10 04:00,76.9500,8.4667,M,M,M,360.00,4.00,M,M,M,5.00,M,M,M,M,M,M,M,M,M,M,M,M,M,M,M,M,M,VOTV 100400Z AUTO 36004KT 5SM RMK IEM_DS3505,M
VOTV,2002-09-10 06:00,76.9500,8.4667,M,M,M,300.00,8.00,M,M,M,4.00,18.00,M,M,M,M,M,M,M,M,M,M,M,M,M,M,M,M,VOTV 100600Z AUTO 30008G18KT 4SM RMK IEM_DS3505,M
VOTV,2002-09-10 09:00,76.9500,8.4667,M,M,M,290.00,6.00,M,M,M,4.00,M,M,M,M,M,M,M,M,M,M,M,M,M,M,M,M,M,VOTV 100900Z AUTO 29006KT 4SM RMK IEM_DS3505,M
VOTV,2002-09-10 12:00,76.9500,8.4667,M,M,M,300.00,5.00,M,M,M,2.50,M,M,M,M,M,M,M,M,M,M,M,M,M,M,M,M,M,VOTV 101200Z AUTO 30005KT 2 1/2SM RMK IEM_DS3505,M
VOTV,2002-09-11 02:00,76.9500,8.4667,80.60,75.20,83.66,0.00,0.00,M,29.85,M,2.00,M,M,M,M,M,M,M,M,M,M,M,M,M,M,M,M,86.17,VOTV 110200Z AUTO 00000KT 2SM 27/24 A2985 RMK T02700240 IEM_DS3505,M
VOTV,2002-09-11 04:00,76.9500,8.4667,84.20,73.40,70.08,290.00,10.00,M,29.85,M,M,M,M,M,M,M,M,M,M,M,M,M,M,M,M,M,M,90.94,VOTV 110400Z AUTO 29010KT 29/23 A2985 RMK T02900230 IEM_DS3505,M
VOTV,2002-09-11 05:00,76.9500,8.4667,M,M,M,280.00,8.00,M,M,M,4.00,M,M,M,M,M,M,M,M,M,M,M,M,M,M,M,M,M,VOTV 110500Z AUTO 28008KT 4SM RMK IEM_DS3505,M
VOTV,2002-09-11 06:00,76.9500,8.4667,M,M,M,270.00,10.00,M,M,M,5.00,M,M,M,M,M,M,M,M,M,M,M,M,M,M,M,M,M,VOTV 110600Z AUTO 27010KT 5SM RMK IEM_DS3505,M
VOTV,2002-09-11 07:00,76.9500,8.4667,M,M,M,300.00,11.00,M,M,M,5.00,M,M,M,M,M,M,M,M,M,M,M,M,M,M,M,M,M,VOTV 110700Z AUTO 30011KT 5SM RMK IEM_DS3505,M
VOTV,2002-09-11 08:00,76.9500,8.4667,84.20,73.40,70.08,300.00,10.00,M,29.77,M,5.00,M,M,M,M,M,M,M,M,M,M,M,M,M,M,M,M,90.94,VOTV 110800Z AUTO 30010KT 5SM 29/23 A2977 RMK T02900230 IEM_DS3505,M
VOTV,2002-09-11 09:00,76.9500,8.4667,84.20,73.40,70.08,290.00,9.00,M,29.77,M,5.00,M,M,M,M,M,M,M,M,M,M,M,M,M,M,M,M,90.94,VOTV 110900Z AUTO 29009KT 5SM 29/23 A2977 RMK T02900230 IEM_DS3505,M
VOTV,2002-09-11 11:00,76.9500,8.4667,82.40,73.40,74.28,300.00,10.00,M,29.74,M,4.00,M,M,M,M,M,M,M,M,M,M,M,M,M,M,M,M,88.26,VOTV 111100Z AUTO 30010KT 4SM 28/23 A2974 RMK T02800230 IEM_DS3505,M
VOTV,2002-09-11 12:00,76.9500,8.4667,80.60,75.20,83.66,300.00,6.00,M,29.77,M,4.00,M,M,M,M,M,M,M,M,M,M,M,M,M,M,M,M,86.17,VOTV 111200Z AUTO 30006KT 4SM 27/24 A2977 RMK T02700240 IEM_DS3505,M
VOTV,2002-09-11 16:00,76.9500,8.4667,78.80,73.40,83.55,0.00,0.00,M,29.85,M,2.00,M,M,M,M,M,M,M,M,M,M,M,M,M,M,M,M,82.03,VOTV 111600Z AUTO 00000KT 2SM 26/23 A2985 RMK T02600230 IEM_DS3505,M
VOTV,2002-09-12 02:00,76.9500,8.4667,M,M,M,340.00,7.00,M,M,M,2.50,M,M,M,M,M,M,M,M,M,M,M,M,M,M,M,M,M,VOTV 120200Z AUTO 34007KT 2 1/2SM RMK IEM_DS3505,M
VOTV,2002-09-12 03:00,76.9500,8.4667,M,M,M,340.00,8.00,M,M,M,5.00,M,M,M,M,M,M,M,M,M,M,M,M,M,M,M,M,M,VOTV 120300Z AUTO 34008KT 5SM RMK IEM_DS3505,M
VOTV,2002-09-12 04:00,76.9500,8.4667,M,M,M,280.00,9.00,M,M,M,5.00,M,M,M,M,M,M,M,M,M,M,M,M,M,M,M,M,M,VOTV 120400Z AUTO 28009KT 5SM RMK IEM_DS3505,M
VOTV,2002-09-12 05:00,76.9500,8.4667,M,M,M,290.00,9.00,M,M,M,4.00,M,M,M,M,M,M,M,M,M,M,M,M,M,M,M,M,M,VOTV 120500Z AUTO 29009KT 4SM RMK IEM_DS3505,M
VOTV,2002-09-12 06:00,76.9500,8.4667,M,M,M,300.00,12.00,M,M,M,4.00,M,M,M,M,M,M,M,M,M,M,M,M,M,M,M,M,M,VOTV 120600Z AUTO 30012KT 4SM RMK IEM_DS3505,M
VOTV,2002-09-12 08:00,76.9500,8.4667,M,M,M,280.00,8.00,M,M,M,5.00,M,M,M,M,M,M,M,M,M,M,M,M,M,M,M,M,M,VOTV 120800Z AUTO 28008KT 5SM RMK IEM_DS3505,M
VOTV,2002-09-12 09:00,76.9500,8.4667,82.40,73.40,74.28,280.00,8.00,M,29.77,M,7.00,18.00,M,M,M,M,M,M,M,M,M,M,M,M,M,M,M,88.26,VOTV 120900Z AUTO 28008G18KT 7SM 28/23 A2977 RMK T02800230 IEM_DS3505,M
VOTV,2002-09-12 10:00,76.9500,8.4667,82.40,73.40,74.28,290.00,12.00,M,29.77,M,7.00,M,M,M,M,M,M,M,M,M,M,M,M,M,M,M,M,88.26,VOTV 121000Z AUTO 29012KT 7SM 28/23 A2977 RMK T02800230 IEM_DS3505,M
VOTV,2002-09-12 11:00,76.9500,8.4667,82.40,73.40,74.28,300.00,10.00,M,29.80,M,7.00,M,M,M,M,M,M,M,M,M,M,M,M,M,M,M,M,88.26,VOTV 121100Z AUTO 30010KT 7SM 28/23 A2980 RMK T02800230 IEM_DS3505,M
VOTV,2002-09-12 12:00,76.9500,8.4667,82.40,73.40,74.28,300.00,6.00,M,29.80,M,5.00,M,M,M,M,M,M,M,M,M,M,M,M,M,M,M,M,88.26,VOTV 121200Z AUTO 30006KT 5SM 28/23 A2980 RMK T02800230 IEM_DS3505,M
VOTV,2002-09-12 13:00,76.9500,8.4667,80.60,73.40,78.76,0.00,0.00,M,29.83,M,2.00,M,M,M,M,M,M,M,M,M,M,M,M,M,M,M,M,85.32,VOTV 121300Z AUTO 00000KT 2SM 27/23 A2983 RMK T02700230 IEM_DS3505,M
VOTV,2002-09-12 15:00,76.9500,8.4667,80.60,73.40,78.76,330.00,3.00,M,29.85,M,2.00,M,M,M,M,M,M,M,M,M,M,M,M,M,M,M,M,85.32,VOTV 121500Z AUTO 33003KT 2SM 27/23 A2985 RMK T02700230 IEM_DS3505,M
VOTV,2002-09-13 00:00,76.9500,8.4667,77.00,73.40,88.67,0.00,0.00,M,29.85,M,2.00,M,M,M,M,M,M,M,M,M,M,M,M,M,M,M,M,78.57,VOTV 130000Z AUTO 00000KT 2SM 25/23 A2985 RMK T02500230 IEM_DS3505,M
VOTV,2002-09-13 01:00,76.9500,8.4667,78.80,73.40,83.55,0.00,0.00,M,29.85,M,2.00,M,M,M,M,M,M,M,M,M,M,M,M,M,M,M,M,82.03,VOTV 130100Z AUTO 00000KT 2SM 26/23 A2985 RMK T02600230 IEM_DS3505,M
VOTV,2002-09-13 03:00,76.9500,8.4667,84.20,73.40,70.08,350.00,3.00,M,29.88,M,2.50,M,M,M,M,M,M,M,M,M,M,M,M,M,M,M,M,90.94,VOTV 130300Z AUTO 35003KT 2 1/2SM 29/23 A2988 RMK T02900230 IEM_DS3505,M
VOTV,2002-09-13 04:00,76.9500,8.4667,82.40,73.40,74.28,290.00,8.00,M,29.88,M,4.00,M,M,M,M,M,M,M,M,M,M,M,M,M,M,M,M,88.26,VOTV 130400Z AUTO 29008KT 4SM 28/23 A2988 RMK T02800230 IEM_DS3505,M
VOTV,2002-09-13 05:00,76.9500,8.4667,82.40,73.40,74.28,270.00,13.00,M,29.88,M,4.00,M,M,M,M,M,M,M,M,M,M,M,M,M,M,M,M,88.26,VOTV 130500Z AUTO 27013KT 4SM 28/23 A2988 RMK T02800230 IEM_DS3505,M
VOTV,2002-09-13 06:00,76.9500,8.4667,82.40,73.40,74.28,300.00,13.00,M,29.85,M,4.00,M,M,M,M,M,M,M,M,M,M,M,M,M,M,M,M,88.26,VOTV 130600Z AUTO 30013KT 4SM 28/23 A2985 RMK T02800230 IEM_DS3505,M
VOTV,2002-09-13 08:00,76.9500,8.4667,84.20,73.40,70.08,300.00,12.00,M,29.83,M,5.00,22.00,M,M,M,M,M,M,M,M,M,M,M,M,M,M,M,90.94,VOTV 130800Z AUTO 30012G22KT 5SM 29/23 A2983 RMK T02900230 IEM_DS3505,M
VOTV,2002-09-13 09:00,76.9500,8.4667,84.20,73.40,70.08,300.00,15.00,M,29.80,M,5.00,25.00,M,M,M,M,M,M,M,M,M,M,M,M,M,M,M,90.94,VOTV 130900Z AUTO 30015G25KT 5SM 29/23 A2980 RMK T02900230 IEM_DS3505,M
VOTV,2002-09-13 10:00,76.9500,8.4667,84.20,73.40,70.08,300.00,10.00,M,29.80,M,5.00,20.00,M,M,M,M,M,M,M,M,M,M,M,M,M,M,M,90.94,VOTV 131000Z AUTO 30010G20KT 5SM 29/23 A2980 RMK T02900230 IEM_DS3505,M
VOTV,2002-09-13 11:00,76.9500,8.4667,M,M,M,300.00,15.00,M,M,M,M,25.00,M,M,M,M,M,M,M,M,M,M,M,M,M,M,M,M,VOTV 131100Z AUTO 30015G25KT RMK IEM_DS3505,M
VOTV,2002-09-13 12:00,76.9500,8.4667,80.60,73.40,78.76,300.00,8.00,M,29.80,M,4.00,18.00,M,M,M,M,M,M,M,M,M,M,M,M,M,M,M,85.32,VOTV 131200Z AUTO 30008G18KT 4SM 27/23 A2980 RMK T02700230 IEM_DS3505,M
VOTV,2002-09-13 13:00,76.9500,8.4667,80.60,73.40,78.76,320.00,5.00,M,29.83,M,3.00,M,M,M,M,M,M,M,M,M,M,M,M,M,M,M,M,85.32,VOTV 131300Z AUTO 32005KT 3SM 27/23 A2983 RMK T02700230 IEM_DS3505,M
VOTV,2002-09-13 16:00,76.9500,8.4667,80.60,73.40,78.76,330.00,4.00,M,29.88,M,1.50,M,M,M,M,M,M,M,M,M,M,M,M,M,M,M,M,85.32,VOTV 131600Z AUTO 33004KT 1 1/2SM 27/23 A2988 RMK T02700230 IEM_DS3505,M
VOTV,2002-09-13 18:00,76.9500,8.4667,78.80,73.40,83.55,0.00,0.00,M,29.88,M,1.50,M,M,M,M,M,M,M,M,M,M,M,M,M,M,M,M,82.03,VOTV 131800Z AUTO 00000KT 1 1/2SM 26/23 A2988 RMK T02600230 IEM_DS3505,M
VOTV,2002-09-14 02:00,76.9500,8.4667,80.60,73.40,78.76,330.00,5.00,M,29.88,M,2.50,M,M,M,M,M,M,M,M,M,M,M,M,M,M,M,M,85.32,VOTV 140200Z AUTO 33005KT 2 1/2SM 27/23 A2988 RMK T02700230 IEM_DS3505,M
VOTV,2002-09-14 03:00,76.9500,8.4667,84.20,73.40,70.08,340.00,8.00,M,29.88,M,5.00,M,M,M,M,M,M,M,M,M,M,M,M,M,M,M,M,90.94,VOTV 140300Z AUTO 34008KT 5SM 29/23 A2988 RMK T02900230 IEM_DS3505,M
VOTV,2002-09-14 04:00,76.9500,8.4667,86.00,73.40,66.15,340.00,12.00,M,29.88,M,7.00,22.00,M,M,M,M,M,M,M,M,M,M,M,M,M,M,M,93.45,VOTV 140400Z AUTO 34012G22KT 7SM 30/23 A2988 RMK T03000230 IEM_DS3505,M
VOTV,2002-09-14 05:00,76.9500,8.4667,86.00,73.40,66.15,340.00,8.00,M,29.88,M,7.00,18.00,M,M,M,M,M,M,M,M,M,M,M,M,M,M,M,93.45,VOTV 140500Z AUTO 34008G18KT 7SM 30/23 A2988 RMK T03000230 IEM_DS3505,M
VOTV,2002-09-14 06:00,76.9500,8.4667,84.20,73.40,70.08,300.00,14.00,M,29.85,M,7.00,24.00,M,M,M,M,M,M,M,M,M,M,M,M,M,M,M,90.94,VOTV 140600Z AUTO 30014G24KT 7SM 29/23 A2985 RMK T02900230 IEM_DS3505,M
VOTV,2002-09-14 15:00,76.9500,8.4667,78.80,73.40,83.55,0.00,0.00,M,29.91,M,1.50,M,M,M,M,M,M,M,M,M,M,M,M,M,M,M,M,82.03,VOTV 141500Z AUTO 00000KT 1 1/2SM 26/23 A2991 RMK T02600230 IEM_DS3505,M
VOTV,2002-09-14 16:00,76.9500,8.4667,78.80,73.40,83.55,0.00,0.00,M,29.91,M,1.50,M,M,M,M,M,M,M,M,M,M,M,M,M,M,M,M,82.03,VOTV 141600Z AUTO 00000KT 1 1/2SM 26/23 A2991 RMK T02600230 IEM_DS3505,M
VOTV,2002-09-14 22:00,76.9500,8.4667,77.00,73.40,88.67,0.00,0.00,M,29.85,M,1.50,M,M,M,M,M,M,M,M,M,M,M,M,M,M,M,M,78.57,VOTV 142200Z AUTO 00000KT 1 1/2SM 25/23 A2985 RMK T02500230 IEM_DS3505,M
VOTV,2002-09-14 23:00,76.9500,8.4667,77.00,73.40,88.67,0.00,0.00,M,29.85,M,2.00,M,M,M,M,M,M,M,M,M,M,M,M,M,M,M,M,78.57,VOTV 142300Z AUTO 00000KT 2SM 25/23 A2985 RMK T02500230 IEM_DS3505,M
VOTV,2002-09-15 02:00,76.9500,8.4667,82.40,73.40,74.28,350.00,3.00,M,29.91,M,2.00,M,M,M,M,M,M,M,M,M,M,M,M,M,M,M,M,88.26,VOTV 150200Z AUTO 35003KT 2SM 28/23 A2991 RMK T02800230 IEM_DS3505,M
VOTV,2002-09-15 08:00,76.9500,8.4667,M,M,M,300.00,9.00,M,M,M,5.00,M,M,M,M,M,M,M,M,M,M,M,M,M,M,M,M,M,VOTV 150800Z AUTO 30009KT 5SM RMK IEM_DS3505,M
VOTV,2002-09-15 12:00,76.9500,8.4667,80.60,73.40,78.76,270.00,5.00,M,29.85,M,4.00,M,M,M,M,M,M,M,M,M,M,M,M,M,M,M,M,85.32,VOTV 151200Z AUTO 27005KT 4SM 27/23 A2985 RMK T02700230 IEM_DS3505,M
VOTV,2002-09-15 13:00,76.9500,8.4667,80.60,75.20,83.66,0.00,0.00,M,29.88,M,2.50,M,M,M,M,M,M,M,M,M,M,M,M,M,M,M,M,86.17,VOTV 151300Z AUTO 00000KT 2 1/2SM 27/24 A2988 RMK T02700240 IEM_DS3505,M
VOTV,2002-09-15 14:00,76.9500,8.4667,80.60,75.20,83.66,0.00,0.00,M,29.91,M,2.00,M,M,M,M,M,M,M,M,M,M,M,M,M,M,M,M,86.17,VOTV 151400Z AUTO 00000KT 2SM 27/24 A2991 RMK T02700240 IEM_DS3505,M
VOTV,2002-09-15 16:00,76.9500,8.4667,78.80,73.40,83.55,0.00,0.00,M,29.94,M,2.00,M,M,M,M,M,M,M,M,M,M,M,M,M,M,M,M,82.03,VOTV 151600Z AUTO 00000KT 2SM 26/23 A2994 RMK T02600230 IEM_DS3505,M
VOTV,2002-09-16 00:00,76.9500,8.4667,77.00,73.40,88.67,0.00,0.00,M,29.94,M,1.50,M,M,M,M,M,M,M,M,M,M,M,M,M,M,M,M,78.57,VOTV 160000Z AUTO 00000KT 1 1/2SM 25/23 A2994 RMK T02500230 IEM_DS3505,M
VOTV,2002-09-16 02:00,76.9500,8.4667,82.40,73.40,74.28,350.00,4.00,M,29.97,M,2.50,M,M,M,M,M,M,M,M,M,M,M,M,M,M,M,M,88.26,VOTV 160200Z AUTO 35004KT 2 1/2SM 28/23 A2997 RMK T02800230 IEM_DS3505,M
VOTV,2002-09-16 03:00,76.9500,8.4667,84.20,73.40,70.08,340.00,6.00,M,29.97,M,M,M,M,M,M,M,M,M,M,M,M,M,M,M,M,M,M,90.94,VOTV 160300Z AUTO 34006KT 29/23 A2997 RMK T02900230 IEM_DS3505,M
VOTV,2002-09-16 04:00,76.9500,8.4667,84.20,73.40,70.08,300.00,6.00,M,29.97,M,M,M,M,M,M,M,M,M,M,M,M,M,M,M,M,M,M,90.94,VOTV 160400Z AUTO 30006KT 29/23 A2997 RMK T02900230 IEM_DS3505,M
VOTV,2002-09-16 06:00,76.9500,8.4667,M,M,M,280.00,8.00,M,M,M,5.00,M,M,M,M,M,M,M,M,M,M,M,M,M,M,M,M,M,VOTV 160600Z AUTO 28008KT 5SM RMK IEM_DS3505,M
VOTV,2002-09-16 09:00,76.9500,8.4667,86.00,73.40,66.15,260.00,10.00,M,29.88,M,5.00,M,M,M,M,M,M,M,M,M,M,M,M,M,M,M,M,93.45,VOTV 160900Z AUTO 26010KT 5SM 30/23 A2988 RMK T03000230 IEM_DS3505,M
VOTV,2002-09-16 10:00,76.9500,8.4667,M,M,M,310.00,8.00,M,M,M,5.00,M,M,M,M,M,M,M,M,M,M,M,M,M,M,M,M,M,VOTV 161000Z AUTO 31008KT 5SM RMK IEM_DS3505,M
VOTV,2002-09-16 11:00,76.9500,8.4667,84.20,73.40,70.08,290.00,8.00,M,29.88,M,M,M,M,M,M,M,M,M,M,M,M,M,M,M,M,M,M,90.94,VOTV 161100Z AUTO 29008KT 29/23 A2988 RMK T02900230 IEM_DS3505,M
VOTV,2002-09-16 12:00,76.9500,8.4667,82.40,73.40,74.28,320.00,6.00,M,29.88,M,2.50,M,M,M,M,M,M,M,M,M,M,M,M,M,M,M,M,88.26,VOTV 161200Z AUTO 32006KT 2 1/2SM 28/23 A2988 RMK T02800230 IEM_DS3505,M
VOTV,2002-09-16 13:00,76.9500,8.4667,80.60,73.40,78.76,0.00,0.00,M,29.91,M,2.50,M,M,M,M,M,M,M,M,M,M,M,M,M,M,M,M,85.32,VOTV 161300Z AUTO 00000KT 2 1/2SM 27/23 A2991 RMK T02700230 IEM_DS3505,M
VOTV,2002-09-16 14:00,76.9500,8.4667,80.60,73.40,78.76,0.00,0.00,M,29.91,M,2.50,M,M,M,M,M,M,M,M,M,M,M,M,M,M,M,M,85.32,VOTV 161400Z AUTO 00000KT 2 1/2SM 27/23 A2991 RMK T02700230 IEM_DS3505,M
VOTV,2002-09-16 16:00,76.9500,8.4667,78.80,73.40,83.55,0.00,0.00,M,29.97,M,2.50,M,M,M,M,M,M,M,M,M,M,M,M,M,M,M,M,82.03,VOTV 161600Z AUTO 00000KT 2 1/2SM 26/23 A2997 RMK T02600230 IEM_DS3505,M
VOTV,2002-09-17 01:00,76.9500,8.4667,M,M,M,0.00,0.00,M,M,M,2.00,M,M,M,M,M,M,M,M,M,M,M,M,M,M,M,M,M,VOTV 170100Z AUTO 00000KT 2SM RMK IEM_DS3505,M
VOTV,2002-09-17 02:00,76.9500,8.4667,M,M,M,0.00,0.00,M,M,M,2.50,M,M,M,M,M,M,M,M,M,M,M,M,M,M,M,M,M,VOTV 170200Z AUTO 00000KT 2 1/2SM RMK IEM_DS3505,M
VOTV,2002-09-17 05:00,76.9500,8.4667,84.20,73.40,70.08,270.00,6.00,M,29.91,M,5.00,M,M,M,M,M,M,M,M,M,M,M,M,M,M,M,M,90.94,VOTV 170500Z AUTO 27006KT 5SM 29/23 A2991 RMK T02900230 IEM_DS3505,M
VOTV,2002-09-17 08:00,76.9500,8.4667,M,M,M,310.00,10.00,M,M,M,7.00,M,M,M,M,M,M,M,M,M,M,M,M,M,M,M,M,M,VOTV 170800Z AUTO 31010KT 7SM RMK IEM_DS3505,M
VOTV,2002-09-17 11:00,76.9500,8.4667,M,M,M,290.00,8.00,M,M,M,5.00,M,M,M,M,M,M,M,M,M,M,M,M,M,M,M,M,M,VOTV 171100Z AUTO 29008KT 5SM RMK IEM_DS3505,M
VOTV,2002-09-17 12:00,76.9500,8.4667,82.40,73.40,74.28,320.00,6.00,M,29.83,M,4.00,M,M,M,M,M,M,M,M,M,M,M,M,M,M,M,M,88.26,VOTV 171200Z AUTO 32006KT 4SM 28/23 A2983 RMK T02800230 IEM_DS3505,M
VOTV,2002-09-17 13:00,76.9500,8.4667,80.60,73.40,78.76,290.00,6.00,M,29.85,M,4.00,M,M,M,M,M,M,M,M,M,M,M,M,M,M,M,M,85.32,VOTV 171300Z AUTO 29006KT 4SM 27/23 A2985 RMK T02700230 IEM_DS3505,M
VOTV,2002-09-17 14:00,76.9500,8.4667,80.60,73.40,78.76,330.00,6.00,M,29.88,M,3.00,M,M,M,M,M,M,M,M,M,M,M,M,M,M,M,M,85.32,VOTV 171400Z AUTO 33006KT 3SM 27/23 A2988 RMK T02700230 IEM_DS3505,M
VOTV,2002-09-17 15:00,76.9500,8.4667,80.60,73.40,78.76,0.00,0.00,M,29.88,M,2.50,M,M,M,M,M,M,M,M,M,M,M,M,M,M,M,M,85.32,VOTV 171500Z AUTO 00000KT 2 1/2SM 27/23 A2988 RMK T02700230 IEM_DS3505,M
VOTV,2002-09-17 23:00,76.9500,8.4667,77.00,73.40,88.67,0.00,0.00,M,29.85,M,2.00,M,M,M,M,M,M,M,M,M,M,M,M,M,M,M,M,78.57,VOTV 172300Z AUTO 00000KT 2SM 25/23 A2985 RMK T02500230 IEM_DS3505,M
VOTV,2002-09-18 03:00,76.9500,8.4667,84.20,73.40,70.08,300.00,6.00,M,29.91,M,5.00,M,M,M,M,M,M,M,M,M,M,M,M,M,M,M,M,90.94,VOTV 180300Z AUTO 30006KT 5SM 29/23 A2991 RMK T02900230 IEM_DS3505,M
VOTV,2002-09-18 04:00,76.9500,8.4667,86.00,69.80,58.55,330.00,12.00,M,29.91,M,5.00,M,M,M,M,M,M,M,M,M,M,M,M,M,M,M,M,90.58,VOTV 180400Z AUTO 33012KT 5SM 30/21 A2991 RMK T03000210 IEM_DS3505,M
VOTV,2002-09-18 05:00,76.9500,8.4667,86.00,69.80,58.55,270.00,12.00,M,29.91,M,7.00,M,M,M,M,M,M,M,M,M,M,M,M,M,M,M,M,90.58,VOTV 180500Z AUTO 27012KT 7SM 30/21 A2991 RMK T03000210 IEM_DS3505,M
VOTV,2002-09-18 06:00,76.9500,8.4667,86.00,69.80,58.55,290.00,10.00,M,29.88,M,7.00,M,M,M,M,M,M,M,M,M,M,M,M,M,M,M,M,90.58,VOTV 180600Z AUTO 29010KT 7SM 30/21 A2988 RMK T03000210 IEM_DS3505,M
VOTV,2002-09-18 09:00,76.9500,8.4667,84.20,73.40,70.08,280.00,10.00,M,29.77,M,7.00,M,M,M,M,M,M,M,M,M,M,M,M,M,M,M,M,90.94,VOTV 180900Z AUTO 28010KT 7SM 29/23 A2977 RMK T02900230 IEM_DS3505,M
VOTV,2002-09-18 10:00,76.9500,8.4667,84.20,73.40,70.08,300.00,10.00,M,29.77,M,5.00,M,M,M,M,M,M,M,M,M,M,M,M,M,M,M,M,90.94,VOTV 181000Z AUTO 30010KT 5SM 29/23 A2977 RMK T02900230 IEM_DS3505,M
VOTV,2002-09-18 11:00,76.9500,8.4667,82.40,73.40,74.28,300.00,8.00,M,29.80,M,5.00,M,M,M,M,M,M,M,M,M,M,M,M,M,M,M,M,88.26,VOTV 181100Z AUTO 30008KT 5SM 28/23 A2980 RMK T02800230 IEM_DS3505,M
VOTV,2002-09-18 12:00,76.9500,8.4667,82.40,73.40,74.28,300.00,8.00,M,29.80,M,4.00,M,M,M,M,M,M,M,M,M,M,M,M,M,M,M,M,88.26,VOTV 181200Z AUTO 30008KT 4SM 28/23 A2980 RMK T02800230 IEM_DS3505,M
VOTV,2002-09-18 13:00,76.9500,8.4667,80.60,73.40,78.76,310.00,5.00,M,29.83,M,4.00,M,M,M,M,M,M,M,M,M,M,M,M,M,M,M,M,85.32,VOTV 181300Z AUTO 31005KT 4SM 27/23 A2983 RMK T02700230 IEM_DS3505,M
VOTV,2002-09-18 14:00,76.9500,8.4667,80.60,73.40,78.76,310.00,6.00,M,29.85,M,2.50,M,M,M,M,M,M,M,M,M,M,M,M,M,M,M,M,85.32,VOTV 181400Z AUTO 31006KT 2 1/2SM 27/23 A2985 RMK T02700230 IEM_DS3505,M
VOTV,2002-09-18 15:00,76.9500,8.4667,80.60,73.40,78.76,0.00,0.00,M,29.88,M,2.50,M,M,M,M,M,M,M,M,M,M,M,M,M,M,M,M,85.32,VOTV 181500Z AUTO 00000KT 2 1/2SM 27/23 A2988 RMK T02700230 IEM_DS3505,M
VOTV,2002-09-19 02:40,76.9500,8.4667,80.60,73.40,78.76,0.00,0.00,M,29.88,M,2.50,M,M,M,M,M,M,M,M,M,M,M,M,M,M,M,M,85.32,VOTV 190240Z AUTO 00000KT 2 1/2SM 27/23 A2988 RMK T02700230 IEM_DS3505,M
VOTV,2002-09-19 03:40,76.9500,8.4667,M,M,M,320.00,6.00,M,M,M,5.00,M,M,M,M,M,M,M,M,M,M,M,M,M,M,M,M,M,VOTV 190340Z AUTO 32006KT 5SM RMK IEM_DS3505,M
VOTV,2002-09-19 04:40,76.9500,8.4667,M,M,M,310.00,6.00,M,M,M,5.00,M,M,M,M,M,M,M,M,M,M,M,M,M,M,M,M,M,VOTV 190440Z AUTO 31006KT 5SM RMK IEM_DS3505,M
VOTV,2002-09-19 05:40,76.9500,8.4667,86.00,73.40,66.15,290.00,6.00,M,29.91,M,5.00,M,M,M,M,M,M,M,M,M,M,M,M,M,M,M,M,93.45,VOTV 190540Z AUTO 29006KT 5SM 30/23 A2991 RMK T03000230 IEM_DS3505,M
VOTV,2002-09-19 07:40,76.9500,8.4667,86.00,73.40,66.15,300.00,10.00,M,29.85,M,5.00,M,M,M,M,M,M,M,M,M,M,M,M,M,M,M,M,93.45,VOTV 190740Z AUTO 30010KT 5SM 30/23 A2985 RMK T03000230 IEM_DS3505,M
VOTV,2002-09-19 08:40,76.9500,8.4667,86.00,73.40,66.15,290.00,8.00,M,29.83,M,5.00,M,M,M,M,M,M,M,M,M,M,M,M,M,M,M,M,93.45,VOTV 190840Z AUTO 29008KT 5SM 30/23 A2983 RMK T03000230 IEM_DS3505,M
VOTV,2002-09-19 10:40,76.9500,8.4667,84.20,73.40,70.08,290.00,7.00,M,29.83,M,5.00,17.00,M,M,M,M,M,M,M,M,M,M,M,M,M,M,M,90.94,VOTV 191040Z AUTO 29007G17KT 5SM 29/23 A2983 RMK T02900230 IEM_DS3505,M
VOTV,2002-09-19 14:40,76.9500,8.4667,80.60,73.40,78.76,300.00,8.00,M,29.88,M,2.00,M,M,M,M,M,M,M,M,M,M,M,M,M,M,M,M,85.32,VOTV 191440Z AUTO 30008KT 2SM 27/23 A2988 RMK T02700230 IEM_DS3505,M
VOTV,2002-09-20 01:40,76.9500,8.4667,78.80,73.40,83.55,0.00,0.00,M,29.88,M,2.00,M,M,M,M,M,M,M,M,M,M,M,M,M,M,M,M,82.03,VOTV 200140Z AUTO 00000KT 2SM 26/23 A2988 RMK T02600230 IEM_DS3505,M
VOTV,2002-09-20 03:40,76.9500,8.4667,84.20,73.40,70.08,330.00,6.00,M,29.91,M,M,M,M,M,M,M,M,M,M,M,M,M,M,M,M,M,M,90.94,VOTV 200340Z AUTO 33006KT 29/23 A2991 RMK T02900230 IEM_DS3505,M
VOTV,2002-09-20 04:40,76.9500,8.4667,M,M,M,290.00,6.00,M,M,M,5.00,M,M,M,M,M,M,M,M,M,M,M,M,M,M,M,M,M,VOTV 200440Z AUTO 29006KT 5SM RMK IEM_DS3505,M
VOTV,2002-09-20 05:40,76.9500,8.4667,M,M,M,280.00,8.00,M,M,M,4.00,M,M,M,M,M,M,M,M,M,M,M,M,M,M,M,M,M,VOTV 200540Z AUTO 28008KT 4SM RMK IEM_DS3505,M
VOTV,2002-09-20 08:40,76.9500,8.4667,M,M,M,270.00,13.00,M,M,M,5.00,M,M,M,M,M,M,M,M,M,M,M,M,M,M,M,M,M,VOTV 200840Z AUTO 27013KT 5SM RMK IEM_DS3505,M
VOTV,2002-09-20 11:40,76.9500,8.4667,84.20,73.40,70.08,300.00,10.00,M,29.83,M,5.00,M,M,M,M,M,M,M,M,M,M,M,M,M,M,M,M,90.94,VOTV 201140Z AUTO 30010KT 5SM 29/23 A2983 RMK T02900230 IEM_DS3505,M
VOTV,2002-09-20 12:40,76.9500,8.4667,84.20,75.20,74.44,300.00,8.00,M,29.85,M,4.00,M,M,M,M,M,M,M,M,M,M,M,M,M,M,M,M,92.45,VOTV 201240Z AUTO 30008KT 4SM 29/24 A2985 RMK T02900240 IEM_DS3505,M
VOTV,2002-09-20 23:40,76.9500,8.4667,M,M,M,0.00,0.00,M,M,M,2.00,M,M,M,M,M,M,M,M,M,M,M,M,M,M,M,M,M,VOTV 202340Z AUTO 00000KT 2SM RMK IEM_DS3505,M
VOTV,2002-09-21 00:40,76.9500,8.4667,M,M,M,0.00,0.00,M,M,M,2.00,M,M,M,M,M,M,M,M,M,M,M,M,M,M,M,M,M,VOTV 210040Z AUTO 00000KT 2SM RMK IEM_DS3505,M
VOTV,2002-09-21 01:40,76.9500,8.4667,78.80,73.40,83.55,0.00,0.00,M,29.88,M,2.00,M,M,M,M,M,M,M,M,M,M,M,M,M,M,M,M,82.03,VOTV 210140Z AUTO 00000KT 2SM 26/23 A2988 RMK T02600230 IEM_DS3505,M
VOTV,2002-09-21 02:40,76.9500,8.4667,82.40,75.20,78.90,360.00,6.00,M,29.88,M,4.00,M,M,M,M,M,M,M,M,M,M,M,M,M,M,M,M,89.48,VOTV 210240Z AUTO 36006KT 4SM 28/24 A2988 RMK T02800240 IEM_DS3505,M
VOTV,2002-09-21 03:40,76.9500,8.4667,84.20,73.40,70.08,320.00,6.00,M,29.88,M,5.00,M,M,M,M,M,M,M,M,M,M,M,M,M,M,M,M,90.94,VOTV 210340Z AUTO 32006KT 5SM 29/23 A2988 RMK T02900230 IEM_DS3505,M
VOTV,2002-09-21 04:40,76.9500,8.4667,86.00,73.40,66.15,300.00,8.00,M,29.88,M,5.00,M,M,M,M,M,M,M,M,M,M,M,M,M,M,M,M,93.45,VOTV 210440Z AUTO 30008KT 5SM 30/23 A2988 RMK T03000230 IEM_DS3505,M
VOTV,2002-09-21 05:40,76.9500,8.4667,86.00,73.40,66.15,290.00,8.00,M,29.88,M,5.00,18.00,M,M,M,M,M,M,M,M,M,M,M,M,M,M,M,93.45,VOTV 210540Z AUTO 29008G18KT 5SM 30/23 A2988 RMK T03000230 IEM_DS3505,M
VOTV,2002-09-21 06:40,76.9500,8.4667,86.00,73.40,66.15,300.00,8.00,M,29.85,M,5.00,M,M,M,M,M,M,M,M,M,M,M,M,M,M,M,M,93.45,VOTV 210640Z AUTO 30008KT 5SM 30/23 A2985 RMK T03000230 IEM_DS3505,M
VOTV,2002-09-21 07:40,76.9500,8.4667,86.00,73.40,66.15,290.00,10.00,M,29.83,M,5.00,20.00,M,M,M,M,M,M,M,M,M,M,M,M,M,M,M,93.45,VOTV 210740Z AUTO 29010G20KT 5SM 30/23 A2983 RMK T03000230 IEM_DS3505,M
VOTV,2002-09-21 09:40,76.9500,8.4667,86.00,73.40,66.15,300.00,10.00,M,29.77,M,7.00,20.00,M,M,M,M,M,M,M,M,M,M,M,M,M,M,M,93.45,VOTV 210940Z AUTO 30010G20KT 7SM 30/23 A2977 RMK T03000230 IEM_DS3505,M
VOTV,2002-09-21 10:40,76.9500,8.4667,84.20,71.60,65.95,290.00,15.00,M,29.77,M,5.00,25.00,M,M,M,M,M,M,M,M,M,M,M,M,M,M,M,89.60,VOTV 211040Z AUTO 29015G25KT 5SM 29/22 A2977 RMK T02900220 IEM_DS3505,M
VOTV,2002-09-21 12:40,76.9500,8.4667,82.40,73.40,74.28,290.00,8.00,M,29.80,M,4.00,18.00,M,M,M,M,M,M,M,M,M,M,M,M,M,M,M,88.26,VOTV 211240Z AUTO 29008G18KT 4SM 28/23 A2980 RMK T02800230 IEM_DS3505,M
VOTV,2002-09-21 13:40,76.9500,8.4667,80.60,73.40,78.76,320.00,12.00,M,29.83,M,4.00,22.00,M,M,M,M,M,M,M,M,M,M,M,M,M,M,M,85.32,VOTV 211340Z AUTO 32012G22KT 4SM 27/23 A2983 RMK T02700230 IEM_DS3505,M
VOTV,2002-09-21 14:40,76.9500,8.4667,80.60,73.40,78.76,300.00,10.00,M,29.85,M,2.50,M,M,M,M,M,M,M,M,M,M,M,M,M,M,M,M,85.32,VOTV 211440Z AUTO 30010KT 2 1/2SM 27/23 A2985 RMK T02700230 IEM_DS3505,M
VOTV,2002-09-22 01:40,76.9500,8.4667,77.00,73.40,88.67,320.00,4.00,M,29.83,M,2.50,M,M,M,M,M,M,M,M,M,M,M,M,M,M,M,M,78.57,VOTV 220140Z AUTO 32004KT 2 1/2SM 25/23 A2983 RMK T02500230 IEM_DS3505,M
VOTV,2002-09-22 02:40,76.9500,8.4667,80.60,73.40,78.76,340.00,5.00,M,29.85,M,4.00,M,M,M,M,M,M,M,M,M,M,M,M,M,M,M,M,85.32,VOTV 220240Z AUTO 34005KT 4SM 27/23 A2985 RMK T02700230 IEM_DS3505,M
VOTV,2002-09-22 03:40,76.9500,8.4667,84.20,73.40,70.08,350.00,5.00,M,29.88,M,5.00,M,M,M,M,M,M,M,M,M,M,M,M,M,M,M,M,90.94,VOTV 220340Z AUTO 35005KT 5SM 29/23 A2988 RMK T02900230 IEM_DS3505,M
VOTV,2002-09-22 04:40,76.9500,8.4667,87.80,71.60,58.78,360.00,12.00,M,29.85,M,5.00,M,M,M,M,M,M,M,M,M,M,M,M,M,M,M,M,94.18,VOTV 220440Z AUTO 36012KT 5SM 31/22 A2985 RMK T03100220 IEM_DS3505,M
VOTV,2002-09-22 07:40,76.9500,8.4667,86.00,71.60,62.25,290.00,10.00,M,29.80,M,7.00,20.00,M,M,M,M,M,M,M,M,M,M,M,M,M,M,M,91.92,VOTV 220740Z AUTO 29010G20KT 7SM 30/22 A2980 RMK T03000220 IEM_DS3505,M
VOTV,2002-09-22 12:40,76.9500,8.4667,82.40,73.40,74.28,300.00,6.00,M,29.80,M,5.00,M,M,M,M,M,M,M,M,M,M,M,M,M,M,M,M,88.26,VOTV 221240Z AUTO 30006KT 5SM 28/23 A2980 RMK T02800230 IEM_DS3505,M
VOTV,2002-09-22 14:40,76.9500,8.4667,80.60,73.40,78.76,330.00,5.00,M,29.83,M,2.50,M,M,M,M,M,M,M,M,M,M,M,M,M,M,M,M,85.32,VOTV 221440Z AUTO 33005KT 2 1/2SM 27/23 A2983 RMK T02700230 IEM_DS3505,M
VOTV,2002-09-22 15:40,76.9500,8.4667,80.60,73.40,78.76,330.00,4.00,M,29.85,M,2.50,M,M,M,M,M,M,M,M,M,M,M,M,M,M,M,M,85.32,VOTV 221540Z AUTO 33004KT 2 1/2SM 27/23 A2985 RMK T02700230 IEM_DS3505,M
VOTV,2002-09-22 23:40,76.9500,8.4667,77.00,73.40,88.67,0.00,0.00,M,29.83,M,2.00,M,M,M,M,M,M,M,M,M,M,M,M,M,M,M,M,78.57,VOTV 222340Z AUTO 00000KT 2SM 25/23 A2983 RMK T02500230 IEM_DS3505,M
VOTV,2002-09-23 03:40,76.9500,8.4667,84.20,69.80,62.03,330.00,9.00,M,29.85,M,M,M,M,M,M,M,M,M,M,M,M,M,M,M,M,M,M,88.43,VOTV 230340Z AUTO 33009KT 29/21 A2985 RMK T02900210 IEM_DS3505,M
VOTV,2002-09-23 07:40,76.9500,8.4667,86.00,69.80,58.55,290.00,8.00,M,29.80,M,5.00,18.00,M,M,M,M,M,M,M,M,M,M,M,M,M,M,M,90.58,VOTV 230740Z AUTO 29008G18KT 5SM 30/21 A2980 RMK T03000210 IEM_DS3505,M
VOTV,2002-09-23 08:40,76.9500,8.4667,84.20,69.80,62.03,290.00,8.00,M,29.77,M,5.00,18.00,M,M,M,M,M,M,M,M,M,M,M,M,M,M,M,88.43,VOTV 230840Z AUTO 29008G18KT 5SM 29/21 A2977 RMK T02900210 IEM_DS3505,M
VOTV,2002-09-23 11:40,76.9500,8.4667,82.40,68.00,61.81,290.00,8.00,M,29.74,M,M,18.00,M,M,M,M,M,M,M,M,M,M,M,M,M,M,M,85.38,VOTV 231140Z AUTO 29008G18KT 28/20 A2974 RMK T02800200 IEM_DS3505,M
VOTV,2002-09-23 13:40,76.9500,8.4667,80.60,68.00,65.54,320.00,10.00,M,29.80,M,2.50,M,M,M,M,M,M,M,M,M,M,M,M,M,M,M,M,83.29,VOTV 231340Z AUTO 32010KT 2 1/2SM 27/20 A2980 RMK T02700200 IEM_DS3505,M
VOTV,2002-09-23 14:40,76.9500,8.4667,80.60,69.80,69.71,320.00,6.00,M,29.80,M,2.50,M,M,M,M,M,M,M,M,M,M,M,M,M,M,M,M,83.90,VOTV 231440Z AUTO 32006KT 2 1/2SM 27/21 A2980 RMK T02700210 IEM_DS3505,M
VOTV,2002-09-23 15:40,76.9500,8.4667,80.60,69.80,69.71,0.00,0.00,M,29.83,M,2.00,M,M,M,M,M,M,M,M,M,M,M,M,M,M,M,M,83.90,VOTV 231540Z AUTO 00000KT 2SM 27/21 A2983 RMK T02700210 IEM_DS3505,M
VOTV,2002-09-23 17:40,76.9500,8.4667,77.00,71.60,83.44,0.00,0.00,M,29.85,M,2.00,M,M,M,M,M,M,M,M,M,M,M,M,M,M,M,M,78.32,VOTV 231740Z AUTO 00000KT 2SM 25/22 A2985 RMK T02500220 IEM_DS3505,M
VOTV,2002-09-24 00:40,76.9500,8.4667,77.00,68.00,73.78,0.00,0.00,M,29.80,M,1.50,M,M,M,M,M,M,M,M,M,M,M,M,M,M,M,M,77.00,VOTV 240040Z AUTO 00000KT 1 1/2SM 25/20 A2980 RMK T02500200 IEM_DS3505,M
VOTV,2002-09-24 03:40,76.9500,8.4667,84.20,64.40,51.47,340.00,12.00,M,29.85,M,M,M,M,M,M,M,M,M,M,M,M,M,M,M,M,M,M,85.71,VOTV 240340Z AUTO 34012KT 29/18 A2985 RMK T02900180 IEM_DS3505,M
VOTV,2002-09-24 04:40,76.9500,8.4667,87.80,68.00,51.98,340.00,8.00,M,29.85,M,M,M,M,M,M,M,M,M,M,M,M,M,M,M,M,M,M,91.43,VOTV 240440Z AUTO 34008KT 31/20 A2985 RMK T03100200 IEM_DS3505,M
VOTV,2002-09-24 05:40,76.9500,8.4667,86.00,69.80,58.55,290.00,10.00,M,29.83,M,5.00,M,M,M,M,M,M,M,M,M,M,M,M,M,M,M,M,90.58,VOTV 240540Z AUTO 29010KT 5SM 30/21 A2983 RMK T03000210 IEM_DS3505,M
VOTV,2002-09-24 06:40,76.9500,8.4667,M,M,M,270.00,8.00,M,M,M,4.00,18.00,M,M,M,M,M,M,M,M,M,M,M,M,M,M,M,M,VOTV 240640Z AUTO 27008G18KT 4SM RMK IEM_DS3505,M
VOTV,2002-09-24 09:40,76.9500,8.4667,86.00,73.40,66.15,300.00,8.00,M,29.71,M,5.00,18.00,M,M,M,M,M,M,M,M,M,M,M,M,M,M,M,93.45,VOTV 240940Z AUTO 30008G18KT 5SM 30/23 A2971 RMK T03000230 IEM_DS3505,M
VOTV,2002-09-24 10:40,76.9500,8.4667,84.20,73.40,70.08,300.00,8.00,M,29.68,M,5.00,18.00,M,M,M,M,M,M,M,M,M,M,M,M,M,M,M,90.94,VOTV 241040Z AUTO 30008G18KT 5SM 29/23 A2968 RMK T02900230 IEM_DS3505,M
VOTV,2002-09-24 15:40,76.9500,8.4667,80.60,71.60,74.11,300.00,4.00,M,29.83,M,4.00,M,M,M,M,M,M,M,M,M,M,M,M,M,M,M,M,84.57,VOTV 241540Z AUTO 30004KT 4SM 27/22 A2983 RMK T02700220 IEM_DS3505,M
VOTV,2002-09-24 17:40,76.9500,8.4667,80.60,73.40,78.76,0.00,0.00,M,29.83,M,2.50,M,M,M,M,M,M,M,M,M,M,M,M,M,M,M,M,85.32,VOTV 241740Z AUTO 00000KT 2 1/2SM 27/23 A2983 RMK T02700230 IEM_DS3505,M
VOTV,2002-09-24 22:40,76.9500,8.4667,78.80,73.40,83.55,0.00,0.00,M,29.80,M,2.50,M,M,M,M,M,M,M,M,M,M,M,M,M,M,M,M,82.03,VOTV 242240Z AUTO 00000KT 2 1/2SM 26/23 A2980 RMK T02600230 IEM_DS3505,M
VOTV,2002-09-25 00:40,76.9500,8.4667,78.80,73.40,83.55,0.00,0.00,M,29.80,M,2.50,M,M,M,M,M,M,M,M,M,M,M,M,M,M,M,M,82.03,VOTV 250040Z AUTO 00000KT 2 1/2SM 26/23 A2980 RMK T02600230 IEM_DS3505,M
VOTV,2002-09-25 01:40,76.9500,8.4667,80.60,73.40,78.76,0.00,0.00,M,29.80,M,2.00,M,M,M,M,M,M,M,M,M,M,M,M,M,M,M,M,85.32,VOTV 250140Z AUTO 00000KT 2SM 27/23 A2980 RMK T02700230 IEM_DS3505,M
VOTV,2002-09-25 03:40,76.9500,8.4667,86.00,75.20,70.27,340.00,7.00,M,29.85,M,M,M,M,M,M,M,M,M,M,M,M,M,M,M,M,M,M,95.19,VOTV 250340Z AUTO 34007KT 30/24 A2985 RMK T03000240 IEM_DS3505,M
VOTV,2002-09-25 04:40,76.9500,8.4667,M,M,M,300.00,7.00,M,M,M,5.00,M,M,M,M,M,M,M,M,M,M,M,M,M,M,M,M,M,VOTV 250440Z AUTO 30007KT 5SM RMK IEM_DS3505,M
VOTV,2002-09-25 05:40,76.9500,8.4667,87.80,73.40,62.47,290.00,5.00,M,29.83,M,5.00,M,M,M,M,M,M,M,M,M,M,M,M,M,M,M,M,95.86,VOTV 250540Z AUTO 29005KT 5SM 31/23 A2983 RMK T03100230 IEM_DS3505,M
VOTV,2002-09-25 06:40,76.9500,8.4667,M,M,M,270.00,8.00,M,M,M,4.00,18.00,M,M,M,M,M,M,M,M,M,M,M,M,M,M,M,M,VOTV 250640Z AUTO 27008G18KT 4SM RMK IEM_DS3505,M
VOTV,2002-09-25 08:40,76.9500,8.4667,M,M,M,290.00,12.00,M,M,M,5.00,M,M,M,M,M,M,M,M,M,M,M,M,M,M,M,M,M,VOTV 250840Z AUTO 29012KT 5SM RMK IEM_DS3505,M
VOTV,2002-09-26 02:40,76.9500,8.4667,82.40,75.20,78.90,350.00,11.00,M,29.85,M,2.00,M,M,M,M,M,M,M,M,M,M,M,M,M,M,M,M,89.48,VOTV 260240Z AUTO 35011KT 2SM 28/24 A2985 RMK T02800240 IEM_DS3505,M
VOTV,2002-09-26 03:40,76.9500,8.4667,86.00,73.40,66.15,350.00,10.00,M,29.85,M,M,M,M,M,M,M,M,M,M,M,M,M,M,M,M,M,M,93.45,VOTV 260340Z AUTO 35010KT 30/23 A2985 RMK T03000230 IEM_DS3505,M
VOTV,2002-09-26 05:40,76.9500,8.4667,86.00,73.40,66.15,290.00,10.00,M,29.85,M,5.00,M,M,M,M,M,M,M,M,M,M,M,M,M,M,M,M,93.45,VOTV 260540Z AUTO 29010KT 5SM 30/23 A2985 RMK T03000230 IEM_DS3505,M
VOTV,2002-09-26 06:40,76.9500,8.4667,86.00,73.40,66.15,290.00,8.00,M,29.83,M,5.00,18.00,M,M,M,M,M,M,M,M,M,M,M,M,M,M,M,93.45,VOTV 260640Z AUTO 29008G18KT 5SM 30/23 A2983 RMK T03000230 IEM_DS3505,M
VOTV,2002-09-26 09:40,76.9500,8.4667,84.20,73.40,70.08,290.00,8.00,M,29.77,M,5.00,18.00,M,M,M,M,M,M,M,M,M,M,M,M,M,M,M,90.94,VOTV 260940Z AUTO 29008G18KT 5SM 29/23 A2977 RMK T02900230 IEM_DS3505,M
VOTV,2002-09-26 12:40,76.9500,8.4667,M,M,M,310.00,9.00,M,M,M,2.50,M,M,M,M,M,M,M,M,M,M,M,M,M,M,M,M,M,VOTV 261240Z AUTO 31009KT 2 1/2SM RMK IEM_DS3505,M
VOTV,2002-09-26 13:40,76.9500,8.4667,82.40,75.20,78.90,M,M,M,29.83,M,2.50,M,M,M,M,M,M,M,M,M,M,M,M,M,M,M,M,89.48,VOTV 261340Z AUTO 2 1/2SM 28/24 A2983 RMK T02800240 IEM_DS3505,M
VOTV,2002-09-26 14:40,76.9500,8.4667,82.40,75.20,78.90,0.00,0.00,M,29.85,M,2.50,M,M,M,M,M,M,M,M,M,M,M,M,M,M,M,M,89.48,VOTV 261440Z AUTO 00000KT 2 1/2SM 28/24 A2985 RMK T02800240 IEM_DS3505,M
VOTV,2002-09-26 15:40,76.9500,8.4667,80.60,75.20,83.66,0.00,0.00,M,29.85,M,2.50,M,M,M,M,M,M,M,M,M,M,M,M,M,M,M,M,86.17,VOTV 261540Z AUTO 00000KT 2 1/2SM 27/24 A2985 RMK T02700240 IEM_DS3505,M
VOTV,2002-09-26 16:40,76.9500,8.4667,80.60,75.20,83.66,0.00,0.00,M,29.85,M,2.50,M,M,M,M,M,M,M,M,M,M,M,M,M,M,M,M,86.17,VOTV 261640Z AUTO 00000KT 2 1/2SM 27/24 A2985 RMK T02700240 IEM_DS3505,M
VOTV,2002-09-26 17:40,76.9500,8.4667,80.60,75.20,83.66,0.00,0.00,M,29.85,M,2.50,M,M,M,M,M,M,M,M,M,M,M,M,M,M,M,M,86.17,VOTV 261740Z AUTO 00000KT 2 1/2SM 27/24 A2985 RMK T02700240 IEM_DS3505,M
VOTV,2002-09-26 22:40,76.9500,8.4667,78.80,73.40,83.55,0.00,0.00,M,29.80,M,2.00,M,M,M,M,M,M,M,M,M,M,M,M,M,M,M,M,82.03,VOTV 262240Z AUTO 00000KT 2SM 26/23 A2980 RMK T02600230 IEM_DS3505,M
VOTV,2002-09-27 00:40,76.9500,8.4667,77.00,73.40,88.67,0.00,0.00,M,29.80,M,2.00,M,M,M,M,M,M,M,M,M,M,M,M,M,M,M,M,78.57,VOTV 270040Z AUTO 00000KT 2SM 25/23 A2980 RMK T02500230 IEM_DS3505,M
VOTV,2002-09-27 05:40,76.9500,8.4667,86.00,73.40,66.15,290.00,13.00,M,29.83,M,M,M,M,M,M,M,M,M,M,M,M,M,M,M,M,M,M,93.45,VOTV 270540Z AUTO 29013KT 30/23 A2983 RMK T03000230 IEM_DS3505,M
VOTV,2002-09-27 09:40,76.9500,8.4667,86.00,68.00,55.04,300.00,10.00,M,29.74,M,M,20.00,M,M,M,M,M,M,M,M,M,M,M,M,M,M,M,89.41,VOTV 270940Z AUTO 30010G20KT 30/20 A2974 RMK T03000200 IEM_DS3505,M
VOTV,2002-09-27 12:40,76.9500,8.4667,82.40,68.00,61.81,300.00,8.00,M,29.77,M,2.50,18.00,M,M,M,M,M,M,M,M,M,M,M,M,M,M,M,85.38,VOTV 271240Z AUTO 30008G18KT 2 1/2SM 28/20 A2977 RMK T02800200 IEM_DS3505,M
VOTV,2002-09-27 14:40,76.9500,8.4667,82.40,69.80,65.74,330.00,5.00,M,29.80,M,2.50,M,M,M,M,M,M,M,M,M,M,M,M,M,M,M,M,86.22,VOTV 271440Z AUTO 33005KT 2 1/2SM 28/21 A2980 RMK T02800210 IEM_DS3505,M
VOTV,2002-09-27 15:40,76.9500,8.4667,82.40,69.80,65.74,0.00,0.00,M,29.83,M,2.00,M,M,M,M,M,M,M,M,M,M,M,M,M,M,M,M,86.22,VOTV 271540Z AUTO 00000KT 2SM 28/21 A2983 RMK T02800210 IEM_DS3505,M
VOTV,2002-09-27 16:40,76.9500,8.4667,80.60,71.60,74.11,0.00,0.00,M,29.83,M,2.00,M,M,M,M,M,M,M,M,M,M,M,M,M,M,M,M,84.57,VOTV 271640Z AUTO 00000KT 2SM 27/22 A2983 RMK T02700220 IEM_DS3505,M
VOTV,2002-09-27 23:40,76.9500,8.4667,78.80,75.20,88.75,0.00,0.00,M,29.80,M,2.00,M,M,M,M,M,M,M,M,M,M,M,M,M,M,M,M,82.38,VOTV 272340Z AUTO 00000KT 2SM 26/24 A2980 RMK T02600240 IEM_DS3505,M
VOTV,2002-09-28 00:40,76.9500,8.4667,77.00,73.40,88.67,0.00,0.00,M,29.80,M,2.00,M,M,M,M,M,M,M,M,M,M,M,M,M,M,M,M,78.57,VOTV 280040Z AUTO 00000KT 2SM 25/23 A2980 RMK T02500230 IEM_DS3505,M
VOTV,2002-09-28 01:40,76.9500,8.4667,M,M,M,0.00,0.00,M,M,M,2.50,M,M,M,M,M,M,M,M,M,M,M,M,M,M,M,M,M,VOTV 280140Z AUTO 00000KT 2 1/2SM RMK IEM_DS3505,M
VOTV,2002-09-28 02:40,76.9500,8.4667,82.40,68.00,61.81,360.00,6.00,M,29.85,M,2.50,M,M,M,M,M,M,M,M,M,M,M,M,M,M,M,M,85.38,VOTV 280240Z AUTO 36006KT 2 1/2SM 28/20 A2985 RMK T02800200 IEM_DS3505,M
VOTV,2002-09-28 05:40,76.9500,8.4667,86.00,71.60,62.25,270.00,6.00,M,29.85,M,M,M,M,M,M,M,M,M,M,M,M,M,M,M,M,M,M,91.92,VOTV 280540Z AUTO 27006KT 30/22 A2985 RMK T03000220 IEM_DS3505,M
VOTV,2002-09-28 06:40,76.9500,8.4667,86.00,71.60,62.25,300.00,10.00,M,29.83,M,3.00,M,M,M,M,M,M,M,M,M,M,M,M,M,M,M,M,91.92,VOTV 280640Z AUTO 30010KT 3SM 30/22 A2983 RMK T03000220 IEM_DS3505,M
VOTV,2002-09-28 11:40,76.9500,8.4667,M,M,M,290.00,6.00,M,M,M,3.00,M,M,M,M,M,M,M,M,M,M,M,M,M,M,M,M,M,VOTV 281140Z AUTO 29006KT 3SM RMK IEM_DS3505,M
VOTV,2002-09-28 13:40,76.9500,8.4667,M,M,M,0.00,0.00,M,M,M,2.50,M,M,M,M,M,M,M,M,M,M,M,M,M,M,M,M,M,VOTV 281340Z AUTO 00000KT 2 1/2SM RMK IEM_DS3505,M
VOTV,2002-09-28 15:40,76.9500,8.4667,M,M,M,0.00,0.00,M,M,M,2.50,M,M,M,M,M,M,M,M,M,M,M,M,M,M,M,M,M,VOTV 281540Z AUTO 00000KT 2 1/2SM RMK IEM_DS3505,M
VOTV,2002-09-28 22:40,76.9500,8.4667,78.80,73.40,83.55,0.00,0.00,M,29.80,M,2.50,M,M,M,M,M,M,M,M,M,M,M,M,M,M,M,M,82.03,VOTV 282240Z AUTO 00000KT 2 1/2SM 26/23 A2980 RMK T02600230 IEM_DS3505,M
VOTV,2002-09-29 00:40,76.9500,8.4667,78.80,73.40,83.55,0.00,0.00,M,29.80,M,2.00,M,M,M,M,M,M,M,M,M,M,M,M,M,M,M,M,82.03,VOTV 290040Z AUTO 00000KT 2SM 26/23 A2980 RMK T02600230 IEM_DS3505,M
VOTV,2002-09-29 01:40,76.9500,8.4667,80.60,73.40,78.76,0.00,0.00,M,29.83,M,2.00,M,M,M,M,M,M,M,M,M,M,M,M,M,M,M,M,85.32,VOTV 290140Z AUTO 00000KT 2SM 27/23 A2983 RMK T02700230 IEM_DS3505,M
VOTV,2002-09-29 02:40,76.9500,8.4667,82.40,73.40,74.28,0.00,0.00,M,29.85,M,2.50,M,M,M,M,M,M,M,M,M,M,M,M,M,M,M,M,88.26,VOTV 290240Z AUTO 00000KT 2 1/2SM 28/23 A2985 RMK T02800230 IEM_DS3505,M
VOTV,2002-09-29 03:40,76.9500,8.4667,M,M,M,M,M,M,M,M,4.00,M,M,M,M,M,M,M,M,M,M,M,M,M,M,M,M,M,VOTV 290340Z AUTO 4SM RMK IEM_DS3505,M
VOTV,2002-09-29 07:40,76.9500,8.4667,89.60,71.60,55.53,250.00,4.00,M,29.80,M,5.00,M,M,M,M,M,M,M,M,M,M,M,M,M,M,M,M,96.41,VOTV 290740Z AUTO 25004KT 5SM 32/22 A2980 RMK T03200220 IEM_DS3505,M
VOTV,2002-09-29 09:40,76.9500,8.4667,M,M,M,230.00,4.00,M,M,M,5.00,M,M,M,M,M,M,M,M,M,M,M,M,M,M,M,M,M,VOTV 290940Z AUTO 23004KT 5SM RMK IEM_DS3505,M
VOTV,2002-09-29 13:40,76.9500,8.4667,M,M,M,0.00,0.00,M,M,M,2.00,M,M,M,M,M,M,M,M,M,M,M,M,M,M,M,M,M,VOTV 291340Z AUTO 00000KT 2SM RMK IEM_DS3505,M
VOTV,2002-09-30 00:40,76.9500,8.4667,77.00,73.40,88.67,0.00,0.00,M,29.80,M,2.00,M,M,M,M,M,M,M,M,M,M,M,M,M,M,M,M,78.57,VOTV 300040Z AUTO 00000KT 2SM 25/23 A2980 RMK T02500230 IEM_DS3505,M
VOTV,2002-09-30 06:40,76.9500,8.4667,87.80,73.40,62.47,260.00,8.00,M,29.80,M,5.00,M,M,M,M,M,M,M,M,M,M,M,M,M,M,M,M,95.86,VOTV 300640Z AUTO 26008KT 5SM 31/23 A2980 RMK T03100230 IEM_DS3505,M
VOTV,2002-09-30 07:40,76.9500,8.4667,86.00,73.40,66.15,270.00,9.00,M,29.77,M,5.00,M,M,M,M,M,M,M,M,M,M,M,M,M,M,M,M,93.45,VOTV 300740Z AUTO 27009KT 5SM 30/23 A2977 RMK T03000230 IEM_DS3505,M
VOTV,2002-09-30 08:40,76.9500,8.4667,M,M,M,270.00,8.00,M,M,M,5.00,M,M,M,M,M,M,M,M,M,M,M,M,M,M,M,M,M,VOTV 300840Z AUTO 27008KT 5SM RMK IEM_DS3505,M
VOTV,2002-09-30 09:40,76.9500,8.4667,M,M,M,270.00,8.00,M,M,M,5.00,M,M,M,M,M,M,M,M,M,M,M,M,M,M,M,M,M,VOTV 300940Z AUTO 27008KT 5SM RMK IEM_DS3505,M
VOTV,2002-09-30 10:40,76.9500,8.4667,M,M,M,230.00,3.00,M,M,M,4.00,M,M,M,M,M,M,M,M,M,M,M,M,M,M,M,M,M,VOTV 301040Z AUTO 23003KT 4SM RMK IEM_DS3505,M
VOTV,2002-09-30 11:40,76.9500,8.4667,M,M,M,0.00,0.00,M,M,M,3.00,M,M,M,M,M,M,M,M,M,M,M,M,M,M,M,M,M,VOTV 301140Z AUTO 00000KT 3SM RMK IEM_DS3505,M
VOTV,2002-09-30 14:40,76.9500,8.4667,M,M,M,0.00,0.00,M,M,M,M,M,M,M,M,M,M,M,M,M,M,M,M,M,M,M,M,M,VOTV 301440Z AUTO 00000KT RMK IEM_DS3505,M
VOTV,2002-09-30 16:40,76.9500,8.4667,80.60,75.20,83.66,0.00,0.00,M,29.83,M,2.50,M,M,M,M,M,M,M,M,M,M,M,M,M,M,M,M,86.17,VOTV 301640Z AUTO 00000KT 2 1/2SM 27/24 A2983 RMK T02700240 IEM_DS3505,M
VOTV,2002-10-01 00:40,76.9500,8.4667,M,M,M,0.00,0.00,M,M,M,2.00,M,M,M,M,M,M,M,M,M,M,M,M,M,M,M,M,M,VOTV 010040Z AUTO 00000KT 2SM RMK IEM_DS3505,M
VOTV,2002-10-01 01:40,76.9500,8.4667,M,M,M,0.00,0.00,M,M,M,2.00,M,M,M,M,M,M,M,M,M,M,M,M,M,M,M,M,M,VOTV 010140Z AUTO 00000KT 2SM RMK IEM_DS3505,M
VOTV,2002-10-01 03:40,76.9500,8.4667,82.40,75.20,78.90,0.00,0.00,M,29.83,M,4.00,M,M,M,M,M,M,M,M,M,M,M,M,M,M,M,M,89.48,VOTV 010340Z AUTO 00000KT 4SM 28/24 A2983 RMK T02800240 IEM_DS3505,M
VOTV,2002-10-01 06:40,76.9500,8.4667,87.80,75.20,66.35,0.00,0.00,M,29.83,M,M,M,M,M,M,M,M,M,M,M,M,M,M,M,M,M,M,97.76,VOTV 010640Z AUTO 00000KT 31/24 A2983 RMK T03100240 IEM_DS3505,M
VOTV,2002-10-01 08:40,76.9500,8.4667,86.00,71.60,62.25,180.00,6.00,M,29.77,M,5.00,M,M,M,M,M,M,M,M,M,M,M,M,M,M,M,M,91.92,VOTV 010840Z AUTO 18006KT 5SM 30/22 A2977 RMK T03000220 IEM_DS3505,M
VOTV,2002-10-01 09:40,76.9500,8.4667,M,M,M,240.00,4.00,M,M,M,4.00,M,M,M,M,M,M,M,M,M,M,M,M,M,M,M,M,M,VOTV 010940Z AUTO 24004KT 4SM RMK IEM_DS3505,M
VOTV,2002-10-01 10:40,76.9500,8.4667,M,M,M,240.00,4.00,M,M,M,2.50,M,M,M,M,M,M,M,M,M,M,M,M,M,M,M,M,M,VOTV 011040Z AUTO 24004KT 2 1/2SM RMK IEM_DS3505,M
VOTV,2002-10-01 12:40,76.9500,8.4667,M,M,M,M,M,M,M,M,2.00,M,M,M,M,M,M,M,M,M,M,M,M,M,M,M,M,M,VOTV 011240Z AUTO 2SM RMK IEM_DS3505,M
VOTV,2002-10-02 02:40,76.9500,8.4667,84.20,73.40,70.08,0.00,0.00,M,29.88,M,2.00,M,M,M,M,M,M,M,M,M,M,M,M,M,M,M,M,90.94,VOTV 020240Z AUTO 00000KT 2SM 29/23 A2988 RMK T02900230 IEM_DS3505,M
VOTV,2002-10-02 04:40,76.9500,8.4667,M,M,M,0.00,0.00,M,M,M,5.00,M,M,M,M,M,M,M,M,M,M,M,M,M,M,M,M,M,VOTV 020440Z AUTO 00000KT 5SM RMK IEM_DS3505,M
VOTV,2002-10-02 06:40,76.9500,8.4667,M,M,M,250.00,3.00,M,M,M,5.00,M,M,M,M,M,M,M,M,M,M,M,M,M,M,M,M,M,VOTV 020640Z AUTO 25003KT 5SM RMK IEM_DS3505,M
VOTV,2002-10-02 15:40,76.9500,8.4667,80.60,73.40,78.76,0.00,0.00,M,29.85,M,2.50,M,M,M,M,M,M,M,M,M,M,M,M,M,M,M,M,85.32,VOTV 021540Z AUTO 00000KT 2 1/2SM 27/23 A2985 RMK T02700230 IEM_DS3505,M
VOTV,2002-10-02 23:40,76.9500,8.4667,78.80,73.40,83.55,0.00,0.00,M,29.80,M,2.50,M,M,M,M,M,M,M,M,M,M,M,M,M,M,M,M,82.03,VOTV 022340Z AUTO 00000KT 2 1/2SM 26/23 A2980 RMK T02600230 IEM_DS3505,M
VOTV,2002-10-03 00:40,76.9500,8.4667,78.80,73.40,83.55,0.00,0.00,M,29.83,M,2.00,M,M,M,M,M,M,M,M,M,M,M,M,M,M,M,M,82.03,VOTV 030040Z AUTO 00000KT 2SM 26/23 A2983 RMK T02600230 IEM_DS3505,M
VOTV,2002-10-03 07:40,76.9500,8.4667,87.80,75.20,66.35,280.00,6.00,M,29.80,M,7.00,M,M,M,M,M,M,M,M,M,M,M,M,M,M,M,M,97.76,VOTV 030740Z AUTO 28006KT 7SM 31/24 A2980 RMK T03100240 IEM_DS3505,M
VOTV,2002-10-03 12:40,76.9500,8.4667,M,M,M,280.00,3.00,M,M,M,2.50,M,M,M,M,M,M,M,M,M,M,M,M,M,M,M,M,M,VOTV 031240Z AUTO 28003KT 2 1/2SM RMK IEM_DS3505,M
VOTV,2002-10-03 23:40,76.9500,8.4667,78.80,M,M,0.00,0.00,M,29.80,M,1.50,M,M,M,M,M,M,M,M,M,M,M,M,M,M,M,M,M,VOTV 032340Z AUTO 00000KT 1 1/2SM 26/ A2980 RMK IEM_DS3505,M
VOTV,2002-10-04 00:40,76.9500,8.4667,78.80,75.20,88.75,0.00,0.00,M,29.80,M,1.50,M,M,M,M,M,M,M,M,M,M,M,M,M,M,M,M,82.38,VOTV 040040Z AUTO 00000KT 1 1/2SM 26/24 A2980 RMK T02600240 IEM_DS3505,M
VOTV,2002-10-04 01:40,76.9500,8.4667,80.60,73.40,78.76,0.00,0.00,M,29.83,M,1.50,M,M,M,M,M,M,M,M,M,M,M,M,M,M,M,M,85.32,VOTV 040140Z AUTO 00000KT 1 1/2SM 27/23 A2983 RMK T02700230 IEM_DS3505,M
VOTV,2002-10-04 03:40,76.9500,8.4667,M,M,M,300.00,4.00,M,M,M,2.00,M,M,M,M,M,M,M,M,M,M,M,M,M,M,M,M,M,VOTV 040340Z AUTO 30004KT 2SM RMK IEM_DS3505,M
VOTV,2002-10-04 05:40,76.9500,8.4667,M,M,M,290.00,6.00,M,M,M,5.00,M,M,M,M,M,M,M,M,M,M,M,M,M,M,M,M,M,VOTV 040540Z AUTO 29006KT 5SM RMK IEM_DS3505,M
VOTV,2002-10-04 13:40,76.9500,8.4667,M,M,M,0.00,0.00,M,M,M,2.50,M,M,M,M,M,M,M,M,M,M,M,M,M,M,M,M,M,VOTV 041340Z AUTO 00000KT 2 1/2SM RMK IEM_DS3505,M
VOTV,2002-10-04 14:40,76.9500,8.4667,M,M,M,0.00,0.00,M,M,M,2.50,M,M,M,M,M,M,M,M,M,M,M,M,M,M,M,M,M,VOTV 041440Z AUTO 00000KT 2 1/2SM RMK IEM_DS3505,M
VOTV,2002-10-04 15:40,76.9500,8.4667,M,M,M,0.00,0.00,M,M,M,2.50,M,M,M,M,M,M,M,M,M,M,M,M,M,M,M,M,M,VOTV 041540Z AUTO 00000KT 2 1/2SM RMK IEM_DS3505,M
VOTV,2002-10-04 18:40,76.9500,8.4667,78.80,75.20,88.75,0.00,0.00,M,29.80,M,2.00,M,M,M,M,M,M,M,M,M,M,M,M,M,M,M,M,82.38,VOTV 041840Z AUTO 00000KT 2SM 26/24 A2980 RMK T02600240 IEM_DS3505,M
VOTV,2002-10-05 02:40,76.9500,8.4667,84.20,75.20,74.44,0.00,0.00,M,29.80,M,4.00,M,M,M,M,M,M,M,M,M,M,M,M,M,M,M,M,92.45,VOTV 050240Z AUTO 00000KT 4SM 29/24 A2980 RMK T02900240 IEM_DS3505,M
VOTV,2002-10-05 04:40,76.9500,8.4667,84.20,73.40,70.08,0.00,0.00,M,29.85,M,5.00,M,M,M,M,M,M,M,M,M,M,M,M,M,M,M,M,90.94,VOTV 050440Z AUTO 00000KT 5SM 29/23 A2985 RMK T02900230 IEM_DS3505,M
VOTV,2002-10-05 06:40,76.9500,8.4667,M,M,M,210.00,5.00,M,M,M,5.00,M,M,M,M,M,M,M,M,M,M,M,M,M,M,M,M,M,VOTV 050640Z AUTO 21005KT 5SM RMK IEM_DS3505,M
VOTV,2002-10-05 08:40,76.9500,8.4667,M,M,M,250.00,4.00,M,M,M,7.00,M,M,M,M,M,M,M,M,M,M,M,M,M,M,M,M,M,VOTV 050840Z AUTO 25004KT 7SM RMK IEM_DS3505,M
VOTV,2002-10-05 13:40,76.9500,8.4667,80.60,77.00,88.83,0.00,0.00,M,29.80,M,1.50,M,M,M,M,M,M,M,M,M,M,M,M,M,M,M,M,87.10,VOTV 051340Z AUTO 00000KT 1 1/2SM 27/25 A2980 RMK T02700250 IEM_DS3505,M
VOTV,2002-10-05 16:40,76.9500,8.4667,M,M,M,0.00,0.00,M,M,M,1.50,M,M,M,M,M,M,M,M,M,M,M,M,M,M,M,M,M,VOTV 051640Z AUTO 00000KT 1 1/2SM RMK IEM_DS3505,M
VOTV,2002-10-05 17:40,76.9500,8.4667,M,M,M,0.00,0.00,M,M,M,1.50,M,M,M,M,M,M,M,M,M,M,M,M,M,M,M,M,M,VOTV 051740Z AUTO 00000KT 1 1/2SM RMK IEM_DS3505,M
VOTV,2002-10-05 23:40,76.9500,8.4667,M,M,M,0.00,0.00,M,M,M,1.50,M,M,M,M,M,M,M,M,M,M,M,M,M,M,M,M,M,VOTV 052340Z AUTO 00000KT 1 1/2SM RMK IEM_DS3505,M
VOTV,2002-10-06 02:40,76.9500,8.4667,84.20,75.20,74.44,0.00,0.00,M,29.83,M,4.00,M,M,M,M,M,M,M,M,M,M,M,M,M,M,M,M,92.45,VOTV 060240Z AUTO 00000KT 4SM 29/24 A2983 RMK T02900240 IEM_DS3505,M
VOTV,2002-10-06 03:40,76.9500,8.4667,84.20,77.00,79.04,0.00,0.00,M,29.83,M,4.00,M,M,M,M,M,M,M,M,M,M,M,M,M,M,M,M,94.16,VOTV 060340Z AUTO 00000KT 4SM 29/25 A2983 RMK T02900250 IEM_DS3505,M
VOTV,2002-10-06 04:40,76.9500,8.4667,84.20,77.00,79.04,0.00,0.00,M,29.85,M,4.00,M,M,M,M,M,M,M,M,M,M,M,M,M,M,M,M,94.16,VOTV 060440Z AUTO 00000KT 4SM 29/25 A2985 RMK T02900250 IEM_DS3505,M
VOTV,2002-10-06 05:40,76.9500,8.4667,84.20,75.20,74.44,0.00,0.00,M,29.83,M,5.00,M,M,M,M,M,M,M,M,M,M,M,M,M,M,M,M,92.45,VOTV 060540Z AUTO 00000KT 5SM 29/24 A2983 RMK T02900240 IEM_DS3505,M
VOTV,2002-10-06 06:40,76.9500,8.4667,M,M,M,0.00,0.00,M,M,M,5.00,M,M,M,M,M,M,M,M,M,M,M,M,M,M,M,M,M,VOTV 060640Z AUTO 00000KT 5SM RMK IEM_DS3505,M
VOTV,2002-10-06 09:40,76.9500,8.4667,M,M,M,0.00,0.00,M,M,M,2.50,M,M,M,M,M,M,M,M,M,M,M,M,M,M,M,M,M,VOTV 060940Z AUTO 00000KT 2 1/2SM RMK IEM_DS3505,M
VOTV,2002-10-06 11:40,76.9500,8.4667,M,M,M,0.00,0.00,M,M,M,3.00,M,M,M,M,M,M,M,M,M,M,M,M,M,M,M,M,M,VOTV 061140Z AUTO 00000KT 3SM RMK IEM_DS3505,M
VOTV,2002-10-06 13:40,76.9500,8.4667,M,M,M,0.00,0.00,M,M,M,2.50,M,M,M,M,M,M,M,M,M,M,M,M,M,M,M,M,M,VOTV 061340Z AUTO 00000KT 2 1/2SM RMK IEM_DS3505,M
VOTV,2002-10-06 14:40,76.9500,8.4667,M,M,M,0.00,0.00,M,M,M,2.00,M,M,M,M,M,M,M,M,M,M,M,M,M,M,M,M,M,VOTV 061440Z AUTO 00000KT 2SM RMK IEM_DS3505,M
VOTV,2002-10-07 02:40,76.9500,8.4667,80.60,75.20,83.66,M,M,M,29.80,M,1.50,M,M,M,M,M,M,M,M,M,M,M,M,M,M,M,M,86.17,VOTV 070240Z AUTO 1 1/2SM 27/24 A2980 RMK T02700240 IEM_DS3505,M
VOTV,2002-10-07 04:40,76.9500,8.4667,82.40,75.20,78.90,M,M,M,29.85,M,2.00,M,M,M,M,M,M,M,M,M,M,M,M,M,M,M,M,89.48,VOTV 070440Z AUTO 2SM 28/24 A2985 RMK T02800240 IEM_DS3505,M
VOTV,2002-10-07 09:40,76.9500,8.4667,M,M,M,180.00,4.00,M,M,M,4.00,M,M,M,M,M,M,M,M,M,M,M,M,M,M,M,M,M,VOTV 070940Z AUTO 18004KT 4SM RMK IEM_DS3505,M
VOTV,2002-10-07 11:40,76.9500,8.4667,M,M,M,180.00,3.00,M,M,M,4.00,M,M,M,M,M,M,M,M,M,M,M,M,M,M,M,M,M,VOTV 071140Z AUTO 18003KT 4SM RMK IEM_DS3505,M
VOTV,2002-10-07 14:40,76.9500,8.4667,M,M,M,0.00,0.00,M,M,M,1.50,M,M,M,M,M,M,M,M,M,M,M,M,M,M,M,M,M,VOTV 071440Z AUTO 00000KT 1 1/2SM RMK IEM_DS3505,M
VOTV,2002-10-07 15:40,76.9500,8.4667,M,M,M,0.00,0.00,M,M,M,1.50,M,M,M,M,M,M,M,M,M,M,M,M,M,M,M,M,M,VOTV 071540Z AUTO 00000KT 1 1/2SM RMK IEM_DS3505,M
VOTV,2002-10-07 23:40,76.9500,8.4667,78.80,75.20,88.75,0.00,0.00,M,29.77,M,1.50,M,M,M,M,M,M,M,M,M,M,M,M,M,M,M,M,82.38,VOTV 072340Z AUTO 00000KT 1 1/2SM 26/24 A2977 RMK T02600240 IEM_DS3505,M
VOTV,2002-10-08 00:40,76.9500,8.4667,78.80,75.20,88.75,0.00,0.00,M,29.77,M,1.50,M,M,M,M,M,M,M,M,M,M,M,M,M,M,M,M,82.38,VOTV 080040Z AUTO 00000KT 1 1/2SM 26/24 A2977 RMK T02600240 IEM_DS3505,M
VOTV,2002-10-08 10:40,76.9500,8.4667,M,M,M,0.00,0.00,M,M,M,2.00,M,M,M,M,M,M,M,M,M,M,M,M,M,M,M,M,M,VOTV 081040Z AUTO 00000KT 2SM RMK IEM_DS3505,M
VOTV,2002-10-09 00:40,76.9500,8.4667,75.20,73.40,94.14,0.00,0.00,M,29.80,M,1.50,M,M,M,M,M,M,M,M,M,M,M,M,M,M,M,M,76.84,VOTV 090040Z AUTO 00000KT 1 1/2SM 24/23 A2980 RMK T02400230 IEM_DS3505,M
VOTV,2002-10-09 04:40,76.9500,8.4667,M,M,M,0.00,0.00,M,M,M,2.00,M,M,M,M,M,M,M,M,M,M,M,M,M,M,M,M,M,VOTV 090440Z AUTO 00000KT 2SM RMK IEM_DS3505,M
VOTV,2002-10-09 05:40,76.9500,8.4667,M,M,M,0.00,0.00,M,M,M,2.50,M,M,M,M,M,M,M,M,M,M,M,M,M,M,M,M,M,VOTV 090540Z AUTO 00000KT 2 1/2SM RMK IEM_DS3505,M
VOTV,2002-10-09 06:40,76.9500,8.4667,M,M,M,250.00,3.00,M,M,M,2.50,M,M,M,M,M,M,M,M,M,M,M,M,M,M,M,M,M,VOTV 090640Z AUTO 25003KT 2 1/2SM RMK IEM_DS3505,M
VOTV,2002-10-09 08:40,76.9500,8.4667,M,M,M,180.00,6.00,M,M,M,2.50,M,M,M,M,M,M,M,M,M,M,M,M,M,M,M,M,M,VOTV 090840Z AUTO 18006KT 2 1/2SM RMK IEM_DS3505,M
VOTV,2002-10-09 09:40,76.9500,8.4667,M,M,M,180.00,4.00,M,M,M,2.50,M,M,M,M,M,M,M,M,M,M,M,M,M,M,M,M,M,VOTV 090940Z AUTO 18004KT 2 1/2SM RMK IEM_DS3505,M
VOTV,2002-10-09 10:40,76.9500,8.4667,M,M,M,200.00,4.00,M,M,M,2.50,M,M,M,M,M,M,M,M,M,M,M,M,M,M,M,M,M,VOTV 091040Z AUTO 20004KT 2 1/2SM RMK IEM_DS3505,M
VOTV,2002-10-09 11:40,76.9500,8.4667,M,M,M,230.00,4.00,M,M,M,2.50,M,M,M,M,M,M,M,M,M,M,M,M,M,M,M,M,M,VOTV 091140Z AUTO 23004KT 2 1/2SM RMK IEM_DS3505,M
VOTV,2002-10-09 12:40,76.9500,8.4667,M,M,M,230.00,4.00,M,M,M,2.50,M,M,M,M,M,M,M,M,M,M,M,M,M,M,M,M,M,VOTV 091240Z AUTO 23004KT 2 1/2SM RMK IEM_DS3505,M
VOTV,2002-10-12 14:40,76.9500,8.4667,M,M,M,0.00,0.00,M,M,M,3.00,M,M,M,M,M,M,M,M,M,M,M,M,M,M,M,M,M,VOTV 121440Z AUTO 00000KT 3SM RMK IEM_DS3505,M
VOTV,2002-10-12 23:40,76.9500,8.4667,75.20,71.60,88.59,0.00,0.00,M,29.77,M,2.50,M,M,M,M,M,M,M,M,M,M,M,M,M,M,M,M,76.58,VOTV 122340Z AUTO 00000KT 2 1/2SM 24/22 A2977 RMK T02400220 IEM_DS3505,M
VOTV,2002-10-13 00:40,76.9500,8.4667,75.20,69.80,83.32,0.00,0.00,M,29.77,M,4.00,M,M,M,M,M,M,M,M,M,M,M,M,M,M,M,M,76.34,VOTV 130040Z AUTO 00000KT 4SM 24/21 A2977 RMK T02400210 IEM_DS3505,M
VOTV,2002-10-13 03:40,76.9500,8.4667,84.20,75.20,74.44,0.00,0.00,M,29.83,M,4.00,M,M,M,M,M,M,M,M,M,M,M,M,M,M,M,M,92.45,VOTV 130340Z AUTO 00000KT 4SM 29/24 A2983 RMK T02900240 IEM_DS3505,M
VOTV,2002-10-13 05:40,76.9500,8.4667,86.00,75.20,70.27,270.00,4.00,M,29.83,M,5.00,M,M,M,M,M,M,M,M,M,M,M,M,M,M,M,M,95.19,VOTV 130540Z AUTO 27004KT 5SM 30/24 A2983 RMK T03000240 IEM_DS3505,M
VOTV,2002-10-13 07:40,76.9500,8.4667,86.00,75.20,70.27,0.00,0.00,M,29.77,M,5.00,M,M,M,M,M,M,M,M,M,M,M,M,M,M,M,M,95.19,VOTV 130740Z AUTO 00000KT 5SM 30/24 A2977 RMK T03000240 IEM_DS3505,M
VOTV,2002-10-13 08:40,76.9500,8.4667,86.00,75.20,70.27,0.00,0.00,M,29.77,M,5.00,M,M,M,M,M,M,M,M,M,M,M,M,M,M,M,M,95.19,VOTV 130840Z AUTO 00000KT 5SM 30/24 A2977 RMK T03000240 IEM_DS3505,M
VOTV,2002-10-13 10:40,76.9500,8.4667,86.00,75.20,70.27,270.00,4.00,M,29.74,M,M,M,M,M,M,M,M,M,M,M,M,M,M,M,M,M,M,95.19,VOTV 131040Z AUTO 27004KT 30/24 A2974 RMK T03000240 IEM_DS3505,M
VOTV,2002-10-13 12:40,76.9500,8.4667,M,M,M,M,M,M,M,M,2.50,M,M,M,M,M,M,M,M,M,M,M,M,M,M,M,M,M,VOTV 131240Z AUTO 2 1/2SM RMK IEM_DS3505,M
VOTV,2002-10-13 13:40,76.9500,8.4667,M,M,M,320.00,4.00,M,M,M,2.00,M,M,M,M,M,M,M,M,M,M,M,M,M,M,M,M,M,VOTV 131340Z AUTO 32004KT 2SM RMK IEM_DS3505,M
VOTV,2002-10-13 15:40,76.9500,8.4667,M,M,M,0.00,0.00,M,M,M,1.50,M,M,M,M,M,M,M,M,M,M,M,M,M,M,M,M,M,VOTV 131540Z AUTO 00000KT 1 1/2SM RMK IEM_DS3505,M
VOTV,2002-10-13 16:40,76.9500,8.4667,M,M,M,0.00,0.00,M,M,M,1.50,M,M,M,M,M,M,M,M,M,M,M,M,M,M,M,M,M,VOTV 131640Z AUTO 00000KT 1 1/2SM RMK IEM_DS3505,M
VOTV,2002-10-13 22:40,76.9500,8.4667,M,M,M,320.00,4.00,M,M,M,1.50,M,M,M,M,M,M,M,M,M,M,M,M,M,M,M,M,M,VOTV 132240Z AUTO 32004KT 1 1/2SM RMK IEM_DS3505,M
VOTV,2002-10-14 01:40,76.9500,8.4667,M,M,M,0.00,0.00,M,M,M,1.50,M,M,M,M,M,M,M,M,M,M,M,M,M,M,M,M,M,VOTV 140140Z AUTO 00000KT 1 1/2SM RMK IEM_DS3505,M
VOTV,2002-10-14 03:40,76.9500,8.4667,M,M,M,0.00,0.00,M,M,M,2.50,M,M,M,M,M,M,M,M,M,M,M,M,M,M,M,M,M,VOTV 140340Z AUTO 00000KT 2 1/2SM RMK IEM_DS3505,M
VOTV,2002-10-14 04:40,76.9500,8.4667,M,M,M,0.00,0.00,M,M,M,3.00,M,M,M,M,M,M,M,M,M,M,M,M,M,M,M,M,M,VOTV 140440Z AUTO 00000KT 3SM RMK IEM_DS3505,M
VOTV,2002-10-15 04:40,76.9500,8.4667,M,M,M,0.00,0.00,M,M,M,2.00,M,M,M,M,M,M,M,M,M,M,M,M,M,M,M,M,M,VOTV 150440Z AUTO 00000KT 2SM RMK IEM_DS3505,M
VOTV,2002-10-15 08:40,76.9500,8.4667,M,M,M,180.00,3.00,M,M,M,2.50,M,M,M,M,M,M,M,M,M,M,M,M,M,M,M,M,M,VOTV 150840Z AUTO 18003KT 2 1/2SM RMK IEM_DS3505,M
VOTV,2002-10-15 11:40,76.9500,8.4667,M,M,M,280.00,8.00,M,M,M,2.50,M,M,M,M,M,M,M,M,M,M,M,M,M,M,M,M,M,VOTV 151140Z AUTO 28008KT 2 1/2SM RMK IEM_DS3505,M
VOTV,2002-10-15 15:40,76.9500,8.4667,78.80,77.00,94.23,0.00,0.00,M,29.85,M,3.00,M,M,M,M,M,M,M,M,M,M,M,M,M,M,M,M,82.75,VOTV 151540Z AUTO 00000KT 3SM 26/25 A2985 RMK T02600250 IEM_DS3505,M
VOTV,2002-10-15 17:40,76.9500,8.4667,77.00,75.20,94.19,0.00,0.00,M,29.85,M,2.50,M,M,M,M,M,M,M,M,M,M,M,M,M,M,M,M,78.83,VOTV 151740Z AUTO 00000KT 2 1/2SM 25/24 A2985 RMK T02500240 IEM_DS3505,M
VOTV,2002-10-16 04:40,76.9500,8.4667,M,M,M,0.00,0.00,M,M,M,1.50,M,M,M,M,M,M,M,M,M,M,M,M,M,M,M,M,M,VOTV 160440Z AUTO 00000KT 1 1/2SM RMK IEM_DS3505,M
VOTV,2002-10-16 05:40,76.9500,8.4667,M,M,M,0.00,0.00,M,M,M,2.50,M,M,M,M,M,M,M,M,M,M,M,M,M,M,M,M,M,VOTV 160540Z AUTO 00000KT 2 1/2SM RMK IEM_DS3505,M
VOTV,2002-10-16 06:40,76.9500,8.4667,M,M,M,0.00,0.00,M,M,M,2.50,M,M,M,M,M,M,M,M,M,M,M,M,M,M,M,M,M,VOTV 160640Z AUTO 00000KT 2 1/2SM RMK IEM_DS3505,M
VOTV,2002-10-16 09:40,76.9500,8.4667,M,M,M,0.00,0.00,M,M,M,2.00,M,M,M,M,M,M,M,M,M,M,M,M,M,M,M,M,M,VOTV 160940Z AUTO 00000KT 2SM RMK IEM_DS3505,M
VOTV,2002-10-17 07:40,76.9500,8.4667,82.40,75.20,78.90,0.00,0.00,M,29.85,M,4.00,M,M,M,M,M,M,M,M,M,M,M,M,M,M,M,M,89.48,VOTV 170740Z AUTO 00000KT 4SM 28/24 A2985 RMK T02800240 IEM_DS3505,M
VOTV,2002-10-17 09:40,76.9500,8.4667,82.40,77.00,83.77,0.00,0.00,M,29.83,M,4.00,M,M,M,M,M,M,M,M,M,M,M,M,M,M,M,M,90.85,VOTV 170940Z AUTO 00000KT 4SM 28/25 A2983 RMK T02800250 IEM_DS3505,M
VOTV,2002-10-17 10:40,76.9500,8.4667,84.20,77.00,79.04,0.00,0.00,M,29.83,M,4.00,M,M,M,M,M,M,M,M,M,M,M,M,M,M,M,M,94.16,VOTV 171040Z AUTO 00000KT 4SM 29/25 A2983 RMK T02900250 IEM_DS3505,M
VOTV,2002-10-17 11:40,76.9500,8.4667,82.40,77.00,83.77,0.00,0.00,M,29.83,M,4.00,M,M,M,M,M,M,M,M,M,M,M,M,M,M,M,M,90.85,VOTV 171140Z AUTO 00000KT 4SM 28/25 A2983 RMK T02800250 IEM_DS3505,M
VOTV,2002-10-17 12:40,76.9500,8.4667,80.60,75.20,83.66,0.00,0.00,M,29.83,M,2.50,M,M,M,M,M,M,M,M,M,M,M,M,M,M,M,M,86.17,VOTV 171240Z AUTO 00000KT 2 1/2SM 27/24 A2983 RMK T02700240 IEM_DS3505,M
VOTV,2002-10-17 13:40,76.9500,8.4667,80.60,75.20,83.66,0.00,0.00,M,29.85,M,2.00,M,M,M,M,M,M,M,M,M,M,M,M,M,M,M,M,86.17,VOTV 171340Z AUTO 00000KT 2SM 27/24 A2985 RMK T02700240 IEM_DS3505,M
VOTV,2002-10-18 01:40,76.9500,8.4667,78.80,75.20,88.75,0.00,0.00,M,29.83,M,2.50,M,M,M,M,M,M,M,M,M,M,M,M,M,M,M,M,82.38,VOTV 180140Z AUTO 00000KT 2 1/2SM 26/24 A2983 RMK T02600240 IEM_DS3505,M
VOTV,2002-10-18 03:40,76.9500,8.4667,80.60,75.20,83.66,0.00,0.00,M,M,M,4.00,M,M,M,M,M,M,M,M,M,M,M,M,M,M,M,M,86.17,VOTV 180340Z AUTO 00000KT 4SM 27/24 RMK T02700240 IEM_DS3505,M
VOTV,2002-10-18 04:40,76.9500,8.4667,84.20,75.20,74.44,0.00,0.00,M,29.88,M,4.00,M,M,M,M,M,M,M,M,M,M,M,M,M,M,M,M,92.45,VOTV 180440Z AUTO 00000KT 4SM 29/24 A2988 RMK T02900240 IEM_DS3505,M
VOTV,2002-10-18 05:40,76.9500,8.4667,87.80,73.40,62.47,290.00,6.00,M,29.88,M,5.00,M,M,M,M,M,M,M,M,M,M,M,M,M,M,M,M,95.86,VOTV 180540Z AUTO 29006KT 5SM 31/23 A2988 RMK T03100230 IEM_DS3505,M
VOTV,2002-10-18 06:40,76.9500,8.4667,M,M,M,270.00,8.00,M,M,M,5.00,M,M,M,M,M,M,M,M,M,M,M,M,M,M,M,M,M,VOTV 180640Z AUTO 27008KT 5SM RMK IEM_DS3505,M
VOTV,2002-10-18 07:40,76.9500,8.4667,86.00,75.20,70.27,300.00,6.00,M,29.83,M,5.00,M,M,M,M,M,M,M,M,M,M,M,M,M,M,M,M,95.19,VOTV 180740Z AUTO 30006KT 5SM 30/24 A2983 RMK T03000240 IEM_DS3505,M
VOTV,2002-10-18 08:40,76.9500,8.4667,86.00,75.20,70.27,270.00,5.00,M,29.80,M,5.00,M,M,M,M,M,M,M,M,M,M,M,M,M,M,M,M,95.19,VOTV 180840Z AUTO 27005KT 5SM 30/24 A2980 RMK T03000240 IEM_DS3505,M
VOTV,2002-10-18 12:40,76.9500,8.4667,82.40,75.20,78.90,0.00,0.00,M,29.80,M,4.00,M,M,M,M,M,M,M,M,M,M,M,M,M,M,M,M,89.48,VOTV 181240Z AUTO 00000KT 4SM 28/24 A2980 RMK T02800240 IEM_DS3505,M
VOTV,2002-10-18 14:40,76.9500,8.4667,80.60,73.40,78.76,0.00,0.00,M,29.83,M,2.50,M,M,M,M,M,M,M,M,M,M,M,M,M,M,M,M,85.32,VOTV 181440Z AUTO 00000KT 2 1/2SM 27/23 A2983 RMK T02700230 IEM_DS3505,M
VOTV,2002-10-19 00:40,76.9500,8.4667,M,M,M,0.00,0.00,M,M,M,1.50,M,M,M,M,M,M,M,M,M,M,M,M,M,M,M,M,M,VOTV 190040Z AUTO 00000KT 1 1/2SM RMK IEM_DS3505,M
VOTV,2002-10-19 04:40,76.9500,8.4667,78.80,75.20,88.75,0.00,0.00,M,29.85,M,4.00,M,M,M,M,M,M,M,M,M,M,M,M,M,M,M,M,82.38,VOTV 190440Z AUTO 00000KT 4SM 26/24 A2985 RMK T02600240 IEM_DS3505,M
VOTV,2002-10-19 05:40,76.9500,8.4667,M,M,M,0.00,0.00,M,M,M,4.00,M,M,M,M,M,M,M,M,M,M,M,M,M,M,M,M,M,VOTV 190540Z AUTO 00000KT 4SM RMK IEM_DS3505,M
VOTV,2002-10-19 06:40,76.9500,8.4667,M,M,M,0.00,0.00,M,M,M,4.00,M,M,M,M,M,M,M,M,M,M,M,M,M,M,M,M,M,VOTV 190640Z AUTO 00000KT 4SM RMK IEM_DS3505,M
VOTV,2002-10-19 13:40,76.9500,8.4667,M,M,M,0.00,0.00,M,M,M,2.00,M,M,M,M,M,M,M,M,M,M,M,M,M,M,M,M,M,VOTV 191340Z AUTO 00000KT 2SM RMK IEM_DS3505,M
VOTV,2002-10-20 01:40,76.9500,8.4667,77.00,75.20,94.19,360.00,3.00,M,29.85,M,1.50,M,M,M,M,M,M,M,M,M,M,M,M,M,M,M,M,78.83,VOTV 200140Z AUTO 36003KT 1 1/2SM 25/24 A2985 RMK T02500240 IEM_DS3505,M
VOTV,2002-10-20 05:40,76.9500,8.4667,M,M,M,330.00,4.00,M,M,M,4.00,M,M,M,M,M,M,M,M,M,M,M,M,M,M,M,M,M,VOTV 200540Z AUTO 33004KT 4SM RMK IEM_DS3505,M
VOTV,2002-10-20 08:40,76.9500,8.4667,M,M,M,280.00,2.00,M,M,M,4.00,M,M,M,M,M,M,M,M,M,M,M,M,M,M,M,M,M,VOTV 200840Z AUTO 28002KT 4SM RMK IEM_DS3505,M
VOTV,2002-10-20 10:40,76.9500,8.4667,M,M,M,0.00,0.00,M,M,M,4.00,M,M,M,M,M,M,M,M,M,M,M,M,M,M,M,M,M,VOTV 201040Z AUTO 00000KT 4SM RMK IEM_DS3505,M
VOTV,2002-10-20 11:40,76.9500,8.4667,M,M,M,0.00,0.00,M,M,M,3.00,M,M,M,M,M,M,M,M,M,M,M,M,M,M,M,M,M,VOTV 201140Z AUTO 00000KT 3SM RMK IEM_DS3505,M
VOTV,2002-10-20 13:40,76.9500,8.4667,M,M,M,0.00,0.00,M,M,M,2.50,M,M,M,M,M,M,M,M,M,M,M,M,M,M,M,M,M,VOTV 201340Z AUTO 00000KT 2 1/2SM RMK IEM_DS3505,M
VOTV,2002-10-20 14:40,76.9500,8.4667,M,M,M,300.00,5.00,M,M,M,2.50,M,M,M,M,M,M,M,M,M,M,M,M,M,M,M,M,M,VOTV 201440Z AUTO 30005KT 2 1/2SM RMK IEM_DS3505,M
VOTV,2002-10-20 15:40,76.9500,8.4667,M,M,M,310.00,4.00,M,M,M,1.50,M,M,M,M,M,M,M,M,M,M,M,M,M,M,M,M,M,VOTV 201540Z AUTO 31004KT 1 1/2SM RMK IEM_DS3505,M
VOTV,2002-10-20 16:40,76.9500,8.4667,M,M,M,310.00,7.00,M,M,M,1.50,M,M,M,M,M,M,M,M,M,M,M,M,M,M,M,M,M,VOTV 201640Z AUTO 31007KT 1 1/2SM RMK IEM_DS3505,M
VOTV,2002-10-20 17:40,76.9500,8.4667,M,M,M,0.00,0.00,M,M,M,1.50,M,M,M,M,M,M,M,M,M,M,M,M,M,M,M,M,M,VOTV 201740Z AUTO 00000KT 1 1/2SM RMK IEM_DS3505,M
VOTV,2002-10-21 00:40,76.9500,8.4667,M,M,M,0.00,0.00,M,M,M,2.00,M,M,M,M,M,M,M,M,M,M,M,M,M,M,M,M,M,VOTV 210040Z AUTO 00000KT 2SM RMK IEM_DS3505,M
VOTV,2002-10-21 01:40,76.9500,8.4667,M,M,M,0.00,0.00,M,M,M,2.00,M,M,M,M,M,M,M,M,M,M,M,M,M,M,M,M,M,VOTV 210140Z AUTO 00000KT 2SM RMK IEM_DS3505,M
VOTV,2002-10-21 02:40,76.9500,8.4667,M,M,M,0.00,0.00,M,M,M,2.50,M,M,M,M,M,M,M,M,M,M,M,M,M,M,M,M,M,VOTV 210240Z AUTO 00000KT 2 1/2SM RMK IEM_DS3505,M
VOTV,2002-10-21 06:40,76.9500,8.4667,87.80,75.20,66.35,290.00,10.00,M,29.88,M,5.00,M,M,M,M,M,M,M,M,M,M,M,M,M,M,M,M,97.76,VOTV 210640Z AUTO 29010KT 5SM 31/24 A2988 RMK T03100240 IEM_DS3505,M
VOTV,2002-10-21 08:40,76.9500,8.4667,M,M,M,290.00,8.00,M,M,M,5.00,18.00,M,M,M,M,M,M,M,M,M,M,M,M,M,M,M,M,VOTV 210840Z AUTO 29008G18KT 5SM RMK IEM_DS3505,M
VOTV,2002-10-21 09:40,76.9500,8.4667,M,M,M,280.00,10.00,M,M,M,5.00,20.00,M,M,M,M,M,M,M,M,M,M,M,M,M,M,M,M,VOTV 210940Z AUTO 28010G20KT 5SM RMK IEM_DS3505,M
VOTV,2002-10-21 11:40,76.9500,8.4667,M,M,M,320.00,10.00,M,M,M,4.00,M,M,M,M,M,M,M,M,M,M,M,M,M,M,M,M,M,VOTV 211140Z AUTO 32010KT 4SM RMK IEM_DS3505,M
VOTV,2002-10-21 12:40,76.9500,8.4667,M,M,M,350.00,8.00,M,M,M,4.00,M,M,M,M,M,M,M,M,M,M,M,M,M,M,M,M,M,VOTV 211240Z AUTO 35008KT 4SM RMK IEM_DS3505,M
VOTV,2002-10-21 13:40,76.9500,8.4667,M,M,M,0.00,0.00,M,M,M,2.50,M,M,M,M,M,M,M,M,M,M,M,M,M,M,M,M,M,VOTV 211340Z AUTO 00000KT 2 1/2SM RMK IEM_DS3505,M
VOTV,2002-10-21 16:40,76.9500,8.4667,M,M,M,0.00,0.00,M,M,M,2.50,M,M,M,M,M,M,M,M,M,M,M,M,M,M,M,M,M,VOTV 211640Z AUTO 00000KT 2 1/2SM RMK IEM_DS3505,M
VOTV,2002-10-22 00:40,76.9500,8.4667,75.20,71.60,88.59,0.00,0.00,M,29.83,M,2.00,M,M,M,M,M,M,M,M,M,M,M,M,M,M,M,M,76.58,VOTV 220040Z AUTO 00000KT 2SM 24/22 A2983 RMK T02400220 IEM_DS3505,M
VOTV,2002-10-22 08:40,76.9500,8.4667,M,M,M,290.00,10.00,M,M,M,5.00,M,M,M,M,M,M,M,M,M,M,M,M,M,M,M,M,M,VOTV 220840Z AUTO 29010KT 5SM RMK IEM_DS3505,M
VOTV,2002-10-22 09:40,76.9500,8.4667,M,M,M,320.00,12.00,M,M,M,4.00,M,M,M,M,M,M,M,M,M,M,M,M,M,M,M,M,M,VOTV 220940Z AUTO 32012KT 4SM RMK IEM_DS3505,M
VOTV,2002-10-22 10:40,76.9500,8.4667,M,M,M,300.00,10.00,M,M,M,4.00,M,M,M,M,M,M,M,M,M,M,M,M,M,M,M,M,M,VOTV 221040Z AUTO 30010KT 4SM RMK IEM_DS3505,M
VOTV,2002-10-22 11:40,76.9500,8.4667,M,M,M,290.00,10.00,M,M,M,4.00,M,M,M,M,M,M,M,M,M,M,M,M,M,M,M,M,M,VOTV 221140Z AUTO 29010KT 4SM RMK IEM_DS3505,M
VOTV,2002-10-23 02:40,76.9500,8.4667,78.80,73.40,83.55,0.00,0.00,M,29.83,M,2.50,M,M,M,M,M,M,M,M,M,M,M,M,M,M,M,M,82.03,VOTV 230240Z AUTO 00000KT 2 1/2SM 26/23 A2983 RMK T02600230 IEM_DS3505,M
VOTV,2002-10-23 04:40,76.9500,8.4667,84.20,73.40,70.08,290.00,6.00,M,29.85,M,M,M,M,M,M,M,M,M,M,M,M,M,M,M,M,M,M,90.94,VOTV 230440Z AUTO 29006KT 29/23 A2985 RMK T02900230 IEM_DS3505,M
VOTV,2002-10-23 05:40,76.9500,8.4667,86.00,73.40,66.15,290.00,6.00,M,29.83,M,5.00,M,M,M,M,M,M,M,M,M,M,M,M,M,M,M,M,93.45,VOTV 230540Z AUTO 29006KT 5SM 30/23 A2983 RMK T03000230 IEM_DS3505,M
VOTV,2002-10-23 06:40,76.9500,8.4667,84.20,71.60,65.95,270.00,10.00,M,29.80,M,5.00,M,M,M,M,M,M,M,M,M,M,M,M,M,M,M,M,89.60,VOTV 230640Z AUTO 27010KT 5SM 29/22 A2980 RMK T02900220 IEM_DS3505,M
VOTV,2002-10-23 08:40,76.9500,8.4667,84.20,73.40,70.08,310.00,6.00,M,29.74,M,5.00,M,M,M,M,M,M,M,M,M,M,M,M,M,M,M,M,90.94,VOTV 230840Z AUTO 31006KT 5SM 29/23 A2974 RMK T02900230 IEM_DS3505,M
VOTV,2002-10-23 11:40,76.9500,8.4667,82.40,77.00,83.77,0.00,0.00,M,29.74,M,4.00,M,M,M,M,M,M,M,M,M,M,M,M,M,M,M,M,90.85,VOTV 231140Z AUTO 00000KT 4SM 28/25 A2974 RMK T02800250 IEM_DS3505,M
VOTV,2002-10-24 03:40,76.9500,8.4667,84.20,75.20,74.44,0.00,0.00,M,29.83,M,4.00,M,M,M,M,M,M,M,M,M,M,M,M,M,M,M,M,92.45,VOTV 240340Z AUTO 00000KT 4SM 29/24 A2983 RMK T02900240 IEM_DS3505,M
VOTV,2002-10-24 06:40,76.9500,8.4667,86.00,75.20,70.27,260.00,5.00,M,29.80,M,5.00,M,M,M,M,M,M,M,M,M,M,M,M,M,M,M,M,95.19,VOTV 240640Z AUTO 26005KT 5SM 30/24 A2980 RMK T03000240 IEM_DS3505,M
VOTV,2002-10-24 07:40,76.9500,8.4667,M,M,M,290.00,8.00,M,M,M,5.00,M,M,M,M,M,M,M,M,M,M,M,M,M,M,M,M,M,VOTV 240740Z AUTO 29008KT 5SM RMK IEM_DS3505,M
VOTV,2002-10-24 08:40,76.9500,8.4667,M,M,M,270.00,4.00,M,M,M,5.00,M,M,M,M,M,M,M,M,M,M,M,M,M,M,M,M,M,VOTV 240840Z AUTO 27004KT 5SM RMK IEM_DS3505,M
VOTV,2002-10-24 13:40,76.9500,8.4667,M,M,M,0.00,0.00,M,M,M,3.00,M,M,M,M,M,M,M,M,M,M,M,M,M,M,M,M,M,VOTV 241340Z AUTO 00000KT 3SM RMK IEM_DS3505,M
VOTV,2002-10-25 02:40,76.9500,8.4667,M,M,M,0.00,0.00,M,M,M,1.50,M,M,M,M,M,M,M,M,M,M,M,M,M,M,M,M,M,VOTV 250240Z AUTO 00000KT 1 1/2SM RMK IEM_DS3505,M
VOTV,2002-10-25 03:40,76.9500,8.4667,M,M,M,0.00,0.00,M,M,M,1.50,M,M,M,M,M,M,M,M,M,M,M,M,M,M,M,M,M,VOTV 250340Z AUTO 00000KT 1 1/2SM RMK IEM_DS3505,M
VOTV,2002-10-25 06:40,76.9500,8.4667,M,M,M,0.00,0.00,M,M,M,2.50,M,M,M,M,M,M,M,M,M,M,M,M,M,M,M,M,M,VOTV 250640Z AUTO 00000KT 2 1/2SM RMK IEM_DS3505,M
VOTV,2002-10-25 11:40,76.9500,8.4667,M,M,M,M,M,M,M,M,2.50,M,M,M,M,M,M,M,M,M,M,M,M,M,M,M,M,M,VOTV 251140Z AUTO 2 1/2SM RMK IEM_DS3505,M
VOTV,2002-10-25 15:40,76.9500,8.4667,82.40,77.00,83.77,0.00,0.00,M,29.85,M,2.50,M,M,M,M,M,M,M,M,M,M,M,M,M,M,M,M,90.85,VOTV 251540Z AUTO 00000KT 2 1/2SM 28/25 A2985 RMK T02800250 IEM_DS3505,M
VOTV,2002-10-25 16:40,76.9500,8.4667,80.60,78.80,94.27,0.00,0.00,M,29.85,M,1.50,M,M,M,M,M,M,M,M,M,M,M,M,M,M,M,M,89.33,VOTV 251640Z AUTO 00000KT 1 1/2SM 27/26 A2985 RMK T02700260 IEM_DS3505,M
VOTV,2002-10-25 17:40,76.9500,8.4667,80.60,78.80,94.27,0.00,0.00,M,29.85,M,1.50,M,M,M,M,M,M,M,M,M,M,M,M,M,M,M,M,89.33,VOTV 251740Z AUTO 00000KT 1 1/2SM 27/26 A2985 RMK T02700260 IEM_DS3505,M
VOTV,2002-10-25 23:40,76.9500,8.4667,78.80,77.00,94.23,0.00,0.00,M,29.80,M,1.50,M,M,M,M,M,M,M,M,M,M,M,M,M,M,M,M,82.75,VOTV 252340Z AUTO 00000KT 1 1/2SM 26/25 A2980 RMK T02600250 IEM_DS3505,M
VOTV,2002-10-27 01:40,76.9500,8.4667,78.80,75.20,88.75,0.00,0.00,M,29.83,M,1.50,M,M,M,M,M,M,M,M,M,M,M,M,M,M,M,M,82.38,VOTV 270140Z AUTO 00000KT 1 1/2SM 26/24 A2983 RMK T02600240 IEM_DS3505,M
VOTV,2002-10-27 02:40,76.9500,8.4667,80.60,75.20,83.66,0.00,0.00,M,29.83,M,2.00,M,M,M,M,M,M,M,M,M,M,M,M,M,M,M,M,86.17,VOTV 270240Z AUTO 00000KT 2SM 27/24 A2983 RMK T02700240 IEM_DS3505,M
VOTV,2002-10-27 03:40,76.9500,8.4667,82.40,75.20,78.90,0.00,0.00,M,29.83,M,2.50,M,M,M,M,M,M,M,M,M,M,M,M,M,M,M,M,89.48,VOTV 270340Z AUTO 00000KT 2 1/2SM 28/24 A2983 RMK T02800240 IEM_DS3505,M
VOTV,2002-10-27 04:40,76.9500,8.4667,86.00,75.20,70.27,M,M,M,29.83,M,4.00,M,M,M,M,M,M,M,M,M,M,M,M,M,M,M,M,95.19,VOTV 270440Z AUTO 4SM 30/24 A2983 RMK T03000240 IEM_DS3505,M
VOTV,2002-10-27 05:40,76.9500,8.4667,M,M,M,270.00,6.00,M,M,M,4.00,M,M,M,M,M,M,M,M,M,M,M,M,M,M,M,M,M,VOTV 270540Z AUTO 27006KT 4SM RMK IEM_DS3505,M
VOTV,2002-10-27 14:40,76.9500,8.4667,84.20,77.00,79.04,0.00,0.00,M,29.80,M,2.50,M,M,M,M,M,M,M,M,M,M,M,M,M,M,M,M,94.16,VOTV 271440Z AUTO 00000KT 2 1/2SM 29/25 A2980 RMK T02900250 IEM_DS3505,M
VOTV,2002-10-28 15:40,76.9500,8.4667,M,M,M,0.00,0.00,M,M,M,2.00,M,M,M,M,M,M,M,M,M,M,M,M,M,M,M,M,M,VOTV 281540Z AUTO 00000KT 2SM RMK IEM_DS3505,M
VOTV,2002-10-29 01:40,76.9500,8.4667,78.80,75.20,88.75,0.00,0.00,M,29.80,M,2.00,M,M,M,M,M,M,M,M,M,M,M,M,M,M,M,M,82.38,VOTV 290140Z AUTO 00000KT 2SM 26/24 A2980 RMK T02600240 IEM_DS3505,M
VOTV,2002-10-29 06:40,76.9500,8.4667,M,M,M,0.00,0.00,M,M,M,4.00,M,M,M,M,M,M,M,M,M,M,M,M,M,M,M,M,M,VOTV 290640Z AUTO 00000KT 4SM RMK IEM_DS3505,M
VOTV,2002-10-29 13:40,76.9500,8.4667,M,M,M,0.00,0.00,M,M,M,2.50,M,M,M,M,M,M,M,M,M,M,M,M,M,M,M,M,M,VOTV 291340Z AUTO 00000KT 2 1/2SM RMK IEM_DS3505,M
VOTV,2002-10-29 14:40,76.9500,8.4667,M,M,M,0.00,0.00,M,M,M,2.00,M,M,M,M,M,M,M,M,M,M,M,M,M,M,M,M,M,VOTV 291440Z AUTO 00000KT 2SM RMK IEM_DS3505,M
VOTV,2002-10-29 15:40,76.9500,8.4667,M,M,M,0.00,0.00,M,M,M,1.50,M,M,M,M,M,M,M,M,M,M,M,M,M,M,M,M,M,VOTV 291540Z AUTO 00000KT 1 1/2SM RMK IEM_DS3505,M
VOTV,2002-10-29 17:40,76.9500,8.4667,M,M,M,0.00,0.00,M,M,M,1.50,M,M,M,M,M,M,M,M,M,M,M,M,M,M,M,M,M,VOTV 291740Z AUTO 00000KT 1 1/2SM RMK IEM_DS3505,M
VOTV,2002-10-29 23:40,76.9500,8.4667,M,M,M,0.00,0.00,M,M,M,1.50,M,M,M,M,M,M,M,M,M,M,M,M,M,M,M,M,M,VOTV 292340Z AUTO 00000KT 1 1/2SM RMK IEM_DS3505,M
VOTV,2002-10-30 01:40,76.9500,8.4667,M,M,M,0.00,0.00,M,M,M,2.00,M,M,M,M,M,M,M,M,M,M,M,M,M,M,M,M,M,VOTV 300140Z AUTO 00000KT 2SM RMK IEM_DS3505,M
VOTV,2002-10-30 03:40,76.9500,8.4667,M,M,M,0.00,0.00,M,M,M,2.00,M,M,M,M,M,M,M,M,M,M,M,M,M,M,M,M,M,VOTV 300340Z AUTO 00000KT 2SM RMK IEM_DS3505,M
VOTV,2002-10-30 04:40,76.9500,8.4667,M,M,M,0.00,0.00,M,M,M,2.50,M,M,M,M,M,M,M,M,M,M,M,M,M,M,M,M,M,VOTV 300440Z AUTO 00000KT 2 1/2SM RMK IEM_DS3505,M
VOTV,2002-10-30 05:40,76.9500,8.4667,86.00,73.40,66.15,0.00,0.00,M,29.85,M,M,M,M,M,M,M,M,M,M,M,M,M,M,M,M,M,M,93.45,VOTV 300540Z AUTO 00000KT 30/23 A2985 RMK T03000230 IEM_DS3505,M
VOTV,2002-10-30 08:40,76.9500,8.4667,M,M,M,270.00,6.00,M,M,M,5.00,M,M,M,M,M,M,M,M,M,M,M,M,M,M,M,M,M,VOTV 300840Z AUTO 27006KT 5SM RMK IEM_DS3505,M
VOTV,2002-10-30 11:40,76.9500,8.4667,M,M,M,260.00,4.00,M,M,M,4.00,M,M,M,M,M,M,M,M,M,M,M,M,M,M,M,M,M,VOTV 301140Z AUTO 26004KT 4SM RMK IEM_DS3505,M
VOTV,2002-10-30 13:40,76.9500,8.4667,M,M,M,0.00,0.00,M,M,M,4.00,M,M,M,M,M,M,M,M,M,M,M,M,M,M,M,M,M,VOTV 301340Z AUTO 00000KT 4SM RMK IEM_DS3505,M
VOTV,2002-10-30 23:40,76.9500,8.4667,M,M,M,30.00,3.00,M,M,M,2.00,M,M,M,M,M,M,M,M,M,M,M,M,M,M,M,M,M,VOTV 302340Z AUTO 03003KT 2SM RMK IEM_DS3505,M
VOTV,2002-10-31 04:40,76.9500,8.4667,M,M,M,0.00,0.00,M,M,M,2.00,M,M,M,M,M,M,M,M,M,M,M,M,M,M,M,M,M,VOTV 310440Z AUTO 00000KT 2SM RMK IEM_DS3505,M
VOTV,2002-10-31 06:40,76.9500,8.4667,M,M,M,20.00,3.00,M,M,M,4.00,M,M,M,M,M,M,M,M,M,M,M,M,M,M,M,M,M,VOTV 310640Z AUTO 02003KT 4SM RMK IEM_DS3505,M
VOTV,2002-10-31 07:40,76.9500,8.4667,M,M,M,280.00,7.00,M,M,M,4.00,M,M,M,M,M,M,M,M,M,M,M,M,M,M,M,M,M,VOTV 310740Z AUTO 28007KT 4SM RMK IEM_DS3505,M
VOTV,2002-10-31 08:40,76.9500,8.4667,M,M,M,270.00,5.00,M,M,M,4.00,M,M,M,M,M,M,M,M,M,M,M,M,M,M,M,M,M,VOTV 310840Z AUTO 27005KT 4SM RMK IEM_DS3505,M
VOTV,2002-10-31 10:40,76.9500,8.4667,M,M,M,0.00,0.00,M,M,M,4.00,M,M,M,M,M,M,M,M,M,M,M,M,M,M,M,M,M,VOTV 311040Z AUTO 00000KT 4SM RMK IEM_DS3505,M
VOTV,2002-10-31 12:40,76.9500,8.4667,82.40,73.40,74.28,0.00,0.00,M,29.77,M,2.50,M,M,M,M,M,M,M,M,M,M,M,M,M,M,M,M,88.26,VOTV 311240Z AUTO 00000KT 2 1/2SM 28/23 A2977 RMK T02800230 IEM_DS3505,M
VOTV,2002-10-31 13:40,76.9500,8.4667,80.60,75.20,83.66,0.00,0.00,M,29.80,M,2.50,M,M,M,M,M,M,M,M,M,M,M,M,M,M,M,M,86.17,VOTV 311340Z AUTO 00000KT 2 1/2SM 27/24 A2980 RMK T02700240 IEM_DS3505,M
VOTV,2002-10-31 14:40,76.9500,8.4667,78.80,75.20,88.75,0.00,0.00,M,29.83,M,2.50,M,M,M,M,M,M,M,M,M,M,M,M,M,M,M,M,82.38,VOTV 311440Z AUTO 00000KT 2 1/2SM 26/24 A2983 RMK T02600240 IEM_DS3505,M
VOTV,2002-11-01 00:00,76.9500,8.4667,74.48,72.86,94.70,0.00,0.00,M,29.80,1009.00,2.50,M,M,M,M,M,M,M,M,M,M,M,M,M,M,M,M,76.08,VOTV 010000Z AUTO 00000KT 2 1/2SM 24/23 RMK SLP090 T02360227 IEM_DS3505,M
VOTV,2002-11-01 02:40,76.9500,8.4667,82.40,73.40,74.28,0.00,0.00,M,29.83,M,4.00,M,M,M,M,M,M,M,M,M,M,M,M,M,M,M,M,88.26,VOTV 010240Z AUTO 00000KT 4SM 28/23 A2983 RMK T02800230 IEM_DS3505,M
VOTV,2002-11-01 03:40,76.9500,8.4667,84.20,75.20,74.44,0.00,0.00,M,29.85,M,4.00,M,M,M,M,M,M,M,M,M,M,M,M,M,M,M,M,92.45,VOTV 010340Z AUTO 00000KT 4SM 29/24 A2985 RMK T02900240 IEM_DS3505,M
VOTV,2002-11-01 05:40,76.9500,8.4667,86.00,75.20,70.27,210.00,5.00,M,29.85,M,5.00,M,M,M,M,M,M,M,M,M,M,M,M,M,M,M,M,95.19,VOTV 010540Z AUTO 21005KT 5SM 30/24 A2985 RMK T03000240 IEM_DS3505,M
VOTV,2002-11-01 06:40,76.9500,8.4667,M,M,M,M,M,M,M,M,5.00,M,M,M,M,M,M,M,M,M,M,M,M,M,M,M,M,M,VOTV 010640Z AUTO 5SM RMK IEM_DS3505,M
VOTV,2002-11-01 08:40,76.9500,8.4667,M,M,M,260.00,3.00,M,M,M,7.00,M,M,M,M,M,M,M,M,M,M,M,M,M,M,M,M,M,VOTV 010840Z AUTO 26003KT 7SM RMK IEM_DS3505,M
VOTV,2002-11-01 09:40,76.9500,8.4667,M,M,M,280.00,3.00,M,M,M,5.00,M,M,M,M,M,M,M,M,M,M,M,M,M,M,M,M,M,VOTV 010940Z AUTO 28003KT 5SM RMK IEM_DS3505,M
VOTV,2002-11-01 11:40,76.9500,8.4667,M,M,M,0.00,0.00,M,M,M,4.00,M,M,M,M,M,M,M,M,M,M,M,M,M,M,M,M,M,VOTV 011140Z AUTO 00000KT 4SM RMK IEM_DS3505,M
VOTV,2002-11-01 12:40,76.9500,8.4667,M,M,M,0.00,0.00,M,M,M,4.00,M,M,M,M,M,M,M,M,M,M,M,M,M,M,M,M,M,VOTV 011240Z AUTO 00000KT 4SM RMK IEM_DS3505,M
VOTV,2002-11-01 14:40,76.9500,8.4667,M,M,M,0.00,0.00,M,M,M,4.00,M,M,M,M,M,M,M,M,M,M,M,M,M,M,M,M,M,VOTV 011440Z AUTO 00000KT 4SM RMK IEM_DS3505,M
VOTV,2002-11-02 00:40,76.9500,8.4667,77.00,73.40,88.67,0.00,0.00,M,29.83,M,2.50,M,M,M,M,M,M,M,M,M,M,M,M,M,M,M,M,78.57,VOTV 020040Z AUTO 00000KT 2 1/2SM 25/23 A2983 RMK T02500230 IEM_DS3505,M
VOTV,2002-11-02 04:40,76.9500,8.4667,86.00,75.20,70.27,0.00,0.00,M,29.88,M,2.50,M,M,M,M,M,M,M,M,M,M,M,M,M,M,M,M,95.19,VOTV 020440Z AUTO 00000KT 2 1/2SM 30/24 A2988 RMK T03000240 IEM_DS3505,M
VOTV,2002-11-02 07:40,76.9500,8.4667,86.00,75.20,70.27,0.00,0.00,M,29.83,M,2.50,M,M,M,M,M,M,M,M,M,M,M,M,M,M,M,M,95.19,VOTV 020740Z AUTO 00000KT 2 1/2SM 30/24 A2983 RMK T03000240 IEM_DS3505,M
VOTV,2002-11-02 08:40,76.9500,8.4667,M,M,M,M,M,M,M,M,2.00,M,M,M,M,M,M,M,M,M,M,M,M,M,M,M,M,M,VOTV 020840Z AUTO 2SM RMK IEM_DS3505,M
VOTV,2002-11-02 09:40,76.9500,8.4667,80.60,75.20,83.66,0.00,0.00,M,29.77,M,2.50,M,M,M,M,M,M,M,M,M,M,M,M,M,M,M,M,86.17,VOTV 020940Z AUTO 00000KT 2 1/2SM 27/24 A2977 RMK T02700240 IEM_DS3505,M
VOTV,2002-11-02 10:40,76.9500,8.4667,82.40,75.20,78.90,0.00,0.00,M,29.77,M,2.50,M,M,M,M,M,M,M,M,M,M,M,M,M,M,M,M,89.48,VOTV 021040Z AUTO 00000KT 2 1/2SM 28/24 A2977 RMK T02800240 IEM_DS3505,M
VOTV,2002-11-02 11:40,76.9500,8.4667,82.40,77.00,83.77,0.00,0.00,M,29.80,M,2.00,M,M,M,M,M,M,M,M,M,M,M,M,M,M,M,M,90.85,VOTV 021140Z AUTO 00000KT 2SM 28/25 A2980 RMK T02800250 IEM_DS3505,M
VOTV,2002-11-02 12:40,76.9500,8.4667,80.60,77.00,88.83,0.00,0.00,M,29.80,M,2.00,M,M,M,M,M,M,M,M,M,M,M,M,M,M,M,M,87.10,VOTV 021240Z AUTO 00000KT 2SM 27/25 A2980 RMK T02700250 IEM_DS3505,M
VOTV,2002-11-02 13:40,76.9500,8.4667,M,M,M,0.00,0.00,M,M,M,2.00,M,M,M,M,M,M,M,M,M,M,M,M,M,M,M,M,M,VOTV 021340Z AUTO 00000KT 2SM RMK IEM_DS3505,M
VOTV,2002-11-02 14:40,76.9500,8.4667,M,M,M,0.00,0.00,M,M,M,2.00,M,M,M,M,M,M,M,M,M,M,M,M,M,M,M,M,M,VOTV 021440Z AUTO 00000KT 2SM RMK IEM_DS3505,M
VOTV,2002-11-03 00:40,76.9500,8.4667,M,M,M,0.00,0.00,M,M,M,1.50,M,M,M,M,M,M,M,M,M,M,M,M,M,M,M,M,M,VOTV 030040Z AUTO 00000KT 1 1/2SM RMK IEM_DS3505,M
VOTV,2002-11-03 01:40,76.9500,8.4667,M,M,M,0.00,0.00,M,M,M,1.50,M,M,M,M,M,M,M,M,M,M,M,M,M,M,M,M,M,VOTV 030140Z AUTO 00000KT 1 1/2SM RMK IEM_DS3505,M
VOTV,2002-11-03 02:40,76.9500,8.4667,77.00,73.40,88.67,0.00,0.00,M,29.88,M,1.50,M,M,M,M,M,M,M,M,M,M,M,M,M,M,M,M,78.57,VOTV 030240Z AUTO 00000KT 1 1/2SM 25/23 A2988 RMK T02500230 IEM_DS3505,M
VOTV,2002-11-03 04:40,76.9500,8.4667,M,M,M,M,M,M,M,M,2.50,M,M,M,M,M,M,M,M,M,M,M,M,M,M,M,M,M,VOTV 030440Z AUTO 2 1/2SM RMK IEM_DS3505,M
VOTV,2002-11-03 06:40,76.9500,8.4667,84.20,73.40,70.08,220.00,4.00,M,29.83,M,M,M,M,M,M,M,M,M,M,M,M,M,M,M,M,M,M,90.94,VOTV 030640Z AUTO 22004KT 29/23 A2983 RMK T02900230 IEM_DS3505,M
VOTV,2002-11-03 07:40,76.9500,8.4667,84.20,73.40,70.08,230.00,4.00,M,29.83,M,M,M,M,M,M,M,M,M,M,M,M,M,M,M,M,M,M,90.94,VOTV 030740Z AUTO 23004KT 29/23 A2983 RMK T02900230 IEM_DS3505,M
VOTV,2002-11-03 08:40,76.9500,8.4667,M,M,M,M,M,M,M,M,4.00,M,M,M,M,M,M,M,M,M,M,M,M,M,M,M,M,M,VOTV 030840Z AUTO 4SM RMK IEM_DS3505,M
VOTV,2002-11-03 13:40,76.9500,8.4667,84.20,77.00,79.04,0.00,0.00,M,29.80,M,2.50,M,M,M,M,M,M,M,M,M,M,M,M,M,M,M,M,94.16,VOTV 031340Z AUTO 00000KT 2 1/2SM 29/25 A2980 RMK T02900250 IEM_DS3505,M
VOTV,2002-11-03 14:40,76.9500,8.4667,82.40,77.00,83.77,0.00,0.00,M,29.80,M,2.50,M,M,M,M,M,M,M,M,M,M,M,M,M,M,M,M,90.85,VOTV 031440Z AUTO 00000KT 2 1/2SM 28/25 A2980 RMK T02800250 IEM_DS3505,M
VOTV,2002-11-04 00:40,76.9500,8.4667,M,M,M,0.00,0.00,M,M,M,2.00,M,M,M,M,M,M,M,M,M,M,M,M,M,M,M,M,M,VOTV 040040Z AUTO 00000KT 2SM RMK IEM_DS3505,M
VOTV,2002-11-04 05:40,76.9500,8.4667,M,M,M,0.00,0.00,M,M,M,2.50,M,M,M,M,M,M,M,M,M,M,M,M,M,M,M,M,M,VOTV 040540Z AUTO 00000KT 2 1/2SM RMK IEM_DS3505,M
VOTV,2002-11-04 09:40,76.9500,8.4667,M,M,M,0.00,0.00,M,M,M,5.00,M,M,M,M,M,M,M,M,M,M,M,M,M,M,M,M,M,VOTV 040940Z AUTO 00000KT 5SM RMK IEM_DS3505,M
VOTV,2002-11-04 11:40,76.9500,8.4667,M,M,M,M,M,M,M,M,4.00,M,M,M,M,M,M,M,M,M,M,M,M,M,M,M,M,M,VOTV 041140Z AUTO 4SM RMK IEM_DS3505,M
VOTV,2002-11-05 03:40,76.9500,8.4667,84.20,75.20,74.44,0.00,0.00,M,29.85,M,4.00,M,M,M,M,M,M,M,M,M,M,M,M,M,M,M,M,92.45,VOTV 050340Z AUTO 00000KT 4SM 29/24 A2985 RMK T02900240 IEM_DS3505,M
VOTV,2002-11-05 04:40,76.9500,8.4667,M,M,M,0.00,0.00,M,M,M,4.00,M,M,M,M,M,M,M,M,M,M,M,M,M,M,M,M,M,VOTV 050440Z AUTO 00000KT 4SM RMK IEM_DS3505,M
VOTV,2002-11-05 05:40,76.9500,8.4667,M,M,M,0.00,0.00,M,M,M,4.00,M,M,M,M,M,M,M,M,M,M,M,M,M,M,M,M,M,VOTV 050540Z AUTO 00000KT 4SM RMK IEM_DS3505,M
VOTV,2002-11-05 06:40,76.9500,8.4667,M,M,M,0.00,0.00,M,M,M,4.00,M,M,M,M,M,M,M,M,M,M,M,M,M,M,M,M,M,VOTV 050640Z AUTO 00000KT 4SM RMK IEM_DS3505,M
VOTV,2002-11-05 08:40,76.9500,8.4667,M,M,M,0.00,0.00,M,M,M,2.50,M,M,M,M,M,M,M,M,M,M,M,M,M,M,M,M,M,VOTV 050840Z AUTO 00000KT 2 1/2SM RMK IEM_DS3505,M
VOTV,2002-11-05 23:40,76.9500,8.4667,M,M,M,0.00,0.00,M,M,M,2.00,M,M,M,M,M,M,M,M,M,M,M,M,M,M,M,M,M,VOTV 052340Z AUTO 00000KT 2SM RMK IEM_DS3505,M
VOTV,2002-11-06 00:40,76.9500,8.4667,M,M,M,0.00,0.00,M,M,M,1.50,M,M,M,M,M,M,M,M,M,M,M,M,M,M,M,M,M,VOTV 060040Z AUTO 00000KT 1 1/2SM RMK IEM_DS3505,M
VOTV,2002-11-06 04:40,76.9500,8.4667,M,M,M,0.00,0.00,M,M,M,2.00,M,M,M,M,M,M,M,M,M,M,M,M,M,M,M,M,M,VOTV 060440Z AUTO 00000KT 2SM RMK IEM_DS3505,M
VOTV,2002-11-06 06:40,76.9500,8.4667,M,M,M,0.00,0.00,M,M,M,4.00,M,M,M,M,M,M,M,M,M,M,M,M,M,M,M,M,M,VOTV 060640Z AUTO 00000KT 4SM RMK IEM_DS3505,M
VOTV,2002-11-06 12:40,76.9500,8.4667,M,M,M,0.00,0.00,M,M,M,2.00,M,M,M,M,M,M,M,M,M,M,M,M,M,M,M,M,M,VOTV 061240Z AUTO 00000KT 2SM RMK IEM_DS3505,M
VOTV,2002-11-07 05:40,76.9500,8.4667,84.20,75.20,74.44,0.00,0.00,M,29.88,M,2.50,M,M,M,M,M,M,M,M,M,M,M,M,M,M,M,M,92.45,VOTV 070540Z AUTO 00000KT 2 1/2SM 29/24 A2988 RMK T02900240 IEM_DS3505,M
VOTV,2002-11-07 06:40,76.9500,8.4667,84.20,75.20,74.44,250.00,5.00,M,29.85,M,4.00,M,M,M,M,M,M,M,M,M,M,M,M,M,M,M,M,92.45,VOTV 070640Z AUTO 25005KT 4SM 29/24 A2985 RMK T02900240 IEM_DS3505,M
VOTV,2002-11-07 08:40,76.9500,8.4667,M,M,M,280.00,4.00,M,M,M,4.00,M,M,M,M,M,M,M,M,M,M,M,M,M,M,M,M,M,VOTV 070840Z AUTO 28004KT 4SM RMK IEM_DS3505,M
VOTV,2002-11-07 09:40,76.9500,8.4667,M,M,M,250.00,8.00,M,M,M,4.00,M,M,M,M,M,M,M,M,M,M,M,M,M,M,M,M,M,VOTV 070940Z AUTO 25008KT 4SM RMK IEM_DS3505,M
VOTV,2002-11-07 10:40,76.9500,8.4667,M,M,M,270.00,6.00,M,M,M,2.00,M,M,M,M,M,M,M,M,M,M,M,M,M,M,M,M,M,VOTV 071040Z AUTO 27006KT 2SM RMK IEM_DS3505,M
VOTV,2002-11-07 15:40,76.9500,8.4667,M,M,M,0.00,0.00,M,M,M,1.50,M,M,M,M,M,M,M,M,M,M,M,M,M,M,M,M,M,VOTV 071540Z AUTO 00000KT 1 1/2SM RMK IEM_DS3505,M
VOTV,2002-11-07 16:40,76.9500,8.4667,M,M,M,0.00,0.00,M,M,M,2.00,M,M,M,M,M,M,M,M,M,M,M,M,M,M,M,M,M,VOTV 071640Z AUTO 00000KT 2SM RMK IEM_DS3505,M
VOTV,2002-11-08 00:40,76.9500,8.4667,77.00,73.40,88.67,0.00,0.00,M,29.83,M,2.00,M,M,M,M,M,M,M,M,M,M,M,M,M,M,M,M,78.57,VOTV 080040Z AUTO 00000KT 2SM 25/23 A2983 RMK T02500230 IEM_DS3505,M
VOTV,2002-11-08 01:40,76.9500,8.4667,77.00,73.40,88.67,0.00,0.00,M,29.83,M,1.50,M,M,M,M,M,M,M,M,M,M,M,M,M,M,M,M,78.57,VOTV 080140Z AUTO 00000KT 1 1/2SM 25/23 A2983 RMK T02500230 IEM_DS3505,M
VOTV,2002-11-08 02:40,76.9500,8.4667,80.60,75.20,83.66,0.00,0.00,M,29.85,M,2.00,M,M,M,M,M,M,M,M,M,M,M,M,M,M,M,M,86.17,VOTV 080240Z AUTO 00000KT 2SM 27/24 A2985 RMK T02700240 IEM_DS3505,M
VOTV,2002-11-08 06:40,76.9500,8.4667,84.20,75.20,74.44,270.00,3.00,M,29.80,M,4.00,M,M,M,M,M,M,M,M,M,M,M,M,M,M,M,M,92.45,VOTV 080640Z AUTO 27003KT 4SM 29/24 A2980 RMK T02900240 IEM_DS3505,M
VOTV,2002-11-08 08:40,76.9500,8.4667,M,M,M,M,M,M,M,M,4.00,M,M,M,M,M,M,M,M,M,M,M,M,M,M,M,M,M,VOTV 080840Z AUTO 4SM RMK IEM_DS3505,M
VOTV,2002-11-08 10:40,76.9500,8.4667,M,M,M,270.00,5.00,M,M,M,4.00,M,M,M,M,M,M,M,M,M,M,M,M,M,M,M,M,M,VOTV 081040Z AUTO 27005KT 4SM RMK IEM_DS3505,M
VOTV,2002-11-08 11:40,76.9500,8.4667,M,M,M,320.00,8.00,M,M,M,4.00,M,M,M,M,M,M,M,M,M,M,M,M,M,M,M,M,M,VOTV 081140Z AUTO 32008KT 4SM RMK IEM_DS3505,M
VOTV,2002-11-08 12:40,76.9500,8.4667,M,M,M,M,M,M,M,M,4.00,M,M,M,M,M,M,M,M,M,M,M,M,M,M,M,M,M,VOTV 081240Z AUTO 4SM RMK IEM_DS3505,M
VOTV,2002-11-08 16:40,76.9500,8.4667,78.80,75.20,88.75,0.00,0.00,M,29.85,M,2.00,M,M,M,M,M,M,M,M,M,M,M,M,M,M,M,M,82.38,VOTV 081640Z AUTO 00000KT 2SM 26/24 A2985 RMK T02600240 IEM_DS3505,M
VOTV,2002-11-09 00:40,76.9500,8.4667,77.00,75.20,94.19,0.00,0.00,M,29.80,M,1.50,M,M,M,M,M,M,M,M,M,M,M,M,M,M,M,M,78.83,VOTV 090040Z AUTO 00000KT 1 1/2SM 25/24 A2980 RMK T02500240 IEM_DS3505,M
VOTV,2002-11-09 07:40,76.9500,8.4667,M,M,M,230.00,3.00,M,M,M,5.00,M,M,M,M,M,M,M,M,M,M,M,M,M,M,M,M,M,VOTV 090740Z AUTO 23003KT 5SM RMK IEM_DS3505,M
VOTV,2002-11-09 15:40,76.9500,8.4667,80.60,77.00,88.83,0.00,0.00,M,29.83,M,2.50,M,M,M,M,M,M,M,M,M,M,M,M,M,M,M,M,87.10,VOTV 091540Z AUTO 00000KT 2 1/2SM 27/25 A2983 RMK T02700250 IEM_DS3505,M
VOTV,2002-11-10 01:40,76.9500,8.4667,M,M,M,0.00,0.00,M,M,M,1.50,M,M,M,M,M,M,M,M,M,M,M,M,M,M,M,M,M,VOTV 100140Z AUTO 00000KT 1 1/2SM RMK IEM_DS3505,M
VOTV,2002-11-10 08:40,76.9500,8.4667,80.60,75.20,83.66,290.00,10.00,M,29.80,M,2.00,M,M,M,M,M,M,M,M,M,M,M,M,M,M,M,M,86.17,VOTV 100840Z AUTO 29010KT 2SM 27/24 A2980 RMK T02700240 IEM_DS3505,M
VOTV,2002-11-10 09:40,76.9500,8.4667,78.80,75.20,88.75,290.00,6.00,M,29.74,M,1.50,M,M,M,M,M,M,M,M,M,M,M,M,M,M,M,M,82.38,VOTV 100940Z AUTO 29006KT 1 1/2SM 26/24 A2974 RMK T02600240 IEM_DS3505,M
VOTV,2002-11-10 10:40,76.9500,8.4667,M,M,M,0.00,0.00,M,M,M,1.50,M,M,M,M,M,M,M,M,M,M,M,M,M,M,M,M,M,VOTV 101040Z AUTO 00000KT 1 1/2SM RMK IEM_DS3505,M
VOTV,2002-11-10 12:40,76.9500,8.4667,M,M,M,0.00,0.00,M,M,M,2.50,M,M,M,M,M,M,M,M,M,M,M,M,M,M,M,M,M,VOTV 101240Z AUTO 00000KT 2 1/2SM RMK IEM_DS3505,M
VOTV,2002-11-10 13:40,76.9500,8.4667,M,M,M,0.00,0.00,M,M,M,2.00,M,M,M,M,M,M,M,M,M,M,M,M,M,M,M,M,M,VOTV 101340Z AUTO 00000KT 2SM RMK IEM_DS3505,M
VOTV,2002-11-10 14:40,76.9500,8.4667,M,M,M,0.00,0.00,M,M,M,1.50,M,M,M,M,M,M,M,M,M,M,M,M,M,M,M,M,M,VOTV 101440Z AUTO 00000KT 1 1/2SM RMK IEM_DS3505,M
VOTV,2002-11-11 02:40,76.9500,8.4667,80.60,77.00,88.83,0.00,0.00,M,29.83,M,2.50,M,M,M,M,M,M,M,M,M,M,M,M,M,M,M,M,87.10,VOTV 110240Z AUTO 00000KT 2 1/2SM 27/25 A2983 RMK T02700250 IEM_DS3505,M
VOTV,2002-11-11 03:40,76.9500,8.4667,M,M,M,M,M,M,M,M,4.00,M,M,M,M,M,M,M,M,M,M,M,M,M,M,M,M,M,VOTV 110340Z AUTO 4SM RMK IEM_DS3505,M
VOTV,2002-11-11 04:40,76.9500,8.4667,M,M,M,0.00,0.00,M,M,M,4.00,M,M,M,M,M,M,M,M,M,M,M,M,M,M,M,M,M,VOTV 110440Z AUTO 00000KT 4SM RMK IEM_DS3505,M
VOTV,2002-11-11 05:40,76.9500,8.4667,86.00,75.20,70.27,300.00,6.00,M,29.83,M,M,M,M,M,M,M,M,M,M,M,M,M,M,M,M,M,M,95.19,VOTV 110540Z AUTO 30006KT 30/24 A2983 RMK T03000240 IEM_DS3505,M
VOTV,2002-11-11 06:40,76.9500,8.4667,86.00,75.20,70.27,290.00,6.00,M,29.80,M,5.00,M,M,M,M,M,M,M,M,M,M,M,M,M,M,M,M,95.19,VOTV 110640Z AUTO 29006KT 5SM 30/24 A2980 RMK T03000240 IEM_DS3505,M
VOTV,2002-11-11 07:40,76.9500,8.4667,86.00,73.40,66.15,290.00,8.00,M,29.77,M,5.00,M,M,M,M,M,M,M,M,M,M,M,M,M,M,M,M,93.45,VOTV 110740Z AUTO 29008KT 5SM 30/23 A2977 RMK T03000230 IEM_DS3505,M
VOTV,2002-11-11 08:40,76.9500,8.4667,M,M,M,270.00,6.00,M,M,M,4.00,M,M,M,M,M,M,M,M,M,M,M,M,M,M,M,M,M,VOTV 110840Z AUTO 27006KT 4SM RMK IEM_DS3505,M
VOTV,2002-11-11 09:40,76.9500,8.4667,M,M,M,290.00,10.00,M,M,M,4.00,M,M,M,M,M,M,M,M,M,M,M,M,M,M,M,M,M,VOTV 110940Z AUTO 29010KT 4SM RMK IEM_DS3505,M
VOTV,2002-11-11 10:40,76.9500,8.4667,M,M,M,290.00,8.00,M,M,M,4.00,M,M,M,M,M,M,M,M,M,M,M,M,M,M,M,M,M,VOTV 111040Z AUTO 29008KT 4SM RMK IEM_DS3505,M
VOTV,2002-11-11 14:40,76.9500,8.4667,M,M,M,0.00,0.00,M,M,M,2.50,M,M,M,M,M,M,M,M,M,M,M,M,M,M,M,M,M,VOTV 111440Z AUTO 00000KT 2 1/2SM RMK IEM_DS3505,M
VOTV,2002-11-11 15:40,76.9500,8.4667,M,M,M,0.00,0.00,M,M,M,2.50,M,M,M,M,M,M,M,M,M,M,M,M,M,M,M,M,M,VOTV 111540Z AUTO 00000KT 2 1/2SM RMK IEM_DS3505,M
VOTV,2002-11-11 16:40,76.9500,8.4667,M,M,M,0.00,0.00,M,M,M,2.50,M,M,M,M,M,M,M,M,M,M,M,M,M,M,M,M,M,VOTV 111640Z AUTO 00000KT 2 1/2SM RMK IEM_DS3505,M
VOTV,2002-11-11 23:40,76.9500,8.4667,M,M,M,0.00,0.00,M,M,M,2.50,M,M,M,M,M,M,M,M,M,M,M,M,M,M,M,M,M,VOTV 112340Z AUTO 00000KT 2 1/2SM RMK IEM_DS3505,M
VOTV,2002-11-12 00:40,76.9500,8.4667,M,M,M,0.00,0.00,M,M,M,1.50,M,M,M,M,M,M,M,M,M,M,M,M,M,M,M,M,M,VOTV 120040Z AUTO 00000KT 1 1/2SM RMK IEM_DS3505,M
VOTV,2002-11-12 01:40,76.9500,8.4667,M,M,M,0.00,0.00,M,M,M,1.50,M,M,M,M,M,M,M,M,M,M,M,M,M,M,M,M,M,VOTV 120140Z AUTO 00000KT 1 1/2SM RMK IEM_DS3505,M
VOTV,2002-11-12 04:40,76.9500,8.4667,M,M,M,320.00,6.00,M,M,M,4.00,M,M,M,M,M,M,M,M,M,M,M,M,M,M,M,M,M,VOTV 120440Z AUTO 32006KT 4SM RMK IEM_DS3505,M
VOTV,2002-11-12 06:40,76.9500,8.4667,87.80,75.20,66.35,290.00,10.00,M,29.83,M,5.00,M,M,M,M,M,M,M,M,M,M,M,M,M,M,M,M,97.76,VOTV 120640Z AUTO 29010KT 5SM 31/24 A2983 RMK T03100240 IEM_DS3505,M
VOTV,2002-11-12 08:40,76.9500,8.4667,M,M,M,320.00,8.00,M,M,M,5.00,M,M,M,M,M,M,M,M,M,M,M,M,M,M,M,M,M,VOTV 120840Z AUTO 32008KT 5SM RMK IEM_DS3505,M
VOTV,2002-11-12 09:40,76.9500,8.4667,M,M,M,300.00,9.00,M,M,M,5.00,M,M,M,M,M,M,M,M,M,M,M,M,M,M,M,M,M,VOTV 120940Z AUTO 30009KT 5SM RMK IEM_DS3505,M
VOTV,2002-11-12 12:40,76.9500,8.4667,M,M,M,320.00,4.00,M,M,M,2.50,M,M,M,M,M,M,M,M,M,M,M,M,M,M,M,M,M,VOTV 121240Z AUTO 32004KT 2 1/2SM RMK IEM_DS3505,M
VOTV,2002-11-12 16:40,76.9500,8.4667,80.60,77.00,88.83,0.00,0.00,M,29.83,M,2.00,M,M,M,M,M,M,M,M,M,M,M,M,M,M,M,M,87.10,VOTV 121640Z AUTO 00000KT 2SM 27/25 A2983 RMK T02700250 IEM_DS3505,M
VOTV,2002-11-13 02:40,76.9500,8.4667,84.20,75.20,74.44,0.00,0.00,M,29.83,M,3.00,M,M,M,M,M,M,M,M,M,M,M,M,M,M,M,M,92.45,VOTV 130240Z AUTO 00000KT 3SM 29/24 A2983 RMK T02900240 IEM_DS3505,M
VOTV,2002-11-13 03:40,76.9500,8.4667,86.00,73.40,66.15,M,M,M,29.83,M,M,M,M,M,M,M,M,M,M,M,M,M,M,M,M,M,M,93.45,VOTV 130340Z AUTO 30/23 A2983 RMK T03000230 IEM_DS3505,M
VOTV,2002-11-13 04:40,76.9500,8.4667,87.80,73.40,62.47,0.00,0.00,M,29.83,M,5.00,M,M,M,M,M,M,M,M,M,M,M,M,M,M,M,M,95.86,VOTV 130440Z AUTO 00000KT 5SM 31/23 A2983 RMK T03100230 IEM_DS3505,M
VOTV,2002-11-13 05:40,76.9500,8.4667,86.00,75.20,70.27,270.00,8.00,M,29.83,M,5.00,M,M,M,M,M,M,M,M,M,M,M,M,M,M,M,M,95.19,VOTV 130540Z AUTO 27008KT 5SM 30/24 A2983 RMK T03000240 IEM_DS3505,M
VOTV,2002-11-13 06:40,76.9500,8.4667,87.80,75.20,66.35,280.00,9.00,M,29.77,M,5.00,M,M,M,M,M,M,M,M,M,M,M,M,M,M,M,M,97.76,VOTV 130640Z AUTO 28009KT 5SM 31/24 A2977 RMK T03100240 IEM_DS3505,M
VOTV,2002-11-13 07:40,76.9500,8.4667,87.80,75.20,66.35,270.00,8.00,M,29.74,M,5.00,M,M,M,M,M,M,M,M,M,M,M,M,M,M,M,M,97.76,VOTV 130740Z AUTO 27008KT 5SM 31/24 A2974 RMK T03100240 IEM_DS3505,M
VOTV,2002-11-13 08:40,76.9500,8.4667,M,M,M,270.00,6.00,M,M,M,5.00,M,M,M,M,M,M,M,M,M,M,M,M,M,M,M,M,M,VOTV 130840Z AUTO 27006KT 5SM RMK IEM_DS3505,M
VOTV,2002-11-13 10:40,76.9500,8.4667,M,M,M,290.00,6.00,M,M,M,4.00,M,M,M,M,M,M,M,M,M,M,M,M,M,M,M,M,M,VOTV 131040Z AUTO 29006KT 4SM RMK IEM_DS3505,M
VOTV,2002-11-13 14:40,76.9500,8.4667,M,M,M,0.00,0.00,M,M,M,1.50,M,M,M,M,M,M,M,M,M,M,M,M,M,M,M,M,M,VOTV 131440Z AUTO 00000KT 1 1/2SM RMK IEM_DS3505,M
VOTV,2002-11-13 16:40,76.9500,8.4667,M,M,M,0.00,0.00,M,M,M,2.00,M,M,M,M,M,M,M,M,M,M,M,M,M,M,M,M,M,VOTV 131640Z AUTO 00000KT 2SM RMK IEM_DS3505,M
VOTV,2002-11-13 17:40,76.9500,8.4667,77.00,75.20,94.19,0.00,0.00,M,29.83,M,2.00,M,M,M,M,M,M,M,M,M,M,M,M,M,M,M,M,78.83,VOTV 131740Z AUTO 00000KT 2SM 25/24 A2983 RMK T02500240 IEM_DS3505,M
VOTV,2002-11-13 23:40,76.9500,8.4667,77.00,73.40,88.67,0.00,0.00,M,29.77,M,2.00,M,M,M,M,M,M,M,M,M,M,M,M,M,M,M,M,78.57,VOTV 132340Z AUTO 00000KT 2SM 25/23 A2977 RMK T02500230 IEM_DS3505,M
VOTV,2002-11-14 01:40,76.9500,8.4667,77.00,75.20,94.19,0.00,0.00,M,29.83,M,1.50,M,M,M,M,M,M,M,M,M,M,M,M,M,M,M,M,78.83,VOTV 140140Z AUTO 00000KT 1 1/2SM 25/24 A2983 RMK T02500240 IEM_DS3505,M
VOTV,2002-11-14 02:40,76.9500,8.4667,82.40,77.00,83.77,0.00,0.00,M,29.83,M,1.50,M,M,M,M,M,M,M,M,M,M,M,M,M,M,M,M,90.85,VOTV 140240Z AUTO 00000KT 1 1/2SM 28/25 A2983 RMK T02800250 IEM_DS3505,M
VOTV,2002-11-14 05:40,76.9500,8.4667,M,M,M,280.00,7.00,M,M,M,4.00,M,M,M,M,M,M,M,M,M,M,M,M,M,M,M,M,M,VOTV 140540Z AUTO 28007KT 4SM RMK IEM_DS3505,M
VOTV,2002-11-14 06:40,76.9500,8.4667,M,M,M,280.00,9.00,M,M,M,4.00,M,M,M,M,M,M,M,M,M,M,M,M,M,M,M,M,M,VOTV 140640Z AUTO 28009KT 4SM RMK IEM_DS3505,M
VOTV,2002-11-14 10:40,76.9500,8.4667,M,M,M,120.00,6.00,M,M,M,1.50,M,M,M,M,M,M,M,M,M,M,M,M,M,M,M,M,M,VOTV 141040Z AUTO 12006KT 1 1/2SM RMK IEM_DS3505,M
VOTV,2002-11-15 01:40,76.9500,8.4667,77.00,73.40,88.67,0.00,0.00,M,29.80,M,1.50,M,M,M,M,M,M,M,M,M,M,M,M,M,M,M,M,78.57,VOTV 150140Z AUTO 00000KT 1 1/2SM 25/23 A2980 RMK T02500230 IEM_DS3505,M
VOTV,2002-11-15 02:40,76.9500,8.4667,80.60,75.20,83.66,0.00,0.00,M,29.83,M,1.50,M,M,M,M,M,M,M,M,M,M,M,M,M,M,M,M,86.17,VOTV 150240Z AUTO 00000KT 1 1/2SM 27/24 A2983 RMK T02700240 IEM_DS3505,M
VOTV,2002-11-15 05:40,76.9500,8.4667,84.20,77.00,79.04,0.00,0.00,M,29.85,M,4.00,M,M,M,M,M,M,M,M,M,M,M,M,M,M,M,M,94.16,VOTV 150540Z AUTO 00000KT 4SM 29/25 A2985 RMK T02900250 IEM_DS3505,M
VOTV,2002-11-15 06:40,76.9500,8.4667,86.00,77.00,74.61,0.00,0.00,M,29.83,M,4.00,M,M,M,M,M,M,M,M,M,M,M,M,M,M,M,M,97.15,VOTV 150640Z AUTO 00000KT 4SM 30/25 A2983 RMK T03000250 IEM_DS3505,M
VOTV,2002-11-15 08:40,76.9500,8.4667,M,M,M,M,M,M,M,M,4.00,M,M,M,M,M,M,M,M,M,M,M,M,M,M,M,M,M,VOTV 150840Z AUTO 4SM RMK IEM_DS3505,M
VOTV,2002-11-15 09:40,76.9500,8.4667,M,M,M,M,M,M,M,M,4.00,M,M,M,M,M,M,M,M,M,M,M,M,M,M,M,M,M,VOTV 150940Z AUTO 4SM RMK IEM_DS3505,M
VOTV,2002-11-15 10:40,76.9500,8.4667,M,M,M,M,M,M,M,M,4.00,M,M,M,M,M,M,M,M,M,M,M,M,M,M,M,M,M,VOTV 151040Z AUTO 4SM RMK IEM_DS3505,M
VOTV,2002-11-15 11:40,76.9500,8.4667,M,M,M,M,M,M,M,M,4.00,M,M,M,M,M,M,M,M,M,M,M,M,M,M,M,M,M,VOTV 151140Z AUTO 4SM RMK IEM_DS3505,M
VOTV,2002-11-15 12:40,76.9500,8.4667,M,M,M,0.00,0.00,M,M,M,3.00,M,M,M,M,M,M,M,M,M,M,M,M,M,M,M,M,M,VOTV 151240Z AUTO 00000KT 3SM RMK IEM_DS3505,M
VOTV,2002-11-15 13:40,76.9500,8.4667,M,M,M,0.00,0.00,M,M,M,2.50,M,M,M,M,M,M,M,M,M,M,M,M,M,M,M,M,M,VOTV 151340Z AUTO 00000KT 2 1/2SM RMK IEM_DS3505,M
VOTV,2002-11-15 14:40,76.9500,8.4667,84.20,75.20,74.44,0.00,0.00,M,29.83,M,2.50,M,M,M,M,M,M,M,M,M,M,M,M,M,M,M,M,92.45,VOTV 151440Z AUTO 00000KT 2 1/2SM 29/24 A2983 RMK T02900240 IEM_DS3505,M
VOTV,2002-11-15 17:40,76.9500,8.4667,80.60,77.00,88.83,0.00,0.00,M,29.85,M,2.00,M,M,M,M,M,M,M,M,M,M,M,M,M,M,M,M,87.10,VOTV 151740Z AUTO 00000KT 2SM 27/25 A2985 RMK T02700250 IEM_DS3505,M
VOTV,2002-11-15 23:40,76.9500,8.4667,77.00,73.40,88.67,0.00,0.00,M,29.77,M,2.50,M,M,M,M,M,M,M,M,M,M,M,M,M,M,M,M,78.57,VOTV 152340Z AUTO 00000KT 2 1/2SM 25/23 A2977 RMK T02500230 IEM_DS3505,M
VOTV,2002-11-16 00:40,76.9500,8.4667,77.00,73.40,88.67,0.00,0.00,M,29.80,M,2.00,M,M,M,M,M,M,M,M,M,M,M,M,M,M,M,M,78.57,VOTV 160040Z AUTO 00000KT 2SM 25/23 A2980 RMK T02500230 IEM_DS3505,M
VOTV,2002-11-16 05:40,76.9500,8.4667,84.20,75.20,74.44,0.00,0.00,M,29.85,M,2.50,M,M,M,M,M,M,M,M,M,M,M,M,M,M,M,M,92.45,VOTV 160540Z AUTO 00000KT 2 1/2SM 29/24 A2985 RMK T02900240 IEM_DS3505,M
VOTV,2002-11-16 06:40,76.9500,8.4667,86.00,75.20,70.27,230.00,5.00,M,29.83,M,M,M,M,M,M,M,M,M,M,M,M,M,M,M,M,M,M,95.19,VOTV 160640Z AUTO 23005KT 30/24 A2983 RMK T03000240 IEM_DS3505,M
VOTV,2002-11-16 07:40,76.9500,8.4667,87.80,75.20,66.35,M,M,M,29.80,M,5.00,M,M,M,M,M,M,M,M,M,M,M,M,M,M,M,M,97.76,VOTV 160740Z AUTO 5SM 31/24 A2980 RMK T03100240 IEM_DS3505,M
VOTV,2002-11-16 08:40,76.9500,8.4667,86.00,75.20,70.27,M,M,M,29.77,M,M,M,M,M,M,M,M,M,M,M,M,M,M,M,M,M,M,95.19,VOTV 160840Z AUTO 30/24 A2977 RMK T03000240 IEM_DS3505,M
VOTV,2002-11-16 09:40,76.9500,8.4667,86.00,75.20,70.27,M,M,M,29.77,M,5.00,M,M,M,M,M,M,M,M,M,M,M,M,M,M,M,M,95.19,VOTV 160940Z AUTO 5SM 30/24 A2977 RMK T03000240 IEM_DS3505,M
VOTV,2002-11-16 10:40,76.9500,8.4667,86.00,77.00,74.61,M,M,M,29.77,M,4.00,M,M,M,M,M,M,M,M,M,M,M,M,M,M,M,M,97.15,VOTV 161040Z AUTO 4SM 30/25 A2977 RMK T03000250 IEM_DS3505,M
VOTV,2002-11-16 11:40,76.9500,8.4667,84.20,75.20,74.44,M,M,M,29.80,M,4.00,M,M,M,M,M,M,M,M,M,M,M,M,M,M,M,M,92.45,VOTV 161140Z AUTO 4SM 29/24 A2980 RMK T02900240 IEM_DS3505,M
VOTV,2002-11-17 03:40,76.9500,8.4667,84.20,75.20,74.44,0.00,0.00,M,29.85,M,2.00,M,M,M,M,M,M,M,M,M,M,M,M,M,M,M,M,92.45,VOTV 170340Z AUTO 00000KT 2SM 29/24 A2985 RMK T02900240 IEM_DS3505,M
VOTV,2002-11-17 04:40,76.9500,8.4667,86.00,73.40,66.15,0.00,0.00,M,29.85,M,3.00,M,M,M,M,M,M,M,M,M,M,M,M,M,M,M,M,93.45,VOTV 170440Z AUTO 00000KT 3SM 30/23 A2985 RMK T03000230 IEM_DS3505,M
VOTV,2002-11-17 05:40,76.9500,8.4667,87.80,73.40,62.47,0.00,0.00,M,29.85,M,3.00,M,M,M,M,M,M,M,M,M,M,M,M,M,M,M,M,95.86,VOTV 170540Z AUTO 00000KT 3SM 31/23 A2985 RMK T03100230 IEM_DS3505,M
VOTV,2002-11-17 06:40,76.9500,8.4667,86.00,73.40,66.15,0.00,0.00,M,29.83,M,3.00,M,M,M,M,M,M,M,M,M,M,M,M,M,M,M,M,93.45,VOTV 170640Z AUTO 00000KT 3SM 30/23 A2983 RMK T03000230 IEM_DS3505,M
VOTV,2002-11-17 11:40,76.9500,8.4667,86.00,73.40,66.15,0.00,0.00,M,29.77,M,2.00,M,M,M,M,M,M,M,M,M,M,M,M,M,M,M,M,93.45,VOTV 171140Z AUTO 00000KT 2SM 30/23 A2977 RMK T03000230 IEM_DS3505,M
VOTV,2002-11-17 12:40,76.9500,8.4667,84.20,75.20,74.44,0.00,0.00,M,29.80,M,2.00,M,M,M,M,M,M,M,M,M,M,M,M,M,M,M,M,92.45,VOTV 171240Z AUTO 00000KT 2SM 29/24 A2980 RMK T02900240 IEM_DS3505,M
VOTV,2002-11-17 14:40,76.9500,8.4667,82.40,75.20,78.90,0.00,0.00,M,29.83,M,1.50,M,M,M,M,M,M,M,M,M,M,M,M,M,M,M,M,89.48,VOTV 171440Z AUTO 00000KT 1 1/2SM 28/24 A2983 RMK T02800240 IEM_DS3505,M
VOTV,2002-11-17 15:40,76.9500,8.4667,80.60,77.00,88.83,0.00,0.00,M,29.85,M,1.50,M,M,M,M,M,M,M,M,M,M,M,M,M,M,M,M,87.10,VOTV 171540Z AUTO 00000KT 1 1/2SM 27/25 A2985 RMK T02700250 IEM_DS3505,M
VOTV,2002-11-18 01:40,76.9500,8.4667,M,M,M,0.00,0.00,M,M,M,1.50,M,M,M,M,M,M,M,M,M,M,M,M,M,M,M,M,M,VOTV 180140Z AUTO 00000KT 1 1/2SM RMK IEM_DS3505,M
VOTV,2002-11-18 04:40,76.9500,8.4667,M,M,M,0.00,0.00,M,M,M,1.50,M,M,M,M,M,M,M,M,M,M,M,M,M,M,M,M,M,VOTV 180440Z AUTO 00000KT 1 1/2SM RMK IEM_DS3505,M
VOTV,2002-11-19 07:40,76.9500,8.4667,82.40,73.40,74.28,0.00,0.00,M,29.80,M,2.50,M,M,M,M,M,M,M,M,M,M,M,M,M,M,M,M,88.26,VOTV 190740Z AUTO 00000KT 2 1/2SM 28/23 A2980 RMK T02800230 IEM_DS3505,M
VOTV,2002-11-19 08:40,76.9500,8.4667,M,M,M,0.00,0.00,M,M,M,4.00,M,M,M,M,M,M,M,M,M,M,M,M,M,M,M,M,M,VOTV 190840Z AUTO 00000KT 4SM RMK IEM_DS3505,M
VOTV,2002-11-19 09:40,76.9500,8.4667,M,M,M,0.00,0.00,M,M,M,3.00,M,M,M,M,M,M,M,M,M,M,M,M,M,M,M,M,M,VOTV 190940Z AUTO 00000KT 3SM RMK IEM_DS3505,M
VOTV,2002-11-19 10:40,76.9500,8.4667,M,M,M,0.00,0.00,M,M,M,3.00,M,M,M,M,M,M,M,M,M,M,M,M,M,M,M,M,M,VOTV 191040Z AUTO 00000KT 3SM RMK IEM_DS3505,M
VOTV,2002-11-19 11:40,76.9500,8.4667,M,M,M,0.00,0.00,M,M,M,1.50,M,M,M,M,M,M,M,M,M,M,M,M,M,M,M,M,M,VOTV 191140Z AUTO 00000KT 1 1/2SM RMK IEM_DS3505,M
VOTV,2002-11-19 13:40,76.9500,8.4667,M,M,M,0.00,0.00,M,M,M,1.50,M,M,M,M,M,M,M,M,M,M,M,M,M,M,M,M,M,VOTV 191340Z AUTO 00000KT 1 1/2SM RMK IEM_DS3505,M
VOTV,2002-11-19 16:40,76.9500,8.4667,M,M,M,0.00,0.00,M,M,M,2.00,M,M,M,M,M,M,M,M,M,M,M,M,M,M,M,M,M,VOTV 191640Z AUTO 00000KT 2SM RMK IEM_DS3505,M
VOTV,2002-11-19 23:40,76.9500,8.4667,77.00,73.40,88.67,0.00,0.00,M,29.77,M,2.00,M,M,M,M,M,M,M,M,M,M,M,M,M,M,M,M,78.57,VOTV 192340Z AUTO 00000KT 2SM 25/23 A2977 RMK T02500230 IEM_DS3505,M
VOTV,2002-11-20 00:40,76.9500,8.4667,77.00,73.40,88.67,0.00,0.00,M,29.80,M,1.50,M,M,M,M,M,M,M,M,M,M,M,M,M,M,M,M,78.57,VOTV 200040Z AUTO 00000KT 1 1/2SM 25/23 A2980 RMK T02500230 IEM_DS3505,M
VOTV,2002-11-20 03:40,76.9500,8.4667,M,M,M,0.00,0.00,M,M,M,2.00,M,M,M,M,M,M,M,M,M,M,M,M,M,M,M,M,M,VOTV 200340Z AUTO 00000KT 2SM RMK IEM_DS3505,M
VOTV,2002-11-20 05:40,76.9500,8.4667,86.00,75.20,70.27,0.00,0.00,M,29.83,M,5.00,M,M,M,M,M,M,M,M,M,M,M,M,M,M,M,M,95.19,VOTV 200540Z AUTO 00000KT 5SM 30/24 A2983 RMK T03000240 IEM_DS3505,M
VOTV,2002-11-20 08:40,76.9500,8.4667,M,M,M,190.00,6.00,M,M,M,5.00,M,M,M,M,M,M,M,M,M,M,M,M,M,M,M,M,M,VOTV 200840Z AUTO 19006KT 5SM RMK IEM_DS3505,M
VOTV,2002-11-20 12:40,76.9500,8.4667,M,M,M,0.00,0.00,M,M,M,2.00,M,M,M,M,M,M,M,M,M,M,M,M,M,M,M,M,M,VOTV 201240Z AUTO 00000KT 2SM RMK IEM_DS3505,M
VOTV,2002-11-20 13:40,76.9500,8.4667,82.40,75.20,78.90,0.00,0.00,M,29.80,M,2.00,M,M,M,M,M,M,M,M,M,M,M,M,M,M,M,M,89.48,VOTV 201340Z AUTO 00000KT 2SM 28/24 A2980 RMK T02800240 IEM_DS3505,M
VOTV,2002-11-21 03:40,76.9500,8.4667,M,M,M,160.00,3.00,M,M,M,2.00,M,M,M,M,M,M,M,M,M,M,M,M,M,M,M,M,M,VOTV 210340Z AUTO 16003KT 2SM RMK IEM_DS3505,M
VOTV,2002-11-21 04:40,76.9500,8.4667,M,M,M,90.00,6.00,M,M,M,2.00,M,M,M,M,M,M,M,M,M,M,M,M,M,M,M,M,M,VOTV 210440Z AUTO 09006KT 2SM RMK IEM_DS3505,M
VOTV,2002-11-21 05:40,76.9500,8.4667,M,M,M,0.00,0.00,M,M,M,2.00,M,M,M,M,M,M,M,M,M,M,M,M,M,M,M,M,M,VOTV 210540Z AUTO 00000KT 2SM RMK IEM_DS3505,M
VOTV,2002-11-21 06:40,76.9500,8.4667,M,M,M,100.00,6.00,M,M,M,2.00,M,M,M,M,M,M,M,M,M,M,M,M,M,M,M,M,M,VOTV 210640Z AUTO 10006KT 2SM RMK IEM_DS3505,M
VOTV,2002-11-21 08:40,76.9500,8.4667,M,M,M,150.00,4.00,M,M,M,3.00,M,M,M,M,M,M,M,M,M,M,M,M,M,M,M,M,M,VOTV 210840Z AUTO 15004KT 3SM RMK IEM_DS3505,M
VOTV,2002-11-21 10:40,76.9500,8.4667,M,M,M,0.00,0.00,M,M,M,3.00,M,M,M,M,M,M,M,M,M,M,M,M,M,M,M,M,M,VOTV 211040Z AUTO 00000KT 3SM RMK IEM_DS3505,M
VOTV,2002-11-21 11:40,76.9500,8.4667,M,M,M,0.00,0.00,M,M,M,2.50,M,M,M,M,M,M,M,M,M,M,M,M,M,M,M,M,M,VOTV 211140Z AUTO 00000KT 2 1/2SM RMK IEM_DS3505,M
VOTV,2002-11-21 13:40,76.9500,8.4667,M,M,M,M,M,M,M,M,2.50,M,M,M,M,M,M,M,M,M,M,M,M,M,M,M,M,M,VOTV 211340Z AUTO 2 1/2SM RMK IEM_DS3505,M
VOTV,2002-11-21 15:40,76.9500,8.4667,80.60,75.20,83.66,230.00,3.00,M,29.88,M,2.00,M,M,M,M,M,M,M,M,M,M,M,M,M,M,M,M,86.17,VOTV 211540Z AUTO 23003KT 2SM 27/24 A2988 RMK T02700240 IEM_DS3505,M
VOTV,2002-11-21 16:40,76.9500,8.4667,82.40,75.20,78.90,M,M,M,29.88,M,2.00,M,M,M,M,M,M,M,M,M,M,M,M,M,M,M,M,89.48,VOTV 211640Z AUTO 2SM 28/24 A2988 RMK T02800240 IEM_DS3505,M
VOTV,2002-11-21 23:40,76.9500,8.4667,77.00,75.20,94.19,0.00,0.00,M,29.80,M,2.00,M,M,M,M,M,M,M,M,M,M,M,M,M,M,M,M,78.83,VOTV 212340Z AUTO 00000KT 2SM 25/24 A2980 RMK T02500240 IEM_DS3505,M
VOTV,2002-11-22 00:40,76.9500,8.4667,77.00,75.20,94.19,0.00,0.00,M,29.80,M,2.00,M,M,M,M,M,M,M,M,M,M,M,M,M,M,M,M,78.83,VOTV 220040Z AUTO 00000KT 2SM 25/24 A2980 RMK T02500240 IEM_DS3505,M
VOTV,2002-11-22 03:40,76.9500,8.4667,86.00,75.20,70.27,0.00,0.00,M,29.85,M,3.00,M,M,M,M,M,M,M,M,M,M,M,M,M,M,M,M,95.19,VOTV 220340Z AUTO 00000KT 3SM 30/24 A2985 RMK T03000240 IEM_DS3505,M
VOTV,2002-11-22 06:40,76.9500,8.4667,84.20,75.20,74.44,0.00,0.00,M,29.85,M,2.50,M,M,M,M,M,M,M,M,M,M,M,M,M,M,M,M,92.45,VOTV 220640Z AUTO 00000KT 2 1/2SM 29/24 A2985 RMK T02900240 IEM_DS3505,M
VOTV,2002-11-22 10:40,76.9500,8.4667,84.20,75.20,74.44,0.00,0.00,M,29.77,M,2.50,M,M,M,M,M,M,M,M,M,M,M,M,M,M,M,M,92.45,VOTV 221040Z AUTO 00000KT 2 1/2SM 29/24 A2977 RMK T02900240 IEM_DS3505,M
VOTV,2002-11-23 02:40,76.9500,8.4667,78.80,73.40,83.55,0.00,0.00,M,29.88,M,2.50,M,M,M,M,M,M,M,M,M,M,M,M,M,M,M,M,82.03,VOTV 230240Z AUTO 00000KT 2 1/2SM 26/23 A2988 RMK T02600230 IEM_DS3505,M
VOTV,2002-11-23 04:40,76.9500,8.4667,82.40,73.40,74.28,290.00,6.00,M,29.88,M,5.00,M,M,M,M,M,M,M,M,M,M,M,M,M,M,M,M,88.26,VOTV 230440Z AUTO 29006KT 5SM 28/23 A2988 RMK T02800230 IEM_DS3505,M
VOTV,2002-11-23 05:40,76.9500,8.4667,84.20,73.40,70.08,290.00,6.00,M,29.88,M,5.00,M,M,M,M,M,M,M,M,M,M,M,M,M,M,M,M,90.94,VOTV 230540Z AUTO 29006KT 5SM 29/23 A2988 RMK T02900230 IEM_DS3505,M
VOTV,2002-11-23 06:40,76.9500,8.4667,84.20,73.40,70.08,300.00,6.00,M,29.85,M,5.00,M,M,M,M,M,M,M,M,M,M,M,M,M,M,M,M,90.94,VOTV 230640Z AUTO 30006KT 5SM 29/23 A2985 RMK T02900230 IEM_DS3505,M
VOTV,2002-11-23 07:40,76.9500,8.4667,84.20,75.20,74.44,280.00,6.00,M,29.85,M,5.00,M,M,M,M,M,M,M,M,M,M,M,M,M,M,M,M,92.45,VOTV 230740Z AUTO 28006KT 5SM 29/24 A2985 RMK T02900240 IEM_DS3505,M
VOTV,2002-11-23 08:40,76.9500,8.4667,M,M,M,M,M,M,M,M,4.00,M,M,M,M,M,M,M,M,M,M,M,M,M,M,M,M,M,VOTV 230840Z AUTO 4SM RMK IEM_DS3505,M
VOTV,2002-11-23 10:40,76.9500,8.4667,M,M,M,280.00,6.00,M,M,M,4.00,M,M,M,M,M,M,M,M,M,M,M,M,M,M,M,M,M,VOTV 231040Z AUTO 28006KT 4SM RMK IEM_DS3505,M
VOTV,2002-11-23 13:40,76.9500,8.4667,M,M,M,0.00,0.00,M,M,M,2.00,M,M,M,M,M,M,M,M,M,M,M,M,M,M,M,M,M,VOTV 231340Z AUTO 00000KT 2SM RMK IEM_DS3505,M
VOTV,2002-11-23 14:40,76.9500,8.4667,82.40,73.40,74.28,0.00,0.00,M,29.85,M,2.00,M,M,M,M,M,M,M,M,M,M,M,M,M,M,M,M,88.26,VOTV 231440Z AUTO 00000KT 2SM 28/23 A2985 RMK T02800230 IEM_DS3505,M
VOTV,2002-11-23 15:40,76.9500,8.4667,M,M,M,0.00,0.00,M,M,M,2.00,M,M,M,M,M,M,M,M,M,M,M,M,M,M,M,M,M,VOTV 231540Z AUTO 00000KT 2SM RMK IEM_DS3505,M
VOTV,2002-11-23 16:40,76.9500,8.4667,78.80,75.20,88.75,0.00,0.00,M,29.88,M,2.00,M,M,M,M,M,M,M,M,M,M,M,M,M,M,M,M,82.38,VOTV 231640Z AUTO 00000KT 2SM 26/24 A2988 RMK T02600240 IEM_DS3505,M
VOTV,2002-11-23 18:40,76.9500,8.4667,M,M,M,0.00,0.00,M,M,M,2.00,M,M,M,M,M,M,M,M,M,M,M,M,M,M,M,M,M,VOTV 231840Z AUTO 00000KT 2SM RMK IEM_DS3505,M
VOTV,2002-11-23 23:40,76.9500,8.4667,75.20,73.40,94.14,0.00,0.00,M,29.83,M,1.50,M,M,M,M,M,M,M,M,M,M,M,M,M,M,M,M,76.84,VOTV 232340Z AUTO 00000KT 1 1/2SM 24/23 A2983 RMK T02400230 IEM_DS3505,M
VOTV,2002-11-24 05:40,76.9500,8.4667,M,M,M,250.00,5.00,M,M,M,5.00,M,M,M,M,M,M,M,M,M,M,M,M,M,M,M,M,M,VOTV 240540Z AUTO 25005KT 5SM RMK IEM_DS3505,M
VOTV,2002-11-24 07:40,76.9500,8.4667,M,M,M,260.00,4.00,M,M,M,5.00,M,M,M,M,M,M,M,M,M,M,M,M,M,M,M,M,M,VOTV 240740Z AUTO 26004KT 5SM RMK IEM_DS3505,M
VOTV,2002-11-24 08:40,76.9500,8.4667,M,M,M,240.00,5.00,M,29.80,M,5.00,M,M,M,M,M,M,M,M,M,M,M,M,M,M,M,M,M,VOTV 240840Z AUTO 24005KT 5SM A2980 RMK IEM_DS3505,M
VOTV,2002-11-24 09:40,76.9500,8.4667,M,M,M,280.00,8.00,M,M,M,5.00,M,M,M,M,M,M,M,M,M,M,M,M,M,M,M,M,M,VOTV 240940Z AUTO 28008KT 5SM RMK IEM_DS3505,M
VOTV,2002-11-24 10:40,76.9500,8.4667,86.00,75.20,70.27,270.00,3.00,M,29.77,M,5.00,M,M,M,M,M,M,M,M,M,M,M,M,M,M,M,M,95.19,VOTV 241040Z AUTO 27003KT 5SM 30/24 A2977 RMK T03000240 IEM_DS3505,M
VOTV,2002-11-24 12:40,76.9500,8.4667,82.40,73.40,74.28,0.00,0.00,M,29.77,M,4.00,M,M,M,M,M,M,M,M,M,M,M,M,M,M,M,M,88.26,VOTV 241240Z AUTO 00000KT 4SM 28/23 A2977 RMK T02800230 IEM_DS3505,M
VOTV,2002-11-24 13:40,76.9500,8.4667,82.40,73.40,74.28,0.00,0.00,M,29.83,M,2.50,M,M,M,M,M,M,M,M,M,M,M,M,M,M,M,M,88.26,VOTV 241340Z AUTO 00000KT 2 1/2SM 28/23 A2983 RMK T02800230 IEM_DS3505,M
VOTV,2002-11-24 14:40,76.9500,8.4667,82.40,75.20,78.90,0.00,0.00,M,29.85,M,2.50,M,M,M,M,M,M,M,M,M,M,M,M,M,M,M,M,89.48,VOTV 241440Z AUTO 00000KT 2 1/2SM 28/24 A2985 RMK T02800240 IEM_DS3505,M
VOTV,2002-11-24 16:40,76.9500,8.4667,80.60,75.20,83.66,0.00,0.00,M,29.88,M,2.00,M,M,M,M,M,M,M,M,M,M,M,M,M,M,M,M,86.17,VOTV 241640Z AUTO 00000KT 2SM 27/24 A2988 RMK T02700240 IEM_DS3505,M
VOTV,2002-11-25 03:40,76.9500,8.4667,M,M,M,0.00,0.00,M,M,M,4.00,M,M,M,M,M,M,M,M,M,M,M,M,M,M,M,M,M,VOTV 250340Z AUTO 00000KT 4SM RMK IEM_DS3505,M
VOTV,2002-11-25 04:40,76.9500,8.4667,84.20,75.20,74.44,0.00,0.00,M,29.85,M,5.00,M,M,M,M,M,M,M,M,M,M,M,M,M,M,M,M,92.45,VOTV 250440Z AUTO 00000KT 5SM 29/24 A2985 RMK T02900240 IEM_DS3505,M
VOTV,2002-11-25 05:40,76.9500,8.4667,84.20,73.40,70.08,280.00,6.00,M,29.85,M,5.00,M,M,M,M,M,M,M,M,M,M,M,M,M,M,M,M,90.94,VOTV 250540Z AUTO 28006KT 5SM 29/23 A2985 RMK T02900230 IEM_DS3505,M
VOTV,2002-11-25 06:40,76.9500,8.4667,M,M,M,250.00,6.00,M,M,M,5.00,M,M,M,M,M,M,M,M,M,M,M,M,M,M,M,M,M,VOTV 250640Z AUTO 25006KT 5SM RMK IEM_DS3505,M
VOTV,2002-11-25 12:40,76.9500,8.4667,M,M,M,300.00,8.00,M,M,M,4.00,M,M,M,M,M,M,M,M,M,M,M,M,M,M,M,M,M,VOTV 251240Z AUTO 30008KT 4SM RMK IEM_DS3505,M
VOTV,2002-11-25 16:40,76.9500,8.4667,M,M,M,300.00,3.00,M,M,M,2.50,M,M,M,M,M,M,M,M,M,M,M,M,M,M,M,M,M,VOTV 251640Z AUTO 30003KT 2 1/2SM RMK IEM_DS3505,M
VOTV,2002-11-26 01:40,76.9500,8.4667,M,M,M,0.00,0.00,M,M,M,1.50,M,M,M,M,M,M,M,M,M,M,M,M,M,M,M,M,M,VOTV 260140Z AUTO 00000KT 1 1/2SM RMK IEM_DS3505,M
VOTV,2002-11-26 02:40,76.9500,8.4667,82.40,75.20,78.90,0.00,0.00,M,29.88,M,2.50,M,M,M,M,M,M,M,M,M,M,M,M,M,M,M,M,89.48,VOTV 260240Z AUTO 00000KT 2 1/2SM 28/24 A2988 RMK T02800240 IEM_DS3505,M
VOTV,2002-11-26 04:40,76.9500,8.4667,84.20,73.40,70.08,270.00,5.00,M,29.91,M,M,M,M,M,M,M,M,M,M,M,M,M,M,M,M,M,M,90.94,VOTV 260440Z AUTO 27005KT 29/23 A2991 RMK T02900230 IEM_DS3505,M
VOTV,2002-11-26 08:40,76.9500,8.4667,86.00,75.20,70.27,270.00,10.00,M,29.83,M,7.00,M,M,M,M,M,M,M,M,M,M,M,M,M,M,M,M,95.19,VOTV 260840Z AUTO 27010KT 7SM 30/24 A2983 RMK T03000240 IEM_DS3505,M
VOTV,2002-11-26 11:40,76.9500,8.4667,86.00,75.20,70.27,270.00,6.00,M,29.77,M,5.00,M,M,M,M,M,M,M,M,M,M,M,M,M,M,M,M,95.19,VOTV 261140Z AUTO 27006KT 5SM 30/24 A2977 RMK T03000240 IEM_DS3505,M
VOTV,2002-11-26 13:40,76.9500,8.4667,82.40,75.20,78.90,0.00,0.00,M,29.83,M,2.50,M,M,M,M,M,M,M,M,M,M,M,M,M,M,M,M,89.48,VOTV 261340Z AUTO 00000KT 2 1/2SM 28/24 A2983 RMK T02800240 IEM_DS3505,M
VOTV,2002-11-27 04:40,76.9500,8.4667,84.20,75.20,74.44,280.00,4.00,M,29.91,M,4.00,M,M,M,M,M,M,M,M,M,M,M,M,M,M,M,M,92.45,VOTV 270440Z AUTO 28004KT 4SM 29/24 A2991 RMK T02900240 IEM_DS3505,M
VOTV,2002-11-27 05:40,76.9500,8.4667,86.00,75.20,70.27,0.00,0.00,M,29.88,M,5.00,M,M,M,M,M,M,M,M,M,M,M,M,M,M,M,M,95.19,VOTV 270540Z AUTO 00000KT 5SM 30/24 A2988 RMK T03000240 IEM_DS3505,M
VOTV,2002-11-27 07:40,76.9500,8.4667,86.00,75.20,70.27,240.00,6.00,M,29.85,M,5.00,M,M,M,M,M,M,M,M,M,M,M,M,M,M,M,M,95.19,VOTV 270740Z AUTO 24006KT 5SM 30/24 A2985 RMK T03000240 IEM_DS3505,M
VOTV,2002-11-27 12:40,76.9500,8.4667,M,M,M,0.00,0.00,M,M,M,1.50,M,M,M,M,M,M,M,M,M,M,M,M,M,M,M,M,M,VOTV 271240Z AUTO 00000KT 1 1/2SM RMK IEM_DS3505,M
VOTV,2002-11-27 16:40,76.9500,8.4667,80.60,75.20,83.66,0.00,0.00,M,29.94,M,2.00,M,M,M,M,M,M,M,M,M,M,M,M,M,M,M,M,86.17,VOTV 271640Z AUTO 00000KT 2SM 27/24 A2994 RMK T02700240 IEM_DS3505,M
VOTV,2002-11-27 23:40,76.9500,8.4667,77.00,73.40,88.67,0.00,0.00,M,29.88,M,1.50,M,M,M,M,M,M,M,M,M,M,M,M,M,M,M,M,78.57,VOTV 272340Z AUTO 00000KT 1 1/2SM 25/23 A2988 RMK T02500230 IEM_DS3505,M
VOTV,2002-11-28 03:40,76.9500,8.4667,M,M,M,0.00,0.00,M,M,M,2.00,M,M,M,M,M,M,M,M,M,M,M,M,M,M,M,M,M,VOTV 280340Z AUTO 00000KT 2SM RMK IEM_DS3505,M
VOTV,2002-11-28 04:40,76.9500,8.4667,84.20,75.20,74.44,0.00,0.00,M,29.97,M,4.00,M,M,M,M,M,M,M,M,M,M,M,M,M,M,M,M,92.45,VOTV 280440Z AUTO 00000KT 4SM 29/24 A2997 RMK T02900240 IEM_DS3505,M
VOTV,2002-11-28 08:40,76.9500,8.4667,87.80,73.40,62.47,210.00,3.00,M,29.85,M,7.00,M,M,M,M,M,M,M,M,M,M,M,M,M,M,M,M,95.86,VOTV 280840Z AUTO 21003KT 7SM 31/23 A2985 RMK T03100230 IEM_DS3505,M
VOTV,2002-11-28 10:40,76.9500,8.4667,86.00,73.40,66.15,0.00,0.00,M,29.85,M,5.00,M,M,M,M,M,M,M,M,M,M,M,M,M,M,M,M,93.45,VOTV 281040Z AUTO 00000KT 5SM 30/23 A2985 RMK T03000230 IEM_DS3505,M
VOTV,2002-11-28 11:40,76.9500,8.4667,86.00,73.40,66.15,0.00,0.00,M,29.85,M,M,M,M,M,M,M,M,M,M,M,M,M,M,M,M,M,M,93.45,VOTV 281140Z AUTO 00000KT 30/23 A2985 RMK T03000230 IEM_DS3505,M
VOTV,2002-11-28 12:40,76.9500,8.4667,84.20,75.20,74.44,0.00,0.00,M,29.85,M,4.00,M,M,M,M,M,M,M,M,M,M,M,M,M,M,M,M,92.45,VOTV 281240Z AUTO 00000KT 4SM 29/24 A2985 RMK T02900240 IEM_DS3505,M
VOTV,2002-11-28 13:40,76.9500,8.4667,82.40,75.20,78.90,0.00,0.00,M,29.88,M,2.00,M,M,M,M,M,M,M,M,M,M,M,M,M,M,M,M,89.48,VOTV 281340Z AUTO 00000KT 2SM 28/24 A2988 RMK T02800240 IEM_DS3505,M
VOTV,2002-11-28 14:40,76.9500,8.4667,82.40,75.20,78.90,0.00,0.00,M,29.91,M,2.00,M,M,M,M,M,M,M,M,M,M,M,M,M,M,M,M,89.48,VOTV 281440Z AUTO 00000KT 2SM 28/24 A2991 RMK T02800240 IEM_DS3505,M
VOTV,2002-11-28 16:40,76.9500,8.4667,80.60,77.00,88.83,0.00,0.00,M,29.91,M,2.00,M,M,M,M,M,M,M,M,M,M,M,M,M,M,M,M,87.10,VOTV 281640Z AUTO 00000KT 2SM 27/25 A2991 RMK T02700250 IEM_DS3505,M
VOTV,2002-11-29 04:40,76.9500,8.4667,86.00,71.60,62.25,M,M,M,29.97,M,M,M,M,M,M,M,M,M,M,M,M,M,M,M,M,M,M,91.92,VOTV 290440Z AUTO 30/22 A2997 RMK T03000220 IEM_DS3505,M
VOTV,2002-11-29 05:40,76.9500,8.4667,86.00,75.20,70.27,190.00,2.00,M,29.97,M,M,M,M,M,M,M,M,M,M,M,M,M,M,M,M,M,M,95.19,VOTV 290540Z AUTO 19002KT 30/24 A2997 RMK T03000240 IEM_DS3505,M
VOTV,2002-11-29 06:40,76.9500,8.4667,86.00,73.40,66.15,190.00,5.00,M,29.94,M,M,M,M,M,M,M,M,M,M,M,M,M,M,M,M,M,M,93.45,VOTV 290640Z AUTO 19005KT 30/23 A2994 RMK T03000230 IEM_DS3505,M
VOTV,2002-11-29 07:40,76.9500,8.4667,86.00,73.40,66.15,170.00,4.00,M,29.91,M,4.00,M,M,M,M,M,M,M,M,M,M,M,M,M,M,M,M,93.45,VOTV 290740Z AUTO 17004KT 4SM 30/23 A2991 RMK T03000230 IEM_DS3505,M
VOTV,2002-11-29 08:40,76.9500,8.4667,86.00,73.40,66.15,0.00,0.00,M,29.88,M,M,M,M,M,M,M,M,M,M,M,M,M,M,M,M,M,M,93.45,VOTV 290840Z AUTO 00000KT 30/23 A2988 RMK T03000230 IEM_DS3505,M
VOTV,2002-11-29 10:40,76.9500,8.4667,86.00,73.40,66.15,180.00,3.00,M,29.85,M,M,M,M,M,M,M,M,M,M,M,M,M,M,M,M,M,M,93.45,VOTV 291040Z AUTO 18003KT 30/23 A2985 RMK T03000230 IEM_DS3505,M
VOTV,2002-11-29 11:40,76.9500,8.4667,86.00,73.40,66.15,210.00,3.00,M,29.85,M,M,M,M,M,M,M,M,M,M,M,M,M,M,M,M,M,M,93.45,VOTV 291140Z AUTO 21003KT 30/23 A2985 RMK T03000230 IEM_DS3505,M
VOTV,2002-11-29 12:40,76.9500,8.4667,84.20,75.20,74.44,0.00,0.00,M,29.88,M,4.00,M,M,M,M,M,M,M,M,M,M,M,M,M,M,M,M,92.45,VOTV 291240Z AUTO 00000KT 4SM 29/24 A2988 RMK T02900240 IEM_DS3505,M
VOTV,2002-11-29 13:40,76.9500,8.4667,82.40,75.20,78.90,0.00,0.00,M,29.88,M,2.50,M,M,M,M,M,M,M,M,M,M,M,M,M,M,M,M,89.48,VOTV 291340Z AUTO 00000KT 2 1/2SM 28/24 A2988 RMK T02800240 IEM_DS3505,M
VOTV,2002-11-29 14:40,76.9500,8.4667,82.40,75.20,78.90,0.00,0.00,M,29.91,M,2.50,M,M,M,M,M,M,M,M,M,M,M,M,M,M,M,M,89.48,VOTV 291440Z AUTO 00000KT 2 1/2SM 28/24 A2991 RMK T02800240 IEM_DS3505,M
VOTV,2002-11-30 02:40,76.9500,8.4667,80.60,73.40,78.76,0.00,0.00,M,29.94,M,1.50,M,M,M,M,M,M,M,M,M,M,M,M,M,M,M,M,85.32,VOTV 300240Z AUTO 00000KT 1 1/2SM 27/23 A2994 RMK T02700230 IEM_DS3505,M
VOTV,2002-11-30 03:40,76.9500,8.4667,84.20,75.20,74.44,0.00,0.00,M,29.94,M,2.50,M,M,M,M,M,M,M,M,M,M,M,M,M,M,M,M,92.45,VOTV 300340Z AUTO 00000KT 2 1/2SM 29/24 A2994 RMK T02900240 IEM_DS3505,M
VOTV,2002-11-30 09:40,76.9500,8.4667,86.00,73.40,66.15,0.00,0.00,M,29.83,M,M,M,M,M,M,M,M,M,M,M,M,M,M,M,M,M,M,93.45,VOTV 300940Z AUTO 00000KT 30/23 A2983 RMK T03000230 IEM_DS3505,M
VOTV,2002-11-30 11:40,76.9500,8.4667,84.20,71.60,65.95,200.00,4.00,M,29.83,M,4.00,M,M,M,M,M,M,M,M,M,M,M,M,M,M,M,M,89.60,VOTV 301140Z AUTO 20004KT 4SM 29/22 A2983 RMK T02900220 IEM_DS3505,M
VOTV,2002-11-30 12:40,76.9500,8.4667,82.40,73.40,74.28,0.00,0.00,M,29.83,M,2.50,M,M,M,M,M,M,M,M,M,M,M,M,M,M,M,M,88.26,VOTV 301240Z AUTO 00000KT 2 1/2SM 28/23 A2983 RMK T02800230 IEM_DS3505,M
VOTV,2002-11-30 23:40,76.9500,8.4667,M,M,M,0.00,0.00,M,M,M,M,M,M,M,M,M,M,M,M,M,M,M,M,M,M,M,M,M,VOTV 302340Z AUTO 00000KT RMK IEM_DS3505,M
VOTV,2002-12-01 04:40,76.9500,8.4667,86.00,71.60,62.25,0.00,0.00,M,29.91,M,3.00,M,M,M,M,M,M,M,M,M,M,M,M,M,M,M,M,91.92,VOTV 010440Z AUTO 00000KT 3SM 30/22 A2991 RMK T03000220 IEM_DS3505,M
VOTV,2002-12-01 05:40,76.9500,8.4667,86.00,71.60,62.25,0.00,0.00,M,29.88,M,M,M,M,M,M,M,M,M,M,M,M,M,M,M,M,M,M,91.92,VOTV 010540Z AUTO 00000KT 30/22 A2988 RMK T03000220 IEM_DS3505,M
VOTV,2002-12-01 06:40,76.9500,8.4667,87.80,73.40,62.47,0.00,0.00,M,29.85,M,M,M,M,M,M,M,M,M,M,M,M,M,M,M,M,M,M,95.86,VOTV 010640Z AUTO 00000KT 31/23 A2985 RMK T03100230 IEM_DS3505,M
VOTV,2002-12-01 08:40,76.9500,8.4667,86.00,69.80,58.55,M,M,M,29.80,M,M,M,M,M,M,M,M,M,M,M,M,M,M,M,M,M,M,90.58,VOTV 010840Z AUTO 30/21 A2980 RMK T03000210 IEM_DS3505,M
VOTV,2002-12-01 10:40,76.9500,8.4667,86.00,71.60,62.25,M,M,M,29.77,M,M,M,M,M,M,M,M,M,M,M,M,M,M,M,M,M,M,91.92,VOTV 011040Z AUTO 30/22 A2977 RMK T03000220 IEM_DS3505,M
VOTV,2002-12-01 11:40,76.9500,8.4667,86.00,71.60,62.25,M,M,M,29.77,M,M,M,M,M,M,M,M,M,M,M,M,M,M,M,M,M,M,91.92,VOTV 011140Z AUTO 30/22 A2977 RMK T03000220 IEM_DS3505,M
VOTV,2002-12-01 12:40,76.9500,8.4667,84.20,73.40,70.08,M,M,M,29.80,M,3.00,M,M,M,M,M,M,M,M,M,M,M,M,M,M,M,M,90.94,VOTV 011240Z AUTO 3SM 29/23 A2980 RMK T02900230 IEM_DS3505,M
VOTV,2002-12-01 13:40,76.9500,8.4667,82.40,73.40,74.28,0.00,0.00,M,29.83,M,2.50,M,M,M,M,M,M,M,M,M,M,M,M,M,M,M,M,88.26,VOTV 011340Z AUTO 00000KT 2 1/2SM 28/23 A2983 RMK T02800230 IEM_DS3505,M
VOTV,2002-12-01 14:40,76.9500,8.4667,80.60,73.40,78.76,0.00,0.00,M,29.85,M,2.00,M,M,M,M,M,M,M,M,M,M,M,M,M,M,M,M,85.32,VOTV 011440Z AUTO 00000KT 2SM 27/23 A2985 RMK T02700230 IEM_DS3505,M
VOTV,2002-12-01 15:40,76.9500,8.4667,80.60,73.40,78.76,0.00,0.00,M,29.85,M,2.00,M,M,M,M,M,M,M,M,M,M,M,M,M,M,M,M,85.32,VOTV 011540Z AUTO 00000KT 2SM 27/23 A2985 RMK T02700230 IEM_DS3505,M
VOTV,2002-12-01 16:40,76.9500,8.4667,78.80,73.40,83.55,0.00,0.00,M,29.85,M,1.50,M,M,M,M,M,M,M,M,M,M,M,M,M,M,M,M,82.03,VOTV 011640Z AUTO 00000KT 1 1/2SM 26/23 A2985 RMK T02600230 IEM_DS3505,M
VOTV,2002-12-01 21:40,76.9500,8.4667,75.20,71.60,88.59,0.00,0.00,M,29.83,M,1.50,M,M,M,M,M,M,M,M,M,M,M,M,M,M,M,M,76.58,VOTV 012140Z AUTO 00000KT 1 1/2SM 24/22 A2983 RMK T02400220 IEM_DS3505,M
VOTV,2002-12-02 08:40,76.9500,8.4667,86.00,71.60,62.25,M,M,M,29.83,M,M,M,M,M,M,M,M,M,M,M,M,M,M,M,M,M,M,91.92,VOTV 020840Z AUTO 30/22 A2983 RMK T03000220 IEM_DS3505,M
VOTV,2002-12-02 13:40,76.9500,8.4667,82.40,71.60,69.90,0.00,0.00,M,29.85,M,2.00,M,M,M,M,M,M,M,M,M,M,M,M,M,M,M,M,87.18,VOTV 021340Z AUTO 00000KT 2SM 28/22 A2985 RMK T02800220 IEM_DS3505,M
VOTV,2002-12-03 08:40,76.9500,8.4667,87.80,75.20,66.35,0.00,0.00,M,29.83,M,3.00,M,M,M,M,M,M,M,M,M,M,M,M,M,M,M,M,97.76,VOTV 030840Z AUTO 00000KT 3SM 31/24 A2983 RMK T03100240 IEM_DS3505,M
VOTV,2002-12-03 09:40,76.9500,8.4667,87.80,75.20,66.35,M,M,M,29.83,M,3.00,M,M,M,M,M,M,M,M,M,M,M,M,M,M,M,M,97.76,VOTV 030940Z AUTO 3SM 31/24 A2983 RMK T03100240 IEM_DS3505,M
VOTV,2002-12-03 23:40,76.9500,8.4667,77.00,71.60,83.44,0.00,0.00,M,29.85,M,1.50,M,M,M,M,M,M,M,M,M,M,M,M,M,M,M,M,78.32,VOTV 032340Z AUTO 00000KT 1 1/2SM 25/22 A2985 RMK T02500220 IEM_DS3505,M
VOTV,2002-12-04 06:40,76.9500,8.4667,86.00,75.20,70.27,270.00,4.00,M,29.88,M,M,M,M,M,M,M,M,M,M,M,M,M,M,M,M,M,M,95.19,VOTV 040640Z AUTO 27004KT 30/24 A2988 RMK T03000240 IEM_DS3505,M
VOTV,2002-12-04 07:40,76.9500,8.4667,87.80,73.40,62.47,270.00,8.00,M,29.83,M,M,M,M,M,M,M,M,M,M,M,M,M,M,M,M,M,M,95.86,VOTV 040740Z AUTO 27008KT 31/23 A2983 RMK T03100230 IEM_DS3505,M
VOTV,2002-12-04 08:40,76.9500,8.4667,M,M,M,250.00,4.00,M,M,M,4.00,M,M,M,M,M,M,M,M,M,M,M,M,M,M,M,M,M,VOTV 040840Z AUTO 25004KT 4SM RMK IEM_DS3505,M
VOTV,2002-12-04 09:40,76.9500,8.4667,87.80,73.40,62.47,280.00,3.00,M,29.80,M,M,M,M,M,M,M,M,M,M,M,M,M,M,M,M,M,M,95.86,VOTV 040940Z AUTO 28003KT 31/23 A2980 RMK T03100230 IEM_DS3505,M
VOTV,2002-12-04 10:40,76.9500,8.4667,M,M,M,0.00,0.00,M,M,M,4.00,M,M,M,M,M,M,M,M,M,M,M,M,M,M,M,M,M,VOTV 041040Z AUTO 00000KT 4SM RMK IEM_DS3505,M
VOTV,2002-12-04 11:40,76.9500,8.4667,M,M,M,0.00,0.00,M,M,M,2.50,M,M,M,M,M,M,M,M,M,M,M,M,M,M,M,M,M,VOTV 041140Z AUTO 00000KT 2 1/2SM RMK IEM_DS3505,M
VOTV,2002-12-04 12:40,76.9500,8.4667,M,M,M,0.00,0.00,M,M,M,2.50,M,M,M,M,M,M,M,M,M,M,M,M,M,M,M,M,M,VOTV 041240Z AUTO 00000KT 2 1/2SM RMK IEM_DS3505,M
VOTV,2002-12-04 13:40,76.9500,8.4667,84.20,77.00,79.04,0.00,0.00,M,29.83,M,2.00,M,M,M,M,M,M,M,M,M,M,M,M,M,M,M,M,94.16,VOTV 041340Z AUTO 00000KT 2SM 29/25 A2983 RMK T02900250 IEM_DS3505,M
VOTV,2002-12-05 08:40,76.9500,8.4667,86.00,73.40,66.15,290.00,4.00,M,29.80,M,2.50,M,M,M,M,M,M,M,M,M,M,M,M,M,M,M,M,93.45,VOTV 050840Z AUTO 29004KT 2 1/2SM 30/23 A2980 RMK T03000230 IEM_DS3505,M
VOTV,2002-12-05 11:40,76.9500,8.4667,86.00,75.20,70.27,270.00,3.00,M,29.77,M,2.50,M,M,M,M,M,M,M,M,M,M,M,M,M,M,M,M,95.19,VOTV 051140Z AUTO 27003KT 2 1/2SM 30/24 A2977 RMK T03000240 IEM_DS3505,M
VOTV,2002-12-05 12:40,76.9500,8.4667,84.20,75.20,74.44,0.00,0.00,M,29.80,M,2.50,M,M,M,M,M,M,M,M,M,M,M,M,M,M,M,M,92.45,VOTV 051240Z AUTO 00000KT 2 1/2SM 29/24 A2980 RMK T02900240 IEM_DS3505,M
VOTV,2002-12-05 13:40,76.9500,8.4667,82.40,77.00,83.77,0.00,0.00,M,29.80,M,2.00,M,M,M,M,M,M,M,M,M,M,M,M,M,M,M,M,90.85,VOTV 051340Z AUTO 00000KT 2SM 28/25 A2980 RMK T02800250 IEM_DS3505,M
VOTV,2002-12-05 15:40,76.9500,8.4667,82.40,77.00,83.77,0.00,0.00,M,29.83,M,2.00,M,M,M,M,M,M,M,M,M,M,M,M,M,M,M,M,90.85,VOTV 051540Z AUTO 00000KT 2SM 28/25 A2983 RMK T02800250 IEM_DS3505,M
VOTV,2002-12-06 00:40,76.9500,8.4667,75.20,71.60,88.59,0.00,0.00,M,29.80,M,1.50,M,M,M,M,M,M,M,M,M,M,M,M,M,M,M,M,76.58,VOTV 060040Z AUTO 00000KT 1 1/2SM 24/22 A2980 RMK T02400220 IEM_DS3505,M
VOTV,2002-12-06 03:40,76.9500,8.4667,M,M,M,0.00,0.00,M,M,M,0.00,M,M,M,M,M,M,M,M,M,M,M,M,M,M,M,M,M,VOTV 060340Z AUTO 00000KT 0SM RMK IEM_DS3505,M
VOTV,2002-12-06 04:40,76.9500,8.4667,86.00,73.40,66.15,200.00,3.00,M,29.85,M,2.50,M,M,M,M,M,M,M,M,M,M,M,M,M,M,M,M,93.45,VOTV 060440Z AUTO 20003KT 2 1/2SM 30/23 A2985 RMK T03000230 IEM_DS3505,M
VOTV,2002-12-06 06:40,76.9500,8.4667,86.00,73.40,66.15,200.00,4.00,M,29.83,M,M,M,M,M,M,M,M,M,M,M,M,M,M,M,M,M,M,93.45,VOTV 060640Z AUTO 20004KT 30/23 A2983 RMK T03000230 IEM_DS3505,M
VOTV,2002-12-06 09:40,76.9500,8.4667,86.00,73.40,66.15,0.00,0.00,M,29.77,M,M,M,M,M,M,M,M,M,M,M,M,M,M,M,M,M,M,93.45,VOTV 060940Z AUTO 00000KT 30/23 A2977 RMK T03000230 IEM_DS3505,M
VOTV,2002-12-06 11:40,76.9500,8.4667,84.20,73.40,70.08,0.00,0.00,M,29.77,M,M,M,M,M,M,M,M,M,M,M,M,M,M,M,M,M,M,90.94,VOTV 061140Z AUTO 00000KT 29/23 A2977 RMK T02900230 IEM_DS3505,M
VOTV,2002-12-06 12:40,76.9500,8.4667,84.20,75.20,74.44,0.00,0.00,M,29.77,M,2.50,M,M,M,M,M,M,M,M,M,M,M,M,M,M,M,M,92.45,VOTV 061240Z AUTO 00000KT 2 1/2SM 29/24 A2977 RMK T02900240 IEM_DS3505,M
VOTV,2002-12-06 15:40,76.9500,8.4667,80.60,77.00,88.83,0.00,0.00,M,29.83,M,2.00,M,M,M,M,M,M,M,M,M,M,M,M,M,M,M,M,87.10,VOTV 061540Z AUTO 00000KT 2SM 27/25 A2983 RMK T02700250 IEM_DS3505,M
VOTV,2002-12-07 06:40,76.9500,8.4667,M,M,M,0.00,0.00,M,M,M,4.00,M,M,M,M,M,M,M,M,M,M,M,M,M,M,M,M,M,VOTV 070640Z AUTO 00000KT 4SM RMK IEM_DS3505,M
VOTV,2002-12-07 08:40,76.9500,8.4667,M,M,M,0.00,0.00,M,M,M,4.00,M,M,M,M,M,M,M,M,M,M,M,M,M,M,M,M,M,VOTV 070840Z AUTO 00000KT 4SM RMK IEM_DS3505,M
VOTV,2002-12-07 10:40,76.9500,8.4667,M,M,M,0.00,0.00,M,M,M,4.00,M,M,M,M,M,M,M,M,M,M,M,M,M,M,M,M,M,VOTV 071040Z AUTO 00000KT 4SM RMK IEM_DS3505,M
VOTV,2002-12-07 11:40,76.9500,8.4667,M,M,M,0.00,0.00,M,M,M,4.00,M,M,M,M,M,M,M,M,M,M,M,M,M,M,M,M,M,VOTV 071140Z AUTO 00000KT 4SM RMK IEM_DS3505,M
VOTV,2002-12-07 12:40,76.9500,8.4667,82.40,75.20,78.90,0.00,0.00,M,29.80,M,4.00,M,M,M,M,M,M,M,M,M,M,M,M,M,M,M,M,89.48,VOTV 071240Z AUTO 00000KT 4SM 28/24 A2980 RMK T02800240 IEM_DS3505,M
VOTV,2002-12-07 13:40,76.9500,8.4667,80.60,73.40,78.76,0.00,0.00,M,29.83,M,2.50,M,M,M,M,M,M,M,M,M,M,M,M,M,M,M,M,85.32,VOTV 071340Z AUTO 00000KT 2 1/2SM 27/23 A2983 RMK T02700230 IEM_DS3505,M
VOTV,2002-12-07 14:40,76.9500,8.4667,80.60,75.20,83.66,0.00,0.00,M,29.85,M,2.00,M,M,M,M,M,M,M,M,M,M,M,M,M,M,M,M,86.17,VOTV 071440Z AUTO 00000KT 2SM 27/24 A2985 RMK T02700240 IEM_DS3505,M
VOTV,2002-12-07 16:40,76.9500,8.4667,78.80,75.20,88.75,0.00,0.00,M,29.88,M,2.00,M,M,M,M,M,M,M,M,M,M,M,M,M,M,M,M,82.38,VOTV 071640Z AUTO 00000KT 2SM 26/24 A2988 RMK T02600240 IEM_DS3505,M
VOTV,2002-12-07 17:40,76.9500,8.4667,78.80,75.20,88.75,0.00,0.00,M,29.88,M,1.50,M,M,M,M,M,M,M,M,M,M,M,M,M,M,M,M,82.38,VOTV 071740Z AUTO 00000KT 1 1/2SM 26/24 A2988 RMK T02600240 IEM_DS3505,M
VOTV,2002-12-08 00:40,76.9500,8.4667,M,M,M,0.00,0.00,M,M,M,2.00,M,M,M,M,M,M,M,M,M,M,M,M,M,M,M,M,M,VOTV 080040Z AUTO 00000KT 2SM RMK IEM_DS3505,M
VOTV,2002-12-08 01:40,76.9500,8.4667,78.80,73.40,83.55,0.00,0.00,M,29.85,M,2.50,M,M,M,M,M,M,M,M,M,M,M,M,M,M,M,M,82.03,VOTV 080140Z AUTO 00000KT 2 1/2SM 26/23 A2985 RMK T02600230 IEM_DS3505,M
VOTV,2002-12-08 02:40,76.9500,8.4667,82.40,75.20,78.90,0.00,0.00,M,29.85,M,4.00,M,M,M,M,M,M,M,M,M,M,M,M,M,M,M,M,89.48,VOTV 080240Z AUTO 00000KT 4SM 28/24 A2985 RMK T02800240 IEM_DS3505,M
VOTV,2002-12-08 06:40,76.9500,8.4667,M,M,M,0.00,0.00,M,M,M,5.00,M,M,M,M,M,M,M,M,M,M,M,M,M,M,M,M,M,VOTV 080640Z AUTO 00000KT 5SM RMK IEM_DS3505,M
VOTV,2002-12-08 09:40,76.9500,8.4667,87.80,73.40,62.47,240.00,4.00,M,29.80,M,5.00,M,M,M,M,M,M,M,M,M,M,M,M,M,M,M,M,95.86,VOTV 080940Z AUTO 24004KT 5SM 31/23 A2980 RMK T03100230 IEM_DS3505,M
VOTV,2002-12-08 11:40,76.9500,8.4667,87.80,73.40,62.47,0.00,0.00,M,29.77,M,M,M,M,M,M,M,M,M,M,M,M,M,M,M,M,M,M,95.86,VOTV 081140Z AUTO 00000KT 31/23 A2977 RMK T03100230 IEM_DS3505,M
VOTV,2002-12-08 12:40,76.9500,8.4667,86.00,75.20,70.27,0.00,0.00,M,29.80,M,2.50,M,M,M,M,M,M,M,M,M,M,M,M,M,M,M,M,95.19,VOTV 081240Z AUTO 00000KT 2 1/2SM 30/24 A2980 RMK T03000240 IEM_DS3505,M
VOTV,2002-12-08 15:40,76.9500,8.4667,82.40,75.20,78.90,0.00,0.00,M,29.88,M,2.50,M,M,M,M,M,M,M,M,M,M,M,M,M,M,M,M,89.48,VOTV 081540Z AUTO 00000KT 2 1/2SM 28/24 A2988 RMK T02800240 IEM_DS3505,M
VOTV,2002-12-08 17:40,76.9500,8.4667,82.40,78.80,88.90,0.00,0.00,M,29.91,M,2.50,M,M,M,M,M,M,M,M,M,M,M,M,M,M,M,M,92.40,VOTV 081740Z AUTO 00000KT 2 1/2SM 28/26 A2991 RMK T02800260 IEM_DS3505,M
VOTV,2002-12-08 23:40,76.9500,8.4667,78.80,71.60,78.62,0.00,0.00,M,29.83,M,2.00,M,M,M,M,M,M,M,M,M,M,M,M,M,M,M,M,81.70,VOTV 082340Z AUTO 00000KT 2SM 26/22 A2983 RMK T02600220 IEM_DS3505,M
VOTV,2002-12-09 01:40,76.9500,8.4667,M,M,M,0.00,0.00,M,M,M,2.00,M,M,M,M,M,M,M,M,M,M,M,M,M,M,M,M,M,VOTV 090140Z AUTO 00000KT 2SM RMK IEM_DS3505,M
VOTV,2002-12-09 02:40,76.9500,8.4667,M,M,M,0.00,0.00,M,M,M,2.00,M,M,M,M,M,M,M,M,M,M,M,M,M,M,M,M,M,VOTV 090240Z AUTO 00000KT 2SM RMK IEM_DS3505,M
VOTV,2002-12-09 03:40,76.9500,8.4667,86.00,71.60,62.25,0.00,0.00,M,29.88,M,2.50,M,M,M,M,M,M,M,M,M,M,M,M,M,M,M,M,91.92,VOTV 090340Z AUTO 00000KT 2 1/2SM 30/22 A2988 RMK T03000220 IEM_DS3505,M
VOTV,2002-12-09 06:40,76.9500,8.4667,86.00,71.60,62.25,0.00,0.00,M,29.88,M,5.00,M,M,M,M,M,M,M,M,M,M,M,M,M,M,M,M,91.92,VOTV 090640Z AUTO 00000KT 5SM 30/22 A2988 RMK T03000220 IEM_DS3505,M
VOTV,2002-12-09 10:40,76.9500,8.4667,87.80,71.60,58.78,0.00,0.00,M,29.80,M,5.00,M,M,M,M,M,M,M,M,M,M,M,M,M,M,M,M,94.18,VOTV 091040Z AUTO 00000KT 5SM 31/22 A2980 RMK T03100220 IEM_DS3505,M
VOTV,2002-12-09 11:40,76.9500,8.4667,86.00,73.40,66.15,260.00,4.00,M,29.80,M,M,M,M,M,M,M,M,M,M,M,M,M,M,M,M,M,M,93.45,VOTV 091140Z AUTO 26004KT 30/23 A2980 RMK T03000230 IEM_DS3505,M
VOTV,2002-12-09 12:40,76.9500,8.4667,84.20,73.40,70.08,0.00,0.00,M,29.83,M,2.50,M,M,M,M,M,M,M,M,M,M,M,M,M,M,M,M,90.94,VOTV 091240Z AUTO 00000KT 2 1/2SM 29/23 A2983 RMK T02900230 IEM_DS3505,M
VOTV,2002-12-09 13:40,76.9500,8.4667,84.20,77.00,79.04,0.00,0.00,M,29.83,M,2.50,M,M,M,M,M,M,M,M,M,M,M,M,M,M,M,M,94.16,VOTV 091340Z AUTO 00000KT 2 1/2SM 29/25 A2983 RMK T02900250 IEM_DS3505,M
VOTV,2002-12-10 00:40,76.9500,8.4667,77.00,71.60,83.44,0.00,0.00,M,29.85,M,1.50,M,M,M,M,M,M,M,M,M,M,M,M,M,M,M,M,78.32,VOTV 100040Z AUTO 00000KT 1 1/2SM 25/22 A2985 RMK T02500220 IEM_DS3505,M
VOTV,2002-12-10 02:40,76.9500,8.4667,80.60,71.60,74.11,0.00,0.00,M,29.91,M,1.50,M,M,M,M,M,M,M,M,M,M,M,M,M,M,M,M,84.57,VOTV 100240Z AUTO 00000KT 1 1/2SM 27/22 A2991 RMK T02700220 IEM_DS3505,M
VOTV,2002-12-10 04:40,76.9500,8.4667,86.00,71.60,62.25,0.00,0.00,M,29.94,M,2.50,M,M,M,M,M,M,M,M,M,M,M,M,M,M,M,M,91.92,VOTV 100440Z AUTO 00000KT 2 1/2SM 30/22 A2994 RMK T03000220 IEM_DS3505,M
VOTV,2002-12-10 05:40,76.9500,8.4667,86.00,69.80,58.55,0.00,0.00,M,29.91,M,M,M,M,M,M,M,M,M,M,M,M,M,M,M,M,M,M,90.58,VOTV 100540Z AUTO 00000KT 30/21 A2991 RMK T03000210 IEM_DS3505,M
VOTV,2002-12-10 06:40,76.9500,8.4667,86.00,71.60,62.25,0.00,0.00,M,29.88,M,M,M,M,M,M,M,M,M,M,M,M,M,M,M,M,M,M,91.92,VOTV 100640Z AUTO 00000KT 30/22 A2988 RMK T03000220 IEM_DS3505,M
VOTV,2002-12-10 07:40,76.9500,8.4667,86.00,71.60,62.25,0.00,0.00,M,29.85,M,M,M,M,M,M,M,M,M,M,M,M,M,M,M,M,M,M,91.92,VOTV 100740Z AUTO 00000KT 30/22 A2985 RMK T03000220 IEM_DS3505,M
VOTV,2002-12-10 08:40,76.9500,8.4667,86.00,71.60,62.25,0.00,0.00,M,29.83,M,M,M,M,M,M,M,M,M,M,M,M,M,M,M,M,M,M,91.92,VOTV 100840Z AUTO 00000KT 30/22 A2983 RMK T03000220 IEM_DS3505,M
VOTV,2002-12-10 09:40,76.9500,8.4667,87.80,73.40,62.47,0.00,0.00,M,29.83,M,M,M,M,M,M,M,M,M,M,M,M,M,M,M,M,M,M,95.86,VOTV 100940Z AUTO 00000KT 31/23 A2983 RMK T03100230 IEM_DS3505,M
VOTV,2002-12-10 12:40,76.9500,8.4667,84.20,73.40,70.08,0.00,0.00,M,29.85,M,2.50,M,M,M,M,M,M,M,M,M,M,M,M,M,M,M,M,90.94,VOTV 101240Z AUTO 00000KT 2 1/2SM 29/23 A2985 RMK T02900230 IEM_DS3505,M
VOTV,2002-12-10 14:40,76.9500,8.4667,82.40,75.20,78.90,0.00,0.00,M,29.88,M,2.50,M,M,M,M,M,M,M,M,M,M,M,M,M,M,M,M,89.48,VOTV 101440Z AUTO 00000KT 2 1/2SM 28/24 A2988 RMK T02800240 IEM_DS3505,M
VOTV,2002-12-10 15:40,76.9500,8.4667,80.60,75.20,83.66,0.00,0.00,M,29.91,M,2.50,M,M,M,M,M,M,M,M,M,M,M,M,M,M,M,M,86.17,VOTV 101540Z AUTO 00000KT 2 1/2SM 27/24 A2991 RMK T02700240 IEM_DS3505,M
VOTV,2002-12-10 16:40,76.9500,8.4667,80.60,73.40,78.76,0.00,0.00,M,29.91,M,2.50,M,M,M,M,M,M,M,M,M,M,M,M,M,M,M,M,85.32,VOTV 101640Z AUTO 00000KT 2 1/2SM 27/23 A2991 RMK T02700230 IEM_DS3505,M
VOTV,2002-12-10 23:40,76.9500,8.4667,77.00,73.40,88.67,0.00,0.00,M,29.85,M,2.00,M,M,M,M,M,M,M,M,M,M,M,M,M,M,M,M,78.57,VOTV 102340Z AUTO 00000KT 2SM 25/23 A2985 RMK T02500230 IEM_DS3505,M
VOTV,2002-12-11 03:40,76.9500,8.4667,84.20,73.40,70.08,0.00,0.00,M,29.94,M,2.50,M,M,M,M,M,M,M,M,M,M,M,M,M,M,M,M,90.94,VOTV 110340Z AUTO 00000KT 2 1/2SM 29/23 A2994 RMK T02900230 IEM_DS3505,M
VOTV,2002-12-11 04:40,76.9500,8.4667,87.80,62.60,43.07,50.00,6.00,M,29.94,M,M,M,M,M,M,M,M,M,M,M,M,M,M,M,M,M,M,88.48,VOTV 110440Z AUTO 05006KT 31/17 A2994 RMK T03100170 IEM_DS3505,M
VOTV,2002-12-11 05:40,76.9500,8.4667,89.60,62.60,40.69,0.00,0.00,M,29.94,M,M,M,M,M,M,M,M,M,M,M,M,M,M,M,M,M,M,90.32,VOTV 110540Z AUTO 00000KT 32/17 A2994 RMK T03200170 IEM_DS3505,M
VOTV,2002-12-11 06:40,76.9500,8.4667,87.80,69.80,55.29,270.00,7.00,M,29.91,M,M,M,M,M,M,M,M,M,M,M,M,M,M,M,M,M,M,92.71,VOTV 110640Z AUTO 27007KT 31/21 A2991 RMK T03100210 IEM_DS3505,M
VOTV,2002-12-11 07:40,76.9500,8.4667,87.80,73.40,62.47,0.00,0.00,M,29.88,M,M,M,M,M,M,M,M,M,M,M,M,M,M,M,M,M,M,95.86,VOTV 110740Z AUTO 00000KT 31/23 A2988 RMK T03100230 IEM_DS3505,M
VOTV,2002-12-11 12:40,76.9500,8.4667,84.20,73.40,70.08,0.00,0.00,M,29.85,M,4.00,M,M,M,M,M,M,M,M,M,M,M,M,M,M,M,M,90.94,VOTV 111240Z AUTO 00000KT 4SM 29/23 A2985 RMK T02900230 IEM_DS3505,M
VOTV,2002-12-11 13:40,76.9500,8.4667,84.20,75.20,74.44,0.00,0.00,M,29.88,M,3.00,M,M,M,M,M,M,M,M,M,M,M,M,M,M,M,M,92.45,VOTV 111340Z AUTO 00000KT 3SM 29/24 A2988 RMK T02900240 IEM_DS3505,M
VOTV,2002-12-11 19:40,76.9500,8.4667,80.60,73.40,78.76,0.00,0.00,M,29.91,M,3.00,M,M,M,M,M,M,M,M,M,M,M,M,M,M,M,M,85.32,VOTV 111940Z AUTO 00000KT 3SM 27/23 A2991 RMK T02700230 IEM_DS3505,M
VOTV,2002-12-11 23:40,76.9500,8.4667,77.00,69.80,78.48,0.00,0.00,M,29.88,M,2.00,M,M,M,M,M,M,M,M,M,M,M,M,M,M,M,M,78.09,VOTV 112340Z AUTO 00000KT 2SM 25/21 A2988 RMK T02500210 IEM_DS3505,M
VOTV,2002-12-12 05:40,76.9500,8.4667,87.80,73.40,62.47,240.00,2.00,M,29.97,M,5.00,M,M,M,M,M,M,M,M,M,M,M,M,M,M,M,M,95.86,VOTV 120540Z AUTO 24002KT 5SM 31/23 A2997 RMK T03100230 IEM_DS3505,M
VOTV,2002-12-12 09:40,76.9500,8.4667,86.00,68.00,55.04,270.00,6.00,M,29.85,M,5.00,M,M,M,M,M,M,M,M,M,M,M,M,M,M,M,M,89.41,VOTV 120940Z AUTO 27006KT 5SM 30/20 A2985 RMK T03000200 IEM_DS3505,M
VOTV,2002-12-12 12:40,76.9500,8.4667,84.20,69.80,62.03,0.00,0.00,M,29.88,M,M,M,M,M,M,M,M,M,M,M,M,M,M,M,M,M,M,88.43,VOTV 121240Z AUTO 00000KT 29/21 A2988 RMK T02900210 IEM_DS3505,M
VOTV,2002-12-12 14:40,76.9500,8.4667,82.40,71.60,69.90,0.00,0.00,M,29.94,M,2.50,M,M,M,M,M,M,M,M,M,M,M,M,M,M,M,M,87.18,VOTV 121440Z AUTO 00000KT 2 1/2SM 28/22 A2994 RMK T02800220 IEM_DS3505,M
VOTV,2002-12-12 15:40,76.9500,8.4667,82.40,71.60,69.90,0.00,0.00,M,29.94,M,2.00,M,M,M,M,M,M,M,M,M,M,M,M,M,M,M,M,87.18,VOTV 121540Z AUTO 00000KT 2SM 28/22 A2994 RMK T02800220 IEM_DS3505,M
VOTV,2002-12-13 05:40,76.9500,8.4667,87.80,71.60,58.78,20.00,4.00,M,29.97,M,5.00,M,M,M,M,M,M,M,M,M,M,M,M,M,M,M,M,94.18,VOTV 130540Z AUTO 02004KT 5SM 31/22 A2997 RMK T03100220 IEM_DS3505,M
VOTV,2002-12-13 08:40,76.9500,8.4667,M,M,M,M,M,M,M,M,5.00,M,M,M,M,M,M,M,M,M,M,M,M,M,M,M,M,M,VOTV 130840Z AUTO 5SM RMK IEM_DS3505,M
VOTV,2002-12-13 10:40,76.9500,8.4667,89.60,73.40,59.01,0.00,0.00,M,29.88,M,M,M,M,M,M,M,M,M,M,M,M,M,M,M,M,M,M,98.20,VOTV 131040Z AUTO 00000KT 32/23 A2988 RMK T03200230 IEM_DS3505,M
VOTV,2002-12-13 11:40,76.9500,8.4667,87.80,71.60,58.78,0.00,0.00,M,29.88,M,M,M,M,M,M,M,M,M,M,M,M,M,M,M,M,M,M,94.18,VOTV 131140Z AUTO 00000KT 31/22 A2988 RMK T03100220 IEM_DS3505,M
VOTV,2002-12-13 15:40,76.9500,8.4667,82.40,69.80,65.74,0.00,0.00,M,29.97,M,2.50,M,M,M,M,M,M,M,M,M,M,M,M,M,M,M,M,86.22,VOTV 131540Z AUTO 00000KT 2 1/2SM 28/21 A2997 RMK T02800210 IEM_DS3505,M
VOTV,2002-12-13 23:40,76.9500,8.4667,78.80,66.20,65.33,30.00,8.00,M,29.91,M,2.00,M,M,M,M,M,M,M,M,M,M,M,M,M,M,M,M,80.82,VOTV 132340Z AUTO 03008KT 2SM 26/19 A2991 RMK T02600190 IEM_DS3505,M
VOTV,2002-12-14 00:40,76.9500,8.4667,78.80,64.40,61.36,30.00,4.00,M,29.94,M,2.00,M,M,M,M,M,M,M,M,M,M,M,M,M,M,M,M,80.56,VOTV 140040Z AUTO 03004KT 2SM 26/18 A2994 RMK T02600180 IEM_DS3505,M
VOTV,2002-12-14 02:40,76.9500,8.4667,80.60,64.40,57.84,0.00,0.00,M,29.97,M,2.00,M,M,M,M,M,M,M,M,M,M,M,M,M,M,M,M,82.27,VOTV 140240Z AUTO 00000KT 2SM 27/18 A2997 RMK T02700180 IEM_DS3505,M
VOTV,2002-12-14 10:40,76.9500,8.4667,86.00,69.80,58.55,M,M,M,29.85,M,5.00,M,M,M,M,M,M,M,M,M,M,M,M,M,M,M,M,90.58,VOTV 141040Z AUTO 5SM 30/21 A2985 RMK T03000210 IEM_DS3505,M
VOTV,2002-12-14 11:40,76.9500,8.4667,84.20,69.80,62.03,M,M,M,29.85,M,5.00,M,M,M,M,M,M,M,M,M,M,M,M,M,M,M,M,88.43,VOTV 141140Z AUTO 5SM 29/21 A2985 RMK T02900210 IEM_DS3505,M
VOTV,2002-12-14 13:40,76.9500,8.4667,84.20,71.60,65.95,0.00,0.00,M,29.91,M,2.50,M,M,M,M,M,M,M,M,M,M,M,M,M,M,M,M,89.60,VOTV 141340Z AUTO 00000KT 2 1/2SM 29/22 A2991 RMK T02900220 IEM_DS3505,M
VOTV,2002-12-14 14:40,76.9500,8.4667,82.40,73.40,74.28,0.00,0.00,M,29.91,M,2.50,M,M,M,M,M,M,M,M,M,M,M,M,M,M,M,M,88.26,VOTV 141440Z AUTO 00000KT 2 1/2SM 28/23 A2991 RMK T02800230 IEM_DS3505,M
VOTV,2002-12-14 17:40,76.9500,8.4667,80.60,75.20,83.66,0.00,0.00,M,29.91,M,1.50,M,M,M,M,M,M,M,M,M,M,M,M,M,M,M,M,86.17,VOTV 141740Z AUTO 00000KT 1 1/2SM 27/24 A2991 RMK T02700240 IEM_DS3505,M
VOTV,2002-12-15 03:40,76.9500,8.4667,84.20,73.40,70.08,0.00,0.00,M,29.91,M,M,M,M,M,M,M,M,M,M,M,M,M,M,M,M,M,M,90.94,VOTV 150340Z AUTO 00000KT 29/23 A2991 RMK T02900230 IEM_DS3505,M
VOTV,2002-12-15 04:40,76.9500,8.4667,86.00,73.40,66.15,M,M,M,29.91,M,M,M,M,M,M,M,M,M,M,M,M,M,M,M,M,M,M,93.45,VOTV 150440Z AUTO 30/23 A2991 RMK T03000230 IEM_DS3505,M
VOTV,2002-12-15 05:40,76.9500,8.4667,84.20,71.60,65.95,260.00,5.00,M,29.91,M,M,M,M,M,M,M,M,M,M,M,M,M,M,M,M,M,M,89.60,VOTV 150540Z AUTO 26005KT 29/22 A2991 RMK T02900220 IEM_DS3505,M
VOTV,2002-12-15 07:40,76.9500,8.4667,84.20,73.40,70.08,0.00,0.00,M,29.85,M,M,M,M,M,M,M,M,M,M,M,M,M,M,M,M,M,M,90.94,VOTV 150740Z AUTO 00000KT 29/23 A2985 RMK T02900230 IEM_DS3505,M
VOTV,2002-12-15 08:40,76.9500,8.4667,M,M,M,0.00,0.00,M,M,M,4.00,M,M,M,M,M,M,M,M,M,M,M,M,M,M,M,M,M,VOTV 150840Z AUTO 00000KT 4SM RMK IEM_DS3505,M
VOTV,2002-12-15 09:40,76.9500,8.4667,89.60,75.20,62.68,0.00,0.00,M,29.80,M,M,M,M,M,M,M,M,M,M,M,M,M,M,M,M,M,M,100.23,VOTV 150940Z AUTO 00000KT 32/24 A2980 RMK T03200240 IEM_DS3505,M
VOTV,2002-12-15 10:40,76.9500,8.4667,87.80,75.20,66.35,0.00,0.00,M,29.80,M,M,M,M,M,M,M,M,M,M,M,M,M,M,M,M,M,M,97.76,VOTV 151040Z AUTO 00000KT 31/24 A2980 RMK T03100240 IEM_DS3505,M
VOTV,2002-12-15 11:40,76.9500,8.4667,87.80,75.20,66.35,0.00,0.00,M,29.80,M,M,M,M,M,M,M,M,M,M,M,M,M,M,M,M,M,M,97.76,VOTV 151140Z AUTO 00000KT 31/24 A2980 RMK T03100240 IEM_DS3505,M
VOTV,2002-12-15 12:40,76.9500,8.4667,86.00,75.20,70.27,0.00,0.00,M,29.83,M,M,M,M,M,M,M,M,M,M,M,M,M,M,M,M,M,M,95.19,VOTV 151240Z AUTO 00000KT 30/24 A2983 RMK T03000240 IEM_DS3505,M
VOTV,2002-12-15 13:40,76.9500,8.4667,84.20,75.20,74.44,0.00,0.00,M,29.85,M,4.00,M,M,M,M,M,M,M,M,M,M,M,M,M,M,M,M,92.45,VOTV 151340Z AUTO 00000KT 4SM 29/24 A2985 RMK T02900240 IEM_DS3505,M
VOTV,2002-12-15 14:40,76.9500,8.4667,82.40,73.40,74.28,0.00,0.00,M,29.85,M,4.00,M,M,M,M,M,M,M,M,M,M,M,M,M,M,M,M,88.26,VOTV 151440Z AUTO 00000KT 4SM 28/23 A2985 RMK T02800230 IEM_DS3505,M
VOTV,2002-12-15 23:40,76.9500,8.4667,77.00,71.60,83.44,0.00,0.00,M,29.83,M,2.50,M,M,M,M,M,M,M,M,M,M,M,M,M,M,M,M,78.32,VOTV 152340Z AUTO 00000KT 2 1/2SM 25/22 A2983 RMK T02500220 IEM_DS3505,M
VOTV,2002-12-16 00:40,76.9500,8.4667,75.20,71.60,88.59,0.00,0.00,M,29.83,M,2.50,M,M,M,M,M,M,M,M,M,M,M,M,M,M,M,M,76.58,VOTV 160040Z AUTO 00000KT 2 1/2SM 24/22 A2983 RMK T02400220 IEM_DS3505,M
VOTV,2002-12-16 01:40,76.9500,8.4667,77.00,71.60,83.44,0.00,0.00,M,29.85,M,2.50,M,M,M,M,M,M,M,M,M,M,M,M,M,M,M,M,78.32,VOTV 160140Z AUTO 00000KT 2 1/2SM 25/22 A2985 RMK T02500220 IEM_DS3505,M
VOTV,2002-12-16 05:40,76.9500,8.4667,87.80,73.40,62.47,0.00,0.00,M,29.88,M,5.00,M,M,M,M,M,M,M,M,M,M,M,M,M,M,M,M,95.86,VOTV 160540Z AUTO 00000KT 5SM 31/23 A2988 RMK T03100230 IEM_DS3505,M
VOTV,2002-12-16 08:40,76.9500,8.4667,86.00,71.60,62.25,220.00,2.00,M,29.80,M,M,M,M,M,M,M,M,M,M,M,M,M,M,M,M,M,M,91.92,VOTV 160840Z AUTO 22002KT 30/22 A2980 RMK T03000220 IEM_DS3505,M
VOTV,2002-12-16 09:40,76.9500,8.4667,86.00,73.40,66.15,0.00,0.00,M,29.80,M,M,M,M,M,M,M,M,M,M,M,M,M,M,M,M,M,M,93.45,VOTV 160940Z AUTO 00000KT 30/23 A2980 RMK T03000230 IEM_DS3505,M
VOTV,2002-12-16 11:40,76.9500,8.4667,86.00,73.40,66.15,0.00,0.00,M,29.77,M,M,M,M,M,M,M,M,M,M,M,M,M,M,M,M,M,M,93.45,VOTV 161140Z AUTO 00000KT 30/23 A2977 RMK T03000230 IEM_DS3505,M
VOTV,2002-12-16 12:40,76.9500,8.4667,84.20,73.40,70.08,0.00,0.00,M,29.80,M,M,M,M,M,M,M,M,M,M,M,M,M,M,M,M,M,M,90.94,VOTV 161240Z AUTO 00000KT 29/23 A2980 RMK T02900230 IEM_DS3505,M
VOTV,2002-12-16 14:40,76.9500,8.4667,84.20,73.40,70.08,0.00,0.00,M,29.85,M,2.50,M,M,M,M,M,M,M,M,M,M,M,M,M,M,M,M,90.94,VOTV 161440Z AUTO 00000KT 2 1/2SM 29/23 A2985 RMK T02900230 IEM_DS3505,M
VOTV,2002-12-16 15:40,76.9500,8.4667,84.20,73.40,70.08,0.00,0.00,M,29.88,M,2.50,M,M,M,M,M,M,M,M,M,M,M,M,M,M,M,M,90.94,VOTV 161540Z AUTO 00000KT 2 1/2SM 29/23 A2988 RMK T02900230 IEM_DS3505,M
VOTV,2002-12-16 16:40,76.9500,8.4667,84.20,75.20,74.44,0.00,0.00,M,29.88,M,2.50,M,M,M,M,M,M,M,M,M,M,M,M,M,M,M,M,92.45,VOTV 161640Z AUTO 00000KT 2 1/2SM 29/24 A2988 RMK T02900240 IEM_DS3505,M
VOTV,2002-12-17 00:40,76.9500,8.4667,78.80,66.20,65.33,0.00,0.00,M,29.83,M,2.50,M,M,M,M,M,M,M,M,M,M,M,M,M,M,M,M,80.82,VOTV 170040Z AUTO 00000KT 2 1/2SM 26/19 A2983 RMK T02600190 IEM_DS3505,M
VOTV,2002-12-17 03:40,76.9500,8.4667,86.00,68.00,55.04,0.00,0.00,M,29.88,M,M,M,M,M,M,M,M,M,M,M,M,M,M,M,M,M,M,89.41,VOTV 170340Z AUTO 00000KT 30/20 A2988 RMK T03000200 IEM_DS3505,M
VOTV,2002-12-17 04:40,76.9500,8.4667,87.80,68.00,51.98,0.00,0.00,M,29.88,M,4.00,M,M,M,M,M,M,M,M,M,M,M,M,M,M,M,M,91.43,VOTV 170440Z AUTO 00000KT 4SM 31/20 A2988 RMK T03100200 IEM_DS3505,M
VOTV,2002-12-17 05:40,76.9500,8.4667,86.00,68.00,55.04,M,M,M,29.88,M,M,M,M,M,M,M,M,M,M,M,M,M,M,M,M,M,M,89.41,VOTV 170540Z AUTO 30/20 A2988 RMK T03000200 IEM_DS3505,M
VOTV,2002-12-17 16:40,76.9500,8.4667,82.40,71.60,69.90,0.00,0.00,M,29.85,M,M,M,M,M,M,M,M,M,M,M,M,M,M,M,M,M,M,87.18,VOTV 171640Z AUTO 00000KT 28/22 A2985 RMK T02800220 IEM_DS3505,M
VOTV,2002-12-17 18:40,76.9500,8.4667,80.60,73.40,78.76,0.00,0.00,M,29.85,M,4.00,M,M,M,M,M,M,M,M,M,M,M,M,M,M,M,M,85.32,VOTV 171840Z AUTO 00000KT 4SM 27/23 A2985 RMK T02700230 IEM_DS3505,M
VOTV,2002-12-18 00:40,76.9500,8.4667,78.80,60.80,54.05,40.00,4.00,M,29.83,M,2.50,M,M,M,M,M,M,M,M,M,M,M,M,M,M,M,M,78.80,VOTV 180040Z AUTO 04004KT 2 1/2SM 26/16 A2983 RMK T02600160 IEM_DS3505,M
VOTV,2002-12-18 02:40,76.9500,8.4667,80.60,59.00,47.79,0.00,0.00,M,29.85,M,M,M,M,M,M,M,M,M,M,M,M,M,M,M,M,M,M,81.11,VOTV 180240Z AUTO 00000KT 27/15 A2985 RMK T02700150 IEM_DS3505,M
VOTV,2002-12-18 03:40,76.9500,8.4667,82.40,60.80,48.05,M,M,M,29.88,M,M,M,M,M,M,M,M,M,M,M,M,M,M,M,M,M,M,82.90,VOTV 180340Z AUTO 28/16 A2988 RMK T02800160 IEM_DS3505,M
VOTV,2002-12-18 04:40,76.9500,8.4667,86.00,60.80,42.80,10.00,5.00,M,29.88,M,M,M,M,M,M,M,M,M,M,M,M,M,M,M,M,M,M,86.05,VOTV 180440Z AUTO 01005KT 30/16 A2988 RMK T03000160 IEM_DS3505,M
VOTV,2002-12-18 05:40,76.9500,8.4667,87.80,64.40,45.88,360.00,2.00,M,29.85,M,M,M,M,M,M,M,M,M,M,M,M,M,M,M,M,M,M,89.33,VOTV 180540Z AUTO 36002KT 31/18 A2985 RMK T03100180 IEM_DS3505,M
VOTV,2002-12-18 06:40,76.9500,8.4667,87.80,64.40,45.88,0.00,0.00,M,29.83,M,M,M,M,M,M,M,M,M,M,M,M,M,M,M,M,M,M,89.33,VOTV 180640Z AUTO 00000KT 31/18 A2983 RMK T03100180 IEM_DS3505,M
VOTV,2002-12-18 09:40,76.9500,8.4667,86.00,66.20,51.72,0.00,0.00,M,29.77,M,M,M,M,M,M,M,M,M,M,M,M,M,M,M,M,M,M,88.39,VOTV 180940Z AUTO 00000KT 30/19 A2977 RMK T03000190 IEM_DS3505,M
VOTV,2002-12-18 11:40,76.9500,8.4667,86.00,69.80,58.55,0.00,0.00,M,29.77,M,M,M,M,M,M,M,M,M,M,M,M,M,M,M,M,M,M,90.58,VOTV 181140Z AUTO 00000KT 30/21 A2977 RMK T03000210 IEM_DS3505,M
VOTV,2002-12-18 13:40,76.9500,8.4667,84.20,71.60,65.95,0.00,0.00,M,29.80,M,2.50,M,M,M,M,M,M,M,M,M,M,M,M,M,M,M,M,89.60,VOTV 181340Z AUTO 00000KT 2 1/2SM 29/22 A2980 RMK T02900220 IEM_DS3505,M
VOTV,2002-12-18 15:40,76.9500,8.4667,80.60,69.80,69.71,0.00,0.00,M,29.83,M,2.50,M,M,M,M,M,M,M,M,M,M,M,M,M,M,M,M,83.90,VOTV 181540Z AUTO 00000KT 2 1/2SM 27/21 A2983 RMK T02700210 IEM_DS3505,M
VOTV,2002-12-18 23:40,76.9500,8.4667,78.80,71.60,78.62,0.00,0.00,M,29.77,M,2.50,M,M,M,M,M,M,M,M,M,M,M,M,M,M,M,M,81.70,VOTV 182340Z AUTO 00000KT 2 1/2SM 26/22 A2977 RMK T02600220 IEM_DS3505,M
VOTV,2002-12-19 00:40,76.9500,8.4667,77.00,71.60,83.44,0.00,0.00,M,29.77,M,2.50,M,M,M,M,M,M,M,M,M,M,M,M,M,M,M,M,78.32,VOTV 190040Z AUTO 00000KT 2 1/2SM 25/22 A2977 RMK T02500220 IEM_DS3505,M
VOTV,2002-12-19 02:40,76.9500,8.4667,84.20,71.60,65.95,0.00,0.00,M,29.80,M,M,M,M,M,M,M,M,M,M,M,M,M,M,M,M,M,M,89.60,VOTV 190240Z AUTO 00000KT 29/22 A2980 RMK T02900220 IEM_DS3505,M
VOTV,2002-12-19 03:40,76.9500,8.4667,M,M,M,0.00,0.00,M,M,M,4.00,M,M,M,M,M,M,M,M,M,M,M,M,M,M,M,M,M,VOTV 190340Z AUTO 00000KT 4SM RMK IEM_DS3505,M
VOTV,2002-12-19 04:40,76.9500,8.4667,86.00,73.40,66.15,M,M,M,29.83,M,M,M,M,M,M,M,M,M,M,M,M,M,M,M,M,M,M,93.45,VOTV 190440Z AUTO 30/23 A2983 RMK T03000230 IEM_DS3505,M
VOTV,2002-12-19 05:40,76.9500,8.4667,86.00,75.20,70.27,0.00,0.00,M,29.83,M,M,M,M,M,M,M,M,M,M,M,M,M,M,M,M,M,M,95.19,VOTV 190540Z AUTO 00000KT 30/24 A2983 RMK T03000240 IEM_DS3505,M
VOTV,2002-12-19 08:40,76.9500,8.4667,M,M,M,0.00,0.00,M,M,M,2.50,M,M,M,M,M,M,M,M,M,M,M,M,M,M,M,M,M,VOTV 190840Z AUTO 00000KT 2 1/2SM RMK IEM_DS3505,M
VOTV,2002-12-19 12:40,76.9500,8.4667,84.20,75.20,74.44,0.00,0.00,M,29.74,M,4.00,M,M,M,M,M,M,M,M,M,M,M,M,M,M,M,M,92.45,VOTV 191240Z AUTO 00000KT 4SM 29/24 A2974 RMK T02900240 IEM_DS3505,M
VOTV,2002-12-19 13:40,76.9500,8.4667,82.40,75.20,78.90,0.00,0.00,M,29.77,M,4.00,M,M,M,M,M,M,M,M,M,M,M,M,M,M,M,M,89.48,VOTV 191340Z AUTO 00000KT 4SM 28/24 A2977 RMK T02800240 IEM_DS3505,M
VOTV,2002-12-19 15:40,76.9500,8.4667,80.60,75.20,83.66,0.00,0.00,M,29.83,M,2.50,M,M,M,M,M,M,M,M,M,M,M,M,M,M,M,M,86.17,VOTV 191540Z AUTO 00000KT 2 1/2SM 27/24 A2983 RMK T02700240 IEM_DS3505,M
VOTV,2002-12-19 16:40,76.9500,8.4667,80.60,73.40,78.76,0.00,0.00,M,29.83,M,2.00,M,M,M,M,M,M,M,M,M,M,M,M,M,M,M,M,85.32,VOTV 191640Z AUTO 00000KT 2SM 27/23 A2983 RMK T02700230 IEM_DS3505,M
VOTV,2002-12-19 23:40,76.9500,8.4667,75.20,69.80,83.32,0.00,0.00,M,29.77,M,2.00,M,M,M,M,M,M,M,M,M,M,M,M,M,M,M,M,76.34,VOTV 192340Z AUTO 00000KT 2SM 24/21 A2977 RMK T02400210 IEM_DS3505,M
VOTV,2002-12-20 00:40,76.9500,8.4667,75.20,66.20,73.61,0.00,0.00,M,29.77,M,2.00,M,M,M,M,M,M,M,M,M,M,M,M,M,M,M,M,75.20,VOTV 200040Z AUTO 00000KT 2SM 24/19 A2977 RMK T02400190 IEM_DS3505,M
VOTV,2002-12-20 01:40,76.9500,8.4667,73.40,64.40,73.44,0.00,0.00,M,29.80,M,2.50,M,M,M,M,M,M,M,M,M,M,M,M,M,M,M,M,73.40,VOTV 200140Z AUTO 00000KT 2 1/2SM 23/18 A2980 RMK T02300180 IEM_DS3505,M
VOTV,2002-12-20 02:40,76.9500,8.4667,77.00,66.20,69.33,0.00,0.00,M,29.80,M,2.50,M,M,M,M,M,M,M,M,M,M,M,M,M,M,M,M,77.00,VOTV 200240Z AUTO 00000KT 2 1/2SM 25/19 A2980 RMK T02500190 IEM_DS3505,M
VOTV,2002-12-20 09:40,76.9500,8.4667,86.00,71.60,62.25,240.00,4.00,M,29.74,M,M,M,M,M,M,M,M,M,M,M,M,M,M,M,M,M,M,91.92,VOTV 200940Z AUTO 24004KT 30/22 A2974 RMK T03000220 IEM_DS3505,M
VOTV,2002-12-20 10:40,76.9500,8.4667,84.20,71.60,65.95,0.00,0.00,M,29.74,M,M,M,M,M,M,M,M,M,M,M,M,M,M,M,M,M,M,89.60,VOTV 201040Z AUTO 00000KT 29/22 A2974 RMK T02900220 IEM_DS3505,M
VOTV,2002-12-20 11:40,76.9500,8.4667,84.20,71.60,65.95,0.00,0.00,M,29.74,M,M,M,M,M,M,M,M,M,M,M,M,M,M,M,M,M,M,89.60,VOTV 201140Z AUTO 00000KT 29/22 A2974 RMK T02900220 IEM_DS3505,M
VOTV,2002-12-20 12:40,76.9500,8.4667,78.80,71.60,78.62,0.00,0.00,M,29.74,M,4.00,M,M,M,M,M,M,M,M,M,M,M,M,M,M,M,M,81.70,VOTV 201240Z AUTO 00000KT 4SM 26/22 A2974 RMK T02600220 IEM_DS3505,M
VOTV,2002-12-20 13:40,76.9500,8.4667,84.20,64.40,51.47,0.00,0.00,M,29.77,M,2.50,M,M,M,M,M,M,M,M,M,M,M,M,M,M,M,M,85.71,VOTV 201340Z AUTO 00000KT 2 1/2SM 29/18 A2977 RMK T02900180 IEM_DS3505,M
VOTV,2002-12-20 15:40,76.9500,8.4667,80.60,68.00,65.54,0.00,0.00,M,29.83,M,2.50,M,M,M,M,M,M,M,M,M,M,M,M,M,M,M,M,83.29,VOTV 201540Z AUTO 00000KT 2 1/2SM 27/20 A2983 RMK T02700200 IEM_DS3505,M
VOTV,2002-12-20 16:40,76.9500,8.4667,78.80,69.80,73.95,0.00,0.00,M,29.83,M,2.00,M,M,M,M,M,M,M,M,M,M,M,M,M,M,M,M,81.39,VOTV 201640Z AUTO 00000KT 2SM 26/21 A2983 RMK T02600210 IEM_DS3505,M
VOTV,2002-12-20 17:40,76.9500,8.4667,M,M,M,0.00,0.00,M,29.85,M,1.50,M,M,M,M,M,M,M,M,M,M,M,M,M,M,M,M,M,VOTV 201740Z AUTO 00000KT 1 1/2SM A2985 RMK IEM_DS3505,M
VOTV,2002-12-21 03:40,76.9500,8.4667,82.40,62.60,51.21,40.00,2.00,M,29.85,M,2.50,M,M,M,M,M,M,M,M,M,M,M,M,M,M,M,M,83.41,VOTV 210340Z AUTO 04002KT 2 1/2SM 28/17 A2985 RMK T02800170 IEM_DS3505,M
VOTV,2002-12-21 05:40,76.9500,8.4667,86.00,62.60,45.61,0.00,0.00,M,29.85,M,5.00,M,M,M,M,M,M,M,M,M,M,M,M,M,M,M,M,86.72,VOTV 210540Z AUTO 00000KT 5SM 30/17 A2985 RMK T03000170 IEM_DS3505,M
VOTV,2002-12-21 07:40,76.9500,8.4667,84.20,68.00,58.32,200.00,3.00,M,29.80,M,M,M,M,M,M,M,M,M,M,M,M,M,M,M,M,M,M,87.40,VOTV 210740Z AUTO 20003KT 29/20 A2980 RMK T02900200 IEM_DS3505,M
VOTV,2002-12-21 08:40,76.9500,8.4667,84.20,68.00,58.32,190.00,3.00,M,29.77,M,M,M,M,M,M,M,M,M,M,M,M,M,M,M,M,M,M,87.40,VOTV 210840Z AUTO 19003KT 29/20 A2977 RMK T02900200 IEM_DS3505,M
VOTV,2002-12-21 09:40,76.9500,8.4667,84.20,68.00,58.32,150.00,3.00,M,29.77,M,M,M,M,M,M,M,M,M,M,M,M,M,M,M,M,M,M,87.40,VOTV 210940Z AUTO 15003KT 29/20 A2977 RMK T02900200 IEM_DS3505,M
VOTV,2002-12-21 10:40,76.9500,8.4667,84.20,69.80,62.03,210.00,3.00,M,29.74,M,M,M,M,M,M,M,M,M,M,M,M,M,M,M,M,M,M,88.43,VOTV 211040Z AUTO 21003KT 29/21 A2974 RMK T02900210 IEM_DS3505,M
VOTV,2002-12-21 11:40,76.9500,8.4667,82.40,69.80,65.74,260.00,3.00,M,29.74,M,M,M,M,M,M,M,M,M,M,M,M,M,M,M,M,M,M,86.22,VOTV 211140Z AUTO 26003KT 28/21 A2974 RMK T02800210 IEM_DS3505,M
VOTV,2002-12-21 13:40,76.9500,8.4667,82.40,69.80,65.74,0.00,0.00,M,29.77,M,2.50,M,M,M,M,M,M,M,M,M,M,M,M,M,M,M,M,86.22,VOTV 211340Z AUTO 00000KT 2 1/2SM 28/21 A2977 RMK T02800210 IEM_DS3505,M
VOTV,2002-12-21 14:40,76.9500,8.4667,78.80,69.80,73.95,0.00,0.00,M,29.80,M,2.50,M,M,M,M,M,M,M,M,M,M,M,M,M,M,M,M,81.39,VOTV 211440Z AUTO 00000KT 2 1/2SM 26/21 A2980 RMK T02600210 IEM_DS3505,M
VOTV,2002-12-21 15:40,76.9500,8.4667,80.60,73.40,78.76,0.00,0.00,M,29.80,M,2.50,M,M,M,M,M,M,M,M,M,M,M,M,M,M,M,M,85.32,VOTV 211540Z AUTO 00000KT 2 1/2SM 27/23 A2980 RMK T02700230 IEM_DS3505,M
VOTV,2002-12-21 16:40,76.9500,8.4667,77.00,71.60,83.44,0.00,0.00,M,29.80,M,2.00,M,M,M,M,M,M,M,M,M,M,M,M,M,M,M,M,78.32,VOTV 211640Z AUTO 00000KT 2SM 25/22 A2980 RMK T02500220 IEM_DS3505,M
VOTV,2002-12-21 23:40,76.9500,8.4667,73.40,66.20,78.19,0.00,0.00,M,29.77,M,1.50,M,M,M,M,M,M,M,M,M,M,M,M,M,M,M,M,73.40,VOTV 212340Z AUTO 00000KT 1 1/2SM 23/19 A2977 RMK T02300190 IEM_DS3505,M
VOTV,2002-12-22 06:40,76.9500,8.4667,86.00,69.80,58.55,160.00,3.00,M,29.83,M,M,M,M,M,M,M,M,M,M,M,M,M,M,M,M,M,M,90.58,VOTV 220640Z AUTO 16003KT 30/21 A2983 RMK T03000210 IEM_DS3505,M
VOTV,2002-12-22 07:40,76.9500,8.4667,84.20,69.80,62.03,160.00,4.00,M,29.83,M,5.00,M,M,M,M,M,M,M,M,M,M,M,M,M,M,M,M,88.43,VOTV 220740Z AUTO 16004KT 5SM 29/21 A2983 RMK T02900210 IEM_DS3505,M
VOTV,2002-12-22 08:40,76.9500,8.4667,84.20,66.20,54.80,120.00,4.00,M,29.80,M,5.00,M,M,M,M,M,M,M,M,M,M,M,M,M,M,M,M,86.50,VOTV 220840Z AUTO 12004KT 5SM 29/19 A2980 RMK T02900190 IEM_DS3505,M
VOTV,2002-12-22 09:40,76.9500,8.4667,84.20,68.00,58.32,M,M,M,29.77,M,5.00,M,M,M,M,M,M,M,M,M,M,M,M,M,M,M,M,87.40,VOTV 220940Z AUTO 5SM 29/20 A2977 RMK T02900200 IEM_DS3505,M
VOTV,2002-12-22 12:40,76.9500,8.4667,82.40,66.20,58.08,0.00,0.00,M,29.77,M,4.00,M,M,M,M,M,M,M,M,M,M,M,M,M,M,M,M,84.63,VOTV 221240Z AUTO 00000KT 4SM 28/19 A2977 RMK T02800190 IEM_DS3505,M
VOTV,2002-12-22 13:40,76.9500,8.4667,80.60,68.00,65.54,0.00,0.00,M,29.80,M,2.50,M,M,M,M,M,M,M,M,M,M,M,M,M,M,M,M,83.29,VOTV 221340Z AUTO 00000KT 2 1/2SM 27/20 A2980 RMK T02700200 IEM_DS3505,M
VOTV,2002-12-23 01:40,76.9500,8.4667,73.40,64.40,73.44,0.00,0.00,M,29.83,M,1.50,M,M,M,M,M,M,M,M,M,M,M,M,M,M,M,M,73.40,VOTV 230140Z AUTO 00000KT 1 1/2SM 23/18 A2983 RMK T02300180 IEM_DS3505,M
VOTV,2002-12-23 02:40,76.9500,8.4667,77.00,66.20,69.33,0.00,0.00,M,29.85,M,1.50,M,M,M,M,M,M,M,M,M,M,M,M,M,M,M,M,77.00,VOTV 230240Z AUTO 00000KT 1 1/2SM 25/19 A2985 RMK T02500190 IEM_DS3505,M
VOTV,2002-12-23 03:40,76.9500,8.4667,80.60,66.20,61.58,0.00,0.00,M,29.88,M,2.00,M,M,M,M,M,M,M,M,M,M,M,M,M,M,M,M,82.75,VOTV 230340Z AUTO 00000KT 2SM 27/19 A2988 RMK T02700190 IEM_DS3505,M
VOTV,2002-12-23 04:40,76.9500,8.4667,84.20,66.20,54.80,190.00,4.00,M,29.88,M,M,M,M,M,M,M,M,M,M,M,M,M,M,M,M,M,M,86.50,VOTV 230440Z AUTO 19004KT 29/19 A2988 RMK T02900190 IEM_DS3505,M
VOTV,2002-12-23 06:00,76.9500,8.4667,86.00,64.76,49.20,0.00,0.00,M,29.88,1012.00,6.00,M,M,M,M,M,M,M,M,M,M,M,M,M,M,M,M,87.66,VOTV 230600Z AUTO 00000KT 6SM 30/18 RMK SLP120 T03000182 IEM_DS3505,M
VOTV,2002-12-23 06:40,76.9500,8.4667,86.00,68.00,55.04,0.00,0.00,M,29.83,M,M,M,M,M,M,M,M,M,M,M,M,M,M,M,M,M,M,89.41,VOTV 230640Z AUTO 00000KT 30/20 A2983 RMK T03000200 IEM_DS3505,M
VOTV,2002-12-23 07:40,76.9500,8.4667,86.00,68.00,55.04,200.00,3.00,M,29.80,M,M,M,M,M,M,M,M,M,M,M,M,M,M,M,M,M,M,89.41,VOTV 230740Z AUTO 20003KT 30/20 A2980 RMK T03000200 IEM_DS3505,M
VOTV,2002-12-23 08:40,76.9500,8.4667,86.00,68.00,55.04,180.00,3.00,M,29.77,M,5.00,M,M,M,M,M,M,M,M,M,M,M,M,M,M,M,M,89.41,VOTV 230840Z AUTO 18003KT 5SM 30/20 A2977 RMK T03000200 IEM_DS3505,M
VOTV,2002-12-23 09:40,76.9500,8.4667,86.00,68.00,55.04,200.00,3.00,M,29.77,M,5.00,M,M,M,M,M,M,M,M,M,M,M,M,M,M,M,M,89.41,VOTV 230940Z AUTO 20003KT 5SM 30/20 A2977 RMK T03000200 IEM_DS3505,M
VOTV,2002-12-23 11:40,76.9500,8.4667,84.20,68.00,58.32,230.00,3.00,M,29.77,M,M,M,M,M,M,M,M,M,M,M,M,M,M,M,M,M,M,87.40,VOTV 231140Z AUTO 23003KT 29/20 A2977 RMK T02900200 IEM_DS3505,M
VOTV,2002-12-23 12:40,76.9500,8.4667,82.40,69.80,65.74,0.00,0.00,M,29.74,M,M,M,M,M,M,M,M,M,M,M,M,M,M,M,M,M,M,86.22,VOTV 231240Z AUTO 00000KT 28/21 A2974 RMK T02800210 IEM_DS3505,M
VOTV,2002-12-23 13:40,76.9500,8.4667,82.40,71.60,69.90,0.00,0.00,M,29.80,M,M,M,M,M,M,M,M,M,M,M,M,M,M,M,M,M,M,87.18,VOTV 231340Z AUTO 00000KT 28/22 A2980 RMK T02800220 IEM_DS3505,M
VOTV,2002-12-23 14:40,76.9500,8.4667,80.60,69.80,69.71,0.00,0.00,M,29.83,M,4.00,M,M,M,M,M,M,M,M,M,M,M,M,M,M,M,M,83.90,VOTV 231440Z AUTO 00000KT 4SM 27/21 A2983 RMK T02700210 IEM_DS3505,M
VOTV,2002-12-23 15:40,76.9500,8.4667,78.80,69.80,73.95,0.00,0.00,M,29.85,M,4.00,M,M,M,M,M,M,M,M,M,M,M,M,M,M,M,M,81.39,VOTV 231540Z AUTO 00000KT 4SM 26/21 A2985 RMK T02600210 IEM_DS3505,M
VOTV,2002-12-23 23:40,76.9500,8.4667,73.40,68.00,83.21,0.00,0.00,M,29.80,M,1.50,M,M,M,M,M,M,M,M,M,M,M,M,M,M,M,M,73.40,VOTV 232340Z AUTO 00000KT 1 1/2SM 23/20 A2980 RMK T02300200 IEM_DS3505,M
VOTV,2002-12-24 07:40,76.9500,8.4667,M,M,M,M,M,M,M,M,5.00,M,M,M,M,M,M,M,M,M,M,M,M,M,M,M,M,M,VOTV 240740Z AUTO 5SM RMK IEM_DS3505,M
VOTV,2002-12-24 08:40,76.9500,8.4667,86.00,68.00,55.04,240.00,6.00,M,29.80,M,5.00,M,M,M,M,M,M,M,M,M,M,M,M,M,M,M,M,89.41,VOTV 240840Z AUTO 24006KT 5SM 30/20 A2980 RMK T03000200 IEM_DS3505,M
VOTV,2002-12-24 09:40,76.9500,8.4667,86.00,68.00,55.04,200.00,4.00,M,29.77,M,5.00,M,M,M,M,M,M,M,M,M,M,M,M,M,M,M,M,89.41,VOTV 240940Z AUTO 20004KT 5SM 30/20 A2977 RMK T03000200 IEM_DS3505,M
VOTV,2002-12-24 10:40,76.9500,8.4667,84.20,68.00,58.32,190.00,3.00,M,29.77,M,5.00,M,M,M,M,M,M,M,M,M,M,M,M,M,M,M,M,87.40,VOTV 241040Z AUTO 19003KT 5SM 29/20 A2977 RMK T02900200 IEM_DS3505,M
VOTV,2002-12-24 11:40,76.9500,8.4667,84.20,69.80,62.03,0.00,0.00,M,29.77,M,M,M,M,M,M,M,M,M,M,M,M,M,M,M,M,M,M,88.43,VOTV 241140Z AUTO 00000KT 29/21 A2977 RMK T02900210 IEM_DS3505,M
VOTV,2002-12-24 12:40,76.9500,8.4667,82.40,69.80,65.74,0.00,0.00,M,29.83,M,2.50,M,M,M,M,M,M,M,M,M,M,M,M,M,M,M,M,86.22,VOTV 241240Z AUTO 00000KT 2 1/2SM 28/21 A2983 RMK T02800210 IEM_DS3505,M
VOTV,2002-12-24 13:40,76.9500,8.4667,80.60,68.00,65.54,0.00,0.00,M,29.83,M,2.50,M,M,M,M,M,M,M,M,M,M,M,M,M,M,M,M,83.29,VOTV 241340Z AUTO 00000KT 2 1/2SM 27/20 A2983 RMK T02700200 IEM_DS3505,M
VOTV,2002-12-24 15:40,76.9500,8.4667,78.80,69.80,73.95,0.00,0.00,M,29.88,M,2.50,M,M,M,M,M,M,M,M,M,M,M,M,M,M,M,M,81.39,VOTV 241540Z AUTO 00000KT 2 1/2SM 26/21 A2988 RMK T02600210 IEM_DS3505,M
VOTV,2002-12-24 23:40,76.9500,8.4667,73.40,68.00,83.21,0.00,0.00,M,29.83,M,2.00,M,M,M,M,M,M,M,M,M,M,M,M,M,M,M,M,73.40,VOTV 242340Z AUTO 00000KT 2SM 23/20 A2983 RMK T02300200 IEM_DS3505,M
VOTV,2002-12-25 02:40,76.9500,8.4667,77.00,68.00,73.78,0.00,0.00,M,29.91,M,2.00,M,M,M,M,M,M,M,M,M,M,M,M,M,M,M,M,77.00,VOTV 250240Z AUTO 00000KT 2SM 25/20 A2991 RMK T02500200 IEM_DS3505,M
VOTV,2002-12-25 08:40,76.9500,8.4667,86.00,64.40,48.58,200.00,4.00,M,29.85,M,5.00,M,M,M,M,M,M,M,M,M,M,M,M,M,M,M,M,87.49,VOTV 250840Z AUTO 20004KT 5SM 30/18 A2985 RMK T03000180 IEM_DS3505,M
VOTV,2002-12-25 09:40,76.9500,8.4667,M,M,M,0.00,0.00,M,29.83,M,5.00,M,M,M,M,M,M,M,M,M,M,M,M,M,M,M,M,M,VOTV 250940Z AUTO 00000KT 5SM A2983 RMK IEM_DS3505,M
VOTV,2002-12-25 11:40,76.9500,8.4667,84.20,69.80,62.03,0.00,0.00,M,29.83,M,4.00,M,M,M,M,M,M,M,M,M,M,M,M,M,M,M,M,88.43,VOTV 251140Z AUTO 00000KT 4SM 29/21 A2983 RMK T02900210 IEM_DS3505,M
VOTV,2002-12-25 12:40,76.9500,8.4667,82.40,69.80,65.74,0.00,0.00,M,29.85,M,2.50,M,M,M,M,M,M,M,M,M,M,M,M,M,M,M,M,86.22,VOTV 251240Z AUTO 00000KT 2 1/2SM 28/21 A2985 RMK T02800210 IEM_DS3505,M
VOTV,2002-12-26 00:40,76.9500,8.4667,71.60,64.40,78.04,0.00,0.00,M,29.88,M,2.00,M,M,M,M,M,M,M,M,M,M,M,M,M,M,M,M,71.60,VOTV 260040Z AUTO 00000KT 2SM 22/18 A2988 RMK T02200180 IEM_DS3505,M
VOTV,2002-12-26 03:40,76.9500,8.4667,82.40,68.00,61.81,0.00,0.00,M,29.94,M,2.00,M,M,M,M,M,M,M,M,M,M,M,M,M,M,M,M,85.38,VOTV 260340Z AUTO 00000KT 2SM 28/20 A2994 RMK T02800200 IEM_DS3505,M
VOTV,2002-12-26 08:40,76.9500,8.4667,87.80,69.80,55.29,270.00,8.00,M,29.85,M,M,M,M,M,M,M,M,M,M,M,M,M,M,M,M,M,M,92.71,VOTV 260840Z AUTO 27008KT 31/21 A2985 RMK T03100210 IEM_DS3505,M
VOTV,2002-12-26 09:40,76.9500,8.4667,87.80,68.00,51.98,270.00,10.00,M,29.83,M,M,M,M,M,M,M,M,M,M,M,M,M,M,M,M,M,M,91.43,VOTV 260940Z AUTO 27010KT 31/20 A2983 RMK T03100200 IEM_DS3505,M
VOTV,2002-12-26 11:40,76.9500,8.4667,84.20,69.80,62.03,280.00,4.00,M,29.85,M,M,M,M,M,M,M,M,M,M,M,M,M,M,M,M,M,M,88.43,VOTV 261140Z AUTO 28004KT 29/21 A2985 RMK T02900210 IEM_DS3505,M
VOTV,2002-12-26 12:40,76.9500,8.4667,84.20,68.00,58.32,290.00,4.00,M,29.88,M,M,M,M,M,M,M,M,M,M,M,M,M,M,M,M,M,M,87.40,VOTV 261240Z AUTO 29004KT 29/20 A2988 RMK T02900200 IEM_DS3505,M
VOTV,2002-12-26 14:40,76.9500,8.4667,80.60,71.60,74.11,0.00,0.00,M,29.91,M,2.50,M,M,M,M,M,M,M,M,M,M,M,M,M,M,M,M,84.57,VOTV 261440Z AUTO 00000KT 2 1/2SM 27/22 A2991 RMK T02700220 IEM_DS3505,M
VOTV,2002-12-27 03:40,76.9500,8.4667,80.60,69.80,69.71,0.00,0.00,M,29.94,M,1.50,M,M,M,M,M,M,M,M,M,M,M,M,M,M,M,M,83.90,VOTV 270340Z AUTO 00000KT 1 1/2SM 27/21 A2994 RMK T02700210 IEM_DS3505,M
VOTV,2002-12-27 09:40,76.9500,8.4667,86.00,69.80,58.55,M,M,M,29.83,M,M,M,M,M,M,M,M,M,M,M,M,M,M,M,M,M,M,90.58,VOTV 270940Z AUTO 30/21 A2983 RMK T03000210 IEM_DS3505,M
VOTV,2002-12-27 10:40,76.9500,8.4667,84.20,75.20,74.44,200.00,4.00,M,29.83,M,4.00,M,M,M,M,M,M,M,M,M,M,M,M,M,M,M,M,92.45,VOTV 271040Z AUTO 20004KT 4SM 29/24 A2983 RMK T02900240 IEM_DS3505,M
VOTV,2002-12-27 11:40,76.9500,8.4667,84.20,69.80,62.03,210.00,2.00,M,29.83,M,M,M,M,M,M,M,M,M,M,M,M,M,M,M,M,M,M,88.43,VOTV 271140Z AUTO 21002KT 29/21 A2983 RMK T02900210 IEM_DS3505,M
VOTV,2002-12-28 08:40,76.9500,8.4667,86.00,68.00,55.04,260.00,5.00,M,29.83,M,M,M,M,M,M,M,M,M,M,M,M,M,M,M,M,M,M,89.41,VOTV 280840Z AUTO 26005KT 30/20 A2983 RMK T03000200 IEM_DS3505,M
VOTV,2002-12-28 09:40,76.9500,8.4667,86.00,69.80,58.55,0.00,0.00,M,29.83,M,M,M,M,M,M,M,M,M,M,M,M,M,M,M,M,M,M,90.58,VOTV 280940Z AUTO 00000KT 30/21 A2983 RMK T03000210 IEM_DS3505,M
VOTV,2002-12-28 12:40,76.9500,8.4667,82.40,69.80,65.74,0.00,0.00,M,29.85,M,2.50,M,M,M,M,M,M,M,M,M,M,M,M,M,M,M,M,86.22,VOTV 281240Z AUTO 00000KT 2 1/2SM 28/21 A2985 RMK T02800210 IEM_DS3505,M
VOTV,2002-12-28 13:40,76.9500,8.4667,82.40,68.00,61.81,0.00,0.00,M,29.88,M,2.50,M,M,M,M,M,M,M,M,M,M,M,M,M,M,M,M,85.38,VOTV 281340Z AUTO 00000KT 2 1/2SM 28/20 A2988 RMK T02800200 IEM_DS3505,M
VOTV,2002-12-28 15:40,76.9500,8.4667,80.60,68.00,65.54,0.00,0.00,M,29.91,M,2.00,M,M,M,M,M,M,M,M,M,M,M,M,M,M,M,M,83.29,VOTV 281540Z AUTO 00000KT 2SM 27/20 A2991 RMK T02700200 IEM_DS3505,M
VOTV,2002-12-28 23:40,76.9500,8.4667,73.40,68.00,83.21,0.00,0.00,M,29.88,M,2.00,M,M,M,M,M,M,M,M,M,M,M,M,M,M,M,M,73.40,VOTV 282340Z AUTO 00000KT 2SM 23/20 A2988 RMK T02300200 IEM_DS3505,M
VOTV,2002-12-29 01:40,76.9500,8.4667,75.20,64.40,69.14,0.00,0.00,M,29.94,M,2.00,M,M,M,M,M,M,M,M,M,M,M,M,M,M,M,M,75.20,VOTV 290140Z AUTO 00000KT 2SM 24/18 A2994 RMK T02400180 IEM_DS3505,M
VOTV,2002-12-29 02:40,76.9500,8.4667,77.00,66.20,69.33,0.00,0.00,M,29.97,M,2.00,M,M,M,M,M,M,M,M,M,M,M,M,M,M,M,M,77.00,VOTV 290240Z AUTO 00000KT 2SM 25/19 A2997 RMK T02500190 IEM_DS3505,M
VOTV,2002-12-29 03:40,76.9500,8.4667,80.60,66.20,61.58,0.00,0.00,M,30.00,M,2.00,M,M,M,M,M,M,M,M,M,M,M,M,M,M,M,M,82.75,VOTV 290340Z AUTO 00000KT 2SM 27/19 A3000 RMK T02700190 IEM_DS3505,M
VOTV,2002-12-29 04:40,76.9500,8.4667,82.40,68.00,61.81,0.00,0.00,M,30.00,M,1.50,M,M,M,M,M,M,M,M,M,M,M,M,M,M,M,M,85.38,VOTV 290440Z AUTO 00000KT 1 1/2SM 28/20 A3000 RMK T02800200 IEM_DS3505,M
VOTV,2002-12-29 05:40,76.9500,8.4667,84.20,69.80,62.03,0.00,0.00,M,30.00,M,2.00,M,M,M,M,M,M,M,M,M,M,M,M,M,M,M,M,88.43,VOTV 290540Z AUTO 00000KT 2SM 29/21 A3000 RMK T02900210 IEM_DS3505,M
VOTV,2002-12-29 06:40,76.9500,8.4667,84.20,69.80,62.03,0.00,0.00,M,29.97,M,2.50,M,M,M,M,M,M,M,M,M,M,M,M,M,M,M,M,88.43,VOTV 290640Z AUTO 00000KT 2 1/2SM 29/21 A2997 RMK T02900210 IEM_DS3505,M
VOTV,2002-12-29 07:40,76.9500,8.4667,84.20,69.80,62.03,260.00,6.00,M,29.91,M,M,M,M,M,M,M,M,M,M,M,M,M,M,M,M,M,M,88.43,VOTV 290740Z AUTO 26006KT 29/21 A2991 RMK T02900210 IEM_DS3505,M
VOTV,2002-12-29 08:40,76.9500,8.4667,86.00,69.80,58.55,270.00,7.00,M,29.88,M,M,M,M,M,M,M,M,M,M,M,M,M,M,M,M,M,M,90.58,VOTV 290840Z AUTO 27007KT 30/21 A2988 RMK T03000210 IEM_DS3505,M
VOTV,2002-12-29 10:40,76.9500,8.4667,84.20,68.00,58.32,270.00,6.00,M,29.85,M,M,M,M,M,M,M,M,M,M,M,M,M,M,M,M,M,M,87.40,VOTV 291040Z AUTO 27006KT 29/20 A2985 RMK T02900200 IEM_DS3505,M
VOTV,2002-12-29 15:40,76.9500,8.4667,78.80,69.80,73.95,0.00,0.00,M,29.94,M,2.00,M,M,M,M,M,M,M,M,M,M,M,M,M,M,M,M,81.39,VOTV 291540Z AUTO 00000KT 2SM 26/21 A2994 RMK T02600210 IEM_DS3505,M
VOTV,2002-12-29 16:40,76.9500,8.4667,80.60,69.80,69.71,0.00,0.00,M,29.94,M,2.00,M,M,M,M,M,M,M,M,M,M,M,M,M,M,M,M,83.90,VOTV 291640Z AUTO 00000KT 2SM 27/21 A2994 RMK T02700210 IEM_DS3505,M
VOTV,2002-12-29 17:40,76.9500,8.4667,78.80,69.80,73.95,0.00,0.00,M,29.94,M,2.00,M,M,M,M,M,M,M,M,M,M,M,M,M,M,M,M,81.39,VOTV 291740Z AUTO 00000KT 2SM 26/21 A2994 RMK T02600210 IEM_DS3505,M
VOTV,2002-12-29 23:40,76.9500,8.4667,77.00,69.80,78.48,0.00,0.00,M,29.91,M,2.00,M,M,M,M,M,M,M,M,M,M,M,M,M,M,M,M,78.09,VOTV 292340Z AUTO 00000KT 2SM 25/21 A2991 RMK T02500210 IEM_DS3505,M
VOTV,2002-12-30 00:40,76.9500,8.4667,77.00,69.80,78.48,0.00,0.00,M,29.94,M,2.00,M,M,M,M,M,M,M,M,M,M,M,M,M,M,M,M,78.09,VOTV 300040Z AUTO 00000KT 2SM 25/21 A2994 RMK T02500210 IEM_DS3505,M
VOTV,2002-12-30 03:40,76.9500,8.4667,80.60,68.00,65.54,0.00,0.00,M,30.00,M,2.00,M,M,M,M,M,M,M,M,M,M,M,M,M,M,M,M,83.29,VOTV 300340Z AUTO 00000KT 2SM 27/20 A3000 RMK T02700200 IEM_DS3505,M
VOTV,2002-12-30 04:40,76.9500,8.4667,84.20,68.00,58.32,0.00,0.00,M,30.00,M,M,M,M,M,M,M,M,M,M,M,M,M,M,M,M,M,M,87.40,VOTV 300440Z AUTO 00000KT 29/20 A3000 RMK T02900200 IEM_DS3505,M
VOTV,2002-12-30 05:40,76.9500,8.4667,84.20,66.20,54.80,0.00,0.00,M,30.00,M,M,M,M,M,M,M,M,M,M,M,M,M,M,M,M,M,M,86.50,VOTV 300540Z AUTO 00000KT 29/19 A3000 RMK T02900190 IEM_DS3505,M
VOTV,2002-12-30 06:40,76.9500,8.4667,M,M,M,0.00,0.00,M,M,M,4.00,M,M,M,M,M,M,M,M,M,M,M,M,M,M,M,M,M,VOTV 300640Z AUTO 00000KT 4SM RMK IEM_DS3505,M
VOTV,2002-12-30 07:40,76.9500,8.4667,M,M,M,0.00,0.00,M,M,M,4.00,M,M,M,M,M,M,M,M,M,M,M,M,M,M,M,M,M,VOTV 300740Z AUTO 00000KT 4SM RMK IEM_DS3505,M
VOTV,2002-12-30 12:40,76.9500,8.4667,84.20,68.00,58.32,300.00,7.00,M,29.88,M,3.00,M,M,M,M,M,M,M,M,M,M,M,M,M,M,M,M,87.40,VOTV 301240Z AUTO 30007KT 3SM 29/20 A2988 RMK T02900200 IEM_DS3505,M
VOTV,2002-12-30 23:40,76.9500,8.4667,73.40,69.80,88.51,0.00,0.00,M,29.88,M,1.50,M,M,M,M,M,M,M,M,M,M,M,M,M,M,M,M,74.60,VOTV 302340Z AUTO 00000KT 1 1/2SM 23/21 A2988 RMK T02300210 IEM_DS3505,M
